 5.00000000E-01
 5.00000000E-01
 5.00000000E-01
 2.50000000E-01
 5.00000000E-01
 5.00000000E-01
 7.50000000E-01
 5.00000000E-01
 5.00000000E-01
 5.00000000E-01
 5.00000000E-01
 2.50000000E-01
 5.00000000E-01
 2.50000000E-01
 5.00000000E-01
 5.00000000E-01
 7.50000000E-01
 2.50000000E-01
 3.75000000E-01
 5.00000000E-01
 5.00000000E-01
 1.25000000E-01
 5.00000000E-01
 5.00000000E-01
 8.75000000E-01
 5.00000000E-01
 5.00000000E-01
 2.50000000E-01
 2.50000000E-01
 5.00000000E-01
 7.50000000E-01
 2.50000000E-01
 5.00000000E-01
 6.25000000E-01
 5.00000000E-01
 5.00000000E-01
 5.00000000E-01
 2.50000000E-01
 7.50000000E-01
 2.50000000E-01
 5.00000000E-01
 2.50000000E-01
 7.50000000E-01
 5.00000000E-01
 2.50000000E-01
 5.00000000E-01
 2.50000000E-01
 2.50000000E-01
 5.00000000E-01
 5.00000000E-01
 3.75000000E-01
 5.00000000E-01
 1.25000000E-01
 5.00000000E-01
 5.00000000E-01
 5.00000000E-01
 1.25000000E-01
 5.00000000E-01
 3.75000000E-01
 5.00000000E-01
 2.50000000E-01
 7.50000000E-01
 2.50000000E-01
 7.50000000E-01
 7.50000000E-01
 2.50000000E-01
 3.12500000E-01
 5.00000000E-01
 5.00000000E-01
 5.00000000E-01
 7.50000000E-01
 1.25000000E-01
 5.00000000E-01
 6.25000000E-01
 2.50000000E-01
 4.37500000E-01
 5.00000000E-01
 5.00000000E-01
 3.75000000E-01
 2.50000000E-01
 5.00000000E-01
 6.25000000E-02
 5.00000000E-01
 5.00000000E-01
 3.75000000E-01
 5.00000000E-01
 2.50000000E-01
 1.87500000E-01
 5.00000000E-01
 5.00000000E-01
 1.25000000E-01
 2.50000000E-01
 5.00000000E-01
 9.37500000E-01
 5.00000000E-01
 5.00000000E-01
 8.12500000E-01
 5.00000000E-01
 5.00000000E-01
 1.25000000E-01
 5.00000000E-01
 2.50000000E-01
 2.50000000E-01
 1.25000000E-01
 5.00000000E-01
 8.75000000E-01
 2.50000000E-01
 5.00000000E-01
 2.50000000E-01
 3.75000000E-01
 5.00000000E-01
 8.75000000E-01
 5.00000000E-01
 2.50000000E-01
 2.50000000E-01
 2.50000000E-01
 2.50000000E-01
 2.50000000E-01
 2.50000000E-01
 7.50000000E-01
 7.50000000E-01
 2.50000000E-01
 2.50000000E-01
 7.50000000E-01
 3.75000000E-01
 5.00000000E-01
 7.50000000E-01
 1.25000000E-01
 5.00000000E-01
 6.25000000E-01
 2.50000000E-01
 5.00000000E-01
 7.50000000E-01
 2.50000000E-01
 7.50000000E-01
 6.87500000E-01
 5.00000000E-01
 5.00000000E-01
 6.25000000E-01
 5.00000000E-01
 2.50000000E-01
 5.62500000E-01
 5.00000000E-01
 5.00000000E-01
 5.00000000E-01
 1.25000000E-01
 7.50000000E-01
 2.50000000E-01
 5.00000000E-01
 1.25000000E-01
 7.50000000E-01
 5.00000000E-01
 1.25000000E-01
 5.00000000E-01
 2.50000000E-01
 6.25000000E-01
 2.50000000E-01
 5.00000000E-01
 3.75000000E-01
 7.50000000E-01
 5.00000000E-01
 3.75000000E-01
 5.00000000E-01
 1.25000000E-01
 2.50000000E-01
 5.00000000E-01
 3.75000000E-01
 2.50000000E-01
 5.00000000E-01
 2.50000000E-01
 1.25000000E-01
 5.00000000E-01
 5.00000000E-01
 3.12500000E-01
 5.00000000E-01
 2.50000000E-01
 3.75000000E-01
 5.00000000E-01
 5.00000000E-01
 4.37500000E-01
 5.00000000E-01
 6.25000000E-02
 5.00000000E-01
 5.00000000E-01
 1.87500000E-01
 5.00000000E-01
 5.00000000E-01
 5.00000000E-01
 6.25000000E-02
 5.00000000E-01
 5.00000000E-01
 1.87500000E-01
 5.00000000E-01
 3.12500000E-01
 5.00000000E-01
 5.00000000E-01
 4.37500000E-01
 5.00000000E-01
 1.25000000E-01
 7.50000000E-01
 2.50000000E-01
 3.75000000E-01
 7.50000000E-01
 2.50000000E-01
 2.50000000E-01
 6.25000000E-01
 2.50000000E-01
 5.00000000E-01
 8.75000000E-01
 1.25000000E-01
 6.25000000E-01
 7.50000000E-01
 2.50000000E-01
 8.75000000E-01
 7.50000000E-01
 2.50000000E-01
 7.50000000E-01
 6.25000000E-01
 2.50000000E-01
 5.00000000E-01
 6.87500000E-01
 2.50000000E-01
 2.50000000E-01
 7.50000000E-01
 1.25000000E-01
 5.00000000E-01
 6.25000000E-01
 3.75000000E-01
 5.00000000E-01
 5.62500000E-01
 2.50000000E-01
 7.50000000E-01
 7.50000000E-01
 1.25000000E-01
 3.12500000E-01
 2.50000000E-01
 5.00000000E-01
 5.00000000E-01
 6.25000000E-01
 1.25000000E-01
 5.00000000E-01
 7.50000000E-01
 6.25000000E-02
 3.12500000E-01
 5.00000000E-01
 2.50000000E-01
 5.00000000E-01
 7.50000000E-01
 1.87500000E-01
 3.75000000E-01
 2.50000000E-01
 7.50000000E-01
 4.37500000E-01
 5.00000000E-01
 2.50000000E-01
 4.37500000E-01
 2.50000000E-01
 5.00000000E-01
 3.75000000E-01
 1.25000000E-01
 5.00000000E-01
 3.75000000E-01
 2.50000000E-01
 2.50000000E-01
 3.75000000E-01
 3.75000000E-01
 5.00000000E-01
 3.12500000E-02
 5.00000000E-01
 5.00000000E-01
 6.25000000E-02
 2.50000000E-01
 5.00000000E-01
 6.25000000E-02
 5.00000000E-01
 2.50000000E-01
 3.75000000E-01
 5.00000000E-01
 1.25000000E-01
 1.25000000E-01
 2.50000000E-01
 7.50000000E-01
 3.75000000E-01
 5.00000000E-01
 3.75000000E-01
 1.87500000E-01
 2.50000000E-01
 5.00000000E-01
 1.87500000E-01
 5.00000000E-01
 2.50000000E-01
 9.68750000E-01
 5.00000000E-01
 5.00000000E-01
 1.25000000E-01
 1.25000000E-01
 5.00000000E-01
 1.25000000E-01
 3.75000000E-01
 5.00000000E-01
 9.37500000E-01
 2.50000000E-01
 5.00000000E-01
 1.25000000E-01
 2.50000000E-01
 2.50000000E-01
 9.37500000E-01
 5.00000000E-01
 2.50000000E-01
 8.12500000E-01
 2.50000000E-01
 5.00000000E-01
 8.12500000E-01
 5.00000000E-01
 2.50000000E-01
 8.75000000E-01
 2.50000000E-01
 7.50000000E-01
 1.25000000E-01
 5.00000000E-01
 1.25000000E-01
 2.50000000E-01
 6.25000000E-02
 5.00000000E-01
 2.50000000E-01
 1.87500000E-01
 5.00000000E-01
 1.25000000E-01
 5.00000000E-01
 3.75000000E-01
 2.50000000E-01
 1.25000000E-01
 2.50000000E-01
 2.50000000E-01
 1.25000000E-01
 7.50000000E-01
 8.75000000E-01
 1.25000000E-01
 5.00000000E-01
 8.75000000E-01
 2.50000000E-01
 2.50000000E-01
 8.75000000E-01
 3.75000000E-01
 5.00000000E-01
 2.50000000E-01
 3.12500000E-01
 5.00000000E-01
 2.50000000E-01
 3.75000000E-01
 2.50000000E-01
 2.50000000E-01
 4.37500000E-01
 5.00000000E-01
 2.50000000E-01
 2.50000000E-01
 1.25000000E-01
 8.75000000E-01
 5.00000000E-01
 1.25000000E-01
 8.75000000E-01
 5.00000000E-01
 3.75000000E-01
 2.50000000E-01
 2.50000000E-01
 6.25000000E-01
 6.25000000E-01
 2.50000000E-01
 2.50000000E-01
 2.50000000E-01
 2.50000000E-01
 3.75000000E-01
 7.50000000E-01
 1.25000000E-01
 2.50000000E-01
 7.50000000E-01
 3.75000000E-01
 2.50000000E-01
 7.50000000E-01
 2.50000000E-01
 1.25000000E-01
 7.50000000E-01
 2.50000000E-01
 3.75000000E-01
 6.25000000E-01
 3.75000000E-01
 5.00000000E-01
 7.50000000E-01
 3.12500000E-01
 5.00000000E-01
 7.50000000E-01
 4.37500000E-01
 5.00000000E-01
 7.50000000E-01
 6.25000000E-02
 5.00000000E-01
 7.50000000E-01
 1.87500000E-01
 5.00000000E-01
 7.50000000E-01
 1.25000000E-01
 7.50000000E-01
 6.25000000E-01
 2.50000000E-01
 7.50000000E-01
 5.62500000E-01
 2.50000000E-01
 5.00000000E-01
 6.87500000E-01
 2.50000000E-01
 5.00000000E-01
 6.87500000E-01
 5.00000000E-01
 2.50000000E-01
 5.00000000E-01
 2.50000000E-01
 5.62500000E-01
 5.00000000E-01
 1.25000000E-01
 8.75000000E-01
 5.00000000E-01
 2.50000000E-01
 6.87500000E-01
 7.50000000E-01
 2.50000000E-01
 6.25000000E-01
 5.62500000E-01
 5.00000000E-01
 2.50000000E-01
 5.00000000E-01
 3.75000000E-01
 6.25000000E-01
 6.25000000E-01
 5.00000000E-01
 3.75000000E-01
 5.00000000E-01
 1.87500000E-01
 7.50000000E-01
 2.50000000E-01
 5.00000000E-01
 6.25000000E-02
 5.00000000E-01
 1.25000000E-01
 6.25000000E-01
 2.50000000E-01
 5.00000000E-01
 1.87500000E-01
 7.50000000E-01
 5.00000000E-01
 6.25000000E-02
 2.50000000E-01
 5.00000000E-01
 3.12500000E-01
 7.50000000E-01
 5.00000000E-01
 1.87500000E-01
 5.00000000E-01
 6.25000000E-02
 7.50000000E-01
 5.00000000E-01
 6.25000000E-02
 2.50000000E-01
 2.50000000E-01
 5.00000000E-01
 4.37500000E-01
 7.50000000E-01
 5.00000000E-01
 3.12500000E-01
 7.50000000E-01
 5.00000000E-01
 4.37500000E-01
 5.00000000E-01
 1.87500000E-01
 2.50000000E-01
 5.00000000E-01
 1.25000000E-01
 1.25000000E-01
 5.00000000E-01
 1.25000000E-01
 3.75000000E-01
 5.00000000E-01
 3.12500000E-01
 2.50000000E-01
 5.00000000E-01
 4.37500000E-01
 2.50000000E-01
 5.00000000E-01
 3.75000000E-01
 1.25000000E-01
 5.00000000E-01
 2.50000000E-01
 6.25000000E-02
 5.00000000E-01
 3.75000000E-01
 3.75000000E-01
 5.00000000E-01
 2.50000000E-01
 1.87500000E-01
 5.00000000E-01
 2.50000000E-01
 3.12500000E-01
 5.00000000E-01
 5.00000000E-01
 2.81250000E-01
 5.00000000E-01
 2.50000000E-01
 4.37500000E-01
 5.00000000E-01
 5.00000000E-01
 3.43750000E-01
 5.00000000E-01
 5.00000000E-01
 4.06250000E-01
 5.00000000E-01
 3.12500000E-02
 5.00000000E-01
 5.00000000E-01
 5.00000000E-01
 4.68750000E-01
 5.00000000E-01
 9.37500000E-02
 5.00000000E-01
 5.00000000E-01
 1.56250000E-01
 5.00000000E-01
 5.00000000E-01
 5.00000000E-01
 3.12500000E-02
 5.00000000E-01
 5.00000000E-01
 1.56250000E-01
 5.00000000E-01
 5.00000000E-01
 9.37500000E-02
 5.00000000E-01
 2.18750000E-01
 5.00000000E-01
 5.00000000E-01
 5.00000000E-01
 2.18750000E-01
 5.00000000E-01
 2.81250000E-01
 5.00000000E-01
 5.00000000E-01
 4.68750000E-01
 5.00000000E-01
 5.00000000E-01
 3.43750000E-01
 5.00000000E-01
 5.00000000E-01
 4.06250000E-01
 5.00000000E-01
 6.25000000E-02
 7.50000000E-01
 2.50000000E-01
 3.12500000E-01
 7.50000000E-01
 2.50000000E-01
 4.37500000E-01
 7.50000000E-01
 2.50000000E-01
 1.25000000E-01
 6.25000000E-01
 2.50000000E-01
 1.25000000E-01
 7.50000000E-01
 1.25000000E-01
 2.50000000E-01
 5.62500000E-01
 2.50000000E-01
 3.75000000E-01
 6.25000000E-01
 2.50000000E-01
 3.75000000E-01
 7.50000000E-01
 1.25000000E-01
 2.50000000E-01
 6.87500000E-01
 2.50000000E-01
 2.50000000E-01
 8.75000000E-01
 1.25000000E-01
 2.50000000E-01
 6.25000000E-01
 3.75000000E-01
 2.50000000E-01
 6.25000000E-01
 1.25000000E-01
 7.50000000E-01
 8.75000000E-01
 1.25000000E-01
 5.00000000E-01
 8.12500000E-01
 1.25000000E-01
 6.25000000E-01
 6.25000000E-01
 2.50000000E-01
 5.62500000E-01
 7.50000000E-01
 2.50000000E-01
 6.87500000E-01
 7.50000000E-01
 2.50000000E-01
 8.75000000E-01
 6.25000000E-01
 2.50000000E-01
 7.50000000E-01
 5.62500000E-01
 2.50000000E-01
 8.12500000E-01
 7.50000000E-01
 2.50000000E-01
 7.50000000E-01
 6.87500000E-01
 2.50000000E-01
 9.37500000E-01
 7.50000000E-01
 2.50000000E-01
 5.00000000E-01
 8.75000000E-01
 6.25000000E-02
 5.00000000E-01
 5.31250000E-01
 2.50000000E-01
 5.00000000E-01
 5.93750000E-01
 2.50000000E-01
 5.00000000E-01
 6.56250000E-01
 2.50000000E-01
 5.00000000E-01
 7.18750000E-01
 2.50000000E-01
 6.25000000E-01
 7.50000000E-01
 1.25000000E-01
 8.75000000E-01
 7.50000000E-01
 1.25000000E-01
 7.50000000E-01
 6.25000000E-01
 3.75000000E-01
 7.50000000E-01
 6.25000000E-01
 1.25000000E-01
 5.00000000E-01
 6.87500000E-01
 1.25000000E-01
 2.50000000E-01
 7.50000000E-01
 6.25000000E-02
 2.50000000E-01
 7.50000000E-01
 1.87500000E-01
 5.00000000E-01
 6.25000000E-01
 3.12500000E-01
 5.00000000E-01
 5.62500000E-01
 1.25000000E-01
 5.00000000E-01
 5.62500000E-01
 3.75000000E-01
 2.81250000E-01
 2.50000000E-01
 5.00000000E-01
 2.81250000E-01
 5.00000000E-01
 2.50000000E-01
 3.12500000E-01
 2.50000000E-01
 7.50000000E-01
 3.43750000E-01
 2.50000000E-01
 5.00000000E-01
 7.50000000E-01
 7.50000000E-01
 6.25000000E-02
 3.12500000E-01
 2.50000000E-01
 2.50000000E-01
 7.50000000E-01
 7.50000000E-01
 1.87500000E-01
 3.12500000E-01
 3.75000000E-01
 5.00000000E-01
 5.00000000E-01
 6.25000000E-01
 6.25000000E-02
 4.37500000E-01
 2.50000000E-01
 7.50000000E-01
 5.00000000E-01
 6.25000000E-01
 1.87500000E-01
 5.00000000E-01
 7.50000000E-01
 3.12500000E-02
 5.00000000E-01
 7.50000000E-01
 9.37500000E-02
 3.12500000E-01
 5.00000000E-01
 1.25000000E-01
 3.12500000E-01
 5.00000000E-01
 3.75000000E-01
 5.00000000E-01
 7.50000000E-01
 1.56250000E-01
 3.75000000E-01
 1.25000000E-01
 7.50000000E-01
 5.00000000E-01
 7.50000000E-01
 2.18750000E-01
 3.75000000E-01
 2.50000000E-01
 6.25000000E-01
 4.68750000E-01
 2.50000000E-01
 5.00000000E-01
 4.37500000E-01
 2.50000000E-01
 2.50000000E-01
 4.06250000E-01
 2.50000000E-01
 5.00000000E-01
 3.75000000E-01
 6.25000000E-02
 5.00000000E-01
 4.37500000E-01
 5.00000000E-01
 3.75000000E-01
 4.37500000E-01
 3.75000000E-01
 5.00000000E-01
 3.75000000E-01
 3.75000000E-01
 2.50000000E-01
 3.75000000E-01
 3.12500000E-01
 5.00000000E-01
 3.75000000E-01
 2.50000000E-01
 1.25000000E-01
 3.75000000E-01
 2.50000000E-01
 3.75000000E-01
 3.75000000E-01
 4.37500000E-01
 5.00000000E-01
 9.37500000E-02
 2.50000000E-01
 5.00000000E-01
 1.56250000E-02
 5.00000000E-01
 5.00000000E-01
 9.37500000E-02
 5.00000000E-01
 2.50000000E-01
 3.12500000E-02
 2.50000000E-01
 5.00000000E-01
 6.25000000E-02
 2.50000000E-01
 7.50000000E-01
 3.12500000E-02
 5.00000000E-01
 2.50000000E-01
 6.25000000E-02
 1.25000000E-01
 5.00000000E-01
 6.25000000E-02
 2.50000000E-01
 2.50000000E-01
 6.25000000E-02
 3.75000000E-01
 5.00000000E-01
 1.87500000E-01
 2.50000000E-01
 7.50000000E-01
 6.25000000E-02
 5.00000000E-01
 1.25000000E-01
 6.25000000E-02
 5.00000000E-01
 3.75000000E-01
 1.25000000E-01
 2.50000000E-01
 6.25000000E-01
 3.75000000E-01
 5.00000000E-01
 1.87500000E-01
 1.25000000E-01
 1.25000000E-01
 7.50000000E-01
 3.75000000E-01
 5.00000000E-01
 3.12500000E-01
 3.75000000E-01
 5.00000000E-01
 4.37500000E-01
 1.56250000E-01
 2.50000000E-01
 5.00000000E-01
 1.56250000E-01
 5.00000000E-01
 2.50000000E-01
 2.18750000E-01
 2.50000000E-01
 5.00000000E-01
 2.18750000E-01
 5.00000000E-01
 2.50000000E-01
 1.87500000E-01
 3.75000000E-01
 5.00000000E-01
 1.87500000E-01
 2.50000000E-01
 2.50000000E-01
 9.06250000E-01
 2.50000000E-01
 5.00000000E-01
 9.68750000E-01
 2.50000000E-01
 5.00000000E-01
 9.84375000E-01
 5.00000000E-01
 5.00000000E-01
 1.87500000E-01
 5.00000000E-01
 1.25000000E-01
 1.87500000E-01
 5.00000000E-01
 3.75000000E-01
 9.68750000E-01
 5.00000000E-01
 2.50000000E-01
 1.25000000E-01
 6.25000000E-02
 5.00000000E-01
 1.25000000E-01
 1.87500000E-01
 5.00000000E-01
 1.25000000E-01
 1.25000000E-01
 2.50000000E-01
 8.43750000E-01
 2.50000000E-01
 5.00000000E-01
 7.81250000E-01
 2.50000000E-01
 5.00000000E-01
 1.25000000E-01
 3.12500000E-01
 5.00000000E-01
 1.25000000E-01
 3.75000000E-01
 2.50000000E-01
 1.25000000E-01
 4.37500000E-01
 5.00000000E-01
 9.37500000E-01
 1.25000000E-01
 5.00000000E-01
 9.37500000E-01
 2.50000000E-01
 2.50000000E-01
 9.37500000E-01
 3.75000000E-01
 5.00000000E-01
 1.25000000E-01
 2.50000000E-01
 1.25000000E-01
 9.37500000E-01
 2.50000000E-01
 7.50000000E-01
 1.25000000E-01
 2.50000000E-01
 3.75000000E-01
 8.12500000E-01
 2.50000000E-01
 7.50000000E-01
 9.37500000E-01
 5.00000000E-01
 1.25000000E-01
 9.37500000E-01
 5.00000000E-01
 3.75000000E-01
 8.12500000E-01
 3.75000000E-01
 5.00000000E-01
 8.12500000E-01
 2.50000000E-01
 2.50000000E-01
 8.75000000E-01
 2.50000000E-01
 6.25000000E-01
 8.12500000E-01
 5.00000000E-01
 3.75000000E-01
 8.75000000E-01
 1.25000000E-01
 7.50000000E-01
 1.25000000E-01
 5.00000000E-01
 6.25000000E-02
 2.50000000E-01
 3.12500000E-02
 5.00000000E-01
 1.25000000E-01
 5.00000000E-01
 1.87500000E-01
 2.50000000E-01
 9.37500000E-02
 5.00000000E-01
 2.50000000E-01
 6.25000000E-02
 2.50000000E-01
 2.50000000E-01
 1.56250000E-01
 5.00000000E-01
 2.50000000E-01
 2.18750000E-01
 5.00000000E-01
 2.50000000E-01
 1.87500000E-01
 2.50000000E-01
 2.50000000E-01
 1.87500000E-01
 7.50000000E-01
 2.50000000E-01
 6.25000000E-02
 7.50000000E-01
 1.25000000E-01
 5.00000000E-01
 3.12500000E-01
 2.50000000E-01
 1.25000000E-01
 1.25000000E-01
 1.25000000E-01
 5.00000000E-01
 4.37500000E-01
 2.50000000E-01
 1.25000000E-01
 8.75000000E-01
 2.50000000E-01
 1.25000000E-01
 6.25000000E-01
 2.50000000E-01
 1.25000000E-01
 3.75000000E-01
 8.75000000E-01
 1.25000000E-01
 2.50000000E-01
 8.75000000E-01
 6.25000000E-02
 5.00000000E-01
 8.75000000E-01
 1.87500000E-01
 5.00000000E-01
 8.75000000E-01
 3.75000000E-01
 2.50000000E-01
 8.75000000E-01
 2.50000000E-01
 1.25000000E-01
 8.75000000E-01
 3.12500000E-01
 5.00000000E-01
 8.75000000E-01
 2.50000000E-01
 3.75000000E-01
 8.75000000E-01
 4.37500000E-01
 5.00000000E-01
 2.50000000E-01
 3.75000000E-01
 6.25000000E-01
 2.50000000E-01
 2.81250000E-01
 5.00000000E-01
 2.50000000E-01
 3.43750000E-01
 5.00000000E-01
 2.50000000E-01
 3.12500000E-01
 2.50000000E-01
 2.50000000E-01
 2.50000000E-01
 5.62500000E-01
 2.50000000E-01
 2.50000000E-01
 6.87500000E-01
 2.50000000E-01
 3.75000000E-01
 1.25000000E-01
 2.50000000E-01
 4.37500000E-01
 2.50000000E-01
 2.50000000E-01
 2.50000000E-01
 6.25000000E-02
 2.50000000E-01
 4.68750000E-01
 5.00000000E-01
 2.50000000E-01
 3.75000000E-01
 3.75000000E-01
 2.50000000E-01
 4.06250000E-01
 5.00000000E-01
 2.50000000E-01
 2.50000000E-01
 1.87500000E-01
 8.75000000E-01
 5.00000000E-01
 6.25000000E-02
 8.75000000E-01
 5.00000000E-01
 1.87500000E-01
 5.62500000E-01
 2.50000000E-01
 2.50000000E-01
 6.87500000E-01
 2.50000000E-01
 2.50000000E-01
 8.75000000E-01
 5.00000000E-01
 4.37500000E-01
 8.75000000E-01
 5.00000000E-01
 3.12500000E-01
 6.25000000E-01
 3.75000000E-01
 2.50000000E-01
 7.50000000E-01
 6.25000000E-02
 2.50000000E-01
 2.50000000E-01
 2.50000000E-01
 3.12500000E-01
 7.50000000E-01
 1.87500000E-01
 2.50000000E-01
 6.25000000E-01
 2.50000000E-01
 3.75000000E-01
 2.50000000E-01
 2.50000000E-01
 4.37500000E-01
 7.50000000E-01
 1.25000000E-01
 1.25000000E-01
 7.50000000E-01
 1.25000000E-01
 3.75000000E-01
 7.50000000E-01
 3.12500000E-01
 2.50000000E-01
 7.50000000E-01
 3.75000000E-01
 3.75000000E-01
 7.50000000E-01
 2.50000000E-01
 6.25000000E-02
 7.50000000E-01
 4.37500000E-01
 2.50000000E-01
 7.50000000E-01
 3.75000000E-01
 1.25000000E-01
 7.50000000E-01
 2.50000000E-01
 1.87500000E-01
 7.50000000E-01
 2.50000000E-01
 3.12500000E-01
 5.62500000E-01
 3.75000000E-01
 5.00000000E-01
 7.50000000E-01
 2.50000000E-01
 4.37500000E-01
 6.87500000E-01
 3.75000000E-01
 5.00000000E-01
 6.25000000E-01
 3.12500000E-01
 5.00000000E-01
 6.25000000E-01
 4.37500000E-01
 5.00000000E-01
 7.50000000E-01
 3.75000000E-01
 6.25000000E-01
 7.50000000E-01
 3.43750000E-01
 5.00000000E-01
 7.50000000E-01
 2.81250000E-01
 5.00000000E-01
 6.25000000E-01
 1.25000000E-01
 7.50000000E-01
 6.25000000E-01
 6.25000000E-02
 5.00000000E-01
 7.50000000E-01
 4.68750000E-01
 5.00000000E-01
 5.62500000E-01
 2.50000000E-01
 7.50000000E-01
 7.50000000E-01
 4.06250000E-01
 5.00000000E-01
 7.50000000E-01
 3.12500000E-02
 5.00000000E-01
 7.50000000E-01
 9.37500000E-02
 5.00000000E-01
 7.50000000E-01
 6.25000000E-02
 7.50000000E-01
 6.87500000E-01
 2.50000000E-01
 7.50000000E-01
 6.25000000E-01
 2.50000000E-01
 6.25000000E-01
 7.50000000E-01
 1.56250000E-01
 5.00000000E-01
 7.50000000E-01
 2.18750000E-01
 5.00000000E-01
 7.50000000E-01
 1.87500000E-01
 7.50000000E-01
 7.50000000E-01
 2.50000000E-01
 5.62500000E-01
 7.50000000E-01
 2.50000000E-01
 6.87500000E-01
 7.50000000E-01
 1.25000000E-01
 8.75000000E-01
 7.50000000E-01
 1.25000000E-01
 6.25000000E-01
 5.31250000E-01
 2.50000000E-01
 5.00000000E-01
 6.56250000E-01
 2.50000000E-01
 5.00000000E-01
 5.93750000E-01
 2.50000000E-01
 5.00000000E-01
 7.18750000E-01
 2.50000000E-01
 5.00000000E-01
 5.00000000E-01
 2.50000000E-01
 5.31250000E-01
 5.00000000E-01
 2.50000000E-01
 5.93750000E-01
 6.87500000E-01
 5.00000000E-01
 3.75000000E-01
 5.00000000E-01
 2.50000000E-01
 7.18750000E-01
 5.00000000E-01
 1.25000000E-01
 5.62500000E-01
 5.00000000E-01
 3.75000000E-01
 5.62500000E-01
 5.00000000E-01
 2.50000000E-01
 6.56250000E-01
 5.00000000E-01
 1.25000000E-01
 8.12500000E-01
 5.00000000E-01
 6.25000000E-02
 8.75000000E-01
 5.00000000E-01
 1.25000000E-01
 6.87500000E-01
 5.00000000E-01
 3.12500000E-01
 6.25000000E-01
 5.62500000E-01
 5.00000000E-01
 3.75000000E-01
 6.25000000E-01
 5.00000000E-01
 4.37500000E-01
 6.25000000E-01
 5.00000000E-01
 3.12500000E-01
 5.00000000E-01
 1.56250000E-01
 7.50000000E-01
 5.00000000E-01
 2.18750000E-01
 7.50000000E-01
 5.00000000E-01
 1.87500000E-01
 6.25000000E-01
 2.50000000E-01
 5.00000000E-01
 3.12500000E-02
 2.50000000E-01
 5.00000000E-01
 9.37500000E-02
 5.00000000E-01
 6.25000000E-02
 6.25000000E-01
 2.50000000E-01
 5.00000000E-01
 1.56250000E-01
 2.50000000E-01
 5.00000000E-01
 2.18750000E-01
 7.50000000E-01
 5.00000000E-01
 3.12500000E-02
 7.50000000E-01
 5.00000000E-01
 9.37500000E-02
 2.50000000E-01
 5.00000000E-01
 3.43750000E-01
 2.50000000E-01
 5.00000000E-01
 2.81250000E-01
 7.50000000E-01
 5.00000000E-01
 1.56250000E-01
 5.00000000E-01
 3.12500000E-02
 7.50000000E-01
 7.50000000E-01
 5.00000000E-01
 2.18750000E-01
 5.00000000E-01
 3.12500000E-02
 2.50000000E-01
 5.00000000E-01
 9.37500000E-02
 2.50000000E-01
 5.00000000E-01
 6.25000000E-02
 1.25000000E-01
 5.00000000E-01
 6.25000000E-02
 3.75000000E-01
 2.50000000E-01
 5.00000000E-01
 4.68750000E-01
 2.50000000E-01
 5.00000000E-01
 4.06250000E-01
 7.50000000E-01
 5.00000000E-01
 2.81250000E-01
 5.00000000E-01
 9.37500000E-02
 7.50000000E-01
 7.50000000E-01
 5.00000000E-01
 4.06250000E-01
 5.00000000E-01
 1.56250000E-01
 2.50000000E-01
 7.50000000E-01
 5.00000000E-01
 3.43750000E-01
 7.50000000E-01
 5.00000000E-01
 4.68750000E-01
 5.00000000E-01
 2.18750000E-01
 2.50000000E-01
 5.00000000E-01
 1.87500000E-01
 1.25000000E-01
 5.00000000E-01
 1.25000000E-01
 6.25000000E-02
 5.00000000E-01
 1.87500000E-01
 3.75000000E-01
 5.00000000E-01
 1.25000000E-01
 3.12500000E-01
 5.00000000E-01
 1.25000000E-01
 4.37500000E-01
 5.00000000E-01
 2.81250000E-01
 2.50000000E-01
 5.00000000E-01
 3.43750000E-01
 2.50000000E-01
 5.00000000E-01
 3.12500000E-01
 1.25000000E-01
 5.00000000E-01
 3.12500000E-01
 3.75000000E-01
 5.00000000E-01
 4.06250000E-01
 2.50000000E-01
 5.00000000E-01
 4.37500000E-01
 1.25000000E-01
 5.00000000E-01
 4.68750000E-01
 2.50000000E-01
 5.00000000E-01
 3.75000000E-01
 6.25000000E-02
 5.00000000E-01
 2.50000000E-01
 3.12500000E-02
 5.00000000E-01
 4.37500000E-01
 3.75000000E-01
 5.00000000E-01
 3.75000000E-01
 1.87500000E-01
 5.00000000E-01
 2.50000000E-01
 9.37500000E-02
 5.00000000E-01
 2.50000000E-01
 1.56250000E-01
 5.00000000E-01
 2.50000000E-01
 2.18750000E-01
 5.00000000E-01
 3.75000000E-01
 3.12500000E-01
 5.00000000E-01
 3.75000000E-01
 4.37500000E-01
 5.00000000E-01
 2.50000000E-01
 2.81250000E-01
 5.00000000E-01
 2.50000000E-01
 3.43750000E-01
 5.00000000E-01
 5.00000000E-01
 2.65625000E-01
 5.00000000E-01
 5.00000000E-01
 2.96875000E-01
 5.00000000E-01
 2.50000000E-01
 4.06250000E-01
 5.00000000E-01
 2.50000000E-01
 4.68750000E-01
 5.00000000E-01
 5.00000000E-01
 3.28125000E-01
 5.00000000E-01
 5.00000000E-01
 3.59375000E-01
 5.00000000E-01
 5.00000000E-01
 3.90625000E-01
 5.00000000E-01
 5.00000000E-01
 4.21875000E-01
 5.00000000E-01
 1.56250000E-02
 5.00000000E-01
 5.00000000E-01
 4.68750000E-02
 5.00000000E-01
 5.00000000E-01
 5.00000000E-01
 4.53125000E-01
 5.00000000E-01
 7.81250000E-02
 5.00000000E-01
 5.00000000E-01
 5.00000000E-01
 4.84375000E-01
 5.00000000E-01
 1.09375000E-01
 5.00000000E-01
 5.00000000E-01
 1.40625000E-01
 5.00000000E-01
 5.00000000E-01
 5.00000000E-01
 1.56250000E-02
 5.00000000E-01
 1.71875000E-01
 5.00000000E-01
 5.00000000E-01
 5.00000000E-01
 4.68750000E-02
 5.00000000E-01
 5.00000000E-01
 1.40625000E-01
 5.00000000E-01
 5.00000000E-01
 1.71875000E-01
 5.00000000E-01
 5.00000000E-01
 7.81250000E-02
 5.00000000E-01
 5.00000000E-01
 1.09375000E-01
 5.00000000E-01
 2.03125000E-01
 5.00000000E-01
 5.00000000E-01
 5.00000000E-01
 2.03125000E-01
 5.00000000E-01
 2.34375000E-01
 5.00000000E-01
 5.00000000E-01
 5.00000000E-01
 2.34375000E-01
 5.00000000E-01
 2.65625000E-01
 5.00000000E-01
 5.00000000E-01
 2.96875000E-01
 5.00000000E-01
 5.00000000E-01
 4.84375000E-01
 5.00000000E-01
 5.00000000E-01
 3.28125000E-01
 5.00000000E-01
 5.00000000E-01
 4.53125000E-01
 5.00000000E-01
 5.00000000E-01
 3.59375000E-01
 5.00000000E-01
 5.00000000E-01
 3.90625000E-01
 5.00000000E-01
 5.00000000E-01
 4.21875000E-01
 5.00000000E-01
 3.12500000E-02
 7.50000000E-01
 2.50000000E-01
 6.25000000E-02
 6.25000000E-01
 2.50000000E-01
 1.87500000E-01
 6.25000000E-01
 2.50000000E-01
 1.25000000E-01
 8.75000000E-01
 1.25000000E-01
 1.25000000E-01
 5.62500000E-01
 2.50000000E-01
 1.25000000E-01
 6.87500000E-01
 2.50000000E-01
 2.81250000E-01
 7.50000000E-01
 2.50000000E-01
 6.25000000E-02
 7.50000000E-01
 1.25000000E-01
 3.12500000E-01
 6.25000000E-01
 2.50000000E-01
 4.37500000E-01
 6.25000000E-01
 2.50000000E-01
 3.75000000E-01
 5.62500000E-01
 2.50000000E-01
 3.12500000E-01
 7.50000000E-01
 1.25000000E-01
 3.75000000E-01
 6.87500000E-01
 2.50000000E-01
 3.75000000E-01
 8.75000000E-01
 1.25000000E-01
 4.37500000E-01
 7.50000000E-01
 1.25000000E-01
 1.25000000E-01
 6.25000000E-01
 3.75000000E-01
 1.25000000E-01
 6.25000000E-01
 1.25000000E-01
 2.50000000E-01
 6.56250000E-01
 2.50000000E-01
 2.50000000E-01
 5.31250000E-01
 2.50000000E-01
 2.50000000E-01
 5.93750000E-01
 2.50000000E-01
 2.50000000E-01
 7.18750000E-01
 2.50000000E-01
 1.25000000E-01
 7.50000000E-01
 6.25000000E-02
 2.50000000E-01
 8.12500000E-01
 1.25000000E-01
 1.25000000E-01
 7.50000000E-01
 1.87500000E-01
 2.50000000E-01
 5.62500000E-01
 1.25000000E-01
 3.75000000E-01
 6.25000000E-01
 3.75000000E-01
 2.50000000E-01
 5.62500000E-01
 3.75000000E-01
 3.75000000E-01
 6.25000000E-01
 1.25000000E-01
 6.25000000E-01
 8.75000000E-01
 1.25000000E-01
 3.75000000E-01
 7.50000000E-01
 1.87500000E-01
 2.50000000E-01
 8.75000000E-01
 6.25000000E-02
 2.50000000E-01
 6.87500000E-01
 1.25000000E-01
 8.75000000E-01
 8.75000000E-01
 1.25000000E-01
 7.50000000E-01
 8.12500000E-01
 1.25000000E-01
 5.00000000E-01
 7.81250000E-01
 1.25000000E-01
 5.00000000E-01
 8.43750000E-01
 1.25000000E-01
 2.50000000E-01
 6.25000000E-01
 3.12500000E-01
 2.50000000E-01
 6.25000000E-01
 6.25000000E-02
 2.50000000E-01
 6.25000000E-01
 1.87500000E-01
 7.50000000E-01
 8.75000000E-01
 6.25000000E-02
 5.00000000E-01
 8.12500000E-01
 6.25000000E-02
 5.00000000E-01
 8.12500000E-01
 1.87500000E-01
 5.00000000E-01
 9.37500000E-01
 6.25000000E-02
 5.62500000E-01
 6.25000000E-01
 2.50000000E-01
 6.87500000E-01
 6.25000000E-01
 2.50000000E-01
 6.25000000E-01
 5.62500000E-01
 2.50000000E-01
 6.25000000E-01
 6.87500000E-01
 2.50000000E-01
 8.12500000E-01
 6.25000000E-01
 2.50000000E-01
 9.37500000E-01
 6.25000000E-01
 2.50000000E-01
 8.75000000E-01
 5.62500000E-01
 2.50000000E-01
 8.75000000E-01
 6.87500000E-01
 2.50000000E-01
 6.25000000E-01
 6.25000000E-01
 3.75000000E-01
 6.25000000E-01
 6.25000000E-01
 1.25000000E-01
 7.50000000E-01
 5.31250000E-01
 2.50000000E-01
 7.50000000E-01
 5.93750000E-01
 2.50000000E-01
 5.62500000E-01
 7.50000000E-01
 1.25000000E-01
 7.50000000E-01
 6.56250000E-01
 2.50000000E-01
 7.50000000E-01
 7.18750000E-01
 2.50000000E-01
 6.87500000E-01
 7.50000000E-01
 1.25000000E-01
 8.75000000E-01
 6.25000000E-01
 3.75000000E-01
 8.75000000E-01
 6.25000000E-01
 1.25000000E-01
 9.68750000E-01
 7.50000000E-01
 2.50000000E-01
 7.50000000E-01
 5.62500000E-01
 1.25000000E-01
 8.12500000E-01
 7.50000000E-01
 1.25000000E-01
 7.50000000E-01
 5.62500000E-01
 3.75000000E-01
 7.50000000E-01
 6.87500000E-01
 1.25000000E-01
 9.37500000E-01
 7.50000000E-01
 1.25000000E-01
 5.00000000E-01
 8.75000000E-01
 3.12500000E-02
 5.00000000E-01
 8.75000000E-01
 9.37500000E-02
 5.00000000E-01
 5.15625000E-01
 2.50000000E-01
 5.00000000E-01
 5.46875000E-01
 2.50000000E-01
 5.00000000E-01
 5.78125000E-01
 2.50000000E-01
 5.00000000E-01
 6.09375000E-01
 2.50000000E-01
 5.00000000E-01
 6.40625000E-01
 2.50000000E-01
 5.00000000E-01
 6.71875000E-01
 2.50000000E-01
 5.00000000E-01
 7.03125000E-01
 2.50000000E-01
 5.00000000E-01
 7.34375000E-01
 2.50000000E-01
 5.00000000E-01
 5.31250000E-01
 1.25000000E-01
 5.00000000E-01
 5.31250000E-01
 3.75000000E-01
 5.00000000E-01
 5.93750000E-01
 1.25000000E-01
 5.00000000E-01
 5.93750000E-01
 3.75000000E-01
 5.00000000E-01
 6.56250000E-01
 1.25000000E-01
 5.00000000E-01
 7.18750000E-01
 1.25000000E-01
 6.25000000E-01
 7.50000000E-01
 1.87500000E-01
 8.75000000E-01
 7.50000000E-01
 6.25000000E-02
 8.75000000E-01
 7.50000000E-01
 1.87500000E-01
 7.50000000E-01
 6.25000000E-01
 3.12500000E-01
 7.50000000E-01
 6.25000000E-01
 6.25000000E-02
 5.00000000E-01
 6.87500000E-01
 3.12500000E-01
 7.50000000E-01
 6.25000000E-01
 1.87500000E-01
 5.00000000E-01
 6.87500000E-01
 6.25000000E-02
 5.00000000E-01
 6.87500000E-01
 1.87500000E-01
 2.50000000E-01
 7.50000000E-01
 3.12500000E-02
 2.50000000E-01
 7.50000000E-01
 9.37500000E-02
 5.00000000E-01
 6.25000000E-01
 2.81250000E-01
 5.00000000E-01
 6.25000000E-01
 3.43750000E-01
 5.00000000E-01
 5.62500000E-01
 4.37500000E-01
 2.50000000E-01
 7.50000000E-01
 1.56250000E-01
 5.00000000E-01
 5.62500000E-01
 6.25000000E-02
 2.50000000E-01
 7.50000000E-01
 2.18750000E-01
 5.00000000E-01
 5.62500000E-01
 3.12500000E-01
 5.00000000E-01
 5.62500000E-01
 1.87500000E-01
 2.81250000E-01
 3.75000000E-01
 5.00000000E-01
 2.81250000E-01
 2.50000000E-01
 2.50000000E-01
 2.81250000E-01
 5.00000000E-01
 1.25000000E-01
 2.65625000E-01
 5.00000000E-01
 2.50000000E-01
 2.81250000E-01
 5.00000000E-01
 3.75000000E-01
 3.12500000E-01
 1.25000000E-01
 7.50000000E-01
 3.12500000E-01
 2.50000000E-01
 6.25000000E-01
 3.43750000E-01
 2.50000000E-01
 2.50000000E-01
 7.50000000E-01
 7.50000000E-01
 3.12500000E-02
 3.43750000E-01
 3.75000000E-01
 5.00000000E-01
 7.50000000E-01
 7.50000000E-01
 9.37500000E-02
 3.12500000E-01
 2.50000000E-01
 1.25000000E-01
 3.12500000E-01
 3.75000000E-01
 2.50000000E-01
 3.12500000E-01
 2.50000000E-01
 3.75000000E-01
 7.50000000E-01
 7.50000000E-01
 1.56250000E-01
 7.50000000E-01
 7.50000000E-01
 2.18750000E-01
 3.12500000E-01
 4.37500000E-01
 5.00000000E-01
 5.00000000E-01
 6.25000000E-01
 3.12500000E-02
 4.37500000E-01
 2.50000000E-01
 6.25000000E-01
 5.00000000E-01
 6.25000000E-01
 9.37500000E-02
 4.37500000E-01
 1.25000000E-01
 7.50000000E-01
 5.00000000E-01
 6.25000000E-01
 2.18750000E-01
 5.00000000E-01
 7.50000000E-01
 1.56250000E-02
 5.00000000E-01
 6.25000000E-01
 1.56250000E-01
 5.00000000E-01
 7.50000000E-01
 4.68750000E-02
 5.00000000E-01
 7.50000000E-01
 7.81250000E-02
 3.75000000E-01
 1.25000000E-01
 8.75000000E-01
 5.00000000E-01
 7.50000000E-01
 1.09375000E-01
 3.75000000E-01
 2.50000000E-01
 5.62500000E-01
 3.75000000E-01
 2.50000000E-01
 6.87500000E-01
 3.12500000E-01
 5.00000000E-01
 1.87500000E-01
 3.43750000E-01
 5.00000000E-01
 3.75000000E-01
 5.00000000E-01
 7.50000000E-01
 1.40625000E-01
 3.12500000E-01
 5.00000000E-01
 3.12500000E-01
 3.12500000E-01
 5.00000000E-01
 4.37500000E-01
 5.00000000E-01
 7.50000000E-01
 1.71875000E-01
 3.75000000E-01
 3.75000000E-01
 6.25000000E-01
 3.75000000E-01
 1.87500000E-01
 7.50000000E-01
 3.75000000E-01
 1.25000000E-01
 6.25000000E-01
 5.00000000E-01
 7.50000000E-01
 2.03125000E-01
 5.00000000E-01
 7.50000000E-01
 2.34375000E-01
 3.75000000E-01
 6.25000000E-02
 7.50000000E-01
 4.68750000E-01
 2.50000000E-01
 2.50000000E-01
 4.68750000E-01
 3.75000000E-01
 5.00000000E-01
 4.06250000E-01
 2.50000000E-01
 2.50000000E-01
 4.68750000E-01
 5.00000000E-01
 3.75000000E-01
 4.37500000E-01
 3.75000000E-01
 2.50000000E-01
 4.37500000E-01
 2.50000000E-01
 3.75000000E-01
 4.06250000E-01
 3.75000000E-01
 5.00000000E-01
 3.75000000E-01
 3.12500000E-02
 5.00000000E-01
 4.06250000E-01
 5.00000000E-01
 3.75000000E-01
 4.37500000E-01
 5.00000000E-01
 3.12500000E-01
 4.37500000E-01
 5.00000000E-01
 4.37500000E-01
 4.37500000E-01
 4.37500000E-01
 5.00000000E-01
 3.75000000E-01
 1.25000000E-01
 3.75000000E-01
 3.75000000E-01
 4.37500000E-01
 2.50000000E-01
 3.75000000E-01
 3.75000000E-01
 1.25000000E-01
 3.75000000E-01
 3.75000000E-01
 3.75000000E-01
 3.75000000E-01
 2.50000000E-01
 1.87500000E-01
 3.75000000E-01
 2.50000000E-01
 3.12500000E-01
 3.75000000E-01
 2.50000000E-01
 4.37500000E-01
 3.75000000E-01
 4.06250000E-01
 5.00000000E-01
 9.37500000E-02
 3.75000000E-01
 5.00000000E-01
 9.37500000E-02
 2.50000000E-01
 2.50000000E-01
 7.81250000E-03
 5.00000000E-01
 5.00000000E-01
 3.12500000E-02
 2.50000000E-01
 7.50000000E-01
 1.56250000E-02
 2.50000000E-01
 5.00000000E-01
 1.56250000E-02
 5.00000000E-01
 2.50000000E-01
 9.37500000E-02
 5.00000000E-01
 3.75000000E-01
 6.25000000E-02
 2.50000000E-01
 6.25000000E-01
 3.12500000E-02
 1.25000000E-01
 5.00000000E-01
 3.12500000E-02
 3.75000000E-01
 5.00000000E-01
 3.12500000E-02
 2.50000000E-01
 2.50000000E-01
 6.25000000E-02
 1.25000000E-01
 7.50000000E-01
 3.12500000E-02
 5.00000000E-01
 1.25000000E-01
 6.25000000E-02
 6.25000000E-02
 5.00000000E-01
 3.12500000E-02
 5.00000000E-01
 3.75000000E-01
 6.25000000E-02
 1.25000000E-01
 2.50000000E-01
 6.25000000E-02
 1.87500000E-01
 5.00000000E-01
 6.25000000E-02
 3.75000000E-01
 2.50000000E-01
 6.25000000E-02
 2.50000000E-01
 1.25000000E-01
 6.25000000E-02
 2.50000000E-01
 3.75000000E-01
 6.25000000E-02
 3.12500000E-01
 5.00000000E-01
 1.87500000E-01
 2.50000000E-01
 6.25000000E-01
 1.87500000E-01
 1.25000000E-01
 7.50000000E-01
 6.25000000E-02
 4.37500000E-01
 5.00000000E-01
 1.25000000E-01
 2.50000000E-01
 5.62500000E-01
 1.25000000E-01
 2.50000000E-01
 6.87500000E-01
 1.25000000E-01
 1.25000000E-01
 8.75000000E-01
 6.25000000E-02
 5.00000000E-01
 6.25000000E-02
 6.25000000E-02
 5.00000000E-01
 1.87500000E-01
 1.25000000E-01
 3.75000000E-01
 6.25000000E-01
 1.25000000E-01
 1.25000000E-01
 6.25000000E-01
 6.25000000E-02
 5.00000000E-01
 3.12500000E-01
 6.25000000E-02
 5.00000000E-01
 4.37500000E-01
 3.75000000E-01
 5.00000000E-01
 2.18750000E-01
 1.25000000E-01
 1.87500000E-01
 7.50000000E-01
 3.75000000E-01
 5.00000000E-01
 2.81250000E-01
 3.75000000E-01
 5.00000000E-01
 4.06250000E-01
 1.25000000E-01
 6.25000000E-02
 7.50000000E-01
 3.75000000E-01
 5.00000000E-01
 4.68750000E-01
 1.56250000E-01
 2.50000000E-01
 2.50000000E-01
 1.56250000E-01
 3.75000000E-01
 5.00000000E-01
 1.56250000E-01
 5.00000000E-01
 3.75000000E-01
 2.18750000E-01
 2.50000000E-01
 2.50000000E-01
 2.18750000E-01
 3.75000000E-01
 5.00000000E-01
 2.18750000E-01
 5.00000000E-01
 3.75000000E-01
 1.87500000E-01
 4.37500000E-01
 5.00000000E-01
 1.87500000E-01
 2.50000000E-01
 1.25000000E-01
 1.87500000E-01
 3.75000000E-01
 2.50000000E-01
 9.06250000E-01
 2.50000000E-01
 2.50000000E-01
 9.06250000E-01
 5.00000000E-01
 3.75000000E-01
 9.06250000E-01
 3.75000000E-01
 5.00000000E-01
 9.68750000E-01
 1.25000000E-01
 5.00000000E-01
 9.84375000E-01
 2.50000000E-01
 5.00000000E-01
 9.68750000E-01
 3.75000000E-01
 5.00000000E-01
 9.68750000E-01
 2.50000000E-01
 2.50000000E-01
 9.68750000E-01
 2.50000000E-01
 7.50000000E-01
 9.92187500E-01
 5.00000000E-01
 5.00000000E-01
 9.84375000E-01
 5.00000000E-01
 2.50000000E-01
 1.87500000E-01
 5.00000000E-01
 1.87500000E-01
 9.68750000E-01
 5.00000000E-01
 1.25000000E-01
 1.87500000E-01
 5.00000000E-01
 4.37500000E-01
 1.25000000E-01
 3.12500000E-02
 5.00000000E-01
 9.68750000E-01
 5.00000000E-01
 3.75000000E-01
 1.25000000E-01
 6.25000000E-02
 2.50000000E-01
 1.25000000E-01
 9.37500000E-02
 5.00000000E-01
 1.25000000E-01
 1.56250000E-01
 5.00000000E-01
 1.25000000E-01
 1.25000000E-01
 1.25000000E-01
 1.25000000E-01
 1.87500000E-01
 2.50000000E-01
 1.25000000E-01
 2.18750000E-01
 5.00000000E-01
 1.25000000E-01
 1.25000000E-01
 3.75000000E-01
 8.43750000E-01
 3.75000000E-01
 5.00000000E-01
 8.43750000E-01
 2.50000000E-01
 2.50000000E-01
 7.81250000E-01
 3.75000000E-01
 5.00000000E-01
 7.81250000E-01
 2.50000000E-01
 2.50000000E-01
 1.25000000E-01
 2.81250000E-01
 5.00000000E-01
 1.25000000E-01
 3.12500000E-01
 2.50000000E-01
 1.25000000E-01
 3.43750000E-01
 5.00000000E-01
 1.25000000E-01
 4.37500000E-01
 2.50000000E-01
 1.25000000E-01
 4.06250000E-01
 5.00000000E-01
 1.25000000E-01
 3.75000000E-01
 1.25000000E-01
 1.25000000E-01
 4.68750000E-01
 5.00000000E-01
 1.25000000E-01
 3.75000000E-01
 3.75000000E-01
 9.37500000E-01
 6.25000000E-02
 5.00000000E-01
 9.37500000E-01
 1.25000000E-01
 2.50000000E-01
 9.37500000E-01
 1.87500000E-01
 5.00000000E-01
 9.37500000E-01
 1.25000000E-01
 7.50000000E-01
 9.37500000E-01
 2.50000000E-01
 6.25000000E-01
 9.37500000E-01
 3.75000000E-01
 2.50000000E-01
 9.37500000E-01
 2.50000000E-01
 3.75000000E-01
 9.37500000E-01
 2.50000000E-01
 1.25000000E-01
 9.37500000E-01
 3.12500000E-01
 5.00000000E-01
 1.25000000E-01
 2.50000000E-01
 6.25000000E-02
 9.37500000E-01
 4.37500000E-01
 5.00000000E-01
 1.25000000E-01
 2.50000000E-01
 1.87500000E-01
 8.12500000E-01
 2.50000000E-01
 6.25000000E-01
 1.25000000E-01
 2.50000000E-01
 3.12500000E-01
 1.25000000E-01
 2.50000000E-01
 4.37500000E-01
 8.12500000E-01
 1.25000000E-01
 7.50000000E-01
 9.37500000E-01
 5.00000000E-01
 6.25000000E-02
 9.37500000E-01
 5.00000000E-01
 1.87500000E-01
 9.37500000E-01
 5.00000000E-01
 3.12500000E-01
 8.75000000E-01
 2.50000000E-01
 5.62500000E-01
 9.37500000E-01
 5.00000000E-01
 4.37500000E-01
 8.75000000E-01
 2.50000000E-01
 6.87500000E-01
 8.75000000E-01
 1.25000000E-01
 6.25000000E-01
 8.12500000E-01
 3.75000000E-01
 2.50000000E-01
 8.12500000E-01
 4.37500000E-01
 5.00000000E-01
 8.75000000E-01
 3.75000000E-01
 6.25000000E-01
 8.75000000E-01
 1.25000000E-01
 8.75000000E-01
 8.12500000E-01
 2.50000000E-01
 3.75000000E-01
 7.81250000E-01
 5.00000000E-01
 3.75000000E-01
 8.43750000E-01
 5.00000000E-01
 3.75000000E-01
 8.12500000E-01
 5.00000000E-01
 3.12500000E-01
 8.12500000E-01
 5.00000000E-01
 4.37500000E-01
 8.75000000E-01
 6.25000000E-02
 7.50000000E-01
 8.75000000E-01
 1.87500000E-01
 7.50000000E-01
 1.25000000E-01
 5.00000000E-01
 3.12500000E-02
 1.25000000E-01
 5.00000000E-01
 9.37500000E-02
 2.50000000E-01
 1.56250000E-02
 5.00000000E-01
 2.50000000E-01
 3.12500000E-02
 2.50000000E-01
 2.50000000E-01
 4.68750000E-02
 5.00000000E-01
 1.25000000E-01
 5.00000000E-01
 1.56250000E-01
 2.50000000E-01
 7.81250000E-02
 5.00000000E-01
 1.25000000E-01
 5.00000000E-01
 2.18750000E-01
 2.50000000E-01
 1.09375000E-01
 5.00000000E-01
 2.50000000E-01
 9.37500000E-02
 2.50000000E-01
 2.50000000E-01
 9.37500000E-02
 7.50000000E-01
 2.50000000E-01
 6.25000000E-02
 1.25000000E-01
 2.50000000E-01
 6.25000000E-02
 3.75000000E-01
 2.50000000E-01
 3.12500000E-02
 7.50000000E-01
 2.50000000E-01
 1.40625000E-01
 5.00000000E-01
 2.50000000E-01
 1.71875000E-01
 5.00000000E-01
 2.50000000E-01
 1.56250000E-01
 2.50000000E-01
 2.50000000E-01
 1.56250000E-01
 7.50000000E-01
 2.50000000E-01
 2.03125000E-01
 5.00000000E-01
 2.50000000E-01
 2.18750000E-01
 2.50000000E-01
 2.50000000E-01
 2.34375000E-01
 5.00000000E-01
 2.50000000E-01
 2.18750000E-01
 7.50000000E-01
 2.50000000E-01
 1.87500000E-01
 1.25000000E-01
 2.50000000E-01
 1.87500000E-01
 3.75000000E-01
 2.50000000E-01
 6.25000000E-02
 6.25000000E-01
 2.50000000E-01
 6.25000000E-02
 8.75000000E-01
 2.50000000E-01
 1.25000000E-01
 6.25000000E-02
 2.50000000E-01
 1.87500000E-01
 6.25000000E-01
 1.25000000E-01
 5.00000000E-01
 2.81250000E-01
 1.25000000E-01
 5.00000000E-01
 3.43750000E-01
 2.50000000E-01
 1.25000000E-01
 1.87500000E-01
 2.50000000E-01
 1.25000000E-01
 8.12500000E-01
 1.25000000E-01
 5.00000000E-01
 4.06250000E-01
 1.25000000E-01
 5.00000000E-01
 4.68750000E-01
 2.50000000E-01
 1.25000000E-01
 5.62500000E-01
 2.50000000E-01
 1.25000000E-01
 3.12500000E-01
 8.75000000E-01
 6.25000000E-02
 2.50000000E-01
 2.50000000E-01
 1.25000000E-01
 4.37500000E-01
 8.75000000E-01
 1.87500000E-01
 2.50000000E-01
 2.50000000E-01
 1.25000000E-01
 6.87500000E-01
 8.75000000E-01
 3.12500000E-02
 5.00000000E-01
 8.75000000E-01
 9.37500000E-02
 5.00000000E-01
 8.75000000E-01
 1.25000000E-01
 3.75000000E-01
 8.75000000E-01
 1.25000000E-01
 1.25000000E-01
 8.75000000E-01
 1.56250000E-01
 5.00000000E-01
 8.75000000E-01
 3.12500000E-01
 2.50000000E-01
 8.75000000E-01
 2.18750000E-01
 5.00000000E-01
 8.75000000E-01
 4.37500000E-01
 2.50000000E-01
 8.75000000E-01
 3.75000000E-01
 1.25000000E-01
 8.75000000E-01
 2.50000000E-01
 6.25000000E-02
 8.75000000E-01
 2.50000000E-01
 1.87500000E-01
 8.75000000E-01
 3.75000000E-01
 3.75000000E-01
 2.50000000E-01
 3.12500000E-01
 6.25000000E-01
 8.75000000E-01
 2.81250000E-01
 5.00000000E-01
 8.75000000E-01
 3.43750000E-01
 5.00000000E-01
 8.75000000E-01
 2.50000000E-01
 3.12500000E-01
 8.75000000E-01
 2.50000000E-01
 4.37500000E-01
 8.75000000E-01
 4.06250000E-01
 5.00000000E-01
 8.75000000E-01
 4.68750000E-01
 5.00000000E-01
 2.50000000E-01
 2.65625000E-01
 5.00000000E-01
 2.50000000E-01
 3.75000000E-01
 5.62500000E-01
 2.50000000E-01
 2.81250000E-01
 2.50000000E-01
 2.50000000E-01
 2.96875000E-01
 5.00000000E-01
 2.50000000E-01
 2.50000000E-01
 5.31250000E-01
 2.50000000E-01
 3.43750000E-01
 2.50000000E-01
 2.50000000E-01
 3.28125000E-01
 5.00000000E-01
 2.50000000E-01
 3.59375000E-01
 5.00000000E-01
 2.50000000E-01
 2.50000000E-01
 5.93750000E-01
 2.50000000E-01
 2.50000000E-01
 6.56250000E-01
 2.50000000E-01
 2.50000000E-01
 7.18750000E-01
 2.50000000E-01
 3.12500000E-01
 1.25000000E-01
 2.50000000E-01
 3.12500000E-01
 3.75000000E-01
 2.50000000E-01
 4.37500000E-01
 1.25000000E-01
 2.50000000E-01
 3.75000000E-01
 6.25000000E-02
 2.50000000E-01
 3.75000000E-01
 1.87500000E-01
 2.50000000E-01
 4.06250000E-01
 2.50000000E-01
 2.50000000E-01
 4.68750000E-01
 2.50000000E-01
 2.50000000E-01
 2.50000000E-01
 3.12500000E-02
 2.50000000E-01
 4.37500000E-01
 3.75000000E-01
 2.50000000E-01
 2.50000000E-01
 9.37500000E-02
 2.50000000E-01
 4.84375000E-01
 5.00000000E-01
 2.50000000E-01
 4.53125000E-01
 5.00000000E-01
 2.50000000E-01
 3.75000000E-01
 4.37500000E-01
 2.50000000E-01
 3.75000000E-01
 3.12500000E-01
 2.50000000E-01
 3.90625000E-01
 5.00000000E-01
 2.50000000E-01
 2.50000000E-01
 1.56250000E-01
 2.50000000E-01
 2.50000000E-01
 2.18750000E-01
 2.50000000E-01
 4.21875000E-01
 5.00000000E-01
 8.75000000E-01
 5.00000000E-01
 3.12500000E-02
 8.75000000E-01
 5.00000000E-01
 9.37500000E-02
 8.75000000E-01
 5.00000000E-01
 1.56250000E-01
 5.31250000E-01
 2.50000000E-01
 2.50000000E-01
 5.93750000E-01
 2.50000000E-01
 2.50000000E-01
 8.75000000E-01
 5.00000000E-01
 2.18750000E-01
 5.62500000E-01
 3.75000000E-01
 2.50000000E-01
 6.56250000E-01
 2.50000000E-01
 2.50000000E-01
 5.62500000E-01
 2.50000000E-01
 3.75000000E-01
 7.18750000E-01
 2.50000000E-01
 2.50000000E-01
 6.87500000E-01
 3.75000000E-01
 2.50000000E-01
 6.87500000E-01
 2.50000000E-01
 3.75000000E-01
 6.25000000E-01
 1.25000000E-01
 3.75000000E-01
 8.75000000E-01
 5.00000000E-01
 4.06250000E-01
 8.75000000E-01
 5.00000000E-01
 2.81250000E-01
 8.75000000E-01
 5.00000000E-01
 4.68750000E-01
 8.75000000E-01
 5.00000000E-01
 3.43750000E-01
 6.25000000E-01
 4.37500000E-01
 2.50000000E-01
 7.50000000E-01
 3.12500000E-02
 2.50000000E-01
 6.25000000E-01
 3.75000000E-01
 3.75000000E-01
 7.50000000E-01
 6.25000000E-02
 1.25000000E-01
 7.50000000E-01
 6.25000000E-02
 3.75000000E-01
 2.50000000E-01
 2.50000000E-01
 2.81250000E-01
 7.50000000E-01
 1.56250000E-01
 2.50000000E-01
 2.50000000E-01
 2.50000000E-01
 3.43750000E-01
 7.50000000E-01
 2.18750000E-01
 2.50000000E-01
 7.50000000E-01
 1.87500000E-01
 1.25000000E-01
 6.25000000E-01
 2.50000000E-01
 3.12500000E-01
 7.50000000E-01
 1.87500000E-01
 3.75000000E-01
 2.50000000E-01
 2.50000000E-01
 4.06250000E-01
 6.25000000E-01
 2.50000000E-01
 4.37500000E-01
 7.50000000E-01
 1.25000000E-01
 6.25000000E-02
 2.50000000E-01
 2.50000000E-01
 4.68750000E-01
 7.50000000E-01
 1.25000000E-01
 3.12500000E-01
 7.50000000E-01
 1.25000000E-01
 4.37500000E-01
 7.50000000E-01
 2.81250000E-01
 2.50000000E-01
 7.50000000E-01
 3.43750000E-01
 2.50000000E-01
 7.50000000E-01
 3.12500000E-01
 1.25000000E-01
 7.50000000E-01
 3.12500000E-01
 3.75000000E-01
 7.50000000E-01
 3.75000000E-01
 3.12500000E-01
 7.50000000E-01
 4.37500000E-01
 3.75000000E-01
 7.50000000E-01
 3.75000000E-01
 4.37500000E-01
 7.50000000E-01
 2.50000000E-01
 3.12500000E-02
 7.50000000E-01
 3.75000000E-01
 6.25000000E-02
 7.50000000E-01
 2.50000000E-01
 9.37500000E-02
 7.50000000E-01
 4.06250000E-01
 2.50000000E-01
 7.50000000E-01
 3.75000000E-01
 1.87500000E-01
 7.50000000E-01
 4.68750000E-01
 2.50000000E-01
 7.50000000E-01
 4.37500000E-01
 1.25000000E-01
 7.50000000E-01
 2.50000000E-01
 1.56250000E-01
 7.50000000E-01
 2.50000000E-01
 2.18750000E-01
 7.50000000E-01
 2.50000000E-01
 2.81250000E-01
 7.50000000E-01
 2.50000000E-01
 3.43750000E-01
 5.31250000E-01
 3.75000000E-01
 5.00000000E-01
 5.93750000E-01
 3.75000000E-01
 5.00000000E-01
 5.62500000E-01
 4.37500000E-01
 5.00000000E-01
 6.56250000E-01
 3.75000000E-01
 5.00000000E-01
 7.18750000E-01
 3.75000000E-01
 5.00000000E-01
 7.50000000E-01
 2.50000000E-01
 4.06250000E-01
 7.50000000E-01
 2.50000000E-01
 4.68750000E-01
 6.87500000E-01
 4.37500000E-01
 5.00000000E-01
 6.25000000E-01
 3.75000000E-01
 6.25000000E-01
 7.50000000E-01
 3.12500000E-01
 6.25000000E-01
 6.25000000E-01
 4.06250000E-01
 5.00000000E-01
 6.25000000E-01
 4.68750000E-01
 5.00000000E-01
 7.50000000E-01
 3.75000000E-01
 5.62500000E-01
 5.62500000E-01
 1.25000000E-01
 7.50000000E-01
 7.50000000E-01
 3.28125000E-01
 5.00000000E-01
 7.50000000E-01
 3.59375000E-01
 5.00000000E-01
 7.50000000E-01
 2.65625000E-01
 5.00000000E-01
 7.50000000E-01
 2.96875000E-01
 5.00000000E-01
 6.87500000E-01
 1.25000000E-01
 7.50000000E-01
 6.25000000E-01
 6.25000000E-02
 7.50000000E-01
 6.25000000E-01
 1.87500000E-01
 7.50000000E-01
 6.25000000E-01
 1.25000000E-01
 8.75000000E-01
 6.25000000E-01
 1.25000000E-01
 6.25000000E-01
 6.25000000E-01
 3.12500000E-02
 5.00000000E-01
 7.50000000E-01
 4.84375000E-01
 5.00000000E-01
 7.50000000E-01
 4.53125000E-01
 5.00000000E-01
 7.50000000E-01
 3.90625000E-01
 5.00000000E-01
 7.50000000E-01
 1.56250000E-02
 5.00000000E-01
 7.50000000E-01
 4.21875000E-01
 5.00000000E-01
 5.62500000E-01
 2.50000000E-01
 6.25000000E-01
 7.50000000E-01
 4.68750000E-02
 5.00000000E-01
 7.50000000E-01
 3.12500000E-02
 7.50000000E-01
 7.50000000E-01
 7.81250000E-02
 5.00000000E-01
 7.50000000E-01
 1.09375000E-01
 5.00000000E-01
 6.87500000E-01
 2.50000000E-01
 6.25000000E-01
 7.50000000E-01
 6.25000000E-02
 6.25000000E-01
 7.50000000E-01
 6.25000000E-02
 8.75000000E-01
 7.50000000E-01
 9.37500000E-02
 7.50000000E-01
 6.25000000E-01
 2.50000000E-01
 5.62500000E-01
 6.25000000E-01
 2.50000000E-01
 6.87500000E-01
 7.50000000E-01
 1.40625000E-01
 5.00000000E-01
 7.50000000E-01
 1.56250000E-01
 7.50000000E-01
 7.50000000E-01
 1.71875000E-01
 5.00000000E-01
 7.50000000E-01
 2.03125000E-01
 5.00000000E-01
 7.50000000E-01
 2.34375000E-01
 5.00000000E-01
 7.50000000E-01
 2.18750000E-01
 7.50000000E-01
 7.50000000E-01
 1.87500000E-01
 6.25000000E-01
 7.50000000E-01
 2.50000000E-01
 5.31250000E-01
 7.50000000E-01
 2.50000000E-01
 5.93750000E-01
 7.50000000E-01
 2.50000000E-01
 6.56250000E-01
 7.50000000E-01
 2.50000000E-01
 7.18750000E-01
 7.50000000E-01
 1.25000000E-01
 8.12500000E-01
 7.50000000E-01
 1.25000000E-01
 5.62500000E-01
 7.50000000E-01
 1.25000000E-01
 6.87500000E-01
 5.00000000E-01
 2.50000000E-01
 5.15625000E-01
 5.00000000E-01
 2.50000000E-01
 5.46875000E-01
 5.00000000E-01
 2.50000000E-01
 5.78125000E-01
 6.56250000E-01
 5.00000000E-01
 3.75000000E-01
 5.00000000E-01
 1.25000000E-01
 5.93750000E-01
 5.00000000E-01
 1.25000000E-01
 5.31250000E-01
 5.00000000E-01
 3.75000000E-01
 5.31250000E-01
 5.00000000E-01
 2.50000000E-01
 6.09375000E-01
 5.00000000E-01
 3.75000000E-01
 5.93750000E-01
 5.00000000E-01
 2.50000000E-01
 6.71875000E-01
 5.00000000E-01
 2.50000000E-01
 6.40625000E-01
 5.00000000E-01
 2.50000000E-01
 7.03125000E-01
 5.00000000E-01
 2.50000000E-01
 7.34375000E-01
 7.18750000E-01
 5.00000000E-01
 3.75000000E-01
 6.87500000E-01
 5.00000000E-01
 3.12500000E-01
 6.87500000E-01
 5.00000000E-01
 4.37500000E-01
 5.00000000E-01
 1.25000000E-01
 7.18750000E-01
 5.00000000E-01
 6.25000000E-02
 5.62500000E-01
 5.00000000E-01
 1.87500000E-01
 5.62500000E-01
 5.00000000E-01
 1.25000000E-01
 7.81250000E-01
 5.00000000E-01
 1.25000000E-01
 8.43750000E-01
 5.00000000E-01
 6.25000000E-02
 9.37500000E-01
 5.00000000E-01
 1.25000000E-01
 6.56250000E-01
 5.00000000E-01
 6.25000000E-02
 8.12500000E-01
 5.00000000E-01
 4.37500000E-01
 5.62500000E-01
 5.00000000E-01
 3.12500000E-01
 5.62500000E-01
 5.00000000E-01
 1.87500000E-01
 8.12500000E-01
 5.00000000E-01
 3.12500000E-01
 6.87500000E-01
 5.00000000E-01
 3.12500000E-02
 8.75000000E-01
 5.00000000E-01
 9.37500000E-02
 8.75000000E-01
 5.00000000E-01
 3.43750000E-01
 6.25000000E-01
 5.00000000E-01
 2.81250000E-01
 6.25000000E-01
 5.00000000E-01
 6.25000000E-02
 6.87500000E-01
 5.31250000E-01
 5.00000000E-01
 3.75000000E-01
 5.93750000E-01
 5.00000000E-01
 3.75000000E-01
 5.62500000E-01
 5.00000000E-01
 3.12500000E-01
 5.00000000E-01
 1.87500000E-01
 6.87500000E-01
 5.62500000E-01
 5.00000000E-01
 4.37500000E-01
 6.25000000E-01
 5.00000000E-01
 4.06250000E-01
 6.25000000E-01
 5.00000000E-01
 4.68750000E-01
 6.25000000E-01
 5.00000000E-01
 2.81250000E-01
 5.00000000E-01
 1.71875000E-01
 7.50000000E-01
 5.00000000E-01
 1.40625000E-01
 7.50000000E-01
 5.00000000E-01
 1.56250000E-01
 6.25000000E-01
 5.00000000E-01
 2.03125000E-01
 7.50000000E-01
 5.00000000E-01
 2.34375000E-01
 7.50000000E-01
 2.50000000E-01
 5.00000000E-01
 1.56250000E-02
 2.50000000E-01
 5.00000000E-01
 4.68750000E-02
 5.00000000E-01
 2.18750000E-01
 6.25000000E-01
 2.50000000E-01
 5.00000000E-01
 7.81250000E-02
 2.50000000E-01
 5.00000000E-01
 1.09375000E-01
 5.00000000E-01
 3.12500000E-02
 6.25000000E-01
 5.00000000E-01
 9.37500000E-02
 6.25000000E-01
 2.50000000E-01
 5.00000000E-01
 1.40625000E-01
 2.50000000E-01
 5.00000000E-01
 1.71875000E-01
 2.50000000E-01
 5.00000000E-01
 2.03125000E-01
 2.50000000E-01
 5.00000000E-01
 2.34375000E-01
 7.50000000E-01
 5.00000000E-01
 1.56250000E-02
 7.50000000E-01
 5.00000000E-01
 7.81250000E-02
 7.50000000E-01
 5.00000000E-01
 1.09375000E-01
 2.50000000E-01
 5.00000000E-01
 3.59375000E-01
 2.50000000E-01
 5.00000000E-01
 3.28125000E-01
 2.50000000E-01
 5.00000000E-01
 2.65625000E-01
 2.50000000E-01
 5.00000000E-01
 2.96875000E-01
 7.50000000E-01
 5.00000000E-01
 1.40625000E-01
 7.50000000E-01
 5.00000000E-01
 1.71875000E-01
 5.00000000E-01
 1.56250000E-02
 7.50000000E-01
 5.00000000E-01
 4.68750000E-02
 7.50000000E-01
 5.00000000E-01
 1.56250000E-02
 2.50000000E-01
 7.50000000E-01
 5.00000000E-01
 2.03125000E-01
 7.50000000E-01
 5.00000000E-01
 2.34375000E-01
 5.00000000E-01
 3.12500000E-02
 1.25000000E-01
 5.00000000E-01
 7.81250000E-02
 2.50000000E-01
 5.00000000E-01
 1.09375000E-01
 2.50000000E-01
 5.00000000E-01
 3.12500000E-02
 3.75000000E-01
 5.00000000E-01
 9.37500000E-02
 1.25000000E-01
 5.00000000E-01
 6.25000000E-02
 6.25000000E-02
 5.00000000E-01
 9.37500000E-02
 3.75000000E-01
 5.00000000E-01
 6.25000000E-02
 1.87500000E-01
 5.00000000E-01
 6.25000000E-02
 3.12500000E-01
 5.00000000E-01
 6.25000000E-02
 4.37500000E-01
 2.50000000E-01
 5.00000000E-01
 4.84375000E-01
 2.50000000E-01
 5.00000000E-01
 4.53125000E-01
 2.50000000E-01
 5.00000000E-01
 3.90625000E-01
 2.50000000E-01
 5.00000000E-01
 4.21875000E-01
 7.50000000E-01
 5.00000000E-01
 2.65625000E-01
 5.00000000E-01
 1.09375000E-01
 7.50000000E-01
 7.50000000E-01
 5.00000000E-01
 2.96875000E-01
 5.00000000E-01
 1.40625000E-01
 2.50000000E-01
 5.00000000E-01
 1.71875000E-01
 2.50000000E-01
 7.50000000E-01
 5.00000000E-01
 3.90625000E-01
 5.00000000E-01
 1.56250000E-01
 1.25000000E-01
 7.50000000E-01
 5.00000000E-01
 4.21875000E-01
 5.00000000E-01
 7.81250000E-02
 7.50000000E-01
 5.00000000E-01
 1.56250000E-01
 3.75000000E-01
 7.50000000E-01
 5.00000000E-01
 3.59375000E-01
 7.50000000E-01
 5.00000000E-01
 3.28125000E-01
 7.50000000E-01
 5.00000000E-01
 4.53125000E-01
 7.50000000E-01
 5.00000000E-01
 4.84375000E-01
 5.00000000E-01
 2.03125000E-01
 2.50000000E-01
 5.00000000E-01
 2.18750000E-01
 1.25000000E-01
 5.00000000E-01
 2.34375000E-01
 2.50000000E-01
 5.00000000E-01
 2.18750000E-01
 3.75000000E-01
 5.00000000E-01
 1.87500000E-01
 6.25000000E-02
 5.00000000E-01
 1.25000000E-01
 3.12500000E-02
 5.00000000E-01
 1.87500000E-01
 1.87500000E-01
 5.00000000E-01
 1.25000000E-01
 9.37500000E-02
 5.00000000E-01
 1.87500000E-01
 3.12500000E-01
 5.00000000E-01
 1.87500000E-01
 4.37500000E-01
 5.00000000E-01
 1.25000000E-01
 2.18750000E-01
 5.00000000E-01
 1.25000000E-01
 2.81250000E-01
 5.00000000E-01
 1.25000000E-01
 3.43750000E-01
 5.00000000E-01
 1.25000000E-01
 4.06250000E-01
 5.00000000E-01
 1.25000000E-01
 4.68750000E-01
 5.00000000E-01
 2.65625000E-01
 2.50000000E-01
 5.00000000E-01
 2.96875000E-01
 2.50000000E-01
 5.00000000E-01
 2.81250000E-01
 1.25000000E-01
 5.00000000E-01
 3.28125000E-01
 2.50000000E-01
 5.00000000E-01
 2.81250000E-01
 3.75000000E-01
 5.00000000E-01
 3.43750000E-01
 1.25000000E-01
 5.00000000E-01
 3.59375000E-01
 2.50000000E-01
 5.00000000E-01
 3.12500000E-01
 6.25000000E-02
 5.00000000E-01
 3.12500000E-01
 1.87500000E-01
 5.00000000E-01
 3.43750000E-01
 3.75000000E-01
 5.00000000E-01
 3.12500000E-01
 3.12500000E-01
 5.00000000E-01
 3.12500000E-01
 4.37500000E-01
 5.00000000E-01
 4.06250000E-01
 1.25000000E-01
 5.00000000E-01
 3.90625000E-01
 2.50000000E-01
 5.00000000E-01
 4.21875000E-01
 2.50000000E-01
 5.00000000E-01
 4.06250000E-01
 3.75000000E-01
 5.00000000E-01
 4.68750000E-01
 1.25000000E-01
 5.00000000E-01
 4.53125000E-01
 2.50000000E-01
 5.00000000E-01
 4.84375000E-01
 2.50000000E-01
 5.00000000E-01
 4.37500000E-01
 6.25000000E-02
 5.00000000E-01
 2.50000000E-01
 1.56250000E-02
 5.00000000E-01
 3.75000000E-01
 3.12500000E-02
 5.00000000E-01
 4.68750000E-01
 3.75000000E-01
 5.00000000E-01
 3.75000000E-01
 1.56250000E-01
 5.00000000E-01
 3.75000000E-01
 2.18750000E-01
 5.00000000E-01
 4.37500000E-01
 3.12500000E-01
 5.00000000E-01
 4.37500000E-01
 4.37500000E-01
 5.00000000E-01
 2.50000000E-01
 1.40625000E-01
 5.00000000E-01
 2.50000000E-01
 1.71875000E-01
 5.00000000E-01
 2.50000000E-01
 2.03125000E-01
 5.00000000E-01
 2.50000000E-01
 1.09375000E-01
 5.00000000E-01
 2.50000000E-01
 2.34375000E-01
 5.00000000E-01
 3.75000000E-01
 2.81250000E-01
 5.00000000E-01
 3.75000000E-01
 3.43750000E-01
 5.00000000E-01
 3.75000000E-01
 4.06250000E-01
 5.00000000E-01
 3.75000000E-01
 4.68750000E-01
 5.00000000E-01
 2.50000000E-01
 2.65625000E-01
 5.00000000E-01
 2.50000000E-01
 3.28125000E-01
 5.00000000E-01
 2.50000000E-01
 2.96875000E-01
 5.00000000E-01
 2.50000000E-01
 3.59375000E-01
 5.00000000E-01
 5.00000000E-01
 2.57812500E-01
 5.00000000E-01
 5.00000000E-01
 2.73437500E-01
 5.00000000E-01
 5.00000000E-01
 2.89062500E-01
 5.00000000E-01
 2.50000000E-01
 3.90625000E-01
 5.00000000E-01
 5.00000000E-01
 3.04687500E-01
 5.00000000E-01
 2.50000000E-01
 4.21875000E-01
 5.00000000E-01
 2.50000000E-01
 4.53125000E-01
 5.00000000E-01
 2.50000000E-01
 4.84375000E-01
 5.00000000E-01
 5.00000000E-01
 3.20312500E-01
 5.00000000E-01
 5.00000000E-01
 3.35937500E-01
 5.00000000E-01
 5.00000000E-01
 3.51562500E-01
 5.00000000E-01
 5.00000000E-01
 3.67187500E-01
 5.00000000E-01
 5.00000000E-01
 3.82812500E-01
 5.00000000E-01
 7.81250000E-03
 5.00000000E-01
 5.00000000E-01
 5.00000000E-01
 3.98437500E-01
 5.00000000E-01
 2.34375000E-02
 5.00000000E-01
 5.00000000E-01
 5.00000000E-01
 4.14062500E-01
 5.00000000E-01
 5.00000000E-01
 4.29687500E-01
 5.00000000E-01
 3.90625000E-02
 5.00000000E-01
 5.00000000E-01
 5.46875000E-02
 5.00000000E-01
 5.00000000E-01
 5.00000000E-01
 4.45312500E-01
 5.00000000E-01
 5.00000000E-01
 4.60937500E-01
 5.00000000E-01
 7.03125000E-02
 5.00000000E-01
 5.00000000E-01
 8.59375000E-02
 5.00000000E-01
 5.00000000E-01
 5.00000000E-01
 4.76562500E-01
 5.00000000E-01
 5.00000000E-01
 4.92187500E-01
 5.00000000E-01
 1.01562500E-01
 5.00000000E-01
 5.00000000E-01
 1.17187500E-01
 5.00000000E-01
 5.00000000E-01
 1.32812500E-01
 5.00000000E-01
 5.00000000E-01
 1.48437500E-01
 5.00000000E-01
 5.00000000E-01
 1.64062500E-01
 5.00000000E-01
 5.00000000E-01
 5.00000000E-01
 7.81250000E-03
 5.00000000E-01
 1.79687500E-01
 5.00000000E-01
 5.00000000E-01
 5.00000000E-01
 1.32812500E-01
 5.00000000E-01
 5.00000000E-01
 1.48437500E-01
 5.00000000E-01
 5.00000000E-01
 1.64062500E-01
 5.00000000E-01
 5.00000000E-01
 1.79687500E-01
 5.00000000E-01
 5.00000000E-01
 7.03125000E-02
 5.00000000E-01
 5.00000000E-01
 1.01562500E-01
 5.00000000E-01
 5.00000000E-01
 8.59375000E-02
 5.00000000E-01
 5.00000000E-01
 1.17187500E-01
 5.00000000E-01
 1.95312500E-01
 5.00000000E-01
 5.00000000E-01
 2.10937500E-01
 5.00000000E-01
 5.00000000E-01
 5.00000000E-01
 2.10937500E-01
 5.00000000E-01
 5.00000000E-01
 1.95312500E-01
 5.00000000E-01
 2.26562500E-01
 5.00000000E-01
 5.00000000E-01
 5.00000000E-01
 2.26562500E-01
 5.00000000E-01
 2.42187500E-01
 5.00000000E-01
 5.00000000E-01
 5.00000000E-01
 2.42187500E-01
 5.00000000E-01
 2.57812500E-01
 5.00000000E-01
 5.00000000E-01
 2.73437500E-01
 5.00000000E-01
 5.00000000E-01
 2.89062500E-01
 5.00000000E-01
 5.00000000E-01
 3.04687500E-01
 5.00000000E-01
 5.00000000E-01
 4.76562500E-01
 5.00000000E-01
 5.00000000E-01
 4.92187500E-01
 5.00000000E-01
 5.00000000E-01
 3.20312500E-01
 5.00000000E-01
 5.00000000E-01
 3.35937500E-01
 5.00000000E-01
 5.00000000E-01
 4.45312500E-01
 5.00000000E-01
 5.00000000E-01
 4.60937500E-01
 5.00000000E-01
 5.00000000E-01
 3.51562500E-01
 5.00000000E-01
 5.00000000E-01
 3.67187500E-01
 5.00000000E-01
 5.00000000E-01
 3.82812500E-01
 5.00000000E-01
 5.00000000E-01
 3.98437500E-01
 5.00000000E-01
 5.00000000E-01
 4.14062500E-01
 5.00000000E-01
 5.00000000E-01
 4.29687500E-01
 5.00000000E-01
 1.56250000E-02
 7.50000000E-01
 2.50000000E-01
 3.12500000E-02
 6.25000000E-01
 2.50000000E-01
 6.25000000E-02
 6.87500000E-01
 2.50000000E-01
 6.25000000E-02
 5.62500000E-01
 2.50000000E-01
 3.12500000E-02
 7.50000000E-01
 1.25000000E-01
 6.25000000E-02
 8.75000000E-01
 1.25000000E-01
 6.25000000E-02
 6.25000000E-01
 1.25000000E-01
 6.25000000E-02
 6.25000000E-01
 3.75000000E-01
 1.87500000E-01
 8.75000000E-01
 1.25000000E-01
 1.25000000E-01
 5.31250000E-01
 2.50000000E-01
 1.25000000E-01
 5.93750000E-01
 2.50000000E-01
 1.25000000E-01
 6.56250000E-01
 2.50000000E-01
 1.25000000E-01
 8.12500000E-01
 1.25000000E-01
 1.25000000E-01
 7.18750000E-01
 2.50000000E-01
 1.87500000E-01
 6.25000000E-01
 3.75000000E-01
 2.65625000E-01
 7.50000000E-01
 2.50000000E-01
 1.25000000E-01
 8.75000000E-01
 6.25000000E-02
 1.25000000E-01
 5.62500000E-01
 1.25000000E-01
 2.81250000E-01
 6.25000000E-01
 2.50000000E-01
 1.25000000E-01
 5.62500000E-01
 3.75000000E-01
 1.25000000E-01
 6.87500000E-01
 1.25000000E-01
 2.81250000E-01
 7.50000000E-01
 1.25000000E-01
 3.43750000E-01
 6.25000000E-01
 2.50000000E-01
 4.06250000E-01
 6.25000000E-01
 2.50000000E-01
 4.68750000E-01
 6.25000000E-01
 2.50000000E-01
 3.12500000E-01
 5.62500000E-01
 2.50000000E-01
 3.12500000E-01
 8.75000000E-01
 1.25000000E-01
 6.25000000E-02
 7.50000000E-01
 6.25000000E-02
 4.37500000E-01
 5.62500000E-01
 2.50000000E-01
 6.25000000E-02
 7.50000000E-01
 1.87500000E-01
 4.37500000E-01
 8.75000000E-01
 1.25000000E-01
 3.75000000E-01
 5.31250000E-01
 2.50000000E-01
 3.12500000E-01
 6.25000000E-01
 3.75000000E-01
 3.12500000E-01
 6.25000000E-01
 1.25000000E-01
 1.87500000E-01
 7.50000000E-01
 1.87500000E-01
 4.37500000E-01
 6.25000000E-01
 3.75000000E-01
 4.37500000E-01
 6.25000000E-01
 1.25000000E-01
 3.75000000E-01
 8.12500000E-01
 1.25000000E-01
 3.75000000E-01
 5.62500000E-01
 1.25000000E-01
 3.75000000E-01
 5.62500000E-01
 3.75000000E-01
 3.12500000E-01
 7.50000000E-01
 1.87500000E-01
 3.75000000E-01
 6.87500000E-01
 1.25000000E-01
 3.75000000E-01
 8.75000000E-01
 6.25000000E-02
 1.25000000E-01
 6.25000000E-01
 3.12500000E-01
 2.50000000E-01
 5.15625000E-01
 2.50000000E-01
 2.50000000E-01
 5.46875000E-01
 2.50000000E-01
 2.50000000E-01
 5.78125000E-01
 2.50000000E-01
 2.50000000E-01
 6.09375000E-01
 2.50000000E-01
 4.37500000E-01
 7.50000000E-01
 1.87500000E-01
 2.50000000E-01
 6.40625000E-01
 2.50000000E-01
 2.50000000E-01
 6.71875000E-01
 2.50000000E-01
 1.25000000E-01
 6.25000000E-01
 6.25000000E-02
 1.25000000E-01
 6.25000000E-01
 1.87500000E-01
 2.50000000E-01
 7.03125000E-01
 2.50000000E-01
 2.50000000E-01
 7.34375000E-01
 2.50000000E-01
 2.50000000E-01
 6.56250000E-01
 1.25000000E-01
 2.50000000E-01
 5.31250000E-01
 1.25000000E-01
 2.50000000E-01
 7.81250000E-01
 1.25000000E-01
 2.50000000E-01
 5.93750000E-01
 1.25000000E-01
 2.50000000E-01
 5.31250000E-01
 3.75000000E-01
 2.50000000E-01
 5.93750000E-01
 3.75000000E-01
 2.50000000E-01
 9.37500000E-01
 6.25000000E-02
 2.50000000E-01
 8.43750000E-01
 1.25000000E-01
 2.50000000E-01
 7.18750000E-01
 1.25000000E-01
 1.25000000E-01
 7.50000000E-01
 3.12500000E-02
 1.25000000E-01
 7.50000000E-01
 9.37500000E-02
 2.50000000E-01
 8.12500000E-01
 6.25000000E-02
 2.50000000E-01
 8.12500000E-01
 1.87500000E-01
 1.25000000E-01
 7.50000000E-01
 1.56250000E-01
 1.25000000E-01
 7.50000000E-01
 2.18750000E-01
 2.50000000E-01
 5.62500000E-01
 6.25000000E-02
 3.75000000E-01
 6.25000000E-01
 3.12500000E-01
 2.50000000E-01
 5.62500000E-01
 4.37500000E-01
 2.50000000E-01
 5.62500000E-01
 1.87500000E-01
 5.62500000E-01
 8.75000000E-01
 1.25000000E-01
 2.50000000E-01
 5.62500000E-01
 3.12500000E-01
 3.75000000E-01
 6.25000000E-01
 1.87500000E-01
 6.87500000E-01
 8.75000000E-01
 1.25000000E-01
 6.25000000E-01
 8.12500000E-01
 1.25000000E-01
 8.12500000E-01
 8.75000000E-01
 1.25000000E-01
 9.37500000E-01
 8.75000000E-01
 1.25000000E-01
 8.75000000E-01
 8.12500000E-01
 1.25000000E-01
 6.25000000E-01
 8.75000000E-01
 6.25000000E-02
 2.50000000E-01
 6.87500000E-01
 3.12500000E-01
 3.75000000E-01
 7.50000000E-01
 1.56250000E-01
 2.50000000E-01
 8.75000000E-01
 3.12500000E-02
 3.75000000E-01
 7.50000000E-01
 2.18750000E-01
 2.50000000E-01
 8.75000000E-01
 9.37500000E-02
 2.50000000E-01
 6.87500000E-01
 6.25000000E-02
 8.75000000E-01
 8.75000000E-01
 6.25000000E-02
 7.50000000E-01
 7.81250000E-01
 1.25000000E-01
 2.50000000E-01
 6.87500000E-01
 1.87500000E-01
 7.50000000E-01
 8.43750000E-01
 1.25000000E-01
 7.50000000E-01
 9.37500000E-01
 6.25000000E-02
 7.50000000E-01
 8.12500000E-01
 6.25000000E-02
 7.50000000E-01
 8.12500000E-01
 1.87500000E-01
 5.00000000E-01
 7.65625000E-01
 1.25000000E-01
 5.00000000E-01
 7.96875000E-01
 1.25000000E-01
 5.00000000E-01
 8.28125000E-01
 1.25000000E-01
 5.00000000E-01
 7.81250000E-01
 6.25000000E-02
 5.00000000E-01
 8.59375000E-01
 1.25000000E-01
 5.00000000E-01
 8.43750000E-01
 6.25000000E-02
 5.00000000E-01
 7.81250000E-01
 1.87500000E-01
 2.50000000E-01
 6.25000000E-01
 2.81250000E-01
 2.50000000E-01
 6.25000000E-01
 3.12500000E-02
 2.50000000E-01
 6.25000000E-01
 3.43750000E-01
 2.50000000E-01
 6.25000000E-01
 9.37500000E-02
 2.50000000E-01
 6.25000000E-01
 1.56250000E-01
 5.00000000E-01
 9.06250000E-01
 6.25000000E-02
 7.50000000E-01
 8.75000000E-01
 3.12500000E-02
 2.50000000E-01
 6.25000000E-01
 2.18750000E-01
 7.50000000E-01
 8.75000000E-01
 9.37500000E-02
 5.00000000E-01
 8.12500000E-01
 3.12500000E-02
 5.00000000E-01
 8.12500000E-01
 9.37500000E-02
 5.00000000E-01
 9.37500000E-01
 3.12500000E-02
 5.00000000E-01
 8.12500000E-01
 1.56250000E-01
 5.31250000E-01
 6.25000000E-01
 2.50000000E-01
 5.93750000E-01
 6.25000000E-01
 2.50000000E-01
 6.56250000E-01
 6.25000000E-01
 2.50000000E-01
 7.18750000E-01
 6.25000000E-01
 2.50000000E-01
 5.62500000E-01
 5.62500000E-01
 2.50000000E-01
 5.62500000E-01
 6.87500000E-01
 2.50000000E-01
 6.87500000E-01
 5.62500000E-01
 2.50000000E-01
 6.87500000E-01
 6.87500000E-01
 2.50000000E-01
 6.25000000E-01
 5.31250000E-01
 2.50000000E-01
 6.25000000E-01
 6.56250000E-01
 2.50000000E-01
 6.25000000E-01
 5.93750000E-01
 2.50000000E-01
 7.81250000E-01
 6.25000000E-01
 2.50000000E-01
 5.62500000E-01
 6.25000000E-01
 1.25000000E-01
 5.62500000E-01
 6.25000000E-01
 3.75000000E-01
 8.43750000E-01
 6.25000000E-01
 2.50000000E-01
 6.87500000E-01
 6.25000000E-01
 3.75000000E-01
 6.87500000E-01
 6.25000000E-01
 1.25000000E-01
 8.12500000E-01
 5.62500000E-01
 2.50000000E-01
 8.12500000E-01
 6.87500000E-01
 2.50000000E-01
 9.68750000E-01
 6.25000000E-01
 2.50000000E-01
 9.06250000E-01
 6.25000000E-01
 2.50000000E-01
 9.37500000E-01
 5.62500000E-01
 2.50000000E-01
 9.37500000E-01
 6.87500000E-01
 2.50000000E-01
 6.25000000E-01
 5.62500000E-01
 1.25000000E-01
 6.25000000E-01
 6.87500000E-01
 1.25000000E-01
 6.25000000E-01
 5.62500000E-01
 3.75000000E-01
 8.75000000E-01
 5.31250000E-01
 2.50000000E-01
 8.75000000E-01
 5.93750000E-01
 2.50000000E-01
 8.12500000E-01
 6.25000000E-01
 1.25000000E-01
 8.12500000E-01
 6.25000000E-01
 3.75000000E-01
 8.75000000E-01
 7.18750000E-01
 2.50000000E-01
 8.75000000E-01
 6.56250000E-01
 2.50000000E-01
 9.37500000E-01
 6.25000000E-01
 1.25000000E-01
 9.37500000E-01
 6.25000000E-01
 3.75000000E-01
 8.75000000E-01
 5.62500000E-01
 1.25000000E-01
 8.75000000E-01
 5.62500000E-01
 3.75000000E-01
 8.75000000E-01
 6.87500000E-01
 1.25000000E-01
 7.50000000E-01
 5.15625000E-01
 2.50000000E-01
 7.50000000E-01
 5.46875000E-01
 2.50000000E-01
 7.50000000E-01
 5.78125000E-01
 2.50000000E-01
 6.25000000E-01
 6.25000000E-01
 3.12500000E-01
 7.50000000E-01
 6.09375000E-01
 2.50000000E-01
 6.25000000E-01
 6.25000000E-01
 1.87500000E-01
 7.50000000E-01
 5.31250000E-01
 1.25000000E-01
 7.50000000E-01
 5.31250000E-01
 3.75000000E-01
 7.50000000E-01
 6.40625000E-01
 2.50000000E-01
 7.50000000E-01
 6.71875000E-01
 2.50000000E-01
 7.50000000E-01
 5.93750000E-01
 1.25000000E-01
 7.50000000E-01
 7.03125000E-01
 2.50000000E-01
 7.50000000E-01
 5.93750000E-01
 3.75000000E-01
 7.50000000E-01
 7.34375000E-01
 2.50000000E-01
 5.62500000E-01
 7.50000000E-01
 1.87500000E-01
 7.50000000E-01
 6.56250000E-01
 1.25000000E-01
 7.50000000E-01
 7.18750000E-01
 1.25000000E-01
 6.87500000E-01
 7.50000000E-01
 1.87500000E-01
 8.75000000E-01
 6.25000000E-01
 6.25000000E-02
 8.75000000E-01
 6.25000000E-01
 3.12500000E-01
 8.75000000E-01
 6.25000000E-01
 1.87500000E-01
 9.84375000E-01
 7.50000000E-01
 2.50000000E-01
 7.50000000E-01
 5.62500000E-01
 6.25000000E-02
 9.68750000E-01
 7.50000000E-01
 1.25000000E-01
 7.50000000E-01
 5.62500000E-01
 1.87500000E-01
 7.50000000E-01
 6.87500000E-01
 3.12500000E-01
 8.12500000E-01
 7.50000000E-01
 1.87500000E-01
 7.50000000E-01
 5.62500000E-01
 4.37500000E-01
 7.50000000E-01
 5.62500000E-01
 3.12500000E-01
 7.50000000E-01
 6.87500000E-01
 6.25000000E-02
 7.50000000E-01
 6.87500000E-01
 1.87500000E-01
 9.37500000E-01
 7.50000000E-01
 6.25000000E-02
 9.37500000E-01
 7.50000000E-01
 1.87500000E-01
 5.00000000E-01
 5.07812500E-01
 2.50000000E-01
 5.00000000E-01
 5.23437500E-01
 2.50000000E-01
 5.00000000E-01
 8.75000000E-01
 1.56250000E-02
 5.00000000E-01
 8.75000000E-01
 7.81250000E-02
 5.00000000E-01
 8.75000000E-01
 4.68750000E-02
 5.00000000E-01
 8.75000000E-01
 1.09375000E-01
 5.00000000E-01
 5.39062500E-01
 2.50000000E-01
 5.00000000E-01
 5.54687500E-01
 2.50000000E-01
 5.00000000E-01
 5.70312500E-01
 2.50000000E-01
 5.00000000E-01
 5.85937500E-01
 2.50000000E-01
 5.00000000E-01
 6.01562500E-01
 2.50000000E-01
 5.00000000E-01
 5.15625000E-01
 1.25000000E-01
 5.00000000E-01
 5.15625000E-01
 3.75000000E-01
 5.00000000E-01
 6.17187500E-01
 2.50000000E-01
 5.00000000E-01
 5.46875000E-01
 1.25000000E-01
 5.00000000E-01
 5.46875000E-01
 3.75000000E-01
 5.00000000E-01
 6.32812500E-01
 2.50000000E-01
 5.00000000E-01
 6.64062500E-01
 2.50000000E-01
 5.00000000E-01
 6.48437500E-01
 2.50000000E-01
 5.00000000E-01
 6.79687500E-01
 2.50000000E-01
 5.00000000E-01
 5.78125000E-01
 1.25000000E-01
 5.00000000E-01
 6.09375000E-01
 1.25000000E-01
 5.00000000E-01
 5.78125000E-01
 3.75000000E-01
 5.00000000E-01
 6.09375000E-01
 3.75000000E-01
 5.00000000E-01
 6.95312500E-01
 2.50000000E-01
 5.00000000E-01
 6.40625000E-01
 1.25000000E-01
 5.00000000E-01
 7.10937500E-01
 2.50000000E-01
 5.00000000E-01
 7.26562500E-01
 2.50000000E-01
 5.00000000E-01
 7.42187500E-01
 2.50000000E-01
 5.00000000E-01
 6.71875000E-01
 1.25000000E-01
 5.00000000E-01
 7.03125000E-01
 1.25000000E-01
 5.00000000E-01
 7.34375000E-01
 1.25000000E-01
 5.00000000E-01
 5.31250000E-01
 6.25000000E-02
 5.00000000E-01
 5.31250000E-01
 1.87500000E-01
 5.00000000E-01
 5.31250000E-01
 3.12500000E-01
 5.00000000E-01
 5.31250000E-01
 4.37500000E-01
 5.00000000E-01
 5.93750000E-01
 6.25000000E-02
 5.00000000E-01
 6.56250000E-01
 3.12500000E-01
 5.00000000E-01
 5.93750000E-01
 1.87500000E-01
 5.00000000E-01
 6.56250000E-01
 6.25000000E-02
 5.00000000E-01
 6.56250000E-01
 1.87500000E-01
 5.00000000E-01
 5.93750000E-01
 3.12500000E-01
 5.00000000E-01
 7.18750000E-01
 6.25000000E-02
 6.25000000E-01
 7.50000000E-01
 1.56250000E-01
 5.00000000E-01
 7.18750000E-01
 1.87500000E-01
 6.25000000E-01
 7.50000000E-01
 2.18750000E-01
 8.75000000E-01
 7.50000000E-01
 3.12500000E-02
 8.75000000E-01
 7.50000000E-01
 1.56250000E-01
 8.75000000E-01
 7.50000000E-01
 2.18750000E-01
 8.75000000E-01
 7.50000000E-01
 9.37500000E-02
 7.50000000E-01
 6.25000000E-01
 2.81250000E-01
 7.50000000E-01
 6.25000000E-01
 3.43750000E-01
 7.50000000E-01
 6.25000000E-01
 3.12500000E-02
 7.50000000E-01
 6.25000000E-01
 9.37500000E-02
 5.00000000E-01
 6.87500000E-01
 2.81250000E-01
 7.50000000E-01
 6.25000000E-01
 1.56250000E-01
 7.50000000E-01
 6.25000000E-01
 2.18750000E-01
 5.00000000E-01
 6.87500000E-01
 3.12500000E-02
 5.00000000E-01
 6.87500000E-01
 9.37500000E-02
 5.00000000E-01
 6.87500000E-01
 1.56250000E-01
 5.00000000E-01
 6.87500000E-01
 2.18750000E-01
 2.50000000E-01
 7.50000000E-01
 1.56250000E-02
 2.50000000E-01
 7.50000000E-01
 4.68750000E-02
 2.50000000E-01
 7.50000000E-01
 7.81250000E-02
 2.50000000E-01
 7.50000000E-01
 1.09375000E-01
 5.00000000E-01
 6.25000000E-01
 2.65625000E-01
 5.00000000E-01
 6.25000000E-01
 2.96875000E-01
 5.00000000E-01
 6.25000000E-01
 3.28125000E-01
 5.00000000E-01
 6.25000000E-01
 3.59375000E-01
 5.00000000E-01
 5.62500000E-01
 2.81250000E-01
 5.00000000E-01
 5.62500000E-01
 4.06250000E-01
 5.00000000E-01
 5.62500000E-01
 3.12500000E-02
 2.50000000E-01
 7.50000000E-01
 1.40625000E-01
 2.50000000E-01
 7.50000000E-01
 1.71875000E-01
 5.00000000E-01
 5.62500000E-01
 3.43750000E-01
 5.00000000E-01
 5.62500000E-01
 9.37500000E-02
 2.50000000E-01
 7.50000000E-01
 2.34375000E-01
 2.50000000E-01
 7.50000000E-01
 2.03125000E-01
 5.00000000E-01
 5.62500000E-01
 1.56250000E-01
 2.81250000E-01
 2.50000000E-01
 6.25000000E-01
 5.00000000E-01
 5.62500000E-01
 2.18750000E-01
 2.81250000E-01
 1.25000000E-01
 7.50000000E-01
 2.65625000E-01
 2.50000000E-01
 2.50000000E-01
 2.81250000E-01
 3.75000000E-01
 2.50000000E-01
 2.81250000E-01
 4.37500000E-01
 5.00000000E-01
 2.81250000E-01
 2.50000000E-01
 1.25000000E-01
 3.43750000E-01
 1.25000000E-01
 7.50000000E-01
 2.81250000E-01
 2.50000000E-01
 3.75000000E-01
 3.43750000E-01
 2.50000000E-01
 6.25000000E-01
 2.65625000E-01
 5.00000000E-01
 1.25000000E-01
 2.81250000E-01
 5.00000000E-01
 1.87500000E-01
 3.12500000E-01
 2.50000000E-01
 5.62500000E-01
 2.73437500E-01
 5.00000000E-01
 2.50000000E-01
 3.12500000E-01
 1.25000000E-01
 8.75000000E-01
 2.65625000E-01
 5.00000000E-01
 3.75000000E-01
 3.12500000E-01
 2.50000000E-01
 6.87500000E-01
 3.12500000E-01
 3.75000000E-01
 6.25000000E-01
 2.81250000E-01
 5.00000000E-01
 3.12500000E-01
 2.81250000E-01
 5.00000000E-01
 4.37500000E-01
 3.12500000E-01
 1.87500000E-01
 7.50000000E-01
 3.12500000E-01
 1.25000000E-01
 6.25000000E-01
 7.50000000E-01
 7.50000000E-01
 1.56250000E-02
 7.50000000E-01
 7.50000000E-01
 4.68750000E-02
 7.50000000E-01
 7.50000000E-01
 7.81250000E-02
 3.43750000E-01
 4.37500000E-01
 5.00000000E-01
 7.50000000E-01
 7.50000000E-01
 1.09375000E-01
 3.12500000E-01
 2.50000000E-01
 1.87500000E-01
 3.12500000E-01
 3.75000000E-01
 1.25000000E-01
 3.12500000E-01
 4.37500000E-01
 2.50000000E-01
 3.12500000E-01
 3.75000000E-01
 3.75000000E-01
 3.12500000E-01
 2.50000000E-01
 3.12500000E-01
 3.12500000E-01
 2.50000000E-01
 4.37500000E-01
 7.50000000E-01
 7.50000000E-01
 1.40625000E-01
 7.50000000E-01
 7.50000000E-01
 1.71875000E-01
 7.50000000E-01
 7.50000000E-01
 2.34375000E-01
 7.50000000E-01
 7.50000000E-01
 2.03125000E-01
 4.06250000E-01
 2.50000000E-01
 6.25000000E-01
 4.06250000E-01
 1.25000000E-01
 7.50000000E-01
 4.68750000E-01
 1.25000000E-01
 7.50000000E-01
 4.37500000E-01
 1.25000000E-01
 8.75000000E-01
 4.37500000E-01
 2.50000000E-01
 6.87500000E-01
 4.68750000E-01
 2.50000000E-01
 6.25000000E-01
 5.00000000E-01
 6.25000000E-01
 1.56250000E-02
 5.00000000E-01
 6.25000000E-01
 4.68750000E-02
 4.37500000E-01
 3.75000000E-01
 6.25000000E-01
 4.37500000E-01
 1.25000000E-01
 6.25000000E-01
 5.00000000E-01
 6.25000000E-01
 7.81250000E-02
 5.00000000E-01
 6.25000000E-01
 1.09375000E-01
 4.37500000E-01
 1.87500000E-01
 7.50000000E-01
 5.00000000E-01
 6.25000000E-01
 2.03125000E-01
 5.00000000E-01
 6.25000000E-01
 2.34375000E-01
 5.00000000E-01
 7.50000000E-01
 7.81250000E-03
 5.00000000E-01
 7.50000000E-01
 2.34375000E-02
 5.00000000E-01
 6.25000000E-01
 1.40625000E-01
 5.00000000E-01
 6.25000000E-01
 1.71875000E-01
 5.00000000E-01
 7.50000000E-01
 3.90625000E-02
 5.00000000E-01
 7.50000000E-01
 5.46875000E-02
 5.00000000E-01
 7.50000000E-01
 7.03125000E-02
 3.75000000E-01
 6.25000000E-02
 8.75000000E-01
 5.00000000E-01
 7.50000000E-01
 8.59375000E-02
 3.75000000E-01
 1.25000000E-01
 8.12500000E-01
 5.00000000E-01
 7.50000000E-01
 1.01562500E-01
 5.00000000E-01
 7.50000000E-01
 1.17187500E-01
 3.75000000E-01
 1.25000000E-01
 5.62500000E-01
 3.75000000E-01
 2.50000000E-01
 6.56250000E-01
 3.75000000E-01
 2.50000000E-01
 5.93750000E-01
 3.75000000E-01
 2.50000000E-01
 7.18750000E-01
 3.75000000E-01
 3.75000000E-01
 5.62500000E-01
 3.12500000E-01
 5.00000000E-01
 2.18750000E-01
 3.75000000E-01
 1.25000000E-01
 6.87500000E-01
 5.00000000E-01
 7.50000000E-01
 1.32812500E-01
 5.00000000E-01
 7.50000000E-01
 1.48437500E-01
 3.12500000E-01
 5.00000000E-01
 2.81250000E-01
 3.75000000E-01
 3.12500000E-01
 6.25000000E-01
 3.75000000E-01
 1.56250000E-01
 7.50000000E-01
 5.00000000E-01
 7.50000000E-01
 1.64062500E-01
 5.00000000E-01
 7.50000000E-01
 1.79687500E-01
 3.75000000E-01
 2.18750000E-01
 7.50000000E-01
 3.75000000E-01
 1.87500000E-01
 6.25000000E-01
 5.00000000E-01
 7.50000000E-01
 1.95312500E-01
 5.00000000E-01
 7.50000000E-01
 2.10937500E-01
 5.00000000E-01
 7.50000000E-01
 2.26562500E-01
 5.00000000E-01
 7.50000000E-01
 2.42187500E-01
 3.75000000E-01
 9.37500000E-02
 7.50000000E-01
 4.68750000E-01
 4.37500000E-01
 5.00000000E-01
 4.37500000E-01
 4.37500000E-01
 2.50000000E-01
 4.68750000E-01
 5.00000000E-01
 4.37500000E-01
 4.37500000E-01
 3.75000000E-01
 3.75000000E-01
 4.37500000E-01
 2.50000000E-01
 3.12500000E-01
 4.37500000E-01
 2.50000000E-01
 4.37500000E-01
 4.06250000E-01
 4.37500000E-01
 5.00000000E-01
 3.75000000E-01
 1.56250000E-02
 5.00000000E-01
 3.75000000E-01
 3.12500000E-02
 2.50000000E-01
 4.06250000E-01
 5.00000000E-01
 4.37500000E-01
 4.37500000E-01
 5.00000000E-01
 2.81250000E-01
 3.75000000E-01
 1.25000000E-01
 3.12500000E-01
 3.75000000E-01
 4.06250000E-01
 2.50000000E-01
 3.75000000E-01
 4.68750000E-01
 2.50000000E-01
 3.75000000E-01
 4.37500000E-01
 1.25000000E-01
 3.75000000E-01
 4.37500000E-01
 3.75000000E-01
 3.75000000E-01
 3.75000000E-01
 1.87500000E-01
 3.75000000E-01
 3.75000000E-01
 3.12500000E-01
 3.75000000E-01
 3.75000000E-01
 4.37500000E-01
 3.75000000E-01
 2.50000000E-01
 2.18750000E-01
 3.75000000E-01
 2.50000000E-01
 2.81250000E-01
 3.75000000E-01
 2.50000000E-01
 3.43750000E-01
 3.75000000E-01
 2.50000000E-01
 4.68750000E-01
 9.37500000E-02
 2.50000000E-01
 6.25000000E-01
 3.75000000E-01
 4.53125000E-01
 5.00000000E-01
 9.37500000E-02
 1.25000000E-01
 7.50000000E-01
 3.75000000E-01
 4.84375000E-01
 5.00000000E-01
 1.56250000E-02
 2.50000000E-01
 7.50000000E-01
 9.37500000E-02
 3.75000000E-01
 2.50000000E-01
 9.37500000E-02
 4.37500000E-01
 5.00000000E-01
 3.90625000E-03
 5.00000000E-01
 5.00000000E-01
 7.81250000E-03
 2.50000000E-01
 5.00000000E-01
 7.81250000E-03
 5.00000000E-01
 2.50000000E-01
 3.12500000E-02
 1.25000000E-01
 7.50000000E-01
 1.56250000E-02
 1.25000000E-01
 5.00000000E-01
 1.56250000E-02
 3.75000000E-01
 5.00000000E-01
 1.56250000E-02
 2.50000000E-01
 2.50000000E-01
 3.12500000E-02
 2.50000000E-01
 6.25000000E-01
 1.56250000E-02
 5.00000000E-01
 1.25000000E-01
 1.56250000E-02
 5.00000000E-01
 3.75000000E-01
 9.37500000E-02
 5.00000000E-01
 1.87500000E-01
 6.25000000E-02
 2.50000000E-01
 5.62500000E-01
 6.25000000E-02
 2.50000000E-01
 6.87500000E-01
 6.25000000E-02
 1.25000000E-01
 8.75000000E-01
 6.25000000E-02
 3.75000000E-01
 6.25000000E-01
 6.25000000E-02
 1.25000000E-01
 6.25000000E-01
 9.37500000E-02
 5.00000000E-01
 4.37500000E-01
 3.12500000E-02
 6.25000000E-02
 5.00000000E-01
 3.12500000E-02
 1.87500000E-01
 5.00000000E-01
 3.12500000E-02
 1.25000000E-01
 2.50000000E-01
 3.12500000E-02
 3.12500000E-01
 5.00000000E-01
 3.12500000E-02
 3.75000000E-01
 2.50000000E-01
 3.12500000E-02
 2.50000000E-01
 1.25000000E-01
 3.12500000E-02
 4.37500000E-01
 5.00000000E-01
 3.12500000E-02
 2.50000000E-01
 3.75000000E-01
 6.25000000E-02
 1.87500000E-01
 7.50000000E-01
 3.12500000E-02
 5.00000000E-01
 6.25000000E-02
 6.25000000E-02
 6.25000000E-02
 7.50000000E-01
 6.25000000E-02
 3.12500000E-02
 5.00000000E-01
 3.12500000E-02
 5.00000000E-01
 1.87500000E-01
 6.25000000E-02
 9.37500000E-02
 5.00000000E-01
 6.25000000E-02
 6.25000000E-02
 2.50000000E-01
 3.12500000E-02
 5.00000000E-01
 3.12500000E-01
 3.12500000E-02
 5.00000000E-01
 4.37500000E-01
 6.25000000E-02
 1.25000000E-01
 1.25000000E-01
 6.25000000E-02
 1.87500000E-01
 2.50000000E-01
 6.25000000E-02
 1.25000000E-01
 3.75000000E-01
 6.25000000E-02
 1.56250000E-01
 5.00000000E-01
 6.25000000E-02
 2.18750000E-01
 5.00000000E-01
 1.56250000E-01
 1.25000000E-01
 7.50000000E-01
 2.18750000E-01
 1.25000000E-01
 7.50000000E-01
 6.25000000E-02
 3.12500000E-01
 2.50000000E-01
 1.56250000E-01
 2.50000000E-01
 6.25000000E-01
 2.18750000E-01
 2.50000000E-01
 6.25000000E-01
 1.87500000E-01
 1.25000000E-01
 8.75000000E-01
 6.25000000E-02
 4.37500000E-01
 2.50000000E-01
 6.25000000E-02
 3.75000000E-01
 1.25000000E-01
 6.25000000E-02
 3.75000000E-01
 3.75000000E-01
 6.25000000E-02
 2.50000000E-01
 6.25000000E-02
 1.87500000E-01
 2.50000000E-01
 6.87500000E-01
 1.87500000E-01
 2.50000000E-01
 5.62500000E-01
 6.25000000E-02
 2.50000000E-01
 1.87500000E-01
 6.25000000E-02
 2.50000000E-01
 3.12500000E-01
 6.25000000E-02
 2.50000000E-01
 4.37500000E-01
 6.25000000E-02
 2.81250000E-01
 5.00000000E-01
 1.87500000E-01
 3.75000000E-01
 6.25000000E-01
 6.25000000E-02
 3.43750000E-01
 5.00000000E-01
 1.87500000E-01
 1.25000000E-01
 6.25000000E-01
 1.87500000E-01
 1.87500000E-01
 7.50000000E-01
 1.25000000E-01
 2.50000000E-01
 5.31250000E-01
 6.25000000E-02
 4.06250000E-01
 5.00000000E-01
 6.25000000E-02
 4.68750000E-01
 5.00000000E-01
 1.25000000E-01
 1.25000000E-01
 5.62500000E-01
 1.25000000E-01
 2.50000000E-01
 5.93750000E-01
 1.25000000E-01
 2.50000000E-01
 6.56250000E-01
 1.25000000E-01
 3.75000000E-01
 5.62500000E-01
 1.25000000E-01
 1.25000000E-01
 8.12500000E-01
 1.25000000E-01
 2.50000000E-01
 7.18750000E-01
 1.25000000E-01
 6.25000000E-02
 8.75000000E-01
 6.25000000E-02
 5.00000000E-01
 3.12500000E-02
 6.25000000E-02
 5.00000000E-01
 1.56250000E-01
 6.25000000E-02
 5.00000000E-01
 9.37500000E-02
 1.25000000E-01
 1.25000000E-01
 6.87500000E-01
 6.25000000E-02
 5.00000000E-01
 2.18750000E-01
 1.25000000E-01
 6.25000000E-02
 6.25000000E-01
 1.25000000E-01
 3.12500000E-01
 6.25000000E-01
 6.25000000E-02
 5.00000000E-01
 2.81250000E-01
 6.25000000E-02
 5.00000000E-01
 3.43750000E-01
 6.25000000E-02
 5.00000000E-01
 4.06250000E-01
 1.25000000E-01
 1.87500000E-01
 6.25000000E-01
 6.25000000E-02
 5.00000000E-01
 4.68750000E-01
 3.75000000E-01
 5.00000000E-01
 2.34375000E-01
 1.25000000E-01
 1.56250000E-01
 7.50000000E-01
 1.25000000E-01
 2.18750000E-01
 7.50000000E-01
 3.75000000E-01
 5.00000000E-01
 2.65625000E-01
 1.25000000E-01
 9.37500000E-02
 7.50000000E-01
 3.75000000E-01
 5.00000000E-01
 4.53125000E-01
 1.25000000E-01
 3.12500000E-02
 7.50000000E-01
 1.56250000E-01
 3.75000000E-01
 2.50000000E-01
 1.56250000E-01
 4.37500000E-01
 5.00000000E-01
 1.56250000E-01
 5.00000000E-01
 1.87500000E-01
 1.56250000E-01
 5.00000000E-01
 4.37500000E-01
 2.18750000E-01
 3.75000000E-01
 2.50000000E-01
 2.18750000E-01
 4.37500000E-01
 5.00000000E-01
 2.18750000E-01
 5.00000000E-01
 1.87500000E-01
 1.87500000E-01
 4.37500000E-01
 2.50000000E-01
 1.87500000E-01
 3.75000000E-01
 1.25000000E-01
 1.87500000E-01
 2.50000000E-01
 1.87500000E-01
 1.87500000E-01
 2.50000000E-01
 3.12500000E-01
 1.87500000E-01
 3.75000000E-01
 3.75000000E-01
 1.87500000E-01
 2.50000000E-01
 4.37500000E-01
 9.06250000E-01
 2.50000000E-01
 6.25000000E-01
 9.06250000E-01
 1.25000000E-01
 7.50000000E-01
 9.06250000E-01
 5.00000000E-01
 4.37500000E-01
 9.06250000E-01
 4.37500000E-01
 5.00000000E-01
 9.84375000E-01
 1.25000000E-01
 5.00000000E-01
 9.68750000E-01
 6.25000000E-02
 5.00000000E-01
 9.92187500E-01
 2.50000000E-01
 5.00000000E-01
 9.68750000E-01
 1.87500000E-01
 5.00000000E-01
 9.68750000E-01
 1.25000000E-01
 2.50000000E-01
 9.68750000E-01
 1.25000000E-01
 7.50000000E-01
 9.84375000E-01
 3.75000000E-01
 5.00000000E-01
 9.84375000E-01
 2.50000000E-01
 2.50000000E-01
 9.84375000E-01
 2.50000000E-01
 7.50000000E-01
 9.68750000E-01
 3.75000000E-01
 2.50000000E-01
 9.68750000E-01
 3.12500000E-01
 5.00000000E-01
 9.68750000E-01
 4.37500000E-01
 5.00000000E-01
 9.68750000E-01
 2.50000000E-01
 1.25000000E-01
 9.68750000E-01
 2.50000000E-01
 3.75000000E-01
 9.68750000E-01
 2.50000000E-01
 6.25000000E-01
 9.96093750E-01
 5.00000000E-01
 5.00000000E-01
 9.92187500E-01
 5.00000000E-01
 2.50000000E-01
 9.84375000E-01
 5.00000000E-01
 1.25000000E-01
 9.84375000E-01
 5.00000000E-01
 3.75000000E-01
 1.87500000E-01
 5.00000000E-01
 2.18750000E-01
 9.68750000E-01
 5.00000000E-01
 6.25000000E-02
 9.68750000E-01
 5.00000000E-01
 1.87500000E-01
 1.25000000E-01
 1.56250000E-02
 5.00000000E-01
 1.25000000E-01
 3.12500000E-02
 2.50000000E-01
 1.25000000E-01
 4.68750000E-02
 5.00000000E-01
 1.25000000E-01
 9.37500000E-02
 2.50000000E-01
 9.68750000E-01
 5.00000000E-01
 3.12500000E-01
 9.68750000E-01
 5.00000000E-01
 4.37500000E-01
 1.25000000E-01
 7.81250000E-02
 5.00000000E-01
 1.25000000E-01
 6.25000000E-02
 1.25000000E-01
 1.25000000E-01
 1.09375000E-01
 5.00000000E-01
 1.25000000E-01
 6.25000000E-02
 3.75000000E-01
 1.25000000E-01
 1.40625000E-01
 5.00000000E-01
 1.25000000E-01
 1.56250000E-01
 2.50000000E-01
 1.25000000E-01
 1.71875000E-01
 5.00000000E-01
 1.25000000E-01
 1.87500000E-01
 1.25000000E-01
 1.25000000E-01
 1.25000000E-01
 6.25000000E-02
 1.25000000E-01
 2.18750000E-01
 2.50000000E-01
 1.25000000E-01
 1.87500000E-01
 3.75000000E-01
 1.25000000E-01
 2.03125000E-01
 5.00000000E-01
 1.25000000E-01
 2.34375000E-01
 5.00000000E-01
 1.25000000E-01
 1.25000000E-01
 3.12500000E-01
 1.25000000E-01
 1.25000000E-01
 4.37500000E-01
 8.43750000E-01
 2.50000000E-01
 6.25000000E-01
 8.43750000E-01
 1.25000000E-01
 7.50000000E-01
 8.43750000E-01
 4.37500000E-01
 5.00000000E-01
 7.81250000E-01
 1.25000000E-01
 7.50000000E-01
 7.81250000E-01
 2.50000000E-01
 6.25000000E-01
 7.81250000E-01
 4.37500000E-01
 5.00000000E-01
 1.25000000E-01
 2.81250000E-01
 2.50000000E-01
 1.25000000E-01
 2.65625000E-01
 5.00000000E-01
 1.25000000E-01
 2.96875000E-01
 5.00000000E-01
 1.25000000E-01
 3.12500000E-01
 1.25000000E-01
 1.25000000E-01
 3.43750000E-01
 2.50000000E-01
 1.25000000E-01
 3.12500000E-01
 3.75000000E-01
 1.25000000E-01
 3.28125000E-01
 5.00000000E-01
 1.25000000E-01
 3.59375000E-01
 5.00000000E-01
 1.25000000E-01
 4.06250000E-01
 2.50000000E-01
 1.25000000E-01
 4.68750000E-01
 2.50000000E-01
 1.25000000E-01
 4.37500000E-01
 1.25000000E-01
 1.25000000E-01
 3.90625000E-01
 5.00000000E-01
 1.25000000E-01
 4.37500000E-01
 3.75000000E-01
 1.25000000E-01
 3.75000000E-01
 6.25000000E-02
 1.25000000E-01
 4.21875000E-01
 5.00000000E-01
 1.25000000E-01
 3.75000000E-01
 1.87500000E-01
 1.25000000E-01
 4.84375000E-01
 5.00000000E-01
 1.25000000E-01
 4.53125000E-01
 5.00000000E-01
 1.25000000E-01
 3.75000000E-01
 3.12500000E-01
 1.25000000E-01
 3.75000000E-01
 4.37500000E-01
 9.37500000E-01
 3.12500000E-02
 5.00000000E-01
 9.37500000E-01
 9.37500000E-02
 5.00000000E-01
 9.37500000E-01
 6.25000000E-02
 2.50000000E-01
 9.37500000E-01
 6.25000000E-02
 7.50000000E-01
 9.37500000E-01
 1.87500000E-01
 2.50000000E-01
 9.37500000E-01
 1.25000000E-01
 1.25000000E-01
 9.37500000E-01
 1.25000000E-01
 3.75000000E-01
 9.37500000E-01
 1.56250000E-01
 5.00000000E-01
 9.37500000E-01
 2.18750000E-01
 5.00000000E-01
 9.37500000E-01
 1.87500000E-01
 7.50000000E-01
 9.37500000E-01
 2.50000000E-01
 5.62500000E-01
 9.37500000E-01
 1.25000000E-01
 8.75000000E-01
 9.37500000E-01
 1.25000000E-01
 6.25000000E-01
 9.37500000E-01
 2.50000000E-01
 6.87500000E-01
 9.37500000E-01
 3.75000000E-01
 6.25000000E-01
 9.37500000E-01
 3.12500000E-01
 2.50000000E-01
 9.37500000E-01
 4.37500000E-01
 2.50000000E-01
 9.37500000E-01
 3.75000000E-01
 1.25000000E-01
 9.37500000E-01
 2.50000000E-01
 3.12500000E-01
 9.37500000E-01
 3.75000000E-01
 3.75000000E-01
 9.37500000E-01
 2.50000000E-01
 4.37500000E-01
 9.37500000E-01
 2.50000000E-01
 6.25000000E-02
 9.37500000E-01
 2.50000000E-01
 1.87500000E-01
 9.37500000E-01
 2.81250000E-01
 5.00000000E-01
 1.25000000E-01
 2.50000000E-01
 3.12500000E-02
 9.37500000E-01
 3.43750000E-01
 5.00000000E-01
 1.25000000E-01
 2.50000000E-01
 9.37500000E-02
 9.37500000E-01
 4.06250000E-01
 5.00000000E-01
 1.25000000E-01
 2.50000000E-01
 1.56250000E-01
 9.37500000E-01
 4.68750000E-01
 5.00000000E-01
 1.25000000E-01
 2.50000000E-01
 2.18750000E-01
 8.12500000E-01
 1.25000000E-01
 6.25000000E-01
 8.12500000E-01
 2.50000000E-01
 6.87500000E-01
 8.12500000E-01
 3.75000000E-01
 6.25000000E-01
 8.12500000E-01
 1.25000000E-01
 8.75000000E-01
 1.25000000E-01
 2.50000000E-01
 2.81250000E-01
 1.25000000E-01
 2.50000000E-01
 3.43750000E-01
 8.12500000E-01
 1.87500000E-01
 7.50000000E-01
 1.25000000E-01
 2.50000000E-01
 4.06250000E-01
 8.12500000E-01
 3.12500000E-02
 5.00000000E-01
 1.25000000E-01
 2.50000000E-01
 4.68750000E-01
 8.12500000E-01
 1.25000000E-01
 3.75000000E-01
 9.37500000E-01
 5.00000000E-01
 3.12500000E-02
 9.37500000E-01
 5.00000000E-01
 9.37500000E-02
 9.37500000E-01
 5.00000000E-01
 1.56250000E-01
 9.37500000E-01
 5.00000000E-01
 2.18750000E-01
 8.75000000E-01
 2.50000000E-01
 5.31250000E-01
 8.75000000E-01
 1.25000000E-01
 5.62500000E-01
 8.75000000E-01
 2.50000000E-01
 5.93750000E-01
 9.37500000E-01
 5.00000000E-01
 2.81250000E-01
 8.75000000E-01
 1.25000000E-01
 6.87500000E-01
 9.37500000E-01
 5.00000000E-01
 3.43750000E-01
 8.75000000E-01
 3.75000000E-01
 5.62500000E-01
 9.37500000E-01
 5.00000000E-01
 4.06250000E-01
 9.37500000E-01
 5.00000000E-01
 4.68750000E-01
 8.75000000E-01
 2.50000000E-01
 7.18750000E-01
 8.75000000E-01
 2.50000000E-01
 6.56250000E-01
 8.75000000E-01
 6.25000000E-02
 6.25000000E-01
 8.75000000E-01
 1.87500000E-01
 6.25000000E-01
 8.12500000E-01
 4.37500000E-01
 2.50000000E-01
 8.12500000E-01
 3.75000000E-01
 3.75000000E-01
 8.75000000E-01
 6.25000000E-02
 8.75000000E-01
 8.75000000E-01
 1.25000000E-01
 8.12500000E-01
 8.12500000E-01
 2.50000000E-01
 3.12500000E-01
 8.12500000E-01
 2.50000000E-01
 4.37500000E-01
 8.75000000E-01
 3.12500000E-01
 6.25000000E-01
 7.81250000E-01
 5.00000000E-01
 4.37500000E-01
 8.12500000E-01
 5.00000000E-01
 2.81250000E-01
 8.43750000E-01
 5.00000000E-01
 4.37500000E-01
 8.75000000E-01
 3.12500000E-02
 7.50000000E-01
 8.75000000E-01
 9.37500000E-02
 7.50000000E-01
 8.75000000E-01
 1.56250000E-01
 7.50000000E-01
 8.75000000E-01
 2.18750000E-01
 7.50000000E-01
 1.25000000E-01
 5.00000000E-01
 1.56250000E-02
 1.25000000E-01
 5.00000000E-01
 4.68750000E-02
 2.50000000E-01
 7.81250000E-03
 5.00000000E-01
 2.50000000E-01
 2.34375000E-02
 5.00000000E-01
 1.25000000E-01
 5.00000000E-01
 7.81250000E-02
 2.50000000E-01
 1.56250000E-02
 2.50000000E-01
 1.25000000E-01
 5.00000000E-01
 1.09375000E-01
 2.50000000E-01
 1.56250000E-02
 7.50000000E-01
 2.50000000E-01
 4.68750000E-02
 2.50000000E-01
 2.50000000E-01
 3.12500000E-02
 1.25000000E-01
 2.50000000E-01
 3.12500000E-02
 3.75000000E-01
 2.50000000E-01
 3.90625000E-02
 5.00000000E-01
 2.50000000E-01
 5.46875000E-02
 5.00000000E-01
 1.25000000E-01
 5.00000000E-01
 1.40625000E-01
 2.50000000E-01
 7.03125000E-02
 5.00000000E-01
 1.25000000E-01
 5.00000000E-01
 1.71875000E-01
 2.50000000E-01
 8.59375000E-02
 5.00000000E-01
 2.50000000E-01
 7.81250000E-02
 2.50000000E-01
 2.50000000E-01
 4.68750000E-02
 7.50000000E-01
 1.25000000E-01
 5.00000000E-01
 2.03125000E-01
 1.25000000E-01
 5.00000000E-01
 2.34375000E-01
 2.50000000E-01
 1.01562500E-01
 5.00000000E-01
 2.50000000E-01
 1.09375000E-01
 2.50000000E-01
 2.50000000E-01
 1.17187500E-01
 5.00000000E-01
 2.50000000E-01
 1.09375000E-01
 7.50000000E-01
 2.50000000E-01
 9.37500000E-02
 1.25000000E-01
 2.50000000E-01
 9.37500000E-02
 3.75000000E-01
 2.50000000E-01
 7.81250000E-02
 7.50000000E-01
 2.50000000E-01
 9.37500000E-02
 8.75000000E-01
 2.50000000E-01
 9.37500000E-02
 6.25000000E-01
 2.50000000E-01
 6.25000000E-02
 6.25000000E-02
 2.50000000E-01
 6.25000000E-02
 1.87500000E-01
 2.50000000E-01
 6.25000000E-02
 3.12500000E-01
 2.50000000E-01
 6.25000000E-02
 4.37500000E-01
 2.50000000E-01
 3.12500000E-02
 6.25000000E-01
 2.50000000E-01
 3.12500000E-02
 8.75000000E-01
 2.50000000E-01
 1.32812500E-01
 5.00000000E-01
 2.50000000E-01
 1.40625000E-01
 2.50000000E-01
 2.50000000E-01
 1.48437500E-01
 5.00000000E-01
 2.50000000E-01
 1.40625000E-01
 7.50000000E-01
 2.50000000E-01
 1.64062500E-01
 5.00000000E-01
 2.50000000E-01
 1.71875000E-01
 2.50000000E-01
 2.50000000E-01
 1.71875000E-01
 7.50000000E-01
 2.50000000E-01
 1.79687500E-01
 5.00000000E-01
 2.50000000E-01
 1.56250000E-01
 1.25000000E-01
 2.50000000E-01
 1.56250000E-01
 3.75000000E-01
 2.50000000E-01
 1.56250000E-01
 6.25000000E-01
 2.50000000E-01
 1.95312500E-01
 5.00000000E-01
 2.50000000E-01
 2.03125000E-01
 2.50000000E-01
 2.50000000E-01
 2.10937500E-01
 5.00000000E-01
 2.50000000E-01
 2.03125000E-01
 7.50000000E-01
 2.50000000E-01
 2.34375000E-01
 2.50000000E-01
 2.50000000E-01
 2.26562500E-01
 5.00000000E-01
 2.50000000E-01
 2.18750000E-01
 1.25000000E-01
 2.50000000E-01
 2.42187500E-01
 5.00000000E-01
 2.50000000E-01
 2.18750000E-01
 3.75000000E-01
 2.50000000E-01
 1.87500000E-01
 8.12500000E-01
 2.50000000E-01
 2.34375000E-01
 7.50000000E-01
 2.50000000E-01
 1.87500000E-01
 6.25000000E-02
 2.50000000E-01
 1.87500000E-01
 1.87500000E-01
 2.50000000E-01
 2.18750000E-01
 6.25000000E-01
 2.50000000E-01
 1.87500000E-01
 3.12500000E-01
 2.50000000E-01
 1.87500000E-01
 4.37500000E-01
 2.50000000E-01
 6.25000000E-02
 5.62500000E-01
 2.50000000E-01
 6.25000000E-02
 6.87500000E-01
 2.50000000E-01
 6.25000000E-02
 8.12500000E-01
 2.50000000E-01
 6.25000000E-02
 9.37500000E-01
 2.50000000E-01
 1.25000000E-01
 3.12500000E-02
 2.50000000E-01
 1.87500000E-01
 5.62500000E-01
 2.50000000E-01
 1.87500000E-01
 6.87500000E-01
 1.25000000E-01
 5.00000000E-01
 2.65625000E-01
 1.25000000E-01
 5.00000000E-01
 2.96875000E-01
 1.25000000E-01
 5.00000000E-01
 3.28125000E-01
 1.25000000E-01
 5.00000000E-01
 3.59375000E-01
 2.50000000E-01
 1.25000000E-01
 7.81250000E-01
 2.50000000E-01
 1.25000000E-01
 8.43750000E-01
 1.25000000E-01
 5.00000000E-01
 3.90625000E-01
 1.25000000E-01
 5.00000000E-01
 4.21875000E-01
 1.25000000E-01
 5.00000000E-01
 4.84375000E-01
 1.25000000E-01
 5.00000000E-01
 4.53125000E-01
 2.50000000E-01
 1.25000000E-01
 5.31250000E-01
 2.50000000E-01
 1.25000000E-01
 5.93750000E-01
 2.50000000E-01
 1.25000000E-01
 2.81250000E-01
 2.50000000E-01
 1.25000000E-01
 3.43750000E-01
 8.75000000E-01
 3.12500000E-02
 2.50000000E-01
 8.75000000E-01
 6.25000000E-02
 3.75000000E-01
 2.50000000E-01
 1.25000000E-01
 4.06250000E-01
 8.75000000E-01
 6.25000000E-02
 1.25000000E-01
 2.50000000E-01
 1.25000000E-01
 4.68750000E-01
 8.75000000E-01
 1.56250000E-01
 2.50000000E-01
 8.75000000E-01
 2.18750000E-01
 2.50000000E-01
 8.75000000E-01
 1.87500000E-01
 1.25000000E-01
 8.75000000E-01
 1.87500000E-01
 3.75000000E-01
 2.50000000E-01
 1.25000000E-01
 6.56250000E-01
 8.75000000E-01
 1.56250000E-02
 5.00000000E-01
 8.75000000E-01
 4.68750000E-02
 5.00000000E-01
 8.75000000E-01
 7.81250000E-02
 5.00000000E-01
 8.75000000E-01
 1.25000000E-01
 3.12500000E-01
 8.75000000E-01
 1.09375000E-01
 5.00000000E-01
 8.75000000E-01
 1.25000000E-01
 4.37500000E-01
 8.75000000E-01
 1.25000000E-01
 6.25000000E-02
 2.50000000E-01
 1.25000000E-01
 7.18750000E-01
 8.75000000E-01
 1.40625000E-01
 5.00000000E-01
 8.75000000E-01
 2.81250000E-01
 2.50000000E-01
 8.75000000E-01
 1.71875000E-01
 5.00000000E-01
 8.75000000E-01
 3.43750000E-01
 2.50000000E-01
 8.75000000E-01
 2.03125000E-01
 5.00000000E-01
 8.75000000E-01
 2.34375000E-01
 5.00000000E-01
 8.75000000E-01
 3.12500000E-01
 1.25000000E-01
 8.75000000E-01
 3.12500000E-01
 3.75000000E-01
 8.75000000E-01
 4.06250000E-01
 2.50000000E-01
 8.75000000E-01
 4.68750000E-01
 2.50000000E-01
 8.75000000E-01
 4.37500000E-01
 1.25000000E-01
 8.75000000E-01
 4.37500000E-01
 3.75000000E-01
 8.75000000E-01
 3.75000000E-01
 6.25000000E-02
 8.75000000E-01
 3.75000000E-01
 1.87500000E-01
 8.75000000E-01
 2.50000000E-01
 3.12500000E-02
 8.75000000E-01
 2.50000000E-01
 9.37500000E-02
 8.75000000E-01
 2.50000000E-01
 1.56250000E-01
 8.75000000E-01
 2.50000000E-01
 2.18750000E-01
 2.50000000E-01
 3.43750000E-01
 6.25000000E-01
 2.50000000E-01
 2.81250000E-01
 6.25000000E-01
 8.75000000E-01
 3.75000000E-01
 3.12500000E-01
 8.75000000E-01
 3.75000000E-01
 4.37500000E-01
 2.50000000E-01
 3.12500000E-01
 6.87500000E-01
 8.75000000E-01
 2.65625000E-01
 5.00000000E-01
 2.50000000E-01
 3.12500000E-01
 5.62500000E-01
 2.50000000E-01
 4.37500000E-01
 5.62500000E-01
 8.75000000E-01
 2.96875000E-01
 5.00000000E-01
 8.75000000E-01
 2.50000000E-01
 2.81250000E-01
 8.75000000E-01
 2.50000000E-01
 3.43750000E-01
 8.75000000E-01
 3.28125000E-01
 5.00000000E-01
 8.75000000E-01
 3.59375000E-01
 5.00000000E-01
 8.75000000E-01
 2.50000000E-01
 4.06250000E-01
 8.75000000E-01
 2.50000000E-01
 4.68750000E-01
 8.75000000E-01
 3.90625000E-01
 5.00000000E-01
 8.75000000E-01
 4.21875000E-01
 5.00000000E-01
 2.50000000E-01
 2.57812500E-01
 5.00000000E-01
 8.75000000E-01
 4.84375000E-01
 5.00000000E-01
 8.75000000E-01
 4.53125000E-01
 5.00000000E-01
 2.50000000E-01
 2.73437500E-01
 5.00000000E-01
 2.50000000E-01
 2.65625000E-01
 2.50000000E-01
 2.50000000E-01
 2.96875000E-01
 2.50000000E-01
 2.50000000E-01
 3.75000000E-01
 5.93750000E-01
 2.50000000E-01
 3.75000000E-01
 5.31250000E-01
 2.50000000E-01
 2.89062500E-01
 5.00000000E-01
 2.50000000E-01
 2.81250000E-01
 1.25000000E-01
 2.50000000E-01
 3.04687500E-01
 5.00000000E-01
 2.50000000E-01
 2.81250000E-01
 3.75000000E-01
 2.50000000E-01
 2.50000000E-01
 5.15625000E-01
 2.50000000E-01
 2.50000000E-01
 5.46875000E-01
 2.50000000E-01
 3.28125000E-01
 2.50000000E-01
 2.50000000E-01
 2.50000000E-01
 5.78125000E-01
 2.50000000E-01
 3.59375000E-01
 2.50000000E-01
 2.50000000E-01
 3.43750000E-01
 1.25000000E-01
 2.50000000E-01
 2.50000000E-01
 6.09375000E-01
 2.50000000E-01
 3.43750000E-01
 3.75000000E-01
 2.50000000E-01
 3.20312500E-01
 5.00000000E-01
 2.50000000E-01
 3.35937500E-01
 5.00000000E-01
 2.50000000E-01
 3.51562500E-01
 5.00000000E-01
 2.50000000E-01
 3.67187500E-01
 5.00000000E-01
 2.50000000E-01
 2.50000000E-01
 6.71875000E-01
 2.50000000E-01
 2.50000000E-01
 7.03125000E-01
 2.50000000E-01
 2.50000000E-01
 7.34375000E-01
 2.50000000E-01
 3.12500000E-01
 6.25000000E-02
 2.50000000E-01
 2.50000000E-01
 6.40625000E-01
 2.50000000E-01
 3.12500000E-01
 1.87500000E-01
 2.50000000E-01
 3.12500000E-01
 3.12500000E-01
 2.50000000E-01
 4.06250000E-01
 1.25000000E-01
 2.50000000E-01
 4.68750000E-01
 1.25000000E-01
 2.50000000E-01
 3.12500000E-01
 4.37500000E-01
 2.50000000E-01
 4.37500000E-01
 6.25000000E-02
 2.50000000E-01
 3.75000000E-01
 3.12500000E-02
 2.50000000E-01
 4.37500000E-01
 1.87500000E-01
 2.50000000E-01
 3.90625000E-01
 2.50000000E-01
 2.50000000E-01
 4.21875000E-01
 2.50000000E-01
 2.50000000E-01
 3.75000000E-01
 2.18750000E-01
 2.50000000E-01
 4.53125000E-01
 2.50000000E-01
 2.50000000E-01
 4.06250000E-01
 3.75000000E-01
 2.50000000E-01
 4.84375000E-01
 2.50000000E-01
 2.50000000E-01
 2.50000000E-01
 1.56250000E-02
 2.50000000E-01
 4.68750000E-01
 3.75000000E-01
 2.50000000E-01
 4.37500000E-01
 3.12500000E-01
 2.50000000E-01
 4.37500000E-01
 4.37500000E-01
 2.50000000E-01
 4.76562500E-01
 5.00000000E-01
 2.50000000E-01
 4.92187500E-01
 5.00000000E-01
 2.50000000E-01
 4.60937500E-01
 5.00000000E-01
 2.50000000E-01
 4.45312500E-01
 5.00000000E-01
 2.50000000E-01
 3.75000000E-01
 4.06250000E-01
 2.50000000E-01
 3.75000000E-01
 4.68750000E-01
 2.50000000E-01
 3.75000000E-01
 2.81250000E-01
 2.50000000E-01
 3.75000000E-01
 3.43750000E-01
 2.50000000E-01
 3.82812500E-01
 5.00000000E-01
 2.50000000E-01
 3.98437500E-01
 5.00000000E-01
 2.50000000E-01
 2.50000000E-01
 1.71875000E-01
 2.50000000E-01
 2.50000000E-01
 2.34375000E-01
 2.50000000E-01
 2.50000000E-01
 2.03125000E-01
 2.50000000E-01
 4.14062500E-01
 5.00000000E-01
 2.50000000E-01
 4.29687500E-01
 5.00000000E-01
 8.75000000E-01
 5.00000000E-01
 1.56250000E-02
 8.75000000E-01
 5.00000000E-01
 4.68750000E-02
 8.75000000E-01
 5.00000000E-01
 7.81250000E-02
 8.75000000E-01
 5.00000000E-01
 1.09375000E-01
 8.75000000E-01
 5.00000000E-01
 1.40625000E-01
 8.75000000E-01
 5.00000000E-01
 1.71875000E-01
 8.75000000E-01
 5.00000000E-01
 2.03125000E-01
 8.75000000E-01
 5.00000000E-01
 2.34375000E-01
 5.62500000E-01
 4.37500000E-01
 2.50000000E-01
 5.62500000E-01
 3.75000000E-01
 3.75000000E-01
 5.62500000E-01
 2.50000000E-01
 3.12500000E-01
 5.62500000E-01
 2.50000000E-01
 4.37500000E-01
 6.87500000E-01
 1.25000000E-01
 3.75000000E-01
 6.87500000E-01
 4.37500000E-01
 2.50000000E-01
 6.25000000E-01
 3.12500000E-02
 2.50000000E-01
 6.87500000E-01
 3.75000000E-01
 3.75000000E-01
 6.25000000E-01
 6.25000000E-02
 3.75000000E-01
 6.87500000E-01
 2.50000000E-01
 3.12500000E-01
 6.25000000E-01
 1.87500000E-01
 3.75000000E-01
 6.25000000E-01
 1.25000000E-01
 3.12500000E-01
 6.87500000E-01
 2.50000000E-01
 4.37500000E-01
 6.25000000E-01
 1.25000000E-01
 4.37500000E-01
 8.75000000E-01
 5.00000000E-01
 3.90625000E-01
 8.75000000E-01
 5.00000000E-01
 2.65625000E-01
 8.75000000E-01
 5.00000000E-01
 4.21875000E-01
 8.75000000E-01
 5.00000000E-01
 2.96875000E-01
 8.75000000E-01
 5.00000000E-01
 4.53125000E-01
 8.75000000E-01
 5.00000000E-01
 4.84375000E-01
 8.75000000E-01
 5.00000000E-01
 3.28125000E-01
 6.25000000E-01
 4.06250000E-01
 2.50000000E-01
 8.75000000E-01
 5.00000000E-01
 3.59375000E-01
 7.50000000E-01
 1.56250000E-02
 2.50000000E-01
 6.25000000E-01
 4.37500000E-01
 3.75000000E-01
 7.50000000E-01
 3.12500000E-02
 1.25000000E-01
 7.50000000E-01
 3.12500000E-02
 3.75000000E-01
 7.50000000E-01
 9.37500000E-02
 1.25000000E-01
 7.50000000E-01
 9.37500000E-02
 3.75000000E-01
 7.50000000E-01
 6.25000000E-02
 6.25000000E-02
 6.25000000E-01
 3.75000000E-01
 3.12500000E-01
 6.25000000E-01
 3.75000000E-01
 4.37500000E-01
 7.50000000E-01
 6.25000000E-02
 1.87500000E-01
 7.50000000E-01
 6.25000000E-02
 3.12500000E-01
 7.50000000E-01
 6.25000000E-02
 4.37500000E-01
 2.50000000E-01
 2.50000000E-01
 2.65625000E-01
 2.50000000E-01
 2.50000000E-01
 2.96875000E-01
 7.50000000E-01
 1.71875000E-01
 2.50000000E-01
 7.50000000E-01
 1.56250000E-01
 1.25000000E-01
 7.50000000E-01
 2.03125000E-01
 2.50000000E-01
 7.50000000E-01
 2.34375000E-01
 2.50000000E-01
 7.50000000E-01
 1.56250000E-01
 3.75000000E-01
 7.50000000E-01
 2.18750000E-01
 1.25000000E-01
 2.50000000E-01
 2.50000000E-01
 3.59375000E-01
 2.50000000E-01
 2.50000000E-01
 3.28125000E-01
 7.50000000E-01
 1.87500000E-01
 6.25000000E-02
 7.50000000E-01
 1.87500000E-01
 1.87500000E-01
 7.50000000E-01
 2.18750000E-01
 3.75000000E-01
 6.25000000E-01
 2.50000000E-01
 2.81250000E-01
 6.25000000E-01
 2.50000000E-01
 3.43750000E-01
 7.50000000E-01
 1.87500000E-01
 3.12500000E-01
 7.50000000E-01
 1.87500000E-01
 4.37500000E-01
 2.50000000E-01
 2.50000000E-01
 3.90625000E-01
 2.50000000E-01
 2.50000000E-01
 4.21875000E-01
 6.25000000E-01
 2.50000000E-01
 4.68750000E-01
 7.50000000E-01
 1.25000000E-01
 3.12500000E-02
 7.50000000E-01
 1.25000000E-01
 9.37500000E-02
 2.50000000E-01
 2.50000000E-01
 4.53125000E-01
 2.50000000E-01
 2.50000000E-01
 4.84375000E-01
 7.50000000E-01
 1.25000000E-01
 2.81250000E-01
 7.50000000E-01
 1.25000000E-01
 3.43750000E-01
 7.50000000E-01
 1.25000000E-01
 4.06250000E-01
 7.50000000E-01
 1.25000000E-01
 4.68750000E-01
 7.50000000E-01
 2.65625000E-01
 2.50000000E-01
 7.50000000E-01
 2.96875000E-01
 2.50000000E-01
 7.50000000E-01
 2.81250000E-01
 1.25000000E-01
 7.50000000E-01
 2.81250000E-01
 3.75000000E-01
 7.50000000E-01
 3.28125000E-01
 2.50000000E-01
 7.50000000E-01
 3.59375000E-01
 2.50000000E-01
 7.50000000E-01
 3.12500000E-01
 6.25000000E-02
 7.50000000E-01
 3.43750000E-01
 1.25000000E-01
 7.50000000E-01
 3.12500000E-01
 1.87500000E-01
 7.50000000E-01
 3.43750000E-01
 3.75000000E-01
 7.50000000E-01
 3.12500000E-01
 3.12500000E-01
 7.50000000E-01
 3.12500000E-01
 4.37500000E-01
 7.50000000E-01
 3.75000000E-01
 2.81250000E-01
 7.50000000E-01
 4.37500000E-01
 3.12500000E-01
 7.50000000E-01
 3.75000000E-01
 3.43750000E-01
 7.50000000E-01
 4.06250000E-01
 3.75000000E-01
 7.50000000E-01
 4.68750000E-01
 3.75000000E-01
 7.50000000E-01
 4.37500000E-01
 4.37500000E-01
 7.50000000E-01
 3.75000000E-01
 4.06250000E-01
 7.50000000E-01
 3.75000000E-01
 4.68750000E-01
 7.50000000E-01
 3.75000000E-01
 3.12500000E-02
 7.50000000E-01
 2.50000000E-01
 1.56250000E-02
 7.50000000E-01
 4.37500000E-01
 6.25000000E-02
 7.50000000E-01
 3.90625000E-01
 2.50000000E-01
 7.50000000E-01
 4.21875000E-01
 2.50000000E-01
 7.50000000E-01
 4.06250000E-01
 1.25000000E-01
 7.50000000E-01
 3.75000000E-01
 2.18750000E-01
 7.50000000E-01
 4.53125000E-01
 2.50000000E-01
 7.50000000E-01
 4.84375000E-01
 2.50000000E-01
 7.50000000E-01
 4.68750000E-01
 1.25000000E-01
 7.50000000E-01
 2.50000000E-01
 2.03125000E-01
 7.50000000E-01
 2.50000000E-01
 2.34375000E-01
 7.50000000E-01
 2.50000000E-01
 2.65625000E-01
 7.50000000E-01
 2.50000000E-01
 2.96875000E-01
 7.50000000E-01
 2.50000000E-01
 3.28125000E-01
 7.50000000E-01
 2.50000000E-01
 3.59375000E-01
 5.31250000E-01
 4.37500000E-01
 5.00000000E-01
 5.62500000E-01
 3.75000000E-01
 6.25000000E-01
 5.93750000E-01
 4.37500000E-01
 5.00000000E-01
 6.56250000E-01
 4.37500000E-01
 5.00000000E-01
 7.50000000E-01
 2.50000000E-01
 3.90625000E-01
 7.50000000E-01
 2.50000000E-01
 4.21875000E-01
 7.18750000E-01
 4.37500000E-01
 5.00000000E-01
 7.50000000E-01
 2.50000000E-01
 4.53125000E-01
 6.87500000E-01
 3.75000000E-01
 6.25000000E-01
 7.50000000E-01
 2.50000000E-01
 4.84375000E-01
 6.25000000E-01
 3.12500000E-01
 6.25000000E-01
 7.50000000E-01
 3.43750000E-01
 6.25000000E-01
 7.50000000E-01
 2.81250000E-01
 6.25000000E-01
 6.25000000E-01
 3.75000000E-01
 5.62500000E-01
 7.50000000E-01
 4.37500000E-01
 5.62500000E-01
 7.50000000E-01
 3.12500000E-01
 6.87500000E-01
 7.50000000E-01
 3.12500000E-01
 5.62500000E-01
 6.25000000E-01
 4.53125000E-01
 5.00000000E-01
 6.25000000E-01
 4.84375000E-01
 5.00000000E-01
 7.50000000E-01
 3.75000000E-01
 5.31250000E-01
 7.50000000E-01
 3.75000000E-01
 5.93750000E-01
 5.31250000E-01
 1.25000000E-01
 7.50000000E-01
 5.93750000E-01
 1.25000000E-01
 7.50000000E-01
 5.62500000E-01
 1.25000000E-01
 8.75000000E-01
 5.62500000E-01
 1.87500000E-01
 7.50000000E-01
 5.62500000E-01
 1.25000000E-01
 6.25000000E-01
 7.50000000E-01
 3.20312500E-01
 5.00000000E-01
 7.50000000E-01
 3.35937500E-01
 5.00000000E-01
 7.50000000E-01
 3.51562500E-01
 5.00000000E-01
 7.50000000E-01
 3.67187500E-01
 5.00000000E-01
 7.50000000E-01
 2.73437500E-01
 5.00000000E-01
 7.50000000E-01
 2.57812500E-01
 5.00000000E-01
 7.50000000E-01
 2.89062500E-01
 5.00000000E-01
 7.50000000E-01
 3.04687500E-01
 5.00000000E-01
 6.56250000E-01
 1.25000000E-01
 7.50000000E-01
 7.18750000E-01
 1.25000000E-01
 7.50000000E-01
 6.87500000E-01
 1.87500000E-01
 7.50000000E-01
 6.87500000E-01
 1.25000000E-01
 8.75000000E-01
 6.87500000E-01
 1.25000000E-01
 6.25000000E-01
 6.25000000E-01
 1.56250000E-01
 7.50000000E-01
 6.25000000E-01
 2.18750000E-01
 7.50000000E-01
 6.25000000E-01
 6.25000000E-02
 8.75000000E-01
 6.25000000E-01
 1.87500000E-01
 6.25000000E-01
 6.25000000E-01
 1.25000000E-01
 8.12500000E-01
 6.25000000E-01
 1.25000000E-01
 5.62500000E-01
 6.25000000E-01
 9.37500000E-02
 7.50000000E-01
 6.25000000E-01
 1.56250000E-02
 5.00000000E-01
 6.25000000E-01
 1.25000000E-01
 6.87500000E-01
 7.50000000E-01
 4.92187500E-01
 5.00000000E-01
 7.50000000E-01
 4.76562500E-01
 5.00000000E-01
 5.31250000E-01
 2.50000000E-01
 6.25000000E-01
 5.93750000E-01
 2.50000000E-01
 6.25000000E-01
 7.50000000E-01
 4.45312500E-01
 5.00000000E-01
 7.50000000E-01
 4.60937500E-01
 5.00000000E-01
 7.50000000E-01
 3.82812500E-01
 5.00000000E-01
 7.50000000E-01
 3.98437500E-01
 5.00000000E-01
 7.50000000E-01
 7.81250000E-03
 5.00000000E-01
 7.50000000E-01
 2.34375000E-02
 5.00000000E-01
 7.50000000E-01
 1.56250000E-02
 7.50000000E-01
 7.50000000E-01
 3.90625000E-02
 5.00000000E-01
 7.50000000E-01
 4.14062500E-01
 5.00000000E-01
 7.50000000E-01
 5.46875000E-02
 5.00000000E-01
 7.50000000E-01
 4.29687500E-01
 5.00000000E-01
 7.50000000E-01
 4.68750000E-02
 7.50000000E-01
 5.62500000E-01
 2.50000000E-01
 6.87500000E-01
 7.50000000E-01
 3.12500000E-02
 6.25000000E-01
 7.50000000E-01
 3.12500000E-02
 8.75000000E-01
 7.50000000E-01
 7.03125000E-02
 5.00000000E-01
 7.50000000E-01
 8.59375000E-02
 5.00000000E-01
 6.56250000E-01
 2.50000000E-01
 6.25000000E-01
 7.50000000E-01
 1.01562500E-01
 5.00000000E-01
 7.50000000E-01
 1.17187500E-01
 5.00000000E-01
 7.50000000E-01
 7.81250000E-02
 7.50000000E-01
 7.50000000E-01
 1.09375000E-01
 7.50000000E-01
 7.18750000E-01
 2.50000000E-01
 6.25000000E-01
 7.50000000E-01
 9.37500000E-02
 6.25000000E-01
 6.87500000E-01
 2.50000000E-01
 6.87500000E-01
 7.50000000E-01
 6.25000000E-02
 5.62500000E-01
 7.50000000E-01
 6.25000000E-02
 6.87500000E-01
 7.50000000E-01
 6.25000000E-02
 9.37500000E-01
 7.50000000E-01
 9.37500000E-02
 8.75000000E-01
 7.50000000E-01
 6.25000000E-02
 8.12500000E-01
 6.25000000E-01
 2.50000000E-01
 5.93750000E-01
 6.25000000E-01
 2.50000000E-01
 7.18750000E-01
 7.50000000E-01
 1.32812500E-01
 5.00000000E-01
 7.50000000E-01
 1.48437500E-01
 5.00000000E-01
 7.50000000E-01
 1.40625000E-01
 7.50000000E-01
 6.25000000E-01
 2.50000000E-01
 6.56250000E-01
 7.50000000E-01
 1.71875000E-01
 7.50000000E-01
 7.50000000E-01
 1.64062500E-01
 5.00000000E-01
 7.50000000E-01
 1.56250000E-01
 6.25000000E-01
 7.50000000E-01
 1.79687500E-01
 5.00000000E-01
 7.50000000E-01
 1.95312500E-01
 5.00000000E-01
 7.50000000E-01
 2.03125000E-01
 7.50000000E-01
 7.50000000E-01
 2.10937500E-01
 5.00000000E-01
 7.50000000E-01
 1.87500000E-01
 8.12500000E-01
 7.50000000E-01
 2.26562500E-01
 5.00000000E-01
 7.50000000E-01
 2.42187500E-01
 5.00000000E-01
 7.50000000E-01
 2.34375000E-01
 7.50000000E-01
 7.50000000E-01
 2.50000000E-01
 5.15625000E-01
 7.50000000E-01
 2.18750000E-01
 6.25000000E-01
 7.50000000E-01
 2.50000000E-01
 5.46875000E-01
 7.50000000E-01
 1.87500000E-01
 5.62500000E-01
 7.50000000E-01
 1.25000000E-01
 5.31250000E-01
 7.50000000E-01
 2.50000000E-01
 5.78125000E-01
 7.50000000E-01
 2.50000000E-01
 6.09375000E-01
 7.50000000E-01
 1.25000000E-01
 5.93750000E-01
 7.50000000E-01
 2.50000000E-01
 6.71875000E-01
 7.50000000E-01
 1.87500000E-01
 6.87500000E-01
 7.50000000E-01
 2.50000000E-01
 7.34375000E-01
 7.50000000E-01
 2.50000000E-01
 7.03125000E-01
 7.50000000E-01
 1.25000000E-01
 7.81250000E-01
 7.50000000E-01
 2.50000000E-01
 6.40625000E-01
 7.50000000E-01
 1.25000000E-01
 6.56250000E-01
 7.50000000E-01
 1.25000000E-01
 8.43750000E-01
 7.50000000E-01
 1.25000000E-01
 7.18750000E-01
 5.00000000E-01
 2.50000000E-01
 5.07812500E-01
 5.00000000E-01
 2.50000000E-01
 5.23437500E-01
 5.00000000E-01
 1.25000000E-01
 5.15625000E-01
 5.00000000E-01
 3.75000000E-01
 5.15625000E-01
 5.00000000E-01
 2.50000000E-01
 5.39062500E-01
 5.00000000E-01
 1.25000000E-01
 5.46875000E-01
 5.00000000E-01
 2.50000000E-01
 5.54687500E-01
 5.00000000E-01
 3.75000000E-01
 5.46875000E-01
 5.00000000E-01
 2.50000000E-01
 5.70312500E-01
 5.00000000E-01
 2.50000000E-01
 5.85937500E-01
 5.00000000E-01
 2.50000000E-01
 6.01562500E-01
 5.00000000E-01
 1.25000000E-01
 5.78125000E-01
 5.00000000E-01
 2.50000000E-01
 6.17187500E-01
 6.56250000E-01
 5.00000000E-01
 4.37500000E-01
 5.00000000E-01
 3.75000000E-01
 5.78125000E-01
 5.00000000E-01
 6.25000000E-02
 5.93750000E-01
 5.00000000E-01
 6.25000000E-02
 5.31250000E-01
 5.00000000E-01
 1.87500000E-01
 5.93750000E-01
 5.00000000E-01
 1.25000000E-01
 6.09375000E-01
 5.00000000E-01
 1.87500000E-01
 5.31250000E-01
 5.00000000E-01
 3.12500000E-01
 5.31250000E-01
 5.00000000E-01
 4.37500000E-01
 5.31250000E-01
 5.00000000E-01
 3.75000000E-01
 6.09375000E-01
 5.00000000E-01
 2.50000000E-01
 6.64062500E-01
 5.00000000E-01
 2.50000000E-01
 6.32812500E-01
 5.00000000E-01
 3.12500000E-01
 5.93750000E-01
 5.00000000E-01
 2.50000000E-01
 6.79687500E-01
 5.00000000E-01
 2.50000000E-01
 6.95312500E-01
 5.00000000E-01
 2.50000000E-01
 6.48437500E-01
 5.00000000E-01
 1.25000000E-01
 6.71875000E-01
 5.00000000E-01
 1.25000000E-01
 6.40625000E-01
 5.00000000E-01
 2.50000000E-01
 7.10937500E-01
 5.00000000E-01
 2.50000000E-01
 7.42187500E-01
 5.00000000E-01
 2.50000000E-01
 7.26562500E-01
 5.00000000E-01
 1.25000000E-01
 7.34375000E-01
 5.00000000E-01
 1.25000000E-01
 7.03125000E-01
 6.87500000E-01
 5.00000000E-01
 2.81250000E-01
 7.18750000E-01
 5.00000000E-01
 4.37500000E-01
 5.00000000E-01
 6.25000000E-02
 7.18750000E-01
 5.00000000E-01
 1.87500000E-01
 7.18750000E-01
 5.00000000E-01
 3.12500000E-02
 5.62500000E-01
 5.00000000E-01
 9.37500000E-02
 5.62500000E-01
 5.00000000E-01
 1.25000000E-01
 7.65625000E-01
 5.00000000E-01
 1.56250000E-01
 5.62500000E-01
 5.00000000E-01
 2.18750000E-01
 5.62500000E-01
 5.00000000E-01
 1.25000000E-01
 7.96875000E-01
 5.00000000E-01
 6.25000000E-02
 7.81250000E-01
 5.00000000E-01
 1.25000000E-01
 8.28125000E-01
 5.00000000E-01
 1.87500000E-01
 7.81250000E-01
 5.00000000E-01
 1.25000000E-01
 8.59375000E-01
 5.00000000E-01
 6.25000000E-02
 9.06250000E-01
 5.00000000E-01
 6.25000000E-02
 8.43750000E-01
 5.00000000E-01
 3.12500000E-02
 9.37500000E-01
 5.00000000E-01
 3.12500000E-01
 6.56250000E-01
 5.00000000E-01
 6.25000000E-02
 6.56250000E-01
 5.00000000E-01
 3.12500000E-02
 8.12500000E-01
 5.00000000E-01
 9.37500000E-02
 8.12500000E-01
 5.00000000E-01
 1.87500000E-01
 6.56250000E-01
 5.00000000E-01
 2.81250000E-01
 5.62500000E-01
 5.00000000E-01
 4.06250000E-01
 5.62500000E-01
 5.00000000E-01
 1.56250000E-01
 8.12500000E-01
 5.00000000E-01
 3.43750000E-01
 5.62500000E-01
 5.00000000E-01
 2.81250000E-01
 6.87500000E-01
 5.00000000E-01
 3.28125000E-01
 6.25000000E-01
 5.00000000E-01
 3.59375000E-01
 6.25000000E-01
 5.00000000E-01
 2.65625000E-01
 6.25000000E-01
 5.00000000E-01
 1.56250000E-02
 8.75000000E-01
 5.00000000E-01
 2.96875000E-01
 6.25000000E-01
 5.00000000E-01
 4.68750000E-02
 8.75000000E-01
 5.00000000E-01
 1.09375000E-01
 8.75000000E-01
 5.00000000E-01
 7.81250000E-02
 8.75000000E-01
 5.00000000E-01
 3.12500000E-02
 6.87500000E-01
 5.00000000E-01
 9.37500000E-02
 6.87500000E-01
 5.31250000E-01
 5.00000000E-01
 4.37500000E-01
 5.93750000E-01
 5.00000000E-01
 4.37500000E-01
 5.62500000E-01
 5.00000000E-01
 2.81250000E-01
 5.00000000E-01
 2.18750000E-01
 6.87500000E-01
 5.00000000E-01
 1.56250000E-01
 6.87500000E-01
 6.25000000E-01
 5.00000000E-01
 4.53125000E-01
 6.25000000E-01
 5.00000000E-01
 2.65625000E-01
 6.25000000E-01
 5.00000000E-01
 2.96875000E-01
 5.00000000E-01
 1.64062500E-01
 7.50000000E-01
 5.00000000E-01
 1.79687500E-01
 7.50000000E-01
 5.00000000E-01
 1.32812500E-01
 7.50000000E-01
 5.00000000E-01
 1.48437500E-01
 7.50000000E-01
 5.00000000E-01
 1.71875000E-01
 6.25000000E-01
 5.00000000E-01
 1.95312500E-01
 7.50000000E-01
 5.00000000E-01
 1.40625000E-01
 6.25000000E-01
 5.00000000E-01
 2.10937500E-01
 7.50000000E-01
 5.00000000E-01
 2.03125000E-01
 6.25000000E-01
 5.00000000E-01
 2.42187500E-01
 7.50000000E-01
 5.00000000E-01
 2.26562500E-01
 7.50000000E-01
 2.50000000E-01
 5.00000000E-01
 7.81250000E-03
 5.00000000E-01
 2.34375000E-01
 6.25000000E-01
 5.00000000E-01
 1.56250000E-02
 6.25000000E-01
 5.00000000E-01
 4.68750000E-02
 6.25000000E-01
 2.50000000E-01
 5.00000000E-01
 1.17187500E-01
 5.00000000E-01
 7.81250000E-02
 6.25000000E-01
 5.00000000E-01
 1.09375000E-01
 6.25000000E-01
 2.50000000E-01
 5.00000000E-01
 1.32812500E-01
 2.50000000E-01
 5.00000000E-01
 1.48437500E-01
 2.50000000E-01
 5.00000000E-01
 1.64062500E-01
 2.50000000E-01
 5.00000000E-01
 1.79687500E-01
 2.50000000E-01
 5.00000000E-01
 1.95312500E-01
 2.50000000E-01
 5.00000000E-01
 2.10937500E-01
 2.50000000E-01
 5.00000000E-01
 2.42187500E-01
 2.50000000E-01
 5.00000000E-01
 2.26562500E-01
 7.50000000E-01
 5.00000000E-01
 7.81250000E-03
 7.50000000E-01
 5.00000000E-01
 1.17187500E-01
 2.50000000E-01
 5.00000000E-01
 3.51562500E-01
 2.50000000E-01
 5.00000000E-01
 3.67187500E-01
 2.50000000E-01
 5.00000000E-01
 3.20312500E-01
 2.50000000E-01
 5.00000000E-01
 3.35937500E-01
 2.50000000E-01
 5.00000000E-01
 2.57812500E-01
 2.50000000E-01
 5.00000000E-01
 2.73437500E-01
 2.50000000E-01
 5.00000000E-01
 2.89062500E-01
 2.50000000E-01
 5.00000000E-01
 3.04687500E-01
 7.50000000E-01
 5.00000000E-01
 1.32812500E-01
 5.00000000E-01
 7.81250000E-03
 7.50000000E-01
 7.50000000E-01
 5.00000000E-01
 1.48437500E-01
 5.00000000E-01
 2.34375000E-02
 7.50000000E-01
 7.50000000E-01
 5.00000000E-01
 1.64062500E-01
 5.00000000E-01
 3.90625000E-02
 7.50000000E-01
 7.50000000E-01
 5.00000000E-01
 1.79687500E-01
 5.00000000E-01
 5.46875000E-02
 7.50000000E-01
 5.00000000E-01
 7.81250000E-03
 2.50000000E-01
 5.00000000E-01
 1.56250000E-02
 1.25000000E-01
 5.00000000E-01
 1.56250000E-02
 3.75000000E-01
 5.00000000E-01
 4.68750000E-02
 1.25000000E-01
 5.00000000E-01
 4.68750000E-02
 3.75000000E-01
 7.50000000E-01
 5.00000000E-01
 1.95312500E-01
 7.50000000E-01
 5.00000000E-01
 2.10937500E-01
 7.50000000E-01
 5.00000000E-01
 2.26562500E-01
 5.00000000E-01
 3.12500000E-02
 6.25000000E-02
 5.00000000E-01
 3.12500000E-02
 1.87500000E-01
 7.50000000E-01
 5.00000000E-01
 2.42187500E-01
 5.00000000E-01
 7.81250000E-02
 1.25000000E-01
 5.00000000E-01
 1.09375000E-01
 1.25000000E-01
 5.00000000E-01
 7.81250000E-02
 3.75000000E-01
 5.00000000E-01
 3.12500000E-02
 3.12500000E-01
 5.00000000E-01
 1.09375000E-01
 3.75000000E-01
 5.00000000E-01
 9.37500000E-02
 6.25000000E-02
 5.00000000E-01
 3.12500000E-02
 4.37500000E-01
 5.00000000E-01
 6.25000000E-02
 3.12500000E-02
 5.00000000E-01
 9.37500000E-02
 3.12500000E-01
 5.00000000E-01
 9.37500000E-02
 4.37500000E-01
 5.00000000E-01
 6.25000000E-02
 9.37500000E-02
 5.00000000E-01
 6.25000000E-02
 2.18750000E-01
 5.00000000E-01
 6.25000000E-02
 2.81250000E-01
 5.00000000E-01
 6.25000000E-02
 3.43750000E-01
 5.00000000E-01
 6.25000000E-02
 4.06250000E-01
 5.00000000E-01
 6.25000000E-02
 4.68750000E-01
 2.50000000E-01
 5.00000000E-01
 4.76562500E-01
 2.50000000E-01
 5.00000000E-01
 4.92187500E-01
 2.50000000E-01
 5.00000000E-01
 4.60937500E-01
 2.50000000E-01
 5.00000000E-01
 4.45312500E-01
 2.50000000E-01
 5.00000000E-01
 3.82812500E-01
 2.50000000E-01
 5.00000000E-01
 3.98437500E-01
 2.50000000E-01
 5.00000000E-01
 4.14062500E-01
 2.50000000E-01
 5.00000000E-01
 4.29687500E-01
 7.50000000E-01
 5.00000000E-01
 2.57812500E-01
 7.50000000E-01
 5.00000000E-01
 2.73437500E-01
 5.00000000E-01
 1.01562500E-01
 7.50000000E-01
 5.00000000E-01
 1.17187500E-01
 7.50000000E-01
 7.50000000E-01
 5.00000000E-01
 2.89062500E-01
 5.00000000E-01
 1.32812500E-01
 2.50000000E-01
 5.00000000E-01
 1.48437500E-01
 2.50000000E-01
 7.50000000E-01
 5.00000000E-01
 3.04687500E-01
 5.00000000E-01
 1.40625000E-01
 1.25000000E-01
 5.00000000E-01
 1.64062500E-01
 2.50000000E-01
 5.00000000E-01
 1.40625000E-01
 3.75000000E-01
 5.00000000E-01
 1.79687500E-01
 2.50000000E-01
 5.00000000E-01
 1.71875000E-01
 1.25000000E-01
 5.00000000E-01
 1.71875000E-01
 3.75000000E-01
 5.00000000E-01
 1.56250000E-01
 6.25000000E-02
 7.50000000E-01
 5.00000000E-01
 3.82812500E-01
 7.50000000E-01
 5.00000000E-01
 3.98437500E-01
 7.50000000E-01
 5.00000000E-01
 4.14062500E-01
 7.50000000E-01
 5.00000000E-01
 4.29687500E-01
 5.00000000E-01
 1.56250000E-01
 3.12500000E-01
 5.00000000E-01
 1.56250000E-01
 4.37500000E-01
 5.00000000E-01
 7.03125000E-02
 7.50000000E-01
 7.50000000E-01
 5.00000000E-01
 3.51562500E-01
 5.00000000E-01
 8.59375000E-02
 7.50000000E-01
 7.50000000E-01
 5.00000000E-01
 3.67187500E-01
 7.50000000E-01
 5.00000000E-01
 3.20312500E-01
 7.50000000E-01
 5.00000000E-01
 4.45312500E-01
 7.50000000E-01
 5.00000000E-01
 3.35937500E-01
 7.50000000E-01
 5.00000000E-01
 4.60937500E-01
 7.50000000E-01
 5.00000000E-01
 4.76562500E-01
 5.00000000E-01
 1.95312500E-01
 2.50000000E-01
 5.00000000E-01
 2.10937500E-01
 2.50000000E-01
 7.50000000E-01
 5.00000000E-01
 4.92187500E-01
 5.00000000E-01
 2.03125000E-01
 1.25000000E-01
 5.00000000E-01
 2.34375000E-01
 1.25000000E-01
 5.00000000E-01
 2.26562500E-01
 2.50000000E-01
 5.00000000E-01
 2.03125000E-01
 3.75000000E-01
 5.00000000E-01
 2.18750000E-01
 6.25000000E-02
 5.00000000E-01
 2.42187500E-01
 2.50000000E-01
 5.00000000E-01
 2.18750000E-01
 3.12500000E-01
 5.00000000E-01
 2.34375000E-01
 3.75000000E-01
 5.00000000E-01
 1.87500000E-01
 3.12500000E-02
 5.00000000E-01
 2.18750000E-01
 4.37500000E-01
 5.00000000E-01
 1.25000000E-01
 1.56250000E-02
 5.00000000E-01
 1.25000000E-01
 4.68750000E-02
 5.00000000E-01
 1.87500000E-01
 2.18750000E-01
 5.00000000E-01
 1.25000000E-01
 7.81250000E-02
 5.00000000E-01
 1.87500000E-01
 2.81250000E-01
 5.00000000E-01
 1.87500000E-01
 3.43750000E-01
 5.00000000E-01
 1.87500000E-01
 4.06250000E-01
 5.00000000E-01
 1.87500000E-01
 4.68750000E-01
 5.00000000E-01
 1.25000000E-01
 3.28125000E-01
 5.00000000E-01
 1.25000000E-01
 3.59375000E-01
 5.00000000E-01
 1.25000000E-01
 3.90625000E-01
 5.00000000E-01
 2.57812500E-01
 2.50000000E-01
 5.00000000E-01
 1.25000000E-01
 4.21875000E-01
 5.00000000E-01
 2.73437500E-01
 2.50000000E-01
 5.00000000E-01
 1.25000000E-01
 4.53125000E-01
 5.00000000E-01
 2.89062500E-01
 2.50000000E-01
 5.00000000E-01
 1.25000000E-01
 4.84375000E-01
 5.00000000E-01
 3.04687500E-01
 2.50000000E-01
 5.00000000E-01
 2.65625000E-01
 1.25000000E-01
 5.00000000E-01
 2.96875000E-01
 1.25000000E-01
 5.00000000E-01
 2.65625000E-01
 3.75000000E-01
 5.00000000E-01
 2.81250000E-01
 6.25000000E-02
 5.00000000E-01
 2.96875000E-01
 3.75000000E-01
 5.00000000E-01
 3.20312500E-01
 2.50000000E-01
 5.00000000E-01
 3.35937500E-01
 2.50000000E-01
 5.00000000E-01
 3.28125000E-01
 1.25000000E-01
 5.00000000E-01
 2.81250000E-01
 3.12500000E-01
 5.00000000E-01
 3.28125000E-01
 3.75000000E-01
 5.00000000E-01
 3.59375000E-01
 1.25000000E-01
 5.00000000E-01
 2.81250000E-01
 4.37500000E-01
 5.00000000E-01
 3.51562500E-01
 2.50000000E-01
 5.00000000E-01
 3.67187500E-01
 2.50000000E-01
 5.00000000E-01
 3.43750000E-01
 6.25000000E-02
 5.00000000E-01
 3.12500000E-01
 3.12500000E-02
 5.00000000E-01
 3.59375000E-01
 3.75000000E-01
 5.00000000E-01
 3.43750000E-01
 3.12500000E-01
 5.00000000E-01
 3.12500000E-01
 2.18750000E-01
 5.00000000E-01
 3.43750000E-01
 4.37500000E-01
 5.00000000E-01
 3.12500000E-01
 2.81250000E-01
 5.00000000E-01
 3.12500000E-01
 3.43750000E-01
 5.00000000E-01
 3.12500000E-01
 4.06250000E-01
 5.00000000E-01
 3.90625000E-01
 1.25000000E-01
 5.00000000E-01
 3.12500000E-01
 4.68750000E-01
 5.00000000E-01
 4.21875000E-01
 1.25000000E-01
 5.00000000E-01
 3.82812500E-01
 2.50000000E-01
 5.00000000E-01
 3.98437500E-01
 2.50000000E-01
 5.00000000E-01
 4.06250000E-01
 6.25000000E-02
 5.00000000E-01
 4.14062500E-01
 2.50000000E-01
 5.00000000E-01
 4.29687500E-01
 2.50000000E-01
 5.00000000E-01
 3.90625000E-01
 3.75000000E-01
 5.00000000E-01
 4.53125000E-01
 1.25000000E-01
 5.00000000E-01
 4.21875000E-01
 3.75000000E-01
 5.00000000E-01
 4.06250000E-01
 3.12500000E-01
 5.00000000E-01
 4.06250000E-01
 4.37500000E-01
 5.00000000E-01
 4.84375000E-01
 1.25000000E-01
 5.00000000E-01
 4.68750000E-01
 6.25000000E-02
 5.00000000E-01
 4.45312500E-01
 2.50000000E-01
 5.00000000E-01
 4.60937500E-01
 2.50000000E-01
 5.00000000E-01
 4.76562500E-01
 2.50000000E-01
 5.00000000E-01
 4.92187500E-01
 2.50000000E-01
 5.00000000E-01
 4.53125000E-01
 3.75000000E-01
 5.00000000E-01
 4.37500000E-01
 3.12500000E-02
 5.00000000E-01
 4.84375000E-01
 3.75000000E-01
 5.00000000E-01
 3.75000000E-01
 1.56250000E-02
 5.00000000E-01
 2.50000000E-01
 7.81250000E-03
 5.00000000E-01
 4.68750000E-01
 3.12500000E-01
 5.00000000E-01
 4.68750000E-01
 4.37500000E-01
 5.00000000E-01
 3.75000000E-01
 2.34375000E-01
 5.00000000E-01
 4.37500000E-01
 2.81250000E-01
 5.00000000E-01
 4.37500000E-01
 3.43750000E-01
 5.00000000E-01
 4.37500000E-01
 4.06250000E-01
 5.00000000E-01
 4.37500000E-01
 4.68750000E-01
 5.00000000E-01
 2.50000000E-01
 2.42187500E-01
 5.00000000E-01
 3.75000000E-01
 2.65625000E-01
 5.00000000E-01
 3.75000000E-01
 2.96875000E-01
 5.00000000E-01
 3.75000000E-01
 3.28125000E-01
 5.00000000E-01
 3.75000000E-01
 3.59375000E-01
 5.00000000E-01
 3.75000000E-01
 3.90625000E-01
 5.00000000E-01
 3.75000000E-01
 4.21875000E-01
 5.00000000E-01
 3.75000000E-01
 4.53125000E-01
 5.00000000E-01
 2.50000000E-01
 2.57812500E-01
 5.00000000E-01
 3.75000000E-01
 4.84375000E-01
 5.00000000E-01
 2.50000000E-01
 2.73437500E-01
 5.00000000E-01
 2.50000000E-01
 3.20312500E-01
 5.00000000E-01
 2.50000000E-01
 2.89062500E-01
 5.00000000E-01
 2.50000000E-01
 3.04687500E-01
 5.00000000E-01
 2.50000000E-01
 3.35937500E-01
 5.00000000E-01
 2.50000000E-01
 3.51562500E-01
 5.00000000E-01
 2.50000000E-01
 3.67187500E-01
 5.00000000E-01
 5.00000000E-01
 2.53906250E-01
 5.00000000E-01
 5.00000000E-01
 2.61718750E-01
 5.00000000E-01
 5.00000000E-01
 2.69531250E-01
 5.00000000E-01
 5.00000000E-01
 2.77343750E-01
 5.00000000E-01
 5.00000000E-01
 2.85156250E-01
 5.00000000E-01
 5.00000000E-01
 2.92968750E-01
 5.00000000E-01
 2.50000000E-01
 3.82812500E-01
 5.00000000E-01
 2.50000000E-01
 3.98437500E-01
 5.00000000E-01
 5.00000000E-01
 3.00781250E-01
 5.00000000E-01
 5.00000000E-01
 3.08593750E-01
 5.00000000E-01
 2.50000000E-01
 4.14062500E-01
 5.00000000E-01
 2.50000000E-01
 4.29687500E-01
 5.00000000E-01
 2.50000000E-01
 4.45312500E-01
 5.00000000E-01
 2.50000000E-01
 4.76562500E-01
 5.00000000E-01
 2.50000000E-01
 4.60937500E-01
 5.00000000E-01
 2.50000000E-01
 4.92187500E-01
 5.00000000E-01
 5.00000000E-01
 3.16406250E-01
 5.00000000E-01
 5.00000000E-01
 3.24218750E-01
 5.00000000E-01
 5.00000000E-01
 3.32031250E-01
 5.00000000E-01
 5.00000000E-01
 3.39843750E-01
 5.00000000E-01
 5.00000000E-01
 3.47656250E-01
 5.00000000E-01
 5.00000000E-01
 3.55468750E-01
 5.00000000E-01
 5.00000000E-01
 3.63281250E-01
 5.00000000E-01
 5.00000000E-01
 3.71093750E-01
 5.00000000E-01
 3.90625000E-03
 5.00000000E-01
 5.00000000E-01
 5.00000000E-01
 3.78906250E-01
 5.00000000E-01
 5.00000000E-01
 3.86718750E-01
 5.00000000E-01
 1.17187500E-02
 5.00000000E-01
 5.00000000E-01
 1.95312500E-02
 5.00000000E-01
 5.00000000E-01
 2.73437500E-02
 5.00000000E-01
 5.00000000E-01
 5.00000000E-01
 3.94531250E-01
 5.00000000E-01
 5.00000000E-01
 4.02343750E-01
 5.00000000E-01
 5.00000000E-01
 4.10156250E-01
 5.00000000E-01
 5.00000000E-01
 4.17968750E-01
 5.00000000E-01
 5.00000000E-01
 4.25781250E-01
 5.00000000E-01
 5.00000000E-01
 4.33593750E-01
 5.00000000E-01
 3.51562500E-02
 5.00000000E-01
 5.00000000E-01
 4.29687500E-02
 5.00000000E-01
 5.00000000E-01
 5.07812500E-02
 5.00000000E-01
 5.00000000E-01
 5.85937500E-02
 5.00000000E-01
 5.00000000E-01
 5.00000000E-01
 4.41406250E-01
 5.00000000E-01
 5.00000000E-01
 4.49218750E-01
 5.00000000E-01
 5.00000000E-01
 4.64843750E-01
 5.00000000E-01
 5.00000000E-01
 4.57031250E-01
 5.00000000E-01
 6.64062500E-02
 5.00000000E-01
 5.00000000E-01
 7.42187500E-02
 5.00000000E-01
 5.00000000E-01
 8.20312500E-02
 5.00000000E-01
 5.00000000E-01
 8.98437500E-02
 5.00000000E-01
 5.00000000E-01
 5.00000000E-01
 4.72656250E-01
 5.00000000E-01
 5.00000000E-01
 4.80468750E-01
 5.00000000E-01
 5.00000000E-01
 4.96093750E-01
 5.00000000E-01
 5.00000000E-01
 4.88281250E-01
 5.00000000E-01
 9.76562500E-02
 5.00000000E-01
 5.00000000E-01
 1.05468750E-01
 5.00000000E-01
 5.00000000E-01
 1.13281250E-01
 5.00000000E-01
 5.00000000E-01
 1.21093750E-01
 5.00000000E-01
 5.00000000E-01
 1.28906250E-01
 5.00000000E-01
 5.00000000E-01
 1.36718750E-01
 5.00000000E-01
 5.00000000E-01
 1.44531250E-01
 5.00000000E-01
 5.00000000E-01
 1.52343750E-01
 5.00000000E-01
 5.00000000E-01
 1.60156250E-01
 5.00000000E-01
 5.00000000E-01
 1.67968750E-01
 5.00000000E-01
 5.00000000E-01
 1.75781250E-01
 5.00000000E-01
 5.00000000E-01
 1.83593750E-01
 5.00000000E-01
 5.00000000E-01
 5.00000000E-01
 3.90625000E-03
 5.00000000E-01
 5.00000000E-01
 1.67968750E-01
 5.00000000E-01
 5.00000000E-01
 1.75781250E-01
 5.00000000E-01
 5.00000000E-01
 1.83593750E-01
 5.00000000E-01
 1.91406250E-01
 5.00000000E-01
 5.00000000E-01
 1.99218750E-01
 5.00000000E-01
 5.00000000E-01
 2.07031250E-01
 5.00000000E-01
 5.00000000E-01
 2.14843750E-01
 5.00000000E-01
 5.00000000E-01
 5.00000000E-01
 2.07031250E-01
 5.00000000E-01
 5.00000000E-01
 2.14843750E-01
 5.00000000E-01
 5.00000000E-01
 1.91406250E-01
 5.00000000E-01
 5.00000000E-01
 1.99218750E-01
 5.00000000E-01
 2.22656250E-01
 5.00000000E-01
 5.00000000E-01
 2.30468750E-01
 5.00000000E-01
 5.00000000E-01
 2.38281250E-01
 5.00000000E-01
 5.00000000E-01
 2.46093750E-01
 5.00000000E-01
 5.00000000E-01
 5.00000000E-01
 2.22656250E-01
 5.00000000E-01
 5.00000000E-01
 2.30468750E-01
 5.00000000E-01
 2.53906250E-01
 5.00000000E-01
 5.00000000E-01
 2.61718750E-01
 5.00000000E-01
 5.00000000E-01
 5.00000000E-01
 2.38281250E-01
 5.00000000E-01
 5.00000000E-01
 2.46093750E-01
 5.00000000E-01
 2.69531250E-01
 5.00000000E-01
 5.00000000E-01
 2.77343750E-01
 5.00000000E-01
 5.00000000E-01
 2.85156250E-01
 5.00000000E-01
 5.00000000E-01
 2.92968750E-01
 5.00000000E-01
 5.00000000E-01
 3.00781250E-01
 5.00000000E-01
 5.00000000E-01
 3.08593750E-01
 5.00000000E-01
 5.00000000E-01
 4.72656250E-01
 5.00000000E-01
 5.00000000E-01
 4.80468750E-01
 5.00000000E-01
 5.00000000E-01
 4.88281250E-01
 5.00000000E-01
 5.00000000E-01
 4.96093750E-01
 5.00000000E-01
 5.00000000E-01
 3.16406250E-01
 5.00000000E-01
 5.00000000E-01
 3.24218750E-01
 5.00000000E-01
 5.00000000E-01
 3.32031250E-01
 5.00000000E-01
 5.00000000E-01
 3.39843750E-01
 5.00000000E-01
 5.00000000E-01
 4.41406250E-01
 5.00000000E-01
 5.00000000E-01
 4.49218750E-01
 5.00000000E-01
 5.00000000E-01
 4.64843750E-01
 5.00000000E-01
 5.00000000E-01
 4.57031250E-01
 5.00000000E-01
 5.00000000E-01
 3.47656250E-01
 5.00000000E-01
 5.00000000E-01
 3.55468750E-01
 5.00000000E-01
 5.00000000E-01
 3.63281250E-01
 5.00000000E-01
 5.00000000E-01
 3.71093750E-01
 5.00000000E-01
 5.00000000E-01
 3.78906250E-01
 5.00000000E-01
 5.00000000E-01
 3.86718750E-01
 5.00000000E-01
 5.00000000E-01
 3.94531250E-01
 5.00000000E-01
 5.00000000E-01
 4.02343750E-01
 5.00000000E-01
 5.00000000E-01
 4.10156250E-01
 5.00000000E-01
 5.00000000E-01
 4.17968750E-01
 5.00000000E-01
 5.00000000E-01
 4.25781250E-01
 5.00000000E-01
 5.00000000E-01
 4.33593750E-01
 5.00000000E-01
