 9.87017833E-01
 9.74120869E-01
 9.61309004E-01
 9.48582136E-01
 9.35940161E-01
 9.23382973E-01
 9.10910468E-01
 8.98522540E-01
 8.86219085E-01
 8.73999997E-01
 8.61865169E-01
 8.49814494E-01
 8.37847865E-01
 8.25965176E-01
 8.14166318E-01
 8.02451183E-01
 7.90819663E-01
 7.79271649E-01
 7.67807031E-01
 7.56425700E-01
 7.45127546E-01
 7.33912458E-01
 7.22780325E-01
 7.11731036E-01
 7.00764480E-01
 6.89880544E-01
 6.79079117E-01
 6.68360084E-01
 6.57723333E-01
 6.47168751E-01
 6.36696223E-01
 6.26305635E-01
 6.15996871E-01
 6.05769817E-01
 5.95624357E-01
 5.85560375E-01
 5.75577754E-01
 5.65676377E-01
 5.55856128E-01
 5.46116887E-01
 5.36458538E-01
 5.26880961E-01
 5.17384038E-01
 5.07967648E-01
 4.98631672E-01
 4.89375990E-01
 4.80200480E-01
 4.71105022E-01
 4.62089494E-01
 4.53153774E-01
 4.44297739E-01
 4.35521267E-01
 4.26824233E-01
 4.18206514E-01
 4.09667986E-01
 4.01208524E-01
 3.92828003E-01
 3.84526297E-01
 3.76303279E-01
 3.68158824E-01
 3.60092804E-01
 3.52105091E-01
 3.44195559E-01
 3.36364077E-01
 3.28610518E-01
 3.20934751E-01
 3.13336648E-01
 3.05816077E-01
 2.98372908E-01
 2.91007010E-01
 2.83718250E-01
 2.76506497E-01
 2.69371618E-01
 2.62313479E-01
 2.55331946E-01
 2.48426886E-01
 2.41598164E-01
 2.34845645E-01
 2.28169192E-01
 2.21568670E-01
 2.15043941E-01
 2.08594870E-01
 2.02221317E-01
 1.95923144E-01
 1.89700214E-01
 1.83552386E-01
 1.77479521E-01
 1.71481479E-01
 1.65558118E-01
 1.59709297E-01
 1.53934875E-01
 1.48234708E-01
 1.42608655E-01
 1.37056571E-01
 1.31578313E-01
 1.26173736E-01
 1.20842694E-01
 1.15585043E-01
 1.10400636E-01
 1.05289326E-01
 1.00250966E-01
 9.52854080E-02
 9.03925042E-02
 8.55721051E-02
 8.08240614E-02
 7.61482230E-02
 7.15444392E-02
 6.70125589E-02
 6.25524303E-02
 5.81639010E-02
 5.38468180E-02
 4.96010280E-02
 4.54263769E-02
 4.13227099E-02
 3.72898718E-02
 3.33277068E-02
 2.94360585E-02
 2.56147699E-02
 2.18636832E-02
 1.81826404E-02
 1.45714826E-02
 1.10300504E-02
 7.55818379E-03
 4.15572207E-03
 8.22504034E-04
 4.82426563E-01
 1.12032477E+00
 1.75213421E+00
 2.37786679E+00
 2.99753449E+00
 3.61114932E+00
 4.21872334E+00
 4.82026867E+00
 5.41579745E+00
 6.00532188E+00
 6.58885423E+00
 7.16640678E+00
 7.73799187E+00
 8.30362190E+00
 8.86330931E+00
 9.41706658E+00
 9.96490625E+00
 1.05068409E+01
 1.10428832E+01
 1.15730458E+01
 1.20973414E+01
 1.26157828E+01
 1.31283829E+01
 1.36351545E+01
 1.41361105E+01
 1.46312640E+01
 1.51206280E+01
 1.56042156E+01
 1.60820398E+01
 1.65541139E+01
 1.70204512E+01
 1.67670307E+01
 1.56022158E+01
 1.44488690E+01
 1.33069653E+01
 1.21764798E+01
 1.07095316E+00
 1.06943513E+00
 1.06742978E+00
 1.07019574E+00
 1.07681587E+00
 1.08422141E+00
 1.09254353E+00
 1.10688381E+00
 1.12574503E+00
 1.15953353E+00
 1.20398188E+00
 1.24724088E+00
 1.29602649E+00
 1.36389669E+00
 1.42868217E+00
 1.51695542E+00
 1.63188824E+00
 1.78329708E+00
 1.99065409E+00
 2.28608531E+00
 2.74794635E+00
 3.56820606E+00
 5.41631998E+00
 1.33796375E+01
 1.91198235E+01
 4.99478005E+00
 2.68142364E+00
 1.75971507E+00
 1.27072807E+00
 9.61615371E-01
 7.51451505E-01
 5.99998783E-01
 4.86386316E-01
 3.98532916E-01
 3.28949616E-01
 2.72753795E-01
 2.26818275E-01
 1.88846608E-01
 1.57180365E-01
 1.30591904E-01
 1.08152981E-01
 8.91486873E-02
 7.19203367E-02
 5.60098112E-02
 4.23315621E-02
 3.05726651E-02
 2.04759915E-02
 1.18282805E-02
 4.45114660E-03
 1.80578929E-03
 7.10613891E-03
 1.15409999E-02
 1.51838198E-02
 1.81160127E-02
 2.04083652E-02
 2.21227310E-02
 2.33134124E-02
 2.40282937E-02
 2.67033798E-02
 2.94432333E-02
 3.17303766E-02
 3.35964891E-02
 3.50783558E-02
 3.62064002E-02
 3.70081124E-02
 3.75084067E-02
 3.77299293E-02
 3.76933224E-02
 3.74174544E-02
 3.69196186E-02
 3.62157075E-02
 3.53203643E-02
 3.42471172E-02
 3.30123417E-02
 3.16442975E-02
 3.01328570E-02
 2.84881622E-02
 2.67197063E-02
 2.48363997E-02
 2.28466285E-02
 2.07583086E-02
 1.85789330E-02
 1.63156163E-02
 1.39751340E-02
 1.15639598E-02
 9.08829849E-03
 6.55411784E-03
 3.96717717E-03
 1.33305464E-03
 3.53653149E-04
 1.10924106E-03
 1.92403492E-03
 2.79197453E-03
 3.70713961E-03
 4.66372468E-03
 5.65601473E-03
 6.67836143E-03
 7.72515962E-03
 8.79082396E-03
 9.86976551E-03
 1.09563679E-02
 1.20449631E-02
 1.31298065E-02
 1.42050505E-02
 1.52647178E-02
 1.63114106E-02
 1.73315660E-02
 1.83170096E-02
 1.92609368E-02
 2.01562467E-02
 2.09954995E-02
 2.17708708E-02
 2.24743751E-02
 2.31141694E-02
 2.36635459E-02
 2.41125717E-02
 2.44521947E-02
 2.46833105E-02
 2.47816576E-02
 2.47444955E-02
 2.51865597E-02
 2.82073583E-02
 3.09274127E-02
 3.32630030E-02
 3.23663216E-02
 9.34930168E-02
 4.18737875E-02
 4.10921071E-02
 4.18060156E-02
 4.21356453E-02
 4.21472776E-02
 4.17299124E-02
 4.07009679E-02
 3.90410828E-02
 3.65481655E-02
 3.34727493E-02
 2.83134945E-02
 2.53418799E-02
 1.59486294E-01
 1.06694904E-01
 1.34085066E-02
 2.10875033E-03
 1.01483268E-02
 2.27227152E-02
 6.56119924E-02
 1.21579806E-01
 2.48688633E-01
 3.94575376E-01
 3.52547463E-01
 2.77854942E-01
 2.58625671E-01
 2.68575313E-01
 4.23104459E-01
 5.90273819E-01
 7.49314662E-01
 8.95891737E-01
 1.03443510E+00
 1.28864571E+00
 1.76755007E+00
 2.76143390E+00
 5.11687147E+00
 2.58024619E+01
 9.07685784E+00
 3.94824232E+00
 2.54724662E+00
 1.88854276E+00
 1.50277242E+00
 1.24878985E+00
 1.07157052E+00
 9.38078168E-01
 8.33324045E-01
 7.48494456E-01
 6.77993469E-01
 6.18190820E-01
 5.66576167E-01
 5.21008217E-01
 4.80013740E-01
 4.43194602E-01
 4.09808457E-01
 3.79280150E-01
 3.51157124E-01
 3.25078381E-01
 3.00752410E-01
 2.80895911E-01
 2.64574517E-01
 2.49314485E-01
 2.34989347E-01
 2.21492228E-01
 2.08732184E-01
 1.96631335E-01
 1.85122591E-01
 1.74147838E-01
 1.63656488E-01
 1.53604283E-01
 1.43952341E-01
 1.34666350E-01
 1.25715921E-01
 1.17074032E-01
 1.08716576E-01
 1.00473299E-01
 9.24594246E-02
 8.46728593E-02
 7.70977620E-02
 6.97197875E-02
 6.25259124E-02
 5.55049131E-02
 4.86447432E-02
 4.19361016E-02
 3.53699461E-02
 2.89379694E-02
 2.26325286E-02
 1.64465800E-02
 1.03736211E-02
 4.40763827E-03
 1.42810273E-03
 7.08146005E-03
 1.26439401E-02
 1.81202159E-02
 2.35139565E-02
 2.88292672E-02
 3.40697579E-02
 3.92388061E-02
 4.43395751E-02
 4.93750319E-02
 5.43479620E-02
 5.92609839E-02
 6.41165615E-02
 6.89170158E-02
 7.36645354E-02
 7.83611861E-02
 8.30089196E-02
 8.76095816E-02
 9.21649192E-02
 9.66765875E-02
 1.01146156E-01
 1.05575114E-01
 1.09964875E-01
 1.14316784E-01
 1.18632121E-01
 1.22912101E-01
 1.27157886E-01
 1.31370579E-01
 1.35551237E-01
 1.39700865E-01
 1.43820425E-01
 1.47910837E-01
 1.51972979E-01
 1.56007692E-01
 1.60015783E-01
 1.63998022E-01
 1.67955151E-01
 1.71887878E-01
 1.75796885E-01
 1.79682825E-01
 1.83546327E-01
 1.87387995E-01
 1.91208410E-01
 1.95008130E-01
 1.98787693E-01
 2.02547618E-01
 2.06288402E-01
 2.10010527E-01
 2.13714457E-01
 2.17400639E-01
 2.21069505E-01
 2.24721471E-01
 2.28356941E-01
 2.31976302E-01
 2.35579932E-01
 2.39168193E-01
 2.42741437E-01
 2.46300004E-01
 2.49844224E-01
 2.53374415E-01
 2.56890887E-01
 2.60393938E-01
 2.63883858E-01
 2.70231001E-01
 2.78281729E-01
 2.86313036E-01
 2.94325320E-01
 3.02318971E-01
 3.10294367E-01
 3.18251872E-01
 3.26191845E-01
 3.34114630E-01
 3.42020566E-01
 3.49909979E-01
 3.57783189E-01
 3.65640505E-01
 3.73482229E-01
 3.81308656E-01
 3.89120072E-01
 3.96916755E-01
 4.04698978E-01
 4.12467004E-01
 4.20221093E-01
 4.27961495E-01
 4.35688455E-01
 4.43402214E-01
 4.51103005E-01
 4.58791054E-01
 4.66466585E-01
 4.74129821E-01
 4.81780959E-01
 4.89420215E-01
 4.97047789E-01
 5.04663879E-01
 5.13956857E-01
 5.26948828E-01
 5.39924015E-01
 5.52882693E-01
 5.65825131E-01
 5.78751594E-01
 5.91662340E-01
 6.04557620E-01
 6.18027601E-01
 6.32109667E-01
 6.46175776E-01
 6.60226177E-01
 6.74953250E-01
 6.90185641E-01
 7.06144659E-01
 6.07315383E-01
 6.29789106E-01
 6.49622250E-01
 6.69550455E-01
 6.89572405E-01
 7.09686810E-01
 7.29892402E-01
 7.50187939E-01
 7.70572198E-01
 7.94369163E-01
 8.18957033E-01
 8.43645681E-01
 8.68433762E-01
 8.97025076E-01
 9.26076154E-01
 9.59126286E-01
 9.87018090E-01
 9.74121379E-01
 9.61309763E-01
 9.48583139E-01
 9.35941403E-01
 9.23384450E-01
 9.10912176E-01
 8.98524475E-01
 8.86221242E-01
 8.74002370E-01
 8.61867755E-01
 8.49817289E-01
 8.37850864E-01
 8.25968375E-01
 8.14169712E-01
 8.02454769E-01
 7.90823435E-01
 7.79275603E-01
 7.67811163E-01
 7.56430006E-01
 7.45132021E-01
 7.33917098E-01
 7.22785125E-01
 7.11735993E-01
 7.00769589E-01
 6.89885801E-01
 6.79084516E-01
 6.68365623E-01
 6.57729007E-01
 6.47174555E-01
 6.36702153E-01
 6.26311687E-01
 6.16003041E-01
 6.05776101E-01
 5.95630750E-01
 5.85566873E-01
 5.75584353E-01
 5.65683073E-01
 5.55862916E-01
 5.46123764E-01
 5.36465499E-01
 5.26888002E-01
 5.17391155E-01
 5.07974836E-01
 4.98638928E-01
 4.89383309E-01
 4.80207859E-01
 4.71112456E-01
 4.62096980E-01
 4.53161306E-01
 4.44305314E-01
 4.35528881E-01
 4.26831882E-01
 4.18214194E-01
 4.09675692E-01
 4.01216253E-01
 3.92835750E-01
 3.84534058E-01
 3.76311051E-01
 3.68166603E-01
 3.60100585E-01
 3.52112871E-01
 3.44203333E-01
 3.36371842E-01
 3.28618269E-01
 3.20942485E-01
 3.13344361E-01
 3.05823765E-01
 2.98380567E-01
 2.91014635E-01
 2.83725839E-01
 2.76514045E-01
 2.69379120E-01
 2.62320933E-01
 2.55339348E-01
 2.48434232E-01
 2.41605449E-01
 2.34852866E-01
 2.28176345E-01
 2.21575751E-01
 2.15050947E-01
 2.08601796E-01
 2.02228160E-01
 1.95929901E-01
 1.89706880E-01
 1.83558957E-01
 1.77485994E-01
 1.71487849E-01
 1.65564383E-01
 1.59715453E-01
 1.53940917E-01
 1.48240634E-01
 1.42614460E-01
 1.37062252E-01
 1.31583866E-01
 1.26179157E-01
 1.20847980E-01
 1.15590190E-01
 1.10405640E-01
 1.05294184E-01
 1.00255675E-01
 9.52899637E-02
 9.03969028E-02
 8.55763433E-02
 8.08281355E-02
 7.61521294E-02
 7.15481745E-02
 6.70161194E-02
 6.25558125E-02
 5.81671014E-02
 5.38498332E-02
 4.96038544E-02
 4.54290109E-02
 4.13251481E-02
 3.72921108E-02
 3.33297432E-02
 2.94378888E-02
 2.56163905E-02
 2.18650909E-02
 1.81838317E-02
 1.45724541E-02
 1.10307987E-02
 7.55870554E-03
 4.15601389E-03
 8.22562561E-04
 6.22993228E-02
 1.44646761E-01
 2.26174745E-01
 3.06884905E-01
 3.86778877E-01
 4.65858304E-01
 5.44124835E-01
 6.21580126E-01
 6.98225837E-01
 7.74063638E-01
 8.49095202E-01
 9.23322212E-01
 9.96746354E-01
 1.06936932E+00
 1.14119282E+00
 1.21221855E+00
 1.28244822E+00
 1.35188357E+00
 1.42052631E+00
 1.48837819E+00
 1.55544093E+00
 1.62171629E+00
 1.68720602E+00
 1.75191189E+00
 1.81583565E+00
 1.87897910E+00
 1.94134400E+00
 2.00293214E+00
 2.06374533E+00
 2.12378536E+00
 2.18305405E+00
 8.13368017E-01
 2.36860411E+00
 5.51701151E+00
 8.63192891E+00
 1.17134314E+01
 9.19573400E-01
 8.94361282E-01
 8.65756529E-01
 8.43849525E-01
 8.26387557E-01
 8.06752126E-01
 7.84579898E-01
 7.69197228E-01
 7.56637371E-01
 7.66256080E-01
 7.87933845E-01
 7.96037356E-01
 8.00978953E-01
 8.25577347E-01
 8.20361913E-01
 8.29582843E-01
 8.46858590E-01
 8.71227392E-01
 9.06437474E-01
 9.50900150E-01
 1.02194079E+00
 1.14966449E+00
 1.43327734E+00
 2.52723721E+00
 4.08876696E+00
 4.19468161E-01
 2.07141246E-02
 1.39575872E-01
 1.78121303E-01
 2.06755214E-01
 2.23156000E-01
 2.32544667E-01
 2.37232907E-01
 2.38733116E-01
 2.38084721E-01
 2.36004571E-01
 2.32613991E-01
 2.28205493E-01
 2.22989904E-01
 2.17123086E-01
 2.10722812E-01
 2.03879784E-01
 1.98874095E-01
 1.95788093E-01
 1.92111200E-01
 1.87925966E-01
 1.83300258E-01
 1.78290411E-01
 1.72943605E-01
 1.67299678E-01
 1.61464617E-01
 1.55431264E-01
 1.49183748E-01
 1.42744324E-01
 1.36132420E-01
 1.29365090E-01
 1.22457385E-01
 1.15422656E-01
 1.13071224E-01
 1.11540367E-01
 1.09723391E-01
 1.07646937E-01
 1.05332400E-01
 1.02799086E-01
 1.00064471E-01
 9.71444329E-02
 9.40534360E-02
 9.08047042E-02
 8.74103624E-02
 8.38815630E-02
 8.02285946E-02
 7.64609787E-02
 7.25875537E-02
 6.86242517E-02
 6.46120534E-02
 6.05161738E-02
 5.63434379E-02
 5.21002817E-02
 4.77927940E-02
 4.34267552E-02
 3.90076719E-02
 3.45408090E-02
 3.00312181E-02
 2.54837650E-02
 2.09031539E-02
 1.62939508E-02
 1.16606050E-02
 7.00746991E-03
 2.33882197E-03
 3.68908419E-03
 1.10425579E-02
 1.83608194E-02
 2.56410358E-02
 3.28802584E-02
 4.00754110E-02
 4.72232775E-02
 5.43204884E-02
 6.13635060E-02
 6.83486090E-02
 7.52718754E-02
 8.21291637E-02
 8.89160930E-02
 9.56280206E-02
 1.02260018E-01
 1.08806843E-01
 1.15280399E-01
 1.21660245E-01
 1.27936755E-01
 1.34103110E-01
 1.40151996E-01
 1.46075553E-01
 1.51865318E-01
 1.57512714E-01
 1.63041714E-01
 1.68406824E-01
 1.73596466E-01
 1.78601229E-01
 1.83432073E-01
 1.88050162E-01
 1.92460337E-01
 1.97903378E-01
 2.08590800E-01
 2.18774861E-01
 2.28301901E-01
 2.31490983E-01
 1.51041685E-02
 2.60919548E-01
 2.64824696E-01
 2.71923872E-01
 2.78481864E-01
 2.84658389E-01
 2.90261998E-01
 2.94962075E-01
 2.98758941E-01
 3.01293104E-01
 3.03116157E-01
 3.01286722E-01
 3.04406971E-01
 5.82049163E-01
 4.87026452E-01
 3.12055317E-01
 3.01791725E-01
 2.90760832E-01
 2.80425700E-01
 2.11223053E-01
 1.17877540E-01
 1.14727219E-01
 3.81553033E-01
 2.71372599E-01
 9.28552415E-02
 1.99840542E-02
 7.02790433E-04
 2.54277177E-01
 5.20418669E-01
 7.51022721E-01
 9.27770753E-01
 1.06052719E+00
 1.36438725E+00
 2.00867211E+00
 3.45987772E+00
 7.00806329E+00
 7.90631545E+01
 9.49225911E+00
 4.66232403E+00
 3.14803689E+00
 2.39970289E+00
 1.94813796E+00
 1.64511941E+00
 1.43314671E+00
 1.27105443E+00
 1.14207581E+00
 1.03613027E+00
 9.46922017E-01
 8.70244310E-01
 8.03194794E-01
 7.42985403E-01
 6.87751718E-01
 6.37497859E-01
 5.91348600E-01
 5.48624089E-01
 5.08788160E-01
 4.71412230E-01
 4.36149569E-01
 4.08620506E-01
 3.87117705E-01
 3.66829492E-01
 3.47612569E-01
 3.29345689E-01
 3.11925564E-01
 2.95263644E-01
 2.79283573E-01
 2.63919150E-01
 2.49112685E-01
 2.34813671E-01
 2.20977692E-01
 2.07565524E-01
 1.94542395E-01
 1.81877368E-01
 1.69542815E-01
 1.57216663E-01
 1.45145840E-01
 1.33341020E-01
 1.21783930E-01
 1.10458010E-01
 9.93482147E-02
 8.84414788E-02
 7.77240485E-02
 6.71850655E-02
 5.68140550E-02
 4.66013860E-02
 3.65381918E-02
 2.66162951E-02
 1.68281414E-02
 7.16673953E-03
 2.71493837E-04
 1.31309460E-03
 2.28671452E-03
 3.19600116E-03
 4.04366085E-03
 4.83290219E-03
 5.56649415E-03
 6.24702517E-03
 6.87691787E-03
 7.45844232E-03
 7.99372807E-03
 8.48477505E-03
 8.93346345E-03
 9.34156277E-03
 9.71073992E-03
 1.00425668E-02
 1.03385270E-02
 1.06000221E-02
 1.08283775E-02
 1.10248474E-02
 1.11906198E-02
 1.13268209E-02
 1.14345191E-02
 1.15147289E-02
 1.15684140E-02
 1.15964910E-02
 1.15998320E-02
 1.15792672E-02
 1.15355881E-02
 1.14695490E-02
 1.13818698E-02
 1.12732375E-02
 1.11443089E-02
 1.09957112E-02
 1.08280448E-02
 1.06418838E-02
 1.04377784E-02
 1.02162553E-02
 9.97781955E-03
 9.72295547E-03
 9.45212779E-03
 9.16578266E-03
 8.86434861E-03
 8.54823739E-03
 8.21784491E-03
 7.87355191E-03
 7.51572480E-03
 7.14471630E-03
 6.76086612E-03
 6.36450155E-03
 5.95593810E-03
 5.53547997E-03
 5.10342064E-03
 4.66004331E-03
 4.20562140E-03
 3.74041896E-03
 3.26469110E-03
 2.77868435E-03
 2.28263707E-03
 1.77677981E-03
 1.26133558E-03
 7.36520230E-04
 2.02542701E-04
 5.16372089E-03
 1.34073260E-02
 2.16287221E-02
 2.98283677E-02
 3.80067078E-02
 4.61641750E-02
 5.43011891E-02
 6.24181584E-02
 7.05154798E-02
 7.85935391E-02
 8.66527114E-02
 9.46933619E-02
 1.02715846E-01
 1.10720509E-01
 1.18707688E-01
 1.26677710E-01
 1.34630894E-01
 1.42567553E-01
 1.50487987E-01
 1.58392494E-01
 1.66281360E-01
 1.74154867E-01
 1.82013288E-01
 1.89856890E-01
 1.97685933E-01
 2.05500672E-01
 2.13301365E-01
 2.21088233E-01
 2.28861523E-01
 2.36621466E-01
 2.44368288E-01
 2.55479472E-01
 2.74000145E-01
 2.92496600E-01
 3.10969236E-01
 3.29418441E-01
 3.47844595E-01
 3.66248071E-01
 3.84629231E-01
 4.04168582E-01
 4.24940777E-01
 4.45689264E-01
 4.66414416E-01
 4.88501225E-01
 5.11606775E-01
 5.36173672E-01
 3.80134064E-01
 4.15072217E-01
 4.44678910E-01
 4.74428639E-01
 5.04319421E-01
 5.34349312E-01
 5.64516406E-01
 5.94818831E-01
 6.25254747E-01
 6.62475965E-01
 7.01236940E-01
 7.40157311E-01
 7.79234952E-01
 8.25881709E-01
 8.73407883E-01
 9.28896151E-01
 9.87018347E-01
 9.74121889E-01
 9.61310522E-01
 9.48584142E-01
 9.35942645E-01
 9.23385927E-01
 9.10913883E-01
 8.98526408E-01
 8.86223397E-01
 8.74004743E-01
 8.61870341E-01
 8.49820083E-01
 8.37853863E-01
 8.25971573E-01
 8.14173106E-01
 8.02458353E-01
 7.90827206E-01
 7.79279556E-01
 7.67815294E-01
 7.56434310E-01
 7.45136494E-01
 7.33921736E-01
 7.22789924E-01
 7.11740948E-01
 7.00774695E-01
 6.89891055E-01
 6.79089914E-01
 6.68371159E-01
 6.57734678E-01
 6.47180357E-01
 6.36708081E-01
 6.26317737E-01
 6.16009209E-01
 6.05782382E-01
 5.95637141E-01
 5.85573369E-01
 5.75590950E-01
 5.65689767E-01
 5.55869702E-01
 5.46130638E-01
 5.36472457E-01
 5.26895040E-01
 5.17398268E-01
 5.07982022E-01
 4.98646181E-01
 4.89390626E-01
 4.80215235E-01
 4.71119887E-01
 4.62104461E-01
 4.53168835E-01
 4.44312886E-01
 4.35536491E-01
 4.26839527E-01
 4.18221870E-01
 4.09683395E-01
 4.01223978E-01
 3.92843494E-01
 3.84541816E-01
 3.76318820E-01
 3.68174378E-01
 3.60108362E-01
 3.52120647E-01
 3.44211103E-01
 3.36379603E-01
 3.28626017E-01
 3.20950216E-01
 3.13352070E-01
 3.05831448E-01
 2.98388221E-01
 2.91022257E-01
 2.83733423E-01
 2.76521588E-01
 2.69386619E-01
 2.62328383E-01
 2.55346745E-01
 2.48441572E-01
 2.41612730E-01
 2.34860082E-01
 2.28183493E-01
 2.21582828E-01
 2.15057948E-01
 2.08608718E-01
 2.02234999E-01
 1.95936653E-01
 1.89713541E-01
 1.83565524E-01
 1.77492462E-01
 1.71494216E-01
 1.65570644E-01
 1.59721604E-01
 1.53946955E-01
 1.48246555E-01
 1.42620261E-01
 1.37067929E-01
 1.31589414E-01
 1.26184574E-01
 1.20853262E-01
 1.15595333E-01
 1.10410641E-01
 1.05299039E-01
 1.00260379E-01
 9.52945149E-02
 9.04012971E-02
 8.55805770E-02
 8.08322052E-02
 7.61560314E-02
 7.15519053E-02
 6.70196755E-02
 6.25591903E-02
 5.81702974E-02
 5.38528439E-02
 4.96066763E-02
 4.54316406E-02
 4.13275821E-02
 3.72943455E-02
 3.33317752E-02
 2.94397147E-02
 2.56180069E-02
 2.18664943E-02
 1.81850187E-02
 1.45734214E-02
 1.10315428E-02
 7.55922306E-03
 4.15630150E-03
 8.22616907E-04
 3.00124098E-02
 6.96655864E-02
 1.08904257E-01
 1.47729261E-01
 1.86141441E-01
 2.24141642E-01
 2.61730713E-01
 2.98909506E-01
 3.35678876E-01
 3.72039682E-01
 4.07992786E-01
 4.43539053E-01
 4.78679352E-01
 5.13414554E-01
 5.47745536E-01
 5.81673176E-01
 6.15198356E-01
 6.48321962E-01
 6.81044883E-01
 7.13368010E-01
 7.45292241E-01
 7.76818474E-01
 8.07947613E-01
 8.38680563E-01
 8.69018235E-01
 8.98961543E-01
 9.28511403E-01
 9.57668736E-01
 9.86434467E-01
 1.01480952E+00
 1.04279484E+00
 1.07206205E+00
 5.90480927E+00
 1.06864462E+01
 1.54170869E+01
 2.00968457E+01
 2.47258374E+01
 8.23017668E-01
 7.78524228E-01
 7.43811400E-01
 7.15490270E-01
 6.83668801E-01
 6.47765449E-01
 6.21602277E-01
 5.99201906E-01
 6.09240369E-01
 6.36521044E-01
 6.42796007E-01
 6.43338675E-01
 6.71700235E-01
 6.54122195E-01
 6.55614449E-01
 6.65776338E-01
 6.81694248E-01
 7.06378425E-01
 7.32850457E-01
 7.76850756E-01
 8.58061510E-01
 1.03775725E+00
 1.67494911E+00
 4.99347515E+00
 3.43570027E-01
 1.83108331E-02
 1.29365367E-01
 1.50933910E-01
 1.72836231E-01
 1.84163751E-01
 1.89619535E-01
 1.91015717E-01
 1.89672361E-01
 1.86565019E-01
 1.82389348E-01
 1.77064984E-01
 1.70849642E-01
 1.63928564E-01
 1.56438403E-01
 1.48482236E-01
 1.40139340E-01
 1.34801749E-01
 1.32554786E-01
 1.29584811E-01
 1.25993502E-01
 1.21864335E-01
 1.17266516E-01
 1.12257931E-01
 1.06887398E-01
 1.01304893E-01
 9.54914034E-02
 8.94159334E-02
 8.31057754E-02
 7.65847221E-02
 6.98736306E-02
 6.29908807E-02
 5.59527524E-02
 5.59882803E-02
 5.72842074E-02
 5.81762730E-02
 5.87009352E-02
 5.88881741E-02
 5.87649915E-02
 5.83557853E-02
 5.76826683E-02
 5.67657437E-02
 5.56233405E-02
 5.42722190E-02
 5.27277482E-02
 5.10040606E-02
 4.91141879E-02
 4.70701799E-02
 4.48947801E-02
 4.26483884E-02
 4.02776126E-02
 3.77915911E-02
 3.51988915E-02
 3.25075696E-02
 2.97252230E-02
 2.68590385E-02
 2.39158358E-02
 2.09021069E-02
 1.78240524E-02
 1.46876146E-02
 1.14985082E-02
 8.26224858E-03
 4.98417870E-03
 1.66949378E-03
 1.69168242E-03
 5.09405180E-03
 8.51768058E-03
 1.19577524E-02
 1.54094882E-02
 1.88681261E-02
 2.23289014E-02
 2.57870267E-02
 2.92376717E-02
 3.26759422E-02
 3.60968592E-02
 3.94953363E-02
 4.28661574E-02
 4.62039515E-02
 4.95031673E-02
 5.27580453E-02
 5.59888371E-02
 5.91675339E-02
 6.22826773E-02
 6.53273560E-02
 6.82942729E-02
 7.11756981E-02
 7.39634185E-02
 7.66495044E-02
 7.92753705E-02
 8.17787282E-02
 8.41487858E-02
 8.63786625E-02
 8.84927726E-02
 9.04416207E-02
 9.22421470E-02
 9.57666233E-02
 1.07345091E-01
 1.18366710E-01
 1.28615420E-01
 1.29585421E-01
 2.43875699E-01
 1.66861687E-01
 1.69708162E-01
 1.77659185E-01
 1.85140335E-01
 1.92422850E-01
 1.99255535E-01
 2.05183546E-01
 2.10254089E-01
 2.13981844E-01
 2.17255320E-01
 2.15737976E-01
 2.22402932E-01
 6.41149887E-01
 5.02573069E-01
 2.45462910E-01
 2.36296267E-01
 2.27448375E-01
 2.21341052E-01
 1.29226767E-01
 3.50095327E-03
 3.27059937E-01
 7.04536799E-01
 5.15557268E-01
 2.20519748E-01
 7.71662892E-02
 4.28046244E-03
 3.20168908E-01
 6.35499120E-01
 8.75243411E-01
 1.00004628E+00
 1.03188447E+00
 1.25248730E+00
 1.85796753E+00
 3.40802524E+00
 7.25537290E+00
 1.42977543E+02
 6.92568030E+00
 3.60737800E+00
 2.44503641E+00
 1.84556387E+00
 1.47461181E+00
 1.22291776E+00
 1.05027406E+00
 9.17376678E-01
 8.11093075E-01
 7.23443075E-01
 6.49405250E-01
 5.85602146E-01
 5.29691278E-01
 4.78918432E-01
 4.31525122E-01
 3.88287101E-01
 3.48481027E-01
 3.11543648E-01
 2.77029787E-01
 2.44582905E-01
 2.13914049E-01
 1.93634316E-01
 1.81342791E-01
 1.69957816E-01
 1.59372417E-01
 1.49496002E-01
 1.40251341E-01
 1.31572179E-01
 1.23401354E-01
 1.15689280E-01
 1.08392732E-01
 1.01473850E-01
 9.48993323E-02
 8.86397651E-02
 8.26690683E-02
 7.69640343E-02
 7.15039409E-02
 6.58242593E-02
 6.03120152E-02
 5.49982485E-02
 4.98691379E-02
 4.49121607E-02
 4.01159423E-02
 3.54707186E-02
 3.09658857E-02
 2.65933324E-02
 2.23451533E-02
 1.82140803E-02
 1.41934240E-02
 1.02770176E-02
 6.45916699E-03
 2.73460507E-03
 2.70533408E-04
 1.30661905E-03
 2.27520064E-03
 3.17988895E-03
 4.02336153E-03
 4.80879596E-03
 5.53893445E-03
 6.21634088E-03
 6.84341538E-03
 7.42240732E-03
 7.95542725E-03
 8.44445758E-03
 8.89136239E-03
 9.29789622E-03
 9.66571226E-03
 9.99636960E-03
 1.02913401E-02
 1.05520143E-02
 1.07797075E-02
 1.09756645E-02
 1.11410644E-02
 1.12770253E-02
 1.13846080E-02
 1.14648198E-02
 1.15186179E-02
 1.15469126E-02
 1.15505702E-02
 1.15304157E-02
 1.14872351E-02
 1.14217783E-02
 1.13347606E-02
 1.12268650E-02
 1.10987440E-02
 1.09510214E-02
 1.07842940E-02
 1.05991328E-02
 1.03960847E-02
 1.01756737E-02
 9.93840188E-03
 9.68475118E-03
 9.41518383E-03
 9.13014370E-03
 8.83005712E-03
 8.51533383E-03
 8.18636776E-03
 7.84353784E-03
 7.48720873E-03
 7.11773151E-03
 6.73544432E-03
 6.34067300E-03
 5.93373162E-03
 5.51492307E-03
 5.08453957E-03
 4.64286311E-03
 4.19016598E-03
 3.72671114E-03
 3.25275267E-03
 2.76853613E-03
 2.27429896E-03
 1.77027079E-03
 1.25667381E-03
 7.33723059E-04
 2.01626715E-04
 2.50675416E-03
 6.50500131E-03
 1.04876380E-02
 1.44549894E-02
 1.84073711E-02
 2.23450893E-02
 2.62684418E-02
 3.01777176E-02
 3.40731976E-02
 3.79551549E-02
 4.18238549E-02
 4.56795559E-02
 4.95225090E-02
 5.33529586E-02
 5.71711424E-02
 6.09772919E-02
 6.47716325E-02
 6.85543837E-02
 7.23257594E-02
 7.60859678E-02
 7.98352120E-02
 8.35736898E-02
 8.73015941E-02
 9.10191131E-02
 9.47264302E-02
 9.84237245E-02
 1.02111170E-01
 1.05788949E-01
 1.09457205E-01
 1.13116111E-01
 1.16765827E-01
 1.25473756E-01
 1.45309028E-01
 1.65117936E-01
 1.84900912E-01
 2.04658379E-01
 2.24390749E-01
 2.44098429E-01
 2.63781812E-01
 2.85211979E-01
 3.08500794E-01
 3.31762790E-01
 3.54998387E-01
 3.80285487E-01
 4.07109445E-01
 4.36134213E-01
 2.46394629E-01
 2.88145736E-01
 3.21844934E-01
 3.55708501E-01
 3.89734159E-01
 4.23919670E-01
 4.58262842E-01
 4.92761523E-01
 5.27413598E-01
 5.72202291E-01
 6.19256113E-01
 6.66504125E-01
 7.13943736E-01
 7.72698835E-01
 8.32730509E-01
 9.04668681E-01
 9.87018605E-01
 9.74122400E-01
 9.61311281E-01
 9.48585145E-01
 9.35943887E-01
 9.23387405E-01
 9.10915591E-01
 8.98528343E-01
 8.86225553E-01
 8.74007116E-01
 8.61872927E-01
 8.49822878E-01
 8.37856862E-01
 8.25974771E-01
 8.14176500E-01
 8.02461938E-01
 7.90830977E-01
 7.79283510E-01
 7.67819426E-01
 7.56438615E-01
 7.45140969E-01
 7.33926375E-01
 7.22794724E-01
 7.11745904E-01
 7.00779804E-01
 6.89896311E-01
 6.79095313E-01
 6.68376698E-01
 6.57740352E-01
 6.47186161E-01
 6.36714011E-01
 6.26323789E-01
 6.16015379E-01
 6.05788666E-01
 5.95643534E-01
 5.85579867E-01
 5.75597549E-01
 5.65696462E-01
 5.55876490E-01
 5.46137515E-01
 5.36479418E-01
 5.26902081E-01
 5.17405385E-01
 5.07989210E-01
 4.98653437E-01
 4.89397945E-01
 4.80222614E-01
 4.71127321E-01
 4.62111946E-01
 4.53176367E-01
 4.44320461E-01
 4.35544105E-01
 4.26847176E-01
 4.18229549E-01
 4.09691101E-01
 4.01231707E-01
 3.92851241E-01
 3.84549578E-01
 3.76326592E-01
 3.68182156E-01
 3.60116144E-01
 3.52128427E-01
 3.44218878E-01
 3.36387368E-01
 3.28633768E-01
 3.20957950E-01
 3.13359783E-01
 3.05839136E-01
 2.98395880E-01
 2.91029882E-01
 2.83741012E-01
 2.76529136E-01
 2.69394122E-01
 2.62335837E-01
 2.55354147E-01
 2.48448918E-01
 2.41620015E-01
 2.34867304E-01
 2.28190647E-01
 2.21589910E-01
 2.15064955E-01
 2.08615645E-01
 2.02241843E-01
 1.95943410E-01
 1.89720207E-01
 1.83572096E-01
 1.77498936E-01
 1.71500588E-01
 1.65576910E-01
 1.59727761E-01
 1.53952999E-01
 1.48252482E-01
 1.42626067E-01
 1.37073611E-01
 1.31594969E-01
 1.26189997E-01
 1.20858550E-01
 1.15600482E-01
 1.10415647E-01
 1.05303899E-01
 1.00265090E-01
 9.52990724E-02
 9.04056977E-02
 8.55848172E-02
 8.08362813E-02
 7.61599400E-02
 7.15556427E-02
 6.70232382E-02
 6.25625748E-02
 5.81735002E-02
 5.38558615E-02
 4.96095051E-02
 4.54342772E-02
 4.13300230E-02
 3.72965873E-02
 3.33338144E-02
 2.94415478E-02
 2.56196305E-02
 2.18679050E-02
 1.81862131E-02
 1.45743961E-02
 1.10322944E-02
 7.55974816E-03
 4.15659675E-03
 8.22678952E-04
 1.89360368E-03
 4.36415247E-03
 6.77283409E-03
 9.11979880E-03
 1.14051974E-02
 1.36291814E-02
 1.57919026E-02
 1.78935137E-02
 1.99341678E-02
 2.19140187E-02
 2.38332207E-02
 2.56919287E-02
 2.74902983E-02
 2.92284854E-02
 3.09066470E-02
 3.25249402E-02
 3.40835231E-02
 3.55825541E-02
 3.70221923E-02
 3.84025977E-02
 3.97239305E-02
 4.09863517E-02
 4.21900229E-02
 4.33351065E-02
 4.44217653E-02
 4.54501627E-02
 4.64204630E-02
 4.73328308E-02
 4.81874317E-02
 4.89844317E-02
 4.97239975E-02
 2.81060786E+00
 9.29992950E+00
 1.57205432E+01
 2.20726021E+01
 2.83562601E+01
 3.45716717E+01
 7.53371952E-01
 6.93259515E-01
 6.45981144E-01
 6.07027906E-01
 5.63285006E-01
 5.13961364E-01
 4.77307230E-01
 4.45368749E-01
 4.55976563E-01
 4.88931939E-01
 4.93615462E-01
 4.90089577E-01
 5.22411312E-01
 4.93114918E-01
 4.87527211E-01
 4.91359813E-01
 4.99874583E-01
 5.15503393E-01
 5.26384708E-01
 5.47456357E-01
 5.90499955E-01
 6.89696314E-01
 1.02596782E+00
 8.81539265E+00
 2.53662003E-01
 1.57864423E-02
 1.19730000E-01
 1.24243715E-01
 1.39818593E-01
 1.46423085E-01
 1.48249104E-01
 1.46613629E-01
 1.42653963E-01
 1.37290176E-01
 1.31202894E-01
 1.24111349E-01
 1.16241872E-01
 1.07756712E-01
 9.87753020E-02
 8.93875784E-02
 7.96626267E-02
 7.41166040E-02
 7.28366818E-02
 7.06937108E-02
 6.78098254E-02
 6.42851684E-02
 6.02026601E-02
 5.56315775E-02
 5.06302783E-02
 4.53934235E-02
 3.98903878E-02
 3.40752336E-02
 2.79805676E-02
 2.16347821E-02
 1.50627362E-02
 8.28631026E-03
 1.32485926E-03
 3.57451790E-03
 7.47417157E-03
 1.08604080E-02
 1.37788813E-02
 1.62676054E-02
 1.83607801E-02
 2.00892702E-02
 2.14810147E-02
 2.25613781E-02
 2.33534530E-02
 2.38783217E-02
 2.41552827E-02
 2.42020491E-02
 2.40349208E-02
 2.36689364E-02
 2.31334574E-02
 2.25081611E-02
 2.17208091E-02
 2.07826917E-02
 1.97043587E-02
 1.84956949E-02
 1.71659865E-02
 1.57239814E-02
 1.41779437E-02
 1.25357030E-02
 1.08046991E-02
 8.99202380E-03
 7.10445762E-03
 5.14850535E-03
 3.13042806E-03
 1.05627323E-03
 1.37931062E-04
 3.54526953E-04
 4.97807020E-04
 5.74422129E-04
 5.90844001E-04
 5.53393046E-04
 4.68265206E-04
 3.41558047E-04
 1.79296328E-04
 1.25427201E-05
 2.28004180E-04
 4.61130077E-04
 7.05933610E-04
 9.56372741E-04
 1.20632289E-03
 1.44954848E-03
 1.71469387E-03
 1.96620046E-03
 2.19079316E-03
 2.38147849E-03
 2.53097919E-03
 2.63169121E-03
 2.67563659E-03
 2.65551110E-03
 2.63015498E-03
 2.52042515E-03
 2.31626493E-03
 2.01326277E-03
 1.64922135E-03
 1.16388897E-03
 5.86210052E-04
 2.31974672E-03
 1.44834402E-02
 2.60397496E-02
 3.67102066E-02
 3.51639155E-02
 4.65455561E-01
 7.97028954E-02
 8.12028767E-02
 8.97207812E-02
 9.78432503E-02
 1.05953030E-01
 1.13739264E-01
 1.20623076E-01
 1.26698675E-01
 1.31355281E-01
 1.35818042E-01
 1.34358247E-01
 1.44310903E-01
 7.03518336E-01
 5.21228255E-01
 1.82014052E-01
 1.73709866E-01
 1.66811977E-01
 1.64692960E-01
 4.96320237E-02
 1.08343215E-01
 5.35871516E-01
 1.02230454E+00
 7.55082555E-01
 3.45229961E-01
 1.32942472E-01
 9.86274836E-03
 3.83731283E-01
 7.42700549E-01
 9.82651482E-01
 1.04039704E+00
 9.65817321E-01
 1.09743311E+00
 1.65946147E+00
 3.32144513E+00
 7.54619464E+00
 2.98295699E+01
 4.99193760E+00
 2.69236242E+00
 1.80775273E+00
 1.33323531E+00
 1.03236446E+00
 8.26483995E-01
 6.89933517E-01
 5.84298164E-01
 4.99461178E-01
 4.29343402E-01
 3.70013171E-01
 3.18827417E-01
 2.73943639E-01
 2.32603845E-01
 1.93128725E-01
 1.57044000E-01
 1.23764973E-01
 9.28352571E-02
 6.38933726E-02
 3.66492614E-02
 1.08674490E-02
 2.51434176E-03
 6.42715290E-03
 9.70800639E-03
 1.24318578E-02
 1.46622245E-02
 1.64532880E-02
 1.78515488E-02
 1.88971420E-02
 1.96248904E-02
 2.00651563E-02
 2.02445336E-02
 2.01864151E-02
 1.99114609E-02
 1.94379862E-02
 1.87822851E-02
 1.79589021E-02
 1.75754462E-02
 1.71054011E-02
 1.64978768E-02
 1.57627036E-02
 1.49087830E-02
 1.39441958E-02
 1.28757426E-02
 1.17111926E-02
 1.04561904E-02
 9.11632874E-03
 7.69674920E-03
 6.20218029E-03
 4.63697701E-03
 3.00515682E-03
 1.31043168E-03
 2.68735059E-04
 1.29938687E-03
 2.26300545E-03
 3.16316524E-03
 4.00251552E-03
 4.78420329E-03
 5.51094433E-03
 6.18527834E-03
 6.80958323E-03
 7.38608799E-03
 7.91688441E-03
 8.40393762E-03
 8.84909575E-03
 9.25409866E-03
 9.62058589E-03
 9.95010398E-03
 1.02441131E-02
 1.05039930E-02
 1.07310490E-02
 1.09265164E-02
 1.10915657E-02
 1.12273070E-02
 1.13347935E-02
 1.14150255E-02
 1.14689536E-02
 1.14974820E-02
 1.15014712E-02
 1.14817409E-02
 1.14390723E-02
 1.13742102E-02
 1.12878657E-02
 1.11807176E-02
 1.10534145E-02
 1.09065767E-02
 1.07407974E-02
 1.05566444E-02
 1.03546616E-02
 1.01353699E-02
 9.89926909E-03
 9.64683824E-03
 9.37853728E-03
 9.09480778E-03
 8.79607393E-03
 8.48274343E-03
 8.15520829E-03
 7.81384564E-03
 7.45901840E-03
 7.09107602E-03
 6.71035510E-03
 6.31718001E-03
 5.91186344E-03
 5.49470696E-03
 5.06600153E-03
 4.62602796E-03
 4.17505741E-03
 3.71335176E-03
 3.24116407E-03
 2.75873895E-03
 2.26631289E-03
 1.76411465E-03
 1.25236560E-03
 7.31279953E-04
 2.01065150E-04
 7.71784326E-05
 1.92860933E-04
 2.98969613E-04
 3.95707952E-04
 4.83273311E-04
 5.61857169E-04
 6.31645357E-04
 6.92818268E-04
 7.45551067E-04
 7.90013888E-04
 8.26372022E-04
 8.54786095E-04
 8.75412241E-04
 8.88402263E-04
 8.93903791E-04
 8.92060433E-04
 8.83011913E-04
 8.66894213E-04
 8.43839699E-04
 8.13977249E-04
 7.77432372E-04
 7.34327321E-04
 6.84781206E-04
 6.28910096E-04
 5.66827124E-04
 4.98642579E-04
 4.24464003E-04
 3.44407828E-04
 2.58552453E-04
 1.67010052E-04
 6.98780311E-05
 6.50154343E-03
 2.72881314E-02
 4.80466629E-02
 6.87775976E-02
 8.94813850E-02
 1.10158465E-01
 1.30809267E-01
 1.51434212E-01
 1.74395256E-01
 1.99841488E-01
 2.25258187E-01
 2.50645815E-01
 2.78775538E-01
 3.08960886E-01
 3.42087266E-01
 1.20617526E-01
 1.68698361E-01
 2.06002017E-01
 2.43489134E-01
 2.81157165E-01
 3.19003614E-01
 3.57026030E-01
 3.95222010E-01
 4.33589193E-01
 4.85445493E-01
 5.40290977E-01
 5.95363485E-01
 6.50659987E-01
 7.21020127E-01
 7.93052510E-01
 8.80937888E-01
 9.87018862E-01
 9.74122909E-01
 9.61312039E-01
 9.48586146E-01
 9.35945128E-01
 9.23388880E-01
 9.10917298E-01
 8.98530275E-01
 8.86227707E-01
 8.74009487E-01
 8.61875510E-01
 8.49825669E-01
 8.37859857E-01
 8.25977967E-01
 8.14179890E-01
 8.02465519E-01
 7.90834745E-01
 7.79287459E-01
 7.67823553E-01
 7.56442916E-01
 7.45145438E-01
 7.33931009E-01
 7.22799518E-01
 7.11750855E-01
 7.00784906E-01
 6.89901561E-01
 6.79100706E-01
 6.68382230E-01
 6.57746018E-01
 6.47191958E-01
 6.36719934E-01
 6.26329834E-01
 6.16021541E-01
 6.05794941E-01
 5.95649919E-01
 5.85586357E-01
 5.75604139E-01
 5.65703149E-01
 5.55883270E-01
 5.46144383E-01
 5.36486370E-01
 5.26909113E-01
 5.17412492E-01
 5.07996389E-01
 4.98660683E-01
 4.89405255E-01
 4.80229982E-01
 4.71134745E-01
 4.62119421E-01
 4.53183889E-01
 4.44328025E-01
 4.35551708E-01
 4.26854813E-01
 4.18237217E-01
 4.09698796E-01
 4.01239424E-01
 3.92858976E-01
 3.84557328E-01
 3.76334352E-01
 3.68189923E-01
 3.60123913E-01
 3.52136194E-01
 3.44226640E-01
 3.36395120E-01
 3.28641507E-01
 3.20965671E-01
 3.13367483E-01
 3.05846811E-01
 2.98403525E-01
 2.91037495E-01
 2.83748587E-01
 2.76536670E-01
 2.69401611E-01
 2.62343278E-01
 2.55361535E-01
 2.48456250E-01
 2.41627287E-01
 2.34874511E-01
 2.28197786E-01
 2.21596977E-01
 2.15071946E-01
 2.08622557E-01
 2.02248672E-01
 1.95950152E-01
 1.89726858E-01
 1.83578653E-01
 1.77505395E-01
 1.71506944E-01
 1.65583161E-01
 1.59733902E-01
 1.53959027E-01
 1.48258394E-01
 1.42631858E-01
 1.37079277E-01
 1.31600508E-01
 1.26195404E-01
 1.20863822E-01
 1.15605615E-01
 1.10420638E-01
 1.05308743E-01
 1.00269785E-01
 9.53036135E-02
 9.04100819E-02
 8.55890409E-02
 8.08403409E-02
 7.61638320E-02
 7.15593635E-02
 6.70267843E-02
 6.25659426E-02
 5.81766862E-02
 5.38588622E-02
 4.96123171E-02
 4.54368969E-02
 4.13324469E-02
 3.72988121E-02
 3.33358365E-02
 2.94433638E-02
 2.56212370E-02
 2.18692986E-02
 1.81873903E-02
 1.45753535E-02
 1.10330287E-02
 7.56025596E-03
 4.15687467E-03
 8.22723644E-04
 1.81581044E-02
 4.21358654E-02
 6.58478146E-02
 8.92945005E-02
 1.12476474E-01
 1.35394288E-01
 1.58048497E-01
 1.80439658E-01
 2.02568332E-01
 2.24435078E-01
 2.46040460E-01
 2.67385045E-01
 2.88469400E-01
 3.09294096E-01
 3.29859704E-01
 3.50166799E-01
 3.70215958E-01
 3.90007761E-01
 4.09542787E-01
 4.28821621E-01
 4.47844848E-01
 4.66613056E-01
 4.85126837E-01
 5.03386782E-01
 5.21393486E-01
 5.39147546E-01
 5.56649563E-01
 5.73900137E-01
 5.90899874E-01
 6.07649380E-01
 6.24149263E-01
 2.98370830E+00
 1.11886653E+01
 1.93067692E+01
 2.73382135E+01
 3.52831928E+01
 4.31419023E+01
 6.92217801E-01
 6.16951735E-01
 5.57548075E-01
 5.08394338E-01
 4.53203572E-01
 3.90983990E-01
 3.44348527E-01
 3.03401368E-01
 3.14966862E-01
 3.53919750E-01
 3.57508813E-01
 3.50517403E-01
 3.87291681E-01
 3.47226966E-01
 3.35543358E-01
 3.34201582E-01
 3.36775374E-01
 3.45289944E-01
 3.43507994E-01
 3.46325872E-01
 3.59911304E-01
 4.00164377E-01
 5.44123383E-01
 8.53645663E+00
 1.53940530E-01
 1.56087326E-02
 1.24087621E-01
 1.17118827E-01
 1.30409577E-01
 1.35253201E-01
 1.35780933E-01
 1.33039609E-01
 1.28115610E-01
 1.21955041E-01
 1.15275995E-01
 1.07629283E-01
 9.92345333E-02
 9.02487227E-02
 8.07871173E-02
 7.09363403E-02
 6.07628169E-02
 5.59240946E-02
 5.65118385E-02
 5.60717737E-02
 5.47503123E-02
 5.26673405E-02
 4.99219974E-02
 4.65970066E-02
 4.27619668E-02
 3.86578822E-02
 3.42435549E-02
 2.94589736E-02
 2.43429151E-02
 1.89290997E-02
 1.32470115E-02
 7.32256383E-03
 1.17864412E-03
 3.58361409E-03
 7.48741224E-03
 1.08750713E-02
 1.37926249E-02
 1.62783860E-02
 1.83668122E-02
 2.00889922E-02
 2.14730595E-02
 2.25445487E-02
 2.33267015E-02
 2.38407311E-02
 2.41060519E-02
 2.41404795E-02
 2.39604052E-02
 2.35809489E-02
 2.30354369E-02
 2.24204262E-02
 2.16425187E-02
 2.07130868E-02
 1.96427563E-02
 1.84414809E-02
 1.71186108E-02
 1.56829530E-02
 1.41428265E-02
 1.25061122E-02
 1.07802982E-02
 8.97252140E-03
 7.08960551E-03
 5.13809624E-03
 3.12429391E-03
 1.05428384E-03
 1.41958313E-04
 3.66347785E-04
 5.17231002E-04
 6.01300598E-04
 6.25069161E-04
 5.94897350E-04
 5.17021004E-04
 3.97577493E-04
 2.42631564E-04
 5.82008785E-05
 1.49718496E-04
 3.75126426E-04
 6.11992647E-04
 8.54230035E-04
 1.09566697E-03
 1.33001848E-03
 1.59466025E-03
 1.84670052E-03
 2.07117004E-03
 2.26101353E-03
 2.40888682E-03
 2.50711311E-03
 2.54763512E-03
 2.52333738E-03
 2.50993430E-03
 2.41070715E-03
 2.21548240E-03
 1.92130810E-03
 1.57819974E-03
 1.11376781E-03
 5.67388116E-04
 1.80462716E-03
 1.12200721E-02
 2.00063471E-02
 2.78220456E-02
 2.05105262E-02
 6.10484934E-01
 6.58964603E-02
 6.28826353E-02
 6.88264950E-02
 7.44759085E-02
 8.03250616E-02
 8.60035460E-02
 9.08087980E-02
 9.48823853E-02
 9.74888242E-02
 1.00190148E-01
 9.58692539E-02
 1.06214636E-01
 8.02616562E-01
 5.73875149E-01
 1.50049254E-01
 1.39855726E-01
 1.32193557E-01
 1.31381509E-01
 9.05216015E-03
 2.01480829E-01
 7.27234117E-01
 1.32307652E+00
 9.80313057E-01
 4.59443019E-01
 1.81739137E-01
 1.23124142E-02
 4.40320445E-01
 8.36782660E-01
 1.06837422E+00
 1.04556166E+00
 8.64261675E-01
 9.11642539E-01
 1.44753663E+00
 3.29346785E+00
 8.27514277E+00
 1.47704558E+01
 3.76636905E+00
 2.09566202E+00
 1.40156256E+00
 1.01775135E+00
 7.70418506E-01
 6.01714448E-01
 4.96801930E-01
 4.16410375E-01
 3.52710094E-01
 3.00870672E-01
 2.57763273E-01
 2.21271974E-01
 1.89914525E-01
 1.60833266E-01
 1.32357943E-01
 1.06709747E-01
 8.34039184E-02
 6.20612396E-02
 4.23807682E-02
 2.41206133E-02
 7.08411143E-03
 2.44735727E-03
 6.20993215E-03
 9.35329796E-03
 1.19504592E-02
 1.40633439E-02
 1.57448287E-02
 1.70403346E-02
 1.79890965E-02
 1.86251829E-02
 1.89783188E-02
 1.90745577E-02
 1.89368312E-02
 1.85854039E-02
 1.80382500E-02
 1.73113687E-02
 1.64190482E-02
 1.61172776E-02
 1.57448634E-02
 1.52353888E-02
 1.45986072E-02
 1.38433543E-02
 1.29776541E-02
 1.20082719E-02
 1.09429015E-02
 9.78717470E-03
 8.54664968E-03
 7.22644024E-03
 5.83125116E-03
 4.36541701E-03
 2.83293761E-03
 1.23750969E-03
 2.68816488E-04
 1.29404473E-03
 2.25294274E-03
 3.14833633E-03
 3.98355977E-03
 4.76149225E-03
 5.48482349E-03
 6.15606932E-03
 6.77758573E-03
 7.35158158E-03
 7.88013012E-03
 8.36517943E-03
 8.80856188E-03
 9.21200280E-03
 9.57712830E-03
 9.90547246E-03
 1.01984839E-02
 1.04575318E-02
 1.06839113E-02
 1.08788487E-02
 1.10435059E-02
 1.11789849E-02
 1.12863315E-02
 1.13665390E-02
 1.14205515E-02
 1.14492672E-02
 1.14535410E-02
 1.14341872E-02
 1.13919819E-02
 1.13276655E-02
 1.12419445E-02
 1.11354937E-02
 1.10089579E-02
 1.08629537E-02
 1.06980708E-02
 1.05148740E-02
 1.03139040E-02
 1.00956791E-02
 9.86069609E-03
 9.60943170E-03
 9.34234343E-03
 9.05987058E-03
 8.76243523E-03
 8.45044306E-03
 8.12428417E-03
 7.78433387E-03
 7.43095340E-03
 7.06449057E-03
 6.68528046E-03
 6.29364598E-03
 5.88989844E-03
 5.47433810E-03
 5.04725467E-03
 4.60892781E-03
 4.15962753E-03
 3.69961466E-03
 3.22914124E-03
 2.74845090E-03
 2.25777924E-03
 1.75735415E-03
 1.24739614E-03
 7.28118655E-04
 1.99728373E-04
 7.64076548E-05
 1.91909194E-04
 2.97854304E-04
 3.94445745E-04
 4.81880191E-04
 5.60348465E-04
 6.30035769E-04
 6.91121897E-04
 7.43781441E-04
 7.88183984E-04
 8.24494293E-04
 8.52872489E-04
 8.73474226E-04
 8.86450845E-04
 8.91949535E-04
 8.90113479E-04
 8.81081996E-04
 8.64990678E-04
 8.41971518E-04
 8.12153036E-04
 7.75660398E-04
 7.32615527E-04
 6.83137216E-04
 6.27341232E-04
 5.65340414E-04
 4.97244773E-04
 4.23161581E-04
 3.43207151E-04
 2.57459344E-04
 1.66030245E-04
 6.90170312E-05
 5.58715146E-03
 2.34522785E-02
 4.12925222E-02
 5.91082899E-02
 7.68999801E-02
 9.46679824E-02
 1.12412678E-01
 1.30134439E-01
 1.50786339E-01
 1.74554638E-01
 1.98294962E-01
 2.22007748E-01
 2.49157724E-01
 2.78886440E-01
 3.12300808E-01
 8.07735617E-02
 1.29987557E-01
 1.65671581E-01
 2.01533527E-01
 2.37570925E-01
 2.73781352E-01
 3.10162430E-01
 3.46711825E-01
 3.83427247E-01
 4.36964858E-01
 4.94194063E-01
 5.51661109E-01
 6.09362820E-01
 6.85858570E-01
 7.64401477E-01
 8.62726952E-01
 9.87019119E-01
 9.74123419E-01
 9.61312797E-01
 9.48587149E-01
 9.35946370E-01
 9.23390357E-01
 9.10919004E-01
 8.98532208E-01
 8.86229861E-01
 8.74011859E-01
 8.61878095E-01
 8.49828462E-01
 8.37862854E-01
 8.25981163E-01
 8.14183282E-01
 8.02469101E-01
 7.90838514E-01
 7.79291411E-01
 7.67827682E-01
 7.56447218E-01
 7.45149909E-01
 7.33935645E-01
 7.22804315E-01
 7.11755807E-01
 7.00790011E-01
 6.89906813E-01
 6.79106102E-01
 6.68387764E-01
 6.57751687E-01
 6.47197757E-01
 6.36725860E-01
 6.26335881E-01
 6.16027707E-01
 6.05801220E-01
 5.95656307E-01
 5.85592850E-01
 5.75610733E-01
 5.65709840E-01
 5.55890053E-01
 5.46151254E-01
 5.36493325E-01
 5.26916148E-01
 5.17419603E-01
 5.08003572E-01
 4.98667934E-01
 4.89412568E-01
 4.80237355E-01
 4.71142173E-01
 4.62126900E-01
 4.53191415E-01
 4.44335594E-01
 4.35559315E-01
 4.26862455E-01
 4.18244890E-01
 4.09706495E-01
 4.01247146E-01
 3.92866717E-01
 3.84565083E-01
 3.76342118E-01
 3.68197695E-01
 3.60131687E-01
 3.52143967E-01
 3.44234407E-01
 3.36402878E-01
 3.28649252E-01
 3.20973399E-01
 3.13375189E-01
 3.05854492E-01
 2.98411177E-01
 2.91045113E-01
 2.83756168E-01
 2.76544211E-01
 2.69409107E-01
 2.62350725E-01
 2.55368930E-01
 2.48463588E-01
 2.41634565E-01
 2.34881725E-01
 2.28204932E-01
 2.21604051E-01
 2.15078945E-01
 2.08629477E-01
 2.02255508E-01
 1.95956901E-01
 1.89733517E-01
 1.83585217E-01
 1.77511861E-01
 1.71513309E-01
 1.65589419E-01
 1.59740051E-01
 1.53965063E-01
 1.48264313E-01
 1.42637657E-01
 1.37084952E-01
 1.31606054E-01
 1.26200819E-01
 1.20869102E-01
 1.15610756E-01
 1.10425636E-01
 1.05313596E-01
 1.00274488E-01
 9.53081633E-02
 9.04144749E-02
 8.55932734E-02
 8.08444094E-02
 7.61677329E-02
 7.15630933E-02
 6.70303394E-02
 6.25693196E-02
 5.81798815E-02
 5.38618722E-02
 4.96151384E-02
 4.54395260E-02
 4.13348804E-02
 3.73010464E-02
 3.33378683E-02
 2.94451895E-02
 2.56228533E-02
 2.18707020E-02
 1.81885775E-02
 1.45763210E-02
 1.10337731E-02
 7.56077391E-03
 4.15716282E-03
 8.22778630E-04
 3.44249896E-02
 7.99131474E-02
 1.24931539E-01
 1.69481112E-01
 2.13562816E-01
 2.57177607E-01
 3.00326441E-01
 3.43010280E-01
 3.85230090E-01
 4.26986840E-01
 4.68281502E-01
 5.09115053E-01
 5.49488474E-01
 5.89402748E-01
 6.28858864E-01
 6.67857812E-01
 7.06400590E-01
 7.44488195E-01
 7.82121632E-01
 8.19301908E-01
 8.56030034E-01
 8.92307024E-01
 9.28133899E-01
 9.63511680E-01
 9.98441395E-01
 1.03292408E+00
 1.06696076E+00
 1.10055247E+00
 1.13370028E+00
 1.16640521E+00
 1.19866832E+00
 3.15683710E+00
 1.30777118E+01
 2.28935872E+01
 3.26046975E+01
 4.22112777E+01
 5.17135639E+01
 6.31908715E-01
 5.41723105E-01
 4.70397858E-01
 4.11232444E-01
 3.44816561E-01
 2.69965534E-01
 2.13589194E-01
 1.63882065E-01
 1.76502664E-01
 2.21471123E-01
 2.24135253E-01
 2.13927641E-01
 2.55266371E-01
 2.04950292E-01
 1.87667237E-01
 1.81738635E-01
 1.79146718E-01
 1.81615669E-01
 1.68899423E-01
 1.56319025E-01
 1.45887611E-01
 1.40680978E-01
 1.54480563E-01
 5.71846426E-01
 2.94993874E-02
 1.52741217E-02
 1.28688687E-01
 1.09556809E-01
 1.20562875E-01
 1.23664583E-01
 1.22921772E-01
 1.19100594E-01
 1.13235854E-01
 1.06300855E-01
 9.90520792E-02
 9.08691827E-02
 8.19656902E-02
 7.24937553E-02
 6.25648221E-02
 5.22624677E-02
 4.16506711E-02
 3.75401377E-02
 4.00251062E-02
 4.13127315E-02
 4.15746423E-02
 4.09511908E-02
 3.95582977E-02
 3.74925760E-02
 3.48352177E-02
 3.18740960E-02
 2.85575203E-02
 2.48114545E-02
 2.06810059E-02
 1.62053564E-02
 1.14187253E-02
 6.35115179E-03
 1.02913413E-03
 3.59035431E-03
 7.49848127E-03
 1.08877207E-02
 1.38044905E-02
 1.62874056E-02
 1.83711850E-02
 2.00871431E-02
 2.14636103E-02
 2.25262929E-02
 2.32985830E-02
 2.38018262E-02
 2.40555537E-02
 2.40776846E-02
 2.38847020E-02
 2.34918083E-02
 2.29363067E-02
 2.23316825E-02
 2.15633134E-02
 2.06426550E-02
 1.95804090E-02
 1.83865994E-02
 1.70706406E-02
 1.56413993E-02
 1.41072500E-02
 1.24761252E-02
 1.07555616E-02
 8.95274197E-03
 7.07453320E-03
 5.12752237E-03
 3.11804935E-03
 1.05223764E-03
 1.45985838E-04
 3.78229054E-04
 5.36774783E-04
 6.28357750E-04
 6.59531739E-04
 6.36697980E-04
 5.66132531E-04
 4.54012900E-04
 3.06444154E-04
 1.29484733E-04
 7.08277801E-05
 2.88450711E-04
 5.17309930E-04
 7.51272793E-04
 9.84120167E-04
 1.20951721E-03
 1.47358163E-03
 1.72607769E-03
 1.95033915E-03
 2.13924819E-03
 2.28539291E-03
 2.38102286E-03
 2.41800040E-03
 2.38939793E-03
 2.38781759E-03
 2.29894621E-03
 2.11249164E-03
 1.82696063E-03
 1.50458672E-03
 1.06083026E-03
 5.45500127E-04
 1.28591927E-03
 7.95179810E-03
 1.39671325E-02
 1.89276129E-02
 5.85074672E-03
 7.55514231E-01
 5.20851826E-02
 4.45595875E-02
 4.79318582E-02
 5.11114380E-02
 5.47039380E-02
 5.82794718E-02
 6.10119813E-02
 6.30904818E-02
 6.36551297E-02
 6.46044942E-02
 5.74361727E-02
 6.81824638E-02
 9.01374316E-01
 6.26287177E-01
 1.18157331E-01
 1.06093587E-01
 9.76841244E-02
 9.81850952E-02
 6.74020204E-02
 2.93891646E-01
 9.16562363E-01
 1.61974435E+00
 1.20178583E+00
 5.71498079E-01
 2.29831742E-01
 1.60447828E-02
 4.95191073E-01
 9.23171807E-01
 1.13634663E+00
 1.01521534E+00
 7.19862281E-01
 6.74524687E-01
 1.17608292E+00
 3.22837368E+00
 9.36014414E+00
 8.68092854E+00
 2.76125043E+00
 1.55557703E+00
 1.01963287E+00
 7.15287653E-01
 5.16395423E-01
 3.82174529E-01
 3.07163500E-01
 2.51004641E-01
 2.07748388E-01
 1.73710342E-01
 1.46486950E-01
 1.24443424E-01
 1.06429142E-01
 8.94699070E-02
 7.18922344E-02
 5.66016352E-02
 4.32075633E-02
 3.14038519E-02
 2.09470864E-02
 1.16413042E-02
 3.32696375E-03
 2.36396612E-03
 5.97836971E-03
 8.98598019E-03
 1.14579138E-02
 1.34545587E-02
 1.50275255E-02
 1.62211862E-02
 1.70739009E-02
 1.76190034E-02
 1.78855984E-02
 1.78992120E-02
 1.76823260E-02
 1.72548183E-02
 1.66343303E-02
 1.58365727E-02
 1.48755826E-02
 1.46557202E-02
 1.43811441E-02
 1.39699146E-02
 1.34317097E-02
 1.27753003E-02
 1.20086546E-02
 1.11385056E-02
 1.01724669E-02
 9.11616350E-03
 7.97511781E-03
 6.75441641E-03
 5.45874077E-03
 4.09240540E-03
 2.65939281E-03
 1.16338479E-03
 2.67807610E-04
 1.28769882E-03
 2.24171760E-03
 3.13265962E-03
 3.96382660E-03
 4.73806968E-03
 5.45805287E-03
 6.12626845E-03
 6.74505081E-03
 7.31658894E-03
 7.84293783E-03
 8.32602870E-03
 8.76767839E-03
 9.16959786E-03
 9.53339997E-03
 9.86060651E-03
 1.01526547E-02
 1.04109032E-02
 1.06366373E-02
 1.08310741E-02
 1.09953672E-02
 1.11306105E-02
 1.12378426E-02
 1.13180498E-02
 1.13721699E-02
 1.14010951E-02
 1.14056745E-02
 1.13867173E-02
 1.13449947E-02
 1.12812424E-02
 1.11961627E-02
 1.10904263E-02
 1.09646741E-02
 1.08195192E-02
 1.06555479E-02
 1.04733218E-02
 1.02733787E-02
 1.00562339E-02
 9.82238167E-03
 9.57229624E-03
 9.30643272E-03
 9.02522818E-03
 8.72910258E-03
 8.41845960E-03
 8.09368746E-03
 7.75515969E-03
 7.40323583E-03
 7.03826208E-03
 6.66057202E-03
 6.27048709E-03
 5.86831726E-03
 5.45436148E-03
 5.02890825E-03
 4.59223602E-03
 4.14461373E-03
 3.68630113E-03
 3.21754927E-03
 2.73860082E-03
 2.24969047E-03
 1.75104524E-03
 1.24288482E-03
 7.25421876E-04
 1.98862334E-04
 7.61127910E-05
 1.91437858E-04
 2.97223741E-04
 3.93672487E-04
 4.80980088E-04
 5.59336718E-04
 6.28926955E-04
 6.89929998E-04
 7.42519869E-04
 7.86865608E-04
 8.23131459E-04
 8.51477046E-04
 8.72057542E-04
 8.85023832E-04
 8.90522667E-04
 8.88696809E-04
 8.79685175E-04
 8.63622971E-04
 8.40641818E-04
 8.10869883E-04
 7.74431989E-04
 7.31449733E-04
 6.82041594E-04
 6.26323038E-04
 5.64406614E-04
 4.96402055E-04
 4.22416367E-04
 3.42553916E-04
 2.56927515E-04
 1.65613673E-04
 6.87211698E-05
 4.67283739E-03
 1.96149438E-02
 3.45353456E-02
 4.94343978E-02
 6.43124479E-02
 7.91698353E-02
 9.40068921E-02
 1.08823943E-01
 1.27165489E-01
 1.49254977E-01
 1.71318051E-01
 1.93355126E-01
 2.19524849E-01
 2.48796700E-01
 2.82499209E-01
 4.08932351E-02
 9.12411957E-02
 1.25303830E-01
 1.59538830E-01
 1.93943802E-01
 2.28516395E-01
 2.63254305E-01
 2.98155269E-01
 3.33217067E-01
 3.88437353E-01
 4.48052347E-01
 5.07916037E-01
 5.68025098E-01
 6.50662316E-01
 7.35722032E-01
 8.44497869E-01
 9.87019377E-01
 9.74123930E-01
 9.61313556E-01
 9.48588151E-01
 9.35947612E-01
 9.23391834E-01
 9.10920712E-01
 8.98534141E-01
 8.86232017E-01
 8.74014232E-01
 8.61880680E-01
 8.49831256E-01
 8.37865852E-01
 8.25984361E-01
 8.14186675E-01
 8.02472685E-01
 7.90842285E-01
 7.79295363E-01
 7.67831813E-01
 7.56451522E-01
 7.45154383E-01
 7.33940284E-01
 7.22809114E-01
 7.11760762E-01
 7.00795118E-01
 6.89912067E-01
 6.79111499E-01
 6.68393301E-01
 6.57757359E-01
 6.47203559E-01
 6.36731789E-01
 6.26341932E-01
 6.16033875E-01
 6.05807502E-01
 5.95662698E-01
 5.85599346E-01
 5.75617331E-01
 5.65716534E-01
 5.55896839E-01
 5.46158129E-01
 5.36500284E-01
 5.26923187E-01
 5.17426718E-01
 5.08010759E-01
 4.98675188E-01
 4.89419886E-01
 4.80244732E-01
 4.71149605E-01
 4.62134384E-01
 4.53198945E-01
 4.44343168E-01
 4.35566928E-01
 4.26870103E-01
 4.18252568E-01
 4.09714200E-01
 4.01254873E-01
 3.92874463E-01
 3.84572843E-01
 3.76349889E-01
 3.68205473E-01
 3.60139467E-01
 3.52151746E-01
 3.44242180E-01
 3.36410642E-01
 3.28657002E-01
 3.20981132E-01
 3.13382901E-01
 3.05862178E-01
 2.98418835E-01
 2.91052738E-01
 2.83763756E-01
 2.76551758E-01
 2.69416609E-01
 2.62358179E-01
 2.55376331E-01
 2.48470933E-01
 2.41641849E-01
 2.34888945E-01
 2.28212085E-01
 2.21611133E-01
 2.15085951E-01
 2.08636403E-01
 2.02262352E-01
 1.95963658E-01
 1.89740183E-01
 1.83591789E-01
 1.77518335E-01
 1.71519680E-01
 1.65595685E-01
 1.59746208E-01
 1.53971107E-01
 1.48270240E-01
 1.42643464E-01
 1.37090635E-01
 1.31611609E-01
 1.26206243E-01
 1.20874390E-01
 1.15615906E-01
 1.10430644E-01
 1.05318457E-01
 1.00279199E-01
 9.53127218E-02
 9.04188766E-02
 8.55975147E-02
 8.08484868E-02
 7.61716427E-02
 7.15668321E-02
 6.70339036E-02
 6.25727057E-02
 5.81830859E-02
 5.38648916E-02
 4.96179691E-02
 4.54421646E-02
 4.13373234E-02
 3.73032904E-02
 3.33399097E-02
 2.94470250E-02
 2.56244794E-02
 2.18721153E-02
 1.81897746E-02
 1.45772984E-02
 1.10345276E-02
 7.56130202E-03
 4.15746119E-03
 8.22843911E-04
 5.06942592E-02
 1.17695999E-01
 1.84024008E-01
 2.49679633E-01
 3.14664225E-01
 3.78979138E-01
 4.42625734E-01
 5.05605379E-01
 5.67919443E-01
 6.29569305E-01
 6.90556346E-01
 7.50881953E-01
 8.10547519E-01
 8.69554442E-01
 9.27904126E-01
 9.85597980E-01
 1.04263742E+00
 1.09902386E+00
 1.15475873E+00
 1.20984346E+00
 1.26427949E+00
 1.31806826E+00
 1.37121121E+00
 1.42370980E+00
 1.47556550E+00
 1.52677975E+00
 1.57735404E+00
 1.62728984E+00
 1.67658864E+00
 1.72525191E+00
 1.77328116E+00
 3.32999424E+00
 1.49670689E+01
 2.64809972E+01
 3.78720539E+01
 4.91405147E+01
 6.02866563E+01
 5.72433035E-01
 4.67558043E-01
 3.84511072E-01
 3.15518812E-01
 2.38095579E-01
 1.50871327E-01
 8.49880021E-02
 2.67620668E-02
 4.05298723E-02
 9.15276956E-02
 9.34278094E-02
 8.02411784E-02
 1.26245948E-01
 6.61702709E-02
 4.37543111E-02
 3.37856782E-02
 2.67429077E-02
 2.41398736E-02
 2.04627046E-03
 2.34159291E-02
 5.32285487E-02
 9.30908582E-02
 1.66842174E-01
 6.69224677E-01
 1.30479726E-01
 1.47530849E-02
 1.33561839E-01
 1.01519692E-01
 1.10248527E-01
 1.11633593E-01
 1.09652850E-01
 1.04781349E-01
 9.80020951E-02
 9.03170706E-02
 8.25222558E-02
 7.38234493E-02
 6.44287714E-02
 5.44860686E-02
 4.41033552E-02
 3.33614647E-02
 2.23221681E-02
 1.89613205E-02
 2.33737590E-02
 2.64143967E-02
 2.82810549E-02
 2.91353003E-02
 2.91104171E-02
 2.83173648E-02
 2.68492924E-02
 2.50414786E-02
 2.28318247E-02
 2.01323219E-02
 1.69945731E-02
 1.34633576E-02
 9.57774346E-03
 5.37199064E-03
 8.76288030E-04
 3.59806727E-03
 7.50734970E-03
 1.08983296E-02
 1.38144532E-02
 1.62946415E-02
 1.83738769E-02
 2.00837028E-02
 2.14526481E-02
 2.25065927E-02
 2.32690805E-02
 2.37615907E-02
 2.40037725E-02
 2.40136492E-02
 2.38077970E-02
 2.34015009E-02
 2.28360536E-02
 2.22419179E-02
 2.14831819E-02
 2.05713854E-02
 1.95173069E-02
 1.83310410E-02
 1.70220671E-02
 1.55993120E-02
 1.40712063E-02
 1.24457346E-02
 1.07304825E-02
 8.93267892E-03
 7.05923448E-03
 5.11677787E-03
 3.11168889E-03
 1.05012947E-03
 1.50008826E-04
 3.90166310E-04
 5.56434261E-04
 6.55589831E-04
 6.94228327E-04
 6.78791874E-04
 6.15597076E-04
 5.10861911E-04
 3.70732108E-04
 2.01307237E-04
 8.66676262E-06
 2.01103718E-04
 4.21885793E-04
 6.47500870E-04
 8.71681833E-04
 1.08804346E-03
 1.35145618E-03
 1.60432947E-03
 1.82829723E-03
 2.01617840E-03
 2.16049247E-03
 2.25341443E-03
 2.28672525E-03
 2.25368425E-03
 2.26379483E-03
 2.18513056E-03
 2.00727888E-03
 1.73020430E-03
 1.42836356E-03
 1.00505454E-03
 5.20520637E-04
 7.63598533E-04
 4.67861949E-03
 7.92213906E-03
 1.00269825E-02
 8.81525569E-03
 9.00541043E-01
 3.82692439E-02
 2.62340265E-02
 2.70372523E-02
 2.77503233E-02
 2.90902602E-02
 3.05677757E-02
 3.12335194E-02
 3.13240440E-02
 2.98555031E-02
 2.90626427E-02
 1.90609469E-02
 3.02165602E-02
 9.99782273E-01
 6.78458026E-01
 8.63407955E-02
 7.24265898E-02
 6.32874273E-02
 6.51077967E-02
 1.25406319E-01
 3.85550908E-01
 1.10378480E+00
 1.91215654E+00
 1.41935307E+00
 6.81303443E-01
 2.77186846E-01
 2.11220069E-02
 5.48245962E-01
 1.00138497E+00
 1.18528877E+00
 9.46332880E-01
 5.28139367E-01
 3.79113465E-01
 8.33565284E-01
 3.11356514E+00
 1.12754391E+01
 5.33994720E+00
 1.91560207E+00
 1.06228366E+00
 6.58884229E-01
 4.24536087E-01
 2.69633962E-01
 1.67416789E-01
 1.20831646E-01
 8.79409654E-02
 6.44843724E-02
 4.78005968E-02
 3.61416386E-02
 2.83120208E-02
 2.34665156E-02
 1.84988728E-02
 1.17209624E-02
 6.71212199E-03
 3.17063697E-03
 8.59512824E-04
 4.09987605E-04
 7.90025191E-04
 4.04629546E-04
 2.26450669E-03
 5.73274718E-03
 8.60628889E-03
 1.09544203E-02
 1.28360372E-02
 1.43015214E-02
 1.53942259E-02
 1.61516600E-02
 1.66064424E-02
 1.67870731E-02
 1.67185642E-02
 1.64229581E-02
 1.59197555E-02
 1.52262720E-02
 1.43579361E-02
 1.33285397E-02
 1.31908058E-02
 1.30142729E-02
 1.27014819E-02
 1.22620369E-02
 1.17046451E-02
 1.10372202E-02
 1.02664661E-02
 9.39990952E-03
 8.44317609E-03
 7.40175141E-03
 6.28069504E-03
 5.08466556E-03
 3.81795781E-03
 2.48453728E-03
 1.08807113E-03
 2.65721783E-04
 1.28036149E-03
 2.22958079E-03
 3.11614571E-03
 3.94332586E-03
 4.71394471E-03
 5.43064094E-03
 6.09588363E-03
 6.71198583E-03
 7.28111696E-03
 7.80531395E-03
 8.28649141E-03
 8.72645085E-03
 9.12688906E-03
 9.48940578E-03
 9.81551068E-03
 1.01066297E-02
 1.03641111E-02
 1.05892305E-02
 1.07831960E-02
 1.09471528E-02
 1.10821869E-02
 1.11893296E-02
 1.12695606E-02
 1.13238113E-02
 1.13529678E-02
 1.13578739E-02
 1.13393334E-02
 1.12981127E-02
 1.12349430E-02
 1.11505222E-02
 1.10455170E-02
 1.09205647E-02
 1.07762746E-02
 1.06132300E-02
 1.04319890E-02
 1.02330865E-02
 1.00170353E-02
 9.78432678E-03
 9.53543275E-03
 9.27080598E-03
 8.99088133E-03
 8.69607666E-03
 8.38679370E-03
 8.06341877E-03
 7.72632364E-03
 7.37586617E-03
 7.01239099E-03
 6.63623016E-03
 6.24770370E-03
 5.84712021E-03
 5.43477738E-03
 5.01096247E-03
 4.57595280E-03
 4.13001617E-03
 3.67341131E-03
 3.20638827E-03
 2.72918877E-03
 2.24204660E-03
 1.74518793E-03
 1.23883163E-03
 7.23189581E-04
 1.98466976E-04
 7.62937598E-05
 1.91446823E-04
 2.97077802E-04
 3.93388038E-04
 4.80572846E-04
 5.58821755E-04
 6.28318724E-04
 6.89242364E-04
 7.41766131E-04
 7.86058524E-04
 8.22283272E-04
 8.50599501E-04
 8.71161913E-04
 8.84120937E-04
 8.89622889E-04
 8.87810115E-04
 8.78821132E-04
 8.62790762E-04
 8.39850260E-04
 8.10127440E-04
 7.73746786E-04
 7.30829572E-04
 6.81493965E-04
 6.25855130E-04
 5.64025332E-04
 4.96114027E-04
 4.22227955E-04
 3.42471228E-04
 2.56956547E-04
 1.65759910E-04
 6.89900154E-05
 3.75860195E-03
 1.57761318E-02
 2.77751413E-02
 3.97559334E-02
 5.17188041E-02
 6.36640432E-02
 7.55919339E-02
 8.75027532E-02
 1.03532736E-01
 1.23942538E-01
 1.44327492E-01
 1.64687986E-01
 1.89876951E-01
 2.18691704E-01
 2.52682510E-01
 9.76581664E-04
 5.24593115E-02
 8.48987993E-02
 1.17505079E-01
 1.50275831E-01
 1.83208780E-01
 2.16301693E-01
 2.49552380E-01
 2.82958692E-01
 3.39863015E-01
 4.01865865E-01
 4.64128301E-01
 5.26646851E-01
 6.15431389E-01
 7.07014194E-01
 8.26250654E-01
 9.87019634E-01
 9.74124440E-01
 9.61314314E-01
 9.48589153E-01
 9.35948854E-01
 9.23393311E-01
 9.10922419E-01
 8.98536075E-01
 8.86234172E-01
 8.74016604E-01
 8.61883266E-01
 8.49834050E-01
 8.37868850E-01
 8.25987558E-01
 8.14190067E-01
 8.02476269E-01
 7.90846055E-01
 7.79299316E-01
 7.67835943E-01
 7.56455826E-01
 7.45158856E-01
 7.33944921E-01
 7.22813912E-01
 7.11765717E-01
 7.00800224E-01
 6.89917321E-01
 6.79116897E-01
 6.68398837E-01
 6.57763030E-01
 6.47209361E-01
 6.36737716E-01
 6.26347982E-01
 6.16040043E-01
 6.05813783E-01
 5.95669088E-01
 5.85605842E-01
 5.75623927E-01
 5.65723227E-01
 5.55903625E-01
 5.46165003E-01
 5.36507242E-01
 5.26930225E-01
 5.17433832E-01
 5.08017944E-01
 4.98682441E-01
 4.89427203E-01
 4.80252108E-01
 4.71157036E-01
 4.62141866E-01
 4.53206475E-01
 4.44350740E-01
 4.35574539E-01
 4.26877748E-01
 4.18260245E-01
 4.09721903E-01
 4.01262599E-01
 3.92882207E-01
 3.84580603E-01
 3.76357659E-01
 3.68213249E-01
 3.60147246E-01
 3.52159523E-01
 3.44249952E-01
 3.36418405E-01
 3.28664752E-01
 3.20988864E-01
 3.13390611E-01
 3.05869864E-01
 2.98426491E-01
 2.91060361E-01
 2.83771343E-01
 2.76559303E-01
 2.69424111E-01
 2.62365631E-01
 2.55383731E-01
 2.48478277E-01
 2.41649133E-01
 2.34896165E-01
 2.28219237E-01
 2.21618213E-01
 2.15092956E-01
 2.08643329E-01
 2.02269194E-01
 1.95970414E-01
 1.89746849E-01
 1.83598360E-01
 1.77524807E-01
 1.71526051E-01
 1.65601951E-01
 1.59752364E-01
 1.53977150E-01
 1.48276166E-01
 1.42649269E-01
 1.37096316E-01
 1.31617163E-01
 1.26211665E-01
 1.20879677E-01
 1.15621055E-01
 1.10435650E-01
 1.05323318E-01
 1.00283910E-01
 9.53172795E-02
 9.04232775E-02
 8.56017553E-02
 8.08525635E-02
 7.61755520E-02
 7.15705703E-02
 6.70374673E-02
 6.25760912E-02
 5.81862899E-02
 5.38679104E-02
 4.96207994E-02
 4.54448028E-02
 4.13397660E-02
 3.73055339E-02
 3.33419508E-02
 2.94488602E-02
 2.56261052E-02
 2.18735283E-02
 1.81909714E-02
 1.45782757E-02
 1.10352819E-02
 7.56182997E-03
 4.15775943E-03
 8.22909095E-04
 6.27718218E-02
 1.45744285E-01
 2.27891629E-01
 3.09215496E-01
 3.89717533E-01
 4.69399393E-01
 5.48262736E-01
 6.26309228E-01
 7.03540543E-01
 7.79958360E-01
 8.55564364E-01
 9.30360248E-01
 1.00434771E+00
 1.07752846E+00
 1.14990420E+00
 1.22147666E+00
 1.29224755E+00
 1.36221862E+00
 1.43139160E+00
 1.49976823E+00
 1.56735027E+00
 1.63413948E+00
 1.70013763E+00
 1.76534647E+00
 1.82976781E+00
 1.89340341E+00
 1.95625508E+00
 2.01832462E+00
 2.07961383E+00
 2.14012453E+00
 2.19985855E+00
 3.59928108E+00
 1.68296754E+01
 2.99200730E+01
 4.28707863E+01
 5.56821285E+01
 6.83544142E+01
 5.17544543E-01
 3.99251337E-01
 3.05863639E-01
 2.28571401E-01
 1.41886149E-01
 4.42902816E-02
 2.88679607E-02
 9.30721104E-02
 7.54018168E-02
 1.52591190E-02
 1.27317571E-02
 2.80114918E-02
 2.34541953E-02
 4.51556372E-02
 7.14371725E-02
 8.40118419E-02
 9.37855771E-02
 9.93159156E-02
 1.27819624E-01
 1.61862317E-01
 2.04040861E-01
 2.64585099E-01
 3.83696056E-01
 1.04149155E+00
 3.08910813E-01
 1.43955417E-02
 1.40117066E-01
 9.48143262E-02
 1.01573678E-01
 1.01480141E-01
 9.84584331E-02
 9.27007142E-02
 8.51483367E-02
 7.68395705E-02
 6.86148117E-02
 5.95056865E-02
 4.97173319E-02
 3.93950140E-02
 2.86445834E-02
 1.75450817E-02
 6.15680001E-03
 3.43345207E-03
 9.46747781E-03
 1.39792115E-02
 1.71894460E-02
 1.92782874E-02
 2.03941452E-02
 2.06604394E-02
 2.01806751E-02
 1.93364187E-02
 1.80538371E-02
 1.62297948E-02
 1.39215189E-02
 1.11786264E-02
 8.04436929E-03
 4.55664315E-03
 7.48811491E-04
 3.60249712E-03
 7.51633112E-03
 1.09090982E-02
 1.38246044E-02
 1.63020795E-02
 1.83767729E-02
 2.00804582E-02
 2.14418653E-02
 2.24870489E-02
 2.32397060E-02
 2.37214506E-02
 2.39520506E-02
 2.39496346E-02
 2.37308720E-02
 2.33111314E-02
 2.27357072E-02
 2.21520888E-02
 2.14030092E-02
 2.05000932E-02
 1.94541967E-02
 1.82754853E-02
 1.69735042E-02
 1.55572409E-02
 1.40351819E-02
 1.24153648E-02
 1.07054244E-02
 8.91263596E-03
 7.04395420E-03
 5.10604973E-03
 3.10534251E-03
 1.04803323E-03
 1.54028162E-04
 4.02070824E-04
 5.76032404E-04
 6.82732772E-04
 7.28809043E-04
 7.20744529E-04
 6.64896677E-04
 5.67524236E-04
 4.34813907E-04
 2.72906723E-04
 8.79243750E-05
 1.14004245E-04
 3.26716057E-04
 5.43986084E-04
 7.59498771E-04
 9.66818008E-04
 1.22957767E-03
 1.48282160E-03
 1.70648098E-03
 1.89331073E-03
 2.03576095E-03
 2.12593108E-03
 2.15551964E-03
 2.11797193E-03
 2.13970598E-03
 2.07116332E-03
 1.90180915E-03
 1.63306472E-03
 1.35161489E-03
 9.48582794E-04
 4.94647558E-04
 3.09565149E-04
 1.84081020E-03
 2.67463945E-03
 2.28090385E-03
 2.19749074E-02
 1.04370471E+00
 2.66466933E-02
 1.04373105E-02
 9.00053469E-03
 7.56975853E-03
 6.97294299E-03
 6.66095491E-03
 5.56075029E-03
 3.95580058E-03
 7.37794033E-04
 1.52368752E-03
 1.43385133E-02
 2.97892135E-03
 1.10231833E+00
 7.34653461E-01
 5.86582170E-02
 4.26963226E-02
 3.26262570E-02
 3.55510075E-02
 1.79880929E-01
 4.73488847E-01
 1.28611615E+00
 2.19768323E+00
 1.63063511E+00
 7.86794729E-01
 3.22071343E-01
 2.62004764E-02
 5.97937503E-01
 1.06961463E+00
 1.21304525E+00
 8.35908610E-01
 2.86465003E-01
 2.36955754E-02
 4.20523835E-01
 2.97020854E+00
 1.63492559E+01
 3.30074979E+00
 1.24567403E+00
 6.52457215E-01
 3.55748844E-01
 1.80644850E-01
 6.44014999E-02
 9.64188944E-03
 3.31466169E-02
 4.69929212E-02
 5.41463847E-02
 5.64748949E-02
 5.52133875E-02
 5.12109111E-02
 4.50703489E-02
 4.00727555E-02
 3.79527917E-02
 3.44834124E-02
 2.98951539E-02
 2.43694324E-02
 1.80509445E-02
 1.10564933E-02
 3.48138543E-03
 2.16034971E-03
 5.48396248E-03
 8.22467284E-03
 1.04499982E-02
 1.22173863E-02
 1.35760251E-02
 1.45682769E-02
 1.52308225E-02
 1.55955834E-02
 1.56904699E-02
 1.55399923E-02
 1.51657634E-02
 1.45869151E-02
 1.38204442E-02
 1.28815029E-02
 1.17836423E-02
 1.17279422E-02
 1.16493462E-02
 1.14348794E-02
 1.10940726E-02
 1.06355708E-02
 1.00672337E-02
 9.39574188E-03
 8.62852118E-03
 7.77121251E-03
 6.82926070E-03
 5.80769858E-03
 4.71116214E-03
 3.54392677E-03
 2.30994123E-03
 1.01285822E-03
 2.63631785E-04
 1.27307671E-03
 2.21754773E-03
 3.09978171E-03
 3.92301661E-03
 4.69004860E-03
 5.40349140E-03
 6.06579117E-03
 6.67923993E-03
 7.24598776E-03
 7.76805381E-03
 8.24733626E-03
 8.68562147E-03
 9.08459226E-03
 9.44583542E-03
 9.77084862E-03
 1.00610468E-02
 1.03177676E-02
 1.05422774E-02
 1.07357752E-02
 1.08993980E-02
 1.10342241E-02
 1.11412775E-02
 1.12215312E-02
 1.12759103E-02
 1.13052952E-02
 1.13105240E-02
 1.12923955E-02
 1.12516712E-02
 1.11890779E-02
 1.11053091E-02
 1.10010277E-02
 1.08768671E-02
 1.07334333E-02
 1.05713060E-02
 1.03910404E-02
 1.01931685E-02
 9.97820012E-03
 9.74662427E-03
 9.49891017E-03
 9.23550829E-03
 8.95685132E-03
 8.66335505E-03
 8.35541922E-03
 8.03342833E-03
 7.69775238E-03
 7.34874757E-03
 6.98675696E-03
 6.61211110E-03
 6.22512863E-03
 5.82611679E-03
 5.41537199E-03
 4.99318028E-03
 4.55981784E-03
 4.11555138E-03
 3.66063859E-03
 3.19532852E-03
 2.71986198E-03
 2.23447185E-03
 1.73938344E-03
 1.23481482E-03
 7.20977108E-04
 1.98074750E-04
 7.64725782E-05
 1.91455126E-04
 2.96932548E-04
 3.93105482E-04
 4.80168573E-04
 5.58310708E-04
 6.27715237E-04
 6.88560183E-04
 7.41018442E-04
 7.85257978E-04
 8.21442005E-04
 8.49729161E-04
 8.70273674E-04
 8.83225527E-04
 8.88730601E-04
 8.86930829E-04
 8.77964331E-04
 8.61965551E-04
 8.39065379E-04
 8.09391277E-04
 7.73067395E-04
 7.30214686E-04
 6.80951006E-04
 6.25391226E-04
 5.63647323E-04
 4.95828480E-04
 4.22041175E-04
 3.42389268E-04
 2.56985349E-04
 1.65904906E-04
 6.92565569E-05
 2.93555699E-03
 1.23201207E-02
 2.16890339E-02
 3.10425526E-02
 4.03809270E-02
 4.97044017E-02
 5.90132161E-02
 6.83076041E-02
 8.23158483E-02
 1.01335834E-01
 1.20332259E-01
 1.39305491E-01
 1.63803105E-01
 1.92450172E-01
 2.27018806E-01
 3.26327424E-02
 1.98697479E-02
 5.02817526E-02
 8.08530464E-02
 1.11581412E-01
 1.42464674E-01
 1.73500700E-01
 2.04687396E-01
 2.36022708E-01
 2.94197018E-01
 3.58172645E-01
 4.22417074E-01
 4.86926707E-01
 5.81442206E-01
 6.79130527E-01
 8.08412389E-01
 9.87019891E-01
 9.74124949E-01
 9.61315071E-01
 9.48590154E-01
 9.35950093E-01
 9.23394784E-01
 9.10924123E-01
 8.98538004E-01
 8.86236322E-01
 8.74018971E-01
 8.61885845E-01
 8.49836837E-01
 8.37871841E-01
 8.25990748E-01
 8.14193452E-01
 8.02479844E-01
 7.90849816E-01
 7.79303259E-01
 7.67840063E-01
 7.56460119E-01
 7.45163318E-01
 7.33949548E-01
 7.22818698E-01
 7.11770659E-01
 7.00805317E-01
 6.89922562E-01
 6.79122280E-01
 6.68404359E-01
 6.57768686E-01
 6.47215148E-01
 6.36743629E-01
 6.26354016E-01
 6.16046194E-01
 6.05820048E-01
 5.95675462E-01
 5.85612320E-01
 5.75630506E-01
 5.65729902E-01
 5.55910392E-01
 5.46171858E-01
 5.36514181E-01
 5.26937244E-01
 5.17440926E-01
 5.08025109E-01
 4.98689674E-01
 4.89434498E-01
 4.80259463E-01
 4.71164446E-01
 4.62149326E-01
 4.53213981E-01
 4.44358289E-01
 4.35582127E-01
 4.26885371E-01
 4.18267897E-01
 4.09729582E-01
 4.01270300E-01
 3.92889927E-01
 3.84588336E-01
 3.76365402E-01
 3.68220999E-01
 3.60154999E-01
 3.52167274E-01
 3.44257697E-01
 3.36426140E-01
 3.28672473E-01
 3.20996568E-01
 3.13398294E-01
 3.05877521E-01
 2.98434119E-01
 2.91067955E-01
 2.83778900E-01
 2.76566819E-01
 2.69431582E-01
 2.62373053E-01
 2.55391101E-01
 2.48485590E-01
 2.41656385E-01
 2.34903353E-01
 2.28226357E-01
 2.21625261E-01
 2.15099928E-01
 2.08650222E-01
 2.02276004E-01
 1.95977136E-01
 1.89753480E-01
 1.83604897E-01
 1.77531246E-01
 1.71532388E-01
 1.65608182E-01
 1.59758486E-01
 1.53983159E-01
 1.48282058E-01
 1.42655040E-01
 1.37101963E-01
 1.31622682E-01
 1.26217052E-01
 1.20884929E-01
 1.15626167E-01
 1.10440621E-01
 1.05328142E-01
 1.00288585E-01
 9.53218006E-02
 9.04276416E-02
 8.56059589E-02
 8.08566030E-02
 7.61794239E-02
 7.15742710E-02
 6.70409932E-02
 6.25794390E-02
 5.81894559E-02
 5.38708911E-02
 4.96235914E-02
 4.54474025E-02
 4.13421701E-02
 3.73077388E-02
 3.33439530E-02
 2.94506564E-02
 2.56276920E-02
 2.18749022E-02
 1.81921290E-02
 1.45792136E-02
 1.10359967E-02
 7.56231834E-03
 4.15801800E-03
 8.22934502E-04
 5.46417685E-02
 1.26863500E-01
 1.98362083E-01
 2.69138961E-01
 3.39195580E-01
 4.08533394E-01
 4.77153860E-01
 5.45058443E-01
 6.12248613E-01
 6.78725844E-01
 7.44491619E-01
 8.09547424E-01
 8.73894752E-01
 9.37535100E-01
 1.00046997E+00
 1.06270088E+00
 1.12422934E+00
 1.18505687E+00
 1.24518501E+00
 1.30461527E+00
 1.36334921E+00
 1.42138837E+00
 1.47873430E+00
 1.53538856E+00
 1.59135270E+00
 1.64662831E+00
 1.70121696E+00
 1.75512023E+00
 1.80833970E+00
 1.86087698E+00
 1.91273366E+00
 4.33168367E+00
 1.85621917E+01
 3.26421036E+01
 4.65717551E+01
 6.03514833E+01
 7.39816269E+01
 4.81440460E-01
 3.54925616E-01
 2.57035283E-01
 1.78029752E-01
 8.95838777E-02
 9.81678004E-03
 8.05023249E-02
 1.39505254E-01
 1.05193830E-01
 2.11859239E-02
 1.20746228E-02
 2.61893099E-02
 3.40426660E-02
 3.92059358E-02
 6.51948526E-02
 7.57589097E-02
 8.29569941E-02
 8.51089713E-02
 1.12028821E-01
 1.43919137E-01
 1.82533196E-01
 2.35940538E-01
 3.34114768E-01
 7.60003403E-01
 3.55030366E-01
 1.58160770E-02
 1.54039877E-01
 9.68252711E-02
 1.03003755E-01
 1.02425467E-01
 9.91415774E-02
 9.31394426E-02
 8.53660779E-02
 7.69251093E-02
 6.87194844E-02
 5.96148228E-02
 4.98215348E-02
 3.94881216E-02
 2.87224855E-02
 1.76050049E-02
 6.19686285E-03
 3.47364644E-03
 9.51982809E-03
 1.40308829E-02
 1.72306406E-02
 1.93014758E-02
 2.03935120E-02
 2.06314776E-02
 2.01198853E-02
 1.92789458E-02
 1.80162244E-02
 1.62075730E-02
 1.39109093E-02
 1.11764199E-02
 8.04782940E-03
 4.56342865E-03
 7.56912963E-04
 3.61638600E-03
 7.53437841E-03
 1.09285369E-02
 1.38430296E-02
 1.63173973E-02
 1.83871570E-02
 2.00843144E-02
 2.14378005E-02
 2.24738456E-02
 2.32163006E-02
 2.36869143E-02
 2.39055734E-02
 2.38905119E-02
 2.36584929E-02
 2.32249683E-02
 2.26392458E-02
 2.20658910E-02
 2.13262154E-02
 2.04319287E-02
 1.93939648E-02
 1.82225608E-02
 1.69273275E-02
 1.55173132E-02
 1.40010611E-02
 1.23866614E-02
 1.06817984E-02
 8.89379388E-03
 7.02964680E-03
 5.09606979E-03
 3.09952312E-03
 1.04624631E-03
 1.58060878E-04
 4.13615844E-04
 5.94903737E-04
 7.08787260E-04
 7.61945464E-04
 7.60902992E-04
 7.12058292E-04
 6.21711065E-04
 4.96089193E-04
 3.41375395E-04
 1.63733850E-04
 3.06629634E-05
 2.35606966E-04
 4.44826435E-04
 6.51956953E-04
 8.50511057E-04
 1.11289681E-03
 1.36678156E-03
 1.59039094E-03
 1.77641510E-03
 1.91723385E-03
 2.00487013E-03
 2.03093886E-03
 1.98907034E-03
 2.02261044E-03
 1.96434982E-03
 1.80362949E-03
 1.54332625E-03
 1.28235782E-03
 8.99660084E-04
 4.76348856E-04
 1.98518207E-04
 1.11991035E-03
 1.29224995E-03
 1.21722557E-04
 2.78531330E-02
 1.17790808E+00
 2.56082800E-02
 6.83122373E-03
 4.72819716E-03
 2.69311760E-03
 1.66263223E-03
 1.02524742E-03
 4.18580738E-04
 2.34189007E-03
 5.98119471E-03
 8.43728386E-03
 2.40280662E-02
 1.34911464E-02
 1.22605950E+00
 8.11126635E-01
 5.05405933E-02
 3.14971161E-02
 1.94506433E-02
 2.24104364E-02
 2.18789483E-01
 5.46537133E-01
 1.45323988E+00
 2.46684796E+00
 1.82711854E+00
 8.80521825E-01
 3.58158006E-01
 2.61956413E-02
 6.39003758E-01
 1.12297122E+00
 1.21614345E+00
 6.83136631E-01
 1.22947456E-03
 3.71186040E-01
 1.09123314E-02
 2.97288830E+00
 6.90524254E+01
 2.28738780E+00
 9.17707857E-01
 4.79290272E-01
 2.51143162E-01
 1.17315470E-01
 3.02670870E-02
 2.45763315E-02
 4.47369164E-02
 5.60164978E-02
 6.11018841E-02
 6.16990838E-02
 5.89432963E-02
 5.36191151E-02
 4.62860980E-02
 4.05431701E-02
 3.82789554E-02
 3.47027424E-02
 3.00368471E-02
 2.44565927E-02
 1.81020835E-02
 1.10866087E-02
 3.50274989E-03
 2.09391418E-03
 5.27279489E-03
 7.88033013E-03
 9.98231550E-03
 1.16347886E-02
 1.28857740E-02
 1.37766662E-02
 1.43433364E-02
 1.46170243E-02
 1.46250622E-02
 1.43914684E-02
 1.39374343E-02
 1.32817292E-02
 1.24410367E-02
 1.14302368E-02
 1.02626438E-02
 1.02876877E-02
 1.03057407E-02
 1.01883137E-02
 9.94486516E-03
 9.58397774E-03
 9.11345738E-03
 8.53997771E-03
 7.87081596E-03
 7.11167527E-03
 6.26794456E-03
 5.34462974E-03
 4.34634412E-03
 3.27734355E-03
 2.14155995E-03
 9.42631452E-04
 2.65597446E-04
 1.26979702E-03
 2.20946449E-03
 3.08730806E-03
 3.90653438E-03
 4.66991270E-03
 5.38003207E-03
 6.03931601E-03
 6.65003581E-03
 7.21432241E-03
 7.73417736E-03
 8.21148264E-03
 8.64800965E-03
 9.04542734E-03
 9.40530971E-03
 9.72914259E-03
 1.00183298E-02
 1.02741991E-02
 1.04980070E-02
 1.06909440E-02
 1.08541386E-02
 1.09886616E-02
 1.10955299E-02
 1.11757099E-02
 1.12301203E-02
 1.12596357E-02
 1.12650889E-02
 1.12472735E-02
 1.12069464E-02
 1.11448296E-02
 1.10616128E-02
 1.09579546E-02
 1.08344849E-02
 1.06918061E-02
 1.05304946E-02
 1.03511027E-02
 1.01541594E-02
 9.94017169E-03
 9.70962607E-03
 9.46298931E-03
 9.20070959E-03
 8.92321739E-03
 8.63092646E-03
 8.32423459E-03
 8.00352445E-03
 7.66916428E-03
 7.32150864E-03
 6.96089903E-03
 6.58766451E-03
 6.20212230E-03
 5.80457833E-03
 5.39532773E-03
 4.97465536E-03
 4.54283624E-03
 4.10013601E-03
 3.64681131E-03
 3.18311024E-03
 2.70927264E-03
 2.22553051E-03
 1.73210833E-03
 1.22922336E-03
 7.17085937E-04
 1.95899784E-04
 7.48235717E-05
 1.89625774E-04
 2.94939666E-04
 3.90965187E-04
 4.77896320E-04
 5.55921316E-04
 6.25222918E-04
 6.85978566E-04
 7.38360602E-04
 7.82536459E-04
 8.18668842E-04
 8.46915900E-04
 8.67431397E-04
 8.80364866E-04
 8.85861763E-04
 8.84063609E-04
 8.75108131E-04
 8.59129396E-04
 8.36257932E-04
 8.06620854E-04
 7.70341980E-04
 7.27541942E-04
 6.78338291E-04
 6.22845602E-04
 5.61175570E-04
 4.93437107E-04
 4.19736429E-04
 3.40177146E-04
 2.54860343E-04
 1.63895192E-04
 6.73560381E-05
 2.55174610E-03
 1.07148324E-02
 1.88636004E-02
 2.69982841E-02
 3.51191122E-02
 4.32263084E-02
 5.13200914E-02
 5.94006754E-02
 7.27887197E-02
 9.18193802E-02
 1.10826412E-01
 1.29810184E-01
 1.55013296E-01
 1.84888501E-01
 2.21429894E-01
 3.56935859E-02
 1.72712192E-02
 4.37131037E-02
 7.02975317E-02
 9.70225170E-02
 1.23886112E-01
 1.50886405E-01
 1.78021522E-01
 2.05289623E-01
 2.62732439E-01
 3.26671693E-01
 3.90880739E-01
 4.55355964E-01
 5.53572598E-01
 6.55329103E-01
 7.92615178E-01
 9.87020147E-01
 9.74125458E-01
 9.61315828E-01
 9.48591154E-01
 9.35951332E-01
 9.23396258E-01
 9.10925827E-01
 8.98539934E-01
 8.86238473E-01
 8.74021339E-01
 8.61888425E-01
 8.49839626E-01
 8.37874833E-01
 8.25993940E-01
 8.14196838E-01
 8.02483421E-01
 7.90853579E-01
 7.79307203E-01
 7.67844185E-01
 7.56464414E-01
 7.45167782E-01
 7.33954176E-01
 7.22823487E-01
 7.11775603E-01
 7.00810413E-01
 6.89927805E-01
 6.79127666E-01
 6.68409884E-01
 6.57774346E-01
 6.47220937E-01
 6.36749544E-01
 6.26360053E-01
 6.16052348E-01
 6.05826315E-01
 5.95681838E-01
 5.85618801E-01
 5.75637088E-01
 5.65736580E-01
 5.55917163E-01
 5.46178716E-01
 5.36521124E-01
 5.26944266E-01
 5.17448024E-01
 5.08032279E-01
 4.98696910E-01
 4.89441798E-01
 4.80266821E-01
 4.71171859E-01
 4.62156790E-01
 4.53221492E-01
 4.44365843E-01
 4.35589719E-01
 4.26892997E-01
 4.18275554E-01
 4.09737265E-01
 4.01278006E-01
 3.92897651E-01
 3.84596075E-01
 3.76373152E-01
 3.68228754E-01
 3.60162756E-01
 3.52175030E-01
 3.44265448E-01
 3.36433881E-01
 3.28680200E-01
 3.21004277E-01
 3.13405982E-01
 3.05885184E-01
 2.98441752E-01
 2.91075556E-01
 2.83786463E-01
 2.76574342E-01
 2.69439059E-01
 2.62380482E-01
 2.55398477E-01
 2.48492909E-01
 2.41663645E-01
 2.34910548E-01
 2.28233484E-01
 2.21632316E-01
 2.15106908E-01
 2.08657122E-01
 2.02282821E-01
 1.95983866E-01
 1.89760120E-01
 1.83611442E-01
 1.77537693E-01
 1.71538733E-01
 1.65614421E-01
 1.59764615E-01
 1.53989175E-01
 1.48287957E-01
 1.42660819E-01
 1.37107618E-01
 1.31628208E-01
 1.26222447E-01
 1.20890189E-01
 1.15631289E-01
 1.10445599E-01
 1.05332975E-01
 1.00293268E-01
 9.53263303E-02
 9.04320145E-02
 8.56101713E-02
 8.08606514E-02
 7.61833047E-02
 7.15779807E-02
 6.70445283E-02
 6.25827959E-02
 5.81926311E-02
 5.38738812E-02
 4.96263927E-02
 4.54500117E-02
 4.13445836E-02
 3.73099533E-02
 3.33459650E-02
 2.94524624E-02
 2.56292885E-02
 2.18762860E-02
 1.81932965E-02
 1.45801615E-02
 1.10367216E-02
 7.56281686E-03
 4.15828678E-03
 8.22970195E-04
 4.65105074E-02
 1.07979914E-01
 1.68828149E-01
 2.29056455E-01
 2.88666078E-01
 3.47658272E-01
 4.06034293E-01
 4.63795403E-01
 5.20942868E-01
 5.77477960E-01
 6.33401956E-01
 6.88716137E-01
 7.43421790E-01
 7.97520205E-01
 8.51012680E-01
 9.03900514E-01
 9.56185016E-01
 1.00786750E+00
 1.05894927E+00
 1.10943166E+00
 1.15931600E+00
 1.20860361E+00
 1.25729583E+00
 1.30539401E+00
 1.35289949E+00
 1.39981363E+00
 1.44613778E+00
 1.49187330E+00
 1.53702157E+00
 1.58158397E+00
 1.62556186E+00
 5.06420623E+00
 2.02949928E+01
 3.53645830E+01
 5.02733365E+01
 6.50216142E+01
 7.96097782E+01
 4.45831642E-01
 3.11233247E-01
 2.08922439E-01
 1.28250191E-01
 3.80955299E-02
 6.30521068E-02
 1.31270994E-01
 1.85123451E-01
 1.34427754E-01
 2.69695982E-02
 1.13954576E-02
 2.43681363E-02
 4.44338147E-02
 3.33567850E-02
 5.90693700E-02
 6.76921423E-02
 7.24183568E-02
 7.13537216E-02
 9.68291090E-02
 1.26793573E-01
 1.62281649E-01
 2.09630270E-01
 2.91200091E-01
 5.82948025E-01
 4.24487410E-01
 1.72681401E-02
 1.69083864E-01
 9.88941411E-02
 1.04452683E-01
 1.03368754E-01
 9.98154757E-02
 9.35641889E-02
 8.55668344E-02
 7.69932001E-02
 6.88091755E-02
 5.97107356E-02
 4.99138266E-02
 3.95703367E-02
 2.87903114E-02
 1.76555245E-02
 6.22808821E-03
 3.50578590E-03
 9.56499806E-03
 1.40760165E-02
 1.72657740E-02
 1.93189598E-02
 2.03874438E-02
 2.05972859E-02
 2.00540235E-02
 1.92167782E-02
 1.79743646E-02
 1.61814843E-02
 1.38967577E-02
 1.11709509E-02
 8.04826905E-03
 4.56740437E-03
 7.62389205E-04
 3.62785956E-03
 7.55019961E-03
 1.09459114E-02
 1.38595298E-02
 1.63309098E-02
 1.83958395E-02
 2.00865588E-02
 2.14322024E-02
 2.24591777E-02
 2.31914908E-02
 2.36510268E-02
 2.38577924E-02
 2.38301280E-02
 2.35848908E-02
 2.31376169E-02
 2.25416402E-02
 2.19786518E-02
 2.12484756E-02
 2.03629073E-02
 1.93329595E-02
 1.81689413E-02
 1.68805298E-02
 1.54768347E-02
 1.39664563E-02
 1.23575378E-02
 1.06578136E-02
 8.87465226E-03
 7.01509736E-03
 5.08590390E-03
 3.09357278E-03
 1.04438269E-03
 1.62074505E-04
 4.25202353E-04
 6.13876368E-04
 7.35002423E-04
 7.95301839E-04
 8.01340924E-04
 7.59559461E-04
 6.76298443E-04
 5.57827281E-04
 4.10370745E-04
 2.40135875E-04
 5.33391328E-05
 1.43765979E-04
 3.44860538E-04
 5.43530785E-04
 7.33237372E-04
 9.95173230E-04
 1.24961835E-03
 1.47308994E-03
 1.65821259E-03
 1.79729496E-03
 1.88228252E-03
 1.90470550E-03
 1.85837821E-03
 1.90358757E-03
 1.85545466E-03
 1.70319440E-03
 1.45113809E-03
 1.21044096E-03
 8.47839395E-04
 4.54886853E-04
 8.39530290E-05
 3.94939034E-04
 9.47130488E-05
 2.04247068E-03
 3.37367039E-02
 1.31210226E+00
 2.45633986E-02
 3.21891794E-03
 4.49543294E-04
 2.18986625E-03
 3.65409216E-03
 4.61701485E-03
 6.40458992E-03
 8.64642946E-03
 1.27070548E-02
 1.53582543E-02
 3.37195070E-02
 2.40039164E-02
 1.34933942E+00
 8.87247423E-01
 4.24049440E-02
 2.02904817E-02
 6.27468939E-03
 9.26291616E-03
 2.57471544E-01
 6.18927643E-01
 1.61822118E+00
 2.73148308E+00
 2.01946216E+00
 9.71985635E-01
 3.93734683E-01
 2.81501497E-02
 6.78560771E-01
 1.16749127E+00
 1.19727527E+00
 4.83316915E-01
 3.43988732E-01
 8.44240714E-01
 5.46288304E-01
 2.94625035E+00
 1.88261026E+01
 1.53265675E+00
 6.29209444E-01
 3.18903833E-01
 1.51909085E-01
 5.64253479E-02
 2.72578227E-03
 3.89969447E-02
 5.59792117E-02
 6.47954094E-02
 6.78805110E-02
 6.67926846E-02
 6.25752329E-02
 5.59529224E-02
 4.74448453E-02
 4.09682326E-02
 3.85668033E-02
 3.48893005E-02
 3.01502065E-02
 2.45190235E-02
 1.81314580E-02
 1.10974275E-02
 3.50689431E-03
 2.01226778E-03
 5.04828064E-03
 7.52421170E-03
 9.50418891E-03
 1.10428825E-02
 1.21871870E-02
 1.29775568E-02
 1.34490751E-02
 1.36323175E-02
 1.35540532E-02
 1.32378202E-02
 1.27043986E-02
 1.19722033E-02
 1.10576117E-02
 9.97523766E-03
 8.73816328E-03
 8.84416577E-03
 8.95906791E-03
 8.93886968E-03
 8.79295856E-03
 8.52985591E-03
 8.15731500E-03
 7.68240607E-03
 7.11105028E-03
 6.45022113E-03
 5.70485029E-03
 4.87991701E-03
 3.98001226E-03
 3.00937275E-03
 1.97191384E-03
 8.71259399E-04
 2.66527100E-04
 1.26580313E-03
 2.20050503E-03
 3.07403024E-03
 3.88931539E-03
 4.64910318E-03
 5.35595833E-03
 6.01228208E-03
 6.62032518E-03
 7.18219976E-03
 7.69989001E-03
 8.17526188E-03
 8.61007200E-03
 9.00597566E-03
 9.36453421E-03
 9.68722178E-03
 9.97543136E-03
 1.02304805E-02
 1.04536165E-02
 1.06460210E-02
 1.08088145E-02
 1.09430603E-02
 1.10497682E-02
 1.11298977E-02
 1.11843619E-02
 1.12140292E-02
 1.12197273E-02
 1.12022446E-02
 1.11623333E-02
 1.11007111E-02
 1.10180634E-02
 1.09150450E-02
 1.07922820E-02
 1.06503734E-02
 1.04898926E-02
 1.03113885E-02
 1.01153872E-02
 9.90239330E-03
 9.67289052E-03
 9.42734326E-03
 9.16619740E-03
 8.88988130E-03
 8.59880665E-03
 8.29336932E-03
 7.97395014E-03
 7.64091565E-03
 7.29461875E-03
 6.93539941E-03
 6.56358520E-03
 6.17949197E-03
 5.78342432E-03
 5.37567612E-03
 4.95653104E-03
 4.52626297E-03
 4.08513647E-03
 3.63340717E-03
 3.17132218E-03
 2.69912042E-03
 2.21703302E-03
 1.72528362E-03
 1.22408866E-03
 7.13657734E-04
 1.94193837E-04
 7.36486389E-05
 1.88274895E-04
 2.93429513E-04
 3.89311743E-04
 4.76114907E-04
 5.54026628E-04
 6.23229045E-04
 6.83899023E-04
 7.36208353E-04
 7.80323939E-04
 8.16407982E-04
 8.44618149E-04
 8.65107739E-04
 8.78025844E-04
 8.83517494E-04
 8.81723802E-04
 8.72782108E-04
 8.56826100E-04
 8.33985951E-04
 8.04388430E-04
 7.68157026E-04
 7.25412052E-04
 6.76270757E-04
 6.20847422E-04
 5.59253464E-04
 4.91597522E-04
 4.17985556E-04
 3.38520926E-04
 2.53304478E-04
 1.62445278E-04
 6.60171918E-05
 2.16829560E-03
 9.10925792E-03
 1.60372363E-02
 2.29524429E-02
 2.98550850E-02
 3.67453654E-02
 4.36234823E-02
 5.04896296E-02
 6.32571503E-02
 8.22984880E-02
 1.01316130E-01
 1.20310445E-01
 1.46219415E-01
 1.77323385E-01
 2.15838544E-01
 3.87565078E-02
 1.46709867E-02
 3.71390007E-02
 5.97327548E-02
 8.24504953E-02
 1.05290502E-01
 1.28251088E-01
 1.51330599E-01
 1.74527409E-01
 2.31237834E-01
 2.95140487E-01
 3.59313924E-01
 4.23754518E-01
 5.25675738E-01
 6.31504275E-01
 7.76802350E-01
 9.87020404E-01
 9.74125967E-01
 9.61316585E-01
 9.48592155E-01
 9.35952572E-01
 9.23397733E-01
 9.10927532E-01
 8.98541865E-01
 8.86240625E-01
 8.74023708E-01
 8.61891007E-01
 8.49842415E-01
 8.37877826E-01
 8.25997132E-01
 8.14200226E-01
 8.02486999E-01
 7.90857343E-01
 7.79311150E-01
 7.67848309E-01
 7.56468712E-01
 7.45172248E-01
 7.33958807E-01
 7.22828278E-01
 7.11780550E-01
 7.00815512E-01
 6.89933051E-01
 6.79133055E-01
 6.68415412E-01
 6.57780008E-01
 6.47226729E-01
 6.36755462E-01
 6.26366093E-01
 6.16058506E-01
 6.05832586E-01
 5.95688218E-01
 5.85625286E-01
 5.75643673E-01
 5.65743262E-01
 5.55923937E-01
 5.46185579E-01
 5.36528070E-01
 5.26951292E-01
 5.17455126E-01
 5.08039452E-01
 4.98704150E-01
 4.89449101E-01
 4.80274184E-01
 4.71179277E-01
 4.62164259E-01
 4.53229008E-01
 4.44373401E-01
 4.35597316E-01
 4.26900629E-01
 4.18283216E-01
 4.09744954E-01
 4.01285717E-01
 3.92905381E-01
 3.84603819E-01
 3.76380906E-01
 3.68236515E-01
 3.60170519E-01
 3.52182792E-01
 3.44273204E-01
 3.36441627E-01
 3.28687933E-01
 3.21011993E-01
 3.13413676E-01
 3.05892853E-01
 2.98449392E-01
 2.91083162E-01
 2.83794033E-01
 2.76581870E-01
 2.69446543E-01
 2.62387917E-01
 2.55405859E-01
 2.48500235E-01
 2.41670911E-01
 2.34917750E-01
 2.28240618E-01
 2.21639379E-01
 2.15113895E-01
 2.08664029E-01
 2.02289645E-01
 1.95990604E-01
 1.89766766E-01
 1.83617994E-01
 1.77544147E-01
 1.71545085E-01
 1.65620667E-01
 1.59770752E-01
 1.53995199E-01
 1.48293864E-01
 1.42666606E-01
 1.37113280E-01
 1.31633743E-01
 1.26227851E-01
 1.20895458E-01
 1.15636418E-01
 1.10450586E-01
 1.05337816E-01
 1.00297959E-01
 9.53308687E-02
 9.04363961E-02
 8.56143925E-02
 8.08647086E-02
 7.61871945E-02
 7.15816994E-02
 6.70480725E-02
 6.25861620E-02
 5.81958156E-02
 5.38768805E-02
 4.96292035E-02
 4.54526304E-02
 4.13470067E-02
 3.73121774E-02
 3.33479866E-02
 2.94542781E-02
 2.56308949E-02
 2.18776796E-02
 1.81944740E-02
 1.45811194E-02
 1.10374566E-02
 7.56332553E-03
 4.15856578E-03
 8.23016174E-04
 3.83780385E-02
 8.90935287E-02
 1.39289827E-01
 1.88967978E-01
 2.38129028E-01
 2.86774028E-01
 3.34904035E-01
 3.82520107E-01
 4.29623309E-01
 4.76214708E-01
 5.22295375E-01
 5.67866388E-01
 6.12928825E-01
 6.57483772E-01
 7.01532317E-01
 7.45075552E-01
 7.88114575E-01
 8.30650487E-01
 8.72684393E-01
 9.14217403E-01
 9.55250631E-01
 9.95785196E-01
 1.03582222E+00
 1.07536283E+00
 1.11440816E+00
 1.15295934E+00
 1.19101752E+00
 1.22858384E+00
 1.26565945E+00
 1.30224549E+00
 1.33834314E+00
 5.79684876E+00
 2.20280785E+01
 3.80875115E+01
 5.39755307E+01
 6.96925209E+01
 8.52388681E+01
 4.10723141E-01
 2.68175703E-01
 1.61514515E-01
 7.92208784E-02
 1.25767440E-02
 1.15430728E-01
 1.81189755E-01
 2.29942468E-01
 1.63115074E-01
 3.26132625E-02
 1.06947418E-02
 2.25478994E-02
 5.46331761E-02
 2.76050705E-02
 5.30567392E-02
 5.98044956E-02
 6.21573065E-02
 5.80280823E-02
 8.21865399E-02
 1.10428705E-01
 1.43175184E-01
 1.85371555E-01
 2.53668234E-01
 4.61144922E-01
 5.41811388E-01
 1.87591769E-02
 1.85406369E-01
 1.01026475E-01
 1.05921777E-01
 1.04309796E-01
 1.00479587E-01
 9.39742787E-02
 8.57498978E-02
 7.70431957E-02
 6.88833784E-02
 5.97930136E-02
 4.99938642E-02
 3.96413669E-02
 2.88478081E-02
 1.76964181E-02
 6.25027901E-03
 3.52969960E-03
 9.60284196E-03
 1.41144852E-02
 1.72947332E-02
 1.93306373E-02
 2.03758473E-02
 2.05577785E-02
 1.99830098E-02
 1.91498436E-02
 1.79281939E-02
 1.61514717E-02
 1.38790129E-02
 1.11621730E-02
 8.04564589E-03
 4.56853152E-03
 7.68801636E-04
 3.63688522E-03
 7.56376492E-03
 1.09611944E-02
 1.38740795E-02
 1.63425934E-02
 1.84027983E-02
 2.00871708E-02
 2.14250513E-02
 2.24430265E-02
 2.31652590E-02
 2.36137714E-02
 2.38086918E-02
 2.37684675E-02
 2.35100511E-02
 2.30490633E-02
 2.24428769E-02
 2.18903585E-02
 2.11697780E-02
 2.02930181E-02
 1.92711706E-02
 1.81146171E-02
 1.68331020E-02
 1.54357968E-02
 1.39313593E-02
 1.23279865E-02
 1.06334628E-02
 8.85520432E-03
 7.00029949E-03
 5.07554604E-03
 3.08748584E-03
 1.04243707E-03
 1.66064106E-04
 4.36825781E-04
 6.32946084E-04
 7.61374400E-04
 8.28874661E-04
 8.42055169E-04
 8.07397387E-04
 7.31283939E-04
 6.20026119E-04
 4.79891109E-04
 3.17129197E-04
 1.38001227E-04
 5.11934509E-05
 2.44088257E-04
 4.34219596E-04
 6.14995706E-04
 8.76405065E-04
 1.13132940E-03
 1.35457463E-03
 1.53869898E-03
 1.67593910E-03
 1.75816198E-03
 1.77681208E-03
 1.72588668E-03
 1.78262690E-03
 1.74446554E-03
 1.60048950E-03
 1.35648345E-03
 1.13584471E-03
 7.93097871E-04
 4.30234827E-04
 3.41603296E-05
 3.34131526E-04
 1.48627369E-03
 4.21169360E-03
 3.96255821E-02
 1.44628486E+00
 2.35119913E-02
 3.99617769E-04
 3.83542755E-03
 7.07918295E-03
 8.97721272E-03
 1.02658098E-02
 1.23972497E-02
 1.49577855E-02
 1.94397446E-02
 2.22865607E-02
 4.34126275E-02
 3.45169679E-02
 1.47214544E+00
 9.63006193E-01
 3.42511063E-02
 9.07659134E-03
 6.90118444E-03
 3.89128758E-03
 2.95919276E-01
 6.90637597E-01
 1.78098328E+00
 2.99141705E+00
 2.20749800E+00
 1.06108640E+00
 4.28775733E-01
 3.21652633E-02
 7.16517543E-01
 1.20257731E+00
 1.15470733E+00
 2.31967888E-01
 7.56424369E-01
 1.40834627E+00
 1.21263281E+00
 2.87221201E+00
 6.10771699E+00
 9.43336322E-01
 3.72195169E-01
 1.69494138E-01
 5.75129552E-02
 2.19920178E-03
 3.46625437E-02
 5.29368736E-02
 6.68933236E-02
 7.33421352E-02
 7.44904309E-02
 7.17611975E-02
 6.61129830E-02
 5.82149794E-02
 4.85484596E-02
 4.13493206E-02
 3.88174276E-02
 3.50439668E-02
 3.02359519E-02
 2.45573209E-02
 1.81395675E-02
 1.10893728E-02
 3.49418013E-03
 1.91571556E-03
 4.81067480E-03
 7.15653217E-03
 9.01579998E-03
 1.04418221E-02
 1.14803960E-02
 1.21710617E-02
 1.25481359E-02
 1.26415470E-02
 1.24775155E-02
 1.20791108E-02
 1.14667111E-02
 1.06583854E-02
 9.67021127E-03
 8.51654229E-03
 7.21023327E-03
 7.39740631E-03
 7.60935581E-03
 7.68657360E-03
 7.63837737E-03
 7.47322840E-03
 7.19882823E-03
 6.82220243E-03
 6.34924359E-03
 5.78686844E-03
 5.13999526E-03
 4.41357685E-03
 3.61218222E-03
 2.74002924E-03
 1.80101705E-03
 7.98755515E-04
 2.66433469E-04
 1.26062669E-03
 2.19068028E-03
 3.05995839E-03
 3.87136905E-03
 4.62762878E-03
 5.33127833E-03
 5.98469692E-03
 6.59011511E-03
 7.14962642E-03
 7.66519789E-03
 8.13867970E-03
 8.57181387E-03
 8.96624221E-03
 9.32351359E-03
 9.64509055E-03
 9.93235539E-03
 1.01866157E-02
 1.04091095E-02
 1.06010098E-02
 1.07634291E-02
 1.08974232E-02
 1.10039949E-02
 1.10840974E-02
 1.11386375E-02
 1.11684781E-02
 1.11744413E-02
 1.11573108E-02
 1.11178340E-02
 1.10567241E-02
 1.09746626E-02
 1.08723004E-02
 1.07502599E-02
 1.06091368E-02
 1.04495010E-02
 1.02718987E-02
 1.00768531E-02
 9.86486593E-03
 9.63641853E-03
 9.39197285E-03
 9.13197254E-03
 8.85684379E-03
 8.56699630E-03
 8.26282402E-03
 7.94470598E-03
 7.61300700E-03
 7.26807837E-03
 6.91025852E-03
 6.53987357E-03
 6.15723799E-03
 5.76265505E-03
 5.35641741E-03
 4.93880754E-03
 4.51009821E-03
 4.07055292E-03
 3.62042628E-03
 3.15996443E-03
 2.68940540E-03
 2.20897942E-03
 1.71890930E-03
 1.21941070E-03
 7.10692459E-04
 1.92956847E-04
 7.29476957E-05
 1.87402385E-04
 2.92401966E-04
 3.88145007E-04
 4.74824175E-04
 5.52626468E-04
 6.21733428E-04
 6.82321348E-04
 7.34561472E-04
 7.78620182E-04
 8.14659178E-04
 8.42835647E-04
 8.63302429E-04
 8.76208176E-04
 8.81697497E-04
 8.79911102E-04
 8.70985942E-04
 8.55055336E-04
 8.32249099E-04
 8.02693659E-04
 7.66512178E-04
 7.23824654E-04
 6.74748033E-04
 6.19396309E-04
 5.57880617E-04
 4.90309331E-04
 4.16788154E-04
 3.37420198E-04
 2.52306073E-04
 1.61554743E-04
 6.52395911E-05
 1.78520554E-03
 7.50339876E-03
 1.32099448E-02
 1.89050340E-02
 2.45888520E-02
 3.02615809E-02
 3.59233983E-02
 4.15744782E-02
 5.37211521E-02
 7.27731699E-02
 9.18014247E-02
 1.10806285E-01
 1.37421472E-01
 1.69754832E-01
 2.10244761E-01
 4.18215056E-02
 1.20690526E-02
 3.05594488E-02
 4.91587243E-02
 6.78653587E-02
 8.66778609E-02
 1.05594769E-01
 1.24614648E-01
 1.43736091E-01
 1.99713227E-01
 2.63579049E-01
 3.27716652E-01
 3.92122392E-01
 4.97751648E-01
 6.07656060E-01
 7.60973917E-01
 9.87020661E-01
 9.74126477E-01
 9.61317343E-01
 9.48593156E-01
 9.35953813E-01
 9.23399208E-01
 9.10929237E-01
 8.98543796E-01
 8.86242778E-01
 8.74026078E-01
 8.61893589E-01
 8.49845206E-01
 8.37880821E-01
 8.26000326E-01
 8.14203615E-01
 8.02490579E-01
 7.90861109E-01
 7.79315098E-01
 7.67852435E-01
 7.56473011E-01
 7.45176715E-01
 7.33963439E-01
 7.22833071E-01
 7.11785499E-01
 7.00820612E-01
 6.89938299E-01
 6.79138446E-01
 6.68420942E-01
 6.57785672E-01
 6.47232524E-01
 6.36761383E-01
 6.26372136E-01
 6.16064666E-01
 6.05838860E-01
 5.95694601E-01
 5.85631774E-01
 5.75650262E-01
 5.65749948E-01
 5.55930715E-01
 5.46192445E-01
 5.36535020E-01
 5.26958322E-01
 5.17462231E-01
 5.08046629E-01
 4.98711395E-01
 4.89456409E-01
 4.80281551E-01
 4.71186699E-01
 4.62171732E-01
 4.53236528E-01
 4.44380964E-01
 4.35604918E-01
 4.26908265E-01
 4.18290884E-01
 4.09752648E-01
 4.01293433E-01
 3.92913115E-01
 3.84611568E-01
 3.76388666E-01
 3.68244281E-01
 3.60178288E-01
 3.52190559E-01
 3.44280965E-01
 3.36449379E-01
 3.28695672E-01
 3.21019715E-01
 3.13421376E-01
 3.05900528E-01
 2.98457038E-01
 2.91090775E-01
 2.83801608E-01
 2.76589405E-01
 2.69454033E-01
 2.62395359E-01
 2.55413248E-01
 2.48507568E-01
 2.41678183E-01
 2.34924959E-01
 2.28247759E-01
 2.21646448E-01
 2.15120888E-01
 2.08670944E-01
 2.02296477E-01
 1.95997348E-01
 1.89773420E-01
 1.83624554E-01
 1.77550609E-01
 1.71551445E-01
 1.65626921E-01
 1.59776897E-01
 1.54001231E-01
 1.48299780E-01
 1.42672401E-01
 1.37118951E-01
 1.31639286E-01
 1.26233262E-01
 1.20900734E-01
 1.15641556E-01
 1.10455582E-01
 1.05342666E-01
 1.00302659E-01
 9.53354157E-02
 9.04407864E-02
 8.56186225E-02
 8.08687748E-02
 7.61910932E-02
 7.15854272E-02
 6.70516258E-02
 6.25895372E-02
 5.81990093E-02
 5.38798892E-02
 4.96320236E-02
 4.54552585E-02
 4.13494394E-02
 3.73144111E-02
 3.33500179E-02
 2.94561035E-02
 2.56325111E-02
 2.18790831E-02
 1.81956614E-02
 1.45820873E-02
 1.10382016E-02
 7.56384435E-03
 4.15885499E-03
 8.23072439E-04
 3.02443619E-02
 7.02043428E-02
 1.09747117E-01
 1.48873530E-01
 1.87584428E-01
 2.25880662E-01
 2.63763086E-01
 3.01232557E-01
 3.38289936E-01
 3.74936087E-01
 4.11171876E-01
 4.46998175E-01
 4.82415858E-01
 5.17425801E-01
 5.52028885E-01
 5.86225995E-01
 6.20018018E-01
 6.53405845E-01
 6.86390370E-01
 7.18972492E-01
 7.51153112E-01
 7.82933134E-01
 8.14313467E-01
 8.45295023E-01
 8.75878718E-01
 9.06065470E-01
 9.35856203E-01
 9.65251842E-01
 9.94253318E-01
 1.02286156E+00
 1.05107752E+00
 6.52961127E+00
 2.37614491E+01
 4.08108889E+01
 5.76783376E+01
 7.43642035E+01
 9.08688967E+01
 1.07192829E+02
 2.25722820E-01
 1.14801137E-01
 3.09302239E-02
 6.24765004E-02
 1.66967322E-01
 2.30274003E-01
 2.73977658E-01
 1.91266955E-01
 3.81199454E-02
 9.97294081E-03
 2.07285305E-02
 6.46460802E-02
 2.19478037E-02
 4.71531517E-02
 5.20892744E-02
 5.21621753E-02
 4.51113835E-02
 6.80697118E-02
 9.47727722E-02
 1.25115472E-01
 1.62925527E-01
 2.20545105E-01
 3.72104213E-01
 7.84452554E-01
 2.02993186E-02
 2.03195671E-01
 1.03228561E-01
 1.07412488E-01
 1.05248371E-01
 1.01133335E-01
 9.43689971E-02
 8.59145224E-02
 7.70744188E-02
 6.89415653E-02
 5.98612299E-02
 5.00612927E-02
 3.97009106E-02
 2.88947149E-02
 1.77274574E-02
 6.26323297E-03
 3.54521248E-03
 9.63321064E-03
 1.41461591E-02
 1.73174030E-02
 1.93364045E-02
 2.03586277E-02
 2.05128676E-02
 1.99067624E-02
 1.90780690E-02
 1.78776475E-02
 1.61174773E-02
 1.38576229E-02
 1.11500391E-02
 8.03991704E-03
 4.56677081E-03
 7.68955611E-04
 3.64342997E-03
 7.57504416E-03
 1.09743581E-02
 1.38866530E-02
 1.63524243E-02
 1.84080110E-02
 2.00861294E-02
 2.14163277E-02
 2.24253734E-02
 2.31375875E-02
 2.35751314E-02
 2.37582555E-02
 2.37055152E-02
 2.34339590E-02
 2.29592933E-02
 2.23429423E-02
 2.18009985E-02
 2.10901110E-02
 2.02222501E-02
 1.92085875E-02
 1.80595786E-02
 1.67850350E-02
 1.53941910E-02
 1.38957622E-02
 1.22979997E-02
 1.06087388E-02
 8.83544327E-03
 6.98524678E-03
 5.06499018E-03
 3.08125663E-03
 1.04040412E-03
 1.96495121E-04
 5.27293868E-04
 7.82488563E-04
 9.69099449E-04
 1.09395824E-03
 1.16373836E-03
 1.18498413E-03
 1.16413915E-03
 1.10757413E-03
 1.02161454E-03
 9.12568126E-04
 7.86752730E-04
 6.50524617E-04
 5.10307561E-04
 3.72623024E-04
 2.44121716E-04
 2.60133952E-05
 1.87171607E-04
 3.68523716E-04
 5.10534360E-04
 6.05369293E-04
 6.44819813E-04
 6.20249101E-04
 5.25843981E-04
 5.55822358E-04
 4.89921958E-04
 3.17113932E-04
 4.46519024E-05
 1.91800695E-04
 5.49920683E-04
 9.17251065E-04
 1.45994379E-03
 2.14471720E-03
 3.73622079E-03
 7.01925376E-03
 4.59357762E-02
 1.58065564E+00
 2.24623134E-02
 3.80922772E-03
 7.70846579E-03
 1.13574575E-02
 1.34944351E-02
 1.49184027E-02
 1.72081800E-02
 1.99071054E-02
 2.46355457E-02
 2.75097643E-02
 5.12328371E-02
 4.30011518E-02
 1.59663965E+00
 1.04070485E+00
 2.85167990E-02
 4.07387545E-04
 1.74250200E-02
 1.43171142E-02
 3.31326004E-01
 7.58804312E-01
 1.93859499E+00
 3.24364195E+00
 2.38828738E+00
 1.14507840E+00
 4.60808261E-01
 3.61963799E-02
 7.51168981E-01
 1.22663597E+00
 1.08639524E+00
 7.50354286E-02
 1.24205551E+00
 2.07438712E+00
 2.03685615E+00
 2.74739205E+00
 2.64008004E+00
 4.83306071E-01
 1.51415800E-01
 3.75811679E-02
 2.63519658E-02
 5.35636816E-02
 6.12686969E-02
 6.27486331E-02
 7.43876716E-02
 7.90539372E-02
 7.87687691E-02
 7.48448385E-02
 6.81715627E-02
 5.93728669E-02
 4.88992814E-02
 4.13090905E-02
 3.89618790E-02
 3.53961404E-02
 3.08133342E-02
 2.53733266E-02
 1.92045797E-02
 1.24114869E-02
 5.07974403E-03
 3.49438009E-03
 6.18058638E-03
 8.33038433E-03
 1.00045059E-02
 1.12548244E-02
 1.21259133E-02
 1.26562870E-02
 1.28793966E-02
 1.28244363E-02
 1.25169993E-02
 1.19796172E-02
 1.12322043E-02
 1.02924274E-02
 9.17601419E-03
 7.89701254E-03
 6.46800892E-03
 6.68342812E-03
 6.94001815E-03
 7.06273139E-03
 7.06078622E-03
 6.94255689E-03
 6.71566847E-03
 6.38707919E-03
 5.96263306E-03
 5.44916850E-03
 4.85157447E-03
 4.17476052E-03
 3.42325843E-03
 2.60125310E-03
 1.71261427E-03
 7.60925549E-04
 2.65329110E-04
 1.25452031E-03
 2.18000100E-03
 3.04510250E-03
 3.85270465E-03
 4.60549814E-03
 5.30600010E-03
 5.95656804E-03
 6.55941257E-03
 7.11660887E-03
 7.63010708E-03
 8.10174176E-03
 8.53324056E-03
 8.92623194E-03
 9.28225246E-03
 9.60275324E-03
 9.88910598E-03
 1.01426084E-02
 1.03644894E-02
 1.05559135E-02
 1.07179853E-02
 1.08517531E-02
 1.09582129E-02
 1.10383115E-02
 1.10929495E-02
 1.11229844E-02
 1.11292330E-02
 1.11124739E-02
 1.10734501E-02
 1.10128704E-02
 1.09314121E-02
 1.08297223E-02
 1.07084200E-02
 1.05680974E-02
 1.04093212E-02
 1.02326346E-02
 1.00385581E-02
 9.82759059E-03
 9.60021102E-03
 9.35687895E-03
 9.09803577E-03
 8.82410559E-03
 8.53549607E-03
 8.23259930E-03
 7.91579251E-03
 7.58543884E-03
 7.24188796E-03
 6.88547677E-03
 6.51652998E-03
 6.13536067E-03
 5.74227082E-03
 5.33755186E-03
 4.92148508E-03
 4.49434215E-03
 4.05638551E-03
 3.60786876E-03
 3.14903710E-03
 2.68012763E-03
 2.20136973E-03
 1.71298539E-03
 1.21518947E-03
 7.08190071E-04
 1.92188749E-04
 7.27206563E-05
 1.87008137E-04
 2.91856901E-04
 3.87464837E-04
 4.74023965E-04
 5.51720661E-04
 6.20735875E-04
 6.81245333E-04
 7.33419739E-04
 7.77424954E-04
 8.13422180E-04
 8.41568131E-04
 8.62015192E-04
 8.74911577E-04
 8.80401477E-04
 8.78625202E-04
 8.69719318E-04
 8.53816776E-04
 8.31047038E-04
 8.01536195E-04
 7.65407081E-04
 7.22779383E-04
 6.73769748E-04
 6.18491881E-04
 5.57056642E-04
 4.89572141E-04
 4.16143823E-04
 3.36874557E-04
 2.51864717E-04
 1.61223167E-04
 6.50228096E-05
 1.40247598E-03
 5.89725657E-03
 1.03817291E-02
 1.48560620E-02
 1.93204196E-02
 2.37749629E-02
 2.82198491E-02
 3.26552322E-02
 4.41807374E-02
 6.32434382E-02
 8.22823083E-02
 1.01297717E-01
 1.28619479E-01
 1.62182852E-01
 2.04648554E-01
 4.48885771E-02
 9.46541878E-03
 2.39744534E-02
 3.85754489E-02
 5.32671190E-02
 6.80482030E-02
 8.29174645E-02
 9.78736909E-02
 1.12915693E-01
 1.68158642E-01
 2.31987404E-01
 2.96088946E-01
 3.60459610E-01
 4.69800345E-01
 5.83784476E-01
 7.45129890E-01
 9.87020919E-01
 9.74126987E-01
 9.61318101E-01
 9.48594158E-01
 9.35955054E-01
 9.23400684E-01
 9.10930944E-01
 8.98545728E-01
 8.86244932E-01
 8.74028449E-01
 8.61896173E-01
 8.49847998E-01
 8.37883816E-01
 8.26003522E-01
 8.14207005E-01
 8.02494160E-01
 7.90864877E-01
 7.79319047E-01
 7.67856562E-01
 7.56477311E-01
 7.45181185E-01
 7.33968074E-01
 7.22837866E-01
 7.11790450E-01
 7.00825715E-01
 6.89943549E-01
 6.79143840E-01
 6.68426474E-01
 6.57791340E-01
 6.47238322E-01
 6.36767307E-01
 6.26378182E-01
 6.16070830E-01
 6.05845137E-01
 5.95700988E-01
 5.85638265E-01
 5.75656854E-01
 5.65756637E-01
 5.55937496E-01
 5.46199314E-01
 5.36541974E-01
 5.26965356E-01
 5.17469341E-01
 5.08053810E-01
 4.98718644E-01
 4.89463722E-01
 4.80288923E-01
 4.71194126E-01
 4.62179210E-01
 4.53244053E-01
 4.44388532E-01
 4.35612524E-01
 4.26915907E-01
 4.18298556E-01
 4.09760346E-01
 4.01301155E-01
 3.92920855E-01
 3.84619323E-01
 3.76396431E-01
 3.68252053E-01
 3.60186062E-01
 3.52198331E-01
 3.44288733E-01
 3.36457137E-01
 3.28703417E-01
 3.21027442E-01
 3.13429083E-01
 3.05908209E-01
 2.98464690E-01
 2.91098394E-01
 2.83809191E-01
 2.76596947E-01
 2.69461530E-01
 2.62402807E-01
 2.55420644E-01
 2.48514908E-01
 2.41685463E-01
 2.34932174E-01
 2.28254907E-01
 2.21653524E-01
 2.15127889E-01
 2.08677866E-01
 2.02303315E-01
 1.96004100E-01
 1.89780082E-01
 1.83631121E-01
 1.77557078E-01
 1.71557812E-01
 1.65633183E-01
 1.59783050E-01
 1.54007271E-01
 1.48305703E-01
 1.42678204E-01
 1.37124630E-01
 1.31644838E-01
 1.26238682E-01
 1.20906019E-01
 1.15646702E-01
 1.10460586E-01
 1.05347524E-01
 1.00307368E-01
 9.53399714E-02
 9.04451854E-02
 8.56228614E-02
 8.08728498E-02
 7.61950009E-02
 7.15891640E-02
 6.70551881E-02
 6.25929216E-02
 5.82022122E-02
 5.38829072E-02
 4.96348531E-02
 4.54578961E-02
 4.13518815E-02
 3.73166543E-02
 3.33520588E-02
 2.94579387E-02
 2.56341371E-02
 2.18804964E-02
 1.81968587E-02
 1.45830653E-02
 1.10389568E-02
 7.56437331E-03
 4.15915443E-03
 8.23138990E-04
 2.21094774E-02
 5.13123566E-02
 8.02000195E-02
 1.08773111E-01
 1.37032279E-01
 1.64978173E-01
 1.92611445E-01
 2.19932752E-01
 2.46942749E-01
 2.73642097E-01
 3.00031459E-01
 3.26111499E-01
 3.51882887E-01
 3.77346291E-01
 4.02502384E-01
 4.27351843E-01
 4.51895345E-01
 4.76133571E-01
 5.00067204E-01
 5.23696930E-01
 5.47023439E-01
 5.70047421E-01
 5.92769570E-01
 6.15190583E-01
 6.37311161E-01
 6.59132003E-01
 6.80653817E-01
 7.01877309E-01
 7.22803191E-01
 7.43432174E-01
 7.63764975E-01
 7.26249375E+00
 2.54951043E+01
 4.35347153E+01
 6.13817572E+01
 7.90366621E+01
 9.64998639E+01
 1.13771798E+02
 1.83876818E-01
 6.87721344E-02
 1.66331179E-02
 1.11601418E-01
 2.17676226E-01
 2.78538758E-01
 3.17243977E-01
 2.18894259E-01
 4.34925862E-02
 9.23050539E-03
 1.89099628E-02
 7.44776610E-02
 1.63821158E-02
 4.13549674E-02
 4.45401117E-02
 4.24219386E-02
 3.25842590E-02
 5.44495368E-02
 7.97785991E-02
 1.08015117E-01
 1.42088998E-01
 1.91078225E-01
 3.04083286E-01
 1.59260490E+00
 2.19027118E-02
 2.22678981E-01
 1.05507566E-01
 1.08926420E-01
 1.06184238E-01
 1.01776098E-01
 9.47475859E-02
 8.60599230E-02
 7.70861598E-02
 6.89831857E-02
 5.99149412E-02
 5.01157444E-02
 3.97486564E-02
 2.89307631E-02
 1.77484076E-02
 6.26674248E-03
 3.55214512E-03
 9.65595144E-03
 1.41709052E-02
 1.73336655E-02
 1.93361552E-02
 2.03356880E-02
 2.04624640E-02
 1.98251986E-02
 1.90013798E-02
 1.78226595E-02
 1.60794424E-02
 1.38325348E-02
 1.11345015E-02
 8.03103901E-03
 4.56208240E-03
 7.66376142E-04
 3.64746042E-03
 7.58400680E-03
 1.09853743E-02
 1.38972244E-02
 1.63603782E-02
 1.84114550E-02
 2.00834134E-02
 2.14060114E-02
 2.24061995E-02
 2.31084584E-02
 2.35350897E-02
 2.37064672E-02
 2.36412554E-02
 2.33565997E-02
 2.28682927E-02
 2.22418228E-02
 2.17105592E-02
 2.10094627E-02
 2.01505921E-02
 1.91452000E-02
 1.80038159E-02
 1.67363197E-02
 1.53520085E-02
 1.38596567E-02
 1.22675699E-02
 1.05836343E-02
 8.81536225E-03
 6.96993277E-03
 5.05423025E-03
 3.07487944E-03
 1.03827848E-03
 3.03225989E-04
 8.45054504E-04
 1.30807010E-03
 1.69944265E-03
 2.02614409E-03
 2.29497946E-03
 2.51261673E-03
 2.68561587E-03
 2.82045726E-03
 2.92356987E-03
 3.00135932E-03
 3.06023618E-03
 3.10664477E-03
 3.14709268E-03
 3.18818142E-03
 3.23663835E-03
 3.18487346E-03
 3.13484815E-03
 3.11519383E-03
 3.13348531E-03
 3.19762236E-03
 3.31587895E-03
 3.49695748E-03
 3.74646009E-03
 3.85315056E-03
 4.05496980E-03
 4.36302229E-03
 4.76853704E-03
 5.12352229E-03
 5.59780156E-03
 6.06837534E-03
 6.64476590E-03
 7.06182038E-03
 8.44906003E-03
 1.16551622E-02
 5.34489216E-02
 1.71559187E+00
 2.14299204E-02
 6.60585764E-03
 1.03842804E-02
 1.38657777E-02
 1.56813042E-02
 1.66934116E-02
 1.86083154E-02
 2.09276255E-02
 2.54008462E-02
 2.78193021E-02
 5.36695426E-02
 4.56585164E-02
 1.72687744E+00
 1.12465456E+00
 2.97548581E-02
 9.56285312E-04
 2.03559495E-02
 1.69268135E-02
 3.58487611E-01
 8.18145902E-01
 2.08571089E+00
 3.48277388E+00
 2.55660331E+00
 1.21907767E+00
 4.85450575E-01
 3.66322643E-02
 7.79788498E-01
 1.23769743E+00
 9.90659855E-01
 4.40691569E-01
 1.80461781E+00
 2.84989997E+00
 3.04483675E+00
 2.61021992E+00
 1.09824977E+00
 1.45760870E-01
 1.96471286E-02
 6.42917370E-02
 8.87678735E-02
 8.84234731E-02
 7.46521729E-02
 6.16931550E-02
 7.27341142E-02
 7.70974392E-02
 7.66915930E-02
 7.27646567E-02
 6.61671048E-02
 5.74983590E-02
 4.71929753E-02
 4.01411766E-02
 3.88702664E-02
 3.63742828E-02
 3.28537812E-02
 2.84682378E-02
 2.33460402E-02
 1.75916967E-02
 1.12911300E-02
 9.91722936E-03
 1.21973603E-02
 1.39590997E-02
 1.52608502E-02
 1.61525408E-02
 1.66771103E-02
 1.68716892E-02
 1.67685497E-02
 1.63958758E-02
 1.57783904E-02
 1.49378710E-02
 1.38935760E-02
 1.26625986E-02
 1.12601630E-02
 9.69987285E-03
 7.99392190E-03
 8.08492166E-03
 8.23498585E-03
 8.25343420E-03
 8.14929994E-03
 7.93079194E-03
 7.60538708E-03
 7.17991046E-03
 6.66009853E-03
 6.05265209E-03
 5.36238216E-03
 4.59410700E-03
 3.75227715E-03
 2.84100365E-03
 1.86408892E-03
 8.25054977E-04
 2.63226424E-04
 1.24749548E-03
 2.16847785E-03
 3.02947247E-03
 3.83333137E-03
 4.58271981E-03
 5.28013159E-03
 5.92790283E-03
 6.52822446E-03
 7.08315355E-03
 7.59462357E-03
 8.06445368E-03
 8.49435729E-03
 8.88594975E-03
 9.24075542E-03
 9.56021414E-03
 9.84568713E-03
 1.00984624E-02
 1.03197599E-02
 1.05107355E-02
 1.06724862E-02
 1.08060530E-02
 1.09124249E-02
 1.09925425E-02
 1.10473004E-02
 1.10775505E-02
 1.10841044E-02
 1.10677360E-02
 1.10291835E-02
 1.09691515E-02
 1.08883133E-02
 1.07873123E-02
 1.06667637E-02
 1.05272565E-02
 1.03693543E-02
 1.01935974E-02
 1.00005032E-02
 9.79056825E-03
 9.56426890E-03
 9.32206239E-03
 9.06438788E-03
 8.79166740E-03
 8.50430662E-03
 8.20269577E-03
 7.88721030E-03
 7.55821167E-03
 7.21604797E-03
 6.86105459E-03
 6.49355481E-03
 6.11386035E-03
 5.72227193E-03
 5.31907972E-03
 4.90456388E-03
 4.47899498E-03
 4.04263439E-03
 3.59573474E-03
 3.13854027E-03
 2.67128718E-03
 2.19420400E-03
 1.70751189E-03
 1.21142495E-03
 7.06150528E-04
 1.91889477E-04
 7.29674327E-05
 1.87092046E-04
 2.91794192E-04
 3.87271090E-04
 4.73714114E-04
 5.51309028E-04
 6.20236192E-04
 6.80670772E-04
 7.32782931E-04
 7.76738017E-04
 8.12696740E-04
 8.40815342E-04
 8.61245755E-04
 8.74135760E-04
 8.79629135E-04
 8.77865792E-04
 8.68981916E-04
 8.53110093E-04
 8.30379433E-04
 8.00915691E-04
 7.64841380E-04
 7.22275876E-04
 6.73335530E-04
 6.18133760E-04
 5.56781154E-04
 4.89385556E-04
 4.16052160E-04
 3.36883593E-04
 2.51979993E-04
 1.61439095E-04
 6.53664208E-05
 1.02010696E-03
 4.29083298E-03
 7.55259242E-03
 1.08055317E-02
 1.40497940E-02
 1.72855192E-02
 2.05128443E-02
 2.37319030E-02
 3.46359183E-02
 5.37093049E-02
 7.27587933E-02
 9.17847535E-02
 1.19813447E-01
 1.54607457E-01
 1.99049929E-01
 4.79577197E-02
 6.86008717E-03
 1.73840201E-02
 2.79829372E-02
 3.86557883E-02
 4.94015435E-02
 6.02191934E-02
 7.11077482E-02
 8.20662372E-02
 1.36574103E-01
 2.00365575E-01
 2.64430830E-01
 3.28766193E-01
 4.41821852E-01
 5.59889539E-01
 7.29270281E-01
 9.87021176E-01
 9.74127497E-01
 9.61318859E-01
 9.48595160E-01
 9.35956295E-01
 9.23402160E-01
 9.10932651E-01
 8.98547661E-01
 8.86247086E-01
 8.74030820E-01
 8.61898757E-01
 8.49850791E-01
 8.37886813E-01
 8.26006718E-01
 8.14210397E-01
 8.02497743E-01
 7.90868646E-01
 7.79322999E-01
 7.67860691E-01
 7.56481614E-01
 7.45185657E-01
 7.33972710E-01
 7.22842663E-01
 7.11795403E-01
 7.00830820E-01
 6.89948802E-01
 6.79149236E-01
 6.68432010E-01
 6.57797010E-01
 6.47244123E-01
 6.36773234E-01
 6.26384231E-01
 6.16076997E-01
 6.05851417E-01
 5.95707377E-01
 5.85644760E-01
 5.75663450E-01
 5.65763329E-01
 5.55944281E-01
 5.46206188E-01
 5.36548931E-01
 5.26972393E-01
 5.17476454E-01
 5.08060995E-01
 4.98725897E-01
 4.89471038E-01
 4.80296298E-01
 4.71201557E-01
 4.62186692E-01
 4.53251582E-01
 4.44396104E-01
 4.35620135E-01
 4.26923553E-01
 4.18306232E-01
 4.09768050E-01
 4.01308881E-01
 3.92928600E-01
 3.84627082E-01
 3.76404201E-01
 3.68259830E-01
 3.60193842E-01
 3.52206110E-01
 3.44296506E-01
 3.36464901E-01
 3.28711167E-01
 3.21035175E-01
 3.13436795E-01
 3.05915896E-01
 2.98472348E-01
 2.91106019E-01
 2.83816779E-01
 2.76604494E-01
 2.69469033E-01
 2.62410261E-01
 2.55428047E-01
 2.48522254E-01
 2.41692749E-01
 2.34939397E-01
 2.28262061E-01
 2.21660607E-01
 2.15134897E-01
 2.08684794E-01
 2.02310161E-01
 1.96010860E-01
 1.89786751E-01
 1.83637696E-01
 1.77563554E-01
 1.71564187E-01
 1.65639453E-01
 1.59789210E-01
 1.54013318E-01
 1.48311634E-01
 1.42684015E-01
 1.37130317E-01
 1.31650397E-01
 1.26244110E-01
 1.20911312E-01
 1.15651857E-01
 1.10465599E-01
 1.05352390E-01
 1.00312085E-01
 9.53445357E-02
 9.04495932E-02
 8.56271090E-02
 8.08769337E-02
 7.61989175E-02
 7.15929098E-02
 6.70587596E-02
 6.25963152E-02
 5.82054244E-02
 5.38859344E-02
 4.96376920E-02
 4.54605431E-02
 4.13543332E-02
 3.73189072E-02
 3.33541094E-02
 2.94597836E-02
 2.56357728E-02
 2.18819197E-02
 1.81980660E-02
 1.45840532E-02
 1.10397220E-02
 7.56491243E-03
 4.15946408E-03
 8.23215827E-04
 1.39733851E-02
 3.24175700E-02
 5.06485334E-02
 6.86667211E-02
 8.64725806E-02
 1.04066561E-01
 1.21449114E-01
 1.38620691E-01
 1.55581747E-01
 1.72332738E-01
 1.88874123E-01
 2.05206360E-01
 2.21329912E-01
 2.37245241E-01
 2.52952814E-01
 2.68453095E-01
 2.83746555E-01
 2.98833663E-01
 3.13714893E-01
 3.28390717E-01
 3.42861612E-01
 3.57128057E-01
 3.71190529E-01
 3.85049512E-01
 3.98705488E-01
 4.12158943E-01
 4.25410365E-01
 4.38460241E-01
 4.51309063E-01
 4.63957324E-01
 4.76405519E-01
 7.99549621E+00
 2.72290443E+01
 4.62589907E+01
 6.50857896E+01
 8.37098967E+01
 1.02131770E+02
 1.20351868E+02
 1.42629256E-01
 2.34175433E-02
 6.34802561E-02
 1.59963939E-01
 2.67571448E-01
 3.25998675E-01
 3.59755994E-01
 2.46007546E-01
 4.87340386E-02
 8.46787218E-03
 1.70921321E-02
 8.41328659E-02
 1.09052520E-02
 3.56587044E-02
 3.71509484E-02
 3.29261711E-02
 2.04285449E-02
 4.12990314E-02
 6.54031022E-02
 9.17961837E-02
 1.22688040E-01
 1.64677102E-01
 2.50352138E-01
 8.65771385E+00
 2.35897280E-02
 2.44133057E-01
 1.07871695E-01
 1.10465350E-01
 1.07117136E-01
 1.02407214E-01
 9.51092402E-02
 8.61852719E-02
 7.70776755E-02
 6.90076657E-02
 5.99536867E-02
 5.01568387E-02
 3.97842824E-02
 2.89556760E-02
 1.77590272E-02
 6.26059435E-03
 3.55031363E-03
 9.67090813E-03
 1.41885879E-02
 1.73434004E-02
 1.93297813E-02
 2.03069298E-02
 2.04064768E-02
 1.97382338E-02
 1.89197001E-02
 1.77631629E-02
 1.60373074E-02
 1.38036950E-02
 1.11155118E-02
 8.01896771E-03
 4.55442594E-03
 7.61026101E-04
 3.64894275E-03
 7.59062196E-03
 1.09942147E-02
 1.39057674E-02
 1.63664308E-02
 1.84131077E-02
 2.00790015E-02
 2.13940824E-02
 2.23854858E-02
 2.30778536E-02
 2.34936291E-02
 2.36533105E-02
 2.35756726E-02
 2.32779583E-02
 2.27760472E-02
 2.21395047E-02
 2.16190276E-02
 2.09278210E-02
 2.00780328E-02
 1.90809975E-02
 1.79473192E-02
 1.66869466E-02
 1.53092407E-02
 1.38230346E-02
 1.22366891E-02
 1.05581421E-02
 8.79495436E-03
 6.95435097E-03
 5.04326010E-03
 3.06834850E-03
 1.03605474E-03
 3.48075197E-04
 9.78703295E-04
 1.52911004E-03
 2.00655255E-03
 2.41808564E-03
 2.77059333E-03
 3.07081916E-03
 3.32539566E-03
 3.54087320E-03
 3.72374856E-03
 3.88049343E-03
 4.01758304E-03
 4.14152539E-03
 4.25889116E-03
 4.37634472E-03
 4.50067659E-03
 4.51547581E-03
 4.53013890E-03
 4.57501875E-03
 4.65775784E-03
 4.78632675E-03
 4.96907426E-03
 5.21478225E-03
 5.52886007E-03
 5.68306237E-03
 5.93305426E-03
 6.29005040E-03
 6.74380210E-03
 7.13402999E-03
 7.64276838E-03
 8.13653460E-03
 8.66827501E-03
 8.74099857E-03
 9.84934686E-03
 1.29059737E-02
 5.75064083E-02
 1.84698015E+00
 2.39855120E-02
 5.75125703E-03
 9.34914875E-03
 1.26066551E-02
 1.40478808E-02
 1.45992924E-02
 1.60947949E-02
 1.79948052E-02
 2.21782862E-02
 2.41129629E-02
 5.20623700E-02
 4.42562364E-02
 1.86066607E+00
 1.21227189E+00
 3.50182521E-02
 1.68777496E-03
 1.93165693E-02
 1.56380396E-02
 3.81572867E-01
 8.73031936E-01
 2.22680654E+00
 3.71328506E+00
 2.71694968E+00
 1.28759939E+00
 5.07114805E-01
 3.76863890E-02
 8.05471411E-01
 1.23717256E+00
 8.66182179E-01
 8.71806456E-01
 2.45762798E+00
 3.76331177E+00
 4.31698543E+00
 2.35574141E+00
 2.28539062E-01
 1.17997354E-01
 1.59624041E-01
 1.47083081E-01
 1.37173134E-01
 1.11978208E-01
 7.83888059E-02
 5.20558361E-02
 6.31320332E-02
 6.77086138E-02
 6.76170576E-02
 6.40632453E-02
 5.78734436E-02
 4.96326912E-02
 3.97667643E-02
 3.35018818E-02
 3.35369173E-02
 3.23264493E-02
 3.00723244E-02
 2.69353726E-02
 2.30453095E-02
 1.85079013E-02
 1.34102388E-02
 1.24151291E-02
 1.44520477E-02
 1.59836546E-02
 1.70665790E-02
 1.77492781E-02
 1.80734596E-02
 1.80752178E-02
 1.77859467E-02
 1.72330819E-02
 1.64407046E-02
 1.54300398E-02
 1.42198673E-02
 1.28268641E-02
 1.12658907E-02
 9.55023208E-03
 7.69180102E-03
 7.78149447E-03
 7.94689571E-03
 7.98177342E-03
 7.89504906E-03
 7.69483292E-03
 7.38851465E-03
 6.98284198E-03
 6.48349557E-03
 5.89708329E-03
 5.22838390E-03
 4.48216352E-03
 3.66282822E-03
 2.77444939E-03
 1.82079378E-03
 8.05351299E-04
 2.60137661E-04
 1.23956355E-03
 2.15612137E-03
 3.01307806E-03
 3.81325829E-03
 4.55930222E-03
 5.25368066E-03
 5.89870861E-03
 6.49655760E-03
 7.04926683E-03
 7.55875330E-03
 8.02682099E-03
 8.45516927E-03
 8.84540048E-03
 9.19902699E-03
 9.51747747E-03
 9.80210283E-03
 1.00541815E-02
 1.02749243E-02
 1.04654791E-02
 1.06269349E-02
 1.07603256E-02
 1.08666336E-02
 1.09467929E-02
 1.10016924E-02
 1.10321786E-02
 1.10390578E-02
 1.10230990E-02
 1.09850360E-02
 1.09255693E-02
 1.08453680E-02
 1.07450717E-02
 1.06252924E-02
 1.04866155E-02
 1.03296017E-02
 1.01547880E-02
 9.96268948E-03
 9.75379988E-03
 9.52859307E-03
 9.28752400E-03
 9.03102964E-03
 8.75952993E-03
 8.47342861E-03
 8.17311403E-03
 7.85895989E-03
 7.53132599E-03
 7.19055886E-03
 6.83699238E-03
 6.47094842E-03
 6.09273736E-03
 5.70265864E-03
 5.30100124E-03
 4.88804416E-03
 4.46405686E-03
 4.02929971E-03
 3.58402433E-03
 3.12847402E-03
 2.66288410E-03
 2.18748225E-03
 1.70248881E-03
 1.20811712E-03
 7.04573785E-04
 1.92058963E-04
 7.36879374E-05
 1.87654002E-04
 2.92213713E-04
 3.87563621E-04
 4.73894463E-04
 5.51391392E-04
 6.20234187E-04
 6.80597454E-04
 7.32650825E-04
 7.76559136E-04
 8.12482608E-04
 8.40577015E-04
 8.60993842E-04
 8.73880441E-04
 8.79380176E-04
 8.77632567E-04
 8.68773420E-04
 8.52934958E-04
 8.30245945E-04
 8.00831801E-04
 7.64814719E-04
 7.22313770E-04
 6.73445007E-04
 6.18321566E-04
 5.57053764E-04
 4.89749183E-04
 4.16512766E-04
 3.37446899E-04
 2.52651489E-04
 1.62224046E-04
 6.62699988E-05
 6.38098546E-04
 2.68412961E-03
 4.72253789E-03
 6.75344800E-03
 8.77698171E-03
 1.07932581E-02
 1.28023935E-02
 1.48045019E-02
 2.50867068E-02
 4.41707822E-02
 6.32308917E-02
 8.22674060E-02
 1.11003388E-01
 1.47028654E-01
 1.93448893E-01
 5.10289311E-02
 4.25305975E-03
 1.07881540E-02
 1.73811981E-02
 2.40313783E-02
 3.07378973E-02
 3.74999735E-02
 4.43168409E-02
 5.11877486E-02
 1.04959633E-01
 1.68713585E-01
 2.32742327E-01
 2.97042166E-01
 4.13816186E-01
 5.35971265E-01
 7.13395098E-01
 9.87021433E-01
 9.74128007E-01
 9.61319618E-01
 9.48596163E-01
 9.35957537E-01
 9.23403637E-01
 9.10934358E-01
 8.98549595E-01
 8.86249242E-01
 8.74033193E-01
 8.61901343E-01
 8.49853585E-01
 8.37889812E-01
 8.26009916E-01
 8.14213791E-01
 8.02501327E-01
 7.90872417E-01
 7.79326952E-01
 7.67864822E-01
 7.56485919E-01
 7.45190131E-01
 7.33977349E-01
 7.22847462E-01
 7.11800359E-01
 7.00835928E-01
 6.89954058E-01
 6.79154635E-01
 6.68437548E-01
 6.57802682E-01
 6.47249926E-01
 6.36779164E-01
 6.26390282E-01
 6.16083166E-01
 6.05857701E-01
 5.95713770E-01
 5.85651258E-01
 5.75670049E-01
 5.65770025E-01
 5.55951070E-01
 5.46213065E-01
 5.36555893E-01
 5.26979435E-01
 5.17483572E-01
 5.08068185E-01
 4.98733154E-01
 4.89478359E-01
 4.80303679E-01
 4.71208992E-01
 4.62194179E-01
 4.53259116E-01
 4.44403681E-01
 4.35627751E-01
 4.26931204E-01
 4.18313914E-01
 4.09775759E-01
 4.01316612E-01
 3.92936350E-01
 3.84634847E-01
 3.76411977E-01
 3.68267612E-01
 3.60201627E-01
 3.52213894E-01
 3.44304284E-01
 3.36472670E-01
 3.28718924E-01
 3.21042914E-01
 3.13444513E-01
 3.05923589E-01
 2.98480012E-01
 2.91113651E-01
 2.83824374E-01
 2.76612048E-01
 2.69476542E-01
 2.62417723E-01
 2.55435455E-01
 2.48529607E-01
 2.41700042E-01
 2.34946626E-01
 2.28269223E-01
 2.21667697E-01
 2.15141912E-01
 2.08691730E-01
 2.02317014E-01
 1.96017626E-01
 1.89793427E-01
 1.83644278E-01
 1.77570039E-01
 1.71570570E-01
 1.65645730E-01
 1.59795379E-01
 1.54019374E-01
 1.48317573E-01
 1.42689833E-01
 1.37136012E-01
 1.31655964E-01
 1.26249547E-01
 1.20916614E-01
 1.15657020E-01
 1.10470620E-01
 1.05357266E-01
 1.00316811E-01
 9.53491087E-02
 9.04540097E-02
 8.56313654E-02
 8.08810265E-02
 7.62028431E-02
 7.15966647E-02
 6.70623401E-02
 6.25997179E-02
 5.82086458E-02
 5.38889710E-02
 4.96405403E-02
 4.54631995E-02
 4.13567944E-02
 3.73211696E-02
 3.33561697E-02
 2.94616382E-02
 2.56374184E-02
 2.18833528E-02
 1.81992833E-02
 1.45850512E-02
 1.10404973E-02
 7.56546170E-03
 4.15978395E-03
 8.23302950E-04
 5.83608501E-03
 1.35199831E-02
 2.10926592E-02
 2.85543600E-02
 3.59053329E-02
 4.31458265E-02
 5.02760902E-02
 5.72963744E-02
 6.42069304E-02
 7.10080105E-02
 7.76998681E-02
 8.42827575E-02
 9.07569338E-02
 9.71226533E-02
 1.03380173E-01
 1.09529752E-01
 1.15571648E-01
 1.21506123E-01
 1.27333437E-01
 1.33053852E-01
 1.38667632E-01
 1.44175041E-01
 1.49576345E-01
 1.54871809E-01
 1.60061701E-01
 1.65146290E-01
 1.70125845E-01
 1.75000635E-01
 1.79770934E-01
 1.84437014E-01
 1.88999147E-01
 8.72861864E+00
 2.89632690E+01
 4.89837151E+01
 6.87904346E+01
 8.83839071E+01
 1.07764614E+02
 1.26933039E+02
 1.01971851E-01
 2.12724040E-02
 1.09622069E-01
 2.07576235E-01
 3.16666672E-01
 3.72668054E-01
 4.01527908E-01
 2.72617092E-01
 5.38470741E-02
 7.68546440E-03
 1.52749764E-02
 9.36164638E-02
 5.51456546E-03
 3.00610313E-02
 2.99160149E-02
 2.36650068E-02
 8.62718733E-03
 2.85931296E-02
 5.16068536E-02
 7.63889459E-02
 1.04572898E-01
 1.40871868E-01
 2.06776605E-01
 1.01637950E+00
 2.53908083E-02
 2.67898486E-01
 1.10330386E-01
 1.12031254E-01
 1.08046779E-01
 1.03025970E-01
 9.54531045E-02
 8.62896964E-02
 7.70481866E-02
 6.90144062E-02
 5.99769875E-02
 5.01841811E-02
 3.98074562E-02
 2.89691683E-02
 1.77590679E-02
 6.24456976E-03
 3.53952944E-03
 9.67792075E-03
 1.41990683E-02
 1.73464850E-02
 1.93171722E-02
 2.02722525E-02
 2.03448136E-02
 1.96457822E-02
 1.88329532E-02
 1.76990898E-02
 1.59910115E-02
 1.37710493E-02
 1.10930207E-02
 8.00365844E-03
 4.54376056E-03
 7.52867885E-04
 3.64784273E-03
 7.59485837E-03
 1.10008506E-02
 1.39122555E-02
 1.63705574E-02
 1.84129459E-02
 2.00728720E-02
 2.13805203E-02
 2.23632130E-02
 2.30457549E-02
 2.34507322E-02
 2.35987690E-02
 2.35087509E-02
 2.31980196E-02
 2.26825422E-02
 2.20359742E-02
 2.15263910E-02
 2.08451739E-02
 2.00045611E-02
 1.90159694E-02
 1.78900784E-02
 1.66369065E-02
 1.52658786E-02
 1.37858876E-02
 1.22053497E-02
 1.05322548E-02
 8.77421266E-03
 6.93849482E-03
 5.03207360E-03
 3.06165803E-03
 1.03372747E-03
 2.48566916E-04
 6.82721550E-04
 1.03950086E-03
 1.32610085E-03
 1.54952283E-03
 1.71660478E-03
 1.83405152E-03
 1.90846416E-03
 1.94636897E-03
 1.95424596E-03
 1.93855746E-03
 1.90577695E-03
 1.86241846E-03
 1.81506679E-03
 1.77040881E-03
 1.73526638E-03
 1.58437320E-03
 1.43455674E-03
 1.31788814E-03
 1.24208114E-03
 1.21519045E-03
 1.24566269E-03
 1.34239279E-03
 1.51064161E-03
 1.50519671E-03
 1.59953316E-03
 1.80505833E-03
 2.11014206E-03
 2.34232415E-03
 2.69598994E-03
 3.02732066E-03
 3.33284126E-03
 2.88387280E-03
 3.54055223E-03
 6.27975489E-03
 5.35237630E-02
 1.97014415E+00
 3.48888781E-02
 3.59688544E-03
 3.17865352E-04
 2.58471085E-03
 3.52890147E-03
 3.50588325E-03
 4.47803659E-03
 5.86569831E-03
 9.67827489E-03
 1.10620381E-02
 4.10517425E-02
 3.34135318E-02
 2.00338236E+00
 1.30893478E+00
 4.96789001E-02
 1.36786152E-02
 9.02045141E-03
 5.24076926E-03
 3.95467245E-01
 9.18468642E-01
 2.35700436E+00
 3.93041605E+00
 2.86486811E+00
 1.34665373E+00
 5.22408138E-01
 3.68003341E-02
 8.26356391E-01
 1.22371562E+00
 7.11532688E-01
 1.37212521E+00
 3.20705573E+00
 4.82980225E+00
 5.92565157E+00
 1.91532956E+00
 2.61530878E-01
 2.95307029E-01
 2.51597543E-01
 1.95219821E-01
 1.57584371E-01
 1.11525880E-01
 6.07969873E-02
 2.29877820E-02
 3.54330171E-02
 4.13322824E-02
 4.25039449E-02
 4.01531414E-02
 3.51100793E-02
 2.79652317E-02
 1.91499699E-02
 1.42360382E-02
 1.61019088E-02
 1.66708941E-02
 1.61509288E-02
 1.47080298E-02
 1.24763414E-02
 9.56542516E-03
 6.06563616E-03
 5.83268536E-03
 7.99892957E-03
 9.66236051E-03
 1.08789779E-02
 1.16967448E-02
 1.21569792E-02
 1.22954670E-02
 1.21433577E-02
 1.17278919E-02
 1.10729961E-02
 1.01997719E-02
 9.12690102E-03
 7.87098278E-03
 6.44681634E-03
 4.86763848E-03
 3.14532457E-03
 3.51927577E-03
 3.98275480E-03
 4.31415862E-03
 4.52245950E-03
 4.61581736E-03
 4.60167014E-03
 4.48681235E-03
 4.27698359E-03
 3.97880104E-03
 3.59711137E-03
 3.13671677E-03
 2.60206156E-03
 1.99725417E-03
 1.32609707E-03
 5.92114370E-04
 2.56314073E-04
 1.23073573E-03
 2.14294193E-03
 2.99592894E-03
 3.79249439E-03
 4.53525373E-03
 5.22665508E-03
 5.86899263E-03
 6.46441874E-03
 7.01495501E-03
 7.52250216E-03
 7.98884920E-03
 8.41568161E-03
 8.80458893E-03
 9.15707165E-03
 9.47454745E-03
 9.75835699E-03
 1.00097692E-02
 1.02299862E-02
 1.04201475E-02
 1.05813345E-02
 1.07145739E-02
 1.08208416E-02
 1.09010652E-02
 1.09561280E-02
 1.09868708E-02
 1.09940950E-02
 1.09785648E-02
 1.09410095E-02
 1.08821253E-02
 1.08025776E-02
 1.07030022E-02
 1.05840074E-02
 1.04461756E-02
 1.02900643E-02
 1.01162077E-02
 9.92511801E-03
 9.71728643E-03
 9.49318442E-03
 9.25326461E-03
 8.99796181E-03
 8.72769390E-03
 8.44286268E-03
 8.14385467E-03
 7.83104183E-03
 7.50478231E-03
 7.16542107E-03
 6.81329054E-03
 6.44871117E-03
 6.07199201E-03
 5.68343125E-03
 5.28331666E-03
 4.87192611E-03
 4.44952799E-03
 4.01638161E-03
 3.57273764E-03
 3.11883845E-03
 2.65491846E-03
 2.18120451E-03
 1.69791616E-03
 1.20526596E-03
 7.03459798E-04
 1.92697139E-04
 7.48820798E-05
 1.88693897E-04
 2.93115336E-04
 3.88342284E-04
 4.74564848E-04
 5.51967575E-04
 6.20729664E-04
 6.81025172E-04
 7.33023197E-04
 7.76888072E-04
 8.12779533E-04
 8.40852888E-04
 8.61259179E-04
 8.74145331E-04
 8.79654301E-04
 8.77925217E-04
 8.69093510E-04
 8.53291044E-04
 8.30646237E-04
 8.01284179E-04
 7.65326745E-04
 7.22892700E-04
 6.74097807E-04
 6.19054921E-04
 5.57874086E-04
 4.90662627E-04
 4.17525240E-04
 3.38564068E-04
 2.53878790E-04
 1.63566695E-04
 6.77331175E-05
 2.56450796E-04
 1.07714807E-03
 1.89156875E-03
 2.69981562E-03
 3.50198910E-03
 4.29818738E-03
 5.08850641E-03
 5.87304003E-03
 1.55331151E-02
 3.46278822E-02
 5.36986158E-02
 7.27456870E-02
 1.02189313E-01
 1.39446454E-01
 1.87845454E-01
 5.41022089E-02
 1.64433849E-03
 4.18686066E-03
 6.77024016E-03
 9.39390108E-03
 1.20572794E-02
 1.47598228E-02
 1.75009899E-02
 2.02802506E-02
 7.33152566E-02
 1.37031460E-01
 2.01023460E-01
 2.65287551E-01
 3.85783369E-01
 5.12029672E-01
 6.97504355E-01
 9.87021690E-01
 9.74128516E-01
 9.61320375E-01
 9.48597163E-01
 9.35958777E-01
 9.23405112E-01
 9.10936063E-01
 8.98551525E-01
 8.86251393E-01
 8.74035562E-01
 8.61903924E-01
 8.49856374E-01
 8.37892804E-01
 8.26013108E-01
 8.14217178E-01
 8.02504905E-01
 7.90876181E-01
 7.79330898E-01
 7.67868946E-01
 7.56490215E-01
 7.45194596E-01
 7.33981979E-01
 7.22852252E-01
 7.11805305E-01
 7.00841026E-01
 6.89959302E-01
 6.79160023E-01
 6.68443074E-01
 6.57808344E-01
 6.47255717E-01
 6.36785082E-01
 6.26396322E-01
 6.16089323E-01
 6.05863971E-01
 5.95720149E-01
 5.85657742E-01
 5.75676634E-01
 5.65776706E-01
 5.55957843E-01
 5.46219927E-01
 5.36562838E-01
 5.26986460E-01
 5.17490673E-01
 5.08075358E-01
 4.98740394E-01
 4.89485662E-01
 4.80311041E-01
 4.71216410E-01
 4.62201648E-01
 4.53266632E-01
 4.44411239E-01
 4.35635349E-01
 4.26938835E-01
 4.18321577E-01
 4.09783448E-01
 4.01324324E-01
 3.92944080E-01
 3.84642592E-01
 3.76419732E-01
 3.68275374E-01
 3.60209391E-01
 3.52221656E-01
 3.44312041E-01
 3.36480418E-01
 3.28726658E-01
 3.21050631E-01
 3.13452208E-01
 3.05931259E-01
 2.98487653E-01
 2.91121259E-01
 2.83831945E-01
 2.76619579E-01
 2.69484028E-01
 2.62425160E-01
 2.55442840E-01
 2.48536935E-01
 2.41707310E-01
 2.34953830E-01
 2.28276360E-01
 2.21674762E-01
 2.15148902E-01
 2.08698641E-01
 2.02323842E-01
 1.96024367E-01
 1.89800077E-01
 1.83650833E-01
 1.77576496E-01
 1.71576925E-01
 1.65651980E-01
 1.59801520E-01
 1.54025402E-01
 1.48323484E-01
 1.42695625E-01
 1.37141679E-01
 1.31661504E-01
 1.26254955E-01
 1.20921887E-01
 1.15662155E-01
 1.10475612E-01
 1.05362112E-01
 1.00321508E-01
 9.53536528E-02
 9.04583972E-02
 8.56355927E-02
 8.08850900E-02
 7.62067393E-02
 7.16003899E-02
 6.70658910E-02
 6.26030909E-02
 5.82118373E-02
 5.38919776E-02
 4.96433584E-02
 4.54658258E-02
 4.13592252E-02
 3.73234017E-02
 3.33581995E-02
 2.94634623E-02
 2.56390333E-02
 2.18847551E-02
 1.82004696E-02
 1.45860182E-02
 1.10412416E-02
 7.56597988E-03
 4.16007267E-03
 8.23358851E-04
 2.07871879E-03
 4.79407527E-03
 7.44530730E-03
 1.00325695E-02
 1.25560170E-02
 1.50158057E-02
 1.74120919E-02
 1.97450326E-02
 2.20147854E-02
 2.42215085E-02
 2.63653608E-02
 2.84465015E-02
 3.04650908E-02
 3.24212893E-02
 3.43152583E-02
 3.61471595E-02
 3.79171556E-02
 3.96254097E-02
 4.12720855E-02
 4.28573475E-02
 4.43813605E-02
 4.58442904E-02
 4.72463035E-02
 4.85875666E-02
 4.98682474E-02
 5.10885142E-02
 5.22485358E-02
 5.33484818E-02
 5.43885224E-02
 5.53688285E-02
 5.62895716E-02
 8.95435149E+00
 2.93954198E+01
 4.96201042E+01
 6.96288872E+01
 8.94222535E+01
 1.09000689E+02
 1.28364683E+02
 9.81823413E-02
 2.75968644E-02
 1.20193036E-01
 2.22978868E-01
 3.37570520E-01
 3.95997069E-01
 4.25762228E-01
 2.88756804E-01
 5.69924936E-02
 7.19337297E-03
 1.40284744E-02
 1.02049290E-01
 1.47269101E-03
 2.62929668E-02
 2.51492167E-02
 1.76923702E-02
 1.19571246E-03
 2.05400920E-02
 4.27716497E-02
 6.63898361E-02
 9.26191824E-02
 1.24881722E-01
 1.77712236E-01
 5.15817717E-01
 2.87936532E-02
 2.95012916E-01
 1.13278591E-01
 1.13902273E-01
 1.09185766E-01
 1.03803108E-01
 9.59204105E-02
 8.64924403E-02
 7.70999236E-02
 6.90920796E-02
 6.00623210E-02
 5.02658241E-02
 3.98781648E-02
 2.90242273E-02
 1.77953677E-02
 6.26004748E-03
 3.55708969E-03
 9.71148170E-03
 1.42342971E-02
 1.73725527E-02
 1.93258371E-02
 2.02572069E-02
 2.03012122E-02
 1.95698954E-02
 1.87616193E-02
 1.76494489E-02
 1.59581790E-02
 1.37509143E-02
 1.10821072E-02
 7.99901487E-03
 4.54673972E-03
 7.53618852E-04
 3.65522482E-03
 7.60723971E-03
 1.10152882E-02
 1.39261988E-02
 1.63817918E-02
 1.84195452E-02
 2.00731590E-02
 2.13730334E-02
 2.23466777E-02
 2.30190608E-02
 2.34129118E-02
 2.35489810E-02
 2.34462655E-02
 2.31222053E-02
 2.25928557E-02
 2.19359744E-02
 2.14370664E-02
 2.07656202E-02
 1.99339648E-02
 1.89535997E-02
 1.78352804E-02
 1.65890949E-02
 1.52245327E-02
 1.37505464E-02
 1.21756080E-02
 1.05077596E-02
 8.75466014E-03
 6.92362763E-03
 5.02167874E-03
 3.05556499E-03
 1.03180666E-03
 2.57210208E-04
 7.08113306E-04
 1.08131103E-03
 1.38404957E-03
 1.62337910E-03
 1.80618540E-03
 1.93922048E-03
 2.02913225E-03
 2.08249372E-03
 2.10583194E-03
 2.10565686E-03
 2.08849055E-03
 2.06089688E-03
 2.02951219E-03
 2.00107696E-03
 1.98246913E-03
 1.83957424E-03
 1.69667304E-03
 1.58756253E-03
 1.52002660E-03
 1.50219589E-03
 1.54259967E-03
 1.65022305E-03
 1.83014745E-03
 1.82014004E-03
 1.91145451E-03
 2.11563318E-03
 2.41959528E-03
 2.63861360E-03
 2.97934158E-03
 3.28751509E-03
 3.68156045E-03
 3.78737657E-03
 5.05121999E-03
 8.51356312E-03
 5.94223990E-02
 2.10416193E+00
 3.39268587E-02
 1.21154455E-04
 3.77494093E-03
 7.23383962E-03
 8.56594789E-03
 8.82515227E-03
 1.00998445E-02
 1.17676157E-02
 1.59648750E-02
 1.75134168E-02
 6.77421627E-02
 9.30653044E-02
 2.04351170E+00
 1.27298702E+00
 9.64447644E-02
 1.61860270E-01
 2.10910143E-01
 2.29253379E-01
 6.21598278E-01
 1.13711523E+00
 2.62180483E+00
 4.24447381E+00
 3.07810558E+00
 1.44471985E+00
 5.54770294E-01
 3.81884768E-02
 8.52602015E-01
 1.20526720E+00
 5.13316467E-01
 2.01120841E+00
 4.24332597E+00
 6.53241430E+00
 9.38718941E+00
 1.08819816E+02
 2.44258221E+00
 1.36860234E+00
 9.23063625E-01
 6.41779364E-01
 4.51390935E-01
 2.88019757E-01
 1.40244724E-01
 3.51190515E-02
 4.53001403E-02
 4.94038023E-02
 4.90963273E-02
 4.54890539E-02
 3.93515349E-02
 3.12334598E-02
 2.15378656E-02
 1.59996175E-02
 1.75789259E-02
 1.78998943E-02
 1.71627470E-02
 1.55276457E-02
 1.31242213E-02
 1.00585095E-02
 6.41807735E-03
 6.07430292E-03
 8.15419058E-03
 9.74034384E-03
 1.08874430E-02
 1.16423632E-02
 1.20455189E-02
 1.21319406E-02
 1.19321420E-02
 1.14728262E-02
 1.07774620E-02
 9.86675968E-03
 8.75906485E-03
 7.47068657E-03
 6.01617249E-03
 4.40854054E-03
 2.65947488E-03
 3.05459514E-03
 3.54513908E-03
 3.90457340E-03
 4.14176755E-03
 4.26479085E-03
 4.28100122E-03
 4.19712230E-03
 4.01884802E-03
 3.75269580E-03
 3.40349633E-03
 2.97600090E-03
 2.47461327E-03
 1.90340593E-03
 1.26614911E-03
 5.66338002E-04
 2.55062261E-04
 1.22469567E-03
 2.13252070E-03
 2.98150448E-03
 3.77441798E-03
 4.51385224E-03
 5.20223299E-03
 5.84183384E-03
 6.43478827E-03
 6.98310042E-03
 7.48865499E-03
 7.95322613E-03
 8.37848565E-03
 8.76601040E-03
 9.11728913E-03
 9.43372861E-03
 9.71665944E-03
 9.96734113E-03
 1.01869670E-02
 1.03766686E-02
 1.05375197E-02
 1.06705398E-02
 1.07766983E-02
 1.08569167E-02
 1.09120724E-02
 1.09430009E-02
 1.09504986E-02
 1.09353250E-02
 1.08982048E-02
 1.08398301E-02
 1.07608624E-02
 1.06619339E-02
 1.05436495E-02
 1.04065882E-02
 1.02513044E-02
 1.00783296E-02
 9.88817317E-03
 9.68132382E-03
 9.45825056E-03
 9.21940373E-03
 8.96521601E-03
 8.69610322E-03
 8.41246525E-03
 8.11468677E-03
 7.80313805E-03
 7.47817559E-03
 7.14014280E-03
 6.78937063E-03
 6.42617817E-03
 6.05087313E-03
 5.66375244E-03
 5.26510268E-03
 4.85520061E-03
 4.43431352E-03
 4.00269972E-03
 3.56060889E-03
 3.10828249E-03
 2.64595407E-03
 2.17384961E-03
 1.69218787E-03
 1.20118066E-03
 7.01033145E-04
 1.91944086E-04
 7.46511727E-05
 1.88301664E-04
 2.92577617E-04
 3.87674261E-04
 4.73781075E-04
 5.51082007E-04
 6.19755684E-04
 6.79975610E-04
 7.31910364E-04
 7.75723772E-04
 8.11575091E-04
 8.39619169E-04
 8.60006606E-04
 8.72883905E-04
 8.78393618E-04
 8.76674484E-04
 8.67861564E-04
 8.52086363E-04
 8.29476959E-04
 8.00158112E-04
 7.64251383E-04
 7.21875234E-04
 6.73145137E-04
 6.18173669E-04
 5.57070608E-04
 4.89943020E-04
 4.16895353E-04
 3.38029515E-04
 2.53444956E-04
 1.63238745E-04
 6.75161267E-05
 4.72873652E-06
 2.09461186E-05
 3.17731584E-05
 3.72982499E-05
 3.76077655E-05
 3.27861159E-05
 2.29158091E-05
 8.07750632E-06
 9.05725372E-03
 2.77413854E-02
 4.64018576E-02
 6.50390353E-02
 9.47706341E-02
 1.32840665E-01
 1.82800229E-01
 5.69753604E-02
 7.04821015E-05
 1.50168718E-04
 2.00225453E-04
 2.21071942E-04
 2.13118840E-04
 1.76768078E-04
 1.12413122E-04
 2.04392176E-05
 5.13848802E-02
 1.13687826E-01
 1.76261887E-01
 2.39103416E-01
 3.61932334E-01
 4.90876091E-01
 6.83006381E-01
 9.87021946E-01
 9.74129024E-01
 9.61321130E-01
 9.48598160E-01
 9.35960012E-01
 9.23406581E-01
 9.10937761E-01
 8.98553448E-01
 8.86253537E-01
 8.74037921E-01
 8.61906495E-01
 8.49859152E-01
 8.37895786E-01
 8.26016288E-01
 8.14220551E-01
 8.02508468E-01
 7.90879930E-01
 7.79334828E-01
 7.67873052E-01
 7.56494494E-01
 7.45199043E-01
 7.33986590E-01
 7.22857023E-01
 7.11810230E-01
 7.00846102E-01
 6.89964525E-01
 6.79165388E-01
 6.68448577E-01
 6.57813981E-01
 6.47261484E-01
 6.36790973E-01
 6.26402334E-01
 6.16095453E-01
 6.05870213E-01
 5.95726500E-01
 5.85664197E-01
 5.75683188E-01
 5.65783357E-01
 5.55964585E-01
 5.46226756E-01
 5.36569751E-01
 5.26993452E-01
 5.17497740E-01
 5.08082496E-01
 4.98747599E-01
 4.89492929E-01
 4.80318367E-01
 4.71223791E-01
 4.62209078E-01
 4.53274108E-01
 4.44418758E-01
 4.35642906E-01
 4.26946427E-01
 4.18329198E-01
 4.09791095E-01
 4.01331993E-01
 3.92951767E-01
 3.84650293E-01
 3.76427442E-01
 3.68283090E-01
 3.60217109E-01
 3.52229373E-01
 3.44319752E-01
 3.36488119E-01
 3.28734344E-01
 3.21058300E-01
 3.13459855E-01
 3.05938881E-01
 2.98495245E-01
 2.91128817E-01
 2.83839465E-01
 2.76627058E-01
 2.69491462E-01
 2.62432545E-01
 2.55450172E-01
 2.48544211E-01
 2.41714525E-01
 2.34960981E-01
 2.28283442E-01
 2.21681772E-01
 2.15155836E-01
 2.08705495E-01
 2.02330613E-01
 1.96031051E-01
 1.89806670E-01
 1.83657332E-01
 1.77582896E-01
 1.71583223E-01
 1.65658172E-01
 1.59807602E-01
 1.54031371E-01
 1.48329336E-01
 1.42701356E-01
 1.37147286E-01
 1.31666983E-01
 1.26260302E-01
 1.20927099E-01
 1.15667228E-01
 1.10480542E-01
 1.05366896E-01
 1.00326143E-01
 9.53581338E-02
 9.04627212E-02
 8.56397562E-02
 8.08890895E-02
 7.62105711E-02
 7.16040506E-02
 6.70693770E-02
 6.26063987E-02
 5.82149634E-02
 5.38949185E-02
 4.96461106E-02
 4.54683858E-02
 4.13615896E-02
 3.73255670E-02
 3.33601622E-02
 2.94652191E-02
 2.56405808E-02
 2.18860898E-02
 1.82015881E-02
 1.45869171E-02
 1.10419175E-02
 7.56642950E-03
 4.16029262E-03
 8.23345785E-04
 6.68540250E-03
 1.54923088E-02
 2.41773657E-02
 3.27408407E-02
 4.11830019E-02
 4.95041189E-02
 5.77044620E-02
 6.57843028E-02
 7.37439136E-02
 8.15835680E-02
 8.93035407E-02
 9.69041072E-02
 1.04385544E-01
 1.11748130E-01
 1.18992143E-01
 1.26117863E-01
 1.33125571E-01
 1.40015550E-01
 1.46788082E-01
 1.53443452E-01
 1.59981945E-01
 1.66403848E-01
 1.72709448E-01
 1.78899035E-01
 1.84972897E-01
 1.90931326E-01
 1.96774614E-01
 2.02503055E-01
 2.08116942E-01
 2.13616572E-01
 2.19002240E-01
 8.21115998E+00
 2.73411157E+01
 4.62685895E+01
 6.49940330E+01
 8.35178995E+01
 1.01840644E+02
 1.19962724E+02
 1.63272668E-01
 3.76885292E-02
 6.44733254E-02
 1.78478102E-01
 3.06195222E-01
 3.76178842E-01
 4.17724559E-01
 2.85698075E-01
 5.65623691E-02
 7.26223094E-03
 1.38488217E-02
 1.08668557E-01
 1.28122734E-04
 2.58459547E-02
 2.48342622E-02
 1.76099925E-02
 1.52747152E-03
 2.06577963E-02
 4.25051164E-02
 6.54975880E-02
 9.06028316E-02
 1.20445306E-01
 1.65485179E-01
 3.59009532E-01
 3.61020878E-02
 3.26721906E-01
 1.17137221E-01
 1.16362225E-01
 1.10745588E-01
 1.04905702E-01
 9.66477594E-02
 8.69078443E-02
 7.73302668E-02
 6.93247179E-02
 6.02828017E-02
 5.04657643E-02
 4.00526540E-02
 2.91704103E-02
 1.79116377E-02
 6.34556988E-03
 3.63767752E-03
 9.80361985E-03
 1.43239050E-02
 1.74490532E-02
 1.93812305E-02
 2.02854135E-02
 2.02975978E-02
 1.95309250E-02
 1.87245864E-02
 1.76317596E-02
 1.59550429E-02
 1.37583104E-02
 1.10966450E-02
 8.01782304E-03
 4.56741702E-03
 7.74044890E-04
 3.68125108E-03
 7.63742784E-03
 1.10467110E-02
 1.39563229E-02
 1.64084199E-02
 1.84407690E-02
 2.00873190E-02
 2.13786855E-02
 2.23425652E-02
 2.30040898E-02
 2.33861317E-02
 2.35095666E-02
 2.33935025E-02
 2.30554775E-02
 2.25116341E-02
 2.18438446E-02
 2.13550941E-02
 2.06929085E-02
 1.98697075E-02
 1.88970735E-02
 1.77858378E-02
 1.65461581E-02
 1.51875883E-02
 1.37191406E-02
 1.21493428E-02
 1.04862891E-02
 8.73768758E-03
 6.91090279E-03
 5.01299566E-03
 3.05076016E-03
 1.03075750E-03
 4.72987299E-04
 1.34882475E-03
 2.14048677E-03
 2.85548517E-03
 3.50111699E-03
 4.08449740E-03
 4.61259139E-03
 5.09224458E-03
 5.53021333E-03
 5.93319447E-03
 6.30785503E-03
 6.66086204E-03
 6.99891296E-03
 7.32876679E-03
 7.65727632E-03
 7.99142189E-03
 8.18826346E-03
 8.37956657E-03
 8.60086455E-03
 8.86000654E-03
 9.16518055E-03
 9.52496561E-03
 9.94838925E-03
 1.04402896E-02
 1.07213188E-02
 1.11004275E-02
 1.15891752E-02
 1.21728905E-02
 1.26544109E-02
 1.32524797E-02
 1.38021692E-02
 1.48843670E-02
 1.75990259E-02
 2.14897712E-02
 2.76594359E-02
 8.41799128E-02
 2.25891531E+00
 1.03280165E-02
 2.78158389E-02
 3.41086751E-02
 3.98550635E-02
 4.32543792E-02
 4.54191487E-02
 4.85588932E-02
 5.20029703E-02
 5.80080255E-02
 6.10644576E-02
 1.66163478E-01
 2.86813013E-01
 1.88906484E+00
 9.85421159E-01
 5.47832603E-01
 6.93122630E-01
 8.14835260E-01
 8.96758440E-01
 1.24873628E+00
 1.68267314E+00
 3.14144456E+00
 4.74421086E+00
 3.41662542E+00
 1.61638966E+00
 6.17887728E-01
 4.09021496E-02
 8.87852794E-01
 1.18029757E+00
 2.43619809E-01
 2.88438183E+00
 5.81299861E+00
 9.52622274E+00
 1.73104529E+01
 4.62916748E+01
 7.25470547E+00
 3.99674131E+00
 2.63932410E+00
 1.81995327E+00
 1.25247381E+00
 7.94930878E-01
 4.01580799E-01
 1.24560027E-01
 1.25873735E-01
 1.22464895E-01
 1.15615346E-01
 1.06185153E-01
 9.47727716E-02
 8.18073874E-02
 6.76047249E-02
 5.77207988E-02
 5.50137889E-02
 5.12501024E-02
 4.65977618E-02
 4.11913854E-02
 3.51400802E-02
 2.85331985E-02
 2.14446034E-02
 1.93292249E-02
 2.09134739E-02
 2.20253075E-02
 2.27168138E-02
 2.30326833E-02
 2.30114775E-02
 2.26866447E-02
 2.20873399E-02
 2.12390926E-02
 2.01643533E-02
 1.88829439E-02
 1.74124317E-02
 1.57684411E-02
 1.39649145E-02
 1.20143335E-02
 9.92790486E-03
 9.84220768E-03
 9.84262911E-03
 9.71764528E-03
 9.47573676E-03
 9.12462093E-03
 8.67133637E-03
 8.12231621E-03
 7.48301331E-03
 6.75964120E-03
 5.95685826E-03
 5.07920163E-03
 4.13088702E-03
 3.11581406E-03
 2.03759345E-03
 8.99572841E-04
 2.60069314E-04
 1.22479538E-03
 2.12811647E-03
 2.97297092E-03
 3.76210337E-03
 4.49808073E-03
 5.18330660E-03
 5.82003427E-03
 6.41037850E-03
 6.95632621E-03
 7.45974620E-03
 7.92239797E-03
 8.34593976E-03
 8.73193588E-03
 9.08186342E-03
 9.39711841E-03
 9.67902140E-03
 9.92882264E-03
 1.01477068E-02
 1.03367973E-02
 1.04971603E-02
 1.06298087E-02
 1.07357049E-02
 1.08157646E-02
 1.08708594E-02
 1.09018194E-02
 1.09094360E-02
 1.08944640E-02
 1.08576238E-02
 1.07996033E-02
 1.07210601E-02
 1.06226228E-02
 1.05048928E-02
 1.03684459E-02
 1.02138336E-02
 1.00415844E-02
 9.85220493E-03
 9.64618143E-03
 9.42398050E-03
 9.18605020E-03
 8.93282107E-03
 8.66470690E-03
 8.38210567E-03
 8.08540024E-03
 7.77495914E-03
 7.45113726E-03
 7.11427647E-03
 6.76470626E-03
 6.40274431E-03
 6.02869705E-03
 5.64286013E-03
 5.24551898E-03
 4.83694919E-03
 4.41741701E-03
 3.98717973E-03
 3.54648606E-03
 3.09557652E-03
 2.63468380E-03
 2.16403304E-03
 1.68384222E-03
 1.19432237E-03
 6.95677945E-04
 1.88107014E-04
 7.12671393E-05
 1.84738871E-04
 2.88851768E-04
 3.83800408E-04
 4.69773648E-04
 5.46954840E-04
 6.15522044E-04
 6.75648221E-04
 7.27501425E-04
 7.71244988E-04
 8.07037688E-04
 8.35033916E-04
 8.55383836E-04
 8.68233531E-04
 8.73725151E-04
 8.71997051E-04
 8.63183922E-04
 8.47416917E-04
 8.24823771E-04
 7.95528921E-04
 7.59653615E-04
 7.17316015E-04
 6.68631304E-04
 6.13711784E-04
 5.52666965E-04
 4.85603661E-04
 4.12626073E-04
 3.33835874E-04
 2.49332287E-04
 1.59212165E-04
 6.35700610E-05
 8.50545181E-07
 1.70452319E-05
 2.78539500E-05
 3.33649107E-05
 3.36643109E-05
 2.88363924E-05
 1.89635005E-05
 4.12614006E-06
 8.46414217E-03
 2.59328562E-02
 4.33791298E-02
 6.08033087E-02
 9.00209440E-02
 1.28103001E-01
 1.78823430E-01
 5.94642115E-02
 7.56092861E-05
 1.55459170E-04
 2.05617606E-04
 2.26505461E-04
 2.18534584E-04
 1.82108070E-04
 1.17620515E-04
 2.54582647E-05
 4.80449566E-02
 1.06306372E-01
 1.64823315E-01
 2.23592347E-01
 3.46097468E-01
 4.75071700E-01
 6.71184206E-01
 9.87022202E-01
 9.74129531E-01
 9.61321884E-01
 9.48599158E-01
 9.35961248E-01
 9.23408050E-01
 9.10939460E-01
 8.98555372E-01
 8.86255681E-01
 8.74040282E-01
 8.61909067E-01
 8.49861932E-01
 8.37898768E-01
 8.26019469E-01
 8.14223927E-01
 8.02512033E-01
 7.90883680E-01
 7.79338759E-01
 7.67877161E-01
 7.56498775E-01
 7.45203492E-01
 7.33991203E-01
 7.22861795E-01
 7.11815158E-01
 7.00851180E-01
 6.89969750E-01
 6.79170756E-01
 6.68454083E-01
 6.57819620E-01
 6.47267253E-01
 6.36796868E-01
 6.26408350E-01
 6.16101585E-01
 6.05876458E-01
 5.95732854E-01
 5.85670655E-01
 5.75689746E-01
 5.65790011E-01
 5.55971331E-01
 5.46233589E-01
 5.36576668E-01
 5.27000448E-01
 5.17504811E-01
 5.08089638E-01
 4.98754808E-01
 4.89500201E-01
 4.80325697E-01
 4.71231175E-01
 4.62216513E-01
 4.53281590E-01
 4.44426282E-01
 4.35650467E-01
 4.26954023E-01
 4.18336824E-01
 4.09798747E-01
 4.01339667E-01
 3.92959460E-01
 3.84657999E-01
 3.76435158E-01
 3.68290812E-01
 3.60224834E-01
 3.52237095E-01
 3.44327468E-01
 3.36495825E-01
 3.28742037E-01
 3.21065975E-01
 3.13467508E-01
 3.05946508E-01
 2.98502843E-01
 2.91136381E-01
 2.83846992E-01
 2.76634544E-01
 2.69498903E-01
 2.62439937E-01
 2.55457511E-01
 2.48551493E-01
 2.41721747E-01
 2.34968138E-01
 2.28290531E-01
 2.21688789E-01
 2.15162777E-01
 2.08712357E-01
 2.02337391E-01
 1.96037742E-01
 1.89813270E-01
 1.83663837E-01
 1.77589303E-01
 1.71589528E-01
 1.65664372E-01
 1.59813692E-01
 1.54037347E-01
 1.48335196E-01
 1.42707095E-01
 1.37152901E-01
 1.31672470E-01
 1.26265657E-01
 1.20932319E-01
 1.15672309E-01
 1.10485481E-01
 1.05371689E-01
 1.00330786E-01
 9.53626234E-02
 9.04670540E-02
 8.56439285E-02
 8.08930978E-02
 7.62144119E-02
 7.16077203E-02
 6.70728721E-02
 6.26097156E-02
 5.82180987E-02
 5.38978686E-02
 4.96488721E-02
 4.54709552E-02
 4.13639635E-02
 3.73277418E-02
 3.33621346E-02
 2.94669856E-02
 2.56421380E-02
 2.18874343E-02
 1.82027165E-02
 1.45878260E-02
 1.10426035E-02
 7.56688925E-03
 4.16052276E-03
 8.23342987E-04
 1.12927536E-02
 2.61921109E-02
 4.09118912E-02
 5.54524747E-02
 6.98142428E-02
 8.39975786E-02
 9.80028663E-02
 1.11830492E-01
 1.25480843E-01
 1.38954308E-01
 1.52251279E-01
 1.65372145E-01
 1.78317302E-01
 1.91087143E-01
 2.03682066E-01
 2.16102468E-01
 2.28348750E-01
 2.40421311E-01
 2.52320555E-01
 2.64046886E-01
 2.75600709E-01
 2.86982432E-01
 2.98192464E-01
 3.09231216E-01
 3.20099099E-01
 3.30796527E-01
 3.41323916E-01
 3.51681683E-01
 3.61870245E-01
 3.71890024E-01
 3.81741441E-01
 7.46784666E+00
 2.52864736E+01
 4.29165213E+01
 6.03584103E+01
 7.76125628E+01
 9.46794027E+01
 1.11559355E+02
 2.27505001E-01
 1.02096787E-01
 9.51428149E-03
 1.34592373E-01
 2.75252906E-01
 3.56626875E-01
 4.09772231E-01
 2.82649653E-01
 5.61052290E-02
 7.29599479E-03
 1.36375956E-02
 1.15182308E-01
 1.73082849E-03
 2.53692013E-02
 2.44845812E-02
 1.74841418E-02
 1.79937823E-03
 2.07154866E-02
 4.21851368E-02
 6.45731840E-02
 8.86192781E-02
 1.16274331E-01
 1.54880156E-01
 2.77205110E-01
 4.57822661E-02
 3.62649408E-01
 1.21225547E-01
 1.18905212E-01
 1.12329842E-01
 1.06012110E-01
 9.73673135E-02
 8.73087404E-02
 7.75440118E-02
 6.95430096E-02
 6.04904668E-02
 5.06539994E-02
 4.02162884E-02
 2.93064189E-02
 1.80182970E-02
 6.42196196E-03
 3.70992486E-03
 9.88835341E-03
 1.44067805E-02
 1.75193087E-02
 1.94307356E-02
 2.03079950E-02
 2.02885543E-02
 1.94866729E-02
 1.86826644E-02
 1.76096521E-02
 1.59478854E-02
 1.37620220E-02
 1.11077861E-02
 8.03348211E-03
 4.58516005E-03
 7.91723460E-04
 3.70475008E-03
 7.66528813E-03
 1.10759759E-02
 1.39844342E-02
 1.64331598E-02
 1.84602119E-02
 2.00997909E-02
 2.13827301E-02
 2.23369153E-02
 2.29876431E-02
 2.33579301E-02
 2.34687788E-02
 2.33394090E-02
 2.29874579E-02
 2.24291559E-02
 2.17505029E-02
 2.12720160E-02
 2.06191895E-02
 1.98045348E-02
 1.88397177E-02
 1.77356461E-02
 1.65025481E-02
 1.51500424E-02
 1.36872016E-02
 1.21226097E-02
 1.04644135E-02
 8.72037041E-03
 6.89789206E-03
 5.00408399E-03
 3.04578295E-03
 1.02959143E-03
 5.25473972E-04
 1.50357760E-03
 2.39586344E-03
 3.20994039E-03
 3.95319743E-03
 4.63283711E-03
 5.25590770E-03
 5.82933449E-03
 6.35995037E-03
 6.85452602E-03
 7.31979998E-03
 7.76250902E-03
 8.18941885E-03
 8.60735572E-03
 9.02323911E-03
 9.44411588E-03
 9.71818312E-03
 9.98468540E-03
 1.02808887E-02
 1.06147120E-02
 1.09944161E-02
 1.14286564E-02
 1.19265416E-02
 1.24927174E-02
 1.28307717E-02
 1.32674475E-02
 1.38144160E-02
 1.44555259E-02
 1.49813028E-02
 1.56227390E-02
 1.62044122E-02
 1.77700338E-02
 2.28941026E-02
 2.92169928E-02
 3.79041317E-02
 9.98511677E-02
 2.40436892E+00
 3.83382328E-03
 4.61482503E-02
 5.46777905E-02
 6.25589895E-02
 6.78809587E-02
 7.18155967E-02
 7.66942492E-02
 8.17990591E-02
 8.95077442E-02
 9.39813510E-02
 2.53728406E-01
 4.69321017E-01
 1.74573986E+00
 7.09659856E-01
 9.86334894E-01
 1.21067626E+00
 1.40404533E+00
 1.54831632E+00
 1.85931257E+00
 2.21141216E+00
 3.64282206E+00
 5.22326530E+00
 3.73619057E+00
 1.77361932E+00
 6.72062333E-01
 4.30888644E-02
 9.16198028E-01
 1.13113460E+00
 8.70187368E-02
 3.90461290E+00
 7.65719516E+00
 1.32015008E+01
 2.90579514E+01
 4.35093249E+01
 1.10982580E+01
 6.33524455E+00
 4.22079116E+00
 2.92061147E+00
 2.00283413E+00
 1.26556743E+00
 6.35212459E-01
 1.91174624E-01
 1.85354745E-01
 1.75847041E-01
 1.63643732E-01
 1.49414400E-01
 1.33627134E-01
 1.16618909E-01
 9.86383942E-02
 8.50782569E-02
 7.87058412E-02
 7.14374051E-02
 6.34155258E-02
 5.47546095E-02
 4.55475017E-02
 3.58703209E-02
 2.57860486E-02
 2.23333970E-02
 2.38413181E-02
 2.48864526E-02
 2.55195441E-02
 2.57841681E-02
 2.57179543E-02
 2.53535674E-02
 2.47194997E-02
 2.38407167E-02
 2.27391867E-02
 2.14343168E-02
 1.99433164E-02
 1.82814992E-02
 1.64625372E-02
 1.44986755E-02
 1.24009131E-02
 1.21570435E-02
 1.19868012E-02
 1.16938715E-02
 1.12865296E-02
 1.07723083E-02
 1.01580799E-02
 9.45012726E-03
 8.65381132E-03
 7.77509820E-03
 6.81864598E-03
 5.78885780E-03
 4.68985463E-03
 3.52544998E-03
 2.29917556E-03
 1.01430646E-03
 2.64141326E-04
 1.22403562E-03
 2.12292338E-03
 2.96371457E-03
 3.74912787E-03
 4.48170641E-03
 5.16383196E-03
 5.79773774E-03
 6.38552006E-03
 6.92914885E-03
 7.43047722E-03
 7.89125019E-03
 8.31311260E-03
 8.69761638E-03
 9.04622714E-03
 9.36033025E-03
 9.64123636E-03
 9.89018653E-03
 1.01083569E-02
 1.02968629E-02
 1.04567633E-02
 1.05890640E-02
 1.06947210E-02
 1.07746440E-02
 1.08296988E-02
 1.08607104E-02
 1.08684652E-02
 1.08537132E-02
 1.08171706E-02
 1.07595213E-02
 1.06814188E-02
 1.05834882E-02
 1.04663276E-02
 1.03305096E-02
 1.01765826E-02
 1.00050722E-02
 9.81648254E-03
 9.61129725E-03
 9.38998056E-03
 9.15297829E-03
 8.90071884E-03
 8.63361401E-03
 8.35205986E-03
 8.05643747E-03
 7.74711368E-03
 7.42444174E-03
 7.08876202E-03
 6.74040254E-03
 6.37967963E-03
 6.00689839E-03
 5.62235325E-03
 5.22632846E-03
 4.81909851E-03
 4.40092856E-03
 3.97207491E-03
 3.53278531E-03
 3.08329936E-03
 2.62384888E-03
 2.15465820E-03
 1.67594449E-03
 1.18791805E-03
 6.90782591E-04
 1.84735523E-04
 6.83535139E-05
 1.81650713E-04
 2.85604645E-04
 3.80409242E-04
 4.66252745E-04
 5.43317916E-04
 6.11782250E-04
 6.71818168E-04
 7.23593209E-04
 7.67270210E-04
 8.03007476E-04
 8.30958946E-04
 8.51274347E-04
 8.64099350E-04
 8.69575704E-04
 8.67841383E-04
 8.59030712E-04
 8.43274492E-04
 8.20700122E-04
 7.91431716E-04
 7.55590211E-04
 7.13293472E-04
 6.64656397E-04
 6.09791012E-04
 5.48806565E-04
 4.81809615E-04
 4.08904122E-04
 3.30191524E-04
 2.45770820E-04
 1.55738647E-04
 6.01893499E-05
 2.47104619E-06
 1.37025326E-05
 2.44944721E-05
 2.99928027E-05
 3.02835471E-05
 2.54507792E-05
 1.55766832E-05
 7.41608474E-07
 7.87129103E-03
 2.41239552E-02
 4.03554003E-02
 5.65659531E-02
 8.52693514E-02
 1.23363421E-01
 1.74845078E-01
 6.19545825E-02
 8.00213939E-05
 1.60034890E-04
 2.10295275E-04
 2.31224650E-04
 2.23236060E-04
 1.86733768E-04
 1.22113504E-04
 2.97627133E-05
 4.47025000E-02
 9.89184151E-02
 1.53374217E-01
 2.08066677E-01
 3.30247526E-01
 4.59252103E-01
 6.59350558E-01
 9.87022458E-01
 9.74130039E-01
 9.61322639E-01
 9.48600156E-01
 9.35962484E-01
 9.23409520E-01
 9.10941159E-01
 8.98557296E-01
 8.86257826E-01
 8.74042643E-01
 8.61911640E-01
 8.49864712E-01
 8.37901752E-01
 8.26022651E-01
 8.14227303E-01
 8.02515600E-01
 7.90887432E-01
 7.79342692E-01
 7.67881271E-01
 7.56503058E-01
 7.45207943E-01
 7.33995818E-01
 7.22866569E-01
 7.11820088E-01
 7.00856261E-01
 6.89974978E-01
 6.79176126E-01
 6.68459591E-01
 6.57825262E-01
 6.47273025E-01
 6.36802765E-01
 6.26414369E-01
 6.16107721E-01
 6.05882707E-01
 5.95739211E-01
 5.85677116E-01
 5.75696308E-01
 5.65796668E-01
 5.55978080E-01
 5.46240426E-01
 5.36583588E-01
 5.27007448E-01
 5.17511886E-01
 5.08096783E-01
 4.98762020E-01
 4.89507477E-01
 4.80333032E-01
 4.71238564E-01
 4.62223953E-01
 4.53289076E-01
 4.44433810E-01
 4.35658034E-01
 4.26961623E-01
 4.18344455E-01
 4.09806404E-01
 4.01347346E-01
 3.92967157E-01
 3.84665710E-01
 3.76442880E-01
 3.68298540E-01
 3.60232563E-01
 3.52244822E-01
 3.44335190E-01
 3.36503537E-01
 3.28749735E-01
 3.21073655E-01
 3.13475167E-01
 3.05954141E-01
 2.98510446E-01
 2.91143952E-01
 2.83854526E-01
 2.76642036E-01
 2.69506350E-01
 2.62447335E-01
 2.55464857E-01
 2.48558781E-01
 2.41728975E-01
 2.34975302E-01
 2.28297627E-01
 2.21695814E-01
 2.15169726E-01
 2.08719226E-01
 2.02344177E-01
 1.96044440E-01
 1.89819878E-01
 1.83670351E-01
 1.77595718E-01
 1.71595841E-01
 1.65670579E-01
 1.59819790E-01
 1.54043332E-01
 1.48341064E-01
 1.42712842E-01
 1.37158524E-01
 1.31677965E-01
 1.26271021E-01
 1.20937547E-01
 1.15677398E-01
 1.10490428E-01
 1.05376490E-01
 1.00335437E-01
 9.53671217E-02
 9.04713954E-02
 8.56481096E-02
 8.08971150E-02
 7.62182616E-02
 7.16113990E-02
 6.70763762E-02
 6.26130417E-02
 5.82212432E-02
 5.39008281E-02
 4.96516430E-02
 4.54735341E-02
 4.13663469E-02
 3.73299263E-02
 3.33641167E-02
 2.94687619E-02
 2.56437050E-02
 2.18887886E-02
 1.82038548E-02
 1.45887448E-02
 1.10432996E-02
 7.56735913E-03
 4.16076311E-03
 8.23350458E-04
 1.59007721E-02
 3.68934816E-02
 5.76488838E-02
 7.81674717E-02
 9.84497398E-02
 1.18496185E-01
 1.38307305E-01
 1.57883600E-01
 1.77225574E-01
 1.96333730E-01
 2.15208574E-01
 2.33850615E-01
 2.52260363E-01
 2.70438329E-01
 2.88385028E-01
 3.06100976E-01
 3.23586691E-01
 3.40842693E-01
 3.57869504E-01
 3.74667649E-01
 3.91237652E-01
 4.07580043E-01
 4.23695352E-01
 4.39584111E-01
 4.55246854E-01
 4.70684118E-01
 4.85896442E-01
 5.00884365E-01
 5.15648432E-01
 5.30189186E-01
 5.44507174E-01
 6.72441155E+00
 2.32314935E+01
 3.95638995E+01
 5.57220192E+01
 7.17062435E+01
 8.75169652E+01
 1.03154578E+02
 2.90896992E-01
 1.65640409E-01
 4.46954594E-02
 9.13120241E-02
 2.44736400E-01
 3.37336496E-01
 4.01903627E-01
 2.79611293E-01
 5.56215964E-02
 7.29540612E-03
 1.33955090E-02
 1.21593309E-01
 3.33542145E-03
 2.48635683E-02
 2.41012961E-02
 1.73164058E-02
 2.01393777E-03
 2.07160576E-02
 4.18147407E-02
 6.36187969E-02
 8.66653627E-02
 1.12334815E-01
 1.45558207E-01
 2.26677628E-01
 5.95718318E-02
 4.03743447E-01
 1.25573855E-01
 1.21538914E-01
 1.13940213E-01
 1.07122478E-01
 9.80786168E-02
 8.76944443E-02
 7.77404770E-02
 6.97464231E-02
 6.06848832E-02
 5.08301660E-02
 4.03687563E-02
 2.94319811E-02
 1.81151054E-02
 6.48900939E-03
 3.77364622E-03
 9.96552521E-03
 1.44827869E-02
 1.75831980E-02
 1.94742430E-02
 2.03248514E-02
 2.02739894E-02
 1.94370531E-02
 1.86357761E-02
 1.75830584E-02
 1.59366458E-02
 1.37619945E-02
 1.11154810E-02
 8.04594713E-03
 4.59992764E-03
 8.06616646E-04
 3.72568731E-03
 7.69078907E-03
 1.11030539E-02
 1.40105060E-02
 1.64559867E-02
 1.84778507E-02
 2.01105529E-02
 2.13851466E-02
 2.23297086E-02
 2.29697022E-02
 2.33282894E-02
 2.34266009E-02
 2.32839690E-02
 2.29181311E-02
 2.23454063E-02
 2.16559350E-02
 2.11878189E-02
 2.05444510E-02
 1.97384351E-02
 1.87815214E-02
 1.76846950E-02
 1.64582552E-02
 1.51118860E-02
 1.36547211E-02
 1.20954008E-02
 1.04421251E-02
 8.70270152E-03
 6.88458874E-03
 4.99493742E-03
 3.04062744E-03
 1.02830288E-03
 3.18182609E-04
 8.85190918E-04
 1.37250209E-03
 1.78755006E-03
 2.13756587E-03
 2.42961043E-03
 2.67060628E-03
 2.86736836E-03
 3.02663427E-03
 3.15509429E-03
 3.25942134E-03
 3.34630123E-03
 3.42246357E-03
 3.49471352E-03
 3.56996480E-03
 3.65527426E-03
 3.58992441E-03
 3.52062484E-03
 3.48636873E-03
 3.49515419E-03
 3.55534191E-03
 3.67570954E-03
 3.86551162E-03
 4.12928687E-03
 4.15365278E-03
 4.28329264E-03
 4.53014616E-03
 4.87676557E-03
 5.10157330E-03
 5.44806815E-03
 5.73061539E-03
 7.45623647E-03
 1.46745958E-02
 2.31223825E-02
 3.40280405E-02
 1.01110993E-01
 2.53509333E+00
 3.03443604E-03
 4.92587396E-02
 5.97766935E-02
 6.95570120E-02
 7.65798007E-02
 8.20776233E-02
 8.85049910E-02
 9.50986112E-02
 1.04358991E-01
 1.10120933E-01
 3.24262355E-01
 6.34390584E-01
 1.61973243E+00
 4.51902458E-01
 1.40575447E+00
 1.70835305E+00
 1.97241866E+00
 2.17787115E+00
 2.44738978E+00
 2.71756662E+00
 4.12035030E+00
 5.67624765E+00
 4.03185746E+00
 1.91216691E+00
 7.14001352E-01
 4.28667647E-02
 9.36639007E-01
 1.05704949E+00
 4.80926293E-01
 5.08305723E+00
 9.81034428E+00
 1.77282478E+01
 4.77138797E+01
 4.28278237E+01
 1.42252462E+01
 8.40691452E+00
 5.66147819E+00
 3.93180326E+00
 2.68932374E+00
 1.68687230E+00
 8.28552512E-01
 2.22975325E-01
 2.12422144E-01
 1.98814396E-01
 1.82966903E-01
 1.65432603E-01
 1.46599794E-01
 1.26749051E-01
 1.06088060E-01
 8.98661701E-02
 8.07746929E-02
 7.08902074E-02
 6.03389413E-02
 4.92223345E-02
 3.76228165E-02
 2.56080405E-02
 1.32340353E-02
 9.12452969E-03
 1.12149122E-02
 1.28344697E-02
 1.40344438E-02
 1.48588782E-02
 1.53458404E-02
 1.55284022E-02
 1.54354336E-02
 1.50922496E-02
 1.45211415E-02
 1.37418155E-02
 1.27717568E-02
 1.16265347E-02
 1.03200575E-02
 8.86478888E-03
 7.27193080E-03
 7.38087162E-03
 7.54600832E-03
 7.58654120E-03
 7.51081998E-03
 7.32644858E-03
 7.04036697E-03
 6.65892252E-03
 6.18793223E-03
 5.63224477E-03
 4.99773903E-03
 4.28848857E-03
 3.50866351E-03
 2.66212492E-03
 1.75244997E-03
 7.82957061E-04
 2.67289857E-04
 1.22242709E-03
 2.11695136E-03
 2.95374466E-03
 3.73550008E-03
 4.46473728E-03
 5.14381651E-03
 5.77495119E-03
 6.36021944E-03
 6.90157440E-03
 7.40085370E-03
 7.85978806E-03
 8.28000911E-03
 8.66305653E-03
 9.01038460E-03
 9.32336815E-03
 9.60330808E-03
 9.85143635E-03
 1.00689206E-02
 1.02568685E-02
 1.04163315E-02
 1.05483085E-02
 1.06537492E-02
 1.07335573E-02
 1.07885930E-02
 1.08196761E-02
 1.08275881E-02
 1.08130745E-02
 1.07768470E-02
 1.07195855E-02
 1.06419399E-02
 1.05445316E-02
 1.04279553E-02
 1.02927804E-02
 1.01395524E-02
 9.96879409E-03
 9.78100700E-03
 9.57667221E-03
 9.35625160E-03
 9.12018878E-03
 8.86891004E-03
 8.60282520E-03
 8.32232844E-03
 8.02779905E-03
 7.71960219E-03
 7.39808951E-03
 7.06359987E-03
 6.71645987E-03
 6.35698446E-03
 5.98547745E-03
 5.60223207E-03
 5.20753137E-03
 4.80164875E-03
 4.38484833E-03
 3.95738540E-03
 3.51950675E-03
 3.07145109E-03
 2.61344938E-03
 2.14572511E-03
 1.66849469E-03
 1.18196766E-03
 6.86347037E-04
 1.81829544E-04
 6.59102069E-05
 1.79037080E-04
 2.82836120E-04
 3.77500620E-04
 4.63218207E-04
 5.40171059E-04
 6.08536110E-04
 6.68485247E-04
 7.20185497E-04
 7.63799207E-04
 7.99484211E-04
 8.27394000E-04
 8.47677871E-04
 8.60481080E-04
 8.65944985E-04
 8.64207178E-04
 8.55401620E-04
 8.39658766E-04
 8.17105681E-04
 7.87866157E-04
 7.52060822E-04
 7.09807249E-04
 6.61220051E-04
 6.06410982E-04
 5.45489027E-04
 4.78560497E-04
 4.05729108E-04
 3.27096067E-04
 2.42760151E-04
 1.52817780E-04
 5.73630970E-05
 5.23646013E-06
 1.09175928E-05
 2.16942922E-05
 2.71814886E-05
 2.74650318E-05
 2.26288295E-05
 1.27549059E-05
 2.07654388E-06
 7.27870062E-03
 2.23146842E-02
 3.73306727E-02
 5.23269737E-02
 8.05158605E-02
 1.18621932E-01
 1.70865180E-01
 6.44464714E-02
 8.37187574E-05
 1.63896209E-04
 2.14258791E-04
 2.35229838E-04
 2.27223599E-04
 1.90645502E-04
 1.25892416E-04
 3.33528906E-05
 4.13575126E-02
 9.15239598E-02
 1.41914602E-01
 1.92526419E-01
 3.14382520E-01
 4.43417309E-01
 6.47505446E-01
 9.87022714E-01
 9.74130547E-01
 9.61323395E-01
 9.48601154E-01
 9.35963721E-01
 9.23410991E-01
 9.10942859E-01
 8.98559222E-01
 8.86259972E-01
 8.74045005E-01
 8.61914215E-01
 8.49867494E-01
 8.37904736E-01
 8.26025835E-01
 8.14230681E-01
 8.02519168E-01
 7.90891186E-01
 7.79346627E-01
 7.67885383E-01
 7.56507342E-01
 7.45212396E-01
 7.34000435E-01
 7.22871346E-01
 7.11825020E-01
 7.00861345E-01
 6.89980208E-01
 6.79181498E-01
 6.68465102E-01
 6.57830907E-01
 6.47278800E-01
 6.36808665E-01
 6.26420390E-01
 6.16113860E-01
 6.05888958E-01
 5.95745571E-01
 5.85683581E-01
 5.75702873E-01
 5.65803329E-01
 5.55984833E-01
 5.46247267E-01
 5.36590513E-01
 5.27014452E-01
 5.17518965E-01
 5.08103933E-01
 4.98769237E-01
 4.89514757E-01
 4.80340370E-01
 4.71245958E-01
 4.62231397E-01
 4.53296566E-01
 4.44441343E-01
 4.35665605E-01
 4.26969229E-01
 4.18352091E-01
 4.09814066E-01
 4.01355031E-01
 3.92974859E-01
 3.84673427E-01
 3.76450607E-01
 3.68306273E-01
 3.60240298E-01
 3.52252556E-01
 3.44342917E-01
 3.36511255E-01
 3.28757439E-01
 3.21081342E-01
 3.13482832E-01
 3.05961781E-01
 2.98518056E-01
 2.91151529E-01
 2.83862065E-01
 2.76649534E-01
 2.69513803E-01
 2.62454739E-01
 2.55472209E-01
 2.48566077E-01
 2.41736210E-01
 2.34982473E-01
 2.28304730E-01
 2.21702845E-01
 2.15176681E-01
 2.08726102E-01
 2.02350970E-01
 1.96051146E-01
 1.89826493E-01
 1.83676871E-01
 1.77602141E-01
 1.71602162E-01
 1.65676794E-01
 1.59825895E-01
 1.54049324E-01
 1.48346939E-01
 1.42718597E-01
 1.37164155E-01
 1.31683468E-01
 1.26276393E-01
 1.20942784E-01
 1.15682496E-01
 1.10495384E-01
 1.05381300E-01
 1.00340097E-01
 9.53716286E-02
 9.04757456E-02
 8.56522995E-02
 8.09011410E-02
 7.62221202E-02
 7.16150867E-02
 6.70798894E-02
 6.26163769E-02
 5.82243969E-02
 5.39037968E-02
 4.96544233E-02
 4.54761224E-02
 4.13687398E-02
 3.73321203E-02
 3.33661084E-02
 2.94705478E-02
 2.56452818E-02
 2.18901528E-02
 1.82050030E-02
 1.45896737E-02
 1.10440057E-02
 7.56783914E-03
 4.16101366E-03
 8.23368198E-04
 2.05094580E-02
 4.75964209E-02
 7.43883436E-02
 1.00885832E-01
 1.27089493E-01
 1.52999937E-01
 1.78617777E-01
 2.03943628E-01
 2.28978107E-01
 2.53721833E-01
 2.78175428E-01
 3.02339518E-01
 3.26214728E-01
 3.49801688E-01
 3.73101030E-01
 3.96113387E-01
 4.18839396E-01
 4.41279697E-01
 4.63434931E-01
 4.85305741E-01
 5.06892775E-01
 5.28196681E-01
 5.49218111E-01
 5.69957720E-01
 5.90416162E-01
 6.10594099E-01
 6.30492191E-01
 6.50111103E-01
 6.69451502E-01
 6.88514057E-01
 7.07299441E-01
 5.98085463E+00
 2.11761753E+01
 3.62107241E+01
 5.10848596E+01
 6.57989416E+01
 8.03533315E+01
 9.47483920E+01
 3.53449704E-01
 2.28331650E-01
 9.81670309E-02
 4.86276023E-02
 2.14638695E-01
 3.18303145E-01
 3.94117173E-01
 2.76582756E-01
 5.51119800E-02
 7.26118454E-03
 1.31232520E-02
 1.27904234E-01
 4.94189703E-03
 2.43298822E-02
 2.36854787E-02
 1.71082922E-02
 2.17351314E-03
 2.06622154E-02
 4.13967260E-02
 6.26363974E-02
 8.47383001E-02
 1.08598305E-01
 1.37268582E-01
 1.92159211E-01
 8.14562924E-02
 4.51259262E-01
 1.30218040E-01
 1.24272006E-01
 1.15578547E-01
 1.08236966E-01
 9.87811830E-02
 8.80642320E-02
 7.79189457E-02
 6.99344020E-02
 6.08655999E-02
 5.09938869E-02
 4.05097350E-02
 2.95468163E-02
 1.82018156E-02
 6.54649190E-03
 3.82865127E-03
 1.00349742E-02
 1.45517847E-02
 1.76405975E-02
 1.95116414E-02
 2.03358811E-02
 2.02538092E-02
 1.93819781E-02
 1.85838431E-02
 1.75519090E-02
 1.59212625E-02
 1.37581726E-02
 1.11196799E-02
 8.05929889E-03
 4.61167806E-03
 8.18686023E-04
 3.74402780E-03
 7.71389876E-03
 1.11279157E-02
 1.40345112E-02
 1.64768755E-02
 1.84936620E-02
 2.01195829E-02
 2.13859142E-02
 2.23209256E-02
 2.29502484E-02
 2.32971919E-02
 2.33830158E-02
 2.32271664E-02
 2.28474817E-02
 2.22603704E-02
 2.15601269E-02
 2.11024897E-02
 2.04686806E-02
 1.96713968E-02
 1.87224737E-02
 1.76329745E-02
 1.64132698E-02
 1.50731102E-02
 1.36216905E-02
 1.20677081E-02
 1.04194166E-02
 8.68467376E-03
 6.87098610E-03
 4.98554961E-03
 3.03528765E-03
 1.02688624E-03
 4.35439236E-04
 1.23313926E-03
 1.94755583E-03
 2.58628893E-03
 3.15672488E-03
 3.66607009E-03
 4.12138348E-03
 4.52960805E-03
 4.89760178E-03
 5.23216823E-03
 5.54008710E-03
 5.82814507E-03
 6.10316713E-03
 6.37204889E-03
 6.64179004E-03
 6.91952938E-03
 7.03567561E-03
 7.14444559E-03
 7.28657311E-03
 7.47012565E-03
 7.70353205E-03
 7.99563744E-03
 8.35576380E-03
 8.78823861E-03
 8.96256398E-03
 9.24121996E-03
 9.63622349E-03
 1.01286041E-02
 1.04844125E-02
 1.09593593E-02
 1.13572461E-02
 1.32816180E-02
 2.10529791E-02
 3.01040460E-02
 4.17265871E-02
 1.12463693E-01
 2.67441068E+00
 9.43086507E-03
 5.81480536E-02
 6.92616371E-02
 7.95728252E-02
 8.69542269E-02
 9.27006917E-02
 9.93916578E-02
 1.06220717E-01
 1.15813549E-01
 1.21682683E-01
 3.88924252E-01
 7.92152200E-01
 1.50190819E+00
 2.04013517E-01
 1.81323775E+00
 2.19234160E+00
 2.52520719E+00
 2.78976123E+00
 3.01644977E+00
 3.20381963E+00
 4.57592290E+00
 6.10428323E+00
 4.30424581E+00
 2.03242032E+00
 7.44131195E-01
 4.12099854E-02
 9.50359622E-01
 9.58247880E-01
 9.41975673E-01
 6.43815648E+00
 1.23290785E+01
 2.33848148E+01
 8.14705484E+01
 4.27856856E+01
 1.68607299E+01
 1.02794981E+01
 6.99965309E+00
 4.88283638E+00
 3.33791799E+00
 2.08356413E+00
 1.00599057E+00
 2.44527050E-01
 2.32144103E-01
 2.17052517E-01
 1.99967499E-01
 1.81377051E-01
 1.61625415E-01
 1.40962262E-01
 1.19572982E-01
 1.02578211E-01
 9.26039772E-02
 8.18945920E-02
 7.05666278E-02
 5.87139186E-02
 4.64128225E-02
 3.37260893E-02
 2.07057450E-02
 1.61793532E-02
 1.80305817E-02
 1.94246676E-02
 2.04111130E-02
 2.10325027E-02
 2.13256714E-02
 2.13226432E-02
 2.10513922E-02
 2.05364633E-02
 1.97994822E-02
 1.88595771E-02
 1.77337292E-02
 1.64370659E-02
 1.49831073E-02
 1.33839740E-02
 1.16505641E-02
 1.14734107E-02
 1.13411381E-02
 1.10880833E-02
 1.07223271E-02
 1.02512305E-02
 9.68151338E-03
 9.01932342E-03
 8.27029581E-03
 7.43912375E-03
 6.53151054E-03
 5.55140615E-03
 4.50285183E-03
 3.38959096E-03
 2.21509243E-03
 9.82574680E-04
 2.69526310E-04
 1.21998037E-03
 2.11021023E-03
 2.94307032E-03
 3.72122847E-03
 4.44718124E-03
 5.12326760E-03
 5.75168149E-03
 6.33448303E-03
 6.87360882E-03
 7.37088121E-03
 7.82801680E-03
 8.24663416E-03
 8.62826090E-03
 8.97434007E-03
 9.28623613E-03
 9.56524031E-03
 9.81257560E-03
 1.00294013E-02
 1.02168173E-02
 1.03758677E-02
 1.05075448E-02
 1.06127919E-02
 1.06925067E-02
 1.07475441E-02
 1.07787186E-02
 1.07868067E-02
 1.07725496E-02
 1.07366547E-02
 1.06797978E-02
 1.06026250E-02
 1.05057543E-02
 1.03897770E-02
 1.02552595E-02
 1.01027442E-02
 9.93275116E-03
 9.74577929E-03
 9.54230722E-03
 9.32279447E-03
 9.08768247E-03
 8.83739542E-03
 8.57234117E-03
 8.29291203E-03
 7.99948554E-03
 7.69242518E-03
 7.37208105E-03
 7.03879047E-03
 6.69287863E-03
 6.33465915E-03
 5.96443456E-03
 5.58249685E-03
 5.18912794E-03
 4.78460013E-03
 4.36917649E-03
 3.94311132E-03
 3.50665049E-03
 3.06003179E-03
 2.60348533E-03
 2.13723379E-03
 1.66149281E-03
 1.17647118E-03
 6.82371234E-04
 1.79389008E-04
 6.39371275E-05
 1.76897864E-04
 2.80546068E-04
 3.75074397E-04
 4.60669872E-04
 5.37514091E-04
 6.05783432E-04
 6.65649252E-04
 7.17278069E-04
 7.60831744E-04
 7.96467647E-04
 8.24338821E-04
 8.44594137E-04
 8.57378442E-04
 8.62832702E-04
 8.61094133E-04
 8.52296336E-04
 8.36569419E-04
 8.14040117E-04
 7.84831903E-04
 7.49065102E-04
 7.06856991E-04
 6.58321903E-04
 6.03571322E-04
 5.42713975E-04
 4.75855921E-04
 4.03100639E-04
 3.24549104E-04
 2.40299873E-04
 1.50449155E-04
 5.50908854E-05
 7.44611872E-06
 8.68998540E-06
 1.94529778E-05
 2.49305312E-05
 2.52083234E-05
 2.03700976E-05
 1.04977185E-05
 4.32877113E-06
 6.68637126E-03
 2.05050453E-02
 3.43049507E-02
 4.80863757E-02
 7.57604774E-02
 1.13878540E-01
 1.66883739E-01
 6.69398766E-02
 8.67017090E-05
 1.67043461E-04
 2.17508486E-04
 2.38521358E-04
 2.30497529E-04
 1.93843601E-04
 1.28957579E-04
 3.62291239E-05
 3.80099967E-02
 8.41230116E-02
 1.30444477E-01
 1.76971582E-01
 2.98502461E-01
 4.27567330E-01
 6.35648879E-01
 9.87022971E-01
 9.74131055E-01
 9.61324150E-01
 9.48602152E-01
 9.35964958E-01
 9.23412462E-01
 9.10944560E-01
 8.98561148E-01
 8.86262119E-01
 8.74047368E-01
 8.61916790E-01
 8.49870277E-01
 8.37907723E-01
 8.26029020E-01
 8.14234061E-01
 8.02522737E-01
 7.90894941E-01
 7.79350564E-01
 7.67889497E-01
 7.56511629E-01
 7.45216851E-01
 7.34005054E-01
 7.22876125E-01
 7.11829954E-01
 7.00866430E-01
 6.89985441E-01
 6.79186873E-01
 6.68470616E-01
 6.57836555E-01
 6.47284577E-01
 6.36814569E-01
 6.26426415E-01
 6.16120001E-01
 6.05895213E-01
 5.95751934E-01
 5.85690049E-01
 5.75709441E-01
 5.65809994E-01
 5.55991590E-01
 5.46254111E-01
 5.36597440E-01
 5.27021459E-01
 5.17526048E-01
 5.08111087E-01
 4.98776459E-01
 4.89522041E-01
 4.80347713E-01
 4.71253355E-01
 4.62238845E-01
 4.53304061E-01
 4.44448881E-01
 4.35673181E-01
 4.26976839E-01
 4.18359731E-01
 4.09821733E-01
 4.01362720E-01
 3.92982567E-01
 3.84681148E-01
 3.76458339E-01
 3.68314011E-01
 3.60248039E-01
 3.52260294E-01
 3.44350650E-01
 3.36518978E-01
 3.28765149E-01
 3.21089034E-01
 3.13490503E-01
 3.05969426E-01
 2.98525673E-01
 2.91159111E-01
 2.83869611E-01
 2.76657039E-01
 2.69521263E-01
 2.62462150E-01
 2.55479567E-01
 2.48573379E-01
 2.41743452E-01
 2.34989651E-01
 2.28311839E-01
 2.21709883E-01
 2.15183643E-01
 2.08732985E-01
 2.02357770E-01
 1.96057859E-01
 1.89833116E-01
 1.83683399E-01
 1.77608571E-01
 1.71608490E-01
 1.65683016E-01
 1.59832008E-01
 1.54055324E-01
 1.48352823E-01
 1.42724360E-01
 1.37169794E-01
 1.31688979E-01
 1.26281773E-01
 1.20948029E-01
 1.15687603E-01
 1.10500348E-01
 1.05386118E-01
 1.00344766E-01
 9.53761442E-02
 9.04801045E-02
 8.56564982E-02
 8.09051759E-02
 7.62259878E-02
 7.16187834E-02
 6.70834117E-02
 6.26197213E-02
 5.82275599E-02
 5.39067749E-02
 4.96572129E-02
 4.54787201E-02
 4.13711422E-02
 3.73343239E-02
 3.33681097E-02
 2.94723435E-02
 2.56468683E-02
 2.18915269E-02
 1.82061612E-02
 1.45906126E-02
 1.10447219E-02
 7.56832929E-03
 4.16127441E-03
 8.23396207E-04
 2.51188112E-02
 5.83009288E-02
 9.11302704E-02
 1.23607554E-01
 1.55733502E-01
 1.87508836E-01
 2.18934284E-01
 2.50010575E-01
 2.80738441E-01
 3.11118617E-01
 3.41151841E-01
 3.70838853E-01
 4.00180397E-01
 4.29177220E-01
 4.57830070E-01
 4.86139700E-01
 5.14106865E-01
 5.41732323E-01
 5.69016834E-01
 5.95961164E-01
 6.22566078E-01
 6.48832347E-01
 6.74760743E-01
 7.00352042E-01
 7.25607024E-01
 7.50526469E-01
 7.75111164E-01
 7.99361896E-01
 8.23279456E-01
 8.46864638E-01
 8.70118241E-01
 5.23717590E+00
 1.91205191E+01
 3.28569952E+01
 4.64469316E+01
 5.98906570E+01
 7.31885016E+01
 8.63407967E+01
 9.93478750E+01
 2.90192175E-01
 1.50911342E-01
 6.52985519E-03
 1.84952937E-01
 2.99522366E-01
 3.86411329E-01
 2.73563807E-01
 5.45768742E-02
 7.19402833E-03
 1.28214929E-02
 1.34117663E-01
 6.55025069E-03
 2.37689360E-02
 2.32381532E-02
 1.68612342E-02
 2.28033509E-03
 2.05564925E-02
 4.09336800E-02
 6.16277772E-02
 8.28356259E-02
 1.05040796E-01
 1.29821801E-01
 1.66928293E-01
 1.23041344E-01
 5.06894712E-01
 1.35200961E-01
 1.27114325E-01
 1.17246883E-01
 1.09355749E-01
 9.94744916E-02
 8.84173362E-02
 7.80786639E-02
 7.01063643E-02
 6.10321471E-02
 5.11447706E-02
 4.06388908E-02
 2.96506348E-02
 1.82781729E-02
 6.59418303E-03
 3.87474471E-03
 1.00965354E-02
 1.46136308E-02
 1.76913806E-02
 1.95428169E-02
 2.03409802E-02
 2.02279178E-02
 1.93213588E-02
 1.85267854E-02
 1.75161336E-02
 1.59016728E-02
 1.37505000E-02
 1.11203318E-02
 8.06528050E-03
 4.62036904E-03
 8.27892656E-04
 3.75973616E-03
 7.73458491E-03
 1.11505316E-02
 1.40564224E-02
 1.64958006E-02
 1.85076219E-02
 2.01268588E-02
 2.13850121E-02
 2.23105464E-02
 2.29292630E-02
 2.32646197E-02
 2.33380066E-02
 2.31689849E-02
 2.27754940E-02
 2.21740333E-02
 2.14630642E-02
 2.10160150E-02
 2.03918658E-02
 1.96034083E-02
 1.86625638E-02
 1.75804741E-02
 1.63675824E-02
 1.50337059E-02
 1.35881011E-02
 1.20395234E-02
 1.03962801E-02
 8.66627994E-03
 6.85707736E-03
 4.97591415E-03
 3.02975756E-03
 1.02533588E-03
 9.84724988E-04
 2.86729696E-03
 4.64995834E-03
 6.34093436E-03
 7.94818836E-03
 9.47945837E-03
 1.09422921E-02
 1.23440809E-02
 1.36920924E-02
 1.49935030E-02
 1.62554300E-02
 1.74849637E-02
 1.86891997E-02
 1.98752720E-02
 2.10503875E-02
 2.22218613E-02
 2.32112840E-02
 2.41804299E-02
 2.51717870E-02
 2.61934748E-02
 2.72539432E-02
 2.83620260E-02
 2.95270012E-02
 3.07528383E-02
 3.16917267E-02
 3.27237358E-02
 3.38606931E-02
 3.50817906E-02
 3.61403358E-02
 3.73038378E-02
 3.83650467E-02
 4.05369254E-02
 4.68119197E-02
 5.44434318E-02
 6.47869982E-02
 1.37209388E-01
 2.82513876E+00
 2.53717047E-02
 7.47007177E-02
 8.45614799E-02
 9.35884380E-02
 9.95487602E-02
 1.03801847E-01
 1.09054587E-01
 1.14460688E-01
 1.22774464E-01
 1.27191462E-01
 4.45872026E-01
 9.40409042E-01
 1.39478518E+00
 3.11660855E-02
 2.20563316E+00
 2.65921494E+00
 3.05873482E+00
 3.38009131E+00
 3.56244576E+00
 3.66604418E+00
 5.00535743E+00
 6.50317651E+00
 4.54945121E+00
 2.13109699E+00
 7.60140148E-01
 3.74186608E-02
 9.57741207E-01
 8.35341123E-01
 1.47201863E+00
 7.98528592E+00
 1.52707716E+01
 3.05356877E+01
 1.59012446E+02
 4.29493234E+01
 1.91037798E+01
 1.19684471E+01
 8.23518263E+00
 5.76986257E+00
 3.94408531E+00
 2.45137541E+00
 1.16384792E+00
 2.52877180E-01
 2.42378917E-01
 2.29181831E-01
 2.13988434E-01
 1.97280704E-01
 1.79400198E-01
 1.60595609E-01
 1.41052232E-01
 1.25779375E-01
 1.17350796E-01
 1.08187818E-01
 9.84055628E-02
 8.80968693E-02
 7.73374161E-02
 6.61894928E-02
 5.47048206E-02
 5.00850506E-02
 5.06136598E-02
 5.07266420E-02
 5.04689409E-02
 4.98792468E-02
 4.89910478E-02
 4.78334748E-02
 4.64319880E-02
 4.48089365E-02
 4.29840198E-02
 4.09746684E-02
 3.87963613E-02
 3.64628915E-02
 3.39865894E-02
 3.13785111E-02
 2.86485994E-02
 2.73379488E-02
 2.60688571E-02
 2.46903104E-02
 2.32096763E-02
 2.16336666E-02
 1.99684086E-02
 1.82195076E-02
 1.63921014E-02
 1.44904399E-02
 1.25197744E-02
 1.04836862E-02
 8.38585589E-03
 6.22969400E-03
 4.01836083E-03
 1.75478804E-03
 2.70861958E-04
 1.21670592E-03
 2.10270972E-03
 2.93170057E-03
 3.70632146E-03
 4.42904610E-03
 5.10219253E-03
 5.72793543E-03
 6.30831718E-03
 6.84525805E-03
 7.34056529E-03
 7.79594158E-03
 8.21299259E-03
 8.59323399E-03
 8.93809778E-03
 9.24893814E-03
 9.52703676E-03
 9.77360777E-03
 9.98980223E-03
 1.01767123E-02
 1.03353749E-02
 1.04667757E-02
 1.05718517E-02
 1.06514948E-02
 1.07065544E-02
 1.07378399E-02
 1.07461230E-02
 1.07321404E-02
 1.06965953E-02
 1.06401596E-02
 1.05634756E-02
 1.04671578E-02
 1.03517942E-02
 1.02179481E-02
 1.00661591E-02
 9.89694444E-03
 9.71080041E-03
 9.50820319E-03
 9.28961002E-03
 9.05546014E-03
 8.80617569E-03
 8.54216256E-03
 8.26381123E-03
 7.97149750E-03
 7.66558318E-03
 7.34641680E-03
 7.01433422E-03
 6.66965921E-03
 6.31270404E-03
 5.94376999E-03
 5.56314786E-03
 5.17111840E-03
 4.76795283E-03
 4.35391321E-03
 3.92925283E-03
 3.49421663E-03
 3.04904153E-03
 2.59395678E-03
 2.12918427E-03
 1.65493884E-03
 1.17142860E-03
 6.78855133E-04
 1.77413842E-04
 6.24341836E-05
 1.75232953E-04
 2.78734359E-04
 3.73130427E-04
 4.58607579E-04
 5.35346835E-04
 6.03524023E-04
 6.63309975E-04
 7.14870704E-04
 7.58367588E-04
 7.93957536E-04
 8.21793149E-04
 8.42022875E-04
 8.54791154E-04
 8.60238563E-04
 8.58501945E-04
 8.49714546E-04
 8.34006128E-04
 8.11503099E-04
 7.82328616E-04
 7.46602701E-04
 7.04442341E-04
 6.55961589E-04
 6.01271662E-04
 5.40481028E-04
 4.73695501E-04
 4.01018321E-04
 3.22550236E-04
 2.38389583E-04
 1.48632359E-04
 5.33722987E-05
 9.11054148E-06
 7.01928289E-06
 1.77700969E-05
 2.32394936E-05
 2.35129805E-05
 1.86741372E-05
 8.80467079E-06
 6.01552784E-06
 6.09430327E-03
 1.86950404E-02
 3.12782376E-02
 4.38441642E-02
 7.10032078E-02
 1.09133250E-01
 1.62900760E-01
 6.94347959E-02
 8.89705814E-05
 1.69476977E-04
 2.20044691E-04
 2.41099539E-04
 2.33058182E-04
 1.96328395E-04
 1.31309324E-04
 3.83917408E-05
 3.46599545E-02
 7.67155758E-02
 1.18963850E-01
 1.61402179E-01
 2.82607361E-01
 4.11702177E-01
 6.23780864E-01
 9.87023227E-01
 9.74131564E-01
 9.61324906E-01
 9.48603151E-01
 9.35966195E-01
 9.23413934E-01
 9.10946262E-01
 8.98563074E-01
 8.86264267E-01
 8.74049733E-01
 8.61919366E-01
 8.49873061E-01
 8.37910710E-01
 8.26032206E-01
 8.14237441E-01
 8.02526308E-01
 7.90898698E-01
 7.79354503E-01
 7.67893612E-01
 7.56515917E-01
 7.45221308E-01
 7.34009675E-01
 7.22880906E-01
 7.11834891E-01
 7.00871518E-01
 6.89990676E-01
 6.79192251E-01
 6.68476132E-01
 6.57842205E-01
 6.47290358E-01
 6.36820475E-01
 6.26432442E-01
 6.16126146E-01
 6.05901471E-01
 5.95758301E-01
 5.85696520E-01
 5.75716013E-01
 5.65816662E-01
 5.55998350E-01
 5.46260959E-01
 5.36604372E-01
 5.27028470E-01
 5.17533134E-01
 5.08118246E-01
 4.98783684E-01
 4.89529329E-01
 4.80355060E-01
 4.71260757E-01
 4.62246298E-01
 4.53311561E-01
 4.44456423E-01
 4.35680762E-01
 4.26984454E-01
 4.18367377E-01
 4.09829405E-01
 4.01370414E-01
 3.92990280E-01
 3.84688875E-01
 3.76466076E-01
 3.68321755E-01
 3.60255785E-01
 3.52268039E-01
 3.44358389E-01
 3.36526707E-01
 3.28772865E-01
 3.21096732E-01
 3.13498180E-01
 3.05977077E-01
 2.98533295E-01
 2.91166700E-01
 2.83877163E-01
 2.76664550E-01
 2.69528730E-01
 2.62469568E-01
 2.55486932E-01
 2.48580688E-01
 2.41750700E-01
 2.34996835E-01
 2.28318956E-01
 2.21716928E-01
 2.15190613E-01
 2.08739875E-01
 2.02364577E-01
 1.96064580E-01
 1.89839746E-01
 1.83689935E-01
 1.77615008E-01
 1.71614826E-01
 1.65689246E-01
 1.59838129E-01
 1.54061332E-01
 1.48358714E-01
 1.42730131E-01
 1.37175441E-01
 1.31694499E-01
 1.26287161E-01
 1.20953282E-01
 1.15692717E-01
 1.10505320E-01
 1.05390945E-01
 1.00349443E-01
 9.53806684E-02
 9.04844722E-02
 8.56607057E-02
 8.09092197E-02
 7.62298643E-02
 7.16224891E-02
 6.70869431E-02
 6.26230748E-02
 5.82307321E-02
 5.39097622E-02
 4.96600119E-02
 4.54813273E-02
 4.13735541E-02
 3.73365371E-02
 3.33701207E-02
 2.94741489E-02
 2.56484647E-02
 2.18929108E-02
 1.82073292E-02
 1.45915614E-02
 1.10454481E-02
 7.56882956E-03
 4.16154536E-03
 8.23434484E-04
 2.97288319E-02
 6.90070053E-02
 1.07874664E-01
 1.46332640E-01
 1.84381767E-01
 2.22022882E-01
 2.59256825E-01
 2.96084441E-01
 3.32506577E-01
 3.68524082E-01
 4.04137811E-01
 4.39348621E-01
 4.74157370E-01
 5.08564924E-01
 5.42572149E-01
 5.76179916E-01
 6.09389097E-01
 6.42200570E-01
 6.74615215E-01
 7.06633916E-01
 7.38257561E-01
 7.69487039E-01
 8.00323246E-01
 8.30767079E-01
 8.60819439E-01
 8.90481230E-01
 9.19753361E-01
 9.48636744E-01
 9.77132294E-01
 1.00524093E+00
 1.03296357E+00
 4.49337537E+00
 1.70645249E+01
 2.95027127E+01
 4.18082351E+01
 5.39813898E+01
 6.60224756E+01
 7.79317924E+01
 8.97096414E+01
 3.51212646E-01
 2.02939084E-01
 3.49902755E-02
 1.55654713E-01
 2.80989811E-01
 3.78784597E-01
 2.70554220E-01
 5.40167600E-02
 7.09461531E-03
 1.24908788E-02
 1.40236087E-01
 8.16047809E-03
 2.31814909E-02
 2.27602984E-02
 1.65765945E-02
 2.33651116E-03
 2.04012611E-02
 4.04279985E-02
 6.05945685E-02
 8.09551511E-02
 1.01641897E-01
 1.23072015E-01
 1.47563876E-01
 2.38441291E-01
 5.73004236E-01
 1.40574223E-01
 1.30077070E-01
 1.18947473E-01
 1.10479014E-01
 1.00157986E-01
 8.87529432E-02
 7.82188375E-02
 7.02617006E-02
 6.11840349E-02
 5.12824106E-02
 4.07558778E-02
 2.97431375E-02
 1.83439147E-02
 6.63184994E-03
 3.91172611E-03
 1.01500398E-02
 1.46681790E-02
 1.77354181E-02
 1.95676534E-02
 2.03400427E-02
 2.01962177E-02
 1.92551044E-02
 1.84645219E-02
 1.74756606E-02
 1.58778130E-02
 1.37389197E-02
 1.11173853E-02
 8.06792991E-03
 4.62595770E-03
 8.34197119E-04
 3.77277652E-03
 7.75281483E-03
 1.11708716E-02
 1.40762120E-02
 1.65127364E-02
 1.85197065E-02
 2.01323580E-02
 2.13824189E-02
 2.22985509E-02
 2.29067270E-02
 2.32305548E-02
 2.32915561E-02
 2.31094079E-02
 2.27021525E-02
 2.20863798E-02
 2.13647325E-02
 2.09283813E-02
 2.03139941E-02
 1.95344577E-02
 1.86017805E-02
 1.75271836E-02
 1.63211832E-02
 1.49936638E-02
 1.35539445E-02
 1.20108386E-02
 1.03727082E-02
 8.64751282E-03
 6.84285567E-03
 4.96602463E-03
 3.02403113E-03
 1.02364609E-03
 1.01905421E-03
 2.96876232E-03
 4.81738649E-03
 6.57323462E-03
 8.24434873E-03
 9.83854208E-03
 1.13634346E-02
 1.28264871E-02
 1.42350348E-02
 1.55963198E-02
 1.69175240E-02
 1.82058011E-02
 1.94683097E-02
 2.07122471E-02
 2.19448835E-02
 2.31735981E-02
 2.42110726E-02
 2.52266013E-02
 2.62644146E-02
 2.73327039E-02
 2.84399950E-02
 2.95952030E-02
 3.08076928E-02
 3.20812482E-02
 3.30509485E-02
 3.41147329E-02
 3.52845539E-02
 3.65381356E-02
 3.76164678E-02
 3.87993650E-02
 3.98690956E-02
 4.16485685E-02
 4.58027091E-02
 5.14072245E-02
 5.98823996E-02
 1.33419183E-01
 2.94673612E+00
 1.17012769E-02
 6.11372164E-02
 6.92668356E-02
 7.65591660E-02
 8.06786913E-02
 8.30523793E-02
 8.65179088E-02
 9.01932522E-02
 9.69658340E-02
 9.97206952E-02
 4.69525232E-01
 1.05492417E+00
 1.32123806E+00
 2.32105954E-01
 2.56274980E+00
 3.09013954E+00
 3.55553257E+00
 3.93276591E+00
 4.07070145E+00
 4.09102957E+00
 5.39690252E+00
 6.86264131E+00
 4.75892667E+00
 2.20168413E+00
 7.57853934E-01
 3.02615467E-02
 9.59409455E-01
 6.90667858E-01
 2.06855476E+00
 9.73219966E+00
 1.86796616E+01
 3.97189033E+01
 5.10615651E+02
 4.30380969E+01
 2.09444468E+01
 1.34235281E+01
 9.31221772E+00
 6.53713802E+00
 4.45308850E+00
 2.73650007E+00
 1.24898831E+00
 1.95321644E-01
 1.90682366E-01
 1.82791219E-01
 1.72479304E-01
 1.60319961E-01
 1.46721400E-01
 1.31982067E-01
 1.16325136E-01
 1.04678131E-01
 9.95851033E-02
 9.36612790E-02
 8.70346296E-02
 7.98085686E-02
 7.20675565E-02
 6.38812391E-02
 5.53075471E-02
 5.19298238E-02
 5.24347829E-02
 5.25314050E-02
 5.22636025E-02
 5.16692097E-02
 5.07809990E-02
 4.96274998E-02
 4.82336630E-02
 4.66214052E-02
 4.48100558E-02
 4.28167274E-02
 4.06566250E-02
 3.83433042E-02
 3.58888888E-02
 3.33042546E-02
 3.05991864E-02
 2.91660672E-02
 2.77615062E-02
 2.62497341E-02
 2.46379497E-02
 2.29327128E-02
 2.11400138E-02
 1.92653340E-02
 1.73136992E-02
 1.52892682E-02
 1.31971731E-02
 1.10409283E-02
 8.82413486E-03
 6.55013184E-03
 4.22201421E-03
 1.84265355E-03
 2.71307938E-04
 1.21261408E-03
 2.09445940E-03
 2.91964434E-03
 3.69078733E-03
 4.41033959E-03
 5.08059850E-03
 5.70371972E-03
 6.28172816E-03
 6.81652792E-03
 7.30991140E-03
 7.76356750E-03
 8.17908917E-03
 8.55798029E-03
 8.90166192E-03
 9.21147810E-03
 9.48870111E-03
 9.73453630E-03
 9.95012656E-03
 1.01365564E-02
 1.02948559E-02
 1.04260038E-02
 1.05309311E-02
 1.06105238E-02
 1.06656261E-02
 1.06970421E-02
 1.07055389E-02
 1.06918487E-02
 1.06566706E-02
 1.06006725E-02
 1.05244931E-02
 1.04287434E-02
 1.03140082E-02
 1.01808475E-02
 1.00297983E-02
 9.86137499E-03
 9.67607131E-03
 9.47436103E-03
 9.25669909E-03
 9.02352257E-03
 8.77525156E-03
 8.51229005E-03
 8.23502667E-03
 7.94383548E-03
 7.63907668E-03
 7.32109724E-03
 6.99023154E-03
 6.64680197E-03
 6.29111947E-03
 5.92348406E-03
 5.54418535E-03
 5.15350297E-03
 4.75170705E-03
 4.33905863E-03
 3.91581003E-03
 3.48220527E-03
 3.03848039E-03
 2.58486378E-03
 2.12157656E-03
 1.64883280E-03
 1.16683987E-03
 6.75798682E-04
 1.75903973E-04
 6.14012819E-05
 1.74042236E-04
 2.77400863E-04
 3.71668565E-04
 4.57031164E-04
 5.33669112E-04
 6.01757691E-04
 6.61467208E-04
 7.12963180E-04
 7.56406504E-04
 7.91953632E-04
 8.19756726E-04
 8.39963814E-04
 8.52718933E-04
 8.58162275E-04
 8.56430314E-04
 8.47655938E-04
 8.31968573E-04
 8.09494297E-04
 7.80355957E-04
 7.44673273E-04
 7.02562943E-04
 6.54138745E-04
 5.99511629E-04
 5.38789809E-04
 4.72078853E-04
 3.99481764E-04
 3.21099066E-04
 2.37028875E-04
 1.47366983E-04
 5.22069203E-05
 1.02100704E-05
 5.90505846E-06
 1.66452176E-05
 2.21079389E-05
 2.23785618E-05
 1.75405027E-05
 7.67531264E-06
 7.13726815E-06
 5.50249696E-03
 1.68846714E-02
 2.82505372E-02
 3.96003444E-02
 6.62440578E-02
 1.04386068E-01
 1.58916249E-01
 7.19312277E-02
 9.05257073E-05
 1.71197090E-04
 2.21867738E-04
 2.42964714E-04
 2.34905888E-04
 1.98100212E-04
 1.32947977E-04
 3.98410689E-05
 3.13073882E-02
 6.93016577E-02
 1.07472730E-01
 1.45818220E-01
 2.66697230E-01
 3.95821861E-01
 6.11901409E-01
 9.87023484E-01
 9.74132072E-01
 9.61325663E-01
 9.48604151E-01
 9.35967433E-01
 9.23415406E-01
 9.10947964E-01
 8.98565002E-01
 8.86266415E-01
 8.74052098E-01
 8.61921944E-01
 8.49875846E-01
 8.37913698E-01
 8.26035393E-01
 8.14240824E-01
 8.02529881E-01
 7.90902457E-01
 7.79358443E-01
 7.67897730E-01
 7.56520208E-01
 7.45225767E-01
 7.34014298E-01
 7.22885689E-01
 7.11839830E-01
 7.00876608E-01
 6.89995913E-01
 6.79197631E-01
 6.68481651E-01
 6.57847858E-01
 6.47296141E-01
 6.36826384E-01
 6.26438473E-01
 6.16132294E-01
 6.05907732E-01
 5.95764671E-01
 5.85702995E-01
 5.75722588E-01
 5.65823333E-01
 5.56005113E-01
 5.46267811E-01
 5.36611308E-01
 5.27035485E-01
 5.17540225E-01
 5.08125408E-01
 4.98790913E-01
 4.89536621E-01
 4.80362412E-01
 4.71268164E-01
 4.62253755E-01
 4.53319065E-01
 4.44463970E-01
 4.35688347E-01
 4.26992074E-01
 4.18375027E-01
 4.09837082E-01
 4.01378114E-01
 3.92997997E-01
 3.84696608E-01
 3.76473819E-01
 3.68329504E-01
 3.60263536E-01
 3.52275789E-01
 3.44366133E-01
 3.36534442E-01
 3.28780586E-01
 3.21104436E-01
 3.13505862E-01
 3.05984735E-01
 2.98540923E-01
 2.91174296E-01
 2.83884721E-01
 2.76672068E-01
 2.69536202E-01
 2.62476992E-01
 2.55494304E-01
 2.48588003E-01
 2.41757956E-01
 2.35004026E-01
 2.28326080E-01
 2.21723980E-01
 2.15197590E-01
 2.08746773E-01
 2.02371391E-01
 1.96071308E-01
 1.89846383E-01
 1.83696478E-01
 1.77621453E-01
 1.71621169E-01
 1.65695484E-01
 1.59844258E-01
 1.54067348E-01
 1.48364613E-01
 1.42735910E-01
 1.37181096E-01
 1.31700026E-01
 1.26292557E-01
 1.20958544E-01
 1.15697840E-01
 1.10510301E-01
 1.05395780E-01
 1.00354129E-01
 9.53852013E-02
 9.04888485E-02
 8.56649220E-02
 8.09132723E-02
 7.62337497E-02
 7.16262038E-02
 6.70904836E-02
 6.26264375E-02
 5.82339135E-02
 5.39127588E-02
 4.96628202E-02
 4.54839439E-02
 4.13759755E-02
 3.73387598E-02
 3.33721414E-02
 2.94759640E-02
 2.56500708E-02
 2.18943046E-02
 1.82085073E-02
 1.45925203E-02
 1.10461844E-02
 7.56933997E-03
 4.16182651E-03
 8.23483031E-04
 3.43395200E-02
 7.97146505E-02
 1.24621526E-01
 1.69061089E-01
 2.13034288E-01
 2.56542074E-01
 2.99585401E-01
 3.42165227E-01
 3.84282515E-01
 4.25938229E-01
 4.67133340E-01
 5.07868821E-01
 5.48145648E-01
 5.87964802E-01
 6.27327268E-01
 6.66234034E-01
 7.04686092E-01
 7.42684439E-01
 7.80230073E-01
 8.17323998E-01
 8.53967224E-01
 8.90160760E-01
 9.25905622E-01
 9.61202830E-01
 9.96053407E-01
 1.03045838E+00
 1.06441878E+00
 1.09793565E+00
 1.13101002E+00
 1.16364293E+00
 1.19583544E+00
 3.74945303E+00
 1.50081927E+01
 2.61478766E+01
 3.71687701E+01
 4.80711399E+01
 5.88552533E+01
 6.95213790E+01
 8.00697865E+01
 4.11416306E-01
 2.54260732E-01
 7.59416587E-02
 1.26773777E-01
 2.62701227E-01
 3.71235514E-01
 2.67553773E-01
 5.34321051E-02
 6.96360354E-03
 1.21320369E-02
 1.46261917E-01
 9.77257493E-03
 2.25682779E-02
 2.22528508E-02
 1.62556700E-02
 2.34403420E-03
 2.01987460E-02
 3.98819041E-02
 5.95382616E-02
 7.90949249E-02
 9.83841732E-02
 1.16905135E-01
 1.32141143E-01
 2.83253449E+00
 6.52950203E-01
 1.46400524E-01
 1.33173046E-01
 1.20682810E-01
 1.11606965E-01
 1.00831069E-01
 8.90701895E-02
 7.83386298E-02
 7.03997722E-02
 6.13207527E-02
 5.14063843E-02
 4.08603383E-02
 2.98240155E-02
 1.83987706E-02
 6.65925323E-03
 3.93938966E-03
 1.01953139E-02
 1.47152795E-02
 1.77725780E-02
 1.95860321E-02
 2.03329607E-02
 2.01586094E-02
 1.91831226E-02
 1.83969698E-02
 1.74304172E-02
 1.58496185E-02
 1.37233738E-02
 1.11107881E-02
 8.06719959E-03
 4.62840058E-03
 8.37559442E-04
 3.78311259E-03
 7.76855544E-03
 1.11889054E-02
 1.40938520E-02
 1.65276569E-02
 1.85298916E-02
 2.01360578E-02
 2.13781133E-02
 2.22849190E-02
 2.28826212E-02
 2.31949790E-02
 2.32436470E-02
 2.30484191E-02
 2.26274410E-02
 2.19973948E-02
 2.12651172E-02
 2.08395751E-02
 2.02350528E-02
 1.94645333E-02
 1.85401128E-02
 1.74730925E-02
 1.62740623E-02
 1.49529747E-02
 1.35192118E-02
 1.19816456E-02
 1.03486929E-02
 8.62836510E-03
 6.82831417E-03
 4.95587456E-03
 3.01810227E-03
 1.02181117E-03
 4.77072592E-04
 1.35504219E-03
 2.14822132E-03
 2.86438545E-03
 3.51109067E-03
 4.09570861E-03
 4.62545997E-03
 5.10744715E-03
 5.54868628E-03
 5.95613885E-03
 6.33674342E-03
 6.69744751E-03
 7.04524016E-03
 7.38718545E-03
 7.73045726E-03
 8.08237577E-03
 8.24661570E-03
 8.39995221E-03
 8.58834885E-03
 8.82009670E-03
 9.10386623E-03
 9.44876490E-03
 9.86440083E-03
 1.03545754E-02
 1.05374991E-02
 1.08293066E-02
 1.12424445E-02
 1.17536015E-02
 1.20919480E-02
 1.25501954E-02
 1.29007967E-02
 1.35772503E-02
 1.49176441E-02
 1.78217362E-02
 2.37757054E-02
 9.77953165E-02
 3.03584459E+00
 3.49900404E-02
 1.39970467E-02
 1.98702352E-02
 2.49348308E-02
 2.67558429E-02
 2.68313471E-02
 2.81337650E-02
 2.97502090E-02
 3.47065477E-02
 3.55848514E-02
 4.56199052E-01
 1.13201906E+00
 1.28491152E+00
 3.95184931E-01
 2.88099334E+00
 3.48157462E+00
 4.01212907E+00
 4.44440121E+00
 4.53797720E+00
 4.47573891E+00
 5.74772877E+00
 7.18007466E+00
 4.93060011E+00
 2.24297586E+00
 7.37291711E-01
 2.16883728E-02
 9.58527856E-01
 5.27814439E-01
 2.73063504E+00
 1.16958296E+01
 2.26512907E+01
 5.18358717E+01
 7.59431628E+02
 4.30285358E+01
 2.24399764E+01
 1.46572624E+01
 1.02308740E+01
 7.18055981E+00
 4.85923047E+00
 2.93264533E+00
 1.25494951E+00
 6.54489337E-02
 7.08379832E-02
 7.18657972E-02
 6.96263882E-02
 6.48785305E-02
 5.81649480E-02
 4.98840308E-02
 4.03347658E-02
 3.43926271E-02
 3.45948387E-02
 3.37678180E-02
 3.20670563E-02
 2.96184688E-02
 2.65250979E-02
 2.28720734E-02
 1.87303356E-02
 1.80727188E-02
 1.99928707E-02
 2.14752524E-02
 2.25664590E-02
 2.33066759E-02
 2.37307449E-02
 2.38690241E-02
 2.37480871E-02
 2.33912950E-02
 2.28192683E-02
 2.20502771E-02
 2.11005674E-02
 1.99846340E-02
 1.87154502E-02
 1.73046628E-02
 1.57627575E-02
 1.53341884E-02
 1.49105678E-02
 1.43720150E-02
 1.37261490E-02
 1.29799166E-02
 1.21396654E-02
 1.12112074E-02
 1.01998744E-02
 9.11011830E-03
 7.94731285E-03
 6.71523576E-03
 5.41771462E-03
 4.05830246E-03
 2.64029455E-03
 1.16698030E-03
 2.70875247E-04
 1.20771505E-03
 2.08546877E-03
 2.90691044E-03
 3.67463430E-03
 4.39106936E-03
 5.05849263E-03
 5.67904101E-03
 6.25472215E-03
 6.78742423E-03
 7.27892495E-03
 7.73089962E-03
 8.14492864E-03
 8.52250422E-03
 8.86503664E-03
 9.17385991E-03
 9.45023699E-03
 9.69536459E-03
 9.91037752E-03
 1.00963528E-02
 1.02543134E-02
 1.03852317E-02
 1.04900325E-02
 1.05695961E-02
 1.06247612E-02
 1.06563271E-02
 1.06650563E-02
 1.06516763E-02
 1.06168822E-02
 1.05613381E-02
 1.04856790E-02
 1.03905125E-02
 1.02764201E-02
 1.01439589E-02
 9.99366285E-03
 9.82604384E-03
 9.64159297E-03
 9.44078163E-03
 9.22406250E-03
 8.99187051E-03
 8.74462375E-03
 8.48272428E-03
 8.20655892E-03
 7.91650004E-03
 7.61290619E-03
 7.29612282E-03
 6.96648285E-03
 6.62430729E-03
 6.26990576E-03
 5.90357706E-03
 5.52560959E-03
 5.13628188E-03
 4.73586298E-03
 4.32461292E-03
 3.90278307E-03
 3.47061652E-03
 3.02834843E-03
 2.57620638E-03
 2.11441068E-03
 1.64317466E-03
 1.16270497E-03
 6.73201828E-04
 1.74859327E-04
 6.08383278E-05
 1.73325600E-04
 2.76545450E-04
 3.70688661E-04
 4.55940464E-04
 5.32480743E-04
 6.00484241E-04
 6.60120745E-04
 7.11555275E-04
 7.54948257E-04
 7.90455687E-04
 8.18229292E-04
 8.38416683E-04
 8.51161499E-04
 8.56603547E-04
 8.54878935E-04
 8.46120200E-04
 8.30456430E-04
 8.08013379E-04
 7.78913585E-04
 7.43276468E-04
 7.01218441E-04
 6.52853008E-04
 5.98290854E-04
 5.37639940E-04
 4.71005590E-04
 3.98490576E-04
 3.20195194E-04
 2.36217346E-04
 1.46652616E-04
 5.15943342E-05
 1.07551106E-05
 5.34688545E-06
 1.60779080E-05
 2.15354310E-05
 2.18046260E-05
 1.69687486E-05
 7.10919440E-06
 7.69444566E-06
 4.91095266E-03
 1.50739402E-02
 2.52218528E-02
 3.53549215E-02
 6.14830331E-02
 9.96370013E-02
 1.54930211E-01
 7.44291699E-02
 9.13674199E-05
 1.72204131E-04
 2.22977959E-04
 2.44117213E-04
 2.36040977E-04
 1.99159383E-04
 1.33873869E-04
 4.05774359E-05
 2.79523001E-02
 6.18812625E-02
 9.59711250E-02
 1.30219715E-01
 2.50772080E-01
 3.79926393E-01
 6.00010523E-01
 9.87023740E-01
 9.74132581E-01
 9.61326419E-01
 9.48605151E-01
 9.35968672E-01
 9.23416879E-01
 9.10949667E-01
 8.98566930E-01
 8.86268565E-01
 8.74054464E-01
 8.61924522E-01
 8.49878632E-01
 8.37916688E-01
 8.26038582E-01
 8.14244207E-01
 8.02533455E-01
 7.90906217E-01
 7.79362385E-01
 7.67901849E-01
 7.56524500E-01
 7.45230228E-01
 7.34018923E-01
 7.22890475E-01
 7.11844771E-01
 7.00881701E-01
 6.90001153E-01
 6.79203014E-01
 6.68487172E-01
 6.57853514E-01
 6.47301927E-01
 6.36832295E-01
 6.26444506E-01
 6.16138445E-01
 6.05913996E-01
 5.95771044E-01
 5.85709473E-01
 5.75729167E-01
 5.65830008E-01
 5.56011881E-01
 5.46274666E-01
 5.36618247E-01
 5.27042504E-01
 5.17547320E-01
 5.08132574E-01
 4.98798147E-01
 4.89543918E-01
 4.80369768E-01
 4.71275575E-01
 4.62261217E-01
 4.53326573E-01
 4.44471521E-01
 4.35695937E-01
 4.26999699E-01
 4.18382683E-01
 4.09844764E-01
 4.01385818E-01
 3.93005720E-01
 3.84704345E-01
 3.76481566E-01
 3.68337258E-01
 3.60271293E-01
 3.52283544E-01
 3.44373883E-01
 3.36542183E-01
 3.28788313E-01
 3.21112146E-01
 3.13513551E-01
 3.05992398E-01
 2.98548558E-01
 2.91181897E-01
 2.83892286E-01
 2.76679592E-01
 2.69543682E-01
 2.62484423E-01
 2.55501682E-01
 2.48595325E-01
 2.41765218E-01
 2.35011225E-01
 2.28333210E-01
 2.21731039E-01
 2.15204573E-01
 2.08753677E-01
 2.02378213E-01
 1.96078043E-01
 1.89853027E-01
 1.83703028E-01
 1.77627906E-01
 1.71627520E-01
 1.65701730E-01
 1.59850394E-01
 1.54073372E-01
 1.48370521E-01
 1.42741697E-01
 1.37186759E-01
 1.31705562E-01
 1.26297962E-01
 1.20963813E-01
 1.15702972E-01
 1.10515290E-01
 1.05400623E-01
 1.00358823E-01
 9.53897428E-02
 9.04932336E-02
 8.56691470E-02
 8.09173338E-02
 7.62376441E-02
 7.16299275E-02
 6.70940331E-02
 6.26298093E-02
 5.82371041E-02
 5.39157647E-02
 4.96656380E-02
 4.54865700E-02
 4.13784064E-02
 3.73409921E-02
 3.33741717E-02
 2.94777888E-02
 2.56516868E-02
 2.18957082E-02
 1.82096952E-02
 1.45934891E-02
 1.10469308E-02
 7.56986051E-03
 4.16211786E-03
 8.23541846E-04
 3.89508756E-02
 9.04238644E-02
 1.41370854E-01
 1.91792901E-01
 2.41691066E-01
 2.91066413E-01
 3.39920011E-01
 3.88252932E-01
 4.36066254E-01
 4.83361057E-01
 5.30138428E-01
 5.76399454E-01
 6.22145230E-01
 6.67376853E-01
 7.12095427E-01
 7.56302056E-01
 7.99997852E-01
 8.43183929E-01
 8.85861408E-01
 9.28031411E-01
 9.69695067E-01
 1.01085351E+00
 1.05150787E+00
 1.09165930E+00
 1.13130893E+00
 1.17045792E+00
 1.20910743E+00
 1.24725861E+00
 1.28491262E+00
 1.32207064E+00
 1.35873384E+00
 3.00540889E+00
 1.29515224E+01
 2.27924868E+01
 3.25285367E+01
 4.21599073E+01
 5.16868348E+01
 6.11095565E+01
 7.04283104E+01
 4.70814494E-01
 3.04886557E-01
 1.16332979E-01
 9.82850859E-02
 2.44652462E-01
 3.63762653E-01
 2.64562252E-01
 5.28233647E-02
 6.80163208E-03
 1.17455747E-02
 1.52197481E-01
 1.13865371E-02
 2.19299996E-02
 2.17167062E-02
 1.58996954E-02
 2.30479010E-03
 1.99510358E-02
 3.92974607E-02
 5.84602198E-02
 7.72532030E-02
 9.52526316E-02
 1.11230629E-01
 1.19494130E-01
 2.84906398E-01
 7.51706921E-01
 1.52756800E-01
 1.36416962E-01
 1.22455662E-01
 1.12739825E-01
 1.01493101E-01
 8.93681579E-02
 7.84371589E-02
 7.05199099E-02
 6.14417675E-02
 5.15162528E-02
 4.09519013E-02
 2.98929495E-02
 1.84424620E-02
 6.67614662E-03
 3.95752409E-03
 1.02321802E-02
 1.47547791E-02
 1.78027250E-02
 1.95978320E-02
 2.03196240E-02
 2.01149916E-02
 1.91053192E-02
 1.83240451E-02
 1.73803294E-02
 1.58170236E-02
 1.37038033E-02
 1.11004870E-02
 8.06304135E-03
 4.62765365E-03
 8.37939139E-04
 3.79070758E-03
 7.78177323E-03
 1.12046023E-02
 1.41093139E-02
 1.65405358E-02
 1.85381526E-02
 2.01379352E-02
 2.13720736E-02
 2.22696303E-02
 2.28569263E-02
 2.31578739E-02
 2.31942616E-02
 2.29860015E-02
 2.25513437E-02
 2.19070629E-02
 2.11642036E-02
 2.07495827E-02
 2.01550291E-02
 1.93936231E-02
 1.84775494E-02
 1.74181902E-02
 1.62262098E-02
 1.49116293E-02
 1.34838943E-02
 1.19519360E-02
 1.03242265E-02
 8.60882943E-03
 6.81344594E-03
 4.94545742E-03
 3.01196483E-03
 1.01982536E-03
 1.36119611E-03
 3.98639355E-03
 6.49981072E-03
 8.91021667E-03
 1.12260823E-02
 1.34556198E-02
 1.56068202E-02
 1.76874895E-02
 1.97052837E-02
 2.16677433E-02
 2.35823272E-02
 2.54564462E-02
 2.72974977E-02
 2.91128996E-02
 3.09101264E-02
 3.26967461E-02
 3.42676312E-02
 3.58071721E-02
 3.73630971E-02
 3.89437297E-02
 4.05577168E-02
 4.22140845E-02
 4.39222995E-02
 4.56856783E-02
 4.71049206E-02
 4.86136096E-02
 5.02237759E-02
 5.19100025E-02
 5.33883908E-02
 5.49631203E-02
 5.63951757E-02
 6.72978908E-02
 1.18110788E-01
 1.69739645E-01
 2.23706930E-01
 3.47817379E-01
 3.45919003E+00
 3.00234893E-01
 3.95326261E-01
 4.44358953E-01
 4.91396494E-01
 5.33814653E-01
 5.73077507E-01
 6.12168911E-01
 6.50000462E-01
 6.89565398E-01
 7.22941302E-01
 1.17377605E+00
 1.87309638E+00
 6.49882994E-01
 1.09189214E+00
 3.66858766E+00
 4.27980719E+00
 4.81436529E+00
 5.24210865E+00
 5.23470288E+00
 5.03635623E+00
 6.22267397E+00
 7.57259809E+00
 5.13882086E+00
 2.29300851E+00
 7.08909962E-01
 7.26463107E-03
 9.60186668E-01
 3.40129920E-01
 3.52268081E+00
 1.41010314E+01
 2.78819024E+01
 7.05815579E+01
 2.68346715E+02
 4.55926735E+01
 2.55560653E+01
 1.73578996E+01
 1.25713284E+01
 9.24126749E+00
 6.69915664E+00
 4.59166819E+00
 2.76108118E+00
 1.43508718E+00
 1.30771281E+00
 1.19039519E+00
 1.08071018E+00
 9.76966163E-01
 8.77946367E-01
 7.82752875E-01
 6.90708318E-01
 6.05828505E-01
 5.30012737E-01
 4.55797575E-01
 3.82964408E-01
 3.11335299E-01
 2.40763853E-01
 1.71128435E-01
 1.02327074E-01
 7.25258198E-02
 7.23063440E-02
 7.17096943E-02
 7.07760960E-02
 6.95402608E-02
 6.80322995E-02
 6.62784592E-02
 6.43017231E-02
 6.21223023E-02
 5.97580407E-02
 5.72247516E-02
 5.45364980E-02
 5.17058280E-02
 4.87439732E-02
 4.56610164E-02
 4.24660349E-02
 4.02536446E-02
 3.80487105E-02
 3.57456586E-02
 3.33510842E-02
 3.08709996E-02
 2.83108968E-02
 2.56758032E-02
 2.29703295E-02
 2.01982817E-02
 1.73643772E-02
 1.44718559E-02
 1.15240168E-02
 8.52392501E-03
 5.47442262E-03
 2.37837467E-03
 2.69574754E-04
 1.20201892E-03
 2.07574720E-03
 2.89350760E-03
 3.65787047E-03
 4.37124297E-03
 5.03588196E-03
 5.65390588E-03
 6.22730530E-03
 6.75795272E-03
 7.24761131E-03
 7.69794297E-03
 8.11051568E-03
 8.48681017E-03
 8.82822603E-03
 9.13608740E-03
 9.41164801E-03
 9.65609601E-03
 9.87055827E-03
 1.00561044E-02
 1.02137504E-02
 1.03444621E-02
 1.04491583E-02
 1.05287139E-02
 1.05839620E-02
 1.06156971E-02
 1.06246770E-02
 1.06116250E-02
 1.05772319E-02
 1.05221580E-02
 1.04470348E-02
 1.03524664E-02
 1.02390312E-02
 1.01072834E-02
 9.95775388E-03
 9.79095200E-03
 9.60736633E-03
 9.40746587E-03
 9.19170107E-03
 8.96050474E-03
 8.71429296E-03
 8.45346590E-03
 8.17840860E-03
 7.88949172E-03
 7.58707221E-03
 7.27149399E-03
 6.94308855E-03
 6.60217553E-03
 6.24906325E-03
 5.88404927E-03
 5.50742083E-03
 5.11945534E-03
 4.72042080E-03
 4.31057624E-03
 3.89017207E-03
 3.45945046E-03
 3.01864573E-03
 2.56798462E-03
 2.10768666E-03
 1.63796443E-03
 1.15902386E-03
 6.71064519E-04
 1.74279827E-04
 6.07452258E-05
 1.73082931E-04
 2.76167988E-04
 3.70190569E-04
 4.55335315E-04
 5.31781550E-04
 5.99703478E-04
 6.59270375E-04
 7.10646768E-04
 7.53992613E-04
 7.89463454E-04
 8.17210588E-04
 8.37381212E-04
 8.50118568E-04
 8.55562084E-04
 8.53847505E-04
 8.45107019E-04
 8.29469377E-04
 8.07060015E-04
 7.78001160E-04
 7.42411938E-04
 7.00408480E-04
 6.52104013E-04
 5.97608964E-04
 5.37031041E-04
 4.70475328E-04
 3.98044364E-04
 3.19838222E-04
 2.35954591E-04
 1.46488847E-04
 5.15341245E-05
 1.07460836E-05
 5.34433714E-06
 1.60677367E-05
 2.15215334E-05
 2.17907326E-05
 1.69584298E-05
 7.10586682E-06
 7.68751384E-06
 4.31967068E-03
 1.32628487E-02
 2.21921881E-02
 3.11079006E-02
 5.67201396E-02
 9.48860546E-02
 1.50942650E-01
 7.69286208E-02
 9.14960522E-05
 1.72498435E-04
 2.23375686E-04
 2.44557368E-04
 2.36463780E-04
 1.99506237E-04
 1.34087327E-04
 4.06011699E-05
 2.45946925E-02
 5.44543955E-02
 8.44590431E-02
 1.14606677E-01
 2.34831922E-01
 3.64015784E-01
 5.88108213E-01
 9.87023997E-01
 9.74133090E-01
 9.61327176E-01
 9.48606151E-01
 9.35969911E-01
 9.23418352E-01
 9.10951370E-01
 8.98568859E-01
 8.86270715E-01
 8.74056831E-01
 8.61927101E-01
 8.49881420E-01
 8.37919679E-01
 8.26041773E-01
 8.14247592E-01
 8.02537031E-01
 7.90909979E-01
 7.79366328E-01
 7.67905970E-01
 7.56528794E-01
 7.45234691E-01
 7.34023551E-01
 7.22895262E-01
 7.11849714E-01
 7.00886796E-01
 6.90006395E-01
 6.79208399E-01
 6.68492696E-01
 6.57859173E-01
 6.47307715E-01
 6.36838210E-01
 6.26450543E-01
 6.16144599E-01
 6.05920263E-01
 5.95777420E-01
 5.85715954E-01
 5.75735749E-01
 5.65836687E-01
 5.56018651E-01
 5.46281525E-01
 5.36625190E-01
 5.27049527E-01
 5.17554418E-01
 5.08139744E-01
 4.98805384E-01
 4.89551219E-01
 4.80377128E-01
 4.71282990E-01
 4.62268683E-01
 4.53334087E-01
 4.44479077E-01
 4.35703532E-01
 4.27007329E-01
 4.18390343E-01
 4.09852451E-01
 4.01393527E-01
 3.93013448E-01
 3.84712088E-01
 3.76489320E-01
 3.68345018E-01
 3.60279055E-01
 3.52291305E-01
 3.44381639E-01
 3.36549929E-01
 3.28796046E-01
 3.21119862E-01
 3.13521246E-01
 3.06000068E-01
 2.98556198E-01
 2.91189505E-01
 2.83899857E-01
 2.76687122E-01
 2.69551167E-01
 2.62491860E-01
 2.55509067E-01
 2.48602654E-01
 2.41772487E-01
 2.35018430E-01
 2.28340348E-01
 2.21738105E-01
 2.15211564E-01
 2.08760589E-01
 2.02385042E-01
 1.96084785E-01
 1.89859679E-01
 1.83709586E-01
 1.77634366E-01
 1.71633878E-01
 1.65707983E-01
 1.59856538E-01
 1.54079403E-01
 1.48376436E-01
 1.42747492E-01
 1.37192430E-01
 1.31711106E-01
 1.26303374E-01
 1.20969091E-01
 1.15708111E-01
 1.10520288E-01
 1.05405475E-01
 1.00363526E-01
 9.53942929E-02
 9.04976274E-02
 8.56733809E-02
 8.09214042E-02
 7.62415474E-02
 7.16336602E-02
 6.70975917E-02
 6.26331903E-02
 5.82403039E-02
 5.39187799E-02
 4.96684651E-02
 4.54892055E-02
 4.13808468E-02
 3.73432340E-02
 3.33762116E-02
 2.94796233E-02
 2.56533125E-02
 2.18971217E-02
 1.82108930E-02
 1.45944679E-02
 1.10476872E-02
 7.57039119E-03
 4.16241941E-03
 8.23610930E-04
 4.35628985E-02
 1.01134647E-01
 1.58122650E-01
 2.14528076E-01
 2.70352100E-01
 3.25595898E-01
 3.80260655E-01
 4.34347557E-01
 4.87857795E-01
 5.40792567E-01
 5.93153074E-01
 6.44940520E-01
 6.96156116E-01
 7.46801078E-01
 7.96876625E-01
 8.46383981E-01
 8.95324375E-01
 9.43699042E-01
 9.91509221E-01
 1.03875615E+00
 1.08544109E+00
 1.13156528E+00
 1.17712999E+00
 1.22213648E+00
 1.26658601E+00
 1.31047985E+00
 1.35381930E+00
 1.39660562E+00
 1.43884012E+00
 1.48052407E+00
 1.52165877E+00
 2.26124293E+00
 1.08945140E+01
 1.94365435E+01
 2.78875348E+01
 3.62476920E+01
 4.45172201E+01
 5.26963249E+01
 6.07852130E+01
 5.29418340E-01
 3.54826623E-01
 1.56172741E-01
 7.01823677E-02
 2.26839458E-01
 3.56364619E-01
 2.61579446E-01
 5.21909817E-02
 6.60932161E-03
 1.13320812E-02
 1.58045031E-01
 1.30023607E-02
 2.12673309E-02
 2.11527223E-02
 1.55098472E-02
 2.22056467E-03
 1.96600931E-02
 3.86765879E-02
 5.73616929E-02
 7.54284214E-02
 9.22343053E-02
 1.05975745E-01
 1.08875306E-01
 1.33105129E-01
 8.76958141E-01
 1.59738522E-01
 1.39825803E-01
 1.24269116E-01
 1.13877835E-01
 1.02143394E-01
 8.96458728E-02
 7.85134939E-02
 7.06214117E-02
 6.15465231E-02
 5.16115596E-02
 4.10301826E-02
 2.99496099E-02
 1.84747014E-02
 6.68227674E-03
 3.96591243E-03
 1.02604566E-02
 1.47865208E-02
 1.78257211E-02
 1.96029294E-02
 2.02999202E-02
 2.00652609E-02
 1.90215985E-02
 1.82456622E-02
 1.73253220E-02
 1.57799614E-02
 1.36801486E-02
 1.10908843E-02
 8.05540629E-03
 4.62367222E-03
 8.35295183E-04
 3.79552426E-03
 7.79243429E-03
 1.12179312E-02
 1.41225691E-02
 1.65513464E-02
 1.85444646E-02
 2.01379669E-02
 2.13642782E-02
 2.22526641E-02
 2.28296228E-02
 2.31192208E-02
 2.31433823E-02
 2.29221384E-02
 2.24738444E-02
 2.18153686E-02
 2.10619770E-02
 2.06583903E-02
 2.00739101E-02
 1.93217151E-02
 1.84140791E-02
 1.73624663E-02
 1.61776159E-02
 1.48696183E-02
 1.34479832E-02
 1.19217015E-02
 1.02993012E-02
 8.58889842E-03
 6.79824399E-03
 4.93476665E-03
 3.00561264E-03
 1.01768285E-03
 3.58922882E-03
 1.06178469E-02
 1.74664932E-02
 2.41463874E-02
 3.06682519E-02
 3.70423621E-02
 4.32785936E-02
 4.93864673E-02
 5.53751911E-02
 6.12537011E-02
 6.70307005E-02
 7.27146975E-02
 7.83140428E-02
 8.38369663E-02
 8.92916146E-02
 9.46860873E-02
 9.98066404E-02
 1.04845397E-01
 1.09851870E-01
 1.14834336E-01
 1.19801243E-01
 1.24761259E-01
 1.29723323E-01
 1.34689766E-01
 1.39243141E-01
 1.43833739E-01
 1.48472277E-01
 1.53130176E-01
 1.57509237E-01
 1.61923699E-01
 1.66121450E-01
 1.97889019E-01
 3.47296076E-01
 4.95945958E-01
 6.45368101E-01
 8.66120665E-01
 4.19638490E+00
 9.94008766E-01
 1.17881240E+00
 1.31351364E+00
 1.44385665E+00
 1.56693869E+00
 1.68408511E+00
 1.79816814E+00
 1.90777919E+00
 2.01570734E+00
 2.11332318E+00
 2.57461170E+00
 3.23431721E+00
 5.43776930E-01
 2.28584357E+00
 4.89276251E+00
 5.45562701E+00
 5.93651935E+00
 6.30357861E+00
 6.14194008E+00
 5.75727045E+00
 6.80934997E+00
 8.03096197E+00
 5.37773339E+00
 2.34967731E+00
 6.74885341E-01
 5.28598522E-03
 9.68812582E-01
 1.23770582E-01
 4.46686403E+00
 1.70465650E+01
 3.47428481E+01
 1.00650867E+02
 1.87338657E+02
 4.99013597E+01
 2.99836371E+01
 2.13183432E+01
 1.61687700E+01
 1.25761071E+01
 9.84184549E+00
 7.58954916E+00
 5.64731348E+00
 4.18949348E+00
 3.80111436E+00
 3.45015514E+00
 3.12765330E+00
 2.82732590E+00
 2.54463678E+00
 2.27622818E+00
 2.01956069E+00
 1.77710473E+00
 1.54958167E+00
 1.32880649E+00
 1.11383839E+00
 9.03911233E-01
 6.98394482E-01
 4.96764274E-01
 2.98581549E-01
 2.09785928E-01
 2.04110644E-01
 1.98200122E-01
 1.92080197E-01
 1.85773153E-01
 1.79298313E-01
 1.72672509E-01
 1.65910472E-01
 1.59025143E-01
 1.52027934E-01
 1.44928951E-01
 1.37737167E-01
 1.30460579E-01
 1.23106331E-01
 1.15680830E-01
 1.08189831E-01
 1.01576377E-01
 9.49969939E-02
 8.83589756E-02
 8.16665774E-02
 7.49236712E-02
 6.81337863E-02
 6.13001461E-02
 5.44257001E-02
 4.75127483E-02
 4.05645278E-02
 3.35830071E-02
 2.65702619E-02
 1.95282250E-02
 1.24586840E-02
 5.36351806E-03
 2.67417194E-04
 1.19553565E-03
 2.06530395E-03
 2.87944442E-03
 3.64050388E-03
 4.35086788E-03
 5.01277347E-03
 5.62832081E-03
 6.19948368E-03
 6.72811904E-03
 7.21597576E-03
 7.66470248E-03
 8.07585493E-03
 8.45090247E-03
 8.79123418E-03
 9.09816437E-03
 9.37293773E-03
 9.61673392E-03
 9.83067194E-03
 1.00158140E-02
 1.01731694E-02
 1.03036975E-02
 1.04083111E-02
 1.04878795E-02
 1.05432306E-02
 1.05751541E-02
 1.05844030E-02
 1.05716964E-02
 1.05377211E-02
 1.04831336E-02
 1.04085618E-02
 1.03146065E-02
 1.02018429E-02
 1.00708221E-02
 9.92207247E-03
 9.75610051E-03
 9.57339234E-03
 9.37441464E-03
 9.15961562E-03
 8.92942600E-03
 8.68425988E-03
 8.42451555E-03
 8.15057628E-03
 7.86281105E-03
 7.56157522E-03
 7.24721120E-03
 6.92004905E-03
 6.58040705E-03
 6.22859225E-03
 5.86490098E-03
 5.48961931E-03
 5.10302357E-03
 4.70538071E-03
 4.29694874E-03
 3.87797714E-03
 3.44870720E-03
 3.00937235E-03
 2.56019853E-03
 2.10140450E-03
 1.63320208E-03
 1.15579652E-03
 6.69386697E-04
 1.74165396E-04
 6.11218789E-05
 1.73314112E-04
 2.76268345E-04
 3.70174137E-04
 4.55215550E-04
 5.31571349E-04
 5.99415207E-04
 6.58915889E-04
 7.10237436E-04
 7.53539335E-04
 7.88976684E-04
 8.16700353E-04
 8.36857128E-04
 8.49589858E-04
 8.55037595E-04
 8.53335723E-04
 8.44616082E-04
 8.29007093E-04
 8.06633873E-04
 7.77618343E-04
 7.42079337E-04
 7.00132702E-04
 6.51891397E-04
 5.97465588E-04
 5.36962735E-04
 4.70487682E-04
 3.98142736E-04
 3.20027752E-04
 2.36240205E-04
 1.46875267E-04
 5.20258751E-05
 1.01834105E-05
 5.89698733E-06
 1.66142726E-05
 2.20658104E-05
 2.23364411E-05
 1.75091015E-05
 7.66488056E-06
 7.11692598E-06
 3.72865134E-03
 1.14513990E-02
 1.91615466E-02
 2.68592870E-02
 5.19553833E-02
 9.01332340E-02
 1.46953572E-01
 7.94295783E-02
 9.09119375E-05
 1.72080333E-04
 2.23061252E-04
 2.44285511E-04
 2.36174628E-04
 1.99141105E-04
 1.33588681E-04
 3.99125988E-05
 2.12345676E-02
 4.70210621E-02
 7.29364926E-02
 9.89791163E-02
 2.18876766E-01
 3.48090044E-01
 5.76194488E-01
 9.87024254E-01
 9.74133599E-01
 9.61327933E-01
 9.48607151E-01
 9.35971150E-01
 9.23419826E-01
 9.10953074E-01
 8.98570789E-01
 8.86272866E-01
 8.74059199E-01
 8.61929682E-01
 8.49884208E-01
 8.37922672E-01
 8.26044964E-01
 8.14250979E-01
 8.02540608E-01
 7.90913742E-01
 7.79370273E-01
 7.67910092E-01
 7.56533090E-01
 7.45239156E-01
 7.34028180E-01
 7.22900052E-01
 7.11854660E-01
 7.00891893E-01
 6.90011640E-01
 6.79213787E-01
 6.68498223E-01
 6.57864834E-01
 6.47313507E-01
 6.36844128E-01
 6.26456582E-01
 6.16150756E-01
 6.05926534E-01
 5.95783800E-01
 5.85722439E-01
 5.75742334E-01
 5.65843369E-01
 5.56025426E-01
 5.46288388E-01
 5.36632137E-01
 5.27056554E-01
 5.17561521E-01
 5.08146918E-01
 4.98812626E-01
 4.89558524E-01
 4.80384492E-01
 4.71290409E-01
 4.62276154E-01
 4.53341604E-01
 4.44486638E-01
 4.35711132E-01
 4.27014963E-01
 4.18398008E-01
 4.09860142E-01
 4.01401242E-01
 3.93021181E-01
 3.84719835E-01
 3.76497078E-01
 3.68352783E-01
 3.60286823E-01
 3.52299071E-01
 3.44389400E-01
 3.36557681E-01
 3.28803785E-01
 3.21127583E-01
 3.13528946E-01
 3.06007744E-01
 2.98563845E-01
 2.91197119E-01
 2.83907434E-01
 2.76694658E-01
 2.69558659E-01
 2.62499304E-01
 2.55516459E-01
 2.48609990E-01
 2.41779762E-01
 2.35025642E-01
 2.28347492E-01
 2.21745178E-01
 2.15218562E-01
 2.08767508E-01
 2.02391878E-01
 1.96091535E-01
 1.89866339E-01
 1.83716152E-01
 1.77640833E-01
 1.71640244E-01
 1.65714244E-01
 1.59862690E-01
 1.54085443E-01
 1.48382359E-01
 1.42753295E-01
 1.37198110E-01
 1.31716658E-01
 1.26308795E-01
 1.20974378E-01
 1.15713259E-01
 1.10525294E-01
 1.05410336E-01
 1.00368238E-01
 9.53988517E-02
 9.05020299E-02
 8.56776235E-02
 8.09254834E-02
 7.62454597E-02
 7.16374020E-02
 6.71011594E-02
 6.26365805E-02
 5.82435130E-02
 5.39218044E-02
 4.96713015E-02
 4.54918504E-02
 4.13832967E-02
 3.73454855E-02
 3.33782612E-02
 2.94814676E-02
 2.56549480E-02
 2.18985451E-02
 1.82121008E-02
 1.45954568E-02
 1.10484537E-02
 7.57093199E-03
 4.16273116E-03
 8.23690284E-04
 4.81755889E-02
 1.11846998E-01
 1.74876913E-01
 2.37266614E-01
 2.99017390E-01
 3.60130531E-01
 4.20607334E-01
 4.80449101E-01
 5.39657139E-01
 5.98232759E-01
 6.56177278E-01
 7.13492019E-01
 7.70178307E-01
 8.26237476E-01
 8.81670862E-01
 9.36479809E-01
 9.90665663E-01
 1.04422978E+00
 1.09717351E+00
 1.14949823E+00
 1.20120529E+00
 1.25229609E+00
 1.30277198E+00
 1.35263437E+00
 1.40188464E+00
 1.45052418E+00
 1.49855440E+00
 1.54597670E+00
 1.59279249E+00
 1.63900320E+00
 1.68461024E+00
 1.51695517E+00
 8.83716767E+00
 1.60800466E+01
 2.32457644E+01
 3.03344940E+01
 3.73464091E+01
 4.42816842E+01
 5.11404943E+01
 5.87238761E-01
 4.04090800E-01
 1.95469276E-01
 4.24594837E-02
 2.09258248E-01
 3.49040054E-01
 2.58605151E-01
 5.15353870E-02
 6.38727514E-03
 1.08921276E-02
 1.63806744E-01
 1.46200416E-02
 2.05809210E-02
 2.05617207E-02
 1.50872469E-02
 2.09305032E-03
 1.93277640E-02
 3.80210732E-02
 5.62438289E-02
 7.36191732E-02
 8.93179237E-02
 1.01081346E-01
 9.97833245E-02
 8.48230722E-02
 1.04123260E+00
 1.67465623E-01
 1.43419280E-01
 1.26126616E-01
 1.15021262E-01
 1.02781208E-01
 8.99022963E-02
 7.85666523E-02
 7.07035411E-02
 6.16344388E-02
 5.16918301E-02
 4.10947839E-02
 2.99936555E-02
 1.84951926E-02
 6.67738291E-03
 3.96433184E-03
 1.02799562E-02
 1.48103439E-02
 1.78414250E-02
 1.96011977E-02
 2.02737345E-02
 2.00093121E-02
 1.89318629E-02
 1.81617340E-02
 1.72653183E-02
 1.57383641E-02
 1.36523490E-02
 1.10730593E-02
 8.04424482E-03
 4.61641103E-03
 8.29585997E-04
 3.79752489E-03
 7.80050428E-03
 1.12288606E-02
 1.41335886E-02
 1.65600619E-02
 1.85488028E-02
 2.01361296E-02
 2.13547048E-02
 2.22339995E-02
 2.28006909E-02
 2.30790012E-02
 2.30909913E-02
 2.28568126E-02
 2.23949268E-02
 2.17222962E-02
 2.09584224E-02
 2.05659840E-02
 1.99916829E-02
 1.92487970E-02
 1.83496904E-02
 1.73059099E-02
 1.61282705E-02
 1.48269322E-02
 1.34114696E-02
 1.18909338E-02
 1.02739091E-02
 8.56856462E-03
 6.78270132E-03
 4.92379563E-03
 2.99903948E-03
 1.01537780E-03
 3.33484043E-03
 9.86077601E-03
 1.62141209E-02
 2.24058793E-02
 2.84465786E-02
 3.43463183E-02
 4.01148173E-02
 4.57614577E-02
 5.12953266E-02
 5.67252567E-02
 6.20598652E-02
 6.73075916E-02
 7.24767354E-02
 7.75754926E-02
 8.26119939E-02
 8.75943414E-02
 9.22997928E-02
 9.69280066E-02
 1.01530238E-01
 1.06114846E-01
 1.10690387E-01
 1.15265659E-01
 1.19849761E-01
 1.24444931E-01
 1.28616678E-01
 1.32833375E-01
 1.37106036E-01
 1.41404817E-01
 1.45419416E-01
 1.49476688E-01
 1.53314346E-01
 2.02900656E-01
 4.47945345E-01
 6.90722353E-01
 9.32771207E-01
 1.24740612E+00
 4.79381981E+00
 1.54547366E+00
 1.81746278E+00
 2.03539467E+00
 2.24669905E+00
 2.44820153E+00
 2.64109622E+00
 2.82815180E+00
 3.00764877E+00
 3.18218194E+00
 3.34242710E+00
 3.81286119E+00
 4.43202348E+00
 1.57399815E+00
 3.31588240E+00
 5.95256907E+00
 6.46755558E+00
 6.89575910E+00
 7.20370759E+00
 6.89131433E+00
 6.32567500E+00
 7.24907672E+00
 8.34888924E+00
 5.49166642E+00
 2.30559337E+00
 5.73001471E-01
 3.68886644E-02
 9.86833752E-01
 6.71994520E-02
 5.40769819E+00
 2.01793968E+01
 4.25686650E+01
 1.47337204E+02
 1.51682616E+02
 5.26303174E+01
 3.33694884E+01
 2.45213444E+01
 1.91622887E+01
 1.54011023E+01
 1.25380891E+01
 1.01868228E+01
 8.16789093E+00
 6.60653190E+00
 5.98170819E+00
 5.41743878E+00
 4.89938864E+00
 4.41746153E+00
 3.96433953E+00
 3.53458763E+00
 3.12408359E+00
 2.73396122E+00
 2.36392233E+00
 2.00518196E+00
 1.65617327E+00
 1.31561837E+00
 9.82464133E-01
 6.55834547E-01
 3.34994608E-01
 1.93614068E-01
 1.88650583E-01
 1.83438902E-01
 1.78005969E-01
 1.72375054E-01
 1.66566349E-01
 1.60597463E-01
 1.54483818E-01
 1.48238974E-01
 1.41874903E-01
 1.35402210E-01
 1.28830322E-01
 1.22167648E-01
 1.15421705E-01
 1.08599240E-01
 1.01706318E-01
 9.55377027E-02
 8.93845635E-02
 8.31697878E-02
 7.68977841E-02
 7.05725658E-02
 6.41977935E-02
 5.77768126E-02
 5.13126863E-02
 4.48078389E-02
 3.82655573E-02
 3.16879437E-02
 2.50771509E-02
 1.84351919E-02
 1.17639306E-02
 5.06531552E-03
 2.64413184E-04
 1.18827511E-03
 2.05414819E-03
 2.86472942E-03
 3.62254244E-03
 4.32995149E-03
 4.98917405E-03
 5.60229225E-03
 6.17126329E-03
 6.69792883E-03
 7.18402356E-03
 7.63118307E-03
 8.04095099E-03
 8.41478543E-03
 8.75406509E-03
 9.06009461E-03
 9.33410968E-03
 9.57728162E-03
 9.79072163E-03
 9.97548472E-03
 1.01325733E-02
 1.02629405E-02
 1.03674932E-02
 1.04470951E-02
 1.05025691E-02
 1.05346999E-02
 1.05442360E-02
 1.05318923E-02
 1.04983516E-02
 1.04442665E-02
 1.03702616E-02
 1.02769341E-02
 1.01648563E-02
 1.00345764E-02
 9.88661971E-03
 9.72149036E-03
 9.53967194E-03
 9.34162880E-03
 9.12780695E-03
 8.89863504E-03
 8.65452521E-03
 8.39587387E-03
 8.12306256E-03
 7.83645858E-03
 7.53641572E-03
 7.22327490E-03
 6.89736475E-03
 6.55900223E-03
 6.20849310E-03
 5.84613247E-03
 5.47220530E-03
 5.08698679E-03
 4.69074287E-03
 4.28373057E-03
 3.86619842E-03
 3.43838682E-03
 3.00052836E-03
 2.55284816E-03
 2.09556421E-03
 1.62888762E-03
 1.15302291E-03
 6.68168306E-04
 1.74515956E-04
 6.19681886E-05
 1.74019029E-04
 2.76846386E-04
 3.70639217E-04
 4.55581003E-04
 5.31849961E-04
 5.99619232E-04
 6.59057077E-04
 7.10327054E-04
 7.53588186E-04
 7.88995129E-04
 8.16698327E-04
 8.36844159E-04
 8.49575086E-04
 8.55029786E-04
 8.53343283E-04
 8.44647076E-04
 8.29069255E-04
 8.06734622E-04
 7.77764794E-04
 7.42278315E-04
 7.00390752E-04
 6.52214796E-04
 5.97860355E-04
 5.37434644E-04
 4.71042266E-04
 3.98785302E-04
 3.20763387E-04
 2.37073785E-04
 1.47811465E-04
 5.30691707E-05
 9.06751246E-06
 6.99477737E-06
 1.77170847E-05
 2.31678262E-05
 2.34413111E-05
 1.86203188E-05
 8.78578692E-06
 5.98313502E-06
 3.13789497E-03
 9.63959279E-03
 1.61299318E-02
 2.26090858E-02
 4.71887699E-02
 8.53785456E-02
 1.42962980E-01
 8.19320407E-02
 8.96154093E-05
 1.70950159E-04
 2.22034989E-04
 2.43301972E-04
 2.35173852E-04
 1.98064316E-04
 1.32378260E-04
 3.85120507E-05
 1.78719277E-02
 3.95812674E-02
 6.14034816E-02
 8.33370438E-02
 2.02906625E-01
 3.32149186E-01
 5.64269356E-01
 9.87024511E-01
 9.74134109E-01
 9.61328690E-01
 9.48608152E-01
 9.35972390E-01
 9.23421301E-01
 9.10954779E-01
 8.98572720E-01
 8.86275018E-01
 8.74061568E-01
 8.61932263E-01
 8.49886998E-01
 8.37925665E-01
 8.26048157E-01
 8.14254367E-01
 8.02544186E-01
 7.90917507E-01
 7.79374220E-01
 7.67914217E-01
 7.56537388E-01
 7.45243623E-01
 7.34032811E-01
 7.22904844E-01
 7.11859608E-01
 7.00896993E-01
 6.90016887E-01
 6.79219177E-01
 6.68503752E-01
 6.57870498E-01
 6.47319301E-01
 6.36850048E-01
 6.26462625E-01
 6.16156916E-01
 6.05932807E-01
 5.95790183E-01
 5.85728927E-01
 5.75748923E-01
 5.65850054E-01
 5.56032204E-01
 5.46295254E-01
 5.36639087E-01
 5.27063584E-01
 5.17568627E-01
 5.08154096E-01
 4.98819872E-01
 4.89565833E-01
 4.80391861E-01
 4.71297833E-01
 4.62283629E-01
 4.53349126E-01
 4.44494203E-01
 4.35718736E-01
 4.27022602E-01
 4.18405678E-01
 4.09867839E-01
 4.01408962E-01
 3.93028920E-01
 3.84727589E-01
 3.76504842E-01
 3.68360553E-01
 3.60294596E-01
 3.52306844E-01
 3.44397167E-01
 3.36565439E-01
 3.28811530E-01
 3.21135311E-01
 3.13536653E-01
 3.06015425E-01
 2.98571497E-01
 2.91204739E-01
 2.83915017E-01
 2.76702201E-01
 2.69566158E-01
 2.62506754E-01
 2.55523857E-01
 2.48617332E-01
 2.41787045E-01
 2.35032860E-01
 2.28354643E-01
 2.21752258E-01
 2.15225567E-01
 2.08774434E-01
 2.02398722E-01
 1.96098292E-01
 1.89873006E-01
 1.83722724E-01
 1.77647309E-01
 1.71646618E-01
 1.65720512E-01
 1.59868850E-01
 1.54091490E-01
 1.48388290E-01
 1.42759106E-01
 1.37203797E-01
 1.31722218E-01
 1.26314224E-01
 1.20979672E-01
 1.15718416E-01
 1.10530309E-01
 1.05415205E-01
 1.00372958E-01
 9.54034192E-02
 9.05064411E-02
 8.56818749E-02
 8.09295715E-02
 7.62493808E-02
 7.16411527E-02
 6.71047362E-02
 6.26399797E-02
 5.82467313E-02
 5.39248382E-02
 4.96741473E-02
 4.54945047E-02
 4.13857561E-02
 3.73477465E-02
 3.33803204E-02
 2.94833216E-02
 2.56565933E-02
 2.18999783E-02
 1.82133185E-02
 1.45964556E-02
 1.10492303E-02
 7.57148293E-03
 4.16305311E-03
 8.23779906E-04
 5.27889467E-02
 1.22560918E-01
 1.91633643E-01
 2.60008516E-01
 3.27686936E-01
 3.94670310E-01
 4.60960048E-01
 5.26557565E-01
 5.91464284E-01
 6.55681632E-01
 7.19211042E-01
 7.82053951E-01
 8.44211803E-01
 9.05686047E-01
 9.66478140E-01
 1.02658954E+00
 1.08602171E+00
 1.14477614E+00
 1.20285428E+00
 1.26025763E+00
 1.31698768E+00
 1.37304592E+00
 1.42843385E+00
 1.48315298E+00
 1.53720482E+00
 1.59059089E+00
 1.64331272E+00
 1.69537182E+00
 1.74676975E+00
 1.79750804E+00
 1.84758825E+00
 7.72545592E-01
 6.77948325E+00
 1.27229961E+01
 1.86032255E+01
 2.44203133E+01
 3.01744020E+01
 3.58656344E+01
 4.14941543E+01
 6.44286471E-01
 4.52688762E-01
 2.34230741E-01
 1.51104276E-02
 1.91904957E-01
 3.41787629E-01
 2.55639167E-01
 5.08570002E-02
 6.13607860E-03
 1.04262675E-02
 1.69484728E-01
 1.62395763E-02
 1.98713942E-02
 1.99444885E-02
 1.46329641E-02
 1.92385217E-03
 1.89557862E-02
 3.73325834E-02
 5.51076834E-02
 7.18241897E-02
 8.64936442E-02
 9.64988716E-02
 9.18693873E-02
 6.05902711E-02
 1.26643743E+00
 1.76090877E-01
 1.47220409E-01
 1.28032024E-01
 1.16170393E-01
 1.03405747E-01
 9.01363224E-02
 7.85955954E-02
 7.07655245E-02
 6.17049076E-02
 5.17565704E-02
 4.11452921E-02
 3.00247341E-02
 1.85036299E-02
 6.66119676E-03
 3.95255338E-03
 1.02904874E-02
 1.48260840E-02
 1.78496922E-02
 1.95925080E-02
 2.02409499E-02
 1.99470377E-02
 1.88360129E-02
 1.80721717E-02
 1.72002406E-02
 1.56921628E-02
 1.36203429E-02
 1.10513669E-02
 8.02950662E-03
 4.60582417E-03
 8.20769443E-04
 3.79667126E-03
 7.80594843E-03
 1.12373586E-02
 1.41423431E-02
 1.65666552E-02
 1.85511416E-02
 2.01323994E-02
 2.13433311E-02
 2.22136157E-02
 2.27701107E-02
 2.30371960E-02
 2.30370705E-02
 2.27900070E-02
 2.23145744E-02
 2.16278300E-02
 2.08535247E-02
 2.04723497E-02
 1.99083344E-02
 1.91748567E-02
 1.82843720E-02
 1.72485104E-02
 1.60781634E-02
 1.47835615E-02
 1.33743446E-02
 1.18596244E-02
 1.02480423E-02
 8.54782053E-03
 6.76681085E-03
 4.91253771E-03
 2.99223910E-03
 1.01290435E-03
 1.11261178E-03
 3.24728524E-03
 5.27725834E-03
 7.21117911E-03
 9.05741609E-03
 1.08240975E-02
 1.25191490E-02
 1.41503299E-02
 1.57252684E-02
 1.72514964E-02
 1.87364841E-02
 2.01876743E-02
 2.16125175E-02
 2.30185074E-02
 2.44132178E-02
 2.58043412E-02
 2.69598431E-02
 2.80867762E-02
 2.92381241E-02
 3.04224526E-02
 3.16486900E-02
 3.29261860E-02
 3.42647776E-02
 3.56673611E-02
 3.66833187E-02
 3.78002465E-02
 3.90308008E-02
 4.03454423E-02
 4.14235919E-02
 4.26068404E-02
 4.36251497E-02
 1.08636276E-01
 4.46998377E-01
 7.81629122E-01
 1.11408035E+00
 1.52042391E+00
 5.28080923E+00
 1.98449428E+00
 2.34166756E+00
 2.64089436E+00
 2.93129289E+00
 3.20942173E+00
 3.47634860E+00
 3.73474375E+00
 3.98258254E+00
 4.22227128E+00
 4.44379838E+00
 4.92228600E+00
 5.50014084E+00
 2.47482707E+00
 4.21608005E+00
 6.88201051E+00
 7.34944589E+00
 7.72567506E+00
 7.97569128E+00
 7.51551151E+00
 6.77359991E+00
 7.57297586E+00
 8.55630192E+00
 5.50934110E+00
 2.18825997E+00
 4.29512041E-01
 6.20797775E-02
 1.03605297E+00
 2.16740919E-01
 6.34243303E+00
 2.35560163E+01
 5.17516322E+01
 2.32674662E+02
 1.30985613E+02
 5.43497450E+01
 3.59954494E+01
 2.71482330E+01
 2.16879498E+01
 1.78274030E+01
 1.48833805E+01
 1.24681954E+01
 1.03995734E+01
 8.75677757E+00
 7.91502405E+00
 7.15360315E+00
 6.45372587E+00
 5.80209842E+00
 5.18904813E+00
 4.60736734E+00
 4.05157379E+00
 3.52163149E+00
 3.01634934E+00
 2.52643965E+00
 2.04978655E+00
 1.58466158E+00
 1.12963835E+00
 6.83528785E-01
 2.45334888E-01
 5.64087267E-02
 5.69982503E-02
 5.72087367E-02
 5.70798270E-02
 5.66458143E-02
 5.59365165E-02
 5.49779828E-02
 5.37930707E-02
 5.24019206E-02
 5.08223473E-02
 4.90701665E-02
 4.71594676E-02
 4.51028424E-02
 4.29115796E-02
 4.05958285E-02
 3.81647393E-02
 3.62673122E-02
 3.43316397E-02
 3.22982951E-02
 3.01737522E-02
 2.79639186E-02
 2.56741966E-02
 2.33095361E-02
 2.08744810E-02
 1.83732102E-02
 1.58091228E-02
 1.31866578E-02
 1.05086780E-02
 7.77821523E-03
 4.99808453E-03
 2.17112141E-03
 2.60573198E-04
 1.18024702E-03
 2.04228896E-03
 2.84937104E-03
 3.60399401E-03
 4.30850111E-03
 4.96509050E-03
 5.57582656E-03
 6.14265008E-03
 6.66738761E-03
 7.15175989E-03
 7.59738960E-03
 8.00580838E-03
 8.37846330E-03
 8.71672275E-03
 9.02188184E-03
 9.29516737E-03
 9.53774239E-03
 9.75071043E-03
 9.93511930E-03
 1.00919647E-02
 1.02221936E-02
 1.03267070E-02
 1.04063631E-02
 1.04619796E-02
 1.04943366E-02
 1.05041780E-02
 1.04922145E-02
 1.04591249E-02
 1.04055583E-02
 1.03321354E-02
 1.02394506E-02
 1.01280727E-02
 9.99854719E-03
 9.85139666E-03
 9.68712255E-03
 9.50620605E-03
 9.30910921E-03
 9.09627587E-03
 8.86813261E-03
 8.62508961E-03
 8.36754149E-03
 8.09586801E-03
 7.81043483E-03
 7.51159418E-03
 7.19968551E-03
 6.87503605E-03
 6.53796140E-03
 6.18876609E-03
 5.82774403E-03
 5.45517902E-03
 5.07134520E-03
 4.67650747E-03
 4.27092187E-03
 3.85483602E-03
 3.42848941E-03
 2.99211381E-03
 2.54593354E-03
 2.09016582E-03
 1.62502102E-03
 1.15070299E-03
 6.67409288E-04
 1.75331427E-04
 6.32840556E-05
 1.75197563E-04
 2.77901978E-04
 3.71585656E-04
 4.56431509E-04
 5.32617202E-04
 6.00315355E-04
 6.59693728E-04
 7.10915398E-04
 7.54138930E-04
 7.89518539E-04
 8.17204248E-04
 8.37342034E-04
 8.50073970E-04
 8.55538363E-04
 8.53869883E-04
 8.45199687E-04
 8.29655541E-04
 8.07361931E-04
 7.78440174E-04
 7.43008524E-04
 7.01182273E-04
 6.53073846E-04
 5.98792895E-04
 5.38446389E-04
 4.72138696E-04
 3.99971670E-04
 3.22044729E-04
 2.38454927E-04
 1.49297033E-04
 5.46635957E-05
 7.39881012E-06
 8.65643827E-06
 1.93757422E-05
 2.48271453E-05
 2.51049028E-05
 2.02916377E-05
 1.04681371E-05
 4.28659367E-06
 2.54740189E-03
 7.82743214E-03
 1.30973473E-02
 1.83573021E-02
 4.24203055E-02
 8.06219951E-02
 1.38970881E-01
 8.44360061E-02
 8.76068012E-05
 1.69108245E-04
 2.20297229E-04
 2.41607085E-04
 2.33461783E-04
 1.96276201E-04
 1.30456394E-04
 3.63998541E-05
 1.45067749E-02
 3.21350169E-02
 4.98600185E-02
 6.76804707E-02
 1.86921509E-01
 3.16193219E-01
 5.52332824E-01
 9.87024768E-01
 9.74134618E-01
 9.61329448E-01
 9.48609153E-01
 9.35973631E-01
 9.23422776E-01
 9.10956485E-01
 8.98574651E-01
 8.86277171E-01
 8.74063938E-01
 8.61934846E-01
 8.49889789E-01
 8.37928660E-01
 8.26051351E-01
 8.14257756E-01
 8.02547766E-01
 7.90921273E-01
 7.79378169E-01
 7.67918343E-01
 7.56541687E-01
 7.45248091E-01
 7.34037445E-01
 7.22909638E-01
 7.11864558E-01
 7.00902095E-01
 6.90022136E-01
 6.79224570E-01
 6.68509284E-01
 6.57876164E-01
 6.47325098E-01
 6.36855972E-01
 6.26468670E-01
 6.16163079E-01
 6.05939084E-01
 5.95796569E-01
 5.85735418E-01
 5.75755515E-01
 5.65856743E-01
 5.56038985E-01
 5.46302124E-01
 5.36646041E-01
 5.27070619E-01
 5.17575738E-01
 5.08161278E-01
 4.98827121E-01
 4.89573147E-01
 4.80399234E-01
 4.71305262E-01
 4.62291109E-01
 4.53356653E-01
 4.44501773E-01
 4.35726345E-01
 4.27030246E-01
 4.18413353E-01
 4.09875541E-01
 4.01416686E-01
 3.93036663E-01
 3.84735347E-01
 3.76512611E-01
 3.68368329E-01
 3.60302375E-01
 3.52314621E-01
 3.44404939E-01
 3.36573202E-01
 3.28819280E-01
 3.21143044E-01
 3.13544365E-01
 3.06023113E-01
 2.98579156E-01
 2.91212365E-01
 2.83922607E-01
 2.76709750E-01
 2.69573663E-01
 2.62514211E-01
 2.55531262E-01
 2.48624681E-01
 2.41794334E-01
 2.35040086E-01
 2.28361801E-01
 2.21759344E-01
 2.15232579E-01
 2.08781367E-01
 2.02405572E-01
 1.96105056E-01
 1.89879680E-01
 1.83729305E-01
 1.77653791E-01
 1.71652999E-01
 1.65726789E-01
 1.59875018E-01
 1.54097545E-01
 1.48394228E-01
 1.42764925E-01
 1.37209492E-01
 1.31727786E-01
 1.26319662E-01
 1.20984975E-01
 1.15723580E-01
 1.10535332E-01
 1.05420083E-01
 1.00377686E-01
 9.54079952E-02
 9.05108610E-02
 8.56861352E-02
 8.09336684E-02
 7.62533110E-02
 7.16449125E-02
 6.71083220E-02
 6.26433882E-02
 5.82499588E-02
 5.39278813E-02
 4.96770025E-02
 4.54971685E-02
 4.13882251E-02
 3.73500172E-02
 3.33823893E-02
 2.94851852E-02
 2.56582484E-02
 2.19014213E-02
 1.82145462E-02
 1.45974644E-02
 1.10500169E-02
 7.57204400E-03
 4.16338527E-03
 8.23879798E-04
 5.74029720E-02
 1.33276407E-01
 2.08392841E-01
 2.82753780E-01
 3.56360739E-01
 4.29215236E-01
 5.01318796E-01
 5.72672949E-01
 6.43279232E-01
 7.13139187E-01
 7.82254364E-01
 8.50626316E-01
 9.18256603E-01
 9.85146793E-01
 1.05129846E+00
 1.11671317E+00
 1.18139253E+00
 1.24533812E+00
 1.30855153E+00
 1.37103437E+00
 1.43278825E+00
 1.49381478E+00
 1.55411559E+00
 1.61369231E+00
 1.67254656E+00
 1.73068000E+00
 1.78809426E+00
 1.84479101E+00
 1.90077190E+00
 1.95603860E+00
 2.01059279E+00
 2.80142028E-02
 4.72146079E+00
 9.36539200E+00
 1.39599181E+01
 1.85051499E+01
 2.30011985E+01
 2.74481755E+01
 3.18461930E+01
 7.00574927E-01
 5.00629996E-01
 2.72465131E-01
 1.18706790E-02
 1.74775795E-01
 3.34606049E-01
 2.52681300E-01
 5.01562298E-02
 5.85630151E-03
 9.93503819E-03
 1.75081021E-01
 1.78609608E-02
 1.91393515E-02
 1.93017805E-02
 1.41223426E-02
 1.71449345E-03
 1.85457975E-02
 3.66126744E-02
 5.39542298E-02
 7.00423238E-02
 8.37528324E-02
 9.21880708E-02
 8.48833240E-02
 4.57055121E-02
 1.59465361E+00
 1.85811962E-01
 1.51256224E-01
 1.29989680E-01
 1.17325548E-01
 1.04016152E-01
 9.03467715E-02
 7.85992251E-02
 7.08065493E-02
 6.17572955E-02
 5.18052663E-02
 4.11812789E-02
 3.00424809E-02
 1.84996980E-02
 6.63344211E-03
 3.93034181E-03
 1.02918539E-02
 1.48335725E-02
 1.78503750E-02
 1.95767282E-02
 2.02014469E-02
 1.98783283E-02
 1.87339473E-02
 1.79768853E-02
 1.71300097E-02
 1.56412873E-02
 1.35840676E-02
 1.10257509E-02
 8.01114067E-03
 4.59186509E-03
 8.08802817E-04
 3.79292466E-03
 7.80873156E-03
 1.12433931E-02
 1.41488028E-02
 1.65710986E-02
 1.85514555E-02
 2.01267525E-02
 2.13301348E-02
 2.21914913E-02
 2.27378621E-02
 2.29937862E-02
 2.29816018E-02
 2.27217043E-02
 2.22327706E-02
 2.15319542E-02
 2.07472688E-02
 2.03774734E-02
 1.98238513E-02
 1.90998818E-02
 1.82181123E-02
 1.71902569E-02
 1.60272844E-02
 1.47394966E-02
 1.33365990E-02
 1.18277649E-02
 1.02216926E-02
 8.52665860E-03
 6.75056547E-03
 4.90098618E-03
 2.98520518E-03
 1.01025656E-03
 2.73008403E-02
 8.11880866E-02
 1.34163171E-01
 1.86263381E-01
 2.37523352E-01
 2.87975232E-01
 3.37648835E-01
 3.86571773E-01
 4.34769574E-01
 4.82265791E-01
 5.29082091E-01
 5.75238336E-01
 6.20752654E-01
 6.65641494E-01
 7.09919675E-01
 7.53600418E-01
 7.96446448E-01
 8.38674377E-01
 8.80339119E-01
 9.21447624E-01
 9.62005278E-01
 1.00201586E+00
 1.04148151E+00
 1.08039486E+00
 1.11827560E+00
 1.15561416E+00
 1.19240532E+00
 1.22859697E+00
 1.26383164E+00
 1.29843496E+00
 1.33209387E+00
 1.42528474E+00
 1.77529499E+00
 2.12102166E+00
 2.46403255E+00
 2.88316358E+00
 6.77947214E+00
 3.35821813E+00
 3.72451054E+00
 4.02996747E+00
 4.32542846E+00
 4.60722706E+00
 4.87635549E+00
 5.13544692E+00
 5.38224583E+00
 5.61905895E+00
 5.83529572E+00
 6.25700404E+00
 6.73068251E+00
 3.47800997E+00
 5.15993784E+00
 7.79866374E+00
 8.16565503E+00
 8.44055085E+00
 8.58747506E+00
 7.94068937E+00
 6.99099595E+00
 7.64170513E+00
 8.49345214E+00
 5.26269290E+00
 1.83768559E+00
 1.15594800E-01
 1.43810162E-01
 1.16390517E+00
 1.48622868E-01
 6.93537680E+00
 2.66480443E+01
 6.16904023E+01
 4.38998497E+02
 1.15770307E+02
 5.49779004E+01
 3.79571978E+01
 2.94238842E+01
 2.40825525E+01
 2.02924927E+01
 1.74083579E+01
 1.50522492E+01
 1.30451504E+01
 1.14244320E+01
 1.04645059E+01
 9.59970702E+00
 8.80802030E+00
 8.07380091E+00
 7.38562350E+00
 6.73494766E+00
 6.11525990E+00
 5.52560572E+00
 4.96409594E+00
 4.42109303E+00
 3.89405507E+00
 3.38090279E+00
 2.87991825E+00
 2.38966908E+00
 1.90895099E+00
 1.66501588E+00
 1.60139686E+00
 1.53895594E+00
 1.47758024E+00
 1.41717176E+00
 1.35764498E+00
 1.29892487E+00
 1.24094535E+00
 1.18364795E+00
 1.12698069E+00
 1.07089724E+00
 1.01535613E+00
 9.60320090E-01
 9.05755555E-01
 8.51632178E-01
 7.97922450E-01
 7.45093522E-01
 6.92677559E-01
 6.40602850E-01
 5.88850521E-01
 5.37403239E-01
 4.86245055E-01
 4.35361259E-01
 3.84738257E-01
 3.34363462E-01
 2.84224876E-01
 2.34312252E-01
 1.84615214E-01
 1.35124331E-01
 8.58308017E-02
 3.67266001E-02
 2.55907600E-04
 1.17146101E-03
 2.02973521E-03
 2.83337759E-03
 3.58486634E-03
 4.28652397E-03
 4.94052959E-03
 5.54893002E-03
 6.11364992E-03
 6.63650089E-03
 7.11918990E-03
 7.56332686E-03
 7.97043162E-03
 8.34194030E-03
 8.67921112E-03
 8.98352976E-03
 9.25611425E-03
 9.49811949E-03
 9.71064137E-03
 9.89472064E-03
 1.00513464E-02
 1.01814593E-02
 1.02859548E-02
 1.03656855E-02
 1.04214642E-02
 1.04540661E-02
 1.04642307E-02
 1.04526646E-02
 1.04200427E-02
 1.03670103E-02
 1.02941848E-02
 1.02021572E-02
 1.00914934E-02
 9.96273576E-03
 9.81640438E-03
 9.65299807E-03
 9.47299561E-03
 9.27685674E-03
 9.06502316E-03
 8.83791942E-03
 8.59595379E-03
 8.33951903E-03
 8.06899319E-03
 7.78474032E-03
 7.48711109E-03
 7.17644347E-03
 6.85306332E-03
 6.51728493E-03
 6.16941156E-03
 5.80973593E-03
 5.43854073E-03
 5.05609902E-03
 4.66267468E-03
 4.25852280E-03
 3.84389005E-03
 3.41901506E-03
 2.98412877E-03
 2.53945471E-03
 2.08520932E-03
 1.62160228E-03
 1.14883673E-03
 6.67109582E-04
 1.76611728E-04
 6.50693794E-05
 1.76849597E-04
 2.79434983E-04
 3.73013303E-04
 4.57766897E-04
 5.33872890E-04
 6.01503380E-04
 6.60825632E-04
 7.12002245E-04
 7.55191329E-04
 7.90546665E-04
 8.18217856E-04
 8.38350479E-04
 8.51086225E-04
 8.56563032E-04
 8.54915218E-04
 8.46273603E-04
 8.30765628E-04
 8.08515467E-04
 7.79644141E-04
 7.44269617E-04
 7.02506911E-04
 6.54468184E-04
 6.00262837E-04
 5.39997592E-04
 4.73776586E-04
 4.01701448E-04
 3.23871379E-04
 2.40383227E-04
 1.51331559E-04
 5.68087349E-05
 5.17772428E-06
 1.08720189E-05
 2.15898144E-05
 2.70433324E-05
 2.73267762E-05
 2.25226136E-05
 1.27114830E-05
 2.02775429E-06
 1.95717240E-03
 6.01491893E-03
 1.00637967E-02
 1.41039412E-02
 3.76499958E-02
 7.58635885E-02
 1.34977280E-01
 8.69414726E-02
 8.48864470E-05
 1.66554926E-04
 2.17848305E-04
 2.39201182E-04
 2.31038752E-04
 1.93777090E-04
 1.27823411E-04
 3.35763373E-05
 1.11391116E-02
 2.46823156E-02
 3.83061113E-02
 5.20094080E-02
 1.70921429E-01
 3.00222155E-01
 5.40384901E-01
 9.87025025E-01
 9.74135128E-01
 9.61330206E-01
 9.48610155E-01
 9.35974872E-01
 9.23424252E-01
 9.10958191E-01
 8.98576584E-01
 8.86279325E-01
 8.74066309E-01
 8.61937430E-01
 8.49892581E-01
 8.37931656E-01
 8.26054547E-01
 8.14261147E-01
 8.02551348E-01
 7.90925042E-01
 7.79382119E-01
 7.67922471E-01
 7.56545989E-01
 7.45252562E-01
 7.34042081E-01
 7.22914434E-01
 7.11869510E-01
 7.00907199E-01
 6.90027388E-01
 6.79229966E-01
 6.68514818E-01
 6.57881834E-01
 6.47330898E-01
 6.36861898E-01
 6.26474719E-01
 6.16169246E-01
 6.05945364E-01
 5.95802958E-01
 5.85741913E-01
 5.75762111E-01
 5.65863436E-01
 5.56045771E-01
 5.46308998E-01
 5.36652999E-01
 5.27077657E-01
 5.17582852E-01
 5.08168465E-01
 4.98834375E-01
 4.89580464E-01
 4.80406611E-01
 4.71312694E-01
 4.62298593E-01
 4.53364185E-01
 4.44509347E-01
 4.35733958E-01
 4.27037895E-01
 4.18421033E-01
 4.09883248E-01
 4.01424416E-01
 3.93044412E-01
 3.84743110E-01
 3.76520385E-01
 3.68376111E-01
 3.60310159E-01
 3.52322404E-01
 3.44412717E-01
 3.36580971E-01
 3.28827036E-01
 3.21150783E-01
 3.13552084E-01
 3.06030806E-01
 2.98586821E-01
 2.91219997E-01
 2.83930203E-01
 2.76717306E-01
 2.69581174E-01
 2.62521674E-01
 2.55538673E-01
 2.48632036E-01
 2.41801629E-01
 2.35047318E-01
 2.28368966E-01
 2.21766438E-01
 2.15239598E-01
 2.08788307E-01
 2.02412430E-01
 1.96111827E-01
 1.89886361E-01
 1.83735892E-01
 1.77660281E-01
 1.71659388E-01
 1.65733072E-01
 1.59881193E-01
 1.54103608E-01
 1.48400175E-01
 1.42770752E-01
 1.37215196E-01
 1.31733362E-01
 1.26325107E-01
 1.20990286E-01
 1.15728753E-01
 1.10540363E-01
 1.05424969E-01
 1.00382424E-01
 9.54125800E-02
 9.05152897E-02
 8.56904042E-02
 8.09377742E-02
 7.62572500E-02
 7.16486812E-02
 6.71119170E-02
 6.26468058E-02
 5.82531956E-02
 5.39309337E-02
 4.96798670E-02
 4.54998418E-02
 4.13907035E-02
 3.73522974E-02
 3.33844678E-02
 2.94870587E-02
 2.56599132E-02
 2.19028742E-02
 1.82157837E-02
 1.45984832E-02
 1.10508136E-02
 7.57261520E-03
 4.16372762E-03
 8.23989959E-04
 6.20176648E-02
 1.43993464E-01
 2.25154506E-01
 3.05502408E-01
 3.85038798E-01
 4.63765309E-01
 5.41683579E-01
 6.18795252E-01
 6.95101982E-01
 7.70605425E-01
 8.45307245E-01
 9.19209114E-01
 9.92312708E-01
 1.06461971E+00
 1.13613181E+00
 1.20685071E+00
 1.27677811E+00
 1.34591572E+00
 1.41426525E+00
 1.48182843E+00
 1.54860699E+00
 1.61460267E+00
 1.67981720E+00
 1.74425235E+00
 1.80790986E+00
 1.87079150E+00
 1.93289903E+00
 1.99423425E+00
 2.05479893E+00
 2.11459487E+00
 2.17362386E+00
 7.16638999E-01
 2.66310027E+00
 6.00723426E+00
 9.31584224E+00
 1.25890038E+01
 1.58267988E+01
 1.90293074E+01
 2.21966103E+01
 7.56109862E-01
 5.47923806E-01
 3.10180277E-01
 3.84895895E-02
 1.57867056E-01
 3.27494049E-01
 2.49731361E-01
 4.94334737E-02
 5.54849747E-03
 9.41896072E-03
 1.80597597E-01
 1.94841918E-02
 1.83853710E-02
 1.86343205E-02
 1.36079968E-02
 1.46642084E-03
 1.80993424E-02
 3.58628003E-02
 5.27843662E-02
 6.82725357E-02
 8.10878827E-02
 8.81153007E-02
 7.86410341E-02
 3.54211438E-02
 2.11830326E+00
 1.96889266E-01
 1.55558705E-01
 1.32004482E-01
 1.18487076E-01
 1.04611493E-01
 9.05323847E-02
 7.85763791E-02
 7.08257609E-02
 6.17909390E-02
 5.18373824E-02
 4.12022996E-02
 3.00465189E-02
 1.84830716E-02
 6.59383451E-03
 3.89745540E-03
 1.02838539E-02
 1.48326366E-02
 1.78433222E-02
 1.95537237E-02
 2.01551035E-02
 1.98030722E-02
 1.86255630E-02
 1.78757828E-02
 1.70545451E-02
 1.55856664E-02
 1.35434596E-02
 1.09961541E-02
 7.98909517E-03
 4.57448658E-03
 7.93642842E-04
 3.78624587E-03
 7.80881800E-03
 1.12469314E-02
 1.41529378E-02
 1.65733644E-02
 1.85497187E-02
 2.01191646E-02
 2.13150929E-02
 2.21676048E-02
 2.27039247E-02
 2.29487525E-02
 2.29245668E-02
 2.26518868E-02
 2.21494987E-02
 2.14346525E-02
 2.06396394E-02
 2.02813407E-02
 1.97382204E-02
 1.90238599E-02
 1.81508995E-02
 1.71311385E-02
 1.59756234E-02
 1.46947279E-02
 1.32982239E-02
 1.17953466E-02
 1.01948521E-02
 8.50507123E-03
 6.73395801E-03
 4.88913431E-03
 2.97793140E-03
 1.00742850E-03
 7.23829770E-02
 2.15354545E-01
 3.56016815E-01
 4.94456676E-01
 6.30754236E-01
 7.64983214E-01
 8.97211283E-01
 1.02750038E+00
 1.15590695E+00
 1.28248221E+00
 1.40727230E+00
 1.53031848E+00
 1.65165723E+00
 1.77132036E+00
 1.88933505E+00
 2.00572391E+00
 2.12024698E+00
 2.23313169E+00
 2.34443481E+00
 2.45416019E+00
 2.56230673E+00
 2.66886821E+00
 2.77383300E+00
 2.87717570E+00
 2.97837668E+00
 3.07791762E+00
 3.17576167E+00
 3.27181801E+00
 3.36567356E+00
 3.45761636E+00
 3.54726550E+00
 3.67692214E+00
 3.98429210E+00
 4.28743241E+00
 4.58792898E+00
 4.96738544E+00
 8.94771127E+00
 5.35037720E+00
 5.67522290E+00
 5.93700812E+00
 6.18831480E+00
 6.42527918E+00
 6.64885152E+00
 6.86166832E+00
 7.06129233E+00
 7.24998931E+00
 7.41666197E+00
 7.73852514E+00
 8.06634302E+00
 4.54679754E+00
 6.13051136E+00
 8.70455748E+00
 8.93626236E+00
 9.07743346E+00
 9.09180730E+00
 8.23384393E+00
 7.05735353E+00
 7.54502998E+00
 8.25765115E+00
 4.85354356E+00
 1.35629301E+00
 2.70846374E-01
 1.94893988E-01
 1.42656635E+00
 1.57044552E-01
 7.21252160E+00
 2.95845138E+01
 7.31799370E+01
 1.95733433E+03
 1.04069457E+02
 5.50295224E+01
 3.94991302E+01
 3.14589891E+01
 2.63752202E+01
 2.27666824E+01
 2.00361281E+01
 1.78215281E+01
 1.59507390E+01
 1.44219111E+01
 1.34107413E+01
 1.25059433E+01
 1.16831436E+01
 1.09249477E+01
 1.02186068E+01
 9.55456249E+00
 8.92550588E+00
 8.32974458E+00
 7.76483141E+00
 7.22088893E+00
 6.69503784E+00
 6.18491987E+00
 5.68858450E+00
 5.20440389E+00
 4.73100836E+00
 4.42747979E+00
 4.25382777E+00
 4.08397637E+00
 3.91755845E+00
 3.75425519E+00
 3.59378826E+00
 3.43591353E+00
 3.28041591E+00
 3.12710505E+00
 2.97581188E+00
 2.82638560E+00
 2.67869130E+00
 2.53260781E+00
 2.38802599E+00
 2.24484722E+00
 2.10298215E+00
 1.96269318E+00
 1.82359565E+00
 1.68558648E+00
 1.54860397E+00
 1.41259151E+00
 1.27749702E+00
 1.14327252E+00
 1.00987370E+00
 8.77259578E-01
 7.45392038E-01
 6.14235960E-01
 4.83758487E-01
 3.53929043E-01
 2.24719096E-01
 9.61021788E-02
 2.50426621E-04
 1.16192659E-03
 2.01649578E-03
 2.81675730E-03
 3.56516709E-03
 4.26402721E-03
 4.91549796E-03
 5.52160888E-03
 6.08426863E-03
 6.60527410E-03
 7.08631866E-03
 7.52899962E-03
 7.93482515E-03
 8.30522058E-03
 8.64153409E-03
 8.94504203E-03
 9.21695377E-03
 9.45841612E-03
 9.67051748E-03
 9.85429156E-03
 1.00107209E-02
 1.01407402E-02
 1.02452389E-02
 1.03250646E-02
 1.03810249E-02
 1.04138903E-02
 1.04243960E-02
 1.04132444E-02
 1.03811065E-02
 1.03286241E-02
 1.02564111E-02
 1.01650552E-02
 1.00551194E-02
 9.92714321E-03
 9.78164394E-03
 9.61911791E-03
 9.44004151E-03
 9.24487222E-03
 9.03404961E-03
 8.80799622E-03
 8.56711839E-03
 8.31180710E-03
 8.04243869E-03
 7.75937557E-03
 7.46296691E-03
 7.15354922E-03
 6.83144697E-03
 6.49697316E-03
 6.15042980E-03
 5.79210845E-03
 5.42229066E-03
 5.04124845E-03
 4.64924468E-03
 4.24653348E-03
 3.83336062E-03
 3.40996386E-03
 2.97657330E-03
 2.53341169E-03
 2.08069473E-03
 1.61863137E-03
 1.14742409E-03
 6.67269128E-04
 1.78356776E-04
 6.73240580E-05
 1.78975009E-04
 2.81445266E-04
 3.74922004E-04
 4.59587000E-04
 5.35616840E-04
 6.03183108E-04
 6.62452575E-04
 7.13587368E-04
 7.56745146E-04
 7.92079256E-04
 8.19738888E-04
 8.39869222E-04
 8.52611568E-04
 8.58103500E-04
 8.56478986E-04
 8.47868510E-04
 8.32399193E-04
 8.10194900E-04
 7.81376356E-04
 7.46061244E-04
 7.04364308E-04
 6.56397447E-04
 6.02269808E-04
 5.42087875E-04
 4.75955553E-04
 4.03974246E-04
 3.26242941E-04
 2.42858281E-04
 1.53914636E-04
 5.95041732E-05
 2.40467538E-06
 1.36410938E-05
 2.43588712E-05
 2.98159527E-05
 3.01064918E-05
 2.53128030E-05
 1.55153764E-05
 7.92930966E-07
 1.36720683E-03
 4.20205510E-03
 7.02928337E-03
 9.84900807E-03
 3.28778468E-02
 7.11033316E-02
 1.30982180E-01
 8.94484382E-02
 8.14546808E-05
 1.63290534E-04
 2.14688550E-04
 2.36084593E-04
 2.27905091E-04
 1.90567314E-04
 1.24479642E-04
 3.00418289E-05
 7.76894005E-03
 1.72231690E-02
 2.67417684E-02
 3.63238668E-02
 1.54906396E-01
 2.84236004E-01
 5.28425595E-01
 9.87025282E-01
 9.74135638E-01
 9.61330964E-01
 9.48611157E-01
 9.35976113E-01
 9.23425728E-01
 9.10959898E-01
 8.98578516E-01
 8.86281479E-01
 8.74068681E-01
 8.61940014E-01
 8.49895374E-01
 8.37934653E-01
 8.26057744E-01
 8.14264539E-01
 8.02554931E-01
 7.90928811E-01
 7.79386071E-01
 7.67926601E-01
 7.56550293E-01
 7.45257035E-01
 7.34046718E-01
 7.22919232E-01
 7.11874465E-01
 7.00912306E-01
 6.90032643E-01
 6.79235363E-01
 6.68520355E-01
 6.57887506E-01
 6.47336701E-01
 6.36867827E-01
 6.26480770E-01
 6.16175415E-01
 6.05951647E-01
 5.95809351E-01
 5.85748411E-01
 5.75768710E-01
 5.65870132E-01
 5.56052559E-01
 5.46315875E-01
 5.36659961E-01
 5.27084699E-01
 5.17589970E-01
 5.08175655E-01
 4.98841634E-01
 4.89587786E-01
 4.80413993E-01
 4.71320131E-01
 4.62306081E-01
 4.53371720E-01
 4.44516926E-01
 4.35741577E-01
 4.27045548E-01
 4.18428717E-01
 4.09890959E-01
 4.01432150E-01
 3.93052165E-01
 3.84750879E-01
 3.76528165E-01
 3.68383897E-01
 3.60317949E-01
 3.52330193E-01
 3.44420501E-01
 3.36588746E-01
 3.28834798E-01
 3.21158528E-01
 3.13559808E-01
 3.06038506E-01
 2.98594492E-01
 2.91227636E-01
 2.83937805E-01
 2.76724868E-01
 2.69588692E-01
 2.62529144E-01
 2.55546091E-01
 2.48639398E-01
 2.41808932E-01
 2.35054557E-01
 2.28376138E-01
 2.21773539E-01
 2.15246624E-01
 2.08795255E-01
 2.02419295E-01
 1.96118606E-01
 1.89893050E-01
 1.83742487E-01
 1.77666779E-01
 1.71665785E-01
 1.65739364E-01
 1.59887376E-01
 1.54109678E-01
 1.48406130E-01
 1.42776587E-01
 1.37220907E-01
 1.31738947E-01
 1.26330561E-01
 1.20995606E-01
 1.15733935E-01
 1.10545403E-01
 1.05429863E-01
 1.00387169E-01
 9.54171733E-02
 9.05197271E-02
 8.56946820E-02
 8.09418889E-02
 7.62611980E-02
 7.16524590E-02
 6.71155210E-02
 6.26502325E-02
 5.82564415E-02
 5.39339954E-02
 4.96827409E-02
 4.55025244E-02
 4.13931915E-02
 3.73545872E-02
 3.33865560E-02
 2.94889418E-02
 2.56615879E-02
 2.19043370E-02
 1.82170312E-02
 1.45995120E-02
 1.10516204E-02
 7.57319654E-03
 4.16408018E-03
 8.24110389E-04
 6.66330250E-02
 1.54712091E-01
 2.41918638E-01
 3.28254399E-01
 4.13721114E-01
 4.98320529E-01
 5.82054396E-01
 6.64924476E-01
 7.46932534E-01
 8.28080344E-01
 9.08369685E-01
 9.87802346E-01
 1.06638012E+00
 1.14410480E+00
 1.22097821E+00
 1.29700216E+00
 1.37217846E+00
 1.44650894E+00
 1.51999545E+00
 1.59263983E+00
 1.66444392E+00
 1.73540959E+00
 1.80553869E+00
 1.87483310E+00
 1.94329471E+00
 2.01092538E+00
 2.07772703E+00
 2.14370155E+00
 2.20885085E+00
 2.27317685E+00
 2.33668147E+00
 1.46141402E+00
 6.04401696E-01
 2.64852290E+00
 4.67099783E+00
 6.67187491E+00
 8.65120278E+00
 1.06090302E+01
 1.25454063E+01
 3.24194180E+01
 5.94585176E-01
 3.47383852E-01
 6.47519357E-02
 1.41175118E-01
 3.20450391E-01
 2.46789164E-01
 4.86891191E-02
 5.21320471E-03
 8.87854087E-03
 1.86036368E-01
 2.11092656E-02
 1.76100097E-02
 1.79428029E-02
 1.30648914E-02
 1.18100895E-03
 1.76178787E-02
 3.50843217E-02
 5.15989232E-02
 6.65138806E-02
 7.84920692E-02
 8.42522220E-02
 7.30040266E-02
 2.77386213E-02
 3.08754784E+00
 2.09672899E-01
 1.60165951E-01
 1.34081978E-01
 1.19655361E-01
 1.05190766E-01
 9.06918160E-02
 7.85258264E-02
 7.08222608E-02
 6.18051441E-02
 5.18523610E-02
 4.12078928E-02
 3.00364577E-02
 1.84534149E-02
 6.54208104E-03
 3.85364566E-03
 1.02662806E-02
 1.48230995E-02
 1.78283790E-02
 1.95233566E-02
 2.01017953E-02
 1.97211556E-02
 1.85107548E-02
 1.77687706E-02
 1.69737649E-02
 1.55252277E-02
 1.34984542E-02
 1.09625184E-02
 7.96331758E-03
 4.55364076E-03
 7.75245647E-04
 3.77659516E-03
 7.80617167E-03
 1.12479405E-02
 1.41547176E-02
 1.65734244E-02
 1.85459048E-02
 2.01096112E-02
 2.12981825E-02
 2.21419347E-02
 2.26682782E-02
 2.29020754E-02
 2.28659470E-02
 2.25805370E-02
 2.20647417E-02
 2.13359090E-02
 2.05306210E-02
 2.01839374E-02
 1.96514283E-02
 1.89467784E-02
 1.80827221E-02
 1.70711442E-02
 1.59231700E-02
 1.46492456E-02
 1.32592101E-02
 1.17623609E-02
 1.01675126E-02
 8.48305076E-03
 6.71698126E-03
 4.87697529E-03
 2.97041134E-03
 1.00441415E-03
 5.94236132E-02
 1.76783403E-01
 2.92228582E-01
 4.05832157E-01
 5.17661499E-01
 6.27778674E-01
 7.36240733E-01
 8.43099970E-01
 9.48404147E-01
 1.05219669E+00
 1.15451684E+00
 1.25539981E+00
 1.35487688E+00
 1.45297550E+00
 1.54971932E+00
 1.64512825E+00
 1.73895138E+00
 1.83142267E+00
 1.92260043E+00
 2.01248925E+00
 2.10108974E+00
 2.18839831E+00
 2.27440703E+00
 2.35909501E+00
 2.44193128E+00
 2.52342259E+00
 2.60354072E+00
 2.68220330E+00
 2.75899646E+00
 2.83423398E+00
 2.90753978E+00
 3.00311815E+00
 3.19918352E+00
 3.39309139E+00
 3.58657123E+00
 3.86413638E+00
 7.86864557E+00
 4.03817503E+00
 4.26729587E+00
 4.43422976E+00
 4.59358315E+00
 4.74162273E+00
 4.87963696E+00
 5.01070875E+00
 5.13273841E+00
 5.24856220E+00
 5.34730234E+00
 5.55836600E+00
 5.73789574E+00
 1.95951933E+00
 3.46333069E+00
 6.00380349E+00
 6.14752726E+00
 6.22102009E+00
 6.19164538E+00
 5.24069615E+00
 3.99186206E+00
 4.51472699E+00
 5.34433850E+00
 2.10985070E+00
 1.00025501E+00
 1.90951129E+00
 6.23632124E-01
 2.50281430E+00
 2.99196839E+00
 2.20118326E+00
 2.20039881E+01
 5.93569283E+01
 6.06836390E+02
 6.28302977E+01
 3.57295827E+01
 2.63463390E+01
 2.13096375E+01
 1.80647439E+01
 1.57388082E+01
 1.39833732E+01
 1.25550181E+01
 1.13463902E+01
 1.03519342E+01
 9.67175500E+00
 9.06247247E+00
 8.50802670E+00
 7.99690802E+00
 7.52065076E+00
 7.07288815E+00
 6.64873883E+00
 6.24828266E+00
 5.87049808E+00
 5.50685586E+00
 5.15542704E+00
 4.81462946E+00
 4.48315274E+00
 4.15990196E+00
 3.84395487E+00
 3.62681699E+00
 3.48537511E+00
 3.34693574E+00
 3.21121104E+00
 3.07795082E+00
 2.94693651E+00
 2.81797625E+00
 2.69090086E+00
 2.56556055E+00
 2.44182215E+00
 2.31956686E+00
 2.19868828E+00
 2.07909081E+00
 1.96068832E+00
 1.84340290E+00
 1.72716395E+00
 1.61210229E+00
 1.49798308E+00
 1.38473269E+00
 1.27230223E+00
 1.16064683E+00
 1.04972520E+00
 9.39499268E-01
 8.29933870E-01
 7.20996459E-01
 6.12656686E-01
 5.04886792E-01
 3.97660589E-01
 2.90953759E-01
 1.84743604E-01
 7.90090990E-02
 2.44140376E-04
 1.15165316E-03
 2.00257941E-03
 2.79951833E-03
 3.54490385E-03
 4.24101790E-03
 4.89000223E-03
 5.49386927E-03
 6.05451196E-03
 6.57371263E-03
 7.05315121E-03
 7.49441257E-03
 7.89899339E-03
 8.26830829E-03
 8.60369554E-03
 8.90642228E-03
 9.17768931E-03
 9.41863547E-03
 9.63034173E-03
 9.81383488E-03
 9.97009100E-03
 1.01000386E-02
 1.02045618E-02
 1.02845026E-02
 1.03406637E-02
 1.03738111E-02
 1.03846756E-02
 1.03739555E-02
 1.03423180E-02
 1.02904012E-02
 1.02188157E-02
 1.01281460E-02
 1.00189521E-02
 9.89177065E-03
 9.74711637E-03
 9.58548303E-03
 9.40734466E-03
 9.21315650E-03
 9.00335601E-03
 8.77836371E-03
 8.53858409E-03
 8.28440632E-03
 8.01620505E-03
 7.73434111E-03
 7.43916212E-03
 7.13100317E-03
 6.81018738E-03
 6.47702643E-03
 6.13182112E-03
 5.77486184E-03
 5.40642905E-03
 5.02679369E-03
 4.63621764E-03
 4.23495407E-03
 3.82324786E-03
 3.40133589E-03
 2.96944746E-03
 2.52780452E-03
 2.07662205E-03
 1.61610828E-03
 1.14646502E-03
 6.67887863E-04
 1.80566487E-04
 7.00479884E-05
 1.81573680E-04
 2.83932689E-04
 3.77311605E-04
 4.61891648E-04
 5.37848869E-04
 6.05354341E-04
 6.64574345E-04
 7.15670542E-04
 7.58800141E-04
 7.94116062E-04
 8.21767083E-04
 8.41897989E-04
 8.54649714E-04
 8.60159471E-04
 8.58560880E-04
 8.49984094E-04
 8.34555913E-04
 8.12399898E-04
 7.83636479E-04
 7.48383058E-04
 7.06754108E-04
 6.58861269E-04
 6.04813439E-04
 5.44716862E-04
 4.78675211E-04
 4.06789671E-04
 3.29159017E-04
 2.45879686E-04
 1.57045853E-04
 6.27494958E-05
 9.19916502E-07
 1.69632379E-05
 2.76824823E-05
 3.31445711E-05
 3.34436105E-05
 2.86617623E-05
 1.88793697E-05
 4.17501053E-06
 7.77505502E-04
 2.38884255E-03
 3.99381095E-03
 5.59250803E-03
 2.81038642E-02
 6.63412304E-02
 1.26985587E-01
 9.19569011E-02
 7.73118365E-05
 1.59315404E-04
 2.10818297E-04
 2.32257653E-04
 2.24061131E-04
 1.86647203E-04
 1.20425416E-04
 2.57966575E-05
 4.39626242E-03
 9.75758222E-03
 1.51669980E-02
 2.06238582E-02
 1.38876423E-01
 2.68234778E-01
 5.16454915E-01
 9.87025539E-01
 9.74136148E-01
 9.61331723E-01
 9.48612160E-01
 9.35977355E-01
 9.23427205E-01
 9.10961605E-01
 8.98580450E-01
 8.86283635E-01
 8.74071054E-01
 8.61942600E-01
 8.49898168E-01
 8.37937652E-01
 8.26060942E-01
 8.14267933E-01
 8.02558516E-01
 7.90932583E-01
 7.79390025E-01
 7.67930733E-01
 7.56554598E-01
 7.45261510E-01
 7.34051358E-01
 7.22924033E-01
 7.11879422E-01
 7.00917415E-01
 6.90037900E-01
 6.79240764E-01
 6.68525895E-01
 6.57893180E-01
 6.47342506E-01
 6.36873759E-01
 6.26486824E-01
 6.16181587E-01
 6.05957933E-01
 5.95815747E-01
 5.85754912E-01
 5.75775312E-01
 5.65876831E-01
 5.56059352E-01
 5.46322756E-01
 5.36666927E-01
 5.27091745E-01
 5.17597092E-01
 5.08182849E-01
 4.98848896E-01
 4.89595112E-01
 4.80421378E-01
 4.71327573E-01
 4.62313574E-01
 4.53379261E-01
 4.44524510E-01
 4.35749200E-01
 4.27053207E-01
 4.18436407E-01
 4.09898676E-01
 4.01439890E-01
 3.93059924E-01
 3.84758653E-01
 3.76535950E-01
 3.68391689E-01
 3.60325744E-01
 3.52337987E-01
 3.44428290E-01
 3.36596526E-01
 3.28842566E-01
 3.21166279E-01
 3.13567538E-01
 3.06046212E-01
 2.98602170E-01
 2.91235281E-01
 2.83945414E-01
 2.76732436E-01
 2.69596216E-01
 2.62536620E-01
 2.55553515E-01
 2.48646767E-01
 2.41816241E-01
 2.35061803E-01
 2.28383317E-01
 2.21780647E-01
 2.15253657E-01
 2.08802209E-01
 2.02426167E-01
 1.96125392E-01
 1.89899746E-01
 1.83749090E-01
 1.77673284E-01
 1.71672189E-01
 1.65745663E-01
 1.59893566E-01
 1.54115757E-01
 1.48412092E-01
 1.42782430E-01
 1.37226627E-01
 1.31744539E-01
 1.26336023E-01
 1.21000933E-01
 1.15739125E-01
 1.10550451E-01
 1.05434767E-01
 1.00391924E-01
 9.54217753E-02
 9.05241732E-02
 8.56989686E-02
 8.09460124E-02
 7.62651549E-02
 7.16562458E-02
 6.71191341E-02
 6.26536684E-02
 5.82596967E-02
 5.39370664E-02
 4.96856242E-02
 4.55052165E-02
 4.13956889E-02
 3.73568865E-02
 3.33886538E-02
 2.94908346E-02
 2.56632723E-02
 2.19058096E-02
 1.82182886E-02
 1.46005509E-02
 1.10524372E-02
 7.57378800E-03
 4.16444294E-03
 8.24241088E-04
 7.12490526E-02
 1.65432286E-01
 2.58685237E-01
 3.51009753E-01
 4.42407686E-01
 5.32880896E-01
 6.22431249E-01
 7.11060619E-01
 7.98770888E-01
 8.85563945E-01
 9.71441685E-01
 1.05640601E+00
 1.14045883E+00
 1.22360207E+00
 1.30583765E+00
 1.38716750E+00
 1.46759357E+00
 1.54711779E+00
 1.62574214E+00
 1.70346856E+00
 1.78029903E+00
 1.85623553E+00
 1.93128005E+00
 2.00543457E+00
 2.07870111E+00
 2.15108166E+00
 2.22257826E+00
 2.29319291E+00
 2.36292766E+00
 2.43178454E+00
 2.49976561E+00
 2.20631085E+00
 1.45463493E+00
 7.10742090E-01
 2.53848990E-02
 7.53763312E-01
 1.47441050E+00
 2.18734387E+00
 2.89258092E+00
 2.35916379E+01
 6.40610082E-01
 3.84083376E-01
 9.06632311E-02
 1.24696438E-01
 3.13473870E-01
 2.43854529E-01
 4.79235437E-02
 4.85094671E-03
 8.31426958E-03
 1.91399184E-01
 2.27361790E-02
 1.68138041E-02
 1.72278946E-02
 1.24939169E-02
 8.59565051E-04
 1.71027838E-02
 3.42785130E-02
 5.03986699E-02
 6.47654982E-02
 7.59594220E-02
 8.05747949E-02
 6.78661190E-02
 2.16703082E-02
 5.49726185E+00
 2.24644978E-01
 1.65123727E-01
 1.36228476E-01
 1.20830827E-01
 1.05752884E-01
 9.08236257E-02
 7.84462619E-02
 7.07951026E-02
 6.17991842E-02
 5.18496210E-02
 4.11975794E-02
 3.00118933E-02
 1.84103811E-02
 6.47787996E-03
 3.79865713E-03
 1.02389217E-02
 1.48047799E-02
 1.78053873E-02
 1.94854861E-02
 2.00413951E-02
 1.96324624E-02
 1.83894156E-02
 1.76557537E-02
 1.68875857E-02
 1.54598976E-02
 1.34538622E-02
 1.09247849E-02
 7.93375459E-03
 4.52927911E-03
 7.53566773E-04
 3.76393229E-03
 7.80075601E-03
 1.12463871E-02
 1.41541116E-02
 1.65712502E-02
 1.85399875E-02
 2.00980676E-02
 2.12793804E-02
 2.21144589E-02
 2.26309018E-02
 2.28537353E-02
 2.28057237E-02
 2.25076370E-02
 2.19784828E-02
 2.12357072E-02
 2.04201981E-02
 2.00852488E-02
 1.95634614E-02
 1.88686248E-02
 1.80135681E-02
 1.70102628E-02
 1.58699137E-02
 1.46030399E-02
 1.32195483E-02
 1.17287992E-02
 1.01396659E-02
 8.46058947E-03
 6.69962795E-03
 4.86450229E-03
 2.96263860E-03
 1.00120748E-03
 1.43418862E-02
 4.26214910E-02
 7.03838379E-02
 9.76524062E-02
 1.24449169E-01
 1.50794699E-01
 1.76708268E-01
 2.02207932E-01
 2.27310611E-01
 2.52032162E-01
 2.76387446E-01
 3.00390384E-01
 3.24054013E-01
 3.47390532E-01
 3.70411345E-01
 3.93127102E-01
 4.15271608E-01
 4.37083219E-01
 4.58621939E-01
 4.79895653E-01
 5.00911628E-01
 5.21676533E-01
 5.42196439E-01
 5.62468207E-01
 5.81965836E-01
 6.01240977E-01
 6.20297406E-01
 6.39088689E-01
 6.57232036E-01
 6.75103765E-01
 6.92374911E-01
 7.15196620E-01
 7.62343316E-01
 8.10561365E-01
 8.61797674E-01
 1.00355860E+00
 4.99967952E+00
 9.05170111E-01
 1.00923683E+00
 1.05378730E+00
 1.09562008E+00
 1.13132830E+00
 1.16276655E+00
 1.19373038E+00
 1.22277105E+00
 1.25366535E+00
 1.27619694E+00
 1.37265822E+00
 1.40528261E+00
 2.62387857E+00
 1.18609398E+00
 1.34233402E+00
 1.42980432E+00
 1.47896521E+00
 1.46342077E+00
 4.96184316E-01
 7.24643282E-01
 3.82669749E-02
 1.07456942E+00
 1.76255198E+00
 4.17478082E+00
 3.93705001E+00
 8.20769020E-01
 4.64480475E+00
 8.14784706E+00
 7.29920701E+00
 5.29128946E+00
 1.79767949E+01
 6.27273809E+01
 1.37963153E+01
 8.11252713E+00
 6.13674306E+00
 5.01672819E+00
 4.26373915E+00
 3.70927122E+00
 3.31138890E+00
 2.97962333E+00
 2.69265433E+00
 2.45533593E+00
 2.30199584E+00
 2.16208124E+00
 2.03259787E+00
 1.91139066E+00
 1.79686863E+00
 1.68783137E+00
 1.58335582E+00
 1.48649938E+00
 1.39862765E+00
 1.31333549E+00
 1.23027862E+00
 1.14917410E+00
 1.06978713E+00
 9.91921146E-01
 9.15410276E-01
 8.64518788E-01
 8.33194815E-01
 8.02263299E-01
 7.71688791E-01
 7.41440395E-01
 7.11491041E-01
 6.81816901E-01
 6.52396902E-01
 6.23212326E-01
 5.94246485E-01
 5.65484436E-01
 5.36912756E-01
 5.08519345E-01
 4.80293258E-01
 4.52224563E-01
 4.24304225E-01
 3.96570431E-01
 3.68973653E-01
 3.41502171E-01
 3.14149637E-01
 2.86910204E-01
 2.59778469E-01
 2.32749428E-01
 2.05818440E-01
 1.78981191E-01
 1.52233306E-01
 1.25571717E-01
 9.89926151E-02
 7.24927093E-02
 4.60689200E-02
 1.97185644E-02
 2.37058863E-04
 1.14065000E-03
 1.98799476E-03
 2.78166869E-03
 3.52408413E-03
 4.21750304E-03
 4.86404892E-03
 5.46571731E-03
 6.02438560E-03
 6.54182180E-03
 7.01969252E-03
 7.45957040E-03
 7.86294070E-03
 8.23120750E-03
 8.56569928E-03
 8.86767409E-03
 9.13832424E-03
 9.37878071E-03
 9.59011710E-03
 9.77335336E-03
 9.92945918E-03
 1.00593571E-02
 1.01639256E-02
 1.02440015E-02
 1.03003827E-02
 1.03338305E-02
 1.03450714E-02
 1.03347996E-02
 1.03036786E-02
 1.02523430E-02
 1.01813999E-02
 1.00914307E-02
 9.98299254E-03
 9.85661919E-03
 9.71282271E-03
 9.55209441E-03
 9.37490596E-03
 9.18171041E-03
 8.97294311E-03
 8.74902262E-03
 8.51035154E-03
 8.25731729E-03
 7.99029284E-03
 7.70963742E-03
 7.41569717E-03
 7.10880575E-03
 6.78928492E-03
 6.45744508E-03
 6.11358583E-03
 5.75799639E-03
 5.39095612E-03
 5.01273494E-03
 4.62359372E-03
 4.22378470E-03
 3.81355186E-03
 3.39313123E-03
 2.96275129E-03
 2.52263323E-03
 2.07299129E-03
 1.61403299E-03
 1.14595948E-03
 6.68965723E-04
 1.83240777E-04
 7.32410667E-05
 1.84645488E-04
 2.86897112E-04
 3.80181951E-04
 4.64680670E-04
 5.40568790E-04
 6.08016878E-04
 6.67190729E-04
 7.18251540E-04
 7.61356077E-04
 7.96656832E-04
 8.24302177E-04
 8.44436507E-04
 8.57200381E-04
 8.62730652E-04
 8.61160598E-04
 8.52620041E-04
 8.37235466E-04
 8.15130129E-04
 7.86424170E-04
 7.51234711E-04
 7.09675956E-04
 6.61859289E-04
 6.07893359E-04
 5.47884172E-04
 4.81935175E-04
 4.10147333E-04
 3.32619209E-04
 2.49447039E-04
 1.60724801E-04
 6.65442879E-05
 4.79563125E-06
 2.08380260E-05
 3.15602180E-05
 3.70287534E-05
 3.73376932E-05
 3.25690477E-05
 2.28030150E-05
 8.11803239E-06
 1.88068732E-04
 5.75283226E-04
 9.57382955E-04
 1.33444618E-03
 2.33280540E-02
 6.15772908E-02
 1.22987506E-01
 9.44668594E-02
 7.24582485E-05
 1.54629868E-04
 2.06237880E-04
 2.27720692E-04
 2.19507204E-04
 1.82017089E-04
 1.15661064E-04
 2.08411521E-05
 1.02108101E-03
 2.28556067E-03
 3.58180817E-03
 4.90939325E-03
 1.22831519E-01
 2.52218488E-01
 5.04472867E-01
 9.87025795E-01
 9.74136654E-01
 9.61332475E-01
 9.48613154E-01
 9.35978587E-01
 9.23428670E-01
 9.10963299E-01
 8.98582368E-01
 8.86285772E-01
 8.74073406E-01
 8.61945164E-01
 8.49900939E-01
 8.37940624E-01
 8.26064113E-01
 8.14271297E-01
 8.02562069E-01
 7.90936321E-01
 7.79393944E-01
 7.67934828E-01
 7.56558865E-01
 7.45265944E-01
 7.34055956E-01
 7.22928789E-01
 7.11884333E-01
 7.00922477E-01
 6.90043107E-01
 6.79246114E-01
 6.68531383E-01
 6.57898801E-01
 6.47348256E-01
 6.36879634E-01
 6.26492820E-01
 6.16187699E-01
 6.05964157E-01
 5.95822079E-01
 5.85761348E-01
 5.75781848E-01
 5.65883462E-01
 5.56066074E-01
 5.46329566E-01
 5.36673819E-01
 5.27098717E-01
 5.17604138E-01
 5.08189966E-01
 4.98856079E-01
 4.89602358E-01
 4.80428682E-01
 4.71334931E-01
 4.62320983E-01
 4.53386715E-01
 4.44532007E-01
 4.35756734E-01
 4.27060775E-01
 4.18444005E-01
 4.09906300E-01
 4.01447536E-01
 3.93067588E-01
 3.84766330E-01
 3.76543637E-01
 3.68399382E-01
 3.60333439E-01
 3.52345679E-01
 3.44435977E-01
 3.36604202E-01
 3.28850228E-01
 3.21173924E-01
 3.13575161E-01
 3.06053809E-01
 2.98609737E-01
 2.91242814E-01
 2.83952910E-01
 2.76739891E-01
 2.69603626E-01
 2.62543981E-01
 2.55560823E-01
 2.48654018E-01
 2.41823432E-01
 2.35068929E-01
 2.28390375E-01
 2.21787633E-01
 2.15260567E-01
 2.08809040E-01
 2.02432914E-01
 1.96132052E-01
 1.89906316E-01
 1.83755565E-01
 1.77679661E-01
 1.71678463E-01
 1.65751832E-01
 1.59899626E-01
 1.54121703E-01
 1.48417921E-01
 1.42788139E-01
 1.37232212E-01
 1.31749996E-01
 1.26341348E-01
 1.21006124E-01
 1.15744176E-01
 1.10555360E-01
 1.05439530E-01
 1.00396538E-01
 9.54262361E-02
 9.05284773E-02
 8.57031125E-02
 8.09499925E-02
 7.62689677E-02
 7.16598877E-02
 6.71226017E-02
 6.26569581E-02
 5.82628050E-02
 5.39399899E-02
 4.96883594E-02
 4.55077599E-02
 4.13980370E-02
 3.73590359E-02
 3.33906011E-02
 2.94925763E-02
 2.56648051E-02
 2.19071300E-02
 1.82193933E-02
 1.46014364E-02
 1.10531002E-02
 7.57422515E-03
 4.16465087E-03
 8.24216481E-04
 7.11101671E-02
 1.65109676E-01
 2.58180693E-01
 3.50325060E-01
 4.41544626E-01
 5.31841246E-01
 6.21216785E-01
 7.09673112E-01
 7.97212105E-01
 8.83835650E-01
 9.69545639E-01
 1.05434397E+00
 1.13823255E+00
 1.22121330E+00
 1.30328813E+00
 1.38445898E+00
 1.46472777E+00
 1.54409647E+00
 1.62256701E+00
 1.70014136E+00
 1.77682148E+00
 1.85260935E+00
 1.92750695E+00
 2.00151627E+00
 2.07463931E+00
 2.14687808E+00
 2.21823458E+00
 2.28871084E+00
 2.35830888E+00
 2.42703075E+00
 2.49487849E+00
 2.38569865E+00
 2.05220684E+00
 1.72207418E+00
 1.39529333E+00
 1.07185690E+00
 7.51757495E-01
 4.34987671E-01
 1.21539965E-01
 2.03764273E+01
 6.64179807E-01
 4.11738261E-01
 1.23023896E-01
 9.81790762E-02
 2.99085034E-01
 2.36707148E-01
 4.67507983E-02
 5.01580513E-03
 8.29935079E-03
 1.96094638E-01
 2.37496492E-02
 1.66366306E-02
 1.71562084E-02
 1.25917924E-02
 1.23348100E-03
 1.73536114E-02
 3.43323369E-02
 5.01849757E-02
 6.41860540E-02
 7.48799926E-02
 7.88489692E-02
 6.57144675E-02
 2.16635677E-02
 2.20489359E+01
 2.46945386E-01
 1.72707216E-01
 1.39904945E-01
 1.23079739E-01
 1.07127344E-01
 9.15987319E-02
 7.88946531E-02
 7.12151764E-02
 6.21761828E-02
 5.21773810E-02
 4.14740497E-02
 3.02370313E-02
 1.85851157E-02
 6.60358258E-03
 3.91344655E-03
 1.03680123E-02
 1.49307597E-02
 1.79155847E-02
 1.95706099E-02
 2.00945996E-02
 1.96486937E-02
 1.83649471E-02
 1.76324439E-02
 1.68845606E-02
 1.54715349E-02
 1.34755583E-02
 1.09526127E-02
 7.96447497E-03
 4.56017308E-03
 7.82344008E-04
 3.79896333E-03
 7.84078973E-03
 1.12881193E-02
 1.41947042E-02
 1.66082603E-02
 1.85713086E-02
 2.01218812E-02
 2.12941154E-02
 2.21187575E-02
 2.26235914E-02
 2.28338041E-02
 2.27723006E-02
 2.24599742E-02
 2.19159410E-02
 2.11577436E-02
 2.03305865E-02
 2.00060505E-02
 1.94936918E-02
 1.88074024E-02
 1.79601054E-02
 1.69638577E-02
 1.58299425E-02
 1.45689512E-02
 1.31908574E-02
 1.17050837E-02
 1.01205616E-02
 8.44578651E-03
 6.68886832E-03
 4.85757711E-03
 2.95938609E-03
 1.00151129E-03
 1.66724455E-01
 4.96080229E-01
 8.20157621E-01
 1.13914946E+00
 1.45323290E+00
 1.76257026E+00
 2.06730985E+00
 2.36758658E+00
 2.66352257E+00
 2.95522762E+00
 3.24279965E+00
 3.52632498E+00
 3.80587863E+00
 4.08152441E+00
 4.35331511E+00
 4.62129241E+00
 4.88520169E+00
 5.14529888E+00
 5.40164485E+00
 5.65423540E+00
 5.90305398E+00
 6.14807115E+00
 6.38924385E+00
 6.62650564E+00
 6.85923528E+00
 7.08790836E+00
 7.31241715E+00
 7.53258297E+00
 7.74785874E+00
 7.95845788E+00
 8.16383955E+00
 8.39182827E+00
 8.73276221E+00
 9.06746449E+00
 9.39753150E+00
 9.81280698E+00
 1.41972770E+01
 1.02222434E+01
 1.05703139E+01
 1.08460069E+01
 1.11069728E+01
 1.13485767E+01
 1.15714275E+01
 1.17779131E+01
 1.19647426E+01
 1.21336857E+01
 1.22716832E+01
 1.24956047E+01
 1.26535901E+01
 8.59272639E+00
 1.01199050E+01
 1.27171868E+01
 1.27427221E+01
 1.26580884E+01
 1.24210220E+01
 1.11673483E+01
 9.54240699E+00
 9.68326021E+00
 1.00097051E+01
 6.09848654E+00
 2.23454137E+00
 4.52444516E-01
 6.90324992E-01
 1.57589063E+00
 1.82415413E+00
 1.45882693E+01
 5.41671993E+01
 1.79656529E+02
 3.19063579E+02
 1.02495902E+02
 6.59363682E+01
 5.09613205E+01
 4.25041365E+01
 3.69430263E+01
 3.29282121E+01
 2.98729615E+01
 2.74017978E+01
 2.53288991E+01
 2.35856945E+01
 2.22076155E+01
 2.09780142E+01
 1.98639656E+01
 1.88416828E+01
 1.78935505E+01
 1.70062429E+01
 1.61694912E+01
 1.53789129E+01
 1.46299975E+01
 1.39118457E+01
 1.32203003E+01
 1.25519423E+01
 1.19039330E+01
 1.12738954E+01
 1.06598231E+01
 1.01660845E+01
 9.76545908E+00
 9.37380242E+00
 8.99026033E+00
 8.61408937E+00
 8.24463924E+00
 7.88133847E+00
 7.52368260E+00
 7.17122457E+00
 6.82356659E+00
 6.48035342E+00
 6.14126676E+00
 5.80602041E+00
 5.47435627E+00
 5.14604088E+00
 4.82086247E+00
 4.49862844E+00
 4.17916316E+00
 3.86230607E+00
 3.54791010E+00
 3.23584017E+00
 2.92597197E+00
 2.61819090E+00
 2.31239103E+00
 2.00847434E+00
 1.70635020E+00
 1.40593344E+00
 1.10714584E+00
 8.09914164E-01
 5.14170020E-01
 2.19849627E-01
 2.41218679E-04
 1.14060313E-03
 1.98407946E-03
 2.77419988E-03
 3.51335524E-03
 4.20378783E-03
 4.84760297E-03
 5.44677951E-03
 6.00317944E-03
 6.51855649E-03
 6.99456415E-03
 7.43276284E-03
 7.83462655E-03
 8.20154888E-03
 8.53484858E-03
 8.83577466E-03
 9.10551102E-03
 9.34518080E-03
 9.55585030E-03
 9.73853267E-03
 9.89419123E-03
 1.00237426E-02
 1.01280597E-02
 1.02079741E-02
 1.02642789E-02
 1.02977306E-02
 1.03090518E-02
 1.02989325E-02
 1.02680323E-02
 1.02169824E-02
 1.01463866E-02
 1.00568231E-02
 9.94884594E-03
 9.82298627E-03
 9.67975347E-03
 9.51963638E-03
 9.34310433E-03
 9.15060815E-03
 8.94258111E-03
 8.71943979E-03
 8.48158492E-03
 8.22940215E-03
 7.96326278E-03
 7.68352447E-03
 7.39053183E-03
 7.08461711E-03
 6.76610073E-03
 6.43529179E-03
 6.09248869E-03
 5.73797948E-03
 5.37204243E-03
 4.99494642E-03
 4.60695131E-03
 4.20830842E-03
 3.79926081E-03
 3.38004368E-03
 2.95088468E-03
 2.51200424E-03
 2.06361583E-03
 1.60592630E-03
 1.13913611E-03
 6.63439595E-04
 1.79025196E-04
 6.94134019E-05
 1.80658471E-04
 2.82764504E-04
 3.75916939E-04
 4.60295891E-04
 5.36076355E-04
 6.03428397E-04
 6.62517331E-04
 7.13503893E-04
 7.56544408E-04
 7.91790947E-04
 8.19391477E-04
 8.39490006E-04
 8.52226721E-04
 8.57738121E-04
 8.56157142E-04
 8.47613279E-04
 8.32232703E-04
 8.10138370E-04
 7.81450129E-04
 7.46284826E-04
 7.04756401E-04
 6.56975979E-04
 6.03051965E-04
 5.43090131E-04
 4.77193695E-04
 4.05463406E-04
 3.27997617E-04
 2.44892363E-04
 1.56241430E-04
 6.21364239E-05
 4.34557448E-07
 1.64555814E-05
 2.71510255E-05
 3.26146261E-05
 3.29128359E-05
 2.81367045E-05
 1.83662852E-05
 3.67987666E-06
 1.87168036E-06
 2.66592813E-06
 2.48289182E-06
 2.34857369E-06
 2.13536624E-02
 5.87730657E-02
 1.20108640E-01
 9.65768748E-02
 7.81833682E-05
 1.60522190E-04
 2.12234016E-04
 2.33758536E-04
 2.25525896E-04
 1.87956977E-04
 1.21463674E-04
 2.64491576E-05
 4.14986747E-05
 5.81109527E-05
 4.80331153E-05
 1.16267507E-05
 1.15258445E-01
 2.41856009E-01
 4.95319360E-01
 9.87026049E-01
 9.74137158E-01
 9.61333225E-01
 9.48614145E-01
 9.35979814E-01
 9.23430130E-01
 9.10964986E-01
 8.98584279E-01
 8.86287902E-01
 8.74075751E-01
 8.61947719E-01
 8.49903699E-01
 8.37943586E-01
 8.26067272E-01
 8.14274649E-01
 8.02565610E-01
 7.90940045E-01
 7.79397848E-01
 7.67938908E-01
 7.56563115E-01
 7.45270362E-01
 7.34060536E-01
 7.22933527E-01
 7.11889225E-01
 7.00927518E-01
 6.90048294E-01
 6.79251442E-01
 6.68536848E-01
 6.57904399E-01
 6.47353982E-01
 6.36885484E-01
 6.26498790E-01
 6.16193785E-01
 6.05970355E-01
 5.95828384E-01
 5.85767756E-01
 5.75788355E-01
 5.65890064E-01
 5.56072767E-01
 5.46336345E-01
 5.36680681E-01
 5.27105656E-01
 5.17611152E-01
 5.08197050E-01
 4.98863229E-01
 4.89609570E-01
 4.80435952E-01
 4.71342254E-01
 4.62328355E-01
 4.53394133E-01
 4.44539466E-01
 4.35764231E-01
 4.27068304E-01
 4.18451564E-01
 4.09913884E-01
 4.01455141E-01
 3.93075210E-01
 3.84773966E-01
 3.76551282E-01
 3.68407033E-01
 3.60341090E-01
 3.52353329E-01
 3.44443619E-01
 3.36611834E-01
 3.28857845E-01
 3.21181523E-01
 3.13582737E-01
 3.06061359E-01
 2.98617257E-01
 2.91250301E-01
 2.83960358E-01
 2.76747298E-01
 2.69610987E-01
 2.62551292E-01
 2.55568081E-01
 2.48661219E-01
 2.41830572E-01
 2.35076004E-01
 2.28397382E-01
 2.21794567E-01
 2.15267425E-01
 2.08815818E-01
 2.02439609E-01
 1.96138659E-01
 1.89912831E-01
 1.83761986E-01
 1.77685983E-01
 1.71684683E-01
 1.65757945E-01
 1.59905629E-01
 1.54127593E-01
 1.48423694E-01
 1.42793791E-01
 1.37237739E-01
 1.31755396E-01
 1.26346616E-01
 1.21011256E-01
 1.15749170E-01
 1.10560211E-01
 1.05444234E-01
 1.00401092E-01
 9.54306373E-02
 9.05327215E-02
 8.57071962E-02
 8.09539122E-02
 7.62727198E-02
 7.16634687E-02
 6.71260080E-02
 6.26601864E-02
 5.82658516E-02
 5.39428513E-02
 4.96910323E-02
 4.55102408E-02
 4.14003224E-02
 3.73611224E-02
 3.33924852E-02
 2.94942547E-02
 2.56662742E-02
 2.19083866E-02
 1.82204339E-02
 1.46022576E-02
 1.10536988E-02
 7.57459764E-03
 4.16479397E-03
 8.24126851E-04
 6.88094635E-02
 1.59766468E-01
 2.49823840E-01
 3.38983365E-01
 4.27246835E-01
 5.14616051E-01
 6.01092817E-01
 6.86678948E-01
 7.71376264E-01
 8.55186591E-01
 9.38111765E-01
 1.02015363E+00
 1.10131402E+00
 1.18159481E+00
 1.26099786E+00
 1.33952503E+00
 1.41717820E+00
 1.49395925E+00
 1.56987009E+00
 1.64491261E+00
 1.71908870E+00
 1.79240030E+00
 1.86484932E+00
 1.93643769E+00
 2.00716734E+00
 2.07704023E+00
 2.14605829E+00
 2.21422350E+00
 2.28153782E+00
 2.34800321E+00
 2.41362168E+00
 2.30798979E+00
 1.98536646E+00
 1.66599108E+00
 1.34985654E+00
 1.03695570E+00
 7.27281409E-01
 4.20826475E-01
 1.17583685E-01
 1.97127342E+01
 6.77580445E-01
 4.35165579E-01
 1.58012677E-01
 6.73798212E-02
 2.81502193E-01
 2.27730760E-01
 4.53897590E-02
 5.39467171E-03
 8.50922186E-03
 2.00461798E-01
 2.45003873E-02
 1.67135304E-02
 1.73464275E-02
 1.29586608E-02
 1.88147222E-03
 1.79068941E-02
 3.47272252E-02
 5.03653072E-02
 6.40776100E-02
 7.43921430E-02
 7.79223315E-02
 6.47443299E-02
 2.34202360E-02
 1.18616471E+01
 2.76398406E-01
 1.82070956E-01
 1.44453455E-01
 1.25889753E-01
 1.08901822E-01
 9.26766731E-02
 7.95846429E-02
 7.18384107E-02
 6.27258508E-02
 5.26530505E-02
 4.18779072E-02
 3.05722415E-02
 1.88550861E-02
 6.81163531E-03
 4.10163278E-03
 1.05648702E-02
 1.51192521E-02
 1.80834091E-02
 1.97088237E-02
 2.01966794E-02
 1.97098797E-02
 1.83817796E-02
 1.76473631E-02
 1.69170294E-02
 1.55160541E-02
 1.35276411E-02
 1.10084413E-02
 8.02091336E-03
 4.61459812E-03
 8.32554813E-04
 3.85429257E-03
 7.90021198E-03
 1.13483492E-02
 1.42529237E-02
 1.66620471E-02
 1.86185775E-02
 2.01608346E-02
 2.13232030E-02
 2.21366421E-02
 2.26291201E-02
 2.28259846E-02
 2.27502804E-02
 2.24230236E-02
 2.18634383E-02
 2.10891626E-02
 2.02497309E-02
 1.99350665E-02
 1.94316033E-02
 1.87533363E-02
 1.79132823E-02
 1.69235838E-02
 1.57956024E-02
 1.45400017E-02
 1.31668220E-02
 1.16855480E-02
 1.01051692E-02
 8.43423566E-03
 6.68090881E-03
 4.85300790E-03
 2.95805319E-03
 1.00330614E-03
 4.09315739E-01
 1.21795000E+00
 2.01368639E+00
 2.79698918E+00
 3.56828413E+00
 4.32796063E+00
 5.07637352E+00
 5.81384474E+00
 6.54066462E+00
 7.25709313E+00
 7.96336078E+00
 8.65966936E+00
 9.34619254E+00
 1.00230762E+01
 1.06904385E+01
 1.13483701E+01
 1.19966393E+01
 1.26355245E+01
 1.32650857E+01
 1.38852978E+01
 1.44961047E+01
 1.50974173E+01
 1.56891116E+01
 1.62710178E+01
 1.68423698E+01
 1.74035078E+01
 1.79541419E+01
 1.84938789E+01
 1.90219115E+01
 1.95381799E+01
 2.00418045E+01
 2.06003392E+01
 2.14352256E+01
 2.22516013E+01
 2.30504334E+01
 2.39235797E+01
 2.88747308E+01
 2.51912892E+01
 2.59485262E+01
 2.66130831E+01
 2.72427963E+01
 2.78310293E+01
 2.83762411E+01
 2.88783494E+01
 2.93309686E+01
 2.97323733E+01
 3.00648854E+01
 3.05165641E+01
 3.09119093E+01
 2.69054227E+01
 2.85757876E+01
 3.12581404E+01
 3.11945462E+01
 3.08960711E+01
 3.02927688E+01
 2.85806503E+01
 2.62909798E+01
 2.54782998E+01
 2.44158377E+01
 1.86004463E+01
 1.20774587E+01
 6.48560476E+00
 1.14051287E+00
 6.52648214E+00
 2.28976215E+01
 5.86434909E+01
 1.53610263E+02
 5.99437719E+02
 5.84233497E+02
 2.32135419E+02
 1.55412974E+02
 1.21871082E+02
 1.02433122E+02
 8.94700757E+01
 8.00231998E+01
 7.27346650E+01
 6.68158207E+01
 6.18376658E+01
 5.76385868E+01
 5.42956787E+01
 5.13100077E+01
 4.86032240E+01
 4.61185039E+01
 4.38136258E+01
 4.16565584E+01
 3.96225567E+01
 3.76957335E+01
 3.58624450E+01
 3.41046655E+01
 3.24122607E+01
 3.07768832E+01
 2.91915941E+01
 2.76505760E+01
 2.61489137E+01
 2.49379989E+01
 2.39522234E+01
 2.29887943E+01
 2.20455926E+01
 2.11207726E+01
 2.02127188E+01
 1.93200106E+01
 1.84413936E+01
 1.75757552E+01
 1.67221050E+01
 1.58795582E+01
 1.50473218E+01
 1.42246822E+01
 1.34109958E+01
 1.26056803E+01
 1.18082073E+01
 1.10180959E+01
 1.02349077E+01
 9.45824167E+00
 8.68773049E+00
 7.92303662E+00
 7.16384943E+00
 6.40988243E+00
 5.66087085E+00
 4.91656957E+00
 4.17675247E+00
 3.44120558E+00
 2.70973364E+00
 1.98215345E+00
 1.25829392E+00
 5.37995148E-01
 2.50074686E-04
 1.14515757E-03
 1.98466760E-03
 2.77113386E-03
 3.50692602E-03
 4.19426687E-03
 4.83524382E-03
 5.43181918E-03
 5.98583969E-03
 6.49904501E-03
 6.97307558E-03
 7.40947977E-03
 7.80972040E-03
 8.17518068E-03
 8.50716975E-03
 8.80692764E-03
 9.07562994E-03
 9.31439201E-03
 9.52427294E-03
 9.70627910E-03
 9.86136751E-03
 9.99044894E-03
 1.00943907E-02
 1.01740193E-02
 1.02301229E-02
 1.02634537E-02
 1.02747298E-02
 1.02646372E-02
 1.02338321E-02
 1.01829417E-02
 1.01125668E-02
 1.00232824E-02
 9.91563954E-03
 9.79016669E-03
 9.64737057E-03
 9.48773758E-03
 9.31173470E-03
 9.11981057E-03
 8.91239639E-03
 8.68990677E-03
 8.45274059E-03
 8.20128174E-03
 7.93589986E-03
 7.65695102E-03
 7.36477835E-03
 7.05971268E-03
 6.74207307E-03
 6.41216737E-03
 6.07029275E-03
 5.71673612E-03
 5.35177466E-03
 4.97567619E-03
 4.58869961E-03
 4.19109528E-03
 3.78310538E-03
 3.36496424E-03
 2.93689872E-03
 2.49912846E-03
 2.05186622E-03
 1.59531812E-03
 1.12968397E-03
 6.55157450E-04
 1.71926407E-04
 6.26454212E-05
 1.73715953E-04
 2.75661086E-04
 3.68665689E-04
 4.52909332E-04
 5.28566489E-04
 5.95806728E-04
 6.54794886E-04
 7.05691242E-04
 7.48651685E-04
 7.83827866E-04
 8.11367352E-04
 8.31413768E-04
 8.44106931E-04
 8.49582988E-04
 8.47974536E-04
 8.39410747E-04
 8.24017479E-04
 8.01917391E-04
 7.73230045E-04
 7.38072013E-04
 6.96556968E-04
 6.48795784E-04
 5.94896624E-04
 5.34965022E-04
 4.69103976E-04
 3.97414015E-04
 3.19993288E-04
 2.36937629E-04
 1.48340632E-04
 5.42937202E-05
 7.37599131E-06
 8.61518583E-06
 1.92844422E-05
 2.47254441E-05
 2.50042984E-05
 2.02120079E-05
 1.04284836E-05
 4.26811341E-06
 9.83377522E-06
 5.31475357E-06
 5.51385179E-06
 1.03589728E-05
 2.06533590E-02
 5.68598165E-02
 1.17738382E-01
 9.85054666E-02
 8.83423955E-05
 1.70848292E-04
 2.22663543E-04
 2.44229126E-04
 2.35976435E-04
 1.98327570E-04
 1.31695607E-04
 3.64848656E-05
 5.15636510E-05
 6.82103511E-05
 5.81147870E-05
 2.16395430E-05
 1.11538147E-01
 2.34062001E-01
 4.87448765E-01
 9.87026304E-01
 9.74137663E-01
 9.61333975E-01
 9.48615136E-01
 9.35981042E-01
 9.23431590E-01
 9.10966674E-01
 8.98586190E-01
 8.86290033E-01
 8.74078096E-01
 8.61950274E-01
 8.49906461E-01
 8.37946549E-01
 8.26070432E-01
 8.14278002E-01
 8.02569151E-01
 7.90943771E-01
 7.79401753E-01
 7.67942989E-01
 7.56567368E-01
 7.45274781E-01
 7.34065118E-01
 7.22938267E-01
 7.11894119E-01
 7.00932562E-01
 6.90053484E-01
 6.79256772E-01
 6.68542315E-01
 6.57909999E-01
 6.47359711E-01
 6.36891337E-01
 6.26504763E-01
 6.16199874E-01
 6.05976556E-01
 5.95834692E-01
 5.85774167E-01
 5.75794865E-01
 5.65896670E-01
 5.56079463E-01
 5.46343128E-01
 5.36687546E-01
 5.27112600E-01
 5.17618170E-01
 5.08204137E-01
 4.98870382E-01
 4.89616785E-01
 4.80443225E-01
 4.71349581E-01
 4.62335731E-01
 4.53401555E-01
 4.44546929E-01
 4.35771732E-01
 4.27075839E-01
 4.18459128E-01
 4.09921473E-01
 4.01462752E-01
 3.93082838E-01
 3.84781607E-01
 3.76558933E-01
 3.68414688E-01
 3.60348748E-01
 3.52360983E-01
 3.44451267E-01
 3.36619472E-01
 3.28865469E-01
 3.21189128E-01
 3.13590320E-01
 3.06068916E-01
 2.98624784E-01
 2.91257793E-01
 2.83967813E-01
 2.76754711E-01
 2.69618354E-01
 2.62558610E-01
 2.55575346E-01
 2.48668427E-01
 2.41837719E-01
 2.35083086E-01
 2.28404395E-01
 2.21801508E-01
 2.15274290E-01
 2.08822603E-01
 2.02446310E-01
 1.96145273E-01
 1.89919354E-01
 1.83768414E-01
 1.77692312E-01
 1.71690910E-01
 1.65764067E-01
 1.59911641E-01
 1.54133491E-01
 1.48429475E-01
 1.42799451E-01
 1.37243275E-01
 1.31760803E-01
 1.26351892E-01
 1.21016397E-01
 1.15754171E-01
 1.10565070E-01
 1.05448947E-01
 1.00405655E-01
 9.54350472E-02
 9.05369745E-02
 8.57112888E-02
 8.09578408E-02
 7.62764809E-02
 7.16670587E-02
 6.71294235E-02
 6.26634237E-02
 5.82689074E-02
 5.39457221E-02
 4.96937146E-02
 4.55127310E-02
 4.14026173E-02
 3.73632184E-02
 3.33943789E-02
 2.94959427E-02
 2.56677531E-02
 2.19096530E-02
 1.82214843E-02
 1.46030888E-02
 1.10543073E-02
 7.57498023E-03
 4.16494723E-03
 8.24047455E-04
 6.65084108E-02
 1.54422459E-01
 2.41465737E-01
 3.27639972E-01
 4.12946901E-01
 4.97388266E-01
 5.80965816E-01
 6.63681309E-01
 7.45536505E-01
 8.26533175E-01
 9.06673096E-01
 9.85958050E-01
 1.06438983E+00
 1.14197023E+00
 1.21870105E+00
 1.29458411E+00
 1.36962122E+00
 1.44381421E+00
 1.51716492E+00
 1.58967517E+00
 1.66134682E+00
 1.73218172E+00
 1.80218174E+00
 1.87134873E+00
 1.93968458E+00
 2.00719116E+00
 2.07387038E+00
 2.13972412E+00
 2.20475429E+00
 2.26896280E+00
 2.33235158E+00
 2.23026817E+00
 1.91851508E+00
 1.60989871E+00
 1.30441220E+00
 1.00204868E+00
 7.02801220E-01
 4.06662892E-01
 1.13626724E-01
 1.90489290E+01
 6.90808027E-01
 4.58282868E-01
 1.92525783E-01
 3.70187834E-02
 2.64146937E-01
 2.18857086E-01
 4.40176626E-02
 5.73449297E-03
 8.68194835E-03
 2.04774197E-01
 2.52704665E-02
 1.67517425E-02
 1.74935445E-02
 1.32758034E-02
 2.46920716E-03
 1.83967670E-02
 3.50565972E-02
 5.04793048E-02
 6.39047992E-02
 7.38475187E-02
 7.69553013E-02
 6.37259219E-02
 2.45995755E-02
 4.82375982E+00
 3.13261858E-01
 1.92401079E-01
 1.49261617E-01
 1.28795819E-01
 1.10708111E-01
 9.37568353E-02
 8.02654976E-02
 7.24524905E-02
 6.32661863E-02
 5.31192386E-02
 4.22722075E-02
 3.08978909E-02
 1.91155508E-02
 7.01028213E-03
 4.28113396E-03
 1.07540867E-02
 1.53008058E-02
 1.82447710E-02
 1.98408991E-02
 2.02928418E-02
 1.97652998E-02
 1.83929501E-02
 1.76570370E-02
 1.69447686E-02
 1.55562702E-02
 1.35757774E-02
 1.10606231E-02
 8.07395884E-03
 4.66584722E-03
 8.79776442E-04
 3.90687502E-03
 7.95710846E-03
 1.14062396E-02
 1.43089613E-02
 1.67137860E-02
 1.86639126E-02
 2.01979520E-02
 2.13505388E-02
 2.21528476E-02
 2.26330331E-02
 2.28166047E-02
 2.27267485E-02
 2.23846046E-02
 2.18095060E-02
 2.10191872E-02
 2.01675268E-02
 1.98628473E-02
 1.93683841E-02
 1.86982365E-02
 1.78655160E-02
 1.68824514E-02
 1.57604834E-02
 1.45103483E-02
 1.31421541E-02
 1.16654478E-02
 1.00892776E-02
 8.42224855E-03
 6.67257414E-03
 4.84812314E-03
 2.95646329E-03
 1.00490184E-03
 2.97893864E-01
 8.86356456E-01
 1.46538217E+00
 2.03531246E+00
 2.59646053E+00
 3.14911292E+00
 3.69353080E+00
 4.22995123E+00
 4.75858813E+00
 5.27963313E+00
 5.79325631E+00
 6.29960675E+00
 6.79881289E+00
 7.29098287E+00
 7.77620460E+00
 8.25454577E+00
 8.72575021E+00
 9.19009625E+00
 9.64764565E+00
 1.00983816E+01
 1.05422646E+01
 1.09792309E+01
 1.14091916E+01
 1.18320213E+01
 1.22469922E+01
 1.26545292E+01
 1.30544223E+01
 1.34463697E+01
 1.38296602E+01
 1.42043711E+01
 1.45697558E+01
 1.50336466E+01
 1.59492083E+01
 1.68465388E+01
 1.77267753E+01
 1.86847017E+01
 2.38446773E+01
 2.01116466E+01
 2.09546601E+01
 2.17041455E+01
 2.24199410E+01
 2.30955129E+01
 2.37296162E+01
 2.43225562E+01
 2.48682073E+01
 2.53653114E+01
 2.57962821E+01
 2.64257152E+01
 2.70612016E+01
 2.31739939E+01
 2.51227188E+01
 2.81088111E+01
 2.82751430E+01
 2.82017954E+01
 2.78172489E+01
 2.64107659E+01
 2.44459035E+01
 2.39562414E+01
 2.31581445E+01
 1.76037457E+01
 1.12962981E+01
 5.79704276E+00
 3.45350989E-01
 7.93554545E+00
 2.53220387E+01
 6.35969239E+01
 1.70545007E+02
 8.68768414E+02
 4.45740592E+02
 2.02673375E+02
 1.38661250E+02
 1.09420211E+02
 9.19188011E+01
 7.99715695E+01
 7.10977399E+01
 6.41379356E+01
 5.84016120E+01
 5.35116883E+01
 4.93952212E+01
 4.62887720E+01
 4.34934703E+01
 4.09419042E+01
 3.85849942E+01
 3.63861527E+01
 3.43175417E+01
 3.23576015E+01
 3.04927828E+01
 2.87113117E+01
 2.69968952E+01
 2.53406356E+01
 2.37351927E+01
 2.21744560E+01
 2.06532955E+01
 1.91673715E+01
 1.81179169E+01
 1.74035540E+01
 1.67051413E+01
 1.60211756E+01
 1.53503469E+01
 1.46915075E+01
 1.40436478E+01
 1.34058753E+01
 1.27773982E+01
 1.21575112E+01
 1.15455840E+01
 1.09410510E+01
 1.03434034E+01
 9.75218205E+00
 9.16697105E+00
 8.58739302E+00
 8.01310445E+00
 7.44379189E+00
 6.87916865E+00
 6.31897188E+00
 5.76296009E+00
 5.21091090E+00
 4.66261916E+00
 4.11789521E+00
 3.57656342E+00
 3.03846160E+00
 2.50343656E+00
 1.97134817E+00
 1.44206499E+00
 9.15464250E-01
 3.91431251E-01
 2.58170826E-04
 1.14901565E-03
 1.98461889E-03
 2.76748687E-03
 3.49996833E-03
 4.18426686E-03
 4.82245213E-03
 5.41647019E-03
 5.96815268E-03
 6.47922537E-03
 6.95131586E-03
 7.38596058E-03
 7.78461131E-03
 8.14864102E-03
 8.47934933E-03
 8.77796743E-03
 9.04566266E-03
 9.28354272E-03
 9.49265953E-03
 9.67401281E-03
 9.82855333E-03
 9.95718603E-03
 1.00607728E-02
 1.01401350E-02
 1.01960560E-02
 1.02292836E-02
 1.02405316E-02
 1.02304822E-02
 1.01997876E-02
 1.01490719E-02
 1.00789323E-02
 9.98994080E-03
 9.88264565E-03
 9.75757245E-03
 9.61522537E-03
 9.45608837E-03
 9.28062613E-03
 9.08928512E-03
 8.88249447E-03
 8.66066686E-03
 8.42419932E-03
 8.17347401E-03
 7.90885891E-03
 7.63070853E-03
 7.33936453E-03
 7.03515633E-03
 6.71840166E-03
 6.38940710E-03
 6.04846862E-03
 5.69587200E-03
 5.33189334E-03
 4.95679941E-03
 4.57084815E-03
 4.17428899E-03
 3.76736321E-03
 3.35030431E-03
 2.92333833E-03
 2.48668416E-03
 2.04055382E-03
 1.58515275E-03
 1.12068007E-03
 6.47328863E-04
 1.65286350E-04
 5.63405845E-05
 1.67240487E-04
 2.69028506E-04
 3.61888945E-04
 4.46000834E-04
 5.21538133E-04
 5.88669911E-04
 6.47560535E-04
 6.98369830E-04
 7.41253253E-04
 7.76362039E-04
 8.03843358E-04
 8.23840452E-04
 8.36492775E-04
 8.41936123E-04
 8.40302759E-04
 8.31721531E-04
 8.16317990E-04
 7.94214497E-04
 7.65530333E-04
 7.30381793E-04
 6.88882292E-04
 6.41142451E-04
 5.87270190E-04
 5.27370815E-04
 4.61547097E-04
 3.89899354E-04
 3.12525528E-04
 2.29521255E-04
 1.40979940E-04
 4.69928219E-05
 1.46431138E-05
 1.31971628E-06
 1.19642442E-05
 1.73840673E-05
 1.76449470E-05
 1.28378413E-05
 3.04251969E-06
 1.16629934E-05
 1.72415324E-05
 1.27399147E-05
 1.29539240E-05
 1.78115801E-05
 1.99532602E-02
 5.49461541E-02
 1.15367454E-01
 1.00435022E-01
 9.78065622E-05
 1.80479960E-04
 2.32398962E-04
 2.54005834E-04
 2.45733227E-04
 2.08004457E-04
 1.41233786E-04
 4.58266858E-05
 6.09346923E-05
 7.76157260E-05
 6.75022728E-05
 3.09579156E-05
 1.07814878E-01
 2.26260965E-01
 4.79570855E-01
 9.87026558E-01
 9.74138168E-01
 9.61334725E-01
 9.48616127E-01
 9.35982271E-01
 9.23433051E-01
 9.10968363E-01
 8.98588103E-01
 8.86292164E-01
 8.74080442E-01
 8.61952831E-01
 8.49909224E-01
 8.37949514E-01
 8.26073594E-01
 8.14281357E-01
 8.02572694E-01
 7.90947499E-01
 7.79405661E-01
 7.67947072E-01
 7.56571622E-01
 7.45279202E-01
 7.34069701E-01
 7.22943010E-01
 7.11899016E-01
 7.00937608E-01
 6.90058676E-01
 6.79262106E-01
 6.68547785E-01
 6.57915602E-01
 6.47365443E-01
 6.36897193E-01
 6.26510739E-01
 6.16205966E-01
 6.05982759E-01
 5.95841003E-01
 5.85780582E-01
 5.75801379E-01
 5.65903278E-01
 5.56086163E-01
 5.46349914E-01
 5.36694415E-01
 5.27119547E-01
 5.17625192E-01
 5.08211229E-01
 4.98877540E-01
 4.89624005E-01
 4.80450503E-01
 4.71356912E-01
 4.62343113E-01
 4.53408982E-01
 4.44554398E-01
 4.35779238E-01
 4.27083378E-01
 4.18466696E-01
 4.09929068E-01
 4.01470367E-01
 3.93090471E-01
 3.84789254E-01
 3.76566588E-01
 3.68422350E-01
 3.60356410E-01
 3.52368643E-01
 3.44458921E-01
 3.36627115E-01
 3.28873098E-01
 3.21196739E-01
 3.13597909E-01
 3.06076478E-01
 2.98632316E-01
 2.91265292E-01
 2.83975274E-01
 2.76762130E-01
 2.69625728E-01
 2.62565935E-01
 2.55582617E-01
 2.48675641E-01
 2.41844872E-01
 2.35090175E-01
 2.28411415E-01
 2.21808457E-01
 2.15281162E-01
 2.08829396E-01
 2.02453019E-01
 1.96151895E-01
 1.89925885E-01
 1.83774849E-01
 1.77698649E-01
 1.71697145E-01
 1.65770195E-01
 1.59917660E-01
 1.54139397E-01
 1.48435264E-01
 1.42805119E-01
 1.37248819E-01
 1.31766219E-01
 1.26357176E-01
 1.21021545E-01
 1.15759181E-01
 1.10569938E-01
 1.05453669E-01
 1.00410227E-01
 9.54394657E-02
 9.05412362E-02
 8.57153900E-02
 8.09617782E-02
 7.62802508E-02
 7.16706577E-02
 6.71328479E-02
 6.26666702E-02
 5.82719724E-02
 5.39486021E-02
 4.96964061E-02
 4.55152307E-02
 4.14049216E-02
 3.73653239E-02
 3.33962822E-02
 2.94976404E-02
 2.56692417E-02
 2.19109292E-02
 1.82225447E-02
 1.46039300E-02
 1.10549259E-02
 7.57537292E-03
 4.16511066E-03
 8.23978293E-04
 6.42070090E-02
 1.49077651E-01
 2.33106384E-01
 3.16294881E-01
 3.98644822E-01
 4.80157891E-01
 5.60835782E-01
 6.40680193E-01
 7.19692829E-01
 7.97875402E-01
 8.75229631E-01
 9.51757240E-01
 1.02745996E+00
 1.10233953E+00
 1.17639770E+00
 1.24963622E+00
 1.32205685E+00
 1.39366134E+00
 1.46445148E+00
 1.53442905E+00
 1.60359583E+00
 1.67195361E+00
 1.73950420E+00
 1.80624939E+00
 1.87219102E+00
 1.93733089E+00
 2.00167083E+00
 2.06521269E+00
 2.12795830E+00
 2.18990951E+00
 2.25106819E+00
 2.15253381E+00
 1.85165268E+00
 1.55379705E+00
 1.25896032E+00
 9.67135830E-01
 6.78316929E-01
 3.92496920E-01
 1.09669084E-01
 1.83850116E+01
 7.03864937E-01
 4.81094597E-01
 2.26570399E-01
 7.07196736E-03
 2.47015435E-01
 2.10084279E-01
 4.26346801E-02
 6.03600664E-03
 8.81827705E-03
 2.09033108E-01
 2.60594575E-02
 1.67522401E-02
 1.75987467E-02
 1.35447332E-02
 2.99873151E-03
 1.88256465E-02
 3.53232948E-02
 5.05303046E-02
 6.36714677E-02
 7.32502877E-02
 7.59516974E-02
 6.26658527E-02
 2.53466234E-02
 3.08362973E+00
 3.60898923E-01
 2.03879785E-01
 1.54360199E-01
 1.31806173E-01
 1.12548298E-01
 9.48392695E-02
 8.09367169E-02
 7.30569802E-02
 6.37967978E-02
 5.35755901E-02
 4.26566269E-02
 3.12136834E-02
 1.93662390E-02
 7.19927488E-03
 4.45173505E-03
 1.09354822E-02
 1.54752660E-02
 1.83995334E-02
 1.99667123E-02
 2.03829737E-02
 1.98148488E-02
 1.83983601E-02
 1.76613775E-02
 1.69677006E-02
 1.55921146E-02
 1.36199060E-02
 1.11091026E-02
 8.12356093E-03
 4.71387412E-03
 9.23966248E-04
 3.95667201E-03
 8.01144403E-03
 1.14617583E-02
 1.43627874E-02
 1.67634495E-02
 1.87072883E-02
 2.02332095E-02
 2.13761001E-02
 2.21673527E-02
 2.26353100E-02
 2.28056449E-02
 2.27016865E-02
 2.23446996E-02
 2.17541272E-02
 2.09478011E-02
 2.00839586E-02
 1.97893782E-02
 1.93040207E-02
 1.86420905E-02
 1.78167947E-02
 1.68404494E-02
 1.57245749E-02
 1.44799813E-02
 1.31168444E-02
 1.16447744E-02
 1.00728785E-02
 8.40981737E-03
 6.66385692E-03
 4.84291589E-03
 2.95460985E-03
 1.00629224E-03
 5.52924422E-02
 1.64445630E-01
 2.71784050E-01
 3.77377699E-01
 4.81291149E-01
 5.83583867E-01
 6.84310498E-01
 7.83521117E-01
 8.81261445E-01
 9.77573034E-01
 1.07249343E+00
 1.16605632E+00
 1.25829160E+00
 1.34922548E+00
 1.43888057E+00
 1.52727584E+00
 1.61411415E+00
 1.69966665E+00
 1.78399967E+00
 1.86711747E+00
 1.94902048E+00
 2.02970509E+00
 2.10916349E+00
 2.18737365E+00
 2.26371822E+00
 2.33879425E+00
 2.41257423E+00
 2.48496864E+00
 2.55550203E+00
 2.62455052E+00
 2.69168591E+00
 2.90523954E+00
 3.75034290E+00
 4.58227476E+00
 5.40265503E+00
 6.30954931E+00
 1.15483124E+01
 7.64215569E+00
 8.45418340E+00
 9.17932117E+00
 9.88012355E+00
 1.05509909E+01
 1.11919431E+01
 1.18048068E+01
 1.23850522E+01
 1.29334696E+01
 1.34344524E+01
 1.42310998E+01
 1.51167666E+01
 1.13838987E+01
 1.36731327E+01
 1.70579745E+01
 1.75896772E+01
 1.79249799E+01
 1.80016198E+01
 1.72151098E+01
 1.59809336E+01
 1.63366532E+01
 1.64802262E+01
 1.20813040E+01
 7.18516870E+00
 3.42003364E+00
 2.04138802E-01
 5.20179329E+00
 1.80934679E+01
 4.87255211E+01
 1.42784429E+02
 1.19951505E+03
 2.59877727E+02
 1.28178112E+02
 8.77129137E+01
 6.87431453E+01
 5.69224941E+01
 4.85798688E+01
 4.21983933E+01
 3.70655704E+01
 3.27283338E+01
 2.89456020E+01
 2.57862758E+01
 2.36814531E+01
 2.17589141E+01
 1.99797303E+01
 1.83154507E+01
 1.67447943E+01
 1.52515218E+01
 1.38230226E+01
 1.24526405E+01
 1.11341194E+01
 9.85585340E+00
 8.61260231E+00
 7.40003536E+00
 6.21454081E+00
 5.05308143E+00
 3.91308359E+00
 3.34649809E+00
 3.21713124E+00
 3.09036003E+00
 2.96594312E+00
 2.84366989E+00
 2.72335569E+00
 2.60483790E+00
 2.48797265E+00
 2.37263219E+00
 2.25870260E+00
 2.14608200E+00
 2.03467888E+00
 1.92441087E+00
 1.81520352E+00
 1.70698941E+00
 1.59970724E+00
 1.49330123E+00
 1.38772038E+00
 1.28291803E+00
 1.17885138E+00
 1.07548104E+00
 9.72770744E-01
 8.70686973E-01
 7.69198732E-01
 6.68277290E-01
 5.67895806E-01
 4.68029711E-01
 3.68655805E-01
 2.69752495E-01
 1.71299609E-01
 7.32784517E-02
 2.65516671E-04
 1.15218627E-03
 1.98394164E-03
 2.76326664E-03
 3.49248939E-03
 4.17379449E-03
 4.80923418E-03
 5.40073837E-03
 5.95012388E-03
 6.45910271E-03
 6.92928977E-03
 7.36220974E-03
 7.75930348E-03
 8.12193384E-03
 8.45139102E-03
 8.74889748E-03
 9.01561243E-03
 9.25263596E-03
 9.46101295E-03
 9.64173648E-03
 9.79575120E-03
 9.92395626E-03
 1.00272081E-02
 1.01063232E-02
 1.01620802E-02
 1.01952221E-02
 1.02064590E-02
 1.01964689E-02
 1.01659005E-02
 1.01153743E-02
 1.00454844E-02
 9.95679963E-03
 9.84986541E-03
 9.72520461E-03
 9.58331887E-03
 9.42468969E-03
 9.24977950E-03
 9.05903261E-03
 8.85287611E-03
 8.63172075E-03
 8.39596175E-03
 8.14597954E-03
 7.88214047E-03
 7.60479750E-03
 7.31429082E-03
 7.01094847E-03
 6.69508685E-03
 6.36701130E-03
 6.02701659E-03
 5.67538739E-03
 5.31239869E-03
 4.93831628E-03
 4.55339711E-03
 4.15788968E-03
 3.75203440E-03
 3.33606395E-03
 2.91020355E-03
 2.47467135E-03
 2.02967863E-03
 1.57543016E-03
 1.11212439E-03
 6.39953775E-04
 1.59104944E-04
 5.04987939E-05
 1.61231958E-04
 2.62866633E-04
 3.55586561E-04
 4.39570238E-04
 5.14991109E-04
 5.82017756E-04
 6.40814074E-04
 6.91539442E-04
 7.34348884E-04
 7.69393226E-04
 7.96819241E-04
 8.16769796E-04
 8.29383981E-04
 8.34797246E-04
 8.33141519E-04
 8.24545331E-04
 8.09133926E-04
 7.87029371E-04
 7.58350665E-04
 7.23213834E-04
 6.81732031E-04
 6.34015630E-04
 5.80172310E-04
 5.20307147E-04
 4.54522691E-04
 3.82919049E-04
 3.05593956E-04
 2.22642855E-04
 1.34158961E-04
 4.02333311E-05
 2.13672130E-05
 5.43123501E-06
 5.19001863E-06
 1.05900788E-05
 1.08343603E-05
 6.01377893E-06
 3.79203669E-06
 1.85051968E-05
 2.40953889E-05
 1.96099962E-05
 1.98377689E-05
 2.47068438E-05
 1.92533666E-02
 5.30320803E-02
 1.12995858E-01
 1.02365541E-01
 1.06576189E-04
 1.89417515E-04
 2.41440592E-04
 2.63088981E-04
 2.54796589E-04
 2.16987955E-04
 1.50078528E-04
 5.44749349E-05
 6.96121142E-05
 8.63273916E-05
 7.61958859E-05
 3.95821804E-05
 1.04088642E-01
 2.18452906E-01
 4.71685635E-01
 9.87026813E-01
 9.74138672E-01
 9.61335476E-01
 9.48617119E-01
 9.35983500E-01
 9.23434512E-01
 9.10970052E-01
 8.98590016E-01
 8.86294297E-01
 8.74082790E-01
 8.61955389E-01
 8.49911987E-01
 8.37952479E-01
 8.26076757E-01
 8.14284713E-01
 8.02576239E-01
 7.90951228E-01
 7.79409570E-01
 7.67951156E-01
 7.56575878E-01
 7.45283625E-01
 7.34074287E-01
 7.22947754E-01
 7.11903915E-01
 7.00942657E-01
 6.90063870E-01
 6.79267441E-01
 6.68553258E-01
 6.57921208E-01
 6.47371177E-01
 6.36903052E-01
 6.26516718E-01
 6.16212061E-01
 6.05988966E-01
 5.95847318E-01
 5.85787000E-01
 5.75807896E-01
 5.65909891E-01
 5.56092866E-01
 5.46356704E-01
 5.36701288E-01
 5.27126498E-01
 5.17632217E-01
 5.08218325E-01
 4.98884702E-01
 4.89631229E-01
 4.80457784E-01
 4.71364248E-01
 4.62350498E-01
 4.53416413E-01
 4.44561871E-01
 4.35786748E-01
 4.27090922E-01
 4.18474270E-01
 4.09936667E-01
 4.01477988E-01
 3.93098109E-01
 3.84796905E-01
 3.76574250E-01
 3.68430016E-01
 3.60364079E-01
 3.52376309E-01
 3.44466581E-01
 3.36634765E-01
 3.28880732E-01
 3.21204355E-01
 3.13605503E-01
 3.06084047E-01
 2.98639855E-01
 2.91272797E-01
 2.83982741E-01
 2.76769556E-01
 2.69633108E-01
 2.62573266E-01
 2.55589895E-01
 2.48682862E-01
 2.41852032E-01
 2.35097271E-01
 2.28418443E-01
 2.21815412E-01
 2.15288041E-01
 2.08836195E-01
 2.02459735E-01
 1.96158524E-01
 1.89932422E-01
 1.83781292E-01
 1.77704994E-01
 1.71703387E-01
 1.65776332E-01
 1.59923687E-01
 1.54145310E-01
 1.48441061E-01
 1.42810795E-01
 1.37254370E-01
 1.31771643E-01
 1.26362469E-01
 1.21026702E-01
 1.15764199E-01
 1.10574814E-01
 1.05458399E-01
 1.00414807E-01
 9.54438928E-02
 9.05455065E-02
 8.57195001E-02
 8.09657244E-02
 7.62840296E-02
 7.16742656E-02
 6.71362814E-02
 6.26699258E-02
 5.82750466E-02
 5.39514914E-02
 4.96991071E-02
 4.55177398E-02
 4.14072354E-02
 3.73674390E-02
 3.33981951E-02
 2.94993477E-02
 2.56707401E-02
 2.19122152E-02
 1.82236150E-02
 1.46047811E-02
 1.10555546E-02
 7.57577570E-03
 4.16528425E-03
 8.23919366E-04
 6.19052579E-02
 1.43732043E-01
 2.24745782E-01
 3.04948094E-01
 3.84340599E-01
 4.62924928E-01
 5.40702715E-01
 6.17675601E-01
 6.93845236E-01
 7.69213271E-01
 8.43781370E-01
 9.17551197E-01
 9.90524427E-01
 1.06270274E+00
 1.13408782E+00
 1.20468137E+00
 1.27448507E+00
 1.34350064E+00
 1.41172980E+00
 1.47917425E+00
 1.54583573E+00
 1.61171597E+00
 1.67681670E+00
 1.74113968E+00
 1.80468666E+00
 1.86745939E+00
 1.92945965E+00
 1.99068921E+00
 2.05114985E+00
 2.11084335E+00
 2.16977152E+00
 2.07478668E+00
 1.78477926E+00
 1.49768612E+00
 1.21350088E+00
 9.32217162E-01
 6.53828535E-01
 3.78328559E-01
 1.05710764E-01
 1.77209821E+01
 7.16753513E-01
 5.03605144E-01
 2.60153563E-01
 2.24671731E-02
 2.30103942E-01
 2.01410538E-01
 4.12409783E-02
 6.29993081E-03
 8.91893366E-03
 2.13239762E-01
 2.68669446E-02
 1.67159620E-02
 1.76631759E-02
 1.37668996E-02
 3.47199622E-03
 1.91958239E-02
 3.55299934E-02
 5.05214166E-02
 6.33811529E-02
 7.26042073E-02
 7.49148515E-02
 6.15695377E-02
 2.57614712E-02
 2.29447692E+00
 4.25071271E-01
 2.16738228E-01
 1.59785055E-01
 1.34930032E-01
 1.14424663E-01
 9.59240307E-02
 8.15977678E-02
 7.36514199E-02
 6.43172744E-02
 5.40217336E-02
 4.30308282E-02
 3.15193125E-02
 1.96068709E-02
 7.37835767E-03
 4.61321470E-03
 1.11088723E-02
 1.56424738E-02
 1.85475558E-02
 2.00861367E-02
 2.04669589E-02
 1.98584192E-02
 1.83979091E-02
 1.76602948E-02
 1.69857469E-02
 1.56288134E-02
 1.36599643E-02
 1.11538233E-02
 8.16966836E-03
 4.75863190E-03
 9.65080990E-04
 4.00364437E-03
 8.06318309E-03
 1.15148728E-02
 1.44143720E-02
 1.68110096E-02
 1.87486786E-02
 2.02665826E-02
 2.13998642E-02
 2.21801357E-02
 2.26359302E-02
 2.27930860E-02
 2.26750758E-02
 2.23032908E-02
 2.16972850E-02
 2.08749880E-02
 1.99990106E-02
 1.97146448E-02
 1.92384995E-02
 1.85848856E-02
 1.77671065E-02
 1.67975665E-02
 1.56878665E-02
 1.44488907E-02
 1.30908835E-02
 1.16235188E-02
 1.00559636E-02
 8.39693424E-03
 6.65474973E-03
 4.83737913E-03
 2.95248627E-03
 1.00747112E-03
 5.17288338E-03
 1.54791277E-02
 2.56921279E-02
 3.58098971E-02
 4.58301369E-02
 5.57502270E-02
 6.55672129E-02
 7.52777905E-02
 8.48782892E-02
 9.43646504E-02
 1.03732404E-01
 1.12976643E-01
 1.22091988E-01
 1.31072558E-01
 1.39911928E-01
 1.48603081E-01
 1.57460030E-01
 1.66207415E-01
 1.74776189E-01
 1.83156442E-01
 1.91337327E-01
 1.99306967E-01
 2.07052345E-01
 2.14569220E-01
 2.22459650E-01
 2.30069289E-01
 2.37379046E-01
 2.44425539E-01
 2.51633471E-01
 2.58541442E-01
 2.65504446E-01
 1.45971301E-01
 5.13448521E-01
 1.16387945E+00
 1.80721429E+00
 2.54456917E+00
 7.74195666E+00
 3.54084198E+00
 4.19779623E+00
 4.77198803E+00
 5.32829115E+00
 5.86159066E+00
 6.37265683E+00
 6.86424517E+00
 7.33273473E+00
 7.78016102E+00
 8.19195292E+00
 8.98828244E+00
 9.94684782E+00
 6.18077580E+00
 8.60858636E+00
 1.21740040E+01
 1.28346309E+01
 1.33191587E+01
 1.35693764E+01
 1.30787512E+01
 1.22055694E+01
 1.29763119E+01
 1.35526613E+01
 9.69518101E+00
 5.45415845E+00
 2.44672724E+00
 1.53733339E-01
 4.23854447E+00
 1.55821288E+01
 4.40093787E+01
 1.39849743E+02
 1.01589271E+04
 1.81111050E+02
 9.47706008E+01
 6.47398061E+01
 5.05153211E+01
 4.13488635E+01
 3.47073888E+01
 2.95150156E+01
 2.52641865E+01
 2.16119674E+01
 1.83799160E+01
 1.57330779E+01
 1.42669438E+01
 1.29176769E+01
 1.16606390E+01
 1.04777562E+01
 9.35546643E+00
 8.28339108E+00
 7.25345066E+00
 6.26242473E+00
 5.30682990E+00
 4.37754043E+00
 3.47117945E+00
 2.58495166E+00
 1.71652230E+00
 8.63925140E-01
 2.54917540E-02
 3.27995553E-01
 3.12136113E-01
 2.96951703E-01
 2.82377216E-01
 2.68355883E-01
 2.54837974E-01
 2.41779735E-01
 2.29142505E-01
 2.16891995E-01
 2.04997681E-01
 1.93432292E-01
 1.82171392E-01
 1.71193007E-01
 1.60477327E-01
 1.50006440E-01
 1.39764105E-01
 1.29735562E-01
 1.19907363E-01
 1.10267226E-01
 1.00803912E-01
 9.15071113E-02
 8.23673511E-02
 7.33759074E-02
 6.45247328E-02
 5.58063901E-02
 4.72143378E-02
 3.87415904E-02
 3.03823984E-02
 2.21313107E-02
 1.39831968E-02
 5.93306452E-03
 2.72121692E-04
 1.15467823E-03
 1.98264403E-03
 2.75848080E-03
 3.48449631E-03
 4.16285643E-03
 4.79559617E-03
 5.38462955E-03
 5.93175870E-03
 6.43868210E-03
 6.90700208E-03
 7.33823171E-03
 7.73380107E-03
 8.09506303E-03
 8.42329848E-03
 8.71972123E-03
 8.98548245E-03
 9.22167476E-03
 9.42933600E-03
 9.60945278E-03
 9.76296361E-03
 9.89076197E-03
 9.99369899E-03
 1.00725861E-02
 1.01281972E-02
 1.01612711E-02
 1.01725136E-02
 1.01625990E-02
 1.01321722E-02
 1.00818504E-02
 1.00122244E-02
 9.92386006E-03
 9.81729996E-03
 9.69306425E-03
 9.55165204E-03
 9.39354246E-03
 9.21919566E-03
 9.02905382E-03
 8.82354203E-03
 8.60306912E-03
 8.36802850E-03
 8.11879891E-03
 7.85574506E-03
 7.57921840E-03
 7.28955767E-03
 6.98708950E-03
 6.67212901E-03
 6.34498030E-03
 6.00593696E-03
 5.65528252E-03
 5.29329094E-03
 4.92022697E-03
 4.53634663E-03
 4.14189748E-03
 3.73711907E-03
 3.32224324E-03
 2.89749445E-03
 2.46309006E-03
 2.01924067E-03
 1.56615034E-03
 1.10401688E-03
 6.33032126E-04
 1.53382108E-04
 4.51199500E-05
 1.55690249E-04
 2.57175333E-04
 3.49758388E-04
 4.33617377E-04
 5.08925240E-04
 5.75850071E-04
 6.34555299E-04
 6.85199860E-04
 7.27938350E-04
 7.62921186E-04
 7.90294752E-04
 8.10201538E-04
 8.22780277E-04
 8.28166072E-04
 8.26490524E-04
 8.17881845E-04
 8.02464976E-04
 7.80361694E-04
 7.51690716E-04
 7.16567801E-04
 6.75105845E-04
 6.27414973E-04
 5.73602627E-04
 5.13773655E-04
 4.48030389E-04
 3.76472723E-04
 2.99198191E-04
 2.16302041E-04
 1.27877302E-04
 3.40148500E-05
 2.75486923E-05
 1.16380759E-05
 1.03864694E-06
 4.34306162E-06
 4.57211718E-06
 2.60604592E-07
 1.00756145E-05
 2.47951571E-05
 3.03957822E-05
 2.59254386E-05
 2.61658307E-05
 3.10452109E-05
 1.85536787E-02
 5.11175973E-02
 1.10623596E-01
 1.04297020E-01
 1.14651596E-04
 1.97661275E-04
 2.49788753E-04
 2.71478886E-04
 2.63166842E-04
 2.25278383E-04
 1.58230151E-04
 6.24299296E-05
 7.75962322E-05
 9.43456626E-05
 8.41959395E-05
 4.75126493E-05
 1.00359440E-01
 2.10637829E-01
 4.63793110E-01
 9.87027068E-01
 9.74139177E-01
 9.61336227E-01
 9.48618112E-01
 9.35984729E-01
 9.23435974E-01
 9.10971742E-01
 8.98591929E-01
 8.86296430E-01
 8.74085138E-01
 8.61957947E-01
 8.49914752E-01
 8.37955446E-01
 8.26079921E-01
 8.14288070E-01
 8.02579785E-01
 7.90954958E-01
 7.79413481E-01
 7.67955243E-01
 7.56580136E-01
 7.45288050E-01
 7.34078876E-01
 7.22952501E-01
 7.11908815E-01
 7.00947708E-01
 6.90069067E-01
 6.79272779E-01
 6.68558734E-01
 6.57926816E-01
 6.47376914E-01
 6.36908914E-01
 6.26522700E-01
 6.16218159E-01
 6.05995176E-01
 5.95853635E-01
 5.85793421E-01
 5.75814417E-01
 5.65916507E-01
 5.56099573E-01
 5.46363498E-01
 5.36708164E-01
 5.27133453E-01
 5.17639247E-01
 5.08225425E-01
 4.98891868E-01
 4.89638457E-01
 4.80465071E-01
 4.71371588E-01
 4.62357888E-01
 4.53423849E-01
 4.44569348E-01
 4.35794263E-01
 4.27098471E-01
 4.18481848E-01
 4.09944271E-01
 4.01485614E-01
 3.93105753E-01
 3.84804562E-01
 3.76581916E-01
 3.68437688E-01
 3.60371752E-01
 3.52383980E-01
 3.44474246E-01
 3.36642419E-01
 3.28888373E-01
 3.21211978E-01
 3.13613104E-01
 3.06091621E-01
 2.98647399E-01
 2.91280308E-01
 2.83990214E-01
 2.76776987E-01
 2.69640495E-01
 2.62580603E-01
 2.55597179E-01
 2.48690090E-01
 2.41859199E-01
 2.35104373E-01
 2.28425477E-01
 2.21822374E-01
 2.15294928E-01
 2.08843001E-01
 2.02466458E-01
 1.96165160E-01
 1.89938967E-01
 1.83787743E-01
 1.77711346E-01
 1.71709637E-01
 1.65782476E-01
 1.59929721E-01
 1.54151232E-01
 1.48446865E-01
 1.42816479E-01
 1.37259930E-01
 1.31777075E-01
 1.26367769E-01
 1.21031868E-01
 1.15769226E-01
 1.10579698E-01
 1.05463137E-01
 1.00419396E-01
 9.54483285E-02
 9.05497856E-02
 8.57236189E-02
 8.09696794E-02
 7.62878174E-02
 7.16778825E-02
 6.71397240E-02
 6.26731905E-02
 5.82781300E-02
 5.39543900E-02
 4.97018173E-02
 4.55202583E-02
 4.14095587E-02
 3.73695637E-02
 3.34001177E-02
 2.95010648E-02
 2.56722483E-02
 2.19135110E-02
 1.82246951E-02
 1.46056422E-02
 1.10561932E-02
 7.57618859E-03
 4.16546801E-03
 8.23870673E-04
 5.96031576E-02
 1.38385634E-01
 2.16383931E-01
 2.93599609E-01
 3.70034233E-01
 4.45689375E-01
 5.20566614E-01
 5.94667534E-01
 6.67993725E-01
 7.40546784E-01
 8.12328313E-01
 8.83339921E-01
 9.53583224E-01
 1.02305984E+00
 1.09177140E+00
 1.15971954E+00
 1.22690590E+00
 1.29333212E+00
 1.35899985E+00
 1.42391077E+00
 1.48806652E+00
 1.55146879E+00
 1.61411925E+00
 1.67601960E+00
 1.73717151E+00
 1.79757669E+00
 1.85723685E+00
 1.91615369E+00
 1.97432894E+00
 2.03176432E+00
 2.08846156E+00
 1.99702681E+00
 1.71789484E+00
 1.44156591E+00
 1.16803390E+00
 8.97292671E-01
 6.29336039E-01
 3.64157810E-01
 1.01751764E-01
 1.70568404E+01
 7.29479113E-01
 5.25818803E-01
 2.93282170E-01
 5.16050442E-02
 2.13408798E-01
 1.92834101E-01
 3.98367198E-02
 6.52696464E-03
 8.98462344E-03
 2.17395355E-01
 2.76925259E-02
 1.66438144E-02
 1.76879308E-02
 1.39436924E-02
 3.89086306E-03
 1.95094735E-02
 3.56792133E-02
 5.04555434E-02
 6.30371133E-02
 7.19126734E-02
 7.38476838E-02
 6.04414566E-02
 2.59154243E-02
 1.84360098E+00
 5.16541102E-01
 2.31274143E-01
 1.65578229E-01
 1.38177752E-01
 1.16339706E-01
 9.70111784E-02
 8.22480822E-02
 7.42353230E-02
 6.48271846E-02
 5.44572812E-02
 4.33944609E-02
 3.18144601E-02
 1.98371572E-02
 7.54726653E-03
 4.76534515E-03
 1.12740676E-02
 1.58022664E-02
 1.86886946E-02
 2.01990431E-02
 2.05446792E-02
 1.98959016E-02
 1.83914948E-02
 1.76536976E-02
 1.69988273E-02
 1.56557603E-02
 1.36958889E-02
 1.11947282E-02
 8.21222913E-03
 4.80007294E-03
 1.00307683E-03
 4.04775238E-03
 8.11228958E-03
 1.15655501E-02
 1.44636846E-02
 1.68564383E-02
 1.87880574E-02
 2.02980469E-02
 2.14218078E-02
 2.21911748E-02
 2.26348732E-02
 2.27789081E-02
 2.26468976E-02
 2.22603603E-02
 2.16389621E-02
 2.08007315E-02
 1.99126671E-02
 1.96386323E-02
 1.91718068E-02
 1.85266088E-02
 1.77164394E-02
 1.67537914E-02
 1.56503474E-02
 1.44170664E-02
 1.30642619E-02
 1.16016723E-02
 1.00385244E-02
 8.38359125E-03
 6.64524509E-03
 4.83150580E-03
 2.95008589E-03
 1.00843223E-03
 1.22075608E-02
 3.64150346E-02
 6.03052850E-02
 8.38842898E-02
 1.07157036E-01
 1.30127548E-01
 1.52798902E-01
 1.75173244E-01
 1.97251794E-01
 2.19034840E-01
 2.40521737E-01
 2.61710887E-01
 2.82599719E-01
 3.03184656E-01
 3.23461079E-01
 3.43423278E-01
 3.63395202E-01
 3.83094160E-01
 4.02449141E-01
 4.21449422E-01
 4.40082761E-01
 4.58335272E-01
 4.76191280E-01
 4.93643470E-01
 5.11307199E-01
 5.28505200E-01
 5.45212565E-01
 5.61460732E-01
 5.77679067E-01
 5.93384826E-01
 6.08933262E-01
 5.37807546E-01
 9.80333886E-02
 3.36703994E-01
 7.68510901E-01
 1.30148767E+00
 6.42214530E+00
 1.89040211E+00
 2.35592385E+00
 2.74212427E+00
 3.11608540E+00
 3.47305367E+00
 3.81440912E+00
 4.14367459E+00
 4.45795208E+00
 4.76030577E+00
 5.03694826E+00
 5.78450943E+00
 6.76459783E+00
 2.91174065E+00
 5.41962776E+00
 9.10219028E+00
 9.82367245E+00
 1.03829146E+01
 1.07243375E+01
 1.04360045E+01
 9.81660456E+00
 1.08756526E+01
 1.17321983E+01
 8.23675964E+00
 4.42849365E+00
 1.88866132E+00
 1.25717114E-01
 3.78990940E+00
 1.44377601E+01
 4.23282893E+01
 1.46798040E+02
 1.10506111E+03
 1.35656368E+02
 7.39987094E+01
 5.02126541E+01
 3.89917455E+01
 3.15396133E+01
 2.60144409E+01
 2.16138406E+01
 1.79586013E+01
 1.47759612E+01
 1.19272949E+01
 9.65937706E+00
 8.72235579E+00
 7.85629023E+00
 7.04639894E+00
 6.28179999E+00
 5.55430249E+00
 4.85762135E+00
 4.18685192E+00
 3.54115215E+00
 2.91897443E+00
 2.31300131E+00
 1.72117513E+00
 1.14179006E+00
 5.73419318E-01
 1.48598040E-02
 5.34910619E-01
 7.54059465E-01
 7.21452042E-01
 6.89883304E-01
 6.59254797E-01
 6.29480587E-01
 6.00485307E-01
 5.72202574E-01
 5.44573671E-01
 5.17546463E-01
 4.91074489E-01
 4.65116198E-01
 4.39634312E-01
 4.14595280E-01
 3.89968818E-01
 3.65727512E-01
 3.41846482E-01
 3.18303088E-01
 2.95076681E-01
 2.72148383E-01
 2.49500894E-01
 2.27118332E-01
 2.04986083E-01
 1.83090672E-01
 1.61419658E-01
 1.39961527E-01
 1.18705606E-01
 9.76424335E-02
 7.67619110E-02
 5.60558817E-02
 3.55163510E-02
 1.51356452E-02
 2.77995239E-04
 1.15650023E-03
 1.98073417E-03
 2.75313692E-03
 3.47599613E-03
 4.15145925E-03
 4.78154424E-03
 5.36814945E-03
 5.91306252E-03
 6.41796855E-03
 6.88445747E-03
 7.31403088E-03
 7.70810821E-03
 8.06803245E-03
 8.39507531E-03
 8.69044206E-03
 8.95527592E-03
 9.19066208E-03
 9.39763151E-03
 9.57716432E-03
 9.73019303E-03
 9.85760546E-03
 9.96024749E-03
 1.00389256E-02
 1.00944090E-02
 1.01274324E-02
 1.01386972E-02
 1.01288740E-02
 1.00986042E-02
 1.00485015E-02
 9.97915354E-03
 9.89112331E-03
 9.78495042E-03
 9.66115241E-03
 9.52022588E-03
 9.36264759E-03
 9.18887546E-03
 8.99934956E-03
 8.79449297E-03
 8.57471264E-03
 8.34040020E-03
 8.09193268E-03
 7.82967322E-03
 7.55397172E-03
 7.26516549E-03
 6.96357982E-03
 6.64952850E-03
 6.32331442E-03
 5.98522999E-03
 5.63555765E-03
 5.27457030E-03
 4.90253169E-03
 4.51969687E-03
 4.12631252E-03
 3.72261731E-03
 3.30884227E-03
 2.88521107E-03
 2.45194033E-03
 2.00923993E-03
 1.55731326E-03
 1.09635751E-03
 6.26563851E-04
 1.48117761E-04
 4.02039528E-05
 1.50615244E-04
 2.51954474E-04
 3.44404277E-04
 4.28142091E-04
 5.03340349E-04
 5.70166664E-04
 6.28784007E-04
 6.79350867E-04
 7.22021420E-04
 7.56945679E-04
 7.84269638E-04
 8.04135416E-04
 8.16681389E-04
 8.22042321E-04
 8.20349482E-04
 8.11730773E-04
 7.96310832E-04
 7.74211148E-04
 7.45550160E-04
 7.10443361E-04
 6.69003391E-04
 6.21340130E-04
 5.67560786E-04
 5.07769978E-04
 4.42069821E-04
 3.70560001E-04
 2.93337852E-04
 2.10498428E-04
 1.22134571E-04
 2.83369808E-05
 3.31879541E-05
 1.73012140E-05
 6.72216458E-06
 1.35740106E-06
 1.14220365E-06
 5.98573472E-06
 1.58086433E-05
 3.05333073E-05
 3.61431491E-05
 3.16866824E-05
 3.19385534E-05
 3.68271287E-05
 1.78541968E-02
 4.92027073E-02
 1.08250673E-01
 1.06229460E-01
 1.22033104E-04
 2.05211563E-04
 2.57443765E-04
 2.79175869E-04
 2.70844303E-04
 2.32876060E-04
 1.65688973E-04
 6.96919868E-05
 8.48873623E-05
 1.01670854E-04
 9.15027471E-05
 5.47496344E-05
 9.66272749E-02
 2.02815740E-01
 4.55893286E-01
 9.87027322E-01
 9.74139683E-01
 9.61336978E-01
 9.48619104E-01
 9.35985959E-01
 9.23437436E-01
 9.10973433E-01
 8.98593844E-01
 8.86298564E-01
 8.74087487E-01
 8.61960507E-01
 8.49917519E-01
 8.37958414E-01
 8.26083087E-01
 8.14291429E-01
 8.02583333E-01
 7.90958691E-01
 7.79417393E-01
 7.67959331E-01
 7.56584396E-01
 7.45292478E-01
 7.34083466E-01
 7.22957250E-01
 7.11913719E-01
 7.00952761E-01
 6.90074266E-01
 6.79278120E-01
 6.68564212E-01
 6.57932428E-01
 6.47382654E-01
 6.36914778E-01
 6.26528685E-01
 6.16224261E-01
 6.06001390E-01
 5.95859957E-01
 5.85799846E-01
 5.75820941E-01
 5.65923126E-01
 5.56106283E-01
 5.46370295E-01
 5.36715044E-01
 5.27140412E-01
 5.17646280E-01
 5.08232529E-01
 4.98899038E-01
 4.89645689E-01
 4.80472361E-01
 4.71378933E-01
 4.62365283E-01
 4.53431289E-01
 4.44576830E-01
 4.35801783E-01
 4.27106025E-01
 4.18489432E-01
 4.09951880E-01
 4.01493244E-01
 3.93113401E-01
 3.84812224E-01
 3.76589588E-01
 3.68445365E-01
 3.60379431E-01
 3.52391657E-01
 3.44481916E-01
 3.36650080E-01
 3.28896019E-01
 3.21219606E-01
 3.13620710E-01
 3.06099202E-01
 2.98654950E-01
 2.91287825E-01
 2.83997694E-01
 2.76784426E-01
 2.69647888E-01
 2.62587947E-01
 2.55604470E-01
 2.48697324E-01
 2.41866373E-01
 2.35111483E-01
 2.28432518E-01
 2.21829343E-01
 2.15301821E-01
 2.08849815E-01
 2.02473188E-01
 1.96171803E-01
 1.89945520E-01
 1.83794200E-01
 1.77717705E-01
 1.71715895E-01
 1.65788628E-01
 1.59935764E-01
 1.54157161E-01
 1.48452678E-01
 1.42822171E-01
 1.37265498E-01
 1.31782515E-01
 1.26373078E-01
 1.21037041E-01
 1.15774261E-01
 1.10584590E-01
 1.05467884E-01
 1.00423994E-01
 9.54527728E-02
 9.05540733E-02
 8.57277465E-02
 8.09736433E-02
 7.62916140E-02
 7.16815084E-02
 6.71431756E-02
 6.26764643E-02
 5.82812226E-02
 5.39572978E-02
 4.97045369E-02
 4.55227862E-02
 4.14118915E-02
 3.73716978E-02
 3.34020499E-02
 2.95027915E-02
 2.56737662E-02
 2.19148167E-02
 1.82257852E-02
 1.46065133E-02
 1.10568419E-02
 7.57661157E-03
 4.16566194E-03
 8.23832215E-04
 5.73007082E-02
 1.33038426E-01
 2.08020831E-01
 2.82249426E-01
 3.55725722E-01
 4.28451232E-01
 5.00427479E-01
 5.71655990E-01
 6.42138297E-01
 7.11875938E-01
 7.80870460E-01
 8.49123412E-01
 9.16636351E-01
 9.83410840E-01
 1.04944845E+00
 1.11475075E+00
 1.17931932E+00
 1.24315576E+00
 1.30626165E+00
 1.36863860E+00
 1.43028821E+00
 1.49121208E+00
 1.55141185E+00
 1.61088913E+00
 1.66964556E+00
 1.72768277E+00
 1.78500241E+00
 1.84160612E+00
 1.89749557E+00
 1.95267241E+00
 2.00713832E+00
 1.91925418E+00
 1.65099940E+00
 1.38543642E+00
 1.12255938E+00
 8.62362359E-01
 6.04839440E-01
 3.49984673E-01
 9.77920851E-02
 1.63925865E+01
 7.42036047E-01
 5.47739786E-01
 3.25962974E-01
 8.03479162E-02
 1.96926423E-01
 1.84353250E-01
 3.84220632E-02
 6.71778888E-03
 9.01603199E-03
 2.21501047E-01
 2.85358122E-02
 1.65366724E-02
 1.76740689E-02
 1.40764441E-02
 4.25710971E-03
 1.97686602E-02
 3.57733313E-02
 5.03353971E-02
 6.26423557E-02
 7.11787630E-02
 7.27527646E-02
 5.92853473E-02
 2.58606556E-02
 1.55158601E+00
 6.57999318E-01
 2.47877671E-01
 1.71789346E-01
 1.41561001E-01
 1.18296171E-01
 9.81007767E-02
 8.28870540E-02
 7.48081750E-02
 6.53260747E-02
 5.48818274E-02
 4.37471599E-02
 3.20987960E-02
 2.00567986E-02
 7.70572911E-03
 4.90789183E-03
 1.14308733E-02
 1.59544767E-02
 1.88228027E-02
 2.03052989E-02
 2.06160137E-02
 1.99271840E-02
 1.83790129E-02
 1.76414927E-02
 1.70068603E-02
 1.56781234E-02
 1.37276154E-02
 1.12317589E-02
 8.25119043E-03
 4.83814894E-03
 1.03790930E-03
 4.08895580E-03
 8.15872698E-03
 1.16137568E-02
 1.45106946E-02
 1.68997071E-02
 1.88253980E-02
 2.03275774E-02
 2.14419076E-02
 2.22004480E-02
 2.26321180E-02
 2.27630913E-02
 2.26171330E-02
 2.22158899E-02
 2.15791411E-02
 2.07250148E-02
 1.98249122E-02
 1.95613260E-02
 1.91039287E-02
 1.84672473E-02
 1.76647811E-02
 1.67091128E-02
 1.56120071E-02
 1.43844984E-02
 1.30369703E-02
 1.15792259E-02
 1.00205526E-02
 8.36978041E-03
 6.63533547E-03
 4.82528882E-03
 2.94740202E-03
 1.00916928E-03
 7.75973346E-03
 2.31850748E-02
 3.84335663E-02
 5.35061319E-02
 6.84031279E-02
 8.31243456E-02
 9.76690103E-02
 1.12035776E-01
 1.26222716E-01
 1.40227309E-01
 1.54046420E-01
 1.67676278E-01
 1.81112446E-01
 1.94349789E-01
 2.07382429E-01
 2.20203704E-01
 2.33146071E-01
 2.45918883E-01
 2.58449409E-01
 2.70727240E-01
 2.82740794E-01
 2.94477204E-01
 3.05922194E-01
 3.17070538E-01
 3.28557250E-01
 3.39689762E-01
 3.50446379E-01
 3.60863933E-01
 3.71388728E-01
 3.81530826E-01
 3.91662005E-01
 3.55326431E-01
 1.21986939E-01
 1.09893552E-01
 3.42611702E-01
 6.83224253E-01
 5.73861921E+00
 8.87422416E-01
 1.17205971E+00
 1.38024907E+00
 1.58122886E+00
 1.77054940E+00
 1.95013401E+00
 2.12419583E+00
 2.29047059E+00
 2.45294662E+00
 2.59849941E+00
 3.29974721E+00
 4.30195730E+00
 3.62029792E-01
 2.94632017E+00
 6.73930144E+00
 7.51260044E+00
 8.13390555E+00
 8.54952430E+00
 8.43958459E+00
 8.04195799E+00
 9.34521135E+00
 1.04212834E+01
 7.21168333E+00
 3.73544713E+00
 1.51958860E+00
 7.78142181E-02
 3.62777524E+00
 1.39904498E+01
 4.22306897E+01
 1.62286175E+02
 4.68693019E+02
 1.05440134E+02
 5.89973586E+01
 3.94031285E+01
 3.03160888E+01
 2.41019404E+01
 1.93898560E+01
 1.55685820E+01
 1.23498217E+01
 9.51156269E+00
 6.94398269E+00
 4.96846461E+00
 4.48483039E+00
 4.03568196E+00
 3.61392255E+00
 3.21430923E+00
 2.83288357E+00
 2.46660003E+00
 2.11307632E+00
 1.77334191E+00
 1.44738491E+00
 1.12937569E+00
 8.18317067E-01
 5.13381104E-01
 2.13874327E-01
 8.07888083E-02
 3.71106394E-01
 4.84161403E-01
 4.62253550E-01
 4.41138861E-01
 4.20742094E-01
 4.00997541E-01
 3.81847551E-01
 3.63241325E-01
 3.45133916E-01
 3.27485402E-01
 3.10260200E-01
 2.93426482E-01
 2.76955685E-01
 2.60822101E-01
 2.45002524E-01
 2.29475946E-01
 2.14223300E-01
 1.99227236E-01
 1.84471930E-01
 1.69942918E-01
 1.55626945E-01
 1.41511844E-01
 1.27586421E-01
 1.13840360E-01
 1.00264132E-01
 8.68489233E-02
 7.35865678E-02
 6.04699062E-02
 4.74910590E-02
 3.46438589E-02
 2.19221974E-02
 9.32016719E-03
 2.83146559E-04
 1.15766088E-03
 1.97822008E-03
 2.74724244E-03
 3.46699582E-03
 4.13960944E-03
 4.76708445E-03
 5.35130374E-03
 5.89404064E-03
 6.39696702E-03
 6.86166059E-03
 7.28961160E-03
 7.68222897E-03
 8.04084592E-03
 8.36672510E-03
 8.66106334E-03
 8.92499597E-03
 9.15960090E-03
 9.36590223E-03
 9.54487371E-03
 9.69744190E-03
 9.82448904E-03
 9.92685579E-03
 1.00053437E-02
 1.00607176E-02
 1.00937076E-02
 1.01050113E-02
 1.00952955E-02
 1.00651979E-02
 1.00153290E-02
 9.94627321E-03
 9.85859056E-03
 9.75281790E-03
 9.62947012E-03
 9.48904135E-03
 9.33200598E-03
 9.15881974E-03
 8.96992059E-03
 8.76572964E-03
 8.54665198E-03
 8.31307747E-03
 8.06538144E-03
 7.80392546E-03
 7.52905794E-03
 7.24111475E-03
 6.94041981E-03
 6.62728567E-03
 6.30201397E-03
 5.96489598E-03
 5.61621304E-03
 5.25623699E-03
 4.88523061E-03
 4.50344799E-03
 4.11113492E-03
 3.70852922E-03
 3.29586110E-03
 2.87335345E-03
 2.44122216E-03
 1.99967641E-03
 1.54891892E-03
 1.08914621E-03
 6.20548888E-04
 1.43311820E-04
 3.57507002E-05
 1.46006825E-04
 2.47203922E-04
 3.39524079E-04
 4.23144212E-04
 4.98236256E-04
 5.64967345E-04
 6.23499990E-04
 6.73992245E-04
 7.16597866E-04
 7.51466463E-04
 7.78743646E-04
 7.98571166E-04
 8.11087045E-04
 8.16425708E-04
 8.14718102E-04
 8.06091813E-04
 7.90671184E-04
 7.68577414E-04
 7.39928670E-04
 7.04840179E-04
 6.63424328E-04
 6.15790754E-04
 5.62046430E-04
 5.02295753E-04
 4.36640619E-04
 3.65180510E-04
 2.88012559E-04
 2.05231628E-04
 1.16930376E-04
 2.31993261E-05
 3.82854012E-05
 2.24210566E-05
 1.18609464E-05
 6.52037837E-06
 6.30902260E-06
 1.11620360E-05
 2.09915519E-05
 3.57200802E-05
 4.13379258E-05
 3.68941676E-05
 3.71563805E-05
 4.20530444E-05
 1.71549214E-02
 4.72874122E-02
 1.05877090E-01
 1.08162858E-01
 1.28721035E-04
 2.12068698E-04
 2.64405950E-04
 2.86180249E-04
 2.77829293E-04
 2.39781304E-04
 1.72455311E-04
 7.62614236E-05
 9.14858203E-05
 1.08303279E-04
 9.81166221E-05
 6.12934479E-05
 9.28921495E-02
 1.94986643E-01
 4.47986168E-01
 9.87027577E-01
 9.74140188E-01
 9.61337729E-01
 9.48620098E-01
 9.35987189E-01
 9.23438900E-01
 9.10975125E-01
 8.98595759E-01
 8.86300699E-01
 8.74089837E-01
 8.61963068E-01
 8.49920286E-01
 8.37961383E-01
 8.26086254E-01
 8.14294789E-01
 8.02586882E-01
 7.90962424E-01
 7.79421307E-01
 7.67963421E-01
 7.56588658E-01
 7.45296907E-01
 7.34088058E-01
 7.22962001E-01
 7.11918624E-01
 7.00957817E-01
 6.90079467E-01
 6.79283463E-01
 6.68569692E-01
 6.57938041E-01
 6.47388397E-01
 6.36920646E-01
 6.26534673E-01
 6.16230365E-01
 6.06007606E-01
 5.95866281E-01
 5.85806274E-01
 5.75827469E-01
 5.65929749E-01
 5.56112997E-01
 5.46377096E-01
 5.36721928E-01
 5.27147375E-01
 5.17653317E-01
 5.08239636E-01
 4.98906213E-01
 4.89652926E-01
 4.80479656E-01
 4.71386281E-01
 4.62372681E-01
 4.53438734E-01
 4.44584317E-01
 4.35809308E-01
 4.27113583E-01
 4.18497020E-01
 4.09959494E-01
 4.01500880E-01
 3.93121054E-01
 3.84819891E-01
 3.76597264E-01
 3.68453048E-01
 3.60387116E-01
 3.52399340E-01
 3.44489592E-01
 3.36657746E-01
 3.28903671E-01
 3.21227240E-01
 3.13628322E-01
 3.06106788E-01
 2.98662507E-01
 2.91295348E-01
 2.84005180E-01
 2.76791870E-01
 2.69655287E-01
 2.62595298E-01
 2.55611768E-01
 2.48704565E-01
 2.41873553E-01
 2.35118599E-01
 2.28439566E-01
 2.21836319E-01
 2.15308721E-01
 2.08856636E-01
 2.02479926E-01
 1.96178453E-01
 1.89952079E-01
 1.83800666E-01
 1.77724072E-01
 1.71722160E-01
 1.65794787E-01
 1.59941814E-01
 1.54163098E-01
 1.48458498E-01
 1.42827871E-01
 1.37271074E-01
 1.31787963E-01
 1.26378394E-01
 1.21042223E-01
 1.15779304E-01
 1.10589492E-01
 1.05472639E-01
 1.00428599E-01
 9.54572257E-02
 9.05583697E-02
 8.57318828E-02
 8.09776160E-02
 7.62954196E-02
 7.16851432E-02
 6.71466363E-02
 6.26797473E-02
 5.82843243E-02
 5.39602148E-02
 4.97072658E-02
 4.55253235E-02
 4.14142337E-02
 3.73738415E-02
 3.34039916E-02
 2.95045279E-02
 2.56752938E-02
 2.19161322E-02
 1.82268851E-02
 1.46073943E-02
 1.10575007E-02
 7.57704465E-03
 4.16586603E-03
 8.23803991E-04
 5.49979095E-02
 1.27690418E-01
 1.99656481E-01
 2.70897547E-01
 3.41415067E-01
 4.11210501E-01
 4.80285312E-01
 5.48640970E-01
 6.16278951E-01
 6.83200736E-01
 7.49407811E-01
 8.14901669E-01
 8.79683809E-01
 9.43755734E-01
 1.00711895E+00
 1.06977499E+00
 1.13172535E+00
 1.19297158E+00
 1.25351520E+00
 1.31335775E+00
 1.37250078E+00
 1.43094584E+00
 1.48869449E+00
 1.54574830E+00
 1.60210882E+00
 1.65777764E+00
 1.71275634E+00
 1.76704651E+00
 1.82064974E+00
 1.87356763E+00
 1.92580179E+00
 1.84146880E+00
 1.58409295E+00
 1.32929766E+00
 1.07707731E+00
 8.27426224E-01
 5.80338739E-01
 3.35809147E-01
 9.38317261E-02
 1.57282205E+01
 4.13135159E+01
 5.69372221E-01
 3.58202593E-01
 1.08701927E-01
 1.80653318E-01
 1.75966308E-01
 3.69971634E-02
 6.87306653E-03
 9.01382584E-03
 2.25557961E-01
 2.93964265E-02
 1.63953809E-02
 1.76226084E-02
 1.41664334E-02
 4.57243422E-03
 1.99753457E-02
 3.58145906E-02
 5.01635149E-02
 6.21996594E-02
 7.04052707E-02
 7.16323652E-02
 5.81043532E-02
 2.56362197E-02
 1.34683276E+00
 9.06927572E-01
 2.67070231E-01
 1.78477404E-01
 1.45092979E-01
 1.20297077E-01
 9.91928952E-02
 8.35140354E-02
 7.53694310E-02
 6.58134676E-02
 5.52949478E-02
 4.40885448E-02
 3.23719780E-02
 2.02654853E-02
 7.85346433E-03
 5.04061325E-03
 1.15790894E-02
 1.60989333E-02
 1.89497292E-02
 2.04047689E-02
 2.06808386E-02
 1.99521524E-02
 1.83603568E-02
 1.76235852E-02
 1.70097629E-02
 1.56958292E-02
 1.37550781E-02
 1.12648566E-02
 8.28649866E-03
 4.87281091E-03
 1.06953333E-03
 4.12721384E-03
 8.20245827E-03
 1.16594590E-02
 1.45553708E-02
 1.69407871E-02
 1.88606737E-02
 2.03551491E-02
 2.14601399E-02
 2.22079328E-02
 2.26276435E-02
 2.27456157E-02
 2.25857628E-02
 2.21698614E-02
 2.15178046E-02
 2.06478211E-02
 1.97357298E-02
 1.94827108E-02
 1.90348514E-02
 1.84067880E-02
 1.76121195E-02
 1.66635192E-02
 1.55728346E-02
 1.43511766E-02
 1.30089990E-02
 1.15561704E-02
 1.00020395E-02
 8.35549369E-03
 6.62501327E-03
 4.81872102E-03
 2.94442793E-03
 1.00967594E-03
 7.14542229E-04
 2.22763006E-03
 3.78820516E-03
 5.38912057E-03
 7.02334236E-03
 8.68391549E-03
 1.03639301E-02
 1.20564880E-02
 1.37546693E-02
 1.54514980E-02
 1.71399069E-02
 1.88127019E-02
 2.04625237E-02
 2.20818078E-02
 2.36627421E-02
 2.51972212E-02
 2.70259258E-02
 2.88501472E-02
 3.05955320E-02
 3.22523031E-02
 3.38100731E-02
 3.52577636E-02
 3.65835141E-02
 3.77854696E-02
 3.95198804E-02
 4.10807406E-02
 4.24517893E-02
 4.36778446E-02
 4.52251603E-02
 4.66000661E-02
 4.81948561E-02
 4.36267293E-02
 1.37982744E-02
 1.80982056E-02
 5.45477139E-02
 2.05559640E-01
 5.19830175E+00
 3.04043061E-02
 1.36743936E-01
 1.69447813E-01
 1.99907054E-01
 2.23974768E-01
 2.44116764E-01
 2.65236280E-01
 2.85704404E-01
 3.10436505E-01
 3.26978596E-01
 9.83613097E-01
 2.00919900E+00
 2.01575653E+00
 6.45484131E-01
 4.54864066E+00
 5.37394489E+00
 6.05718593E+00
 6.54656441E+00
 6.61268198E+00
 6.43292777E+00
 7.97127418E+00
 9.25385325E+00
 6.31573923E+00
 3.15395801E+00
 1.23290740E+00
 6.75452287E-02
 3.44791954E+00
 1.35360373E+01
 4.22589404E+01
 1.86140107E+02
 2.73929449E+02
 8.19486215E+01
 4.61789899E+01
 2.98289646E+01
 2.25013004E+01
 1.73354046E+01
 1.33236867E+01
 1.00073697E+01
 7.17224124E+00
 4.63863191E+00
 2.32094319E+00
 6.12078625E-01
 5.59213431E-01
 5.07877901E-01
 4.57776154E-01
 4.08688389E-01
 3.60447743E-01
 3.12925121E-01
 2.66018963E-01
 2.22446650E-01
 1.83589726E-01
 1.44994130E-01
 1.06634442E-01
 6.84893030E-02
 3.05405952E-02
 7.22718881E-03
 4.48274310E-02
 5.81579801E-02
 5.30585471E-02
 4.83783823E-02
 4.40769605E-02
 4.01188951E-02
 3.64731457E-02
 3.31123689E-02
 3.00123819E-02
 2.71517166E-02
 2.45112474E-02
 2.20738791E-02
 1.98242824E-02
 1.77486712E-02
 1.58346111E-02
 1.40708574E-02
 1.24472149E-02
 1.09544172E-02
 9.58402282E-03
 8.32832426E-03
 7.18026956E-03
 6.13339323E-03
 5.18175598E-03
 4.31989174E-03
 3.54276087E-03
 2.84570896E-03
 2.22443025E-03
 1.67532483E-03
 1.19392873E-03
 7.77155680E-04
 4.21813562E-04
 1.24727739E-04
 2.87584788E-04
 1.15816868E-03
 1.97510967E-03
 2.74080476E-03
 3.45750228E-03
 4.12731343E-03
 4.75222283E-03
 5.33409805E-03
 5.87469831E-03
 6.37568243E-03
 6.83861604E-03
 7.26497818E-03
 7.65616739E-03
 8.01350724E-03
 8.33825141E-03
 8.63158838E-03
 8.89464575E-03
 9.12849414E-03
 9.33415092E-03
 9.51258354E-03
 9.66471264E-03
 9.79141497E-03
 9.89352603E-03
 9.97184254E-03
 1.00271248E-02
 1.00600986E-02
 1.00714577E-02
 1.00618650E-02
 1.00319548E-02
 9.98233423E-03
 9.91358461E-03
 9.82626301E-03
 9.72090353E-03
 9.59801844E-03
 9.45809941E-03
 9.30161854E-03
 9.12902933E-03
 8.94076770E-03
 8.73725278E-03
 8.51888781E-03
 8.28606090E-03
 8.03914574E-03
 7.77850231E-03
 7.50447752E-03
 7.21740585E-03
 6.91760987E-03
 6.60540087E-03
 6.28107927E-03
 5.94493520E-03
 5.59724891E-03
 5.23829122E-03
 4.86832391E-03
 4.48760014E-03
 4.09636481E-03
 3.69485490E-03
 3.28329980E-03
 2.86192165E-03
 2.43093559E-03
 1.99055012E-03
 1.54096727E-03
 1.08238296E-03
 6.14987173E-04
 1.38964198E-04
 3.17600900E-05
 1.41864871E-04
 2.42923539E-04
 3.35117643E-04
 4.18623578E-04
 4.93612783E-04
 5.60251919E-04
 6.18703044E-04
 6.69123776E-04
 7.11667457E-04
 7.46483296E-04
 7.73716525E-04
 7.93508526E-04
 8.05996972E-04
 8.11315952E-04
 8.09596089E-04
 8.00964664E-04
 7.85545721E-04
 7.63460175E-04
 7.34825919E-04
 6.99757921E-04
 6.58368314E-04
 6.10766495E-04
 5.57059205E-04
 4.97350617E-04
 4.31742415E-04
 3.60333874E-04
 2.83221929E-04
 2.00501254E-04
 1.12264325E-04
 1.86014886E-05
 4.28414358E-05
 2.69980112E-05
 1.64554043E-05
 1.11290760E-05
 1.09287606E-05
 1.57899335E-05
 2.56247692E-05
 4.03559083E-05
 4.59805489E-05
 4.15483342E-05
 4.18197550E-05
 4.67234043E-05
 1.64558531E-02
 4.53717143E-02
 1.03502849E-01
 1.10097212E-01
 1.34715708E-04
 2.18233003E-04
 2.70675626E-04
 2.92492347E-04
 2.84122131E-04
 2.45994433E-04
 1.78529484E-04
 8.21385570E-05
 9.73919224E-05
 1.14243254E-04
 1.04037878E-04
 6.71444020E-05
 8.91540657E-02
 1.87150544E-01
 4.40071760E-01
 9.87027832E-01
 9.74140694E-01
 9.61338481E-01
 9.48621091E-01
 9.35988420E-01
 9.23440363E-01
 9.10976817E-01
 8.98597676E-01
 8.86302835E-01
 8.74092188E-01
 8.61965630E-01
 8.49923054E-01
 8.37964354E-01
 8.26089422E-01
 8.14298151E-01
 8.02590433E-01
 7.90966160E-01
 7.79425223E-01
 7.67967513E-01
 7.56592921E-01
 7.45301338E-01
 7.34092652E-01
 7.22966754E-01
 7.11923532E-01
 7.00962875E-01
 6.90084671E-01
 6.79288809E-01
 6.68575176E-01
 6.57943658E-01
 6.47394143E-01
 6.36926516E-01
 6.26540664E-01
 6.16236472E-01
 6.06013825E-01
 5.95872608E-01
 5.85812705E-01
 5.75833999E-01
 5.65936375E-01
 5.56119715E-01
 5.46383901E-01
 5.36728816E-01
 5.27154341E-01
 5.17660359E-01
 5.08246748E-01
 4.98913391E-01
 4.89660167E-01
 4.80486955E-01
 4.71393635E-01
 4.62380085E-01
 4.53446183E-01
 4.44591808E-01
 4.35816837E-01
 4.27121147E-01
 4.18504613E-01
 4.09967113E-01
 4.01508521E-01
 3.93128713E-01
 3.84827563E-01
 3.76604947E-01
 3.68460736E-01
 3.60394805E-01
 3.52407027E-01
 3.44497274E-01
 3.36665418E-01
 3.28911329E-01
 3.21234880E-01
 3.13635941E-01
 3.06114381E-01
 2.98670070E-01
 2.91302878E-01
 2.84012672E-01
 2.76799321E-01
 2.69662693E-01
 2.62602655E-01
 2.55619072E-01
 2.48711812E-01
 2.41880740E-01
 2.35125722E-01
 2.28446621E-01
 2.21843302E-01
 2.15315628E-01
 2.08863464E-01
 2.02486671E-01
 1.96185111E-01
 1.89958647E-01
 1.83807138E-01
 1.77730447E-01
 1.71728432E-01
 1.65800954E-01
 1.59947872E-01
 1.54169043E-01
 1.48464326E-01
 1.42833579E-01
 1.37276658E-01
 1.31793419E-01
 1.26383719E-01
 1.21047413E-01
 1.15784356E-01
 1.10594401E-01
 1.05477403E-01
 1.00433214E-01
 9.54616873E-02
 9.05626748E-02
 8.57360279E-02
 8.09815975E-02
 7.62992340E-02
 7.16887871E-02
 6.71501060E-02
 6.26830394E-02
 5.82874353E-02
 5.39631412E-02
 4.97100041E-02
 4.55278702E-02
 4.14165854E-02
 3.73759948E-02
 3.34059430E-02
 2.95062740E-02
 2.56768313E-02
 2.19174575E-02
 1.82279950E-02
 1.46082853E-02
 1.10581694E-02
 7.57748783E-03
 4.16608029E-03
 8.23786002E-04
 5.26947616E-02
 1.22341610E-01
 1.91290882E-01
 2.59543969E-01
 3.27102268E-01
 3.93967179E-01
 4.60140110E-01
 5.25622474E-01
 5.90415688E-01
 6.54521176E-01
 7.17940366E-01
 7.80674694E-01
 8.42725598E-01
 9.04094525E-01
 9.64782925E-01
 1.02479226E+00
 1.08412398E+00
 1.14277956E+00
 1.20076048E+00
 1.25806822E+00
 1.31470425E+00
 1.37067007E+00
 1.42596718E+00
 1.48059708E+00
 1.53456128E+00
 1.58786130E+00
 1.64049864E+00
 1.69247485E+00
 1.74379144E+00
 1.79444997E+00
 1.84445197E+00
 1.76367067E+00
 1.51717549E+00
 1.27314962E+00
 1.03158769E+00
 7.92484268E-01
 5.55833935E-01
 3.21631233E-01
 8.98706875E-02
 1.50637424E+01
 3.95681377E+01
 5.90725763E-01
 3.90007514E-01
 1.36673085E-01
 1.64586061E-01
 1.67671634E-01
 3.55621712E-02
 6.99344344E-03
 8.97865320E-03
 2.29567192E-01
 3.02740038E-02
 1.62207562E-02
 1.75345302E-02
 1.42148874E-02
 4.83845978E-03
 2.01313954E-02
 3.58051099E-02
 4.99422728E-02
 6.17115967E-02
 6.95947406E-02
 7.04885000E-02
 5.69011364E-02
 2.52719323E-02
 1.19514851E+00
 1.46372177E+00
 2.89564806E-01
 1.85713095E-01
 1.48788679E-01
 1.22345757E-01
 1.00287609E-01
 8.41283339E-02
 7.59185137E-02
 6.62888614E-02
 5.56961983E-02
 4.44182195E-02
 3.26336504E-02
 2.04628969E-02
 7.99018199E-03
 5.16326066E-03
 1.17185102E-02
 1.62354604E-02
 1.90693196E-02
 2.04973143E-02
 2.07390278E-02
 1.99706901E-02
 1.83354181E-02
 1.75998786E-02
 1.70074505E-02
 1.57088030E-02
 1.37782104E-02
 1.12939612E-02
 8.31809940E-03
 4.90400912E-03
 1.09790321E-03
 4.16248516E-03
 8.24344598E-03
 1.17026225E-02
 1.45976818E-02
 1.69796492E-02
 1.88938572E-02
 2.03807366E-02
 2.14764810E-02
 2.22136069E-02
 2.26214283E-02
 2.27264608E-02
 2.25527677E-02
 2.21222564E-02
 2.14549348E-02
 2.05691335E-02
 1.96451038E-02
 1.94027717E-02
 1.89645607E-02
 1.83452178E-02
 1.75584423E-02
 1.66169990E-02
 1.55328192E-02
 1.43170907E-02
 1.29803384E-02
 1.15324969E-02
 9.98297670E-03
 8.34072298E-03
 6.61427087E-03
 4.81179519E-03
 2.94115684E-03
 1.00994582E-03
 6.26555561E-04
 1.96981853E-03
 3.36327460E-03
 4.79963376E-03
 6.27172741E-03
 7.77247333E-03
 9.29484130E-03
 1.08318189E-02
 1.23763773E-02
 1.39214364E-02
 1.54598291E-02
 1.69842651E-02
 1.84872914E-02
 1.99612526E-02
 2.13982475E-02
 2.27900825E-02
 2.44865269E-02
 2.61811443E-02
 2.77977807E-02
 2.93265693E-02
 3.07570294E-02
 3.20779853E-02
 3.32774733E-02
 3.43538127E-02
 3.59805765E-02
 3.74335878E-02
 3.86964394E-02
 3.98154085E-02
 4.12691253E-02
 4.25514395E-02
 4.40651155E-02
 4.56847706E-02
 4.88778452E-02
 4.93551440E-02
 4.45458290E-02
 7.83876577E-02
 5.16664840E+00
 1.62991378E-01
 8.37260893E-02
 7.91479372E-02
 7.59966808E-02
 7.84483372E-02
 8.38868732E-02
 8.71838861E-02
 8.98855187E-02
 8.68103553E-02
 9.05345186E-02
 4.96015736E-01
 1.40729671E+00
 2.83804108E+00
 2.35113270E-01
 3.64391486E+00
 4.38933242E+00
 5.00451841E+00
 5.43992145E+00
 5.55543973E+00
 5.46854975E+00
 7.11754553E+00
 8.48271505E+00
 5.69936874E+00
 2.74351005E+00
 1.01385897E+00
 3.31529142E-02
 3.44126802E+00
 1.36246485E+01
 4.40496602E+01
 2.34906531E+02
 1.88999862E+02
 6.75950293E+01
 3.85781048E+01
 2.44294286E+01
 1.84353953E+01
 1.41274518E+01
 1.07373791E+01
 7.90861683E+00
 5.47690445E+00
 3.29187659E+00
 1.28454348E+00
 1.84859401E-01
 1.65428372E-01
 1.49949718E-01
 1.37608394E-01
 1.27798812E-01
 1.20061630E-01
 1.14042126E-01
 1.09462025E-01
 1.03423067E-01
 9.43613680E-02
 8.63406174E-02
 7.92234299E-02
 7.28957132E-02
 6.72619281E-02
 6.22414608E-02
 5.77658148E-02
 5.30312473E-02
 4.81674003E-02
 4.37128755E-02
 3.96282917E-02
 3.58792379E-02
 3.24355114E-02
 2.92704908E-02
 2.63606191E-02
 2.36849730E-02
 2.12249034E-02
 1.89637332E-02
 1.68865021E-02
 1.49797498E-02
 1.32313318E-02
 1.16302612E-02
 1.01665731E-02
 8.83120776E-03
 7.61590918E-03
 6.51313724E-03
 5.51599106E-03
 4.61814208E-03
 3.81377534E-03
 3.09753789E-03
 2.46449330E-03
 1.91008150E-03
 1.43008312E-03
 1.02096832E-03
 6.78367655E-04
 3.99247566E-04
 1.80479497E-04
 1.89487747E-05
 2.91318960E-04
 1.15803205E-03
 1.97141078E-03
 2.73383119E-03
 3.44752231E-03
 4.11457759E-03
 4.73696530E-03
 5.31653792E-03
 5.85504073E-03
 6.35411965E-03
 6.81532838E-03
 7.24013489E-03
 7.62992747E-03
 7.98602014E-03
 8.30965774E-03
 8.60202050E-03
 8.86422833E-03
 9.09734470E-03
 9.30238030E-03
 9.48029634E-03
 9.63200765E-03
 9.75838550E-03
 9.86026030E-03
 9.93842400E-03
 9.99363238E-03
 1.00266072E-02
 1.00380379E-02
 1.00285841E-02
 9.99887636E-03
 9.94951857E-03
 9.88108901E-03
 9.79414183E-03
 9.68920838E-03
 9.56679838E-03
 9.42740103E-03
 9.27148614E-03
 9.09950506E-03
 8.91189164E-03
 8.70906308E-03
 8.49142078E-03
 8.25935112E-03
 8.01322613E-03
 7.75340426E-03
 7.48023093E-03
 7.19403922E-03
 6.89515039E-03
 6.58387444E-03
 6.26051063E-03
 5.92534793E-03
 5.57866553E-03
 5.22073320E-03
 4.85181177E-03
 4.47215347E-03
 4.08200231E-03
 3.68159444E-03
 3.27115845E-03
 2.85091570E-03
 2.42108064E-03
 1.98186104E-03
 1.53345831E-03
 1.07606771E-03
 6.09878637E-04
 1.35074811E-04
 2.82320186E-05
 1.38189263E-04
 2.39113192E-04
 3.31184817E-04
 4.14580020E-04
 4.89469749E-04
 5.56020193E-04
 6.14392961E-04
 6.64745242E-04
 7.07229962E-04
 7.41995938E-04
 7.69188020E-04
 7.88947231E-04
 8.01410895E-04
 8.06712767E-04
 8.04983153E-04
 7.96349025E-04
 7.80934132E-04
 7.58859111E-04
 7.30241582E-04
 6.95196253E-04
 6.53835009E-04
 6.06267005E-04
 5.52598754E-04
 4.92934209E-04
 4.27374840E-04
 3.56019718E-04
 2.78965584E-04
 1.96306922E-04
 1.08136027E-04
 1.45430713E-05
 4.68564604E-05
 3.10324845E-05
 2.05059497E-05
 1.51924686E-05
 1.50018379E-05
 1.98698516E-05
 2.97087235E-05
 4.44412241E-05
 5.00714544E-05
 4.56496217E-05
 4.59291201E-05
 5.08386549E-05
 1.57569923E-02
 4.34556155E-02
 1.01127955E-01
 1.12032523E-01
 1.40017447E-04
 2.23704796E-04
 2.76253116E-04
 2.98112483E-04
 2.89723136E-04
 2.51515768E-04
 1.83911809E-04
 8.73237044E-05
 1.02605985E-04
 1.19491094E-04
 1.09266829E-04
 7.23028093E-05
 8.54130261E-02
 1.79307449E-01
 4.32150070E-01
 9.87028088E-01
 9.74141200E-01
 9.61339233E-01
 9.48622085E-01
 9.35989651E-01
 9.23441827E-01
 9.10978509E-01
 8.98599592E-01
 8.86304971E-01
 8.74094540E-01
 8.61968193E-01
 8.49925824E-01
 8.37967326E-01
 8.26092591E-01
 8.14301514E-01
 8.02593985E-01
 7.90969897E-01
 7.79429140E-01
 7.67971607E-01
 7.56597187E-01
 7.45305771E-01
 7.34097248E-01
 7.22971509E-01
 7.11928442E-01
 7.00967935E-01
 6.90089878E-01
 6.79294157E-01
 6.68580662E-01
 6.57949277E-01
 6.47399891E-01
 6.36932389E-01
 6.26546658E-01
 6.16242583E-01
 6.06020048E-01
 5.95878939E-01
 5.85819140E-01
 5.75840534E-01
 5.65943005E-01
 5.56126436E-01
 5.46390709E-01
 5.36735707E-01
 5.27161312E-01
 5.17667404E-01
 5.08253864E-01
 4.98920573E-01
 4.89667412E-01
 4.80494258E-01
 4.71400992E-01
 4.62387493E-01
 4.53453637E-01
 4.44599304E-01
 4.35824371E-01
 4.27128715E-01
 4.18512211E-01
 4.09974736E-01
 4.01516167E-01
 3.93136377E-01
 3.84835241E-01
 3.76612634E-01
 3.68468430E-01
 3.60402501E-01
 3.52414721E-01
 3.44504961E-01
 3.36673095E-01
 3.28918993E-01
 3.21242526E-01
 3.13643565E-01
 3.06121979E-01
 2.98677639E-01
 2.91310413E-01
 2.84020170E-01
 2.76806779E-01
 2.69670105E-01
 2.62610018E-01
 2.55626383E-01
 2.48719066E-01
 2.41887934E-01
 2.35132851E-01
 2.28453682E-01
 2.21850292E-01
 2.15322543E-01
 2.08870299E-01
 2.02493423E-01
 1.96191776E-01
 1.89965221E-01
 1.83813618E-01
 1.77736829E-01
 1.71734713E-01
 1.65807129E-01
 1.59953937E-01
 1.54174995E-01
 1.48470162E-01
 1.42839295E-01
 1.37282250E-01
 1.31798884E-01
 1.26389053E-01
 1.21052612E-01
 1.15789416E-01
 1.10599319E-01
 1.05482175E-01
 1.00437837E-01
 9.54661574E-02
 9.05669886E-02
 8.57401818E-02
 8.09855879E-02
 7.63030574E-02
 7.16924399E-02
 6.71535847E-02
 6.26863406E-02
 5.82905554E-02
 5.39660768E-02
 4.97127516E-02
 4.55304263E-02
 4.14189466E-02
 3.73781576E-02
 3.34079040E-02
 2.95080298E-02
 2.56783784E-02
 2.19187926E-02
 1.82291147E-02
 1.46091862E-02
 1.10588482E-02
 7.57794110E-03
 4.16630472E-03
 8.23778247E-04
 5.03912645E-02
 1.16992002E-01
 1.82924034E-01
 2.48188695E-01
 3.12787325E-01
 3.76721268E-01
 4.39991876E-01
 5.02600502E-01
 5.64548508E-01
 6.25837259E-01
 6.86468125E-01
 7.46442485E-01
 8.05761718E-01
 8.64427212E-01
 9.22440359E-01
 9.79802556E-01
 1.03651521E+00
 1.09257972E+00
 1.14799751E+00
 1.20277000E+00
 1.25689861E+00
 1.31038477E+00
 1.36322992E+00
 1.41543550E+00
 1.46700295E+00
 1.51793374E+00
 1.56822931E+00
 1.61789114E+00
 1.66692069E+00
 1.71531944E+00
 1.76308887E+00
 1.68585978E+00
 1.45024701E+00
 1.21699230E+00
 9.86090519E-01
 7.57536489E-01
 5.31325028E-01
 3.07450930E-01
 8.59089692E-02
 1.43991521E+01
 3.78224636E+01
 6.11792231E-01
 4.21384094E-01
 1.64267275E-01
 1.48721305E-01
 1.59467626E-01
 3.41172340E-02
 7.07954877E-03
 8.91114458E-03
 2.33529798E-01
 3.11681905E-02
 1.60135873E-02
 1.74107794E-02
 1.42229847E-02
 5.05673838E-03
 2.02385842E-02
 3.57468923E-02
 4.96738981E-02
 6.11805524E-02
 6.87494932E-02
 6.93229620E-02
 5.56779677E-02
 2.47909489E-02
 1.07814067E+00
 3.84534620E+00
 3.16362815E-01
 1.93581852E-01
 1.52665198E-01
 1.24445896E-01
 1.01385001E-01
 8.47292079E-02
 7.64548106E-02
 6.67517274E-02
 5.60851140E-02
 4.47357710E-02
 3.28834439E-02
 2.06487014E-02
 8.11558251E-03
 5.27557777E-03
 1.18489241E-02
 1.63638773E-02
 1.91814156E-02
 2.05827934E-02
 2.07904521E-02
 1.99826781E-02
 1.83040860E-02
 1.75702744E-02
 1.69998372E-02
 1.57169689E-02
 1.37969447E-02
 1.13190118E-02
 8.34593740E-03
 4.93169312E-03
 1.12297258E-03
 4.19472787E-03
 8.28165212E-03
 1.17432126E-02
 1.46375955E-02
 1.70162639E-02
 1.89249212E-02
 2.04043141E-02
 2.14909066E-02
 2.22174474E-02
 2.26134509E-02
 2.27056063E-02
 2.25181282E-02
 2.20730560E-02
 2.13905141E-02
 2.04889349E-02
 1.95530177E-02
 1.93214935E-02
 1.88930424E-02
 1.82825234E-02
 1.75037371E-02
 1.65695406E-02
 1.54919499E-02
 1.42822304E-02
 1.29509787E-02
 1.15081963E-02
 9.96335546E-03
 8.32546014E-03
 6.60310057E-03
 4.80450410E-03
 2.93758190E-03
 1.00997251E-03
 1.68060755E-03
 5.10926532E-03
 8.55409758E-03
 1.20089886E-02
 1.54678397E-02
 1.89245398E-02
 2.23729357E-02
 2.58068013E-02
 2.92198070E-02
 3.26054874E-02
 3.59572076E-02
 3.92681280E-02
 4.25311664E-02
 4.57389578E-02
 4.88838106E-02
 5.19576596E-02
 5.53195061E-02
 5.86552222E-02
 6.18868093E-02
 6.50041773E-02
 6.79965235E-02
 7.08522440E-02
 7.35588342E-02
 7.61142345E-02
 7.92086754E-02
 8.20989819E-02
 8.47676404E-02
 8.72612659E-02
 9.00695671E-02
 9.26724043E-02
 9.54812861E-02
 9.90941323E-02
 1.07400228E-01
 1.12816510E-01
 1.12703354E-01
 8.58276518E-03
 5.21815393E+00
 2.47783172E-01
 1.70857654E-01
 1.70306018E-01
 1.71047568E-01
 1.77342340E-01
 1.86489245E-01
 1.93212214E-01
 1.99066420E-01
 1.98714824E-01
 2.04986548E-01
 3.07512164E-01
 1.08255037E+00
 3.40363503E+00
 8.80336644E-01
 2.95324705E+00
 3.59890404E+00
 4.12700306E+00
 4.49050430E+00
 4.63734211E+00
 4.62536622E+00
 6.36534155E+00
 7.79182719E+00
 5.14640741E+00
 2.38404463E+00
 8.32613154E-01
 2.60370594E-02
 3.40603218E+00
 1.37115953E+01
 4.63009680E+01
 3.33811897E+02
 1.39506489E+02
 5.61777608E+01
 3.22406591E+01
 1.98909336E+01
 1.50713259E+01
 1.15494008E+01
 8.74688017E+00
 6.39080865E+00
 4.35854828E+00
 2.52478995E+00
 8.34822343E-01
 4.00985431E-01
 3.67495142E-01
 3.39052114E-01
 3.14630008E-01
 2.93463675E-01
 2.74971024E-01
 2.58701352E-01
 2.44300236E-01
 2.28929467E-01
 2.11036954E-01
 1.94454656E-01
 1.79012402E-01
 1.64568647E-01
 1.51004683E-01
 1.38220199E-01
 1.26129844E-01
 1.16698476E-01
 1.09371051E-01
 1.02500828E-01
 9.60443133E-02
 8.99634724E-02
 8.42248916E-02
 7.87990952E-02
 7.36599792E-02
 6.87843398E-02
 6.41514792E-02
 5.97428738E-02
 5.55418944E-02
 5.15335680E-02
 4.77043751E-02
 4.40420760E-02
 4.05355612E-02
 3.71747231E-02
 3.39503440E-02
 3.08539992E-02
 2.78779729E-02
 2.50151838E-02
 2.22591205E-02
 1.96037847E-02
 1.70436405E-02
 1.45735705E-02
 1.21888359E-02
 9.88541607E-03
 7.65850470E-03
 5.50463203E-03
 3.42027461E-03
 1.40194758E-03
 2.94358004E-04
 1.15725928E-03
 1.96713115E-03
 2.72632894E-03
 3.43706264E-03
 4.10140821E-03
 4.72131776E-03
 5.29862886E-03
 5.83507305E-03
 6.33228349E-03
 6.79180211E-03
 7.21508595E-03
 7.60351316E-03
 7.95838835E-03
 8.28094758E-03
 8.57236296E-03
 8.83374678E-03
 9.06615546E-03
 9.27059307E-03
 9.44801467E-03
 9.59932930E-03
 9.72540287E-03
 9.82706072E-03
 9.90509009E-03
 9.96024230E-03
 9.99323493E-03
 1.00047537E-02
 9.99545425E-03
 9.96596395E-03
 9.91688334E-03
 9.84878765E-03
 9.76222819E-03
 9.65773356E-03
 9.53581095E-03
 9.39694715E-03
 9.24160968E-03
 9.07024776E-03
 8.88329318E-03
 8.68116125E-03
 8.46425154E-03
 8.23294871E-03
 7.98762318E-03
 7.72863183E-03
 7.45631864E-03
 7.17101529E-03
 6.87304173E-03
 6.56270673E-03
 6.24030834E-03
 5.90613444E-03
 5.56046311E-03
 5.20356313E-03
 4.83569437E-03
 4.45710813E-03
 4.06804755E-03
 3.66874793E-03
 3.25943710E-03
 2.84033565E-03
 2.41165731E-03
 1.97360918E-03
 1.52639200E-03
 1.07020041E-03
 6.05223215E-04
 1.31643572E-04
 2.51663809E-05
 1.34979879E-04
 2.35772743E-04
 3.27725449E-04
 4.11013373E-04
 4.85806972E-04
 5.52271973E-04
 6.10569536E-04
 6.60856422E-04
 7.03285150E-04
 7.38004144E-04
 7.65157880E-04
 7.84887019E-04
 7.97328542E-04
 8.02615872E-04
 8.00879000E-04
 7.92244593E-04
 7.76836109E-04
 7.54773904E-04
 7.26175332E-04
 6.91154841E-04
 6.49824069E-04
 6.02291935E-04
 5.48664723E-04
 4.89046166E-04
 4.23537525E-04
 3.52237668E-04
 2.75243142E-04
 1.92648244E-04
 1.04545089E-04
 1.10236771E-05
 5.03308767E-05
 3.45248834E-05
 2.40129942E-05
 1.87109722E-05
 1.85286746E-05
 2.34022143E-05
 3.32438430E-05
 4.79764595E-05
 5.36110779E-05
 4.91984693E-05
 4.94849188E-05
 5.43992419E-05
 1.50583395E-02
 4.15391181E-02
 9.87524088E-02
 1.13968788E-01
 1.44626572E-04
 2.28484401E-04
 2.81138739E-04
 3.03040977E-04
 2.94632629E-04
 2.56345626E-04
 1.88602605E-04
 9.18171831E-05
 1.07128323E-04
 1.24047114E-04
 1.13803788E-04
 7.67689822E-05
 8.16690329E-02
 1.71457361E-01
 4.24221101E-01
 9.87028343E-01
 9.74141706E-01
 9.61339986E-01
 9.48623079E-01
 9.35990883E-01
 9.23443292E-01
 9.10980203E-01
 8.98601510E-01
 8.86307109E-01
 8.74096893E-01
 8.61970757E-01
 8.49928594E-01
 8.37970299E-01
 8.26095762E-01
 8.14304878E-01
 8.02597539E-01
 7.90973636E-01
 7.79433060E-01
 7.67975702E-01
 7.56601454E-01
 7.45310206E-01
 7.34101847E-01
 7.22976266E-01
 7.11933354E-01
 7.00972998E-01
 6.90095087E-01
 6.79299508E-01
 6.68586150E-01
 6.57954899E-01
 6.47405642E-01
 6.36938265E-01
 6.26552655E-01
 6.16248696E-01
 6.06026274E-01
 5.95885273E-01
 5.85825577E-01
 5.75847071E-01
 5.65949638E-01
 5.56133161E-01
 5.46397521E-01
 5.36742603E-01
 5.27168286E-01
 5.17674453E-01
 5.08260984E-01
 4.98927760E-01
 4.89674661E-01
 4.80501566E-01
 4.71408354E-01
 4.62394905E-01
 4.53461096E-01
 4.44606805E-01
 4.35831910E-01
 4.27136287E-01
 4.18519814E-01
 4.09982365E-01
 4.01523817E-01
 3.93144045E-01
 3.84842924E-01
 3.76620327E-01
 3.68476128E-01
 3.60410202E-01
 3.52422420E-01
 3.44512654E-01
 3.36680778E-01
 3.28926662E-01
 3.21250178E-01
 3.13651195E-01
 3.06129584E-01
 2.98685214E-01
 2.91317955E-01
 2.84027675E-01
 2.76814242E-01
 2.69677524E-01
 2.62617388E-01
 2.55633700E-01
 2.48726327E-01
 2.41895135E-01
 2.35139988E-01
 2.28460751E-01
 2.21857289E-01
 2.15329464E-01
 2.08877141E-01
 2.02500182E-01
 1.96198448E-01
 1.89971803E-01
 1.83820106E-01
 1.77743218E-01
 1.71741000E-01
 1.65813311E-01
 1.59960010E-01
 1.54180956E-01
 1.48476006E-01
 1.42845018E-01
 1.37287850E-01
 1.31804356E-01
 1.26394394E-01
 1.21057818E-01
 1.15794484E-01
 1.10604245E-01
 1.05486956E-01
 1.00442468E-01
 9.54706362E-02
 9.05713111E-02
 8.57443444E-02
 8.09895871E-02
 7.63068896E-02
 7.16961017E-02
 6.71570726E-02
 6.26896509E-02
 5.82936847E-02
 5.39690216E-02
 4.97155086E-02
 4.55329918E-02
 4.14213172E-02
 3.73803300E-02
 3.34098747E-02
 2.95097953E-02
 2.56799353E-02
 2.19201376E-02
 1.82302443E-02
 1.46100971E-02
 1.10595370E-02
 7.57840448E-03
 4.16653932E-03
 8.23780728E-04
 4.80874183E-02
 1.11641594E-01
 1.74555936E-01
 2.36831723E-01
 2.98470237E-01
 3.59472768E-01
 4.19840607E-01
 4.79575054E-01
 5.38677410E-01
 5.97148984E-01
 6.54991088E-01
 7.12205042E-01
 7.68792168E-01
 8.24753794E-01
 8.80091255E-01
 9.34805888E-01
 9.88899037E-01
 1.04237205E+00
 1.09522629E+00
 1.14746310E+00
 1.19908386E+00
 1.25008993E+00
 1.30048270E+00
 1.35026353E+00
 1.39943382E+00
 1.44799496E+00
 1.49594835E+00
 1.54329538E+00
 1.59003747E+00
 1.63617603E+00
 1.68171248E+00
 1.60803614E+00
 1.38330752E+00
 1.16082571E+00
 9.40585805E-01
 7.22582888E-01
 5.06812019E-01
 2.93268239E-01
 8.19465712E-02
 1.37344496E+01
 3.60764938E+01
 6.32582145E-01
 4.52338561E-01
 1.91490256E-01
 1.33055776E-01
 1.51352720E-01
 3.26624954E-02
 7.13199564E-03
 8.81191333E-03
 2.37446810E-01
 3.20786440E-02
 1.57746367E-02
 1.72522669E-02
 1.41918573E-02
 5.22875501E-03
 2.02986015E-02
 3.56418326E-02
 4.93604814E-02
 6.06087401E-02
 6.78716503E-02
 6.81373524E-02
 5.44367947E-02
 2.42115271E-02
 9.85035484E-01
 5.94382769E+00
 3.48916374E-01
 2.02187910E-01
 1.56742119E-01
 1.26601576E-01
 1.02485158E-01
 8.53158623E-02
 7.69776716E-02
 6.72015083E-02
 5.64612076E-02
 4.50407684E-02
 3.31209749E-02
 2.08225552E-02
 8.22935638E-03
 5.37730053E-03
 1.19701137E-02
 1.64839988E-02
 1.92858548E-02
 2.06610610E-02
 2.08349795E-02
 1.99879950E-02
 1.82662477E-02
 1.75346720E-02
 1.69926711E-02
 1.57202496E-02
 1.38112120E-02
 1.13399465E-02
 8.36995659E-03
 4.95581172E-03
 1.14469443E-03
 4.22389949E-03
 8.31703823E-03
 1.17811943E-02
 1.46750798E-02
 1.70506013E-02
 1.89538378E-02
 2.04258558E-02
 2.15033925E-02
 2.22194314E-02
 2.26036894E-02
 2.26830315E-02
 2.24818245E-02
 2.20222417E-02
 2.13245242E-02
 2.04072081E-02
 1.94594551E-02
 1.92388609E-02
 1.88202823E-02
 1.82186914E-02
 1.74479912E-02
 1.65211323E-02
 1.54502157E-02
 1.42465853E-02
 1.29209102E-02
 1.14832591E-02
 9.94316710E-03
 8.30969695E-03
 6.59149463E-03
 4.79684043E-03
 2.93369624E-03
 1.00974952E-03
 8.27222595E-04
 2.57346769E-03
 4.36322901E-03
 6.18936294E-03
 8.04482693E-03
 9.92264486E-03
 1.18158729E-02
 1.37175653E-02
 1.56207404E-02
 1.75183452E-02
 1.94032195E-02
 2.12680589E-02
 2.31053750E-02
 2.49074542E-02
 2.66663133E-02
 2.83736519E-02
 3.03974913E-02
 3.24159211E-02
 3.43491631E-02
 3.61871237E-02
 3.79190571E-02
 3.95334797E-02
 4.10180730E-02
 4.23713176E-02
 4.43012385E-02
 4.60469973E-02
 4.75915692E-02
 4.89837721E-02
 5.07265600E-02
 5.22882923E-02
 5.40920899E-02
 5.74625660E-02
 6.87144429E-02
 7.69742214E-02
 7.95383700E-02
 4.20351488E-02
 5.37465537E+00
 2.25711363E-01
 1.49478802E-01
 1.51418526E-01
 1.54642488E-01
 1.63507440E-01
 1.75242385E-01
 1.84441640E-01
 1.92690284E-01
 1.94521120E-01
 2.03044726E-01
 2.35705003E-01
 8.74888378E-01
 3.85081847E+00
 1.40734921E+00
 2.37984038E+00
 2.92539679E+00
 3.36589780E+00
 3.65687044E+00
 3.83243435E+00
 3.89141574E+00
 5.71377360E+00
 7.18775990E+00
 4.66615597E+00
 2.08060846E+00
 6.78534733E-01
 6.01168649E-04
 3.43265892E+00
 1.39537249E+01
 4.94741006E+01
 6.38919858E+02
 1.07586925E+02
 4.70043374E+01
 2.69006604E+01
 1.59961312E+01
 1.21884985E+01
 9.36377552E+00
 7.09335387E+00
 5.17204812E+00
 3.51152594E+00
 2.00770635E+00
 6.18012781E-01
 3.97912556E-01
 3.60823781E-01
 3.28819569E-01
 3.00877672E-01
 2.76233562E-01
 2.54304001E-01
 2.34636287E-01
 2.16873648E-01
 1.98296352E-01
 1.77411443E-01
 1.57858316E-01
 1.39465788E-01
 1.22091278E-01
 1.05615053E-01
 8.99358154E-02
 7.49672748E-02
 6.54542392E-02
 6.01700789E-02
 5.52947502E-02
 5.07893733E-02
 4.66199281E-02
 4.27565154E-02
 3.91727490E-02
 3.58452526E-02
 3.27532400E-02
 2.98781653E-02
 2.72034263E-02
 2.47141160E-02
 2.23968096E-02
 2.02393836E-02
 1.82308613E-02
 1.63612786E-02
 1.46215694E-02
 1.30034658E-02
 1.14994110E-02
 1.01024841E-02
 8.80633376E-03
 7.60512025E-03
 6.49346425E-03
 5.46640188E-03
 4.51934489E-03
 3.64804529E-03
 2.84892450E-03
 2.11763227E-03
 1.45107197E-03
 8.46091572E-04
 2.99553690E-04
 2.96710745E-04
 1.15585861E-03
 1.96227844E-03
 2.71830515E-03
 3.42612996E-03
 4.08781153E-03
 4.70528602E-03
 5.28037632E-03
 5.81480034E-03
 6.31017872E-03
 6.76804170E-03
 7.18983555E-03
 7.57692839E-03
 7.93061553E-03
 8.25212438E-03
 8.54261898E-03
 8.80320413E-03
 9.03492926E-03
 9.23879191E-03
 9.41574102E-03
 9.56667995E-03
 9.69246928E-03
 9.79392935E-03
 9.87184272E-03
 9.92695634E-03
 9.95998366E-03
 9.97160653E-03
 9.96247700E-03
 9.93321900E-03
 9.88442985E-03
 9.81668178E-03
 9.73052323E-03
 9.62648014E-03
 9.50505716E-03
 9.36673870E-03
 9.21199003E-03
 9.04125821E-03
 8.85497307E-03
 8.65354798E-03
 8.43738074E-03
 8.20685428E-03
 7.96233742E-03
 7.70418551E-03
 7.43274109E-03
 7.14833447E-03
 6.85128429E-03
 6.54189808E-03
 6.22047273E-03
 5.88729499E-03
 5.54264190E-03
 5.18678123E-03
 4.81997188E-03
 4.44246425E-03
 4.05450062E-03
 3.65631547E-03
 3.24813582E-03
 2.83018154E-03
 2.40266564E-03
 1.96579453E-03
 1.51976830E-03
 1.06478101E-03
 6.01020837E-04
 1.28670392E-04
 2.25630715E-05
 1.32236596E-04
 2.32902052E-04
 3.24739386E-04
 4.07923468E-04
 4.82624273E-04
 5.49007065E-04
 6.07232560E-04
 6.57457098E-04
 6.99832790E-04
 7.34507673E-04
 7.61625849E-04
 7.81327624E-04
 7.93749637E-04
 7.99024983E-04
 7.97283337E-04
 7.88651066E-04
 7.73251340E-04
 7.51204236E-04
 7.22626842E-04
 6.87633350E-04
 6.46335154E-04
 5.98840937E-04
 5.45256756E-04
 4.85686127E-04
 4.20230102E-04
 3.48987350E-04
 2.72054223E-04
 1.89524834E-04
 1.01491119E-04
 8.04290910E-06
 5.32650868E-05
 3.74756144E-05
 2.69769490E-05
 2.16850022E-05
 2.15096903E-05
 2.63874459E-05
 3.62305556E-05
 5.09620465E-05
 5.65998549E-05
 5.21953162E-05
 5.24875930E-05
 5.74056112E-05
 1.43598951E-02
 3.96222240E-02
 9.63762141E-02
 1.15906006E-01
 1.48543404E-04
 2.32572137E-04
 2.85332817E-04
 3.07278150E-04
 2.98850928E-04
 2.60484327E-04
 1.92602191E-04
 9.56193108E-05
 1.10959255E-04
 1.27911628E-04
 1.17649070E-04
 8.05432333E-05
 7.79220885E-02
 1.63600288E-01
 4.16284858E-01
 9.87028598E-01
 9.74142212E-01
 9.61340738E-01
 9.48624074E-01
 9.35992115E-01
 9.23444758E-01
 9.10981897E-01
 8.98603429E-01
 8.86309247E-01
 8.74099247E-01
 8.61973322E-01
 8.49931366E-01
 8.37973273E-01
 8.26098935E-01
 8.14308244E-01
 8.02601094E-01
 7.90977376E-01
 7.79436981E-01
 7.67979800E-01
 7.56605724E-01
 7.45314643E-01
 7.34106447E-01
 7.22981026E-01
 7.11938268E-01
 7.00978063E-01
 6.90100298E-01
 6.79304861E-01
 6.68591641E-01
 6.57960524E-01
 6.47411396E-01
 6.36944144E-01
 6.26558655E-01
 6.16254813E-01
 6.06032503E-01
 5.95891610E-01
 5.85832019E-01
 5.75853613E-01
 5.65956275E-01
 5.56139889E-01
 5.46404337E-01
 5.36749502E-01
 5.27175264E-01
 5.17681506E-01
 5.08268108E-01
 4.98934951E-01
 4.89681914E-01
 4.80508877E-01
 4.71415720E-01
 4.62402321E-01
 4.53468559E-01
 4.44614310E-01
 4.35839453E-01
 4.27143865E-01
 4.18527421E-01
 4.09989999E-01
 4.01531473E-01
 3.93151719E-01
 3.84850612E-01
 3.76628025E-01
 3.68483832E-01
 3.60417908E-01
 3.52430124E-01
 3.44520353E-01
 3.36688467E-01
 3.28934337E-01
 3.21257835E-01
 3.13658831E-01
 3.06137194E-01
 2.98692796E-01
 2.91325503E-01
 2.84035186E-01
 2.76821712E-01
 2.69684949E-01
 2.62624764E-01
 2.55641024E-01
 2.48733595E-01
 2.41902342E-01
 2.35147131E-01
 2.28467826E-01
 2.21864292E-01
 2.15336393E-01
 2.08883990E-01
 2.02506948E-01
 1.96205128E-01
 1.89978392E-01
 1.83826601E-01
 1.77749615E-01
 1.71747296E-01
 1.65819501E-01
 1.59966091E-01
 1.54186924E-01
 1.48481858E-01
 1.42850750E-01
 1.37293457E-01
 1.31809837E-01
 1.26399743E-01
 1.21063033E-01
 1.15799560E-01
 1.10609180E-01
 1.05491745E-01
 1.00447108E-01
 9.54751236E-02
 9.05756422E-02
 8.57485158E-02
 8.09935952E-02
 7.63107308E-02
 7.16997725E-02
 6.71605694E-02
 6.26929703E-02
 5.82968232E-02
 5.39719758E-02
 4.97182748E-02
 4.55355667E-02
 4.14236974E-02
 3.73825119E-02
 3.34118549E-02
 2.95115705E-02
 2.56815020E-02
 2.19214924E-02
 1.82313838E-02
 1.46110180E-02
 1.10602359E-02
 7.57887795E-03
 4.16678408E-03
 8.23793443E-04
 4.57832227E-02
 1.06290386E-01
 1.66186588E-01
 2.25473053E-01
 2.84151006E-01
 3.42221678E-01
 3.99686305E-01
 4.56546129E-01
 5.12802394E-01
 5.68456351E-01
 6.23509255E-01
 6.77962366E-01
 7.31816949E-01
 7.85074273E-01
 8.37735614E-01
 8.89802250E-01
 9.41275467E-01
 9.92156553E-01
 1.04244680E+00
 1.09214752E+00
 1.14126000E+00
 1.18978557E+00
 1.23772552E+00
 1.28508119E+00
 1.33185390E+00
 1.37804497E+00
 1.42365575E+00
 1.46868758E+00
 1.51314179E+00
 1.55701975E+00
 1.60032280E+00
 1.53019974E+00
 1.31635702E+00
 1.10464984E+00
 8.95073544E-01
 6.87623464E-01
 4.82294906E-01
 2.79083159E-01
 7.79834935E-02
 1.30696350E+01
 3.43302282E+01
 6.53099327E-01
 4.82877024E-01
 2.18347671E-01
 1.17586270E-01
 1.43325388E-01
 3.11980960E-02
 7.15138159E-03
 8.68155619E-03
 2.41319226E-01
 3.30050320E-02
 1.55046418E-02
 1.70598711E-02
 1.41225933E-02
 5.35593116E-03
 2.03130568E-02
 3.54917250E-02
 4.90039861E-02
 5.99982177E-02
 6.69631551E-02
 6.69331055E-02
 5.31792979E-02
 2.35482560E-02
 9.09103296E-01
 1.65773057E+00
 3.89414005E-01
 2.11659768E-01
 1.61041986E-01
 1.28817340E-01
 1.03588179E-01
 8.58874439E-02
 7.74864057E-02
 6.76376167E-02
 5.68239684E-02
 4.53327624E-02
 3.33458447E-02
 2.09841023E-02
 8.33118392E-03
 5.46815675E-03
 1.20818553E-02
 1.65956346E-02
 1.93824711E-02
 2.07319685E-02
 2.08724751E-02
 1.99865166E-02
 1.82217878E-02
 1.74929694E-02
 1.69742551E-02
 1.57185666E-02
 1.38209423E-02
 1.13567024E-02
 8.39009999E-03
 4.97631298E-03
 1.16302107E-03
 4.24995696E-03
 8.34956530E-03
 1.18165319E-02
 1.47101020E-02
 1.70826313E-02
 1.89805790E-02
 2.04453353E-02
 2.15139138E-02
 2.22195355E-02
 2.25921220E-02
 2.26587154E-02
 2.24438369E-02
 2.19697943E-02
 2.12569471E-02
 2.03239356E-02
 1.93643994E-02
 1.91548584E-02
 1.87462660E-02
 1.81537084E-02
 1.73911922E-02
 1.64717621E-02
 1.54076053E-02
 1.42101449E-02
 1.28901231E-02
 1.14576762E-02
 9.92240286E-03
 8.29342515E-03
 6.57944523E-03
 4.78879682E-03
 2.92949294E-03
 1.00927035E-03
 2.34664905E-04
 5.82912446E-04
 8.53360444E-04
 1.05443238E-03
 1.19434486E-03
 1.28114838E-03
 1.32276684E-03
 1.32703636E-03
 1.30174366E-03
 1.25466450E-03
 1.19360256E-03
 1.12642915E-03
 1.06112427E-03
 1.00581940E-03
 9.68842570E-04
 9.58766310E-04
 5.98558526E-04
 2.17925862E-04
 1.01585498E-04
 3.49910770E-04
 5.16412764E-04
 5.89799525E-04
 5.58032173E-04
 4.20247837E-04
 9.02419455E-04
 1.22619904E-03
 1.37524978E-03
 1.40082497E-03
 1.81939608E-03
 2.08812509E-03
 2.64210170E-03
 5.53313480E-03
 1.95016418E-02
 3.03833874E-02
 3.54115108E-02
 8.66519464E-02
 5.54240293E+00
 1.92089354E-01
 1.16377598E-01
 1.20646493E-01
 1.26203792E-01
 1.37504005E-01
 1.51707760E-01
 1.63281809E-01
 1.73843091E-01
 1.77797215E-01
 1.88537667E-01
 1.76767413E-01
 6.80791820E-01
 4.28242118E+00
 1.91791479E+00
 1.82347396E+00
 2.27075489E+00
 2.62604765E+00
 2.84773198E+00
 3.05442873E+00
 3.18663341E+00
 5.09090763E+00
 6.60911474E+00
 4.21147946E+00
 1.80575836E+00
 5.51730781E-01
 2.23147128E-03
 3.41346968E+00
 1.41241385E+01
 5.32829131E+01
 2.40240624E+04
 8.45997069E+01
 3.90150212E+01
 2.19865060E+01
 1.23217355E+01
 9.43717799E+00
 7.26553699E+00
 5.50247552E+00
 4.00084665E+00
 2.70228424E+00
 1.52174145E+00
 4.27605799E-01
 3.71468147E-01
 3.31866049E-01
 2.97280874E-01
 2.66715116E-01
 2.39420429E-01
 2.14824369E-01
 1.92481545E-01
 1.72040193E-01
 1.50904634E-01
 1.27645796E-01
 1.05714943E-01
 8.49430788E-02
 6.51892525E-02
 4.63349517E-02
 2.82797936E-02
 1.09381709E-02
 1.83402647E-03
 9.28342486E-04
 3.33942906E-03
 5.43273024E-03
 7.23756780E-03
 8.77972064E-03
 1.00819454E-02
 1.11644077E-02
 1.20450420E-02
 1.27398525E-02
 1.32631671E-02
 1.36278519E-02
 1.38454937E-02
 1.39265560E-02
 1.38805121E-02
 1.37159605E-02
 1.34407240E-02
 1.30619354E-02
 1.25861127E-02
 1.20192244E-02
 1.13667464E-02
 1.06337119E-02
 9.82475620E-03
 8.94415499E-03
 7.99585911E-03
 6.98352502E-03
 5.91019694E-03
 4.77967551E-03
 3.59460653E-03
 2.35769209E-03
 1.07164936E-03
 2.98385908E-04
 1.15383815E-03
 1.95686023E-03
 2.70976690E-03
 3.41473085E-03
 4.07379369E-03
 4.68887584E-03
 5.26178566E-03
 5.79422767E-03
 6.28781005E-03
 6.74405157E-03
 7.16438782E-03
 7.55017704E-03
 7.90270532E-03
 8.22319154E-03
 8.51279177E-03
 8.77260340E-03
 9.00366893E-03
 9.20697945E-03
 9.38347788E-03
 9.53406194E-03
 9.65958692E-03
 9.76086825E-03
 9.83868384E-03
 9.89377632E-03
 9.92685505E-03
 9.93859807E-03
 9.92965384E-03
 9.90064290E-03
 9.85215942E-03
 9.78477260E-03
 9.69902810E-03
 9.59544919E-03
 9.47453801E-03
 9.33677661E-03
 9.18262804E-03
 9.01253725E-03
 8.82693206E-03
 8.62622397E-03
 8.41080900E-03
 8.18106840E-03
 7.93736939E-03
 7.68006580E-03
 7.40949874E-03
 7.12599716E-03
 6.82987842E-03
 6.52144881E-03
 6.20100407E-03
 5.86882984E-03
 5.52520212E-03
 5.17038768E-03
 4.80464447E-03
 4.42822199E-03
 4.04136165E-03
 3.64429714E-03
 3.23725468E-03
 2.82045341E-03
 2.39410562E-03
 1.95841707E-03
 1.51358721E-03
 1.05980946E-03
 5.97271433E-04
 1.26155182E-04
 2.04219826E-05
 1.29959293E-04
 2.30500982E-04
 3.22226474E-04
 4.05310137E-04
 4.79921468E-04
 5.46225271E-04
 6.04381825E-04
 6.54547048E-04
 6.96872649E-04
 7.31506280E-04
 7.58591674E-04
 7.78268783E-04
 7.90673906E-04
 7.95939815E-04
 7.94195871E-04
 7.85568144E-04
 7.70179515E-04
 7.48149788E-04
 7.19595785E-04
 6.84631446E-04
 6.43367922E-04
 5.95913661E-04
 5.42374497E-04
 4.82853729E-04
 4.17452204E-04
 3.46268389E-04
 2.69398447E-04
 1.86936307E-04
 9.89737281E-05
 5.60037097E-06
 5.56594922E-05
 3.98850840E-05
 2.93982249E-05
 2.41149742E-05
 2.39453051E-05
 2.88259700E-05
 3.86692893E-05
 5.33984165E-05
 5.90382208E-05
 5.46406011E-05
 5.49375855E-05
 5.98582084E-05
 1.36616597E-02
 3.77049354E-02
 9.39993733E-02
 1.17844176E-01
 1.51768266E-04
 2.35968327E-04
 2.88835671E-04
 3.10824322E-04
 3.02378354E-04
 2.63932190E-04
 1.95910884E-04
 9.87304051E-05
 1.14099096E-04
 1.31084952E-04
 1.20802989E-04
 8.36258755E-05
 7.41721953E-02
 1.55736233E-01
 4.08341348E-01
 9.87028854E-01
 9.74142718E-01
 9.61341491E-01
 9.48625069E-01
 9.35993348E-01
 9.23446223E-01
 9.10983592E-01
 8.98605348E-01
 8.86311386E-01
 8.74101602E-01
 8.61975888E-01
 8.49934139E-01
 8.37976248E-01
 8.26102108E-01
 8.14311612E-01
 8.02604651E-01
 7.90981118E-01
 7.79440903E-01
 7.67983899E-01
 7.56609995E-01
 7.45319082E-01
 7.34111050E-01
 7.22985788E-01
 7.11943185E-01
 7.00983130E-01
 6.90105512E-01
 6.79310217E-01
 6.68597135E-01
 6.57966151E-01
 6.47417153E-01
 6.36950026E-01
 6.26564658E-01
 6.16260932E-01
 6.06038735E-01
 5.95897950E-01
 5.85838463E-01
 5.75860157E-01
 5.65962915E-01
 5.56146621E-01
 5.46411157E-01
 5.36756404E-01
 5.27182246E-01
 5.17688563E-01
 5.08275236E-01
 4.98942145E-01
 4.89689171E-01
 4.80516194E-01
 4.71423091E-01
 4.62409742E-01
 4.53476026E-01
 4.44621820E-01
 4.35847001E-01
 4.27151447E-01
 4.18535034E-01
 4.09997638E-01
 4.01539134E-01
 3.93159398E-01
 3.84858305E-01
 3.76635728E-01
 3.68491542E-01
 3.60425620E-01
 3.52437834E-01
 3.44528057E-01
 3.36696161E-01
 3.28942018E-01
 3.21265499E-01
 3.13666473E-01
 3.06144811E-01
 2.98700383E-01
 2.91333057E-01
 2.84042703E-01
 2.76829188E-01
 2.69692381E-01
 2.62632147E-01
 2.55648355E-01
 2.48740869E-01
 2.41909556E-01
 2.35154281E-01
 2.28474909E-01
 2.21871303E-01
 2.15343328E-01
 2.08890847E-01
 2.02513721E-01
 1.96211815E-01
 1.89984988E-01
 1.83833103E-01
 1.77756020E-01
 1.71753599E-01
 1.65825699E-01
 1.59972180E-01
 1.54192900E-01
 1.48487718E-01
 1.42856490E-01
 1.37299073E-01
 1.31815325E-01
 1.26405101E-01
 1.21068256E-01
 1.15804645E-01
 1.10614123E-01
 1.05496542E-01
 1.00451757E-01
 9.54796196E-02
 9.05799821E-02
 8.57526959E-02
 8.09976121E-02
 7.63145809E-02
 7.17034522E-02
 6.71640753E-02
 6.26962989E-02
 5.82999710E-02
 5.39749392E-02
 4.97210504E-02
 4.55381511E-02
 4.14260870E-02
 3.73847033E-02
 3.34138448E-02
 2.95133553E-02
 2.56830784E-02
 2.19228570E-02
 1.82325332E-02
 1.46119488E-02
 1.10609447E-02
 7.57936153E-03
 4.16703900E-03
 8.23816393E-04
 4.34786780E-02
 1.00938378E-01
 1.57815992E-01
 2.14112686E-01
 2.69829630E-01
 3.24967998E-01
 3.79528970E-01
 4.33513728E-01
 4.86923461E-01
 5.39759361E-01
 5.92022626E-01
 6.43714457E-01
 6.94836060E-01
 7.45388648E-01
 7.95373435E-01
 8.44791643E-01
 8.93644496E-01
 9.41933225E-01
 9.89659064E-01
 1.03682325E+00
 1.08342704E+00
 1.12947167E+00
 1.17495839E+00
 1.21988847E+00
 1.26426318E+00
 1.30808377E+00
 1.35135153E+00
 1.39406773E+00
 1.43623365E+00
 1.47785059E+00
 1.51891984E+00
 1.45235059E+00
 1.24939550E+00
 1.04846469E+00
 8.49553735E-01
 6.52658219E-01
 4.57773691E-01
 2.64895691E-01
 7.40197361E-02
 1.24047083E+01
 3.25836669E+01
 6.73347530E-01
 5.13005470E-01
 2.44845044E-01
 1.02292787E-01
 1.35384133E-01
 2.97241726E-02
 7.13828900E-03
 8.52065405E-03
 2.45148019E-01
 3.39470327E-02
 1.52043157E-02
 1.68344391E-02
 1.40162386E-02
 5.43962798E-03
 2.02834840E-02
 3.52982693E-02
 4.86062587E-02
 5.93509005E-02
 6.60257908E-02
 6.57115099E-02
 5.19069352E-02
 2.28129338E-02
 8.45923797E-01
 9.55516946E-01
 4.41315212E-01
 2.22157695E-01
 1.65590879E-01
 1.31098250E-01
 1.04694169E-01
 8.64430356E-02
 7.79802783E-02
 6.80594326E-02
 5.71728605E-02
 4.56112838E-02
 3.35576387E-02
 2.11329735E-02
 8.42073472E-03
 5.54786582E-03
 1.21839187E-02
 1.66985892E-02
 1.94710937E-02
 2.07953638E-02
 2.09028010E-02
 1.99781163E-02
 1.81705889E-02
 1.74450621E-02
 1.69502714E-02
 1.57118397E-02
 1.38260645E-02
 1.13692155E-02
 8.40630976E-03
 4.99314418E-03
 1.17790414E-03
 4.27285664E-03
 8.37919385E-03
 1.18491894E-02
 1.47426290E-02
 1.71123231E-02
 1.90051163E-02
 2.04627261E-02
 2.15224458E-02
 2.22177364E-02
 2.25787264E-02
 2.26326370E-02
 2.24041452E-02
 2.19156948E-02
 2.11877645E-02
 2.02390999E-02
 1.92678338E-02
 1.90694703E-02
 1.86709788E-02
 1.80875607E-02
 1.73333273E-02
 1.64214182E-02
 1.53641077E-02
 1.41728988E-02
 1.28586074E-02
 1.14314383E-02
 9.90105390E-03
 8.27663640E-03
 6.56694453E-03
 4.78036587E-03
 2.92496501E-03
 1.00852844E-03
 2.68333606E-05
 1.97283187E-04
 4.37041154E-04
 7.37940681E-04
 1.09199613E-03
 1.49136312E-03
 1.92829979E-03
 2.39512876E-03
 2.88419917E-03
 3.38784859E-03
 3.89836433E-03
 4.40794369E-03
 4.90865273E-03
 5.39238306E-03
 5.85080625E-03
 6.27532500E-03
 7.05214213E-03
 7.84379238E-03
 8.56690389E-03
 9.21127734E-03
 9.76610788E-03
 1.02199001E-02
 1.05603725E-02
 1.07866616E-02
 1.16418952E-02
 1.23292376E-02
 1.28319017E-02
 1.32022470E-02
 1.39687228E-02
 1.45755067E-02
 1.54676106E-02
 1.80012891E-02
 2.86843507E-02
 3.62713903E-02
 3.79342667E-02
 9.03562982E-02
 5.67476696E+00
 1.88178353E-01
 1.07541360E-01
 1.08798269E-01
 1.11461357E-01
 1.20090570E-01
 1.31787686E-01
 1.40903586E-01
 1.49100668E-01
 1.50674451E-01
 1.59319952E-01
 1.36941449E-01
 5.10397359E-01
 4.68461943E+00
 2.39483812E+00
 1.30437077E+00
 1.65786671E+00
 1.93256051E+00
 2.08969956E+00
 2.33089863E+00
 2.53845821E+00
 4.52261522E+00
 6.07822202E+00
 3.79872222E+00
 1.56612662E+00
 4.42474235E-01
 2.02512774E-02
 3.42460911E+00
 1.43706323E+01
 5.84738784E+01
 5.33611182E+02
 6.75313287E+01
 3.21831367E+01
 1.75889880E+01
 8.95843316E+00
 6.89594568E+00
 5.32011291E+00
 4.02747539E+00
 2.91937171E+00
 1.96290443E+00
 1.08967829E+00
 2.77712831E-01
 3.15729309E-01
 2.82524683E-01
 2.53811384E-01
 2.28703829E-01
 2.06535686E-01
 1.86795955E-01
 1.69086175E-01
 1.53091037E-01
 1.36363892E-01
 1.17560096E-01
 9.99602210E-02
 8.34114739E-02
 6.77862819E-02
 5.29772796E-02
 3.88934483E-02
 2.54571080E-02
 1.77063513E-02
 1.43531317E-02
 1.13593813E-02
 8.69106744E-03
 6.31837743E-03
 4.21508291E-03
 2.35801523E-03
 7.26630624E-04
 6.97352575E-04
 1.93025799E-03
 2.98670758E-03
 3.87983867E-03
 4.62148859E-03
 5.22235237E-03
 5.69211797E-03
 6.03958284E-03
 6.27275448E-03
 6.39893775E-03
 6.42481082E-03
 6.35649143E-03
 6.19959493E-03
 5.95928520E-03
 5.64031956E-03
 5.24708834E-03
 4.78364990E-03
 4.25376179E-03
 3.66057810E-03
 3.00795069E-03
 2.29864127E-03
 1.53542478E-03
 7.21090945E-04
 2.99392120E-04
 1.15120594E-03
 1.95088400E-03
 2.70072116E-03
 3.40287184E-03
 4.05936079E-03
 4.67209291E-03
 5.24286223E-03
 5.77336000E-03
 6.26518215E-03
 6.71983609E-03
 7.13874687E-03
 7.52326294E-03
 7.87466133E-03
 8.19415245E-03
 8.48288450E-03
 8.74194755E-03
 8.97237725E-03
 9.17515832E-03
 9.35122771E-03
 9.50147757E-03
 9.62675797E-03
 9.72787946E-03
 9.80561536E-03
 9.86070402E-03
 9.89385078E-03
 9.90572988E-03
 9.89698624E-03
 9.86823705E-03
 9.82007333E-03
 9.75306135E-03
 9.66774394E-03
 9.56464177E-03
 9.44425449E-03
 9.30706181E-03
 9.15352457E-03
 8.98408565E-03
 8.79917088E-03
 8.59918991E-03
 8.38453698E-03
 8.15559167E-03
 7.91271963E-03
 7.65627320E-03
 7.38659205E-03
 7.10400379E-03
 6.80882450E-03
 6.50135927E-03
 6.18190268E-03
 5.85073927E-03
 5.50814402E-03
 5.15438269E-03
 4.78971231E-03
 4.41438147E-03
 4.02863076E-03
 3.63269302E-03
 3.22679373E-03
 2.81115129E-03
 2.38597729E-03
 1.95147681E-03
 1.50784868E-03
 1.05528570E-03
 5.93974931E-04
 1.24097852E-04
 1.87430069E-05
 1.28147843E-04
 2.28569392E-04
 3.20186558E-04
 4.03173212E-04
 4.77698375E-04
 5.43926398E-04
 6.02017123E-04
 6.52126052E-04
 6.94404496E-04
 7.28999723E-04
 7.56055101E-04
 7.75710231E-04
 7.88101075E-04
 7.93360084E-04
 7.91616309E-04
 7.82995522E-04
 7.67620323E-04
 7.45610240E-04
 7.17081835E-04
 6.82148796E-04
 6.40922032E-04
 5.93509760E-04
 5.40017591E-04
 4.80548611E-04
 4.15203460E-04
 3.44080410E-04
 2.67275434E-04
 1.84882276E-04
 9.69925234E-05
 3.69566605E-06
 5.75144944E-05
 4.17536986E-05
 3.12772328E-05
 2.60013033E-05
 2.58359380E-05
 3.07182102E-05
 4.05604712E-05
 5.52860006E-05
 6.09266103E-05
 5.65347624E-05
 5.68353374E-05
 6.17574784E-05
 1.29636336E-02
 3.57872543E-02
 9.16218893E-02
 1.19783296E-01
 1.54301479E-04
 2.38673293E-04
 2.91647621E-04
 3.13679813E-04
 3.05215228E-04
 2.66689535E-04
 1.98529004E-04
 1.01150784E-04
 1.16548164E-04
 1.33567403E-04
 1.23265858E-04
 8.60172215E-05
 7.04193557E-02
 1.47865202E-01
 4.00390576E-01
 9.87029109E-01
 9.74143225E-01
 9.61342244E-01
 9.48626064E-01
 9.35994581E-01
 9.23447690E-01
 9.10985287E-01
 8.98607268E-01
 8.86313526E-01
 8.74103957E-01
 8.61978455E-01
 8.49936913E-01
 8.37979225E-01
 8.26105283E-01
 8.14314980E-01
 8.02608209E-01
 7.90984861E-01
 7.79444828E-01
 7.67988000E-01
 7.56614268E-01
 7.45323523E-01
 7.34115654E-01
 7.22990551E-01
 7.11948104E-01
 7.00988200E-01
 6.90110728E-01
 6.79315576E-01
 6.68602631E-01
 6.57971781E-01
 6.47422912E-01
 6.36955911E-01
 6.26570663E-01
 6.16267055E-01
 6.06044970E-01
 5.95904294E-01
 5.85844911E-01
 5.75866705E-01
 5.65969559E-01
 5.56153356E-01
 5.46417980E-01
 5.36763311E-01
 5.27189232E-01
 5.17695624E-01
 5.08282368E-01
 4.98949344E-01
 4.89696433E-01
 4.80523514E-01
 4.71430466E-01
 4.62417168E-01
 4.53483498E-01
 4.44629334E-01
 4.35854554E-01
 4.27159034E-01
 4.18542651E-01
 4.10005281E-01
 4.01546800E-01
 3.93167082E-01
 3.84866003E-01
 3.76643437E-01
 3.68499257E-01
 3.60433337E-01
 3.52445549E-01
 3.44535767E-01
 3.36703862E-01
 3.28949705E-01
 3.21273168E-01
 3.13674121E-01
 3.06152434E-01
 2.98707976E-01
 2.91340618E-01
 2.84050227E-01
 2.76836671E-01
 2.69699819E-01
 2.62639537E-01
 2.55655692E-01
 2.48748150E-01
 2.41916777E-01
 2.35161438E-01
 2.28481998E-01
 2.21878321E-01
 2.15350271E-01
 2.08897710E-01
 2.02520502E-01
 1.96218509E-01
 1.89991592E-01
 1.83839613E-01
 1.77762432E-01
 1.71759909E-01
 1.65831904E-01
 1.59978276E-01
 1.54198884E-01
 1.48493585E-01
 1.42862237E-01
 1.37304697E-01
 1.31820822E-01
 1.26410467E-01
 1.21073487E-01
 1.15809738E-01
 1.10619074E-01
 1.05501348E-01
 1.00456414E-01
 9.54841243E-02
 9.05843306E-02
 8.57568848E-02
 8.10016378E-02
 7.63184399E-02
 7.17071409E-02
 6.71675903E-02
 6.26996365E-02
 5.83031279E-02
 5.39779118E-02
 4.97238353E-02
 4.55407448E-02
 4.14284860E-02
 3.73869043E-02
 3.34158442E-02
 2.95151498E-02
 2.56846646E-02
 2.19242314E-02
 1.82336925E-02
 1.46128896E-02
 1.10616636E-02
 7.57985520E-03
 4.16730410E-03
 8.23849578E-04
 4.11737841E-02
 9.55855695E-02
 1.49444146E-01
 2.02750621E-01
 2.55506110E-01
 3.07711729E-01
 3.59368601E-01
 4.10477851E-01
 4.61040610E-01
 5.11058014E-01
 5.60531200E-01
 6.09461314E-01
 6.57849502E-01
 7.05696919E-01
 7.53004720E-01
 7.99774067E-01
 8.46006126E-01
 8.91702068E-01
 9.36863068E-01
 9.81490305E-01
 1.02558496E+00
 1.06914823E+00
 1.11218131E+00
 1.15468538E+00
 1.19666166E+00
 1.23811135E+00
 1.27903567E+00
 1.31943583E+00
 1.35931305E+00
 1.39866856E+00
 1.43750359E+00
 1.37448868E+00
 1.18242297E+00
 9.92270258E-01
 8.04026379E-01
 6.17687150E-01
 4.33248374E-01
 2.50705834E-01
 7.00552990E-02
 1.17396693E+01
 3.08368098E+01
 6.93330432E-01
 5.42729768E-01
 2.70987790E-01
 8.72067126E-02
 1.27527497E-01
 2.82408591E-02
 7.09328568E-03
 8.32977223E-03
 2.48934132E-01
 3.49043337E-02
 1.48743484E-02
 1.65767884E-02
 1.38737992E-02
 5.48114976E-03
 2.02113460E-02
 3.50630771E-02
 4.81690369E-02
 5.86685737E-02
 6.50611972E-02
 6.44737269E-02
 5.06209770E-02
 2.20152047E-02
 7.92473707E-01
 6.66689127E-01
 5.10429849E-01
 2.33884191E-01
 1.70419141E-01
 1.33449969E-01
 1.05803244E-01
 8.69816505E-02
 7.84585073E-02
 6.84663013E-02
 5.75073218E-02
 4.58758426E-02
 3.37559257E-02
 2.12687865E-02
 8.49766721E-03
 5.61613837E-03
 1.22760672E-02
 1.67926620E-02
 1.95515479E-02
 2.08510912E-02
 2.09258160E-02
 1.99626646E-02
 1.81125311E-02
 1.73908439E-02
 1.69206274E-02
 1.56999875E-02
 1.38265061E-02
 1.13774210E-02
 8.41852718E-03
 5.00625180E-03
 1.18929457E-03
 4.29255426E-03
 8.40588384E-03
 1.18791304E-02
 1.47726272E-02
 1.71396460E-02
 1.90274211E-02
 2.04780013E-02
 2.15289632E-02
 2.22140102E-02
 2.25634801E-02
 2.26047750E-02
 2.23627291E-02
 2.18599237E-02
 2.11169579E-02
 2.01526832E-02
 1.91697413E-02
 1.89826810E-02
 1.85944062E-02
 1.80202348E-02
 1.72743836E-02
 1.63700885E-02
 1.53197115E-02
 1.41348363E-02
 1.28263530E-02
 1.14045358E-02
 9.87911134E-03
 8.25932232E-03
 6.55398462E-03
 4.77154013E-03
 2.92010544E-03
 1.00751718E-03
 3.65853931E-04
 1.20757255E-03
 2.10752992E-03
 3.05790948E-03
 4.05104152E-03
 5.07936493E-03
 6.13538977E-03
 7.21166017E-03
 8.30071718E-03
 9.39506124E-03
 1.04871138E-02
 1.15691778E-02
 1.26333961E-02
 1.36717081E-02
 1.46758035E-02
 1.56370728E-02
 1.69509067E-02
 1.82720705E-02
 1.95153574E-02
 2.06704194E-02
 2.17262626E-02
 2.26711588E-02
 2.34925461E-02
 2.41895138E-02
 2.55222993E-02
 2.66754966E-02
 2.76317890E-02
 2.84445500E-02
 2.96541019E-02
 3.06915068E-02
 3.20115549E-02
 3.41925009E-02
 4.12402239E-02
 4.51882582E-02
 4.31474164E-02
 9.17005285E-02
 5.80497586E+00
 1.85975577E-01
 1.00102538E-01
 9.80418217E-02
 9.75128989E-02
 1.03181491E-01
 1.12091290E-01
 1.18478505E-01
 1.24051958E-01
 1.22998961E-01
 1.29316170E-01
 9.84343247E-02
 3.42286385E-01
 5.08215281E+00
 2.86590080E+00
 7.92065997E-01
 1.05406465E+00
 1.25107282E+00
 1.34758222E+00
 1.62646087E+00
 1.91245736E+00
 3.97671008E+00
 5.56690122E+00
 3.40660638E+00
 1.35160953E+00
 3.57899843E-01
 1.86112854E-02
 3.38441041E+00
 1.45253929E+01
 6.53361568E+01
 2.49771409E+02
 5.39933297E+01
 2.60496608E+01
 1.34649013E+01
 5.73664208E+00
 4.43451354E+00
 3.42273734E+00
 2.58239748E+00
 1.85669086E+00
 1.23511989E+00
 6.64342174E-01
 1.31142724E-01
 2.58733029E-01
 2.32337457E-01
 2.09906785E-01
 1.90665209E-01
 1.74027331E-01
 1.59543117E-01
 1.46860893E-01
 1.35701860E-01
 1.23768256E-01
 1.09800040E-01
 9.69078191E-02
 8.49552089E-02
 7.38282210E-02
 6.34308385E-02
 5.36816004E-02
 4.45109360E-02
 3.81685243E-02
 3.40463647E-02
 3.02953900E-02
 2.68807250E-02
 2.37717966E-02
 2.09416886E-02
 1.83666087E-02
 1.60254467E-02
 1.38994052E-02
 1.19716899E-02
 1.02272488E-02
 8.65255044E-03
 7.23539569E-03
 5.96475687E-03
 4.83063941E-03
 3.82396289E-03
 2.93645810E-03
 2.16057773E-03
 1.48941865E-03
 9.16654036E-04
 4.36473891E-04
 4.35328534E-05
 2.67095824E-04
 4.99960880E-04
 6.59269050E-04
 7.48916949E-04
 7.72214984E-04
 7.33066416E-04
 6.34412646E-04
 4.79119773E-04
 2.70077262E-04
 2.99737902E-04
 1.14796993E-03
 1.94435716E-03
 2.69117485E-03
 3.39055938E-03
 4.04451886E-03
 4.65494288E-03
 5.22361129E-03
 5.75220228E-03
 6.24229965E-03
 6.69539959E-03
 7.11291675E-03
 7.49618991E-03
 7.84648713E-03
 8.16501046E-03
 8.45290032E-03
 8.71123954E-03
 8.94105701E-03
 9.14333113E-03
 9.31899296E-03
 9.46892914E-03
 9.59398458E-03
 9.69496499E-03
 9.77263917E-03
 9.82774123E-03
 9.86097251E-03
 9.87300353E-03
 9.86447566E-03
 9.83600281E-03
 9.78817288E-03
 9.72154921E-03
 9.63667187E-03
 9.53405893E-03
 9.41420757E-03
 9.27759521E-03
 9.12468048E-03
 8.95590421E-03
 8.77169027E-03
 8.57244646E-03
 8.35856529E-03
 8.13042467E-03
 7.88838868E-03
 7.63280818E-03
 7.36402144E-03
 7.08235474E-03
 6.78812289E-03
 6.48162977E-03
 6.16316883E-03
 5.83302353E-03
 5.49146780E-03
 5.13876645E-03
 4.77517556E-03
 4.40094285E-03
 4.01630804E-03
 3.62150320E-03
 3.21675304E-03
 2.80227521E-03
 2.37828064E-03
 1.94497372E-03
 1.50255267E-03
 1.05120970E-03
 5.91131259E-04
 1.22498309E-04
 1.75260345E-05
 1.26802123E-04
 2.27107142E-04
 3.18619482E-04
 4.01512521E-04
 4.75954810E-04
 5.42110247E-04
 6.00138244E-04
 6.50193888E-04
 6.92428096E-04
 7.26987757E-04
 7.54015875E-04
 7.73651703E-04
 7.86030870E-04
 7.91285505E-04
 7.89544356E-04
 7.80932900E-04
 7.65573453E-04
 7.43585274E-04
 7.15084665E-04
 6.80185064E-04
 6.38997142E-04
 5.91628884E-04
 5.38185683E-04
 4.78770410E-04
 4.13483505E-04
 3.42423041E-04
 2.65684803E-04
 1.83362357E-04
 9.55471141E-05
 2.32839812E-06
 5.88304947E-05
 4.30818637E-05
 3.26143832E-05
 2.73444045E-05
 2.71901225E-05
 3.20645896E-05
 4.19045289E-05
 5.66252302E-05
 6.22654582E-05
 5.78782382E-05
 5.81812911E-05
 6.31038664E-05
 1.22658174E-02
 3.38691829E-02
 8.92437647E-02
 1.21723365E-01
 1.56143365E-04
 2.40687355E-04
 2.93768990E-04
 3.15844946E-04
 3.07361868E-04
 2.68756681E-04
 2.00456870E-04
 1.02880765E-04
 1.18306774E-04
 1.35359294E-04
 1.25037993E-04
 8.77175844E-05
 6.66635720E-02
 1.39987200E-01
 3.92432546E-01
 9.87029365E-01
 9.74143732E-01
 9.61342998E-01
 9.48627060E-01
 9.35995815E-01
 9.23449157E-01
 9.10986983E-01
 8.98609188E-01
 8.86315667E-01
 8.74106314E-01
 8.61981023E-01
 8.49939688E-01
 8.37982203E-01
 8.26108459E-01
 8.14318351E-01
 8.02611769E-01
 7.90988606E-01
 7.79448754E-01
 7.67992102E-01
 7.56618543E-01
 7.45327966E-01
 7.34120261E-01
 7.22995317E-01
 7.11953025E-01
 7.00993272E-01
 6.90115946E-01
 6.79320936E-01
 6.68608130E-01
 6.57977414E-01
 6.47428675E-01
 6.36961799E-01
 6.26576672E-01
 6.16273180E-01
 6.06051208E-01
 5.95910641E-01
 5.85851362E-01
 5.75873256E-01
 5.65976206E-01
 5.56160095E-01
 5.46424806E-01
 5.36770221E-01
 5.27196221E-01
 5.17702689E-01
 5.08289504E-01
 4.98956547E-01
 4.89703699E-01
 4.80530838E-01
 4.71437845E-01
 4.62424598E-01
 4.53490975E-01
 4.44636853E-01
 4.35862112E-01
 4.27166626E-01
 4.18550273E-01
 4.10012930E-01
 4.01554471E-01
 3.93174771E-01
 3.84873707E-01
 3.76651151E-01
 3.68506977E-01
 3.60441059E-01
 3.52453270E-01
 3.44543482E-01
 3.36711568E-01
 3.28957397E-01
 3.21280843E-01
 3.13681775E-01
 3.06160062E-01
 2.98715576E-01
 2.91348184E-01
 2.84057756E-01
 2.76844160E-01
 2.69707263E-01
 2.62646932E-01
 2.55663035E-01
 2.48755437E-01
 2.41924004E-01
 2.35168602E-01
 2.28489094E-01
 2.21885346E-01
 2.15357220E-01
 2.08904581E-01
 2.02527290E-01
 1.96225210E-01
 1.89998203E-01
 1.83846130E-01
 1.77768851E-01
 1.71766227E-01
 1.65838117E-01
 1.59984380E-01
 1.54204876E-01
 1.48499460E-01
 1.42867993E-01
 1.37310329E-01
 1.31826327E-01
 1.26415841E-01
 1.21078727E-01
 1.15814840E-01
 1.10624034E-01
 1.05506163E-01
 1.00461080E-01
 9.54886375E-02
 9.05886879E-02
 8.57610825E-02
 8.10056723E-02
 7.63223078E-02
 7.17108387E-02
 6.71711143E-02
 6.27029833E-02
 5.83062940E-02
 5.39808937E-02
 4.97266296E-02
 4.55433479E-02
 4.14308946E-02
 3.73891148E-02
 3.34178533E-02
 2.95169541E-02
 2.56862605E-02
 2.19256157E-02
 1.82348617E-02
 1.46138403E-02
 1.10623926E-02
 7.58035897E-03
 4.16757936E-03
 8.23892997E-04
 3.88685409E-02
 9.02319615E-02
 1.41071050E-01
 1.91386859E-01
 2.41180446E-01
 2.90452871E-01
 3.39205198E-01
 3.87438498E-01
 4.35153842E-01
 4.82352308E-01
 5.29034978E-01
 5.75202937E-01
 6.20857275E-01
 6.65999085E-01
 7.10629467E-01
 7.54749521E-01
 7.98360356E-01
 8.41463082E-01
 8.84058814E-01
 9.26148672E-01
 9.67733781E-01
 1.00881527E+00
 1.04939427E+00
 1.08947191E+00
 1.12904935E+00
 1.16812772E+00
 1.20670818E+00
 1.24479188E+00
 1.28237999E+00
 1.31947366E+00
 1.35607406E+00
 1.29661402E+00
 1.11543943E+00
 9.36066553E-01
 7.58491476E-01
 5.82710260E-01
 4.08718953E-01
 2.36513588E-01
 6.60901821E-02
 1.10745183E+01
 2.90896569E+01
 7.13055349E-01
 5.72055674E-01
 2.96781210E-01
 7.23074462E-02
 1.19754050E-01
 2.67482859E-02
 7.01692531E-03
 8.10946111E-03
 2.52678483E-01
 3.58766321E-02
 1.45154074E-02
 1.62877079E-02
 1.36962431E-02
 5.48174663E-03
 2.00980387E-02
 3.47876780E-02
 4.76939577E-02
 5.79529029E-02
 6.40708839E-02
 6.32208052E-02
 4.93225359E-02
 2.11630288E-02
 7.46615280E-01
 5.08824514E-01
 6.07322496E-01
 2.47098879E-01
 1.75562279E-01
 1.35878849E-01
 1.06915530E-01
 8.75022252E-02
 7.89202589E-02
 6.88575306E-02
 5.78267617E-02
 4.61259270E-02
 3.39402569E-02
 2.13911447E-02
 8.56162829E-03
 5.67267600E-03
 1.23580569E-02
 1.68776468E-02
 1.96236541E-02
 2.08989911E-02
 2.09413759E-02
 1.99400293E-02
 1.80474918E-02
 1.73302065E-02
 1.68852288E-02
 1.56829272E-02
 1.38221936E-02
 1.13812528E-02
 8.42669259E-03
 5.01558154E-03
 1.19714260E-03
 4.30900497E-03
 8.42959470E-03
 1.19063178E-02
 1.48000628E-02
 1.71645686E-02
 1.90474642E-02
 2.04911339E-02
 2.15334405E-02
 2.22083330E-02
 2.25463604E-02
 2.25751078E-02
 2.23195682E-02
 2.18024616E-02
 2.10445085E-02
 2.00646677E-02
 1.90701050E-02
 1.88944746E-02
 1.85165333E-02
 1.79517167E-02
 1.72143482E-02
 1.63177609E-02
 1.52744054E-02
 1.40959466E-02
 1.27933500E-02
 1.13769593E-02
 9.85656621E-03
 8.24147445E-03
 6.54055752E-03
 4.76231207E-03
 2.91490714E-03
 1.00622992E-03
 2.99365393E-05
 2.09604263E-04
 4.58455237E-04
 7.68229258E-04
 1.13084724E-03
 1.53837074E-03
 1.98296248E-03
 2.45684748E-03
 2.95227430E-03
 3.46147614E-03
 3.97663119E-03
 4.48982194E-03
 4.99299290E-03
 5.47790628E-03
 5.93609508E-03
 6.35881291E-03
 7.15057646E-03
 7.95835017E-03
 8.69512324E-03
 9.35048830E-03
 9.91341031E-03
 1.03721384E-02
 1.07141067E-02
 1.09387047E-02
 1.18237141E-02
 1.25356517E-02
 1.30572690E-02
 1.34436531E-02
 1.42478126E-02
 1.48886225E-02
 1.58317252E-02
 1.68785098E-02
 1.95345821E-02
 1.91149114E-02
 1.26712853E-02
 1.29398987E-01
 5.97204657E+00
 1.46184121E-01
 5.45224209E-02
 4.86340108E-02
 4.44524021E-02
 4.67542310E-02
 5.25314987E-02
 5.59135928E-02
 5.86646201E-02
 5.48750317E-02
 5.88545939E-02
 1.00601747E-01
 2.15394031E-01
 5.43660360E+00
 3.29339699E+00
 3.23350666E-01
 4.95022027E-01
 6.15925365E-01
 6.53989851E-01
 9.71540566E-01
 1.33626315E+00
 3.47707447E+00
 5.09394142E+00
 3.04731330E+00
 1.16541664E+00
 2.87554795E-01
 3.00310853E-02
 3.35788097E+00
 1.47230721E+01
 7.57022971E+01
 1.53555309E+02
 4.32089252E+01
 2.06847155E+01
 9.73319110E+00
 2.77291344E+00
 2.16197041E+00
 1.67504404E+00
 1.26238637E+00
 9.02427192E-01
 6.03836118E-01
 3.26562221E-01
 6.51555065E-02
 1.26400152E-01
 1.10118596E-01
 9.69895264E-02
 8.63996425E-02
 7.78849144E-02
 7.10877808E-02
 6.57282746E-02
 6.15840626E-02
 5.65221543E-02
 4.93803365E-02
 4.31106897E-02
 3.76023462E-02
 3.27625669E-02
 2.85131784E-02
 2.47878188E-02
 2.15297857E-02
 1.82065904E-02
 1.48925705E-02
 1.19290254E-02
 9.28310512E-03
 6.92599582E-03
 4.83231722E-03
 2.97962424E-03
 1.34799335E-03
 8.03231742E-05
 1.32118744E-03
 2.38882093E-03
 3.29601223E-03
 4.05429388E-03
 4.67409374E-03
 5.16486484E-03
 5.53519736E-03
 5.79291555E-03
 5.94516176E-03
 5.99846968E-03
 5.95882832E-03
 5.83173803E-03
 5.62225981E-03
 5.33505866E-03
 4.97444195E-03
 4.54439337E-03
 4.04860308E-03
 3.49049457E-03
 2.87288740E-03
 2.19945373E-03
 1.47261157E-03
 6.95103250E-04
 2.99431688E-04
 1.14413796E-03
 1.93728703E-03
 2.68113481E-03
 3.37779985E-03
 4.02927387E-03
 4.63743131E-03
 5.20403807E-03
 5.73075939E-03
 6.21916712E-03
 6.67074635E-03
 7.08690148E-03
 7.46896172E-03
 7.81818625E-03
 8.13576888E-03
 8.42284234E-03
 8.68048229E-03
 8.90971093E-03
 9.11150044E-03
 9.28677604E-03
 9.43641891E-03
 9.56126887E-03
 9.66212684E-03
 9.73975716E-03
 9.79488970E-03
 9.82822190E-03
 9.84042055E-03
 9.83212356E-03
 9.80394155E-03
 9.75645935E-03
 9.69023738E-03
 9.60581301E-03
 9.50370170E-03
 9.38439823E-03
 9.24837771E-03
 9.09609661E-03
 8.92799371E-03
 8.74449095E-03
 8.54599431E-03
 8.33289454E-03
 8.10556795E-03
 7.86437705E-03
 7.60967123E-03
 7.34178737E-03
 7.06105042E-03
 6.76777395E-03
 6.46226064E-03
 6.14480282E-03
 5.81568287E-03
 5.47517370E-03
 5.12353915E-03
 4.76103438E-03
 4.38790624E-03
 4.00439361E-03
 3.61072777E-03
 3.20713265E-03
 2.79382522E-03
 2.37101568E-03
 1.93890781E-03
 1.49769917E-03
 1.04758138E-03
 5.88740343E-04
 1.21356461E-04
 1.67709555E-05
 1.25922004E-04
 2.26114089E-04
 3.17525089E-04
 4.00327895E-04
 4.74690588E-04
 5.40776621E-04
 5.98744978E-04
 6.48750335E-04
 6.90943217E-04
 7.25470138E-04
 7.52473740E-04
 7.72092932E-04
 7.84463013E-04
 7.89715795E-04
 7.87979720E-04
 7.79379975E-04
 7.64038595E-04
 7.42074572E-04
 7.13603948E-04
 6.78739917E-04
 6.37592910E-04
 5.90270686E-04
 5.36878417E-04
 4.77518766E-04
 4.12291969E-04
 3.41295906E-04
 2.64626176E-04
 1.82376164E-04
 9.46371094E-05
 1.49817108E-06
 5.96078942E-05
 4.38699856E-05
 3.34100863E-05
 2.81446924E-05
 2.79921372E-05
 3.28655315E-05
 4.27018892E-05
 5.74165359E-05
 6.30551990E-05
 5.86714668E-05
 5.89758874E-05
 6.38978168E-05
 1.15682116E-02
 3.19507233E-02
 8.68650023E-02
 1.23664381E-01
 1.57294247E-04
 2.42010836E-04
 2.95200099E-04
 3.17320040E-04
 3.08818597E-04
 2.70133948E-04
 2.01694799E-04
 1.03920666E-04
 1.19375245E-04
 1.36460943E-04
 1.26119707E-04
 8.87272773E-05
 6.29048467E-02
 1.32102233E-01
 3.84467264E-01
 9.87029620E-01
 9.74144239E-01
 9.61343752E-01
 9.48628056E-01
 9.35997049E-01
 9.23450625E-01
 9.10988680E-01
 8.98611110E-01
 8.86317809E-01
 8.74108672E-01
 8.61983593E-01
 8.49942465E-01
 8.37985182E-01
 8.26111637E-01
 8.14321722E-01
 8.02615330E-01
 7.90992353E-01
 7.79452681E-01
 7.67996207E-01
 7.56622820E-01
 7.45332411E-01
 7.34124869E-01
 7.23000086E-01
 7.11957948E-01
 7.00998346E-01
 6.90121167E-01
 6.79326300E-01
 6.68613631E-01
 6.57983049E-01
 6.47434440E-01
 6.36967689E-01
 6.26582684E-01
 6.16279309E-01
 6.06057450E-01
 5.95916991E-01
 5.85857817E-01
 5.75879811E-01
 5.65982857E-01
 5.56166838E-01
 5.46431637E-01
 5.36777135E-01
 5.27203215E-01
 5.17709757E-01
 5.08296644E-01
 4.98963754E-01
 4.89710969E-01
 4.80538167E-01
 4.71445229E-01
 4.62432032E-01
 4.53498456E-01
 4.44644377E-01
 4.35869674E-01
 4.27174223E-01
 4.18557901E-01
 4.10020583E-01
 4.01562147E-01
 3.93182466E-01
 3.84881415E-01
 3.76658870E-01
 3.68514702E-01
 3.60448787E-01
 3.52460997E-01
 3.44551203E-01
 3.36719279E-01
 3.28965096E-01
 3.21288524E-01
 3.13689434E-01
 3.06167697E-01
 2.98723181E-01
 2.91355757E-01
 2.84065292E-01
 2.76851655E-01
 2.69714714E-01
 2.62654335E-01
 2.55670385E-01
 2.48762731E-01
 2.41931238E-01
 2.35175772E-01
 2.28496197E-01
 2.21892377E-01
 2.15364177E-01
 2.08911458E-01
 2.02534085E-01
 1.96231919E-01
 1.90004822E-01
 1.83852655E-01
 1.77775278E-01
 1.71772553E-01
 1.65844338E-01
 1.59990492E-01
 1.54210875E-01
 1.48505344E-01
 1.42873756E-01
 1.37315969E-01
 1.31831840E-01
 1.26421223E-01
 1.21083975E-01
 1.15819950E-01
 1.10629002E-01
 1.05510986E-01
 1.00465754E-01
 9.54931594E-02
 9.05930538E-02
 8.57652889E-02
 8.10097157E-02
 7.63261845E-02
 7.17145453E-02
 6.71746473E-02
 6.27063393E-02
 5.83094693E-02
 5.39838849E-02
 4.97294331E-02
 4.55459604E-02
 4.14333126E-02
 3.73913349E-02
 3.34198720E-02
 2.95187680E-02
 2.56878662E-02
 2.19270097E-02
 1.82360408E-02
 1.46148010E-02
 1.10631315E-02
 7.58087284E-03
 4.16786479E-03
 8.23946652E-04
 3.65629485E-02
 8.48775534E-02
 1.32696705E-01
 1.80021400E-01
 2.26852637E-01
 2.73191422E-01
 3.19038762E-01
 3.64395668E-01
 4.09263156E-01
 4.53642245E-01
 4.97533960E-01
 5.40939327E-01
 5.83859378E-01
 6.26295148E-01
 6.68247676E-01
 7.09718006E-01
 7.50707186E-01
 7.91216266E-01
 8.31246303E-01
 8.70798356E-01
 9.09873489E-01
 9.48472770E-01
 9.86597271E-01
 1.02424807E+00
 1.06142624E+00
 1.09813288E+00
 1.13436906E+00
 1.17013589E+00
 1.20543446E+00
 1.24026588E+00
 1.27463124E+00
 1.21872661E+00
 1.04844487E+00
 8.79853570E-01
 7.12949025E-01
 5.47727547E-01
 3.84185429E-01
 2.22318954E-01
 6.21243855E-02
 1.04092550E+01
 2.73422082E+01
 7.32516378E-01
 6.00988832E-01
 3.22230498E-01
 5.75920504E-02
 1.12062398E-01
 2.52465808E-02
 6.90974780E-03
 7.86025666E-03
 2.56381961E-01
 3.68636340E-02
 1.41281392E-02
 1.59679593E-02
 1.34845018E-02
 5.44261742E-03
 1.99448948E-02
 3.44735237E-02
 4.71825645E-02
 5.72054443E-02
 6.30562438E-02
 6.19536947E-02
 4.80125903E-02
 2.02630350E-02
 7.06794199E-01
 4.09045589E-01
 7.53427637E-01
 2.62140173E-01
 1.81062120E-01
 1.38392042E-01
 1.08031167E-01
 8.80036120E-02
 7.93646440E-02
 6.92323887E-02
 5.81305598E-02
 4.63610017E-02
 3.41101653E-02
 2.14996364E-02
 8.61225266E-03
 5.71717076E-03
 1.24296370E-02
 1.69533317E-02
 1.96872285E-02
 2.09389001E-02
 2.09493330E-02
 1.99100753E-02
 1.79753463E-02
 1.72630393E-02
 1.68439797E-02
 1.56605745E-02
 1.38130520E-02
 1.13806439E-02
 8.43074540E-03
 5.02107827E-03
 1.20139774E-03
 4.32216328E-03
 8.45028533E-03
 1.19307142E-02
 1.48249015E-02
 1.71870592E-02
 1.90652162E-02
 2.05020963E-02
 2.15358520E-02
 2.22006805E-02
 2.25273444E-02
 2.25436137E-02
 2.22746418E-02
 2.17432886E-02
 2.09703976E-02
 1.99750352E-02
 1.89689076E-02
 1.88048351E-02
 1.84373452E-02
 1.78819925E-02
 1.71532082E-02
 1.62644233E-02
 1.52281778E-02
 1.40562190E-02
 1.27595882E-02
 1.13486992E-02
 9.83340950E-03
 8.22308430E-03
 6.52665521E-03
 4.75267413E-03
 2.90936300E-03
 1.00465997E-03
 2.99053228E-04
 7.68197235E-04
 1.15736117E-03
 1.47524479E-03
 1.73033269E-03
 1.93093706E-03
 2.08523910E-03
 2.20132974E-03
 2.28724995E-03
 2.35103104E-03
 2.40073557E-03
 2.44449908E-03
 2.49057334E-03
 2.54737140E-03
 2.62351527E-03
 2.72788651E-03
 2.44683005E-03
 2.14119162E-03
 1.89978722E-03
 1.73308281E-03
 1.65215394E-03
 1.66877376E-03
 1.79551181E-03
 2.03267848E-03
 1.58493633E-03
 1.30386129E-03
 1.20663420E-03
 1.23645489E-03
 8.27627009E-04
 5.73470886E-04
 2.50541114E-06
 4.74878617E-05
 1.62683176E-03
 6.25980615E-03
 1.69535930E-02
 1.66093042E-01
 6.13783467E+00
 1.07686625E-01
 1.03834434E-02
 8.10249252E-04
 6.88316297E-03
 7.80956781E-03
 5.02866435E-03
 4.51758588E-03
 4.45705953E-03
 1.08528653E-02
 9.08361744E-03
 1.02649149E-01
 9.30343770E-02
 5.78058924E+00
 3.70600081E+00
 1.26620336E-01
 4.03492875E-02
 9.64930601E-03
 5.05828928E-03
 3.51877730E-01
 7.94548544E-01
 3.00828947E+00
 4.64516177E+00
 2.71027939E+00
 1.00418301E+00
 2.40246897E-01
 2.46686576E-02
 3.27980171E+00
 1.48324644E+01
 9.26286326E+01
 1.04666383E+02
 3.42585465E+01
 1.58621859E+01
 6.28199405E+00
 1.69972283E-03
 1.44912622E-02
 1.35057454E-02
 2.18671781E-03
 1.13789546E-02
 2.13027522E-03
 1.63531731E-03
 1.34977850E-03
 7.89344775E-04
 7.47285024E-03
 1.17519163E-02
 1.40926613E-02
 1.48486616E-02
 1.42929603E-02
 1.26397405E-02
 1.00593578E-02
 8.52377210E-03
 9.10010245E-03
 8.99646774E-03
 8.29996460E-03
 7.08349627E-03
 5.40854751E-03
 3.32733313E-03
 8.84479018E-04
 1.29136768E-03
 3.81763687E-03
 6.01337015E-03
 7.90948232E-03
 9.53310408E-03
 1.09081452E-02
 1.20557599E-02
 1.29947337E-02
 1.37418069E-02
 1.43119465E-02
 1.47185757E-02
 1.49737688E-02
 1.50884171E-02
 1.50723707E-02
 1.49345611E-02
 1.46831060E-02
 1.43254005E-02
 1.38681963E-02
 1.33176705E-02
 1.26794858E-02
 1.19588435E-02
 1.11605297E-02
 1.02889564E-02
 9.34819731E-03
 8.34202045E-03
 7.27391608E-03
 6.14712230E-03
 4.96429439E-03
 3.72892611E-03
 2.44329721E-03
 1.11000716E-03
 2.98481809E-04
 1.13971780E-03
 1.92968086E-03
 2.67060779E-03
 3.36459956E-03
 4.01363171E-03
 4.61956374E-03
 5.18414773E-03
 5.70903616E-03
 6.19578908E-03
 6.64588064E-03
 7.06070504E-03
 7.44158209E-03
 7.78976219E-03
 8.10643100E-03
 8.39271364E-03
 8.64967869E-03
 8.87834175E-03
 9.07966881E-03
 9.25457935E-03
 9.40394914E-03
 9.52861296E-03
 9.62936700E-03
 9.70697117E-03
 9.76215119E-03
 9.79560059E-03
 9.80798250E-03
 9.79993138E-03
 9.77205462E-03
 9.72493398E-03
 9.65912705E-03
 9.57516845E-03
 9.47357112E-03
 9.35482743E-03
 9.21941021E-03
 9.06777379E-03
 8.90035493E-03
 8.71757365E-03
 8.51983411E-03
 8.30752537E-03
 8.08102209E-03
 7.84068527E-03
 7.58686282E-03
 7.31989026E-03
 7.04009123E-03
 6.74777804E-03
 6.44325221E-03
 6.12680493E-03
 5.79871754E-03
 5.45926193E-03
 5.10870098E-03
 4.74728894E-03
 4.37527179E-03
 3.99288757E-03
 3.60036679E-03
 3.19793263E-03
 2.78580133E-03
 2.36418243E-03
 1.93327904E-03
 1.49328812E-03
 1.04440070E-03
 5.86802107E-04
 1.20672213E-04
 1.64776588E-05
 1.25507361E-04
 2.25590091E-04
 3.16903223E-04
 3.99619161E-04
 4.73905526E-04
 5.39925323E-04
 5.97837115E-04
 6.47795171E-04
 6.89949625E-04
 7.24446620E-04
 7.51428441E-04
 7.71033655E-04
 7.83397231E-04
 7.88650668E-04
 7.86922107E-04
 7.78336443E-04
 7.63015437E-04
 7.41077813E-04
 7.12639358E-04
 6.77813020E-04
 6.36708995E-04
 5.89434817E-04
 5.36095438E-04
 4.76793316E-04
 4.11628485E-04
 3.40698632E-04
 2.64099171E-04
 1.81923311E-04
 9.42621187E-05
 1.20458898E-06
 5.98470940E-05
 4.41184697E-05
 3.36647527E-05
 2.84025818E-05
 2.82504279E-05
 3.31214584E-05
 4.29529786E-05
 5.76603481E-05
 6.32962668E-05
 5.89148857E-05
 5.92195676E-05
 6.41397740E-05
 1.08708165E-02
 3.00318774E-02
 8.44856048E-02
 1.25606343E-01
 1.57754448E-04
 2.42644059E-04
 2.95941270E-04
 3.18105417E-04
 3.09585734E-04
 2.70821656E-04
 2.02243112E-04
 1.04270806E-04
 1.19753892E-04
 1.36872665E-04
 1.26511315E-04
 8.90466133E-05
 5.91431820E-02
 1.24210306E-01
 3.76494736E-01
 9.87029876E-01
 9.74144746E-01
 9.61344506E-01
 9.48629053E-01
 9.35998283E-01
 9.23452093E-01
 9.10990378E-01
 8.98613032E-01
 8.86319952E-01
 8.74111031E-01
 8.61986163E-01
 8.49945242E-01
 8.37988162E-01
 8.26114816E-01
 8.14325095E-01
 8.02618893E-01
 7.90996101E-01
 7.79456611E-01
 7.68000313E-01
 7.56627098E-01
 7.45336858E-01
 7.34129480E-01
 7.23004856E-01
 7.11962874E-01
 7.01003423E-01
 6.90126391E-01
 6.79331666E-01
 6.68619136E-01
 6.57988687E-01
 6.47440207E-01
 6.36973583E-01
 6.26588698E-01
 6.16285441E-01
 6.06063694E-01
 5.95923344E-01
 5.85864275E-01
 5.75886369E-01
 5.65989511E-01
 5.56173584E-01
 5.46438471E-01
 5.36784053E-01
 5.27210212E-01
 5.17716830E-01
 5.08303788E-01
 4.98970965E-01
 4.89718243E-01
 4.80545501E-01
 4.71452617E-01
 4.62439471E-01
 4.53505941E-01
 4.44651905E-01
 4.35877241E-01
 4.27181824E-01
 4.18565533E-01
 4.10028242E-01
 4.01569828E-01
 3.93190165E-01
 3.84889129E-01
 3.76666594E-01
 3.68522433E-01
 3.60456521E-01
 3.52468729E-01
 3.44558930E-01
 3.36726996E-01
 3.28972800E-01
 3.21296211E-01
 3.13697100E-01
 3.06175338E-01
 2.98730793E-01
 2.91363336E-01
 2.84072834E-01
 2.76859157E-01
 2.69722171E-01
 2.62661744E-01
 2.55677742E-01
 2.48770032E-01
 2.41938479E-01
 2.35182949E-01
 2.28503307E-01
 2.21899416E-01
 2.15371140E-01
 2.08918343E-01
 2.02540887E-01
 1.96238635E-01
 1.90011448E-01
 1.83859187E-01
 1.77781713E-01
 1.71778886E-01
 1.65850566E-01
 1.59996612E-01
 1.54216882E-01
 1.48511235E-01
 1.42879528E-01
 1.37321618E-01
 1.31837361E-01
 1.26426613E-01
 1.21089231E-01
 1.15825068E-01
 1.10633979E-01
 1.05515817E-01
 1.00470437E-01
 9.54976899E-02
 9.05974284E-02
 8.57695041E-02
 8.10137679E-02
 7.63300702E-02
 7.17182610E-02
 6.71781894E-02
 6.27097043E-02
 5.83126537E-02
 5.39868853E-02
 4.97322461E-02
 4.55485824E-02
 4.14357401E-02
 3.73935645E-02
 3.34219003E-02
 2.95205915E-02
 2.56894817E-02
 2.19284136E-02
 1.82372297E-02
 1.46157717E-02
 1.10638805E-02
 7.58139680E-03
 4.16816038E-03
 8.24010542E-04
 3.42570069E-02
 7.95223454E-02
 1.24321111E-01
 1.68654243E-01
 2.12522685E-01
 2.55927384E-01
 2.98869291E-01
 3.41349361E-01
 3.83368552E-01
 4.24927825E-01
 4.66028145E-01
 5.06670483E-01
 5.46855811E-01
 5.86585106E-01
 6.25859348E-01
 6.64679522E-01
 7.03046616E-01
 7.40961622E-01
 7.78425535E-01
 8.15439357E-01
 8.52004089E-01
 8.88120740E-01
 9.23790320E-01
 9.59013846E-01
 9.93792337E-01
 1.02812682E+00
 1.06201831E+00
 1.09546785E+00
 1.12847647E+00
 1.16104522E+00
 1.19317513E+00
 1.14082644E+00
 9.81439301E-01
 8.23631308E-01
 6.67399027E-01
 5.12739011E-01
 3.59647803E-01
 2.08121931E-01
 5.81579092E-02
 9.74387962E+00
 2.55944638E+01
 4.12721904E+01
 6.29534777E-01
 3.47340746E-01
 4.30576503E-02
 1.04451174E-01
 2.37358682E-02
 6.77227972E-03
 7.58268084E-03
 2.60045435E-01
 3.78650544E-02
 1.37131695E-02
 1.56182781E-02
 1.32394722E-02
 5.36491232E-03
 1.97531872E-02
 3.41219938E-02
 4.66363139E-02
 5.64276532E-02
 6.20185642E-02
 6.06732577E-02
 4.66920040E-02
 1.93207873E-02
 6.71853259E-01
 3.40086304E-01
 9.99871063E-01
 2.79457625E-01
 1.86968277E-01
 1.40997628E-01
 1.09150308E-01
 8.84845704E-02
 7.97907130E-02
 6.95901007E-02
 5.84180635E-02
 4.65805071E-02
 3.42651646E-02
 2.15938349E-02
 8.64916246E-03
 5.74930493E-03
 1.24905491E-02
 1.70194990E-02
 1.97420822E-02
 2.09706509E-02
 2.09495364E-02
 1.98726645E-02
 1.78959670E-02
 1.71956933E-02
 1.67967824E-02
 1.56328435E-02
 1.37990053E-02
 1.13755261E-02
 8.43062406E-03
 5.02268604E-03
 1.20200876E-03
 4.33198305E-03
 8.46791407E-03
 1.19522818E-02
 1.48471085E-02
 1.72070857E-02
 1.90806473E-02
 2.05108608E-02
 2.15361717E-02
 2.21910282E-02
 2.25064091E-02
 2.25102708E-02
 2.22279290E-02
 2.16823850E-02
 2.08946060E-02
 1.98837677E-02
 1.88661317E-02
 1.87137464E-02
 1.83568269E-02
 1.78110482E-02
 1.70909504E-02
 1.62100632E-02
 1.51810173E-02
 1.40156427E-02
 1.27250573E-02
 1.13197459E-02
 9.80963212E-03
 8.20414328E-03
 6.51226960E-03
 4.74261870E-03
 2.90346583E-03
 1.00280057E-03
 1.49518178E-04
 3.23082242E-04
 4.21550078E-04
 4.53495420E-04
 4.27291788E-04
 3.51154788E-04
 2.33183277E-04
 8.13998264E-05
 9.62090710E-05
 2.91652637E-04
 4.96894840E-04
 7.03812373E-04
 9.04151083E-04
 1.08948036E-03
 1.25114491E-03
 1.38021325E-03
 1.89953833E-03
 2.44046428E-03
 2.91233918E-03
 3.30456928E-03
 3.60592670E-03
 3.80445901E-03
 3.88738775E-03
 3.85444620E-03
 4.51822542E-03
 5.00866851E-03
 5.30822128E-03
 5.47488255E-03
 6.08644172E-03
 6.53668739E-03
 7.31216718E-03
 7.57602883E-03
 6.83599311E-03
 2.96049387E-03
 7.12146062E-03
 1.58580266E-01
 6.25465659E+00
 1.22511824E-01
 2.39270247E-02
 1.48767247E-02
 7.71639026E-03
 7.42824727E-03
 1.08828065E-02
 1.19751911E-02
 1.25539384E-02
 6.48661633E-03
 8.66698496E-03
 8.49387804E-02
 7.23633354E-02
 5.90716278E+00
 3.79525338E+00
 1.57691801E-01
 7.19122621E-02
 2.21227514E-02
 3.65202827E-02
 2.80859975E-01
 6.77554109E-01
 2.84358456E+00
 4.38515042E+00
 2.46402161E+00
 8.59699818E-01
 1.62612732E-01
 4.10610396E-02
 3.37882332E+00
 1.58591902E+01
 1.35123972E+02
 7.99976187E+01
 2.97956752E+01
 1.41735572E+01
 5.62991935E+00
 9.78912932E-02
 6.81502293E-02
 5.81433648E-02
 6.01670223E-02
 6.57793698E-02
 5.04026674E-02
 4.10145272E-02
 3.60736655E-02
 3.22968317E-02
 2.34985233E-02
 1.72029151E-02
 1.29301105E-02
 1.03150603E-02
 9.07516467E-03
 8.98825511E-03
 9.87727450E-03
 9.88374300E-03
 7.99708011E-03
 6.81769658E-03
 6.25586781E-03
 6.23639639E-03
 6.69578826E-03
 7.58006272E-03
 8.84303645E-03
 7.74151971E-03
 4.89130567E-03
 2.37435793E-03
 1.59699890E-04
 1.77987165E-03
 3.46834555E-03
 4.92695877E-03
 6.17458122E-03
 7.22803765E-03
 8.10237844E-03
 8.81110843E-03
 9.36638113E-03
 9.77916444E-03
 1.00593825E-02
 1.02160374E-02
 1.02573149E-02
 1.01906749E-02
 1.00229311E-02
 9.76031977E-03
 9.40855998E-03
 8.97290676E-03
 8.45819744E-03
 7.86889276E-03
 7.20911311E-03
 6.48267068E-03
 5.69309805E-03
 4.84367359E-03
 3.93709826E-03
 2.97688592E-03
 1.96536210E-03
 9.05156176E-04
 2.96896508E-04
 1.13471714E-03
 1.92154581E-03
 2.65960048E-03
 3.35096477E-03
 3.99759823E-03
 4.60134562E-03
 5.16394538E-03
 5.68703739E-03
 6.17217003E-03
 6.62080663E-03
 7.03433137E-03
 7.41405472E-03
 7.76121843E-03
 8.07700006E-03
 8.36251727E-03
 8.61883160E-03
 8.84695214E-03
 9.04783877E-03
 9.22240525E-03
 9.37152205E-03
 9.49601893E-03
 9.59668743E-03
 9.67428305E-03
 9.72952742E-03
 9.76311020E-03
 9.77569088E-03
 9.76790054E-03
 9.74034334E-03
 9.69359805E-03
 9.62821938E-03
 9.54473930E-03
 9.44366822E-03
 9.32549612E-03
 9.19069360E-03
 9.03971285E-03
 8.87298863E-03
 8.69093907E-03
 8.49396653E-03
 8.28245837E-03
 8.05678766E-03
 7.81731385E-03
 7.56438343E-03
 7.29833055E-03
 7.01947755E-03
 6.72813550E-03
 6.42460478E-03
 6.10917545E-03
 5.78212780E-03
 5.44373272E-03
 5.09425214E-03
 4.73393940E-03
 4.36303961E-03
 3.98179003E-03
 3.59042035E-03
 3.18915302E-03
 2.77820358E-03
 2.35778089E-03
 1.92808741E-03
 1.48931950E-03
 1.04166760E-03
 5.85316476E-04
 1.20445471E-04
 1.66460316E-05
 1.25558064E-04
 2.25535005E-04
 3.16753725E-04
 3.99386148E-04
 4.73599436E-04
 5.39556154E-04
 5.97414443E-04
 6.47328171E-04
 6.89447086E-04
 7.23916959E-04
 7.50879723E-04
 7.70473604E-04
 7.82833248E-04
 7.88089839E-04
 7.86371221E-04
 7.77802003E-04
 7.62503669E-04
 7.40594678E-04
 7.12190567E-04
 6.77404039E-04
 6.36345056E-04
 5.89120927E-04
 5.35836392E-04
 4.76593699E-04
 4.11492684E-04
 3.40630845E-04
 2.64103410E-04
 1.82003413E-04
 9.44217512E-05
 1.44725609E-06
 5.95484945E-05
 4.38277213E-05
 3.33787918E-05
 2.81184866E-05
 2.79654130E-05
 3.28327930E-05
 4.26582239E-05
 5.73570972E-05
 6.29890956E-05
 5.86089323E-05
 5.89127725E-05
 6.38301822E-05
 1.01736328E-02
 2.81126475E-02
 8.21055749E-02
 1.27549251E-01
 1.57524288E-04
 2.42587345E-04
 2.95992824E-04
 3.18201398E-04
 3.09663600E-04
 2.70820125E-04
 2.02102127E-04
 1.03931503E-04
 1.19443034E-04
 1.36594775E-04
 1.26213132E-04
 8.86759058E-05
 5.53785804E-02
 1.16311423E-01
 3.68514965E-01
 9.87030132E-01
 9.74145253E-01
 9.61345260E-01
 9.48630050E-01
 9.35999518E-01
 9.23453562E-01
 9.10992076E-01
 8.98614955E-01
 8.86322095E-01
 8.74113390E-01
 8.61988734E-01
 8.49948021E-01
 8.37991144E-01
 8.26117996E-01
 8.14328470E-01
 8.02622457E-01
 7.90999851E-01
 7.79460542E-01
 7.68004421E-01
 7.56631379E-01
 7.45341306E-01
 7.34134093E-01
 7.23009628E-01
 7.11967802E-01
 7.01008502E-01
 6.90131616E-01
 6.79337034E-01
 6.68624642E-01
 6.57994328E-01
 6.47445978E-01
 6.36979479E-01
 6.26594716E-01
 6.16291576E-01
 6.06069942E-01
 5.95929701E-01
 5.85870736E-01
 5.75892931E-01
 5.65996169E-01
 5.56180334E-01
 5.46445308E-01
 5.36790974E-01
 5.27217213E-01
 5.17723907E-01
 5.08310936E-01
 4.98978180E-01
 4.89725521E-01
 4.80552838E-01
 4.71460009E-01
 4.62446914E-01
 4.53513431E-01
 4.44659438E-01
 4.35884812E-01
 4.27189430E-01
 4.18573169E-01
 4.10035905E-01
 4.01577514E-01
 3.93197870E-01
 3.84896848E-01
 3.76674324E-01
 3.68530170E-01
 3.60464259E-01
 3.52476466E-01
 3.44566662E-01
 3.36734719E-01
 3.28980509E-01
 3.21303903E-01
 3.13704772E-01
 3.06182984E-01
 2.98738411E-01
 2.91370921E-01
 2.84080383E-01
 2.76866665E-01
 2.69729634E-01
 2.62669159E-01
 2.55685105E-01
 2.48777339E-01
 2.41945727E-01
 2.35190133E-01
 2.28510424E-01
 2.21906461E-01
 2.15378111E-01
 2.08925235E-01
 2.02547697E-01
 1.96245358E-01
 1.90018081E-01
 1.83865726E-01
 1.77788155E-01
 1.71785227E-01
 1.65856802E-01
 1.60002739E-01
 1.54222897E-01
 1.48517134E-01
 1.42885307E-01
 1.37327274E-01
 1.31842890E-01
 1.26432012E-01
 1.21094495E-01
 1.15830194E-01
 1.10638964E-01
 1.05520657E-01
 1.00475128E-01
 9.55022290E-02
 9.06018117E-02
 8.57737280E-02
 8.10178289E-02
 7.63339649E-02
 7.17219856E-02
 6.71817406E-02
 6.27130785E-02
 5.83158474E-02
 5.39898950E-02
 4.97350683E-02
 4.55512137E-02
 4.14381771E-02
 3.73958037E-02
 3.34239383E-02
 2.95224248E-02
 2.56911069E-02
 2.19298274E-02
 1.82384286E-02
 1.46167523E-02
 1.10646396E-02
 7.58193087E-03
 4.16846615E-03
 8.24084667E-04
 3.19507160E-02
 7.41663373E-02
 1.15944267E-01
 1.57285388E-01
 1.98190588E-01
 2.38660756E-01
 2.78696788E-01
 3.18299579E-01
 3.57470030E-01
 3.96209046E-01
 4.34517534E-01
 4.72396405E-01
 5.09846575E-01
 5.46868960E-01
 5.83464482E-01
 6.19634068E-01
 6.55378646E-01
 6.90699148E-01
 7.25596510E-01
 7.60071673E-01
 7.94125579E-01
 8.27759176E-01
 8.60973415E-01
 8.93769249E-01
 9.26147637E-01
 9.58109541E-01
 9.89655927E-01
 1.02078776E+00
 1.05150602E+00
 1.08181169E+00
 1.11170573E+00
 1.06291351E+00
 9.14422717E-01
 7.67399769E-01
 6.21841481E-01
 4.77744653E-01
 3.35106074E-01
 1.93922520E-01
 5.41907532E-02
 9.07839206E+00
 2.38464236E+01
 3.84534165E+01
 6.57703930E-01
 3.72116940E-01
 2.87014313E-02
 9.69190452E-02
 2.22162700E-02
 6.60503484E-03
 7.27724206E-03
 2.63669747E-01
 3.88806165E-02
 1.32711043E-02
 1.52393751E-02
 1.29620185E-02
 5.24973527E-03
 1.95241327E-02
 3.37343999E-02
 4.60565813E-02
 5.56208924E-02
 6.09590356E-02
 5.93802790E-02
 4.53615425E-02
 1.83409910E-02
 6.40913157E-01
 2.89436653E-01
 1.50611630E+00
 2.99661629E-01
 1.93340048E-01
 1.43704772E-01
 1.10273122E-01
 8.89437580E-02
 8.01974508E-02
 6.99298458E-02
 5.86885866E-02
 4.67838575E-02
 3.44047479E-02
 2.16732968E-02
 8.67196660E-03
 5.76875053E-03
 1.25405271E-02
 1.70759250E-02
 1.97880216E-02
 2.09940719E-02
 2.09418315E-02
 1.98276558E-02
 1.78092238E-02
 1.71151991E-02
 1.67435371E-02
 1.55996467E-02
 1.37799759E-02
 1.13658301E-02
 8.42626608E-03
 5.02034803E-03
 1.19892371E-03
 4.33841752E-03
 8.48243867E-03
 1.19709820E-02
 1.48666486E-02
 1.72246157E-02
 1.90937275E-02
 2.05173993E-02
 2.15343733E-02
 2.21793514E-02
 2.24835308E-02
 2.24750568E-02
 2.21794088E-02
 2.16197306E-02
 2.08171147E-02
 1.97908467E-02
 1.87617597E-02
 1.86211920E-02
 1.82749632E-02
 1.77388697E-02
 1.70275615E-02
 1.61546683E-02
 1.51329121E-02
 1.39742066E-02
 1.26897470E-02
 1.12900896E-02
 9.78522491E-03
 8.18464276E-03
 6.49739256E-03
 4.73213811E-03
 2.89720842E-03
 1.00064495E-03
 2.19250458E-05
 5.62199392E-05
 2.05276969E-04
 4.16772959E-04
 6.82422194E-04
 9.94084337E-04
 1.34372347E-03
 1.72336775E-03
 2.12506920E-03
 2.54086330E-03
 2.96272781E-03
 3.38254048E-03
 3.79203508E-03
 4.18275524E-03
 4.54600558E-03
 4.87279941E-03
 5.59519480E-03
 6.33671279E-03
 7.00486242E-03
 7.58892271E-03
 8.07751553E-03
 8.45851296E-03
 8.71893295E-03
 8.85855983E-03
 9.70725816E-03
 1.03764866E-02
 1.08483305E-02
 1.11820030E-02
 1.19674062E-02
 1.25854515E-02
 1.35327635E-02
 1.40834612E-02
 1.41563391E-02
 1.10124766E-02
 1.51716170E-03
 1.52283046E-01
 6.37258043E+00
 1.36067352E-01
 3.61804139E-02
 2.76306368E-02
 2.09815468E-02
 2.13100166E-02
 2.54167150E-02
 2.70692468E-02
 2.81451294E-02
 2.23856811E-02
 2.49550583E-02
 6.87067343E-02
 5.32122647E-02
 6.03081969E+00
 3.88187381E+00
 1.86953565E-01
 1.01578248E-01
 5.18395145E-02
 6.56552525E-02
 2.13526516E-01
 5.66718886E-01
 2.68418146E+00
 4.12593941E+00
 2.21918441E+00
 7.22847569E-01
 9.48472008E-02
 4.57066364E-02
 3.45585488E+00
 1.70419032E+01
 2.69950680E+02
 6.32859728E+01
 2.59431618E+01
 1.26214368E+01
 5.01510824E+00
 1.87230456E-01
 1.45310875E-01
 1.25188465E-01
 1.18518688E-01
 1.16611906E-01
 9.54244227E-02
 8.06663061E-02
 7.07058825E-02
 6.27618276E-02
 5.19846080E-02
 4.37933116E-02
 3.76973265E-02
 3.33224306E-02
 3.03782224E-02
 2.86359090E-02
 2.79128008E-02
 2.64644823E-02
 2.33375675E-02
 2.09419932E-02
 1.91858341E-02
 1.79919541E-02
 1.72951475E-02
 1.70399189E-02
 1.71787406E-02
 1.54364442E-02
 1.23146221E-02
 9.52771027E-03
 7.04476542E-03
 4.83859568E-03
 2.88520727E-03
 1.16334633E-03
 3.45882629E-04
 1.65933624E-03
 2.79210111E-03
 3.75772119E-03
 4.56839100E-03
 5.23512039E-03
 5.76787578E-03
 6.17570164E-03
 6.46682527E-03
 6.64874773E-03
 6.72832274E-03
 6.71182557E-03
 6.60501328E-03
 6.41317756E-03
 6.14119123E-03
 5.79354925E-03
 5.37440501E-03
 4.88760249E-03
 4.33670484E-03
 3.72501987E-03
 3.05528456E-03
 2.33102200E-03
 1.55459581E-03
 7.28656695E-04
 2.94683925E-04
 1.12914356E-03
 1.91288897E-03
 2.64811950E-03
 3.33690166E-03
 3.98117921E-03
 4.58278235E-03
 5.14343607E-03
 5.66476781E-03
 6.14831440E-03
 6.59552850E-03
 7.00778437E-03
 7.38638327E-03
 7.73255838E-03
 8.04747931E-03
 8.33225626E-03
 8.58794388E-03
 8.81554478E-03
 9.01601281E-03
 9.19025611E-03
 9.33913985E-03
 9.46348888E-03
 9.56409008E-03
 9.64169464E-03
 9.69702011E-03
 9.73075233E-03
 9.74354722E-03
 9.73603246E-03
 9.70880905E-03
 9.66245277E-03
 9.59751553E-03
 9.51452663E-03
 9.41399400E-03
 9.29640525E-03
 9.16222875E-03
 9.01191461E-03
 8.84589558E-03
 8.66458792E-03
 8.46839222E-03
 8.25769415E-03
 8.03286519E-03
 7.79426330E-03
 7.54223353E-03
 7.27710866E-03
 6.99920976E-03
 6.70884670E-03
 6.40631866E-03
 6.09191465E-03
 5.76591388E-03
 5.42858626E-03
 5.08019279E-03
 4.72098589E-03
 4.35120985E-03
 3.97110108E-03
 3.58088852E-03
 3.18079388E-03
 2.77103200E-03
 2.35181106E-03
 1.92333291E-03
 1.48579327E-03
 1.03938202E-03
 5.84283371E-04
 1.20676138E-04
 1.72759609E-05
 1.26073985E-04
 2.25948686E-04
 3.17076436E-04
 3.99628683E-04
 4.73772132E-04
 5.39668915E-04
 5.97476752E-04
 6.47349114E-04
 6.89435364E-04
 7.23880909E-04
 7.50827329E-04
 7.70412514E-04
 7.82770786E-04
 7.88033023E-04
 7.86326770E-04
 7.77776351E-04
 7.62502978E-04
 7.40624849E-04
 7.12257249E-04
 6.77512638E-04
 6.36500750E-04
 5.89328669E-04
 5.36100923E-04
 4.76919553E-04
 4.11884200E-04
 3.41092171E-04
 2.64638514E-04
 1.82616085E-04
 9.51156167E-05
 2.22577672E-06
 5.87124965E-05
 4.29981460E-05
 3.25526138E-05
 2.72928211E-05
 2.71375108E-05
 3.19999577E-05
 4.18180513E-05
 5.65072133E-05
 6.21341190E-05
 5.77540437E-05
 5.80559423E-05
 6.29694850E-05
 9.47666076E-03
 2.61930356E-02
 7.97249153E-02
 1.29493101E-01
 1.56604093E-04
 2.41841016E-04
 2.95355083E-04
 3.17608306E-04
 3.09052517E-04
 2.70129675E-04
 2.01272165E-04
 1.02903075E-04
 1.18442987E-04
 1.35627590E-04
 1.25225473E-04
 8.76154683E-05
 5.16110442E-02
 1.08405590E-01
 3.60527959E-01
 9.87030388E-01
 9.74145761E-01
 9.61346015E-01
 9.48631047E-01
 9.36000754E-01
 9.23455031E-01
 9.10993774E-01
 8.98616879E-01
 8.86324240E-01
 8.74115751E-01
 8.61991306E-01
 8.49950801E-01
 8.37994127E-01
 8.26121177E-01
 8.14331846E-01
 8.02626023E-01
 7.91003602E-01
 7.79464475E-01
 7.68008531E-01
 7.56635661E-01
 7.45345757E-01
 7.34138708E-01
 7.23014403E-01
 7.11972732E-01
 7.01013583E-01
 6.90136845E-01
 6.79342405E-01
 6.68630152E-01
 6.57999971E-01
 6.47451751E-01
 6.36985378E-01
 6.26600737E-01
 6.16297713E-01
 6.06076193E-01
 5.95936061E-01
 5.85877200E-01
 5.75899496E-01
 5.66002830E-01
 5.56187088E-01
 5.46452150E-01
 5.36797899E-01
 5.27224218E-01
 5.17730987E-01
 5.08318088E-01
 4.98985400E-01
 4.89732804E-01
 4.80560180E-01
 4.71467406E-01
 4.62454362E-01
 4.53520926E-01
 4.44666976E-01
 4.35892388E-01
 4.27197041E-01
 4.18580811E-01
 4.10043574E-01
 4.01585205E-01
 3.93205579E-01
 3.84904573E-01
 3.76682059E-01
 3.68537911E-01
 3.60472004E-01
 3.52484209E-01
 3.44574400E-01
 3.36742448E-01
 3.28988225E-01
 3.21311602E-01
 3.13712449E-01
 3.06190637E-01
 2.98746035E-01
 2.91378512E-01
 2.84087937E-01
 2.76874179E-01
 2.69737104E-01
 2.62676581E-01
 2.55692475E-01
 2.48784653E-01
 2.41952981E-01
 2.35197324E-01
 2.28517547E-01
 2.21913514E-01
 2.15385089E-01
 2.08932134E-01
 2.02554513E-01
 1.96252089E-01
 1.90024721E-01
 1.83872273E-01
 1.77794604E-01
 1.71791575E-01
 1.65863045E-01
 1.60008874E-01
 1.54228920E-01
 1.48523041E-01
 1.42891094E-01
 1.37332938E-01
 1.31848427E-01
 1.26437419E-01
 1.21099768E-01
 1.15835329E-01
 1.10643957E-01
 1.05525506E-01
 1.00479828E-01
 9.55067767E-02
 9.06062037E-02
 8.57779608E-02
 8.10218988E-02
 7.63378684E-02
 7.17257193E-02
 6.71853008E-02
 6.27164618E-02
 5.83190503E-02
 5.39929140E-02
 4.97378999E-02
 4.55538545E-02
 4.14406236E-02
 3.73980524E-02
 3.34259858E-02
 2.95242678E-02
 2.56927418E-02
 2.19312509E-02
 1.82396374E-02
 1.46177429E-02
 1.10654086E-02
 7.58247503E-03
 4.16878207E-03
 8.24169027E-04
 2.96440759E-02
 6.88095291E-02
 1.07566173E-01
 1.45914836E-01
 1.83856346E-01
 2.21391539E-01
 2.58521250E-01
 2.95246319E-01
 3.31567591E-01
 3.67485910E-01
 4.03002127E-01
 4.38117094E-01
 4.72831668E-01
 5.07146709E-01
 5.41063079E-01
 5.74581645E-01
 6.07703276E-01
 6.40428845E-01
 6.72759228E-01
 7.04695306E-01
 7.36237961E-01
 7.67388080E-01
 7.98146553E-01
 8.28514274E-01
 8.58492140E-01
 8.88081051E-01
 9.17281910E-01
 9.46095627E-01
 9.74523112E-01
 1.00256528E+00
 1.03022305E+00
 9.84987832E-01
 8.47395120E-01
 7.11158952E-01
 5.76276387E-01
 4.42744472E-01
 3.10560241E-01
 1.79720719E-01
 5.02229174E-02
 8.41279233E+00
 2.20980876E+01
 3.56341637E+01
 6.85490672E-01
 3.96563970E-01
 1.45206375E-02
 8.94647047E-02
 2.06879050E-02
 6.40851436E-03
 6.94443564E-03
 2.67255716E-01
 3.99100514E-02
 1.28025307E-02
 1.48319368E-02
 1.26529729E-02
 5.09814620E-03
 1.92588945E-02
 3.33119898E-02
 4.54446669E-02
 5.47864392E-02
 5.98787619E-02
 5.80754743E-02
 4.40218871E-02
 1.73276521E-02
 6.13293791E-01
 2.50550052E-01
 3.15021855E+00
 3.23602412E-01
 2.00248907E-01
 1.46523912E-01
 1.11399794E-01
 8.93797190E-02
 8.05837707E-02
 7.02507536E-02
 5.89414062E-02
 4.69704397E-02
 3.45283871E-02
 2.17375619E-02
 8.68026025E-03
 5.77516892E-03
 1.25792969E-02
 1.71223796E-02
 1.98248479E-02
 2.10089874E-02
 2.09260603E-02
 1.97749051E-02
 1.77149838E-02
 1.70278313E-02
 1.66841424E-02
 1.55608952E-02
 1.37558849E-02
 1.13514853E-02
 8.41760795E-03
 5.01400656E-03
 1.19208984E-03
 4.34141924E-03
 8.49381636E-03
 1.19867761E-02
 1.48834861E-02
 1.72396163E-02
 1.91044262E-02
 2.05216834E-02
 2.15304300E-02
 2.21656250E-02
 2.24586861E-02
 2.24379494E-02
 2.21290598E-02
 2.15553052E-02
 2.07379042E-02
 1.96962537E-02
 1.86557741E-02
 1.85271557E-02
 1.81917388E-02
 1.76654426E-02
 1.69630281E-02
 1.60982261E-02
 1.50838505E-02
 1.39318998E-02
 1.26536469E-02
 1.12597206E-02
 9.76017864E-03
 8.16457406E-03
 6.48201589E-03
 4.72122461E-03
 2.89058349E-03
 9.98186243E-04
 1.74719019E-04
 3.98997864E-04
 5.47273461E-04
 6.28254349E-04
 6.50445331E-04
 6.22190767E-04
 5.51716715E-04
 4.47172366E-04
 3.16671216E-04
 1.68332424E-04
 1.03228074E-05
 1.49100062E-04
 3.01543148E-04
 4.38431102E-04
 5.50956698E-04
 6.30027877E-04
 1.11689079E-03
 1.62722714E-03
 2.06672226E-03
 2.42456961E-03
 2.68930787E-03
 2.84872741E-03
 2.88976511E-03
 2.81240972E-03
 3.46399647E-03
 3.93770791E-03
 4.21553114E-03
 4.35820025E-03
 4.96808742E-03
 5.41362951E-03
 6.20199759E-03
 6.71882788E-03
 7.29454264E-03
 4.58348356E-03
 4.61191402E-03
 1.61024659E-01
 6.50566100E+00
 1.34072702E-01
 3.26578771E-02
 2.43984903E-02
 1.80704429E-02
 1.88470757E-02
 2.34617369E-02
 2.55577973E-02
 2.70451093E-02
 2.15435398E-02
 2.44909345E-02
 6.91843490E-02
 5.06997786E-02
 6.13658023E+00
 3.95101877E+00
 2.00082768E-01
 1.15471094E-01
 6.62306421E-02
 7.99771538E-02
 1.61390821E-01
 4.72332783E-01
 2.53856412E+00
 3.87335800E+00
 1.97828005E+00
 5.91805945E-01
 2.80082030E-02
 5.97473444E-02
 3.55371204E+00
 1.85693777E+01
 2.54037469E+03
 5.12975546E+01
 2.26630323E+01
 1.12558203E+01
 4.49096462E+00
 2.20427434E-01
 1.72733901E-01
 1.47133518E-01
 1.35324397E-01
 1.28739600E-01
 1.04080901E-01
 8.59452670E-02
 7.26989861E-02
 6.21200427E-02
 5.07323573E-02
 4.18940382E-02
 3.51260752E-02
 3.00621270E-02
 2.64172452E-02
 2.39664685E-02
 2.25298345E-02
 2.04834970E-02
 1.69367686E-02
 1.41141074E-02
 1.19251666E-02
 1.02940475E-02
 9.15652264E-03
 8.45787499E-03
 8.15120079E-03
 6.43070934E-03
 3.68547264E-03
 1.26396572E-03
 8.63615863E-04
 2.72347811E-03
 4.33875709E-03
 5.72995706E-03
 6.91531549E-03
 7.91110894E-03
 8.73191071E-03
 9.39080889E-03
 9.89959163E-03
 1.02689054E-02
 1.05083906E-02
 1.06267985E-02
 1.06320916E-02
 1.05315314E-02
 1.03317545E-02
 1.00388384E-02
 9.65836010E-03
 9.19544664E-03
 8.65482007E-03
 8.04083702E-03
 7.35752363E-03
 6.60860669E-03
 5.79754113E-03
 4.92753469E-03
 4.00124066E-03
 3.02207504E-03
 1.99233573E-03
 9.14594788E-04
 2.91852117E-04
 1.12300458E-03
 1.90371734E-03
 2.63617138E-03
 3.32241633E-03
 3.96438036E-03
 4.56387929E-03
 5.12262482E-03
 5.64223210E-03
 6.12422659E-03
 6.57005036E-03
 6.98106790E-03
 7.35857136E-03
 7.70378545E-03
 8.01787191E-03
 8.30193360E-03
 8.55701832E-03
 8.78412230E-03
 8.98419343E-03
 9.15813425E-03
 9.30680473E-03
 9.43102484E-03
 9.53157687E-03
 9.60920774E-03
 9.66463096E-03
 9.69852859E-03
 9.71155300E-03
 9.70432854E-03
 9.67745306E-03
 9.63149939E-03
 9.56701665E-03
 9.48453154E-03
 9.38454948E-03
 9.26755576E-03
 9.13401655E-03
 8.98437988E-03
 8.81907653E-03
 8.63852090E-03
 8.44311182E-03
 8.23323331E-03
 8.00925526E-03
 7.77153412E-03
 7.52041356E-03
 7.25622501E-03
 6.97928826E-03
 6.68991196E-03
 6.38839418E-03
 6.07502280E-03
 5.75007603E-03
 5.41382278E-03
 5.06652312E-03
 4.70842859E-03
 4.33978262E-03
 3.96082082E-03
 3.57177137E-03
 3.17285525E-03
 2.76428660E-03
 2.34627295E-03
 1.91901550E-03
 1.48270938E-03
 1.03754390E-03
 5.83702713E-04
 1.21364117E-04
 1.83673317E-05
 1.27054993E-04
 2.26830989E-04
 3.17871196E-04
 4.00346592E-04
 4.74423428E-04
 5.40263405E-04
 5.98023830E-04
 6.47857774E-04
 6.89914225E-04
 7.24338224E-04
 7.51271002E-04
 7.70850118E-04
 7.83209572E-04
 7.88479934E-04
 7.86788458E-04
 7.78259184E-04
 7.63013054E-04
 7.41168006E-04
 7.12839076E-04
 6.78138485E-04
 6.37175736E-04
 5.90057695E-04
 5.36888675E-04
 4.77770517E-04
 4.12802664E-04
 3.42082237E-04
 2.65704102E-04
 1.83760943E-04
 9.63433248E-05
 3.53975560E-06
 5.73395002E-05
 4.16301485E-05
 3.11866279E-05
 2.59259992E-05
 2.57671394E-05
 3.06233744E-05
 4.04328866E-05
 5.51111259E-05
 6.07317704E-05
 5.63506567E-05
 5.66495176E-05
 6.15581259E-05
 8.77990099E-03
 2.42730438E-02
 7.73436288E-02
 1.31437894E-01
 1.54994183E-04
 2.40405396E-04
 2.94028370E-04
 3.16326461E-04
 3.07752804E-04
 2.68750627E-04
 1.99753543E-04
 1.01185841E-04
 1.16754070E-04
 1.33971427E-04
 1.23548652E-04
 8.58656143E-05
 4.78405758E-02
 1.00492813E-01
 3.52533722E-01
 9.87030644E-01
 9.74146269E-01
 9.61346770E-01
 9.48632045E-01
 9.36001990E-01
 9.23456501E-01
 9.10995474E-01
 8.98618803E-01
 8.86326385E-01
 8.74118112E-01
 8.61993880E-01
 8.49953582E-01
 8.37997111E-01
 8.26124360E-01
 8.14335223E-01
 8.02629591E-01
 7.91007356E-01
 7.79468409E-01
 7.68012642E-01
 7.56639946E-01
 7.45350210E-01
 7.34143325E-01
 7.23019180E-01
 7.11977664E-01
 7.01018667E-01
 6.90142075E-01
 6.79347778E-01
 6.68635663E-01
 6.58005618E-01
 6.47457528E-01
 6.36991280E-01
 6.26606760E-01
 6.16303854E-01
 6.06082447E-01
 5.95942424E-01
 5.85883668E-01
 5.75906064E-01
 5.66009495E-01
 5.56193845E-01
 5.46458995E-01
 5.36804828E-01
 5.27231227E-01
 5.17738072E-01
 5.08325244E-01
 4.98992623E-01
 4.89740091E-01
 4.80567526E-01
 4.71474807E-01
 4.62461814E-01
 4.53528425E-01
 4.44674518E-01
 4.35899969E-01
 4.27204657E-01
 4.18588458E-01
 4.10051247E-01
 4.01592901E-01
 3.93213294E-01
 3.84912302E-01
 3.76689799E-01
 3.68545658E-01
 3.60479754E-01
 3.52491958E-01
 3.44582143E-01
 3.36750182E-01
 3.28995946E-01
 3.21319306E-01
 3.13720133E-01
 3.06198296E-01
 2.98753665E-01
 2.91386110E-01
 2.84095498E-01
 2.76881700E-01
 2.69744581E-01
 2.62684009E-01
 2.55699851E-01
 2.48791974E-01
 2.41960242E-01
 2.35204522E-01
 2.28524678E-01
 2.21920574E-01
 2.15392073E-01
 2.08939040E-01
 2.02561337E-01
 1.96258826E-01
 1.90031369E-01
 1.83878827E-01
 1.77801061E-01
 1.71797931E-01
 1.65869297E-01
 1.60015017E-01
 1.54234951E-01
 1.48528956E-01
 1.42896890E-01
 1.37338610E-01
 1.31853973E-01
 1.26442834E-01
 1.21105049E-01
 1.15840472E-01
 1.10648959E-01
 1.05530363E-01
 1.00484537E-01
 9.55113330E-02
 9.06106044E-02
 8.57822022E-02
 8.10259775E-02
 7.63417808E-02
 7.17294619E-02
 6.71888701E-02
 6.27198542E-02
 5.83222623E-02
 5.39959422E-02
 4.97407408E-02
 4.55565046E-02
 4.14430795E-02
 3.74003107E-02
 3.34280430E-02
 2.95261204E-02
 2.56943865E-02
 2.19326843E-02
 1.82408560E-02
 1.46187434E-02
 1.10661877E-02
 7.58302930E-03
 4.16910817E-03
 8.24263623E-04
 2.73370866E-02
 6.34519210E-02
 9.91868304E-02
 1.34542586E-01
 1.69519961E-01
 2.04119732E-01
 2.38342678E-01
 2.72189584E-01
 3.05661233E-01
 3.38758416E-01
 3.71481922E-01
 4.03832549E-01
 4.35811092E-01
 4.67418354E-01
 4.98655138E-01
 5.29522252E-01
 5.60020505E-01
 5.90150712E-01
 6.19913689E-01
 6.49310255E-01
 6.78341233E-01
 7.07007451E-01
 7.35309737E-01
 7.63248923E-01
 7.90825846E-01
 8.18041345E-01
 8.44896262E-01
 8.71391443E-01
 8.97527737E-01
 9.23305996E-01
 9.48727076E-01
 9.07049397E-01
 7.80356508E-01
 6.54908857E-01
 5.30703746E-01
 4.07738468E-01
 2.86010306E-01
 1.65516530E-01
 4.62544018E-02
 7.74708045E+00
 2.03494559E+01
 3.28144320E+01
 7.12906281E-01
 4.20686627E-01
 5.12570588E-04
 8.20868758E-02
 1.91508895E-02
 6.18320743E-03
 6.58474424E-03
 2.70804140E-01
 4.09530984E-02
 1.23080175E-02
 1.43966269E-02
 1.23131378E-02
 4.91116336E-03
 1.89585856E-02
 3.28559511E-02
 4.48018007E-02
 5.39254920E-02
 5.87787674E-02
 5.67594971E-02
 4.26736451E-02
 1.62842023E-02
 5.88460880E-01
 2.19668320E-01
 2.44497239E+01
 3.52500673E-01
 2.07781790E-01
 1.49466986E-01
 1.12530533E-01
 8.97908727E-02
 8.09485084E-02
 7.05519004E-02
 5.91757611E-02
 4.71396114E-02
 3.46355314E-02
 2.17861523E-02
 8.67362416E-03
 5.76821038E-03
 1.26065762E-02
 1.71586262E-02
 1.98523569E-02
 2.10152174E-02
 2.09020610E-02
 1.97142649E-02
 1.76131113E-02
 1.69334705E-02
 1.66184947E-02
 1.55164984E-02
 1.37266524E-02
 1.13324203E-02
 8.40458514E-03
 5.00360310E-03
 1.18145365E-03
 4.34094012E-03
 8.50200374E-03
 1.19996244E-02
 1.48975849E-02
 1.72520542E-02
 1.91127126E-02
 2.05236844E-02
 2.15243151E-02
 2.21498237E-02
 2.24318511E-02
 2.23989260E-02
 2.20768605E-02
 2.14890881E-02
 2.06569550E-02
 1.95999699E-02
 1.85481569E-02
 1.84316209E-02
 1.81071384E-02
 1.75907526E-02
 1.68973369E-02
 1.60407239E-02
 1.50338207E-02
 1.38887111E-02
 1.26167467E-02
 1.12286291E-02
 9.73448404E-03
 8.14392840E-03
 6.46613132E-03
 4.70987044E-03
 2.88358371E-03
 9.95417580E-04
 3.09744175E-04
 8.01889589E-04
 1.21348992E-03
 1.55347005E-03
 1.83053642E-03
 2.05322152E-03
 2.22992710E-03
 2.36896671E-03
 2.47860771E-03
 2.56711360E-03
 2.64278675E-03
 2.71401230E-03
 2.78930361E-03
 2.87734975E-03
 2.98706583E-03
 3.12764654E-03
 2.84864513E-03
 2.54222971E-03
 2.30454214E-03
 2.14647733E-03
 2.07958412E-03
 2.11615980E-03
 2.26935628E-03
 2.53898983E-03
 2.06025565E-03
 1.75827555E-03
 1.65117736E-03
 1.67672507E-03
 1.22009726E-03
 9.25363985E-04
 2.74839957E-04
 1.97695157E-04
 1.13298283E-03
 1.28626630E-03
 1.03203295E-02
 1.69479056E-01
 6.63844181E+00
 1.32093360E-01
 2.90246647E-02
 2.09299311E-02
 1.48001319E-02
 1.59049130E-02
 2.09105039E-02
 2.33365909E-02
 2.51254491E-02
 1.97763963E-02
 2.29994870E-02
 7.07796073E-02
 4.94162317E-02
 6.23965782E+00
 4.01757627E+00
 2.11543566E-01
 1.27558874E-01
 7.86394659E-02
 9.20396064E-02
 1.12947642E-01
 3.84281906E-01
 2.39822476E+00
 3.62077946E+00
 1.73761667E+00
 4.67538814E-01
 3.04639603E-02
 6.53354935E-02
 3.63369882E+00
 2.04923459E+01
 2.00404806E+02
 4.21353815E+01
 1.97593440E+01
 9.98903845E+00
 3.99594597E+00
 2.48055869E-01
 1.95482936E-01
 1.65078788E-01
 1.48663340E-01
 1.37837221E-01
 1.10068470E-01
 8.88752239E-02
 7.26318256E-02
 5.96795118E-02
 4.79154235E-02
 3.86527306E-02
 3.14258578E-02
 2.58778164E-02
 2.17302999E-02
 1.87631462E-02
 1.67999133E-02
 1.43377289E-02
 1.05491233E-02
 7.47394798E-03
 5.02379430E-03
 3.12430873E-03
 1.71250634E-03
 7.34677571E-04
 1.44741208E-04
 1.50798648E-03
 3.91920020E-03
 6.01684212E-03
 7.82967768E-03
 9.38301360E-03
 1.06992038E-02
 1.17980692E-02
 1.26972474E-02
 1.34124864E-02
 1.39578919E-02
 1.43461369E-02
 1.45886396E-02
 1.46957157E-02
 1.46767092E-02
 1.45401043E-02
 1.42936231E-02
 1.39443093E-02
 1.34986022E-02
 1.29623997E-02
 1.23411154E-02
 1.16397267E-02
 1.08628191E-02
 1.00146236E-02
 9.09905112E-03
 8.11972217E-03
 7.07999367E-03
 5.98298275E-03
 4.83126853E-03
 3.62816590E-03
 2.37591674E-03
 1.07702101E-03
 2.88409049E-04
 1.11630763E-03
 1.89403785E-03
 2.62376261E-03
 3.30751484E-03
 3.94720734E-03
 4.54464173E-03
 5.10151658E-03
 5.61943492E-03
 6.09991094E-03
 6.54437630E-03
 6.95418579E-03
 7.33062258E-03
 7.67490302E-03
 7.98818104E-03
 8.27155227E-03
 8.52605773E-03
 8.75268733E-03
 8.95238307E-03
 9.12604198E-03
 9.27451887E-03
 9.39862885E-03
 9.49914973E-03
 9.57682415E-03
 9.63236165E-03
 9.66644055E-03
 9.67970971E-03
 9.67279017E-03
 9.64627668E-03
 9.60073913E-03
 9.53672390E-03
 9.45475507E-03
 9.35533563E-03
 9.23894857E-03
 9.10605786E-03
 8.95710946E-03
 8.79253222E-03
 8.61273870E-03
 8.41812598E-03
 8.20907643E-03
 7.98595839E-03
 7.74912683E-03
 7.49892400E-03
 7.23568002E-03
 6.95971341E-03
 6.67133164E-03
 6.37083163E-03
 6.05850018E-03
 5.73461449E-03
 5.39944249E-03
 5.05324331E-03
 4.69626764E-03
 4.32875804E-03
 3.95094935E-03
 3.56306898E-03
 3.16533719E-03
 2.75796742E-03
 2.34116655E-03
 1.91513517E-03
 1.48006780E-03
 1.03615318E-03
 5.83574422E-04
 1.22509308E-04
 1.99200287E-05
 1.28500958E-04
 2.28181767E-04
 3.19137845E-04
 4.01539700E-04
 4.75553137E-04
 5.41339425E-04
 5.99055463E-04
 6.48853929E-04
 6.90883433E-04
 7.25288657E-04
 7.52210487E-04
 7.71786148E-04
 7.84149327E-04
 7.89430287E-04
 7.87755990E-04
 7.79250199E-04
 7.64033585E-04
 7.42223830E-04
 7.13935721E-04
 6.79281244E-04
 6.38369673E-04
 5.91307655E-04
 5.38199294E-04
 4.79146229E-04
 4.14247709E-04
 3.43600669E-04
 2.67299795E-04
 1.85437601E-04
 9.81044855E-05
 5.38879729E-06
 5.54299061E-05
 3.97241339E-05
 2.92812435E-05
 2.40184345E-05
 2.38547166E-05
 2.87034653E-05
 3.85031558E-05
 5.31692650E-05
 5.87824828E-05
 5.43992080E-05
 5.46939386E-05
 5.95965483E-05
 8.08335391E-03
 2.23526742E-02
 7.49617181E-02
 1.33383627E-01
 1.52694882E-04
 2.38280807E-04
 2.92013007E-04
 3.14356185E-04
 3.05764783E-04
 2.66683300E-04
 1.97546583E-04
 9.87801204E-05
 1.14376599E-04
 1.31626601E-04
 1.21182985E-04
 8.34266574E-05
 4.40671775E-02
 9.25730968E-02
 3.44532259E-01
 9.87030900E-01
 9.74146776E-01
 9.61347525E-01
 9.48633043E-01
 9.36003227E-01
 9.23457972E-01
 9.10997174E-01
 8.98620729E-01
 8.86328531E-01
 8.74120475E-01
 8.61996454E-01
 8.49956364E-01
 8.38000096E-01
 8.26127544E-01
 8.14338602E-01
 8.02633160E-01
 7.91011110E-01
 7.79472345E-01
 7.68016756E-01
 7.56644232E-01
 7.45354665E-01
 7.34147944E-01
 7.23023959E-01
 7.11982599E-01
 7.01023752E-01
 6.90147308E-01
 6.79353154E-01
 6.68641178E-01
 6.58011267E-01
 6.47463307E-01
 6.36997185E-01
 6.26612787E-01
 6.16309998E-01
 6.06088704E-01
 5.95948790E-01
 5.85890139E-01
 5.75912636E-01
 5.66016163E-01
 5.56200605E-01
 5.46465844E-01
 5.36811761E-01
 5.27238239E-01
 5.17745160E-01
 5.08332404E-01
 4.98999851E-01
 4.89747382E-01
 4.80574876E-01
 4.71482213E-01
 4.62469271E-01
 4.53535929E-01
 4.44682064E-01
 4.35907555E-01
 4.27212278E-01
 4.18596109E-01
 4.10058925E-01
 4.01600602E-01
 3.93221014E-01
 3.84920037E-01
 3.76697544E-01
 3.68553411E-01
 3.60487509E-01
 3.52499712E-01
 3.44589892E-01
 3.36757922E-01
 3.29003673E-01
 3.21327016E-01
 3.13727822E-01
 3.06205960E-01
 2.98761301E-01
 2.91393713E-01
 2.84103066E-01
 2.76889226E-01
 2.69752063E-01
 2.62691444E-01
 2.55707234E-01
 2.48799301E-01
 2.41967510E-01
 2.35211727E-01
 2.28531815E-01
 2.21927640E-01
 2.15399065E-01
 2.08945954E-01
 2.02568168E-01
 1.96265571E-01
 1.90038024E-01
 1.83885389E-01
 1.77807526E-01
 1.71804295E-01
 1.65875556E-01
 1.60021167E-01
 1.54240989E-01
 1.48534878E-01
 1.42902693E-01
 1.37344290E-01
 1.31859526E-01
 1.26448257E-01
 1.21110338E-01
 1.15845624E-01
 1.10653969E-01
 1.05535228E-01
 1.00489253E-01
 9.55158980E-02
 9.06150138E-02
 8.57864525E-02
 8.10300651E-02
 7.63457021E-02
 7.17332134E-02
 6.71924484E-02
 6.27232557E-02
 5.83254836E-02
 5.39989797E-02
 4.97435911E-02
 4.55591642E-02
 4.14455449E-02
 3.74025785E-02
 3.34301097E-02
 2.95279827E-02
 2.56960410E-02
 2.19341275E-02
 1.82420846E-02
 1.46197540E-02
 1.10669768E-02
 7.58359366E-03
 4.16944443E-03
 8.24368453E-04
 2.50297480E-02
 5.80935127E-02
 9.08062380E-02
 1.23168638E-01
 1.55181430E-01
 1.86845335E-01
 2.18161073E-01
 2.49129372E-01
 2.79750958E-01
 3.10026563E-01
 3.39956922E-01
 3.69542770E-01
 3.98784847E-01
 4.27683895E-01
 4.56240660E-01
 4.84455889E-01
 5.12330335E-01
 5.39864750E-01
 5.67059892E-01
 5.93916520E-01
 6.20435397E-01
 6.46617289E-01
 6.72462964E-01
 6.97973195E-01
 7.23148756E-01
 7.47990425E-01
 7.72498982E-01
 7.96675211E-01
 8.20519899E-01
 8.44033837E-01
 8.67217817E-01
 8.29098208E-01
 7.13306883E-01
 5.98649483E-01
 4.85123557E-01
 3.72726642E-01
 2.61456268E-01
 1.51309953E-01
 4.22852066E-02
 7.08125640E+00
 1.86005283E+01
 2.99942216E+01
 7.39955880E-01
 4.44489607E-01
 1.33254121E-02
 7.47843093E-02
 1.76053370E-02
 5.92959131E-03
 6.19863821E-03
 2.74315795E-01
 4.20095039E-02
 1.17881162E-02
 1.39340874E-02
 1.19432869E-02
 4.68976520E-03
 1.86242712E-02
 3.23674151E-02
 4.41291469E-02
 5.30391763E-02
 5.76600041E-02
 5.54329464E-02
 4.13173608E-02
 1.52135986E-02
 5.65988864E-01
 1.94479964E-01
 2.42310106E+00
 3.88174016E-01
 2.16045522E-01
 1.52547715E-01
 1.13665568E-01
 9.01754992E-02
 8.12904147E-02
 7.08323050E-02
 5.93908484E-02
 4.72906993E-02
 3.47256063E-02
 2.18185709E-02
 8.65162409E-03
 5.74751366E-03
 1.26220737E-02
 1.71844215E-02
 1.98703393E-02
 2.10125771E-02
 2.08696678E-02
 1.96455847E-02
 1.75034677E-02
 1.68319947E-02
 1.65464888E-02
 1.54663640E-02
 1.36921966E-02
 1.13085622E-02
 8.38713211E-03
 4.98907816E-03
 1.16696085E-03
 4.33693135E-03
 8.50695683E-03
 1.20094872E-02
 1.49089086E-02
 1.72618958E-02
 1.91185555E-02
 2.05233731E-02
 2.15160014E-02
 2.21319219E-02
 2.24030015E-02
 2.23579637E-02
 2.20227892E-02
 2.14210589E-02
 2.05742473E-02
 1.95019765E-02
 1.84388901E-02
 1.83345708E-02
 1.80211462E-02
 1.75147852E-02
 1.68304742E-02
 1.59821491E-02
 1.49828108E-02
 1.38446293E-02
 1.25790356E-02
 1.11968050E-02
 9.70813174E-03
 8.12269698E-03
 6.44973055E-03
 4.69806776E-03
 2.87620171E-03
 9.92332018E-04
 3.10229961E-04
 8.05179755E-04
 1.21949463E-03
 1.56215503E-03
 1.84192224E-03
 2.06738341E-03
 2.24699519E-03
 2.38912668E-03
 2.50210201E-03
 2.59424300E-03
 2.67391254E-03
 2.74955891E-03
 2.82976189E-03
 2.92328083E-03
 3.03910570E-03
 3.18651138E-03
 2.90582772E-03
 2.59708246E-03
 2.35825764E-03
 2.20035914E-03
 2.13505854E-03
 2.17478928E-03
 2.33285482E-03
 2.60895428E-03
 2.12089755E-03
 1.81223794E-03
 1.70135139E-03
 1.72465495E-03
 1.25505640E-03
 9.49347008E-04
 2.79568952E-04
 6.80036767E-05
 2.81787895E-04
 2.90865913E-03
 1.28256263E-02
 1.75752307E-01
 6.76989530E+00
 1.30300345E-01
 2.46199476E-02
 1.57536150E-02
 8.91182641E-03
 9.46235180E-03
 1.40068850E-02
 1.59448482E-02
 1.72544792E-02
 1.13196642E-02
 1.41262801E-02
 8.03871725E-02
 5.67398970E-02
 6.33205161E+00
 4.07338005E+00
 2.12960286E-01
 1.29341956E-01
 8.05875311E-02
 9.35676113E-02
 7.60793763E-02
 3.09803936E-01
 2.26913717E+00
 3.37198830E+00
 1.49808980E+00
 3.46984330E-01
 9.07958113E-02
 8.60946478E-02
 3.74349461E+00
 2.32055151E+01
 9.79439433E+01
 3.49663783E+01
 1.72267284E+01
 8.85707300E+00
 3.56676650E+00
 2.37096819E-01
 1.84958575E-01
 1.53911517E-01
 1.36308378E-01
 1.24152974E-01
 9.58181419E-02
 7.38529482E-02
 5.67017397E-02
 4.33094491E-02
 3.29726659E-02
 2.49946602E-02
 1.89399122E-02
 1.44736490E-02
 1.13343161E-02
 9.31460684E-03
 8.24809958E-03
 6.75795632E-03
 4.08426997E-03
 2.08632468E-03
 6.80675395E-04
 2.02925886E-04
 6.24039285E-04
 6.33494684E-04
 2.74934381E-04
 1.50215206E-03
 3.88798476E-03
 5.96423929E-03
 7.75917891E-03
 9.29768343E-03
 1.06017421E-02
 1.16908628E-02
 1.25824135E-02
 1.32919085E-02
 1.38332508E-02
 1.42189364E-02
 1.44602284E-02
 1.45673069E-02
 1.45493958E-02
 1.44148737E-02
 1.41713689E-02
 1.38258420E-02
 1.33846579E-02
 1.28536487E-02
 1.22381684E-02
 1.15431416E-02
 1.07731059E-02
 9.93224941E-03
 9.02444426E-03
 8.05327591E-03
 7.02206956E-03
 5.93391355E-03
 4.79137156E-03
 3.59770836E-03
 2.35516360E-03
 1.06621159E-03
 2.84362591E-04
 1.10906004E-03
 1.88385736E-03
 2.61089958E-03
 3.29220317E-03
 3.92966574E-03
 4.52507489E-03
 5.08011626E-03
 5.59638085E-03
 6.07537176E-03
 6.51851034E-03
 6.92714182E-03
 7.30254049E-03
 7.64591441E-03
 7.95840983E-03
 8.24111519E-03
 8.49506485E-03
 8.72124246E-03
 8.92058418E-03
 9.09398159E-03
 9.24228440E-03
 9.36630294E-03
 9.46681054E-03
 9.54454565E-03
 9.60021386E-03
 9.63448979E-03
 9.64801882E-03
 9.64141873E-03
 9.61528119E-03
 9.57017319E-03
 9.50663838E-03
 9.42519829E-03
 9.32635347E-03
 9.21058460E-03
 9.07835353E-03
 8.93010416E-03
 8.76626340E-03
 8.58724201E-03
 8.39343534E-03
 8.18522412E-03
 7.96297513E-03
 7.72704191E-03
 7.47776530E-03
 7.21547410E-03
 6.94048560E-03
 6.65310607E-03
 6.35363131E-03
 6.04234706E-03
 5.71952949E-03
 5.38544558E-03
 5.04035354E-03
 4.68450318E-03
 4.31813624E-03
 3.94148677E-03
 3.55478141E-03
 3.15823972E-03
 2.75207447E-03
 2.33649187E-03
 1.91169190E-03
 1.47786849E-03
 1.03520979E-03
 5.83898416E-04
 1.24111613E-04
 2.19339354E-05
 1.30411746E-04
 2.30000873E-04
 3.20876221E-04
 4.03207832E-04
 4.77161068E-04
 5.42896773E-04
 6.00571438E-04
 6.50337352E-04
 6.92342752E-04
 7.26731961E-04
 7.53645525E-04
 7.73220339E-04
 7.85589775E-04
 7.90883796E-04
 7.89229073E-04
 7.80749093E-04
 7.65564260E-04
 7.43792001E-04
 7.15546857E-04
 6.80940581E-04
 6.40082218E-04
 5.93078202E-04
 5.40032425E-04
 4.81046328E-04
 4.16218968E-04
 3.45647093E-04
 2.69425216E-04
 1.87645676E-04
 1.00398709E-04
 7.77250680E-06
 5.29841140E-05
 3.72805066E-05
 2.68368699E-05
 2.15705405E-05
 2.14006601E-05
 2.62406517E-05
 3.60292841E-05
 5.06820592E-05
 5.62866892E-05
 5.19001341E-05
 5.21896443E-05
 5.70851950E-05
 7.38702000E-03
 2.04319288E-02
 7.25791859E-02
 1.35330300E-01
 1.49706514E-04
 2.35467571E-04
 2.89309317E-04
 3.11697800E-04
 3.03088776E-04
 2.63928015E-04
 1.94651603E-04
 9.56862309E-05
 1.11310892E-04
 1.28593429E-04
 1.18128787E-04
 8.02989115E-05
 4.02908519E-02
 8.46464461E-02
 3.36523576E-01
 9.87031157E-01
 9.74147285E-01
 9.61348281E-01
 9.48634042E-01
 9.36004464E-01
 9.23459443E-01
 9.10998875E-01
 8.98622655E-01
 8.86330678E-01
 8.74122838E-01
 8.61999030E-01
 8.49959147E-01
 8.38003083E-01
 8.26130730E-01
 8.14341982E-01
 8.02636730E-01
 7.91014867E-01
 7.79476283E-01
 7.68020871E-01
 7.56648520E-01
 7.45359121E-01
 7.34152565E-01
 7.23028740E-01
 7.11987536E-01
 7.01028841E-01
 6.90152544E-01
 6.79358533E-01
 6.68646695E-01
 6.58016918E-01
 6.47469088E-01
 6.37003092E-01
 6.26618816E-01
 6.16316145E-01
 6.06094965E-01
 5.95955159E-01
 5.85896613E-01
 5.75919211E-01
 5.66022835E-01
 5.56207369E-01
 5.46472696E-01
 5.36818698E-01
 5.27245256E-01
 5.17752252E-01
 5.08339568E-01
 4.99007082E-01
 4.89754677E-01
 4.80582230E-01
 4.71489622E-01
 4.62476732E-01
 4.53543437E-01
 4.44689616E-01
 4.35915145E-01
 4.27219903E-01
 4.18603765E-01
 4.10066608E-01
 4.01608308E-01
 3.93228739E-01
 3.84927777E-01
 3.76705295E-01
 3.68561168E-01
 3.60495269E-01
 3.52507471E-01
 3.44597647E-01
 3.36765668E-01
 3.29011406E-01
 3.21334732E-01
 3.13735517E-01
 3.06213631E-01
 2.98768943E-01
 2.91401323E-01
 2.84110639E-01
 2.76896760E-01
 2.69759553E-01
 2.62698885E-01
 2.55714624E-01
 2.48806635E-01
 2.41974785E-01
 2.35218938E-01
 2.28538959E-01
 2.21934713E-01
 2.15406064E-01
 2.08952874E-01
 2.02575006E-01
 1.96272324E-01
 1.90044687E-01
 1.83891958E-01
 1.77813998E-01
 1.71810666E-01
 1.65881822E-01
 1.60027326E-01
 1.54247035E-01
 1.48540809E-01
 1.42908504E-01
 1.37349978E-01
 1.31865088E-01
 1.26453688E-01
 1.21115635E-01
 1.15850784E-01
 1.10658988E-01
 1.05540102E-01
 1.00493979E-01
 9.55204715E-02
 9.06194318E-02
 8.57907115E-02
 8.10341615E-02
 7.63496323E-02
 7.17369740E-02
 6.71960357E-02
 6.27266663E-02
 5.83287140E-02
 5.40020265E-02
 4.97464507E-02
