 0.00000000E+00
 0.00000000E+00
 0.00000000E+00
 0.00000000E+00
 0.00000000E+00
 0.00000000E+00
 0.00000000E+00
 0.00000000E+00
 0.00000000E+00
 0.00000000E+00
 0.00000000E+00
 0.00000000E+00
 0.00000000E+00
 0.00000000E+00
 0.00000000E+00
 0.00000000E+00
 0.00000000E+00
 0.00000000E+00
 0.00000000E+00
 0.00000000E+00
 0.00000000E+00
 0.00000000E+00
 0.00000000E+00
 0.00000000E+00
 0.00000000E+00
 0.00000000E+00
 0.00000000E+00
 0.00000000E+00
 0.00000000E+00
 0.00000000E+00
 0.00000000E+00
 0.00000000E+00
 0.00000000E+00
 0.00000000E+00
 0.00000000E+00
 0.00000000E+00
 0.00000000E+00
 0.00000000E+00
 0.00000000E+00
 0.00000000E+00
 0.00000000E+00
 0.00000000E+00
 0.00000000E+00
 0.00000000E+00
 0.00000000E+00
 0.00000000E+00
 0.00000000E+00
 0.00000000E+00
 0.00000000E+00
 0.00000000E+00
 0.00000000E+00
 0.00000000E+00
 0.00000000E+00
 0.00000000E+00
 0.00000000E+00
 0.00000000E+00
 0.00000000E+00
 0.00000000E+00
 0.00000000E+00
 0.00000000E+00
 0.00000000E+00
 0.00000000E+00
 0.00000000E+00
 0.00000000E+00
 0.00000000E+00
 0.00000000E+00
 0.00000000E+00
 0.00000000E+00
 0.00000000E+00
 0.00000000E+00
 0.00000000E+00
 0.00000000E+00
 0.00000000E+00
 0.00000000E+00
 0.00000000E+00
 0.00000000E+00
 0.00000000E+00
 0.00000000E+00
 0.00000000E+00
 0.00000000E+00
 0.00000000E+00
 0.00000000E+00
 0.00000000E+00
 0.00000000E+00
 0.00000000E+00
 0.00000000E+00
 0.00000000E+00
 0.00000000E+00
 0.00000000E+00
 0.00000000E+00
 0.00000000E+00
 0.00000000E+00
 0.00000000E+00
 0.00000000E+00
 0.00000000E+00
 0.00000000E+00
 0.00000000E+00
 0.00000000E+00
 0.00000000E+00
 0.00000000E+00
 0.00000000E+00
 0.00000000E+00
 0.00000000E+00
 0.00000000E+00
 0.00000000E+00
 0.00000000E+00
 0.00000000E+00
 0.00000000E+00
 0.00000000E+00
 0.00000000E+00
 0.00000000E+00
 0.00000000E+00
 0.00000000E+00
 0.00000000E+00
 0.00000000E+00
 0.00000000E+00
 0.00000000E+00
 0.00000000E+00
 0.00000000E+00
 0.00000000E+00
 0.00000000E+00
 0.00000000E+00
 0.00000000E+00
 0.00000000E+00
 0.00000000E+00
 0.00000000E+00
 0.00000000E+00
 0.00000000E+00
 0.00000000E+00
 0.00000000E+00
 0.00000000E+00
 0.00000000E+00
 0.00000000E+00
 0.00000000E+00
 0.00000000E+00
 0.00000000E+00
 0.00000000E+00
 0.00000000E+00
 0.00000000E+00
 0.00000000E+00
 0.00000000E+00
 0.00000000E+00
 0.00000000E+00
 0.00000000E+00
 0.00000000E+00
 0.00000000E+00
 0.00000000E+00
 0.00000000E+00
 0.00000000E+00
 0.00000000E+00
 0.00000000E+00
 0.00000000E+00
 0.00000000E+00
 0.00000000E+00
 0.00000000E+00
 0.00000000E+00
 0.00000000E+00
 0.00000000E+00
 0.00000000E+00
 0.00000000E+00
 0.00000000E+00
 6.17597860E-01
 5.93210425E-01
 5.68822989E-01
 5.46919374E-01
 5.26607951E-01
 5.06296529E-01
 4.85985106E-01
 4.68507112E-01
 4.52270733E-01
 4.42365379E-01
 4.34704356E-01
 4.23611468E-01
 4.11557658E-01
 4.03216383E-01
 3.88048265E-01
 3.75396226E-01
 3.63342416E-01
 3.51288606E-01
 3.39234795E-01
 3.27180985E-01
 3.15127175E-01
 3.03073364E-01
 2.91019554E-01
 2.78965744E-01
 2.66911933E-01
 2.54858123E-01
 2.43823392E-01
 2.39196449E-01
 2.36021043E-01
 2.32119869E-01
 2.28218695E-01
 2.24317520E-01
 2.20416346E-01
 2.16515172E-01
 2.12613997E-01
 2.08712823E-01
 2.04811649E-01
 2.00910474E-01
 1.97009300E-01
 1.93108126E-01
 1.89206951E-01
 1.85305777E-01
 1.81404603E-01
 1.77503428E-01
 1.73602254E-01
 1.69701080E-01
 1.65799905E-01
 1.61898731E-01
 1.57997557E-01
 1.54096382E-01
 1.50195208E-01
 1.46294034E-01
 1.42392859E-01
 1.38491685E-01
 1.34590511E-01
 1.30689336E-01
 1.26788162E-01
 1.22886988E-01
 1.18985814E-01
 1.15084639E-01
 1.11183465E-01
 1.07282291E-01
 1.03381116E-01
 9.94799420E-02
 9.55787677E-02
 9.16775934E-02
 8.77764190E-02
 8.38752447E-02
 7.99740704E-02
 7.60728961E-02
 7.21717217E-02
 6.82705474E-02
 6.43693731E-02
 6.04681988E-02
 5.65670245E-02
 5.26658501E-02
 4.87646758E-02
 4.48635015E-02
 4.09623272E-02
 3.70611528E-02
 3.31599785E-02
 2.92588042E-02
 2.53576299E-02
 2.14564555E-02
 1.75552812E-02
 1.36541069E-02
 9.75293258E-03
 5.85175826E-03
 1.95058393E-03
 3.22884710E-09
 3.23116446E-09
 3.23406357E-09
 3.23691299E-09
 3.23965973E-09
 3.24099409E-09
 3.24501892E-09
 3.24726379E-09
 3.25023785E-09
 3.25264659E-09
 3.25598967E-09
 3.25811482E-09
 3.26080859E-09
 3.26347093E-09
 3.26630782E-09
 3.26931844E-09
 3.27188961E-09
 3.27425687E-09
 3.27581978E-09
 3.28013025E-09
 3.28175887E-09
 3.28546315E-09
 3.28675911E-09
 3.28948059E-09
 3.29380667E-09
 3.29680333E-09
 3.29793829E-09
 3.30147254E-09
 3.30448152E-09
 3.30666376E-09
 3.30967519E-09
 3.31293839E-09
 3.31503438E-09
 3.31729466E-09
 3.32107656E-09
 3.32443237E-09
 3.32597310E-09
 3.32998992E-09
 3.33186455E-09
 3.33562777E-09
 3.33722251E-09
 3.34032820E-09
 3.34362282E-09
 3.34678477E-09
 3.34977506E-09
 3.35233103E-09
 3.35465106E-09
 3.35752553E-09
 3.36091830E-09
 3.36346812E-09
 3.36623683E-09
 3.36912937E-09
 3.37318747E-09
 3.37581758E-09
 3.37825609E-09
 3.38148602E-09
 3.38422702E-09
 3.38723599E-09
 3.38967471E-09
 3.39352377E-09
 3.39629104E-09
 3.39895154E-09
 3.40269525E-09
 3.40526396E-09
 3.40838936E-09
 3.41129669E-09
 3.41445331E-09
 3.41730499E-09
 3.42017330E-09
 3.42362110E-09
 3.42701613E-09
 3.42935936E-09
 3.43273324E-09
 3.43617386E-09
 3.43923376E-09
 3.44211993E-09
 3.44570367E-09
 3.44884859E-09
 3.45131811E-09
 3.45445912E-09
 3.45802624E-09
 3.46088305E-09
 3.34544569E-09
 3.34703222E-09
 3.34962536E-09
 3.35174538E-09
 3.35375595E-09
 3.35547369E-09
 3.35817505E-09
 3.36039302E-09
 3.36250380E-09
 3.36434537E-09
 3.36592121E-09
 3.36846138E-09
 3.37073233E-09
 3.37293798E-09
 3.37488365E-09
 3.37678641E-09
 3.37948921E-09
 3.38132975E-09
 3.38313312E-09
 3.38514883E-09
 3.38816088E-09
 3.39021293E-09
 3.39168056E-09
 3.39454763E-09
 3.39673891E-09
 3.39843303E-09
 3.40096601E-09
 3.40308049E-09
 3.40514999E-09
 3.40722976E-09
 3.40970031E-09
 3.41241420E-09
 3.41469069E-09
 3.41616551E-09
 3.27871006E-09
 3.26542380E-09
 3.25560218E-09
 3.24901069E-09
 3.24346463E-09
 3.23928333E-09
 3.23550614E-09
 3.23179159E-09
 3.22919557E-09
 9.75290354E-04
 4.87646468E-03
 8.77763901E-03
 1.26788132E-02
 1.65799875E-02
 2.04811619E-02
 2.43823362E-02
 2.82835105E-02
 3.21846848E-02
 3.60858592E-02
 3.99870335E-02
 4.38882078E-02
 4.77893821E-02
 5.16905565E-02
 5.55917308E-02
 5.94929051E-02
 6.33940794E-02
 6.72952537E-02
 7.11964281E-02
 7.50976024E-02
 7.89987767E-02
 8.28999510E-02
 8.68011254E-02
 9.07022997E-02
 9.46034740E-02
 9.85046483E-02
 1.02405823E-01
 1.06306997E-01
 1.10208171E-01
 1.14109346E-01
 1.18010520E-01
 1.21911694E-01
 1.25812869E-01
 1.29714043E-01
 1.33615217E-01
 1.37516392E-01
 1.41417566E-01
 1.45318740E-01
 1.49219915E-01
 1.53121089E-01
 1.57022263E-01
 1.60923438E-01
 1.64824612E-01
 1.68725786E-01
 1.72626960E-01
 1.76528135E-01
 1.80429309E-01
 1.84330483E-01
 1.88231658E-01
 1.92132832E-01
 1.96034006E-01
 1.99935181E-01
 2.03836355E-01
 2.07737529E-01
 2.11638704E-01
 2.15539878E-01
 2.19441052E-01
 2.23342227E-01
 2.27243401E-01
 2.31144575E-01
 2.35045750E-01
 2.38946924E-01
 2.42848098E-01
 2.49296976E-01
 2.57274476E-01
 2.65251975E-01
 2.73229475E-01
 2.81206975E-01
 2.89184475E-01
 2.97161974E-01
 3.05139474E-01
 3.13116974E-01
 3.21094474E-01
 3.29071973E-01
 3.37049473E-01
 3.45026973E-01
 3.53004472E-01
 3.60981972E-01
 3.68959472E-01
 3.76936972E-01
 3.84914471E-01
 3.92891971E-01
 4.00869471E-01
 4.08846971E-01
 4.16824470E-01
 4.24801970E-01
 4.32779470E-01
 4.40756969E-01
 4.48734469E-01
 4.56711969E-01
 4.64689469E-01
 4.72666968E-01
 4.80644468E-01
 4.88621968E-01
 4.97881724E-01
 5.09962445E-01
 5.22043166E-01
 5.34123887E-01
 5.46204608E-01
 5.58285329E-01
 5.70366051E-01
 5.82446772E-01
 5.94540525E-01
 6.06648152E-01
 6.18755779E-01
 6.30863406E-01
 6.42986367E-01
 6.55120879E-01
 6.67271819E-01
 6.77885631E-01
 6.91389306E-01
 7.06505721E-01
 7.21782637E-01
 7.37221075E-01
 7.52821519E-01
 7.68585393E-01
 7.84513977E-01
 8.00608380E-01
 8.20119658E-01
 8.40509482E-01
 8.61108162E-01
 8.81917190E-01
 9.06605101E-01
 9.31889621E-01
 9.61306679E-01
 0.00000000E+00
 0.00000000E+00
 0.00000000E+00
 0.00000000E+00
 0.00000000E+00
 0.00000000E+00
 0.00000000E+00
 0.00000000E+00
 0.00000000E+00
 0.00000000E+00
 0.00000000E+00
 0.00000000E+00
 0.00000000E+00
 0.00000000E+00
 0.00000000E+00
 0.00000000E+00
 0.00000000E+00
 0.00000000E+00
 0.00000000E+00
 0.00000000E+00
 0.00000000E+00
 0.00000000E+00
 0.00000000E+00
 0.00000000E+00
 0.00000000E+00
 0.00000000E+00
 0.00000000E+00
 0.00000000E+00
 0.00000000E+00
 0.00000000E+00
 0.00000000E+00
 0.00000000E+00
 0.00000000E+00
 0.00000000E+00
 0.00000000E+00
 0.00000000E+00
 0.00000000E+00
 0.00000000E+00
 0.00000000E+00
 0.00000000E+00
 0.00000000E+00
 0.00000000E+00
 0.00000000E+00
 0.00000000E+00
 0.00000000E+00
 0.00000000E+00
 0.00000000E+00
 0.00000000E+00
 0.00000000E+00
 0.00000000E+00
 0.00000000E+00
 0.00000000E+00
 0.00000000E+00
 0.00000000E+00
 0.00000000E+00
 0.00000000E+00
 0.00000000E+00
 0.00000000E+00
 0.00000000E+00
 0.00000000E+00
 0.00000000E+00
 0.00000000E+00
 0.00000000E+00
 0.00000000E+00
 0.00000000E+00
 0.00000000E+00
 0.00000000E+00
 0.00000000E+00
 0.00000000E+00
 0.00000000E+00
 0.00000000E+00
 0.00000000E+00
 0.00000000E+00
 0.00000000E+00
 0.00000000E+00
 0.00000000E+00
 0.00000000E+00
 0.00000000E+00
 0.00000000E+00
 0.00000000E+00
 0.00000000E+00
 0.00000000E+00
 0.00000000E+00
 0.00000000E+00
 0.00000000E+00
 0.00000000E+00
 0.00000000E+00
 0.00000000E+00
 0.00000000E+00
 0.00000000E+00
 0.00000000E+00
 0.00000000E+00
 0.00000000E+00
 0.00000000E+00
 0.00000000E+00
 0.00000000E+00
 0.00000000E+00
 0.00000000E+00
 0.00000000E+00
 0.00000000E+00
 0.00000000E+00
 0.00000000E+00
 0.00000000E+00
 0.00000000E+00
 0.00000000E+00
 0.00000000E+00
 0.00000000E+00
 0.00000000E+00
 0.00000000E+00
 0.00000000E+00
 0.00000000E+00
 0.00000000E+00
 0.00000000E+00
 0.00000000E+00
 0.00000000E+00
 0.00000000E+00
 0.00000000E+00
 0.00000000E+00
 0.00000000E+00
 0.00000000E+00
 0.00000000E+00
 0.00000000E+00
 0.00000000E+00
 0.00000000E+00
 0.00000000E+00
 0.00000000E+00
 0.00000000E+00
 0.00000000E+00
 0.00000000E+00
 0.00000000E+00
 0.00000000E+00
 0.00000000E+00
 0.00000000E+00
 0.00000000E+00
 0.00000000E+00
 0.00000000E+00
 0.00000000E+00
 0.00000000E+00
 0.00000000E+00
 0.00000000E+00
 0.00000000E+00
 0.00000000E+00
 0.00000000E+00
 0.00000000E+00
 0.00000000E+00
 0.00000000E+00
 0.00000000E+00
 0.00000000E+00
 0.00000000E+00
 0.00000000E+00
 0.00000000E+00
 0.00000000E+00
 0.00000000E+00
 0.00000000E+00
 0.00000000E+00
 0.00000000E+00
 0.00000000E+00
 0.00000000E+00
 0.00000000E+00
 0.00000000E+00
 0.00000000E+00
 5.35185978E-01
 4.94596957E-01
 4.54007934E-01
 4.18382493E-01
 3.85938835E-01
 3.53495178E-01
 3.21051520E-01
 2.94270089E-01
 2.69969859E-01
 2.58321334E-01
 2.51157804E-01
 2.37136151E-01
 2.21194224E-01
 2.12671301E-01
 1.90505850E-01
 1.73368443E-01
 1.57426516E-01
 1.41484589E-01
 1.25542662E-01
 1.09600735E-01
 9.36588082E-02
 7.77168812E-02
 6.17749542E-02
 4.58330272E-02
 2.98911002E-02
 1.39491732E-02
 1.29135358E-08
 1.45036330E-03
 1.29190761E-08
 1.29221050E-08
 1.29240021E-08
 1.29264042E-08
 1.29305211E-08
 1.29318704E-08
 1.29359648E-08
 1.29384165E-08
 1.29407802E-08
 1.29425884E-08
 1.29466182E-08
 1.29473363E-08
 1.29516976E-08
 1.29529702E-08
 1.29577630E-08
 1.29601695E-08
 1.29624596E-08
 1.29657269E-08
 1.29674572E-08
 1.29711024E-08
 1.29742121E-08
 1.29782205E-08
 1.29806191E-08
 1.29845120E-08
 1.29877446E-08
 1.29894727E-08
 1.29930832E-08
 1.29965210E-08
 1.30003914E-08
 1.30027310E-08
 1.30048099E-08
 1.28894554E-08
 1.28914024E-08
 1.28911873E-08
 1.28918353E-08
 1.28929176E-08
 1.28936606E-08
 1.28944302E-08
 1.28959001E-08
 1.28962241E-08
 1.28964728E-08
 1.28966224E-08
 1.28984003E-08
 1.28985993E-08
 1.28996584E-08
 1.29008362E-08
 1.29007233E-08
 1.29020601E-08
 1.29037676E-08
 1.29044162E-08
 1.29054386E-08
 1.29053407E-08
 1.29071994E-08
 1.29072497E-08
 1.29085058E-08
 1.29099318E-08
 1.29107915E-08
 1.29111005E-08
 1.29107813E-08
 1.29128376E-08
 1.29138990E-08
 1.29144944E-08
 1.29181772E-08
 1.29201726E-08
 1.29239496E-08
 1.29259780E-08
 1.29294244E-08
 1.29307682E-08
 1.29331267E-08
 1.29364560E-08
 1.29401172E-08
 1.29415644E-08
 1.29448403E-08
 1.29482898E-08
 1.29504411E-08
 1.29521328E-08
 1.29551880E-08
 1.29580145E-08
 1.29617812E-08
 1.29634951E-08
 1.29670341E-08
 1.29683959E-08
 1.29715187E-08
 1.29745474E-08
 1.29777074E-08
 1.29795678E-08
 1.29823804E-08
 1.29847190E-08
 1.29879471E-08
 1.29917393E-08
 1.29934985E-08
 1.29969084E-08
 1.29991176E-08
 1.30028646E-08
 1.30050707E-08
 1.30071153E-08
 1.30100283E-08
 1.30138262E-08
 1.30170566E-08
 1.30191648E-08
 1.30217874E-08
 1.30248181E-08
 1.30277463E-08
 1.30305244E-08
 1.30331072E-08
 1.30368169E-08
 1.30397329E-08
 1.30423882E-08
 1.30452601E-08
 1.30486041E-08
 1.30505456E-08
 1.30541586E-08
 1.30563538E-08
 1.30593765E-08
 1.30621990E-08
 1.30657917E-08
 1.30688415E-08
 1.30723575E-08
 1.30745749E-08
 1.30774197E-08
 1.30813828E-08
 1.30829678E-08
 1.30866069E-08
 1.30900373E-08
 1.30932189E-08
 1.30956808E-08
 1.30986081E-08
 1.31019514E-08
 1.31056590E-08
 1.31083380E-08
 1.31111324E-08
 1.31139994E-08
 1.31176407E-08
 1.31199607E-08
 1.31229916E-08
 1.31269266E-08
 1.31304077E-08
 1.31331791E-08
 1.31363598E-08
 1.31399422E-08
 1.31429822E-08
 1.31459854E-08
 1.30297685E-08
 1.30317321E-08
 1.30346580E-08
 1.30359841E-08
 1.30382891E-08
 1.30411811E-08
 1.30428550E-08
 1.30451142E-08
 1.30472592E-08
 1.30489228E-08
 1.30515099E-08
 1.30536385E-08
 1.30556751E-08
 1.30575837E-08
 1.30600971E-08
 1.30625187E-08
 1.30646714E-08
 1.30667758E-08
 1.30688354E-08
 1.30708673E-08
 1.30730463E-08
 1.30750491E-08
 1.30772568E-08
 1.30798554E-08
 1.30815258E-08
 1.30846013E-08
 1.30863646E-08
 1.30884667E-08
 1.30904797E-08
 1.30933715E-08
 1.30951389E-08
 1.30972747E-08
 1.30996562E-08
 1.31016021E-08
 1.31042389E-08
 1.29672901E-08
 1.29530305E-08
 1.29434890E-08
 1.29361560E-08
 1.29302782E-08
 1.29260086E-08
 1.29217078E-08
 1.29190841E-08
 1.29163103E-08
 1.29130428E-08
 1.29076541E-08
 1.29018459E-08
 1.30197859E-08
 1.30169207E-08
 1.30151820E-08
 1.30125869E-08
 1.30108094E-08
 1.30080356E-08
 1.30064292E-08
 1.30037136E-08
 1.30016897E-08
 1.29996117E-08
 1.29975912E-08
 1.29955936E-08
 1.29940539E-08
 1.29918601E-08
 1.29898014E-08
 1.29880243E-08
 1.29862207E-08
 1.29842650E-08
 1.29819154E-08
 1.29801312E-08
 1.29782763E-08
 1.29765255E-08
 1.29746547E-08
 1.29729039E-08
 1.29711178E-08
 1.29690689E-08
 1.29673396E-08
 1.29659708E-08
 1.29640807E-08
 1.29625324E-08
 1.29605980E-08
 1.29589752E-08
 1.29572037E-08
 1.29554411E-08
 1.29537763E-08
 1.29518140E-08
 1.29503293E-08
 1.29486267E-08
 1.29469754E-08
 1.29455018E-08
 1.29437081E-08
 1.29420705E-08
 1.29402865E-08
 1.29389159E-08
 1.29371688E-08
 1.29355975E-08
 1.29341188E-08
 1.29325992E-08
 1.29310144E-08
 1.29294609E-08
 1.29279403E-08
 1.29262460E-08
 1.29249236E-08
 1.29232713E-08
 1.29216782E-08
 1.29203427E-08
 1.29188800E-08
 1.29173536E-08
 1.29158503E-08
 1.29144144E-08
 4.87246630E-03
 1.26684330E-02
 2.04643998E-02
 2.82603665E-02
 3.60563333E-02
 4.38523000E-02
 5.16482668E-02
 5.94442335E-02
 6.72402003E-02
 7.50361670E-02
 8.28321337E-02
 9.06281005E-02
 9.84240672E-02
 1.06220034E-01
 1.14016001E-01
 1.21811967E-01
 1.29607934E-01
 1.37403901E-01
 1.45199868E-01
 1.52995834E-01
 1.60791801E-01
 1.68587768E-01
 1.76383735E-01
 1.84179701E-01
 1.91975668E-01
 1.99771635E-01
 2.07567602E-01
 2.15363568E-01
 2.23159535E-01
 2.30955502E-01
 2.38751469E-01
 2.49109853E-01
 2.65105558E-01
 2.81101262E-01
 2.97096967E-01
 3.13092671E-01
 3.29088375E-01
 3.45084080E-01
 3.61079784E-01
 3.77101532E-01
 3.93151005E-01
 4.09200477E-01
 4.25249950E-01
 4.41330063E-01
 4.57433263E-01
 4.73569289E-01
 4.87281825E-01
 5.06697267E-01
 5.29255802E-01
 5.52054881E-01
 5.75096026E-01
 5.98379676E-01
 6.21908136E-01
 6.45683416E-01
 6.69707171E-01
 7.00475592E-01
 7.32915634E-01
 7.65688429E-01
 7.98796345E-01
 8.39569852E-01
 8.81449149E-01
 9.31499704E-01
 0.00000000E+00
 0.00000000E+00
 0.00000000E+00
 0.00000000E+00
 0.00000000E+00
 0.00000000E+00
 0.00000000E+00
 0.00000000E+00
 0.00000000E+00
 0.00000000E+00
 0.00000000E+00
 0.00000000E+00
 0.00000000E+00
 0.00000000E+00
 0.00000000E+00
 0.00000000E+00
 0.00000000E+00
 0.00000000E+00
 0.00000000E+00
 0.00000000E+00
 0.00000000E+00
 0.00000000E+00
 0.00000000E+00
 0.00000000E+00
 0.00000000E+00
 0.00000000E+00
 0.00000000E+00
 0.00000000E+00
 0.00000000E+00
 0.00000000E+00
 0.00000000E+00
 0.00000000E+00
 0.00000000E+00
 0.00000000E+00
 0.00000000E+00
 0.00000000E+00
 0.00000000E+00
 0.00000000E+00
 0.00000000E+00
 0.00000000E+00
 0.00000000E+00
 0.00000000E+00
 0.00000000E+00
 0.00000000E+00
 0.00000000E+00
 0.00000000E+00
 0.00000000E+00
 0.00000000E+00
 0.00000000E+00
 0.00000000E+00
 0.00000000E+00
 0.00000000E+00
 0.00000000E+00
 0.00000000E+00
 0.00000000E+00
 0.00000000E+00
 0.00000000E+00
 0.00000000E+00
 0.00000000E+00
 0.00000000E+00
 0.00000000E+00
 0.00000000E+00
 0.00000000E+00
 0.00000000E+00
 0.00000000E+00
 0.00000000E+00
 0.00000000E+00
 0.00000000E+00
 0.00000000E+00
 0.00000000E+00
 0.00000000E+00
 0.00000000E+00
 0.00000000E+00
 0.00000000E+00
 0.00000000E+00
 0.00000000E+00
 0.00000000E+00
 0.00000000E+00
 0.00000000E+00
 0.00000000E+00
 0.00000000E+00
 0.00000000E+00
 0.00000000E+00
 0.00000000E+00
 0.00000000E+00
 0.00000000E+00
 0.00000000E+00
 0.00000000E+00
 0.00000000E+00
 0.00000000E+00
 0.00000000E+00
 0.00000000E+00
 0.00000000E+00
 0.00000000E+00
 0.00000000E+00
 0.00000000E+00
 0.00000000E+00
 0.00000000E+00
 0.00000000E+00
 0.00000000E+00
 0.00000000E+00
 0.00000000E+00
 0.00000000E+00
 0.00000000E+00
 0.00000000E+00
 0.00000000E+00
 0.00000000E+00
 0.00000000E+00
 0.00000000E+00
 0.00000000E+00
 0.00000000E+00
 0.00000000E+00
 0.00000000E+00
 0.00000000E+00
 0.00000000E+00
 0.00000000E+00
 0.00000000E+00
 0.00000000E+00
 0.00000000E+00
 0.00000000E+00
 0.00000000E+00
 0.00000000E+00
 0.00000000E+00
 0.00000000E+00
 0.00000000E+00
 0.00000000E+00
 0.00000000E+00
 0.00000000E+00
 0.00000000E+00
 0.00000000E+00
 0.00000000E+00
 0.00000000E+00
 0.00000000E+00
 0.00000000E+00
 0.00000000E+00
 0.00000000E+00
 0.00000000E+00
 0.00000000E+00
 0.00000000E+00
 0.00000000E+00
 0.00000000E+00
 0.00000000E+00
 0.00000000E+00
 0.00000000E+00
 0.00000000E+00
 0.00000000E+00
 0.00000000E+00
 0.00000000E+00
 0.00000000E+00
 0.00000000E+00
 0.00000000E+00
 0.00000000E+00
 0.00000000E+00
 0.00000000E+00
 0.00000000E+00
 0.00000000E+00
 0.00000000E+00
 0.00000000E+00
 0.00000000E+00
 0.00000000E+00
 0.00000000E+00
 0.00000000E+00
 5.43173255E-01
 4.90303912E-01
 4.44873862E-01
 4.04212588E-01
 3.63551314E-01
 3.22890040E-01
 2.90715171E-01
 2.62259063E-01
 2.52765013E-01
 2.49992962E-01
 2.36942129E-01
 2.21013236E-01
 2.16203761E-01
 1.90947205E-01
 1.73226558E-01
 1.57297665E-01
 1.41368773E-01
 1.25439880E-01
 1.09510987E-01
 9.35820948E-02
 7.76532021E-02
 6.17243095E-02
 4.57954168E-02
 2.98665241E-02
 1.39376315E-02
 1.49608244E-07
 2.17389846E-03
 1.49614994E-07
 1.49617515E-07
 1.49618749E-07
 1.49621665E-07
 1.49623943E-07
 1.49627224E-07
 1.49630484E-07
 1.49631945E-07
 1.49634459E-07
 1.49637923E-07
 1.49641377E-07
 1.49642989E-07
 1.49645646E-07
 1.49648743E-07
 1.49652366E-07
 1.49653901E-07
 1.49658449E-07
 1.49661367E-07
 1.49664187E-07
 1.49666378E-07
 1.49669823E-07
 1.49673266E-07
 1.49676500E-07
 1.49679063E-07
 1.49682020E-07
 1.49685276E-07
 1.49689815E-07
 1.49690937E-07
 1.49694669E-07
 1.49698183E-07
 1.49702364E-07
 1.49585708E-07
 1.49585713E-07
 1.49586562E-07
 1.49586719E-07
 1.49587655E-07
 1.49588948E-07
 1.49589094E-07
 1.49589551E-07
 1.49591692E-07
 1.49592264E-07
 1.49592709E-07
 1.49593297E-07
 1.49594742E-07
 1.49595948E-07
 1.49596169E-07
 1.49597139E-07
 1.49597769E-07
 1.49598420E-07
 1.49599701E-07
 1.49599857E-07
 1.49601609E-07
 1.49601578E-07
 1.49603345E-07
 1.49604625E-07
 1.49603650E-07
 1.49606088E-07
 1.49607257E-07
 1.49607438E-07
 1.49606947E-07
 1.49608390E-07
 1.49610946E-07
 1.49613002E-07
 1.49615192E-07
 1.49618541E-07
 1.49621691E-07
 1.49623005E-07
 1.49626891E-07
 1.49628320E-07
 1.49631897E-07
 1.49634516E-07
 1.49637374E-07
 1.49639187E-07
 1.49642410E-07
 1.49645452E-07
 1.49648315E-07
 1.49650664E-07
 1.49652719E-07
 1.49656613E-07
 1.49659873E-07
 1.49662180E-07
 1.49664700E-07
 1.49667410E-07
 1.49669980E-07
 1.49672637E-07
 1.49676268E-07
 1.49677925E-07
 1.49680722E-07
 1.49684094E-07
 1.49687721E-07
 1.49688981E-07
 1.49693233E-07
 1.49694809E-07
 1.49699017E-07
 1.49701352E-07
 1.49703708E-07
 1.49706655E-07
 1.49708744E-07
 1.49712714E-07
 1.49715755E-07
 1.49717606E-07
 1.49720684E-07
 1.49723833E-07
 1.49726753E-07
 1.49729192E-07
 1.49732183E-07
 1.49736156E-07
 1.49739025E-07
 1.49741023E-07
 1.49744211E-07
 1.49747496E-07
 1.49749544E-07
 1.49752445E-07
 1.49756350E-07
 1.49759520E-07
 1.49762102E-07
 1.49764883E-07
 1.49768310E-07
 1.49771613E-07
 1.49773760E-07
 1.49776983E-07
 1.49780215E-07
 1.49782760E-07
 1.49786010E-07
 1.49788729E-07
 1.49793068E-07
 1.49795392E-07
 1.49797855E-07
 1.49801618E-07
 1.49805208E-07
 1.49807664E-07
 1.49811085E-07
 1.49814089E-07
 1.49816802E-07
 1.49819970E-07
 1.49823585E-07
 1.49826623E-07
 1.49830062E-07
 1.49833615E-07
 1.49836377E-07
 1.49839256E-07
 1.49842193E-07
 1.49726421E-07
 1.49728700E-07
 1.49730448E-07
 1.49733172E-07
 1.49734279E-07
 1.49737226E-07
 1.49738762E-07
 1.49741045E-07
 1.49743000E-07
 1.49745509E-07
 1.49747895E-07
 1.49749774E-07
 1.49752401E-07
 1.49753851E-07
 1.49755884E-07
 1.49758851E-07
 1.49760516E-07
 1.49763111E-07
 1.49765472E-07
 1.49767777E-07
 1.49770031E-07
 1.49771450E-07
 1.49773892E-07
 1.49776321E-07
 1.49778195E-07
 1.49780289E-07
 1.49783009E-07
 1.49785256E-07
 1.49787023E-07
 1.49789688E-07
 1.49791388E-07
 1.49794051E-07
 1.49796177E-07
 1.49798757E-07
 1.49801097E-07
 1.49665064E-07
 1.49649695E-07
 1.49640020E-07
 1.49632159E-07
 1.49626265E-07
 1.49622025E-07
 1.49617767E-07
 1.49614394E-07
 1.49611316E-07
 1.49608329E-07
 1.49602961E-07
 1.49597473E-07
 1.49715980E-07
 1.49713450E-07
 1.49710800E-07
 1.49708373E-07
 1.49706478E-07
 1.49704110E-07
 1.49701677E-07
 1.49699891E-07
 1.49697545E-07
 1.49695712E-07
 1.49693945E-07
 1.49691533E-07
 1.49689962E-07
 1.49687563E-07
 1.49685862E-07
 1.49683746E-07
 1.49681769E-07
 1.49679907E-07
 1.49677811E-07
 1.49676151E-07
 1.49673992E-07
 1.49672251E-07
 1.49670657E-07
 1.49668749E-07
 1.49667015E-07
 1.49665281E-07
 1.49663492E-07
 1.49661397E-07
 1.49659821E-07
 1.49657918E-07
 1.49656201E-07
 1.49654366E-07
 1.49652809E-07
 1.49650998E-07
 1.49649536E-07
 1.49647463E-07
 1.49646064E-07
 1.49644230E-07
 1.49642796E-07
 1.49640890E-07
 1.49639228E-07
 1.49637523E-07
 1.49636066E-07
 1.49634541E-07
 1.49632718E-07
 1.49631326E-07
 1.49629599E-07
 1.49627953E-07
 1.49626515E-07
 1.49624873E-07
 1.49623335E-07
 1.49621671E-07
 1.49620209E-07
 1.49618691E-07
 1.49617209E-07
 1.49615814E-07
 1.49614336E-07
 1.49612871E-07
 1.49611373E-07
 1.49609982E-07
 2.32480749E-03
 6.04473885E-03
 9.76467021E-03
 1.34846016E-02
 1.72045329E-02
 2.09244643E-02
 2.46443956E-02
 2.83643270E-02
 3.20842584E-02
 3.58041897E-02
 3.95241211E-02
 4.32440524E-02
 4.69639838E-02
 5.06839152E-02
 5.44038465E-02
 5.81237779E-02
 6.18437092E-02
 6.55636406E-02
 6.92835720E-02
 7.30035033E-02
 7.67234347E-02
 8.04433660E-02
 8.41632974E-02
 8.78832288E-02
 9.16031601E-02
 9.53230915E-02
 9.90430228E-02
 1.02762954E-01
 1.06482886E-01
 1.10202817E-01
 1.13922748E-01
 1.21483168E-01
 1.37492661E-01
 1.53502153E-01
 1.69511646E-01
 1.85521139E-01
 2.01530632E-01
 2.17540125E-01
 2.33549618E-01
 2.49598144E-01
 2.65688223E-01
 2.81778303E-01
 2.97868382E-01
 3.14004385E-01
 3.30174989E-01
 3.46394793E-01
 3.59616344E-01
 3.81314638E-01
 4.07645708E-01
 4.34258877E-01
 4.61155923E-01
 4.88336987E-01
 5.15804999E-01
 5.43562430E-01
 5.71611214E-01
 6.09687066E-01
 6.50186140E-01
 6.91101202E-01
 7.32435212E-01
 7.85174298E-01
 8.39486204E-01
 9.05959894E-01
 0.00000000E+00
 0.00000000E+00
 0.00000000E+00
 0.00000000E+00
 0.00000000E+00
 0.00000000E+00
 0.00000000E+00
 0.00000000E+00
 0.00000000E+00
 0.00000000E+00
 0.00000000E+00
 0.00000000E+00
 0.00000000E+00
 0.00000000E+00
 0.00000000E+00
 0.00000000E+00
 0.00000000E+00
 0.00000000E+00
 0.00000000E+00
 0.00000000E+00
 0.00000000E+00
 0.00000000E+00
 0.00000000E+00
 0.00000000E+00
 0.00000000E+00
 0.00000000E+00
 0.00000000E+00
 0.00000000E+00
 0.00000000E+00
 0.00000000E+00
 0.00000000E+00
 0.00000000E+00
 0.00000000E+00
 0.00000000E+00
 0.00000000E+00
 0.00000000E+00
 0.00000000E+00
 0.00000000E+00
 0.00000000E+00
 0.00000000E+00
 0.00000000E+00
 0.00000000E+00
 0.00000000E+00
 0.00000000E+00
 0.00000000E+00
 0.00000000E+00
 0.00000000E+00
 0.00000000E+00
 0.00000000E+00
 0.00000000E+00
 0.00000000E+00
 0.00000000E+00
 0.00000000E+00
 0.00000000E+00
 0.00000000E+00
 0.00000000E+00
 0.00000000E+00
 0.00000000E+00
 0.00000000E+00
 0.00000000E+00
 0.00000000E+00
 0.00000000E+00
 0.00000000E+00
 0.00000000E+00
 0.00000000E+00
 0.00000000E+00
 0.00000000E+00
 0.00000000E+00
 0.00000000E+00
 0.00000000E+00
 0.00000000E+00
 0.00000000E+00
 0.00000000E+00
 0.00000000E+00
 0.00000000E+00
 0.00000000E+00
 0.00000000E+00
 0.00000000E+00
 0.00000000E+00
 0.00000000E+00
 0.00000000E+00
 0.00000000E+00
 0.00000000E+00
 0.00000000E+00
 0.00000000E+00
 0.00000000E+00
 0.00000000E+00
 0.00000000E+00
 0.00000000E+00
 0.00000000E+00
 0.00000000E+00
 0.00000000E+00
 0.00000000E+00
 0.00000000E+00
 0.00000000E+00
 0.00000000E+00
 0.00000000E+00
 0.00000000E+00
 0.00000000E+00
 0.00000000E+00
 0.00000000E+00
 0.00000000E+00
 0.00000000E+00
 0.00000000E+00
 0.00000000E+00
 0.00000000E+00
 0.00000000E+00
 0.00000000E+00
 0.00000000E+00
 0.00000000E+00
 0.00000000E+00
 0.00000000E+00
 0.00000000E+00
 0.00000000E+00
 0.00000000E+00
 0.00000000E+00
 0.00000000E+00
 0.00000000E+00
 0.00000000E+00
 0.00000000E+00
 0.00000000E+00
 0.00000000E+00
 0.00000000E+00
 0.00000000E+00
 0.00000000E+00
 0.00000000E+00
 0.00000000E+00
 0.00000000E+00
 0.00000000E+00
 0.00000000E+00
 0.00000000E+00
 0.00000000E+00
 0.00000000E+00
 0.00000000E+00
 0.00000000E+00
 0.00000000E+00
 0.00000000E+00
 0.00000000E+00
 0.00000000E+00
 0.00000000E+00
 0.00000000E+00
 0.00000000E+00
 0.00000000E+00
 0.00000000E+00
 0.00000000E+00
 0.00000000E+00
 0.00000000E+00
 0.00000000E+00
 0.00000000E+00
 0.00000000E+00
 0.00000000E+00
 0.00000000E+00
 0.00000000E+00
 0.00000000E+00
 0.00000000E+00
 0.00000000E+00
 0.00000000E+00
 0.00000000E+00
 0.00000000E+00
 0.00000000E+00
 0.00000000E+00
 0.00000000E+00
 5.82977777E-01
 5.18197625E-01
 4.63328433E-01
 4.14812419E-01
 3.66296405E-01
 3.17780391E-01
 2.80570347E-01
 2.48314603E-01
 2.41320964E-01
 2.43282674E-01
 2.31550528E-01
 2.15984102E-01
 2.15231464E-01
 1.87238307E-01
 1.69284826E-01
 1.53718400E-01
 1.38151975E-01
 1.22585549E-01
 1.07019124E-01
 9.14526982E-02
 7.58862727E-02
 6.03198472E-02
 4.47534217E-02
 2.91869962E-02
 1.36205706E-02
 5.16808255E-08
 2.89601747E-03
 5.16859671E-08
 5.16863532E-08
 5.16888184E-08
 5.16928190E-08
 5.16951473E-08
 5.16978867E-08
 5.16987198E-08
 5.17031891E-08
 5.17059726E-08
 5.17070091E-08
 5.17099695E-08
 5.17143534E-08
 5.17149299E-08
 5.17179614E-08
 5.17209155E-08
 5.17250359E-08
 5.17278468E-08
 5.17305406E-08
 5.17345766E-08
 5.17377985E-08
 5.17409449E-08
 5.17438652E-08
 5.17464804E-08
 5.17509938E-08
 5.17537652E-08
 5.17562700E-08
 5.17595267E-08
 5.17630672E-08
 5.17659465E-08
 5.17703872E-08
 5.17729807E-08
 5.16565170E-08
 5.16573434E-08
 5.16570922E-08
 5.16591061E-08
 5.16581210E-08
 5.16596495E-08
 5.16611033E-08
 5.16613418E-08
 5.16614620E-08
 5.16631829E-08
 5.16629066E-08
 5.16638524E-08
 5.16662589E-08
 5.16659336E-08
 5.16667052E-08
 5.16681672E-08
 5.16681937E-08
 5.16688592E-08
 5.16701008E-08
 5.16712635E-08
 5.16722347E-08
 5.16730485E-08
 5.16736258E-08
 5.16739697E-08
 5.16753846E-08
 5.16758285E-08
 5.16772497E-08
 5.16770094E-08
 5.16780023E-08
 5.16805311E-08
 5.16825318E-08
 5.16836386E-08
 5.16865042E-08
 5.16904188E-08
 5.16921649E-08
 5.16949127E-08
 5.16985987E-08
 5.16997500E-08
 5.17030341E-08
 5.17065271E-08
 5.17089701E-08
 5.17109503E-08
 5.17130713E-08
 5.17164744E-08
 5.17193347E-08
 5.17228439E-08
 5.17245447E-08
 5.17282455E-08
 5.17307331E-08
 5.17336880E-08
 5.17365030E-08
 5.17394550E-08
 5.17407347E-08
 5.17447046E-08
 5.17466695E-08
 5.17494837E-08
 5.17528536E-08
 5.17552880E-08
 5.17579401E-08
 5.17607088E-08
 5.17636170E-08
 5.17665666E-08
 5.17701772E-08
 5.17734972E-08
 5.17751437E-08
 5.17784180E-08
 5.17808044E-08
 5.17835873E-08
 5.17865381E-08
 5.17893082E-08
 5.17921513E-08
 5.17958403E-08
 5.17979226E-08
 5.18018448E-08
 5.18038365E-08
 5.18076059E-08
 5.18102031E-08
 5.18126860E-08
 5.18167604E-08
 5.18193255E-08
 5.18214332E-08
 5.18242983E-08
 5.18278903E-08
 5.18308616E-08
 5.18340275E-08
 5.18362892E-08
 5.18399092E-08
 5.18433334E-08
 5.18465655E-08
 5.18495395E-08
 5.18517950E-08
 5.18549597E-08
 5.18587780E-08
 5.18615346E-08
 5.18644215E-08
 5.18678478E-08
 5.18709065E-08
 5.18739839E-08
 5.18768466E-08
 5.18804206E-08
 5.18839439E-08
 5.18865199E-08
 5.18897155E-08
 5.18923445E-08
 5.18962824E-08
 5.18993639E-08
 5.19025573E-08
 5.19058217E-08
 5.19091539E-08
 5.19122918E-08
 5.17957725E-08
 5.17976567E-08
 5.18004971E-08
 5.18027741E-08
 5.18047087E-08
 5.18060941E-08
 5.18084201E-08
 5.18112769E-08
 5.18136021E-08
 5.18155750E-08
 5.18172187E-08
 5.18195715E-08
 5.18214147E-08
 5.18239562E-08
 5.18262126E-08
 5.18281478E-08
 5.18307932E-08
 5.18331743E-08
 5.18352582E-08
 5.18372651E-08
 5.18391968E-08
 5.18419184E-08
 5.18437751E-08
 5.18464190E-08
 5.18484556E-08
 5.18504985E-08
 5.18529600E-08
 5.18548683E-08
 5.18570659E-08
 5.18591453E-08
 5.18617702E-08
 5.18644930E-08
 5.18661271E-08
 5.18683242E-08
 5.18707951E-08
 5.18730222E-08
 5.17386430E-08
 5.17224301E-08
 5.17116968E-08
 5.17042242E-08
 5.16978369E-08
 5.16927571E-08
 5.16889908E-08
 5.16855355E-08
 5.16822309E-08
 5.16793311E-08
 5.16738613E-08
 5.16685677E-08
 5.17871694E-08
 5.17848055E-08
 5.17828105E-08
 5.17803064E-08
 5.17782395E-08
 5.17755094E-08
 5.17738606E-08
 5.17716167E-08
 5.17695623E-08
 5.17674218E-08
 5.17652986E-08
 5.17631955E-08
 5.17609895E-08
 5.17593433E-08
 5.17573631E-08
 5.17550868E-08
 5.17529474E-08
 5.17513781E-08
 5.17495892E-08
 5.17475084E-08
 5.17455511E-08
 5.17436298E-08
 5.17417975E-08
 5.17398735E-08
 5.17380990E-08
 5.17365378E-08
 5.17346455E-08
 5.17328664E-08
 5.17309455E-08
 5.17289995E-08
 5.17276746E-08
 5.17256945E-08
 5.17238450E-08
 5.17222644E-08
 5.17204619E-08
 5.17188269E-08
 5.17170762E-08
 5.17152476E-08
 5.17136522E-08
 5.17122167E-08
 5.17106154E-08
 5.17087581E-08
 5.17071984E-08
 5.17054101E-08
 5.17038586E-08
 5.17023523E-08
 5.17005868E-08
 5.16991340E-08
 5.16974872E-08
 5.16959488E-08
 5.16942898E-08
 5.16928024E-08
 5.16912902E-08
 5.16898145E-08
 5.16883849E-08
 5.16868744E-08
 5.16852698E-08
 5.16837261E-08
 5.16822274E-08
 5.16808130E-08
 5.16821760E-08
 5.16854251E-08
 5.16883872E-08
 5.16915998E-08
 5.16947818E-08
 5.16979528E-08
 5.17010300E-08
 5.17041765E-08
 5.17074100E-08
 5.17106111E-08
 5.17138270E-08
 5.17171645E-08
 5.17204070E-08
 5.17237022E-08
 5.17270123E-08
 5.17303539E-08
 5.17337456E-08
 5.17371442E-08
 5.17405710E-08
 5.17440340E-08
 5.17475313E-08
 5.17510579E-08
 5.17546296E-08
 5.17582337E-08
 5.17618935E-08
 5.17655823E-08
 5.17693683E-08
 5.16537698E-08
 5.16605906E-08
 5.16676014E-08
 5.16750271E-08
 4.89801228E-03
 2.05718170E-02
 3.62456216E-02
 5.19194263E-02
 6.75932310E-02
 8.32670357E-02
 9.89408404E-02
 1.14614645E-01
 1.30340453E-01
 1.46121618E-01
 1.61902783E-01
 1.77683948E-01
 1.93526296E-01
 2.09414740E-01
 2.25368731E-01
 2.37782965E-01
 2.61435197E-01
 2.91203998E-01
 3.21292970E-01
 3.51704124E-01
 3.82437281E-01
 4.13495967E-01
 4.44883095E-01
 4.76600852E-01
 5.21619126E-01
 5.69807428E-01
 6.18491236E-01
 6.67674071E-01
 7.31991730E-01
 7.98344837E-01
 8.80840103E-01
 0.00000000E+00
 0.00000000E+00
 0.00000000E+00
 0.00000000E+00
 0.00000000E+00
 0.00000000E+00
 0.00000000E+00
 0.00000000E+00
 0.00000000E+00
 0.00000000E+00
 0.00000000E+00
 0.00000000E+00
 0.00000000E+00
 0.00000000E+00
 0.00000000E+00
 0.00000000E+00
 0.00000000E+00
 0.00000000E+00
 0.00000000E+00
 0.00000000E+00
 0.00000000E+00
 0.00000000E+00
 0.00000000E+00
 0.00000000E+00
 0.00000000E+00
 0.00000000E+00
 0.00000000E+00
 0.00000000E+00
 0.00000000E+00
 0.00000000E+00
 0.00000000E+00
 0.00000000E+00
 0.00000000E+00
 0.00000000E+00
 0.00000000E+00
 0.00000000E+00
 0.00000000E+00
 0.00000000E+00
 0.00000000E+00
 0.00000000E+00
 0.00000000E+00
 0.00000000E+00
 0.00000000E+00
 0.00000000E+00
 0.00000000E+00
 0.00000000E+00
 0.00000000E+00
 0.00000000E+00
 0.00000000E+00
 0.00000000E+00
 0.00000000E+00
 0.00000000E+00
 0.00000000E+00
 0.00000000E+00
 0.00000000E+00
 0.00000000E+00
 0.00000000E+00
 0.00000000E+00
 0.00000000E+00
 0.00000000E+00
 0.00000000E+00
 0.00000000E+00
 0.00000000E+00
 0.00000000E+00
 0.00000000E+00
 0.00000000E+00
 0.00000000E+00
 0.00000000E+00
 0.00000000E+00
 0.00000000E+00
 0.00000000E+00
 0.00000000E+00
 0.00000000E+00
 0.00000000E+00
 0.00000000E+00
 0.00000000E+00
 0.00000000E+00
 0.00000000E+00
 0.00000000E+00
 0.00000000E+00
 0.00000000E+00
 0.00000000E+00
 0.00000000E+00
 0.00000000E+00
 0.00000000E+00
 0.00000000E+00
 0.00000000E+00
 0.00000000E+00
 0.00000000E+00
 0.00000000E+00
 0.00000000E+00
 0.00000000E+00
 0.00000000E+00
 0.00000000E+00
 0.00000000E+00
 0.00000000E+00
 0.00000000E+00
 0.00000000E+00
 0.00000000E+00
 0.00000000E+00
 0.00000000E+00
 0.00000000E+00
 0.00000000E+00
 0.00000000E+00
 0.00000000E+00
 0.00000000E+00
 0.00000000E+00
 0.00000000E+00
 0.00000000E+00
 0.00000000E+00
 0.00000000E+00
 0.00000000E+00
 0.00000000E+00
 0.00000000E+00
 0.00000000E+00
 0.00000000E+00
 0.00000000E+00
 0.00000000E+00
 0.00000000E+00
 0.00000000E+00
 0.00000000E+00
 0.00000000E+00
 0.00000000E+00
 0.00000000E+00
 0.00000000E+00
 0.00000000E+00
 0.00000000E+00
 0.00000000E+00
 0.00000000E+00
 0.00000000E+00
 0.00000000E+00
 0.00000000E+00
 0.00000000E+00
 0.00000000E+00
 0.00000000E+00
 0.00000000E+00
 0.00000000E+00
 0.00000000E+00
 0.00000000E+00
 0.00000000E+00
 0.00000000E+00
 0.00000000E+00
 0.00000000E+00
 0.00000000E+00
 0.00000000E+00
 0.00000000E+00
 0.00000000E+00
 0.00000000E+00
 0.00000000E+00
 0.00000000E+00
 0.00000000E+00
 0.00000000E+00
 0.00000000E+00
 0.00000000E+00
 0.00000000E+00
 0.00000000E+00
 0.00000000E+00
 0.00000000E+00
 0.00000000E+00
 0.00000000E+00
 0.00000000E+00
 0.00000000E+00
 5.30334998E-01
 4.57377328E-01
 3.96798247E-01
 3.44154160E-01
 2.91510072E-01
 2.38865985E-01
 2.00342827E-01
 1.68007492E-01
 1.67224021E-01
 1.77625601E-01
 1.70923830E-01
 1.59433120E-01
 1.66444534E-01
 1.39433085E-01
 1.24960990E-01
 1.13470280E-01
 1.01979570E-01
 9.04888595E-02
 7.89981494E-02
 6.75074394E-02
 5.60167293E-02
 4.45260193E-02
 3.30353092E-02
 2.15445992E-02
 1.00538891E-02
 4.82193006E-07
 3.61748560E-03
 4.82197366E-07
 4.82200016E-07
 4.82204114E-07
 4.82204760E-07
 4.82207992E-07
 4.82211000E-07
 4.82213239E-07
 4.82214658E-07
 4.82218091E-07
 4.82221718E-07
 4.82224180E-07
 4.82225343E-07
 4.82228839E-07
 4.82232095E-07
 4.82234376E-07
 4.82237262E-07
 4.82240754E-07
 4.82243537E-07
 4.82246736E-07
 4.82250947E-07
 4.82254484E-07
 4.82257251E-07
 4.82260722E-07
 4.82264396E-07
 4.82267281E-07
 4.82270923E-07
 4.82275171E-07
 4.82277151E-07
 4.82281799E-07
 4.82285167E-07
 4.82286452E-07
 4.82170388E-07
 4.82170867E-07
 4.82172082E-07
 4.82171771E-07
 4.82172472E-07
 4.82173111E-07
 4.82173612E-07
 4.82174670E-07
 4.82176987E-07
 4.82177269E-07
 4.82177283E-07
 4.82178125E-07
 4.82178659E-07
 4.82179908E-07
 4.82180405E-07
 4.82182631E-07
 4.82182319E-07
 4.82183640E-07
 4.82183464E-07
 4.82185156E-07
 4.82186632E-07
 4.82187550E-07
 4.82188206E-07
 4.82188557E-07
 4.82189269E-07
 4.82188941E-07
 4.82191260E-07
 4.82192453E-07
 4.82193554E-07
 4.82193195E-07
 4.82195536E-07
 4.82198231E-07
 4.82201009E-07
 4.82202868E-07
 4.82206038E-07
 4.82208238E-07
 4.82211014E-07
 4.82214351E-07
 4.82216608E-07
 4.82220321E-07
 4.82222594E-07
 4.82224673E-07
 4.82228065E-07
 4.82230840E-07
 4.82233060E-07
 4.82236117E-07
 4.82237936E-07
 4.82240556E-07
 4.82244838E-07
 4.82247485E-07
 4.82250225E-07
 4.82252754E-07
 4.82255031E-07
 4.82258189E-07
 4.82261904E-07
 4.82263525E-07
 4.82267074E-07
 4.82269352E-07
 4.82273221E-07
 4.82275732E-07
 4.82278006E-07
 4.82281209E-07
 4.82284097E-07
 4.82286117E-07
 4.82289170E-07
 4.82292158E-07
 4.82295814E-07
 4.82297942E-07
 4.82301504E-07
 4.82304858E-07
 4.82306345E-07
 4.82310208E-07
 4.82312143E-07
 4.82315628E-07
 4.82318439E-07
 4.82321370E-07
 4.82324161E-07
 4.82327239E-07
 4.82331122E-07
 4.82333450E-07
 4.82336256E-07
 4.82340024E-07
 4.82342913E-07
 4.82345947E-07
 4.82348050E-07
 4.82351266E-07
 4.82354490E-07
 4.82357247E-07
 4.82361190E-07
 4.82363120E-07
 4.82366968E-07
 4.82369957E-07
 4.82373293E-07
 4.82375738E-07
 4.82379260E-07
 4.82382770E-07
 4.82386078E-07
 4.82388885E-07
 4.82391646E-07
 4.82394817E-07
 4.82398392E-07
 4.82401391E-07
 4.82404705E-07
 4.82408125E-07
 4.82410688E-07
 4.82414239E-07
 4.82416853E-07
 4.82420225E-07
 4.82423551E-07
 4.82307648E-07
 4.82310081E-07
 4.82311963E-07
 4.82314580E-07
 4.82316606E-07
 4.82319186E-07
 4.82320501E-07
 4.82323220E-07
 4.82324685E-07
 4.82327561E-07
 4.82329005E-07
 4.82331140E-07
 4.82333787E-07
 4.82336099E-07
 4.82337874E-07
 4.82340342E-07
 4.82342500E-07
 4.82345180E-07
 4.82346689E-07
 4.82349778E-07
 4.82351744E-07
 4.82353628E-07
 4.82356258E-07
 4.82357850E-07
 4.82360393E-07
 4.82363081E-07
 4.82364823E-07
 4.82366945E-07
 4.82369312E-07
 4.82372123E-07
 4.82373648E-07
 4.82375881E-07
 4.82378836E-07
 4.82380998E-07
 4.82383372E-07
 4.82385245E-07
 4.82387627E-07
 4.82255216E-07
 4.82236899E-07
 4.82225545E-07
 4.82218282E-07
 4.82211284E-07
 4.82206559E-07
 4.82202691E-07
 4.82198813E-07
 4.82196158E-07
 4.82192481E-07
 4.82186716E-07
 4.82303311E-07
 4.82301219E-07
 4.82298282E-07
 4.82296108E-07
 4.82294388E-07
 4.82291490E-07
 4.82289409E-07
 4.82287086E-07
 4.82285262E-07
 4.82282897E-07
 4.82280661E-07
 4.82278787E-07
 4.82276665E-07
 4.82274952E-07
 4.82272720E-07
 4.82270680E-07
 4.82268859E-07
 4.82266944E-07
 4.82264833E-07
 4.82262774E-07
 4.82261169E-07
 4.82259021E-07
 4.82257282E-07
 4.82255425E-07
 4.82253806E-07
 4.82251460E-07
 4.82249919E-07
 4.82247968E-07
 4.82246267E-07
 4.82244716E-07
 4.82242880E-07
 4.82240908E-07
 4.82239104E-07
 4.82237268E-07
 4.82235808E-07
 4.82233919E-07
 4.82232079E-07
 4.82230494E-07
 4.82228661E-07
 4.82227204E-07
 4.82225348E-07
 4.82224006E-07
 4.82222193E-07
 4.82220522E-07
 4.82218930E-07
 4.82217411E-07
 4.82215703E-07
 4.82214108E-07
 4.82212341E-07
 4.82210942E-07
 4.82209223E-07
 4.82207644E-07
 4.82206324E-07
 4.82204503E-07
 4.82203032E-07
 4.82201632E-07
 4.82200155E-07
 4.82198458E-07
 4.82197206E-07
 4.82195632E-07
 4.82194163E-07
 4.82195550E-07
 4.82198647E-07
 4.82201836E-07
 4.82204941E-07
 4.82208036E-07
 4.82211305E-07
 4.82214456E-07
 4.82217694E-07
 4.82220907E-07
 4.82224097E-07
 4.82227403E-07
 4.82230736E-07
 4.82233979E-07
 4.82237349E-07
 4.82240665E-07
 4.82244050E-07
 4.82247441E-07
 4.82250877E-07
 4.82254337E-07
 4.82257827E-07
 4.82261350E-07
 4.82264907E-07
 4.82268513E-07
 4.82272161E-07
 4.82275832E-07
 4.82279562E-07
 4.82283359E-07
 4.82166925E-07
 4.82173762E-07
 4.82180831E-07
 4.82188252E-07
 3.63227546E-03
 1.52571000E-02
 2.68819245E-02
 3.85067490E-02
 5.01315735E-02
 6.17563980E-02
 7.33812225E-02
 8.50060470E-02
 9.66958219E-02
 1.08454738E-01
 1.20213653E-01
 1.31972569E-01
 1.43807900E-01
 1.55700805E-01
 1.67675577E-01
 1.75860702E-01
 1.98013288E-01
 2.27727356E-01
 2.57762982E-01
 2.88122169E-01
 3.18804179E-01
 3.49812891E-01
 3.81151407E-01
 4.12821908E-01
 4.61022883E-01
 5.13101109E-01
 5.65715602E-01
 6.18870167E-01
 6.90844038E-01
 7.65275783E-01
 8.59783854E-01
 0.00000000E+00
 0.00000000E+00
 0.00000000E+00
 0.00000000E+00
 0.00000000E+00
 0.00000000E+00
 0.00000000E+00
 0.00000000E+00
 0.00000000E+00
 0.00000000E+00
 0.00000000E+00
 0.00000000E+00
 0.00000000E+00
 0.00000000E+00
 0.00000000E+00
 0.00000000E+00
 0.00000000E+00
 0.00000000E+00
 0.00000000E+00
 0.00000000E+00
 0.00000000E+00
 0.00000000E+00
 0.00000000E+00
 0.00000000E+00
 0.00000000E+00
 0.00000000E+00
 0.00000000E+00
 0.00000000E+00
 0.00000000E+00
 0.00000000E+00
 0.00000000E+00
 0.00000000E+00
 0.00000000E+00
 0.00000000E+00
 0.00000000E+00
 0.00000000E+00
 0.00000000E+00
 0.00000000E+00
 0.00000000E+00
 0.00000000E+00
 0.00000000E+00
 0.00000000E+00
 0.00000000E+00
 0.00000000E+00
 0.00000000E+00
 0.00000000E+00
 0.00000000E+00
 0.00000000E+00
 0.00000000E+00
 0.00000000E+00
 0.00000000E+00
 0.00000000E+00
 0.00000000E+00
 0.00000000E+00
 0.00000000E+00
 0.00000000E+00
 0.00000000E+00
 0.00000000E+00
 0.00000000E+00
 0.00000000E+00
 0.00000000E+00
 0.00000000E+00
 0.00000000E+00
 0.00000000E+00
 0.00000000E+00
 0.00000000E+00
 0.00000000E+00
 0.00000000E+00
 0.00000000E+00
 0.00000000E+00
 0.00000000E+00
 0.00000000E+00
 0.00000000E+00
 0.00000000E+00
 0.00000000E+00
 0.00000000E+00
 0.00000000E+00
 0.00000000E+00
 0.00000000E+00
 0.00000000E+00
 0.00000000E+00
 0.00000000E+00
 0.00000000E+00
 0.00000000E+00
 0.00000000E+00
 0.00000000E+00
 0.00000000E+00
 0.00000000E+00
 0.00000000E+00
 0.00000000E+00
 0.00000000E+00
 0.00000000E+00
 0.00000000E+00
 0.00000000E+00
 0.00000000E+00
 0.00000000E+00
 0.00000000E+00
 0.00000000E+00
 0.00000000E+00
 0.00000000E+00
 0.00000000E+00
 0.00000000E+00
 0.00000000E+00
 0.00000000E+00
 0.00000000E+00
 0.00000000E+00
 0.00000000E+00
 0.00000000E+00
 0.00000000E+00
 0.00000000E+00
 0.00000000E+00
 0.00000000E+00
 0.00000000E+00
 0.00000000E+00
 0.00000000E+00
 0.00000000E+00
 0.00000000E+00
 0.00000000E+00
 0.00000000E+00
 0.00000000E+00
 0.00000000E+00
 0.00000000E+00
 0.00000000E+00
 0.00000000E+00
 0.00000000E+00
 0.00000000E+00
 0.00000000E+00
 0.00000000E+00
 0.00000000E+00
 0.00000000E+00
 0.00000000E+00
 0.00000000E+00
 0.00000000E+00
 0.00000000E+00
 0.00000000E+00
 0.00000000E+00
 0.00000000E+00
 0.00000000E+00
 0.00000000E+00
 0.00000000E+00
 0.00000000E+00
 0.00000000E+00
 0.00000000E+00
 0.00000000E+00
 0.00000000E+00
 0.00000000E+00
 0.00000000E+00
 0.00000000E+00
 0.00000000E+00
 0.00000000E+00
 0.00000000E+00
 0.00000000E+00
 0.00000000E+00
 0.00000000E+00
 0.00000000E+00
 0.00000000E+00
 0.00000000E+00
 0.00000000E+00
 0.00000000E+00
 0.00000000E+00
 0.00000000E+00
 0.00000000E+00
 4.77778225E-01
 3.96656396E-01
 3.30376759E-01
 2.73611347E-01
 2.16845935E-01
 1.60080522E-01
 1.20246405E-01
 8.78316186E-02
 9.32481868E-02
 1.12075870E-01
 1.10396271E-01
 1.02974633E-01
 1.17737435E-01
 9.17061001E-02
 8.07097179E-02
 7.32880796E-02
 6.58664414E-02
 5.84448031E-02
 5.10231649E-02
 4.36015266E-02
 3.61798883E-02
 2.87582500E-02
 2.13366117E-02
 1.39149734E-02
 6.49333511E-03
 5.98392433E-07
 4.33746231E-03
 5.98398287E-07
 5.98401581E-07
 5.98403579E-07
 5.98405903E-07
 5.98408453E-07
 5.98410221E-07
 5.98412798E-07
 5.98415644E-07
 5.98418651E-07
 5.98420416E-07
 5.98425072E-07
 5.98426152E-07
 5.98428582E-07
 5.98432255E-07
 5.98434857E-07
 5.98437952E-07
 5.98440266E-07
 5.98445375E-07
 5.98447011E-07
 5.98450378E-07
 5.98454910E-07
 5.98458101E-07
 5.98461422E-07
 5.98465923E-07
 5.98467570E-07
 5.98471332E-07
 5.98475132E-07
 5.98479626E-07
 5.98482753E-07
 5.98485925E-07
 5.98489873E-07
 5.98370431E-07
 5.98372204E-07
 5.98370879E-07
 5.98373224E-07
 5.98374720E-07
 5.98373831E-07
 5.98374972E-07
 5.98376268E-07
 5.98376589E-07
 5.98377017E-07
 5.98378571E-07
 5.98379084E-07
 5.98378883E-07
 5.98379740E-07
 5.98380500E-07
 5.98381882E-07
 5.98383799E-07
 5.98383854E-07
 5.98384043E-07
 5.98385747E-07
 5.98386835E-07
 5.98387640E-07
 5.98387500E-07
 5.98388663E-07
 5.98390135E-07
 5.98390848E-07
 5.98391818E-07
 5.98392962E-07
 5.98392668E-07
 5.98394106E-07
 5.98395906E-07
 5.98398684E-07
 5.98400542E-07
 5.98403664E-07
 5.98407412E-07
 5.98410116E-07
 5.98411784E-07
 5.98414913E-07
 5.98416910E-07
 5.98420612E-07
 5.98424057E-07
 5.98425419E-07
 5.98429559E-07
 5.98431531E-07
 5.98434064E-07
 5.98435923E-07
 5.98439464E-07
 5.98441692E-07
 5.98445530E-07
 5.98447920E-07
 5.98450106E-07
 5.98453184E-07
 5.98457147E-07
 5.98458995E-07
 5.98461631E-07
 5.98464460E-07
 5.98467722E-07
 5.98470831E-07
 5.98473981E-07
 5.98476886E-07
 5.98479525E-07
 5.98481570E-07
 5.98485820E-07
 5.98487726E-07
 5.98491470E-07
 5.98492847E-07
 5.98496795E-07
 5.98499165E-07
 5.98501538E-07
 5.98504971E-07
 5.98508956E-07
 5.98510931E-07
 5.98513618E-07
 5.98516450E-07
 5.98519379E-07
 5.98522598E-07
 5.98525363E-07
 5.98529172E-07
 5.98532668E-07
 5.98534524E-07
 5.98537864E-07
 5.98540321E-07
 5.98544640E-07
 5.98547526E-07
 5.98550418E-07
 5.98553092E-07
 5.98555732E-07
 5.98558857E-07
 5.98562622E-07
 5.98565787E-07
 5.98568068E-07
 5.98571701E-07
 5.98574367E-07
 5.98578063E-07
 5.98580538E-07
 5.98583970E-07
 5.98586851E-07
 5.98590632E-07
 5.98593586E-07
 5.98596923E-07
 5.98599612E-07
 5.98603552E-07
 5.98606386E-07
 5.98609266E-07
 5.98612123E-07
 5.98615894E-07
 5.98619617E-07
 5.98622862E-07
 5.98506652E-07
 5.98508832E-07
 5.98511569E-07
 5.98512987E-07
 5.98515849E-07
 5.98517210E-07
 5.98520196E-07
 5.98521694E-07
 5.98524778E-07
 5.98525988E-07
 5.98528100E-07
 5.98530706E-07
 5.98532755E-07
 5.98535273E-07
 5.98537432E-07
 5.98539888E-07
 5.98542188E-07
 5.98543954E-07
 5.98546400E-07
 5.98548533E-07
 5.98550163E-07
 5.98552699E-07
 5.98554948E-07
 5.98557915E-07
 5.98559832E-07
 5.98561856E-07
 5.98563685E-07
 5.98566677E-07
 5.98568869E-07
 5.98571283E-07
 5.98573341E-07
 5.98575697E-07
 5.98577925E-07
 5.98579941E-07
 5.98582852E-07
 5.98585030E-07
 5.98586705E-07
 5.98589043E-07
 5.98459235E-07
 5.98438937E-07
 5.98427078E-07
 5.98419053E-07
 5.98412869E-07
 5.98407409E-07
 5.98402768E-07
 5.98399663E-07
 5.98396834E-07
 5.98393314E-07
 5.98386821E-07
 5.98504316E-07
 5.98502307E-07
 5.98499589E-07
 5.98497330E-07
 5.98495123E-07
 5.98492325E-07
 5.98490194E-07
 5.98488155E-07
 5.98486216E-07
 5.98483984E-07
 5.98481778E-07
 5.98479734E-07
 5.98477311E-07
 5.98475551E-07
 5.98473101E-07
 5.98471309E-07
 5.98469540E-07
 5.98467348E-07
 5.98465743E-07
 5.98463900E-07
 5.98461734E-07
 5.98460055E-07
 5.98457642E-07
 5.98456196E-07
 5.98454132E-07
 5.98452305E-07
 5.98450518E-07
 5.98448582E-07
 5.98446679E-07
 5.98445073E-07
 5.98443132E-07
 5.98441507E-07
 5.98439568E-07
 5.98438030E-07
 5.98436444E-07
 5.98434526E-07
 5.98432769E-07
 5.98431090E-07
 5.98429272E-07
 5.98427622E-07
 5.98426003E-07
 5.98424400E-07
 5.98422697E-07
 5.98420927E-07
 5.98419317E-07
 5.98417630E-07
 5.98416009E-07
 5.98414347E-07
 5.98412829E-07
 5.98411207E-07
 5.98409813E-07
 5.98408161E-07
 5.98406524E-07
 5.98405172E-07
 5.98403467E-07
 5.98401915E-07
 5.98400530E-07
 5.98398962E-07
 5.98397443E-07
 5.98396044E-07
 5.98394590E-07
 5.98395991E-07
 5.98398971E-07
 5.98402236E-07
 5.98405443E-07
 5.98408635E-07
 5.98411852E-07
 5.98414985E-07
 5.98418212E-07
 5.98421530E-07
 5.98424718E-07
 5.98428024E-07
 5.98431364E-07
 5.98434676E-07
 5.98438017E-07
 5.98441431E-07
 5.98444797E-07
 5.98448238E-07
 5.98451689E-07
 5.98455182E-07
 5.98458693E-07
 5.98462245E-07
 5.98465833E-07
 5.98469463E-07
 5.98473127E-07
 5.98476860E-07
 5.98480618E-07
 5.98484425E-07
 5.98488339E-07
 5.98373978E-07
 5.98381094E-07
 5.98388566E-07
 2.36891547E-03
 9.95135983E-03
 1.75338042E-02
 2.51162485E-02
 3.26986929E-02
 4.02811373E-02
 4.78635816E-02
 5.54460260E-02
 6.31063473E-02
 7.08495699E-02
 7.85927925E-02
 8.63360151E-02
 9.41708615E-02
 1.02074739E-01
 1.10076778E-01
 1.14042262E-01
 1.34697468E-01
 1.64356655E-01
 1.94338785E-01
 2.24645857E-01
 2.55276574E-01
 2.86235166E-01
 3.17524924E-01
 3.49148025E-01
 4.00526253E-01
 4.56487817E-01
 5.13026372E-01
 5.70146004E-01
 6.49763446E-01
 7.32260548E-01
 8.38761807E-01
 0.00000000E+00
 0.00000000E+00
 0.00000000E+00
 0.00000000E+00
 0.00000000E+00
 0.00000000E+00
 0.00000000E+00
 0.00000000E+00
 0.00000000E+00
 0.00000000E+00
 0.00000000E+00
 0.00000000E+00
 0.00000000E+00
 0.00000000E+00
 0.00000000E+00
 0.00000000E+00
 0.00000000E+00
 0.00000000E+00
 0.00000000E+00
 0.00000000E+00
 0.00000000E+00
 0.00000000E+00
 0.00000000E+00
 0.00000000E+00
 0.00000000E+00
 0.00000000E+00
 0.00000000E+00
 0.00000000E+00
 0.00000000E+00
 0.00000000E+00
 0.00000000E+00
 0.00000000E+00
 0.00000000E+00
 0.00000000E+00
 0.00000000E+00
 0.00000000E+00
 0.00000000E+00
 0.00000000E+00
 0.00000000E+00
 0.00000000E+00
 0.00000000E+00
 0.00000000E+00
 0.00000000E+00
 0.00000000E+00
 0.00000000E+00
 0.00000000E+00
 0.00000000E+00
 0.00000000E+00
 0.00000000E+00
 0.00000000E+00
 0.00000000E+00
 0.00000000E+00
 0.00000000E+00
 0.00000000E+00
 0.00000000E+00
 0.00000000E+00
 0.00000000E+00
 0.00000000E+00
 0.00000000E+00
 0.00000000E+00
 0.00000000E+00
 0.00000000E+00
 0.00000000E+00
 0.00000000E+00
 0.00000000E+00
 0.00000000E+00
 0.00000000E+00
 0.00000000E+00
 0.00000000E+00
 0.00000000E+00
 0.00000000E+00
 0.00000000E+00
 0.00000000E+00
 0.00000000E+00
 0.00000000E+00
 0.00000000E+00
 0.00000000E+00
 0.00000000E+00
 0.00000000E+00
 0.00000000E+00
 0.00000000E+00
 0.00000000E+00
 0.00000000E+00
 0.00000000E+00
 0.00000000E+00
 0.00000000E+00
 0.00000000E+00
 0.00000000E+00
 0.00000000E+00
 0.00000000E+00
 0.00000000E+00
 0.00000000E+00
 0.00000000E+00
 0.00000000E+00
 0.00000000E+00
 0.00000000E+00
 0.00000000E+00
 0.00000000E+00
 0.00000000E+00
 0.00000000E+00
 0.00000000E+00
 0.00000000E+00
 0.00000000E+00
 0.00000000E+00
 0.00000000E+00
 0.00000000E+00
 0.00000000E+00
 0.00000000E+00
 0.00000000E+00
 0.00000000E+00
 0.00000000E+00
 0.00000000E+00
 0.00000000E+00
 0.00000000E+00
 0.00000000E+00
 0.00000000E+00
 0.00000000E+00
 0.00000000E+00
 0.00000000E+00
 0.00000000E+00
 0.00000000E+00
 0.00000000E+00
 0.00000000E+00
 0.00000000E+00
 0.00000000E+00
 0.00000000E+00
 0.00000000E+00
 0.00000000E+00
 0.00000000E+00
 0.00000000E+00
 0.00000000E+00
 0.00000000E+00
 0.00000000E+00
 0.00000000E+00
 0.00000000E+00
 0.00000000E+00
 0.00000000E+00
 0.00000000E+00
 0.00000000E+00
 0.00000000E+00
 0.00000000E+00
 0.00000000E+00
 0.00000000E+00
 0.00000000E+00
 0.00000000E+00
 0.00000000E+00
 0.00000000E+00
 0.00000000E+00
 0.00000000E+00
 0.00000000E+00
 0.00000000E+00
 0.00000000E+00
 0.00000000E+00
 0.00000000E+00
 0.00000000E+00
 0.00000000E+00
 0.00000000E+00
 0.00000000E+00
 0.00000000E+00
 0.00000000E+00
 0.00000000E+00
 0.00000000E+00
 4.25307296E-01
 3.36034643E-01
 2.64063763E-01
 2.03183763E-01
 1.42303763E-01
 8.14237632E-02
 4.02808357E-02
 7.78673779E-03
 1.93932365E-02
 4.66332800E-02
 4.99676663E-02
 4.66084685E-02
 6.91100165E-02
 4.40572073E-02
 3.65308751E-02
 3.31716773E-02
 2.98124796E-02
 2.64532818E-02
 2.30940840E-02
 1.97348862E-02
 1.63756884E-02
 1.30164906E-02
 9.65729286E-03
 6.29809506E-03
 2.93889727E-03
 4.00797080E-07
 5.05595031E-03
 4.00803975E-07
 4.00804437E-07
 4.00807431E-07
 4.00810612E-07
 4.00811177E-07
 4.00814744E-07
 4.00818079E-07
 4.00819831E-07
 4.00822815E-07
 4.00826115E-07
 4.00827892E-07
 4.00829349E-07
 4.00834063E-07
 4.00835252E-07
 4.00838569E-07
 4.00842289E-07
 4.00846265E-07
 4.00849195E-07
 4.00851366E-07
 4.00855087E-07
 4.00859364E-07
 4.00861783E-07
 4.00865705E-07
 4.00870283E-07
 4.00873385E-07
 4.00876101E-07
 4.00880227E-07
 4.00882183E-07
 4.00886834E-07
 4.00890240E-07
 4.00773659E-07
 4.00773734E-07
 4.00776386E-07
 4.00777442E-07
 4.00777199E-07
 4.00778678E-07
 4.00778105E-07
 4.00779885E-07
 4.00780663E-07
 4.00779713E-07
 4.00781344E-07
 4.00782248E-07
 4.00783873E-07
 4.00784698E-07
 4.00785795E-07
 4.00785743E-07
 4.00785887E-07
 4.00787959E-07
 4.00788064E-07
 4.00788280E-07
 4.00789286E-07
 4.00790308E-07
 4.00790330E-07
 4.00793055E-07
 4.00792990E-07
 4.00793541E-07
 4.00794614E-07
 4.00795863E-07
 4.00795618E-07
 4.00796807E-07
 4.00797731E-07
 4.00800940E-07
 4.00802824E-07
 4.00805631E-07
 4.00807448E-07
 4.00810124E-07
 4.00813027E-07
 4.00816402E-07
 4.00819572E-07
 4.00822860E-07
 4.00824631E-07
 4.00827395E-07
 4.00831065E-07
 4.00832562E-07
 4.00836413E-07
 4.00839269E-07
 4.00841064E-07
 4.00844238E-07
 4.00846284E-07
 4.00849595E-07
 4.00852641E-07
 4.00855130E-07
 4.00857240E-07
 4.00861387E-07
 4.00863072E-07
 4.00866949E-07
 4.00869493E-07
 4.00871864E-07
 4.00875979E-07
 4.00878128E-07
 4.00879994E-07
 4.00884062E-07
 4.00887476E-07
 4.00889937E-07
 4.00892824E-07
 4.00895830E-07
 4.00898881E-07
 4.00901948E-07
 4.00904491E-07
 4.00906733E-07
 4.00909717E-07
 4.00913408E-07
 4.00915895E-07
 4.00919039E-07
 4.00922207E-07
 4.00925200E-07
 4.00928170E-07
 4.00930832E-07
 4.00934257E-07
 4.00936804E-07
 4.00940250E-07
 4.00942527E-07
 4.00946416E-07
 4.00949053E-07
 4.00952756E-07
 4.00955152E-07
 4.00958244E-07
 4.00960795E-07
 4.00964193E-07
 4.00967977E-07
 4.00970597E-07
 4.00973519E-07
 4.00976474E-07
 4.00979196E-07
 4.00983074E-07
 4.00986432E-07
 4.00989444E-07
 4.00991886E-07
 4.00995855E-07
 4.00998971E-07
 4.01002376E-07
 4.01004854E-07
 4.01008308E-07
 4.01011728E-07
 4.01014912E-07
 4.01017797E-07
 4.01021528E-07
 4.01024735E-07
 4.01027562E-07
 4.00911753E-07
 4.00913221E-07
 4.00916318E-07
 4.00917497E-07
 4.00920464E-07
 4.00921944E-07
 4.00924806E-07
 4.00926174E-07
 4.00929124E-07
 4.00931252E-07
 4.00932984E-07
 4.00935206E-07
 4.00937891E-07
 4.00939979E-07
 4.00941701E-07
 4.00944745E-07
 4.00946380E-07
 4.00948494E-07
 4.00951278E-07
 4.00953721E-07
 4.00955630E-07
 4.00958262E-07
 4.00959554E-07
 4.00962589E-07
 4.00964527E-07
 4.00966416E-07
 4.00969220E-07
 4.00971217E-07
 4.00973203E-07
 4.00976376E-07
 4.00978031E-07
 4.00980132E-07
 4.00982889E-07
 4.00984604E-07
 4.00987071E-07
 4.00989720E-07
 4.00991858E-07
 4.00994454E-07
 4.00867418E-07
 4.00844327E-07
 4.00831946E-07
 4.00823170E-07
 4.00816740E-07
 4.00811840E-07
 4.00806940E-07
 4.00803297E-07
 4.00800367E-07
 4.00797012E-07
 4.00791338E-07
 4.00909217E-07
 4.00906301E-07
 4.00903537E-07
 4.00901527E-07
 4.00899150E-07
 4.00896547E-07
 4.00894614E-07
 4.00892684E-07
 4.00890067E-07
 4.00888331E-07
 4.00885910E-07
 4.00883544E-07
 4.00881726E-07
 4.00879523E-07
 4.00877248E-07
 4.00875464E-07
 4.00873372E-07
 4.00871358E-07
 4.00869663E-07
 4.00867687E-07
 4.00865775E-07
 4.00863688E-07
 4.00861777E-07
 4.00860028E-07
 4.00858384E-07
 4.00856243E-07
 4.00854234E-07
 4.00852398E-07
 4.00851015E-07
 4.00848921E-07
 4.00847296E-07
 4.00845506E-07
 4.00843513E-07
 4.00841827E-07
 4.00840145E-07
 4.00838301E-07
 4.00836755E-07
 4.00835129E-07
 4.00833457E-07
 4.00831444E-07
 4.00829905E-07
 4.00828125E-07
 4.00826663E-07
 4.00824927E-07
 4.00823385E-07
 4.00821599E-07
 4.00819954E-07
 4.00818303E-07
 4.00816855E-07
 4.00815155E-07
 4.00813460E-07
 4.00811817E-07
 4.00810448E-07
 4.00808747E-07
 4.00807178E-07
 4.00805768E-07
 4.00804355E-07
 4.00802770E-07
 4.00801311E-07
 4.00799758E-07
 4.00798353E-07
 4.00799703E-07
 4.00802835E-07
 4.00806074E-07
 4.00809268E-07
 4.00812486E-07
 4.00815602E-07
 4.00818912E-07
 4.00822175E-07
 4.00825421E-07
 4.00828786E-07
 4.00832047E-07
 4.00835342E-07
 4.00838758E-07
 4.00842109E-07
 4.00845499E-07
 4.00848980E-07
 4.00852412E-07
 4.00855903E-07
 4.00859413E-07
 4.00862957E-07
 4.00866537E-07
 4.00870158E-07
 4.00873812E-07
 4.00877509E-07
 4.00881268E-07
 4.00885058E-07
 4.00888903E-07
 4.00892841E-07
 4.00777592E-07
 4.00784854E-07
 4.00792324E-07
 1.10792793E-03
 4.65457985E-03
 8.20123177E-03
 1.17478837E-02
 1.52945356E-02
 1.88411875E-02
 2.23878394E-02
 2.59344914E-02
 2.95719257E-02
 3.33059993E-02
 3.70400729E-02
 4.07741465E-02
 4.46150273E-02
 4.85363791E-02
 5.25721589E-02
 5.23274429E-02
 7.14875312E-02
 1.01091688E-01
 1.31020173E-01
 1.61274982E-01
 1.91854259E-01
 2.22762586E-01
 2.54003440E-01
 2.85578996E-01
 3.40129039E-01
 3.99967371E-01
 4.60423376E-01
 5.21501426E-01
 6.08749821E-01
 6.99299028E-01
 8.17773895E-01
 0.00000000E+00
 0.00000000E+00
 0.00000000E+00
 0.00000000E+00
 0.00000000E+00
 0.00000000E+00
 0.00000000E+00
 0.00000000E+00
 0.00000000E+00
 0.00000000E+00
 0.00000000E+00
 0.00000000E+00
 0.00000000E+00
 0.00000000E+00
 0.00000000E+00
 0.00000000E+00
 0.00000000E+00
 0.00000000E+00
 0.00000000E+00
 0.00000000E+00
 0.00000000E+00
 0.00000000E+00
 0.00000000E+00
 0.00000000E+00
 0.00000000E+00
 0.00000000E+00
 0.00000000E+00
 0.00000000E+00
 0.00000000E+00
 0.00000000E+00
 0.00000000E+00
 0.00000000E+00
 0.00000000E+00
 0.00000000E+00
 0.00000000E+00
 0.00000000E+00
 0.00000000E+00
 0.00000000E+00
 0.00000000E+00
 0.00000000E+00
 0.00000000E+00
 0.00000000E+00
 0.00000000E+00
 0.00000000E+00
 0.00000000E+00
 0.00000000E+00
 0.00000000E+00
 0.00000000E+00
 0.00000000E+00
 0.00000000E+00
 0.00000000E+00
 0.00000000E+00
 0.00000000E+00
 0.00000000E+00
 0.00000000E+00
 0.00000000E+00
 0.00000000E+00
 0.00000000E+00
 0.00000000E+00
 0.00000000E+00
 0.00000000E+00
 0.00000000E+00
 0.00000000E+00
 0.00000000E+00
 0.00000000E+00
 0.00000000E+00
 0.00000000E+00
 0.00000000E+00
 0.00000000E+00
 0.00000000E+00
 0.00000000E+00
 0.00000000E+00
 0.00000000E+00
 0.00000000E+00
 0.00000000E+00
 0.00000000E+00
 0.00000000E+00
 0.00000000E+00
 0.00000000E+00
 0.00000000E+00
 0.00000000E+00
 0.00000000E+00
 0.00000000E+00
 0.00000000E+00
 0.00000000E+00
 0.00000000E+00
 0.00000000E+00
 0.00000000E+00
 0.00000000E+00
 0.00000000E+00
 0.00000000E+00
 0.00000000E+00
 0.00000000E+00
 0.00000000E+00
 0.00000000E+00
 0.00000000E+00
 0.00000000E+00
 0.00000000E+00
 0.00000000E+00
 0.00000000E+00
 0.00000000E+00
 0.00000000E+00
 0.00000000E+00
 0.00000000E+00
 0.00000000E+00
 0.00000000E+00
 0.00000000E+00
 0.00000000E+00
 0.00000000E+00
 0.00000000E+00
 0.00000000E+00
 0.00000000E+00
 0.00000000E+00
 0.00000000E+00
 0.00000000E+00
 0.00000000E+00
 0.00000000E+00
 0.00000000E+00
 0.00000000E+00
 0.00000000E+00
 0.00000000E+00
 0.00000000E+00
 0.00000000E+00
 0.00000000E+00
 0.00000000E+00
 0.00000000E+00
 0.00000000E+00
 0.00000000E+00
 0.00000000E+00
 0.00000000E+00
 0.00000000E+00
 0.00000000E+00
 0.00000000E+00
 0.00000000E+00
 0.00000000E+00
 0.00000000E+00
 0.00000000E+00
 0.00000000E+00
 0.00000000E+00
 0.00000000E+00
 0.00000000E+00
 0.00000000E+00
 0.00000000E+00
 0.00000000E+00
 0.00000000E+00
 0.00000000E+00
 0.00000000E+00
 0.00000000E+00
 0.00000000E+00
 0.00000000E+00
 0.00000000E+00
 0.00000000E+00
 0.00000000E+00
 0.00000000E+00
 0.00000000E+00
 0.00000000E+00
 0.00000000E+00
 0.00000000E+00
 0.00000000E+00
 0.00000000E+00
 0.00000000E+00
 0.00000000E+00
 3.77406437E-01
 2.80692874E-01
 2.03736651E-01
 1.39445391E-01
 7.51541308E-02
 1.08628704E-02
 3.08901177E-02
 6.27667843E-02
 4.42838421E-02
 7.94855169E-03
 2.06929081E-07
 2.06939949E-07
 2.95308457E-02
 4.75835129E-03
 2.06969414E-07
 2.06979824E-07
 2.06868550E-07
 2.06869901E-07
 2.06875987E-07
 2.06883578E-07
 2.06889138E-07
 2.06894862E-07
 2.06902513E-07
 2.06908689E-07
 2.06915139E-07
 2.06918973E-07
 5.77326931E-03
 2.06924343E-07
 2.06928022E-07
 2.06929627E-07
 2.06932567E-07
 2.06934098E-07
 2.06938398E-07
 2.06938439E-07
 2.06941889E-07
 2.06946023E-07
 2.06948123E-07
 2.06950261E-07
 2.06951442E-07
 2.06955333E-07
 2.06956801E-07
 2.06960675E-07
 2.06963581E-07
 2.06967008E-07
 2.06972095E-07
 2.06974578E-07
 2.06978061E-07
 2.06980760E-07
 2.06985367E-07
 2.06988956E-07
 2.06991049E-07
 2.06994671E-07
 2.06999237E-07
 2.07002760E-07
 2.07005845E-07
 2.07010303E-07
 2.07013326E-07
 2.06895880E-07
 2.06897122E-07
 2.06897091E-07
 2.06899155E-07
 2.06899534E-07
 2.06901555E-07
 2.06901844E-07
 2.06901501E-07
 2.06902346E-07
 2.06902819E-07
 2.06904035E-07
 2.06906269E-07
 2.06905923E-07
 2.06905498E-07
 2.06907405E-07
 2.06908105E-07
 2.06908612E-07
 2.06910942E-07
 2.06911310E-07
 2.06911050E-07
 2.06912190E-07
 2.06912623E-07
 2.06913704E-07
 2.06914034E-07
 2.06914929E-07
 2.06916034E-07
 2.06917293E-07
 2.06918683E-07
 2.06918496E-07
 2.06919388E-07
 2.06921600E-07
 2.06922775E-07
 2.06925502E-07
 2.06927517E-07
 2.06930071E-07
 2.06933131E-07
 2.06936344E-07
 2.06938073E-07
 2.06941157E-07
 2.06944290E-07
 2.06946828E-07
 2.06948998E-07
 2.06951765E-07
 2.06955357E-07
 2.06957901E-07
 2.06960908E-07
 2.06964005E-07
 2.06967202E-07
 2.06970129E-07
 2.06973080E-07
 2.06975118E-07
 2.06978310E-07
 2.06980770E-07
 2.06983458E-07
 2.06986829E-07
 2.06990316E-07
 2.06992424E-07
 2.06994268E-07
 2.06997281E-07
 2.07001399E-07
 2.07003464E-07
 2.07006011E-07
 2.07009226E-07
 2.07012834E-07
 2.07015141E-07
 2.07018880E-07
 2.07020956E-07
 2.07024130E-07
 2.07028065E-07
 2.07030262E-07
 2.07032878E-07
 2.07036131E-07
 2.07039254E-07
 2.07041307E-07
 2.07044721E-07
 2.07047837E-07
 2.07050642E-07
 2.07054163E-07
 2.07057038E-07
 2.07060029E-07
 2.07063608E-07
 2.07066204E-07
 2.07069850E-07
 2.07072196E-07
 2.07075519E-07
 2.07078264E-07
 2.07081636E-07
 2.07084620E-07
 2.07087721E-07
 2.07091096E-07
 2.07093506E-07
 2.07096891E-07
 2.07100253E-07
 2.07103090E-07
 2.07106769E-07
 2.07109882E-07
 2.07112563E-07
 2.07115365E-07
 2.07119624E-07
 2.07122722E-07
 2.07126061E-07
 2.07129344E-07
 2.07132359E-07
 2.07134862E-07
 2.07138406E-07
 2.07142519E-07
 2.07144912E-07
 2.07148771E-07
 2.07032970E-07
 2.07034848E-07
 2.07036312E-07
 2.07039177E-07
 2.07041642E-07
 2.07043455E-07
 2.07045550E-07
 2.07047235E-07
 2.07050268E-07
 2.07052658E-07
 2.07054641E-07
 2.07056879E-07
 2.07058509E-07
 2.07060602E-07
 2.07063150E-07
 2.07065098E-07
 2.07067497E-07
 2.07069326E-07
 2.07071804E-07
 2.07074565E-07
 2.07076938E-07
 2.07078969E-07
 2.07081519E-07
 2.07083713E-07
 2.07085806E-07
 2.07087609E-07
 2.07090135E-07
 2.07092602E-07
 2.07095198E-07
 2.07096821E-07
 2.07099587E-07
 2.07101800E-07
 2.07104261E-07
 2.07106584E-07
 2.07108467E-07
 2.07110479E-07
 2.07113428E-07
 2.07115681E-07
 2.07117624E-07
 2.06994992E-07
 2.06968779E-07
 2.06955532E-07
 2.06946932E-07
 2.06939929E-07
 2.06934181E-07
 2.06929633E-07
 2.06925612E-07
 2.06922436E-07
 2.06918581E-07
 2.06912742E-07
 2.07031422E-07
 2.07029243E-07
 2.07026831E-07
 2.07024353E-07
 2.07021710E-07
 2.07019624E-07
 2.07017632E-07
 2.07015184E-07
 2.07012638E-07
 2.07010270E-07
 2.07008495E-07
 2.07006028E-07
 2.07004406E-07
 2.07002355E-07
 2.07000031E-07
 2.06998024E-07
 2.06996348E-07
 2.06994228E-07
 2.06992229E-07
 2.06990036E-07
 2.06988177E-07
 2.06986101E-07
 2.06984663E-07
 2.06982506E-07
 2.06980781E-07
 2.06979018E-07
 2.06977128E-07
 2.06975142E-07
 2.06973258E-07
 2.06971194E-07
 2.06969712E-07
 2.06967916E-07
 2.06966147E-07
 2.06964101E-07
 2.06962327E-07
 2.06960763E-07
 2.06959015E-07
 2.06957309E-07
 2.06955740E-07
 2.06953822E-07
 2.06952219E-07
 2.06950743E-07
 2.06948855E-07
 2.06947072E-07
 2.06945596E-07
 2.06944102E-07
 2.06942393E-07
 2.06940668E-07
 2.06939044E-07
 2.06937402E-07
 2.06935831E-07
 2.06934329E-07
 2.06932707E-07
 2.06931247E-07
 2.06929514E-07
 2.06927968E-07
 2.06926492E-07
 2.06924872E-07
 2.06923557E-07
 2.06922020E-07
 2.06920477E-07
 2.06921884E-07
 2.06925113E-07
 2.06928287E-07
 2.06931613E-07
 2.06934802E-07
 2.06938055E-07
 2.06941353E-07
 2.06944629E-07
 2.06947895E-07
 2.06951280E-07
 2.06954567E-07
 2.06957989E-07
 2.06961347E-07
 2.06964734E-07
 2.06968152E-07
 2.06971603E-07
 2.06975116E-07
 2.06978636E-07
 2.06982157E-07
 2.06985739E-07
 2.06989345E-07
 2.06992989E-07
 2.06996683E-07
 2.07000395E-07
 2.07004182E-07
 2.07008013E-07
 2.07011886E-07
 2.07015816E-07
 2.06899735E-07
 2.06906978E-07
 2.06914585E-07
 6.38121037E-05
 2.68672979E-04
 4.73533855E-04
 6.78394729E-04
 8.83255604E-04
 1.08811648E-03
 1.29297735E-03
 1.49783822E-03
 1.80636585E-03
 2.22524840E-03
 2.64413095E-03
 3.06301350E-03
 3.60386193E-03
 4.23660222E-03
 5.00001086E-03
 1.29187841E-03
 1.87954970E-02
 4.76992746E-02
 7.69219750E-02
 1.06465546E-01
 1.36327530E-01
 1.66512814E-01
 1.97025016E-01
 2.27866260E-01
 2.84889001E-01
 3.47896736E-01
 4.11555623E-01
 4.75870263E-01
 5.70014561E-01
 6.67872863E-01
 7.97564640E-01
 0.00000000E+00
 0.00000000E+00
 0.00000000E+00
 0.00000000E+00
 0.00000000E+00
 0.00000000E+00
 0.00000000E+00
 0.00000000E+00
 0.00000000E+00
 0.00000000E+00
 0.00000000E+00
 0.00000000E+00
 0.00000000E+00
 0.00000000E+00
 0.00000000E+00
 0.00000000E+00
 0.00000000E+00
 0.00000000E+00
 0.00000000E+00
 0.00000000E+00
 0.00000000E+00
 0.00000000E+00
 0.00000000E+00
 0.00000000E+00
 0.00000000E+00
 0.00000000E+00
 0.00000000E+00
 0.00000000E+00
 0.00000000E+00
 0.00000000E+00
 0.00000000E+00
 0.00000000E+00
 0.00000000E+00
 0.00000000E+00
 0.00000000E+00
 0.00000000E+00
 0.00000000E+00
 0.00000000E+00
 0.00000000E+00
 0.00000000E+00
 0.00000000E+00
 0.00000000E+00
 0.00000000E+00
 0.00000000E+00
 0.00000000E+00
 0.00000000E+00
 0.00000000E+00
 0.00000000E+00
 0.00000000E+00
 0.00000000E+00
 0.00000000E+00
 0.00000000E+00
 0.00000000E+00
 0.00000000E+00
 0.00000000E+00
 0.00000000E+00
 0.00000000E+00
 0.00000000E+00
 0.00000000E+00
 0.00000000E+00
 0.00000000E+00
 0.00000000E+00
 0.00000000E+00
 0.00000000E+00
 0.00000000E+00
 0.00000000E+00
 0.00000000E+00
 0.00000000E+00
 0.00000000E+00
 0.00000000E+00
 0.00000000E+00
 0.00000000E+00
 0.00000000E+00
 0.00000000E+00
 0.00000000E+00
 0.00000000E+00
 0.00000000E+00
 0.00000000E+00
 0.00000000E+00
 0.00000000E+00
 0.00000000E+00
 0.00000000E+00
 0.00000000E+00
 0.00000000E+00
 0.00000000E+00
 0.00000000E+00
 0.00000000E+00
 0.00000000E+00
 0.00000000E+00
 0.00000000E+00
 0.00000000E+00
 0.00000000E+00
 0.00000000E+00
 0.00000000E+00
 0.00000000E+00
 0.00000000E+00
 0.00000000E+00
 0.00000000E+00
 0.00000000E+00
 0.00000000E+00
 0.00000000E+00
 0.00000000E+00
 0.00000000E+00
 0.00000000E+00
 0.00000000E+00
 0.00000000E+00
 0.00000000E+00
 0.00000000E+00
 0.00000000E+00
 0.00000000E+00
 0.00000000E+00
 0.00000000E+00
 0.00000000E+00
 0.00000000E+00
 0.00000000E+00
 0.00000000E+00
 0.00000000E+00
 0.00000000E+00
 0.00000000E+00
 0.00000000E+00
 0.00000000E+00
 0.00000000E+00
 0.00000000E+00
 0.00000000E+00
 0.00000000E+00
 0.00000000E+00
 0.00000000E+00
 0.00000000E+00
 0.00000000E+00
 0.00000000E+00
 0.00000000E+00
 0.00000000E+00
 0.00000000E+00
 0.00000000E+00
 0.00000000E+00
 0.00000000E+00
 0.00000000E+00
 0.00000000E+00
 0.00000000E+00
 0.00000000E+00
 0.00000000E+00
 0.00000000E+00
 0.00000000E+00
 0.00000000E+00
 0.00000000E+00
 0.00000000E+00
 0.00000000E+00
 0.00000000E+00
 0.00000000E+00
 0.00000000E+00
 0.00000000E+00
 0.00000000E+00
 0.00000000E+00
 0.00000000E+00
 0.00000000E+00
 0.00000000E+00
 0.00000000E+00
 0.00000000E+00
 0.00000000E+00
 0.00000000E+00
 0.00000000E+00
 0.00000000E+00
 3.51172781E-01
 2.50384087E-01
 1.71804295E-01
 1.07460980E-01
 4.31176642E-02
 2.12256512E-02
 6.02340645E-02
 8.81406668E-02
 5.94388587E-02
 1.06695190E-02
 1.22588564E-06
 1.22589533E-06
 3.31941460E-02
 5.34779137E-03
 1.22592762E-06
 1.22593744E-06
 1.22582532E-06
 1.22582802E-06
 1.22583336E-06
 1.22584149E-06
 1.22584739E-06
 1.22585286E-06
 1.22585963E-06
 1.22586660E-06
 1.22587367E-06
 1.22587977E-06
 6.49063062E-03
 1.22588326E-06
 1.22588489E-06
 1.22588828E-06
 1.22589019E-06
 1.22589312E-06
 1.22589522E-06
 1.22589722E-06
 1.22589942E-06
 1.22590258E-06
 1.22590484E-06
 1.22590862E-06
 1.22591130E-06
 1.22591148E-06
 1.22591534E-06
 1.22591857E-06
 1.22592072E-06
 1.22592451E-06
 1.22592766E-06
 1.22593336E-06
 1.22593543E-06
 1.22593895E-06
 1.22594342E-06
 1.22594633E-06
 1.22595030E-06
 1.22595401E-06
 1.22595819E-06
 1.22596224E-06
 1.22596572E-06
 1.22596960E-06
 1.22597342E-06
 1.22585521E-06
 1.22585605E-06
 1.22585714E-06
 1.22585685E-06
 1.22585789E-06
 1.22585899E-06
 1.22585944E-06
 1.22585954E-06
 1.22586116E-06
 1.22586128E-06
 1.22586276E-06
 1.22586310E-06
 1.22586371E-06
 1.22586486E-06
 1.22586439E-06
 1.22586727E-06
 1.22586707E-06
 1.22586798E-06
 1.22586860E-06
 1.22587026E-06
 1.22587119E-06
 1.22587139E-06
 1.22587218E-06
 1.22587181E-06
 1.22587335E-06
 1.22587401E-06
 1.22587409E-06
 1.22587594E-06
 1.22587586E-06
 1.22587675E-06
 1.22587927E-06
 1.22588005E-06
 1.22588235E-06
 1.22588517E-06
 1.22588850E-06
 1.22589226E-06
 1.22589420E-06
 1.22589620E-06
 1.22589951E-06
 1.22590217E-06
 1.22590448E-06
 1.22590796E-06
 1.22591009E-06
 1.22591271E-06
 1.22591606E-06
 1.22591920E-06
 1.22592243E-06
 1.22592537E-06
 1.22592825E-06
 1.22593025E-06
 1.22593336E-06
 1.22593576E-06
 1.22594008E-06
 1.22594186E-06
 1.22594519E-06
 1.22594857E-06
 1.22595023E-06
 1.22595448E-06
 1.22595691E-06
 1.22595870E-06
 1.22596266E-06
 1.22596531E-06
 1.22596860E-06
 1.22597056E-06
 1.22597369E-06
 1.22597676E-06
 1.22597952E-06
 1.22598303E-06
 1.22598588E-06
 1.22598804E-06
 1.22599189E-06
 1.22599446E-06
 1.22599733E-06
 1.22600101E-06
 1.22600353E-06
 1.22600656E-06
 1.22600919E-06
 1.22601248E-06
 1.22601609E-06
 1.22601872E-06
 1.22602138E-06
 1.22602531E-06
 1.22602766E-06
 1.22603097E-06
 1.22603391E-06
 1.22603722E-06
 1.22604011E-06
 1.22604305E-06
 1.22604626E-06
 1.22604947E-06
 1.22605264E-06
 1.22605550E-06
 1.22605902E-06
 1.22606217E-06
 1.22606589E-06
 1.22606893E-06
 1.22607223E-06
 1.22607561E-06
 1.22607915E-06
 1.22608243E-06
 1.22608451E-06
 1.22608857E-06
 1.22609091E-06
 1.22609521E-06
 1.22609794E-06
 1.22610078E-06
 1.22610430E-06
 1.22598886E-06
 1.22599134E-06
 1.22599339E-06
 1.22599570E-06
 1.22599758E-06
 1.22599972E-06
 1.22600232E-06
 1.22600427E-06
 1.22600668E-06
 1.22600823E-06
 1.22601133E-06
 1.22601271E-06
 1.22601559E-06
 1.22601765E-06
 1.22602014E-06
 1.22602200E-06
 1.22602410E-06
 1.22602685E-06
 1.22602880E-06
 1.22603137E-06
 1.22603319E-06
 1.22603564E-06
 1.22603755E-06
 1.22603994E-06
 1.22604218E-06
 1.22604490E-06
 1.22604650E-06
 1.22604880E-06
 1.22605185E-06
 1.22605402E-06
 1.22605617E-06
 1.22605849E-06
 1.22606103E-06
 1.22606301E-06
 1.22606561E-06
 1.22606794E-06
 1.22607003E-06
 1.22607229E-06
 1.22607477E-06
 1.22607676E-06
 1.22596349E-06
 1.22592865E-06
 1.22591438E-06
 1.22590504E-06
 1.22589797E-06
 1.22589215E-06
 1.22588809E-06
 1.22588387E-06
 1.22588031E-06
 1.22587680E-06
 1.22587088E-06
 1.22599050E-06
 1.22598742E-06
 1.22598529E-06
 1.22598301E-06
 1.22598006E-06
 1.22597763E-06
 1.22597532E-06
 1.22597308E-06
 1.22597100E-06
 1.22596938E-06
 1.22596655E-06
 1.22596455E-06
 1.22596268E-06
 1.22596028E-06
 1.22595859E-06
 1.22595630E-06
 1.22595471E-06
 1.22595249E-06
 1.22595050E-06
 1.22594859E-06
 1.22594649E-06
 1.22594442E-06
 1.22594252E-06
 1.22594108E-06
 1.22593877E-06
 1.22593711E-06
 1.22593518E-06
 1.22593348E-06
 1.22593172E-06
 1.22592953E-06
 1.22592788E-06
 1.22592611E-06
 1.22592420E-06
 1.22592250E-06
 1.22592081E-06
 1.22591923E-06
 1.22591731E-06
 1.22591544E-06
 1.22591384E-06
 1.22591214E-06
 1.22591044E-06
 1.22590873E-06
 1.22590697E-06
 1.22590539E-06
 1.22590364E-06
 1.22590222E-06
 1.22590039E-06
 1.22589866E-06
 1.22589723E-06
 1.22589543E-06
 1.22589400E-06
 1.22589241E-06
 1.22589077E-06
 1.22588912E-06
 1.22588766E-06
 1.22588602E-06
 1.22588463E-06
 1.22588316E-06
 1.22588163E-06
 1.22588009E-06
 1.22587860E-06
 1.22588004E-06
 1.22588338E-06
 1.22588649E-06
 1.22588978E-06
 1.22589309E-06
 1.22589631E-06
 1.22589963E-06
 1.22590291E-06
 1.22590619E-06
 1.22590961E-06
 1.22591293E-06
 1.22591637E-06
 1.22591977E-06
 1.22592319E-06
 1.22592664E-06
 1.22593011E-06
 1.22593366E-06
 1.22593716E-06
 1.22594075E-06
 1.22594436E-06
 1.22594799E-06
 1.22595167E-06
 1.22595538E-06
 1.22595914E-06
 1.22596294E-06
 1.22596681E-06
 1.22597071E-06
 1.22597468E-06
 1.22597876E-06
 1.22586500E-06
 1.22587269E-06
 5.43861399E-05
 2.32344597E-04
 4.10303054E-04
 5.88261511E-04
 7.66219967E-04
 9.44178423E-04
 1.12213688E-03
 1.30009533E-03
 1.59458388E-03
 2.01312060E-03
 2.43165731E-03
 2.85019402E-03
 3.40583057E-03
 4.06476126E-03
 4.87057411E-03
 1.25560270E-03
 1.63177657E-02
 4.14161125E-02
 6.67952731E-02
 9.24569380E-02
 1.18397836E-01
 1.44622940E-01
 1.71135786E-01
 1.97938220E-01
 2.54089862E-01
 3.16887810E-01
 3.80335846E-01
 4.44438555E-01
 5.41989289E-01
 6.43631328E-01
 7.80972841E-01
 0.00000000E+00
 0.00000000E+00
 0.00000000E+00
 0.00000000E+00
 0.00000000E+00
 0.00000000E+00
 0.00000000E+00
 0.00000000E+00
 0.00000000E+00
 0.00000000E+00
 0.00000000E+00
 0.00000000E+00
 0.00000000E+00
 0.00000000E+00
 0.00000000E+00
 0.00000000E+00
 0.00000000E+00
 0.00000000E+00
 0.00000000E+00
 0.00000000E+00
 0.00000000E+00
 0.00000000E+00
 0.00000000E+00
 0.00000000E+00
 0.00000000E+00
 0.00000000E+00
 0.00000000E+00
 0.00000000E+00
 0.00000000E+00
 0.00000000E+00
 0.00000000E+00
 0.00000000E+00
 0.00000000E+00
 0.00000000E+00
 0.00000000E+00
 0.00000000E+00
 0.00000000E+00
 0.00000000E+00
 0.00000000E+00
 0.00000000E+00
 0.00000000E+00
 0.00000000E+00
 0.00000000E+00
 0.00000000E+00
 0.00000000E+00
 0.00000000E+00
 0.00000000E+00
 0.00000000E+00
 0.00000000E+00
 0.00000000E+00
 0.00000000E+00
 0.00000000E+00
 0.00000000E+00
 0.00000000E+00
 0.00000000E+00
 0.00000000E+00
 0.00000000E+00
 0.00000000E+00
 0.00000000E+00
 0.00000000E+00
 0.00000000E+00
 0.00000000E+00
 0.00000000E+00
 0.00000000E+00
 0.00000000E+00
 0.00000000E+00
 0.00000000E+00
 0.00000000E+00
 0.00000000E+00
 0.00000000E+00
 0.00000000E+00
 0.00000000E+00
 0.00000000E+00
 0.00000000E+00
 0.00000000E+00
 0.00000000E+00
 0.00000000E+00
 0.00000000E+00
 0.00000000E+00
 0.00000000E+00
 0.00000000E+00
 0.00000000E+00
 0.00000000E+00
 0.00000000E+00
 0.00000000E+00
 0.00000000E+00
 0.00000000E+00
 0.00000000E+00
 0.00000000E+00
 0.00000000E+00
 0.00000000E+00
 0.00000000E+00
 0.00000000E+00
 0.00000000E+00
 0.00000000E+00
 0.00000000E+00
 0.00000000E+00
 0.00000000E+00
 0.00000000E+00
 0.00000000E+00
 0.00000000E+00
 0.00000000E+00
 0.00000000E+00
 0.00000000E+00
 0.00000000E+00
 0.00000000E+00
 0.00000000E+00
 0.00000000E+00
 0.00000000E+00
 0.00000000E+00
 0.00000000E+00
 0.00000000E+00
 0.00000000E+00
 0.00000000E+00
 0.00000000E+00
 0.00000000E+00
 0.00000000E+00
 0.00000000E+00
 0.00000000E+00
 0.00000000E+00
 0.00000000E+00
 0.00000000E+00
 0.00000000E+00
 0.00000000E+00
 0.00000000E+00
 0.00000000E+00
 0.00000000E+00
 0.00000000E+00
 0.00000000E+00
 0.00000000E+00
 0.00000000E+00
 0.00000000E+00
 0.00000000E+00
 0.00000000E+00
 0.00000000E+00
 0.00000000E+00
 0.00000000E+00
 0.00000000E+00
 0.00000000E+00
 0.00000000E+00
 0.00000000E+00
 0.00000000E+00
 0.00000000E+00
 0.00000000E+00
 0.00000000E+00
 0.00000000E+00
 0.00000000E+00
 0.00000000E+00
 0.00000000E+00
 0.00000000E+00
 0.00000000E+00
 0.00000000E+00
 0.00000000E+00
 0.00000000E+00
 0.00000000E+00
 0.00000000E+00
 0.00000000E+00
 0.00000000E+00
 0.00000000E+00
 0.00000000E+00
 0.00000000E+00
 0.00000000E+00
 3.24982040E-01
 2.20124882E-01
 1.39924189E-01
 7.55289233E-02
 1.11336578E-02
 5.32616078E-02
 8.95299026E-02
 1.13472896E-01
 7.45688685E-02
 1.33857391E-02
 1.92958681E-06
 1.92959800E-06
 3.68517852E-02
 5.93658366E-03
 1.92962593E-06
 1.92963734E-06
 1.92952473E-06
 1.92952632E-06
 1.92953506E-06
 1.92953937E-06
 1.92954785E-06
 1.92955293E-06
 1.92956097E-06
 1.92956634E-06
 1.92957393E-06
 1.92957943E-06
 7.20650833E-03
 1.92958443E-06
 1.92958611E-06
 1.92958891E-06
 1.92959231E-06
 1.92959348E-06
 1.92959584E-06
 1.92959924E-06
 1.92960051E-06
 1.92960383E-06
 1.92960610E-06
 1.92960932E-06
 1.92961040E-06
 1.92961346E-06
 1.92961705E-06
 1.92961950E-06
 1.92962241E-06
 1.92962675E-06
 1.92962950E-06
 1.92963423E-06
 1.92963675E-06
 1.92964218E-06
 1.92964436E-06
 1.92964759E-06
 1.92965251E-06
 1.92965544E-06
 1.92965865E-06
 1.92966314E-06
 1.92966799E-06
 1.92967158E-06
 1.92967413E-06
 1.92955689E-06
 1.92955798E-06
 1.92955736E-06
 1.92955838E-06
 1.92955911E-06
 1.92956136E-06
 1.92956144E-06
 1.92956261E-06
 1.92956263E-06
 1.92956368E-06
 1.92956354E-06
 1.92956399E-06
 1.92956499E-06
 1.92956581E-06
 1.92956706E-06
 1.92956773E-06
 1.92956844E-06
 1.92956880E-06
 1.92957022E-06
 1.92957056E-06
 1.92957218E-06
 1.92957267E-06
 1.92957336E-06
 1.92957286E-06
 1.92957586E-06
 1.92957592E-06
 1.92957707E-06
 1.92957819E-06
 1.92957703E-06
 1.92957849E-06
 1.92957950E-06
 1.92958038E-06
 1.92958439E-06
 1.92958724E-06
 1.92958988E-06
 1.92959292E-06
 1.92959599E-06
 1.92959843E-06
 1.92960085E-06
 1.92960384E-06
 1.92960642E-06
 1.92960921E-06
 1.92961274E-06
 1.92961516E-06
 1.92961764E-06
 1.92961989E-06
 1.92962363E-06
 1.92962557E-06
 1.92962833E-06
 1.92963218E-06
 1.92963500E-06
 1.92963826E-06
 1.92964046E-06
 1.92964414E-06
 1.92964642E-06
 1.92965012E-06
 1.92965177E-06
 1.92965595E-06
 1.92965798E-06
 1.92966071E-06
 1.92966387E-06
 1.92966709E-06
 1.92966920E-06
 1.92967270E-06
 1.92967563E-06
 1.92967848E-06
 1.92968205E-06
 1.92968520E-06
 1.92968709E-06
 1.92969071E-06
 1.92969459E-06
 1.92969712E-06
 1.92969938E-06
 1.92970287E-06
 1.92970575E-06
 1.92970955E-06
 1.92971211E-06
 1.92971422E-06
 1.92971742E-06
 1.92972087E-06
 1.92972425E-06
 1.92972732E-06
 1.92973003E-06
 1.92973363E-06
 1.92973733E-06
 1.92973927E-06
 1.92974255E-06
 1.92974605E-06
 1.92974950E-06
 1.92975267E-06
 1.92975570E-06
 1.92975813E-06
 1.92976139E-06
 1.92976494E-06
 1.92976760E-06
 1.92977069E-06
 1.92977476E-06
 1.92977780E-06
 1.92978078E-06
 1.92978459E-06
 1.92978782E-06
 1.92979067E-06
 1.92979404E-06
 1.92979674E-06
 1.92980087E-06
 1.92980408E-06
 1.92980747E-06
 1.92969045E-06
 1.92969316E-06
 1.92969520E-06
 1.92969772E-06
 1.92969936E-06
 1.92970165E-06
 1.92970399E-06
 1.92970585E-06
 1.92970795E-06
 1.92971027E-06
 1.92971301E-06
 1.92971511E-06
 1.92971742E-06
 1.92972013E-06
 1.92972200E-06
 1.92972429E-06
 1.92972577E-06
 1.92972871E-06
 1.92973102E-06
 1.92973253E-06
 1.92973571E-06
 1.92973811E-06
 1.92974011E-06
 1.92974256E-06
 1.92974466E-06
 1.92974724E-06
 1.92974950E-06
 1.92975163E-06
 1.92975350E-06
 1.92975628E-06
 1.92975802E-06
 1.92976092E-06
 1.92976302E-06
 1.92976551E-06
 1.92976750E-06
 1.92977014E-06
 1.92977254E-06
 1.92977507E-06
 1.92977689E-06
 1.92977913E-06
 1.92978222E-06
 1.92963125E-06
 1.92961728E-06
 1.92960702E-06
 1.92959962E-06
 1.92959386E-06
 1.92958917E-06
 1.92958551E-06
 1.92958165E-06
 1.92957848E-06
 1.92969467E-06
 1.92969237E-06
 1.92968963E-06
 1.92968726E-06
 1.92968409E-06
 1.92968216E-06
 1.92967932E-06
 1.92967733E-06
 1.92967508E-06
 1.92967279E-06
 1.92967095E-06
 1.92966853E-06
 1.92966632E-06
 1.92966410E-06
 1.92966198E-06
 1.92966023E-06
 1.92965829E-06
 1.92965613E-06
 1.92965395E-06
 1.92965185E-06
 1.92965037E-06
 1.92964793E-06
 1.92964589E-06
 1.92964439E-06
 1.92964240E-06
 1.92964071E-06
 1.92963859E-06
 1.92963666E-06
 1.92963482E-06
 1.92963288E-06
 1.92963139E-06
 1.92962961E-06
 1.92962756E-06
 1.92962582E-06
 1.92962387E-06
 1.92962236E-06
 1.92962048E-06
 1.92961875E-06
 1.92961688E-06
 1.92961535E-06
 1.92961351E-06
 1.92961185E-06
 1.92961027E-06
 1.92960839E-06
 1.92960677E-06
 1.92960506E-06
 1.92960357E-06
 1.92960167E-06
 1.92960019E-06
 1.92959864E-06
 1.92959695E-06
 1.92959541E-06
 1.92959362E-06
 1.92959223E-06
 1.92959064E-06
 1.92958907E-06
 1.92958756E-06
 1.92958595E-06
 1.92958449E-06
 1.92958298E-06
 1.92958148E-06
 1.92958005E-06
 1.92958146E-06
 1.92958473E-06
 1.92958785E-06
 1.92959112E-06
 1.92959447E-06
 1.92959772E-06
 1.92960106E-06
 1.92960440E-06
 1.92960774E-06
 1.92961120E-06
 1.92961457E-06
 1.92961799E-06
 1.92962143E-06
 1.92962490E-06
 1.92962833E-06
 1.92963186E-06
 1.92963540E-06
 1.92963898E-06
 1.92964257E-06
 1.92964621E-06
 1.92964987E-06
 1.92965357E-06
 1.92965731E-06
 1.92966110E-06
 1.92966494E-06
 1.92966882E-06
 1.92967276E-06
 1.92967674E-06
 1.92968081E-06
 1.92956626E-06
 1.92957393E-06
 4.52891033E-05
 1.96388888E-04
 3.47488672E-04
 4.98588456E-04
 6.49688239E-04
 8.00788022E-04
 9.51887803E-04
 1.10298758E-03
 1.38345982E-03
 1.80165113E-03
 2.21984244E-03
 2.63803375E-03
 3.20843416E-03
 3.89351240E-03
 4.74166017E-03
 1.21969845E-03
 1.38444635E-02
 3.51436839E-02
 5.66856457E-02
 7.84717828E-02
 1.00498011E-01
 1.22769391E-01
 1.45289374E-01
 1.68059530E-01
 2.23341383E-01
 2.85929768E-01
 3.49167179E-01
 4.13058184E-01
 5.14009691E-01
 6.19429216E-01
 7.64407966E-01
 0.00000000E+00
 0.00000000E+00
 0.00000000E+00
 0.00000000E+00
 0.00000000E+00
 0.00000000E+00
 0.00000000E+00
 0.00000000E+00
 0.00000000E+00
 0.00000000E+00
 0.00000000E+00
 0.00000000E+00
 0.00000000E+00
 0.00000000E+00
 0.00000000E+00
 0.00000000E+00
 0.00000000E+00
 0.00000000E+00
 0.00000000E+00
 0.00000000E+00
 0.00000000E+00
 0.00000000E+00
 0.00000000E+00
 0.00000000E+00
 0.00000000E+00
 0.00000000E+00
 0.00000000E+00
 0.00000000E+00
 0.00000000E+00
 0.00000000E+00
 0.00000000E+00
 0.00000000E+00
 0.00000000E+00
 0.00000000E+00
 0.00000000E+00
 0.00000000E+00
 0.00000000E+00
 0.00000000E+00
 0.00000000E+00
 0.00000000E+00
 0.00000000E+00
 0.00000000E+00
 0.00000000E+00
 0.00000000E+00
 0.00000000E+00
 0.00000000E+00
 0.00000000E+00
 0.00000000E+00
 0.00000000E+00
 0.00000000E+00
 0.00000000E+00
 0.00000000E+00
 0.00000000E+00
 0.00000000E+00
 0.00000000E+00
 0.00000000E+00
 0.00000000E+00
 0.00000000E+00
 0.00000000E+00
 0.00000000E+00
 0.00000000E+00
 0.00000000E+00
 0.00000000E+00
 0.00000000E+00
 0.00000000E+00
 0.00000000E+00
 0.00000000E+00
 0.00000000E+00
 0.00000000E+00
 0.00000000E+00
 0.00000000E+00
 0.00000000E+00
 0.00000000E+00
 0.00000000E+00
 0.00000000E+00
 0.00000000E+00
 0.00000000E+00
 0.00000000E+00
 0.00000000E+00
 0.00000000E+00
 0.00000000E+00
 0.00000000E+00
 0.00000000E+00
 0.00000000E+00
 0.00000000E+00
 0.00000000E+00
 0.00000000E+00
 0.00000000E+00
 0.00000000E+00
 0.00000000E+00
 0.00000000E+00
 0.00000000E+00
 0.00000000E+00
 0.00000000E+00
 0.00000000E+00
 0.00000000E+00
 0.00000000E+00
 0.00000000E+00
 0.00000000E+00
 0.00000000E+00
 0.00000000E+00
 0.00000000E+00
 0.00000000E+00
 0.00000000E+00
 0.00000000E+00
 0.00000000E+00
 0.00000000E+00
 0.00000000E+00
 0.00000000E+00
 0.00000000E+00
 0.00000000E+00
 0.00000000E+00
 0.00000000E+00
 0.00000000E+00
 0.00000000E+00
 0.00000000E+00
 0.00000000E+00
 0.00000000E+00
 0.00000000E+00
 0.00000000E+00
 0.00000000E+00
 0.00000000E+00
 0.00000000E+00
 0.00000000E+00
 0.00000000E+00
 0.00000000E+00
 0.00000000E+00
 0.00000000E+00
 0.00000000E+00
 0.00000000E+00
 0.00000000E+00
 0.00000000E+00
 0.00000000E+00
 0.00000000E+00
 0.00000000E+00
 0.00000000E+00
 0.00000000E+00
 0.00000000E+00
 0.00000000E+00
 0.00000000E+00
 0.00000000E+00
 0.00000000E+00
 0.00000000E+00
 0.00000000E+00
 0.00000000E+00
 0.00000000E+00
 0.00000000E+00
 0.00000000E+00
 0.00000000E+00
 0.00000000E+00
 0.00000000E+00
 0.00000000E+00
 0.00000000E+00
 0.00000000E+00
 0.00000000E+00
 0.00000000E+00
 0.00000000E+00
 0.00000000E+00
 0.00000000E+00
 0.00000000E+00
 0.00000000E+00
 0.00000000E+00
 2.98834136E-01
 1.89915166E-01
 1.08096236E-01
 4.36491248E-02
 2.07979863E-02
 8.52450971E-02
 1.18777721E-01
 1.38763548E-01
 8.96739181E-02
 1.60972210E-02
 2.31854743E-06
 2.31855818E-06
 4.05037737E-02
 6.52472946E-03
 2.31858751E-06
 2.31859762E-06
 2.31848319E-06
 2.31848668E-06
 2.31849418E-06
 2.31849902E-06
 2.31850740E-06
 2.31851409E-06
 2.31852126E-06
 2.31852786E-06
 2.31853335E-06
 2.31854108E-06
 7.92090513E-03
 2.31854513E-06
 2.31854741E-06
 2.31854931E-06
 2.31855165E-06
 2.31855555E-06
 2.31855782E-06
 2.31855882E-06
 2.31856094E-06
 2.31856498E-06
 2.31856736E-06
 2.31856966E-06
 2.31857177E-06
 2.31857481E-06
 2.31857619E-06
 2.31858001E-06
 2.31858378E-06
 2.31858631E-06
 2.31859036E-06
 2.31859501E-06
 2.31859767E-06
 2.31860304E-06
 2.31860622E-06
 2.31860867E-06
 2.31861342E-06
 2.31861643E-06
 2.31862027E-06
 2.31862524E-06
 2.31862808E-06
 2.31863254E-06
 2.31851781E-06
 2.31851806E-06
 2.31851796E-06
 2.31851795E-06
 2.31851987E-06
 2.31851926E-06
 2.31852162E-06
 2.31852171E-06
 2.31852250E-06
 2.31852429E-06
 2.31852307E-06
 2.31852421E-06
 2.31852551E-06
 2.31852520E-06
 2.31852710E-06
 2.31852838E-06
 2.31852792E-06
 2.31853026E-06
 2.31853048E-06
 2.31853135E-06
 2.31853174E-06
 2.31853272E-06
 2.31853388E-06
 2.31853381E-06
 2.31853421E-06
 2.31853602E-06
 2.31853587E-06
 2.31853708E-06
 2.31853791E-06
 2.31853835E-06
 2.31853933E-06
 2.31853957E-06
 2.31854126E-06
 2.31854409E-06
 2.31854728E-06
 2.31855056E-06
 2.31855350E-06
 2.31855648E-06
 2.31855844E-06
 2.31856191E-06
 2.31856430E-06
 2.31856750E-06
 2.31856958E-06
 2.31857301E-06
 2.31857553E-06
 2.31857934E-06
 2.31858157E-06
 2.31858498E-06
 2.31858745E-06
 2.31859124E-06
 2.31859370E-06
 2.31859687E-06
 2.31859863E-06
 2.31860222E-06
 2.31860432E-06
 2.31860757E-06
 2.31861075E-06
 2.31861297E-06
 2.31861621E-06
 2.31861986E-06
 2.31862243E-06
 2.31862536E-06
 2.31862827E-06
 2.31863117E-06
 2.31863373E-06
 2.31863730E-06
 2.31864021E-06
 2.31864238E-06
 2.31864658E-06
 2.31864944E-06
 2.31865257E-06
 2.31865432E-06
 2.31865737E-06
 2.31866114E-06
 2.31866451E-06
 2.31866715E-06
 2.31867017E-06
 2.31867349E-06
 2.31867730E-06
 2.31867953E-06
 2.31868300E-06
 2.31868610E-06
 2.31868881E-06
 2.31869236E-06
 2.31869500E-06
 2.31869789E-06
 2.31870105E-06
 2.31870417E-06
 2.31870747E-06
 2.31871144E-06
 2.31871400E-06
 2.31871716E-06
 2.31872088E-06
 2.31872389E-06
 2.31872689E-06
 2.31873036E-06
 2.31873377E-06
 2.31873588E-06
 2.31874005E-06
 2.31874266E-06
 2.31874701E-06
 2.31874973E-06
 2.31875294E-06
 2.31875642E-06
 2.31876011E-06
 2.31876279E-06
 2.31876546E-06
 2.31864959E-06
 2.31865227E-06
 2.31865425E-06
 2.31865648E-06
 2.31865937E-06
 2.31866136E-06
 2.31866356E-06
 2.31866508E-06
 2.31866793E-06
 2.31867007E-06
 2.31867245E-06
 2.31867394E-06
 2.31867689E-06
 2.31867899E-06
 2.31868127E-06
 2.31868377E-06
 2.31868580E-06
 2.31868783E-06
 2.31869027E-06
 2.31869292E-06
 2.31869493E-06
 2.31869737E-06
 2.31869919E-06
 2.31870126E-06
 2.31870397E-06
 2.31870608E-06
 2.31870887E-06
 2.31871112E-06
 2.31871305E-06
 2.31871588E-06
 2.31871760E-06
 2.31872009E-06
 2.31872287E-06
 2.31872470E-06
 2.31872768E-06
 2.31872937E-06
 2.31873152E-06
 2.31873452E-06
 2.31873654E-06
 2.31873876E-06
 2.31874139E-06
 2.31874377E-06
 2.31859499E-06
 2.31857898E-06
 2.31856917E-06
 2.31856094E-06
 2.31855512E-06
 2.31855033E-06
 2.31854626E-06
 2.31854260E-06
 2.31853912E-06
 2.31865606E-06
 2.31865341E-06
 2.31865066E-06
 2.31864800E-06
 2.31864604E-06
 2.31864344E-06
 2.31864092E-06
 2.31863834E-06
 2.31863614E-06
 2.31863411E-06
 2.31863224E-06
 2.31862949E-06
 2.31862783E-06
 2.31862570E-06
 2.31862331E-06
 2.31862103E-06
 2.31861921E-06
 2.31861700E-06
 2.31861479E-06
 2.31861319E-06
 2.31861114E-06
 2.31860918E-06
 2.31860728E-06
 2.31860551E-06
 2.31860330E-06
 2.31860163E-06
 2.31859936E-06
 2.31859764E-06
 2.31859587E-06
 2.31859422E-06
 2.31859229E-06
 2.31859016E-06
 2.31858860E-06
 2.31858692E-06
 2.31858515E-06
 2.31858335E-06
 2.31858165E-06
 2.31857957E-06
 2.31857778E-06
 2.31857622E-06
 2.31857468E-06
 2.31857260E-06
 2.31857095E-06
 2.31856944E-06
 2.31856764E-06
 2.31856589E-06
 2.31856439E-06
 2.31856281E-06
 2.31856097E-06
 2.31855957E-06
 2.31855792E-06
 2.31855620E-06
 2.31855473E-06
 2.31855308E-06
 2.31855142E-06
 2.31854987E-06
 2.31854843E-06
 2.31854689E-06
 2.31854531E-06
 2.31854373E-06
 2.31854221E-06
 2.31854077E-06
 2.31854237E-06
 2.31854555E-06
 2.31854891E-06
 2.31855210E-06
 2.31855553E-06
 2.31855874E-06
 2.31856207E-06
 2.31856553E-06
 2.31856885E-06
 2.31857232E-06
 2.31857571E-06
 2.31857912E-06
 2.31858259E-06
 2.31858608E-06
 2.31858960E-06
 2.31859314E-06
 2.31859670E-06
 2.31860031E-06
 2.31860393E-06
 2.31860758E-06
 2.31861128E-06
 2.31861501E-06
 2.31861878E-06
 2.31862262E-06
 2.31862647E-06
 2.31863040E-06
 2.31863439E-06
 2.31863840E-06
 2.31864252E-06
 2.31852706E-06
 2.31853478E-06
 3.65204520E-05
 1.60805228E-04
 2.85090003E-04
 4.09374777E-04
 5.33659551E-04
 6.57944324E-04
 7.82229097E-04
 9.06513869E-04
 1.17299252E-03
 1.59083886E-03
 2.00868519E-03
 2.42653152E-03
 3.01167159E-03
 3.72285462E-03
 4.61326813E-03
 1.18416498E-03
 1.13755820E-02
 2.88819679E-02
 4.65930595E-02
 6.45100343E-02
 8.26279973E-02
 1.00952094E-01
 1.19485695E-01
 1.38230095E-01
 1.92643467E-01
 2.55022512E-01
 3.18049521E-01
 3.81729049E-01
 4.86075679E-01
 5.95266448E-01
 7.47869963E-01
 0.00000000E+00
 0.00000000E+00
 0.00000000E+00
 0.00000000E+00
 0.00000000E+00
 0.00000000E+00
 0.00000000E+00
 0.00000000E+00
 0.00000000E+00
 0.00000000E+00
 0.00000000E+00
 0.00000000E+00
 0.00000000E+00
 0.00000000E+00
 0.00000000E+00
 0.00000000E+00
 0.00000000E+00
 0.00000000E+00
 0.00000000E+00
 0.00000000E+00
 0.00000000E+00
 0.00000000E+00
 0.00000000E+00
 0.00000000E+00
 0.00000000E+00
 0.00000000E+00
 0.00000000E+00
 0.00000000E+00
 0.00000000E+00
 0.00000000E+00
 0.00000000E+00
 0.00000000E+00
 0.00000000E+00
 0.00000000E+00
 0.00000000E+00
 0.00000000E+00
 0.00000000E+00
 0.00000000E+00
 0.00000000E+00
 0.00000000E+00
 0.00000000E+00
 0.00000000E+00
 0.00000000E+00
 0.00000000E+00
 0.00000000E+00
 0.00000000E+00
 0.00000000E+00
 0.00000000E+00
 0.00000000E+00
 0.00000000E+00
 0.00000000E+00
 0.00000000E+00
 0.00000000E+00
 0.00000000E+00
 0.00000000E+00
 0.00000000E+00
 0.00000000E+00
 0.00000000E+00
 0.00000000E+00
 0.00000000E+00
 0.00000000E+00
 0.00000000E+00
 0.00000000E+00
 0.00000000E+00
 0.00000000E+00
 0.00000000E+00
 0.00000000E+00
 0.00000000E+00
 0.00000000E+00
 0.00000000E+00
 0.00000000E+00
 0.00000000E+00
 0.00000000E+00
 0.00000000E+00
 0.00000000E+00
 0.00000000E+00
 0.00000000E+00
 0.00000000E+00
 0.00000000E+00
 0.00000000E+00
 0.00000000E+00
 0.00000000E+00
 0.00000000E+00
 0.00000000E+00
 0.00000000E+00
 0.00000000E+00
 0.00000000E+00
 0.00000000E+00
 0.00000000E+00
 0.00000000E+00
 0.00000000E+00
 0.00000000E+00
 0.00000000E+00
 0.00000000E+00
 0.00000000E+00
 0.00000000E+00
 0.00000000E+00
 0.00000000E+00
 0.00000000E+00
 0.00000000E+00
 0.00000000E+00
 0.00000000E+00
 0.00000000E+00
 0.00000000E+00
 0.00000000E+00
 0.00000000E+00
 0.00000000E+00
 0.00000000E+00
 0.00000000E+00
 0.00000000E+00
 0.00000000E+00
 0.00000000E+00
 0.00000000E+00
 0.00000000E+00
 0.00000000E+00
 0.00000000E+00
 0.00000000E+00
 0.00000000E+00
 0.00000000E+00
 0.00000000E+00
 0.00000000E+00
 0.00000000E+00
 0.00000000E+00
 0.00000000E+00
 0.00000000E+00
 0.00000000E+00
 0.00000000E+00
 0.00000000E+00
 0.00000000E+00
 0.00000000E+00
 0.00000000E+00
 0.00000000E+00
 0.00000000E+00
 0.00000000E+00
 0.00000000E+00
 0.00000000E+00
 0.00000000E+00
 0.00000000E+00
 0.00000000E+00
 0.00000000E+00
 0.00000000E+00
 0.00000000E+00
 0.00000000E+00
 0.00000000E+00
 0.00000000E+00
 0.00000000E+00
 0.00000000E+00
 0.00000000E+00
 0.00000000E+00
 0.00000000E+00
 0.00000000E+00
 0.00000000E+00
 0.00000000E+00
 0.00000000E+00
 0.00000000E+00
 0.00000000E+00
 0.00000000E+00
 0.00000000E+00
 0.00000000E+00
 0.00000000E+00
 0.00000000E+00
 0.00000000E+00
 0.00000000E+00
 1.59754849E-01
 7.63203385E-02
 1.18214866E-02
 5.26773653E-02
 1.17176217E-01
 1.47977611E-01
 1.64012702E-01
 1.04754054E-01
 1.88039734E-02
 2.39328272E-06
 2.39329179E-06
 4.41501222E-02
 7.11223004E-03
 2.39332149E-06
 2.39333050E-06
 2.39321833E-06
 2.39322074E-06
 2.39322744E-06
 2.39323555E-06
 2.39324002E-06
 2.39324914E-06
 2.39325579E-06
 2.39326126E-06
 2.39326954E-06
 2.39327717E-06
 8.63382370E-03
 2.39328181E-06
 2.39328417E-06
 2.39328594E-06
 2.39328757E-06
 2.39329016E-06
 2.39329269E-06
 2.39329549E-06
 2.39329712E-06
 2.39330003E-06
 2.39330243E-06
 2.39330455E-06
 2.39330591E-06
 2.39330928E-06
 2.39331081E-06
 2.39331425E-06
 2.39331873E-06
 2.39332182E-06
 2.39332625E-06
 2.39332990E-06
 2.39333339E-06
 2.39333701E-06
 2.39334184E-06
 2.39334497E-06
 2.39334828E-06
 2.39335277E-06
 2.39335638E-06
 2.39335939E-06
 2.39336434E-06
 2.39336843E-06
 2.39325219E-06
 2.39325266E-06
 2.39325459E-06
 2.39325467E-06
 2.39325593E-06
 2.39325678E-06
 2.39325685E-06
 2.39325761E-06
 2.39325750E-06
 2.39325839E-06
 2.39325944E-06
 2.39326065E-06
 2.39326053E-06
 2.39326196E-06
 2.39326164E-06
 2.39326278E-06
 2.39326355E-06
 2.39326356E-06
 2.39326628E-06
 2.39326645E-06
 2.39326716E-06
 2.39326838E-06
 2.39326802E-06
 2.39326981E-06
 2.39327097E-06
 2.39327080E-06
 2.39327197E-06
 2.39327274E-06
 2.39327411E-06
 2.39327339E-06
 2.39327481E-06
 2.39327507E-06
 2.39327680E-06
 2.39327956E-06
 2.39328396E-06
 2.39328485E-06
 2.39328890E-06
 2.39329227E-06
 2.39329519E-06
 2.39329705E-06
 2.39329966E-06
 2.39330272E-06
 2.39330584E-06
 2.39330930E-06
 2.39331122E-06
 2.39331434E-06
 2.39331682E-06
 2.39332037E-06
 2.39332346E-06
 2.39332551E-06
 2.39332913E-06
 2.39333191E-06
 2.39333472E-06
 2.39333750E-06
 2.39333995E-06
 2.39334347E-06
 2.39334632E-06
 2.39334869E-06
 2.39335146E-06
 2.39335456E-06
 2.39335770E-06
 2.39336139E-06
 2.39336447E-06
 2.39336746E-06
 2.39336977E-06
 2.39337306E-06
 2.39337558E-06
 2.39337846E-06
 2.39338188E-06
 2.39338504E-06
 2.39338816E-06
 2.39339115E-06
 2.39339352E-06
 2.39339704E-06
 2.39339959E-06
 2.39340248E-06
 2.39340719E-06
 2.39340927E-06
 2.39341258E-06
 2.39341581E-06
 2.39341865E-06
 2.39342235E-06
 2.39342510E-06
 2.39342866E-06
 2.39343093E-06
 2.39343472E-06
 2.39343715E-06
 2.39344100E-06
 2.39344422E-06
 2.39344704E-06
 2.39345066E-06
 2.39345333E-06
 2.39345647E-06
 2.39345983E-06
 2.39346337E-06
 2.39346657E-06
 2.39346967E-06
 2.39347358E-06
 2.39347587E-06
 2.39347891E-06
 2.39348224E-06
 2.39348601E-06
 2.39348997E-06
 2.39349292E-06
 2.39349581E-06
 2.39349975E-06
 2.39338405E-06
 2.39338607E-06
 2.39338836E-06
 2.39339011E-06
 2.39339211E-06
 2.39339434E-06
 2.39339675E-06
 2.39339868E-06
 2.39340170E-06
 2.39340381E-06
 2.39340630E-06
 2.39340791E-06
 2.39341077E-06
 2.39341275E-06
 2.39341489E-06
 2.39341724E-06
 2.39341994E-06
 2.39342157E-06
 2.39342359E-06
 2.39342581E-06
 2.39342840E-06
 2.39343119E-06
 2.39343315E-06
 2.39343552E-06
 2.39343728E-06
 2.39344047E-06
 2.39344208E-06
 2.39344512E-06
 2.39344680E-06
 2.39344916E-06
 2.39345218E-06
 2.39345394E-06
 2.39345676E-06
 2.39345856E-06
 2.39346131E-06
 2.39346348E-06
 2.39346605E-06
 2.39346813E-06
 2.39347104E-06
 2.39347277E-06
 2.39347565E-06
 2.39347815E-06
 2.39348021E-06
 2.39333283E-06
 2.39331613E-06
 2.39330503E-06
 2.39329666E-06
 2.39329113E-06
 2.39328600E-06
 2.39328105E-06
 2.39327829E-06
 2.39327377E-06
 2.39339185E-06
 2.39338938E-06
 2.39338637E-06
 2.39338388E-06
 2.39338167E-06
 2.39337909E-06
 2.39337659E-06
 2.39337461E-06
 2.39337167E-06
 2.39336948E-06
 2.39336762E-06
 2.39336499E-06
 2.39336316E-06
 2.39336098E-06
 2.39335913E-06
 2.39335662E-06
 2.39335440E-06
 2.39335264E-06
 2.39335094E-06
 2.39334859E-06
 2.39334682E-06
 2.39334493E-06
 2.39334263E-06
 2.39334088E-06
 2.39333896E-06
 2.39333719E-06
 2.39333505E-06
 2.39333304E-06
 2.39333160E-06
 2.39332944E-06
 2.39332748E-06
 2.39332596E-06
 2.39332381E-06
 2.39332238E-06
 2.39332042E-06
 2.39331856E-06
 2.39331695E-06
 2.39331507E-06
 2.39331332E-06
 2.39331160E-06
 2.39330974E-06
 2.39330826E-06
 2.39330649E-06
 2.39330491E-06
 2.39330292E-06
 2.39330160E-06
 2.39329974E-06
 2.39329797E-06
 2.39329645E-06
 2.39329493E-06
 2.39329321E-06
 2.39329149E-06
 2.39328985E-06
 2.39328828E-06
 2.39328679E-06
 2.39328519E-06
 2.39328373E-06
 2.39328225E-06
 2.39328074E-06
 2.39327907E-06
 2.39327763E-06
 2.39327613E-06
 2.39327755E-06
 2.39328093E-06
 2.39328430E-06
 2.39328757E-06
 2.39329090E-06
 2.39329421E-06
 2.39329761E-06
 2.39330102E-06
 2.39330444E-06
 2.39330788E-06
 2.39331125E-06
 2.39331475E-06
 2.39331822E-06
 2.39332172E-06
 2.39332532E-06
 2.39332887E-06
 2.39333245E-06
 2.39333609E-06
 2.39333974E-06
 2.39334342E-06
 2.39334714E-06
 2.39335090E-06
 2.39335471E-06
 2.39335855E-06
 2.39336244E-06
 2.39336638E-06
 2.39337042E-06
 2.39337447E-06
 2.39337859E-06
 2.39326222E-06
 2.39327006E-06
 2.80796459E-05
 1.25592995E-04
 2.23106343E-04
 3.20619691E-04
 4.18133038E-04
 5.15646384E-04
 6.13159730E-04
 7.10673075E-04
 9.63180823E-04
 1.38068261E-03
 1.79818440E-03
 2.21568619E-03
 2.81554175E-03
 3.55278688E-03
 4.48539711E-03
 1.14900163E-03
 8.91111239E-03
 2.26309439E-02
 3.65174813E-02
 5.05716468E-02
 6.47877356E-02
 7.91709787E-02
 9.37246671E-02
 1.08449817E-01
 1.61996013E-01
 2.24165940E-01
 2.86982773E-01
 3.50451051E-01
 4.58187162E-01
 5.71142947E-01
 7.31358778E-01
 0.00000000E+00
 0.00000000E+00
 0.00000000E+00
 0.00000000E+00
 0.00000000E+00
 0.00000000E+00
 0.00000000E+00
 0.00000000E+00
 0.00000000E+00
 0.00000000E+00
 0.00000000E+00
 0.00000000E+00
 0.00000000E+00
 0.00000000E+00
 0.00000000E+00
 0.00000000E+00
 0.00000000E+00
 0.00000000E+00
 0.00000000E+00
 0.00000000E+00
 0.00000000E+00
 0.00000000E+00
 0.00000000E+00
 0.00000000E+00
 0.00000000E+00
 0.00000000E+00
 0.00000000E+00
 0.00000000E+00
 0.00000000E+00
 0.00000000E+00
 0.00000000E+00
 0.00000000E+00
 0.00000000E+00
 0.00000000E+00
 0.00000000E+00
 0.00000000E+00
 0.00000000E+00
 0.00000000E+00
 0.00000000E+00
 0.00000000E+00
 0.00000000E+00
 0.00000000E+00
 0.00000000E+00
 0.00000000E+00
 0.00000000E+00
 0.00000000E+00
 0.00000000E+00
 0.00000000E+00
 0.00000000E+00
 0.00000000E+00
 0.00000000E+00
 0.00000000E+00
 0.00000000E+00
 0.00000000E+00
 0.00000000E+00
 0.00000000E+00
 0.00000000E+00
 0.00000000E+00
 0.00000000E+00
 0.00000000E+00
 0.00000000E+00
 0.00000000E+00
 0.00000000E+00
 0.00000000E+00
 0.00000000E+00
 0.00000000E+00
 0.00000000E+00
 0.00000000E+00
 0.00000000E+00
 0.00000000E+00
 0.00000000E+00
 0.00000000E+00
 0.00000000E+00
 0.00000000E+00
 0.00000000E+00
 0.00000000E+00
 0.00000000E+00
 0.00000000E+00
 0.00000000E+00
 0.00000000E+00
 0.00000000E+00
 0.00000000E+00
 0.00000000E+00
 0.00000000E+00
 0.00000000E+00
 0.00000000E+00
 0.00000000E+00
 0.00000000E+00
 0.00000000E+00
 0.00000000E+00
 0.00000000E+00
 0.00000000E+00
 0.00000000E+00
 0.00000000E+00
 0.00000000E+00
 0.00000000E+00
 0.00000000E+00
 0.00000000E+00
 0.00000000E+00
 0.00000000E+00
 0.00000000E+00
 0.00000000E+00
 0.00000000E+00
 0.00000000E+00
 0.00000000E+00
 0.00000000E+00
 0.00000000E+00
 0.00000000E+00
 0.00000000E+00
 0.00000000E+00
 0.00000000E+00
 0.00000000E+00
 0.00000000E+00
 0.00000000E+00
 0.00000000E+00
 0.00000000E+00
 0.00000000E+00
 0.00000000E+00
 0.00000000E+00
 0.00000000E+00
 0.00000000E+00
 0.00000000E+00
 0.00000000E+00
 0.00000000E+00
 0.00000000E+00
 0.00000000E+00
 0.00000000E+00
 0.00000000E+00
 0.00000000E+00
 0.00000000E+00
 0.00000000E+00
 0.00000000E+00
 0.00000000E+00
 0.00000000E+00
 0.00000000E+00
 0.00000000E+00
 0.00000000E+00
 0.00000000E+00
 0.00000000E+00
 0.00000000E+00
 0.00000000E+00
 0.00000000E+00
 0.00000000E+00
 0.00000000E+00
 0.00000000E+00
 0.00000000E+00
 0.00000000E+00
 0.00000000E+00
 0.00000000E+00
 0.00000000E+00
 0.00000000E+00
 0.00000000E+00
 0.00000000E+00
 0.00000000E+00
 0.00000000E+00
 0.00000000E+00
 0.00000000E+00
 0.00000000E+00
 0.00000000E+00
 0.00000000E+00
 0.00000000E+00
 0.00000000E+00
 0.00000000E+00
 1.29643837E-01
 4.45964002E-02
 1.99540882E-02
 8.45045766E-02
 1.49055065E-01
 1.77129659E-01
 1.89220435E-01
 1.19809322E-01
 2.15060049E-02
 2.15430537E-06
 2.15431630E-06
 4.77908413E-02
 7.69908667E-03
 2.15434302E-06
 2.15435342E-06
 2.15424153E-06
 2.15424162E-06
 2.15424861E-06
 2.15425637E-06
 2.15426409E-06
 2.15426978E-06
 2.15427835E-06
 2.15428560E-06
 2.15429276E-06
 2.15429905E-06
 9.34526674E-03
 2.15430505E-06
 2.15430580E-06
 2.15430896E-06
 2.15431220E-06
 2.15431404E-06
 2.15431565E-06
 2.15431910E-06
 2.15432034E-06
 2.15432229E-06
 2.15432561E-06
 2.15432815E-06
 2.15433094E-06
 2.15433141E-06
 2.15433566E-06
 2.15433678E-06
 2.15434128E-06
 2.15434502E-06
 2.15434994E-06
 2.15435306E-06
 2.15435624E-06
 2.15436023E-06
 2.15436325E-06
 2.15436797E-06
 2.15437225E-06
 2.15437522E-06
 2.15438023E-06
 2.15438483E-06
 2.15438814E-06
 2.15439192E-06
 2.15427604E-06
 2.15427605E-06
 2.15427780E-06
 2.15427693E-06
 2.15427904E-06
 2.15427885E-06
 2.15428116E-06
 2.15428076E-06
 2.15428092E-06
 2.15428167E-06
 2.15428289E-06
 2.15428384E-06
 2.15428525E-06
 2.15428454E-06
 2.15428668E-06
 2.15428699E-06
 2.15428655E-06
 2.15428884E-06
 2.15428819E-06
 2.15429015E-06
 2.15428915E-06
 2.15428998E-06
 2.15429259E-06
 2.15429184E-06
 2.15429280E-06
 2.15429304E-06
 2.15429458E-06
 2.15429566E-06
 2.15429730E-06
 2.15429806E-06
 2.15429769E-06
 2.15429769E-06
 2.15430040E-06
 2.15430416E-06
 2.15430595E-06
 2.15430898E-06
 2.15431191E-06
 2.15431536E-06
 2.15431676E-06
 2.15431989E-06
 2.15432370E-06
 2.15432603E-06
 2.15432836E-06
 2.15433252E-06
 2.15433478E-06
 2.15433789E-06
 2.15434055E-06
 2.15434397E-06
 2.15434630E-06
 2.15434900E-06
 2.15435230E-06
 2.15435532E-06
 2.15435862E-06
 2.15436151E-06
 2.15436373E-06
 2.15436698E-06
 2.15436947E-06
 2.15437259E-06
 2.15437578E-06
 2.15437808E-06
 2.15438152E-06
 2.15438485E-06
 2.15438783E-06
 2.15439035E-06
 2.15439358E-06
 2.15439740E-06
 2.15439903E-06
 2.15440318E-06
 2.15440504E-06
 2.15440932E-06
 2.15441209E-06
 2.15441449E-06
 2.15441725E-06
 2.15442085E-06
 2.15442342E-06
 2.15442649E-06
 2.15443082E-06
 2.15443350E-06
 2.15443631E-06
 2.15443976E-06
 2.15444252E-06
 2.15444633E-06
 2.15444886E-06
 2.15445187E-06
 2.15445611E-06
 2.15445874E-06
 2.15446147E-06
 2.15446506E-06
 2.15446819E-06
 2.15447163E-06
 2.15447455E-06
 2.15447768E-06
 2.15448099E-06
 2.15448400E-06
 2.15448708E-06
 2.15449102E-06
 2.15449353E-06
 2.15449754E-06
 2.15450009E-06
 2.15450386E-06
 2.15450801E-06
 2.15451116E-06
 2.15451420E-06
 2.15451734E-06
 2.15452012E-06
 2.15452368E-06
 2.15440732E-06
 2.15440959E-06
 2.15441114E-06
 2.15441405E-06
 2.15441624E-06
 2.15441861E-06
 2.15442116E-06
 2.15442278E-06
 2.15442570E-06
 2.15442768E-06
 2.15443003E-06
 2.15443235E-06
 2.15443482E-06
 2.15443640E-06
 2.15443919E-06
 2.15444109E-06
 2.15444315E-06
 2.15444623E-06
 2.15444861E-06
 2.15445012E-06
 2.15445285E-06
 2.15445471E-06
 2.15445697E-06
 2.15445940E-06
 2.15446223E-06
 2.15446426E-06
 2.15446687E-06
 2.15446874E-06
 2.15447122E-06
 2.15447335E-06
 2.15447613E-06
 2.15447862E-06
 2.15448083E-06
 2.15448314E-06
 2.15448542E-06
 2.15448806E-06
 2.15448996E-06
 2.15449246E-06
 2.15449561E-06
 2.15449759E-06
 2.15449990E-06
 2.15450245E-06
 2.15450455E-06
 2.15435837E-06
 2.15434056E-06
 2.15432913E-06
 2.15432128E-06
 2.15431432E-06
 2.15430934E-06
 2.15430468E-06
 2.15430091E-06
 2.15429678E-06
 2.15441574E-06
 2.15441307E-06
 2.15441047E-06
 2.15440761E-06
 2.15440473E-06
 2.15440249E-06
 2.15439991E-06
 2.15439803E-06
 2.15439531E-06
 2.15439334E-06
 2.15439130E-06
 2.15438915E-06
 2.15438676E-06
 2.15438457E-06
 2.15438256E-06
 2.15438037E-06
 2.15437835E-06
 2.15437622E-06
 2.15437397E-06
 2.15437213E-06
 2.15437005E-06
 2.15436836E-06
 2.15436604E-06
 2.15436453E-06
 2.15436254E-06
 2.15436024E-06
 2.15435859E-06
 2.15435662E-06
 2.15435472E-06
 2.15435277E-06
 2.15435115E-06
 2.15434915E-06
 2.15434743E-06
 2.15434562E-06
 2.15434404E-06
 2.15434178E-06
 2.15434025E-06
 2.15433856E-06
 2.15433651E-06
 2.15433496E-06
 2.15433307E-06
 2.15433139E-06
 2.15432976E-06
 2.15432814E-06
 2.15432649E-06
 2.15432472E-06
 2.15432312E-06
 2.15432159E-06
 2.15431964E-06
 2.15431827E-06
 2.15431652E-06
 2.15431483E-06
 2.15431324E-06
 2.15431177E-06
 2.15431021E-06
 2.15430856E-06
 2.15430688E-06
 2.15430543E-06
 2.15430401E-06
 2.15430242E-06
 2.15430093E-06
 2.15429939E-06
 2.15430098E-06
 2.15430421E-06
 2.15430764E-06
 2.15431096E-06
 2.15431422E-06
 2.15431759E-06
 2.15432109E-06
 2.15432447E-06
 2.15432786E-06
 2.15433130E-06
 2.15433487E-06
 2.15433828E-06
 2.15434184E-06
 2.15434534E-06
 2.15434894E-06
 2.15435253E-06
 2.15435614E-06
 2.15435981E-06
 2.15436348E-06
 2.15436720E-06
 2.15437095E-06
 2.15437474E-06
 2.15437857E-06
 2.15438246E-06
 2.15438639E-06
 2.15439035E-06
 2.15439440E-06
 2.15439848E-06
 2.15440265E-06
 2.15440690E-06
 2.15429326E-06
 1.99661459E-05
 9.07515691E-05
 1.61536992E-04
 2.32322414E-04
 3.03107836E-04
 3.73893257E-04
 4.44678677E-04
 5.15464096E-04
 7.54023577E-04
 1.17118125E-03
 1.58833892E-03
 2.00549660E-03
 2.62004354E-03
 3.38330816E-03
 4.35804619E-03
 1.11420773E-03
 6.45104630E-03
 1.63905910E-02
 2.64588781E-02
 3.66565750E-02
 4.69771684E-02
 5.74259755E-02
 6.80062062E-02
 7.87186008E-02
 1.31398923E-01
 1.93359955E-01
 2.55966835E-01
 3.19224089E-01
 4.30344052E-01
 5.47058636E-01
 7.14874359E-01
 0.00000000E+00
 0.00000000E+00
 0.00000000E+00
 0.00000000E+00
 0.00000000E+00
 0.00000000E+00
 0.00000000E+00
 0.00000000E+00
 0.00000000E+00
 0.00000000E+00
 0.00000000E+00
 0.00000000E+00
 0.00000000E+00
 0.00000000E+00
 0.00000000E+00
 0.00000000E+00
 0.00000000E+00
 0.00000000E+00
 0.00000000E+00
 0.00000000E+00
 0.00000000E+00
 0.00000000E+00
 0.00000000E+00
 0.00000000E+00
 0.00000000E+00
 0.00000000E+00
 0.00000000E+00
 0.00000000E+00
 0.00000000E+00
 0.00000000E+00
 0.00000000E+00
 0.00000000E+00
 0.00000000E+00
 0.00000000E+00
 0.00000000E+00
 0.00000000E+00
 0.00000000E+00
 0.00000000E+00
 0.00000000E+00
 0.00000000E+00
 0.00000000E+00
 0.00000000E+00
 0.00000000E+00
 0.00000000E+00
 0.00000000E+00
 0.00000000E+00
 0.00000000E+00
 0.00000000E+00
 0.00000000E+00
 0.00000000E+00
 0.00000000E+00
 0.00000000E+00
 0.00000000E+00
 0.00000000E+00
 0.00000000E+00
 0.00000000E+00
 0.00000000E+00
 0.00000000E+00
 0.00000000E+00
 0.00000000E+00
 0.00000000E+00
 0.00000000E+00
 0.00000000E+00
 0.00000000E+00
 0.00000000E+00
 0.00000000E+00
 0.00000000E+00
 0.00000000E+00
 0.00000000E+00
 0.00000000E+00
 0.00000000E+00
 0.00000000E+00
 0.00000000E+00
 0.00000000E+00
 0.00000000E+00
 0.00000000E+00
 0.00000000E+00
 0.00000000E+00
 0.00000000E+00
 0.00000000E+00
 0.00000000E+00
 0.00000000E+00
 0.00000000E+00
 0.00000000E+00
 0.00000000E+00
 0.00000000E+00
 0.00000000E+00
 0.00000000E+00
 0.00000000E+00
 0.00000000E+00
 0.00000000E+00
 0.00000000E+00
 0.00000000E+00
 0.00000000E+00
 0.00000000E+00
 0.00000000E+00
 0.00000000E+00
 0.00000000E+00
 0.00000000E+00
 0.00000000E+00
 0.00000000E+00
 0.00000000E+00
 0.00000000E+00
 0.00000000E+00
 0.00000000E+00
 0.00000000E+00
 0.00000000E+00
 0.00000000E+00
 0.00000000E+00
 0.00000000E+00
 0.00000000E+00
 0.00000000E+00
 0.00000000E+00
 0.00000000E+00
 0.00000000E+00
 0.00000000E+00
 0.00000000E+00
 0.00000000E+00
 0.00000000E+00
 0.00000000E+00
 0.00000000E+00
 0.00000000E+00
 0.00000000E+00
 0.00000000E+00
 0.00000000E+00
 0.00000000E+00
 0.00000000E+00
 0.00000000E+00
 0.00000000E+00
 0.00000000E+00
 0.00000000E+00
 0.00000000E+00
 0.00000000E+00
 0.00000000E+00
 0.00000000E+00
 0.00000000E+00
 0.00000000E+00
 0.00000000E+00
 0.00000000E+00
 0.00000000E+00
 0.00000000E+00
 0.00000000E+00
 0.00000000E+00
 0.00000000E+00
 0.00000000E+00
 0.00000000E+00
 0.00000000E+00
 0.00000000E+00
 0.00000000E+00
 0.00000000E+00
 0.00000000E+00
 0.00000000E+00
 0.00000000E+00
 0.00000000E+00
 0.00000000E+00
 0.00000000E+00
 0.00000000E+00
 0.00000000E+00
 0.00000000E+00
 0.00000000E+00
 0.00000000E+00
 0.00000000E+00
 0.00000000E+00
 9.95820398E-02
 1.29243243E-02
 5.16776964E-02
 1.16279717E-01
 1.80881738E-01
 2.06233956E-01
 2.14386823E-01
 1.34839768E-01
 2.42033243E-02
 1.60212755E-06
 1.60213623E-06
 5.14259416E-02
 8.28530063E-03
 1.60216489E-06
 1.60217501E-06
 1.60206307E-06
 1.60206457E-06
 1.60206988E-06
 1.60208004E-06
 1.60208580E-06
 1.60209259E-06
 1.60210260E-06
 1.60210834E-06
 1.60211562E-06
 1.60212321E-06
 1.00552369E-02
 1.60212820E-06
 1.60212909E-06
 1.60213305E-06
 1.60213344E-06
 1.60213751E-06
 1.60213900E-06
 1.60214083E-06
 1.60214334E-06
 1.60214507E-06
 1.60214804E-06
 1.60215123E-06
 1.60215249E-06
 1.60215539E-06
 1.60215693E-06
 1.60216097E-06
 1.60216374E-06
 1.60216928E-06
 1.60217134E-06
 1.60217546E-06
 1.60218032E-06
 1.60218412E-06
 1.60218762E-06
 1.60219261E-06
 1.60219464E-06
 1.60220025E-06
 1.60220385E-06
 1.60220840E-06
 1.60221303E-06
 1.60221523E-06
 1.60210023E-06
 1.60209962E-06
 1.60209996E-06
 1.60210175E-06
 1.60210122E-06
 1.60210285E-06
 1.60210391E-06
 1.60210517E-06
 1.60210550E-06
 1.60210597E-06
 1.60210652E-06
 1.60210676E-06
 1.60210739E-06
 1.60210729E-06
 1.60210855E-06
 1.60210903E-06
 1.60211083E-06
 1.60211137E-06
 1.60211246E-06
 1.60211260E-06
 1.60211252E-06
 1.60211454E-06
 1.60211489E-06
 1.60211657E-06
 1.60211617E-06
 1.60211706E-06
 1.60211882E-06
 1.60211808E-06
 1.60211950E-06
 1.60212004E-06
 1.60212097E-06
 1.60212163E-06
 1.60212329E-06
 1.60212756E-06
 1.60212983E-06
 1.60213166E-06
 1.60213591E-06
 1.60213747E-06
 1.60214163E-06
 1.60214399E-06
 1.60214573E-06
 1.60215032E-06
 1.60215299E-06
 1.60215558E-06
 1.60215775E-06
 1.60216071E-06
 1.60216316E-06
 1.60216725E-06
 1.60216924E-06
 1.60217248E-06
 1.60217597E-06
 1.60217792E-06
 1.60218243E-06
 1.60218359E-06
 1.60218691E-06
 1.60219094E-06
 1.60219409E-06
 1.60219613E-06
 1.60219962E-06
 1.60220301E-06
 1.60220516E-06
 1.60220805E-06
 1.60221192E-06
 1.60221359E-06
 1.60221731E-06
 1.60222129E-06
 1.60222411E-06
 1.60222688E-06
 1.60222982E-06
 1.60223210E-06
 1.60223664E-06
 1.60223802E-06
 1.60224238E-06
 1.60224594E-06
 1.60224834E-06
 1.60225204E-06
 1.60225429E-06
 1.60225747E-06
 1.60226044E-06
 1.60226375E-06
 1.60226653E-06
 1.60226981E-06
 1.60227302E-06
 1.60227616E-06
 1.60227942E-06
 1.60228229E-06
 1.60228621E-06
 1.60228917E-06
 1.60229287E-06
 1.60229553E-06
 1.60229864E-06
 1.60230186E-06
 1.60230598E-06
 1.60230868E-06
 1.60231221E-06
 1.60231525E-06
 1.60231903E-06
 1.60232180E-06
 1.60232501E-06
 1.60232836E-06
 1.60233182E-06
 1.60233517E-06
 1.60233812E-06
 1.60234205E-06
 1.60234553E-06
 1.60222905E-06
 1.60223099E-06
 1.60223332E-06
 1.60223562E-06
 1.60223832E-06
 1.60224009E-06
 1.60224202E-06
 1.60224524E-06
 1.60224639E-06
 1.60224880E-06
 1.60225137E-06
 1.60225391E-06
 1.60225656E-06
 1.60225827E-06
 1.60226014E-06
 1.60226321E-06
 1.60226516E-06
 1.60226727E-06
 1.60226950E-06
 1.60227275E-06
 1.60227508E-06
 1.60227673E-06
 1.60227937E-06
 1.60228118E-06
 1.60228435E-06
 1.60228566E-06
 1.60228837E-06
 1.60229047E-06
 1.60229282E-06
 1.60229573E-06
 1.60229810E-06
 1.60230013E-06
 1.60230280E-06
 1.60230538E-06
 1.60230768E-06
 1.60231012E-06
 1.60231270E-06
 1.60231472E-06
 1.60231699E-06
 1.60231911E-06
 1.60232194E-06
 1.60232489E-06
 1.60232715E-06
 1.60232909E-06
 1.60218546E-06
 1.60216546E-06
 1.60215335E-06
 1.60214478E-06
 1.60213787E-06
 1.60213223E-06
 1.60212797E-06
 1.60212435E-06
 1.60211994E-06
 1.60223887E-06
 1.60223617E-06
 1.60223388E-06
 1.60223128E-06
 1.60222899E-06
 1.60222623E-06
 1.60222416E-06
 1.60222141E-06
 1.60221920E-06
 1.60221709E-06
 1.60221508E-06
 1.60221214E-06
 1.60221050E-06
 1.60220780E-06
 1.60220582E-06
 1.60220361E-06
 1.60220217E-06
 1.60219964E-06
 1.60219756E-06
 1.60219600E-06
 1.60219382E-06
 1.60219176E-06
 1.60218951E-06
 1.60218798E-06
 1.60218583E-06
 1.60218380E-06
 1.60218201E-06
 1.60218010E-06
 1.60217819E-06
 1.60217636E-06
 1.60217452E-06
 1.60217249E-06
 1.60217090E-06
 1.60216909E-06
 1.60216703E-06
 1.60216541E-06
 1.60216369E-06
 1.60216201E-06
 1.60216035E-06
 1.60215839E-06
 1.60215681E-06
 1.60215495E-06
 1.60215330E-06
 1.60215171E-06
 1.60214989E-06
 1.60214808E-06
 1.60214647E-06
 1.60214478E-06
 1.60214298E-06
 1.60214134E-06
 1.60213985E-06
 1.60213824E-06
 1.60213678E-06
 1.60213503E-06
 1.60213344E-06
 1.60213182E-06
 1.60213044E-06
 1.60212889E-06
 1.60212736E-06
 1.60212575E-06
 1.60212424E-06
 1.60212273E-06
 1.60212420E-06
 1.60212751E-06
 1.60213086E-06
 1.60213428E-06
 1.60213768E-06
 1.60214105E-06
 1.60214455E-06
 1.60214805E-06
 1.60215146E-06
 1.60215490E-06
 1.60215840E-06
 1.60216193E-06
 1.60216552E-06
 1.60216904E-06
 1.60217261E-06
 1.60217627E-06
 1.60217992E-06
 1.60218358E-06
 1.60218731E-06
 1.60219104E-06
 1.60219482E-06
 1.60219864E-06
 1.60220250E-06
 1.60220642E-06
 1.60221036E-06
 1.60221437E-06
 1.60221844E-06
 1.60222257E-06
 1.60222677E-06
 1.60223102E-06
 1.60211653E-06
 1.21794148E-05
 5.62803326E-05
 1.00381250E-04
 1.44482167E-04
 1.88583083E-04
 2.32683999E-04
 2.76784914E-04
 3.20885828E-04
 5.45519638E-04
 9.62333625E-04
 1.37914761E-03
 1.79596160E-03
 2.42517584E-03
 3.21441743E-03
 4.23121449E-03
 1.07978260E-03
 3.99537519E-03
 1.01608885E-02
 1.64172170E-02
 2.27647735E-02
 2.91962380E-02
 3.57170136E-02
 4.23302296E-02
 4.90363510E-02
 1.00852100E-01
 1.62604457E-01
 2.25001609E-01
 2.88048063E-01
 4.02546259E-01
 5.23013440E-01
 6.98416654E-01
 0.00000000E+00
 0.00000000E+00
 0.00000000E+00
 0.00000000E+00
 0.00000000E+00
 0.00000000E+00
 0.00000000E+00
 0.00000000E+00
 0.00000000E+00
 0.00000000E+00
 0.00000000E+00
 0.00000000E+00
 0.00000000E+00
 0.00000000E+00
 0.00000000E+00
 0.00000000E+00
 0.00000000E+00
 0.00000000E+00
 0.00000000E+00
 0.00000000E+00
 0.00000000E+00
 0.00000000E+00
 0.00000000E+00
 0.00000000E+00
 0.00000000E+00
 0.00000000E+00
 0.00000000E+00
 0.00000000E+00
 0.00000000E+00
 0.00000000E+00
 0.00000000E+00
 0.00000000E+00
 0.00000000E+00
 0.00000000E+00
 0.00000000E+00
 0.00000000E+00
 0.00000000E+00
 0.00000000E+00
 0.00000000E+00
 0.00000000E+00
 0.00000000E+00
 0.00000000E+00
 0.00000000E+00
 0.00000000E+00
 0.00000000E+00
 0.00000000E+00
 0.00000000E+00
 0.00000000E+00
 0.00000000E+00
 0.00000000E+00
 0.00000000E+00
 0.00000000E+00
 0.00000000E+00
 0.00000000E+00
 0.00000000E+00
 0.00000000E+00
 0.00000000E+00
 0.00000000E+00
 0.00000000E+00
 0.00000000E+00
 0.00000000E+00
 0.00000000E+00
 0.00000000E+00
 0.00000000E+00
 0.00000000E+00
 0.00000000E+00
 0.00000000E+00
 0.00000000E+00
 0.00000000E+00
 0.00000000E+00
 0.00000000E+00
 0.00000000E+00
 0.00000000E+00
 0.00000000E+00
 0.00000000E+00
 0.00000000E+00
 0.00000000E+00
 0.00000000E+00
 0.00000000E+00
 0.00000000E+00
 0.00000000E+00
 0.00000000E+00
 0.00000000E+00
 0.00000000E+00
 0.00000000E+00
 0.00000000E+00
 0.00000000E+00
 0.00000000E+00
 0.00000000E+00
 0.00000000E+00
 0.00000000E+00
 0.00000000E+00
 0.00000000E+00
 0.00000000E+00
 0.00000000E+00
 0.00000000E+00
 0.00000000E+00
 0.00000000E+00
 0.00000000E+00
 0.00000000E+00
 0.00000000E+00
 0.00000000E+00
 0.00000000E+00
 0.00000000E+00
 0.00000000E+00
 0.00000000E+00
 0.00000000E+00
 0.00000000E+00
 0.00000000E+00
 0.00000000E+00
 0.00000000E+00
 0.00000000E+00
 0.00000000E+00
 0.00000000E+00
 0.00000000E+00
 0.00000000E+00
 0.00000000E+00
 0.00000000E+00
 0.00000000E+00
 0.00000000E+00
 0.00000000E+00
 0.00000000E+00
 0.00000000E+00
 0.00000000E+00
 0.00000000E+00
 0.00000000E+00
 0.00000000E+00
 0.00000000E+00
 0.00000000E+00
 0.00000000E+00
 0.00000000E+00
 0.00000000E+00
 0.00000000E+00
 0.00000000E+00
 0.00000000E+00
 0.00000000E+00
 0.00000000E+00
 0.00000000E+00
 0.00000000E+00
 0.00000000E+00
 0.00000000E+00
 0.00000000E+00
 0.00000000E+00
 0.00000000E+00
 0.00000000E+00
 0.00000000E+00
 0.00000000E+00
 0.00000000E+00
 0.00000000E+00
 0.00000000E+00
 0.00000000E+00
 0.00000000E+00
 0.00000000E+00
 0.00000000E+00
 0.00000000E+00
 0.00000000E+00
 0.00000000E+00
 0.00000000E+00
 0.00000000E+00
 0.00000000E+00
 0.00000000E+00
 0.00000000E+00
 0.00000000E+00
 6.95693652E-02
 1.86959855E-02
 8.33494345E-02
 1.48002884E-01
 2.12656332E-01
 2.35290590E-01
 2.39511943E-01
 1.49845440E-01
 2.68959403E-02
 7.37262351E-07
 7.37270329E-07
 5.50554335E-02
 8.87087316E-03
 7.37298704E-07
 7.37307697E-07
 7.37196403E-07
 7.37195696E-07
 7.37203293E-07
 7.37211369E-07
 7.37220447E-07
 7.37227595E-07
 7.37235490E-07
 7.37242618E-07
 7.37251104E-07
 7.37257441E-07
 1.07637369E-02
 7.37261729E-07
 7.37263294E-07
 7.37265615E-07
 7.37267684E-07
 7.37269335E-07
 7.37273455E-07
 7.37275995E-07
 7.37277696E-07
 7.37278938E-07
 7.37282492E-07
 7.37283573E-07
 7.37286736E-07
 7.37288441E-07
 7.37292358E-07
 7.37294478E-07
 7.37298548E-07
 7.37302706E-07
 7.37307286E-07
 7.37310912E-07
 7.37314698E-07
 7.37318868E-07
 7.37322531E-07
 7.37326729E-07
 7.37331304E-07
 7.37333444E-07
 7.37338057E-07
 7.37343021E-07
 7.37346348E-07
 7.37350175E-07
 7.37234348E-07
 7.37234358E-07
 7.37235587E-07
 7.37234462E-07
 7.37235859E-07
 7.37236361E-07
 7.37237408E-07
 7.37237105E-07
 7.37238740E-07
 7.37240467E-07
 7.37240391E-07
 7.37240314E-07
 7.37241650E-07
 7.37242222E-07
 7.37242334E-07
 7.37243354E-07
 7.37244908E-07
 7.37245578E-07
 7.37246666E-07
 7.37247505E-07
 7.37247339E-07
 7.37248545E-07
 7.37248041E-07
 7.37250189E-07
 7.37250177E-07
 7.37251078E-07
 7.37251417E-07
 7.37252260E-07
 7.37253197E-07
 7.37253188E-07
 7.37254843E-07
 7.37256483E-07
 7.37257124E-07
 7.37260033E-07
 7.37264101E-07
 7.37265759E-07
 7.37270094E-07
 7.37272914E-07
 7.37274538E-07
 7.37278057E-07
 7.37280305E-07
 7.37283726E-07
 7.37286779E-07
 7.37289365E-07
 7.37291496E-07
 7.37295549E-07
 7.37297538E-07
 7.37300785E-07
 7.37304904E-07
 7.37307206E-07
 7.37309103E-07
 7.37312674E-07
 7.37315228E-07
 7.37319058E-07
 7.37321779E-07
 7.37325089E-07
 7.37327258E-07
 7.37331088E-07
 7.37333147E-07
 7.37336512E-07
 7.37340876E-07
 7.37343318E-07
 7.37346661E-07
 7.37348651E-07
 7.37351180E-07
 7.37355324E-07
 7.37357986E-07
 7.37361637E-07
 7.37364031E-07
 7.37368146E-07
 7.37370387E-07
 7.37373438E-07
 7.37376193E-07
 7.37379700E-07
 7.37382840E-07
 7.37385818E-07
 7.37388634E-07
 7.37392056E-07
 7.37396241E-07
 7.37399394E-07
 7.37401943E-07
 7.37404449E-07
 7.37408105E-07
 7.37411616E-07
 7.37414683E-07
 7.37417520E-07
 7.37420884E-07
 7.37424700E-07
 7.37427460E-07
 7.37430377E-07
 7.37433403E-07
 7.37437504E-07
 7.37439936E-07
 7.37443368E-07
 7.37447302E-07
 7.37450447E-07
 7.37454027E-07
 7.37456519E-07
 7.37460358E-07
 7.37464270E-07
 7.37466593E-07
 7.37471054E-07
 7.37473895E-07
 7.37477406E-07
 7.37361489E-07
 7.37364182E-07
 7.37365684E-07
 7.37367369E-07
 7.37370368E-07
 7.37372401E-07
 7.37374806E-07
 7.37377135E-07
 7.37379633E-07
 7.37382055E-07
 7.37383695E-07
 7.37386387E-07
 7.37389004E-07
 7.37390632E-07
 7.37393491E-07
 7.37395198E-07
 7.37398083E-07
 7.37399826E-07
 7.37402757E-07
 7.37404557E-07
 7.37407553E-07
 7.37409593E-07
 7.37411590E-07
 7.37413935E-07
 7.37416232E-07
 7.37418667E-07
 7.37421277E-07
 7.37423246E-07
 7.37425394E-07
 7.37428113E-07
 7.37431040E-07
 7.37433417E-07
 7.37435407E-07
 7.37438054E-07
 7.37440376E-07
 7.37442792E-07
 7.37444947E-07
 7.37447259E-07
 7.37449765E-07
 7.37451882E-07
 7.37454472E-07
 7.37456938E-07
 7.37459396E-07
 7.37462046E-07
 7.37464381E-07
 7.37322919E-07
 7.37300846E-07
 7.37288207E-07
 7.37279449E-07
 7.37272174E-07
 7.37267004E-07
 7.37262147E-07
 7.37258828E-07
 7.37376548E-07
 7.37373387E-07
 7.37371016E-07
 7.37368396E-07
 7.37366140E-07
 7.37362950E-07
 7.37360718E-07
 7.37358401E-07
 7.37356209E-07
 7.37353351E-07
 7.37351757E-07
 7.37349096E-07
 7.37346576E-07
 7.37344646E-07
 7.37342519E-07
 7.37340332E-07
 7.37338507E-07
 7.37335894E-07
 7.37334248E-07
 7.37332001E-07
 7.37330038E-07
 7.37327918E-07
 7.37326015E-07
 7.37324209E-07
 7.37322386E-07
 7.37320029E-07
 7.37317971E-07
 7.37316484E-07
 7.37314520E-07
 7.37312370E-07
 7.37310572E-07
 7.37308937E-07
 7.37306698E-07
 7.37305044E-07
 7.37303378E-07
 7.37301611E-07
 7.37299790E-07
 7.37298088E-07
 7.37296172E-07
 7.37294433E-07
 7.37292558E-07
 7.37290846E-07
 7.37288988E-07
 7.37287407E-07
 7.37285709E-07
 7.37283924E-07
 7.37282447E-07
 7.37280708E-07
 7.37279007E-07
 7.37277255E-07
 7.37275698E-07
 7.37273856E-07
 7.37272448E-07
 7.37270772E-07
 7.37269303E-07
 7.37267615E-07
 7.37266149E-07
 7.37264517E-07
 7.37262962E-07
 7.37261279E-07
 7.37259920E-07
 7.37258318E-07
 7.37256908E-07
 7.37258368E-07
 7.37261671E-07
 7.37265206E-07
 7.37268514E-07
 7.37271946E-07
 7.37275370E-07
 7.37278817E-07
 7.37282271E-07
 7.37285759E-07
 7.37289281E-07
 7.37292757E-07
 7.37296388E-07
 7.37299951E-07
 7.37303551E-07
 7.37307115E-07
 7.37310766E-07
 7.37314436E-07
 7.37318149E-07
 7.37321891E-07
 7.37325675E-07
 7.37329477E-07
 7.37333323E-07
 7.37337209E-07
 7.37341154E-07
 7.37345153E-07
 7.37349170E-07
 7.37353277E-07
 7.37357401E-07
 7.37361667E-07
 7.37365959E-07
 7.37250582E-07
 4.71891634E-06
 2.21786686E-05
 3.96384204E-05
 5.70981717E-05
 7.45579225E-05
 9.20176726E-05
 1.09477422E-04
 1.26937171E-04
 3.37667862E-04
 7.54138591E-04
 1.17060932E-03
 1.58708004E-03
 2.23093757E-03
 3.04611366E-03
 4.10490110E-03
 1.04572558E-03
 1.54409059E-03
 3.94181588E-03
 6.39246502E-03
 8.89619718E-03
 1.14448867E-02
 1.40440230E-02
 1.66966546E-02
 1.94029721E-02
 7.03554446E-02
 1.31899348E-01
 1.94086994E-01
 2.56922874E-01
 3.74793696E-01
 4.99007280E-01
 6.81985610E-01
 0.00000000E+00
 0.00000000E+00
 0.00000000E+00
 0.00000000E+00
 0.00000000E+00
 0.00000000E+00
 0.00000000E+00
 0.00000000E+00
 0.00000000E+00
 0.00000000E+00
 0.00000000E+00
 0.00000000E+00
 0.00000000E+00
 0.00000000E+00
 0.00000000E+00
 0.00000000E+00
 0.00000000E+00
 0.00000000E+00
 0.00000000E+00
 0.00000000E+00
 0.00000000E+00
 0.00000000E+00
 0.00000000E+00
 0.00000000E+00
 0.00000000E+00
 0.00000000E+00
 0.00000000E+00
 0.00000000E+00
 0.00000000E+00
 0.00000000E+00
 0.00000000E+00
 0.00000000E+00
 0.00000000E+00
 0.00000000E+00
 0.00000000E+00
 0.00000000E+00
 0.00000000E+00
 0.00000000E+00
 0.00000000E+00
 0.00000000E+00
 0.00000000E+00
 0.00000000E+00
 0.00000000E+00
 0.00000000E+00
 0.00000000E+00
 0.00000000E+00
 0.00000000E+00
 0.00000000E+00
 0.00000000E+00
 0.00000000E+00
 0.00000000E+00
 0.00000000E+00
 0.00000000E+00
 0.00000000E+00
 0.00000000E+00
 0.00000000E+00
 0.00000000E+00
 0.00000000E+00
 0.00000000E+00
 0.00000000E+00
 0.00000000E+00
 0.00000000E+00
 0.00000000E+00
 0.00000000E+00
 0.00000000E+00
 0.00000000E+00
 0.00000000E+00
 0.00000000E+00
 0.00000000E+00
 0.00000000E+00
 0.00000000E+00
 0.00000000E+00
 0.00000000E+00
 0.00000000E+00
 0.00000000E+00
 0.00000000E+00
 0.00000000E+00
 0.00000000E+00
 0.00000000E+00
 0.00000000E+00
 0.00000000E+00
 0.00000000E+00
 0.00000000E+00
 0.00000000E+00
 0.00000000E+00
 0.00000000E+00
 0.00000000E+00
 0.00000000E+00
 0.00000000E+00
 0.00000000E+00
 0.00000000E+00
 0.00000000E+00
 0.00000000E+00
 0.00000000E+00
 0.00000000E+00
 0.00000000E+00
 0.00000000E+00
 0.00000000E+00
 0.00000000E+00
 0.00000000E+00
 0.00000000E+00
 0.00000000E+00
 0.00000000E+00
 0.00000000E+00
 0.00000000E+00
 0.00000000E+00
 0.00000000E+00
 0.00000000E+00
 0.00000000E+00
 0.00000000E+00
 0.00000000E+00
 0.00000000E+00
 0.00000000E+00
 0.00000000E+00
 0.00000000E+00
 0.00000000E+00
 0.00000000E+00
 0.00000000E+00
 0.00000000E+00
 0.00000000E+00
 0.00000000E+00
 0.00000000E+00
 0.00000000E+00
 0.00000000E+00
 0.00000000E+00
 0.00000000E+00
 0.00000000E+00
 0.00000000E+00
 0.00000000E+00
 0.00000000E+00
 0.00000000E+00
 0.00000000E+00
 0.00000000E+00
 0.00000000E+00
 0.00000000E+00
 0.00000000E+00
 0.00000000E+00
 0.00000000E+00
 0.00000000E+00
 0.00000000E+00
 0.00000000E+00
 0.00000000E+00
 0.00000000E+00
 0.00000000E+00
 0.00000000E+00
 0.00000000E+00
 0.00000000E+00
 0.00000000E+00
 0.00000000E+00
 0.00000000E+00
 0.00000000E+00
 0.00000000E+00
 0.00000000E+00
 0.00000000E+00
 0.00000000E+00
 0.00000000E+00
 0.00000000E+00
 0.00000000E+00
 0.00000000E+00
 0.00000000E+00
 0.00000000E+00
 0.00000000E+00
 0.00000000E+00
 7.10201271E-02
 1.97742721E-02
 8.87029933E-02
 1.57631715E-01
 2.26560436E-01
 2.50705086E-01
 2.55225257E-01
 1.59679715E-01
 2.86611421E-02
 8.29319003E-07
 8.29327140E-07
 5.86780583E-02
 9.45453644E-03
 8.29355748E-07
 8.29364411E-07
 8.29252321E-07
 8.29253131E-07
 8.29260074E-07
 8.29268779E-07
 8.29275974E-07
 8.29283413E-07
 8.29292796E-07
 8.29301221E-07
 8.29307675E-07
 8.29316312E-07
 1.14720384E-02
 8.29318377E-07
 8.29322352E-07
 8.29324241E-07
 8.29325718E-07
 8.29327479E-07
 8.29329803E-07
 8.29333855E-07
 8.29335150E-07
 8.29336655E-07
 8.29339845E-07
 8.29340868E-07
 8.29344625E-07
 8.29346716E-07
 8.29348329E-07
 8.29351389E-07
 8.29354567E-07
 8.29358926E-07
 8.29362708E-07
 8.29367391E-07
 8.29371605E-07
 8.29375653E-07
 8.29380208E-07
 8.29385085E-07
 8.29387844E-07
 8.29392610E-07
 8.29396579E-07
 8.29401916E-07
 8.29404228E-07
 8.29289607E-07
 8.29290647E-07
 8.29291866E-07
 8.29292405E-07
 8.29293529E-07
 8.29294074E-07
 8.29294450E-07
 8.29296045E-07
 8.29295519E-07
 8.29297264E-07
 8.29298641E-07
 8.29298171E-07
 8.29299099E-07
 8.29299246E-07
 8.29301061E-07
 8.29301639E-07
 8.29301306E-07
 8.29303254E-07
 8.29303869E-07
 8.29302810E-07
 8.29303839E-07
 8.29306262E-07
 8.29306554E-07
 8.29306747E-07
 8.29308188E-07
 8.29308468E-07
 8.29309902E-07
 8.29310108E-07
 8.29310685E-07
 8.29311653E-07
 8.29311307E-07
 8.29312267E-07
 8.29314409E-07
 8.29314264E-07
 8.29317600E-07
 8.29320100E-07
 8.29323659E-07
 8.29326009E-07
 8.29330011E-07
 8.29333005E-07
 8.29335685E-07
 8.29338565E-07
 8.29340737E-07
 8.29344270E-07
 8.29346720E-07
 8.29350200E-07
 8.29352749E-07
 8.29355349E-07
 8.29358213E-07
 8.29362530E-07
 8.29365492E-07
 8.29367761E-07
 8.29369556E-07
 8.29373507E-07
 8.29376901E-07
 8.29379139E-07
 8.29383103E-07
 8.29385574E-07
 8.29388184E-07
 8.29391832E-07
 8.29395001E-07
 8.29397404E-07
 8.29400712E-07
 8.29403138E-07
 8.29405814E-07
 8.29409848E-07
 8.29412601E-07
 8.29416345E-07
 8.29418519E-07
 8.29421560E-07
 8.29424901E-07
 8.29427661E-07
 8.29430397E-07
 8.29434661E-07
 8.29437704E-07
 8.29440554E-07
 8.29444281E-07
 8.29445952E-07
 8.29449699E-07
 8.29453676E-07
 8.29455727E-07
 8.29460021E-07
 8.29463130E-07
 8.29466046E-07
 8.29468491E-07
 8.29472769E-07
 8.29475436E-07
 8.29478307E-07
 8.29481356E-07
 8.29484528E-07
 8.29488780E-07
 8.29491817E-07
 8.29494415E-07
 8.29497496E-07
 8.29501255E-07
 8.29504220E-07
 8.29507569E-07
 8.29511009E-07
 8.29514323E-07
 8.29518641E-07
 8.29521763E-07
 8.29524181E-07
 8.29528472E-07
 8.29531050E-07
 8.29415227E-07
 8.29418081E-07
 8.29419964E-07
 8.29422036E-07
 8.29424235E-07
 8.29426804E-07
 8.29429102E-07
 8.29431746E-07
 8.29433183E-07
 8.29435662E-07
 8.29438455E-07
 8.29439862E-07
 8.29442691E-07
 8.29445218E-07
 8.29446749E-07
 8.29449271E-07
 8.29451886E-07
 8.29454421E-07
 8.29456855E-07
 8.29459172E-07
 8.29460753E-07
 8.29463091E-07
 8.29465541E-07
 8.29467935E-07
 8.29470420E-07
 8.29473033E-07
 8.29475612E-07
 8.29477482E-07
 8.29479505E-07
 8.29482725E-07
 8.29485126E-07
 8.29487067E-07
 8.29489259E-07
 8.29492045E-07
 8.29494473E-07
 8.29496572E-07
 8.29499355E-07
 8.29501261E-07
 8.29504072E-07
 8.29506278E-07
 8.29508693E-07
 8.29510614E-07
 8.29513528E-07
 8.29516208E-07
 8.29518188E-07
 8.29520737E-07
 8.29382288E-07
 8.29357081E-07
 8.29343984E-07
 8.29334652E-07
 8.29327622E-07
 8.29321806E-07
 8.29317663E-07
 8.29313303E-07
 8.29432075E-07
 8.29429162E-07
 8.29426454E-07
 8.29423608E-07
 8.29421168E-07
 8.29419066E-07
 8.29416169E-07
 8.29413981E-07
 8.29411345E-07
 8.29409028E-07
 8.29406863E-07
 8.29405035E-07
 8.29402525E-07
 8.29400182E-07
 8.29398495E-07
 8.29396509E-07
 8.29394322E-07
 8.29391845E-07
 8.29390124E-07
 8.29388004E-07
 8.29385976E-07
 8.29384086E-07
 8.29382215E-07
 8.29380384E-07
 8.29378340E-07
 8.29376295E-07
 8.29374200E-07
 8.29372566E-07
 8.29370661E-07
 8.29368951E-07
 8.29367118E-07
 8.29364983E-07
 8.29363430E-07
 8.29361372E-07
 8.29359722E-07
 8.29358292E-07
 8.29356231E-07
 8.29354419E-07
 8.29352848E-07
 8.29351053E-07
 8.29349161E-07
 8.29347630E-07
 8.29346002E-07
 8.29344244E-07
 8.29342755E-07
 8.29341156E-07
 8.29339481E-07
 8.29337858E-07
 8.29336081E-07
 8.29334318E-07
 8.29332909E-07
 8.29331412E-07
 8.29329741E-07
 8.29328070E-07
 8.29326671E-07
 8.29324880E-07
 8.29323554E-07
 8.29321898E-07
 8.29320334E-07
 8.29318898E-07
 8.29317423E-07
 8.29316109E-07
 8.29314449E-07
 8.29315961E-07
 8.29319328E-07
 8.29322610E-07
 8.29325993E-07
 8.29329357E-07
 8.29332722E-07
 8.29336093E-07
 8.29339517E-07
 8.29342847E-07
 8.29346342E-07
 8.29349789E-07
 8.29353288E-07
 8.29356735E-07
 8.29360311E-07
 8.29363839E-07
 8.29367456E-07
 8.29371070E-07
 8.29374686E-07
 8.29378370E-07
 8.29382070E-07
 8.29385811E-07
 8.29389595E-07
 8.29393419E-07
 8.29397286E-07
 8.29401207E-07
 8.29405215E-07
 8.29409238E-07
 8.29413329E-07
 8.29417499E-07
 8.29421780E-07
 8.29305401E-07
 8.29310559E-07
 8.29309127E-07
 8.29308177E-07
 8.29307767E-07
 8.29307852E-07
 8.29308639E-07
 8.29310119E-07
 8.29312425E-07
 1.96307873E-04
 6.03300774E-04
 1.01029367E-03
 1.41728657E-03
 2.06662841E-03
 2.89856164E-03
 3.99013593E-03
 1.01394048E-03
 6.29486183E-05
 1.34350791E-04
 1.77659954E-04
 1.92883280E-04
 1.88861633E-04
 1.59929234E-04
 1.03025421E-04
 1.81397786E-05
 4.92479952E-02
 1.09289785E-01
 1.69961000E-01
 2.31266021E-01
 3.51169906E-01
 4.77776192E-01
 6.66956110E-01
 0.00000000E+00
 0.00000000E+00
 0.00000000E+00
 0.00000000E+00
 0.00000000E+00
 0.00000000E+00
 0.00000000E+00
 0.00000000E+00
 0.00000000E+00
 0.00000000E+00
 0.00000000E+00
 0.00000000E+00
 0.00000000E+00
 0.00000000E+00
 0.00000000E+00
 0.00000000E+00
 0.00000000E+00
 0.00000000E+00
 0.00000000E+00
 0.00000000E+00
 0.00000000E+00
 0.00000000E+00
 0.00000000E+00
 0.00000000E+00
 0.00000000E+00
 0.00000000E+00
 0.00000000E+00
 0.00000000E+00
 0.00000000E+00
 0.00000000E+00
 0.00000000E+00
 0.00000000E+00
 0.00000000E+00
 0.00000000E+00
 0.00000000E+00
 0.00000000E+00
 0.00000000E+00
 0.00000000E+00
 0.00000000E+00
 0.00000000E+00
 0.00000000E+00
 0.00000000E+00
 0.00000000E+00
 0.00000000E+00
 0.00000000E+00
 0.00000000E+00
 0.00000000E+00
 0.00000000E+00
 0.00000000E+00
 0.00000000E+00
 0.00000000E+00
 0.00000000E+00
 0.00000000E+00
 0.00000000E+00
 0.00000000E+00
 0.00000000E+00
 0.00000000E+00
 0.00000000E+00
 0.00000000E+00
 0.00000000E+00
 0.00000000E+00
 0.00000000E+00
 0.00000000E+00
 0.00000000E+00
 0.00000000E+00
 0.00000000E+00
 0.00000000E+00
 0.00000000E+00
 0.00000000E+00
 0.00000000E+00
 0.00000000E+00
 0.00000000E+00
 0.00000000E+00
 0.00000000E+00
 0.00000000E+00
 0.00000000E+00
 0.00000000E+00
 0.00000000E+00
 0.00000000E+00
 0.00000000E+00
 0.00000000E+00
 0.00000000E+00
 0.00000000E+00
 0.00000000E+00
 0.00000000E+00
 0.00000000E+00
 0.00000000E+00
 0.00000000E+00
 0.00000000E+00
 0.00000000E+00
 0.00000000E+00
 0.00000000E+00
 0.00000000E+00
 0.00000000E+00
 0.00000000E+00
 0.00000000E+00
 0.00000000E+00
 0.00000000E+00
 0.00000000E+00
 0.00000000E+00
 0.00000000E+00
 0.00000000E+00
 0.00000000E+00
 0.00000000E+00
 0.00000000E+00
 0.00000000E+00
 0.00000000E+00
 0.00000000E+00
 0.00000000E+00
 0.00000000E+00
 0.00000000E+00
 0.00000000E+00
 0.00000000E+00
 0.00000000E+00
 0.00000000E+00
 0.00000000E+00
 0.00000000E+00
 0.00000000E+00
 0.00000000E+00
 0.00000000E+00
 0.00000000E+00
 0.00000000E+00
 0.00000000E+00
 0.00000000E+00
 0.00000000E+00
 0.00000000E+00
 0.00000000E+00
 0.00000000E+00
 0.00000000E+00
 0.00000000E+00
 0.00000000E+00
 0.00000000E+00
 0.00000000E+00
 0.00000000E+00
 0.00000000E+00
 0.00000000E+00
 0.00000000E+00
 0.00000000E+00
 0.00000000E+00
 0.00000000E+00
 0.00000000E+00
 0.00000000E+00
 0.00000000E+00
 0.00000000E+00
 0.00000000E+00
 0.00000000E+00
 0.00000000E+00
 0.00000000E+00
 0.00000000E+00
 0.00000000E+00
 0.00000000E+00
 0.00000000E+00
 0.00000000E+00
 0.00000000E+00
 0.00000000E+00
 0.00000000E+00
 0.00000000E+00
 0.00000000E+00
 0.00000000E+00
 0.00000000E+00
 0.00000000E+00
 0.00000000E+00
 0.00000000E+00
 1.32393094E-01
 3.73111136E-02
 4.39432721E-02
 1.25197658E-01
 2.06452043E-01
 2.40161982E-01
 2.53037837E-01
 1.59680183E-01
 2.86630306E-02
 3.02851077E-06
 3.02852112E-06
 6.22926770E-02
 1.00351420E-02
 3.02854777E-06
 3.02855617E-06
 3.02844383E-06
 3.02844344E-06
 3.02845179E-06
 3.02845891E-06
 3.02846625E-06
 3.02847551E-06
 3.02848327E-06
 3.02849224E-06
 3.02849906E-06
 3.02850693E-06
 1.21812938E-02
 3.02851027E-06
 3.02851460E-06
 3.02851533E-06
 3.02851770E-06
 3.02851972E-06
 3.02852213E-06
 3.02852521E-06
 3.02852668E-06
 3.02852857E-06
 3.02853159E-06
 3.02853348E-06
 3.02853540E-06
 3.02853929E-06
 3.02854041E-06
 3.02854242E-06
 3.02854735E-06
 3.02855161E-06
 3.02855470E-06
 3.02855971E-06
 3.02856408E-06
 3.02856892E-06
 3.02857286E-06
 3.02857734E-06
 3.02858148E-06
 3.02858552E-06
 3.02858933E-06
 3.02859432E-06
 3.02859766E-06
 3.02848182E-06
 3.02848465E-06
 3.02848566E-06
 3.02848551E-06
 3.02848592E-06
 3.02848536E-06
 3.02848676E-06
 3.02848860E-06
 3.02848864E-06
 3.02848869E-06
 3.02849016E-06
 3.02849118E-06
 3.02849175E-06
 3.02849145E-06
 3.02849243E-06
 3.02849213E-06
 3.02849407E-06
 3.02849467E-06
 3.02849566E-06
 3.02849524E-06
 3.02849759E-06
 3.02849811E-06
 3.02849856E-06
 3.02849988E-06
 3.02850033E-06
 3.02849991E-06
 3.02850161E-06
 3.02850232E-06
 3.02850308E-06
 3.02850415E-06
 3.02850317E-06
 3.02850541E-06
 3.02850556E-06
 3.02850751E-06
 3.02850995E-06
 3.02851345E-06
 3.02851668E-06
 3.02851926E-06
 3.02852152E-06
 3.02852403E-06
 3.02852644E-06
 3.02852997E-06
 3.02853272E-06
 3.02853492E-06
 3.02853967E-06
 3.02854166E-06
 3.02854364E-06
 3.02854742E-06
 3.02854991E-06
 3.02855345E-06
 3.02855532E-06
 3.02855971E-06
 3.02856148E-06
 3.02856564E-06
 3.02856713E-06
 3.02857034E-06
 3.02857373E-06
 3.02857674E-06
 3.02857956E-06
 3.02858193E-06
 3.02858516E-06
 3.02858902E-06
 3.02859055E-06
 3.02859487E-06
 3.02859682E-06
 3.02860118E-06
 3.02860255E-06
 3.02860646E-06
 3.02860962E-06
 3.02861193E-06
 3.02861610E-06
 3.02861801E-06
 3.02862091E-06
 3.02862417E-06
 3.02862832E-06
 3.02863064E-06
 3.02863373E-06
 3.02863711E-06
 3.02863986E-06
 3.02864276E-06
 3.02864578E-06
 3.02864970E-06
 3.02865233E-06
 3.02865576E-06
 3.02865839E-06
 3.02866175E-06
 3.02866524E-06
 3.02866888E-06
 3.02867158E-06
 3.02867511E-06
 3.02867842E-06
 3.02868121E-06
 3.02868493E-06
 3.02868762E-06
 3.02869067E-06
 3.02869410E-06
 3.02869735E-06
 3.02870064E-06
 3.02870369E-06
 3.02870750E-06
 3.02871097E-06
 3.02871369E-06
 3.02871676E-06
 3.02872022E-06
 3.02860404E-06
 3.02860645E-06
 3.02860764E-06
 3.02861016E-06
 3.02861279E-06
 3.02861443E-06
 3.02861687E-06
 3.02861967E-06
 3.02862123E-06
 3.02862402E-06
 3.02862557E-06
 3.02862815E-06
 3.02863060E-06
 3.02863313E-06
 3.02863446E-06
 3.02863675E-06
 3.02863894E-06
 3.02864207E-06
 3.02864401E-06
 3.02864584E-06
 3.02864880E-06
 3.02865062E-06
 3.02865232E-06
 3.02865497E-06
 3.02865772E-06
 3.02865935E-06
 3.02866212E-06
 3.02866401E-06
 3.02866704E-06
 3.02866902E-06
 3.02867153E-06
 3.02867323E-06
 3.02867615E-06
 3.02867765E-06
 3.02868075E-06
 3.02868234E-06
 3.02868478E-06
 3.02868712E-06
 3.02869035E-06
 3.02869183E-06
 3.02869461E-06
 3.02869689E-06
 3.02869904E-06
 3.02870189E-06
 3.02870415E-06
 3.02870683E-06
 3.02857340E-06
 3.02854365E-06
 3.02852916E-06
 3.02852006E-06
 3.02851278E-06
 3.02850610E-06
 3.02850113E-06
 3.02849744E-06
 3.02861613E-06
 3.02861416E-06
 3.02861146E-06
 3.02860855E-06
 3.02860655E-06
 3.02860413E-06
 3.02860120E-06
 3.02859934E-06
 3.02859702E-06
 3.02859520E-06
 3.02859242E-06
 3.02859033E-06
 3.02858876E-06
 3.02858667E-06
 3.02858436E-06
 3.02858273E-06
 3.02858085E-06
 3.02857840E-06
 3.02857675E-06
 3.02857478E-06
 3.02857296E-06
 3.02857103E-06
 3.02856917E-06
 3.02856744E-06
 3.02856563E-06
 3.02856407E-06
 3.02856193E-06
 3.02856024E-06
 3.02855855E-06
 3.02855695E-06
 3.02855543E-06
 3.02855350E-06
 3.02855208E-06
 3.02855030E-06
 3.02854855E-06
 3.02854703E-06
 3.02854523E-06
 3.02854367E-06
 3.02854200E-06
 3.02854046E-06
 3.02853867E-06
 3.02853739E-06
 3.02853581E-06
 3.02853415E-06
 3.02853259E-06
 3.02853107E-06
 3.02852956E-06
 3.02852794E-06
 3.02852669E-06
 3.02852505E-06
 3.02852377E-06
 3.02852206E-06
 3.02852066E-06
 3.02851936E-06
 3.02851787E-06
 3.02851647E-06
 3.02851495E-06
 3.02851357E-06
 3.02851210E-06
 3.02851082E-06
 3.02850951E-06
 3.02850823E-06
 3.02850695E-06
 3.02850828E-06
 3.02851135E-06
 3.02851434E-06
 3.02851747E-06
 3.02852059E-06
 3.02852373E-06
 3.02852675E-06
 3.02852994E-06
 3.02853308E-06
 3.02853638E-06
 3.02853951E-06
 3.02854280E-06
 3.02854605E-06
 3.02854933E-06
 3.02855265E-06
 3.02855598E-06
 3.02855932E-06
 3.02856271E-06
 3.02856615E-06
 3.02856962E-06
 3.02857312E-06
 3.02857666E-06
 3.02858024E-06
 3.02858388E-06
 3.02858757E-06
 3.02859131E-06
 3.02859509E-06
 3.02859897E-06
 3.02860286E-06
 3.02860686E-06
 3.02861093E-06
 3.02849472E-06
 3.02849441E-06
 3.02849450E-06
 3.02849521E-06
 3.02849632E-06
 3.02849821E-06
 3.02850090E-06
 3.02850433E-06
 1.81084831E-04
 5.61189785E-04
 9.41294737E-04
 1.32139969E-03
 1.95879122E-03
 2.79002887E-03
 3.89691108E-03
 9.86151801E-04
 6.49611864E-05
 1.36086503E-04
 1.79072946E-04
 1.93927903E-04
 1.90037106E-04
 1.61385979E-04
 1.04725843E-04
 2.00464937E-05
 4.59899690E-02
 1.02063910E-01
 1.58727659E-01
 2.15985306E-01
 3.35374262E-01
 4.61798825E-01
 6.54573702E-01
 0.00000000E+00
 0.00000000E+00
 0.00000000E+00
 0.00000000E+00
 0.00000000E+00
 0.00000000E+00
 0.00000000E+00
 0.00000000E+00
 0.00000000E+00
 0.00000000E+00
 0.00000000E+00
 0.00000000E+00
 0.00000000E+00
 0.00000000E+00
 0.00000000E+00
 0.00000000E+00
 0.00000000E+00
 0.00000000E+00
 0.00000000E+00
 0.00000000E+00
 0.00000000E+00
 0.00000000E+00
 0.00000000E+00
 0.00000000E+00
 0.00000000E+00
 0.00000000E+00
 0.00000000E+00
 0.00000000E+00
 0.00000000E+00
 0.00000000E+00
 0.00000000E+00
 0.00000000E+00
 0.00000000E+00
 0.00000000E+00
 0.00000000E+00
 0.00000000E+00
 0.00000000E+00
 0.00000000E+00
 0.00000000E+00
 0.00000000E+00
 0.00000000E+00
 0.00000000E+00
 0.00000000E+00
 0.00000000E+00
 0.00000000E+00
 0.00000000E+00
 0.00000000E+00
 0.00000000E+00
 0.00000000E+00
 0.00000000E+00
 0.00000000E+00
 0.00000000E+00
 0.00000000E+00
 0.00000000E+00
 0.00000000E+00
 0.00000000E+00
 0.00000000E+00
 0.00000000E+00
 0.00000000E+00
 0.00000000E+00
 0.00000000E+00
 0.00000000E+00
 0.00000000E+00
 0.00000000E+00
 0.00000000E+00
 0.00000000E+00
 0.00000000E+00
 0.00000000E+00
 0.00000000E+00
 0.00000000E+00
 0.00000000E+00
 0.00000000E+00
 0.00000000E+00
 0.00000000E+00
 0.00000000E+00
 0.00000000E+00
 0.00000000E+00
 0.00000000E+00
 0.00000000E+00
 0.00000000E+00
 0.00000000E+00
 0.00000000E+00
 0.00000000E+00
 0.00000000E+00
 0.00000000E+00
 0.00000000E+00
 0.00000000E+00
 0.00000000E+00
 0.00000000E+00
 0.00000000E+00
 0.00000000E+00
 0.00000000E+00
 0.00000000E+00
 0.00000000E+00
 0.00000000E+00
 0.00000000E+00
 0.00000000E+00
 0.00000000E+00
 0.00000000E+00
 0.00000000E+00
 0.00000000E+00
 0.00000000E+00
 0.00000000E+00
 0.00000000E+00
 0.00000000E+00
 0.00000000E+00
 0.00000000E+00
 0.00000000E+00
 0.00000000E+00
 0.00000000E+00
 0.00000000E+00
 0.00000000E+00
 0.00000000E+00
 0.00000000E+00
 0.00000000E+00
 0.00000000E+00
 0.00000000E+00
 0.00000000E+00
 0.00000000E+00
 0.00000000E+00
 0.00000000E+00
 0.00000000E+00
 0.00000000E+00
 0.00000000E+00
 0.00000000E+00
 0.00000000E+00
 0.00000000E+00
 0.00000000E+00
 0.00000000E+00
 0.00000000E+00
 0.00000000E+00
 0.00000000E+00
 0.00000000E+00
 0.00000000E+00
 0.00000000E+00
 0.00000000E+00
 0.00000000E+00
 0.00000000E+00
 0.00000000E+00
 0.00000000E+00
 0.00000000E+00
 0.00000000E+00
 0.00000000E+00
 0.00000000E+00
 0.00000000E+00
 0.00000000E+00
 0.00000000E+00
 0.00000000E+00
 0.00000000E+00
 0.00000000E+00
 0.00000000E+00
 0.00000000E+00
 0.00000000E+00
 0.00000000E+00
 0.00000000E+00
 0.00000000E+00
 0.00000000E+00
 0.00000000E+00
 0.00000000E+00
 0.00000000E+00
 0.00000000E+00
 0.00000000E+00
 0.00000000E+00
 1.93666750E-01
 9.43041748E-02
 7.44149621E-04
 9.28158756E-02
 1.86375901E-01
 2.29635596E-01
 2.50853574E-01
 1.59680287E-01
 2.86645935E-02
 4.91055480E-06
 4.91056039E-06
 6.59017247E-02
 1.06151160E-02
 4.91058860E-06
 4.91059661E-06
 4.91048248E-06
 4.91048319E-06
 4.91049239E-06
 4.91050021E-06
 4.91050946E-06
 4.91051581E-06
 4.91052465E-06
 4.91053406E-06
 4.91054114E-06
 4.91054820E-06
 1.28890810E-02
 4.91055262E-06
 4.91055414E-06
 4.91055629E-06
 4.91055900E-06
 4.91056164E-06
 4.91056319E-06
 4.91056523E-06
 4.91056720E-06
 4.91056900E-06
 4.91057344E-06
 4.91057445E-06
 4.91057655E-06
 4.91057796E-06
 4.91058016E-06
 4.91058477E-06
 4.91058802E-06
 4.91059169E-06
 4.91059764E-06
 4.91060088E-06
 4.91060493E-06
 4.91060925E-06
 4.91061486E-06
 4.91061768E-06
 4.91062313E-06
 4.91062787E-06
 4.91062989E-06
 4.91063597E-06
 4.91063985E-06
 4.91052314E-06
 4.91052457E-06
 4.91052559E-06
 4.91052729E-06
 4.91052760E-06
 4.91052836E-06
 4.91052919E-06
 4.91053039E-06
 4.91053122E-06
 4.91053016E-06
 4.91053231E-06
 4.91053180E-06
 4.91053256E-06
 4.91053279E-06
 4.91053315E-06
 4.91053433E-06
 4.91053589E-06
 4.91053570E-06
 4.91053728E-06
 4.91053739E-06
 4.91053880E-06
 4.91053976E-06
 4.91053984E-06
 4.91054112E-06
 4.91054147E-06
 4.91054224E-06
 4.91054170E-06
 4.91054320E-06
 4.91054428E-06
 4.91054432E-06
 4.91054556E-06
 4.91054598E-06
 4.91054754E-06
 4.91054953E-06
 4.91055130E-06
 4.91055533E-06
 4.91055806E-06
 4.91055919E-06
 4.91056210E-06
 4.91056620E-06
 4.91056822E-06
 4.91057131E-06
 4.91057387E-06
 4.91057706E-06
 4.91057905E-06
 4.91058284E-06
 4.91058533E-06
 4.91058770E-06
 4.91059146E-06
 4.91059324E-06
 4.91059749E-06
 4.91059939E-06
 4.91060336E-06
 4.91060493E-06
 4.91060790E-06
 4.91061107E-06
 4.91061409E-06
 4.91061664E-06
 4.91061893E-06
 4.91062187E-06
 4.91062537E-06
 4.91062935E-06
 4.91063071E-06
 4.91063507E-06
 4.91063755E-06
 4.91064013E-06
 4.91064332E-06
 4.91064593E-06
 4.91064911E-06
 4.91065136E-06
 4.91065514E-06
 4.91065770E-06
 4.91066141E-06
 4.91066358E-06
 4.91066764E-06
 4.91066980E-06
 4.91067269E-06
 4.91067576E-06
 4.91067896E-06
 4.91068225E-06
 4.91068533E-06
 4.91068792E-06
 4.91069152E-06
 4.91069455E-06
 4.91069776E-06
 4.91070006E-06
 4.91070374E-06
 4.91070725E-06
 4.91070950E-06
 4.91071376E-06
 4.91071645E-06
 4.91071959E-06
 4.91072312E-06
 4.91072576E-06
 4.91072848E-06
 4.91073222E-06
 4.91073596E-06
 4.91073943E-06
 4.91074238E-06
 4.91074576E-06
 4.91074852E-06
 4.91075163E-06
 4.91075504E-06
 4.91063910E-06
 4.91064078E-06
 4.91064374E-06
 4.91064548E-06
 4.91064755E-06
 4.91064951E-06
 4.91065140E-06
 4.91065339E-06
 4.91065637E-06
 4.91065833E-06
 4.91065995E-06
 4.91066275E-06
 4.91066434E-06
 4.91066688E-06
 4.91066908E-06
 4.91067135E-06
 4.91067347E-06
 4.91067545E-06
 4.91067817E-06
 4.91067967E-06
 4.91068232E-06
 4.91068463E-06
 4.91068680E-06
 4.91068903E-06
 4.91069097E-06
 4.91069299E-06
 4.91069593E-06
 4.91069794E-06
 4.91069987E-06
 4.91070192E-06
 4.91070410E-06
 4.91070725E-06
 4.91070892E-06
 4.91071077E-06
 4.91071402E-06
 4.91071568E-06
 4.91071816E-06
 4.91072012E-06
 4.91072292E-06
 4.91072469E-06
 4.91072773E-06
 4.91072982E-06
 4.91073249E-06
 4.91073392E-06
 4.91073713E-06
 4.91073864E-06
 4.91074150E-06
 4.91061963E-06
 4.91057926E-06
 4.91056389E-06
 4.91055374E-06
 4.91054650E-06
 4.91054000E-06
 4.91053490E-06
 4.91053085E-06
 4.91065058E-06
 4.91064793E-06
 4.91064525E-06
 4.91064267E-06
 4.91064036E-06
 4.91063838E-06
 4.91063585E-06
 4.91063393E-06
 4.91063118E-06
 4.91062955E-06
 4.91062762E-06
 4.91062522E-06
 4.91062358E-06
 4.91062165E-06
 4.91061966E-06
 4.91061760E-06
 4.91061583E-06
 4.91061438E-06
 4.91061256E-06
 4.91061075E-06
 4.91060917E-06
 4.91060723E-06
 4.91060538E-06
 4.91060371E-06
 4.91060245E-06
 4.91060082E-06
 4.91059912E-06
 4.91059735E-06
 4.91059594E-06
 4.91059412E-06
 4.91059265E-06
 4.91059110E-06
 4.91058947E-06
 4.91058771E-06
 4.91058650E-06
 4.91058473E-06
 4.91058343E-06
 4.91058169E-06
 4.91058047E-06
 4.91057872E-06
 4.91057739E-06
 4.91057580E-06
 4.91057432E-06
 4.91057317E-06
 4.91057165E-06
 4.91057028E-06
 4.91056896E-06
 4.91056735E-06
 4.91056622E-06
 4.91056477E-06
 4.91056346E-06
 4.91056204E-06
 4.91056077E-06
 4.91055935E-06
 4.91055833E-06
 4.91055697E-06
 4.91055555E-06
 4.91055426E-06
 4.91055318E-06
 4.91055187E-06
 4.91055078E-06
 4.91054954E-06
 4.91054834E-06
 4.91054957E-06
 4.91055237E-06
 4.91055513E-06
 4.91055806E-06
 4.91056082E-06
 4.91056378E-06
 4.91056663E-06
 4.91056952E-06
 4.91057247E-06
 4.91057548E-06
 4.91057844E-06
 4.91058136E-06
 4.91058443E-06
 4.91058745E-06
 4.91059050E-06
 4.91059358E-06
 4.91059672E-06
 4.91059986E-06
 4.91060306E-06
 4.91060627E-06
 4.91060954E-06
 4.91061284E-06
 4.91061618E-06
 4.91061958E-06
 4.91062301E-06
 4.91062651E-06
 4.91063008E-06
 4.91063368E-06
 4.91063735E-06
 4.91064113E-06
 4.91064502E-06
 4.91052796E-06
 4.91052873E-06
 4.91052992E-06
 4.91053171E-06
 4.91053392E-06
 4.91053691E-06
 4.91054060E-06
 4.91054509E-06
 1.66200015E-04
 5.19460530E-04
 8.72721044E-04
 1.22598156E-03
 1.85144210E-03
 2.68198492E-03
 3.80414986E-03
 9.58720031E-04
 6.66639083E-05
 1.37517235E-04
 1.80185820E-04
 1.94677265E-04
 1.90921274E-04
 1.62555057E-04
 1.06142225E-04
 2.16727926E-05
 4.27375206E-02
 9.48500466E-02
 1.47512800E-01
 2.00729585E-01
 3.19604365E-01
 4.45847414E-01
 6.42211354E-01
 0.00000000E+00
 0.00000000E+00
 0.00000000E+00
 0.00000000E+00
 0.00000000E+00
 0.00000000E+00
 0.00000000E+00
 0.00000000E+00
 0.00000000E+00
 0.00000000E+00
 0.00000000E+00
 0.00000000E+00
 0.00000000E+00
 0.00000000E+00
 0.00000000E+00
 0.00000000E+00
 0.00000000E+00
 0.00000000E+00
 0.00000000E+00
 0.00000000E+00
 0.00000000E+00
 0.00000000E+00
 0.00000000E+00
 0.00000000E+00
 0.00000000E+00
 0.00000000E+00
 0.00000000E+00
 0.00000000E+00
 0.00000000E+00
 0.00000000E+00
 0.00000000E+00
 0.00000000E+00
 0.00000000E+00
 0.00000000E+00
 0.00000000E+00
 0.00000000E+00
 0.00000000E+00
 0.00000000E+00
 0.00000000E+00
 0.00000000E+00
 0.00000000E+00
 0.00000000E+00
 0.00000000E+00
 0.00000000E+00
 0.00000000E+00
 0.00000000E+00
 0.00000000E+00
 0.00000000E+00
 0.00000000E+00
 0.00000000E+00
 0.00000000E+00
 0.00000000E+00
 0.00000000E+00
 0.00000000E+00
 0.00000000E+00
 0.00000000E+00
 0.00000000E+00
 0.00000000E+00
 0.00000000E+00
 0.00000000E+00
 0.00000000E+00
 0.00000000E+00
 0.00000000E+00
 0.00000000E+00
 0.00000000E+00
 0.00000000E+00
 0.00000000E+00
 0.00000000E+00
 0.00000000E+00
 0.00000000E+00
 0.00000000E+00
 0.00000000E+00
 0.00000000E+00
 0.00000000E+00
 0.00000000E+00
 0.00000000E+00
 0.00000000E+00
 0.00000000E+00
 0.00000000E+00
 0.00000000E+00
 0.00000000E+00
 0.00000000E+00
 0.00000000E+00
 0.00000000E+00
 0.00000000E+00
 0.00000000E+00
 0.00000000E+00
 0.00000000E+00
 0.00000000E+00
 0.00000000E+00
 0.00000000E+00
 0.00000000E+00
 0.00000000E+00
 0.00000000E+00
 0.00000000E+00
 0.00000000E+00
 0.00000000E+00
 0.00000000E+00
 0.00000000E+00
 0.00000000E+00
 0.00000000E+00
 0.00000000E+00
 0.00000000E+00
 0.00000000E+00
 0.00000000E+00
 0.00000000E+00
 0.00000000E+00
 0.00000000E+00
 0.00000000E+00
 0.00000000E+00
 0.00000000E+00
 0.00000000E+00
 0.00000000E+00
 0.00000000E+00
 0.00000000E+00
 0.00000000E+00
 0.00000000E+00
 0.00000000E+00
 0.00000000E+00
 0.00000000E+00
 0.00000000E+00
 0.00000000E+00
 0.00000000E+00
 0.00000000E+00
 0.00000000E+00
 0.00000000E+00
 0.00000000E+00
 0.00000000E+00
 0.00000000E+00
 0.00000000E+00
 0.00000000E+00
 0.00000000E+00
 0.00000000E+00
 0.00000000E+00
 0.00000000E+00
 0.00000000E+00
 0.00000000E+00
 0.00000000E+00
 0.00000000E+00
 0.00000000E+00
 0.00000000E+00
 0.00000000E+00
 0.00000000E+00
 0.00000000E+00
 0.00000000E+00
 0.00000000E+00
 0.00000000E+00
 0.00000000E+00
 0.00000000E+00
 0.00000000E+00
 0.00000000E+00
 0.00000000E+00
 0.00000000E+00
 0.00000000E+00
 0.00000000E+00
 0.00000000E+00
 0.00000000E+00
 0.00000000E+00
 0.00000000E+00
 0.00000000E+00
 0.00000000E+00
 0.00000000E+00
 0.00000000E+00
 2.54841279E-01
 1.51205083E-01
 4.53594061E-02
 6.04862707E-02
 1.66331947E-01
 2.19125897E-01
 2.48672461E-01
 1.59680027E-01
 2.86658312E-02
 6.47596033E-06
 6.47596816E-06
 6.95052117E-02
 1.11944595E-02
 6.47599395E-06
 6.47600313E-06
 6.47588952E-06
 6.47588915E-06
 6.47589702E-06
 6.47590524E-06
 6.47591468E-06
 6.47592245E-06
 6.47593073E-06
 6.47593843E-06
 6.47594730E-06
 6.47595638E-06
 1.35954026E-02
 6.47595993E-06
 6.47596095E-06
 6.47596245E-06
 6.47596613E-06
 6.47596645E-06
 6.47596984E-06
 6.47597315E-06
 6.47597401E-06
 6.47597753E-06
 6.47597967E-06
 6.47598116E-06
 6.47598402E-06
 6.47598511E-06
 6.47598643E-06
 6.47599166E-06
 6.47599501E-06
 6.47600020E-06
 6.47600465E-06
 6.47600664E-06
 6.47601247E-06
 6.47601594E-06
 6.47602212E-06
 6.47602455E-06
 6.47602902E-06
 6.47603458E-06
 6.47603836E-06
 6.47604215E-06
 6.47604702E-06
 6.47593147E-06
 6.47593191E-06
 6.47593221E-06
 6.47593426E-06
 6.47593375E-06
 6.47593480E-06
 6.47593583E-06
 6.47593719E-06
 6.47593774E-06
 6.47593783E-06
 6.47593776E-06
 6.47593863E-06
 6.47593855E-06
 6.47594076E-06
 6.47594196E-06
 6.47594178E-06
 6.47594336E-06
 6.47594348E-06
 6.47594321E-06
 6.47594457E-06
 6.47594541E-06
 6.47594545E-06
 6.47594660E-06
 6.47594818E-06
 6.47594712E-06
 6.47594979E-06
 6.47594940E-06
 6.47595062E-06
 6.47595175E-06
 6.47595110E-06
 6.47595291E-06
 6.47595418E-06
 6.47595490E-06
 6.47595532E-06
 6.47595898E-06
 6.47596102E-06
 6.47596360E-06
 6.47596739E-06
 6.47596944E-06
 6.47597257E-06
 6.47597548E-06
 6.47597720E-06
 6.47597989E-06
 6.47598287E-06
 6.47598609E-06
 6.47598801E-06
 6.47599134E-06
 6.47599448E-06
 6.47599711E-06
 6.47599890E-06
 6.47600312E-06
 6.47600641E-06
 6.47600844E-06
 6.47601098E-06
 6.47601313E-06
 6.47601681E-06
 6.47602004E-06
 6.47602269E-06
 6.47602480E-06
 6.47602858E-06
 6.47603029E-06
 6.47603360E-06
 6.47603650E-06
 6.47603975E-06
 6.47604251E-06
 6.47604586E-06
 6.47604889E-06
 6.47605214E-06
 6.47605474E-06
 6.47605721E-06
 6.47605979E-06
 6.47606352E-06
 6.47606565E-06
 6.47606965E-06
 6.47607174E-06
 6.47607450E-06
 6.47607745E-06
 6.47608050E-06
 6.47608359E-06
 6.47608620E-06
 6.47608987E-06
 6.47609295E-06
 6.47609541E-06
 6.47609933E-06
 6.47610231E-06
 6.47610536E-06
 6.47610846E-06
 6.47611101E-06
 6.47611455E-06
 6.47611753E-06
 6.47612089E-06
 6.47612358E-06
 6.47612761E-06
 6.47613024E-06
 6.47613282E-06
 6.47613662E-06
 6.47613987E-06
 6.47614255E-06
 6.47614584E-06
 6.47614923E-06
 6.47615196E-06
 6.47615591E-06
 6.47603890E-06
 6.47604141E-06
 6.47604405E-06
 6.47604565E-06
 6.47604735E-06
 6.47605010E-06
 6.47605159E-06
 6.47605410E-06
 6.47605555E-06
 6.47605798E-06
 6.47606027E-06
 6.47606243E-06
 6.47606442E-06
 6.47606717E-06
 6.47606885E-06
 6.47607129E-06
 6.47607357E-06
 6.47607566E-06
 6.47607761E-06
 6.47607921E-06
 6.47608170E-06
 6.47608384E-06
 6.47608603E-06
 6.47608785E-06
 6.47609061E-06
 6.47609217E-06
 6.47609463E-06
 6.47609696E-06
 6.47609919E-06
 6.47610150E-06
 6.47610373E-06
 6.47610605E-06
 6.47610750E-06
 6.47611012E-06
 6.47611207E-06
 6.47611421E-06
 6.47611690E-06
 6.47611905E-06
 6.47612085E-06
 6.47612349E-06
 6.47612602E-06
 6.47612755E-06
 6.47613036E-06
 6.47613261E-06
 6.47613437E-06
 6.47613716E-06
 6.47613992E-06
 6.47614212E-06
 6.47614408E-06
 6.47597964E-06
 6.47596433E-06
 6.47595333E-06
 6.47594534E-06
 6.47593858E-06
 6.47593343E-06
 6.47592900E-06
 6.47604935E-06
 6.47604707E-06
 6.47604453E-06
 6.47604183E-06
 6.47603986E-06
 6.47603797E-06
 6.47603554E-06
 6.47603360E-06
 6.47603179E-06
 6.47602954E-06
 6.47602762E-06
 6.47602571E-06
 6.47602405E-06
 6.47602222E-06
 6.47602060E-06
 6.47601885E-06
 6.47601698E-06
 6.47601535E-06
 6.47601357E-06
 6.47601188E-06
 6.47601032E-06
 6.47600882E-06
 6.47600715E-06
 6.47600563E-06
 6.47600414E-06
 6.47600277E-06
 6.47600080E-06
 6.47599987E-06
 6.47599807E-06
 6.47599660E-06
 6.47599501E-06
 6.47599382E-06
 6.47599214E-06
 6.47599094E-06
 6.47598967E-06
 6.47598817E-06
 6.47598657E-06
 6.47598533E-06
 6.47598421E-06
 6.47598290E-06
 6.47598131E-06
 6.47598011E-06
 6.47597890E-06
 6.47597750E-06
 6.47597615E-06
 6.47597504E-06
 6.47597373E-06
 6.47597229E-06
 6.47597111E-06
 6.47596995E-06
 6.47596873E-06
 6.47596751E-06
 6.47596623E-06
 6.47596509E-06
 6.47596393E-06
 6.47596271E-06
 6.47596171E-06
 6.47596045E-06
 6.47595944E-06
 6.47595839E-06
 6.47595722E-06
 6.47595614E-06
 6.47595515E-06
 6.47595631E-06
 6.47595878E-06
 6.47596142E-06
 6.47596404E-06
 6.47596654E-06
 6.47596924E-06
 6.47597183E-06
 6.47597449E-06
 6.47597721E-06
 6.47597989E-06
 6.47598262E-06
 6.47598538E-06
 6.47598818E-06
 6.47599099E-06
 6.47599375E-06
 6.47599660E-06
 6.47599951E-06
 6.47600241E-06
 6.47600536E-06
 6.47600834E-06
 6.47601136E-06
 6.47601442E-06
 6.47601752E-06
 6.47602067E-06
 6.47602386E-06
 6.47602712E-06
 6.47603044E-06
 6.47603384E-06
 6.47603725E-06
 6.47604079E-06
 6.47604442E-06
 6.47592667E-06
 6.47592852E-06
 6.47593074E-06
 6.47593363E-06
 6.47593698E-06
 6.47594110E-06
 6.47594587E-06
 6.47595151E-06
 1.51652869E-04
 4.78112374E-04
 8.04571878E-04
 1.13103138E-03
 1.74458009E-03
 2.57442895E-03
 3.71185148E-03
 9.31644532E-04
 6.80573374E-05
 1.38643535E-04
 1.80999116E-04
 1.95131900E-04
 1.91514667E-04
 1.63436990E-04
 1.07275087E-04
 2.30191877E-05
 3.94906391E-02
 8.76481700E-02
 1.36316389E-01
 1.85498811E-01
 3.03860165E-01
 4.29921911E-01
 6.29869026E-01
 0.00000000E+00
 0.00000000E+00
 0.00000000E+00
 0.00000000E+00
 0.00000000E+00
 0.00000000E+00
 0.00000000E+00
 0.00000000E+00
 0.00000000E+00
 0.00000000E+00
 0.00000000E+00
 0.00000000E+00
 0.00000000E+00
 0.00000000E+00
 0.00000000E+00
 0.00000000E+00
 0.00000000E+00
 0.00000000E+00
 0.00000000E+00
 0.00000000E+00
 0.00000000E+00
 0.00000000E+00
 0.00000000E+00
 0.00000000E+00
 0.00000000E+00
 0.00000000E+00
 0.00000000E+00
 0.00000000E+00
 0.00000000E+00
 0.00000000E+00
 0.00000000E+00
 0.00000000E+00
 0.00000000E+00
 0.00000000E+00
 0.00000000E+00
 0.00000000E+00
 0.00000000E+00
 0.00000000E+00
 0.00000000E+00
 0.00000000E+00
 0.00000000E+00
 0.00000000E+00
 0.00000000E+00
 0.00000000E+00
 0.00000000E+00
 0.00000000E+00
 0.00000000E+00
 0.00000000E+00
 0.00000000E+00
 0.00000000E+00
 0.00000000E+00
 0.00000000E+00
 0.00000000E+00
 0.00000000E+00
 0.00000000E+00
 0.00000000E+00
 0.00000000E+00
 0.00000000E+00
 0.00000000E+00
 0.00000000E+00
 0.00000000E+00
 0.00000000E+00
 0.00000000E+00
 0.00000000E+00
 0.00000000E+00
 0.00000000E+00
 0.00000000E+00
 0.00000000E+00
 0.00000000E+00
 0.00000000E+00
 0.00000000E+00
 0.00000000E+00
 0.00000000E+00
 0.00000000E+00
 0.00000000E+00
 0.00000000E+00
 0.00000000E+00
 0.00000000E+00
 0.00000000E+00
 0.00000000E+00
 0.00000000E+00
 0.00000000E+00
 0.00000000E+00
 0.00000000E+00
 0.00000000E+00
 0.00000000E+00
 0.00000000E+00
 0.00000000E+00
 0.00000000E+00
 0.00000000E+00
 0.00000000E+00
 0.00000000E+00
 0.00000000E+00
 0.00000000E+00
 0.00000000E+00
 0.00000000E+00
 0.00000000E+00
 0.00000000E+00
 0.00000000E+00
 0.00000000E+00
 0.00000000E+00
 0.00000000E+00
 0.00000000E+00
 0.00000000E+00
 0.00000000E+00
 0.00000000E+00
 0.00000000E+00
 0.00000000E+00
 0.00000000E+00
 0.00000000E+00
 0.00000000E+00
 0.00000000E+00
 0.00000000E+00
 0.00000000E+00
 0.00000000E+00
 0.00000000E+00
 0.00000000E+00
 0.00000000E+00
 0.00000000E+00
 0.00000000E+00
 0.00000000E+00
 0.00000000E+00
 0.00000000E+00
 0.00000000E+00
 0.00000000E+00
 0.00000000E+00
 0.00000000E+00
 0.00000000E+00
 0.00000000E+00
 0.00000000E+00
 0.00000000E+00
 0.00000000E+00
 0.00000000E+00
 0.00000000E+00
 0.00000000E+00
 0.00000000E+00
 0.00000000E+00
 0.00000000E+00
 0.00000000E+00
 0.00000000E+00
 0.00000000E+00
 0.00000000E+00
 0.00000000E+00
 0.00000000E+00
 0.00000000E+00
 0.00000000E+00
 0.00000000E+00
 0.00000000E+00
 0.00000000E+00
 0.00000000E+00
 0.00000000E+00
 0.00000000E+00
 0.00000000E+00
 0.00000000E+00
 0.00000000E+00
 0.00000000E+00
 0.00000000E+00
 0.00000000E+00
 0.00000000E+00
 0.00000000E+00
 0.00000000E+00
 0.00000000E+00
 0.00000000E+00
 3.15916865E-01
 2.08014008E-01
 8.99026309E-02
 2.82087465E-02
 1.46320124E-01
 2.08632854E-01
 2.46494493E-01
 1.59679404E-01
 2.86667444E-02
 7.72524739E-06
 7.72525539E-06
 7.31031485E-02
 1.17731738E-02
 7.72527940E-06
 7.72528869E-06
 7.72517531E-06
 7.72517470E-06
 7.72518207E-06
 7.72519106E-06
 7.72520063E-06
 7.72520879E-06
 7.72521638E-06
 7.72522507E-06
 7.72523424E-06
 7.72524300E-06
 1.43002613E-02
 7.72524641E-06
 7.72524775E-06
 7.72525113E-06
 7.72525169E-06
 7.72525483E-06
 7.72525610E-06
 7.72525881E-06
 7.72526021E-06
 7.72526404E-06
 7.72526637E-06
 7.72526699E-06
 7.72527003E-06
 7.72527157E-06
 7.72527440E-06
 7.72527644E-06
 7.72528223E-06
 7.72528517E-06
 7.72528923E-06
 7.72529350E-06
 7.72529934E-06
 7.72530388E-06
 7.72530736E-06
 7.72531205E-06
 7.72531581E-06
 7.72532049E-06
 7.72532633E-06
 7.72533156E-06
 7.72521585E-06
 7.72521773E-06
 7.72522047E-06
 7.72521915E-06
 7.72522102E-06
 7.72522178E-06
 7.72522253E-06
 7.72522285E-06
 7.72522311E-06
 7.72522469E-06
 7.72522574E-06
 7.72522585E-06
 7.72522543E-06
 7.72522688E-06
 7.72522764E-06
 7.72522846E-06
 7.72522783E-06
 7.72523032E-06
 7.72523132E-06
 7.72523009E-06
 7.72523185E-06
 7.72523132E-06
 7.72523332E-06
 7.72523263E-06
 7.72523441E-06
 7.72523616E-06
 7.72523651E-06
 7.72523678E-06
 7.72523726E-06
 7.72523729E-06
 7.72523842E-06
 7.72523869E-06
 7.72524003E-06
 7.72524039E-06
 7.72524365E-06
 7.72524646E-06
 7.72524794E-06
 7.72525055E-06
 7.72525335E-06
 7.72525721E-06
 7.72525861E-06
 7.72526102E-06
 7.72526404E-06
 7.72526732E-06
 7.72526961E-06
 7.72527177E-06
 7.72527535E-06
 7.72527872E-06
 7.72528031E-06
 7.72528411E-06
 7.72528697E-06
 7.72528890E-06
 7.72529134E-06
 7.72529516E-06
 7.72529764E-06
 7.72529992E-06
 7.72530314E-06
 7.72530580E-06
 7.72530814E-06
 7.72531074E-06
 7.72531352E-06
 7.72531647E-06
 7.72531951E-06
 7.72532262E-06
 7.72532495E-06
 7.72532836E-06
 7.72533093E-06
 7.72533421E-06
 7.72533625E-06
 7.72533983E-06
 7.72534209E-06
 7.72534524E-06
 7.72534837E-06
 7.72535199E-06
 7.72535501E-06
 7.72535683E-06
 7.72535929E-06
 7.72536292E-06
 7.72536657E-06
 7.72536865E-06
 7.72537149E-06
 7.72537501E-06
 7.72537767E-06
 7.72538093E-06
 7.72538405E-06
 7.72538742E-06
 7.72538925E-06
 7.72539210E-06
 7.72539564E-06
 7.72539855E-06
 7.72540184E-06
 7.72540444E-06
 7.72540809E-06
 7.72541174E-06
 7.72541413E-06
 7.72541720E-06
 7.72541993E-06
 7.72542328E-06
 7.72542695E-06
 7.72542994E-06
 7.72543274E-06
 7.72543694E-06
 7.72543970E-06
 7.72532242E-06
 7.72532525E-06
 7.72532703E-06
 7.72532867E-06
 7.72533022E-06
 7.72533298E-06
 7.72533445E-06
 7.72533693E-06
 7.72533924E-06
 7.72534048E-06
 7.72534227E-06
 7.72534522E-06
 7.72534668E-06
 7.72534906E-06
 7.72535128E-06
 7.72535309E-06
 7.72535582E-06
 7.72535708E-06
 7.72535925E-06
 7.72536105E-06
 7.72536372E-06
 7.72536620E-06
 7.72536812E-06
 7.72537006E-06
 7.72537165E-06
 7.72537394E-06
 7.72537625E-06
 7.72537842E-06
 7.72538027E-06
 7.72538301E-06
 7.72538500E-06
 7.72538673E-06
 7.72538974E-06
 7.72539166E-06
 7.72539395E-06
 7.72539540E-06
 7.72539822E-06
 7.72540046E-06
 7.72540249E-06
 7.72540403E-06
 7.72540659E-06
 7.72540908E-06
 7.72541077E-06
 7.72541378E-06
 7.72541551E-06
 7.72541789E-06
 7.72542041E-06
 7.72542222E-06
 7.72542483E-06
 7.72526205E-06
 7.72524443E-06
 7.72523350E-06
 7.72522452E-06
 7.72521785E-06
 7.72521277E-06
 7.72520746E-06
 7.72532894E-06
 7.72532608E-06
 7.72532400E-06
 7.72532172E-06
 7.72531965E-06
 7.72531775E-06
 7.72531533E-06
 7.72531329E-06
 7.72531157E-06
 7.72531032E-06
 7.72530846E-06
 7.72530614E-06
 7.72530466E-06
 7.72530313E-06
 7.72530113E-06
 7.72529981E-06
 7.72529803E-06
 7.72529667E-06
 7.72529515E-06
 7.72529389E-06
 7.72529200E-06
 7.72529086E-06
 7.72528905E-06
 7.72528792E-06
 7.72528652E-06
 7.72528479E-06
 7.72528348E-06
 7.72528222E-06
 7.72528101E-06
 7.72527961E-06
 7.72527811E-06
 7.72527689E-06
 7.72527570E-06
 7.72527420E-06
 7.72527286E-06
 7.72527169E-06
 7.72527070E-06
 7.72526927E-06
 7.72526804E-06
 7.72526683E-06
 7.72526544E-06
 7.72526459E-06
 7.72526323E-06
 7.72526211E-06
 7.72526084E-06
 7.72525963E-06
 7.72525858E-06
 7.72525747E-06
 7.72525647E-06
 7.72525527E-06
 7.72525408E-06
 7.72525324E-06
 7.72525208E-06
 7.72525095E-06
 7.72525007E-06
 7.72524891E-06
 7.72524782E-06
 7.72524696E-06
 7.72524592E-06
 7.72524493E-06
 7.72524405E-06
 7.72524304E-06
 7.72524219E-06
 7.72524326E-06
 7.72524556E-06
 7.72524782E-06
 7.72525028E-06
 7.72525262E-06
 7.72525503E-06
 7.72525734E-06
 7.72525973E-06
 7.72526220E-06
 7.72526474E-06
 7.72526723E-06
 7.72526968E-06
 7.72527220E-06
 7.72527477E-06
 7.72527736E-06
 7.72527996E-06
 7.72528258E-06
 7.72528524E-06
 7.72528796E-06
 7.72529069E-06
 7.72529347E-06
 7.72529629E-06
 7.72529915E-06
 7.72530206E-06
 7.72530501E-06
 7.72530803E-06
 7.72531111E-06
 7.72531425E-06
 7.72531748E-06
 7.72532077E-06
 7.72532417E-06
 7.72520558E-06
 7.72520849E-06
 7.72521191E-06
 7.72521575E-06
 7.72522033E-06
 7.72522540E-06
 7.72523137E-06
 7.72523802E-06
 1.37442839E-04
 4.37144682E-04
 7.36846524E-04
 1.03654836E-03
 1.63820435E-03
 2.46736011E-03
 3.62001515E-03
 9.04924664E-04
 6.91420256E-05
 1.39465946E-04
 1.81513371E-04
 1.95292338E-04
 1.91817808E-04
 1.64032299E-04
 1.08124943E-04
 2.40861902E-05
 3.62493136E-02
 8.04582575E-02
 1.25138388E-01
 1.70292934E-01
 2.88141612E-01
 4.14022264E-01
 6.17546680E-01
 0.00000000E+00
 0.00000000E+00
 0.00000000E+00
 0.00000000E+00
 0.00000000E+00
 0.00000000E+00
 0.00000000E+00
 0.00000000E+00
 0.00000000E+00
 0.00000000E+00
 0.00000000E+00
 0.00000000E+00
 0.00000000E+00
 0.00000000E+00
 0.00000000E+00
 0.00000000E+00
 0.00000000E+00
 0.00000000E+00
 0.00000000E+00
 0.00000000E+00
 0.00000000E+00
 0.00000000E+00
 0.00000000E+00
 0.00000000E+00
 0.00000000E+00
 0.00000000E+00
 0.00000000E+00
 0.00000000E+00
 0.00000000E+00
 0.00000000E+00
 0.00000000E+00
 0.00000000E+00
 0.00000000E+00
 0.00000000E+00
 0.00000000E+00
 0.00000000E+00
 0.00000000E+00
 0.00000000E+00
 0.00000000E+00
 0.00000000E+00
 0.00000000E+00
 0.00000000E+00
 0.00000000E+00
 0.00000000E+00
 0.00000000E+00
 0.00000000E+00
 0.00000000E+00
 0.00000000E+00
 0.00000000E+00
 0.00000000E+00
 0.00000000E+00
 0.00000000E+00
 0.00000000E+00
 0.00000000E+00
 0.00000000E+00
 0.00000000E+00
 0.00000000E+00
 0.00000000E+00
 0.00000000E+00
 0.00000000E+00
 0.00000000E+00
 0.00000000E+00
 0.00000000E+00
 0.00000000E+00
 0.00000000E+00
 0.00000000E+00
 0.00000000E+00
 0.00000000E+00
 0.00000000E+00
 0.00000000E+00
 0.00000000E+00
 0.00000000E+00
 0.00000000E+00
 0.00000000E+00
 0.00000000E+00
 0.00000000E+00
 0.00000000E+00
 0.00000000E+00
 0.00000000E+00
 0.00000000E+00
 0.00000000E+00
 0.00000000E+00
 0.00000000E+00
 0.00000000E+00
 0.00000000E+00
 0.00000000E+00
 0.00000000E+00
 0.00000000E+00
 0.00000000E+00
 0.00000000E+00
 0.00000000E+00
 0.00000000E+00
 0.00000000E+00
 0.00000000E+00
 0.00000000E+00
 0.00000000E+00
 0.00000000E+00
 0.00000000E+00
 0.00000000E+00
 0.00000000E+00
 0.00000000E+00
 0.00000000E+00
 0.00000000E+00
 0.00000000E+00
 0.00000000E+00
 0.00000000E+00
 0.00000000E+00
 0.00000000E+00
 0.00000000E+00
 0.00000000E+00
 0.00000000E+00
 0.00000000E+00
 0.00000000E+00
 0.00000000E+00
 0.00000000E+00
 0.00000000E+00
 0.00000000E+00
 0.00000000E+00
 0.00000000E+00
 0.00000000E+00
 0.00000000E+00
 0.00000000E+00
 0.00000000E+00
 0.00000000E+00
 0.00000000E+00
 0.00000000E+00
 0.00000000E+00
 0.00000000E+00
 0.00000000E+00
 0.00000000E+00
 0.00000000E+00
 0.00000000E+00
 0.00000000E+00
 0.00000000E+00
 0.00000000E+00
 0.00000000E+00
 0.00000000E+00
 0.00000000E+00
 0.00000000E+00
 0.00000000E+00
 0.00000000E+00
 0.00000000E+00
 0.00000000E+00
 0.00000000E+00
 0.00000000E+00
 0.00000000E+00
 0.00000000E+00
 0.00000000E+00
 0.00000000E+00
 0.00000000E+00
 0.00000000E+00
 0.00000000E+00
 0.00000000E+00
 0.00000000E+00
 0.00000000E+00
 0.00000000E+00
 0.00000000E+00
 0.00000000E+00
 0.00000000E+00
 0.00000000E+00
 0.00000000E+00
 0.00000000E+00
 0.00000000E+00
 0.00000000E+00
 2.64731122E-01
 1.34373958E-01
 4.01679346E-03
 1.26340371E-01
 1.98156437E-01
 2.44319663E-01
 1.59678418E-01
 2.86673336E-02
 8.65892807E-06
 8.65893685E-06
 7.66955454E-02
 1.23512602E-02
 8.65895948E-06
 8.65896846E-06
 8.65885424E-06
 8.65885591E-06
 8.65886292E-06
 8.65887185E-06
 8.65888027E-06
 8.65888897E-06
 8.65889828E-06
 8.65890668E-06
 8.65891496E-06
 8.65892394E-06
 1.50036597E-02
 8.65892650E-06
 8.65892872E-06
 8.65893015E-06
 8.65893428E-06
 8.65893642E-06
 8.65893651E-06
 8.65893915E-06
 8.65894204E-06
 8.65894289E-06
 8.65894502E-06
 8.65894785E-06
 8.65895034E-06
 8.65895241E-06
 8.65895472E-06
 8.65895696E-06
 8.65896322E-06
 8.65896643E-06
 8.65897060E-06
 8.65897596E-06
 8.65898033E-06
 8.65898480E-06
 8.65898920E-06
 8.65899462E-06
 8.65899891E-06
 8.65900237E-06
 8.65900757E-06
 8.65901085E-06
 8.65889548E-06
 8.65889893E-06
 8.65889939E-06
 8.65890100E-06
 8.65890273E-06
 8.65890214E-06
 8.65890373E-06
 8.65890446E-06
 8.65890360E-06
 8.65890511E-06
 8.65890608E-06
 8.65890603E-06
 8.65890680E-06
 8.65890796E-06
 8.65890951E-06
 8.65890956E-06
 8.65890954E-06
 8.65891086E-06
 8.65891202E-06
 8.65891263E-06
 8.65891267E-06
 8.65891352E-06
 8.65891338E-06
 8.65891362E-06
 8.65891587E-06
 8.65891533E-06
 8.65891608E-06
 8.65891701E-06
 8.65891743E-06
 8.65891899E-06
 8.65891962E-06
 8.65892129E-06
 8.65892199E-06
 8.65892133E-06
 8.65892350E-06
 8.65892648E-06
 8.65892803E-06
 8.65893260E-06
 8.65893470E-06
 8.65893656E-06
 8.65893905E-06
 8.65894217E-06
 8.65894555E-06
 8.65894757E-06
 8.65894977E-06
 8.65895209E-06
 8.65895546E-06
 8.65895826E-06
 8.65896045E-06
 8.65896324E-06
 8.65896659E-06
 8.65896862E-06
 8.65897260E-06
 8.65897460E-06
 8.65897816E-06
 8.65897971E-06
 8.65898214E-06
 8.65898542E-06
 8.65898889E-06
 8.65899139E-06
 8.65899398E-06
 8.65899669E-06
 8.65899915E-06
 8.65900251E-06
 8.65900552E-06
 8.65900734E-06
 8.65901131E-06
 8.65901288E-06
 8.65901595E-06
 8.65901880E-06
 8.65902248E-06
 8.65902477E-06
 8.65902781E-06
 8.65902966E-06
 8.65903355E-06
 8.65903641E-06
 8.65903910E-06
 8.65904176E-06
 8.65904522E-06
 8.65904702E-06
 8.65905083E-06
 8.65905369E-06
 8.65905562E-06
 8.65905887E-06
 8.65906215E-06
 8.65906513E-06
 8.65906780E-06
 8.65907113E-06
 8.65907383E-06
 8.65907683E-06
 8.65908014E-06
 8.65908322E-06
 8.65908652E-06
 8.65908948E-06
 8.65909312E-06
 8.65909515E-06
 8.65909872E-06
 8.65910162E-06
 8.65910457E-06
 8.65910770E-06
 8.65911057E-06
 8.65911337E-06
 8.65899808E-06
 8.65899940E-06
 8.65900180E-06
 8.65900309E-06
 8.65900541E-06
 8.65900757E-06
 8.65900980E-06
 8.65901164E-06
 8.65901333E-06
 8.65901484E-06
 8.65901730E-06
 8.65901937E-06
 8.65902125E-06
 8.65902294E-06
 8.65902533E-06
 8.65902732E-06
 8.65902889E-06
 8.65903135E-06
 8.65903342E-06
 8.65903530E-06
 8.65903781E-06
 8.65903994E-06
 8.65904187E-06
 8.65904321E-06
 8.65904560E-06
 8.65904743E-06
 8.65905011E-06
 8.65905158E-06
 8.65905374E-06
 8.65905573E-06
 8.65905778E-06
 8.65906051E-06
 8.65906214E-06
 8.65906401E-06
 8.65906681E-06
 8.65906875E-06
 8.65907084E-06
 8.65907328E-06
 8.65907527E-06
 8.65907673E-06
 8.65907979E-06
 8.65908173E-06
 8.65908359E-06
 8.65908558E-06
 8.65908777E-06
 8.65909053E-06
 8.65909224E-06
 8.65909483E-06
 8.65909687E-06
 8.65909935E-06
 8.65893762E-06
 8.65891868E-06
 8.65890667E-06
 8.65889865E-06
 8.65889117E-06
 8.65888500E-06
 8.65888077E-06
 8.65900215E-06
 8.65899977E-06
 8.65899696E-06
 8.65899540E-06
 8.65899330E-06
 8.65899106E-06
 8.65898947E-06
 8.65898736E-06
 8.65898588E-06
 8.65898403E-06
 8.65898234E-06
 8.65898083E-06
 8.65897947E-06
 8.65897767E-06
 8.65897627E-06
 8.65897495E-06
 8.65897298E-06
 8.65897187E-06
 8.65897007E-06
 8.65896871E-06
 8.65896767E-06
 8.65896620E-06
 8.65896473E-06
 8.65896349E-06
 8.65896237E-06
 8.65896123E-06
 8.65895958E-06
 8.65895880E-06
 8.65895715E-06
 8.65895614E-06
 8.65895504E-06
 8.65895395E-06
 8.65895259E-06
 8.65895113E-06
 8.65895027E-06
 8.65894924E-06
 8.65894779E-06
 8.65894669E-06
 8.65894602E-06
 8.65894456E-06
 8.65894368E-06
 8.65894280E-06
 8.65894155E-06
 8.65894068E-06
 8.65893946E-06
 8.65893838E-06
 8.65893731E-06
 8.65893627E-06
 8.65893538E-06
 8.65893441E-06
 8.65893351E-06
 8.65893248E-06
 8.65893173E-06
 8.65893079E-06
 8.65892968E-06
 8.65892886E-06
 8.65892810E-06
 8.65892720E-06
 8.65892633E-06
 8.65892540E-06
 8.65892457E-06
 8.65892387E-06
 8.65892293E-06
 8.65892395E-06
 8.65892602E-06
 8.65892812E-06
 8.65893025E-06
 8.65893245E-06
 8.65893454E-06
 8.65893671E-06
 8.65893882E-06
 8.65894103E-06
 8.65894320E-06
 8.65894555E-06
 8.65894776E-06
 8.65895004E-06
 8.65895236E-06
 8.65895471E-06
 8.65895708E-06
 8.65895945E-06
 8.65896187E-06
 8.65896434E-06
 8.65896684E-06
 8.65896937E-06
 8.65897195E-06
 8.65897456E-06
 8.65897724E-06
 8.65897996E-06
 8.65898276E-06
 8.65898556E-06
 8.65898849E-06
 8.65899148E-06
 8.65899451E-06
 8.65899763E-06
 8.65899976E-06
 8.65888236E-06
 8.65888678E-06
 8.65889172E-06
 8.65889732E-06
 8.65890352E-06
 8.65891059E-06
 8.65891834E-06
 1.23569373E-04
 3.96556822E-04
 6.69544269E-04
 9.42531714E-04
 1.53231407E-03
 2.36077760E-03
 3.52864008E-03
 8.78559787E-04
 6.99185235E-05
 1.39985014E-04
 1.81729123E-04
 1.95159109E-04
 1.91831222E-04
 1.64341503E-04
 1.08692309E-04
 2.48743095E-05
 3.30135335E-02
 7.32802857E-02
 1.13978763E-01
 1.55111907E-01
 2.72448656E-01
 3.98148423E-01
 6.05244276E-01
 0.00000000E+00
 0.00000000E+00
 0.00000000E+00
 0.00000000E+00
 0.00000000E+00
 0.00000000E+00
 0.00000000E+00
 0.00000000E+00
 0.00000000E+00
 0.00000000E+00
 0.00000000E+00
 0.00000000E+00
 0.00000000E+00
 0.00000000E+00
 0.00000000E+00
 0.00000000E+00
 0.00000000E+00
 0.00000000E+00
 0.00000000E+00
 0.00000000E+00
 0.00000000E+00
 0.00000000E+00
 0.00000000E+00
 0.00000000E+00
 0.00000000E+00
 0.00000000E+00
 0.00000000E+00
 0.00000000E+00
 0.00000000E+00
 0.00000000E+00
 0.00000000E+00
 0.00000000E+00
 0.00000000E+00
 0.00000000E+00
 0.00000000E+00
 0.00000000E+00
 0.00000000E+00
 0.00000000E+00
 0.00000000E+00
 0.00000000E+00
 0.00000000E+00
 0.00000000E+00
 0.00000000E+00
 0.00000000E+00
 0.00000000E+00
 0.00000000E+00
 0.00000000E+00
 0.00000000E+00
 0.00000000E+00
 0.00000000E+00
 0.00000000E+00
 0.00000000E+00
 0.00000000E+00
 0.00000000E+00
 0.00000000E+00
 0.00000000E+00
 0.00000000E+00
 0.00000000E+00
 0.00000000E+00
 0.00000000E+00
 0.00000000E+00
 0.00000000E+00
 0.00000000E+00
 0.00000000E+00
 0.00000000E+00
 0.00000000E+00
 0.00000000E+00
 0.00000000E+00
 0.00000000E+00
 0.00000000E+00
 0.00000000E+00
 0.00000000E+00
 0.00000000E+00
 0.00000000E+00
 0.00000000E+00
 0.00000000E+00
 0.00000000E+00
 0.00000000E+00
 0.00000000E+00
 0.00000000E+00
 0.00000000E+00
 0.00000000E+00
 0.00000000E+00
 0.00000000E+00
 0.00000000E+00
 0.00000000E+00
 0.00000000E+00
 0.00000000E+00
 0.00000000E+00
 0.00000000E+00
 0.00000000E+00
 0.00000000E+00
 0.00000000E+00
 0.00000000E+00
 0.00000000E+00
 0.00000000E+00
 0.00000000E+00
 0.00000000E+00
 0.00000000E+00
 0.00000000E+00
 0.00000000E+00
 0.00000000E+00
 0.00000000E+00
 0.00000000E+00
 0.00000000E+00
 0.00000000E+00
 0.00000000E+00
 0.00000000E+00
 0.00000000E+00
 0.00000000E+00
 0.00000000E+00
 0.00000000E+00
 0.00000000E+00
 0.00000000E+00
 0.00000000E+00
 0.00000000E+00
 0.00000000E+00
 0.00000000E+00
 0.00000000E+00
 0.00000000E+00
 0.00000000E+00
 0.00000000E+00
 0.00000000E+00
 0.00000000E+00
 0.00000000E+00
 0.00000000E+00
 0.00000000E+00
 0.00000000E+00
 0.00000000E+00
 0.00000000E+00
 0.00000000E+00
 0.00000000E+00
 0.00000000E+00
 0.00000000E+00
 0.00000000E+00
 0.00000000E+00
 0.00000000E+00
 0.00000000E+00
 0.00000000E+00
 0.00000000E+00
 0.00000000E+00
 0.00000000E+00
 0.00000000E+00
 0.00000000E+00
 0.00000000E+00
 0.00000000E+00
 0.00000000E+00
 0.00000000E+00
 0.00000000E+00
 0.00000000E+00
 0.00000000E+00
 0.00000000E+00
 0.00000000E+00
 0.00000000E+00
 0.00000000E+00
 0.00000000E+00
 0.00000000E+00
 0.00000000E+00
 0.00000000E+00
 0.00000000E+00
 0.00000000E+00
 0.00000000E+00
 0.00000000E+00
 0.00000000E+00
 3.21356593E-01
 1.78773519E-01
 3.61904454E-02
 1.06392628E-01
 1.87696614E-01
 2.42147966E-01
 1.59677070E-01
 2.86675992E-02
 9.27751494E-06
 9.27752344E-06
 8.02824127E-02
 1.29287199E-02
 9.27754720E-06
 9.27755287E-06
 9.27744071E-06
 9.27744118E-06
 9.27744961E-06
 9.27745603E-06
 9.27746693E-06
 9.27747464E-06
 9.27748326E-06
 9.27749171E-06
 9.27750212E-06
 9.27751031E-06
 1.57056004E-02
 9.27751358E-06
 9.27751521E-06
 9.27751762E-06
 9.27751817E-06
 9.27752268E-06
 9.27752365E-06
 9.27752524E-06
 9.27752861E-06
 9.27752936E-06
 9.27753243E-06
 9.27753347E-06
 9.27753780E-06
 9.27753735E-06
 9.27754069E-06
 9.27754462E-06
 9.27754917E-06
 9.27755373E-06
 9.27755785E-06
 9.27756296E-06
 9.27756649E-06
 9.27757196E-06
 9.27757635E-06
 9.27758157E-06
 9.27758430E-06
 9.27759033E-06
 9.27759473E-06
 9.27759861E-06
 9.27748368E-06
 9.27748509E-06
 9.27748841E-06
 9.27748897E-06
 9.27748918E-06
 9.27748930E-06
 9.27749079E-06
 9.27749028E-06
 9.27749067E-06
 9.27749229E-06
 9.27749258E-06
 9.27749399E-06
 9.27749362E-06
 9.27749577E-06
 9.27749604E-06
 9.27749623E-06
 9.27749666E-06
 9.27749656E-06
 9.27749911E-06
 9.27749963E-06
 9.27750058E-06
 9.27749913E-06
 9.27750149E-06
 9.27750073E-06
 9.27750191E-06
 9.27750302E-06
 9.27750394E-06
 9.27750434E-06
 9.27750617E-06
 9.27750573E-06
 9.27750732E-06
 9.27750790E-06
 9.27750746E-06
 9.27750889E-06
 9.27751109E-06
 9.27751401E-06
 9.27751542E-06
 9.27751760E-06
 9.27752075E-06
 9.27752326E-06
 9.27752608E-06
 9.27752784E-06
 9.27753137E-06
 9.27753350E-06
 9.27753697E-06
 9.27753836E-06
 9.27754105E-06
 9.27754461E-06
 9.27754693E-06
 9.27755005E-06
 9.27755184E-06
 9.27755531E-06
 9.27755703E-06
 9.27756034E-06
 9.27756277E-06
 9.27756632E-06
 9.27756896E-06
 9.27757204E-06
 9.27757413E-06
 9.27757604E-06
 9.27757949E-06
 9.27758265E-06
 9.27758550E-06
 9.27758773E-06
 9.27759044E-06
 9.27759218E-06
 9.27759571E-06
 9.27759764E-06
 9.27760124E-06
 9.27760429E-06
 9.27760677E-06
 9.27760995E-06
 9.27761245E-06
 9.27761532E-06
 9.27761826E-06
 9.27762123E-06
 9.27762419E-06
 9.27762654E-06
 9.27762963E-06
 9.27763203E-06
 9.27763505E-06
 9.27763815E-06
 9.27764125E-06
 9.27764433E-06
 9.27764605E-06
 9.27764948E-06
 9.27765254E-06
 9.27765617E-06
 9.27765860E-06
 9.27766129E-06
 9.27766395E-06
 9.27766781E-06
 9.27767007E-06
 9.27767297E-06
 9.27767643E-06
 9.27767921E-06
 9.27768223E-06
 9.27768549E-06
 9.27768847E-06
 9.27769137E-06
 9.27769534E-06
 9.27757792E-06
 9.27757967E-06
 9.27758246E-06
 9.27758392E-06
 9.27758642E-06
 9.27758776E-06
 9.27759014E-06
 9.27759208E-06
 9.27759386E-06
 9.27759546E-06
 9.27759798E-06
 9.27760009E-06
 9.27760179E-06
 9.27760327E-06
 9.27760545E-06
 9.27760722E-06
 9.27760985E-06
 9.27761096E-06
 9.27761363E-06
 9.27761498E-06
 9.27761718E-06
 9.27761878E-06
 9.27762101E-06
 9.27762282E-06
 9.27762529E-06
 9.27762753E-06
 9.27762918E-06
 9.27763165E-06
 9.27763291E-06
 9.27763483E-06
 9.27763740E-06
 9.27763897E-06
 9.27764123E-06
 9.27764334E-06
 9.27764536E-06
 9.27764763E-06
 9.27764981E-06
 9.27765115E-06
 9.27765380E-06
 9.27765583E-06
 9.27765826E-06
 9.27766032E-06
 9.27766222E-06
 9.27766401E-06
 9.27766672E-06
 9.27766881E-06
 9.27767035E-06
 9.27767271E-06
 9.27767500E-06
 9.27767748E-06
 9.27767962E-06
 9.27751874E-06
 9.27749947E-06
 9.27748666E-06
 9.27747772E-06
 9.27747047E-06
 9.27746395E-06
 9.27745905E-06
 9.27758076E-06
 9.27757820E-06
 9.27757687E-06
 9.27757429E-06
 9.27757272E-06
 9.27757102E-06
 9.27756949E-06
 9.27756736E-06
 9.27756544E-06
 9.27756418E-06
 9.27756287E-06
 9.27756131E-06
 9.27755967E-06
 9.27755801E-06
 9.27755671E-06
 9.27755558E-06
 9.27755420E-06
 9.27755281E-06
 9.27755175E-06
 9.27755031E-06
 9.27754880E-06
 9.27754756E-06
 9.27754666E-06
 9.27754567E-06
 9.27754453E-06
 9.27754303E-06
 9.27754199E-06
 9.27754071E-06
 9.27753960E-06
 9.27753878E-06
 9.27753761E-06
 9.27753651E-06
 9.27753534E-06
 9.27753447E-06
 9.27753357E-06
 9.27753257E-06
 9.27753139E-06
 9.27753045E-06
 9.27752938E-06
 9.27752867E-06
 9.27752736E-06
 9.27752680E-06
 9.27752574E-06
 9.27752460E-06
 9.27752374E-06
 9.27752310E-06
 9.27752208E-06
 9.27752114E-06
 9.27752041E-06
 9.27751968E-06
 9.27751887E-06
 9.27751796E-06
 9.27751714E-06
 9.27751622E-06
 9.27751542E-06
 9.27751474E-06
 9.27751412E-06
 9.27751317E-06
 9.27751259E-06
 9.27751192E-06
 9.27751119E-06
 9.27751044E-06
 9.27750984E-06
 9.27751062E-06
 9.27751252E-06
 9.27751429E-06
 9.27751612E-06
 9.27751804E-06
 9.27751988E-06
 9.27752180E-06
 9.27752381E-06
 9.27752577E-06
 9.27752770E-06
 9.27752973E-06
 9.27753172E-06
 9.27753378E-06
 9.27753587E-06
 9.27753793E-06
 9.27754007E-06
 9.27754221E-06
 9.27754439E-06
 9.27754663E-06
 9.27754888E-06
 9.27755117E-06
 9.27755351E-06
 9.27755589E-06
 9.27755833E-06
 9.27756079E-06
 9.27756333E-06
 9.27756596E-06
 9.27756862E-06
 9.27757135E-06
 9.27757415E-06
 9.27757710E-06
 9.27757929E-06
 9.27746212E-06
 9.27746753E-06
 9.27747367E-06
 9.27748026E-06
 9.27748759E-06
 9.27749572E-06
 9.27750466E-06
 1.10031920E-04
 3.56348162E-04
 6.02664402E-04
 8.48980640E-04
 1.42690841E-03
 2.25468056E-03
 3.43772537E-03
 8.52549267E-04
 7.03873801E-05
 1.40201279E-04
 1.81646907E-04
 1.94732743E-04
 1.91555434E-04
 1.64365120E-04
 1.08977698E-04
 2.53840542E-05
 2.97832880E-02
 6.61142316E-02
 1.02837478E-01
 1.39955681E-01
 2.56781248E-01
 3.82300337E-01
 5.92961776E-01
 0.00000000E+00
 0.00000000E+00
 0.00000000E+00
 0.00000000E+00
 0.00000000E+00
 0.00000000E+00
 0.00000000E+00
 0.00000000E+00
 0.00000000E+00
 0.00000000E+00
 0.00000000E+00
 0.00000000E+00
 0.00000000E+00
 0.00000000E+00
 0.00000000E+00
 0.00000000E+00
 0.00000000E+00
 0.00000000E+00
 0.00000000E+00
 0.00000000E+00
 0.00000000E+00
 0.00000000E+00
 0.00000000E+00
 0.00000000E+00
 0.00000000E+00
 0.00000000E+00
 0.00000000E+00
 0.00000000E+00
 0.00000000E+00
 0.00000000E+00
 0.00000000E+00
 0.00000000E+00
 0.00000000E+00
 0.00000000E+00
 0.00000000E+00
 0.00000000E+00
 0.00000000E+00
 0.00000000E+00
 0.00000000E+00
 0.00000000E+00
 0.00000000E+00
 0.00000000E+00
 0.00000000E+00
 0.00000000E+00
 0.00000000E+00
 0.00000000E+00
 0.00000000E+00
 0.00000000E+00
 0.00000000E+00
 0.00000000E+00
 0.00000000E+00
 0.00000000E+00
 0.00000000E+00
 0.00000000E+00
 0.00000000E+00
 0.00000000E+00
 0.00000000E+00
 0.00000000E+00
 0.00000000E+00
 0.00000000E+00
 0.00000000E+00
 0.00000000E+00
 0.00000000E+00
 0.00000000E+00
 0.00000000E+00
 0.00000000E+00
 0.00000000E+00
 0.00000000E+00
 0.00000000E+00
 0.00000000E+00
 0.00000000E+00
 0.00000000E+00
 0.00000000E+00
 0.00000000E+00
 0.00000000E+00
 0.00000000E+00
 0.00000000E+00
 0.00000000E+00
 0.00000000E+00
 0.00000000E+00
 0.00000000E+00
 0.00000000E+00
 0.00000000E+00
 0.00000000E+00
 0.00000000E+00
 0.00000000E+00
 0.00000000E+00
 0.00000000E+00
 0.00000000E+00
 0.00000000E+00
 0.00000000E+00
 0.00000000E+00
 0.00000000E+00
 0.00000000E+00
 0.00000000E+00
 0.00000000E+00
 0.00000000E+00
 0.00000000E+00
 0.00000000E+00
 0.00000000E+00
 0.00000000E+00
 0.00000000E+00
 0.00000000E+00
 0.00000000E+00
 0.00000000E+00
 0.00000000E+00
 0.00000000E+00
 0.00000000E+00
 0.00000000E+00
 0.00000000E+00
 0.00000000E+00
 0.00000000E+00
 0.00000000E+00
 0.00000000E+00
 0.00000000E+00
 0.00000000E+00
 0.00000000E+00
 0.00000000E+00
 0.00000000E+00
 0.00000000E+00
 0.00000000E+00
 0.00000000E+00
 0.00000000E+00
 0.00000000E+00
 0.00000000E+00
 0.00000000E+00
 0.00000000E+00
 0.00000000E+00
 0.00000000E+00
 0.00000000E+00
 0.00000000E+00
 0.00000000E+00
 0.00000000E+00
 0.00000000E+00
 0.00000000E+00
 0.00000000E+00
 0.00000000E+00
 0.00000000E+00
 0.00000000E+00
 0.00000000E+00
 0.00000000E+00
 0.00000000E+00
 0.00000000E+00
 0.00000000E+00
 0.00000000E+00
 0.00000000E+00
 0.00000000E+00
 0.00000000E+00
 0.00000000E+00
 0.00000000E+00
 0.00000000E+00
 0.00000000E+00
 0.00000000E+00
 0.00000000E+00
 0.00000000E+00
 0.00000000E+00
 0.00000000E+00
 0.00000000E+00
 0.00000000E+00
 0.00000000E+00
 0.00000000E+00
 0.00000000E+00
 0.00000000E+00
 0.00000000E+00
 3.77890591E-01
 2.23101448E-01
 6.83123054E-02
 8.64768375E-02
 1.77253355E-01
 2.39979396E-01
 1.59675360E-01
 2.86675418E-02
 9.58151807E-06
 9.58152686E-06
 8.38637607E-02
 1.35055542E-02
 9.58154919E-06
 9.58155508E-06
 9.58144277E-06
 9.58144122E-06
 9.58145161E-06
 9.58145984E-06
 9.58146954E-06
 9.58147775E-06
 9.58148574E-06
 9.58149616E-06
 9.58150513E-06
 9.58151172E-06
 1.64060860E-02
 9.58151811E-06
 9.58151833E-06
 9.58152091E-06
 9.58152320E-06
 9.58152405E-06
 9.58152768E-06
 9.58152914E-06
 9.58153178E-06
 9.58153284E-06
 9.58153438E-06
 9.58153709E-06
 9.58153871E-06
 9.58154035E-06
 9.58154355E-06
 9.58154677E-06
 9.58155208E-06
 9.58155646E-06
 9.58156013E-06
 9.58156466E-06
 9.58157020E-06
 9.58157349E-06
 9.58158071E-06
 9.58158417E-06
 9.58158851E-06
 9.58159357E-06
 9.58159843E-06
 9.58160255E-06
 9.58148646E-06
 9.58148846E-06
 9.58149082E-06
 9.58149216E-06
 9.58149272E-06
 9.58149316E-06
 9.58149303E-06
 9.58149567E-06
 9.58149399E-06
 9.58149495E-06
 9.58149672E-06
 9.58149703E-06
 9.58149799E-06
 9.58149853E-06
 9.58149934E-06
 9.58149962E-06
 9.58150009E-06
 9.58150143E-06
 9.58150209E-06
 9.58150182E-06
 9.58150397E-06
 9.58150473E-06
 9.58150436E-06
 9.58150562E-06
 9.58150538E-06
 9.58150670E-06
 9.58150709E-06
 9.58150759E-06
 9.58150848E-06
 9.58150868E-06
 9.58150955E-06
 9.58151066E-06
 9.58151198E-06
 9.58151346E-06
 9.58151402E-06
 9.58151685E-06
 9.58151910E-06
 9.58152202E-06
 9.58152456E-06
 9.58152738E-06
 9.58152883E-06
 9.58153078E-06
 9.58153413E-06
 9.58153725E-06
 9.58153856E-06
 9.58154239E-06
 9.58154552E-06
 9.58154797E-06
 9.58154912E-06
 9.58155196E-06
 9.58155489E-06
 9.58155792E-06
 9.58156035E-06
 9.58156278E-06
 9.58156551E-06
 9.58156781E-06
 9.58157028E-06
 9.58157320E-06
 9.58157617E-06
 9.58157920E-06
 9.58158164E-06
 9.58158492E-06
 9.58158668E-06
 9.58159005E-06
 9.58159239E-06
 9.58159484E-06
 9.58159760E-06
 9.58160035E-06
 9.58160364E-06
 9.58160544E-06
 9.58160773E-06
 9.58161064E-06
 9.58161365E-06
 9.58161697E-06
 9.58162026E-06
 9.58162192E-06
 9.58162564E-06
 9.58162763E-06
 9.58163157E-06
 9.58163322E-06
 9.58163621E-06
 9.58163919E-06
 9.58164211E-06
 9.58164494E-06
 9.58164816E-06
 9.58165074E-06
 9.58165280E-06
 9.58165620E-06
 9.58165955E-06
 9.58166160E-06
 9.58166483E-06
 9.58166765E-06
 9.58167108E-06
 9.58167380E-06
 9.58167702E-06
 9.58168024E-06
 9.58168342E-06
 9.58168550E-06
 9.58168821E-06
 9.58169198E-06
 9.58169508E-06
 9.58157711E-06
 9.58158002E-06
 9.58158156E-06
 9.58158292E-06
 9.58158529E-06
 9.58158724E-06
 9.58158945E-06
 9.58159102E-06
 9.58159236E-06
 9.58159446E-06
 9.58159632E-06
 9.58159774E-06
 9.58160098E-06
 9.58160173E-06
 9.58160407E-06
 9.58160617E-06
 9.58160762E-06
 9.58160992E-06
 9.58161156E-06
 9.58161404E-06
 9.58161588E-06
 9.58161726E-06
 9.58162014E-06
 9.58162172E-06
 9.58162285E-06
 9.58162567E-06
 9.58162786E-06
 9.58162879E-06
 9.58163121E-06
 9.58163360E-06
 9.58163540E-06
 9.58163704E-06
 9.58163951E-06
 9.58164163E-06
 9.58164282E-06
 9.58164487E-06
 9.58164701E-06
 9.58164927E-06
 9.58165165E-06
 9.58165341E-06
 9.58165569E-06
 9.58165726E-06
 9.58165961E-06
 9.58166107E-06
 9.58166322E-06
 9.58166572E-06
 9.58166780E-06
 9.58166941E-06
 9.58167187E-06
 9.58167375E-06
 9.58167605E-06
 9.58151775E-06
 9.58149645E-06
 9.58148337E-06
 9.58147381E-06
 9.58146597E-06
 9.58145940E-06
 9.58157670E-06
 9.58157640E-06
 9.58157468E-06
 9.58157259E-06
 9.58157050E-06
 9.58156862E-06
 9.58156673E-06
 9.58156555E-06
 9.58156359E-06
 9.58156218E-06
 9.58156077E-06
 9.58155935E-06
 9.58155836E-06
 9.58155680E-06
 9.58155536E-06
 9.58155388E-06
 9.58155291E-06
 9.58155146E-06
 9.58155021E-06
 9.58154931E-06
 9.58154838E-06
 9.58154707E-06
 9.58154629E-06
 9.58154499E-06
 9.58154401E-06
 9.58154250E-06
 9.58154173E-06
 9.58154071E-06
 9.58153982E-06
 9.58153892E-06
 9.58153795E-06
 9.58153658E-06
 9.58153582E-06
 9.58153485E-06
 9.58153415E-06
 9.58153324E-06
 9.58153245E-06
 9.58153134E-06
 9.58153084E-06
 9.58152992E-06
 9.58152900E-06
 9.58152805E-06
 9.58152740E-06
 9.58152658E-06
 9.58152579E-06
 9.58152482E-06
 9.58152427E-06
 9.58152361E-06
 9.58152255E-06
 9.58152188E-06
 9.58152125E-06
 9.58152059E-06
 9.58151991E-06
 9.58151919E-06
 9.58151858E-06
 9.58151795E-06
 9.58151723E-06
 9.58151664E-06
 9.58151602E-06
 9.58151531E-06
 9.58151480E-06
 9.58151427E-06
 9.58151372E-06
 9.58151317E-06
 9.58151398E-06
 9.58151545E-06
 9.58151714E-06
 9.58151875E-06
 9.58152026E-06
 9.58152205E-06
 9.58152364E-06
 9.58152532E-06
 9.58152712E-06
 9.58152875E-06
 9.58153049E-06
 9.58153230E-06
 9.58153409E-06
 9.58153592E-06
 9.58153779E-06
 9.58153966E-06
 9.58154160E-06
 9.58154353E-06
 9.58154551E-06
 9.58154753E-06
 9.58154959E-06
 9.58155169E-06
 9.58155383E-06
 9.58155604E-06
 9.58155826E-06
 9.58156058E-06
 9.58156293E-06
 9.58156537E-06
 9.58156785E-06
 9.58157045E-06
 9.58157316E-06
 9.58157549E-06
 9.58145840E-06
 9.58146495E-06
 9.58147208E-06
 9.58147984E-06
 9.58148820E-06
 9.58149750E-06
 9.58150754E-06
 9.68299311E-05
 3.16518073E-04
 5.36206213E-04
 7.55894353E-04
 1.32198655E-03
 2.14906819E-03
 3.34727049E-03
 8.26892467E-04
 7.05491429E-05
 1.40115284E-04
 1.81267257E-04
 1.94013765E-04
 1.90990963E-04
 1.64103668E-04
 1.08981621E-04
 2.56159312E-05
 2.65585664E-02
 5.89600720E-02
 9.17144966E-02
 1.24824209E-01
 2.41139337E-01
 3.66477958E-01
 5.80699142E-01
 0.00000000E+00
 0.00000000E+00
 0.00000000E+00
 0.00000000E+00
 0.00000000E+00
 0.00000000E+00
 0.00000000E+00
 0.00000000E+00
 0.00000000E+00
 0.00000000E+00
 0.00000000E+00
 0.00000000E+00
 0.00000000E+00
 0.00000000E+00
 0.00000000E+00
 0.00000000E+00
 0.00000000E+00
 0.00000000E+00
 0.00000000E+00
 0.00000000E+00
 0.00000000E+00
 0.00000000E+00
 0.00000000E+00
 0.00000000E+00
 0.00000000E+00
 0.00000000E+00
 0.00000000E+00
 0.00000000E+00
 0.00000000E+00
 0.00000000E+00
 0.00000000E+00
 0.00000000E+00
 0.00000000E+00
 0.00000000E+00
 0.00000000E+00
 0.00000000E+00
 0.00000000E+00
 0.00000000E+00
 0.00000000E+00
 0.00000000E+00
 0.00000000E+00
 0.00000000E+00
 0.00000000E+00
 0.00000000E+00
 0.00000000E+00
 0.00000000E+00
 0.00000000E+00
 0.00000000E+00
 0.00000000E+00
 0.00000000E+00
 0.00000000E+00
 0.00000000E+00
 0.00000000E+00
 0.00000000E+00
 0.00000000E+00
 0.00000000E+00
 0.00000000E+00
 0.00000000E+00
 0.00000000E+00
 0.00000000E+00
 0.00000000E+00
 0.00000000E+00
 0.00000000E+00
 0.00000000E+00
 0.00000000E+00
 0.00000000E+00
 0.00000000E+00
 0.00000000E+00
 0.00000000E+00
 0.00000000E+00
 0.00000000E+00
 0.00000000E+00
 0.00000000E+00
 0.00000000E+00
 0.00000000E+00
 0.00000000E+00
 0.00000000E+00
 0.00000000E+00
 0.00000000E+00
 0.00000000E+00
 0.00000000E+00
 0.00000000E+00
 0.00000000E+00
 0.00000000E+00
 0.00000000E+00
 0.00000000E+00
 0.00000000E+00
 0.00000000E+00
 0.00000000E+00
 0.00000000E+00
 0.00000000E+00
 0.00000000E+00
 0.00000000E+00
 0.00000000E+00
 0.00000000E+00
 0.00000000E+00
 0.00000000E+00
 0.00000000E+00
 0.00000000E+00
 0.00000000E+00
 0.00000000E+00
 0.00000000E+00
 0.00000000E+00
 0.00000000E+00
 0.00000000E+00
 0.00000000E+00
 0.00000000E+00
 0.00000000E+00
 0.00000000E+00
 0.00000000E+00
 0.00000000E+00
 0.00000000E+00
 0.00000000E+00
 0.00000000E+00
 0.00000000E+00
 0.00000000E+00
 0.00000000E+00
 0.00000000E+00
 0.00000000E+00
 0.00000000E+00
 0.00000000E+00
 0.00000000E+00
 0.00000000E+00
 0.00000000E+00
 0.00000000E+00
 0.00000000E+00
 0.00000000E+00
 0.00000000E+00
 0.00000000E+00
 0.00000000E+00
 0.00000000E+00
 0.00000000E+00
 0.00000000E+00
 0.00000000E+00
 0.00000000E+00
 0.00000000E+00
 0.00000000E+00
 0.00000000E+00
 0.00000000E+00
 0.00000000E+00
 0.00000000E+00
 0.00000000E+00
 0.00000000E+00
 0.00000000E+00
 0.00000000E+00
 0.00000000E+00
 0.00000000E+00
 0.00000000E+00
 0.00000000E+00
 0.00000000E+00
 0.00000000E+00
 0.00000000E+00
 0.00000000E+00
 0.00000000E+00
 0.00000000E+00
 0.00000000E+00
 0.00000000E+00
 0.00000000E+00
 0.00000000E+00
 0.00000000E+00
 0.00000000E+00
 0.00000000E+00
 0.00000000E+00
 0.00000000E+00
 4.34333286E-01
 2.67357878E-01
 1.00382469E-01
 6.65929392E-02
 1.66826628E-01
 2.37813946E-01
 1.59673290E-01
 2.86671620E-02
 9.57144795E-06
 9.57145499E-06
 8.74395997E-02
 1.40817642E-02
 9.57147739E-06
 9.57148523E-06
 9.57137027E-06
 9.57137036E-06
 9.57137972E-06
 9.57138863E-06
 9.57139651E-06
 9.57140690E-06
 9.57141413E-06
 9.57142493E-06
 9.57143461E-06
 9.57144254E-06
 1.71051192E-02
 9.57144633E-06
 9.57144846E-06
 9.57145018E-06
 9.57145317E-06
 9.57145499E-06
 9.57145588E-06
 9.57145834E-06
 9.57145962E-06
 9.57146088E-06
 9.57146538E-06
 9.57146492E-06
 9.57146867E-06
 9.57147015E-06
 9.57147256E-06
 9.57147653E-06
 9.57147958E-06
 9.57148517E-06
 9.57148990E-06
 9.57149403E-06
 9.57149939E-06
 9.57150311E-06
 9.57150900E-06
 9.57151367E-06
 9.57151946E-06
 9.57152257E-06
 9.57152729E-06
 9.57153222E-06
 9.57141541E-06
 9.57141850E-06
 9.57142001E-06
 9.57142156E-06
 9.57142263E-06
 9.57142311E-06
 9.57142301E-06
 9.57142374E-06
 9.57142563E-06
 9.57142607E-06
 9.57142538E-06
 9.57142651E-06
 9.57142608E-06
 9.57142733E-06
 9.57142840E-06
 9.57142893E-06
 9.57142920E-06
 9.57143028E-06
 9.57143065E-06
 9.57143139E-06
 9.57143280E-06
 9.57143272E-06
 9.57143461E-06
 9.57143461E-06
 9.57143443E-06
 9.57143536E-06
 9.57143571E-06
 9.57143741E-06
 9.57143774E-06
 9.57143874E-06
 9.57143859E-06
 9.57144034E-06
 9.57144026E-06
 9.57144192E-06
 9.57144390E-06
 9.57144608E-06
 9.57144763E-06
 9.57145169E-06
 9.57145281E-06
 9.57145604E-06
 9.57145782E-06
 9.57146100E-06
 9.57146267E-06
 9.57146687E-06
 9.57146765E-06
 9.57147084E-06
 9.57147274E-06
 9.57147694E-06
 9.57147946E-06
 9.57148083E-06
 9.57148348E-06
 9.57148584E-06
 9.57148909E-06
 9.57149166E-06
 9.57149351E-06
 9.57149582E-06
 9.57149971E-06
 9.57150218E-06
 9.57150440E-06
 9.57150660E-06
 9.57150958E-06
 9.57151188E-06
 9.57151491E-06
 9.57151805E-06
 9.57151983E-06
 9.57152332E-06
 9.57152537E-06
 9.57152792E-06
 9.57153037E-06
 9.57153326E-06
 9.57153650E-06
 9.57153896E-06
 9.57154252E-06
 9.57154471E-06
 9.57154680E-06
 9.57154963E-06
 9.57155177E-06
 9.57155582E-06
 9.57155888E-06
 9.57156085E-06
 9.57156385E-06
 9.57156701E-06
 9.57156955E-06
 9.57157273E-06
 9.57157516E-06
 9.57157815E-06
 9.57158009E-06
 9.57158327E-06
 9.57158612E-06
 9.57158883E-06
 9.57159238E-06
 9.57159524E-06
 9.57159734E-06
 9.57160094E-06
 9.57160350E-06
 9.57160695E-06
 9.57160930E-06
 9.57161222E-06
 9.57161495E-06
 9.57161795E-06
 9.57150147E-06
 9.57150305E-06
 9.57150444E-06
 9.57150684E-06
 9.57150883E-06
 9.57151084E-06
 9.57151240E-06
 9.57151354E-06
 9.57151584E-06
 9.57151748E-06
 9.57152001E-06
 9.57152210E-06
 9.57152351E-06
 9.57152488E-06
 9.57152669E-06
 9.57152897E-06
 9.57153096E-06
 9.57153228E-06
 9.57153444E-06
 9.57153591E-06
 9.57153781E-06
 9.57154030E-06
 9.57154234E-06
 9.57154390E-06
 9.57154566E-06
 9.57154718E-06
 9.57154928E-06
 9.57155181E-06
 9.57155284E-06
 9.57155468E-06
 9.57155696E-06
 9.57155880E-06
 9.57156147E-06
 9.57156274E-06
 9.57156485E-06
 9.57156662E-06
 9.57156842E-06
 9.57157129E-06
 9.57157309E-06
 9.57157498E-06
 9.57157720E-06
 9.57157881E-06
 9.57158097E-06
 9.57158260E-06
 9.57158506E-06
 9.57158665E-06
 9.57158835E-06
 9.57159122E-06
 9.57159296E-06
 9.57159463E-06
 9.57159721E-06
 9.57159869E-06
 9.57144331E-06
 9.57141959E-06
 9.57140501E-06
 9.57139520E-06
 9.57138784E-06
 9.57138105E-06
 9.57149892E-06
 9.57149785E-06
 9.57149575E-06
 9.57149438E-06
 9.57149274E-06
 9.57149054E-06
 9.57148949E-06
 9.57148773E-06
 9.57148630E-06
 9.57148497E-06
 9.57148394E-06
 9.57148201E-06
 9.57148104E-06
 9.57148000E-06
 9.57147856E-06
 9.57147719E-06
 9.57147615E-06
 9.57147547E-06
 9.57147443E-06
 9.57147332E-06
 9.57147207E-06
 9.57147129E-06
 9.57147017E-06
 9.57146884E-06
 9.57146837E-06
 9.57146704E-06
 9.57146612E-06
 9.57146562E-06
 9.57146488E-06
 9.57146404E-06
 9.57146278E-06
 9.57146207E-06
 9.57146149E-06
 9.57146025E-06
 9.57145959E-06
 9.57145917E-06
 9.57145835E-06
 9.57145749E-06
 9.57145680E-06
 9.57145599E-06
 9.57145551E-06
 9.57145474E-06
 9.57145382E-06
 9.57145347E-06
 9.57145262E-06
 9.57145206E-06
 9.57145134E-06
 9.57145075E-06
 9.57145005E-06
 9.57144956E-06
 9.57144891E-06
 9.57144833E-06
 9.57144777E-06
 9.57144721E-06
 9.57144666E-06
 9.57144608E-06
 9.57144569E-06
 9.57144507E-06
 9.57144464E-06
 9.57144420E-06
 9.57144375E-06
 9.57144334E-06
 9.57144292E-06
 9.57144237E-06
 9.57144316E-06
 9.57144446E-06
 9.57144586E-06
 9.57144715E-06
 9.57144858E-06
 9.57144996E-06
 9.57145144E-06
 9.57145291E-06
 9.57145433E-06
 9.57145587E-06
 9.57145728E-06
 9.57145888E-06
 9.57146044E-06
 9.57146197E-06
 9.57146362E-06
 9.57146528E-06
 9.57146693E-06
 9.57146863E-06
 9.57147038E-06
 9.57147216E-06
 9.57147398E-06
 9.57147583E-06
 9.57147774E-06
 9.57147970E-06
 9.57148171E-06
 9.57148377E-06
 9.57148587E-06
 9.57148811E-06
 9.57149034E-06
 9.57149271E-06
 9.57149510E-06
 9.57149772E-06
 9.57138071E-06
 9.57138838E-06
 9.57139663E-06
 9.57140545E-06
 9.57141486E-06
 9.57142514E-06
 9.57143630E-06
 8.39628577E-05
 2.77065928E-04
 4.70168997E-04
 6.63272064E-04
 1.21754767E-03
 2.04393965E-03
 3.25727454E-03
 8.01588755E-04
 7.04043580E-05
 1.39727566E-04
 1.80590706E-04
 1.93002701E-04
 1.90138330E-04
 1.63557661E-04
 1.08704590E-04
 2.55704462E-05
 2.33393580E-02
 5.18177839E-02
 8.06097838E-02
 1.09717441E-01
 2.25522874E-01
 3.50681234E-01
 5.68456333E-01
 0.00000000E+00
 0.00000000E+00
 0.00000000E+00
 0.00000000E+00
 0.00000000E+00
 0.00000000E+00
 0.00000000E+00
 0.00000000E+00
 0.00000000E+00
 0.00000000E+00
 0.00000000E+00
 0.00000000E+00
 0.00000000E+00
 0.00000000E+00
 0.00000000E+00
 0.00000000E+00
 0.00000000E+00
 0.00000000E+00
 0.00000000E+00
 0.00000000E+00
 0.00000000E+00
 0.00000000E+00
 0.00000000E+00
 0.00000000E+00
 0.00000000E+00
 0.00000000E+00
 0.00000000E+00
 0.00000000E+00
 0.00000000E+00
 0.00000000E+00
 0.00000000E+00
 0.00000000E+00
 0.00000000E+00
 0.00000000E+00
 0.00000000E+00
 0.00000000E+00
 0.00000000E+00
 0.00000000E+00
 0.00000000E+00
 0.00000000E+00
 0.00000000E+00
 0.00000000E+00
 0.00000000E+00
 0.00000000E+00
 0.00000000E+00
 0.00000000E+00
 0.00000000E+00
 0.00000000E+00
 0.00000000E+00
 0.00000000E+00
 0.00000000E+00
 0.00000000E+00
 0.00000000E+00
 0.00000000E+00
 0.00000000E+00
 0.00000000E+00
 0.00000000E+00
 0.00000000E+00
 0.00000000E+00
 0.00000000E+00
 0.00000000E+00
 0.00000000E+00
 0.00000000E+00
 0.00000000E+00
 0.00000000E+00
 0.00000000E+00
 0.00000000E+00
 0.00000000E+00
 0.00000000E+00
 0.00000000E+00
 0.00000000E+00
 0.00000000E+00
 0.00000000E+00
 0.00000000E+00
 0.00000000E+00
 0.00000000E+00
 0.00000000E+00
 0.00000000E+00
 0.00000000E+00
 0.00000000E+00
 0.00000000E+00
 0.00000000E+00
 0.00000000E+00
 0.00000000E+00
 0.00000000E+00
 0.00000000E+00
 0.00000000E+00
 0.00000000E+00
 0.00000000E+00
 0.00000000E+00
 0.00000000E+00
 0.00000000E+00
 0.00000000E+00
 0.00000000E+00
 0.00000000E+00
 0.00000000E+00
 0.00000000E+00
 0.00000000E+00
 0.00000000E+00
 0.00000000E+00
 0.00000000E+00
 0.00000000E+00
 0.00000000E+00
 0.00000000E+00
 0.00000000E+00
 0.00000000E+00
 0.00000000E+00
 0.00000000E+00
 0.00000000E+00
 0.00000000E+00
 0.00000000E+00
 0.00000000E+00
 0.00000000E+00
 0.00000000E+00
 0.00000000E+00
 0.00000000E+00
 0.00000000E+00
 0.00000000E+00
 0.00000000E+00
 0.00000000E+00
 0.00000000E+00
 0.00000000E+00
 0.00000000E+00
 0.00000000E+00
 0.00000000E+00
 0.00000000E+00
 0.00000000E+00
 0.00000000E+00
 0.00000000E+00
 0.00000000E+00
 0.00000000E+00
 0.00000000E+00
 0.00000000E+00
 0.00000000E+00
 0.00000000E+00
 0.00000000E+00
 0.00000000E+00
 0.00000000E+00
 0.00000000E+00
 0.00000000E+00
 0.00000000E+00
 0.00000000E+00
 0.00000000E+00
 0.00000000E+00
 0.00000000E+00
 0.00000000E+00
 0.00000000E+00
 0.00000000E+00
 0.00000000E+00
 0.00000000E+00
 0.00000000E+00
 0.00000000E+00
 0.00000000E+00
 0.00000000E+00
 0.00000000E+00
 0.00000000E+00
 0.00000000E+00
 0.00000000E+00
 0.00000000E+00
 0.00000000E+00
 0.00000000E+00
 0.00000000E+00
 0.00000000E+00
 0.00000000E+00
 4.90684846E-01
 3.11542939E-01
 1.32401032E-01
 4.67408745E-02
 1.56416404E-01
 2.35651612E-01
 1.59670860E-01
 2.86664602E-02
 9.24781167E-06
 9.24781847E-06
 9.10099398E-02
 1.46573511E-02
 9.24783977E-06
 9.24784676E-06
 9.24773262E-06
 9.24773336E-06
 9.24773940E-06
 9.24775093E-06
 9.24775839E-06
 9.24777007E-06
 9.24777839E-06
 9.24778734E-06
 9.24779638E-06
 9.24780394E-06
 1.78027025E-02
 9.24780782E-06
 9.24781153E-06
 9.24781417E-06
 9.24781521E-06
 9.24781621E-06
 9.24781877E-06
 9.24782008E-06
 9.24782303E-06
 9.24782621E-06
 9.24782772E-06
 9.24782918E-06
 9.24783086E-06
 9.24783342E-06
 9.24783424E-06
 9.24783812E-06
 9.24784259E-06
 9.24784900E-06
 9.24785393E-06
 9.24785766E-06
 9.24786206E-06
 9.24786817E-06
 9.24787348E-06
 9.24787739E-06
 9.24788301E-06
 9.24788616E-06
 9.24789145E-06
 9.24777749E-06
 9.24777829E-06
 9.24778244E-06
 9.24778340E-06
 9.24778580E-06
 9.24778539E-06
 9.24778660E-06
 9.24778641E-06
 9.24778739E-06
 9.24778870E-06
 9.24778889E-06
 9.24778941E-06
 9.24778981E-06
 9.24779040E-06
 9.24779047E-06
 9.24779210E-06
 9.24779133E-06
 9.24779346E-06
 9.24779419E-06
 9.24779453E-06
 9.24779483E-06
 9.24779538E-06
 9.24779648E-06
 9.24779705E-06
 9.24779744E-06
 9.24779755E-06
 9.24779873E-06
 9.24779924E-06
 9.24780040E-06
 9.24780046E-06
 9.24780243E-06
 9.24780293E-06
 9.24780353E-06
 9.24780527E-06
 9.24780538E-06
 9.24780733E-06
 9.24780911E-06
 9.24781180E-06
 9.24781344E-06
 9.24781685E-06
 9.24781911E-06
 9.24782114E-06
 9.24782450E-06
 9.24782600E-06
 9.24782838E-06
 9.24783163E-06
 9.24783386E-06
 9.24783652E-06
 9.24783932E-06
 9.24784066E-06
 9.24784327E-06
 9.24784583E-06
 9.24784926E-06
 9.24785171E-06
 9.24785342E-06
 9.24785583E-06
 9.24785953E-06
 9.24786178E-06
 9.24786404E-06
 9.24786742E-06
 9.24786868E-06
 9.24787211E-06
 9.24787338E-06
 9.24787616E-06
 9.24787927E-06
 9.24788237E-06
 9.24788512E-06
 9.24788750E-06
 9.24788947E-06
 9.24789298E-06
 9.24789595E-06
 9.24789761E-06
 9.24790087E-06
 9.24790357E-06
 9.24790614E-06
 9.24790829E-06
 9.24791109E-06
 9.24791314E-06
 9.24791654E-06
 9.24791884E-06
 9.24792238E-06
 9.24792425E-06
 9.24792727E-06
 9.24793065E-06
 9.24793326E-06
 9.24793639E-06
 9.24793818E-06
 9.24794142E-06
 9.24794430E-06
 9.24794677E-06
 9.24795030E-06
 9.24795258E-06
 9.24795561E-06
 9.24795884E-06
 9.24796074E-06
 9.24796397E-06
 9.24796658E-06
 9.24797022E-06
 9.24797337E-06
 9.24797554E-06
 9.24785860E-06
 9.24786091E-06
 9.24786323E-06
 9.24786419E-06
 9.24786589E-06
 9.24786761E-06
 9.24787006E-06
 9.24787205E-06
 9.24787356E-06
 9.24787486E-06
 9.24787682E-06
 9.24787833E-06
 9.24788049E-06
 9.24788216E-06
 9.24788337E-06
 9.24788610E-06
 9.24788726E-06
 9.24788900E-06
 9.24789116E-06
 9.24789282E-06
 9.24789509E-06
 9.24789643E-06
 9.24789840E-06
 9.24789986E-06
 9.24790170E-06
 9.24790393E-06
 9.24790567E-06
 9.24790799E-06
 9.24790965E-06
 9.24791170E-06
 9.24791328E-06
 9.24791548E-06
 9.24791639E-06
 9.24791878E-06
 9.24792073E-06
 9.24792250E-06
 9.24792409E-06
 9.24792652E-06
 9.24792881E-06
 9.24792999E-06
 9.24793226E-06
 9.24793386E-06
 9.24793578E-06
 9.24793809E-06
 9.24793999E-06
 9.24794159E-06
 9.24794401E-06
 9.24794579E-06
 9.24794774E-06
 9.24794936E-06
 9.24795179E-06
 9.24795342E-06
 9.24795547E-06
 9.24780438E-06
 9.24777607E-06
 9.24776194E-06
 9.24775091E-06
 9.24774300E-06
 9.24773595E-06
 9.24785406E-06
 9.24785394E-06
 9.24785174E-06
 9.24785017E-06
 9.24784876E-06
 9.24784724E-06
 9.24784558E-06
 9.24784381E-06
 9.24784306E-06
 9.24784145E-06
 9.24784031E-06
 9.24783903E-06
 9.24783791E-06
 9.24783705E-06
 9.24783532E-06
 9.24783469E-06
 9.24783383E-06
 9.24783241E-06
 9.24783155E-06
 9.24783111E-06
 9.24782973E-06
 9.24782866E-06
 9.24782844E-06
 9.24782704E-06
 9.24782625E-06
 9.24782565E-06
 9.24782518E-06
 9.24782403E-06
 9.24782361E-06
 9.24782277E-06
 9.24782182E-06
 9.24782123E-06
 9.24782049E-06
 9.24781988E-06
 9.24781938E-06
 9.24781845E-06
 9.24781796E-06
 9.24781717E-06
 9.24781678E-06
 9.24781618E-06
 9.24781565E-06
 9.24781504E-06
 9.24781463E-06
 9.24781381E-06
 9.24781346E-06
 9.24781296E-06
 9.24781239E-06
 9.24781194E-06
 9.24781132E-06
 9.24781094E-06
 9.24781050E-06
 9.24780996E-06
 9.24780944E-06
 9.24780907E-06
 9.24780874E-06
 9.24780842E-06
 9.24780813E-06
 9.24780762E-06
 9.24780717E-06
 9.24780695E-06
 9.24780653E-06
 9.24780619E-06
 9.24780593E-06
 9.24780571E-06
 9.24780623E-06
 9.24780734E-06
 9.24780841E-06
 9.24780958E-06
 9.24781070E-06
 9.24781194E-06
 9.24781303E-06
 9.24781424E-06
 9.24781556E-06
 9.24781675E-06
 9.24781803E-06
 9.24781930E-06
 9.24782064E-06
 9.24782200E-06
 9.24782337E-06
 9.24782477E-06
 9.24782622E-06
 9.24782767E-06
 9.24782915E-06
 9.24783070E-06
 9.24783228E-06
 9.24783390E-06
 9.24783556E-06
 9.24783728E-06
 9.24783906E-06
 9.24784086E-06
 9.24784279E-06
 9.24784473E-06
 9.24784677E-06
 9.24784887E-06
 9.24785110E-06
 9.24785379E-06
 9.24773692E-06
 9.24774565E-06
 9.24775495E-06
 9.24776486E-06
 9.24777538E-06
 9.24778678E-06
 9.24779898E-06
 7.14301537E-05
 2.37991101E-04
 4.04552047E-04
 5.71112992E-04
 1.11359095E-03
 1.93929413E-03
 3.16773674E-03
 7.76637499E-04
 6.99535701E-05
 1.39038665E-04
 1.79617783E-04
 1.91700075E-04
 1.88998055E-04
 1.62727615E-04
 1.08147113E-04
 2.52481035E-05
 2.01256522E-02
 4.46873443E-02
 6.95233043E-02
 9.46353305E-02
 2.09931811E-01
 3.34910116E-01
 5.56233312E-01
 0.00000000E+00
 0.00000000E+00
 0.00000000E+00
 0.00000000E+00
 0.00000000E+00
 0.00000000E+00
 0.00000000E+00
 0.00000000E+00
 0.00000000E+00
 0.00000000E+00
 0.00000000E+00
 0.00000000E+00
 0.00000000E+00
 0.00000000E+00
 0.00000000E+00
 0.00000000E+00
 0.00000000E+00
 0.00000000E+00
 0.00000000E+00
 0.00000000E+00
 0.00000000E+00
 0.00000000E+00
 0.00000000E+00
 0.00000000E+00
 0.00000000E+00
 0.00000000E+00
 0.00000000E+00
 0.00000000E+00
 0.00000000E+00
 0.00000000E+00
 0.00000000E+00
 0.00000000E+00
 0.00000000E+00
 0.00000000E+00
 0.00000000E+00
 0.00000000E+00
 0.00000000E+00
 0.00000000E+00
 0.00000000E+00
 0.00000000E+00
 0.00000000E+00
 0.00000000E+00
 0.00000000E+00
 0.00000000E+00
 0.00000000E+00
 0.00000000E+00
 0.00000000E+00
 0.00000000E+00
 0.00000000E+00
 0.00000000E+00
 0.00000000E+00
 0.00000000E+00
 0.00000000E+00
 0.00000000E+00
 0.00000000E+00
 0.00000000E+00
 0.00000000E+00
 0.00000000E+00
 0.00000000E+00
 0.00000000E+00
 0.00000000E+00
 0.00000000E+00
 0.00000000E+00
 0.00000000E+00
 0.00000000E+00
 0.00000000E+00
 0.00000000E+00
 0.00000000E+00
 0.00000000E+00
 0.00000000E+00
 0.00000000E+00
 0.00000000E+00
 0.00000000E+00
 0.00000000E+00
 0.00000000E+00
 0.00000000E+00
 0.00000000E+00
 0.00000000E+00
 0.00000000E+00
 0.00000000E+00
 0.00000000E+00
 0.00000000E+00
 0.00000000E+00
 0.00000000E+00
 0.00000000E+00
 0.00000000E+00
 0.00000000E+00
 0.00000000E+00
 0.00000000E+00
 0.00000000E+00
 0.00000000E+00
 0.00000000E+00
 0.00000000E+00
 0.00000000E+00
 0.00000000E+00
 0.00000000E+00
 0.00000000E+00
 0.00000000E+00
 0.00000000E+00
 0.00000000E+00
 0.00000000E+00
 0.00000000E+00
 0.00000000E+00
 0.00000000E+00
 0.00000000E+00
 0.00000000E+00
 0.00000000E+00
 0.00000000E+00
 0.00000000E+00
 0.00000000E+00
 0.00000000E+00
 0.00000000E+00
 0.00000000E+00
 0.00000000E+00
 0.00000000E+00
 0.00000000E+00
 0.00000000E+00
 0.00000000E+00
 0.00000000E+00
 0.00000000E+00
 0.00000000E+00
 0.00000000E+00
 0.00000000E+00
 0.00000000E+00
 0.00000000E+00
 0.00000000E+00
 0.00000000E+00
 0.00000000E+00
 0.00000000E+00
 0.00000000E+00
 0.00000000E+00
 0.00000000E+00
 0.00000000E+00
 0.00000000E+00
 0.00000000E+00
 0.00000000E+00
 0.00000000E+00
 0.00000000E+00
 0.00000000E+00
 0.00000000E+00
 0.00000000E+00
 0.00000000E+00
 0.00000000E+00
 0.00000000E+00
 0.00000000E+00
 0.00000000E+00
 0.00000000E+00
 0.00000000E+00
 0.00000000E+00
 0.00000000E+00
 0.00000000E+00
 0.00000000E+00
 0.00000000E+00
 0.00000000E+00
 0.00000000E+00
 0.00000000E+00
 0.00000000E+00
 0.00000000E+00
 0.00000000E+00
 0.00000000E+00
 0.00000000E+00
 0.00000000E+00
 0.00000000E+00
 0.00000000E+00
 5.46945438E-01
 3.55656764E-01
 1.64368090E-01
 2.69205845E-02
 1.46022652E-01
 2.33492387E-01
 1.59668069E-01
 2.86654370E-02
 8.61111577E-06
 8.61112169E-06
 9.45747914E-02
 1.52323163E-02
 8.61114187E-06
 8.61114968E-06
 8.61103566E-06
 8.61103547E-06
 8.61104406E-06
 8.61105372E-06
 8.61106292E-06
 8.61107102E-06
 8.61108250E-06
 8.61109121E-06
 8.61109977E-06
 8.61110806E-06
 1.84988386E-02
 8.61111157E-06
 8.61111438E-06
 8.61111592E-06
 8.61111923E-06
 8.61111967E-06
 8.61112101E-06
 8.61112440E-06
 8.61112749E-06
 8.61112718E-06
 8.61112977E-06
 8.61113333E-06
 8.61113438E-06
 8.61113572E-06
 8.61113843E-06
 8.61114200E-06
 8.61114725E-06
 8.61115055E-06
 8.61115709E-06
 8.61116018E-06
 8.61116499E-06
 8.61117088E-06
 8.61117579E-06
 8.61118030E-06
 8.61118626E-06
 8.61119041E-06
 8.61119644E-06
 8.61107965E-06
 8.61108435E-06
 8.61108463E-06
 8.61108854E-06
 8.61108999E-06
 8.61108931E-06
 8.61109095E-06
 8.61108964E-06
 8.61109091E-06
 8.61109065E-06
 8.61109254E-06
 8.61109282E-06
 8.61109472E-06
 8.61109462E-06
 8.61109610E-06
 8.61109476E-06
 8.61109631E-06
 8.61109720E-06
 8.61109660E-06
 8.61109839E-06
 8.61109864E-06
 8.61109912E-06
 8.61110110E-06
 8.61110112E-06
 8.61110225E-06
 8.61110136E-06
 8.61110283E-06
 8.61110358E-06
 8.61110460E-06
 8.61110444E-06
 8.61110579E-06
 8.61110593E-06
 8.61110749E-06
 8.61110841E-06
 8.61110868E-06
 8.61111068E-06
 8.61111278E-06
 8.61111537E-06
 8.61111813E-06
 8.61111942E-06
 8.61112236E-06
 8.61112501E-06
 8.61112703E-06
 8.61112993E-06
 8.61113244E-06
 8.61113543E-06
 8.61113698E-06
 8.61113898E-06
 8.61114101E-06
 8.61114397E-06
 8.61114691E-06
 8.61114943E-06
 8.61115098E-06
 8.61115445E-06
 8.61115712E-06
 8.61115836E-06
 8.61116113E-06
 8.61116382E-06
 8.61116706E-06
 8.61116873E-06
 8.61117112E-06
 8.61117390E-06
 8.61117701E-06
 8.61117869E-06
 8.61118178E-06
 8.61118453E-06
 8.61118688E-06
 8.61118879E-06
 8.61119134E-06
 8.61119392E-06
 8.61119679E-06
 8.61119990E-06
 8.61120263E-06
 8.61120499E-06
 8.61120799E-06
 8.61121050E-06
 8.61121332E-06
 8.61121503E-06
 8.61121829E-06
 8.61122122E-06
 8.61122398E-06
 8.61122629E-06
 8.61122917E-06
 8.61123233E-06
 8.61123466E-06
 8.61123693E-06
 8.61123934E-06
 8.61124262E-06
 8.61124546E-06
 8.61124906E-06
 8.61125167E-06
 8.61125345E-06
 8.61125667E-06
 8.61125976E-06
 8.61126266E-06
 8.61126539E-06
 8.61126739E-06
 8.61127111E-06
 8.61127304E-06
 8.61127636E-06
 8.61115897E-06
 8.61116102E-06
 8.61116288E-06
 8.61116454E-06
 8.61116594E-06
 8.61116690E-06
 8.61116973E-06
 8.61117091E-06
 8.61117300E-06
 8.61117461E-06
 8.61117666E-06
 8.61117821E-06
 8.61117949E-06
 8.61118116E-06
 8.61118327E-06
 8.61118484E-06
 8.61118704E-06
 8.61118830E-06
 8.61119035E-06
 8.61119148E-06
 8.61119427E-06
 8.61119524E-06
 8.61119768E-06
 8.61119939E-06
 8.61120059E-06
 8.61120216E-06
 8.61120410E-06
 8.61120638E-06
 8.61120819E-06
 8.61121035E-06
 8.61121185E-06
 8.61121289E-06
 8.61121554E-06
 8.61121672E-06
 8.61121850E-06
 8.61122089E-06
 8.61122306E-06
 8.61122488E-06
 8.61122672E-06
 8.61122825E-06
 8.61123003E-06
 8.61123193E-06
 8.61123395E-06
 8.61123537E-06
 8.61123734E-06
 8.61123915E-06
 8.61124161E-06
 8.61124322E-06
 8.61124518E-06
 8.61124674E-06
 8.61124896E-06
 8.61125115E-06
 8.61125297E-06
 8.61110651E-06
 8.61107438E-06
 8.61105886E-06
 8.61104785E-06
 8.61103926E-06
 8.61103227E-06
 8.61115045E-06
 8.61114955E-06
 8.61114772E-06
 8.61114654E-06
 8.61114474E-06
 8.61114319E-06
 8.61114208E-06
 8.61114052E-06
 8.61113928E-06
 8.61113860E-06
 8.61113707E-06
 8.61113638E-06
 8.61113545E-06
 8.61113390E-06
 8.61113336E-06
 8.61113247E-06
 8.61113156E-06
 8.61113087E-06
 8.61112995E-06
 8.61112899E-06
 8.61112819E-06
 8.61112740E-06
 8.61112692E-06
 8.61112613E-06
 8.61112496E-06
 8.61112433E-06
 8.61112417E-06
 8.61112333E-06
 8.61112265E-06
 8.61112215E-06
 8.61112141E-06
 8.61112097E-06
 8.61112063E-06
 8.61112003E-06
 8.61111907E-06
 8.61111880E-06
 8.61111828E-06
 8.61111760E-06
 8.61111722E-06
 8.61111676E-06
 8.61111621E-06
 8.61111600E-06
 8.61111535E-06
 8.61111517E-06
 8.61111476E-06
 8.61111422E-06
 8.61111383E-06
 8.61111359E-06
 8.61111329E-06
 8.61111305E-06
 8.61111256E-06
 8.61111228E-06
 8.61111188E-06
 8.61111168E-06
 8.61111130E-06
 8.61111102E-06
 8.61111085E-06
 8.61111071E-06
 8.61111042E-06
 8.61111002E-06
 8.61110990E-06
 8.61110963E-06
 8.61110948E-06
 8.61110940E-06
 8.61110989E-06
 8.61111083E-06
 8.61111157E-06
 8.61111259E-06
 8.61111344E-06
 8.61111426E-06
 8.61111525E-06
 8.61111620E-06
 8.61111717E-06
 8.61111825E-06
 8.61111931E-06
 8.61112035E-06
 8.61112139E-06
 8.61112247E-06
 8.61112359E-06
 8.61112480E-06
 8.61112599E-06
 8.61112721E-06
 8.61112846E-06
 8.61112976E-06
 8.61113110E-06
 8.61113248E-06
 8.61113391E-06
 8.61113538E-06
 8.61113691E-06
 8.61113852E-06
 8.61114017E-06
 8.61114188E-06
 8.61114371E-06
 8.61114560E-06
 8.61114754E-06
 8.61115045E-06
 8.61115525E-06
 8.61104345E-06
 8.61105381E-06
 8.61106484E-06
 8.61107651E-06
 8.61108887E-06
 8.61110216E-06
 5.92312738E-05
 1.99292968E-04
 3.39354660E-04
 4.79416351E-04
 1.01011557E-03
 1.83513080E-03
 3.07865633E-03
 7.52038068E-04
 6.91973223E-05
 1.38049116E-04
 1.78349020E-04
 1.90106411E-04
 1.87570655E-04
 1.61614041E-04
 1.07309699E-04
 2.46494062E-05
 1.69174384E-02
 3.75687304E-02
 5.84550226E-02
 7.95778293E-02
 1.94366097E-01
 3.19164555E-01
 5.44030041E-01
 0.00000000E+00
 0.00000000E+00
 0.00000000E+00
 0.00000000E+00
 0.00000000E+00
 0.00000000E+00
 0.00000000E+00
 0.00000000E+00
 0.00000000E+00
 0.00000000E+00
 0.00000000E+00
 0.00000000E+00
 0.00000000E+00
 0.00000000E+00
 0.00000000E+00
 0.00000000E+00
 0.00000000E+00
 0.00000000E+00
 0.00000000E+00
 0.00000000E+00
 0.00000000E+00
 0.00000000E+00
 0.00000000E+00
 0.00000000E+00
 0.00000000E+00
 0.00000000E+00
 0.00000000E+00
 0.00000000E+00
 0.00000000E+00
 0.00000000E+00
 0.00000000E+00
 0.00000000E+00
 0.00000000E+00
 0.00000000E+00
 0.00000000E+00
 0.00000000E+00
 0.00000000E+00
 0.00000000E+00
 0.00000000E+00
 0.00000000E+00
 0.00000000E+00
 0.00000000E+00
 0.00000000E+00
 0.00000000E+00
 0.00000000E+00
 0.00000000E+00
 0.00000000E+00
 0.00000000E+00
 0.00000000E+00
 0.00000000E+00
 0.00000000E+00
 0.00000000E+00
 0.00000000E+00
 0.00000000E+00
 0.00000000E+00
 0.00000000E+00
 0.00000000E+00
 0.00000000E+00
 0.00000000E+00
 0.00000000E+00
 0.00000000E+00
 0.00000000E+00
 0.00000000E+00
 0.00000000E+00
 0.00000000E+00
 0.00000000E+00
 0.00000000E+00
 0.00000000E+00
 0.00000000E+00
 0.00000000E+00
 0.00000000E+00
 0.00000000E+00
 0.00000000E+00
 0.00000000E+00
 0.00000000E+00
 0.00000000E+00
 0.00000000E+00
 0.00000000E+00
 0.00000000E+00
 0.00000000E+00
 0.00000000E+00
 0.00000000E+00
 0.00000000E+00
 0.00000000E+00
 0.00000000E+00
 0.00000000E+00
 0.00000000E+00
 0.00000000E+00
 0.00000000E+00
 0.00000000E+00
 0.00000000E+00
 0.00000000E+00
 0.00000000E+00
 0.00000000E+00
 0.00000000E+00
 0.00000000E+00
 0.00000000E+00
 0.00000000E+00
 0.00000000E+00
 0.00000000E+00
 0.00000000E+00
 0.00000000E+00
 0.00000000E+00
 0.00000000E+00
 0.00000000E+00
 0.00000000E+00
 0.00000000E+00
 0.00000000E+00
 0.00000000E+00
 0.00000000E+00
 0.00000000E+00
 0.00000000E+00
 0.00000000E+00
 0.00000000E+00
 0.00000000E+00
 0.00000000E+00
 0.00000000E+00
 0.00000000E+00
 0.00000000E+00
 0.00000000E+00
 0.00000000E+00
 0.00000000E+00
 0.00000000E+00
 0.00000000E+00
 0.00000000E+00
 0.00000000E+00
 0.00000000E+00
 0.00000000E+00
 0.00000000E+00
 0.00000000E+00
 0.00000000E+00
 0.00000000E+00
 0.00000000E+00
 0.00000000E+00
 0.00000000E+00
 0.00000000E+00
 0.00000000E+00
 0.00000000E+00
 0.00000000E+00
 0.00000000E+00
 0.00000000E+00
 0.00000000E+00
 0.00000000E+00
 0.00000000E+00
 0.00000000E+00
 0.00000000E+00
 0.00000000E+00
 0.00000000E+00
 0.00000000E+00
 0.00000000E+00
 0.00000000E+00
 0.00000000E+00
 0.00000000E+00
 0.00000000E+00
 0.00000000E+00
 0.00000000E+00
 0.00000000E+00
 0.00000000E+00
 0.00000000E+00
 0.00000000E+00
 0.00000000E+00
 0.00000000E+00
 0.00000000E+00
 0.00000000E+00
 6.03115231E-01
 3.99699484E-01
 1.96283737E-01
 7.13201056E-03
 1.35645341E-01
 2.31336265E-01
 1.59664920E-01
 2.86640928E-02
 7.66186289E-06
 7.66187093E-06
 9.81341646E-02
 1.58066609E-02
 7.66189007E-06
 7.66189881E-06
 7.66178436E-06
 7.66178273E-06
 7.66179193E-06
 7.66180161E-06
 7.66181014E-06
 7.66181974E-06
 7.66182882E-06
 7.66183999E-06
 7.66184992E-06
 7.66185752E-06
 1.91935301E-02
 7.66186330E-06
 7.66186467E-06
 7.66186640E-06
 7.66186798E-06
 7.66186995E-06
 7.66187177E-06
 7.66187372E-06
 7.66187647E-06
 7.66187736E-06
 7.66188007E-06
 7.66188143E-06
 7.66188393E-06
 7.66188605E-06
 7.66188689E-06
 7.66189172E-06
 7.66189646E-06
 7.66190189E-06
 7.66190630E-06
 7.66191032E-06
 7.66191540E-06
 7.66191945E-06
 7.66192545E-06
 7.66193048E-06
 7.66193595E-06
 7.66194135E-06
 7.66194615E-06
 7.66182900E-06
 7.66183200E-06
 7.66183482E-06
 7.66183848E-06
 7.66183844E-06
 7.66183849E-06
 7.66183968E-06
 7.66183972E-06
 7.66184191E-06
 7.66184066E-06
 7.66184147E-06
 7.66184392E-06
 7.66184397E-06
 7.66184409E-06
 7.66184501E-06
 7.66184525E-06
 7.66184616E-06
 7.66184631E-06
 7.66184637E-06
 7.66184875E-06
 7.66184918E-06
 7.66185009E-06
 7.66185007E-06
 7.66185010E-06
 7.66185084E-06
 7.66185256E-06
 7.66185350E-06
 7.66185299E-06
 7.66185468E-06
 7.66185484E-06
 7.66185646E-06
 7.66185610E-06
 7.66185711E-06
 7.66185779E-06
 7.66185901E-06
 7.66186029E-06
 7.66186254E-06
 7.66186521E-06
 7.66186801E-06
 7.66186893E-06
 7.66187146E-06
 7.66187333E-06
 7.66187670E-06
 7.66187868E-06
 7.66188116E-06
 7.66188280E-06
 7.66188578E-06
 7.66188754E-06
 7.66189052E-06
 7.66189312E-06
 7.66189503E-06
 7.66189769E-06
 7.66190078E-06
 7.66190306E-06
 7.66190508E-06
 7.66190739E-06
 7.66190935E-06
 7.66191240E-06
 7.66191472E-06
 7.66191803E-06
 7.66191996E-06
 7.66192249E-06
 7.66192502E-06
 7.66192750E-06
 7.66192930E-06
 7.66193267E-06
 7.66193475E-06
 7.66193770E-06
 7.66193956E-06
 7.66194306E-06
 7.66194622E-06
 7.66194816E-06
 7.66195077E-06
 7.66195292E-06
 7.66195565E-06
 7.66195865E-06
 7.66196078E-06
 7.66196258E-06
 7.66196560E-06
 7.66196842E-06
 7.66197184E-06
 7.66197472E-06
 7.66197657E-06
 7.66197860E-06
 7.66198208E-06
 7.66198539E-06
 7.66198699E-06
 7.66198965E-06
 7.66199258E-06
 7.66199594E-06
 7.66199845E-06
 7.66200089E-06
 7.66200338E-06
 7.66200568E-06
 7.66200973E-06
 7.66201206E-06
 7.66201502E-06
 7.66201817E-06
 7.66202021E-06
 7.66190288E-06
 7.66190500E-06
 7.66190593E-06
 7.66190857E-06
 7.66190975E-06
 7.66191166E-06
 7.66191331E-06
 7.66191447E-06
 7.66191627E-06
 7.66191876E-06
 7.66191959E-06
 7.66192198E-06
 7.66192269E-06
 7.66192497E-06
 7.66192670E-06
 7.66192792E-06
 7.66192952E-06
 7.66193126E-06
 7.66193381E-06
 7.66193537E-06
 7.66193621E-06
 7.66193869E-06
 7.66194023E-06
 7.66194211E-06
 7.66194344E-06
 7.66194493E-06
 7.66194675E-06
 7.66194890E-06
 7.66195054E-06
 7.66195233E-06
 7.66195464E-06
 7.66195524E-06
 7.66195724E-06
 7.66195978E-06
 7.66196083E-06
 7.66196328E-06
 7.66196449E-06
 7.66196612E-06
 7.66196772E-06
 7.66196998E-06
 7.66197206E-06
 7.66197323E-06
 7.66197527E-06
 7.66197779E-06
 7.66197949E-06
 7.66198156E-06
 7.66198248E-06
 7.66198501E-06
 7.66198666E-06
 7.66198863E-06
 7.66199080E-06
 7.66199210E-06
 7.66199425E-06
 7.66199585E-06
 7.66199809E-06
 7.66181776E-06
 7.66180128E-06
 7.66178965E-06
 7.66178115E-06
 7.66177355E-06
 7.66189247E-06
 7.66189157E-06
 7.66188978E-06
 7.66188803E-06
 7.66188671E-06
 7.66188547E-06
 7.66188416E-06
 7.66188335E-06
 7.66188222E-06
 7.66188073E-06
 7.66188024E-06
 7.66187898E-06
 7.66187821E-06
 7.66187724E-06
 7.66187692E-06
 7.66187588E-06
 7.66187479E-06
 7.66187399E-06
 7.66187384E-06
 7.66187315E-06
 7.66187201E-06
 7.66187152E-06
 7.66187087E-06
 7.66187070E-06
 7.66186970E-06
 7.66186906E-06
 7.66186862E-06
 7.66186825E-06
 7.66186792E-06
 7.66186708E-06
 7.66186658E-06
 7.66186637E-06
 7.66186581E-06
 7.66186556E-06
 7.66186517E-06
 7.66186472E-06
 7.66186448E-06
 7.66186405E-06
 7.66186371E-06
 7.66186341E-06
 7.66186293E-06
 7.66186260E-06
 7.66186222E-06
 7.66186222E-06
 7.66186180E-06
 7.66186134E-06
 7.66186140E-06
 7.66186095E-06
 7.66186075E-06
 7.66186044E-06
 7.66186022E-06
 7.66186022E-06
 7.66186005E-06
 7.66185977E-06
 7.66185971E-06
 7.66185952E-06
 7.66185947E-06
 7.66185933E-06
 7.66185931E-06
 7.66185896E-06
 7.66185913E-06
 7.66185902E-06
 7.66185886E-06
 7.66185880E-06
 7.66185925E-06
 7.66185991E-06
 7.66186054E-06
 7.66186116E-06
 7.66186176E-06
 7.66186252E-06
 7.66186326E-06
 7.66186389E-06
 7.66186467E-06
 7.66186542E-06
 7.66186618E-06
 7.66186705E-06
 7.66186788E-06
 7.66186868E-06
 7.66186961E-06
 7.66187054E-06
 7.66187146E-06
 7.66187247E-06
 7.66187349E-06
 7.66187454E-06
 7.66187565E-06
 7.66187679E-06
 7.66187798E-06
 7.66187921E-06
 7.66188051E-06
 7.66188188E-06
 7.66188326E-06
 7.66188481E-06
 7.66188637E-06
 7.66188795E-06
 7.66188975E-06
 7.66189276E-06
 7.66189861E-06
 7.66178694E-06
 7.66179843E-06
 7.66181040E-06
 7.66182315E-06
 7.66183676E-06
 7.66185110E-06
 4.73656749E-05
 1.60970905E-04
 2.74576134E-04
 3.88181362E-04
 9.07120710E-04
 1.73144885E-03
 2.99003252E-03
 7.27789835E-04
 6.81361564E-05
 1.36759455E-04
 1.76784945E-04
 1.88222229E-04
 1.85856645E-04
 1.60217451E-04
 1.06192854E-04
 2.37748559E-05
 1.37147059E-02
 3.04619192E-02
 4.74049036E-02
 6.45448898E-02
 1.78825684E-01
 3.03444501E-01
 5.31846481E-01
 0.00000000E+00
 0.00000000E+00
 0.00000000E+00
 0.00000000E+00
 0.00000000E+00
 0.00000000E+00
 0.00000000E+00
 0.00000000E+00
 0.00000000E+00
 0.00000000E+00
 0.00000000E+00
 0.00000000E+00
 0.00000000E+00
 0.00000000E+00
 0.00000000E+00
 0.00000000E+00
 0.00000000E+00
 0.00000000E+00
 0.00000000E+00
 0.00000000E+00
 0.00000000E+00
 0.00000000E+00
 0.00000000E+00
 0.00000000E+00
 0.00000000E+00
 0.00000000E+00
 0.00000000E+00
 0.00000000E+00
 0.00000000E+00
 0.00000000E+00
 0.00000000E+00
 0.00000000E+00
 0.00000000E+00
 0.00000000E+00
 0.00000000E+00
 0.00000000E+00
 0.00000000E+00
 0.00000000E+00
 0.00000000E+00
 0.00000000E+00
 0.00000000E+00
 0.00000000E+00
 0.00000000E+00
 0.00000000E+00
 0.00000000E+00
 0.00000000E+00
 0.00000000E+00
 0.00000000E+00
 0.00000000E+00
 0.00000000E+00
 0.00000000E+00
 0.00000000E+00
 0.00000000E+00
 0.00000000E+00
 0.00000000E+00
 0.00000000E+00
 0.00000000E+00
 0.00000000E+00
 0.00000000E+00
 0.00000000E+00
 0.00000000E+00
 0.00000000E+00
 0.00000000E+00
 0.00000000E+00
 0.00000000E+00
 0.00000000E+00
 0.00000000E+00
 0.00000000E+00
 0.00000000E+00
 0.00000000E+00
 0.00000000E+00
 0.00000000E+00
 0.00000000E+00
 0.00000000E+00
 0.00000000E+00
 0.00000000E+00
 0.00000000E+00
 0.00000000E+00
 0.00000000E+00
 0.00000000E+00
 0.00000000E+00
 0.00000000E+00
 0.00000000E+00
 0.00000000E+00
 0.00000000E+00
 0.00000000E+00
 0.00000000E+00
 0.00000000E+00
 0.00000000E+00
 0.00000000E+00
 0.00000000E+00
 0.00000000E+00
 0.00000000E+00
 0.00000000E+00
 0.00000000E+00
 0.00000000E+00
 0.00000000E+00
 0.00000000E+00
 0.00000000E+00
 0.00000000E+00
 0.00000000E+00
 0.00000000E+00
 0.00000000E+00
 0.00000000E+00
 0.00000000E+00
 0.00000000E+00
 0.00000000E+00
 0.00000000E+00
 0.00000000E+00
 0.00000000E+00
 0.00000000E+00
 0.00000000E+00
 0.00000000E+00
 0.00000000E+00
 0.00000000E+00
 0.00000000E+00
 0.00000000E+00
 0.00000000E+00
 0.00000000E+00
 0.00000000E+00
 0.00000000E+00
 0.00000000E+00
 0.00000000E+00
 0.00000000E+00
 0.00000000E+00
 0.00000000E+00
 0.00000000E+00
 0.00000000E+00
 0.00000000E+00
 0.00000000E+00
 0.00000000E+00
 0.00000000E+00
 0.00000000E+00
 0.00000000E+00
 0.00000000E+00
 0.00000000E+00
 0.00000000E+00
 0.00000000E+00
 0.00000000E+00
 0.00000000E+00
 0.00000000E+00
 0.00000000E+00
 0.00000000E+00
 0.00000000E+00
 0.00000000E+00
 0.00000000E+00
 0.00000000E+00
 0.00000000E+00
 0.00000000E+00
 0.00000000E+00
 0.00000000E+00
 0.00000000E+00
 0.00000000E+00
 0.00000000E+00
 0.00000000E+00
 0.00000000E+00
 0.00000000E+00
 0.00000000E+00
 0.00000000E+00
 0.00000000E+00
 0.00000000E+00
 0.00000000E+00
 0.00000000E+00
 0.00000000E+00
 6.59194393E-01
 4.43671231E-01
 2.28148068E-01
 1.26249058E-02
 1.25284442E-01
 2.29183241E-01
 1.59661412E-01
 2.86624282E-02
 6.40056151E-06
 6.40056951E-06
 1.01688070E-01
 1.63803861E-02
 6.40058836E-06
 6.40059393E-06
 6.40060198E-06
 6.40047920E-06
 6.40048922E-06
 6.40049906E-06
 6.40050943E-06
 6.40051786E-06
 6.40052839E-06
 6.40053764E-06
 6.40054905E-06
 6.40055748E-06
 1.98867796E-02
 6.40056132E-06
 6.40056189E-06
 6.40056438E-06
 6.40056565E-06
 6.40056714E-06
 6.40057047E-06
 6.40057283E-06
 6.40057495E-06
 6.40057546E-06
 6.40057882E-06
 6.40058025E-06
 6.40058173E-06
 6.40058481E-06
 6.40058593E-06
 6.40059092E-06
 6.40059399E-06
 6.40060008E-06
 6.40060449E-06
 6.40060952E-06
 6.40061545E-06
 6.40061930E-06
 6.40062450E-06
 6.40062972E-06
 6.40063563E-06
 6.40064002E-06
 6.40064560E-06
 6.40052870E-06
 6.40053122E-06
 6.40053462E-06
 6.40053770E-06
 6.40053810E-06
 6.40053886E-06
 6.40053846E-06
 6.40053834E-06
 6.40054035E-06
 6.40054068E-06
 6.40054229E-06
 6.40054218E-06
 6.40054363E-06
 6.40054256E-06
 6.40054402E-06
 6.40054438E-06
 6.40054573E-06
 6.40054518E-06
 6.40054730E-06
 6.40054707E-06
 6.40054701E-06
 6.40054875E-06
 6.40054947E-06
 6.40054983E-06
 6.40055083E-06
 6.40055105E-06
 6.40055149E-06
 6.40055242E-06
 6.40055348E-06
 6.40055462E-06
 6.40055547E-06
 6.40055563E-06
 6.40055708E-06
 6.40055780E-06
 6.40055873E-06
 6.40055956E-06
 6.40056129E-06
 6.40056345E-06
 6.40056655E-06
 6.40056840E-06
 6.40057114E-06
 6.40057284E-06
 6.40057567E-06
 6.40057734E-06
 6.40057946E-06
 6.40058318E-06
 6.40058504E-06
 6.40058686E-06
 6.40058984E-06
 6.40059238E-06
 6.40059385E-06
 6.40059603E-06
 6.40059977E-06
 6.40060082E-06
 6.40060335E-06
 6.40060580E-06
 6.40060902E-06
 6.40061149E-06
 6.40061343E-06
 6.40061548E-06
 6.40061810E-06
 6.40062065E-06
 6.40062315E-06
 6.40062522E-06
 6.40062830E-06
 6.40063030E-06
 6.40063320E-06
 6.40063495E-06
 6.40063692E-06
 6.40063992E-06
 6.40064279E-06
 6.40064546E-06
 6.40064709E-06
 6.40065069E-06
 6.40065339E-06
 6.40065496E-06
 6.40065773E-06
 6.40066038E-06
 6.40066387E-06
 6.40066662E-06
 6.40066748E-06
 6.40067118E-06
 6.40067270E-06
 6.40067646E-06
 6.40067895E-06
 6.40068098E-06
 6.40068381E-06
 6.40068708E-06
 6.40068929E-06
 6.40069186E-06
 6.40069454E-06
 6.40069702E-06
 6.40070003E-06
 6.40070302E-06
 6.40070517E-06
 6.40070878E-06
 6.40071147E-06
 6.40071327E-06
 6.40059729E-06
 6.40059844E-06
 6.40060081E-06
 6.40060145E-06
 6.40060405E-06
 6.40060515E-06
 6.40060674E-06
 6.40060804E-06
 6.40060998E-06
 6.40061121E-06
 6.40061329E-06
 6.40061460E-06
 6.40061633E-06
 6.40061752E-06
 6.40062023E-06
 6.40062122E-06
 6.40062241E-06
 6.40062415E-06
 6.40062624E-06
 6.40062734E-06
 6.40062898E-06
 6.40063077E-06
 6.40063307E-06
 6.40063440E-06
 6.40063605E-06
 6.40063782E-06
 6.40063992E-06
 6.40064124E-06
 6.40064289E-06
 6.40064486E-06
 6.40064607E-06
 6.40064745E-06
 6.40064935E-06
 6.40065156E-06
 6.40065309E-06
 6.40065498E-06
 6.40065641E-06
 6.40065858E-06
 6.40066014E-06
 6.40066127E-06
 6.40066324E-06
 6.40066502E-06
 6.40066664E-06
 6.40066834E-06
 6.40067014E-06
 6.40067225E-06
 6.40067375E-06
 6.40067582E-06
 6.40067773E-06
 6.40067953E-06
 6.40068147E-06
 6.40068299E-06
 6.40068514E-06
 6.40068721E-06
 6.40068872E-06
 6.40069085E-06
 6.40051123E-06
 6.40049337E-06
 6.40048185E-06
 6.40047248E-06
 6.40046483E-06
 6.40058391E-06
 6.40058300E-06
 6.40058167E-06
 6.40058023E-06
 6.40057873E-06
 6.40057718E-06
 6.40057643E-06
 6.40057517E-06
 6.40057465E-06
 6.40057368E-06
 6.40057243E-06
 6.40057137E-06
 6.40057069E-06
 6.40057033E-06
 6.40056949E-06
 6.40056886E-06
 6.40056842E-06
 6.40056768E-06
 6.40056669E-06
 6.40056669E-06
 6.40056608E-06
 6.40056531E-06
 6.40056473E-06
 6.40056447E-06
 6.40056391E-06
 6.40056341E-06
 6.40056313E-06
 6.40056246E-06
 6.40056258E-06
 6.40056183E-06
 6.40056176E-06
 6.40056118E-06
 6.40056120E-06
 6.40056080E-06
 6.40056039E-06
 6.40056018E-06
 6.40055977E-06
 6.40055967E-06
 6.40055947E-06
 6.40055916E-06
 6.40055885E-06
 6.40055883E-06
 6.40055862E-06
 6.40055830E-06
 6.40055849E-06
 6.40055833E-06
 6.40055808E-06
 6.40055806E-06
 6.40055777E-06
 6.40055777E-06
 6.40055771E-06
 6.40055770E-06
 6.40055749E-06
 6.40055759E-06
 6.40055739E-06
 6.40055745E-06
 6.40055767E-06
 6.40055758E-06
 6.40055768E-06
 6.40055769E-06
 6.40055768E-06
 6.40055781E-06
 6.40055788E-06
 6.40055794E-06
 6.40055813E-06
 6.40055856E-06
 6.40055898E-06
 6.40055943E-06
 6.40055971E-06
 6.40056017E-06
 6.40056062E-06
 6.40056113E-06
 6.40056163E-06
 6.40056214E-06
 6.40056278E-06
 6.40056329E-06
 6.40056388E-06
 6.40056453E-06
 6.40056521E-06
 6.40056584E-06
 6.40056658E-06
 6.40056730E-06
 6.40056810E-06
 6.40056892E-06
 6.40056979E-06
 6.40057069E-06
 6.40057165E-06
 6.40057266E-06
 6.40057372E-06
 6.40057481E-06
 6.40057600E-06
 6.40057725E-06
 6.40057859E-06
 6.40057999E-06
 6.40058152E-06
 6.40058472E-06
 6.40059161E-06
 6.40048006E-06
 6.40049259E-06
 6.40050567E-06
 6.40051958E-06
 6.40053417E-06
 6.40054964E-06
 3.58328147E-05
 1.23024293E-04
 2.10215770E-04
 2.97407246E-04
 8.04605563E-04
 1.62824747E-03
 2.90186454E-03
 7.03892173E-04
 6.67706126E-05
 1.35170215E-04
 1.74926083E-04
 1.86048050E-04
 1.83856541E-04
 1.58538355E-04
 1.04797083E-04
 2.26249530E-05
 1.05174442E-02
 2.33668879E-02
 3.63729121E-02
 4.95364644E-02
 1.63310522E-01
 2.87749904E-01
 5.19682594E-01
 0.00000000E+00
 0.00000000E+00
 0.00000000E+00
 0.00000000E+00
 0.00000000E+00
 0.00000000E+00
 0.00000000E+00
 0.00000000E+00
 0.00000000E+00
 0.00000000E+00
 0.00000000E+00
 0.00000000E+00
 0.00000000E+00
 0.00000000E+00
 0.00000000E+00
 0.00000000E+00
 0.00000000E+00
 0.00000000E+00
 0.00000000E+00
 0.00000000E+00
 0.00000000E+00
 0.00000000E+00
 0.00000000E+00
 0.00000000E+00
 0.00000000E+00
 0.00000000E+00
 0.00000000E+00
 0.00000000E+00
 0.00000000E+00
 0.00000000E+00
 0.00000000E+00
 0.00000000E+00
 0.00000000E+00
 0.00000000E+00
 0.00000000E+00
 0.00000000E+00
 0.00000000E+00
 0.00000000E+00
 0.00000000E+00
 0.00000000E+00
 0.00000000E+00
 0.00000000E+00
 0.00000000E+00
 0.00000000E+00
 0.00000000E+00
 0.00000000E+00
 0.00000000E+00
 0.00000000E+00
 0.00000000E+00
 0.00000000E+00
 0.00000000E+00
 0.00000000E+00
 0.00000000E+00
 0.00000000E+00
 0.00000000E+00
 0.00000000E+00
 0.00000000E+00
 0.00000000E+00
 0.00000000E+00
 0.00000000E+00
 0.00000000E+00
 0.00000000E+00
 0.00000000E+00
 0.00000000E+00
 0.00000000E+00
 0.00000000E+00
 0.00000000E+00
 0.00000000E+00
 0.00000000E+00
 0.00000000E+00
 0.00000000E+00
 0.00000000E+00
 0.00000000E+00
 0.00000000E+00
 0.00000000E+00
 0.00000000E+00
 0.00000000E+00
 0.00000000E+00
 0.00000000E+00
 0.00000000E+00
 0.00000000E+00
 0.00000000E+00
 0.00000000E+00
 0.00000000E+00
 0.00000000E+00
 0.00000000E+00
 0.00000000E+00
 0.00000000E+00
 0.00000000E+00
 0.00000000E+00
 0.00000000E+00
 0.00000000E+00
 0.00000000E+00
 0.00000000E+00
 0.00000000E+00
 0.00000000E+00
 0.00000000E+00
 0.00000000E+00
 0.00000000E+00
 0.00000000E+00
 0.00000000E+00
 0.00000000E+00
 0.00000000E+00
 0.00000000E+00
 0.00000000E+00
 0.00000000E+00
 0.00000000E+00
 0.00000000E+00
 0.00000000E+00
 0.00000000E+00
 0.00000000E+00
 0.00000000E+00
 0.00000000E+00
 0.00000000E+00
 0.00000000E+00
 0.00000000E+00
 0.00000000E+00
 0.00000000E+00
 0.00000000E+00
 0.00000000E+00
 0.00000000E+00
 0.00000000E+00
 0.00000000E+00
 0.00000000E+00
 0.00000000E+00
 0.00000000E+00
 0.00000000E+00
 0.00000000E+00
 0.00000000E+00
 0.00000000E+00
 0.00000000E+00
 0.00000000E+00
 0.00000000E+00
 0.00000000E+00
 0.00000000E+00
 0.00000000E+00
 0.00000000E+00
 0.00000000E+00
 0.00000000E+00
 0.00000000E+00
 0.00000000E+00
 0.00000000E+00
 0.00000000E+00
 0.00000000E+00
 0.00000000E+00
 0.00000000E+00
 0.00000000E+00
 0.00000000E+00
 0.00000000E+00
 0.00000000E+00
 0.00000000E+00
 0.00000000E+00
 0.00000000E+00
 0.00000000E+00
 0.00000000E+00
 0.00000000E+00
 0.00000000E+00
 0.00000000E+00
 0.00000000E+00
 0.00000000E+00
 0.00000000E+00
 0.00000000E+00
 0.00000000E+00
 0.00000000E+00
 7.15183089E-01
 4.87572134E-01
 2.59961178E-01
 3.23502229E-02
 1.14939923E-01
 2.27033309E-01
 1.59657546E-01
 2.86604438E-02
 4.82771375E-06
 4.82772022E-06
 1.05236516E-01
 1.69534931E-02
 4.82773879E-06
 4.82774642E-06
 4.82775252E-06
 4.82763033E-06
 4.82763915E-06
 4.82764997E-06
 4.82766066E-06
 4.82766878E-06
 4.82767787E-06
 4.82768958E-06
 4.82769923E-06
 4.82770926E-06
 2.05785895E-02
 4.82771137E-06
 4.82771413E-06
 4.82771550E-06
 4.82771768E-06
 4.82771898E-06
 4.82772148E-06
 4.82772198E-06
 4.82772464E-06
 4.82772674E-06
 4.82772895E-06
 4.82773120E-06
 4.82773242E-06
 4.82773457E-06
 4.82773838E-06
 4.82774088E-06
 4.82774590E-06
 4.82775039E-06
 4.82775469E-06
 4.82776143E-06
 4.82776643E-06
 4.82777234E-06
 4.82777503E-06
 4.82778152E-06
 4.82778725E-06
 4.82779134E-06
 4.82779790E-06
 4.82768008E-06
 4.82768227E-06
 4.82768643E-06
 4.82768907E-06
 4.82768929E-06
 4.82768945E-06
 4.82769025E-06
 4.82769127E-06
 4.82769210E-06
 4.82769124E-06
 4.82769159E-06
 4.82769346E-06
 4.82769281E-06
 4.82769508E-06
 4.82769434E-06
 4.82769603E-06
 4.82769654E-06
 4.82769719E-06
 4.82769763E-06
 4.82769816E-06
 4.82770016E-06
 4.82769971E-06
 4.82770061E-06
 4.82770215E-06
 4.82770080E-06
 4.82770173E-06
 4.82770313E-06
 4.82770293E-06
 4.82770417E-06
 4.82770541E-06
 4.82770596E-06
 4.82770578E-06
 4.82770649E-06
 4.82770806E-06
 4.82771006E-06
 4.82770963E-06
 4.82771326E-06
 4.82771528E-06
 4.82771695E-06
 4.82771951E-06
 4.82772162E-06
 4.82772293E-06
 4.82772595E-06
 4.82772811E-06
 4.82773154E-06
 4.82773369E-06
 4.82773546E-06
 4.82773841E-06
 4.82774057E-06
 4.82774194E-06
 4.82774372E-06
 4.82774761E-06
 4.82774848E-06
 4.82775204E-06
 4.82775396E-06
 4.82775549E-06
 4.82775769E-06
 4.82776057E-06
 4.82776258E-06
 4.82776602E-06
 4.82776798E-06
 4.82777011E-06
 4.82777295E-06
 4.82777558E-06
 4.82777858E-06
 4.82778070E-06
 4.82778309E-06
 4.82778566E-06
 4.82778812E-06
 4.82779043E-06
 4.82779197E-06
 4.82779576E-06
 4.82779733E-06
 4.82780046E-06
 4.82780215E-06
 4.82780533E-06
 4.82780698E-06
 4.82780944E-06
 4.82781248E-06
 4.82781491E-06
 4.82781729E-06
 4.82782003E-06
 4.82782262E-06
 4.82782524E-06
 4.82782841E-06
 4.82782974E-06
 4.82783282E-06
 4.82783604E-06
 4.82783834E-06
 4.82784068E-06
 4.82784380E-06
 4.82784544E-06
 4.82784876E-06
 4.82785149E-06
 4.82785456E-06
 4.82785650E-06
 4.82785971E-06
 4.82786246E-06
 4.82774519E-06
 4.82774587E-06
 4.82774724E-06
 4.82774933E-06
 4.82775092E-06
 4.82775220E-06
 4.82775391E-06
 4.82775533E-06
 4.82775716E-06
 4.82775844E-06
 4.82776014E-06
 4.82776106E-06
 4.82776371E-06
 4.82776466E-06
 4.82776687E-06
 4.82776831E-06
 4.82776897E-06
 4.82777130E-06
 4.82777240E-06
 4.82777404E-06
 4.82777578E-06
 4.82777782E-06
 4.82777888E-06
 4.82778043E-06
 4.82778188E-06
 4.82778363E-06
 4.82778566E-06
 4.82778778E-06
 4.82778912E-06
 4.82779059E-06
 4.82779232E-06
 4.82779439E-06
 4.82779569E-06
 4.82779731E-06
 4.82779908E-06
 4.82780032E-06
 4.82780212E-06
 4.82780407E-06
 4.82780576E-06
 4.82780702E-06
 4.82780888E-06
 4.82781053E-06
 4.82781203E-06
 4.82781358E-06
 4.82781600E-06
 4.82781774E-06
 4.82781981E-06
 4.82782147E-06
 4.82782277E-06
 4.82782507E-06
 4.82782640E-06
 4.82782823E-06
 4.82782955E-06
 4.82783190E-06
 4.82783364E-06
 4.82783584E-06
 4.82765666E-06
 4.82763818E-06
 4.82762553E-06
 4.82761616E-06
 4.82760810E-06
 4.82772743E-06
 4.82772667E-06
 4.82772558E-06
 4.82772345E-06
 4.82772289E-06
 4.82772147E-06
 4.82772070E-06
 4.82771956E-06
 4.82771881E-06
 4.82771814E-06
 4.82771686E-06
 4.82771673E-06
 4.82771542E-06
 4.82771497E-06
 4.82771436E-06
 4.82771359E-06
 4.82771339E-06
 4.82771310E-06
 4.82771228E-06
 4.82771222E-06
 4.82771162E-06
 4.82771135E-06
 4.82771103E-06
 4.82771049E-06
 4.82771022E-06
 4.82770992E-06
 4.82770958E-06
 4.82770924E-06
 4.82770934E-06
 4.82770883E-06
 4.82770860E-06
 4.82770819E-06
 4.82770821E-06
 4.82770818E-06
 4.82770801E-06
 4.82770795E-06
 4.82770777E-06
 4.82770746E-06
 4.82770763E-06
 4.82770755E-06
 4.82770727E-06
 4.82770715E-06
 4.82770695E-06
 4.82770707E-06
 4.82770726E-06
 4.82770716E-06
 4.82770687E-06
 4.82770713E-06
 4.82770702E-06
 4.82770718E-06
 4.82770715E-06
 4.82770723E-06
 4.82770749E-06
 4.82770733E-06
 4.82770747E-06
 4.82770761E-06
 4.82770778E-06
 4.82770794E-06
 4.82770807E-06
 4.82770820E-06
 4.82770852E-06
 4.82770863E-06
 4.82770890E-06
 4.82770898E-06
 4.82770920E-06
 4.82770937E-06
 4.82770953E-06
 4.82770974E-06
 4.82770981E-06
 4.82771006E-06
 4.82771033E-06
 4.82771051E-06
 4.82771070E-06
 4.82771104E-06
 4.82771138E-06
 4.82771172E-06
 4.82771204E-06
 4.82771243E-06
 4.82771285E-06
 4.82771327E-06
 4.82771376E-06
 4.82771427E-06
 4.82771479E-06
 4.82771538E-06
 4.82771601E-06
 4.82771668E-06
 4.82771740E-06
 4.82771817E-06
 4.82771901E-06
 4.82771988E-06
 4.82772080E-06
 4.82772184E-06
 4.82772293E-06
 4.82772413E-06
 4.82772537E-06
 4.82772882E-06
 4.82773673E-06
 4.82762524E-06
 4.82763878E-06
 4.82765307E-06
 4.82766797E-06
 4.82768369E-06
 4.82770030E-06
 2.46321528E-05
 8.54525119E-05
 1.46272870E-04
 2.07093226E-04
 7.02569317E-04
 1.52552583E-03
 2.81415164E-03
 6.80344457E-04
 6.51012300E-05
 1.33281928E-04
 1.72772962E-04
 1.83584392E-04
 1.81570857E-04
 1.56577262E-04
 1.03122891E-04
 2.12001965E-05
 7.32564281E-03
 1.62836139E-02
 2.53590131E-02
 3.45525058E-02
 1.47820563E-01
 2.72080715E-01
 5.07538342E-01
 0.00000000E+00
 0.00000000E+00
 0.00000000E+00
 0.00000000E+00
 0.00000000E+00
 0.00000000E+00
 0.00000000E+00
 0.00000000E+00
 0.00000000E+00
 0.00000000E+00
 0.00000000E+00
 0.00000000E+00
 0.00000000E+00
 0.00000000E+00
 0.00000000E+00
 0.00000000E+00
 0.00000000E+00
 0.00000000E+00
 0.00000000E+00
 0.00000000E+00
 0.00000000E+00
 0.00000000E+00
 0.00000000E+00
 0.00000000E+00
 0.00000000E+00
 0.00000000E+00
 0.00000000E+00
 0.00000000E+00
 0.00000000E+00
 0.00000000E+00
 0.00000000E+00
 0.00000000E+00
 0.00000000E+00
 0.00000000E+00
 0.00000000E+00
 0.00000000E+00
 0.00000000E+00
 0.00000000E+00
 0.00000000E+00
 0.00000000E+00
 0.00000000E+00
 0.00000000E+00
 0.00000000E+00
 0.00000000E+00
 0.00000000E+00
 0.00000000E+00
 0.00000000E+00
 0.00000000E+00
 0.00000000E+00
 0.00000000E+00
 0.00000000E+00
 0.00000000E+00
 0.00000000E+00
 0.00000000E+00
 0.00000000E+00
 0.00000000E+00
 0.00000000E+00
 0.00000000E+00
 0.00000000E+00
 0.00000000E+00
 0.00000000E+00
 0.00000000E+00
 0.00000000E+00
 0.00000000E+00
 0.00000000E+00
 0.00000000E+00
 0.00000000E+00
 0.00000000E+00
 0.00000000E+00
 0.00000000E+00
 0.00000000E+00
 0.00000000E+00
 0.00000000E+00
 0.00000000E+00
 0.00000000E+00
 0.00000000E+00
 0.00000000E+00
 0.00000000E+00
 0.00000000E+00
 0.00000000E+00
 0.00000000E+00
 0.00000000E+00
 0.00000000E+00
 0.00000000E+00
 0.00000000E+00
 0.00000000E+00
 0.00000000E+00
 0.00000000E+00
 0.00000000E+00
 0.00000000E+00
 0.00000000E+00
 0.00000000E+00
 0.00000000E+00
 0.00000000E+00
 0.00000000E+00
 0.00000000E+00
 0.00000000E+00
 0.00000000E+00
 0.00000000E+00
 0.00000000E+00
 0.00000000E+00
 0.00000000E+00
 0.00000000E+00
 0.00000000E+00
 0.00000000E+00
 0.00000000E+00
 0.00000000E+00
 0.00000000E+00
 0.00000000E+00
 0.00000000E+00
 0.00000000E+00
 0.00000000E+00
 0.00000000E+00
 0.00000000E+00
 0.00000000E+00
 0.00000000E+00
 0.00000000E+00
 0.00000000E+00
 0.00000000E+00
 0.00000000E+00
 0.00000000E+00
 0.00000000E+00
 0.00000000E+00
 0.00000000E+00
 0.00000000E+00
 0.00000000E+00
 0.00000000E+00
 0.00000000E+00
 0.00000000E+00
 0.00000000E+00
 0.00000000E+00
 0.00000000E+00
 0.00000000E+00
 0.00000000E+00
 0.00000000E+00
 0.00000000E+00
 0.00000000E+00
 0.00000000E+00
 0.00000000E+00
 0.00000000E+00
 0.00000000E+00
 0.00000000E+00
 0.00000000E+00
 0.00000000E+00
 0.00000000E+00
 0.00000000E+00
 0.00000000E+00
 0.00000000E+00
 0.00000000E+00
 0.00000000E+00
 0.00000000E+00
 0.00000000E+00
 0.00000000E+00
 0.00000000E+00
 0.00000000E+00
 0.00000000E+00
 0.00000000E+00
 0.00000000E+00
 0.00000000E+00
 0.00000000E+00
 0.00000000E+00
 0.00000000E+00
 0.00000000E+00
 0.00000000E+00
 0.00000000E+00
 5.31402324E-01
 2.91723162E-01
 5.20439990E-02
 1.04611754E-01
 2.24886463E-01
 1.59653323E-01
 2.86581400E-02
 2.94381835E-06
 2.94382396E-06
 1.08779515E-01
 1.75259832E-02
 2.94384232E-06
 2.94384840E-06
 2.94385513E-06
 2.94373251E-06
 2.94374165E-06
 2.94375354E-06
 2.94376277E-06
 2.94377343E-06
 2.94378435E-06
 2.94379316E-06
 2.94380333E-06
 2.94381323E-06
 2.12689626E-02
 2.94381551E-06
 2.94381831E-06
 2.94381950E-06
 2.94382261E-06
 2.94382204E-06
 2.94382468E-06
 2.94382682E-06
 2.94383003E-06
 2.94383208E-06
 2.94383405E-06
 2.94383495E-06
 2.94383679E-06
 2.94384018E-06
 2.94384128E-06
 2.94384424E-06
 2.94384916E-06
 2.94385338E-06
 2.94385999E-06
 2.94386485E-06
 2.94387093E-06
 2.94387573E-06
 2.94388031E-06
 2.94388610E-06
 2.94389093E-06
 2.94389703E-06
 2.94390227E-06
 2.94378481E-06
 2.94378697E-06
 2.94378991E-06
 2.94379204E-06
 2.94379317E-06
 2.94379377E-06
 2.94379498E-06
 2.94379632E-06
 2.94379555E-06
 2.94379600E-06
 2.94379834E-06
 2.94379773E-06
 2.94379817E-06
 2.94379928E-06
 2.94379955E-06
 2.94380001E-06
 2.94380065E-06
 2.94380139E-06
 2.94380185E-06
 2.94380198E-06
 2.94380353E-06
 2.94380398E-06
 2.94380396E-06
 2.94380590E-06
 2.94380697E-06
 2.94380644E-06
 2.94380773E-06
 2.94380737E-06
 2.94380832E-06
 2.94381029E-06
 2.94381012E-06
 2.94381084E-06
 2.94381205E-06
 2.94381370E-06
 2.94381248E-06
 2.94381495E-06
 2.94381811E-06
 2.94381961E-06
 2.94382165E-06
 2.94382357E-06
 2.94382560E-06
 2.94382838E-06
 2.94382995E-06
 2.94383309E-06
 2.94383463E-06
 2.94383764E-06
 2.94383835E-06
 2.94384139E-06
 2.94384389E-06
 2.94384646E-06
 2.94384813E-06
 2.94385127E-06
 2.94385312E-06
 2.94385426E-06
 2.94385793E-06
 2.94386079E-06
 2.94386160E-06
 2.94386392E-06
 2.94386675E-06
 2.94386950E-06
 2.94387186E-06
 2.94387404E-06
 2.94387684E-06
 2.94387767E-06
 2.94388163E-06
 2.94388298E-06
 2.94388479E-06
 2.94388869E-06
 2.94388962E-06
 2.94389307E-06
 2.94389570E-06
 2.94389720E-06
 2.94390053E-06
 2.94390263E-06
 2.94390565E-06
 2.94390711E-06
 2.94390965E-06
 2.94391271E-06
 2.94391462E-06
 2.94391720E-06
 2.94391964E-06
 2.94392190E-06
 2.94392521E-06
 2.94392795E-06
 2.94393039E-06
 2.94393275E-06
 2.94393443E-06
 2.94393721E-06
 2.94394003E-06
 2.94394257E-06
 2.94394561E-06
 2.94394827E-06
 2.94395005E-06
 2.94395341E-06
 2.94395658E-06
 2.94395854E-06
 2.94396143E-06
 2.94384417E-06
 2.94384593E-06
 2.94384646E-06
 2.94384865E-06
 2.94385010E-06
 2.94385146E-06
 2.94385205E-06
 2.94385449E-06
 2.94385612E-06
 2.94385722E-06
 2.94385870E-06
 2.94385959E-06
 2.94386201E-06
 2.94386340E-06
 2.94386536E-06
 2.94386652E-06
 2.94386779E-06
 2.94386956E-06
 2.94387124E-06
 2.94387231E-06
 2.94387459E-06
 2.94387604E-06
 2.94387756E-06
 2.94387916E-06
 2.94388084E-06
 2.94388170E-06
 2.94388370E-06
 2.94388492E-06
 2.94388706E-06
 2.94388860E-06
 2.94389003E-06
 2.94389175E-06
 2.94389268E-06
 2.94389475E-06
 2.94389607E-06
 2.94389750E-06
 2.94389944E-06
 2.94390068E-06
 2.94390326E-06
 2.94390434E-06
 2.94390581E-06
 2.94390803E-06
 2.94390904E-06
 2.94391069E-06
 2.94391234E-06
 2.94391484E-06
 2.94391570E-06
 2.94391764E-06
 2.94391916E-06
 2.94392128E-06
 2.94392247E-06
 2.94392435E-06
 2.94392598E-06
 2.94392785E-06
 2.94392995E-06
 2.94393205E-06
 2.94393382E-06
 2.94375675E-06
 2.94373592E-06
 2.94372325E-06
 2.94371328E-06
 2.94370501E-06
 2.94382439E-06
 2.94382381E-06
 2.94382248E-06
 2.94382077E-06
 2.94381962E-06
 2.94381887E-06
 2.94381796E-06
 2.94381668E-06
 2.94381629E-06
 2.94381526E-06
 2.94381492E-06
 2.94381408E-06
 2.94381377E-06
 2.94381323E-06
 2.94381302E-06
 2.94381214E-06
 2.94381171E-06
 2.94381126E-06
 2.94381136E-06
 2.94381087E-06
 2.94381034E-06
 2.94381000E-06
 2.94381034E-06
 2.94380978E-06
 2.94380979E-06
 2.94380936E-06
 2.94380951E-06
 2.94380934E-06
 2.94380893E-06
 2.94380890E-06
 2.94380876E-06
 2.94380878E-06
 2.94380849E-06
 2.94380836E-06
 2.94380867E-06
 2.94380858E-06
 2.94380863E-06
 2.94380876E-06
 2.94380882E-06
 2.94380859E-06
 2.94380863E-06
 2.94380889E-06
 2.94380892E-06
 2.94380884E-06
 2.94380898E-06
 2.94380921E-06
 2.94380937E-06
 2.94380934E-06
 2.94380953E-06
 2.94380963E-06
 2.94380982E-06
 2.94381000E-06
 2.94381013E-06
 2.94381044E-06
 2.94381060E-06
 2.94381082E-06
 2.94381113E-06
 2.94381148E-06
 2.94381186E-06
 2.94381204E-06
 2.94381228E-06
 2.94381271E-06
 2.94381296E-06
 2.94381328E-06
 2.94381349E-06
 2.94381335E-06
 2.94381325E-06
 2.94381322E-06
 2.94381305E-06
 2.94381307E-06
 2.94381301E-06
 2.94381298E-06
 2.94381312E-06
 2.94381315E-06
 2.94381319E-06
 2.94381323E-06
 2.94381338E-06
 2.94381357E-06
 2.94381371E-06
 2.94381391E-06
 2.94381416E-06
 2.94381441E-06
 2.94381472E-06
 2.94381508E-06
 2.94381546E-06
 2.94381589E-06
 2.94381638E-06
 2.94381692E-06
 2.94381750E-06
 2.94381813E-06
 2.94381885E-06
 2.94381963E-06
 2.94382051E-06
 2.94382146E-06
 2.94382251E-06
 2.94382606E-06
 2.94383500E-06
 2.94372368E-06
 2.94373829E-06
 2.94375361E-06
 2.94376956E-06
 2.94378633E-06
 2.94380397E-06
 1.37631498E-05
 4.82549443E-05
 8.27467373E-05
 1.17238529E-04
 6.01011161E-04
 1.42328313E-03
 2.72689304E-03
 6.57146063E-04
 6.31285458E-05
 1.31095126E-04
 1.70326104E-04
 1.80831772E-04
 1.79000103E-04
 1.54334680E-04
 1.01170779E-04
 1.95010842E-05
 4.13929116E-03
 9.21207434E-03
 1.43631718E-02
 1.95929667E-02
 1.32355757E-01
 2.56436885E-01
 4.95413687E-01
 0.00000000E+00
 0.00000000E+00
 0.00000000E+00
 0.00000000E+00
 0.00000000E+00
 0.00000000E+00
 0.00000000E+00
 0.00000000E+00
 0.00000000E+00
 0.00000000E+00
 0.00000000E+00
 0.00000000E+00
 0.00000000E+00
 0.00000000E+00
 0.00000000E+00
 0.00000000E+00
 0.00000000E+00
 0.00000000E+00
 0.00000000E+00
 0.00000000E+00
 0.00000000E+00
 0.00000000E+00
 0.00000000E+00
 0.00000000E+00
 0.00000000E+00
 0.00000000E+00
 0.00000000E+00
 0.00000000E+00
 0.00000000E+00
 0.00000000E+00
 0.00000000E+00
 0.00000000E+00
 0.00000000E+00
 0.00000000E+00
 0.00000000E+00
 0.00000000E+00
 0.00000000E+00
 0.00000000E+00
 0.00000000E+00
 0.00000000E+00
 0.00000000E+00
 0.00000000E+00
 0.00000000E+00
 0.00000000E+00
 0.00000000E+00
 0.00000000E+00
 0.00000000E+00
 0.00000000E+00
 0.00000000E+00
 0.00000000E+00
 0.00000000E+00
 0.00000000E+00
 0.00000000E+00
 0.00000000E+00
 0.00000000E+00
 0.00000000E+00
 0.00000000E+00
 0.00000000E+00
 0.00000000E+00
 0.00000000E+00
 0.00000000E+00
 0.00000000E+00
 0.00000000E+00
 0.00000000E+00
 0.00000000E+00
 0.00000000E+00
 0.00000000E+00
 0.00000000E+00
 0.00000000E+00
 0.00000000E+00
 0.00000000E+00
 0.00000000E+00
 0.00000000E+00
 0.00000000E+00
 0.00000000E+00
 0.00000000E+00
 0.00000000E+00
 0.00000000E+00
 0.00000000E+00
 0.00000000E+00
 0.00000000E+00
 0.00000000E+00
 0.00000000E+00
 0.00000000E+00
 0.00000000E+00
 0.00000000E+00
 0.00000000E+00
 0.00000000E+00
 0.00000000E+00
 0.00000000E+00
 0.00000000E+00
 0.00000000E+00
 0.00000000E+00
 0.00000000E+00
 0.00000000E+00
 0.00000000E+00
 0.00000000E+00
 0.00000000E+00
 0.00000000E+00
 0.00000000E+00
 0.00000000E+00
 0.00000000E+00
 0.00000000E+00
 0.00000000E+00
 0.00000000E+00
 0.00000000E+00
 0.00000000E+00
 0.00000000E+00
 0.00000000E+00
 0.00000000E+00
 0.00000000E+00
 0.00000000E+00
 0.00000000E+00
 0.00000000E+00
 0.00000000E+00
 0.00000000E+00
 0.00000000E+00
 0.00000000E+00
 0.00000000E+00
 0.00000000E+00
 0.00000000E+00
 0.00000000E+00
 0.00000000E+00
 0.00000000E+00
 0.00000000E+00
 0.00000000E+00
 0.00000000E+00
 0.00000000E+00
 0.00000000E+00
 0.00000000E+00
 0.00000000E+00
 0.00000000E+00
 0.00000000E+00
 0.00000000E+00
 0.00000000E+00
 0.00000000E+00
 0.00000000E+00
 0.00000000E+00
 0.00000000E+00
 0.00000000E+00
 0.00000000E+00
 0.00000000E+00
 0.00000000E+00
 0.00000000E+00
 0.00000000E+00
 0.00000000E+00
 0.00000000E+00
 0.00000000E+00
 0.00000000E+00
 0.00000000E+00
 0.00000000E+00
 0.00000000E+00
 0.00000000E+00
 0.00000000E+00
 0.00000000E+00
 0.00000000E+00
 0.00000000E+00
 0.00000000E+00
 0.00000000E+00
 0.00000000E+00
 0.00000000E+00
 0.00000000E+00
 0.00000000E+00
 0.00000000E+00
 0.00000000E+00
 5.75161932E-01
 3.23434112E-01
 7.17062921E-02
 9.42999063E-02
 2.22742698E-01
 1.59648742E-01
 2.86555174E-02
 7.49376408E-07
 7.49382583E-07
 1.12317076E-01
 1.80978575E-02
 7.49398066E-07
 7.49405875E-07
 7.49412162E-07
 7.49289222E-07
 7.49298421E-07
 7.49308386E-07
 7.49319683E-07
 7.49328933E-07
 7.49340589E-07
 7.49351286E-07
 7.49360889E-07
 7.49369067E-07
 2.19579014E-02
 7.49373390E-07
 7.49375099E-07
 7.49376793E-07
 7.49379318E-07
 7.49380603E-07
 7.49381379E-07
 7.49384114E-07
 7.49386815E-07
 7.49389437E-07
 7.49389646E-07
 7.49392437E-07
 7.49395077E-07
 7.49394930E-07
 7.49398089E-07
 7.49402125E-07
 7.49405481E-07
 7.49412037E-07
 7.49415898E-07
 7.49421432E-07
 7.49427602E-07
 7.49433505E-07
 7.49439361E-07
 7.49443389E-07
 7.49449067E-07
 7.49453817E-07
 7.49338757E-07
 7.49341026E-07
 7.49345973E-07
 7.49348154E-07
 7.49350613E-07
 7.49351953E-07
 7.49352666E-07
 7.49352054E-07
 7.49353071E-07
 7.49353781E-07
 7.49355221E-07
 7.49354816E-07
 7.49354726E-07
 7.49356022E-07
 7.49357526E-07
 7.49357763E-07
 7.49358102E-07
 7.49358602E-07
 7.49358744E-07
 7.49360354E-07
 7.49361593E-07
 7.49360267E-07
 7.49361295E-07
 7.49361458E-07
 7.49363884E-07
 7.49364327E-07
 7.49363811E-07
 7.49364345E-07
 7.49366543E-07
 7.49366633E-07
 7.49367640E-07
 7.49369175E-07
 7.49368506E-07
 7.49369619E-07
 7.49370746E-07
 7.49370619E-07
 7.49372436E-07
 7.49374543E-07
 7.49376526E-07
 7.49378701E-07
 7.49380649E-07
 7.49382686E-07
 7.49385058E-07
 7.49387433E-07
 7.49389702E-07
 7.49391894E-07
 7.49393336E-07
 7.49395504E-07
 7.49398660E-07
 7.49400322E-07
 7.49402596E-07
 7.49405103E-07
 7.49407207E-07
 7.49410370E-07
 7.49411533E-07
 7.49413676E-07
 7.49416141E-07
 7.49419180E-07
 7.49420656E-07
 7.49423766E-07
 7.49425024E-07
 7.49427503E-07
 7.49430609E-07
 7.49431691E-07
 7.49434463E-07
 7.49437461E-07
 7.49439137E-07
 7.49441797E-07
 7.49444239E-07
 7.49446153E-07
 7.49448576E-07
 7.49451762E-07
 7.49453466E-07
 7.49456662E-07
 7.49458274E-07
 7.49461012E-07
 7.49463203E-07
 7.49465857E-07
 7.49467598E-07
 7.49469502E-07
 7.49472793E-07
 7.49476113E-07
 7.49477577E-07
 7.49479784E-07
 7.49482675E-07
 7.49485708E-07
 7.49487785E-07
 7.49489892E-07
 7.49493024E-07
 7.49495869E-07
 7.49498126E-07
 7.49500993E-07
 7.49502719E-07
 7.49504752E-07
 7.49508011E-07
 7.49511259E-07
 7.49512699E-07
 7.49516282E-07
 7.49397491E-07
 7.49399819E-07
 7.49400163E-07
 7.49402624E-07
 7.49403339E-07
 7.49404474E-07
 7.49406238E-07
 7.49407423E-07
 7.49408996E-07
 7.49410926E-07
 7.49412284E-07
 7.49413765E-07
 7.49414636E-07
 7.49416782E-07
 7.49418087E-07
 7.49419703E-07
 7.49420490E-07
 7.49422259E-07
 7.49424326E-07
 7.49425552E-07
 7.49426837E-07
 7.49428198E-07
 7.49429790E-07
 7.49431261E-07
 7.49432960E-07
 7.49434711E-07
 7.49435437E-07
 7.49437270E-07
 7.49438964E-07
 7.49440898E-07
 7.49442019E-07
 7.49444056E-07
 7.49445285E-07
 7.49446590E-07
 7.49448178E-07
 7.49449837E-07
 7.49451773E-07
 7.49453006E-07
 7.49454559E-07
 7.49456425E-07
 7.49457820E-07
 7.49459748E-07
 7.49461466E-07
 7.49462767E-07
 7.49463907E-07
 7.49465905E-07
 7.49467159E-07
 7.49468719E-07
 7.49470452E-07
 7.49471951E-07
 7.49474076E-07
 7.49475517E-07
 7.49477091E-07
 7.49479079E-07
 7.49481098E-07
 7.49482347E-07
 7.49484031E-07
 7.49309088E-07
 7.49286827E-07
 7.49272886E-07
 7.49262637E-07
 7.49254122E-07
 7.49374110E-07
 7.49372942E-07
 7.49371979E-07
 7.49370705E-07
 7.49370199E-07
 7.49368841E-07
 7.49368294E-07
 7.49366993E-07
 7.49366960E-07
 7.49366270E-07
 7.49365912E-07
 7.49364713E-07
 7.49364657E-07
 7.49364256E-07
 7.49363866E-07
 7.49363927E-07
 7.49363075E-07
 7.49363065E-07
 7.49362859E-07
 7.49362793E-07
 7.49362697E-07
 7.49362672E-07
 7.49362423E-07
 7.49362342E-07
 7.49362056E-07
 7.49361966E-07
 7.49361925E-07
 7.49361938E-07
 7.49361961E-07
 7.49361759E-07
 7.49362008E-07
 7.49362090E-07
 7.49362051E-07
 7.49362125E-07
 7.49362189E-07
 7.49362424E-07
 7.49362389E-07
 7.49362625E-07
 7.49362915E-07
 7.49362828E-07
 7.49363082E-07
 7.49363503E-07
 7.49363542E-07
 7.49363779E-07
 7.49363890E-07
 7.49364142E-07
 7.49364477E-07
 7.49364701E-07
 7.49364995E-07
 7.49365237E-07
 7.49365687E-07
 7.49365901E-07
 7.49366176E-07
 7.49366461E-07
 7.49366853E-07
 7.49367214E-07
 7.49367655E-07
 7.49367999E-07
 7.49368402E-07
 7.49368881E-07
 7.49369423E-07
 7.49369827E-07
 7.49370260E-07
 7.49370776E-07
 7.49370615E-07
 7.49370365E-07
 7.49370006E-07
 7.49369576E-07
 7.49369329E-07
 7.49369160E-07
 7.49368890E-07
 7.49368532E-07
 7.49368360E-07
 7.49368216E-07
 7.49367966E-07
 7.49367850E-07
 7.49367714E-07
 7.49367636E-07
 7.49367596E-07
 7.49367569E-07
 7.49367555E-07
 7.49367574E-07
 7.49367659E-07
 7.49367768E-07
 7.49367922E-07
 7.49368120E-07
 7.49368365E-07
 7.49368664E-07
 7.49369014E-07
 7.49369431E-07
 7.49369922E-07
 7.49370455E-07
 7.49371104E-07
 7.49371799E-07
 7.49372639E-07
 7.49376282E-07
 7.49386355E-07
 7.49275056E-07
 7.49290741E-07
 7.49307092E-07
 7.49324251E-07
 7.49342120E-07
 7.49360854E-07
 3.22526820E-06
 1.14309739E-05
 1.96366783E-05
 2.78423808E-05
 4.99930290E-04
 1.32151857E-03
 2.64008799E-03
 6.34296371E-04
 6.08530962E-05
 1.28610337E-04
 1.67586033E-04
 1.77790707E-04
 1.76144791E-04
 1.51811113E-04
 9.89412497E-05
 1.75281127E-05
 9.58378784E-04
 2.15224674E-03
 3.38535313E-03
 4.65779992E-03
 1.16916058E-01
 2.40818365E-01
 4.83308591E-01
 0.00000000E+00
 0.00000000E+00
 0.00000000E+00
 0.00000000E+00
 0.00000000E+00
 0.00000000E+00
 0.00000000E+00
 0.00000000E+00
 0.00000000E+00
 0.00000000E+00
 0.00000000E+00
 0.00000000E+00
 0.00000000E+00
 0.00000000E+00
 0.00000000E+00
 0.00000000E+00
 0.00000000E+00
 0.00000000E+00
 0.00000000E+00
 0.00000000E+00
 0.00000000E+00
 0.00000000E+00
 0.00000000E+00
 0.00000000E+00
 0.00000000E+00
 0.00000000E+00
 0.00000000E+00
 0.00000000E+00
 0.00000000E+00
 0.00000000E+00
 0.00000000E+00
 0.00000000E+00
 0.00000000E+00
 0.00000000E+00
 0.00000000E+00
 0.00000000E+00
 0.00000000E+00
 0.00000000E+00
 0.00000000E+00
 0.00000000E+00
 0.00000000E+00
 0.00000000E+00
 0.00000000E+00
 0.00000000E+00
 0.00000000E+00
 0.00000000E+00
 0.00000000E+00
 0.00000000E+00
 0.00000000E+00
 0.00000000E+00
 0.00000000E+00
 0.00000000E+00
 0.00000000E+00
 0.00000000E+00
 0.00000000E+00
 0.00000000E+00
 0.00000000E+00
 0.00000000E+00
 0.00000000E+00
 0.00000000E+00
 0.00000000E+00
 0.00000000E+00
 0.00000000E+00
 0.00000000E+00
 0.00000000E+00
 0.00000000E+00
 0.00000000E+00
 0.00000000E+00
 0.00000000E+00
 0.00000000E+00
 0.00000000E+00
 0.00000000E+00
 0.00000000E+00
 0.00000000E+00
 0.00000000E+00
 0.00000000E+00
 0.00000000E+00
 0.00000000E+00
 0.00000000E+00
 0.00000000E+00
 0.00000000E+00
 0.00000000E+00
 0.00000000E+00
 0.00000000E+00
 0.00000000E+00
 0.00000000E+00
 0.00000000E+00
 0.00000000E+00
 0.00000000E+00
 0.00000000E+00
 0.00000000E+00
 0.00000000E+00
 0.00000000E+00
 0.00000000E+00
 0.00000000E+00
 0.00000000E+00
 0.00000000E+00
 0.00000000E+00
 0.00000000E+00
 0.00000000E+00
 0.00000000E+00
 0.00000000E+00
 0.00000000E+00
 0.00000000E+00
 0.00000000E+00
 0.00000000E+00
 0.00000000E+00
 0.00000000E+00
 0.00000000E+00
 0.00000000E+00
 0.00000000E+00
 0.00000000E+00
 0.00000000E+00
 0.00000000E+00
 0.00000000E+00
 0.00000000E+00
 0.00000000E+00
 0.00000000E+00
 0.00000000E+00
 0.00000000E+00
 0.00000000E+00
 0.00000000E+00
 0.00000000E+00
 0.00000000E+00
 0.00000000E+00
 0.00000000E+00
 0.00000000E+00
 0.00000000E+00
 0.00000000E+00
 0.00000000E+00
 0.00000000E+00
 0.00000000E+00
 0.00000000E+00
 0.00000000E+00
 0.00000000E+00
 0.00000000E+00
 0.00000000E+00
 0.00000000E+00
 0.00000000E+00
 0.00000000E+00
 0.00000000E+00
 0.00000000E+00
 0.00000000E+00
 0.00000000E+00
 0.00000000E+00
 0.00000000E+00
 0.00000000E+00
 0.00000000E+00
 0.00000000E+00
 0.00000000E+00
 0.00000000E+00
 0.00000000E+00
 0.00000000E+00
 0.00000000E+00
 0.00000000E+00
 0.00000000E+00
 0.00000000E+00
 0.00000000E+00
 0.00000000E+00
 0.00000000E+00
 0.00000000E+00
 0.00000000E+00
 0.00000000E+00
 0.00000000E+00
 0.00000000E+00
 5.98073250E-01
 3.48332357E-01
 9.85914644E-02
 7.45277507E-02
 2.14071174E-01
 1.56058740E-01
 2.80132762E-02
 3.33102835E-06
 3.33103426E-06
 1.15844123E-01
 1.86640312E-02
 3.33105256E-06
 3.33105689E-06
 3.33106240E-06
 3.33094225E-06
 3.33095107E-06
 3.33096230E-06
 3.33097144E-06
 3.33098114E-06
 3.33099212E-06
 3.33100379E-06
 3.33101368E-06
 3.33102196E-06
 2.26504945E-02
 3.33102595E-06
 3.33102966E-06
 3.33103044E-06
 3.33103193E-06
 3.33103326E-06
 3.33103606E-06
 3.33103712E-06
 3.33104059E-06
 3.33104118E-06
 3.33104260E-06
 3.33104592E-06
 3.33104637E-06
 3.33104802E-06
 3.33105153E-06
 3.33105574E-06
 3.33105911E-06
 3.33106386E-06
 3.33107060E-06
 3.33107553E-06
 3.33108053E-06
 3.33108702E-06
 3.33109206E-06
 3.33109711E-06
 3.33110313E-06
 3.33110768E-06
 3.33099310E-06
 3.33099610E-06
 3.33099823E-06
 3.33100063E-06
 3.33100327E-06
 3.33100428E-06
 3.33100500E-06
 3.33100582E-06
 3.33100593E-06
 3.33100716E-06
 3.33100839E-06
 3.33100802E-06
 3.33100866E-06
 3.33100986E-06
 3.33100978E-06
 3.33101126E-06
 3.33101140E-06
 3.33101297E-06
 3.33101242E-06
 3.33101324E-06
 3.33101465E-06
 3.33101350E-06
 3.33101496E-06
 3.33101482E-06
 3.33101683E-06
 3.33101717E-06
 3.33101752E-06
 3.33101883E-06
 3.33102007E-06
 3.33101881E-06
 3.33102142E-06
 3.33102148E-06
 3.33102194E-06
 3.33102244E-06
 3.33102326E-06
 3.33102368E-06
 3.33102474E-06
 3.33102860E-06
 3.33102904E-06
 3.33103121E-06
 3.33103405E-06
 3.33103563E-06
 3.33103875E-06
 3.33104022E-06
 3.33104312E-06
 3.33104493E-06
 3.33104652E-06
 3.33105034E-06
 3.33105108E-06
 3.33105393E-06
 3.33105669E-06
 3.33105782E-06
 3.33106147E-06
 3.33106314E-06
 3.33106423E-06
 3.33106715E-06
 3.33106910E-06
 3.33107096E-06
 3.33107415E-06
 3.33107570E-06
 3.33107850E-06
 3.33108042E-06
 3.33108293E-06
 3.33108593E-06
 3.33108740E-06
 3.33109069E-06
 3.33109206E-06
 3.33109462E-06
 3.33109634E-06
 3.33109883E-06
 3.33110151E-06
 3.33110461E-06
 3.33110750E-06
 3.33110906E-06
 3.33111146E-06
 3.33111300E-06
 3.33111555E-06
 3.33111823E-06
 3.33112099E-06
 3.33112381E-06
 3.33112662E-06
 3.33112886E-06
 3.33113050E-06
 3.33113386E-06
 3.33113626E-06
 3.33113874E-06
 3.33114014E-06
 3.33114361E-06
 3.33114546E-06
 3.33114797E-06
 3.33115082E-06
 3.33115422E-06
 3.33115614E-06
 3.33115829E-06
 3.33116136E-06
 3.33116383E-06
 3.33116591E-06
 3.33104920E-06
 3.33105053E-06
 3.33105134E-06
 3.33105276E-06
 3.33105366E-06
 3.33105519E-06
 3.33105711E-06
 3.33105845E-06
 3.33106012E-06
 3.33106102E-06
 3.33106244E-06
 3.33106400E-06
 3.33106588E-06
 3.33106691E-06
 3.33106825E-06
 3.33106968E-06
 3.33107136E-06
 3.33107293E-06
 3.33107382E-06
 3.33107569E-06
 3.33107759E-06
 3.33107863E-06
 3.33108080E-06
 3.33108172E-06
 3.33108286E-06
 3.33108492E-06
 3.33108591E-06
 3.33108799E-06
 3.33108902E-06
 3.33109116E-06
 3.33109224E-06
 3.33109421E-06
 3.33109536E-06
 3.33109742E-06
 3.33109864E-06
 3.33109993E-06
 3.33110148E-06
 3.33110392E-06
 3.33110480E-06
 3.33110699E-06
 3.33110826E-06
 3.33111005E-06
 3.33111138E-06
 3.33111328E-06
 3.33111492E-06
 3.33111618E-06
 3.33111730E-06
 3.33111961E-06
 3.33112105E-06
 3.33112284E-06
 3.33112403E-06
 3.33112617E-06
 3.33112723E-06
 3.33112941E-06
 3.33113116E-06
 3.33113279E-06
 3.33113456E-06
 3.33113582E-06
 3.33096281E-06
 3.33093916E-06
 3.33092440E-06
 3.33091418E-06
 3.33090533E-06
 3.33102500E-06
 3.33102395E-06
 3.33102315E-06
 3.33102141E-06
 3.33102108E-06
 3.33101968E-06
 3.33101941E-06
 3.33101857E-06
 3.33101796E-06
 3.33101688E-06
 3.33101669E-06
 3.33101666E-06
 3.33101622E-06
 3.33101535E-06
 3.33101499E-06
 3.33101459E-06
 3.33101429E-06
 3.33101419E-06
 3.33101403E-06
 3.33101401E-06
 3.33101382E-06
 3.33101359E-06
 3.33101360E-06
 3.33101375E-06
 3.33101399E-06
 3.33101363E-06
 3.33101390E-06
 3.33101362E-06
 3.33101379E-06
 3.33101356E-06
 3.33101392E-06
 3.33101421E-06
 3.33101417E-06
 3.33101399E-06
 3.33101418E-06
 3.33101436E-06
 3.33101451E-06
 3.33101474E-06
 3.33101504E-06
 3.33101525E-06
 3.33101549E-06
 3.33101541E-06
 3.33101592E-06
 3.33101632E-06
 3.33101626E-06
 3.33101682E-06
 3.33101698E-06
 3.33101744E-06
 3.33101779E-06
 3.33101794E-06
 3.33101834E-06
 3.33101862E-06
 3.33101899E-06
 3.33101948E-06
 3.33101990E-06
 3.33102027E-06
 3.33102063E-06
 3.33102114E-06
 3.33102154E-06
 3.33102207E-06
 3.33102248E-06
 3.33102297E-06
 3.33102357E-06
 3.33102407E-06
 3.33102405E-06
 3.33102355E-06
 3.33102314E-06
 3.33102279E-06
 3.33102239E-06
 3.33102206E-06
 3.33102165E-06
 3.33102143E-06
 3.33102101E-06
 3.33102076E-06
 3.33102054E-06
 3.33102031E-06
 3.33102010E-06
 3.33101994E-06
 3.33101981E-06
 3.33101970E-06
 3.33101964E-06
 3.33101960E-06
 3.33101960E-06
 3.33101962E-06
 3.33101970E-06
 3.33101983E-06
 3.33102000E-06
 3.33102022E-06
 3.33102051E-06
 3.33102083E-06
 3.33102127E-06
 3.33102173E-06
 3.33102229E-06
 3.33102298E-06
 3.33102368E-06
 3.33102745E-06
 3.33103787E-06
 3.33104835E-06
 3.33094220E-06
 3.33095902E-06
 3.33097643E-06
 3.33099469E-06
 3.33101403E-06
 3.33102304E-06
 3.33102154E-06
 3.33102140E-06
 3.33102291E-06
 4.54570026E-04
 1.25746509E-03
 2.57295912E-03
 6.13012968E-04
 6.32401923E-05
 1.30726436E-04
 1.69384362E-04
 1.79224727E-04
 1.77699538E-04
 1.53631432E-04
 1.00988585E-04
 1.97641336E-05
 3.74678419E-05
 5.44529478E-05
 4.43763318E-05
 7.22396789E-06
 1.09571451E-01
 2.30632317E-01
 4.73940281E-01
 0.00000000E+00
 0.00000000E+00
 0.00000000E+00
 0.00000000E+00
 0.00000000E+00
 0.00000000E+00
 0.00000000E+00
 0.00000000E+00
 0.00000000E+00
 0.00000000E+00
 0.00000000E+00
 0.00000000E+00
 0.00000000E+00
 0.00000000E+00
 0.00000000E+00
 0.00000000E+00
 0.00000000E+00
 0.00000000E+00
 0.00000000E+00
 0.00000000E+00
 0.00000000E+00
 0.00000000E+00
 0.00000000E+00
 0.00000000E+00
 0.00000000E+00
 0.00000000E+00
 0.00000000E+00
 0.00000000E+00
 0.00000000E+00
 0.00000000E+00
 0.00000000E+00
 0.00000000E+00
 0.00000000E+00
 0.00000000E+00
 0.00000000E+00
 0.00000000E+00
 0.00000000E+00
 0.00000000E+00
 0.00000000E+00
 0.00000000E+00
 0.00000000E+00
 0.00000000E+00
 0.00000000E+00
 0.00000000E+00
 0.00000000E+00
 0.00000000E+00
 0.00000000E+00
 0.00000000E+00
 0.00000000E+00
 0.00000000E+00
 0.00000000E+00
 0.00000000E+00
 0.00000000E+00
 0.00000000E+00
 0.00000000E+00
 0.00000000E+00
 0.00000000E+00
 0.00000000E+00
 0.00000000E+00
 0.00000000E+00
 0.00000000E+00
 0.00000000E+00
 0.00000000E+00
 0.00000000E+00
 0.00000000E+00
 0.00000000E+00
 0.00000000E+00
 0.00000000E+00
 0.00000000E+00
 0.00000000E+00
 0.00000000E+00
 0.00000000E+00
 0.00000000E+00
 0.00000000E+00
 0.00000000E+00
 0.00000000E+00
 0.00000000E+00
 0.00000000E+00
 0.00000000E+00
 0.00000000E+00
 0.00000000E+00
 0.00000000E+00
 0.00000000E+00
 0.00000000E+00
 0.00000000E+00
 0.00000000E+00
 0.00000000E+00
 0.00000000E+00
 0.00000000E+00
 0.00000000E+00
 0.00000000E+00
 0.00000000E+00
 0.00000000E+00
 0.00000000E+00
 0.00000000E+00
 0.00000000E+00
 0.00000000E+00
 0.00000000E+00
 0.00000000E+00
 0.00000000E+00
 0.00000000E+00
 0.00000000E+00
 0.00000000E+00
 0.00000000E+00
 0.00000000E+00
 0.00000000E+00
 0.00000000E+00
 0.00000000E+00
 0.00000000E+00
 0.00000000E+00
 0.00000000E+00
 0.00000000E+00
 0.00000000E+00
 0.00000000E+00
 0.00000000E+00
 0.00000000E+00
 0.00000000E+00
 0.00000000E+00
 0.00000000E+00
 0.00000000E+00
 0.00000000E+00
 0.00000000E+00
 0.00000000E+00
 0.00000000E+00
 0.00000000E+00
 0.00000000E+00
 0.00000000E+00
 0.00000000E+00
 0.00000000E+00
 0.00000000E+00
 0.00000000E+00
 0.00000000E+00
 0.00000000E+00
 0.00000000E+00
 0.00000000E+00
 0.00000000E+00
 0.00000000E+00
 0.00000000E+00
 0.00000000E+00
 0.00000000E+00
 0.00000000E+00
 0.00000000E+00
 0.00000000E+00
 0.00000000E+00
 0.00000000E+00
 0.00000000E+00
 0.00000000E+00
 0.00000000E+00
 0.00000000E+00
 0.00000000E+00
 0.00000000E+00
 0.00000000E+00
 0.00000000E+00
 0.00000000E+00
 0.00000000E+00
 0.00000000E+00
 0.00000000E+00
 0.00000000E+00
 0.00000000E+00
 0.00000000E+00
 0.00000000E+00
 0.00000000E+00
 0.00000000E+00
 0.00000000E+00
 0.00000000E+00
 6.11510897E-01
 3.70119610E-01
 1.28728323E-01
 5.04830672E-02
 2.02447086E-01
 1.50845902E-01
 2.70813916E-02
 7.90494768E-06
 7.90495263E-06
 1.19363450E-01
 1.92272897E-02
 7.90496989E-06
 7.90497681E-06
 7.90498038E-06
 7.90485924E-06
 7.90486924E-06
 7.90488100E-06
 7.90488998E-06
 7.90490072E-06
 7.90491207E-06
 7.90492208E-06
 7.90493380E-06
 7.90494319E-06
 2.33439603E-02
 7.90494667E-06
 7.90494760E-06
 7.90494900E-06
 7.90495038E-06
 7.90495322E-06
 7.90495469E-06
 7.90495638E-06
 7.90495897E-06
 7.90496061E-06
 7.90496204E-06
 7.90496350E-06
 7.90496526E-06
 7.90496714E-06
 7.90496855E-06
 7.90497433E-06
 7.90497988E-06
 7.90498290E-06
 7.90498893E-06
 7.90499500E-06
 7.90500010E-06
 7.90500569E-06
 7.90501161E-06
 7.90501649E-06
 7.90502220E-06
 7.90502737E-06
 7.90491070E-06
 7.90491404E-06
 7.90491647E-06
 7.90492060E-06
 7.90492338E-06
 7.90492404E-06
 7.90492473E-06
 7.90492468E-06
 7.90492576E-06
 7.90492602E-06
 7.90492733E-06
 7.90492775E-06
 7.90492834E-06
 7.90492798E-06
 7.90492920E-06
 7.90493047E-06
 7.90493175E-06
 7.90493229E-06
 7.90493238E-06
 7.90493167E-06
 7.90493399E-06
 7.90493472E-06
 7.90493414E-06
 7.90493573E-06
 7.90493558E-06
 7.90493680E-06
 7.90493595E-06
 7.90493665E-06
 7.90493792E-06
 7.90493999E-06
 7.90493947E-06
 7.90493933E-06
 7.90494088E-06
 7.90494240E-06
 7.90494221E-06
 7.90494320E-06
 7.90494440E-06
 7.90494710E-06
 7.90494855E-06
 7.90495231E-06
 7.90495315E-06
 7.90495551E-06
 7.90495749E-06
 7.90495961E-06
 7.90496249E-06
 7.90496450E-06
 7.90496718E-06
 7.90496889E-06
 7.90497057E-06
 7.90497397E-06
 7.90497569E-06
 7.90497814E-06
 7.90498036E-06
 7.90498198E-06
 7.90498359E-06
 7.90498601E-06
 7.90498982E-06
 7.90499196E-06
 7.90499391E-06
 7.90499531E-06
 7.90499878E-06
 7.90500014E-06
 7.90500198E-06
 7.90500515E-06
 7.90500696E-06
 7.90500997E-06
 7.90501246E-06
 7.90501403E-06
 7.90501667E-06
 7.90501946E-06
 7.90502096E-06
 7.90502392E-06
 7.90502632E-06
 7.90502872E-06
 7.90503022E-06
 7.90503351E-06
 7.90503584E-06
 7.90503850E-06
 7.90504090E-06
 7.90504299E-06
 7.90504610E-06
 7.90504830E-06
 7.90505114E-06
 7.90505299E-06
 7.90505486E-06
 7.90505802E-06
 7.90506059E-06
 7.90506279E-06
 7.90506561E-06
 7.90506877E-06
 7.90507090E-06
 7.90507327E-06
 7.90507535E-06
 7.90507832E-06
 7.90508089E-06
 7.90508404E-06
 7.90496617E-06
 7.90496767E-06
 7.90496957E-06
 7.90497115E-06
 7.90497214E-06
 7.90497352E-06
 7.90497551E-06
 7.90497668E-06
 7.90497820E-06
 7.90498006E-06
 7.90498011E-06
 7.90498262E-06
 7.90498428E-06
 7.90498483E-06
 7.90498706E-06
 7.90498800E-06
 7.90498920E-06
 7.90499043E-06
 7.90499284E-06
 7.90499437E-06
 7.90499570E-06
 7.90499706E-06
 7.90499845E-06
 7.90499985E-06
 7.90500102E-06
 7.90500333E-06
 7.90500451E-06
 7.90500658E-06
 7.90500777E-06
 7.90500963E-06
 7.90501063E-06
 7.90501249E-06
 7.90501310E-06
 7.90501498E-06
 7.90501666E-06
 7.90501837E-06
 7.90502010E-06
 7.90502188E-06
 7.90502287E-06
 7.90502493E-06
 7.90502626E-06
 7.90502768E-06
 7.90502959E-06
 7.90503102E-06
 7.90503278E-06
 7.90503411E-06
 7.90503621E-06
 7.90503733E-06
 7.90503909E-06
 7.90504128E-06
 7.90504265E-06
 7.90504437E-06
 7.90504590E-06
 7.90504747E-06
 7.90504915E-06
 7.90505102E-06
 7.90505293E-06
 7.90505400E-06
 7.90505624E-06
 7.90488570E-06
 7.90485885E-06
 7.90484400E-06
 7.90483310E-06
 7.90482420E-06
 7.90494462E-06
 7.90494293E-06
 7.90494195E-06
 7.90494082E-06
 7.90494008E-06
 7.90493910E-06
 7.90493820E-06
 7.90493708E-06
 7.90493681E-06
 7.90493624E-06
 7.90493566E-06
 7.90493543E-06
 7.90493493E-06
 7.90493455E-06
 7.90493439E-06
 7.90493385E-06
 7.90493375E-06
 7.90493316E-06
 7.90493332E-06
 7.90493288E-06
 7.90493294E-06
 7.90493281E-06
 7.90493291E-06
 7.90493286E-06
 7.90493275E-06
 7.90493270E-06
 7.90493267E-06
 7.90493289E-06
 7.90493281E-06
 7.90493270E-06
 7.90493281E-06
 7.90493312E-06
 7.90493304E-06
 7.90493309E-06
 7.90493340E-06
 7.90493333E-06
 7.90493365E-06
 7.90493407E-06
 7.90493395E-06
 7.90493434E-06
 7.90493456E-06
 7.90493462E-06
 7.90493518E-06
 7.90493509E-06
 7.90493561E-06
 7.90493565E-06
 7.90493606E-06
 7.90493625E-06
 7.90493673E-06
 7.90493709E-06
 7.90493752E-06
 7.90493767E-06
 7.90493822E-06
 7.90493865E-06
 7.90493892E-06
 7.90493945E-06
 7.90493998E-06
 7.90494023E-06
 7.90494069E-06
 7.90494131E-06
 7.90494167E-06
 7.90494213E-06
 7.90494275E-06
 7.90494328E-06
 7.90494329E-06
 7.90494286E-06
 7.90494236E-06
 7.90494197E-06
 7.90494152E-06
 7.90494118E-06
 7.90494090E-06
 7.90494056E-06
 7.90494029E-06
 7.90494005E-06
 7.90493973E-06
 7.90493954E-06
 7.90493935E-06
 7.90493921E-06
 7.90493902E-06
 7.90493894E-06
 7.90493883E-06
 7.90493880E-06
 7.90493881E-06
 7.90493883E-06
 7.90493890E-06
 7.90493903E-06
 7.90493920E-06
 7.90493942E-06
 7.90493971E-06
 7.90494004E-06
 7.90494047E-06
 7.90494094E-06
 7.90494154E-06
 7.90494220E-06
 7.90494290E-06
 7.90494677E-06
 7.90495717E-06
 7.90496782E-06
 7.90486077E-06
 7.90487769E-06
 7.90489539E-06
 7.90491384E-06
 7.90493320E-06
 7.90494238E-06
 7.90494077E-06
 7.90494059E-06
 7.90494230E-06
 4.34687066E-04
 1.21073889E-03
 2.51498214E-03
 5.92628288E-04
 6.75722622E-05
 1.34762235E-04
 1.73076740E-04
 1.82526762E-04
 1.81095015E-04
 1.57264505E-04
 1.04820309E-04
 2.37557860E-05
 4.14869932E-05
 5.84412141E-05
 4.82949470E-05
 1.10343340E-05
 1.05904129E-01
 2.22918657E-01
 4.65821236E-01
 0.00000000E+00
 0.00000000E+00
 0.00000000E+00
 0.00000000E+00
 0.00000000E+00
 0.00000000E+00
 0.00000000E+00
 0.00000000E+00
 0.00000000E+00
 0.00000000E+00
 0.00000000E+00
 0.00000000E+00
 0.00000000E+00
 0.00000000E+00
 0.00000000E+00
 0.00000000E+00
 0.00000000E+00
 0.00000000E+00
 0.00000000E+00
 0.00000000E+00
 0.00000000E+00
 0.00000000E+00
 0.00000000E+00
 0.00000000E+00
 0.00000000E+00
 0.00000000E+00
 0.00000000E+00
 0.00000000E+00
 0.00000000E+00
 0.00000000E+00
 0.00000000E+00
 0.00000000E+00
 0.00000000E+00
 0.00000000E+00
 0.00000000E+00
 0.00000000E+00
 0.00000000E+00
 0.00000000E+00
 0.00000000E+00
 0.00000000E+00
 0.00000000E+00
 0.00000000E+00
 0.00000000E+00
 0.00000000E+00
 0.00000000E+00
 0.00000000E+00
 0.00000000E+00
 0.00000000E+00
 0.00000000E+00
 0.00000000E+00
 0.00000000E+00
 0.00000000E+00
 0.00000000E+00
 0.00000000E+00
 0.00000000E+00
 0.00000000E+00
 0.00000000E+00
 0.00000000E+00
 0.00000000E+00
 0.00000000E+00
 0.00000000E+00
 0.00000000E+00
 0.00000000E+00
 0.00000000E+00
 0.00000000E+00
 0.00000000E+00
 0.00000000E+00
 0.00000000E+00
 0.00000000E+00
 0.00000000E+00
 0.00000000E+00
 0.00000000E+00
 0.00000000E+00
 0.00000000E+00
 0.00000000E+00
 0.00000000E+00
 0.00000000E+00
 0.00000000E+00
 0.00000000E+00
 0.00000000E+00
 0.00000000E+00
 0.00000000E+00
 0.00000000E+00
 0.00000000E+00
 0.00000000E+00
 0.00000000E+00
 0.00000000E+00
 0.00000000E+00
 0.00000000E+00
 0.00000000E+00
 0.00000000E+00
 0.00000000E+00
 0.00000000E+00
 0.00000000E+00
 0.00000000E+00
 0.00000000E+00
 0.00000000E+00
 0.00000000E+00
 0.00000000E+00
 0.00000000E+00
 0.00000000E+00
 0.00000000E+00
 0.00000000E+00
 0.00000000E+00
 0.00000000E+00
 0.00000000E+00
 0.00000000E+00
 0.00000000E+00
 0.00000000E+00
 0.00000000E+00
 0.00000000E+00
 0.00000000E+00
 0.00000000E+00
 0.00000000E+00
 0.00000000E+00
 0.00000000E+00
 0.00000000E+00
 0.00000000E+00
 0.00000000E+00
 0.00000000E+00
 0.00000000E+00
 0.00000000E+00
 0.00000000E+00
 0.00000000E+00
 0.00000000E+00
 0.00000000E+00
 0.00000000E+00
 0.00000000E+00
 0.00000000E+00
 0.00000000E+00
 0.00000000E+00
 0.00000000E+00
 0.00000000E+00
 0.00000000E+00
 0.00000000E+00
 0.00000000E+00
 0.00000000E+00
 0.00000000E+00
 0.00000000E+00
 0.00000000E+00
 0.00000000E+00
 0.00000000E+00
 0.00000000E+00
 0.00000000E+00
 0.00000000E+00
 0.00000000E+00
 0.00000000E+00
 0.00000000E+00
 0.00000000E+00
 0.00000000E+00
 0.00000000E+00
 0.00000000E+00
 0.00000000E+00
 0.00000000E+00
 0.00000000E+00
 0.00000000E+00
 0.00000000E+00
 0.00000000E+00
 0.00000000E+00
 0.00000000E+00
 0.00000000E+00
 0.00000000E+00
 0.00000000E+00
 0.00000000E+00
 0.00000000E+00
 6.24927008E-01
 3.91871945E-01
 1.58816883E-01
 2.64768069E-02
 1.90841355E-01
 1.45641104E-01
 2.61506867E-02
 1.21579008E-05
 1.21579068E-05
 1.22877381E-01
 1.97899479E-02
 1.21579221E-05
 1.21579264E-05
 1.21579328E-05
 1.21578098E-05
 1.21578199E-05
 1.21578311E-05
 1.21578435E-05
 1.21578529E-05
 1.21578644E-05
 1.21578736E-05
 1.21578842E-05
 1.21578942E-05
 2.40359874E-02
 1.21578987E-05
 1.21579002E-05
 1.21579011E-05
 1.21579041E-05
 1.21579056E-05
 1.21579074E-05
 1.21579083E-05
 1.21579098E-05
 1.21579120E-05
 1.21579133E-05
 1.21579152E-05
 1.21579177E-05
 1.21579196E-05
 1.21579222E-05
 1.21579248E-05
 1.21579303E-05
 1.21579367E-05
 1.21579411E-05
 1.21579473E-05
 1.21579516E-05
 1.21579585E-05
 1.21579623E-05
 1.21579685E-05
 1.21579745E-05
 1.21579797E-05
 1.21578636E-05
 1.21578674E-05
 1.21578702E-05
 1.21578731E-05
 1.21578758E-05
 1.21578777E-05
 1.21578777E-05
 1.21578788E-05
 1.21578772E-05
 1.21578785E-05
 1.21578804E-05
 1.21578809E-05
 1.21578801E-05
 1.21578813E-05
 1.21578821E-05
 1.21578814E-05
 1.21578836E-05
 1.21578836E-05
 1.21578844E-05
 1.21578859E-05
 1.21578863E-05
 1.21578855E-05
 1.21578865E-05
 1.21578878E-05
 1.21578870E-05
 1.21578893E-05
 1.21578893E-05
 1.21578902E-05
 1.21578919E-05
 1.21578910E-05
 1.21578918E-05
 1.21578929E-05
 1.21578940E-05
 1.21578949E-05
 1.21578951E-05
 1.21578951E-05
 1.21578966E-05
 1.21578991E-05
 1.21579007E-05
 1.21579039E-05
 1.21579057E-05
 1.21579071E-05
 1.21579102E-05
 1.21579124E-05
 1.21579153E-05
 1.21579173E-05
 1.21579196E-05
 1.21579221E-05
 1.21579232E-05
 1.21579254E-05
 1.21579289E-05
 1.21579300E-05
 1.21579323E-05
 1.21579346E-05
 1.21579374E-05
 1.21579388E-05
 1.21579415E-05
 1.21579438E-05
 1.21579457E-05
 1.21579485E-05
 1.21579501E-05
 1.21579535E-05
 1.21579556E-05
 1.21579579E-05
 1.21579610E-05
 1.21579623E-05
 1.21579657E-05
 1.21579669E-05
 1.21579697E-05
 1.21579728E-05
 1.21579743E-05
 1.21579769E-05
 1.21579789E-05
 1.21579818E-05
 1.21579836E-05
 1.21579859E-05
 1.21579881E-05
 1.21579916E-05
 1.21579934E-05
 1.21579962E-05
 1.21579994E-05
 1.21580018E-05
 1.21580030E-05
 1.21580057E-05
 1.21580092E-05
 1.21580115E-05
 1.21580142E-05
 1.21580165E-05
 1.21580188E-05
 1.21580213E-05
 1.21580238E-05
 1.21580275E-05
 1.21580295E-05
 1.21580321E-05
 1.21580352E-05
 1.21580373E-05
 1.21579192E-05
 1.21579200E-05
 1.21579213E-05
 1.21579233E-05
 1.21579244E-05
 1.21579259E-05
 1.21579270E-05
 1.21579293E-05
 1.21579309E-05
 1.21579317E-05
 1.21579338E-05
 1.21579350E-05
 1.21579362E-05
 1.21579378E-05
 1.21579393E-05
 1.21579400E-05
 1.21579417E-05
 1.21579435E-05
 1.21579452E-05
 1.21579469E-05
 1.21579486E-05
 1.21579491E-05
 1.21579506E-05
 1.21579530E-05
 1.21579544E-05
 1.21579556E-05
 1.21579576E-05
 1.21579584E-05
 1.21579602E-05
 1.21579618E-05
 1.21579633E-05
 1.21579646E-05
 1.21579659E-05
 1.21579681E-05
 1.21579700E-05
 1.21579711E-05
 1.21579729E-05
 1.21579748E-05
 1.21579760E-05
 1.21579780E-05
 1.21579792E-05
 1.21579805E-05
 1.21579823E-05
 1.21579842E-05
 1.21579856E-05
 1.21579868E-05
 1.21579885E-05
 1.21579908E-05
 1.21579921E-05
 1.21579935E-05
 1.21579952E-05
 1.21579974E-05
 1.21579991E-05
 1.21580007E-05
 1.21580023E-05
 1.21580035E-05
 1.21580054E-05
 1.21580073E-05
 1.21580095E-05
 1.21578429E-05
 1.21578131E-05
 1.21577966E-05
 1.21577854E-05
 1.21577761E-05
 1.21578968E-05
 1.21578952E-05
 1.21578946E-05
 1.21578935E-05
 1.21578922E-05
 1.21578914E-05
 1.21578906E-05
 1.21578893E-05
 1.21578887E-05
 1.21578882E-05
 1.21578881E-05
 1.21578873E-05
 1.21578869E-05
 1.21578868E-05
 1.21578866E-05
 1.21578863E-05
 1.21578860E-05
 1.21578854E-05
 1.21578855E-05
 1.21578852E-05
 1.21578851E-05
 1.21578850E-05
 1.21578848E-05
 1.21578850E-05
 1.21578849E-05
 1.21578846E-05
 1.21578849E-05
 1.21578850E-05
 1.21578852E-05
 1.21578851E-05
 1.21578853E-05
 1.21578855E-05
 1.21578852E-05
 1.21578854E-05
 1.21578856E-05
 1.21578857E-05
 1.21578861E-05
 1.21578861E-05
 1.21578862E-05
 1.21578866E-05
 1.21578869E-05
 1.21578871E-05
 1.21578872E-05
 1.21578874E-05
 1.21578877E-05
 1.21578883E-05
 1.21578885E-05
 1.21578886E-05
 1.21578890E-05
 1.21578893E-05
 1.21578898E-05
 1.21578902E-05
 1.21578906E-05
 1.21578910E-05
 1.21578914E-05
 1.21578918E-05
 1.21578924E-05
 1.21578928E-05
 1.21578932E-05
 1.21578936E-05
 1.21578942E-05
 1.21578948E-05
 1.21578953E-05
 1.21578958E-05
 1.21578958E-05
 1.21578952E-05
 1.21578949E-05
 1.21578944E-05
 1.21578941E-05
 1.21578937E-05
 1.21578933E-05
 1.21578930E-05
 1.21578928E-05
 1.21578924E-05
 1.21578922E-05
 1.21578920E-05
 1.21578918E-05
 1.21578916E-05
 1.21578914E-05
 1.21578913E-05
 1.21578912E-05
 1.21578912E-05
 1.21578912E-05
 1.21578912E-05
 1.21578913E-05
 1.21578914E-05
 1.21578916E-05
 1.21578919E-05
 1.21578921E-05
 1.21578925E-05
 1.21578929E-05
 1.21578934E-05
 1.21578939E-05
 1.21578946E-05
 1.21578954E-05
 1.21578993E-05
 1.21579098E-05
 1.21579204E-05
 1.21578127E-05
 1.21578297E-05
 1.21578476E-05
 1.21578660E-05
 1.21578856E-05
 1.21578950E-05
 1.21578932E-05
 1.21578932E-05
 1.21578947E-05
 4.15149608E-04
 1.16440120E-03
 2.45741140E-03
 5.72587531E-04
 7.15912814E-05
 1.38489928E-04
 1.76465951E-04
 1.85530564E-04
 1.84196319E-04
 1.60607154E-04
 1.08365350E-04
 2.74644914E-05
 4.52270443E-05
 6.21542476E-05
 5.19421944E-05
 1.45771956E-05
 1.02242930E-01
 2.15217563E-01
 4.57715318E-01
 0.00000000E+00
 0.00000000E+00
 0.00000000E+00
 0.00000000E+00
 0.00000000E+00
 0.00000000E+00
 0.00000000E+00
 0.00000000E+00
 0.00000000E+00
 0.00000000E+00
 0.00000000E+00
 0.00000000E+00
 0.00000000E+00
 0.00000000E+00
 0.00000000E+00
 0.00000000E+00
 0.00000000E+00
 0.00000000E+00
 0.00000000E+00
 0.00000000E+00
 0.00000000E+00
 0.00000000E+00
 0.00000000E+00
 0.00000000E+00
 0.00000000E+00
 0.00000000E+00
 0.00000000E+00
 0.00000000E+00
 0.00000000E+00
 0.00000000E+00
 0.00000000E+00
 0.00000000E+00
 0.00000000E+00
 0.00000000E+00
 0.00000000E+00
 0.00000000E+00
 0.00000000E+00
 0.00000000E+00
 0.00000000E+00
 0.00000000E+00
 0.00000000E+00
 0.00000000E+00
 0.00000000E+00
 0.00000000E+00
 0.00000000E+00
 0.00000000E+00
 0.00000000E+00
 0.00000000E+00
 0.00000000E+00
 0.00000000E+00
 0.00000000E+00
 0.00000000E+00
 0.00000000E+00
 0.00000000E+00
 0.00000000E+00
 0.00000000E+00
 0.00000000E+00
 0.00000000E+00
 0.00000000E+00
 0.00000000E+00
 0.00000000E+00
 0.00000000E+00
 0.00000000E+00
 0.00000000E+00
 0.00000000E+00
 0.00000000E+00
 0.00000000E+00
 0.00000000E+00
 0.00000000E+00
 0.00000000E+00
 0.00000000E+00
 0.00000000E+00
 0.00000000E+00
 0.00000000E+00
 0.00000000E+00
 0.00000000E+00
 0.00000000E+00
 0.00000000E+00
 0.00000000E+00
 0.00000000E+00
 0.00000000E+00
 0.00000000E+00
 0.00000000E+00
 0.00000000E+00
 0.00000000E+00
 0.00000000E+00
 0.00000000E+00
 0.00000000E+00
 0.00000000E+00
 0.00000000E+00
 0.00000000E+00
 0.00000000E+00
 0.00000000E+00
 0.00000000E+00
 0.00000000E+00
 0.00000000E+00
 0.00000000E+00
 0.00000000E+00
 0.00000000E+00
 0.00000000E+00
 0.00000000E+00
 0.00000000E+00
 0.00000000E+00
 0.00000000E+00
 0.00000000E+00
 0.00000000E+00
 0.00000000E+00
 0.00000000E+00
 0.00000000E+00
 0.00000000E+00
 0.00000000E+00
 0.00000000E+00
 0.00000000E+00
 0.00000000E+00
 0.00000000E+00
 0.00000000E+00
 0.00000000E+00
 0.00000000E+00
 0.00000000E+00
 0.00000000E+00
 0.00000000E+00
 0.00000000E+00
 0.00000000E+00
 0.00000000E+00
 0.00000000E+00
 0.00000000E+00
 0.00000000E+00
 0.00000000E+00
 0.00000000E+00
 0.00000000E+00
 0.00000000E+00
 0.00000000E+00
 0.00000000E+00
 0.00000000E+00
 0.00000000E+00
 0.00000000E+00
 0.00000000E+00
 0.00000000E+00
 0.00000000E+00
 0.00000000E+00
 0.00000000E+00
 0.00000000E+00
 0.00000000E+00
 0.00000000E+00
 0.00000000E+00
 0.00000000E+00
 0.00000000E+00
 0.00000000E+00
 0.00000000E+00
 0.00000000E+00
 0.00000000E+00
 0.00000000E+00
 0.00000000E+00
 0.00000000E+00
 0.00000000E+00
 0.00000000E+00
 0.00000000E+00
 0.00000000E+00
 0.00000000E+00
 0.00000000E+00
 0.00000000E+00
 0.00000000E+00
 0.00000000E+00
 0.00000000E+00
 0.00000000E+00
 6.38321623E-01
 4.13589428E-01
 1.88857233E-01
 2.50889946E-03
 1.79253948E-01
 1.40444333E-01
 2.52211595E-02
 1.60904029E-05
 1.60904073E-05
 1.26385926E-01
 2.03520071E-02
 1.60904233E-05
 1.60904270E-05
 1.60904332E-05
 1.60903120E-05
 1.60903222E-05
 1.60903324E-05
 1.60903432E-05
 1.60903530E-05
 1.60903644E-05
 1.60903768E-05
 1.60903877E-05
 1.60903978E-05
 2.47265786E-02
 1.60903997E-05
 1.60904010E-05
 1.60904020E-05
 1.60904056E-05
 1.60904055E-05
 1.60904088E-05
 1.60904110E-05
 1.60904111E-05
 1.60904129E-05
 1.60904157E-05
 1.60904182E-05
 1.60904189E-05
 1.60904217E-05
 1.60904233E-05
 1.60904276E-05
 1.60904327E-05
 1.60904381E-05
 1.60904428E-05
 1.60904484E-05
 1.60904557E-05
 1.60904603E-05
 1.60904657E-05
 1.60904727E-05
 1.60904774E-05
 1.60904838E-05
 1.60903655E-05
 1.60903684E-05
 1.60903711E-05
 1.60903743E-05
 1.60903775E-05
 1.60903775E-05
 1.60903790E-05
 1.60903811E-05
 1.60903805E-05
 1.60903811E-05
 1.60903816E-05
 1.60903829E-05
 1.60903821E-05
 1.60903834E-05
 1.60903841E-05
 1.60903850E-05
 1.60903847E-05
 1.60903857E-05
 1.60903855E-05
 1.60903878E-05
 1.60903885E-05
 1.60903877E-05
 1.60903888E-05
 1.60903897E-05
 1.60903888E-05
 1.60903902E-05
 1.60903910E-05
 1.60903927E-05
 1.60903930E-05
 1.60903940E-05
 1.60903950E-05
 1.60903956E-05
 1.60903964E-05
 1.60903967E-05
 1.60903964E-05
 1.60903983E-05
 1.60903998E-05
 1.60904012E-05
 1.60904041E-05
 1.60904056E-05
 1.60904085E-05
 1.60904090E-05
 1.60904125E-05
 1.60904135E-05
 1.60904166E-05
 1.60904185E-05
 1.60904209E-05
 1.60904227E-05
 1.60904245E-05
 1.60904275E-05
 1.60904296E-05
 1.60904326E-05
 1.60904346E-05
 1.60904365E-05
 1.60904388E-05
 1.60904409E-05
 1.60904427E-05
 1.60904466E-05
 1.60904485E-05
 1.60904507E-05
 1.60904535E-05
 1.60904548E-05
 1.60904574E-05
 1.60904597E-05
 1.60904629E-05
 1.60904642E-05
 1.60904671E-05
 1.60904690E-05
 1.60904723E-05
 1.60904742E-05
 1.60904770E-05
 1.60904793E-05
 1.60904824E-05
 1.60904845E-05
 1.60904869E-05
 1.60904891E-05
 1.60904914E-05
 1.60904932E-05
 1.60904959E-05
 1.60904989E-05
 1.60905010E-05
 1.60905036E-05
 1.60905059E-05
 1.60905091E-05
 1.60905109E-05
 1.60905133E-05
 1.60905163E-05
 1.60905193E-05
 1.60905214E-05
 1.60905245E-05
 1.60905262E-05
 1.60905287E-05
 1.60905328E-05
 1.60905338E-05
 1.60905376E-05
 1.60904196E-05
 1.60904201E-05
 1.60904223E-05
 1.60904240E-05
 1.60904260E-05
 1.60904273E-05
 1.60904277E-05
 1.60904297E-05
 1.60904310E-05
 1.60904324E-05
 1.60904339E-05
 1.60904356E-05
 1.60904365E-05
 1.60904386E-05
 1.60904395E-05
 1.60904416E-05
 1.60904426E-05
 1.60904447E-05
 1.60904457E-05
 1.60904476E-05
 1.60904485E-05
 1.60904502E-05
 1.60904517E-05
 1.60904531E-05
 1.60904556E-05
 1.60904566E-05
 1.60904585E-05
 1.60904591E-05
 1.60904607E-05
 1.60904621E-05
 1.60904641E-05
 1.60904660E-05
 1.60904677E-05
 1.60904693E-05
 1.60904705E-05
 1.60904717E-05
 1.60904739E-05
 1.60904748E-05
 1.60904766E-05
 1.60904785E-05
 1.60904803E-05
 1.60904813E-05
 1.60904834E-05
 1.60904847E-05
 1.60904863E-05
 1.60904882E-05
 1.60904896E-05
 1.60904918E-05
 1.60904933E-05
 1.60904950E-05
 1.60904966E-05
 1.60904983E-05
 1.60904995E-05
 1.60905013E-05
 1.60905027E-05
 1.60905053E-05
 1.60905064E-05
 1.60905088E-05
 1.60905096E-05
 1.60905115E-05
 1.60903509E-05
 1.60903160E-05
 1.60902992E-05
 1.60902869E-05
 1.60902775E-05
 1.60903985E-05
 1.60903978E-05
 1.60903957E-05
 1.60903949E-05
 1.60903942E-05
 1.60903928E-05
 1.60903920E-05
 1.60903915E-05
 1.60903909E-05
 1.60903898E-05
 1.60903898E-05
 1.60903894E-05
 1.60903890E-05
 1.60903887E-05
 1.60903880E-05
 1.60903878E-05
 1.60903877E-05
 1.60903874E-05
 1.60903875E-05
 1.60903869E-05
 1.60903869E-05
 1.60903870E-05
 1.60903864E-05
 1.60903866E-05
 1.60903865E-05
 1.60903866E-05
 1.60903865E-05
 1.60903868E-05
 1.60903867E-05
 1.60903867E-05
 1.60903871E-05
 1.60903870E-05
 1.60903870E-05
 1.60903871E-05
 1.60903872E-05
 1.60903873E-05
 1.60903874E-05
 1.60903879E-05
 1.60903880E-05
 1.60903884E-05
 1.60903885E-05
 1.60903888E-05
 1.60903890E-05
 1.60903894E-05
 1.60903895E-05
 1.60903900E-05
 1.60903902E-05
 1.60903904E-05
 1.60903910E-05
 1.60903912E-05
 1.60903917E-05
 1.60903921E-05
 1.60903925E-05
 1.60903929E-05
 1.60903933E-05
 1.60903936E-05
 1.60903942E-05
 1.60903947E-05
 1.60903950E-05
 1.60903956E-05
 1.60903960E-05
 1.60903966E-05
 1.60903972E-05
 1.60903976E-05
 1.60903977E-05
 1.60903973E-05
 1.60903968E-05
 1.60903964E-05
 1.60903959E-05
 1.60903955E-05
 1.60903952E-05
 1.60903949E-05
 1.60903947E-05
 1.60903944E-05
 1.60903941E-05
 1.60903939E-05
 1.60903936E-05
 1.60903935E-05
 1.60903933E-05
 1.60903932E-05
 1.60903932E-05
 1.60903931E-05
 1.60903931E-05
 1.60903931E-05
 1.60903932E-05
 1.60903933E-05
 1.60903935E-05
 1.60903937E-05
 1.60903940E-05
 1.60903944E-05
 1.60903948E-05
 1.60903953E-05
 1.60903958E-05
 1.60903965E-05
 1.60903973E-05
 1.60904011E-05
 1.60904119E-05
 1.60904225E-05
 1.60903140E-05
 1.60903312E-05
 1.60903491E-05
 1.60903679E-05
 1.60903875E-05
 1.60903968E-05
 1.60903953E-05
 1.60903951E-05
 1.60903967E-05
 3.95957090E-04
 1.11845140E-03
 2.40024624E-03
 5.52890089E-04
 7.52978030E-05
 1.41910061E-04
 1.79552534E-04
 1.88236666E-04
 1.87003978E-04
 1.63659902E-04
 1.11624226E-04
 3.08907614E-05
 4.86885013E-05
 6.55925491E-05
 5.53185689E-05
 1.78530419E-05
 9.85878411E-02
 2.07529010E-01
 4.49622502E-01
 0.00000000E+00
 0.00000000E+00
 0.00000000E+00
 0.00000000E+00
 0.00000000E+00
 0.00000000E+00
 0.00000000E+00
 0.00000000E+00
 0.00000000E+00
 0.00000000E+00
 0.00000000E+00
 0.00000000E+00
 0.00000000E+00
 0.00000000E+00
 0.00000000E+00
 0.00000000E+00
 0.00000000E+00
 0.00000000E+00
 0.00000000E+00
 0.00000000E+00
 0.00000000E+00
 0.00000000E+00
 0.00000000E+00
 0.00000000E+00
 0.00000000E+00
 0.00000000E+00
 0.00000000E+00
 0.00000000E+00
 0.00000000E+00
 0.00000000E+00
 0.00000000E+00
 0.00000000E+00
 0.00000000E+00
 0.00000000E+00
 0.00000000E+00
 0.00000000E+00
 0.00000000E+00
 0.00000000E+00
 0.00000000E+00
 0.00000000E+00
 0.00000000E+00
 0.00000000E+00
 0.00000000E+00
 0.00000000E+00
 0.00000000E+00
 0.00000000E+00
 0.00000000E+00
 0.00000000E+00
 0.00000000E+00
 0.00000000E+00
 0.00000000E+00
 0.00000000E+00
 0.00000000E+00
 0.00000000E+00
 0.00000000E+00
 0.00000000E+00
 0.00000000E+00
 0.00000000E+00
 0.00000000E+00
 0.00000000E+00
 0.00000000E+00
 0.00000000E+00
 0.00000000E+00
 0.00000000E+00
 0.00000000E+00
 0.00000000E+00
 0.00000000E+00
 0.00000000E+00
 0.00000000E+00
 0.00000000E+00
 0.00000000E+00
 0.00000000E+00
 0.00000000E+00
 0.00000000E+00
 0.00000000E+00
 0.00000000E+00
 0.00000000E+00
 0.00000000E+00
 0.00000000E+00
 0.00000000E+00
 0.00000000E+00
 0.00000000E+00
 0.00000000E+00
 0.00000000E+00
 0.00000000E+00
 0.00000000E+00
 0.00000000E+00
 0.00000000E+00
 0.00000000E+00
 0.00000000E+00
 0.00000000E+00
 0.00000000E+00
 0.00000000E+00
 0.00000000E+00
 0.00000000E+00
 0.00000000E+00
 0.00000000E+00
 0.00000000E+00
 0.00000000E+00
 0.00000000E+00
 0.00000000E+00
 0.00000000E+00
 0.00000000E+00
 0.00000000E+00
 0.00000000E+00
 0.00000000E+00
 0.00000000E+00
 0.00000000E+00
 0.00000000E+00
 0.00000000E+00
 0.00000000E+00
 0.00000000E+00
 0.00000000E+00
 0.00000000E+00
 0.00000000E+00
 0.00000000E+00
 0.00000000E+00
 0.00000000E+00
 0.00000000E+00
 0.00000000E+00
 0.00000000E+00
 0.00000000E+00
 0.00000000E+00
 0.00000000E+00
 0.00000000E+00
 0.00000000E+00
 0.00000000E+00
 0.00000000E+00
 0.00000000E+00
 0.00000000E+00
 0.00000000E+00
 0.00000000E+00
 0.00000000E+00
 0.00000000E+00
 0.00000000E+00
 0.00000000E+00
 0.00000000E+00
 0.00000000E+00
 0.00000000E+00
 0.00000000E+00
 0.00000000E+00
 0.00000000E+00
 0.00000000E+00
 0.00000000E+00
 0.00000000E+00
 0.00000000E+00
 0.00000000E+00
 0.00000000E+00
 0.00000000E+00
 0.00000000E+00
 0.00000000E+00
 0.00000000E+00
 0.00000000E+00
 0.00000000E+00
 0.00000000E+00
 0.00000000E+00
 0.00000000E+00
 0.00000000E+00
 0.00000000E+00
 0.00000000E+00
 0.00000000E+00
 0.00000000E+00
 0.00000000E+00
 0.00000000E+00
 0.00000000E+00
 6.51694782E-01
 4.35272122E-01
 2.18849462E-01
 2.14207255E-02
 1.67684831E-01
 1.35255572E-01
 2.42928077E-02
 1.97029674E-05
 1.97029730E-05
 1.29889096E-01
 2.09134684E-02
 1.97029871E-05
 1.97029931E-05
 1.97029970E-05
 1.97028771E-05
 1.97028867E-05
 1.97028985E-05
 1.97029078E-05
 1.97029196E-05
 1.97029301E-05
 1.97029419E-05
 1.97029529E-05
 1.97029623E-05
 2.54157363E-02
 1.97029661E-05
 1.97029674E-05
 1.97029693E-05
 1.97029716E-05
 1.97029717E-05
 1.97029741E-05
 1.97029752E-05
 1.97029797E-05
 1.97029808E-05
 1.97029824E-05
 1.97029838E-05
 1.97029857E-05
 1.97029880E-05
 1.97029895E-05
 1.97029917E-05
 1.97029981E-05
 1.97030042E-05
 1.97030090E-05
 1.97030152E-05
 1.97030214E-05
 1.97030278E-05
 1.97030324E-05
 1.97030381E-05
 1.97030443E-05
 1.97029288E-05
 1.97029328E-05
 1.97029345E-05
 1.97029386E-05
 1.97029404E-05
 1.97029434E-05
 1.97029458E-05
 1.97029449E-05
 1.97029454E-05
 1.97029461E-05
 1.97029477E-05
 1.97029475E-05
 1.97029477E-05
 1.97029494E-05
 1.97029492E-05
 1.97029504E-05
 1.97029507E-05
 1.97029519E-05
 1.97029508E-05
 1.97029515E-05
 1.97029530E-05
 1.97029528E-05
 1.97029542E-05
 1.97029539E-05
 1.97029566E-05
 1.97029569E-05
 1.97029564E-05
 1.97029567E-05
 1.97029590E-05
 1.97029583E-05
 1.97029600E-05
 1.97029608E-05
 1.97029602E-05
 1.97029623E-05
 1.97029623E-05
 1.97029626E-05
 1.97029636E-05
 1.97029660E-05
 1.97029674E-05
 1.97029690E-05
 1.97029720E-05
 1.97029745E-05
 1.97029761E-05
 1.97029790E-05
 1.97029805E-05
 1.97029823E-05
 1.97029843E-05
 1.97029865E-05
 1.97029899E-05
 1.97029925E-05
 1.97029932E-05
 1.97029960E-05
 1.97029978E-05
 1.97030010E-05
 1.97030031E-05
 1.97030064E-05
 1.97030080E-05
 1.97030101E-05
 1.97030131E-05
 1.97030150E-05
 1.97030173E-05
 1.97030198E-05
 1.97030219E-05
 1.97030238E-05
 1.97030264E-05
 1.97030298E-05
 1.97030311E-05
 1.97030335E-05
 1.97030351E-05
 1.97030387E-05
 1.97030411E-05
 1.97030426E-05
 1.97030450E-05
 1.97030478E-05
 1.97030506E-05
 1.97030533E-05
 1.97030560E-05
 1.97030581E-05
 1.97030610E-05
 1.97030633E-05
 1.97030658E-05
 1.97030683E-05
 1.97030709E-05
 1.97030729E-05
 1.97030761E-05
 1.97030786E-05
 1.97030813E-05
 1.97030829E-05
 1.97030860E-05
 1.97030890E-05
 1.97030916E-05
 1.97030935E-05
 1.97030963E-05
 1.97030991E-05
 1.97031022E-05
 1.97029838E-05
 1.97029865E-05
 1.97029873E-05
 1.97029885E-05
 1.97029903E-05
 1.97029912E-05
 1.97029937E-05
 1.97029940E-05
 1.97029962E-05
 1.97029969E-05
 1.97029991E-05
 1.97030004E-05
 1.97030018E-05
 1.97030034E-05
 1.97030048E-05
 1.97030062E-05
 1.97030075E-05
 1.97030089E-05
 1.97030103E-05
 1.97030125E-05
 1.97030136E-05
 1.97030156E-05
 1.97030173E-05
 1.97030187E-05
 1.97030201E-05
 1.97030212E-05
 1.97030229E-05
 1.97030245E-05
 1.97030257E-05
 1.97030279E-05
 1.97030296E-05
 1.97030310E-05
 1.97030323E-05
 1.97030343E-05
 1.97030360E-05
 1.97030374E-05
 1.97030385E-05
 1.97030407E-05
 1.97030415E-05
 1.97030433E-05
 1.97030449E-05
 1.97030464E-05
 1.97030481E-05
 1.97030497E-05
 1.97030515E-05
 1.97030535E-05
 1.97030550E-05
 1.97030566E-05
 1.97030579E-05
 1.97030599E-05
 1.97030616E-05
 1.97030633E-05
 1.97030650E-05
 1.97030661E-05
 1.97030687E-05
 1.97030701E-05
 1.97030714E-05
 1.97030731E-05
 1.97030754E-05
 1.97030766E-05
 1.97030783E-05
 1.97029328E-05
 1.97028836E-05
 1.97028663E-05
 1.97028531E-05
 1.97028434E-05
 1.97029643E-05
 1.97029636E-05
 1.97029625E-05
 1.97029611E-05
 1.97029599E-05
 1.97029589E-05
 1.97029582E-05
 1.97029578E-05
 1.97029567E-05
 1.97029560E-05
 1.97029557E-05
 1.97029548E-05
 1.97029548E-05
 1.97029547E-05
 1.97029542E-05
 1.97029536E-05
 1.97029536E-05
 1.97029534E-05
 1.97029534E-05
 1.97029531E-05
 1.97029527E-05
 1.97029528E-05
 1.97029527E-05
 1.97029527E-05
 1.97029526E-05
 1.97029526E-05
 1.97029529E-05
 1.97029527E-05
 1.97029528E-05
 1.97029531E-05
 1.97029529E-05
 1.97029532E-05
 1.97029531E-05
 1.97029534E-05
 1.97029532E-05
 1.97029534E-05
 1.97029537E-05
 1.97029540E-05
 1.97029542E-05
 1.97029546E-05
 1.97029548E-05
 1.97029550E-05
 1.97029552E-05
 1.97029555E-05
 1.97029559E-05
 1.97029560E-05
 1.97029564E-05
 1.97029567E-05
 1.97029570E-05
 1.97029573E-05
 1.97029578E-05
 1.97029583E-05
 1.97029585E-05
 1.97029590E-05
 1.97029595E-05
 1.97029600E-05
 1.97029604E-05
 1.97029607E-05
 1.97029612E-05
 1.97029619E-05
 1.97029623E-05
 1.97029630E-05
 1.97029634E-05
 1.97029639E-05
 1.97029640E-05
 1.97029635E-05
 1.97029630E-05
 1.97029626E-05
 1.97029623E-05
 1.97029619E-05
 1.97029616E-05
 1.97029611E-05
 1.97029608E-05
 1.97029606E-05
 1.97029603E-05
 1.97029601E-05
 1.97029599E-05
 1.97029597E-05
 1.97029596E-05
 1.97029595E-05
 1.97029594E-05
 1.97029593E-05
 1.97029593E-05
 1.97029594E-05
 1.97029594E-05
 1.97029596E-05
 1.97029597E-05
 1.97029600E-05
 1.97029603E-05
 1.97029606E-05
 1.97029610E-05
 1.97029615E-05
 1.97029621E-05
 1.97029627E-05
 1.97029635E-05
 1.97029674E-05
 1.97029782E-05
 1.97029891E-05
 1.97028796E-05
 1.97028969E-05
 1.97029150E-05
 1.97029340E-05
 1.97029538E-05
 1.97029632E-05
 1.97029616E-05
 1.97029612E-05
 1.97029629E-05
 3.77108953E-04
 1.07288883E-03
 2.34348598E-03
 5.33535352E-04
 7.86923786E-05
 1.45023179E-04
 1.82337026E-04
 1.90645599E-04
 1.89518515E-04
 1.66423268E-04
 1.14597452E-04
 3.40351064E-05
 5.18718692E-05
 6.87566177E-05
 5.84245643E-05
 2.08623609E-05
 9.49388510E-02
 1.99852976E-01
 4.41542763E-01
 0.00000000E+00
 0.00000000E+00
 0.00000000E+00
 0.00000000E+00
 0.00000000E+00
 0.00000000E+00
 0.00000000E+00
 0.00000000E+00
 0.00000000E+00
 0.00000000E+00
 0.00000000E+00
 0.00000000E+00
 0.00000000E+00
 0.00000000E+00
 0.00000000E+00
 0.00000000E+00
 0.00000000E+00
 0.00000000E+00
 0.00000000E+00
 0.00000000E+00
 0.00000000E+00
 0.00000000E+00
 0.00000000E+00
 0.00000000E+00
 0.00000000E+00
 0.00000000E+00
 0.00000000E+00
 0.00000000E+00
 0.00000000E+00
 0.00000000E+00
 0.00000000E+00
 0.00000000E+00
 0.00000000E+00
 0.00000000E+00
 0.00000000E+00
 0.00000000E+00
 0.00000000E+00
 0.00000000E+00
 0.00000000E+00
 0.00000000E+00
 0.00000000E+00
 0.00000000E+00
 0.00000000E+00
 0.00000000E+00
 0.00000000E+00
 0.00000000E+00
 0.00000000E+00
 0.00000000E+00
 0.00000000E+00
 0.00000000E+00
 0.00000000E+00
 0.00000000E+00
 0.00000000E+00
 0.00000000E+00
 0.00000000E+00
 0.00000000E+00
 0.00000000E+00
 0.00000000E+00
 0.00000000E+00
 0.00000000E+00
 0.00000000E+00
 0.00000000E+00
 0.00000000E+00
 0.00000000E+00
 0.00000000E+00
 0.00000000E+00
 0.00000000E+00
 0.00000000E+00
 0.00000000E+00
 0.00000000E+00
 0.00000000E+00
 0.00000000E+00
 0.00000000E+00
 0.00000000E+00
 0.00000000E+00
 0.00000000E+00
 0.00000000E+00
 0.00000000E+00
 0.00000000E+00
 0.00000000E+00
 0.00000000E+00
 0.00000000E+00
 0.00000000E+00
 0.00000000E+00
 0.00000000E+00
 0.00000000E+00
 0.00000000E+00
 0.00000000E+00
 0.00000000E+00
 0.00000000E+00
 0.00000000E+00
 0.00000000E+00
 0.00000000E+00
 0.00000000E+00
 0.00000000E+00
 0.00000000E+00
 0.00000000E+00
 0.00000000E+00
 0.00000000E+00
 0.00000000E+00
 0.00000000E+00
 0.00000000E+00
 0.00000000E+00
 0.00000000E+00
 0.00000000E+00
 0.00000000E+00
 0.00000000E+00
 0.00000000E+00
 0.00000000E+00
 0.00000000E+00
 0.00000000E+00
 0.00000000E+00
 0.00000000E+00
 0.00000000E+00
 0.00000000E+00
 0.00000000E+00
 0.00000000E+00
 0.00000000E+00
 0.00000000E+00
 0.00000000E+00
 0.00000000E+00
 0.00000000E+00
 0.00000000E+00
 0.00000000E+00
 0.00000000E+00
 0.00000000E+00
 0.00000000E+00
 0.00000000E+00
 0.00000000E+00
 0.00000000E+00
 0.00000000E+00
 0.00000000E+00
 0.00000000E+00
 0.00000000E+00
 0.00000000E+00
 0.00000000E+00
 0.00000000E+00
 0.00000000E+00
 0.00000000E+00
 0.00000000E+00
 0.00000000E+00
 0.00000000E+00
 0.00000000E+00
 0.00000000E+00
 0.00000000E+00
 0.00000000E+00
 0.00000000E+00
 0.00000000E+00
 0.00000000E+00
 0.00000000E+00
 0.00000000E+00
 0.00000000E+00
 0.00000000E+00
 0.00000000E+00
 0.00000000E+00
 0.00000000E+00
 0.00000000E+00
 0.00000000E+00
 0.00000000E+00
 0.00000000E+00
 0.00000000E+00
 0.00000000E+00
 0.00000000E+00
 0.00000000E+00
 0.00000000E+00
 6.65046523E-01
 4.56920090E-01
 2.48793658E-01
 4.53121382E-02
 1.56133970E-01
 1.30074808E-01
 2.33656289E-02
 2.29961119E-05
 2.29961170E-05
 1.33386899E-01
 2.14743329E-02
 2.29961299E-05
 2.29961358E-05
 2.29961404E-05
 2.29960193E-05
 2.29960305E-05
 2.29960409E-05
 2.29960533E-05
 2.29960648E-05
 2.29960752E-05
 2.29960847E-05
 2.29960966E-05
 2.29961075E-05
 2.61034631E-02
 2.29961107E-05
 2.29961113E-05
 2.29961147E-05
 2.29961155E-05
 2.29961174E-05
 2.29961175E-05
 2.29961209E-05
 2.29961214E-05
 2.29961243E-05
 2.29961266E-05
 2.29961282E-05
 2.29961295E-05
 2.29961306E-05
 2.29961329E-05
 2.29961368E-05
 2.29961424E-05
 2.29961466E-05
 2.29961530E-05
 2.29961589E-05
 2.29961650E-05
 2.29961712E-05
 2.29961768E-05
 2.29961826E-05
 2.29961883E-05
 2.29960735E-05
 2.29960768E-05
 2.29960786E-05
 2.29960816E-05
 2.29960864E-05
 2.29960885E-05
 2.29960895E-05
 2.29960895E-05
 2.29960897E-05
 2.29960907E-05
 2.29960918E-05
 2.29960915E-05
 2.29960929E-05
 2.29960936E-05
 2.29960941E-05
 2.29960942E-05
 2.29960951E-05
 2.29960947E-05
 2.29960969E-05
 2.29960977E-05
 2.29960967E-05
 2.29960975E-05
 2.29960981E-05
 2.29960985E-05
 2.29960999E-05
 2.29961003E-05
 2.29961015E-05
 2.29961016E-05
 2.29961034E-05
 2.29961025E-05
 2.29961044E-05
 2.29961045E-05
 2.29961041E-05
 2.29961064E-05
 2.29961061E-05
 2.29961078E-05
 2.29961068E-05
 2.29961087E-05
 2.29961122E-05
 2.29961129E-05
 2.29961160E-05
 2.29961184E-05
 2.29961202E-05
 2.29961223E-05
 2.29961249E-05
 2.29961273E-05
 2.29961301E-05
 2.29961321E-05
 2.29961341E-05
 2.29961352E-05
 2.29961383E-05
 2.29961404E-05
 2.29961429E-05
 2.29961449E-05
 2.29961473E-05
 2.29961490E-05
 2.29961513E-05
 2.29961547E-05
 2.29961570E-05
 2.29961592E-05
 2.29961605E-05
 2.29961641E-05
 2.29961663E-05
 2.29961689E-05
 2.29961708E-05
 2.29961734E-05
 2.29961761E-05
 2.29961784E-05
 2.29961810E-05
 2.29961829E-05
 2.29961859E-05
 2.29961881E-05
 2.29961903E-05
 2.29961928E-05
 2.29961953E-05
 2.29961976E-05
 2.29962006E-05
 2.29962019E-05
 2.29962048E-05
 2.29962082E-05
 2.29962102E-05
 2.29962131E-05
 2.29962146E-05
 2.29962183E-05
 2.29962199E-05
 2.29962230E-05
 2.29962253E-05
 2.29962285E-05
 2.29962306E-05
 2.29962334E-05
 2.29962355E-05
 2.29962383E-05
 2.29962411E-05
 2.29962442E-05
 2.29962472E-05
 2.29961278E-05
 2.29961298E-05
 2.29961308E-05
 2.29961335E-05
 2.29961343E-05
 2.29961354E-05
 2.29961366E-05
 2.29961383E-05
 2.29961399E-05
 2.29961419E-05
 2.29961428E-05
 2.29961448E-05
 2.29961458E-05
 2.29961478E-05
 2.29961487E-05
 2.29961508E-05
 2.29961526E-05
 2.29961543E-05
 2.29961547E-05
 2.29961562E-05
 2.29961582E-05
 2.29961593E-05
 2.29961609E-05
 2.29961625E-05
 2.29961646E-05
 2.29961665E-05
 2.29961671E-05
 2.29961693E-05
 2.29961702E-05
 2.29961727E-05
 2.29961738E-05
 2.29961757E-05
 2.29961763E-05
 2.29961784E-05
 2.29961803E-05
 2.29961819E-05
 2.29961832E-05
 2.29961853E-05
 2.29961859E-05
 2.29961875E-05
 2.29961900E-05
 2.29961912E-05
 2.29961925E-05
 2.29961946E-05
 2.29961959E-05
 2.29961975E-05
 2.29961992E-05
 2.29962013E-05
 2.29962027E-05
 2.29962049E-05
 2.29962066E-05
 2.29962074E-05
 2.29962092E-05
 2.29962112E-05
 2.29962127E-05
 2.29962147E-05
 2.29962160E-05
 2.29962184E-05
 2.29962201E-05
 2.29962222E-05
 2.29962233E-05
 2.29962254E-05
 2.29960292E-05
 2.29960102E-05
 2.29959972E-05
 2.29959873E-05
 2.29961087E-05
 2.29961076E-05
 2.29961063E-05
 2.29961048E-05
 2.29961039E-05
 2.29961029E-05
 2.29961017E-05
 2.29961017E-05
 2.29961003E-05
 2.29960999E-05
 2.29960998E-05
 2.29960988E-05
 2.29960988E-05
 2.29960981E-05
 2.29960982E-05
 2.29960973E-05
 2.29960972E-05
 2.29960973E-05
 2.29960973E-05
 2.29960968E-05
 2.29960965E-05
 2.29960965E-05
 2.29960965E-05
 2.29960964E-05
 2.29960964E-05
 2.29960963E-05
 2.29960968E-05
 2.29960963E-05
 2.29960967E-05
 2.29960964E-05
 2.29960968E-05
 2.29960968E-05
 2.29960970E-05
 2.29960971E-05
 2.29960974E-05
 2.29960976E-05
 2.29960976E-05
 2.29960977E-05
 2.29960981E-05
 2.29960984E-05
 2.29960984E-05
 2.29960988E-05
 2.29960991E-05
 2.29960993E-05
 2.29960998E-05
 2.29961002E-05
 2.29961004E-05
 2.29961007E-05
 2.29961010E-05
 2.29961013E-05
 2.29961019E-05
 2.29961024E-05
 2.29961028E-05
 2.29961029E-05
 2.29961033E-05
 2.29961038E-05
 2.29961045E-05
 2.29961048E-05
 2.29961053E-05
 2.29961059E-05
 2.29961064E-05
 2.29961070E-05
 2.29961075E-05
 2.29961081E-05
 2.29961079E-05
 2.29961076E-05
 2.29961071E-05
 2.29961066E-05
 2.29961063E-05
 2.29961059E-05
 2.29961056E-05
 2.29961052E-05
 2.29961049E-05
 2.29961046E-05
 2.29961044E-05
 2.29961042E-05
 2.29961039E-05
 2.29961038E-05
 2.29961036E-05
 2.29961035E-05
 2.29961035E-05
 2.29961034E-05
 2.29961034E-05
 2.29961034E-05
 2.29961035E-05
 2.29961036E-05
 2.29961038E-05
 2.29961040E-05
 2.29961043E-05
 2.29961047E-05
 2.29961051E-05
 2.29961056E-05
 2.29961062E-05
 2.29961068E-05
 2.29961076E-05
 2.29961116E-05
 2.29961224E-05
 2.29961334E-05
 2.29960231E-05
 2.29960406E-05
 2.29960588E-05
 2.29960778E-05
 2.29960979E-05
 2.29961074E-05
 2.29961056E-05
 2.29961054E-05
 2.29961069E-05
 3.58604638E-04
 1.02771288E-03
 2.28712995E-03
 5.14522715E-04
 8.17755585E-05
 1.47829825E-04
 1.84819966E-04
 1.92757891E-04
 1.91740456E-04
 1.68897772E-04
 1.17285543E-04
 3.68980351E-05
 5.47776513E-05
 7.16469515E-05
 6.12606729E-05
 2.36056395E-05
 9.12959480E-02
 1.92189435E-01
 4.33476075E-01
 0.00000000E+00
 0.00000000E+00
 0.00000000E+00
 0.00000000E+00
 0.00000000E+00
 0.00000000E+00
 0.00000000E+00
 0.00000000E+00
 0.00000000E+00
 0.00000000E+00
 0.00000000E+00
 0.00000000E+00
 0.00000000E+00
 0.00000000E+00
 0.00000000E+00
 0.00000000E+00
 0.00000000E+00
 0.00000000E+00
 0.00000000E+00
 0.00000000E+00
 0.00000000E+00
 0.00000000E+00
 0.00000000E+00
 0.00000000E+00
 0.00000000E+00
 0.00000000E+00
 0.00000000E+00
 0.00000000E+00
 0.00000000E+00
 0.00000000E+00
 0.00000000E+00
 0.00000000E+00
 0.00000000E+00
 0.00000000E+00
 0.00000000E+00
 0.00000000E+00
 0.00000000E+00
 0.00000000E+00
 0.00000000E+00
 0.00000000E+00
 0.00000000E+00
 0.00000000E+00
 0.00000000E+00
 0.00000000E+00
 0.00000000E+00
 0.00000000E+00
 0.00000000E+00
 0.00000000E+00
 0.00000000E+00
 0.00000000E+00
 0.00000000E+00
 0.00000000E+00
 0.00000000E+00
 0.00000000E+00
 0.00000000E+00
 0.00000000E+00
 0.00000000E+00
 0.00000000E+00
 0.00000000E+00
 0.00000000E+00
 0.00000000E+00
 0.00000000E+00
 0.00000000E+00
 0.00000000E+00
 0.00000000E+00
 0.00000000E+00
 0.00000000E+00
 0.00000000E+00
 0.00000000E+00
 0.00000000E+00
 0.00000000E+00
 0.00000000E+00
 0.00000000E+00
 0.00000000E+00
 0.00000000E+00
 0.00000000E+00
 0.00000000E+00
 0.00000000E+00
 0.00000000E+00
 0.00000000E+00
 0.00000000E+00
 0.00000000E+00
 0.00000000E+00
 0.00000000E+00
 0.00000000E+00
 0.00000000E+00
 0.00000000E+00
 0.00000000E+00
 0.00000000E+00
 0.00000000E+00
 0.00000000E+00
 0.00000000E+00
 0.00000000E+00
 0.00000000E+00
 0.00000000E+00
 0.00000000E+00
 0.00000000E+00
 0.00000000E+00
 0.00000000E+00
 0.00000000E+00
 0.00000000E+00
 0.00000000E+00
 0.00000000E+00
 0.00000000E+00
 0.00000000E+00
 0.00000000E+00
 0.00000000E+00
 0.00000000E+00
 0.00000000E+00
 0.00000000E+00
 0.00000000E+00
 0.00000000E+00
 0.00000000E+00
 0.00000000E+00
 0.00000000E+00
 0.00000000E+00
 0.00000000E+00
 0.00000000E+00
 0.00000000E+00
 0.00000000E+00
 0.00000000E+00
 0.00000000E+00
 0.00000000E+00
 0.00000000E+00
 0.00000000E+00
 0.00000000E+00
 0.00000000E+00
 0.00000000E+00
 0.00000000E+00
 0.00000000E+00
 0.00000000E+00
 0.00000000E+00
 0.00000000E+00
 0.00000000E+00
 0.00000000E+00
 0.00000000E+00
 0.00000000E+00
 0.00000000E+00
 0.00000000E+00
 0.00000000E+00
 0.00000000E+00
 0.00000000E+00
 0.00000000E+00
 0.00000000E+00
 0.00000000E+00
 0.00000000E+00
 0.00000000E+00
 0.00000000E+00
 0.00000000E+00
 0.00000000E+00
 0.00000000E+00
 0.00000000E+00
 0.00000000E+00
 0.00000000E+00
 0.00000000E+00
 0.00000000E+00
 0.00000000E+00
 0.00000000E+00
 0.00000000E+00
 0.00000000E+00
 0.00000000E+00
 0.00000000E+00
 0.00000000E+00
 0.00000000E+00
 0.00000000E+00
 6.78376886E-01
 4.78533397E-01
 2.78689908E-01
 6.91654085E-02
 1.44601332E-01
 1.24902025E-01
 2.24396211E-02
 2.59703469E-05
 2.59703511E-05
 1.36879346E-01
 2.20346019E-02
 2.59703647E-05
 2.59703699E-05
 2.59703726E-05
 2.59702530E-05
 2.59702616E-05
 2.59702735E-05
 2.59702868E-05
 2.59702956E-05
 2.59703078E-05
 2.59703184E-05
 2.59703308E-05
 2.59703414E-05
 2.67897616E-02
 2.59703441E-05
 2.59703468E-05
 2.59703472E-05
 2.59703505E-05
 2.59703503E-05
 2.59703521E-05
 2.59703543E-05
 2.59703573E-05
 2.59703574E-05
 2.59703588E-05
 2.59703604E-05
 2.59703617E-05
 2.59703637E-05
 2.59703659E-05
 2.59703700E-05
 2.59703763E-05
 2.59703811E-05
 2.59703875E-05
 2.59703943E-05
 2.59703988E-05
 2.59704046E-05
 2.59704114E-05
 2.59704175E-05
 2.59704231E-05
 2.59703071E-05
 2.59703112E-05
 2.59703126E-05
 2.59703163E-05
 2.59703191E-05
 2.59703224E-05
 2.59703231E-05
 2.59703239E-05
 2.59703251E-05
 2.59703248E-05
 2.59703246E-05
 2.59703261E-05
 2.59703273E-05
 2.59703282E-05
 2.59703283E-05
 2.59703275E-05
 2.59703293E-05
 2.59703300E-05
 2.59703290E-05
 2.59703297E-05
 2.59703325E-05
 2.59703316E-05
 2.59703320E-05
 2.59703332E-05
 2.59703342E-05
 2.59703334E-05
 2.59703354E-05
 2.59703357E-05
 2.59703362E-05
 2.59703365E-05
 2.59703380E-05
 2.59703377E-05
 2.59703384E-05
 2.59703397E-05
 2.59703397E-05
 2.59703403E-05
 2.59703411E-05
 2.59703424E-05
 2.59703457E-05
 2.59703470E-05
 2.59703496E-05
 2.59703522E-05
 2.59703544E-05
 2.59703565E-05
 2.59703590E-05
 2.59703613E-05
 2.59703630E-05
 2.59703660E-05
 2.59703682E-05
 2.59703695E-05
 2.59703728E-05
 2.59703746E-05
 2.59703766E-05
 2.59703797E-05
 2.59703822E-05
 2.59703843E-05
 2.59703869E-05
 2.59703887E-05
 2.59703904E-05
 2.59703938E-05
 2.59703954E-05
 2.59703981E-05
 2.59704004E-05
 2.59704031E-05
 2.59704062E-05
 2.59704078E-05
 2.59704098E-05
 2.59704125E-05
 2.59704154E-05
 2.59704172E-05
 2.59704194E-05
 2.59704222E-05
 2.59704252E-05
 2.59704279E-05
 2.59704305E-05
 2.59704323E-05
 2.59704339E-05
 2.59704369E-05
 2.59704401E-05
 2.59704422E-05
 2.59704451E-05
 2.59704469E-05
 2.59704502E-05
 2.59704517E-05
 2.59704548E-05
 2.59704580E-05
 2.59704597E-05
 2.59704625E-05
 2.59704659E-05
 2.59704677E-05
 2.59704710E-05
 2.59704734E-05
 2.59704759E-05
 2.59704792E-05
 2.59703615E-05
 2.59703622E-05
 2.59703633E-05
 2.59703659E-05
 2.59703667E-05
 2.59703690E-05
 2.59703701E-05
 2.59703715E-05
 2.59703732E-05
 2.59703749E-05
 2.59703756E-05
 2.59703774E-05
 2.59703781E-05
 2.59703798E-05
 2.59703815E-05
 2.59703832E-05
 2.59703845E-05
 2.59703859E-05
 2.59703881E-05
 2.59703888E-05
 2.59703905E-05
 2.59703931E-05
 2.59703939E-05
 2.59703957E-05
 2.59703972E-05
 2.59703993E-05
 2.59704000E-05
 2.59704014E-05
 2.59704034E-05
 2.59704049E-05
 2.59704060E-05
 2.59704077E-05
 2.59704102E-05
 2.59704110E-05
 2.59704126E-05
 2.59704147E-05
 2.59704163E-05
 2.59704179E-05
 2.59704189E-05
 2.59704207E-05
 2.59704222E-05
 2.59704243E-05
 2.59704255E-05
 2.59704273E-05
 2.59704292E-05
 2.59704310E-05
 2.59704320E-05
 2.59704341E-05
 2.59704356E-05
 2.59704374E-05
 2.59704387E-05
 2.59704407E-05
 2.59704426E-05
 2.59704444E-05
 2.59704464E-05
 2.59704479E-05
 2.59704497E-05
 2.59704509E-05
 2.59704530E-05
 2.59704546E-05
 2.59704561E-05
 2.59704581E-05
 2.59704605E-05
 2.59702656E-05
 2.59702448E-05
 2.59702312E-05
 2.59702218E-05
 2.59703428E-05
 2.59703413E-05
 2.59703404E-05
 2.59703391E-05
 2.59703381E-05
 2.59703372E-05
 2.59703356E-05
 2.59703355E-05
 2.59703343E-05
 2.59703337E-05
 2.59703336E-05
 2.59703329E-05
 2.59703325E-05
 2.59703321E-05
 2.59703320E-05
 2.59703312E-05
 2.59703310E-05
 2.59703313E-05
 2.59703307E-05
 2.59703304E-05
 2.59703304E-05
 2.59703307E-05
 2.59703304E-05
 2.59703306E-05
 2.59703303E-05
 2.59703304E-05
 2.59703302E-05
 2.59703304E-05
 2.59703305E-05
 2.59703305E-05
 2.59703304E-05
 2.59703307E-05
 2.59703308E-05
 2.59703312E-05
 2.59703314E-05
 2.59703314E-05
 2.59703316E-05
 2.59703320E-05
 2.59703320E-05
 2.59703324E-05
 2.59703325E-05
 2.59703325E-05
 2.59703329E-05
 2.59703334E-05
 2.59703337E-05
 2.59703339E-05
 2.59703343E-05
 2.59703346E-05
 2.59703351E-05
 2.59703354E-05
 2.59703358E-05
 2.59703360E-05
 2.59703365E-05
 2.59703370E-05
 2.59703374E-05
 2.59703380E-05
 2.59703383E-05
 2.59703389E-05
 2.59703393E-05
 2.59703398E-05
 2.59703405E-05
 2.59703409E-05
 2.59703414E-05
 2.59703420E-05
 2.59703421E-05
 2.59703416E-05
 2.59703411E-05
 2.59703407E-05
 2.59703404E-05
 2.59703400E-05
 2.59703397E-05
 2.59703393E-05
 2.59703389E-05
 2.59703387E-05
 2.59703385E-05
 2.59703382E-05
 2.59703380E-05
 2.59703378E-05
 2.59703376E-05
 2.59703375E-05
 2.59703374E-05
 2.59703374E-05
 2.59703374E-05
 2.59703374E-05
 2.59703375E-05
 2.59703376E-05
 2.59703378E-05
 2.59703380E-05
 2.59703383E-05
 2.59703387E-05
 2.59703391E-05
 2.59703396E-05
 2.59703402E-05
 2.59703409E-05
 2.59703416E-05
 2.59703457E-05
 2.59703565E-05
 2.59703676E-05
 2.59703788E-05
 2.59702740E-05
 2.59702925E-05
 2.59703116E-05
 2.59703319E-05
 2.59703414E-05
 2.59703396E-05
 2.59703395E-05
 2.59703409E-05
 3.40443588E-04
 9.82922891E-04
 2.23117748E-03
 4.95851573E-04
 8.45478914E-05
 1.50330542E-04
 1.87001887E-04
 1.94574072E-04
 1.93670323E-04
 1.71083932E-04
 1.19689010E-04
 3.94800553E-05
 5.74063500E-05
 7.42640472E-05
 6.38273860E-05
 2.60833632E-05
 8.76591204E-02
 1.84538364E-01
 4.25422414E-01
 0.00000000E+00
 0.00000000E+00
 0.00000000E+00
 0.00000000E+00
 0.00000000E+00
 0.00000000E+00
 0.00000000E+00
 0.00000000E+00
 0.00000000E+00
 0.00000000E+00
 0.00000000E+00
 0.00000000E+00
 0.00000000E+00
 0.00000000E+00
 0.00000000E+00
 0.00000000E+00
 0.00000000E+00
 0.00000000E+00
 0.00000000E+00
 0.00000000E+00
 0.00000000E+00
 0.00000000E+00
 0.00000000E+00
 0.00000000E+00
 0.00000000E+00
 0.00000000E+00
 0.00000000E+00
 0.00000000E+00
 0.00000000E+00
 0.00000000E+00
 0.00000000E+00
 0.00000000E+00
 0.00000000E+00
 0.00000000E+00
 0.00000000E+00
 0.00000000E+00
 0.00000000E+00
 0.00000000E+00
 0.00000000E+00
 0.00000000E+00
 0.00000000E+00
 0.00000000E+00
 0.00000000E+00
 0.00000000E+00
 0.00000000E+00
 0.00000000E+00
 0.00000000E+00
 0.00000000E+00
 0.00000000E+00
 0.00000000E+00
 0.00000000E+00
 0.00000000E+00
 0.00000000E+00
 0.00000000E+00
 0.00000000E+00
 0.00000000E+00
 0.00000000E+00
 0.00000000E+00
 0.00000000E+00
 0.00000000E+00
 0.00000000E+00
 0.00000000E+00
 0.00000000E+00
 0.00000000E+00
 0.00000000E+00
 0.00000000E+00
 0.00000000E+00
 0.00000000E+00
 0.00000000E+00
 0.00000000E+00
 0.00000000E+00
 0.00000000E+00
 0.00000000E+00
 0.00000000E+00
 0.00000000E+00
 0.00000000E+00
 0.00000000E+00
 0.00000000E+00
 0.00000000E+00
 0.00000000E+00
 0.00000000E+00
 0.00000000E+00
 0.00000000E+00
 0.00000000E+00
 0.00000000E+00
 0.00000000E+00
 0.00000000E+00
 0.00000000E+00
 0.00000000E+00
 0.00000000E+00
 0.00000000E+00
 0.00000000E+00
 0.00000000E+00
 0.00000000E+00
 0.00000000E+00
 0.00000000E+00
 0.00000000E+00
 0.00000000E+00
 0.00000000E+00
 0.00000000E+00
 0.00000000E+00
 0.00000000E+00
 0.00000000E+00
 0.00000000E+00
 0.00000000E+00
 0.00000000E+00
 0.00000000E+00
 0.00000000E+00
 0.00000000E+00
 0.00000000E+00
 0.00000000E+00
 0.00000000E+00
 0.00000000E+00
 0.00000000E+00
 0.00000000E+00
 0.00000000E+00
 0.00000000E+00
 0.00000000E+00
 0.00000000E+00
 0.00000000E+00
 0.00000000E+00
 0.00000000E+00
 0.00000000E+00
 0.00000000E+00
 0.00000000E+00
 0.00000000E+00
 0.00000000E+00
 0.00000000E+00
 0.00000000E+00
 0.00000000E+00
 0.00000000E+00
 0.00000000E+00
 0.00000000E+00
 0.00000000E+00
 0.00000000E+00
 0.00000000E+00
 0.00000000E+00
 0.00000000E+00
 0.00000000E+00
 0.00000000E+00
 0.00000000E+00
 0.00000000E+00
 0.00000000E+00
 0.00000000E+00
 0.00000000E+00
 0.00000000E+00
 0.00000000E+00
 0.00000000E+00
 0.00000000E+00
 0.00000000E+00
 0.00000000E+00
 0.00000000E+00
 0.00000000E+00
 0.00000000E+00
 0.00000000E+00
 0.00000000E+00
 0.00000000E+00
 0.00000000E+00
 0.00000000E+00
 0.00000000E+00
 0.00000000E+00
 0.00000000E+00
 0.00000000E+00
 0.00000000E+00
 0.00000000E+00
 0.00000000E+00
 5.00112105E-01
 3.08538301E-01
 9.29806063E-02
 1.33086884E-01
 1.19737209E-01
 2.15147820E-02
 2.86261811E-05
 2.86261860E-05
 1.40366446E-01
 2.25942764E-02
 2.86261988E-05
 2.86262028E-05
 2.86262068E-05
 2.86260845E-05
 2.86260956E-05
 2.86261087E-05
 2.86261206E-05
 2.86261303E-05
 2.86261422E-05
 2.86261542E-05
 2.86261671E-05
 2.86261759E-05
 2.74746342E-02
 2.86261784E-05
 2.86261812E-05
 2.86261832E-05
 2.86261835E-05
 2.86261854E-05
 2.86261868E-05
 2.86261880E-05
 2.86261893E-05
 2.86261936E-05
 2.86261942E-05
 2.86261966E-05
 2.86261970E-05
 2.86261990E-05
 2.86262016E-05
 2.86262055E-05
 2.86262112E-05
 2.86262167E-05
 2.86262227E-05
 2.86262287E-05
 2.86262344E-05
 2.86262405E-05
 2.86262460E-05
 2.86262508E-05
 2.86262579E-05
 2.86261428E-05
 2.86261458E-05
 2.86261468E-05
 2.86261508E-05
 2.86261542E-05
 2.86261566E-05
 2.86261593E-05
 2.86261595E-05
 2.86261607E-05
 2.86261599E-05
 2.86261609E-05
 2.86261618E-05
 2.86261619E-05
 2.86261614E-05
 2.86261617E-05
 2.86261629E-05
 2.86261630E-05
 2.86261649E-05
 2.86261649E-05
 2.86261652E-05
 2.86261672E-05
 2.86261668E-05
 2.86261676E-05
 2.86261674E-05
 2.86261680E-05
 2.86261688E-05
 2.86261703E-05
 2.86261700E-05
 2.86261712E-05
 2.86261722E-05
 2.86261726E-05
 2.86261720E-05
 2.86261728E-05
 2.86261752E-05
 2.86261748E-05
 2.86261762E-05
 2.86261758E-05
 2.86261776E-05
 2.86261795E-05
 2.86261825E-05
 2.86261847E-05
 2.86261874E-05
 2.86261884E-05
 2.86261914E-05
 2.86261942E-05
 2.86261950E-05
 2.86261984E-05
 2.86262011E-05
 2.86262030E-05
 2.86262051E-05
 2.86262073E-05
 2.86262095E-05
 2.86262114E-05
 2.86262144E-05
 2.86262167E-05
 2.86262198E-05
 2.86262215E-05
 2.86262235E-05
 2.86262256E-05
 2.86262287E-05
 2.86262315E-05
 2.86262324E-05
 2.86262351E-05
 2.86262381E-05
 2.86262398E-05
 2.86262430E-05
 2.86262445E-05
 2.86262484E-05
 2.86262501E-05
 2.86262524E-05
 2.86262550E-05
 2.86262575E-05
 2.86262600E-05
 2.86262622E-05
 2.86262651E-05
 2.86262672E-05
 2.86262701E-05
 2.86262726E-05
 2.86262756E-05
 2.86262781E-05
 2.86262801E-05
 2.86262830E-05
 2.86262850E-05
 2.86262872E-05
 2.86262909E-05
 2.86262933E-05
 2.86262962E-05
 2.86262976E-05
 2.86263008E-05
 2.86263031E-05
 2.86263067E-05
 2.86263091E-05
 2.86263111E-05
 2.86261951E-05
 2.86261960E-05
 2.86261965E-05
 2.86261983E-05
 2.86262004E-05
 2.86262016E-05
 2.86262031E-05
 2.86262048E-05
 2.86262066E-05
 2.86262084E-05
 2.86262092E-05
 2.86262110E-05
 2.86262118E-05
 2.86262135E-05
 2.86262152E-05
 2.86262168E-05
 2.86262182E-05
 2.86262192E-05
 2.86262212E-05
 2.86262230E-05
 2.86262243E-05
 2.86262253E-05
 2.86262271E-05
 2.86262296E-05
 2.86262306E-05
 2.86262323E-05
 2.86262343E-05
 2.86262351E-05
 2.86262362E-05
 2.86262383E-05
 2.86262396E-05
 2.86262415E-05
 2.86262429E-05
 2.86262450E-05
 2.86262462E-05
 2.86262484E-05
 2.86262498E-05
 2.86262510E-05
 2.86262526E-05
 2.86262548E-05
 2.86262558E-05
 2.86262581E-05
 2.86262594E-05
 2.86262614E-05
 2.86262622E-05
 2.86262639E-05
 2.86262664E-05
 2.86262681E-05
 2.86262689E-05
 2.86262707E-05
 2.86262729E-05
 2.86262747E-05
 2.86262760E-05
 2.86262782E-05
 2.86262791E-05
 2.86262812E-05
 2.86262829E-05
 2.86262849E-05
 2.86262868E-05
 2.86262880E-05
 2.86262904E-05
 2.86262918E-05
 2.86262935E-05
 2.86262956E-05
 2.86261022E-05
 2.86260808E-05
 2.86260661E-05
 2.86260561E-05
 2.86261777E-05
 2.86261760E-05
 2.86261746E-05
 2.86261736E-05
 2.86261724E-05
 2.86261716E-05
 2.86261702E-05
 2.86261695E-05
 2.86261688E-05
 2.86261686E-05
 2.86261681E-05
 2.86261670E-05
 2.86261667E-05
 2.86261664E-05
 2.86261660E-05
 2.86261657E-05
 2.86261660E-05
 2.86261655E-05
 2.86261651E-05
 2.86261651E-05
 2.86261647E-05
 2.86261652E-05
 2.86261650E-05
 2.86261645E-05
 2.86261647E-05
 2.86261648E-05
 2.86261650E-05
 2.86261646E-05
 2.86261651E-05
 2.86261650E-05
 2.86261650E-05
 2.86261651E-05
 2.86261653E-05
 2.86261654E-05
 2.86261655E-05
 2.86261660E-05
 2.86261661E-05
 2.86261663E-05
 2.86261663E-05
 2.86261670E-05
 2.86261670E-05
 2.86261671E-05
 2.86261678E-05
 2.86261680E-05
 2.86261680E-05
 2.86261685E-05
 2.86261688E-05
 2.86261694E-05
 2.86261695E-05
 2.86261700E-05
 2.86261704E-05
 2.86261707E-05
 2.86261712E-05
 2.86261717E-05
 2.86261722E-05
 2.86261724E-05
 2.86261730E-05
 2.86261736E-05
 2.86261741E-05
 2.86261746E-05
 2.86261752E-05
 2.86261756E-05
 2.86261761E-05
 2.86261768E-05
 2.86261768E-05
 2.86261764E-05
 2.86261759E-05
 2.86261755E-05
 2.86261750E-05
 2.86261746E-05
 2.86261743E-05
 2.86261740E-05
 2.86261736E-05
 2.86261733E-05
 2.86261731E-05
 2.86261729E-05
 2.86261726E-05
 2.86261724E-05
 2.86261723E-05
 2.86261722E-05
 2.86261721E-05
 2.86261721E-05
 2.86261720E-05
 2.86261721E-05
 2.86261721E-05
 2.86261723E-05
 2.86261725E-05
 2.86261727E-05
 2.86261730E-05
 2.86261734E-05
 2.86261738E-05
 2.86261743E-05
 2.86261749E-05
 2.86261756E-05
 2.86261764E-05
 2.86261803E-05
 2.86261914E-05
 2.86262026E-05
 2.86262139E-05
 2.86261083E-05
 2.86261268E-05
 2.86261462E-05
 2.86261665E-05
 2.86261761E-05
 2.86261744E-05
 2.86261742E-05
 2.86261757E-05
 3.22625249E-04
 9.38518243E-04
 2.17562791E-03
 4.77521323E-04
 8.70099245E-05
 1.52525870E-04
 1.88883323E-04
 1.96094667E-04
 1.95308638E-04
 1.72982263E-04
 1.21808366E-04
 4.17816731E-05
 5.97584661E-05
 7.66084002E-05
 6.61251934E-05
 2.82960161E-05
 8.40283566E-02
 1.76899738E-01
 4.17381754E-01
 0.00000000E+00
 0.00000000E+00
 0.00000000E+00
 0.00000000E+00
 0.00000000E+00
 0.00000000E+00
 0.00000000E+00
 0.00000000E+00
 0.00000000E+00
 0.00000000E+00
 0.00000000E+00
 0.00000000E+00
 0.00000000E+00
 0.00000000E+00
 0.00000000E+00
 0.00000000E+00
 0.00000000E+00
 0.00000000E+00
 0.00000000E+00
 0.00000000E+00
 0.00000000E+00
 0.00000000E+00
 0.00000000E+00
 0.00000000E+00
 0.00000000E+00
 0.00000000E+00
 0.00000000E+00
 0.00000000E+00
 0.00000000E+00
 0.00000000E+00
 0.00000000E+00
 0.00000000E+00
 0.00000000E+00
 0.00000000E+00
 0.00000000E+00
 0.00000000E+00
 0.00000000E+00
 0.00000000E+00
 0.00000000E+00
 0.00000000E+00
 0.00000000E+00
 0.00000000E+00
 0.00000000E+00
 0.00000000E+00
 0.00000000E+00
 0.00000000E+00
 0.00000000E+00
 0.00000000E+00
 0.00000000E+00
 0.00000000E+00
 0.00000000E+00
 0.00000000E+00
 0.00000000E+00
 0.00000000E+00
 0.00000000E+00
 0.00000000E+00
 0.00000000E+00
 0.00000000E+00
 0.00000000E+00
 0.00000000E+00
 0.00000000E+00
 0.00000000E+00
 0.00000000E+00
 0.00000000E+00
 0.00000000E+00
 0.00000000E+00
 0.00000000E+00
 0.00000000E+00
 0.00000000E+00
 0.00000000E+00
 0.00000000E+00
 0.00000000E+00
 0.00000000E+00
 0.00000000E+00
 0.00000000E+00
 0.00000000E+00
 0.00000000E+00
 0.00000000E+00
 0.00000000E+00
 0.00000000E+00
 0.00000000E+00
 0.00000000E+00
 0.00000000E+00
 0.00000000E+00
 0.00000000E+00
 0.00000000E+00
 0.00000000E+00
 0.00000000E+00
 0.00000000E+00
 0.00000000E+00
 0.00000000E+00
 0.00000000E+00
 0.00000000E+00
 0.00000000E+00
 0.00000000E+00
 0.00000000E+00
 0.00000000E+00
 0.00000000E+00
 0.00000000E+00
 0.00000000E+00
 0.00000000E+00
 0.00000000E+00
 0.00000000E+00
 0.00000000E+00
 0.00000000E+00
 0.00000000E+00
 0.00000000E+00
 0.00000000E+00
 0.00000000E+00
 0.00000000E+00
 0.00000000E+00
 0.00000000E+00
 0.00000000E+00
 0.00000000E+00
 0.00000000E+00
 0.00000000E+00
 0.00000000E+00
 0.00000000E+00
 0.00000000E+00
 0.00000000E+00
 0.00000000E+00
 0.00000000E+00
 0.00000000E+00
 0.00000000E+00
 0.00000000E+00
 0.00000000E+00
 0.00000000E+00
 0.00000000E+00
 0.00000000E+00
 0.00000000E+00
 0.00000000E+00
 0.00000000E+00
 0.00000000E+00
 0.00000000E+00
 0.00000000E+00
 0.00000000E+00
 0.00000000E+00
 0.00000000E+00
 0.00000000E+00
 0.00000000E+00
 0.00000000E+00
 0.00000000E+00
 0.00000000E+00
 0.00000000E+00
 0.00000000E+00
 0.00000000E+00
 0.00000000E+00
 0.00000000E+00
 0.00000000E+00
 0.00000000E+00
 0.00000000E+00
 0.00000000E+00
 0.00000000E+00
 0.00000000E+00
 0.00000000E+00
 0.00000000E+00
 0.00000000E+00
 0.00000000E+00
 0.00000000E+00
 0.00000000E+00
 0.00000000E+00
 0.00000000E+00
 0.00000000E+00
 0.00000000E+00
 0.00000000E+00
 0.00000000E+00
 5.21656279E-01
 3.38338925E-01
 1.16757801E-01
 1.21590592E-01
 1.14580345E-01
 2.05911094E-02
 3.09641269E-05
 3.09641292E-05
 1.43848210E-01
 2.31533577E-02
 3.09641432E-05
 3.09641456E-05
 3.09641503E-05
 3.09640303E-05
 3.09640394E-05
 3.09640509E-05
 3.09640642E-05
 3.09640750E-05
 3.09640864E-05
 3.09640987E-05
 3.09641104E-05
 3.09641218E-05
 2.81580836E-02
 3.09641230E-05
 3.09641244E-05
 3.09641261E-05
 3.09641282E-05
 3.09641289E-05
 3.09641325E-05
 3.09641335E-05
 3.09641356E-05
 3.09641379E-05
 3.09641380E-05
 3.09641389E-05
 3.09641427E-05
 3.09641435E-05
 3.09641457E-05
 3.09641493E-05
 3.09641554E-05
 3.09641615E-05
 3.09641679E-05
 3.09641720E-05
 3.09641784E-05
 3.09641843E-05
 3.09641917E-05
 3.09641954E-05
 3.09642027E-05
 3.09640857E-05
 3.09640892E-05
 3.09640923E-05
 3.09640963E-05
 3.09640992E-05
 3.09641027E-05
 3.09641025E-05
 3.09641044E-05
 3.09641041E-05
 3.09641036E-05
 3.09641050E-05
 3.09641057E-05
 3.09641059E-05
 3.09641066E-05
 3.09641066E-05
 3.09641084E-05
 3.09641095E-05
 3.09641101E-05
 3.09641089E-05
 3.09641096E-05
 3.09641111E-05
 3.09641107E-05
 3.09641124E-05
 3.09641116E-05
 3.09641129E-05
 3.09641145E-05
 3.09641145E-05
 3.09641143E-05
 3.09641153E-05
 3.09641161E-05
 3.09641158E-05
 3.09641178E-05
 3.09641191E-05
 3.09641189E-05
 3.09641189E-05
 3.09641200E-05
 3.09641212E-05
 3.09641212E-05
 3.09641255E-05
 3.09641262E-05
 3.09641287E-05
 3.09641316E-05
 3.09641328E-05
 3.09641353E-05
 3.09641377E-05
 3.09641398E-05
 3.09641437E-05
 3.09641440E-05
 3.09641472E-05
 3.09641492E-05
 3.09641513E-05
 3.09641545E-05
 3.09641558E-05
 3.09641595E-05
 3.09641605E-05
 3.09641637E-05
 3.09641667E-05
 3.09641684E-05
 3.09641712E-05
 3.09641736E-05
 3.09641764E-05
 3.09641773E-05
 3.09641799E-05
 3.09641828E-05
 3.09641853E-05
 3.09641874E-05
 3.09641907E-05
 3.09641930E-05
 3.09641948E-05
 3.09641979E-05
 3.09642011E-05
 3.09642029E-05
 3.09642053E-05
 3.09642078E-05
 3.09642102E-05
 3.09642134E-05
 3.09642152E-05
 3.09642184E-05
 3.09642198E-05
 3.09642234E-05
 3.09642251E-05
 3.09642283E-05
 3.09642309E-05
 3.09642330E-05
 3.09642365E-05
 3.09642382E-05
 3.09642419E-05
 3.09642437E-05
 3.09642469E-05
 3.09642490E-05
 3.09642522E-05
 3.09642550E-05
 3.09642575E-05
 3.09641388E-05
 3.09641409E-05
 3.09641424E-05
 3.09641439E-05
 3.09641447E-05
 3.09641468E-05
 3.09641479E-05
 3.09641491E-05
 3.09641514E-05
 3.09641525E-05
 3.09641539E-05
 3.09641561E-05
 3.09641572E-05
 3.09641591E-05
 3.09641598E-05
 3.09641614E-05
 3.09641628E-05
 3.09641649E-05
 3.09641667E-05
 3.09641672E-05
 3.09641693E-05
 3.09641712E-05
 3.09641725E-05
 3.09641744E-05
 3.09641760E-05
 3.09641769E-05
 3.09641784E-05
 3.09641806E-05
 3.09641821E-05
 3.09641840E-05
 3.09641855E-05
 3.09641863E-05
 3.09641887E-05
 3.09641905E-05
 3.09641917E-05
 3.09641933E-05
 3.09641947E-05
 3.09641963E-05
 3.09641974E-05
 3.09642000E-05
 3.09642012E-05
 3.09642030E-05
 3.09642045E-05
 3.09642057E-05
 3.09642076E-05
 3.09642092E-05
 3.09642108E-05
 3.09642133E-05
 3.09642148E-05
 3.09642165E-05
 3.09642184E-05
 3.09642197E-05
 3.09642216E-05
 3.09642232E-05
 3.09642247E-05
 3.09642271E-05
 3.09642288E-05
 3.09642302E-05
 3.09642315E-05
 3.09642336E-05
 3.09642352E-05
 3.09642375E-05
 3.09642392E-05
 3.09642413E-05
 3.09640493E-05
 3.09640265E-05
 3.09640111E-05
 3.09640006E-05
 3.09641218E-05
 3.09641207E-05
 3.09641190E-05
 3.09641180E-05
 3.09641165E-05
 3.09641159E-05
 3.09641147E-05
 3.09641138E-05
 3.09641135E-05
 3.09641125E-05
 3.09641125E-05
 3.09641118E-05
 3.09641115E-05
 3.09641111E-05
 3.09641105E-05
 3.09641102E-05
 3.09641103E-05
 3.09641100E-05
 3.09641100E-05
 3.09641096E-05
 3.09641095E-05
 3.09641097E-05
 3.09641090E-05
 3.09641093E-05
 3.09641095E-05
 3.09641095E-05
 3.09641095E-05
 3.09641091E-05
 3.09641092E-05
 3.09641095E-05
 3.09641094E-05
 3.09641100E-05
 3.09641099E-05
 3.09641098E-05
 3.09641100E-05
 3.09641102E-05
 3.09641108E-05
 3.09641108E-05
 3.09641109E-05
 3.09641115E-05
 3.09641115E-05
 3.09641120E-05
 3.09641121E-05
 3.09641126E-05
 3.09641126E-05
 3.09641131E-05
 3.09641135E-05
 3.09641140E-05
 3.09641140E-05
 3.09641144E-05
 3.09641149E-05
 3.09641155E-05
 3.09641158E-05
 3.09641163E-05
 3.09641168E-05
 3.09641173E-05
 3.09641177E-05
 3.09641183E-05
 3.09641188E-05
 3.09641193E-05
 3.09641198E-05
 3.09641203E-05
 3.09641211E-05
 3.09641215E-05
 3.09641215E-05
 3.09641210E-05
 3.09641206E-05
 3.09641202E-05
 3.09641198E-05
 3.09641193E-05
 3.09641190E-05
 3.09641187E-05
 3.09641184E-05
 3.09641180E-05
 3.09641178E-05
 3.09641176E-05
 3.09641174E-05
 3.09641172E-05
 3.09641170E-05
 3.09641169E-05
 3.09641168E-05
 3.09641167E-05
 3.09641167E-05
 3.09641168E-05
 3.09641168E-05
 3.09641170E-05
 3.09641171E-05
 3.09641174E-05
 3.09641177E-05
 3.09641181E-05
 3.09641185E-05
 3.09641190E-05
 3.09641196E-05
 3.09641203E-05
 3.09641210E-05
 3.09641251E-05
 3.09641362E-05
 3.09641474E-05
 3.09641589E-05
 3.09640526E-05
 3.09640712E-05
 3.09640907E-05
 3.09641112E-05
 3.09641210E-05
 3.09641191E-05
 3.09641188E-05
 3.09641206E-05
 3.05149066E-04
 8.94498300E-04
 2.12048058E-03
 4.59531364E-04
 8.91622038E-05
 1.54416347E-04
 1.90464806E-04
 1.97320202E-04
 1.96655919E-04
 1.74593281E-04
 1.23644120E-04
 4.38033936E-05
 6.18344993E-05
 7.86805047E-05
 6.81545836E-05
 3.02440813E-05
 8.04036448E-02
 1.69273534E-01
 4.09354071E-01
 0.00000000E+00
 0.00000000E+00
 0.00000000E+00
 0.00000000E+00
 0.00000000E+00
 0.00000000E+00
 0.00000000E+00
 0.00000000E+00
 0.00000000E+00
 0.00000000E+00
 0.00000000E+00
 0.00000000E+00
 0.00000000E+00
 0.00000000E+00
 0.00000000E+00
 0.00000000E+00
 0.00000000E+00
 0.00000000E+00
 0.00000000E+00
 0.00000000E+00
 0.00000000E+00
 0.00000000E+00
 0.00000000E+00
 0.00000000E+00
 0.00000000E+00
 0.00000000E+00
 0.00000000E+00
 0.00000000E+00
 0.00000000E+00
 0.00000000E+00
 0.00000000E+00
 0.00000000E+00
 0.00000000E+00
 0.00000000E+00
 0.00000000E+00
 0.00000000E+00
 0.00000000E+00
 0.00000000E+00
 0.00000000E+00
 0.00000000E+00
 0.00000000E+00
 0.00000000E+00
 0.00000000E+00
 0.00000000E+00
 0.00000000E+00
 0.00000000E+00
 0.00000000E+00
 0.00000000E+00
 0.00000000E+00
 0.00000000E+00
 0.00000000E+00
 0.00000000E+00
 0.00000000E+00
 0.00000000E+00
 0.00000000E+00
 0.00000000E+00
 0.00000000E+00
 0.00000000E+00
 0.00000000E+00
 0.00000000E+00
 0.00000000E+00
 0.00000000E+00
 0.00000000E+00
 0.00000000E+00
 0.00000000E+00
 0.00000000E+00
 0.00000000E+00
 0.00000000E+00
 0.00000000E+00
 0.00000000E+00
 0.00000000E+00
 0.00000000E+00
 0.00000000E+00
 0.00000000E+00
 0.00000000E+00
 0.00000000E+00
 0.00000000E+00
 0.00000000E+00
 0.00000000E+00
 0.00000000E+00
 0.00000000E+00
 0.00000000E+00
 0.00000000E+00
 0.00000000E+00
 0.00000000E+00
 0.00000000E+00
 0.00000000E+00
 0.00000000E+00
 0.00000000E+00
 0.00000000E+00
 0.00000000E+00
 0.00000000E+00
 0.00000000E+00
 0.00000000E+00
 0.00000000E+00
 0.00000000E+00
 0.00000000E+00
 0.00000000E+00
 0.00000000E+00
 0.00000000E+00
 0.00000000E+00
 0.00000000E+00
 0.00000000E+00
 0.00000000E+00
 0.00000000E+00
 0.00000000E+00
 0.00000000E+00
 0.00000000E+00
 0.00000000E+00
 0.00000000E+00
 0.00000000E+00
 0.00000000E+00
 0.00000000E+00
 0.00000000E+00
 0.00000000E+00
 0.00000000E+00
 0.00000000E+00
 0.00000000E+00
 0.00000000E+00
 0.00000000E+00
 0.00000000E+00
 0.00000000E+00
 0.00000000E+00
 0.00000000E+00
 0.00000000E+00
 0.00000000E+00
 0.00000000E+00
 0.00000000E+00
 0.00000000E+00
 0.00000000E+00
 0.00000000E+00
 0.00000000E+00
 0.00000000E+00
 0.00000000E+00
 0.00000000E+00
 0.00000000E+00
 0.00000000E+00
 0.00000000E+00
 0.00000000E+00
 0.00000000E+00
 0.00000000E+00
 0.00000000E+00
 0.00000000E+00
 0.00000000E+00
 0.00000000E+00
 0.00000000E+00
 0.00000000E+00
 0.00000000E+00
 0.00000000E+00
 0.00000000E+00
 0.00000000E+00
 0.00000000E+00
 0.00000000E+00
 0.00000000E+00
 0.00000000E+00
 0.00000000E+00
 0.00000000E+00
 0.00000000E+00
 0.00000000E+00
 0.00000000E+00
 0.00000000E+00
 0.00000000E+00
 0.00000000E+00
 0.00000000E+00
 0.00000000E+00
 0.00000000E+00
 5.43165980E-01
 3.68091865E-01
 1.40497063E-01
 1.10112423E-01
 1.09431419E-01
 1.96686011E-02
 3.29846888E-05
 3.29846914E-05
 1.47324647E-01
 2.37118469E-02
 3.29847027E-05
 3.29847087E-05
 3.29847128E-05
 3.29845908E-05
 3.29846018E-05
 3.29846135E-05
 3.29846246E-05
 3.29846371E-05
 3.29846477E-05
 3.29846622E-05
 3.29846735E-05
 3.29846843E-05
 2.88401122E-02
 3.29846857E-05
 3.29846884E-05
 3.29846885E-05
 3.29846901E-05
 3.29846928E-05
 3.29846951E-05
 3.29846958E-05
 3.29846971E-05
 3.29847005E-05
 3.29847010E-05
 3.29847016E-05
 3.29847037E-05
 3.29847051E-05
 3.29847085E-05
 3.29847115E-05
 3.29847176E-05
 3.29847235E-05
 3.29847286E-05
 3.29847349E-05
 3.29847409E-05
 3.29847480E-05
 3.29847534E-05
 3.29847603E-05
 3.29847666E-05
 3.29846495E-05
 3.29846524E-05
 3.29846565E-05
 3.29846577E-05
 3.29846633E-05
 3.29846653E-05
 3.29846659E-05
 3.29846656E-05
 3.29846670E-05
 3.29846683E-05
 3.29846671E-05
 3.29846691E-05
 3.29846697E-05
 3.29846695E-05
 3.29846716E-05
 3.29846721E-05
 3.29846711E-05
 3.29846718E-05
 3.29846737E-05
 3.29846736E-05
 3.29846747E-05
 3.29846743E-05
 3.29846750E-05
 3.29846746E-05
 3.29846758E-05
 3.29846772E-05
 3.29846767E-05
 3.29846777E-05
 3.29846780E-05
 3.29846790E-05
 3.29846795E-05
 3.29846800E-05
 3.29846810E-05
 3.29846821E-05
 3.29846831E-05
 3.29846824E-05
 3.29846839E-05
 3.29846843E-05
 3.29846876E-05
 3.29846899E-05
 3.29846919E-05
 3.29846943E-05
 3.29846964E-05
 3.29846982E-05
 3.29847011E-05
 3.29847030E-05
 3.29847057E-05
 3.29847084E-05
 3.29847100E-05
 3.29847128E-05
 3.29847139E-05
 3.29847175E-05
 3.29847187E-05
 3.29847222E-05
 3.29847242E-05
 3.29847268E-05
 3.29847291E-05
 3.29847309E-05
 3.29847338E-05
 3.29847362E-05
 3.29847390E-05
 3.29847405E-05
 3.29847438E-05
 3.29847452E-05
 3.29847494E-05
 3.29847516E-05
 3.29847544E-05
 3.29847561E-05
 3.29847582E-05
 3.29847617E-05
 3.29847636E-05
 3.29847664E-05
 3.29847687E-05
 3.29847714E-05
 3.29847744E-05
 3.29847762E-05
 3.29847791E-05
 3.29847807E-05
 3.29847842E-05
 3.29847855E-05
 3.29847889E-05
 3.29847921E-05
 3.29847940E-05
 3.29847972E-05
 3.29847997E-05
 3.29848028E-05
 3.29848040E-05
 3.29848066E-05
 3.29848105E-05
 3.29848131E-05
 3.29848152E-05
 3.29848179E-05
 3.29846997E-05
 3.29847021E-05
 3.29847035E-05
 3.29847050E-05
 3.29847058E-05
 3.29847078E-05
 3.29847089E-05
 3.29847111E-05
 3.29847122E-05
 3.29847144E-05
 3.29847154E-05
 3.29847176E-05
 3.29847182E-05
 3.29847198E-05
 3.29847212E-05
 3.29847235E-05
 3.29847246E-05
 3.29847263E-05
 3.29847276E-05
 3.29847297E-05
 3.29847313E-05
 3.29847325E-05
 3.29847342E-05
 3.29847356E-05
 3.29847375E-05
 3.29847388E-05
 3.29847404E-05
 3.29847416E-05
 3.29847431E-05
 3.29847453E-05
 3.29847467E-05
 3.29847485E-05
 3.29847495E-05
 3.29847513E-05
 3.29847531E-05
 3.29847544E-05
 3.29847563E-05
 3.29847573E-05
 3.29847600E-05
 3.29847609E-05
 3.29847632E-05
 3.29847641E-05
 3.29847665E-05
 3.29847676E-05
 3.29847692E-05
 3.29847714E-05
 3.29847725E-05
 3.29847742E-05
 3.29847767E-05
 3.29847784E-05
 3.29847791E-05
 3.29847811E-05
 3.29847834E-05
 3.29847851E-05
 3.29847864E-05
 3.29847885E-05
 3.29847898E-05
 3.29847922E-05
 3.29847931E-05
 3.29847957E-05
 3.29847972E-05
 3.29847992E-05
 3.29848010E-05
 3.29848027E-05
 3.29848043E-05
 3.29846150E-05
 3.29845899E-05
 3.29845747E-05
 3.29845633E-05
 3.29846846E-05
 3.29846832E-05
 3.29846821E-05
 3.29846806E-05
 3.29846793E-05
 3.29846784E-05
 3.29846777E-05
 3.29846770E-05
 3.29846758E-05
 3.29846758E-05
 3.29846751E-05
 3.29846741E-05
 3.29846739E-05
 3.29846732E-05
 3.29846730E-05
 3.29846731E-05
 3.29846725E-05
 3.29846724E-05
 3.29846726E-05
 3.29846720E-05
 3.29846717E-05
 3.29846716E-05
 3.29846721E-05
 3.29846720E-05
 3.29846716E-05
 3.29846715E-05
 3.29846718E-05
 3.29846721E-05
 3.29846720E-05
 3.29846721E-05
 3.29846722E-05
 3.29846723E-05
 3.29846726E-05
 3.29846726E-05
 3.29846730E-05
 3.29846732E-05
 3.29846733E-05
 3.29846734E-05
 3.29846737E-05
 3.29846738E-05
 3.29846744E-05
 3.29846744E-05
 3.29846748E-05
 3.29846752E-05
 3.29846754E-05
 3.29846757E-05
 3.29846762E-05
 3.29846764E-05
 3.29846769E-05
 3.29846773E-05
 3.29846778E-05
 3.29846780E-05
 3.29846786E-05
 3.29846789E-05
 3.29846793E-05
 3.29846799E-05
 3.29846804E-05
 3.29846810E-05
 3.29846814E-05
 3.29846819E-05
 3.29846825E-05
 3.29846831E-05
 3.29846838E-05
 3.29846844E-05
 3.29846843E-05
 3.29846838E-05
 3.29846833E-05
 3.29846830E-05
 3.29846825E-05
 3.29846822E-05
 3.29846818E-05
 3.29846814E-05
 3.29846811E-05
 3.29846808E-05
 3.29846805E-05
 3.29846803E-05
 3.29846800E-05
 3.29846799E-05
 3.29846797E-05
 3.29846796E-05
 3.29846795E-05
 3.29846795E-05
 3.29846795E-05
 3.29846795E-05
 3.29846796E-05
 3.29846797E-05
 3.29846799E-05
 3.29846801E-05
 3.29846804E-05
 3.29846808E-05
 3.29846812E-05
 3.29846817E-05
 3.29846823E-05
 3.29846830E-05
 3.29846838E-05
 3.29846879E-05
 3.29846991E-05
 3.29847104E-05
 3.29847220E-05
 3.29846148E-05
 3.29846335E-05
 3.29846533E-05
 3.29846739E-05
 3.29846837E-05
 3.29846819E-05
 3.29846816E-05
 3.29846833E-05
 2.88014487E-04
 8.50862433E-04
 2.06573483E-03
 4.41881095E-04
 9.10052737E-05
 1.56002512E-04
 1.91746868E-04
 1.98251201E-04
 1.97712687E-04
 1.75917500E-04
 1.25196781E-04
 4.55457204E-05
 6.36349479E-05
 8.04808535E-05
 6.99160440E-05
 3.19280405E-05
 7.67849735E-02
 1.61659728E-01
 4.01339340E-01
 0.00000000E+00
 0.00000000E+00
 0.00000000E+00
 0.00000000E+00
 0.00000000E+00
 0.00000000E+00
 0.00000000E+00
 0.00000000E+00
 0.00000000E+00
 0.00000000E+00
 0.00000000E+00
 0.00000000E+00
 0.00000000E+00
 0.00000000E+00
 0.00000000E+00
 0.00000000E+00
 0.00000000E+00
 0.00000000E+00
 0.00000000E+00
 0.00000000E+00
 0.00000000E+00
 0.00000000E+00
 0.00000000E+00
 0.00000000E+00
 0.00000000E+00
 0.00000000E+00
 0.00000000E+00
 0.00000000E+00
 0.00000000E+00
 0.00000000E+00
 0.00000000E+00
 0.00000000E+00
 0.00000000E+00
 0.00000000E+00
 0.00000000E+00
 0.00000000E+00
 0.00000000E+00
 0.00000000E+00
 0.00000000E+00
 0.00000000E+00
 0.00000000E+00
 0.00000000E+00
 0.00000000E+00
 0.00000000E+00
 0.00000000E+00
 0.00000000E+00
 0.00000000E+00
 0.00000000E+00
 0.00000000E+00
 0.00000000E+00
 0.00000000E+00
 0.00000000E+00
 0.00000000E+00
 0.00000000E+00
 0.00000000E+00
 0.00000000E+00
 0.00000000E+00
 0.00000000E+00
 0.00000000E+00
 0.00000000E+00
 0.00000000E+00
 0.00000000E+00
 0.00000000E+00
 0.00000000E+00
 0.00000000E+00
 0.00000000E+00
 0.00000000E+00
 0.00000000E+00
 0.00000000E+00
 0.00000000E+00
 0.00000000E+00
 0.00000000E+00
 0.00000000E+00
 0.00000000E+00
 0.00000000E+00
 0.00000000E+00
 0.00000000E+00
 0.00000000E+00
 0.00000000E+00
 0.00000000E+00
 0.00000000E+00
 0.00000000E+00
 0.00000000E+00
 0.00000000E+00
 0.00000000E+00
 0.00000000E+00
 0.00000000E+00
 0.00000000E+00
 0.00000000E+00
 0.00000000E+00
 0.00000000E+00
 0.00000000E+00
 0.00000000E+00
 0.00000000E+00
 0.00000000E+00
 0.00000000E+00
 0.00000000E+00
 0.00000000E+00
 0.00000000E+00
 0.00000000E+00
 0.00000000E+00
 0.00000000E+00
 0.00000000E+00
 0.00000000E+00
 0.00000000E+00
 0.00000000E+00
 0.00000000E+00
 0.00000000E+00
 0.00000000E+00
 0.00000000E+00
 0.00000000E+00
 0.00000000E+00
 0.00000000E+00
 0.00000000E+00
 0.00000000E+00
 0.00000000E+00
 0.00000000E+00
 0.00000000E+00
 0.00000000E+00
 0.00000000E+00
 0.00000000E+00
 0.00000000E+00
 0.00000000E+00
 0.00000000E+00
 0.00000000E+00
 0.00000000E+00
 0.00000000E+00
 0.00000000E+00
 0.00000000E+00
 0.00000000E+00
 0.00000000E+00
 0.00000000E+00
 0.00000000E+00
 0.00000000E+00
 0.00000000E+00
 0.00000000E+00
 0.00000000E+00
 0.00000000E+00
 0.00000000E+00
 0.00000000E+00
 0.00000000E+00
 0.00000000E+00
 0.00000000E+00
 0.00000000E+00
 0.00000000E+00
 0.00000000E+00
 0.00000000E+00
 0.00000000E+00
 0.00000000E+00
 0.00000000E+00
 0.00000000E+00
 0.00000000E+00
 0.00000000E+00
 0.00000000E+00
 0.00000000E+00
 0.00000000E+00
 0.00000000E+00
 0.00000000E+00
 0.00000000E+00
 0.00000000E+00
 0.00000000E+00
 0.00000000E+00
 0.00000000E+00
 0.00000000E+00
 0.00000000E+00
 0.00000000E+00
 5.64641273E-01
 3.97797210E-01
 1.64198460E-01
 9.86523438E-02
 1.04290416E-01
 1.87472548E-02
 3.46883758E-05
 3.46883811E-05
 1.50795767E-01
 2.42697452E-02
 3.46883901E-05
 3.46883950E-05
 3.46884000E-05
 3.46882757E-05
 3.46882888E-05
 3.46883000E-05
 3.46883122E-05
 3.46883248E-05
 3.46883375E-05
 3.46883488E-05
 3.46883609E-05
 3.46883713E-05
 2.95207225E-02
 3.46883746E-05
 3.46883752E-05
 3.46883771E-05
 3.46883797E-05
 3.46883797E-05
 3.46883812E-05
 3.46883832E-05
 3.46883851E-05
 3.46883858E-05
 3.46883869E-05
 3.46883900E-05
 3.46883918E-05
 3.46883939E-05
 3.46883940E-05
 3.46883986E-05
 3.46884052E-05
 3.46884098E-05
 3.46884171E-05
 3.46884216E-05
 3.46884281E-05
 3.46884346E-05
 3.46884408E-05
 3.46884478E-05
 3.46883332E-05
 3.46883363E-05
 3.46883399E-05
 3.46883425E-05
 3.46883463E-05
 3.46883501E-05
 3.46883520E-05
 3.46883541E-05
 3.46883548E-05
 3.46883539E-05
 3.46883561E-05
 3.46883554E-05
 3.46883560E-05
 3.46883569E-05
 3.46883585E-05
 3.46883586E-05
 3.46883586E-05
 3.46883587E-05
 3.46883587E-05
 3.46883595E-05
 3.46883600E-05
 3.46883612E-05
 3.46883614E-05
 3.46883631E-05
 3.46883623E-05
 3.46883631E-05
 3.46883636E-05
 3.46883656E-05
 3.46883652E-05
 3.46883658E-05
 3.46883670E-05
 3.46883671E-05
 3.46883673E-05
 3.46883677E-05
 3.46883678E-05
 3.46883692E-05
 3.46883703E-05
 3.46883706E-05
 3.46883720E-05
 3.46883750E-05
 3.46883767E-05
 3.46883798E-05
 3.46883810E-05
 3.46883834E-05
 3.46883870E-05
 3.46883879E-05
 3.46883914E-05
 3.46883932E-05
 3.46883952E-05
 3.46883985E-05
 3.46884001E-05
 3.46884025E-05
 3.46884042E-05
 3.46884065E-05
 3.46884092E-05
 3.46884121E-05
 3.46884147E-05
 3.46884168E-05
 3.46884188E-05
 3.46884226E-05
 3.46884243E-05
 3.46884260E-05
 3.46884280E-05
 3.46884312E-05
 3.46884338E-05
 3.46884360E-05
 3.46884389E-05
 3.46884409E-05
 3.46884442E-05
 3.46884461E-05
 3.46884480E-05
 3.46884521E-05
 3.46884539E-05
 3.46884566E-05
 3.46884593E-05
 3.46884622E-05
 3.46884635E-05
 3.46884660E-05
 3.46884689E-05
 3.46884725E-05
 3.46884739E-05
 3.46884767E-05
 3.46884793E-05
 3.46884831E-05
 3.46884851E-05
 3.46884875E-05
 3.46884905E-05
 3.46884935E-05
 3.46884953E-05
 3.46884980E-05
 3.46885017E-05
 3.46885032E-05
 3.46885068E-05
 3.46883887E-05
 3.46883895E-05
 3.46883917E-05
 3.46883918E-05
 3.46883942E-05
 3.46883956E-05
 3.46883972E-05
 3.46883985E-05
 3.46884001E-05
 3.46884013E-05
 3.46884028E-05
 3.46884049E-05
 3.46884057E-05
 3.46884074E-05
 3.46884090E-05
 3.46884112E-05
 3.46884130E-05
 3.46884143E-05
 3.46884151E-05
 3.46884168E-05
 3.46884179E-05
 3.46884197E-05
 3.46884219E-05
 3.46884236E-05
 3.46884245E-05
 3.46884259E-05
 3.46884278E-05
 3.46884301E-05
 3.46884316E-05
 3.46884325E-05
 3.46884339E-05
 3.46884366E-05
 3.46884373E-05
 3.46884396E-05
 3.46884410E-05
 3.46884429E-05
 3.46884440E-05
 3.46884455E-05
 3.46884472E-05
 3.46884495E-05
 3.46884509E-05
 3.46884519E-05
 3.46884542E-05
 3.46884552E-05
 3.46884577E-05
 3.46884586E-05
 3.46884613E-05
 3.46884626E-05
 3.46884639E-05
 3.46884660E-05
 3.46884673E-05
 3.46884695E-05
 3.46884710E-05
 3.46884728E-05
 3.46884745E-05
 3.46884766E-05
 3.46884779E-05
 3.46884803E-05
 3.46884820E-05
 3.46884836E-05
 3.46884849E-05
 3.46884876E-05
 3.46884892E-05
 3.46884907E-05
 3.46884926E-05
 3.46883066E-05
 3.46882784E-05
 3.46882618E-05
 3.46882506E-05
 3.46883722E-05
 3.46883707E-05
 3.46883689E-05
 3.46883679E-05
 3.46883668E-05
 3.46883658E-05
 3.46883650E-05
 3.46883637E-05
 3.46883631E-05
 3.46883628E-05
 3.46883623E-05
 3.46883613E-05
 3.46883609E-05
 3.46883609E-05
 3.46883605E-05
 3.46883601E-05
 3.46883599E-05
 3.46883599E-05
 3.46883591E-05
 3.46883592E-05
 3.46883590E-05
 3.46883588E-05
 3.46883593E-05
 3.46883588E-05
 3.46883588E-05
 3.46883588E-05
 3.46883591E-05
 3.46883590E-05
 3.46883592E-05
 3.46883593E-05
 3.46883595E-05
 3.46883593E-05
 3.46883596E-05
 3.46883599E-05
 3.46883600E-05
 3.46883602E-05
 3.46883604E-05
 3.46883608E-05
 3.46883610E-05
 3.46883611E-05
 3.46883614E-05
 3.46883618E-05
 3.46883622E-05
 3.46883624E-05
 3.46883626E-05
 3.46883630E-05
 3.46883633E-05
 3.46883639E-05
 3.46883641E-05
 3.46883645E-05
 3.46883650E-05
 3.46883654E-05
 3.46883657E-05
 3.46883664E-05
 3.46883667E-05
 3.46883672E-05
 3.46883677E-05
 3.46883683E-05
 3.46883688E-05
 3.46883693E-05
 3.46883699E-05
 3.46883706E-05
 3.46883711E-05
 3.46883717E-05
 3.46883716E-05
 3.46883712E-05
 3.46883707E-05
 3.46883703E-05
 3.46883700E-05
 3.46883695E-05
 3.46883692E-05
 3.46883688E-05
 3.46883685E-05
 3.46883682E-05
 3.46883679E-05
 3.46883677E-05
 3.46883675E-05
 3.46883673E-05
 3.46883671E-05
 3.46883670E-05
 3.46883669E-05
 3.46883668E-05
 3.46883668E-05
 3.46883669E-05
 3.46883669E-05
 3.46883671E-05
 3.46883673E-05
 3.46883675E-05
 3.46883678E-05
 3.46883682E-05
 3.46883686E-05
 3.46883691E-05
 3.46883698E-05
 3.46883704E-05
 3.46883713E-05
 3.46883754E-05
 3.46883866E-05
 3.46883981E-05
 3.46884097E-05
 3.46883016E-05
 3.46883206E-05
 3.46883405E-05
 3.46883613E-05
 3.46883711E-05
 3.46883693E-05
 3.46883690E-05
 3.46883707E-05
 2.71220961E-04
 8.07610013E-04
 2.01138998E-03
 4.24569919E-04
 9.25396771E-05
 1.57284901E-04
 1.92730037E-04
 1.98888187E-04
 1.98479457E-04
 1.76955431E-04
 1.26466856E-04
 4.70091557E-05
 6.51603088E-05
 8.20099382E-05
 7.14100608E-05
 3.33483742E-05
 7.31723311E-02
 1.54058296E-01
 3.93337535E-01
 0.00000000E+00
 0.00000000E+00
 0.00000000E+00
 0.00000000E+00
 0.00000000E+00
 0.00000000E+00
 0.00000000E+00
 0.00000000E+00
 0.00000000E+00
 0.00000000E+00
 0.00000000E+00
 0.00000000E+00
 0.00000000E+00
 0.00000000E+00
 0.00000000E+00
 0.00000000E+00
 0.00000000E+00
 0.00000000E+00
 0.00000000E+00
 0.00000000E+00
 0.00000000E+00
 0.00000000E+00
 0.00000000E+00
 0.00000000E+00
 0.00000000E+00
 0.00000000E+00
 0.00000000E+00
 0.00000000E+00
 0.00000000E+00
 0.00000000E+00
 0.00000000E+00
 0.00000000E+00
 0.00000000E+00
 0.00000000E+00
 0.00000000E+00
 0.00000000E+00
 0.00000000E+00
 0.00000000E+00
 0.00000000E+00
 0.00000000E+00
 0.00000000E+00
 0.00000000E+00
 0.00000000E+00
 0.00000000E+00
 0.00000000E+00
 0.00000000E+00
 0.00000000E+00
 0.00000000E+00
 0.00000000E+00
 0.00000000E+00
 0.00000000E+00
 0.00000000E+00
 0.00000000E+00
 0.00000000E+00
 0.00000000E+00
 0.00000000E+00
 0.00000000E+00
 0.00000000E+00
 0.00000000E+00
 0.00000000E+00
 0.00000000E+00
 0.00000000E+00
 0.00000000E+00
 0.00000000E+00
 0.00000000E+00
 0.00000000E+00
 0.00000000E+00
 0.00000000E+00
 0.00000000E+00
 0.00000000E+00
 0.00000000E+00
 0.00000000E+00
 0.00000000E+00
 0.00000000E+00
 0.00000000E+00
 0.00000000E+00
 0.00000000E+00
 0.00000000E+00
 0.00000000E+00
 0.00000000E+00
 0.00000000E+00
 0.00000000E+00
 0.00000000E+00
 0.00000000E+00
 0.00000000E+00
 0.00000000E+00
 0.00000000E+00
 0.00000000E+00
 0.00000000E+00
 0.00000000E+00
 0.00000000E+00
 0.00000000E+00
 0.00000000E+00
 0.00000000E+00
 0.00000000E+00
 0.00000000E+00
 0.00000000E+00
 0.00000000E+00
 0.00000000E+00
 0.00000000E+00
 0.00000000E+00
 0.00000000E+00
 0.00000000E+00
 0.00000000E+00
 0.00000000E+00
 0.00000000E+00
 0.00000000E+00
 0.00000000E+00
 0.00000000E+00
 0.00000000E+00
 0.00000000E+00
 0.00000000E+00
 0.00000000E+00
 0.00000000E+00
 0.00000000E+00
 0.00000000E+00
 0.00000000E+00
 0.00000000E+00
 0.00000000E+00
 0.00000000E+00
 0.00000000E+00
 0.00000000E+00
 0.00000000E+00
 0.00000000E+00
 0.00000000E+00
 0.00000000E+00
 0.00000000E+00
 0.00000000E+00
 0.00000000E+00
 0.00000000E+00
 0.00000000E+00
 0.00000000E+00
 0.00000000E+00
 0.00000000E+00
 0.00000000E+00
 0.00000000E+00
 0.00000000E+00
 0.00000000E+00
 0.00000000E+00
 0.00000000E+00
 0.00000000E+00
 0.00000000E+00
 0.00000000E+00
 0.00000000E+00
 0.00000000E+00
 0.00000000E+00
 0.00000000E+00
 0.00000000E+00
 0.00000000E+00
 0.00000000E+00
 0.00000000E+00
 0.00000000E+00
 0.00000000E+00
 0.00000000E+00
 0.00000000E+00
 0.00000000E+00
 0.00000000E+00
 0.00000000E+00
 0.00000000E+00
 0.00000000E+00
 0.00000000E+00
 0.00000000E+00
 0.00000000E+00
 0.00000000E+00
 0.00000000E+00
 0.00000000E+00
 5.86082219E-01
 4.27455046E-01
 1.87862062E-01
 8.72103216E-02
 9.91573213E-02
 1.78270685E-02
 3.60756939E-05
 3.60756962E-05
 1.54261580E-01
 2.48270536E-02
 3.60757071E-05
 3.60757113E-05
 3.60757146E-05
 3.60755941E-05
 3.60756057E-05
 3.60756173E-05
 3.60756291E-05
 3.60756412E-05
 3.60756522E-05
 3.60756657E-05
 3.60756770E-05
 3.60756888E-05
 3.01999172E-02
 3.60756919E-05
 3.60756934E-05
 3.60756933E-05
 3.60756955E-05
 3.60756970E-05
 3.60756990E-05
 3.60757009E-05
 3.60757014E-05
 3.60757049E-05
 3.60757060E-05
 3.60757059E-05
 3.60757085E-05
 3.60757103E-05
 3.60757112E-05
 3.60757164E-05
 3.60757214E-05
 3.60757290E-05
 3.60757346E-05
 3.60757397E-05
 3.60757464E-05
 3.60757519E-05
 3.60757574E-05
 3.60757657E-05
 3.60756505E-05
 3.60756538E-05
 3.60756560E-05
 3.60756609E-05
 3.60756639E-05
 3.60756673E-05
 3.60756709E-05
 3.60756716E-05
 3.60756720E-05
 3.60756714E-05
 3.60756735E-05
 3.60756734E-05
 3.60756737E-05
 3.60756747E-05
 3.60756738E-05
 3.60756749E-05
 3.60756762E-05
 3.60756769E-05
 3.60756770E-05
 3.60756764E-05
 3.60756768E-05
 3.60756776E-05
 3.60756789E-05
 3.60756791E-05
 3.60756790E-05
 3.60756805E-05
 3.60756812E-05
 3.60756817E-05
 3.60756814E-05
 3.60756834E-05
 3.60756839E-05
 3.60756848E-05
 3.60756842E-05
 3.60756866E-05
 3.60756871E-05
 3.60756871E-05
 3.60756878E-05
 3.60756879E-05
 3.60756886E-05
 3.60756923E-05
 3.60756943E-05
 3.60756963E-05
 3.60756992E-05
 3.60757013E-05
 3.60757029E-05
 3.60757050E-05
 3.60757090E-05
 3.60757111E-05
 3.60757119E-05
 3.60757150E-05
 3.60757177E-05
 3.60757199E-05
 3.60757225E-05
 3.60757253E-05
 3.60757269E-05
 3.60757293E-05
 3.60757319E-05
 3.60757339E-05
 3.60757378E-05
 3.60757393E-05
 3.60757425E-05
 3.60757444E-05
 3.60757474E-05
 3.60757487E-05
 3.60757508E-05
 3.60757536E-05
 3.60757565E-05
 3.60757599E-05
 3.60757615E-05
 3.60757645E-05
 3.60757669E-05
 3.60757699E-05
 3.60757719E-05
 3.60757743E-05
 3.60757766E-05
 3.60757789E-05
 3.60757820E-05
 3.60757845E-05
 3.60757874E-05
 3.60757896E-05
 3.60757916E-05
 3.60757950E-05
 3.60757977E-05
 3.60758001E-05
 3.60758029E-05
 3.60758060E-05
 3.60758081E-05
 3.60758114E-05
 3.60758144E-05
 3.60758168E-05
 3.60758198E-05
 3.60758220E-05
 3.60757031E-05
 3.60757051E-05
 3.60757073E-05
 3.60757088E-05
 3.60757100E-05
 3.60757114E-05
 3.60757129E-05
 3.60757142E-05
 3.60757156E-05
 3.60757168E-05
 3.60757190E-05
 3.60757199E-05
 3.60757217E-05
 3.60757243E-05
 3.60757253E-05
 3.60757273E-05
 3.60757285E-05
 3.60757297E-05
 3.60757312E-05
 3.60757334E-05
 3.60757353E-05
 3.60757363E-05
 3.60757380E-05
 3.60757389E-05
 3.60757402E-05
 3.60757430E-05
 3.60757442E-05
 3.60757456E-05
 3.60757473E-05
 3.60757494E-05
 3.60757507E-05
 3.60757522E-05
 3.60757541E-05
 3.60757550E-05
 3.60757573E-05
 3.60757590E-05
 3.60757607E-05
 3.60757617E-05
 3.60757639E-05
 3.60757654E-05
 3.60757673E-05
 3.60757682E-05
 3.60757708E-05
 3.60757715E-05
 3.60757738E-05
 3.60757757E-05
 3.60757768E-05
 3.60757786E-05
 3.60757802E-05
 3.60757824E-05
 3.60757844E-05
 3.60757856E-05
 3.60757875E-05
 3.60757889E-05
 3.60757905E-05
 3.60757926E-05
 3.60757943E-05
 3.60757960E-05
 3.60757979E-05
 3.60758000E-05
 3.60758017E-05
 3.60758033E-05
 3.60758054E-05
 3.60758069E-05
 3.60758094E-05
 3.60758106E-05
 3.60756282E-05
 3.60755967E-05
 3.60755794E-05
 3.60755671E-05
 3.60756895E-05
 3.60756881E-05
 3.60756868E-05
 3.60756851E-05
 3.60756841E-05
 3.60756829E-05
 3.60756818E-05
 3.60756810E-05
 3.60756801E-05
 3.60756795E-05
 3.60756790E-05
 3.60756787E-05
 3.60756784E-05
 3.60756779E-05
 3.60756772E-05
 3.60756774E-05
 3.60756771E-05
 3.60756771E-05
 3.60756765E-05
 3.60756767E-05
 3.60756761E-05
 3.60756761E-05
 3.60756759E-05
 3.60756763E-05
 3.60756761E-05
 3.60756758E-05
 3.60756763E-05
 3.60756761E-05
 3.60756763E-05
 3.60756761E-05
 3.60756766E-05
 3.60756765E-05
 3.60756768E-05
 3.60756770E-05
 3.60756773E-05
 3.60756774E-05
 3.60756773E-05
 3.60756781E-05
 3.60756781E-05
 3.60756785E-05
 3.60756787E-05
 3.60756789E-05
 3.60756792E-05
 3.60756796E-05
 3.60756801E-05
 3.60756803E-05
 3.60756808E-05
 3.60756812E-05
 3.60756815E-05
 3.60756818E-05
 3.60756822E-05
 3.60756828E-05
 3.60756831E-05
 3.60756836E-05
 3.60756841E-05
 3.60756845E-05
 3.60756851E-05
 3.60756856E-05
 3.60756863E-05
 3.60756867E-05
 3.60756873E-05
 3.60756879E-05
 3.60756885E-05
 3.60756891E-05
 3.60756891E-05
 3.60756886E-05
 3.60756881E-05
 3.60756877E-05
 3.60756872E-05
 3.60756869E-05
 3.60756864E-05
 3.60756861E-05
 3.60756859E-05
 3.60756855E-05
 3.60756852E-05
 3.60756850E-05
 3.60756848E-05
 3.60756846E-05
 3.60756844E-05
 3.60756843E-05
 3.60756842E-05
 3.60756842E-05
 3.60756841E-05
 3.60756842E-05
 3.60756843E-05
 3.60756844E-05
 3.60756846E-05
 3.60756848E-05
 3.60756851E-05
 3.60756855E-05
 3.60756860E-05
 3.60756865E-05
 3.60756871E-05
 3.60756878E-05
 3.60756886E-05
 3.60756928E-05
 3.60757041E-05
 3.60757156E-05
 3.60757273E-05
 3.60756185E-05
 3.60756376E-05
 3.60756577E-05
 3.60756787E-05
 3.60756885E-05
 3.60756867E-05
 3.60756865E-05
 3.60756881E-05
 2.54767938E-04
 7.64740413E-04
 1.95744539E-03
 4.07597238E-04
 9.37659557E-05
 1.58264049E-04
 1.93414843E-04
 1.99231680E-04
 1.98956746E-04
 1.77707585E-04
 1.27454851E-04
 4.81942007E-05
 6.64110777E-05
 8.32682490E-05
 7.26371186E-05
 3.45055617E-05
 6.95657061E-02
 1.46469214E-01
 3.85348632E-01
 0.00000000E+00
 0.00000000E+00
 0.00000000E+00
 0.00000000E+00
 0.00000000E+00
 0.00000000E+00
 0.00000000E+00
 0.00000000E+00
 0.00000000E+00
 0.00000000E+00
 0.00000000E+00
 0.00000000E+00
 0.00000000E+00
 0.00000000E+00
 0.00000000E+00
 0.00000000E+00
 0.00000000E+00
 0.00000000E+00
 0.00000000E+00
 0.00000000E+00
 0.00000000E+00
 0.00000000E+00
 0.00000000E+00
 0.00000000E+00
 0.00000000E+00
 0.00000000E+00
 0.00000000E+00
 0.00000000E+00
 0.00000000E+00
 0.00000000E+00
 0.00000000E+00
 0.00000000E+00
 0.00000000E+00
 0.00000000E+00
 0.00000000E+00
 0.00000000E+00
 0.00000000E+00
 0.00000000E+00
 0.00000000E+00
 0.00000000E+00
 0.00000000E+00
 0.00000000E+00
 0.00000000E+00
 0.00000000E+00
 0.00000000E+00
 0.00000000E+00
 0.00000000E+00
 0.00000000E+00
 0.00000000E+00
 0.00000000E+00
 0.00000000E+00
 0.00000000E+00
 0.00000000E+00
 0.00000000E+00
 0.00000000E+00
 0.00000000E+00
 0.00000000E+00
 0.00000000E+00
 0.00000000E+00
 0.00000000E+00
 0.00000000E+00
 0.00000000E+00
 0.00000000E+00
 0.00000000E+00
 0.00000000E+00
 0.00000000E+00
 0.00000000E+00
 0.00000000E+00
 0.00000000E+00
 0.00000000E+00
 0.00000000E+00
 0.00000000E+00
 0.00000000E+00
 0.00000000E+00
 0.00000000E+00
 0.00000000E+00
 0.00000000E+00
 0.00000000E+00
 0.00000000E+00
 0.00000000E+00
 0.00000000E+00
 0.00000000E+00
 0.00000000E+00
 0.00000000E+00
 0.00000000E+00
 0.00000000E+00
 0.00000000E+00
 0.00000000E+00
 0.00000000E+00
 0.00000000E+00
 0.00000000E+00
 0.00000000E+00
 0.00000000E+00
 0.00000000E+00
 0.00000000E+00
 0.00000000E+00
 0.00000000E+00
 0.00000000E+00
 0.00000000E+00
 0.00000000E+00
 0.00000000E+00
 0.00000000E+00
 0.00000000E+00
 0.00000000E+00
 0.00000000E+00
 0.00000000E+00
 0.00000000E+00
 0.00000000E+00
 0.00000000E+00
 0.00000000E+00
 0.00000000E+00
 0.00000000E+00
 0.00000000E+00
 0.00000000E+00
 0.00000000E+00
 0.00000000E+00
 0.00000000E+00
 0.00000000E+00
 0.00000000E+00
 0.00000000E+00
 0.00000000E+00
 0.00000000E+00
 0.00000000E+00
 0.00000000E+00
 0.00000000E+00
 0.00000000E+00
 0.00000000E+00
 0.00000000E+00
 0.00000000E+00
 0.00000000E+00
 0.00000000E+00
 0.00000000E+00
 0.00000000E+00
 0.00000000E+00
 0.00000000E+00
 0.00000000E+00
 0.00000000E+00
 0.00000000E+00
 0.00000000E+00
 0.00000000E+00
 0.00000000E+00
 0.00000000E+00
 0.00000000E+00
 0.00000000E+00
 0.00000000E+00
 0.00000000E+00
 0.00000000E+00
 0.00000000E+00
 0.00000000E+00
 0.00000000E+00
 0.00000000E+00
 0.00000000E+00
 0.00000000E+00
 0.00000000E+00
 0.00000000E+00
 0.00000000E+00
 0.00000000E+00
 0.00000000E+00
 0.00000000E+00
 0.00000000E+00
 0.00000000E+00
 0.00000000E+00
 0.00000000E+00
 0.00000000E+00
 0.00000000E+00
 0.00000000E+00
 6.07488882E-01
 4.57065460E-01
 2.11487938E-01
 7.57863233E-02
 9.40321209E-02
 1.69080399E-02
 3.71471442E-05
 3.71471479E-05
 1.57722095E-01
 2.53837734E-02
 3.71471591E-05
 3.71471612E-05
 3.71471639E-05
 3.71470425E-05
 3.71470542E-05
 3.71470676E-05
 3.71470782E-05
 3.71470906E-05
 3.71471036E-05
 3.71471166E-05
 3.71471291E-05
 3.71471403E-05
 3.08776986E-02
 3.71471432E-05
 3.71471447E-05
 3.71471461E-05
 3.71471470E-05
 3.71471484E-05
 3.71471499E-05
 3.71471502E-05
 3.71471517E-05
 3.71471545E-05
 3.71471565E-05
 3.71471586E-05
 3.71471591E-05
 3.71471598E-05
 3.71471627E-05
 3.71471676E-05
 3.71471717E-05
 3.71471791E-05
 3.71471842E-05
 3.71471922E-05
 3.71471972E-05
 3.71472039E-05
 3.71472105E-05
 3.71472168E-05
 3.71471006E-05
 3.71471039E-05
 3.71471080E-05
 3.71471124E-05
 3.71471152E-05
 3.71471179E-05
 3.71471219E-05
 3.71471238E-05
 3.71471240E-05
 3.71471239E-05
 3.71471246E-05
 3.71471242E-05
 3.71471256E-05
 3.71471257E-05
 3.71471261E-05
 3.71471262E-05
 3.71471276E-05
 3.71471287E-05
 3.71471290E-05
 3.71471283E-05
 3.71471285E-05
 3.71471304E-05
 3.71471293E-05
 3.71471314E-05
 3.71471319E-05
 3.71471321E-05
 3.71471330E-05
 3.71471334E-05
 3.71471340E-05
 3.71471335E-05
 3.71471351E-05
 3.71471351E-05
 3.71471366E-05
 3.71471359E-05
 3.71471382E-05
 3.71471373E-05
 3.71471376E-05
 3.71471384E-05
 3.71471400E-05
 3.71471422E-05
 3.71471446E-05
 3.71471479E-05
 3.71471504E-05
 3.71471524E-05
 3.71471547E-05
 3.71471572E-05
 3.71471598E-05
 3.71471621E-05
 3.71471640E-05
 3.71471657E-05
 3.71471693E-05
 3.71471704E-05
 3.71471734E-05
 3.71471763E-05
 3.71471776E-05
 3.71471817E-05
 3.71471835E-05
 3.71471859E-05
 3.71471888E-05
 3.71471905E-05
 3.71471935E-05
 3.71471966E-05
 3.71471978E-05
 3.71472010E-05
 3.71472035E-05
 3.71472048E-05
 3.71472077E-05
 3.71472107E-05
 3.71472131E-05
 3.71472150E-05
 3.71472190E-05
 3.71472207E-05
 3.71472239E-05
 3.71472257E-05
 3.71472287E-05
 3.71472313E-05
 3.71472344E-05
 3.71472367E-05
 3.71472392E-05
 3.71472419E-05
 3.71472441E-05
 3.71472475E-05
 3.71472503E-05
 3.71472521E-05
 3.71472558E-05
 3.71472579E-05
 3.71472613E-05
 3.71472632E-05
 3.71472657E-05
 3.71472686E-05
 3.71472719E-05
 3.71471535E-05
 3.71471551E-05
 3.71471560E-05
 3.71471579E-05
 3.71471600E-05
 3.71471610E-05
 3.71471631E-05
 3.71471640E-05
 3.71471659E-05
 3.71471678E-05
 3.71471695E-05
 3.71471697E-05
 3.71471717E-05
 3.71471738E-05
 3.71471752E-05
 3.71471763E-05
 3.71471783E-05
 3.71471796E-05
 3.71471815E-05
 3.71471828E-05
 3.71471848E-05
 3.71471859E-05
 3.71471877E-05
 3.71471887E-05
 3.71471901E-05
 3.71471918E-05
 3.71471937E-05
 3.71471952E-05
 3.71471967E-05
 3.71471986E-05
 3.71472005E-05
 3.71472017E-05
 3.71472031E-05
 3.71472058E-05
 3.71472065E-05
 3.71472082E-05
 3.71472104E-05
 3.71472126E-05
 3.71472130E-05
 3.71472155E-05
 3.71472163E-05
 3.71472184E-05
 3.71472205E-05
 3.71472221E-05
 3.71472238E-05
 3.71472250E-05
 3.71472265E-05
 3.71472285E-05
 3.71472309E-05
 3.71472320E-05
 3.71472338E-05
 3.71472353E-05
 3.71472378E-05
 3.71472392E-05
 3.71472407E-05
 3.71472425E-05
 3.71472448E-05
 3.71472467E-05
 3.71472484E-05
 3.71472500E-05
 3.71472521E-05
 3.71472536E-05
 3.71472551E-05
 3.71472576E-05
 3.71472588E-05
 3.71472610E-05
 3.71472628E-05
 3.71470856E-05
 3.71470493E-05
 3.71470316E-05
 3.71470186E-05
 3.71471410E-05
 3.71471388E-05
 3.71471375E-05
 3.71471362E-05
 3.71471352E-05
 3.71471336E-05
 3.71471333E-05
 3.71471319E-05
 3.71471313E-05
 3.71471304E-05
 3.71471301E-05
 3.71471294E-05
 3.71471294E-05
 3.71471288E-05
 3.71471287E-05
 3.71471282E-05
 3.71471282E-05
 3.71471277E-05
 3.71471274E-05
 3.71471273E-05
 3.71471272E-05
 3.71471271E-05
 3.71471274E-05
 3.71471274E-05
 3.71471274E-05
 3.71471271E-05
 3.71471274E-05
 3.71471274E-05
 3.71471270E-05
 3.71471271E-05
 3.71471277E-05
 3.71471279E-05
 3.71471279E-05
 3.71471277E-05
 3.71471283E-05
 3.71471286E-05
 3.71471286E-05
 3.71471289E-05
 3.71471291E-05
 3.71471294E-05
 3.71471296E-05
 3.71471302E-05
 3.71471305E-05
 3.71471306E-05
 3.71471312E-05
 3.71471315E-05
 3.71471317E-05
 3.71471319E-05
 3.71471325E-05
 3.71471329E-05
 3.71471333E-05
 3.71471339E-05
 3.71471341E-05
 3.71471346E-05
 3.71471351E-05
 3.71471358E-05
 3.71471363E-05
 3.71471366E-05
 3.71471373E-05
 3.71471378E-05
 3.71471385E-05
 3.71471390E-05
 3.71471398E-05
 3.71471403E-05
 3.71471402E-05
 3.71471397E-05
 3.71471393E-05
 3.71471388E-05
 3.71471384E-05
 3.71471381E-05
 3.71471377E-05
 3.71471373E-05
 3.71471370E-05
 3.71471366E-05
 3.71471364E-05
 3.71471362E-05
 3.71471359E-05
 3.71471357E-05
 3.71471356E-05
 3.71471355E-05
 3.71471354E-05
 3.71471353E-05
 3.71471353E-05
 3.71471354E-05
 3.71471354E-05
 3.71471356E-05
 3.71471358E-05
 3.71471360E-05
 3.71471363E-05
 3.71471367E-05
 3.71471371E-05
 3.71471377E-05
 3.71471383E-05
 3.71471390E-05
 3.71471398E-05
 3.71471440E-05
 3.71471555E-05
 3.71471671E-05
 3.71471788E-05
 3.71470692E-05
 3.71470885E-05
 3.71471085E-05
 3.71471297E-05
 3.71471398E-05
 3.71471379E-05
 3.71471375E-05
 3.71471392E-05
 2.38654872E-04
 7.22253009E-04
 1.90390039E-03
 3.90962458E-04
 9.46846494E-05
 1.58940489E-04
 1.93801810E-04
 1.99282200E-04
 1.99145067E-04
 1.78174473E-04
 1.28161271E-04
 4.91013550E-05
 6.73877492E-05
 8.42562751E-05
 7.35977011E-05
 3.54000809E-05
 6.59650871E-02
 1.38892459E-01
 3.77372606E-01
 0.00000000E+00
 0.00000000E+00
 0.00000000E+00
 0.00000000E+00
 0.00000000E+00
 0.00000000E+00
 0.00000000E+00
 0.00000000E+00
 0.00000000E+00
 0.00000000E+00
 0.00000000E+00
 0.00000000E+00
 0.00000000E+00
 0.00000000E+00
 0.00000000E+00
 0.00000000E+00
 0.00000000E+00
 0.00000000E+00
 0.00000000E+00
 0.00000000E+00
 0.00000000E+00
 0.00000000E+00
 0.00000000E+00
 0.00000000E+00
 0.00000000E+00
 0.00000000E+00
 0.00000000E+00
 0.00000000E+00
 0.00000000E+00
 0.00000000E+00
 0.00000000E+00
 0.00000000E+00
 0.00000000E+00
 0.00000000E+00
 0.00000000E+00
 0.00000000E+00
 0.00000000E+00
 0.00000000E+00
 0.00000000E+00
 0.00000000E+00
 0.00000000E+00
 0.00000000E+00
 0.00000000E+00
 0.00000000E+00
 0.00000000E+00
 0.00000000E+00
 0.00000000E+00
 0.00000000E+00
 0.00000000E+00
 0.00000000E+00
 0.00000000E+00
 0.00000000E+00
 0.00000000E+00
 0.00000000E+00
 0.00000000E+00
 0.00000000E+00
 0.00000000E+00
 0.00000000E+00
 0.00000000E+00
 0.00000000E+00
 0.00000000E+00
 0.00000000E+00
 0.00000000E+00
 0.00000000E+00
 0.00000000E+00
 0.00000000E+00
 0.00000000E+00
 0.00000000E+00
 0.00000000E+00
 0.00000000E+00
 0.00000000E+00
 0.00000000E+00
 0.00000000E+00
 0.00000000E+00
 0.00000000E+00
 0.00000000E+00
 0.00000000E+00
 0.00000000E+00
 0.00000000E+00
 0.00000000E+00
 0.00000000E+00
 0.00000000E+00
 0.00000000E+00
 0.00000000E+00
 0.00000000E+00
 0.00000000E+00
 0.00000000E+00
 0.00000000E+00
 0.00000000E+00
 0.00000000E+00
 0.00000000E+00
 0.00000000E+00
 0.00000000E+00
 0.00000000E+00
 0.00000000E+00
 0.00000000E+00
 0.00000000E+00
 0.00000000E+00
 0.00000000E+00
 0.00000000E+00
 0.00000000E+00
 0.00000000E+00
 0.00000000E+00
 0.00000000E+00
 0.00000000E+00
 0.00000000E+00
 0.00000000E+00
 0.00000000E+00
 0.00000000E+00
 0.00000000E+00
 0.00000000E+00
 0.00000000E+00
 0.00000000E+00
 0.00000000E+00
 0.00000000E+00
 0.00000000E+00
 0.00000000E+00
 0.00000000E+00
 0.00000000E+00
 0.00000000E+00
 0.00000000E+00
 0.00000000E+00
 0.00000000E+00
 0.00000000E+00
 0.00000000E+00
 0.00000000E+00
 0.00000000E+00
 0.00000000E+00
 0.00000000E+00
 0.00000000E+00
 0.00000000E+00
 0.00000000E+00
 0.00000000E+00
 0.00000000E+00
 0.00000000E+00
 0.00000000E+00
 0.00000000E+00
 0.00000000E+00
 0.00000000E+00
 0.00000000E+00
 0.00000000E+00
 0.00000000E+00
 0.00000000E+00
 0.00000000E+00
 0.00000000E+00
 0.00000000E+00
 0.00000000E+00
 0.00000000E+00
 0.00000000E+00
 0.00000000E+00
 0.00000000E+00
 0.00000000E+00
 0.00000000E+00
 0.00000000E+00
 0.00000000E+00
 0.00000000E+00
 0.00000000E+00
 0.00000000E+00
 0.00000000E+00
 0.00000000E+00
 0.00000000E+00
 0.00000000E+00
 0.00000000E+00
 0.00000000E+00
 0.00000000E+00
 0.00000000E+00
 6.28861324E-01
 4.86628538E-01
 2.35076157E-01
 6.43803158E-02
 8.89148000E-02
 1.59901668E-02
 3.79032311E-05
 3.79032356E-05
 1.61177323E-01
 2.59399057E-02
 3.79032443E-05
 3.79032476E-05
 3.79032503E-05
 3.79031296E-05
 3.79031406E-05
 3.79031526E-05
 3.79031658E-05
 3.79031801E-05
 3.79031920E-05
 3.79032033E-05
 3.79032152E-05
 3.79032283E-05
 3.15540692E-02
 3.79032294E-05
 3.79032302E-05
 3.79032342E-05
 3.79032331E-05
 3.79032366E-05
 3.79032383E-05
 3.79032389E-05
 3.79032417E-05
 3.79032432E-05
 3.79032435E-05
 3.79032450E-05
 3.79032481E-05
 3.79032486E-05
 3.79032494E-05
 3.79032529E-05
 3.79032608E-05
 3.79032660E-05
 3.79032720E-05
 3.79032777E-05
 3.79032863E-05
 3.79032915E-05
 3.79032980E-05
 3.79033031E-05
 3.79031881E-05
 3.79031917E-05
 3.79031952E-05
 3.79031991E-05
 3.79032028E-05
 3.79032063E-05
 3.79032096E-05
 3.79032097E-05
 3.79032124E-05
 3.79032120E-05
 3.79032124E-05
 3.79032131E-05
 3.79032140E-05
 3.79032136E-05
 3.79032144E-05
 3.79032150E-05
 3.79032149E-05
 3.79032144E-05
 3.79032164E-05
 3.79032169E-05
 3.79032179E-05
 3.79032176E-05
 3.79032171E-05
 3.79032199E-05
 3.79032187E-05
 3.79032203E-05
 3.79032198E-05
 3.79032212E-05
 3.79032214E-05
 3.79032216E-05
 3.79032223E-05
 3.79032223E-05
 3.79032239E-05
 3.79032247E-05
 3.79032248E-05
 3.79032256E-05
 3.79032265E-05
 3.79032262E-05
 3.79032283E-05
 3.79032308E-05
 3.79032329E-05
 3.79032358E-05
 3.79032379E-05
 3.79032406E-05
 3.79032417E-05
 3.79032444E-05
 3.79032473E-05
 3.79032494E-05
 3.79032509E-05
 3.79032548E-05
 3.79032561E-05
 3.79032589E-05
 3.79032622E-05
 3.79032636E-05
 3.79032659E-05
 3.79032693E-05
 3.79032717E-05
 3.79032746E-05
 3.79032762E-05
 3.79032792E-05
 3.79032820E-05
 3.79032830E-05
 3.79032860E-05
 3.79032896E-05
 3.79032922E-05
 3.79032934E-05
 3.79032961E-05
 3.79032997E-05
 3.79033012E-05
 3.79033047E-05
 3.79033074E-05
 3.79033085E-05
 3.79033113E-05
 3.79033150E-05
 3.79033169E-05
 3.79033194E-05
 3.79033224E-05
 3.79033243E-05
 3.79033275E-05
 3.79033291E-05
 3.79033330E-05
 3.79033348E-05
 3.79033384E-05
 3.79033408E-05
 3.79033435E-05
 3.79033458E-05
 3.79033487E-05
 3.79033515E-05
 3.79033545E-05
 3.79033564E-05
 3.79033598E-05
 3.79032418E-05
 3.79032429E-05
 3.79032443E-05
 3.79032456E-05
 3.79032482E-05
 3.79032494E-05
 3.79032506E-05
 3.79032517E-05
 3.79032537E-05
 3.79032554E-05
 3.79032572E-05
 3.79032584E-05
 3.79032604E-05
 3.79032621E-05
 3.79032633E-05
 3.79032651E-05
 3.79032663E-05
 3.79032682E-05
 3.79032695E-05
 3.79032713E-05
 3.79032722E-05
 3.79032738E-05
 3.79032757E-05
 3.79032768E-05
 3.79032782E-05
 3.79032810E-05
 3.79032817E-05
 3.79032839E-05
 3.79032852E-05
 3.79032866E-05
 3.79032891E-05
 3.79032899E-05
 3.79032917E-05
 3.79032935E-05
 3.79032946E-05
 3.79032967E-05
 3.79032979E-05
 3.79033002E-05
 3.79033015E-05
 3.79033030E-05
 3.79033047E-05
 3.79033065E-05
 3.79033084E-05
 3.79033095E-05
 3.79033120E-05
 3.79033135E-05
 3.79033155E-05
 3.79033168E-05
 3.79033186E-05
 3.79033209E-05
 3.79033227E-05
 3.79033242E-05
 3.79033258E-05
 3.79033270E-05
 3.79033295E-05
 3.79033311E-05
 3.79033329E-05
 3.79033345E-05
 3.79033367E-05
 3.79033380E-05
 3.79033405E-05
 3.79033423E-05
 3.79033442E-05
 3.79033452E-05
 3.79033476E-05
 3.79033490E-05
 3.79033517E-05
 3.79031862E-05
 3.79031388E-05
 3.79031194E-05
 3.79031067E-05
 3.79032284E-05
 3.79032268E-05
 3.79032252E-05
 3.79032235E-05
 3.79032227E-05
 3.79032213E-05
 3.79032209E-05
 3.79032193E-05
 3.79032190E-05
 3.79032178E-05
 3.79032179E-05
 3.79032168E-05
 3.79032168E-05
 3.79032165E-05
 3.79032161E-05
 3.79032159E-05
 3.79032152E-05
 3.79032151E-05
 3.79032147E-05
 3.79032147E-05
 3.79032146E-05
 3.79032147E-05
 3.79032144E-05
 3.79032143E-05
 3.79032143E-05
 3.79032145E-05
 3.79032149E-05
 3.79032149E-05
 3.79032149E-05
 3.79032151E-05
 3.79032150E-05
 3.79032149E-05
 3.79032154E-05
 3.79032152E-05
 3.79032154E-05
 3.79032156E-05
 3.79032160E-05
 3.79032165E-05
 3.79032167E-05
 3.79032171E-05
 3.79032170E-05
 3.79032175E-05
 3.79032180E-05
 3.79032183E-05
 3.79032186E-05
 3.79032189E-05
 3.79032192E-05
 3.79032195E-05
 3.79032201E-05
 3.79032204E-05
 3.79032210E-05
 3.79032212E-05
 3.79032217E-05
 3.79032222E-05
 3.79032227E-05
 3.79032233E-05
 3.79032239E-05
 3.79032243E-05
 3.79032248E-05
 3.79032254E-05
 3.79032260E-05
 3.79032267E-05
 3.79032273E-05
 3.79032279E-05
 3.79032279E-05
 3.79032273E-05
 3.79032270E-05
 3.79032266E-05
 3.79032261E-05
 3.79032256E-05
 3.79032253E-05
 3.79032249E-05
 3.79032246E-05
 3.79032243E-05
 3.79032241E-05
 3.79032237E-05
 3.79032235E-05
 3.79032234E-05
 3.79032232E-05
 3.79032231E-05
 3.79032230E-05
 3.79032229E-05
 3.79032229E-05
 3.79032230E-05
 3.79032231E-05
 3.79032232E-05
 3.79032234E-05
 3.79032236E-05
 3.79032239E-05
 3.79032243E-05
 3.79032247E-05
 3.79032253E-05
 3.79032259E-05
 3.79032266E-05
 3.79032274E-05
 3.79032316E-05
 3.79032432E-05
 3.79032550E-05
 3.79032668E-05
 3.79032789E-05
 3.79031757E-05
 3.79031960E-05
 3.79032173E-05
 3.79032273E-05
 3.79032254E-05
 3.79032253E-05
 3.79032268E-05
 2.22881215E-04
 6.80147177E-04
 1.85075434E-03
 3.74664984E-04
 9.52962972E-05
 1.59314753E-04
 1.93891466E-04
 1.99040266E-04
 1.99044936E-04
 1.78356603E-04
 1.28586620E-04
 4.97311171E-05
 6.80908164E-05
 8.49745042E-05
 7.42922905E-05
 3.60324087E-05
 6.23704624E-02
 1.31328007E-01
 3.69409432E-01
 0.00000000E+00
 0.00000000E+00
 0.00000000E+00
 0.00000000E+00
 0.00000000E+00
 0.00000000E+00
 0.00000000E+00
 0.00000000E+00
 0.00000000E+00
 0.00000000E+00
 0.00000000E+00
 0.00000000E+00
 0.00000000E+00
 0.00000000E+00
 0.00000000E+00
 0.00000000E+00
 0.00000000E+00
 0.00000000E+00
 0.00000000E+00
 0.00000000E+00
 0.00000000E+00
 0.00000000E+00
 0.00000000E+00
 0.00000000E+00
 0.00000000E+00
 0.00000000E+00
 0.00000000E+00
 0.00000000E+00
 0.00000000E+00
 0.00000000E+00
 0.00000000E+00
 0.00000000E+00
 0.00000000E+00
 0.00000000E+00
 0.00000000E+00
 0.00000000E+00
 0.00000000E+00
 0.00000000E+00
 0.00000000E+00
 0.00000000E+00
 0.00000000E+00
 0.00000000E+00
 0.00000000E+00
 0.00000000E+00
 0.00000000E+00
 0.00000000E+00
 0.00000000E+00
 0.00000000E+00
 0.00000000E+00
 0.00000000E+00
 0.00000000E+00
 0.00000000E+00
 0.00000000E+00
 0.00000000E+00
 0.00000000E+00
 0.00000000E+00
 0.00000000E+00
 0.00000000E+00
 0.00000000E+00
 0.00000000E+00
 0.00000000E+00
 0.00000000E+00
 0.00000000E+00
 0.00000000E+00
 0.00000000E+00
 0.00000000E+00
 0.00000000E+00
 0.00000000E+00
 0.00000000E+00
 0.00000000E+00
 0.00000000E+00
 0.00000000E+00
 0.00000000E+00
 0.00000000E+00
 0.00000000E+00
 0.00000000E+00
 0.00000000E+00
 0.00000000E+00
 0.00000000E+00
 0.00000000E+00
 0.00000000E+00
 0.00000000E+00
 0.00000000E+00
 0.00000000E+00
 0.00000000E+00
 0.00000000E+00
 0.00000000E+00
 0.00000000E+00
 0.00000000E+00
 0.00000000E+00
 0.00000000E+00
 0.00000000E+00
 0.00000000E+00
 0.00000000E+00
 0.00000000E+00
 0.00000000E+00
 0.00000000E+00
 0.00000000E+00
 0.00000000E+00
 0.00000000E+00
 0.00000000E+00
 0.00000000E+00
 0.00000000E+00
 0.00000000E+00
 0.00000000E+00
 0.00000000E+00
 0.00000000E+00
 0.00000000E+00
 0.00000000E+00
 0.00000000E+00
 0.00000000E+00
 0.00000000E+00
 0.00000000E+00
 0.00000000E+00
 0.00000000E+00
 0.00000000E+00
 0.00000000E+00
 0.00000000E+00
 0.00000000E+00
 0.00000000E+00
 0.00000000E+00
 0.00000000E+00
 0.00000000E+00
 0.00000000E+00
 0.00000000E+00
 0.00000000E+00
 0.00000000E+00
 0.00000000E+00
 0.00000000E+00
 0.00000000E+00
 0.00000000E+00
 0.00000000E+00
 0.00000000E+00
 0.00000000E+00
 0.00000000E+00
 0.00000000E+00
 0.00000000E+00
 0.00000000E+00
 0.00000000E+00
 0.00000000E+00
 0.00000000E+00
 0.00000000E+00
 0.00000000E+00
 0.00000000E+00
 0.00000000E+00
 0.00000000E+00
 0.00000000E+00
 0.00000000E+00
 0.00000000E+00
 0.00000000E+00
 0.00000000E+00
 0.00000000E+00
 0.00000000E+00
 0.00000000E+00
 0.00000000E+00
 0.00000000E+00
 0.00000000E+00
 0.00000000E+00
 0.00000000E+00
 0.00000000E+00
 0.00000000E+00
 0.00000000E+00
 0.00000000E+00
 0.00000000E+00
 0.00000000E+00
 0.00000000E+00
 6.50199607E-01
 5.16144367E-01
 2.58626787E-01
 5.29922664E-02
 8.38053444E-02
 1.50734470E-02
 3.83444567E-05
 3.83444602E-05
 1.64627272E-01
 2.64954516E-02
 3.83444684E-05
 3.83444711E-05
 3.83444759E-05
 3.83443540E-05
 3.83443660E-05
 3.83443783E-05
 3.83443916E-05
 3.83444025E-05
 3.83444174E-05
 3.83444303E-05
 3.83444419E-05
 3.83444530E-05
 3.22290316E-02
 3.83444557E-05
 3.83444573E-05
 3.83444593E-05
 3.83444594E-05
 3.83444613E-05
 3.83444634E-05
 3.83444637E-05
 3.83444652E-05
 3.83444667E-05
 3.83444682E-05
 3.83444711E-05
 3.83444719E-05
 3.83444741E-05
 3.83444756E-05
 3.83444791E-05
 3.83444865E-05
 3.83444909E-05
 3.83444987E-05
 3.83445036E-05
 3.83445108E-05
 3.83445179E-05
 3.83445236E-05
 3.83445290E-05
 3.83444138E-05
 3.83444185E-05
 3.83444215E-05
 3.83444248E-05
 3.83444275E-05
 3.83444319E-05
 3.83444359E-05
 3.83444364E-05
 3.83444369E-05
 3.83444367E-05
 3.83444364E-05
 3.83444371E-05
 3.83444390E-05
 3.83444392E-05
 3.83444405E-05
 3.83444397E-05
 3.83444400E-05
 3.83444413E-05
 3.83444410E-05
 3.83444412E-05
 3.83444430E-05
 3.83444435E-05
 3.83444437E-05
 3.83444452E-05
 3.83444456E-05
 3.83444456E-05
 3.83444461E-05
 3.83444454E-05
 3.83444464E-05
 3.83444475E-05
 3.83444485E-05
 3.83444489E-05
 3.83444487E-05
 3.83444494E-05
 3.83444506E-05
 3.83444508E-05
 3.83444523E-05
 3.83444521E-05
 3.83444531E-05
 3.83444570E-05
 3.83444588E-05
 3.83444597E-05
 3.83444629E-05
 3.83444644E-05
 3.83444675E-05
 3.83444704E-05
 3.83444732E-05
 3.83444748E-05
 3.83444776E-05
 3.83444805E-05
 3.83444823E-05
 3.83444840E-05
 3.83444871E-05
 3.83444896E-05
 3.83444916E-05
 3.83444944E-05
 3.83444971E-05
 3.83445003E-05
 3.83445018E-05
 3.83445046E-05
 3.83445068E-05
 3.83445101E-05
 3.83445121E-05
 3.83445146E-05
 3.83445168E-05
 3.83445191E-05
 3.83445225E-05
 3.83445253E-05
 3.83445271E-05
 3.83445293E-05
 3.83445332E-05
 3.83445340E-05
 3.83445373E-05
 3.83445399E-05
 3.83445421E-05
 3.83445458E-05
 3.83445472E-05
 3.83445511E-05
 3.83445532E-05
 3.83445563E-05
 3.83445586E-05
 3.83445615E-05
 3.83445644E-05
 3.83445659E-05
 3.83445688E-05
 3.83445721E-05
 3.83445751E-05
 3.83445782E-05
 3.83445803E-05
 3.83445824E-05
 3.83444656E-05
 3.83444669E-05
 3.83444682E-05
 3.83444698E-05
 3.83444710E-05
 3.83444736E-05
 3.83444747E-05
 3.83444760E-05
 3.83444769E-05
 3.83444786E-05
 3.83444813E-05
 3.83444825E-05
 3.83444844E-05
 3.83444859E-05
 3.83444869E-05
 3.83444885E-05
 3.83444895E-05
 3.83444912E-05
 3.83444932E-05
 3.83444947E-05
 3.83444965E-05
 3.83444973E-05
 3.83444989E-05
 3.83445015E-05
 3.83445024E-05
 3.83445045E-05
 3.83445058E-05
 3.83445072E-05
 3.83445099E-05
 3.83445105E-05
 3.83445122E-05
 3.83445141E-05
 3.83445161E-05
 3.83445180E-05
 3.83445188E-05
 3.83445209E-05
 3.83445228E-05
 3.83445238E-05
 3.83445258E-05
 3.83445280E-05
 3.83445290E-05
 3.83445312E-05
 3.83445323E-05
 3.83445347E-05
 3.83445361E-05
 3.83445377E-05
 3.83445393E-05
 3.83445413E-05
 3.83445427E-05
 3.83445443E-05
 3.83445466E-05
 3.83445483E-05
 3.83445495E-05
 3.83445515E-05
 3.83445535E-05
 3.83445553E-05
 3.83445573E-05
 3.83445587E-05
 3.83445606E-05
 3.83445620E-05
 3.83445644E-05
 3.83445661E-05
 3.83445680E-05
 3.83445697E-05
 3.83445717E-05
 3.83445740E-05
 3.83445752E-05
 3.83445777E-05
 3.83445792E-05
 3.83443656E-05
 3.83443458E-05
 3.83443315E-05
 3.83444538E-05
 3.83444522E-05
 3.83444505E-05
 3.83444489E-05
 3.83444479E-05
 3.83444464E-05
 3.83444452E-05
 3.83444446E-05
 3.83444437E-05
 3.83444430E-05
 3.83444427E-05
 3.83444421E-05
 3.83444417E-05
 3.83444413E-05
 3.83444414E-05
 3.83444411E-05
 3.83444408E-05
 3.83444399E-05
 3.83444398E-05
 3.83444402E-05
 3.83444401E-05
 3.83444399E-05
 3.83444397E-05
 3.83444398E-05
 3.83444393E-05
 3.83444397E-05
 3.83444399E-05
 3.83444397E-05
 3.83444397E-05
 3.83444397E-05
 3.83444402E-05
 3.83444403E-05
 3.83444402E-05
 3.83444406E-05
 3.83444409E-05
 3.83444408E-05
 3.83444412E-05
 3.83444415E-05
 3.83444418E-05
 3.83444422E-05
 3.83444422E-05
 3.83444424E-05
 3.83444428E-05
 3.83444433E-05
 3.83444437E-05
 3.83444438E-05
 3.83444446E-05
 3.83444449E-05
 3.83444451E-05
 3.83444455E-05
 3.83444460E-05
 3.83444466E-05
 3.83444469E-05
 3.83444475E-05
 3.83444481E-05
 3.83444485E-05
 3.83444491E-05
 3.83444496E-05
 3.83444503E-05
 3.83444508E-05
 3.83444513E-05
 3.83444520E-05
 3.83444526E-05
 3.83444533E-05
 3.83444533E-05
 3.83444527E-05
 3.83444523E-05
 3.83444519E-05
 3.83444513E-05
 3.83444510E-05
 3.83444506E-05
 3.83444502E-05
 3.83444500E-05
 3.83444496E-05
 3.83444493E-05
 3.83444491E-05
 3.83444488E-05
 3.83444486E-05
 3.83444485E-05
 3.83444483E-05
 3.83444482E-05
 3.83444482E-05
 3.83444482E-05
 3.83444482E-05
 3.83444483E-05
 3.83444485E-05
 3.83444486E-05
 3.83444489E-05
 3.83444492E-05
 3.83444496E-05
 3.83444500E-05
 3.83444506E-05
 3.83444512E-05
 3.83444519E-05
 3.83444527E-05
 3.83444570E-05
 3.83444687E-05
 3.83444804E-05
 3.83444924E-05
 3.83445046E-05
 3.83444007E-05
 3.83444211E-05
 3.83444426E-05
 3.83444526E-05
 3.83444507E-05
 3.83444505E-05
 3.83444521E-05
 2.07446423E-04
 6.38422295E-04
 1.79800658E-03
 3.58704226E-04
 9.56014363E-05
 1.59387372E-04
 1.93684333E-04
 1.98506395E-04
 1.98656862E-04
 1.78254481E-04
 1.28731399E-04
 5.00839841E-05
 6.85207711E-05
 8.54234228E-05
 7.47213679E-05
 3.64030205E-05
 5.87818206E-02
 1.23775834E-01
 3.61459087E-01
 0.00000000E+00
 0.00000000E+00
 0.00000000E+00
 0.00000000E+00
 0.00000000E+00
 0.00000000E+00
 0.00000000E+00
 0.00000000E+00
 0.00000000E+00
 0.00000000E+00
 0.00000000E+00
 0.00000000E+00
 0.00000000E+00
 0.00000000E+00
 0.00000000E+00
 0.00000000E+00
 0.00000000E+00
 0.00000000E+00
 0.00000000E+00
 0.00000000E+00
 0.00000000E+00
 0.00000000E+00
 0.00000000E+00
 0.00000000E+00
 0.00000000E+00
 0.00000000E+00
 0.00000000E+00
 0.00000000E+00
 0.00000000E+00
 0.00000000E+00
 0.00000000E+00
 0.00000000E+00
 0.00000000E+00
 0.00000000E+00
 0.00000000E+00
 0.00000000E+00
 0.00000000E+00
 0.00000000E+00
 0.00000000E+00
 0.00000000E+00
 0.00000000E+00
 0.00000000E+00
 0.00000000E+00
 0.00000000E+00
 0.00000000E+00
 0.00000000E+00
 0.00000000E+00
 0.00000000E+00
 0.00000000E+00
 0.00000000E+00
 0.00000000E+00
 0.00000000E+00
 0.00000000E+00
 0.00000000E+00
 0.00000000E+00
 0.00000000E+00
 0.00000000E+00
 0.00000000E+00
 0.00000000E+00
 0.00000000E+00
 0.00000000E+00
 0.00000000E+00
 0.00000000E+00
 0.00000000E+00
 0.00000000E+00
 0.00000000E+00
 0.00000000E+00
 0.00000000E+00
 0.00000000E+00
 0.00000000E+00
 0.00000000E+00
 0.00000000E+00
 0.00000000E+00
 0.00000000E+00
 0.00000000E+00
 0.00000000E+00
 0.00000000E+00
 0.00000000E+00
 0.00000000E+00
 0.00000000E+00
 0.00000000E+00
 0.00000000E+00
 0.00000000E+00
 0.00000000E+00
 0.00000000E+00
 0.00000000E+00
 0.00000000E+00
 0.00000000E+00
 0.00000000E+00
 0.00000000E+00
 0.00000000E+00
 0.00000000E+00
 0.00000000E+00
 0.00000000E+00
 0.00000000E+00
 0.00000000E+00
 0.00000000E+00
 0.00000000E+00
 0.00000000E+00
 0.00000000E+00
 0.00000000E+00
 0.00000000E+00
 0.00000000E+00
 0.00000000E+00
 0.00000000E+00
 0.00000000E+00
 0.00000000E+00
 0.00000000E+00
 0.00000000E+00
 0.00000000E+00
 0.00000000E+00
 0.00000000E+00
 0.00000000E+00
 0.00000000E+00
 0.00000000E+00
 0.00000000E+00
 0.00000000E+00
 0.00000000E+00
 0.00000000E+00
 0.00000000E+00
 0.00000000E+00
 0.00000000E+00
 0.00000000E+00
 0.00000000E+00
 0.00000000E+00
 0.00000000E+00
 0.00000000E+00
 0.00000000E+00
 0.00000000E+00
 0.00000000E+00
 0.00000000E+00
 0.00000000E+00
 0.00000000E+00
 0.00000000E+00
 0.00000000E+00
 0.00000000E+00
 0.00000000E+00
 0.00000000E+00
 0.00000000E+00
 0.00000000E+00
 0.00000000E+00
 0.00000000E+00
 0.00000000E+00
 0.00000000E+00
 0.00000000E+00
 0.00000000E+00
 0.00000000E+00
 0.00000000E+00
 0.00000000E+00
 0.00000000E+00
 0.00000000E+00
 0.00000000E+00
 0.00000000E+00
 0.00000000E+00
 0.00000000E+00
 0.00000000E+00
 0.00000000E+00
 0.00000000E+00
 0.00000000E+00
 0.00000000E+00
 0.00000000E+00
 0.00000000E+00
 0.00000000E+00
 0.00000000E+00
 0.00000000E+00
 0.00000000E+00
 6.71503793E-01
 5.45613031E-01
 2.82139897E-01
 4.16221424E-02
 7.87037395E-02
 1.41578784E-02
 3.84713212E-05
 3.84713217E-05
 1.68071953E-01
 2.70504123E-02
 3.84713309E-05
 3.84713334E-05
 3.84713375E-05
 3.84712147E-05
 3.84712271E-05
 3.84712416E-05
 3.84712516E-05
 3.84712651E-05
 3.84712782E-05
 3.84712929E-05
 3.84713054E-05
 3.84713169E-05
 3.29025883E-02
 3.84713200E-05
 3.84713192E-05
 3.84713209E-05
 3.84713222E-05
 3.84713242E-05
 3.84713261E-05
 3.84713274E-05
 3.84713291E-05
 3.84713286E-05
 3.84713312E-05
 3.84713336E-05
 3.84713346E-05
 3.84713356E-05
 3.84713372E-05
 3.84713407E-05
 3.84713490E-05
 3.84713534E-05
 3.84713609E-05
 3.84713665E-05
 3.84713737E-05
 3.84713803E-05
 3.84713864E-05
 3.84713940E-05
 3.84712760E-05
 3.84712804E-05
 3.84712835E-05
 3.84712875E-05
 3.84712917E-05
 3.84712951E-05
 3.84712978E-05
 3.84712983E-05
 3.84712992E-05
 3.84713007E-05
 3.84713002E-05
 3.84712998E-05
 3.84713011E-05
 3.84713023E-05
 3.84713025E-05
 3.84713023E-05
 3.84713023E-05
 3.84713033E-05
 3.84713048E-05
 3.84713046E-05
 3.84713059E-05
 3.84713051E-05
 3.84713060E-05
 3.84713076E-05
 3.84713086E-05
 3.84713084E-05
 3.84713083E-05
 3.84713087E-05
 3.84713094E-05
 3.84713107E-05
 3.84713105E-05
 3.84713110E-05
 3.84713125E-05
 3.84713128E-05
 3.84713135E-05
 3.84713128E-05
 3.84713151E-05
 3.84713142E-05
 3.84713164E-05
 3.84713189E-05
 3.84713204E-05
 3.84713243E-05
 3.84713264E-05
 3.84713285E-05
 3.84713307E-05
 3.84713334E-05
 3.84713361E-05
 3.84713376E-05
 3.84713393E-05
 3.84713432E-05
 3.84713453E-05
 3.84713487E-05
 3.84713501E-05
 3.84713523E-05
 3.84713551E-05
 3.84713584E-05
 3.84713604E-05
 3.84713621E-05
 3.84713654E-05
 3.84713677E-05
 3.84713694E-05
 3.84713730E-05
 3.84713755E-05
 3.84713767E-05
 3.84713804E-05
 3.84713835E-05
 3.84713849E-05
 3.84713880E-05
 3.84713901E-05
 3.84713936E-05
 3.84713957E-05
 3.84713988E-05
 3.84714012E-05
 3.84714043E-05
 3.84714066E-05
 3.84714088E-05
 3.84714107E-05
 3.84714139E-05
 3.84714166E-05
 3.84714196E-05
 3.84714218E-05
 3.84714256E-05
 3.84714276E-05
 3.84714308E-05
 3.84714322E-05
 3.84714354E-05
 3.84714391E-05
 3.84714414E-05
 3.84714438E-05
 3.84714471E-05
 3.84713279E-05
 3.84713305E-05
 3.84713320E-05
 3.84713321E-05
 3.84713346E-05
 3.84713356E-05
 3.84713377E-05
 3.84713385E-05
 3.84713401E-05
 3.84713426E-05
 3.84713433E-05
 3.84713449E-05
 3.84713472E-05
 3.84713478E-05
 3.84713502E-05
 3.84713509E-05
 3.84713531E-05
 3.84713546E-05
 3.84713565E-05
 3.84713578E-05
 3.84713593E-05
 3.84713612E-05
 3.84713622E-05
 3.84713645E-05
 3.84713659E-05
 3.84713674E-05
 3.84713691E-05
 3.84713708E-05
 3.84713725E-05
 3.84713743E-05
 3.84713761E-05
 3.84713770E-05
 3.84713787E-05
 3.84713805E-05
 3.84713824E-05
 3.84713840E-05
 3.84713855E-05
 3.84713872E-05
 3.84713885E-05
 3.84713910E-05
 3.84713924E-05
 3.84713938E-05
 3.84713963E-05
 3.84713976E-05
 3.84713989E-05
 3.84714005E-05
 3.84714031E-05
 3.84714041E-05
 3.84714060E-05
 3.84714083E-05
 3.84714101E-05
 3.84714112E-05
 3.84714131E-05
 3.84714154E-05
 3.84714166E-05
 3.84714187E-05
 3.84714209E-05
 3.84714223E-05
 3.84714241E-05
 3.84714256E-05
 3.84714279E-05
 3.84714294E-05
 3.84714312E-05
 3.84714336E-05
 3.84714352E-05
 3.84714371E-05
 3.84714389E-05
 3.84714410E-05
 3.84714428E-05
 3.84712306E-05
 3.84712091E-05
 3.84711950E-05
 3.84713163E-05
 3.84713150E-05
 3.84713132E-05
 3.84713119E-05
 3.84713100E-05
 3.84713095E-05
 3.84713082E-05
 3.84713073E-05
 3.84713065E-05
 3.84713058E-05
 3.84713051E-05
 3.84713045E-05
 3.84713047E-05
 3.84713040E-05
 3.84713034E-05
 3.84713032E-05
 3.84713030E-05
 3.84713025E-05
 3.84713030E-05
 3.84713025E-05
 3.84713022E-05
 3.84713024E-05
 3.84713021E-05
 3.84713020E-05
 3.84713023E-05
 3.84713025E-05
 3.84713025E-05
 3.84713024E-05
 3.84713023E-05
 3.84713026E-05
 3.84713025E-05
 3.84713029E-05
 3.84713028E-05
 3.84713034E-05
 3.84713036E-05
 3.84713037E-05
 3.84713039E-05
 3.84713039E-05
 3.84713044E-05
 3.84713047E-05
 3.84713050E-05
 3.84713055E-05
 3.84713056E-05
 3.84713059E-05
 3.84713065E-05
 3.84713068E-05
 3.84713073E-05
 3.84713076E-05
 3.84713080E-05
 3.84713084E-05
 3.84713088E-05
 3.84713094E-05
 3.84713098E-05
 3.84713102E-05
 3.84713109E-05
 3.84713113E-05
 3.84713119E-05
 3.84713124E-05
 3.84713129E-05
 3.84713136E-05
 3.84713142E-05
 3.84713148E-05
 3.84713156E-05
 3.84713162E-05
 3.84713161E-05
 3.84713156E-05
 3.84713151E-05
 3.84713147E-05
 3.84713142E-05
 3.84713137E-05
 3.84713134E-05
 3.84713131E-05
 3.84713128E-05
 3.84713124E-05
 3.84713122E-05
 3.84713119E-05
 3.84713117E-05
 3.84713115E-05
 3.84713113E-05
 3.84713111E-05
 3.84713111E-05
 3.84713110E-05
 3.84713110E-05
 3.84713110E-05
 3.84713111E-05
 3.84713113E-05
 3.84713115E-05
 3.84713117E-05
 3.84713120E-05
 3.84713124E-05
 3.84713129E-05
 3.84713134E-05
 3.84713140E-05
 3.84713148E-05
 3.84713156E-05
 3.84713199E-05
 3.84713317E-05
 3.84713436E-05
 3.84713557E-05
 3.84713679E-05
 3.84712631E-05
 3.84712836E-05
 3.84713054E-05
 3.84713154E-05
 3.84713136E-05
 3.84713134E-05
 3.84713149E-05
 1.92349951E-04
 5.97077743E-04
 1.74565645E-03
 3.43079591E-04
 9.56006025E-05
 1.59158875E-04
 1.93180934E-04
 1.97681103E-04
 1.97981357E-04
 1.77868613E-04
 1.28596109E-04
 5.01604518E-05
 6.86781039E-05
 8.56035161E-05
 7.48854132E-05
 3.65123907E-05
 5.51991504E-02
 1.16235918E-01
 3.53521544E-01
 0.00000000E+00
 0.00000000E+00
 0.00000000E+00
 0.00000000E+00
 0.00000000E+00
 0.00000000E+00
 0.00000000E+00
 0.00000000E+00
 0.00000000E+00
 0.00000000E+00
 0.00000000E+00
 0.00000000E+00
 0.00000000E+00
 0.00000000E+00
 0.00000000E+00
 0.00000000E+00
 0.00000000E+00
 0.00000000E+00
 0.00000000E+00
 0.00000000E+00
 0.00000000E+00
 0.00000000E+00
 0.00000000E+00
 0.00000000E+00
 0.00000000E+00
 0.00000000E+00
 0.00000000E+00
 0.00000000E+00
 0.00000000E+00
 0.00000000E+00
 0.00000000E+00
 0.00000000E+00
 0.00000000E+00
 0.00000000E+00
 0.00000000E+00
 0.00000000E+00
 0.00000000E+00
 0.00000000E+00
 0.00000000E+00
 0.00000000E+00
 0.00000000E+00
 0.00000000E+00
 0.00000000E+00
 0.00000000E+00
 0.00000000E+00
 0.00000000E+00
 0.00000000E+00
 0.00000000E+00
 0.00000000E+00
 0.00000000E+00
 0.00000000E+00
 0.00000000E+00
 0.00000000E+00
 0.00000000E+00
 0.00000000E+00
 0.00000000E+00
 0.00000000E+00
 0.00000000E+00
 0.00000000E+00
 0.00000000E+00
 0.00000000E+00
 0.00000000E+00
 0.00000000E+00
 0.00000000E+00
 0.00000000E+00
 0.00000000E+00
 0.00000000E+00
 0.00000000E+00
 0.00000000E+00
 0.00000000E+00
 0.00000000E+00
 0.00000000E+00
 0.00000000E+00
 0.00000000E+00
 0.00000000E+00
 0.00000000E+00
 0.00000000E+00
 0.00000000E+00
 0.00000000E+00
 0.00000000E+00
 0.00000000E+00
 0.00000000E+00
 0.00000000E+00
 0.00000000E+00
 0.00000000E+00
 0.00000000E+00
 0.00000000E+00
 0.00000000E+00
 0.00000000E+00
 0.00000000E+00
 0.00000000E+00
 0.00000000E+00
 0.00000000E+00
 0.00000000E+00
 0.00000000E+00
 0.00000000E+00
 0.00000000E+00
 0.00000000E+00
 0.00000000E+00
 0.00000000E+00
 0.00000000E+00
 0.00000000E+00
 0.00000000E+00
 0.00000000E+00
 0.00000000E+00
 0.00000000E+00
 0.00000000E+00
 0.00000000E+00
 0.00000000E+00
 0.00000000E+00
 0.00000000E+00
 0.00000000E+00
 0.00000000E+00
 0.00000000E+00
 0.00000000E+00
 0.00000000E+00
 0.00000000E+00
 0.00000000E+00
 0.00000000E+00
 0.00000000E+00
 0.00000000E+00
 0.00000000E+00
 0.00000000E+00
 0.00000000E+00
 0.00000000E+00
 0.00000000E+00
 0.00000000E+00
 0.00000000E+00
 0.00000000E+00
 0.00000000E+00
 0.00000000E+00
 0.00000000E+00
 0.00000000E+00
 0.00000000E+00
 0.00000000E+00
 0.00000000E+00
 0.00000000E+00
 0.00000000E+00
 0.00000000E+00
 0.00000000E+00
 0.00000000E+00
 0.00000000E+00
 0.00000000E+00
 0.00000000E+00
 0.00000000E+00
 0.00000000E+00
 0.00000000E+00
 0.00000000E+00
 0.00000000E+00
 0.00000000E+00
 0.00000000E+00
 0.00000000E+00
 0.00000000E+00
 0.00000000E+00
 0.00000000E+00
 0.00000000E+00
 0.00000000E+00
 0.00000000E+00
 0.00000000E+00
 0.00000000E+00
 0.00000000E+00
 0.00000000E+00
 0.00000000E+00
 0.00000000E+00
 0.00000000E+00
 0.00000000E+00
 0.00000000E+00
 5.75034618E-01
 3.05615554E-01
 3.02699111E-02
 7.36099711E-02
 1.32434589E-02
 3.82843189E-05
 3.82843207E-05
 1.71511376E-01
 2.76047889E-02
 3.82843293E-05
 3.82843320E-05
 3.82843341E-05
 3.82842121E-05
 3.82842247E-05
 3.82842385E-05
 3.82842519E-05
 3.82842639E-05
 3.82842785E-05
 3.82842903E-05
 3.82843034E-05
 3.82843148E-05
 3.35747417E-02
 3.82843176E-05
 3.82843190E-05
 3.82843199E-05
 3.82843217E-05
 3.82843237E-05
 3.82843230E-05
 3.82843244E-05
 3.82843264E-05
 3.82843290E-05
 3.82843301E-05
 3.82843313E-05
 3.82843329E-05
 3.82843352E-05
 3.82843365E-05
 3.82843388E-05
 3.82843461E-05
 3.82843521E-05
 3.82843586E-05
 3.82843665E-05
 3.82843718E-05
 3.82843790E-05
 3.82843855E-05
 3.82842718E-05
 3.82842764E-05
 3.82842789E-05
 3.82842815E-05
 3.82842853E-05
 3.82842888E-05
 3.82842946E-05
 3.82842962E-05
 3.82842977E-05
 3.82842984E-05
 3.82842982E-05
 3.82842995E-05
 3.82843003E-05
 3.82843014E-05
 3.82843014E-05
 3.82843024E-05
 3.82843026E-05
 3.82843030E-05
 3.82843024E-05
 3.82843034E-05
 3.82843048E-05
 3.82843036E-05
 3.82843056E-05
 3.82843050E-05
 3.82843057E-05
 3.82843069E-05
 3.82843067E-05
 3.82843080E-05
 3.82843079E-05
 3.82843094E-05
 3.82843102E-05
 3.82843087E-05
 3.82843114E-05
 3.82843112E-05
 3.82843112E-05
 3.82843117E-05
 3.82843116E-05
 3.82843131E-05
 3.82843141E-05
 3.82843154E-05
 3.82843179E-05
 3.82843207E-05
 3.82843222E-05
 3.82843254E-05
 3.82843282E-05
 3.82843291E-05
 3.82843323E-05
 3.82843345E-05
 3.82843373E-05
 3.82843387E-05
 3.82843418E-05
 3.82843443E-05
 3.82843463E-05
 3.82843492E-05
 3.82843513E-05
 3.82843536E-05
 3.82843576E-05
 3.82843601E-05
 3.82843620E-05
 3.82843648E-05
 3.82843671E-05
 3.82843696E-05
 3.82843724E-05
 3.82843754E-05
 3.82843780E-05
 3.82843802E-05
 3.82843814E-05
 3.82843850E-05
 3.82843873E-05
 3.82843895E-05
 3.82843931E-05
 3.82843952E-05
 3.82843973E-05
 3.82844007E-05
 3.82844027E-05
 3.82844060E-05
 3.82844081E-05
 3.82844109E-05
 3.82844134E-05
 3.82844163E-05
 3.82844194E-05
 3.82844213E-05
 3.82844244E-05
 3.82844273E-05
 3.82844294E-05
 3.82844336E-05
 3.82844351E-05
 3.82844382E-05
 3.82844412E-05
 3.82844437E-05
 3.82843257E-05
 3.82843270E-05
 3.82843294E-05
 3.82843306E-05
 3.82843326E-05
 3.82843335E-05
 3.82843354E-05
 3.82843368E-05
 3.82843381E-05
 3.82843391E-05
 3.82843418E-05
 3.82843431E-05
 3.82843450E-05
 3.82843462E-05
 3.82843480E-05
 3.82843492E-05
 3.82843510E-05
 3.82843530E-05
 3.82843543E-05
 3.82843560E-05
 3.82843568E-05
 3.82843580E-05
 3.82843604E-05
 3.82843617E-05
 3.82843635E-05
 3.82843652E-05
 3.82843670E-05
 3.82843688E-05
 3.82843695E-05
 3.82843722E-05
 3.82843730E-05
 3.82843746E-05
 3.82843763E-05
 3.82843788E-05
 3.82843802E-05
 3.82843815E-05
 3.82843836E-05
 3.82843847E-05
 3.82843866E-05
 3.82843883E-05
 3.82843899E-05
 3.82843914E-05
 3.82843939E-05
 3.82843954E-05
 3.82843965E-05
 3.82843987E-05
 3.82844011E-05
 3.82844023E-05
 3.82844038E-05
 3.82844063E-05
 3.82844072E-05
 3.82844092E-05
 3.82844117E-05
 3.82844126E-05
 3.82844143E-05
 3.82844165E-05
 3.82844185E-05
 3.82844206E-05
 3.82844219E-05
 3.82844237E-05
 3.82844257E-05
 3.82844277E-05
 3.82844297E-05
 3.82844312E-05
 3.82844332E-05
 3.82844350E-05
 3.82844373E-05
 3.82844386E-05
 3.82844408E-05
 3.82844429E-05
 3.82842310E-05
 3.82842085E-05
 3.82841939E-05
 3.82843155E-05
 3.82843136E-05
 3.82843117E-05
 3.82843101E-05
 3.82843088E-05
 3.82843080E-05
 3.82843072E-05
 3.82843059E-05
 3.82843054E-05
 3.82843048E-05
 3.82843039E-05
 3.82843035E-05
 3.82843030E-05
 3.82843026E-05
 3.82843022E-05
 3.82843019E-05
 3.82843020E-05
 3.82843017E-05
 3.82843012E-05
 3.82843012E-05
 3.82843009E-05
 3.82843011E-05
 3.82843009E-05
 3.82843007E-05
 3.82843009E-05
 3.82843008E-05
 3.82843010E-05
 3.82843009E-05
 3.82843012E-05
 3.82843013E-05
 3.82843013E-05
 3.82843014E-05
 3.82843017E-05
 3.82843019E-05
 3.82843019E-05
 3.82843024E-05
 3.82843025E-05
 3.82843030E-05
 3.82843034E-05
 3.82843033E-05
 3.82843039E-05
 3.82843041E-05
 3.82843045E-05
 3.82843050E-05
 3.82843052E-05
 3.82843056E-05
 3.82843061E-05
 3.82843062E-05
 3.82843069E-05
 3.82843073E-05
 3.82843078E-05
 3.82843082E-05
 3.82843086E-05
 3.82843091E-05
 3.82843096E-05
 3.82843101E-05
 3.82843108E-05
 3.82843112E-05
 3.82843118E-05
 3.82843125E-05
 3.82843130E-05
 3.82843138E-05
 3.82843145E-05
 3.82843152E-05
 3.82843151E-05
 3.82843145E-05
 3.82843140E-05
 3.82843135E-05
 3.82843132E-05
 3.82843127E-05
 3.82843124E-05
 3.82843121E-05
 3.82843117E-05
 3.82843114E-05
 3.82843110E-05
 3.82843107E-05
 3.82843106E-05
 3.82843104E-05
 3.82843102E-05
 3.82843101E-05
 3.82843100E-05
 3.82843099E-05
 3.82843099E-05
 3.82843100E-05
 3.82843100E-05
 3.82843102E-05
 3.82843104E-05
 3.82843106E-05
 3.82843109E-05
 3.82843113E-05
 3.82843118E-05
 3.82843123E-05
 3.82843130E-05
 3.82843137E-05
 3.82843145E-05
 3.82843189E-05
 3.82843307E-05
 3.82843427E-05
 3.82843549E-05
 3.82843672E-05
 3.82842616E-05
 3.82842824E-05
 3.82843042E-05
 3.82843144E-05
 3.82843126E-05
 3.82843124E-05
 3.82843139E-05
 1.77591258E-04
 5.56112902E-04
 1.69370331E-03
 3.27790492E-04
 9.52943303E-05
 1.58629790E-04
 1.92381791E-04
 1.96564903E-04
 1.97018929E-04
 1.77199504E-04
 1.28181250E-04
 4.99610148E-05
 6.85633042E-05
 8.55152680E-05
 7.47849048E-05
 3.63609924E-05
 5.16224403E-02
 1.08708234E-01
 3.45596781E-01
 0.00000000E+00
 0.00000000E+00
 0.00000000E+00
 0.00000000E+00
 0.00000000E+00
 0.00000000E+00
 0.00000000E+00
 0.00000000E+00
 0.00000000E+00
 0.00000000E+00
 0.00000000E+00
 0.00000000E+00
 0.00000000E+00
 0.00000000E+00
 0.00000000E+00
 0.00000000E+00
 0.00000000E+00
 0.00000000E+00
 0.00000000E+00
 0.00000000E+00
 0.00000000E+00
 0.00000000E+00
 0.00000000E+00
 0.00000000E+00
 0.00000000E+00
 0.00000000E+00
 0.00000000E+00
 0.00000000E+00
 0.00000000E+00
 0.00000000E+00
 0.00000000E+00
 0.00000000E+00
 0.00000000E+00
 0.00000000E+00
 0.00000000E+00
 0.00000000E+00
 0.00000000E+00
 0.00000000E+00
 0.00000000E+00
 0.00000000E+00
 0.00000000E+00
 0.00000000E+00
 0.00000000E+00
 0.00000000E+00
 0.00000000E+00
 0.00000000E+00
 0.00000000E+00
 0.00000000E+00
 0.00000000E+00
 0.00000000E+00
 0.00000000E+00
 0.00000000E+00
 0.00000000E+00
 0.00000000E+00
 0.00000000E+00
 0.00000000E+00
 0.00000000E+00
 0.00000000E+00
 0.00000000E+00
 0.00000000E+00
 0.00000000E+00
 0.00000000E+00
 0.00000000E+00
 0.00000000E+00
 0.00000000E+00
 0.00000000E+00
 0.00000000E+00
 0.00000000E+00
 0.00000000E+00
 0.00000000E+00
 0.00000000E+00
 0.00000000E+00
 0.00000000E+00
 0.00000000E+00
 0.00000000E+00
 0.00000000E+00
 0.00000000E+00
 0.00000000E+00
 0.00000000E+00
 0.00000000E+00
 0.00000000E+00
 0.00000000E+00
 0.00000000E+00
 0.00000000E+00
 0.00000000E+00
 0.00000000E+00
 0.00000000E+00
 0.00000000E+00
 0.00000000E+00
 0.00000000E+00
 0.00000000E+00
 0.00000000E+00
 0.00000000E+00
 0.00000000E+00
 0.00000000E+00
 0.00000000E+00
 0.00000000E+00
 0.00000000E+00
 0.00000000E+00
 0.00000000E+00
 0.00000000E+00
 0.00000000E+00
 0.00000000E+00
 0.00000000E+00
 0.00000000E+00
 0.00000000E+00
 0.00000000E+00
 0.00000000E+00
 0.00000000E+00
 0.00000000E+00
 0.00000000E+00
 0.00000000E+00
 0.00000000E+00
 0.00000000E+00
 0.00000000E+00
 0.00000000E+00
 0.00000000E+00
 0.00000000E+00
 0.00000000E+00
 0.00000000E+00
 0.00000000E+00
 0.00000000E+00
 0.00000000E+00
 0.00000000E+00
 0.00000000E+00
 0.00000000E+00
 0.00000000E+00
 0.00000000E+00
 0.00000000E+00
 0.00000000E+00
 0.00000000E+00
 0.00000000E+00
 0.00000000E+00
 0.00000000E+00
 0.00000000E+00
 0.00000000E+00
 0.00000000E+00
 0.00000000E+00
 0.00000000E+00
 0.00000000E+00
 0.00000000E+00
 0.00000000E+00
 0.00000000E+00
 0.00000000E+00
 0.00000000E+00
 0.00000000E+00
 0.00000000E+00
 0.00000000E+00
 0.00000000E+00
 0.00000000E+00
 0.00000000E+00
 0.00000000E+00
 0.00000000E+00
 0.00000000E+00
 0.00000000E+00
 0.00000000E+00
 0.00000000E+00
 0.00000000E+00
 0.00000000E+00
 0.00000000E+00
 0.00000000E+00
 0.00000000E+00
 0.00000000E+00
 0.00000000E+00
 0.00000000E+00
 0.00000000E+00
 0.00000000E+00
 6.04409213E-01
 3.29053828E-01
 1.89355399E-02
 6.85240248E-02
 1.23301861E-02
 3.77839512E-05
 3.77839535E-05
 1.74945549E-01
 2.81585825E-02
 3.77839609E-05
 3.77839614E-05
 3.77839665E-05
 3.77838439E-05
 3.77838568E-05
 3.77838697E-05
 3.77838839E-05
 3.77838965E-05
 3.77839104E-05
 3.77839209E-05
 3.77839349E-05
 3.77839458E-05
 3.42454943E-02
 3.77839500E-05
 3.77839511E-05
 3.77839510E-05
 3.77839533E-05
 3.77839552E-05
 3.77839554E-05
 3.77839579E-05
 3.77839591E-05
 3.77839610E-05
 3.77839626E-05
 3.77839632E-05
 3.77839639E-05
 3.77839667E-05
 3.77839680E-05
 3.77839711E-05
 3.77839784E-05
 3.77839841E-05
 3.77839916E-05
 3.77839980E-05
 3.77840047E-05
 3.77840122E-05
 3.77840189E-05
 3.77839044E-05
 3.77839075E-05
 3.77839105E-05
 3.77839145E-05
 3.77839182E-05
 3.77839233E-05
 3.77839268E-05
 3.77839291E-05
 3.77839312E-05
 3.77839308E-05
 3.77839326E-05
 3.77839321E-05
 3.77839331E-05
 3.77839333E-05
 3.77839345E-05
 3.77839349E-05
 3.77839340E-05
 3.77839350E-05
 3.77839346E-05
 3.77839358E-05
 3.77839368E-05
 3.77839371E-05
 3.77839369E-05
 3.77839376E-05
 3.77839384E-05
 3.77839400E-05
 3.77839398E-05
 3.77839396E-05
 3.77839393E-05
 3.77839420E-05
 3.77839421E-05
 3.77839429E-05
 3.77839425E-05
 3.77839427E-05
 3.77839446E-05
 3.77839446E-05
 3.77839445E-05
 3.77839452E-05
 3.77839466E-05
 3.77839482E-05
 3.77839510E-05
 3.77839524E-05
 3.77839553E-05
 3.77839577E-05
 3.77839601E-05
 3.77839612E-05
 3.77839649E-05
 3.77839672E-05
 3.77839696E-05
 3.77839722E-05
 3.77839745E-05
 3.77839777E-05
 3.77839802E-05
 3.77839817E-05
 3.77839849E-05
 3.77839870E-05
 3.77839888E-05
 3.77839915E-05
 3.77839941E-05
 3.77839969E-05
 3.77840004E-05
 3.77840013E-05
 3.77840048E-05
 3.77840080E-05
 3.77840096E-05
 3.77840131E-05
 3.77840143E-05
 3.77840174E-05
 3.77840201E-05
 3.77840227E-05
 3.77840251E-05
 3.77840279E-05
 3.77840313E-05
 3.77840339E-05
 3.77840363E-05
 3.77840384E-05
 3.77840416E-05
 3.77840441E-05
 3.77840471E-05
 3.77840492E-05
 3.77840525E-05
 3.77840543E-05
 3.77840569E-05
 3.77840604E-05
 3.77840629E-05
 3.77840656E-05
 3.77840684E-05
 3.77840709E-05
 3.77840745E-05
 3.77839565E-05
 3.77839576E-05
 3.77839597E-05
 3.77839607E-05
 3.77839626E-05
 3.77839642E-05
 3.77839658E-05
 3.77839671E-05
 3.77839692E-05
 3.77839707E-05
 3.77839720E-05
 3.77839738E-05
 3.77839752E-05
 3.77839771E-05
 3.77839783E-05
 3.77839803E-05
 3.77839813E-05
 3.77839827E-05
 3.77839844E-05
 3.77839868E-05
 3.77839877E-05
 3.77839893E-05
 3.77839910E-05
 3.77839927E-05
 3.77839945E-05
 3.77839962E-05
 3.77839981E-05
 3.77840001E-05
 3.77840008E-05
 3.77840026E-05
 3.77840042E-05
 3.77840057E-05
 3.77840082E-05
 3.77840095E-05
 3.77840115E-05
 3.77840124E-05
 3.77840141E-05
 3.77840157E-05
 3.77840180E-05
 3.77840190E-05
 3.77840210E-05
 3.77840227E-05
 3.77840241E-05
 3.77840265E-05
 3.77840286E-05
 3.77840295E-05
 3.77840315E-05
 3.77840333E-05
 3.77840351E-05
 3.77840371E-05
 3.77840390E-05
 3.77840410E-05
 3.77840424E-05
 3.77840440E-05
 3.77840460E-05
 3.77840475E-05
 3.77840498E-05
 3.77840518E-05
 3.77840535E-05
 3.77840547E-05
 3.77840568E-05
 3.77840587E-05
 3.77840602E-05
 3.77840627E-05
 3.77840643E-05
 3.77840666E-05
 3.77840680E-05
 3.77840704E-05
 3.77840718E-05
 3.77840741E-05
 3.77840756E-05
 3.77838662E-05
 3.77838421E-05
 3.77838263E-05
 3.77839482E-05
 3.77839460E-05
 3.77839444E-05
 3.77839424E-05
 3.77839418E-05
 3.77839399E-05
 3.77839394E-05
 3.77839386E-05
 3.77839375E-05
 3.77839370E-05
 3.77839363E-05
 3.77839357E-05
 3.77839350E-05
 3.77839346E-05
 3.77839345E-05
 3.77839337E-05
 3.77839341E-05
 3.77839335E-05
 3.77839332E-05
 3.77839332E-05
 3.77839332E-05
 3.77839331E-05
 3.77839328E-05
 3.77839332E-05
 3.77839330E-05
 3.77839332E-05
 3.77839328E-05
 3.77839332E-05
 3.77839332E-05
 3.77839334E-05
 3.77839334E-05
 3.77839338E-05
 3.77839339E-05
 3.77839341E-05
 3.77839345E-05
 3.77839346E-05
 3.77839347E-05
 3.77839350E-05
 3.77839354E-05
 3.77839356E-05
 3.77839360E-05
 3.77839360E-05
 3.77839366E-05
 3.77839371E-05
 3.77839373E-05
 3.77839377E-05
 3.77839381E-05
 3.77839385E-05
 3.77839388E-05
 3.77839394E-05
 3.77839399E-05
 3.77839404E-05
 3.77839409E-05
 3.77839412E-05
 3.77839419E-05
 3.77839424E-05
 3.77839429E-05
 3.77839435E-05
 3.77839441E-05
 3.77839446E-05
 3.77839452E-05
 3.77839461E-05
 3.77839466E-05
 3.77839472E-05
 3.77839472E-05
 3.77839467E-05
 3.77839463E-05
 3.77839458E-05
 3.77839453E-05
 3.77839450E-05
 3.77839445E-05
 3.77839442E-05
 3.77839438E-05
 3.77839436E-05
 3.77839433E-05
 3.77839430E-05
 3.77839428E-05
 3.77839426E-05
 3.77839424E-05
 3.77839423E-05
 3.77839422E-05
 3.77839421E-05
 3.77839421E-05
 3.77839421E-05
 3.77839422E-05
 3.77839424E-05
 3.77839426E-05
 3.77839428E-05
 3.77839431E-05
 3.77839435E-05
 3.77839440E-05
 3.77839445E-05
 3.77839452E-05
 3.77839459E-05
 3.77839468E-05
 3.77839511E-05
 3.77839630E-05
 3.77839752E-05
 3.77839874E-05
 3.77839999E-05
 3.77838934E-05
 3.77839144E-05
 3.77839363E-05
 3.77839467E-05
 3.77839449E-05
 3.77839445E-05
 3.77839462E-05
 1.63169803E-04
 5.15527157E-04
 1.64214650E-03
 3.12836341E-04
 9.46831530E-05
 1.57800644E-04
 1.91287423E-04
 1.95158310E-04
 1.95770087E-04
 1.76247656E-04
 1.27487320E-04
 4.94861664E-05
 6.81768600E-05
 8.51591615E-05
 7.44203202E-05
 3.59492975E-05
 4.80516790E-02
 1.01192759E-01
 3.37684772E-01
 0.00000000E+00
 0.00000000E+00
 0.00000000E+00
 0.00000000E+00
 0.00000000E+00
 0.00000000E+00
 0.00000000E+00
 0.00000000E+00
 0.00000000E+00
 0.00000000E+00
 0.00000000E+00
 0.00000000E+00
 0.00000000E+00
 0.00000000E+00
 0.00000000E+00
 0.00000000E+00
 0.00000000E+00
 0.00000000E+00
 0.00000000E+00
 0.00000000E+00
 0.00000000E+00
 0.00000000E+00
 0.00000000E+00
 0.00000000E+00
 0.00000000E+00
 0.00000000E+00
 0.00000000E+00
 0.00000000E+00
 0.00000000E+00
 0.00000000E+00
 0.00000000E+00
 0.00000000E+00
 0.00000000E+00
 0.00000000E+00
 0.00000000E+00
 0.00000000E+00
 0.00000000E+00
 0.00000000E+00
 0.00000000E+00
 0.00000000E+00
 0.00000000E+00
 0.00000000E+00
 0.00000000E+00
 0.00000000E+00
 0.00000000E+00
 0.00000000E+00
 0.00000000E+00
 0.00000000E+00
 0.00000000E+00
 0.00000000E+00
 0.00000000E+00
 0.00000000E+00
 0.00000000E+00
 0.00000000E+00
 0.00000000E+00
 0.00000000E+00
 0.00000000E+00
 0.00000000E+00
 0.00000000E+00
 0.00000000E+00
 0.00000000E+00
 0.00000000E+00
 0.00000000E+00
 0.00000000E+00
 0.00000000E+00
 0.00000000E+00
 0.00000000E+00
 0.00000000E+00
 0.00000000E+00
 0.00000000E+00
 0.00000000E+00
 0.00000000E+00
 0.00000000E+00
 0.00000000E+00
 0.00000000E+00
 0.00000000E+00
 0.00000000E+00
 0.00000000E+00
 0.00000000E+00
 0.00000000E+00
 0.00000000E+00
 0.00000000E+00
 0.00000000E+00
 0.00000000E+00
 0.00000000E+00
 0.00000000E+00
 0.00000000E+00
 0.00000000E+00
 0.00000000E+00
 0.00000000E+00
 0.00000000E+00
 0.00000000E+00
 0.00000000E+00
 0.00000000E+00
 0.00000000E+00
 0.00000000E+00
 0.00000000E+00
 0.00000000E+00
 0.00000000E+00
 0.00000000E+00
 0.00000000E+00
 0.00000000E+00
 0.00000000E+00
 0.00000000E+00
 0.00000000E+00
 0.00000000E+00
 0.00000000E+00
 0.00000000E+00
 0.00000000E+00
 0.00000000E+00
 0.00000000E+00
 0.00000000E+00
 0.00000000E+00
 0.00000000E+00
 0.00000000E+00
 0.00000000E+00
 0.00000000E+00
 0.00000000E+00
 0.00000000E+00
 0.00000000E+00
 0.00000000E+00
 0.00000000E+00
 0.00000000E+00
 0.00000000E+00
 0.00000000E+00
 0.00000000E+00
 0.00000000E+00
 0.00000000E+00
 0.00000000E+00
 0.00000000E+00
 0.00000000E+00
 0.00000000E+00
 0.00000000E+00
 0.00000000E+00
 0.00000000E+00
 0.00000000E+00
 0.00000000E+00
 0.00000000E+00
 0.00000000E+00
 0.00000000E+00
 0.00000000E+00
 0.00000000E+00
 0.00000000E+00
 0.00000000E+00
 0.00000000E+00
 0.00000000E+00
 0.00000000E+00
 0.00000000E+00
 0.00000000E+00
 0.00000000E+00
 0.00000000E+00
 0.00000000E+00
 0.00000000E+00
 0.00000000E+00
 0.00000000E+00
 0.00000000E+00
 0.00000000E+00
 0.00000000E+00
 0.00000000E+00
 0.00000000E+00
 0.00000000E+00
 0.00000000E+00
 0.00000000E+00
 0.00000000E+00
 0.00000000E+00
 0.00000000E+00
 0.00000000E+00
 6.33736900E-01
 3.52454785E-01
 7.61899646E-03
 6.34458863E-02
 1.14180581E-02
 3.69707112E-05
 3.69707143E-05
 1.78374482E-01
 2.87117942E-02
 3.69707209E-05
 3.69707230E-05
 3.69707249E-05
 3.69706035E-05
 3.69706160E-05
 3.69706307E-05
 3.69706437E-05
 3.69706567E-05
 3.69706703E-05
 3.69706840E-05
 3.69706980E-05
 3.69707089E-05
 3.49148486E-02
 3.69707119E-05
 3.69707129E-05
 3.69707139E-05
 3.69707148E-05
 3.69707160E-05
 3.69707174E-05
 3.69707183E-05
 3.69707215E-05
 3.69707222E-05
 3.69707223E-05
 3.69707246E-05
 3.69707263E-05
 3.69707270E-05
 3.69707296E-05
 3.69707344E-05
 3.69707398E-05
 3.69707470E-05
 3.69707530E-05
 3.69707597E-05
 3.69707676E-05
 3.69707737E-05
 3.69707799E-05
 3.69706650E-05
 3.69706692E-05
 3.69706723E-05
 3.69706773E-05
 3.69706792E-05
 3.69706841E-05
 3.69706873E-05
 3.69706911E-05
 3.69706922E-05
 3.69706928E-05
 3.69706931E-05
 3.69706934E-05
 3.69706944E-05
 3.69706948E-05
 3.69706959E-05
 3.69706956E-05
 3.69706958E-05
 3.69706975E-05
 3.69706960E-05
 3.69706976E-05
 3.69706988E-05
 3.69706994E-05
 3.69706988E-05
 3.69707005E-05
 3.69707007E-05
 3.69706995E-05
 3.69707001E-05
 3.69707019E-05
 3.69707015E-05
 3.69707022E-05
 3.69707037E-05
 3.69707039E-05
 3.69707044E-05
 3.69707051E-05
 3.69707053E-05
 3.69707054E-05
 3.69707066E-05
 3.69707067E-05
 3.69707079E-05
 3.69707086E-05
 3.69707117E-05
 3.69707134E-05
 3.69707164E-05
 3.69707185E-05
 3.69707215E-05
 3.69707239E-05
 3.69707264E-05
 3.69707278E-05
 3.69707318E-05
 3.69707327E-05
 3.69707361E-05
 3.69707385E-05
 3.69707400E-05
 3.69707433E-05
 3.69707454E-05
 3.69707487E-05
 3.69707514E-05
 3.69707537E-05
 3.69707552E-05
 3.69707586E-05
 3.69707621E-05
 3.69707640E-05
 3.69707655E-05
 3.69707681E-05
 3.69707714E-05
 3.69707735E-05
 3.69707763E-05
 3.69707789E-05
 3.69707824E-05
 3.69707842E-05
 3.69707869E-05
 3.69707896E-05
 3.69707931E-05
 3.69707948E-05
 3.69707978E-05
 3.69708002E-05
 3.69708035E-05
 3.69708059E-05
 3.69708085E-05
 3.69708122E-05
 3.69708144E-05
 3.69708177E-05
 3.69708201E-05
 3.69708230E-05
 3.69708259E-05
 3.69708277E-05
 3.69708315E-05
 3.69708339E-05
 3.69708367E-05
 3.69707178E-05
 3.69707197E-05
 3.69707215E-05
 3.69707220E-05
 3.69707235E-05
 3.69707259E-05
 3.69707267E-05
 3.69707283E-05
 3.69707310E-05
 3.69707318E-05
 3.69707331E-05
 3.69707354E-05
 3.69707368E-05
 3.69707389E-05
 3.69707400E-05
 3.69707416E-05
 3.69707437E-05
 3.69707447E-05
 3.69707462E-05
 3.69707479E-05
 3.69707498E-05
 3.69707516E-05
 3.69707537E-05
 3.69707546E-05
 3.69707566E-05
 3.69707577E-05
 3.69707596E-05
 3.69707615E-05
 3.69707634E-05
 3.69707649E-05
 3.69707663E-05
 3.69707675E-05
 3.69707697E-05
 3.69707716E-05
 3.69707730E-05
 3.69707745E-05
 3.69707765E-05
 3.69707782E-05
 3.69707799E-05
 3.69707820E-05
 3.69707828E-05
 3.69707846E-05
 3.69707868E-05
 3.69707881E-05
 3.69707900E-05
 3.69707916E-05
 3.69707932E-05
 3.69707955E-05
 3.69707967E-05
 3.69707988E-05
 3.69708012E-05
 3.69708024E-05
 3.69708038E-05
 3.69708065E-05
 3.69708075E-05
 3.69708100E-05
 3.69708111E-05
 3.69708137E-05
 3.69708154E-05
 3.69708169E-05
 3.69708187E-05
 3.69708210E-05
 3.69708230E-05
 3.69708248E-05
 3.69708268E-05
 3.69708284E-05
 3.69708299E-05
 3.69708325E-05
 3.69708339E-05
 3.69708363E-05
 3.69708384E-05
 3.69706303E-05
 3.69706044E-05
 3.69705883E-05
 3.69707098E-05
 3.69707078E-05
 3.69707060E-05
 3.69707039E-05
 3.69707028E-05
 3.69707014E-05
 3.69707007E-05
 3.69706995E-05
 3.69706989E-05
 3.69706979E-05
 3.69706976E-05
 3.69706971E-05
 3.69706965E-05
 3.69706959E-05
 3.69706958E-05
 3.69706952E-05
 3.69706953E-05
 3.69706951E-05
 3.69706948E-05
 3.69706944E-05
 3.69706946E-05
 3.69706943E-05
 3.69706944E-05
 3.69706945E-05
 3.69706939E-05
 3.69706942E-05
 3.69706945E-05
 3.69706943E-05
 3.69706942E-05
 3.69706946E-05
 3.69706949E-05
 3.69706951E-05
 3.69706949E-05
 3.69706952E-05
 3.69706954E-05
 3.69706957E-05
 3.69706961E-05
 3.69706961E-05
 3.69706966E-05
 3.69706970E-05
 3.69706972E-05
 3.69706974E-05
 3.69706978E-05
 3.69706981E-05
 3.69706985E-05
 3.69706990E-05
 3.69706995E-05
 3.69706997E-05
 3.69707001E-05
 3.69707008E-05
 3.69707013E-05
 3.69707018E-05
 3.69707023E-05
 3.69707027E-05
 3.69707031E-05
 3.69707036E-05
 3.69707042E-05
 3.69707047E-05
 3.69707054E-05
 3.69707060E-05
 3.69707067E-05
 3.69707073E-05
 3.69707079E-05
 3.69707086E-05
 3.69707086E-05
 3.69707082E-05
 3.69707078E-05
 3.69707072E-05
 3.69707068E-05
 3.69707064E-05
 3.69707059E-05
 3.69707056E-05
 3.69707053E-05
 3.69707049E-05
 3.69707047E-05
 3.69707044E-05
 3.69707041E-05
 3.69707039E-05
 3.69707038E-05
 3.69707037E-05
 3.69707036E-05
 3.69707035E-05
 3.69707035E-05
 3.69707035E-05
 3.69707036E-05
 3.69707038E-05
 3.69707040E-05
 3.69707042E-05
 3.69707045E-05
 3.69707049E-05
 3.69707054E-05
 3.69707059E-05
 3.69707066E-05
 3.69707074E-05
 3.69707082E-05
 3.69707126E-05
 3.69707246E-05
 3.69707368E-05
 3.69707492E-05
 3.69707617E-05
 3.69706544E-05
 3.69706755E-05
 3.69706976E-05
 3.69707081E-05
 3.69707062E-05
 3.69707058E-05
 3.69707075E-05
 1.49085047E-04
 4.75319890E-04
 1.59098539E-03
 2.98216552E-04
 9.37676021E-05
 1.56671962E-04
 1.89898349E-04
 1.93461834E-04
 1.94235337E-04
 1.75013572E-04
 1.26514816E-04
 4.87363985E-05
 6.75192582E-05
 8.45356778E-05
 7.37921353E-05
 3.52777765E-05
 4.44868551E-02
 9.36894706E-02
 3.29785493E-01
 0.00000000E+00
 0.00000000E+00
 0.00000000E+00
 0.00000000E+00
 0.00000000E+00
 0.00000000E+00
 0.00000000E+00
 0.00000000E+00
 0.00000000E+00
 0.00000000E+00
 0.00000000E+00
 0.00000000E+00
 0.00000000E+00
 0.00000000E+00
 0.00000000E+00
 0.00000000E+00
 0.00000000E+00
 0.00000000E+00
 0.00000000E+00
 0.00000000E+00
 0.00000000E+00
 0.00000000E+00
 0.00000000E+00
 0.00000000E+00
 0.00000000E+00
 0.00000000E+00
 0.00000000E+00
 0.00000000E+00
 0.00000000E+00
 0.00000000E+00
 0.00000000E+00
 0.00000000E+00
 0.00000000E+00
 0.00000000E+00
 0.00000000E+00
 0.00000000E+00
 0.00000000E+00
 0.00000000E+00
 0.00000000E+00
 0.00000000E+00
 0.00000000E+00
 0.00000000E+00
 0.00000000E+00
 0.00000000E+00
 0.00000000E+00
 0.00000000E+00
 0.00000000E+00
 0.00000000E+00
 0.00000000E+00
 0.00000000E+00
 0.00000000E+00
 0.00000000E+00
 0.00000000E+00
 0.00000000E+00
 0.00000000E+00
 0.00000000E+00
 0.00000000E+00
 0.00000000E+00
 0.00000000E+00
 0.00000000E+00
 0.00000000E+00
 0.00000000E+00
 0.00000000E+00
 0.00000000E+00
 0.00000000E+00
 0.00000000E+00
 0.00000000E+00
 0.00000000E+00
 0.00000000E+00
 0.00000000E+00
 0.00000000E+00
 0.00000000E+00
 0.00000000E+00
 0.00000000E+00
 0.00000000E+00
 0.00000000E+00
 0.00000000E+00
 0.00000000E+00
 0.00000000E+00
 0.00000000E+00
 0.00000000E+00
 0.00000000E+00
 0.00000000E+00
 0.00000000E+00
 0.00000000E+00
 0.00000000E+00
 0.00000000E+00
 0.00000000E+00
 0.00000000E+00
 0.00000000E+00
 0.00000000E+00
 0.00000000E+00
 0.00000000E+00
 0.00000000E+00
 0.00000000E+00
 0.00000000E+00
 0.00000000E+00
 0.00000000E+00
 0.00000000E+00
 0.00000000E+00
 0.00000000E+00
 0.00000000E+00
 0.00000000E+00
 0.00000000E+00
 0.00000000E+00
 0.00000000E+00
 0.00000000E+00
 0.00000000E+00
 0.00000000E+00
 0.00000000E+00
 0.00000000E+00
 0.00000000E+00
 0.00000000E+00
 0.00000000E+00
 0.00000000E+00
 0.00000000E+00
 0.00000000E+00
 0.00000000E+00
 0.00000000E+00
 0.00000000E+00
 0.00000000E+00
 0.00000000E+00
 0.00000000E+00
 0.00000000E+00
 0.00000000E+00
 0.00000000E+00
 0.00000000E+00
 0.00000000E+00
 0.00000000E+00
 0.00000000E+00
 0.00000000E+00
 0.00000000E+00
 0.00000000E+00
 0.00000000E+00
 0.00000000E+00
 0.00000000E+00
 0.00000000E+00
 0.00000000E+00
 0.00000000E+00
 0.00000000E+00
 0.00000000E+00
 0.00000000E+00
 0.00000000E+00
 0.00000000E+00
 0.00000000E+00
 0.00000000E+00
 0.00000000E+00
 0.00000000E+00
 0.00000000E+00
 0.00000000E+00
 0.00000000E+00
 0.00000000E+00
 0.00000000E+00
 0.00000000E+00
 0.00000000E+00
 0.00000000E+00
 0.00000000E+00
 0.00000000E+00
 0.00000000E+00
 0.00000000E+00
 0.00000000E+00
 0.00000000E+00
 0.00000000E+00
 0.00000000E+00
 0.00000000E+00
 0.00000000E+00
 0.00000000E+00
 6.63017766E-01
 3.75818494E-01
 3.67975176E-03
 5.83755416E-02
 1.05070727E-02
 3.58450983E-05
 3.58450986E-05
 1.81798186E-01
 2.92644253E-02
 3.58451050E-05
 3.58451071E-05
 3.58451092E-05
 3.58449881E-05
 3.58450011E-05
 3.58450152E-05
 3.58450269E-05
 3.58450421E-05
 3.58450554E-05
 3.58450685E-05
 3.58450826E-05
 3.58450934E-05
 3.55828070E-02
 3.58450960E-05
 3.58450969E-05
 3.58450989E-05
 3.58451005E-05
 3.58451014E-05
 3.58451039E-05
 3.58451053E-05
 3.58451062E-05
 3.58451060E-05
 3.58451084E-05
 3.58451085E-05
 3.58451113E-05
 3.58451122E-05
 3.58451145E-05
 3.58451180E-05
 3.58451255E-05
 3.58451326E-05
 3.58451378E-05
 3.58451462E-05
 3.58451512E-05
 3.58451583E-05
 3.58451663E-05
 3.58450491E-05
 3.58450546E-05
 3.58450589E-05
 3.58450628E-05
 3.58450650E-05
 3.58450686E-05
 3.58450739E-05
 3.58450759E-05
 3.58450786E-05
 3.58450791E-05
 3.58450785E-05
 3.58450793E-05
 3.58450795E-05
 3.58450804E-05
 3.58450799E-05
 3.58450813E-05
 3.58450813E-05
 3.58450827E-05
 3.58450822E-05
 3.58450827E-05
 3.58450830E-05
 3.58450838E-05
 3.58450833E-05
 3.58450849E-05
 3.58450851E-05
 3.58450865E-05
 3.58450865E-05
 3.58450873E-05
 3.58450872E-05
 3.58450882E-05
 3.58450877E-05
 3.58450880E-05
 3.58450895E-05
 3.58450895E-05
 3.58450906E-05
 3.58450911E-05
 3.58450906E-05
 3.58450911E-05
 3.58450934E-05
 3.58450952E-05
 3.58450958E-05
 3.58450981E-05
 3.58451013E-05
 3.58451039E-05
 3.58451067E-05
 3.58451087E-05
 3.58451105E-05
 3.58451140E-05
 3.58451171E-05
 3.58451180E-05
 3.58451213E-05
 3.58451235E-05
 3.58451273E-05
 3.58451284E-05
 3.58451307E-05
 3.58451342E-05
 3.58451357E-05
 3.58451388E-05
 3.58451426E-05
 3.58451437E-05
 3.58451474E-05
 3.58451496E-05
 3.58451509E-05
 3.58451545E-05
 3.58451568E-05
 3.58451598E-05
 3.58451626E-05
 3.58451650E-05
 3.58451669E-05
 3.58451708E-05
 3.58451727E-05
 3.58451756E-05
 3.58451790E-05
 3.58451805E-05
 3.58451843E-05
 3.58451860E-05
 3.58451894E-05
 3.58451918E-05
 3.58451954E-05
 3.58451973E-05
 3.58452001E-05
 3.58452022E-05
 3.58452058E-05
 3.58452084E-05
 3.58452121E-05
 3.58452144E-05
 3.58452171E-05
 3.58452192E-05
 3.58451015E-05
 3.58451032E-05
 3.58451051E-05
 3.58451065E-05
 3.58451079E-05
 3.58451100E-05
 3.58451108E-05
 3.58451122E-05
 3.58451143E-05
 3.58451160E-05
 3.58451173E-05
 3.58451191E-05
 3.58451199E-05
 3.58451226E-05
 3.58451234E-05
 3.58451259E-05
 3.58451273E-05
 3.58451280E-05
 3.58451301E-05
 3.58451320E-05
 3.58451333E-05
 3.58451346E-05
 3.58451370E-05
 3.58451383E-05
 3.58451396E-05
 3.58451419E-05
 3.58451431E-05
 3.58451451E-05
 3.58451471E-05
 3.58451488E-05
 3.58451501E-05
 3.58451514E-05
 3.58451535E-05
 3.58451551E-05
 3.58451563E-05
 3.58451587E-05
 3.58451602E-05
 3.58451617E-05
 3.58451638E-05
 3.58451653E-05
 3.58451667E-05
 3.58451686E-05
 3.58451702E-05
 3.58451725E-05
 3.58451744E-05
 3.58451759E-05
 3.58451773E-05
 3.58451793E-05
 3.58451811E-05
 3.58451829E-05
 3.58451853E-05
 3.58451868E-05
 3.58451882E-05
 3.58451897E-05
 3.58451923E-05
 3.58451934E-05
 3.58451958E-05
 3.58451976E-05
 3.58451990E-05
 3.58452013E-05
 3.58452035E-05
 3.58452048E-05
 3.58452066E-05
 3.58452088E-05
 3.58452109E-05
 3.58452124E-05
 3.58452141E-05
 3.58452165E-05
 3.58452183E-05
 3.58452207E-05
 3.58452222E-05
 3.58452243E-05
 3.58450195E-05
 3.58449900E-05
 3.58449736E-05
 3.58450948E-05
 3.58450927E-05
 3.58450905E-05
 3.58450892E-05
 3.58450877E-05
 3.58450867E-05
 3.58450850E-05
 3.58450842E-05
 3.58450841E-05
 3.58450829E-05
 3.58450827E-05
 3.58450818E-05
 3.58450816E-05
 3.58450806E-05
 3.58450802E-05
 3.58450802E-05
 3.58450802E-05
 3.58450794E-05
 3.58450796E-05
 3.58450791E-05
 3.58450793E-05
 3.58450790E-05
 3.58450794E-05
 3.58450791E-05
 3.58450791E-05
 3.58450792E-05
 3.58450793E-05
 3.58450792E-05
 3.58450796E-05
 3.58450793E-05
 3.58450796E-05
 3.58450800E-05
 3.58450802E-05
 3.58450804E-05
 3.58450806E-05
 3.58450805E-05
 3.58450810E-05
 3.58450812E-05
 3.58450813E-05
 3.58450819E-05
 3.58450820E-05
 3.58450825E-05
 3.58450828E-05
 3.58450831E-05
 3.58450837E-05
 3.58450840E-05
 3.58450845E-05
 3.58450849E-05
 3.58450852E-05
 3.58450859E-05
 3.58450862E-05
 3.58450866E-05
 3.58450872E-05
 3.58450878E-05
 3.58450883E-05
 3.58450888E-05
 3.58450894E-05
 3.58450900E-05
 3.58450907E-05
 3.58450911E-05
 3.58450919E-05
 3.58450926E-05
 3.58450933E-05
 3.58450939E-05
 3.58450938E-05
 3.58450933E-05
 3.58450928E-05
 3.58450923E-05
 3.58450920E-05
 3.58450915E-05
 3.58450912E-05
 3.58450908E-05
 3.58450903E-05
 3.58450901E-05
 3.58450898E-05
 3.58450895E-05
 3.58450893E-05
 3.58450891E-05
 3.58450889E-05
 3.58450888E-05
 3.58450887E-05
 3.58450887E-05
 3.58450886E-05
 3.58450887E-05
 3.58450888E-05
 3.58450889E-05
 3.58450891E-05
 3.58450894E-05
 3.58450897E-05
 3.58450901E-05
 3.58450905E-05
 3.58450911E-05
 3.58450918E-05
 3.58450925E-05
 3.58450934E-05
 3.58450978E-05
 3.58451100E-05
 3.58451222E-05
 3.58451346E-05
 3.58451473E-05
 3.58450392E-05
 3.58450605E-05
 3.58450828E-05
 3.58450933E-05
 3.58450912E-05
 3.58450911E-05
 3.58450928E-05
 1.35336452E-04
 4.35490490E-04
 1.54021933E-03
 2.83930541E-04
 9.25482079E-05
 1.55244267E-04
 1.88215085E-04
 1.91475987E-04
 1.92415184E-04
 1.73497751E-04
 1.25264233E-04
 4.77122019E-05
 6.65909842E-05
 8.36452974E-05
 7.29008252E-05
 3.43468990E-05
 4.09279574E-02
 8.61983448E-02
 3.21898919E-01
 0.00000000E+00
 0.00000000E+00
 0.00000000E+00
 0.00000000E+00
 0.00000000E+00
 0.00000000E+00
 0.00000000E+00
 0.00000000E+00
 0.00000000E+00
 0.00000000E+00
 0.00000000E+00
 0.00000000E+00
 0.00000000E+00
 0.00000000E+00
 0.00000000E+00
 0.00000000E+00
 0.00000000E+00
 0.00000000E+00
 0.00000000E+00
 0.00000000E+00
 0.00000000E+00
 0.00000000E+00
 0.00000000E+00
 0.00000000E+00
 0.00000000E+00
 0.00000000E+00
 0.00000000E+00
 0.00000000E+00
 0.00000000E+00
 0.00000000E+00
 0.00000000E+00
 0.00000000E+00
 0.00000000E+00
 0.00000000E+00
 0.00000000E+00
 0.00000000E+00
 0.00000000E+00
 0.00000000E+00
 0.00000000E+00
 0.00000000E+00
 0.00000000E+00
 0.00000000E+00
 0.00000000E+00
 0.00000000E+00
 0.00000000E+00
 0.00000000E+00
 0.00000000E+00
 0.00000000E+00
 0.00000000E+00
 0.00000000E+00
 0.00000000E+00
 0.00000000E+00
 0.00000000E+00
 0.00000000E+00
 0.00000000E+00
 0.00000000E+00
 0.00000000E+00
 0.00000000E+00
 0.00000000E+00
 0.00000000E+00
 0.00000000E+00
 0.00000000E+00
 0.00000000E+00
 0.00000000E+00
 0.00000000E+00
 0.00000000E+00
 0.00000000E+00
 0.00000000E+00
 0.00000000E+00
 0.00000000E+00
 0.00000000E+00
 0.00000000E+00
 0.00000000E+00
 0.00000000E+00
 0.00000000E+00
 0.00000000E+00
 0.00000000E+00
 0.00000000E+00
 0.00000000E+00
 0.00000000E+00
 0.00000000E+00
 0.00000000E+00
 0.00000000E+00
 0.00000000E+00
 0.00000000E+00
 0.00000000E+00
 0.00000000E+00
 0.00000000E+00
 0.00000000E+00
 0.00000000E+00
 0.00000000E+00
 0.00000000E+00
 0.00000000E+00
 0.00000000E+00
 0.00000000E+00
 0.00000000E+00
 0.00000000E+00
 0.00000000E+00
 0.00000000E+00
 0.00000000E+00
 0.00000000E+00
 0.00000000E+00
 0.00000000E+00
 0.00000000E+00
 0.00000000E+00
 0.00000000E+00
 0.00000000E+00
 0.00000000E+00
 0.00000000E+00
 0.00000000E+00
 0.00000000E+00
 0.00000000E+00
 0.00000000E+00
 0.00000000E+00
 0.00000000E+00
 0.00000000E+00
 0.00000000E+00
 0.00000000E+00
 0.00000000E+00
 0.00000000E+00
 0.00000000E+00
 0.00000000E+00
 0.00000000E+00
 0.00000000E+00
 0.00000000E+00
 0.00000000E+00
 0.00000000E+00
 0.00000000E+00
 0.00000000E+00
 0.00000000E+00
 0.00000000E+00
 0.00000000E+00
 0.00000000E+00
 0.00000000E+00
 0.00000000E+00
 0.00000000E+00
 0.00000000E+00
 0.00000000E+00
 0.00000000E+00
 0.00000000E+00
 0.00000000E+00
 0.00000000E+00
 0.00000000E+00
 0.00000000E+00
 0.00000000E+00
 0.00000000E+00
 0.00000000E+00
 0.00000000E+00
 0.00000000E+00
 0.00000000E+00
 0.00000000E+00
 0.00000000E+00
 0.00000000E+00
 0.00000000E+00
 0.00000000E+00
 0.00000000E+00
 0.00000000E+00
 0.00000000E+00
 0.00000000E+00
 0.00000000E+00
 0.00000000E+00
 0.00000000E+00
 0.00000000E+00
 0.00000000E+00
 0.00000000E+00
 0.00000000E+00
 0.00000000E+00
 6.92251894E-01
 3.99145022E-01
 1.49607370E-02
 5.33129762E-02
 9.59722760E-03
 3.44075977E-05
 3.44075994E-05
 1.85216669E-01
 2.98164767E-02
 3.44076057E-05
 3.44076074E-05
 3.44076101E-05
 3.44074905E-05
 3.44075037E-05
 3.44075154E-05
 3.44075282E-05
 3.44075419E-05
 3.44075555E-05
 3.44075699E-05
 3.44075847E-05
 3.44075958E-05
 3.62493719E-02
 3.44075981E-05
 3.44076008E-05
 3.44076003E-05
 3.44076023E-05
 3.44076033E-05
 3.44076053E-05
 3.44076050E-05
 3.44076084E-05
 3.44076095E-05
 3.44076100E-05
 3.44076122E-05
 3.44076122E-05
 3.44076156E-05
 3.44076175E-05
 3.44076205E-05
 3.44076264E-05
 3.44076326E-05
 3.44076407E-05
 3.44076477E-05
 3.44076539E-05
 3.44076618E-05
 3.44076677E-05
 3.44075511E-05
 3.44075562E-05
 3.44075608E-05
 3.44075641E-05
 3.44075681E-05
 3.44075706E-05
 3.44075767E-05
 3.44075794E-05
 3.44075808E-05
 3.44075810E-05
 3.44075824E-05
 3.44075809E-05
 3.44075822E-05
 3.44075821E-05
 3.44075824E-05
 3.44075828E-05
 3.44075850E-05
 3.44075848E-05
 3.44075842E-05
 3.44075859E-05
 3.44075855E-05
 3.44075856E-05
 3.44075856E-05
 3.44075860E-05
 3.44075880E-05
 3.44075878E-05
 3.44075891E-05
 3.44075894E-05
 3.44075891E-05
 3.44075905E-05
 3.44075904E-05
 3.44075909E-05
 3.44075909E-05
 3.44075923E-05
 3.44075928E-05
 3.44075942E-05
 3.44075946E-05
 3.44075935E-05
 3.44075946E-05
 3.44075961E-05
 3.44075985E-05
 3.44076003E-05
 3.44076042E-05
 3.44076055E-05
 3.44076089E-05
 3.44076110E-05
 3.44076142E-05
 3.44076154E-05
 3.44076194E-05
 3.44076211E-05
 3.44076244E-05
 3.44076253E-05
 3.44076290E-05
 3.44076312E-05
 3.44076329E-05
 3.44076354E-05
 3.44076383E-05
 3.44076418E-05
 3.44076438E-05
 3.44076461E-05
 3.44076487E-05
 3.44076513E-05
 3.44076544E-05
 3.44076566E-05
 3.44076588E-05
 3.44076623E-05
 3.44076642E-05
 3.44076670E-05
 3.44076704E-05
 3.44076725E-05
 3.44076752E-05
 3.44076790E-05
 3.44076810E-05
 3.44076841E-05
 3.44076862E-05
 3.44076888E-05
 3.44076916E-05
 3.44076955E-05
 3.44076977E-05
 3.44077009E-05
 3.44077032E-05
 3.44077056E-05
 3.44077084E-05
 3.44077108E-05
 3.44077143E-05
 3.44077173E-05
 3.44077194E-05
 3.44077228E-05
 3.44076031E-05
 3.44076061E-05
 3.44076077E-05
 3.44076088E-05
 3.44076098E-05
 3.44076116E-05
 3.44076130E-05
 3.44076152E-05
 3.44076169E-05
 3.44076177E-05
 3.44076204E-05
 3.44076214E-05
 3.44076227E-05
 3.44076244E-05
 3.44076263E-05
 3.44076274E-05
 3.44076290E-05
 3.44076317E-05
 3.44076324E-05
 3.44076341E-05
 3.44076360E-05
 3.44076380E-05
 3.44076397E-05
 3.44076405E-05
 3.44076433E-05
 3.44076447E-05
 3.44076462E-05
 3.44076482E-05
 3.44076492E-05
 3.44076506E-05
 3.44076532E-05
 3.44076543E-05
 3.44076560E-05
 3.44076573E-05
 3.44076593E-05
 3.44076608E-05
 3.44076631E-05
 3.44076648E-05
 3.44076661E-05
 3.44076679E-05
 3.44076694E-05
 3.44076714E-05
 3.44076729E-05
 3.44076751E-05
 3.44076768E-05
 3.44076781E-05
 3.44076801E-05
 3.44076827E-05
 3.44076841E-05
 3.44076851E-05
 3.44076871E-05
 3.44076896E-05
 3.44076915E-05
 3.44076930E-05
 3.44076947E-05
 3.44076967E-05
 3.44076979E-05
 3.44077005E-05
 3.44077018E-05
 3.44077036E-05
 3.44077064E-05
 3.44077074E-05
 3.44077096E-05
 3.44077113E-05
 3.44077138E-05
 3.44077152E-05
 3.44077173E-05
 3.44077199E-05
 3.44077217E-05
 3.44077232E-05
 3.44077256E-05
 3.44077277E-05
 3.44075263E-05
 3.44074939E-05
 3.44074759E-05
 3.44075972E-05
 3.44075953E-05
 3.44075931E-05
 3.44075916E-05
 3.44075895E-05
 3.44075886E-05
 3.44075874E-05
 3.44075868E-05
 3.44075857E-05
 3.44075847E-05
 3.44075840E-05
 3.44075842E-05
 3.44075834E-05
 3.44075830E-05
 3.44075823E-05
 3.44075819E-05
 3.44075820E-05
 3.44075817E-05
 3.44075813E-05
 3.44075816E-05
 3.44075815E-05
 3.44075811E-05
 3.44075810E-05
 3.44075811E-05
 3.44075808E-05
 3.44075813E-05
 3.44075811E-05
 3.44075810E-05
 3.44075815E-05
 3.44075817E-05
 3.44075814E-05
 3.44075818E-05
 3.44075820E-05
 3.44075821E-05
 3.44075824E-05
 3.44075826E-05
 3.44075826E-05
 3.44075830E-05
 3.44075834E-05
 3.44075836E-05
 3.44075841E-05
 3.44075844E-05
 3.44075847E-05
 3.44075850E-05
 3.44075856E-05
 3.44075859E-05
 3.44075864E-05
 3.44075867E-05
 3.44075874E-05
 3.44075876E-05
 3.44075884E-05
 3.44075887E-05
 3.44075894E-05
 3.44075899E-05
 3.44075904E-05
 3.44075910E-05
 3.44075915E-05
 3.44075921E-05
 3.44075928E-05
 3.44075934E-05
 3.44075939E-05
 3.44075947E-05
 3.44075954E-05
 3.44075962E-05
 3.44075959E-05
 3.44075955E-05
 3.44075950E-05
 3.44075945E-05
 3.44075941E-05
 3.44075936E-05
 3.44075932E-05
 3.44075929E-05
 3.44075926E-05
 3.44075922E-05
 3.44075920E-05
 3.44075916E-05
 3.44075915E-05
 3.44075912E-05
 3.44075910E-05
 3.44075909E-05
 3.44075908E-05
 3.44075908E-05
 3.44075908E-05
 3.44075908E-05
 3.44075909E-05
 3.44075910E-05
 3.44075912E-05
 3.44075915E-05
 3.44075918E-05
 3.44075922E-05
 3.44075927E-05
 3.44075933E-05
 3.44075939E-05
 3.44075947E-05
 3.44075955E-05
 3.44076000E-05
 3.44076123E-05
 3.44076246E-05
 3.44076372E-05
 3.44076499E-05
 3.44075409E-05
 3.44075623E-05
 3.44075848E-05
 3.44075954E-05
 3.44075934E-05
 3.44075931E-05
 3.44075950E-05
 1.21923482E-04
 3.96038344E-04
 1.48984767E-03
 2.69977724E-04
 9.10254994E-05
 1.53518082E-04
 1.86238149E-04
 1.89201277E-04
 1.90310132E-04
 1.71700694E-04
 1.23736066E-04
 4.64140660E-05
 6.53925224E-05
 8.24884991E-05
 7.17468635E-05
 3.31571332E-05
 3.73749745E-02
 7.87193585E-02
 3.14025028E-01
 0.00000000E+00
 0.00000000E+00
 0.00000000E+00
 0.00000000E+00
 0.00000000E+00
 0.00000000E+00
 0.00000000E+00
 0.00000000E+00
 0.00000000E+00
 0.00000000E+00
 0.00000000E+00
 0.00000000E+00
 0.00000000E+00
 0.00000000E+00
 0.00000000E+00
 0.00000000E+00
 0.00000000E+00
 0.00000000E+00
 0.00000000E+00
 0.00000000E+00
 0.00000000E+00
 0.00000000E+00
 0.00000000E+00
 0.00000000E+00
 0.00000000E+00
 0.00000000E+00
 0.00000000E+00
 0.00000000E+00
 0.00000000E+00
 0.00000000E+00
 0.00000000E+00
 0.00000000E+00
 0.00000000E+00
 0.00000000E+00
 0.00000000E+00
 0.00000000E+00
 0.00000000E+00
 0.00000000E+00
 0.00000000E+00
 0.00000000E+00
 0.00000000E+00
 0.00000000E+00
 0.00000000E+00
 0.00000000E+00
 0.00000000E+00
 0.00000000E+00
 0.00000000E+00
 0.00000000E+00
 0.00000000E+00
 0.00000000E+00
 0.00000000E+00
 0.00000000E+00
 0.00000000E+00
 0.00000000E+00
 0.00000000E+00
 0.00000000E+00
 0.00000000E+00
 0.00000000E+00
 0.00000000E+00
 0.00000000E+00
 0.00000000E+00
 0.00000000E+00
 0.00000000E+00
 0.00000000E+00
 0.00000000E+00
 0.00000000E+00
 0.00000000E+00
 0.00000000E+00
 0.00000000E+00
 0.00000000E+00
 0.00000000E+00
 0.00000000E+00
 0.00000000E+00
 0.00000000E+00
 0.00000000E+00
 0.00000000E+00
 0.00000000E+00
 0.00000000E+00
 0.00000000E+00
 0.00000000E+00
 0.00000000E+00
 0.00000000E+00
 0.00000000E+00
 0.00000000E+00
 0.00000000E+00
 0.00000000E+00
 0.00000000E+00
 0.00000000E+00
 0.00000000E+00
 0.00000000E+00
 0.00000000E+00
 0.00000000E+00
 0.00000000E+00
 0.00000000E+00
 0.00000000E+00
 0.00000000E+00
 0.00000000E+00
 0.00000000E+00
 0.00000000E+00
 0.00000000E+00
 0.00000000E+00
 0.00000000E+00
 0.00000000E+00
 0.00000000E+00
 0.00000000E+00
 0.00000000E+00
 0.00000000E+00
 0.00000000E+00
 0.00000000E+00
 0.00000000E+00
 0.00000000E+00
 0.00000000E+00
