 9.64244003E-01
 9.36619695E-01
 9.12874913E-01
 8.89454312E-01
 8.69746570E-01
 8.50016004E-01
 8.30262487E-01
 8.11190409E-01
 7.95492408E-01
 7.79775847E-01
 7.64040620E-01
 7.48286624E-01
 7.32513752E-01
 7.16721899E-01
 7.00910955E-01
 6.86497184E-01
 6.74771380E-01
 6.63031086E-01
 6.51276220E-01
 6.39506698E-01
 6.27722436E-01
 6.15923349E-01
 6.04109353E-01
 5.92280360E-01
 5.80436285E-01
 5.68577039E-01
 5.56702535E-01
 5.44812684E-01
 5.32907396E-01
 5.20986581E-01
 5.09050148E-01
 4.99964398E-01
 4.92170163E-01
 4.84365287E-01
 4.76549707E-01
 4.68723361E-01
 4.60886184E-01
 4.53038112E-01
 4.45179080E-01
 4.37309021E-01
 4.29427871E-01
 4.21535562E-01
 4.13632026E-01
 4.05717197E-01
 3.97791005E-01
 3.89853383E-01
 3.81904287E-01
 3.73944488E-01
 3.65973049E-01
 3.57989898E-01
 3.49994963E-01
 3.41988173E-01
 3.33969454E-01
 3.25938732E-01
 3.17895932E-01
 3.09840981E-01
 3.01773802E-01
 2.93694319E-01
 2.85602455E-01
 2.77498132E-01
 2.69381273E-01
 2.61251798E-01
 2.54718105E-01
 2.50856541E-01
 2.46988123E-01
 2.43112808E-01
 2.39230552E-01
 2.35341310E-01
 2.31445036E-01
 2.27541686E-01
 2.23631214E-01
 2.19713574E-01
 2.15788718E-01
 2.11856601E-01
 2.07917174E-01
 2.03970389E-01
 2.00016199E-01
 1.96054554E-01
 1.92086921E-01
 1.88112330E-01
 1.84130139E-01
 1.80140297E-01
 1.76142753E-01
 1.72137455E-01
 1.68124352E-01
 1.64103391E-01
 1.60074519E-01
 1.56037683E-01
 1.51992829E-01
 1.47939902E-01
 1.43878848E-01
 1.39809610E-01
 1.35732134E-01
 1.31647369E-01
 1.27569380E-01
 1.23483006E-01
 1.19388189E-01
 1.15284871E-01
 1.11172991E-01
 1.07052491E-01
 1.02923310E-01
 9.87853878E-02
 9.46386620E-02
 9.04830710E-02
 8.63185521E-02
 8.21450421E-02
 7.79624769E-02
 7.37707920E-02
 6.95699223E-02
 6.53608234E-02
 6.11439032E-02
 5.69176028E-02
 5.26818544E-02
 4.84365895E-02
 4.41817390E-02
 3.99172330E-02
 3.56430009E-02
 3.13589713E-02
 2.70650722E-02
 2.27612308E-02
 1.84473736E-02
 1.41234263E-02
 9.78931376E-03
 5.44496022E-03
 1.09028900E-03
 2.80601668E-04
 6.57744970E-04
 1.03835040E-03
 1.42244521E-03
 1.81005693E-03
 2.20121340E-03
 2.59594278E-03
 2.99427351E-03
 3.39623440E-03
 3.80185452E-03
 4.21116331E-03
 4.62419052E-03
 5.04096624E-03
 5.46152090E-03
 5.88588528E-03
 6.31351901E-03
 6.73949440E-03
 7.16936245E-03
 7.60315529E-03
 8.04090540E-03
 8.48264565E-03
 8.92840929E-03
 9.37822995E-03
 9.83214166E-03
 1.02901789E-02
 1.07523764E-02
 1.12187694E-02
 1.16893937E-02
 1.21642853E-02
 1.26434808E-02
 1.31270170E-02
 1.36787495E-02
 1.43171603E-02
 1.49603207E-02
 1.56082717E-02
 1.62610552E-02
 1.68023602E-02
 1.64205212E-02
 1.60387927E-02
 1.56900198E-02
 1.53623724E-02
 1.50344675E-02
 1.47067696E-02
 1.43837609E-02
 1.40628070E-02
 1.37418533E-02
 1.34208996E-02
 1.31130086E-02
 1.28087753E-02
 1.25045060E-02
 1.22053590E-02
 1.19032218E-02
 1.16004833E-02
 1.12975227E-02
 1.09947709E-02
 1.06920199E-02
 1.03892689E-02
 1.00865179E-02
 9.78376698E-03
 9.48101605E-03
 9.17826514E-03
 8.87551424E-03
 8.59342096E-03
 8.45593088E-03
 8.31844081E-03
 8.18095077E-03
 8.04346074E-03
 7.90597074E-03
 7.76848076E-03
 7.63099079E-03
 7.49350085E-03
 7.35601093E-03
 7.21852102E-03
 7.08103114E-03
 6.94354129E-03
 6.80605145E-03
 6.66856163E-03
 6.53107184E-03
 6.39358216E-03
 6.25609259E-03
 6.11860305E-03
 5.98111353E-03
 5.84362404E-03
 5.70613457E-03
 5.56864512E-03
 5.43115569E-03
 5.29366629E-03
 5.15617691E-03
 5.01868755E-03
 4.88119822E-03
 4.74370892E-03
 4.60621963E-03
 4.46873038E-03
 4.33124114E-03
 4.19375184E-03
 4.05626253E-03
 3.91855748E-03
 3.78106413E-03
 3.64357078E-03
 3.50607744E-03
 3.36858411E-03
 3.23109078E-03
 3.09359746E-03
 2.95610414E-03
 2.81861084E-03
 2.68111754E-03
 2.54362424E-03
 2.40613096E-03
 2.26863768E-03
 2.13114441E-03
 1.99365114E-03
 1.85615788E-03
 1.71866463E-03
 1.58117139E-03
 1.44367815E-03
 1.30618492E-03
 1.16869170E-03
 1.03119849E-03
 8.93705279E-04
 7.56212079E-04
 6.18718888E-04
 4.81225704E-04
 3.43732527E-04
 2.06239359E-04
 6.87461981E-05
 1.92658540E-09
 6.54425215E-09
 1.11703567E-08
 1.58050094E-08
 2.04483282E-08
 2.51008781E-08
 2.97614259E-08
 3.44314456E-08
 3.91101499E-08
 4.37981189E-08
 4.84950199E-08
 5.32014359E-08
 5.79170356E-08
 6.26419468E-08
 6.73762988E-08
 7.21202286E-08
 7.68738640E-08
 8.16373492E-08
 8.64108230E-08
 9.11934632E-08
 9.59868560E-08
 1.00789697E-07
 1.05603590E-07
 1.10427221E-07
 1.15260737E-07
 1.20105274E-07
 1.24960990E-07
 1.29826556E-07
 1.34703122E-07
 1.39590855E-07
 1.44489414E-07
 1.49398964E-07
 1.54320183E-07
 1.59252738E-07
 1.64196283E-07
 1.69151511E-07
 1.74119120E-07
 1.79097734E-07
 1.84089107E-07
 1.89091848E-07
 1.94107735E-07
 1.99135372E-07
 2.04175484E-07
 2.09228272E-07
 2.14293944E-07
 2.19372702E-07
 2.24464769E-07
 2.29569802E-07
 2.34688017E-07
 2.39820195E-07
 2.44966003E-07
 2.50125672E-07
 2.55298862E-07
 2.60486952E-07
 2.65689616E-07
 2.70906528E-07
 2.76138515E-07
 2.81385247E-07
 2.86647578E-07
 2.91924591E-07
 2.97217737E-07
 3.02526701E-07
 3.07851162E-07
 3.13192610E-07
 3.18550130E-07
 3.23924628E-07
 3.29315792E-07
 3.34724554E-07
 3.40150602E-07
 3.45594269E-07
 3.51055873E-07
 3.56536387E-07
 3.62034891E-07
 3.67552368E-07
 3.73089176E-07
 3.78645685E-07
 3.84221622E-07
 3.89818021E-07
 3.95435280E-07
 4.01073138E-07
 4.06732005E-07
 4.12412969E-07
 2.05273675E-07
 2.08970453E-07
 2.12672473E-07
 2.16380528E-07
 2.20094749E-07
 2.23815258E-07
 2.27541486E-07
 2.31274254E-07
 2.35013705E-07
 2.38759975E-07
 2.42513207E-07
 2.46272831E-07
 2.50039706E-07
 2.53813998E-07
 2.57595862E-07
 2.61385467E-07
 2.65182225E-07
 2.68987822E-07
 2.72801687E-07
 2.76624002E-07
 2.80454187E-07
 2.84293975E-07
 2.88143601E-07
 2.92001704E-07
 2.95870063E-07
 2.99748929E-07
 3.03637748E-07
 3.07537556E-07
 3.11448627E-07
 3.15371222E-07
 3.19305638E-07
 3.23252150E-07
 3.27211900E-07
 3.31186085E-07
 8.99251610E-08
 6.58711153E-08
 4.97444474E-08
 3.75763323E-08
 2.78858727E-08
 1.99267688E-08
 1.32636551E-08
 7.61567446E-09
 2.78822484E-09
 9.76195917E-04
 4.88097769E-03
 8.78575892E-03
 1.26903307E-02
 1.65951079E-02
 2.04998851E-02
 2.44046622E-02
 2.83094393E-02
 3.22142162E-02
 3.61189931E-02
 4.00237699E-02
 4.39285467E-02
 4.78333234E-02
 5.17381001E-02
 5.56428768E-02
 5.95476534E-02
 6.34524299E-02
 6.73572064E-02
 7.12619829E-02
 7.51667594E-02
 7.90715358E-02
 8.29763122E-02
 8.68810885E-02
 9.07858649E-02
 9.46906412E-02
 9.85954175E-02
 1.02500194E-01
 1.06404970E-01
 1.10309746E-01
 1.14214522E-01
 1.18119299E-01
 1.22024075E-01
 1.25928851E-01
 1.29833627E-01
 1.33738403E-01
 1.37643179E-01
 1.41547955E-01
 1.45452731E-01
 1.49357507E-01
 1.53262283E-01
 1.57167059E-01
 1.61071835E-01
 1.64976611E-01
 1.68881387E-01
 1.72786163E-01
 1.76690939E-01
 1.80595715E-01
 1.84500491E-01
 1.88405267E-01
 1.92310043E-01
 1.96214819E-01
 2.00119594E-01
 2.04024370E-01
 2.07929146E-01
 2.11833922E-01
 2.15738698E-01
 2.19643473E-01
 2.23548249E-01
 2.27453025E-01
 2.31357801E-01
 2.35262576E-01
 2.39167352E-01
 2.43072128E-01
 2.49526959E-01
 2.57511822E-01
 2.65496686E-01
 2.73481549E-01
 2.81466413E-01
 2.89451276E-01
 2.97436140E-01
 3.05421003E-01
 3.13405867E-01
 3.21390730E-01
 3.29375594E-01
 3.37360457E-01
 3.45345321E-01
 3.53330184E-01
 3.61315047E-01
 3.69299911E-01
 3.77284774E-01
 3.85269638E-01
 3.93254501E-01
 4.01239364E-01
 4.09224228E-01
 4.17209091E-01
 4.25193954E-01
 4.33178817E-01
 4.41163680E-01
 4.49148544E-01
 4.57133521E-01
 4.65118380E-01
 4.73103238E-01
 4.81088097E-01
 4.89072956E-01
 4.99607875E-01
 5.15752927E-01
 5.31897979E-01
 5.48043031E-01
 5.64188083E-01
 5.80333135E-01
 5.96478187E-01
 6.12623238E-01
 6.30744602E-01
 6.50969781E-01
 6.71194960E-01
 6.91420139E-01
 7.13972383E-01
 7.38277776E-01
 7.65085849E-01
 0.00000000E+00
 0.00000000E+00
 0.00000000E+00
 0.00000000E+00
 0.00000000E+00
 0.00000000E+00
 0.00000000E+00
 0.00000000E+00
 0.00000000E+00
 0.00000000E+00
 0.00000000E+00
 0.00000000E+00
 0.00000000E+00
 0.00000000E+00
 0.00000000E+00
 0.00000000E+00
 9.35980194E-01
 8.88232215E-01
 8.48251815E-01
 8.08928378E-01
 7.77039283E-01
 7.45113239E-01
 7.13150041E-01
 6.82558512E-01
 6.58723957E-01
 6.34861176E-01
 6.10970010E-01
 5.87050300E-01
 5.63101885E-01
 5.39124602E-01
 5.15118289E-01
 4.93915509E-01
 4.78097896E-01
 4.62260608E-01
 4.46403533E-01
 4.30526559E-01
 4.14629570E-01
 3.98712452E-01
 3.82775090E-01
 3.66817365E-01
 3.50839161E-01
 3.34840358E-01
 3.18820837E-01
 3.02780477E-01
 2.86719157E-01
 2.70636754E-01
 2.54533144E-01
 2.44140964E-01
 2.36341949E-01
 2.28531860E-01
 2.20710633E-01
 2.12878200E-01
 2.05034495E-01
 1.97179450E-01
 1.89312999E-01
 1.81435072E-01
 1.73545600E-01
 1.65644515E-01
 1.57731745E-01
 1.49807221E-01
 1.41870871E-01
 1.33922622E-01
 1.25962460E-01
 1.17991987E-01
 1.10009400E-01
 1.02014623E-01
 9.40075829E-02
 8.59882029E-02
 7.79564070E-02
 6.99121184E-02
 6.18552596E-02
 5.37857524E-02
 4.57035180E-02
 3.76084767E-02
 2.95005485E-02
 2.13796523E-02
 1.32457065E-02
 5.09862893E-03
 1.75031063E-05
 6.28847922E-05
 1.06375505E-04
 1.47962640E-04
 1.87633473E-04
 2.25375167E-04
 2.61174762E-04
 2.95019180E-04
 3.26895223E-04
 3.56789567E-04
 3.84688765E-04
 4.10579244E-04
 4.34447303E-04
 4.56279114E-04
 4.76060714E-04
 4.93778013E-04
 5.12447506E-04
 5.30215384E-04
 5.45882127E-04
 5.59433138E-04
 5.70853680E-04
 5.80128873E-04
 5.87243697E-04
 5.92182983E-04
 5.94931416E-04
 5.95473532E-04
 5.93793715E-04
 5.89876199E-04
 5.83705058E-04
 5.75264215E-04
 5.64537430E-04
 5.53523687E-04
 5.70448458E-04
 5.85088066E-04
 5.97425960E-04
 6.07445423E-04
 6.15129571E-04
 6.20461349E-04
 6.23423530E-04
 6.23998710E-04
 6.22169311E-04
 6.17917574E-04
 6.11225557E-04
 6.02075135E-04
 5.90447996E-04
 5.76325640E-04
 5.59689373E-04
 5.42563230E-04
 5.25876868E-04
 5.06627714E-04
 4.84796341E-04
 4.60363118E-04
 4.33308206E-04
 4.03611559E-04
 3.71252913E-04
 3.36211792E-04
 2.98467499E-04
 2.57999117E-04
 2.14785502E-04
 1.68805282E-04
 1.20036856E-04
 6.84583844E-05
 1.40477933E-05
 1.10356985E-04
 2.60156851E-04
 4.13015509E-04
 5.68957201E-04
 7.28006437E-04
 8.90187999E-04
 1.05552694E-03
 1.22404861E-03
 1.39577861E-03
 1.57074286E-03
 1.74896756E-03
 1.93047919E-03
 2.11530457E-03
 2.30347078E-03
 2.49500524E-03
 2.68879269E-03
 2.87494291E-03
 3.06452250E-03
 3.25755999E-03
 3.45408422E-03
 3.65412438E-03
 3.85770999E-03
 4.06487093E-03
 4.27563740E-03
 4.49004001E-03
 4.70810969E-03
 4.92987774E-03
 5.15537587E-03
 5.38463613E-03
 5.61769098E-03
 5.85457326E-03
 6.22295123E-03
 6.75974713E-03
 7.30106161E-03
 7.84693398E-03
 8.39740399E-03
 8.94969352E-03
 8.47346324E-03
 7.99702650E-03
 7.58670625E-03
 7.21864105E-03
 6.85032447E-03
 6.48220891E-03
 6.12347273E-03
 5.76884666E-03
 5.41422065E-03
 5.05959470E-03
 4.73109688E-03
 4.40991497E-03
 4.08866115E-03
 3.77765283E-03
 3.46066340E-03
 3.14247130E-03
 2.82405886E-03
 2.50585348E-03
 2.18764954E-03
 1.86944570E-03
 1.55124188E-03
 1.23303807E-03
 9.14834277E-04
 5.96630506E-04
 2.78426752E-04
 9.48795389E-10
 3.61355093E-09
 8.19688876E-09
 1.28006456E-08
 1.74258825E-08
 2.20710179E-08
 2.67379465E-08
 3.14275859E-08
 3.61375776E-08
 4.08667231E-08
 4.56186003E-08
 5.03934509E-08
 5.51908163E-08
 6.00119987E-08
 6.48558376E-08
 6.97236421E-08
 7.47882276E-08
 8.00737195E-08
 8.53832380E-08
 9.07166882E-08
 9.60746962E-08
 1.01456804E-07
 1.06863644E-07
 1.12295126E-07
 1.17751895E-07
 1.23233489E-07
 1.28740566E-07
 1.34273415E-07
 1.39831571E-07
 1.45415704E-07
 1.51025732E-07
 1.56662334E-07
 1.62128066E-07
 4.44424132E-08
 4.30916735E-08
 4.17336034E-08
 4.03689008E-08
 3.89974849E-08
 3.76188833E-08
 3.62334082E-08
 3.48409727E-08
 3.34410989E-08
 3.20340975E-08
 3.06198788E-08
 2.91987627E-08
 2.77698524E-08
 2.63338661E-08
 2.48903125E-08
 2.34390923E-08
 2.19805280E-08
 2.05145256E-08
 1.90405736E-08
 1.75589983E-08
 1.60692756E-08
 1.45721513E-08
 1.30666818E-08
 1.15536109E-08
 1.00324176E-08
 8.50299461E-09
 6.96523536E-09
 5.41902955E-09
 3.86514374E-09
 2.30259731E-09
 8.04366264E-10
 5.45497936E-09
 1.01145913E-08
 1.47824311E-08
 1.94595021E-08
 2.41450291E-08
 2.88400328E-08
 3.35437317E-08
 3.82562435E-08
 4.29776886E-08
 4.77091133E-08
 5.24492619E-08
 5.71987304E-08
 6.19581037E-08
 6.67270591E-08
 7.15052566E-08
 7.62933008E-08
 8.10908575E-08
 8.58990151E-08
 9.07164848E-08
 9.55448531E-08
 1.00382817E-07
 1.05231005E-07
 1.10089566E-07
 1.14959146E-07
 1.19838917E-07
 1.24729525E-07
 1.29630632E-07
 1.34542397E-07
 1.39465989E-07
 1.44400062E-07
 1.49345797E-07
 1.54302346E-07
 1.59270905E-07
 1.64251138E-07
 1.69242712E-07
 1.74245795E-07
 1.79261098E-07
 1.84288811E-07
 1.89328595E-07
 1.94380647E-07
 1.99445159E-07
 2.04522332E-07
 2.09612370E-07
 2.14714931E-07
 2.19830775E-07
 2.24960112E-07
 2.30102611E-07
 2.35258490E-07
 2.40428531E-07
 2.45611845E-07
 2.50809784E-07
 2.56021461E-07
 2.61247672E-07
 2.66488097E-07
 2.71743557E-07
 2.77013727E-07
 2.82299445E-07
 2.87600398E-07
 2.92916257E-07
 2.98249071E-07
 3.03596743E-07
 3.08960744E-07
 3.14341367E-07
 3.19738907E-07
 3.25153058E-07
 3.30584123E-07
 3.36032417E-07
 3.41498867E-07
 3.46983192E-07
 3.52485722E-07
 3.58006161E-07
 3.63546120E-07
 3.69104688E-07
 3.74682222E-07
 3.80279730E-07
 3.85897595E-07
 3.91535556E-07
 3.97194002E-07
 4.02874006E-07
 4.08575313E-07
 2.01844928E-07
 2.05561957E-07
 2.09284206E-07
 2.13013144E-07
 2.16747532E-07
 2.20487474E-07
 2.24234493E-07
 2.27987318E-07
 2.31746784E-07
 2.35513025E-07
 2.39285475E-07
 2.43064975E-07
 2.46851683E-07
 2.50645763E-07
 2.54446618E-07
 2.58255154E-07
 2.62071531E-07
 2.65895923E-07
 2.69728510E-07
 2.73569472E-07
 2.77419006E-07
 2.81277290E-07
 2.85144533E-07
 2.89020946E-07
 2.92907519E-07
 2.96802905E-07
 3.00709723E-07
 3.04626604E-07
 3.08554621E-07
 3.12493221E-07
 3.16444298E-07
 3.20407338E-07
 3.24382623E-07
 3.28371297E-07
 3.32372844E-07
 9.27713101E-08
 6.70067351E-08
 5.01327184E-08
 3.75146332E-08
 2.75122247E-08
 1.93201862E-08
 1.24749283E-08
 6.67765328E-09
 1.72777470E-09
 3.97152235E-09
 1.34295116E-08
 2.23776198E-08
 1.82229547E-07
 1.78115102E-07
 1.74087026E-07
 1.70138421E-07
 1.66260160E-07
 1.62447610E-07
 1.58692964E-07
 1.54994100E-07
 1.51344731E-07
 1.47742423E-07
 1.44183542E-07
 1.40665362E-07
 1.37185068E-07
 1.33741796E-07
 1.30332494E-07
 1.26955084E-07
 1.23608474E-07
 1.20291523E-07
 1.17003024E-07
 1.13740606E-07
 1.10504050E-07
 1.07291978E-07
 1.04104123E-07
 1.00938990E-07
 9.77962512E-08
 9.46755165E-08
 9.15751920E-08
 8.84948424E-08
 8.54352006E-08
 8.23945879E-08
 7.93737286E-08
 7.63708269E-08
 7.33866162E-08
 7.04205418E-08
 6.74720085E-08
 6.45417428E-08
 6.16277929E-08
 5.87315340E-08
 5.58523526E-08
 5.29895504E-08
 5.01445982E-08
 4.73161013E-08
 4.45048105E-08
 4.17093011E-08
 3.89318261E-08
 3.61709583E-08
 3.34266770E-08
 3.06998524E-08
 2.79905273E-08
 2.52988127E-08
 2.26247899E-08
 1.99693556E-08
 1.73310312E-08
 1.47123882E-08
 1.21128681E-08
 9.53175165E-09
 6.97098128E-09
 4.43084263E-09
 1.91167756E-09
 5.86165920E-10
 4.88147623E-03
 1.26918358E-02
 2.05021953E-02
 2.83125548E-02
 3.61229142E-02
 4.39332737E-02
 5.17436331E-02
 5.95539925E-02
 6.73643519E-02
 7.51747113E-02
 8.29850706E-02
 9.07954300E-02
 9.86057893E-02
 1.06416149E-01
 1.14226508E-01
 1.22036867E-01
 1.29847226E-01
 1.37657585E-01
 1.45467945E-01
 1.53278304E-01
 1.61088663E-01
 1.68899022E-01
 1.76709381E-01
 1.84519740E-01
 1.92330099E-01
 2.00140457E-01
 2.07950984E-01
 2.15761337E-01
 2.23571690E-01
 2.31382043E-01
 2.39192396E-01
 2.52103401E-01
 2.76235842E-01
 3.00368283E-01
 3.24500723E-01
 3.48633164E-01
 3.72765605E-01
 3.96898045E-01
 4.21030485E-01
 4.49115961E-01
 4.81409506E-01
 5.13703052E-01
 5.45996598E-01
 5.82944731E-01
 6.23399568E-01
 6.68860199E-01
 0.00000000E+00
 0.00000000E+00
 0.00000000E+00
 0.00000000E+00
 0.00000000E+00
 0.00000000E+00
 0.00000000E+00
 0.00000000E+00
 0.00000000E+00
 0.00000000E+00
 0.00000000E+00
 0.00000000E+00
 0.00000000E+00
 0.00000000E+00
 0.00000000E+00
 0.00000000E+00
 9.11651984E-01
 8.47720342E-01
 7.95448798E-01
 7.44171516E-01
 7.04054574E-01
 6.63891128E-01
 6.23680921E-01
 5.85537229E-01
 5.57538027E-01
 5.29505605E-01
 5.01439778E-01
 4.73340358E-01
 4.45207154E-01
 4.17039976E-01
 3.88838632E-01
 3.64852004E-01
 3.48952580E-01
 3.33033185E-01
 3.17093704E-01
 3.01134023E-01
 2.85154025E-01
 2.69153595E-01
 2.53132614E-01
 2.37090963E-01
 2.21028523E-01
 2.04945174E-01
 1.88840793E-01
 1.72715259E-01
 1.56568447E-01
 1.40400233E-01
 1.24210493E-01
 1.16598204E-01
 1.12886049E-01
 1.09167750E-01
 1.05443268E-01
 1.01712567E-01
 9.79756095E-02
 9.42323584E-02
 9.04827755E-02
 8.67268227E-02
 8.29644615E-02
 7.91956531E-02
 7.54203583E-02
 7.16385377E-02
 6.78501515E-02
 6.40551595E-02
 6.02536051E-02
 5.64479643E-02
 5.26355989E-02
 4.88164673E-02
 4.49905277E-02
 4.11577380E-02
 3.73180555E-02
 3.34714373E-02
 2.96178402E-02
 2.57572204E-02
 2.18895339E-02
 1.80147363E-02
 1.41327828E-02
 1.02436282E-02
 6.34722689E-03
 2.44353284E-03
 1.37332195E-05
 4.90520058E-05
 8.24658454E-05
 1.13962044E-04
 1.43527792E-04
 1.71150160E-04
 1.96816099E-04
 2.20512441E-04
 2.42225894E-04
 2.61943043E-04
 2.79650348E-04
 2.95334141E-04
 3.08980627E-04
 3.20575880E-04
 3.30105843E-04
 3.37556326E-04
 3.47459065E-04
 3.57040443E-04
 3.64508335E-04
 3.69848065E-04
 3.73044814E-04
 3.74083621E-04
 3.72949382E-04
 3.69626844E-04
 3.64100609E-04
 3.56355128E-04
 3.46374698E-04
 3.34143466E-04
 3.19645421E-04
 3.02864395E-04
 2.83784060E-04
 2.65410984E-04
 2.90091343E-04
 3.12498130E-04
 3.32614874E-04
 3.50424938E-04
 3.65911520E-04
 3.79057646E-04
 3.89846170E-04
 3.98259775E-04
 4.04280964E-04
 4.07892064E-04
 4.09075220E-04
 4.07812393E-04
 4.04085358E-04
 3.97875704E-04
 3.89164826E-04
 3.80998292E-04
 3.74780214E-04
 3.66016489E-04
 3.54687815E-04
 3.40774684E-04
 3.24257383E-04
 3.05115990E-04
 2.83330372E-04
 2.58880179E-04
 2.31744846E-04
 2.01903586E-04
 1.69335390E-04
 1.34019019E-04
 9.59330073E-05
 5.50556538E-05
 1.13650219E-05
 3.97805343E-05
 9.53332953E-05
 1.53777537E-04
 2.15136256E-04
 2.79432708E-04
 3.46690402E-04
 4.16933113E-04
 4.90184880E-04
 5.66470011E-04
 6.45813091E-04
 7.28238979E-04
 8.13772818E-04
 9.02440036E-04
 9.94266351E-04
 1.08927778E-03
 1.18578618E-03
 1.26894084E-03
 1.35532596E-03
 1.44496852E-03
 1.53789579E-03
 1.63413537E-03
 1.73371519E-03
 1.83666351E-03
 1.94300891E-03
 2.05278032E-03
 2.16600701E-03
 2.28271861E-03
 2.40294509E-03
 2.52671679E-03
 2.65406441E-03
 2.78501903E-03
 3.11106326E-03
 3.68756141E-03
 4.26864736E-03
 4.85436095E-03
 5.44474250E-03
 6.03983284E-03
 5.71604208E-03
 5.28262022E-03
 4.94826272E-03
 4.67729429E-03
 4.40607915E-03
 4.13506021E-03
 3.87811177E-03
 3.62732910E-03
 3.37654650E-03
 3.12576397E-03
 2.91417767E-03
 2.71356638E-03
 2.51284716E-03
 2.32749778E-03
 2.13317577E-03
 1.93704952E-03
 1.74070315E-03
 1.54456354E-03
 1.34842609E-03
 1.15228877E-03
 9.56151471E-04
 7.60014188E-04
 5.63876925E-04
 3.67739681E-04
 1.71602456E-04
 1.70364708E-08
 1.25198570E-08
 7.98246502E-09
 3.42493161E-09
 1.15406222E-09
 5.75186381E-09
 1.03720503E-08
 1.50145154E-08
 1.96771581E-08
 2.43573680E-08
 2.90602255E-08
 3.37859679E-08
 3.85348400E-08
 4.33074468E-08
 4.81033296E-08
 5.29227445E-08
 5.80264119E-08
 6.34496820E-08
 6.88965384E-08
 7.43679675E-08
 7.98638774E-08
 8.53845375E-08
 9.09298551E-08
 9.65001061E-08
 1.02095571E-07
 1.07716529E-07
 1.13362900E-07
 1.19034968E-07
 1.24732647E-07
 1.30456993E-07
 1.36207164E-07
 1.41983844E-07
 1.47490869E-07
 6.02450076E-08
 5.89043044E-08
 5.75569583E-08
 5.62024956E-08
 5.48412277E-08
 5.34730730E-08
 5.20975559E-08
 5.07149817E-08
 4.93256682E-08
 4.79287330E-08
 4.65244845E-08
 4.51128356E-08
 4.36941010E-08
 4.22677875E-08
 4.08337999E-08
 3.93924547E-08
 3.79432515E-08
 3.64865044E-08
 3.50221191E-08
 3.35495827E-08
 3.20696319E-08
 3.05813289E-08
 2.90854165E-08
 2.75813708E-08
 2.60686587E-08
 2.45484609E-08
 2.30198159E-08
 2.14826116E-08
 1.99367413E-08
 1.83829619E-08
 1.52640958E-08
 1.05795889E-08
 5.88640025E-09
 1.18486551E-09
 3.52557998E-09
 8.24550284E-09
 1.29736767E-08
 1.77115736E-08
 2.24579597E-08
 2.72138683E-08
 3.19789659E-08
 3.67538461E-08
 4.15377122E-08
 4.63311598E-08
 5.11343177E-08
 5.59473242E-08
 6.07703227E-08
 6.56024982E-08
 7.04449401E-08
 7.52977932E-08
 8.01607286E-08
 8.50338874E-08
 8.99174214E-08
 9.48114812E-08
 9.97157245E-08
 1.04631298E-07
 1.09557370E-07
 1.14494099E-07
 1.19441641E-07
 1.24401171E-07
 1.29370839E-07
 1.34352839E-07
 1.39345310E-07
 1.44349956E-07
 1.49366444E-07
 1.54394441E-07
 1.59434648E-07
 1.64486201E-07
 1.69550340E-07
 1.74627258E-07
 1.79716092E-07
 1.84817570E-07
 1.89931893E-07
 1.95059268E-07
 2.00199357E-07
 2.05352373E-07
 2.10519074E-07
 2.15699687E-07
 2.20893326E-07
 2.26100766E-07
 2.31322804E-07
 2.36558549E-07
 2.41808234E-07
 2.47072662E-07
 2.52352096E-07
 2.57646202E-07
 2.62955239E-07
 2.68279462E-07
 2.73619728E-07
 2.78975130E-07
 2.84346531E-07
 2.89734211E-07
 2.95137862E-07
 3.00558375E-07
 3.05994831E-07
 3.11449358E-07
 3.16921052E-07
 3.22409607E-07
 3.27915958E-07
 3.33441060E-07
 3.38984000E-07
 3.44545741E-07
 3.50126646E-07
 3.55726430E-07
 3.61345447E-07
 3.66984728E-07
 3.72643997E-07
 3.78323647E-07
 3.84024733E-07
 3.89747011E-07
 3.95490902E-07
 1.87166937E-07
 1.90910096E-07
 1.94659237E-07
 1.98413794E-07
 2.02175256E-07
 2.05941684E-07
 2.09715274E-07
 2.13494769E-07
 2.17281003E-07
 2.21073394E-07
 2.24872802E-07
 2.28679365E-07
 2.32492512E-07
 2.36313858E-07
 2.40142088E-07
 2.43977367E-07
 2.47821335E-07
 2.51672688E-07
 2.55532336E-07
 2.59400471E-07
 2.63277287E-07
 2.67163752E-07
 2.71058520E-07
 2.74962573E-07
 2.78876914E-07
 2.82800991E-07
 2.86735032E-07
 2.90680070E-07
 2.94636377E-07
 2.98603398E-07
 3.02583044E-07
 3.06573952E-07
 3.10578085E-07
 3.14594920E-07
 3.18625620E-07
 8.10731846E-08
 5.33251574E-08
 3.56431617E-08
 2.25487812E-08
 1.22204312E-08
 3.78629546E-09
 3.24785056E-09
 9.19681395E-09
 1.42725532E-08
 2.00864318E-08
 2.96680276E-08
 3.87273944E-08
 1.67193881E-07
 1.63045037E-07
 1.58985899E-07
 1.55006782E-07
 1.51099542E-07
 1.47258610E-07
 1.43478223E-07
 1.39752291E-07
 1.36078585E-07
 1.32451641E-07
 1.28868882E-07
 1.25328677E-07
 1.21826100E-07
 1.18361380E-07
 1.14930438E-07
 1.11532787E-07
 1.08166311E-07
 1.04829310E-07
 1.01521150E-07
 9.82394583E-08
 9.49845976E-08
 9.17540780E-08
 8.85476366E-08
 8.53649460E-08
 8.22045190E-08
 7.90659780E-08
 7.59489451E-08
 7.28529694E-08
 6.97764195E-08
 6.67200076E-08
 6.36826494E-08
 6.06644379E-08
 5.76641985E-08
 5.46826376E-08
 5.17185792E-08
 4.87733481E-08
 4.58443950E-08
 4.29337535E-08
 4.00394311E-08
 3.71635707E-08
 3.43040988E-08
 3.14617504E-08
 2.86358722E-08
 2.58272009E-08
 2.30365552E-08
 2.02617143E-08
 1.75049900E-08
 1.47657628E-08
 1.20432460E-08
 9.33912219E-09
 6.65271164E-09
 3.98492519E-09
 1.33511421E-09
 1.29579276E-09
 3.90758613E-09
 6.50005905E-09
 9.07210494E-09
 1.16233972E-08
 1.41537174E-08
 1.66626141E-08
 2.33141214E-03
 6.06164340E-03
 9.79187463E-03
 1.35221058E-02
 1.72523370E-02
 2.09825682E-02
 2.47127993E-02
 2.84430305E-02
 3.21732616E-02
 3.59034926E-02
 3.96337237E-02
 4.33639547E-02
 4.70941857E-02
 5.08244166E-02
 5.45546475E-02
 5.82848784E-02
 6.20151092E-02
 6.57453400E-02
 6.94755708E-02
 7.32058015E-02
 7.69360322E-02
 8.06662628E-02
 8.43964934E-02
 8.81267239E-02
 9.18569543E-02
 9.55871847E-02
 9.93174150E-02
 1.03047832E-01
 1.06778057E-01
 1.10508282E-01
 1.14238506E-01
 1.25620506E-01
 1.53836416E-01
 1.82052325E-01
 2.10268234E-01
 2.38484143E-01
 2.66700052E-01
 2.94915961E-01
 3.23131870E-01
 3.57277950E-01
 3.97736793E-01
 4.38195637E-01
 4.78654481E-01
 5.26095906E-01
 5.78797977E-01
 6.39009516E-01
 0.00000000E+00
 0.00000000E+00
 0.00000000E+00
 0.00000000E+00
 0.00000000E+00
 0.00000000E+00
 0.00000000E+00
 0.00000000E+00
 0.00000000E+00
 0.00000000E+00
 0.00000000E+00
 0.00000000E+00
 0.00000000E+00
 0.00000000E+00
 0.00000000E+00
 0.00000000E+00
 8.87675306E-01
 8.07911872E-01
 7.43701428E-01
 6.80822946E-01
 6.32831180E-01
 5.84783765E-01
 5.36680390E-01
 4.91338785E-01
 4.59529575E-01
 4.27682569E-01
 3.95797557E-01
 3.63874323E-01
 3.31912653E-01
 2.99912330E-01
 2.67873134E-01
 2.41460257E-01
 2.25837034E-01
 2.10193979E-01
 1.94530979E-01
 1.78847920E-01
 1.63144686E-01
 1.47421161E-01
 1.31677229E-01
 1.15912772E-01
 1.00127670E-01
 8.43218041E-02
 6.84950534E-02
 5.26472961E-02
 3.67784096E-02
 2.08882701E-02
 4.97675305E-03
 1.70530081E-05
 4.04801141E-05
 6.22659588E-05
 8.24004125E-05
 1.00873259E-04
 1.17674197E-04
 1.32792834E-04
 1.46218692E-04
 1.57941202E-04
 1.67949704E-04
 1.76233447E-04
 1.82781586E-04
 1.87583182E-04
 1.90627204E-04
 1.91902522E-04
 1.91509689E-04
 1.92793166E-04
 1.92278700E-04
 1.89954797E-04
 1.85809861E-04
 1.79832193E-04
 1.72009993E-04
 1.62331354E-04
 1.50784264E-04
 1.37356604E-04
 1.22036146E-04
 1.04810553E-04
 8.56673782E-05
 6.45940604E-05
 4.15779267E-05
 1.66061889E-05
 1.02535117E-05
 3.62844805E-05
 6.03976129E-05
 8.25801341E-05
 1.02819152E-04
 1.21101655E-04
 1.37414511E-04
 1.51744469E-04
 1.64078152E-04
 1.74402060E-04
 1.82702565E-04
 1.88965915E-04
 1.93178225E-04
 1.95325482E-04
 1.95393540E-04
 1.93368118E-04
 1.95296184E-04
 1.97484331E-04
 1.97547844E-04
 1.95471974E-04
 1.91241828E-04
 1.84842373E-04
 1.76258428E-04
 1.65474666E-04
 1.52475613E-04
 1.37245641E-04
 1.19768973E-04
 1.00029676E-04
 7.80116595E-05
 5.36986768E-05
 2.70743196E-05
 2.05372855E-06
 3.37161813E-05
 6.31155005E-05
 9.02352869E-05
 1.15058977E-04
 1.37569839E-04
 1.57750975E-04
 1.75585314E-04
 1.91055612E-04
 2.04144450E-04
 2.14834230E-04
 2.23107175E-04
 2.28945324E-04
 2.32330532E-04
 2.33244466E-04
 2.31668602E-04
 2.31670023E-04
 2.35127276E-04
 2.36054743E-04
 2.34433232E-04
 2.30243350E-04
 2.23465501E-04
 2.14079880E-04
 2.02066471E-04
 1.87405044E-04
 1.70075155E-04
 1.50056138E-04
 1.27327107E-04
 1.01866948E-04
 7.36543201E-05
 4.26676497E-05
 8.88512804E-06
 2.45357172E-05
 5.48706468E-05
 8.24665742E-05
 1.07301635E-04
 1.29353722E-04
 1.48600481E-04
 1.65019309E-04
 1.78587348E-04
 1.89281484E-04
 1.97078341E-04
 2.01954279E-04
 2.03885388E-04
 2.02847486E-04
 1.98816114E-04
 1.91766533E-04
 1.83959634E-04
 1.95206407E-04
 2.03405019E-04
 2.08529920E-04
 2.10555262E-04
 2.09454893E-04
 2.05202353E-04
 1.97770870E-04
 1.87133353E-04
 1.73262390E-04
 1.56130240E-04
 1.35708832E-04
 1.11969754E-04
 8.48842530E-05
 5.44232277E-05
 2.05572219E-05
 2.64492018E-04
 8.72357913E-04
 1.48486490E-03
 2.10205323E-03
 2.72396367E-03
 3.35063747E-03
 3.17293471E-03
 2.77389913E-03
 2.50688258E-03
 2.32439353E-03
 2.14166245E-03
 1.95912272E-03
 1.79534561E-03
 1.63979036E-03
 1.48423518E-03
 1.32868008E-03
 1.22539206E-03
 1.13673888E-03
 1.04794176E-03
 9.79639881E-04
 8.99373231E-04
 8.16700660E-04
 7.33808169E-04
 6.51122143E-04
 5.68439001E-04
 4.85756019E-04
 4.03073058E-04
 3.20390117E-04
 2.37707197E-04
 1.55024297E-04
 7.23414177E-05
 5.52734891E-09
 1.05560378E-09
 3.43569927E-09
 7.94754763E-09
 1.24801597E-08
 1.70308239E-08
 2.16041291E-08
 2.61999674E-08
 3.08158112E-08
 3.54466014E-08
 4.01006446E-08
 4.47781896E-08
 4.94787833E-08
 5.42026717E-08
 5.89508209E-08
 6.37224200E-08
 6.88654082E-08
 7.44259960E-08
 8.00111756E-08
 8.56208519E-08
 9.12549305E-08
 9.69140469E-08
 1.02598114E-07
 1.08307407E-07
 1.14042210E-07
 1.19802067E-07
 1.25588008E-07
 1.31399951E-07
 1.37237817E-07
 1.43101901E-07
 1.48992505E-07
 1.54909551E-07
 1.60458907E-07
 4.84474370E-08
 4.71172725E-08
 4.57799833E-08
 4.44362647E-08
 4.30848671E-08
 4.17268790E-08
 4.03618260E-08
 3.89892299E-08
 3.76093959E-08
 3.62226411E-08
 3.48280733E-08
 3.34264075E-08
 3.20175565E-08
 3.06006174E-08
 2.91763107E-08
 2.77445455E-08
 2.63048125E-08
 2.48574335E-08
 2.34023092E-08
 2.19393438E-08
 2.04684372E-08
 1.89894911E-08
 1.75024003E-08
 1.60070638E-08
 1.45038034E-08
 1.29920852E-08
 1.14722336E-08
 9.94370756E-09
 8.40683179E-09
 6.86193419E-09
 3.73037651E-09
 9.87963552E-10
 5.71465991E-09
 1.04498302E-08
 1.51944790E-08
 1.99478363E-08
 2.47100177E-08
 2.94820524E-08
 3.42627065E-08
 3.90525554E-08
 4.38521835E-08
 4.86612682E-08
 5.34799356E-08
 5.83078569E-08
 6.31456274E-08
 6.79929152E-08
 7.28508016E-08
 7.77180101E-08
 8.25956282E-08
 8.74833263E-08
 9.23812504E-08
 9.72895447E-08
 1.02208850E-07
 1.07137856E-07
 1.12078183E-07
 1.17029008E-07
 1.21990486E-07
 1.26963274E-07
 1.31947038E-07
 1.36941947E-07
 1.41948166E-07
 1.46965868E-07
 1.51994712E-07
 1.57035388E-07
 1.62088592E-07
 1.67152958E-07
 1.72229707E-07
 1.77318506E-07
 1.82419543E-07
 1.87533011E-07
 1.92659108E-07
 1.97797496E-07
 2.02949453E-07
 2.08113569E-07
 2.13291680E-07
 2.18482363E-07
 2.23686928E-07
 2.28905049E-07
 2.34136394E-07
 2.39382303E-07
 2.44642452E-07
 2.49916516E-07
 2.55204728E-07
 2.60507907E-07
 2.65825721E-07
 2.71159007E-07
 2.76506865E-07
 2.81870134E-07
 2.87249078E-07
 2.92643977E-07
 2.98055105E-07
 3.03482156E-07
 3.08925410E-07
 3.14385764E-07
 3.19862915E-07
 3.25357171E-07
 3.30868834E-07
 3.36398231E-07
 3.41945683E-07
 3.47510898E-07
 3.53094840E-07
 3.58697852E-07
 3.64319659E-07
 3.69961260E-07
 3.75621735E-07
 3.81302752E-07
 3.87004045E-07
 3.92726009E-07
 3.98469046E-07
 4.04233569E-07
 1.96328593E-07
 2.00092505E-07
 2.03861699E-07
 2.07636959E-07
 2.11418405E-07
 2.15206163E-07
 2.18999673E-07
 2.22799045E-07
 2.26605105E-07
 2.30417997E-07
 2.34237862E-07
 2.38064132E-07
 2.41897658E-07
 2.45737875E-07
 2.49585652E-07
 2.53441159E-07
 2.57303820E-07
 2.61174534E-07
 2.65053485E-07
 2.68940855E-07
 2.72836833E-07
 2.76740834E-07
 2.80654603E-07
 2.84576789E-07
 2.88509167E-07
 2.92451174E-07
 2.96403039E-07
 3.00365798E-07
 3.04338886E-07
 3.08323381E-07
 3.12318717E-07
 3.16326001E-07
 3.20346334E-07
 3.24379221E-07
 3.28424952E-07
 3.32484702E-07
 9.74704565E-08
 6.73795307E-08
 4.88204979E-08
 3.52208441E-08
 2.45515119E-08
 1.58668745E-08
 8.63693385E-09
 2.53099127E-09
 2.67421591E-09
 8.60548760E-09
 1.83126227E-08
 2.74852625E-08
 1.79754760E-07
 1.75571326E-07
 1.71479015E-07
 1.67469158E-07
 1.63532706E-07
 1.59664166E-07
 1.55855805E-07
 1.52104580E-07
 1.48405267E-07
 1.44754469E-07
 1.41148626E-07
 1.37585080E-07
 1.34061018E-07
 1.30573542E-07
 1.27121750E-07
 1.23703594E-07
 1.20316957E-07
 1.16959623E-07
 1.13631505E-07
 1.10331367E-07
 1.07057336E-07
 1.03808646E-07
 1.00584474E-07
 9.73839163E-08
 9.42060979E-08
 9.10500378E-08
 8.79159452E-08
 8.48028422E-08
 8.17102479E-08
 7.86377279E-08
 7.55835286E-08
 7.25496388E-08
 6.95342856E-08
 6.65369154E-08
 6.35582625E-08
 6.05970552E-08
 5.76540809E-08
 5.47286746E-08
 5.18202368E-08
 4.89288016E-08
 4.60551281E-08
 4.31992590E-08
 4.03598177E-08
 3.75383198E-08
 3.47333163E-08
 3.19456309E-08
 2.91760673E-08
 2.64231879E-08
 2.36886037E-08
 2.09716460E-08
 1.82732054E-08
 1.55926091E-08
 1.29308156E-08
 1.02880015E-08
 7.66432948E-09
 5.06090901E-09
 2.47794668E-09
 8.41644535E-11
 2.62516130E-09
 5.14468319E-09
 2.68926300E-09
 2.75981603E-09
 8.23467951E-09
 1.37330147E-08
 1.92574852E-08
 2.48088350E-08
 3.03890262E-08
 3.59979838E-08
 4.16367900E-08
 4.73077080E-08
 5.30122112E-08
 5.87506955E-08
 6.45270849E-08
 7.03423866E-08
 7.61986003E-08
 8.20983042E-08
 8.80436323E-08
 9.40382708E-08
 1.00085140E-07
 1.06187569E-07
 1.12349323E-07
 1.18574788E-07
 1.24869695E-07
 1.31237584E-07
 1.37686062E-07
 1.44220424E-07
 1.50849529E-07
 5.25665123E-08
 4.06503980E-08
 2.82498429E-08
 1.53136726E-08
 9.98422115E-03
 4.19337093E-02
 7.38831974E-02
 1.05832685E-01
 1.37782173E-01
 1.69731661E-01
 2.01681149E-01
 2.33630636E-01
 2.73487843E-01
 3.21762946E-01
 3.70038050E-01
 4.18313154E-01
 4.75899318E-01
 5.40500437E-01
 6.15115222E-01
 0.00000000E+00
 0.00000000E+00
 0.00000000E+00
 0.00000000E+00
 0.00000000E+00
 0.00000000E+00
 0.00000000E+00
 0.00000000E+00
 0.00000000E+00
 0.00000000E+00
 0.00000000E+00
 0.00000000E+00
 0.00000000E+00
 0.00000000E+00
 0.00000000E+00
 0.00000000E+00
 8.67435878E-01
 7.75582085E-01
 7.03178414E-01
 6.32448692E-01
 5.80336351E-01
 5.28163553E-01
 4.75929961E-01
 4.27157774E-01
 3.95310273E-01
 3.63424838E-01
 3.31501256E-01
 2.99539312E-01
 2.67538790E-01
 2.35499471E-01
 2.03421136E-01
 1.78385302E-01
 1.66846164E-01
 1.55291976E-01
 1.43722649E-01
 1.32138098E-01
 1.20538236E-01
 1.08922973E-01
 9.72922211E-02
 8.56458907E-02
 7.39838915E-02
 6.23061325E-02
 5.06125218E-02
 3.89029671E-02
 2.71773750E-02
 1.54356516E-02
 3.67770220E-03
 1.67480341E-05
 3.97306938E-05
 6.10716061E-05
 8.07606388E-05
 9.87875734E-05
 1.15142105E-04
 1.29813840E-04
 1.42792297E-04
 1.54066904E-04
 1.63626999E-04
 1.71461828E-04
 1.77560544E-04
 1.81912205E-04
 1.84505777E-04
 1.85330127E-04
 1.84513750E-04
 1.86240032E-04
 1.86169028E-04
 1.84289249E-04
 1.80589103E-04
 1.75056896E-04
 1.67680833E-04
 1.58449010E-04
 1.47349421E-04
 1.34369951E-04
 1.19498377E-04
 1.02722368E-04
 8.40294790E-05
 6.34071562E-05
 4.08427307E-05
 1.63234193E-05
 9.86246109E-06
 3.48487245E-05
 5.79157877E-05
 7.90508677E-05
 9.82410640E-05
 1.15473357E-04
 1.30734607E-04
 1.44011554E-04
 1.55290812E-04
 1.64558872E-04
 1.71802099E-04
 1.77006732E-04
 1.80158876E-04
 1.81244511E-04
 1.80249481E-04
 1.77159496E-04
 1.79536824E-04
 1.82768356E-04
 1.83876879E-04
 1.82847652E-04
 1.79665797E-04
 1.74316291E-04
 1.66783963E-04
 1.57053501E-04
 1.45109440E-04
 1.30936166E-04
 1.14517912E-04
 9.58387584E-05
 7.48826275E-05
 5.16332842E-05
 2.60743329E-05
 1.97646486E-06
 3.23945843E-05
 6.05477552E-05
 8.64195668E-05
 1.09993443E-04
 1.31252643E-04
 1.50180254E-04
 1.66759193E-04
 1.80972206E-04
 1.92801860E-04
 2.02230545E-04
 2.09240472E-04
 2.13813667E-04
 2.15931973E-04
 2.15577044E-04
 2.12730343E-04
 2.12480359E-04
 2.17179979E-04
 2.19351984E-04
 2.18977200E-04
 2.16036251E-04
 2.10509556E-04
 2.02377327E-04
 1.91619566E-04
 1.78216060E-04
 1.62146383E-04
 1.43389887E-04
 1.21925701E-04
 9.77327325E-05
 7.07896570E-05
 4.10749197E-05
 8.56673050E-06
 2.22789950E-05
 4.95997260E-05
 7.41762948E-05
 9.59868000E-05
 1.15009097E-04
 1.31220793E-04
 1.44599248E-04
 1.55121565E-04
 1.62764591E-04
 1.67504910E-04
 1.69318842E-04
 1.68182438E-04
 1.64071474E-04
 1.56961452E-04
 1.46827589E-04
 1.36502196E-04
 1.50755133E-04
 1.61965649E-04
 1.70108238E-04
 1.75157099E-04
 1.77086128E-04
 1.75868912E-04
 1.71478727E-04
 1.63888531E-04
 1.53070961E-04
 1.38998327E-04
 1.21642606E-04
 1.00975440E-04
 7.69681249E-05
 4.95916127E-05
 1.88165000E-05
 2.39468720E-04
 7.90057336E-04
 1.34517103E-03
 1.90484911E-03
 2.46913137E-03
 3.03805811E-03
 2.91481634E-03
 2.45829145E-03
 2.16674736E-03
 1.98087359E-03
 1.79476203E-03
 1.60883732E-03
 1.44636832E-03
 1.29417770E-03
 1.14198715E-03
 9.89796674E-04
 9.02946856E-04
 8.34392479E-04
 7.65658151E-04
 7.22545518E-04
 6.64475345E-04
 6.03397440E-04
 5.42099645E-04
 4.81008198E-04
 4.19920352E-04
 3.58832701E-04
 2.97745072E-04
 2.36657463E-04
 1.75569875E-04
 1.14482308E-04
 5.33947610E-05
 5.62726989E-08
 5.18466058E-08
 4.74008298E-08
 4.29354561E-08
 3.84493345E-08
 3.39452317E-08
 2.94189160E-08
 2.48698080E-08
 2.03015600E-08
 1.57192521E-08
 1.11141214E-08
 6.48557407E-09
 1.83335781E-09
 2.84277925E-09
 7.54238884E-09
 1.22660756E-08
 1.74483109E-08
 2.31468901E-08
 2.88699831E-08
 3.46178569E-08
 4.03904229E-08
 4.61879531E-08
 5.20107267E-08
 5.78590236E-08
 6.37327610E-08
 6.96322211E-08
 7.55576996E-08
 8.15091124E-08
 8.74867553E-08
 9.34913072E-08
 9.95219360E-08
 1.05579704E-07
 1.11171350E-07
 9.89104379E-08
 9.75908523E-08
 9.62644367E-08
 9.49307205E-08
 9.35900118E-08
 9.22422255E-08
 9.08872788E-08
 8.95250841E-08
 8.81559578E-08
 8.67790107E-08
 8.53945517E-08
 8.40028964E-08
 8.26035486E-08
 8.11968235E-08
 7.97822183E-08
 7.83604603E-08
 7.69302216E-08
 7.54926408E-08
 7.40467944E-08
 7.25934147E-08
 7.11319848E-08
 6.96624056E-08
 6.81845716E-08
 6.66983797E-08
 6.52041465E-08
 6.37013389E-08
 6.21907176E-08
 6.06713058E-08
 5.91434275E-08
 5.76065344E-08
 5.44624972E-08
 4.97107659E-08
 4.49501145E-08
 4.01804202E-08
 3.54020114E-08
 3.06143223E-08
 2.58176775E-08
 2.10119587E-08
 1.61965813E-08
 1.13723345E-08
 6.53817398E-09
 1.69442374E-09
 3.15857916E-09
 8.02144000E-09
 1.28942879E-08
 1.77767963E-08
 2.26695740E-08
 2.75722910E-08
 3.24846101E-08
 3.74076303E-08
 4.23410235E-08
 4.72849382E-08
 5.22395283E-08
 5.72044579E-08
 6.21798820E-08
 6.71669412E-08
 7.21643181E-08
 7.71731642E-08
 8.21926441E-08
 8.72239340E-08
 9.22666998E-08
 9.73206027E-08
 1.02386333E-07
 1.07464066E-07
 1.12553471E-07
 1.17654724E-07
 1.22768014E-07
 1.27894053E-07
 1.33031984E-07
 1.38182525E-07
 1.43346408E-07
 1.48522240E-07
 1.53711830E-07
 1.58913769E-07
 1.64129350E-07
 1.69358247E-07
 1.74600672E-07
 1.79856853E-07
 1.85126459E-07
 1.90410832E-07
 1.95709092E-07
 2.01021471E-07
 2.06348777E-07
 2.11690689E-07
 2.17048037E-07
 2.22419918E-07
 2.27807173E-07
 2.33210065E-07
 2.38628278E-07
 2.44063262E-07
 2.49513523E-07
 2.54980538E-07
 2.60463999E-07
 2.65964803E-07
 2.71482041E-07
 2.77016630E-07
 2.82568881E-07
 2.88139116E-07
 2.93727669E-07
 2.99334252E-07
 3.04959194E-07
 3.10603478E-07
 3.16266832E-07
 3.21949610E-07
 3.27652828E-07
 3.33375579E-07
 3.39119555E-07
 3.44883835E-07
 3.50669491E-07
 1.43187964E-07
 1.46972512E-07
 1.50762983E-07
 1.54558822E-07
 1.58360816E-07
 1.62168399E-07
 1.65983076E-07
 1.69802895E-07
 1.73630073E-07
 1.77462637E-07
 1.81302831E-07
 1.85149393E-07
 1.89002450E-07
 1.92862865E-07
 1.96730792E-07
 2.00605665E-07
 2.04488369E-07
 2.08378330E-07
 2.12277210E-07
 2.16182935E-07
 2.20097940E-07
 2.24021669E-07
 2.27953547E-07
 2.31895304E-07
 2.35845608E-07
 2.39805446E-07
 2.43775817E-07
 2.47756183E-07
 2.51746769E-07
 2.55747817E-07
 2.59761211E-07
 2.63785597E-07
 2.67821242E-07
 2.71870089E-07
 2.75931621E-07
 2.80006993E-07
 2.84095692E-07
 5.22585540E-08
 1.93329180E-08
 1.83800966E-10
 1.43193004E-08
 2.53454458E-08
 3.42916225E-08
 4.17233531E-08
 4.79906494E-08
 5.33298480E-08
 5.93803594E-08
 6.92148509E-08
 1.34382431E-07
 1.30058919E-07
 1.25841768E-07
 1.21717146E-07
 1.17675478E-07
 1.13710686E-07
 1.09813439E-07
 1.05978975E-07
 1.02201318E-07
 9.84772689E-08
 9.48024797E-08
 9.11728869E-08
 8.75863496E-08
 8.40395984E-08
 8.05313015E-08
 7.70584835E-08
 7.36190952E-08
 7.02121256E-08
 6.68359061E-08
 6.34887278E-08
 6.01688081E-08
 5.68765369E-08
 5.36094622E-08
 5.03673220E-08
 4.71486736E-08
 4.39543736E-08
 4.07811396E-08
 3.76303610E-08
 3.45004453E-08
 3.13909539E-08
 2.83020136E-08
 2.52332020E-08
 2.21833633E-08
 1.91526207E-08
 1.61397732E-08
 1.31462142E-08
 1.01707262E-08
 7.21272017E-09
 4.27291048E-09
 1.35002604E-09
 1.55452614E-09
 4.44275730E-09
 7.31252390E-09
 1.01651560E-08
 1.30006166E-08
 1.58188524E-08
 1.86190532E-08
 2.14018691E-08
 2.41664828E-08
 2.69143395E-08
 2.96429842E-08
 3.23539047E-08
 3.50469326E-08
 3.77195233E-08
 4.03738732E-08
 4.30090507E-08
 4.56239433E-08
 4.82173952E-08
 5.07917478E-08
 5.33431107E-08
 5.58729156E-08
 5.33927133E-08
 4.78968921E-08
 4.23770512E-08
 3.68316702E-08
 3.12599883E-08
 2.56622255E-08
 2.00355081E-08
 1.43798062E-08
 8.69293360E-09
 2.97369683E-09
 2.77822224E-09
 8.56556948E-09
 1.43911466E-08
 2.02547314E-08
 2.61608478E-08
 3.21102824E-08
 3.81062663E-08
 4.41515292E-08
 5.02495475E-08
 5.64036263E-08
 6.26176718E-08
 6.88960983E-08
 7.52447479E-08
 8.16672236E-08
 8.81696858E-08
 9.47597292E-08
 1.01444953E-07
 1.03661307E-07
 9.16489089E-08
 7.91474845E-08
 6.61071523E-08
 9.98531636E-03
 4.19381469E-02
 7.38909773E-02
 1.05843808E-01
 1.37796638E-01
 1.69749468E-01
 2.01702298E-01
 2.33655128E-01
 2.75493639E-01
 3.27855618E-01
 3.80217598E-01
 4.32579579E-01
 4.96581571E-01
 5.69353215E-01
 6.54643239E-01
 0.00000000E+00
 0.00000000E+00
 0.00000000E+00
 0.00000000E+00
 0.00000000E+00
 0.00000000E+00
 0.00000000E+00
 0.00000000E+00
 0.00000000E+00
 0.00000000E+00
 0.00000000E+00
 0.00000000E+00
 0.00000000E+00
 0.00000000E+00
 0.00000000E+00
 0.00000000E+00
 8.47196601E-01
 7.43252542E-01
 6.62655705E-01
 5.84074805E-01
 5.27841920E-01
 4.71543772E-01
 4.15179996E-01
 3.62977255E-01
 3.31091466E-01
 2.99167604E-01
 2.67205454E-01
 2.35204801E-01
 2.03165428E-01
 1.71087116E-01
 1.38969645E-01
 1.15310844E-01
 1.07855762E-01
 1.00390408E-01
 9.29147240E-02
 8.54286504E-02
 7.79321271E-02
 7.04250940E-02
 6.29074903E-02
 5.53792547E-02
 4.78403254E-02
 4.02906402E-02
 3.27301364E-02
 2.51587507E-02
 1.75764193E-02
 9.98307797E-03
 2.37866193E-03
 1.64428414E-05
 3.89810573E-05
 5.98770397E-05
 7.91206538E-05
 9.67016788E-05
 1.12609807E-04
 1.26834642E-04
 1.39365701E-04
 1.50192408E-04
 1.59304099E-04
 1.66690017E-04
 1.72339312E-04
 1.76241040E-04
 1.78384165E-04
 1.78757550E-04
 1.77517631E-04
 1.79686712E-04
 1.80059166E-04
 1.78623505E-04
 1.75368144E-04
 1.70281393E-04
 1.63351461E-04
 1.54566449E-04
 1.43914356E-04
 1.31383071E-04
 1.16960376E-04
 1.00633943E-04
 8.23913354E-05
 6.22200018E-05
 4.01072787E-05
 1.60403880E-05
 9.47114806E-06
 3.34127142E-05
 5.54337165E-05
 7.55213636E-05
 9.36627469E-05
 1.09844839E-04
 1.24054491E-04
 1.36278434E-04
 1.46503276E-04
 1.54715498E-04
 1.60901456E-04
 1.65047380E-04
 1.67139368E-04
 1.67163390E-04
 1.65105280E-04
 1.60950743E-04
 1.63777326E-04
 1.68052232E-04
 1.70205752E-04
 1.70223158E-04
 1.68089581E-04
 1.63790010E-04
 1.57309289E-04
 1.48632113E-04
 1.37743032E-04
 1.24626442E-04
 1.09266590E-04
 9.16475674E-05
 7.17533087E-05
 4.95675914E-05
 2.50740328E-05
 1.89887570E-06
 3.10726728E-05
 5.79797066E-05
 8.26035545E-05
 1.04927629E-04
 1.24935177E-04
 1.42609274E-04
 1.57932826E-04
 1.70888565E-04
 1.81459047E-04
 1.89626649E-04
 1.95373570E-04
 1.98681824E-04
 1.99533241E-04
 1.97909460E-04
 1.93791934E-04
 1.93290547E-04
 1.99232518E-04
 2.02649045E-04
 2.03520972E-04
 2.01828939E-04
 1.97553381E-04
 1.90674528E-04
 1.81172398E-04
 1.69026797E-04
 1.54217314E-04
 1.36723320E-04
 1.16523963E-04
 9.35981664E-05
 6.79246251E-05
 3.94818025E-05
 8.24792721E-06
 2.00218876E-05
 4.43284539E-05
 6.58856985E-05
 8.46716828E-05
 1.00664225E-04
 1.13840894E-04
 1.24179012E-04
 1.31655643E-04
 1.36247595E-04
 1.37931412E-04
 1.36683377E-04
 1.32479497E-04
 1.25295511E-04
 1.15106876E-04
 1.01888771E-04
 8.90449171E-05
 1.06303978E-04
 1.20526355E-04
 1.31686591E-04
 1.39758930E-04
 1.44717314E-04
 1.46535379E-04
 1.45186449E-04
 1.40643530E-04
 1.32879309E-04
 1.21866145E-04
 1.07576066E-04
 8.99807637E-05
 6.90515881E-05
 4.47595415E-05
 1.70752736E-05
 2.14446313E-04
 7.07758478E-04
 1.20547971E-03
 1.70764839E-03
 2.21430335E-03
 2.72548389E-03
 2.65668090E-03
 2.14265488E-03
 1.82657810E-03
 1.63731891E-03
 1.44782621E-03
 1.25851581E-03
 1.09735519E-03
 9.48529891E-04
 7.99704669E-04
 6.50879521E-04
 5.80471337E-04
 5.32019958E-04
 4.83352602E-04
 4.65434477E-04
 4.29565414E-04
 3.90086682E-04
 3.50388102E-04
 3.10895741E-04
 2.71407697E-04
 2.31919885E-04
 1.92432094E-04
 1.52944325E-04
 1.13456576E-04
 7.39688486E-05
 3.44811426E-05
 7.00362677E-08
 6.56557037E-08
 6.12553293E-08
 5.68359612E-08
 5.23955243E-08
 4.79385346E-08
 4.34587328E-08
 3.89558786E-08
 3.44347447E-08
 2.99014814E-08
 2.53447796E-08
 2.07643892E-08
 1.61607632E-08
 1.15325911E-08
 6.88067038E-09
 2.20474689E-09
 3.01689614E-09
 8.85364945E-09
 1.47152014E-08
 2.06010994E-08
 2.65127072E-08
 3.24492087E-08
 3.84108840E-08
 4.43983776E-08
 5.04116125E-08
 5.64505065E-08
 6.25160947E-08
 6.86075535E-08
 7.47255544E-08
 8.08700236E-08
 8.70416447E-08
 9.32403464E-08
 9.88737042E-08
 1.12387523E-07
 1.11078709E-07
 1.09762199E-07
 1.08439460E-07
 1.07109246E-07
 1.05771466E-07
 1.04426822E-07
 1.03074836E-07
 1.01715416E-07
 1.00348478E-07
 9.89743287E-08
 9.75924801E-08
 9.62028354E-08
 9.48057090E-08
 9.34010075E-08
 9.19886379E-08
 9.05685049E-08
 8.91400992E-08
 8.77037321E-08
 8.62597221E-08
 8.48075538E-08
 8.33471211E-08
 8.18783243E-08
 8.04014775E-08
 7.89164792E-08
 7.74227951E-08
 7.59207457E-08
 7.44102200E-08
 7.28906764E-08
 7.13628664E-08
 6.82061159E-08
 6.34203119E-08
 5.86254606E-08
 5.38218873E-08
 4.90094765E-08
 4.41876576E-08
 3.93563055E-08
 3.45161965E-08
 2.96662991E-08
 2.48074018E-08
 1.99389131E-08
 1.50602423E-08
 1.01726402E-08
 5.27458228E-09
 3.66860358E-10
 4.55112986E-09
 9.47859254E-09
 1.44166069E-08
 1.93643699E-08
 2.43229856E-08
 2.92921209E-08
 3.42714485E-08
 3.92611108E-08
 4.42622434E-08
 4.92740280E-08
 5.42966211E-08
 5.93301812E-08
 6.43748728E-08
 6.94308623E-08
 7.44983208E-08
 7.95774190E-08
 8.46683370E-08
 8.97702234E-08
 9.48847959E-08
 1.00010696E-07
 1.05149661E-07
 1.10299798E-07
 1.15462860E-07
 1.20638525E-07
 1.25826460E-07
 1.31026850E-07
 1.36240980E-07
 1.41467984E-07
 1.46708066E-07
 1.51961445E-07
 1.57228333E-07
 1.62508950E-07
 1.67802968E-07
 1.73111169E-07
 1.78434344E-07
 1.83771055E-07
 1.89122657E-07
 1.94488271E-07
 1.99869272E-07
 2.05265351E-07
 2.10676762E-07
 2.16103772E-07
 2.21546064E-07
 2.27003906E-07
 2.32478160E-07
 2.37969115E-07
 2.43475869E-07
 2.48999910E-07
 2.54540331E-07
 2.60098646E-07
 2.65673954E-07
 2.71267184E-07
 2.76878037E-07
 2.82507466E-07
 2.88155179E-07
 2.93822159E-07
 2.99507490E-07
 3.05212791E-07
 3.10937800E-07
 3.16682898E-07
 3.22447812E-07
 3.28233583E-07
 3.34040608E-07
 1.26988614E-07
 1.30794105E-07
 1.34604822E-07
 1.38422228E-07
 1.42244410E-07
 1.46073517E-07
 1.49907625E-07
 1.53748914E-07
 1.57595442E-07
 1.61449411E-07
 1.65309577E-07
 1.69176061E-07
 1.73049708E-07
 1.76929953E-07
 1.80817663E-07
 1.84712260E-07
 1.88614634E-07
 1.92524948E-07
 1.96442636E-07
 2.00368605E-07
 2.04303031E-07
 2.08245354E-07
 2.12196509E-07
 2.16155926E-07
 2.20125340E-07
 2.24104207E-07
 2.28092727E-07
 2.32090344E-07
 2.36098864E-07
 2.40117735E-07
 2.44148015E-07
 2.48189150E-07
 2.52242235E-07
 2.56307542E-07
 2.60384547E-07
 2.64475210E-07
 2.68579866E-07
 2.72698012E-07
 4.49211335E-08
 8.44152919E-09
 1.21261421E-08
 2.68307850E-08
 3.82324028E-08
 4.74496223E-08
 5.50893551E-08
 6.15244518E-08
 6.70005995E-08
 7.31743154E-08
 8.31383977E-08
 1.21704766E-07
 1.17343817E-07
 1.13091498E-07
 1.08934059E-07
 1.04862021E-07
 1.00867398E-07
 9.69418916E-08
 9.30797820E-08
 8.92761477E-08
 8.55268196E-08
 8.18274614E-08
 7.81745751E-08
 7.45655234E-08
 7.09965409E-08
 6.74668422E-08
 6.39723967E-08
 6.05122518E-08
 5.70854112E-08
 5.36885900E-08
 5.03217338E-08
 4.69836385E-08
 4.36719094E-08
 4.03874967E-08
 3.71267411E-08
 3.38910736E-08
 3.06784596E-08
 2.74885592E-08
 2.43210095E-08
 2.11748114E-08
 1.80489196E-08
 1.49441273E-08
 1.18587292E-08
 8.79347411E-09
 5.74658051E-09
 2.71880820E-09
 2.89747143E-10
 3.28031200E-09
 6.25277748E-09
 9.20711014E-09
 1.21438836E-08
 1.50630529E-08
 1.79645413E-08
 2.08483081E-08
 2.37142532E-08
 2.65630501E-08
 2.93938770E-08
 3.22074617E-08
 3.50028929E-08
 3.77808900E-08
 4.05405975E-08
 4.32826509E-08
 4.60053485E-08
 4.87093430E-08
 5.13953014E-08
 5.40605434E-08
 5.67065054E-08
 5.93329949E-08
 6.19379797E-08
 6.45220303E-08
 6.70847774E-08
 6.96249558E-08
 6.71201654E-08
 6.15777241E-08
 5.60120962E-08
 5.04207707E-08
 4.48030163E-08
 3.91580173E-08
 3.34838287E-08
 2.77804483E-08
 2.20468008E-08
 1.62794378E-08
 1.04791279E-08
 4.64310014E-09
 1.23094903E-09
 7.14445791E-09
 1.30991371E-08
 1.90992951E-08
 2.51452880E-08
 3.12415999E-08
 3.73905168E-08
 4.35967845E-08
 4.98629552E-08
 5.61949212E-08
 6.25963816E-08
 6.90725442E-08
 7.56310749E-08
 8.22767490E-08
 8.90177416E-08
 9.58640426E-08
 1.05683164E-07
 9.30805991E-08
 7.99347534E-08
 9.98637518E-03
 4.19425499E-02
 7.38987246E-02
 1.05854899E-01
 1.37811074E-01
 1.69767248E-01
 2.01723422E-01
 2.33679596E-01
 2.77499827E-01
 3.33949537E-01
 3.90399249E-01
 4.46848962E-01
 5.17268125E-01
 5.98212001E-01
 6.94179497E-01
 0.00000000E+00
 0.00000000E+00
 0.00000000E+00
 0.00000000E+00
 0.00000000E+00
 0.00000000E+00
 0.00000000E+00
 0.00000000E+00
 0.00000000E+00
 0.00000000E+00
 0.00000000E+00
 0.00000000E+00
 0.00000000E+00
 0.00000000E+00
 0.00000000E+00
 0.00000000E+00
 8.26957477E-01
 7.10923242E-01
 6.22133302E-01
 5.35701283E-01
 4.75347888E-01
 4.14924422E-01
 3.54430495E-01
 2.98797228E-01
 2.66873153E-01
 2.34910865E-01
 2.02910149E-01
 1.70870789E-01
 1.38792568E-01
 1.06675265E-01
 7.45186597E-02
 5.22368825E-02
 4.88658250E-02
 4.54892758E-02
 4.21072032E-02
 3.87195753E-02
 3.53263600E-02
 3.19275248E-02
 2.85230370E-02
 2.51128637E-02
 2.16969717E-02
 1.82753274E-02
 1.48478972E-02
 1.14146470E-02
 7.97554255E-03
 4.53054924E-03
 1.07963222E-03
 1.61374300E-05
 3.82312046E-05
 5.86822596E-05
 7.74804577E-05
 9.46155755E-05
 1.10077303E-04
 1.23855241E-04
 1.35938903E-04
 1.46317713E-04
 1.54981002E-04
 1.61918012E-04
 1.67117889E-04
 1.70569688E-04
 1.72262367E-04
 1.72184790E-04
 1.70521333E-04
 1.73133208E-04
 1.73949113E-04
 1.72957566E-04
 1.70146985E-04
 1.65505685E-04
 1.59021878E-04
 1.50683672E-04
 1.40479069E-04
 1.28395963E-04
 1.14422141E-04
 9.85452801E-05
 8.07529474E-05
 6.10325972E-05
 3.93715708E-05
 1.57570949E-05
 9.07957268E-06
 3.19764498E-05
 5.29513993E-05
 7.19916219E-05
 8.90842006E-05
 1.04216100E-04
 1.17374162E-04
 1.28545111E-04
 1.37715545E-04
 1.44871937E-04
 1.50000635E-04
 1.53087859E-04
 1.54119700E-04
 1.53082118E-04
 1.49960939E-04
 1.44741857E-04
 1.48017690E-04
 1.53335958E-04
 1.56534463E-04
 1.57598489E-04
 1.56513179E-04
 1.53263533E-04
 1.47834405E-04
 1.40210503E-04
 1.30376389E-04
 1.18316471E-04
 1.04015008E-04
 8.74561027E-05
 6.86237031E-05
 4.75015987E-05
 2.40734192E-05
 1.82096113E-06
 2.97504469E-05
 5.54113546E-05
 7.87872501E-05
 9.98615344E-05
 1.18617442E-04
 1.35038036E-04
 1.49106212E-04
 1.60804689E-04
 1.70116011E-04
 1.77022543E-04
 1.81506471E-04
 1.83549795E-04
 1.83134334E-04
 1.80241715E-04
 1.74853377E-04
 1.74100588E-04
 1.81284893E-04
 1.85945927E-04
 1.88064549E-04
 1.87621415E-04
 1.84596978E-04
 1.78971484E-04
 1.70724968E-04
 1.59837254E-04
 1.46287948E-04
 1.30056439E-04
 1.11121892E-04
 8.94632499E-05
 6.50592245E-05
 3.78882983E-05
 7.92871824E-06
 1.77643950E-05
 3.90568306E-05
 5.75947853E-05
 7.33562835E-05
 8.63191053E-05
 9.64607835E-05
 1.03758600E-04
 1.08189581E-04
 1.09730496E-04
 1.08357850E-04
 1.04047883E-04
 9.67765663E-05
 8.65195951E-05
 7.32523875E-05
 5.69500793E-05
 4.15877965E-05
 6.18529403E-05
 7.90871383E-05
 9.32649790E-05
 1.04360753E-04
 1.12348451E-04
 1.17201754E-04
 1.18894035E-04
 1.17398349E-04
 1.12687432E-04
 1.04733693E-04
 9.35092099E-05
 7.89857261E-05
 6.11346425E-05
 3.99270139E-05
 1.53335428E-05
 1.89424798E-04
 6.25461341E-04
 1.06579096E-03
 1.51045109E-03
 1.95947959E-03
 2.41291481E-03
 2.39852838E-03
 1.82698940E-03
 1.48637480E-03
 1.29372947E-03
 1.10085498E-03
 9.08158174E-04
 7.48306190E-04
 6.02846920E-04
 4.57387723E-04
 3.11928601E-04
 2.57965481E-04
 2.29621300E-04
 2.01025107E-04
 2.08306752E-04
 1.94643438E-04
 1.76768389E-04
 1.58673545E-04
 1.40784781E-04
 1.22901051E-04
 1.05017589E-04
 8.71341477E-05
 6.92507282E-05
 5.13673299E-05
 3.34839536E-05
 1.56005990E-05
 4.67779364E-08
 4.24421522E-08
 3.80874335E-08
 3.37133181E-08
 2.93188227E-08
 2.49085234E-08
 2.04748095E-08
 1.60184692E-08
 1.15443665E-08
 7.05936434E-09
 2.55100278E-09
 1.98096599E-09
 6.53714654E-09
 1.11174470E-08
 1.57214153E-08
 2.03503788E-08
 2.56115457E-08
 3.15866078E-08
 3.75863953E-08
 4.36115423E-08
 4.96619663E-08
 5.57375789E-08
 6.18386625E-08
 6.79658667E-08
 7.41187469E-08
 8.02975882E-08
 8.65030601E-08
 9.27350896E-08
 9.89936008E-08
 1.05279274E-07
 1.11591661E-07
 1.17931452E-07
 9.01300629E-08
 8.88384335E-08
 8.75402555E-08
 8.62346760E-08
 8.49216077E-08
 8.36017477E-08
 8.22742254E-08
 8.09397438E-08
 7.95978188E-08
 7.82479656E-08
 7.68912891E-08
 7.55269013E-08
 7.41551155E-08
 7.27754321E-08
 7.13881633E-08
 6.99928083E-08
 6.85896773E-08
 6.71790885E-08
 6.57601158E-08
 6.43330744E-08
 6.28982774E-08
 6.14552129E-08
 6.00037723E-08
 5.85446990E-08
 5.70766147E-08
 5.56002631E-08
 5.41155382E-08
 5.26223260E-08
 5.11200905E-08
 4.96095800E-08
 4.80902494E-08
 4.49210556E-08
 4.01009995E-08
 3.52722135E-08
 3.04341352E-08
 2.55870898E-08
 2.07309543E-08
 1.58656097E-08
 1.09909254E-08
 6.10677872E-09
 1.21258198E-09
 3.69088448E-09
 8.60374810E-09
 1.35270682E-08
 1.84595902E-08
 2.34023785E-08
 2.83555827E-08
 3.33183969E-08
 3.82919123E-08
 4.32753258E-08
 4.82692594E-08
 5.32738595E-08
 5.82892888E-08
 6.33147217E-08
 6.83517788E-08
 7.33991505E-08
 7.84579821E-08
 8.35279418E-08
 8.86086975E-08
 9.37014152E-08
 9.88057681E-08
 1.03920920E-07
 1.09048051E-07
 1.14187346E-07
 1.19338476E-07
 1.24501619E-07
 1.29676965E-07
 1.34864705E-07
 1.40065027E-07
 1.45278133E-07
 1.50503693E-07
 1.55741903E-07
 1.60993500E-07
 1.66258159E-07
 1.71536096E-07
 1.76827515E-07
 1.82132644E-07
 1.87451708E-07
 1.92784374E-07
 1.98131427E-07
 2.03492548E-07
 2.08868531E-07
 2.14258496E-07
 2.19663817E-07
 2.25083606E-07
 2.30519261E-07
 2.35969904E-07
 2.41436361E-07
 2.46918335E-07
 2.52416086E-07
 2.57930486E-07
 2.63461234E-07
 2.69008614E-07
 2.74572924E-07
 2.80153866E-07
 2.85752340E-07
 2.91368670E-07
 2.97003176E-07
 3.02654952E-07
 3.08325562E-07
 3.14014726E-07
 3.19723426E-07
 3.25450750E-07
 3.31197693E-07
 3.36964620E-07
 3.42751915E-07
 3.48559319E-07
 3.54387867E-07
 3.60237977E-07
 1.51596584E-07
 1.55429107E-07
 1.59266283E-07
 1.63110223E-07
 1.66959037E-07
 1.70814862E-07
 1.74675782E-07
 1.78543973E-07
 1.82417496E-07
 1.86297862E-07
 1.90185216E-07
 1.94078986E-07
 1.97979313E-07
 2.01887054E-07
 2.05802363E-07
 2.09723944E-07
 2.13654135E-07
 2.17591641E-07
 2.21536629E-07
 2.25490008E-07
 2.29451957E-07
 2.33421912E-07
 2.37401579E-07
 2.41388866E-07
 2.45386274E-07
 2.49393253E-07
 2.53409238E-07
 2.57436016E-07
 2.61473041E-07
 2.65519751E-07
 2.69578799E-07
 2.73648851E-07
 2.77730174E-07
 2.81824692E-07
 2.85931048E-07
 2.90050381E-07
 2.94183855E-07
 2.98330964E-07
 7.59543672E-08
 3.47684772E-08
 1.30408077E-08
 2.27055466E-09
 1.40654828E-08
 2.35659685E-08
 3.14218421E-08
 3.80285733E-08
 4.36456269E-08
 4.99457228E-08
 6.00435902E-08
 1.46047830E-07
 1.41650268E-07
 1.37362649E-07
 1.33171779E-07
 1.29068222E-07
 1.25043617E-07
 1.21089176E-07
 1.17199770E-07
 1.13370465E-07
 1.09595174E-07
 1.05871576E-07
 1.02195194E-07
 9.85624070E-08
 9.49715054E-08
 9.14196624E-08
 8.79039148E-08
 8.44233315E-08
 8.09758604E-08
 7.75593153E-08
 7.41731078E-08
 7.08154919E-08
 6.74857876E-08
 6.41820896E-08
 6.09036230E-08
 5.76495311E-08
 5.44201322E-08
 5.12133061E-08
 4.80287332E-08
 4.48647577E-08
 4.17234551E-08
 3.86019132E-08
 3.55009128E-08
 3.24199614E-08
 2.93579470E-08
 2.63149592E-08
 2.32911164E-08
 2.02851991E-08
 1.72979890E-08
 1.43288424E-08
 1.13785698E-08
 8.44518562E-09
 5.53012194E-09
 2.63204968E-09
 2.47523454E-10
 3.10999776E-09
 5.95376432E-09
 8.78029630E-09
 1.15887047E-08
 1.43796811E-08
 1.71515602E-08
 1.99049880E-08
 2.26398199E-08
 2.53567641E-08
 2.80531410E-08
 3.07304263E-08
 3.33884166E-08
 3.60260187E-08
 3.86420651E-08
 4.12370607E-08
 4.38098115E-08
 4.63608216E-08
 4.38308649E-08
 3.82431489E-08
 3.26311805E-08
 2.69933818E-08
 2.13289621E-08
 1.56360716E-08
 9.91590688E-09
 4.16533557E-09
 1.61683676E-09
 7.43079509E-09
 1.32802018E-08
 1.91655887E-08
 2.50875897E-08
 3.10505420E-08
 3.70556544E-08
 4.31042042E-08
 4.92015762E-08
 5.53484328E-08
 6.15490448E-08
 6.78069746E-08
 7.41261158E-08
 8.05110325E-08
 8.69655110E-08
 9.34963026E-08
 1.00109518E-07
 1.06810884E-07
 1.13608837E-07
 1.20512374E-07
 8.27124108E-08
 7.00072015E-08
 5.67558099E-08
 9.98739759E-03
 4.19469185E-02
 7.39064392E-02
 1.05865960E-01
 1.37825480E-01
 1.69785001E-01
 2.01744521E-01
 2.33704041E-01
 2.79506407E-01
 3.40044705E-01
 4.00583004E-01
 4.61121305E-01
 5.37958981E-01
 6.27076802E-01
 7.33724001E-01
 0.00000000E+00
 0.00000000E+00
 0.00000000E+00
 0.00000000E+00
 0.00000000E+00
 0.00000000E+00
 0.00000000E+00
 0.00000000E+00
 0.00000000E+00
 0.00000000E+00
 0.00000000E+00
 0.00000000E+00
 0.00000000E+00
 0.00000000E+00
 0.00000000E+00
 0.00000000E+00
 8.07420334E-01
 6.79998642E-01
 5.83719091E-01
 4.90140249E-01
 4.26371420E-01
 3.62528529E-01
 2.98611162E-01
 2.40254899E-01
 2.09000871E-01
 1.77709323E-01
 1.46380045E-01
 1.15012824E-01
 8.36074475E-02
 5.21636989E-02
 2.06813612E-02
 4.13468028E-06
 1.51367972E-05
 2.46052780E-05
 3.25310034E-05
 3.89047794E-05
 4.37173372E-05
 4.69593317E-05
 4.86213413E-05
 4.86938665E-05
 4.71673297E-05
 4.40320737E-05
 3.92783615E-05
 3.28963749E-05
 2.48762142E-05
 1.52078967E-05
 3.88135631E-06
 1.58320233E-05
 3.74813604E-05
 5.74874920E-05
 7.58402780E-05
 9.25294926E-05
 1.07544823E-04
 1.20875868E-04
 1.32512138E-04
 1.42443055E-04
 1.50657946E-04
 1.57146051E-04
 1.61896515E-04
 1.64898388E-04
 1.66140627E-04
 1.65612092E-04
 1.63525099E-04
 1.66579766E-04
 1.67839118E-04
 1.67291681E-04
 1.64925876E-04
 1.60730023E-04
 1.54692338E-04
 1.46800933E-04
 1.37043816E-04
 1.25408885E-04
 1.11883932E-04
 9.64566391E-05
 7.91145774E-05
 5.98452064E-05
 3.86358724E-05
 1.54738069E-05
 8.68800340E-06
 3.05402015E-05
 5.04691084E-05
 6.84619166E-05
 8.45057010E-05
 9.85874174E-05
 1.10693901E-04
 1.20811866E-04
 1.28927903E-04
 1.35028476E-04
 1.39099924E-04
 1.41128460E-04
 1.41100165E-04
 1.39000989E-04
 1.34816752E-04
 1.28533137E-04
 1.32258215E-04
 1.38619836E-04
 1.42863316E-04
 1.44973953E-04
 1.44936899E-04
 1.42737166E-04
 1.38359621E-04
 1.31788984E-04
 1.23009826E-04
 1.12006569E-04
 9.87634839E-05
 8.32646854E-05
 6.54941338E-05
 4.54356310E-05
 2.30728193E-05
 1.74305028E-06
 2.84282384E-05
 5.28430337E-05
 7.49709906E-05
 9.47954984E-05
 1.12299779E-04
 1.27466886E-04
 1.40279700E-04
 1.50720930E-04
 1.58773106E-04
 1.64418582E-04
 1.67639531E-04
 1.68417941E-04
 1.66735618E-04
 1.62574176E-04
 1.55915041E-04
 1.54910853E-04
 1.63337480E-04
 1.69243007E-04
 1.72608310E-04
 1.73414061E-04
 1.71640731E-04
 1.67268582E-04
 1.60277666E-04
 1.50647825E-04
 1.38358682E-04
 1.23389642E-04
 1.05719891E-04
 8.53283877E-05
 6.21938630E-05
 3.62948174E-05
 7.60951687E-06
 1.58947038E-05
 3.46908704E-05
 5.07283155E-05
 6.39850330E-05
 7.44387725E-05
 8.20670360E-05
 8.68470739E-05
 8.87558816E-05
 8.77701956E-05
 8.38664900E-05
 7.70209724E-05
 6.72095801E-05
 5.44079760E-05
 3.85915447E-05
 1.97353882E-05
 2.28776576E-06
 2.50420054E-05
 4.47700881E-05
 6.14466406E-05
 7.50459932E-05
 8.55421747E-05
 9.29089078E-05
 9.71196047E-05
 9.81473623E-05
 9.59649569E-05
 9.05448399E-05
 8.18591320E-05
 6.98796187E-05
 5.45777446E-05
 3.59246082E-05
 1.38909566E-05
 1.66018323E-04
 5.48476114E-04
 9.35118467E-04
 1.32598192E-03
 1.72110345E-03
 2.12052049E-03
 2.16425379E-03
 1.53890192E-03
 1.17745631E-03
 9.85136058E-04
 7.92591037E-04
 6.00219046E-04
 4.45387904E-04
 3.07007289E-04
 1.68626747E-04
 3.02462803E-05
 9.35814054E-06
 2.13052099E-05
 3.35403335E-05
 4.76793826E-06
 6.48482066E-08
 8.37107488E-08
 1.17167147E-07
 1.12107958E-07
 1.01297215E-07
 9.01833736E-08
 7.90477167E-08
 6.78903531E-08
 5.67113962E-08
 4.55102922E-08
 3.42871491E-08
 2.39134689E-08
 1.96228770E-08
 1.53128864E-08
 1.09847772E-08
 6.63562220E-09
 2.27174799E-09
 2.11545777E-09
 6.52555349E-09
 1.09535885E-08
 1.53899071E-08
 1.98498547E-08
 2.43340322E-08
 2.88423447E-08
 3.33750557E-08
 3.79317133E-08
 4.25132926E-08
 4.78142926E-08
 5.39279962E-08
 6.00667173E-08
 6.62303659E-08
 7.24199451E-08
 7.86350101E-08
 8.48758500E-08
 9.11423775E-08
 9.74352515E-08
 1.03754769E-07
 1.10100485E-07
 1.16472695E-07
 1.22872078E-07
 1.29298564E-07
 1.35752086E-07
 1.42233339E-07
 6.69644314E-08
 6.56835580E-08
 6.43952730E-08
 6.31002612E-08
 6.17976695E-08
 6.04881883E-08
 5.91709498E-08
 5.78462568E-08
 5.65144196E-08
 5.51749493E-08
 5.38281571E-08
 5.24739557E-08
 5.11114455E-08
 4.97413363E-08
 4.83639434E-08
 4.69783591E-08
 4.55848947E-08
 4.41838617E-08
 4.27743402E-08
 4.13566377E-08
 3.99310737E-08
 3.84971243E-08
 3.70551093E-08
 3.56044996E-08
 3.41456116E-08
 3.26783431E-08
 3.12025821E-08
 2.97182200E-08
 2.82247121E-08
 2.67228101E-08
 2.52124030E-08
 2.20298057E-08
 1.71757758E-08
 1.23124490E-08
 7.44014839E-09
 2.55875208E-09
 2.33186206E-09
 7.23227118E-09
 1.21416989E-08
 1.70607227E-08
 2.19894745E-08
 2.69280917E-08
 3.18762442E-08
 3.68340641E-08
 4.18021561E-08
 4.67801912E-08
 5.17683119E-08
 5.67666607E-08
 6.17753804E-08
 6.67946211E-08
 7.18245308E-08
 7.68647818E-08
 8.19160111E-08
 8.69778871E-08
 9.20505677E-08
 9.71342075E-08
 1.02229467E-07
 1.07336018E-07
 1.12453531E-07
 1.17582168E-07
 1.22723105E-07
 1.27875513E-07
 1.33039571E-07
 1.38215451E-07
 1.43403851E-07
 1.48603926E-07
 1.53816901E-07
 1.59041927E-07
 1.64279193E-07
 1.69529949E-07
 1.74793345E-07
 1.80069582E-07
 1.85358861E-07
 1.90661935E-07
 1.95977940E-07
 2.01307628E-07
 2.06651223E-07
 2.12008400E-07
 2.17379939E-07
 2.22765516E-07
 2.28165369E-07
 2.33580294E-07
 2.39009414E-07
 2.44454106E-07
 2.49913490E-07
 2.55388390E-07
 2.60878497E-07
 2.66384651E-07
 2.71906542E-07
 2.77444450E-07
 2.82999244E-07
 2.88570033E-07
 2.94157695E-07
 2.99762528E-07
 3.05384242E-07
 3.11023739E-07
 3.16681354E-07
 3.22356784E-07
 3.28049748E-07
 3.33761808E-07
 3.39492693E-07
 3.45242753E-07
 3.51012345E-07
 3.56801833E-07
 3.62610962E-07
 3.68440098E-07
 3.74290922E-07
 3.80161891E-07
 1.71960711E-07
 1.75813866E-07
 1.79672984E-07
 1.83536842E-07
 1.87406882E-07
 1.91283231E-07
 1.95165327E-07
 1.99053975E-07
 2.02947930E-07
 2.06848686E-07
 2.10756387E-07
 2.14670469E-07
 2.18591775E-07
 2.22519740E-07
 2.26454507E-07
 2.30396945E-07
 2.34346486E-07
 2.38304016E-07
 2.42268977E-07
 2.46241518E-07
 2.50222564E-07
 2.54212298E-07
 2.58210149E-07
 2.62217072E-07
 2.66233269E-07
 2.70258943E-07
 2.74293534E-07
 2.78338031E-07
 2.82392671E-07
 2.86458471E-07
 2.90534102E-07
 2.94621404E-07
 2.98719841E-07
 3.02830508E-07
 3.06953687E-07
 3.11089691E-07
 3.15237990E-07
 3.19400572E-07
 3.23577804E-07
 1.09024531E-07
 6.09224483E-08
 3.79058662E-08
 2.19451024E-08
 9.73729152E-09
 5.69649656E-11
 8.13714046E-09
 1.49212112E-08
 2.06832349E-08
 2.71120085E-08
 3.73450634E-08
 1.69996080E-07
 1.65559399E-07
 1.61235860E-07
 1.57011859E-07
 1.52877126E-07
 1.48821865E-07
 1.44838815E-07
 1.40922393E-07
 1.37066751E-07
 1.33266811E-07
 1.29517754E-07
 1.25817671E-07
 1.22161423E-07
 1.18547866E-07
 1.14974170E-07
 1.11437419E-07
 1.07935640E-07
 1.04467818E-07
 1.01031843E-07
 9.76265992E-08
 9.42497626E-08
 9.09012253E-08
 8.75785683E-08
 8.42826853E-08
 8.10110651E-08
 7.77633811E-08
 7.45393559E-08
 7.13380382E-08
 6.81584355E-08
 6.50007996E-08
 6.18628091E-08
 5.87458828E-08
 5.56489269E-08
 5.25720734E-08
 4.95142116E-08
 4.64747428E-08
 4.34544563E-08
 4.04528086E-08
 3.74691972E-08
 3.45043662E-08
 3.15570732E-08
 2.86273510E-08
 2.57167229E-08
 2.28238613E-08
 1.99480939E-08
 1.70902041E-08
 1.42510818E-08
 1.14300397E-08
 8.62725218E-09
 5.84275859E-09
 3.07671917E-09
 3.29264776E-10
 2.39862529E-09
 5.10757059E-09
 7.79571821E-09
 1.04645249E-08
 1.31128324E-08
 1.57395229E-08
 1.83460277E-08
 2.09292727E-08
 2.34897381E-08
 2.09350428E-08
 1.53014276E-08
 9.64248685E-09
 3.95851603E-09
 1.75320349E-09
 7.49254235E-09
 1.32603479E-08
 1.90588069E-08
 2.48890880E-08
 3.07513945E-08
 3.66494110E-08
 4.25825471E-08
 4.85549564E-08
 5.45675162E-08
 6.06225474E-08
 6.67227318E-08
 7.28695677E-08
 7.90677647E-08
 8.53208944E-08
 9.16305404E-08
 9.80027629E-08
 1.04439990E-07
 1.10949713E-07
 1.17534347E-07
 1.24203179E-07
 1.30961198E-07
 1.37816052E-07
 1.44776999E-07
 6.01374044E-08
 4.73306099E-08
 3.39715293E-08
 9.76911448E-03
 4.10302026E-02
 7.22912905E-02
 1.03552378E-01
 1.34813466E-01
 1.66074554E-01
 1.97335641E-01
 2.28596728E-01
 2.75679864E-01
 3.39605825E-01
 4.03531788E-01
 4.67457752E-01
 5.50013507E-01
 6.46605200E-01
 7.63232558E-01
 0.00000000E+00
 0.00000000E+00
 0.00000000E+00
 0.00000000E+00
 0.00000000E+00
 0.00000000E+00
 0.00000000E+00
 0.00000000E+00
 0.00000000E+00
 0.00000000E+00
 0.00000000E+00
 0.00000000E+00
 0.00000000E+00
 0.00000000E+00
 0.00000000E+00
 0.00000000E+00
 7.91264871E-01
 6.55841182E-01
 5.55461310E-01
 4.58128816E-01
 3.94341601E-01
 3.30480256E-01
 2.66544370E-01
 2.08873996E-01
 1.81702863E-01
 1.54498919E-01
 1.27261978E-01
 9.99918556E-02
 7.26883642E-02
 4.53513153E-02
 1.79805186E-02
 4.13516088E-06
 1.51368142E-05
 2.46048952E-05
 3.25302854E-05
 3.89037915E-05
 4.37161452E-05
 4.69580023E-05
 4.86199417E-05
 4.86924647E-05
 4.71659942E-05
 4.40308740E-05
 3.92773675E-05
 3.28956576E-05
 2.48758450E-05
 1.52079479E-05
 3.88190094E-06
 1.55274735E-05
 3.67323825E-05
 5.62935999E-05
 7.42009832E-05
 9.04443039E-05
 1.05013247E-04
 1.17897408E-04
 1.29086296E-04
 1.38569328E-04
 1.46335832E-04
 1.52375042E-04
 1.56676102E-04
 1.59228059E-04
 1.60019867E-04
 1.59040384E-04
 1.56529865E-04
 1.60027324E-04
 1.61730127E-04
 1.61626801E-04
 1.59705774E-04
 1.55955369E-04
 1.50363807E-04
 1.42919206E-04
 1.33609577E-04
 1.22422823E-04
 1.09346740E-04
 9.43690163E-05
 7.74772270E-05
 5.86588367E-05
 3.79011964E-05
 1.51915427E-05
 8.29746516E-06
 2.91050016E-05
 4.79878833E-05
 6.49332946E-05
 7.99283023E-05
 9.29598540E-05
 1.04014777E-04
 1.13079776E-04
 1.20141433E-04
 1.25186205E-04
 1.28200422E-04
 1.29170288E-04
 1.28081874E-04
 1.24921124E-04
 1.19673846E-04
 1.12325717E-04
 1.16500045E-04
 1.23905015E-04
 1.29193469E-04
 1.32350714E-04
 1.33361914E-04
 1.32212092E-04
 1.28886127E-04
 1.23368750E-04
 1.15644546E-04
 1.05697947E-04
 9.35132365E-05
 7.90745414E-05
 6.23658342E-05
 4.33709295E-05
 2.20734819E-05
 1.66639978E-06
 2.71073138E-05
 5.02760206E-05
 7.11560629E-05
 8.97308182E-05
 1.05983497E-04
 1.19897140E-04
 1.31454617E-04
 1.40638624E-04
 1.47431679E-04
 1.51816124E-04
 1.53774119E-04
 1.53287641E-04
 1.50338480E-04
 1.44908240E-04
 1.36978334E-04
 1.35722763E-04
 1.45391708E-04
 1.52541726E-04
 1.57153706E-04
 1.59208340E-04
 1.58686113E-04
 1.55567305E-04
 1.49831986E-04
 1.41460013E-04
 1.30431028E-04
 1.16724455E-04
 1.00319495E-04
 8.11951257E-05
 5.93300968E-05
 3.47029271E-05
 7.29190088E-06
 1.58949641E-05
 3.46898629E-05
 5.07262229E-05
 6.39820405E-05
 7.44350681E-05
 8.20628102E-05
 8.68425200E-05
 8.87511956E-05
 8.77655764E-05
 8.38621392E-05
 7.70170947E-05
 6.72063829E-05
 5.44056700E-05
 3.85903433E-05
 1.97355082E-05
 2.28910593E-06
 2.50416798E-05
 4.47683134E-05
 6.14436368E-05
 7.50419834E-05
 8.55373855E-05
 9.29035692E-05
 9.71139502E-05
 9.81416287E-05
 9.59593849E-05
 9.05396736E-05
 8.18546194E-05
 6.98760115E-05
 5.45752984E-05
 3.59235825E-05
 1.38916148E-05
 1.50389926E-04
 4.97077808E-04
 8.47877711E-04
 1.20282558E-03
 1.56195779E-03
 1.92531117E-03
 2.04530307E-03
 1.38382046E-03
 1.01942609E-03
 8.45317619E-04
 6.70988787E-04
 4.96828299E-04
 3.64905674E-04
 2.51491818E-04
 1.38078038E-04
 2.46643332E-05
 1.06484868E-05
 2.40930004E-05
 3.78616190E-05
 5.49196394E-06
 5.71950562E-08
 3.86663840E-08
 2.39848017E-07
 2.35210427E-07
 2.24103741E-07
 2.12658779E-07
 2.01191761E-07
 1.89702797E-07
 1.78191993E-07
 1.66659128E-07
 1.55103975E-07
 1.44445564E-07
 1.40199716E-07
 1.35935347E-07
 1.31652785E-07
 1.27349865E-07
 1.23032631E-07
 1.18692142E-07
 1.14328157E-07
 1.09947432E-07
 1.05559654E-07
 1.01147974E-07
 9.67121389E-08
 9.22522425E-08
 8.77676728E-08
 8.32581630E-08
 7.87245137E-08
 7.33838518E-08
 6.71316531E-08
 6.08545063E-08
 5.45517727E-08
 4.82239026E-08
 4.18695187E-08
 3.54894263E-08
 2.90833403E-08
 2.26506016E-08
 1.61916485E-08
 9.70581537E-09
 3.19317163E-09
 3.34658734E-09
 9.91376976E-09
 1.65083142E-08
 2.31305341E-08
 1.87208519E-07
 1.85938530E-07
 1.84661419E-07
 1.83376714E-07
 1.82085107E-07
 1.80786122E-07
 1.79479674E-07
 1.78165675E-07
 1.76844431E-07
 1.75515453E-07
 1.74179054E-07
 1.72834739E-07
 1.71482815E-07
 1.70123192E-07
 1.68755365E-07
 1.67380467E-07
 1.65996760E-07
 1.64605375E-07
 1.63205802E-07
 1.61798358E-07
 1.60382523E-07
 1.58958191E-07
 1.57525680E-07
 1.56084456E-07
 1.54635266E-07
 1.53177150E-07
 1.51710420E-07
 1.50235401E-07
 1.48751115E-07
 1.47258314E-07
 1.45756885E-07
 1.42561440E-07
 1.37672731E-07
 1.32775041E-07
 1.27868252E-07
 1.22952240E-07
 1.18026431E-07
 1.13091144E-07
 1.08146706E-07
 1.03192536E-07
 9.82285019E-08
 9.32549248E-08
 8.82712145E-08
 8.32776935E-08
 7.82742250E-08
 7.32606688E-08
 6.82368855E-08
 6.32027305E-08
 5.81580516E-08
 5.31027037E-08
 4.80370151E-08
 4.29603515E-08
 3.78735278E-08
 3.27749273E-08
 2.76658552E-08
 2.25456608E-08
 1.74136898E-08
 1.22712547E-08
 7.11670435E-09
 1.95035787E-09
 3.22694925E-09
 8.41640123E-09
 1.36176709E-08
 1.88314469E-08
 2.40568972E-08
 2.92947142E-08
 3.45450922E-08
 3.98077005E-08
 4.50832568E-08
 5.03719644E-08
 5.56729689E-08
 6.09875342E-08
 6.63153372E-08
 7.16560502E-08
 7.70109673E-08
 8.23792259E-08
 8.77615909E-08
 9.31577457E-08
 9.85679142E-08
 1.03992882E-07
 1.09432339E-07
 1.14885962E-07
 1.20355119E-07
 1.25838936E-07
 1.31338233E-07
 1.36852699E-07
 1.42383169E-07
 1.47929343E-07
 1.53491485E-07
 1.59069877E-07
 1.64664805E-07
 1.70276557E-07
 1.75904832E-07
 1.81550526E-07
 1.87213346E-07
 1.92894211E-07
 1.98592833E-07
 2.04309529E-07
 2.10044640E-07
 2.15798496E-07
 2.21572071E-07
 2.27363847E-07
 2.33176058E-07
 2.39007181E-07
 2.44859499E-07
 2.50732116E-07
 2.56625433E-07
 4.88701723E-08
 5.27442033E-08
 5.66241704E-08
 6.05095214E-08
 6.44010310E-08
 6.82981498E-08
 7.22009871E-08
 7.61103417E-08
 8.00256580E-08
 8.39477482E-08
 8.78753575E-08
 9.18107010E-08
 9.57518283E-08
 9.97002716E-08
 1.03655477E-07
 1.07618303E-07
 1.11588183E-07
 1.15565274E-07
 1.19550458E-07
 1.23543183E-07
 1.27544340E-07
 1.31553380E-07
 1.35571218E-07
 1.39597297E-07
 1.43632569E-07
 1.47676463E-07
 1.51730732E-07
 1.55794046E-07
 1.59866608E-07
 1.63950226E-07
 1.68044351E-07
 1.72149236E-07
 1.76265124E-07
 1.80393102E-07
 1.84532639E-07
 1.88684833E-07
 1.92849990E-07
 1.97028434E-07
 2.01220482E-07
 2.05427329E-07
 6.25908367E-09
 5.60711164E-08
 8.05319362E-08
 9.71870663E-08
 1.09829833E-07
 1.19930915E-07
 1.28243499E-07
 1.35210553E-07
 1.41121542E-07
 1.47683027E-07
 1.58053245E-07
 5.05393696E-08
 4.60656668E-08
 4.17064060E-08
 3.74490049E-08
 3.32832640E-08
 2.91984876E-08
 2.51874856E-08
 2.12437209E-08
 1.73613721E-08
 1.35353885E-08
 9.76354520E-09
 6.03936137E-09
 2.36082063E-09
 1.27424324E-09
 4.87019908E-09
 8.42732313E-09
 1.19497020E-08
 1.54372326E-08
 1.88925552E-08
 2.23173548E-08
 2.57122187E-08
 2.90789550E-08
 3.24188439E-08
 3.57332217E-08
 3.90212008E-08
 4.22859365E-08
 4.55265610E-08
 4.87445872E-08
 5.19404137E-08
 5.51138030E-08
 5.82670039E-08
 6.13992351E-08
 6.45109516E-08
 6.76032859E-08
 7.06760975E-08
 7.37299251E-08
 7.67639655E-08
 7.97794637E-08
 8.27769706E-08
 8.57557129E-08
 8.87163128E-08
 9.16586639E-08
 9.45826613E-08
 9.74889393E-08
 1.00376693E-07
 1.03247319E-07
 1.06098444E-07
 1.08931466E-07
 1.11747074E-07
 1.14542789E-07
 1.17320813E-07
 1.20079460E-07
 1.22818505E-07
 1.25537732E-07
 1.28237807E-07
 1.30916771E-07
 1.33576112E-07
 1.36213746E-07
 1.38829333E-07
 1.41422471E-07
 1.43992718E-07
 1.41412060E-07
 1.35730897E-07
 1.30023331E-07
 1.24290590E-07
 1.18530946E-07
 1.12742524E-07
 1.06925357E-07
 1.01077381E-07
 9.51973571E-08
 8.92850208E-08
 8.33367046E-08
 7.73530401E-08
 7.13297323E-08
 6.52659238E-08
 5.91592729E-08
 5.30071229E-08
 4.68077316E-08
 4.05553181E-08
 3.42499915E-08
 2.78862399E-08
 2.14593285E-08
 1.49665743E-08
 8.40210015E-09
 1.76036865E-09
 4.96498471E-09
 1.17813382E-08
 1.86948907E-08
 2.57157875E-08
 3.28542385E-08
 1.67989591E-07
 1.54521376E-07
 8.49416040E-03
 3.56750098E-02
 6.28558591E-02
 9.00367081E-02
 1.17217557E-01
 1.44398405E-01
 1.71579254E-01
 1.98760101E-01
 2.43742615E-01
 3.07675288E-01
 3.71607963E-01
 4.35540640E-01
 5.20434017E-01
 6.21119483E-01
 7.44347429E-01
 0.00000000E+00
 0.00000000E+00
 0.00000000E+00
 0.00000000E+00
 0.00000000E+00
 0.00000000E+00
 0.00000000E+00
 0.00000000E+00
 0.00000000E+00
 0.00000000E+00
 0.00000000E+00
 0.00000000E+00
 0.00000000E+00
 0.00000000E+00
 0.00000000E+00
 0.00000000E+00
 7.75109529E-01
 6.31683903E-01
 5.27203742E-01
 4.26117625E-01
 3.62312024E-01
 2.98432228E-01
 2.34477823E-01
 1.77493333E-01
 1.54405065E-01
 1.31288694E-01
 1.08144059E-01
 8.49710037E-02
 6.17693660E-02
 3.85389847E-02
 1.52796971E-02
 4.13543915E-06
 1.51366277E-05
 2.46043079E-05
 3.25293618E-05
 3.89025968E-05
 4.37147454E-05
 4.69564639E-05
 4.86183319E-05
 4.86908515E-05
 4.71644462E-05
 4.40294605E-05
 3.92761587E-05
 3.28947241E-05
 2.48752584E-05
 1.52077805E-05
 3.88222571E-06
 1.52227052E-05
 3.59831885E-05
 5.50994942E-05
 7.25614773E-05
 8.83589067E-05
 1.02481465E-04
 1.14918745E-04
 1.25660253E-04
 1.34695404E-04
 1.42013522E-04
 1.47603841E-04
 1.51455499E-04
 1.53557542E-04
 1.53898922E-04
 1.52468493E-04
 1.49534452E-04
 1.53474698E-04
 1.55620946E-04
 1.55961726E-04
 1.54485471E-04
 1.51180509E-04
 1.46035066E-04
 1.39037263E-04
 1.30175115E-04
 1.19436533E-04
 1.06809315E-04
 9.22811548E-05
 7.58396323E-05
 5.74722169E-05
 3.71662645E-05
 1.49090168E-05
 7.90666466E-06
 2.76695476E-05
 4.55064123E-05
 6.14044351E-05
 7.53506744E-05
 8.73320697E-05
 9.73354398E-05
 1.05347481E-04
 1.11354768E-04
 1.15343748E-04
 1.17300743E-04
 1.17211947E-04
 1.15063424E-04
 1.10841108E-04
 1.04530800E-04
 9.61181651E-05
 1.00741738E-04
 1.09190046E-04
 1.15523461E-04
 1.19727301E-04
 1.21786742E-04
 1.21686820E-04
 1.19412422E-04
 1.14948294E-04
 1.08279031E-04
 9.93890776E-05
 8.82627286E-05
 7.48841239E-05
 5.92372480E-05
 4.13059280E-05
 2.10738312E-05
 1.58942397E-06
 2.57860750E-05
 4.77087043E-05
 6.73408431E-05
 8.46658573E-05
 9.96669454E-05
 1.12327136E-04
 1.22629288E-04
 1.30556083E-04
 1.36090030E-04
 1.39213456E-04
 1.39908509E-04
 1.38157154E-04
 1.33941169E-04
 1.27242144E-04
 1.18041479E-04
 1.16534524E-04
 1.27445773E-04
 1.35840264E-04
 1.41698906E-04
 1.45002406E-04
 1.45731266E-04
 1.43865783E-04
 1.39386043E-04
 1.32271922E-04
 1.22503078E-04
 1.10058953E-04
 9.49187661E-05
 7.70615133E-05
 5.64659621E-05
 3.31106498E-05
 6.97387937E-06
 1.58948119E-05
 3.46884396E-05
 5.07237112E-05
 6.39786257E-05
 7.44309380E-05
 8.20581554E-05
 8.68375336E-05
 8.87460737E-05
 8.77605177E-05
 8.38573455E-05
 7.70127703E-05
 6.72027355E-05
 5.44029099E-05
 3.85886842E-05
 1.97351666E-05
 2.28998068E-06
 2.50408849E-05
 4.47660655E-05
 6.14401558E-05
 7.50374926E-05
 8.55321112E-05
 9.28977414E-05
 9.71078022E-05
 9.81353976E-05
 9.59533110E-05
 9.05340011E-05
 8.18495962E-05
 6.98718892E-05
 5.45723325E-05
 3.59220325E-05
 1.38917442E-05
 1.34762285E-04
 4.45680778E-04
 7.60638757E-04
 1.07967157E-03
 1.40281500E-03
 1.73010527E-03
 1.92608373E-03
 1.22874364E-03
 8.61399890E-04
 7.05507006E-04
 5.49398226E-04
 3.93453044E-04
 2.84443723E-04
 1.96001846E-04
 1.07560046E-04
 1.91183242E-05
 1.19019979E-05
 2.68442691E-05
 4.21467026E-05
 6.17903353E-06
 1.42154982E-07
 1.23959770E-07
 3.25433954E-07
 3.21217457E-07
 3.09815141E-07
 2.98038064E-07
 2.86239669E-07
 2.74418756E-07
 2.62576088E-07
 2.50710779E-07
 2.38823266E-07
 2.27879439E-07
 2.23678732E-07
 2.19459702E-07
 2.15222746E-07
 2.10965438E-07
 2.06694902E-07
 2.02400502E-07
 1.98082682E-07
 1.93748978E-07
 1.89409447E-07
 1.85046091E-07
 1.80658301E-07
 1.76246174E-07
 1.71809088E-07
 1.67347490E-07
 1.62861111E-07
 1.57480461E-07
 1.51089779E-07
 1.44673856E-07
 1.38232052E-07
 1.31764809E-07
 1.25271115E-07
 1.18751778E-07
 1.12205406E-07
 1.05632804E-07
 9.90336789E-08
 9.24073587E-08
 8.57539103E-08
 7.90733996E-08
 7.23655183E-08
 6.56295754E-08
 5.88656242E-08
 2.70350910E-07
 2.69091823E-07
 2.67825134E-07
 2.66551529E-07
 2.65270534E-07
 2.63982458E-07
 2.62686427E-07
 2.61383139E-07
 2.60072109E-07
 2.58753643E-07
 2.57427253E-07
 2.56093242E-07
 2.54751520E-07
 2.53401993E-07
 2.52044565E-07
 2.50679136E-07
 2.49305612E-07
 2.47923890E-07
 2.46534283E-07
 2.45136277E-07
 2.43730184E-07
 2.42315483E-07
 2.40892486E-07
 2.39460662E-07
 2.38021180E-07
 2.36572229E-07
 2.35114975E-07
 2.33648879E-07
 2.32173395E-07
 2.30689705E-07
 2.29196828E-07
 2.25988535E-07
 2.21065590E-07
 2.16133096E-07
 2.11191371E-07
 2.06240291E-07
 2.01279734E-07
 1.96309566E-07
 1.91329661E-07
 1.86340342E-07
 1.81341021E-07
 1.76332021E-07
 1.71313209E-07
 1.66283982E-07
 1.61244664E-07
 1.56195115E-07
 1.51135657E-07
 1.46065211E-07
 1.40984564E-07
 1.35893578E-07
 1.30791620E-07
 1.25679016E-07
 1.20555128E-07
 1.15420767E-07
 1.10274798E-07
 1.05118037E-07
 9.99493376E-08
 9.47700114E-08
 8.95784033E-08
 8.43753325E-08
 7.91606299E-08
 7.39341171E-08
 6.86951060E-08
 6.34444310E-08
 5.81813990E-08
 5.29058179E-08
 4.76180179E-08
 4.23172817E-08
 3.70034111E-08
 3.16772554E-08
 2.63380881E-08
 2.09851701E-08
 1.56188227E-08
 1.02393633E-08
 4.84604580E-09
 5.60814302E-10
 5.98198463E-09
 1.14176937E-08
 1.68670767E-08
 2.23309155E-08
 2.78094529E-08
 3.33029299E-08
 3.88115959E-08
 4.43351437E-08
 4.98738188E-08
 5.54290360E-08
 6.09993357E-08
 6.65855671E-08
 7.21880007E-08
 7.78069180E-08
 8.34426126E-08
 8.90953738E-08
 9.47649096E-08
 1.00451514E-07
 1.06156097E-07
 1.11878381E-07
 1.17618067E-07
 1.23376702E-07
 1.29154015E-07
 1.34949731E-07
 1.40764809E-07
 1.46599613E-07
 1.52453877E-07
 1.58328608E-07
 1.64222905E-07
 1.70138431E-07
 1.76074949E-07
 3.32688587E-08
 2.93680894E-08
 2.54613025E-08
 2.15490449E-08
 1.76305430E-08
 1.37063381E-08
 9.77632720E-09
 5.83970167E-09
 1.89702023E-09
 2.05183989E-09
 6.00700767E-09
 9.96931041E-09
 1.39381930E-08
 1.79137936E-08
 2.18969622E-08
 2.58871427E-08
 2.98852044E-08
 3.38898612E-08
 3.79027230E-08
 4.19239600E-08
 4.59522793E-08
 4.99893205E-08
 5.40352859E-08
 5.80896107E-08
 6.21532441E-08
 6.62256258E-08
 7.03077303E-08
 7.43997816E-08
 7.85020003E-08
 8.26138347E-08
 8.67371014E-08
 9.08704646E-08
 9.50157785E-08
 9.91725162E-08
 1.03341764E-07
 1.07523000E-07
 1.11717342E-07
 1.15925126E-07
 1.20147511E-07
 1.24384017E-07
 1.28634998E-07
 1.35664565E-07
 1.61760846E-07
 1.79162348E-07
 1.92263243E-07
 2.02684484E-07
 2.11236988E-07
 2.18393878E-07
 2.24458135E-07
 2.31155850E-07
 2.71712252E-08
 3.18198184E-08
 3.63324612E-08
 4.07275175E-08
 4.50174150E-08
 4.92161675E-08
 5.33305255E-08
 5.73705482E-08
 6.13417506E-08
 6.52498772E-08
 6.91009894E-08
 7.28977566E-08
 7.66450962E-08
 8.03460456E-08
 8.40037721E-08
 8.76210387E-08
 9.11997254E-08
 9.47417362E-08
 9.82490697E-08
 1.01723873E-07
 1.05168325E-07
 1.08581361E-07
 1.11966424E-07
 1.15324797E-07
 1.18656122E-07
 1.21962319E-07
 1.25243061E-07
 1.28500426E-07
 1.31734725E-07
 1.34946314E-07
 1.38136806E-07
 1.41305378E-07
 1.44452447E-07
 1.47579732E-07
 1.50686432E-07
 1.53774345E-07
 1.56842036E-07
 1.59890662E-07
 1.62920135E-07
 1.65931704E-07
 1.68923885E-07
 1.71897935E-07
 1.74853792E-07
 1.77790643E-07
 1.80709803E-07
 1.83610470E-07
 1.86493253E-07
 1.89356584E-07
 1.92202582E-07
 1.95029595E-07
 1.97837523E-07
 2.00626986E-07
 2.03396190E-07
 2.06147425E-07
 2.08878001E-07
 2.11588539E-07
 2.14278784E-07
 2.16947590E-07
 2.19595491E-07
 2.22221288E-07
 2.24824573E-07
 2.27404863E-07
 2.24797457E-07
 2.19068078E-07
 2.13312092E-07
 2.07530832E-07
 2.01722439E-07
 1.95885140E-07
 1.90018924E-07
 1.84121652E-07
 1.78192074E-07
 1.72230047E-07
 1.66231741E-07
 1.60196550E-07
 1.54122647E-07
 1.48007918E-07
 1.41848695E-07
 1.35644761E-07
 1.29391947E-07
 1.23088167E-07
 1.16728258E-07
 1.10310703E-07
 1.03829374E-07
 9.72814777E-08
 9.06610835E-08
 8.39625363E-08
 7.71794587E-08
 7.03058773E-08
 6.33330946E-08
 5.62525421E-08
 4.90539543E-08
 2.51567982E-07
 2.37991366E-07
 7.21890282E-03
 3.03186611E-02
 5.34184191E-02
 7.65181768E-02
 9.96179341E-02
 1.22717691E-01
 1.45817448E-01
 1.68917203E-01
 2.11798657E-01
 2.75738046E-01
 3.39677437E-01
 4.03616829E-01
 4.90848322E-01
 5.95628421E-01
 7.25458340E-01
 0.00000000E+00
 0.00000000E+00
 0.00000000E+00
 0.00000000E+00
 0.00000000E+00
 0.00000000E+00
 0.00000000E+00
 0.00000000E+00
 0.00000000E+00
 0.00000000E+00
 0.00000000E+00
 0.00000000E+00
 0.00000000E+00
 0.00000000E+00
 0.00000000E+00
 0.00000000E+00
 7.58954309E-01
 6.07526806E-01
 4.98946388E-01
 3.94106676E-01
 3.30282691E-01
 2.66384444E-01
 2.02411521E-01
 1.46112910E-01
 1.27107478E-01
 1.08078648E-01
 8.90262889E-02
 6.99502684E-02
 5.08504527E-02
 3.17267073E-02
 1.25788965E-02
 4.13551512E-06
 1.51362378E-05
 2.46035161E-05
 3.25282325E-05
 3.89011954E-05
 4.37131377E-05
 4.69547164E-05
 4.86165119E-05
 4.86890269E-05
 4.71626857E-05
 4.40278333E-05
 3.92747349E-05
 3.28935745E-05
 2.48744545E-05
 1.52073945E-05
 3.88233066E-06
 1.49177183E-05
 3.52337784E-05
 5.39051749E-05
 7.09217603E-05
 8.62733010E-05
 9.99494765E-05
 1.11939878E-04
 1.22234009E-04
 1.30821281E-04
 1.37691017E-04
 1.42832446E-04
 1.46234705E-04
 1.47886838E-04
 1.47777792E-04
 1.45896420E-04
 1.42538858E-04
 1.46921887E-04
 1.49511574E-04
 1.50296456E-04
 1.49264968E-04
 1.46405444E-04
 1.41706114E-04
 1.35155103E-04
 1.26740432E-04
 1.16450015E-04
 1.04271657E-04
 9.01930548E-05
 7.42017934E-05
 5.62853471E-05
 3.64310769E-05
 1.46262293E-05
 7.51560190E-06
 2.62338395E-05
 4.30246955E-05
 5.78753379E-05
 7.07728173E-05
 8.17040647E-05
 9.06558907E-05
 9.76149835E-05
 1.02567908E-04
 1.05501104E-04
 1.06400886E-04
 1.05253437E-04
 1.02044814E-04
 9.67609421E-05
 8.93876120E-05
 7.99104815E-05
 8.49832923E-05
 9.44749268E-05
 1.01853291E-04
 1.07103715E-04
 1.10211386E-04
 1.11161350E-04
 1.09938508E-04
 1.06527616E-04
 1.00913281E-04
 9.30799602E-05
 8.30119600E-05
 7.06934328E-05
 5.61083752E-05
 3.92406267E-05
 2.00738671E-05
 1.51212290E-06
 2.44645218E-05
 4.51410848E-05
 6.35253314E-05
 7.96006157E-05
 9.33501245E-05
 1.04756875E-04
 1.13803713E-04
 1.20473309E-04
 1.24748158E-04
 1.26610577E-04
 1.26042701E-04
 1.23026481E-04
 1.17543683E-04
 1.09575886E-04
 9.91044753E-05
 9.73461387E-05
 1.09499674E-04
 1.19138624E-04
 1.26243911E-04
 1.30796260E-04
 1.32776190E-04
 1.32164015E-04
 1.28939838E-04
 1.23083551E-04
 1.14574830E-04
 1.03393136E-04
 8.95177050E-05
 7.29275506E-05
 5.36014589E-05
 3.15179856E-05
 6.65545240E-06
 1.58942471E-05
 3.46866006E-05
 5.07207805E-05
 6.39747886E-05
 7.44263823E-05
 8.20530715E-05
 8.68321148E-05
 8.87405159E-05
 8.77550196E-05
 8.38521087E-05
 7.70079994E-05
 6.71986378E-05
 5.43996960E-05
 3.85865674E-05
 1.97343636E-05
 2.29039010E-06
 2.50396209E-05
 4.47633446E-05
 6.14361979E-05
 7.50325207E-05
 8.55263518E-05
 9.28914244E-05
 9.71011610E-05
 9.81286688E-05
 9.59467353E-05
 9.05278224E-05
 8.18440624E-05
 6.98672519E-05
 5.45688471E-05
 3.59199584E-05
 1.38913448E-05
 1.19135401E-04
 3.94285024E-04
 6.73401605E-04
 9.56519899E-04
 1.24367509E-03
 1.53490279E-03
 1.80694817E-03
 1.07388221E-03
 7.03377725E-04
 5.65704235E-04
 4.28031036E-04
 2.90093303E-04
 2.04002079E-04
 1.40537405E-04
 7.70728094E-05
 1.36082926E-05
 1.31186337E-05
 2.95589755E-05
 4.63955453E-05
 6.82910712E-06
 1.89992241E-07
 1.72129483E-07
 3.73884441E-07
 3.70089224E-07
 3.58390337E-07
 3.46281498E-07
 3.34151096E-07
 3.21998259E-07
 3.09823093E-07
 2.97625366E-07
 2.85404851E-07
 2.74175647E-07
 2.70019510E-07
 2.65845589E-07
 2.61654001E-07
 2.57442069E-07
 2.53217648E-07
 2.48969783E-07
 2.44697887E-07
 2.40410268E-07
 2.36119088E-07
 2.31803807E-07
 2.27463814E-07
 2.23099203E-07
 2.18709702E-07
 2.14295402E-07
 2.09855681E-07
 2.04435123E-07
 1.97905658E-07
 1.91350295E-07
 1.84769474E-07
 1.78162555E-07
 1.71529243E-07
 1.64869981E-07
 1.58183744E-07
 1.51470597E-07
 1.44730982E-07
 1.37963857E-07
 1.31169652E-07
 1.24348067E-07
 1.17498407E-07
 1.10621112E-07
 3.17843245E-07
 3.16351235E-07
 3.15102738E-07
 3.13846924E-07
 3.12584100E-07
 3.11313401E-07
 3.10035909E-07
 3.08750365E-07
 3.07457462E-07
 3.06157113E-07
 3.04848432E-07
 3.03532517E-07
 3.02208881E-07
 3.00877027E-07
 2.99537663E-07
 2.98190293E-07
 2.96834408E-07
 2.95471135E-07
 2.94099146E-07
 2.92719159E-07
 2.91330662E-07
 2.89933963E-07
 2.88528960E-07
 2.87115124E-07
 2.85692769E-07
 2.84262211E-07
 2.82822489E-07
 2.81374347E-07
 2.79917241E-07
 2.78451058E-07
 2.76976110E-07
 2.75491851E-07
 2.72270776E-07
 2.67312770E-07
 2.62345524E-07
 2.57368920E-07
 2.52382829E-07
 2.47387129E-07
 2.42381685E-07
 2.37366821E-07
 2.32341952E-07
 2.27307399E-07
 2.22262569E-07
 2.17208246E-07
 2.12143364E-07
 2.07068719E-07
 2.01983228E-07
 1.96887683E-07
 1.91781473E-07
 1.86664916E-07
 1.81537390E-07
 1.76399218E-07
 1.71249761E-07
 1.66089832E-07
 1.60918298E-07
 1.55735974E-07
 1.50542207E-07
 1.45336826E-07
 1.40120162E-07
 1.34892044E-07
 1.29651799E-07
 1.24399752E-07
 1.19135718E-07
 1.13859523E-07
 1.08570976E-07
 1.03270406E-07
 9.79571110E-08
 9.26308913E-08
 8.72925948E-08
 8.19409813E-08
 7.65763685E-08
 7.11980197E-08
 6.58067890E-08
 6.04024672E-08
 5.49843078E-08
 4.95520849E-08
 4.41061194E-08
 3.86461887E-08
 3.31720603E-08
 2.76829508E-08
 2.21797252E-08
 1.66615884E-08
 1.11282946E-08
 5.58015187E-09
 1.63470315E-11
 5.56282227E-09
 1.11576078E-08
 1.67682833E-08
 2.23951215E-08
 2.80378168E-08
 3.36978209E-08
 3.93742544E-08
 4.50674045E-08
 5.07781660E-08
 5.65062537E-08
 6.22519723E-08
 6.80156417E-08
 7.37981965E-08
 7.95981358E-08
 8.54176315E-08
 9.12551772E-08
 9.71129880E-08
 1.02990177E-07
 1.08887104E-07
 1.14804145E-07
 1.20742323E-07
 1.26701386E-07
 8.21855041E-08
 7.82634209E-08
 7.43353391E-08
 7.04018120E-08
 6.64627257E-08
 6.25173066E-08
 5.85661005E-08
 5.46083133E-08
 5.06451809E-08
 4.66752156E-08
 4.26989783E-08
 3.87156420E-08
 3.47264542E-08
 3.07298951E-08
 2.67265122E-08
 2.27161720E-08
 1.86979977E-08
 1.46725549E-08
 1.06396854E-08
 6.59923182E-09
 2.55028899E-09
 1.50658113E-09
 5.57230484E-09
 9.64631635E-09
 1.37288080E-08
 1.78207292E-08
 2.19215230E-08
 2.60321615E-08
 3.01528706E-08
 3.42831001E-08
 3.84246519E-08
 4.25761843E-08
 4.67387546E-08
 5.09134105E-08
 5.50988203E-08
 5.92977007E-08
 6.35087209E-08
 6.77321822E-08
 7.19700610E-08
 7.62218673E-08
 8.04879462E-08
 8.47695121E-08
 1.77761816E-07
 2.05728573E-07
 2.23936060E-07
 2.37520004E-07
 2.48275707E-07
 2.57077491E-07
 2.64429368E-07
 2.70652222E-07
 2.77488870E-07
 7.23502926E-08
 7.70410373E-08
 8.15927774E-08
 8.60237691E-08
 9.03492374E-08
 9.45792514E-08
 9.87243671E-08
 1.02792636E-07
 1.06791472E-07
 1.10726629E-07
 1.14603069E-07
 1.18423964E-07
 1.22195727E-07
 1.25919837E-07
 1.29599413E-07
 1.33237736E-07
 1.36837686E-07
 1.40400103E-07
 1.43927532E-07
 1.47422611E-07
 1.50885328E-07
 1.54317923E-07
 1.57721598E-07
 1.61097613E-07
 1.64446130E-07
 1.67769672E-07
 1.71067327E-07
 1.74341714E-07
 1.77592572E-07
 1.80820848E-07
 1.84026283E-07
 1.87209914E-07
 1.90373390E-07
 1.93515914E-07
 1.96637957E-07
 1.99740003E-07
 2.02822547E-07
 2.05884780E-07
 2.08928599E-07
 2.11953874E-07
 2.14960525E-07
 2.17947016E-07
 2.20916034E-07
 2.23866793E-07
 2.26798484E-07
 2.29711686E-07
 2.32607039E-07
 2.35483715E-07
 2.38340775E-07
 2.41180418E-07
 2.44000160E-07
 2.46800649E-07
 2.49582480E-07
 2.52343836E-07
 2.55085374E-07
 2.57806797E-07
 2.60507870E-07
 2.63187468E-07
 2.65845242E-07
 2.68480811E-07
 2.71093761E-07
 2.73683627E-07
 2.71050932E-07
 2.65272784E-07
 2.59469868E-07
 2.53639570E-07
 2.47783019E-07
 2.41896310E-07
 2.35980482E-07
 2.30034445E-07
 2.24054875E-07
 2.18042506E-07
 2.11993578E-07
 2.05907579E-07
 1.99782426E-07
 1.93616084E-07
 1.87406141E-07
 1.81149868E-07
 1.74844176E-07
 1.68486991E-07
 1.62073933E-07
 1.55601192E-07
 1.49066003E-07
 1.42462192E-07
 1.35786547E-07
 1.29030377E-07
 1.22191011E-07
 1.15258523E-07
 1.08226465E-07
 1.01086193E-07
 9.38264418E-08
 2.98025804E-07
 2.84339125E-07
 5.94334147E-03
 2.49611553E-02
 4.39789688E-02
 6.29967819E-02
 8.20145945E-02
 1.01032407E-01
 1.20050218E-01
 1.39068029E-01
 1.79847984E-01
 2.43794093E-01
 3.07740204E-01
 3.71686315E-01
 4.61256416E-01
 5.70132009E-01
 7.06565288E-01
 0.00000000E+00
 0.00000000E+00
 0.00000000E+00
 0.00000000E+00
 0.00000000E+00
 0.00000000E+00
 0.00000000E+00
 0.00000000E+00
 0.00000000E+00
 0.00000000E+00
 0.00000000E+00
 0.00000000E+00
 0.00000000E+00
 0.00000000E+00
 0.00000000E+00
 0.00000000E+00
 7.42799209E-01
 5.83369890E-01
 4.70689246E-01
 3.62095970E-01
 2.98253601E-01
 2.34336903E-01
 1.70345464E-01
 1.14732728E-01
 9.98101000E-02
 8.48687811E-02
 6.99086662E-02
 5.49296496E-02
 3.99316244E-02
 2.49144830E-02
 9.87811699E-03
 4.13538881E-06
 1.51356445E-05
 2.46025197E-05
 3.25268977E-05
 3.88995873E-05
 4.37113221E-05
 4.69527599E-05
 4.86144818E-05
 4.86869910E-05
 4.71607126E-05
 4.40259924E-05
 3.92730962E-05
 3.28922088E-05
 2.48734333E-05
 1.52067900E-05
 3.88221581E-06
 1.46125129E-05
 3.44841523E-05
 5.27106421E-05
 6.92818323E-05
 8.41874867E-05
 9.74172824E-05
 1.08960808E-04
 1.18807564E-04
 1.26946960E-04
 1.33368316E-04
 1.38060858E-04
 1.41013721E-04
 1.42215946E-04
 1.41656477E-04
 1.39324165E-04
 1.35543086E-04
 1.40368892E-04
 1.43402013E-04
 1.44630991E-04
 1.44044265E-04
 1.41630173E-04
 1.37376950E-04
 1.31272727E-04
 1.23305527E-04
 1.13463271E-04
 1.01733766E-04
 8.81047161E-05
 7.25637101E-05
 5.50982273E-05
 3.56956336E-05
 1.43431803E-05
 7.12427694E-06
 2.47978773E-05
 4.05427327E-05
 5.43460032E-05
 6.61947310E-05
 7.60758390E-05
 8.39761293E-05
 8.98822820E-05
 9.37808534E-05
 9.56582749E-05
 9.55008513E-05
 9.32947592E-05
 8.90260454E-05
 8.26806258E-05
 7.42442831E-05
 6.37026659E-05
 6.92247092E-05
 7.97596583E-05
 8.81829606E-05
 9.44799560E-05
 9.86358444E-05
 1.00635683E-04
 1.00464384E-04
 9.81067154E-05
 9.35472959E-05
 8.67705951E-05
 7.77609310E-05
 6.65024682E-05
 5.29792157E-05
 3.71750255E-05
 1.90735899E-05
 1.43449662E-06
 2.31426544E-05
 4.25731622E-05
 5.97095276E-05
 7.45350934E-05
 8.70330344E-05
 9.71863559E-05
 1.04977891E-04
 1.10390300E-04
 1.13406064E-04
 1.14007488E-04
 1.12176694E-04
 1.07895622E-04
 1.01146025E-04
 9.19094671E-05
 8.01673229E-05
 7.81576057E-05
 9.15534123E-05
 1.02436804E-04
 1.10788720E-04
 1.16589902E-04
 1.19820886E-04
 1.20462001E-04
 1.18493370E-04
 1.13894900E-04
 1.06646286E-04
 9.67270048E-05
 8.41163115E-05
 6.87932376E-05
 5.07365873E-05
 2.99249346E-05
 6.33662001E-06
 1.58932698E-05
 3.46843459E-05
 5.07174309E-05
 6.39705292E-05
 7.44214010E-05
 8.20475587E-05
 8.68262637E-05
 8.87345222E-05
 8.77490822E-05
 8.38464291E-05
 7.70027820E-05
 6.71940900E-05
 5.43960281E-05
 3.85839930E-05
 1.97330992E-05
 2.29033426E-06
 2.50378877E-05
 4.47601507E-05
 6.14317630E-05
 7.50270679E-05
 8.55201075E-05
 9.28846183E-05
 9.70940264E-05
 9.81214426E-05
 9.59396578E-05
 9.05211377E-05
 8.18380181E-05
 6.98620996E-05
 5.45648422E-05
 3.59173602E-05
 1.38904166E-05
 1.03509274E-04
 3.42890545E-04
 5.86166253E-04
 8.33370561E-04
 1.08453805E-03
 1.33970373E-03
 1.59890304E-03
 9.18793181E-04
 5.45359604E-04
 4.25909320E-04
 3.06459331E-04
 1.86749099E-04
 1.23580768E-04
 8.50985245E-05
 4.66163607E-05
 8.13427761E-06
 1.42983540E-05
 3.22370799E-05
 5.06081069E-05
 7.44214393E-06
 2.00665660E-07
 1.83134711E-07
 3.85159363E-07
 3.81785003E-07
 3.69789298E-07
 3.57348765E-07
 3.44885447E-07
 3.32400426E-07
 3.19892499E-07
 3.07361759E-07
 2.94808641E-07
 2.83293470E-07
 2.79181716E-07
 2.75052715E-07
 2.70906305E-07
 2.66739557E-07
 2.62561059E-07
 2.58358849E-07
 2.54132676E-07
 2.49891637E-07
 2.45648259E-07
 2.41380503E-07
 2.37088104E-07
 2.32770800E-07
 2.28428326E-07
 2.24061117E-07
 2.19668193E-07
 2.14207144E-07
 2.07538639E-07
 2.00843942E-07
 1.94123486E-07
 1.87376628E-07
 1.80603438E-07
 1.73803622E-07
 1.66977254E-07
 1.60123663E-07
 1.53242919E-07
 1.46335087E-07
 1.39399484E-07
 1.32436172E-07
 1.25445211E-07
 1.18425907E-07
 3.26672843E-07
 3.25168812E-07
 3.23931409E-07
 3.22686209E-07
 3.21433899E-07
 3.20174006E-07
 3.18906440E-07
 3.17631503E-07
 3.16348712E-07
 3.15058373E-07
 3.13760391E-07
 3.12454678E-07
 3.11140736E-07
 3.09819273E-07
 3.08489387E-07
 3.07151791E-07
 3.05805978E-07
 3.04451848E-07
 3.03090124E-07
 3.01719467E-07
 3.00340598E-07
 2.98953415E-07
 2.97557392E-07
 2.96153263E-07
 2.94740498E-07
 2.93318567E-07
 2.91888199E-07
 2.90448862E-07
 2.89000870E-07
 2.87543245E-07
 2.86077164E-07
 2.84601646E-07
 2.81367471E-07
 2.76374514E-07
 2.71372636E-07
 2.66360377E-07
 2.61339394E-07
 2.56308664E-07
 2.51268060E-07
 2.46217444E-07
 2.41157139E-07
 2.36087013E-07
 2.31006928E-07
 2.25916748E-07
 2.20815870E-07
 2.15705074E-07
 2.10583758E-07
 2.05452240E-07
 2.00309904E-07
 1.95156600E-07
 1.89993122E-07
 1.84818367E-07
 1.79632655E-07
 1.74435828E-07
 1.69227724E-07
 1.64008667E-07
 1.58778007E-07
 1.53535572E-07
 1.48281683E-07
 1.43016170E-07
 1.37738860E-07
 1.32449579E-07
 1.27148141E-07
 1.21834366E-07
 1.16508061E-07
 1.11169556E-07
 1.05818139E-07
 1.00454134E-07
 9.50773460E-08
 8.96875731E-08
 8.42846164E-08
 7.88682598E-08
 7.34382986E-08
 6.79950462E-08
 6.25377570E-08
 5.70667439E-08
 5.15823281E-08
 4.60826519E-08
 4.05691157E-08
 3.50409396E-08
 2.94978815E-08
 2.39402530E-08
 1.83672486E-08
 1.27791801E-08
 7.17521989E-09
 1.55624544E-09
 4.07914984E-09
 9.73009221E-09
 1.53974283E-08
 2.10814435E-08
 2.67818396E-08
 3.24994937E-08
 3.82341148E-08
 4.39860050E-08
 4.97554681E-08
 5.55428218E-08
 6.13483842E-08
 6.71718754E-08
 7.30148501E-08
 7.88764291E-08
 8.47569478E-08
 9.06567643E-08
 9.65762350E-08
 1.02516361E-07
 1.08476889E-07
 1.14457569E-07
 9.39656133E-08
 9.00217895E-08
 8.60726491E-08
 8.21174177E-08
 7.81566531E-08
 7.41902405E-08
 7.02180669E-08
 6.62393440E-08
 6.22553041E-08
 5.82644698E-08
 5.42673867E-08
 5.02632484E-08
 4.62532918E-08
 4.22360046E-08
 3.82119354E-08
 3.41809450E-08
 3.01428839E-08
 2.60968916E-08
 2.20435179E-08
 1.79826125E-08
 1.39139998E-08
 9.83752449E-09
 5.75227459E-09
 1.65879851E-09
 2.44383380E-09
 6.55431427E-09
 1.06750993E-08
 1.48041240E-08
 1.89438914E-08
 2.30930867E-08
 2.72519312E-08
 3.14222194E-08
 3.56026427E-08
 3.97950245E-08
 4.39980359E-08
 4.82135611E-08
 5.24410774E-08
 5.66816968E-08
 6.09349119E-08
 6.52026997E-08
 6.94837283E-08
 7.37800459E-08
 7.80920132E-08
 1.82241760E-07
 2.12383752E-07
 2.31461780E-07
 2.45557206E-07
 2.56662577E-07
 2.65723124E-07
 2.73276135E-07
 2.79663007E-07
 2.86641407E-07
 8.03506630E-08
 8.50847558E-08
 8.96758875E-08
 9.41440831E-08
 9.85034905E-08
 1.02766059E-07
 1.06941756E-07
 1.11040079E-07
 1.15065914E-07
 1.19027408E-07
 1.22929538E-07
 1.26775439E-07
 1.30570968E-07
 1.34318078E-07
 1.38020936E-07
 1.41680684E-07
 1.45301216E-07
 1.48884986E-07
 1.52433457E-07
 1.55947034E-07
 1.59429547E-07
 1.62880993E-07
 1.66302574E-07
 1.69696637E-07
 1.73063378E-07
 1.76404120E-07
 1.79719128E-07
 1.83009812E-07
 1.86277684E-07
 1.89521283E-07
 1.92742774E-07
 1.95943170E-07
 1.99121034E-07
 2.02279296E-07
 2.05415873E-07
 2.08532542E-07
 2.11629781E-07
 2.14706799E-07
 2.17764799E-07
 2.20803645E-07
 2.23823218E-07
 2.26824781E-07
 2.29806828E-07
 2.32770646E-07
 2.35714692E-07
 2.38641732E-07
 2.41548766E-07
 2.44437073E-07
 2.47307328E-07
 2.50158645E-07
 2.52990046E-07
 2.55802178E-07
 2.58594825E-07
 2.61367794E-07
 2.64120891E-07
 2.66853022E-07
 2.69564770E-07
 2.72254946E-07
 2.74923253E-07
 2.77568379E-07
 2.80191742E-07
 2.82791004E-07
 2.80130912E-07
 2.74305707E-07
 2.68454673E-07
 2.62576052E-07
 2.56670066E-07
 2.50734713E-07
 2.44770117E-07
 2.38774021E-07
 2.32745181E-07
 2.26682268E-07
 2.20582513E-07
 2.14446466E-07
 2.08269801E-07
 2.02051577E-07
 1.95790563E-07
 1.89481584E-07
 1.83123400E-07
 1.76713236E-07
 1.70246562E-07
 1.63719586E-07
 1.57128899E-07
 1.50470248E-07
 1.43737449E-07
 1.36926335E-07
 1.30028711E-07
 1.23038528E-07
 1.15946801E-07
 1.08746278E-07
 1.01425746E-07
 3.07323148E-07
 2.93525627E-07
 4.66747611E-03
 1.96024916E-02
 3.45375066E-02
 4.94725211E-02
 6.44075351E-02
 7.93425484E-02
 9.42775609E-02
 1.09212573E-01
 1.47890591E-01
 2.11843424E-01
 2.75796258E-01
 3.39749093E-01
 4.31658294E-01
 5.44630242E-01
 6.87668270E-01
 0.00000000E+00
 0.00000000E+00
 0.00000000E+00
 0.00000000E+00
 0.00000000E+00
 0.00000000E+00
 0.00000000E+00
 0.00000000E+00
 0.00000000E+00
 0.00000000E+00
 0.00000000E+00
 0.00000000E+00
 0.00000000E+00
 0.00000000E+00
 0.00000000E+00
 0.00000000E+00
 7.26644230E-01
 5.59213156E-01
 4.42432317E-01
 3.30085505E-01
 2.66224753E-01
 2.02289607E-01
 1.38279652E-01
 8.33527868E-02
 7.25129321E-02
 6.16590933E-02
 5.07911915E-02
 3.99091474E-02
 2.90128810E-02
 1.81023118E-02
 7.17735847E-03
 4.13506023E-06
 1.51348479E-05
 2.46013189E-05
 3.25253573E-05
 3.88977724E-05
 4.37092987E-05
 4.69505945E-05
 4.86122415E-05
 4.86847438E-05
 4.71585271E-05
 4.40239379E-05
 3.92712427E-05
 3.28906271E-05
 2.48721948E-05
 1.52059669E-05
 3.88188118E-06
 1.43070890E-05
 3.37343101E-05
 5.15158957E-05
 6.76416932E-05
 8.21014640E-05
 9.48848824E-05
 1.05981535E-04
 1.15380918E-04
 1.23072441E-04
 1.29045419E-04
 1.33289077E-04
 1.35792547E-04
 1.36544866E-04
 1.35534978E-04
 1.32751729E-04
 1.28547133E-04
 1.33815711E-04
 1.37292262E-04
 1.38965331E-04
 1.38823361E-04
 1.36854697E-04
 1.33047576E-04
 1.27390134E-04
 1.19870400E-04
 1.10476298E-04
 9.91956426E-05
 8.60161389E-05
 7.09253826E-05
 5.39108576E-05
 3.49599345E-05
 1.40598697E-05
 6.73268979E-06
 2.33616611E-05
 3.80605242E-05
 5.08164311E-05
 6.16164156E-05
 7.04473926E-05
 7.72961557E-05
 8.21493768E-05
 8.49936037E-05
 8.58152593E-05
 8.46006397E-05
 8.13359129E-05
 7.60071170E-05
 6.86001590E-05
 5.91008130E-05
 4.74947184E-05
 5.34659884E-05
 6.50442405E-05
 7.45124684E-05
 8.18560237E-05
 8.70601173E-05
 9.01098179E-05
 9.09900500E-05
 8.96855924E-05
 8.61810760E-05
 8.04609823E-05
 7.25096414E-05
 6.23112301E-05
 4.98497697E-05
 3.51091245E-05
 1.80729995E-05
 1.35654516E-06
 2.18204729E-05
 4.00049364E-05
 5.58934320E-05
 6.94692905E-05
 8.07156751E-05
 8.96155791E-05
 9.61518239E-05
 1.00307056E-04
 1.02063747E-04
 1.01404188E-04
 9.83104891E-05
 9.27645769E-05
 8.47481922E-05
 7.42428870E-05
 6.12300220E-05
 5.89689252E-05
 7.36069870E-05
 8.57348043E-05
 9.53333341E-05
 1.02383333E-04
 1.06865353E-04
 1.08759743E-04
 1.08046639E-04
 1.04705969E-04
 9.87174447E-05
 9.00605591E-05
 7.87145858E-05
 6.46585744E-05
 4.78713473E-05
 2.83314969E-05
 6.01738229E-06
 1.58918802E-05
 3.46816756E-05
 5.07136625E-05
 6.39658478E-05
 7.44159942E-05
 8.20416171E-05
 8.68199802E-05
 8.87280928E-05
 8.77427055E-05
 8.38403066E-05
 7.69971181E-05
 6.71890921E-05
 5.43919065E-05
 3.85809611E-05
 1.97313734E-05
 2.28981323E-06
 2.50356856E-05
 4.47564839E-05
 6.14268512E-05
 7.50211342E-05
 8.55133782E-05
 9.28773233E-05
 9.70863987E-05
 9.81137190E-05
 9.59320786E-05
 9.05139469E-05
 8.18314634E-05
 6.98564324E-05
 5.45603179E-05
 3.59142380E-05
 1.38889598E-05
 8.78839023E-05
 2.91497342E-04
 4.98932703E-04
 7.10223556E-04
 9.25403882E-04
 1.14450808E-03
 1.36757099E-03
 7.63708626E-04
 3.87345541E-04
 2.86122276E-04
 1.84899312E-04
 8.34204533E-05
 4.31798148E-05
 2.96852348E-05
 1.61907361E-05
 2.69631883E-06
 1.54411187E-05
 3.48785429E-05
 5.47843482E-05
 8.01810419E-06
 1.74135096E-07
 1.56935673E-07
 3.59218028E-07
 3.56264152E-07
 3.43971422E-07
 3.31198327E-07
 3.18402853E-07
 3.05584448E-07
 2.92743869E-07
 2.79880227E-07
 2.66993622E-07
 2.55191935E-07
 2.51124754E-07
 2.47040188E-07
 2.42938469E-07
 2.38816756E-07
 2.34684371E-07
 2.30527661E-07
 2.26346718E-07
 2.22151755E-07
 2.17956026E-07
 2.13735636E-07
 2.09490671E-07
 2.05220519E-07
 2.00925260E-07
 1.96604270E-07
 1.92258340E-07
 1.86756251E-07
 1.79948144E-07
 1.73113901E-07
 1.66253602E-07
 1.59366593E-07
 1.52452943E-07
 1.45512725E-07
 1.38545271E-07
 1.31551019E-07
 1.24529295E-07
 1.17479788E-07
 1.10402934E-07
 1.03298045E-07
 9.61647996E-08
 8.90032538E-08
 2.98279686E-07
 2.96763419E-07
 2.95536509E-07
 2.94301703E-07
 2.93060077E-07
 2.91810379E-07
 2.90553691E-07
 2.89288748E-07
 2.88016240E-07
 2.86736082E-07
 2.85448179E-07
 2.84152437E-07
 2.82848766E-07
 2.81536659E-07
 2.80217233E-07
 2.78889177E-07
 2.77552796E-07
 2.76208805E-07
 2.74855871E-07
 2.73495133E-07
 2.72125239E-07
 2.70747328E-07
 2.69361301E-07
 2.67965791E-07
 2.66561947E-07
 2.65149235E-07
 2.63727975E-07
 2.62297620E-07
 2.60858489E-07
 2.59410034E-07
 2.57952133E-07
 2.56485096E-07
 2.53237992E-07
 2.48210261E-07
 2.43172589E-07
 2.38125739E-07
 2.33069137E-07
 2.28003102E-07
 2.22926603E-07
 2.17840863E-07
 2.12745295E-07
 2.07639310E-07
 2.02523224E-07
 1.97397358E-07
 1.92260651E-07
 1.87113883E-07
 1.81956444E-07
 1.76788656E-07
 1.71609901E-07
 1.66420496E-07
 1.61220291E-07
 1.56009128E-07
 1.50786856E-07
 1.45553308E-07
 1.40308323E-07
 1.35052225E-07
 1.29784356E-07
 1.24505038E-07
 1.19214103E-07
 1.13910878E-07
 1.08596182E-07
 1.03269340E-07
 9.79301695E-08
 9.25784796E-08
 8.72145959E-08
 8.18383298E-08
 7.64484560E-08
 7.10468471E-08
 6.56312251E-08
 6.02034754E-08
 5.47618212E-08
 4.93065807E-08
 4.38380640E-08
 3.83560652E-08
 3.28598254E-08
 2.73496614E-08
 2.18258874E-08
 1.62871918E-08
 1.07338789E-08
 5.16626446E-09
 4.16444476E-10
 6.01394152E-09
 1.16270355E-08
 1.72554199E-08
 2.28987833E-08
 2.85585258E-08
 3.42343485E-08
 3.99259533E-08
 4.56341896E-08
 5.13587601E-08
 5.71005373E-08
 6.28592344E-08
 6.86351453E-08
 7.44285726E-08
 8.02398346E-08
 8.60686377E-08
 9.19165214E-08
 9.77819881E-08
 1.03667210E-07
 1.09570684E-07
 1.15493375E-07
 1.21436261E-07
 1.27399088E-07
 1.33382229E-07
 1.39386066E-07
 1.45410347E-07
 6.46022232E-08
 6.06316680E-08
 5.66550535E-08
 5.26735788E-08
 4.86858238E-08
 4.46923328E-08
 4.06929897E-08
 3.66870103E-08
 3.26756138E-08
 2.86573290E-08
 2.46327000E-08
 2.06016036E-08
 1.65639041E-08
 1.25187698E-08
 8.46744907E-09
 4.40840175E-09
 3.42174790E-10
 3.73065991E-09
 7.81169436E-09
 1.19010992E-08
 1.59975893E-08
 2.01027947E-08
 2.42161607E-08
 2.83378690E-08
 3.24681001E-08
 3.66077986E-08
 4.07564227E-08
 4.49149260E-08
 4.90827742E-08
 5.32609510E-08
 5.74489122E-08
 6.16476701E-08
 6.58574721E-08
 7.00785879E-08
 7.43112771E-08
 7.85558188E-08
 8.28133109E-08
 8.70832460E-08
 9.13659246E-08
 9.56633237E-08
 9.99749800E-08
 1.04301230E-07
 1.08643297E-07
 1.48951914E-07
 1.81669899E-07
 2.01694875E-07
 2.16332827E-07
 2.27802250E-07
 2.37131980E-07
 2.44894171E-07
 2.51447851E-07
 2.58573698E-07
 5.11317559E-08
 5.59095903E-08
 6.05414575E-08
 6.50463017E-08
 6.94401045E-08
 7.37356377E-08
 7.79423744E-08
 8.20702132E-08
 8.61244992E-08
 9.01133351E-08
 9.40411362E-08
 9.79125227E-08
 1.01731282E-07
 1.05501925E-07
 1.09226992E-07
 1.12909214E-07
 1.16551413E-07
 1.20155458E-07
 1.23723313E-07
 1.27257589E-07
 1.30758762E-07
 1.34229637E-07
 1.37669685E-07
 1.41082394E-07
 1.44466780E-07
 1.47824158E-07
 1.51157096E-07
 1.54464685E-07
 1.57748392E-07
 1.61008529E-07
 1.64246688E-07
 1.67462021E-07
 1.70656156E-07
 1.73828892E-07
 1.76981321E-07
 1.80111993E-07
 1.83223949E-07
 1.86315778E-07
 1.89387308E-07
 1.92440412E-07
 1.95473627E-07
 1.98488168E-07
 2.01483958E-07
 2.04460859E-07
 2.07418733E-07
 2.10357472E-07
 2.13277647E-07
 2.16179171E-07
 2.19060362E-07
 2.21924133E-07
 2.24767210E-07
 2.27591002E-07
 2.30395312E-07
 2.33179921E-07
 2.35943800E-07
 2.38686685E-07
 2.41408271E-07
 2.44109089E-07
 2.46787938E-07
 2.49443585E-07
 2.52076439E-07
 2.54685102E-07
 2.51999526E-07
 2.46125376E-07
 2.40226218E-07
 2.34299344E-07
 2.28343919E-07
 2.22360001E-07
 2.16346584E-07
 2.10300420E-07
 2.04221321E-07
 1.98107782E-07
 1.91959465E-07
 1.85771088E-07
 1.79544101E-07
 1.73274044E-07
 1.66960795E-07
 1.60599759E-07
 1.54188353E-07
 1.47725152E-07
 1.41204175E-07
 1.34623783E-07
 1.27978909E-07
 1.21263999E-07
 1.14475523E-07
 1.07606336E-07
 1.00651248E-07
 9.36032549E-08
 8.64526143E-08
 7.91919216E-08
 7.18096343E-08
 6.42947315E-08
 2.65510310E-07
 3.39130644E-03
 1.42426689E-02
 2.50940307E-02
 3.59453920E-02
 4.67967525E-02
 5.76481123E-02
 6.84994712E-02
 7.93508291E-02
 1.15926472E-01
 1.79886032E-01
 2.43845593E-01
 3.07805155E-01
 4.02053950E-01
 5.19123117E-01
 6.68767282E-01
 0.00000000E+00
 0.00000000E+00
 0.00000000E+00
 0.00000000E+00
 0.00000000E+00
 0.00000000E+00
 0.00000000E+00
 0.00000000E+00
 0.00000000E+00
 0.00000000E+00
 0.00000000E+00
 0.00000000E+00
 0.00000000E+00
 0.00000000E+00
 0.00000000E+00
 0.00000000E+00
 7.10489372E-01
 5.35056603E-01
 4.14175602E-01
 2.98075283E-01
 2.34196149E-01
 1.70242555E-01
 1.06214085E-01
 5.19730857E-02
 4.52159741E-02
 3.84495845E-02
 3.16738646E-02
 2.48887617E-02
 1.80942226E-02
 1.12901937E-02
 4.47662095E-03
 4.13452941E-06
 1.51338479E-05
 2.45999137E-05
 3.25236113E-05
 3.88957509E-05
 4.37070675E-05
 4.69482201E-05
 4.86097911E-05
 4.86822853E-05
 4.71561291E-05
 4.40216697E-05
 3.92691744E-05
 3.28888292E-05
 2.48707389E-05
 1.52049253E-05
 3.88132680E-06
 1.40014467E-05
 3.29842520E-05
 5.03209359E-05
 6.60013432E-05
 8.00152328E-05
 9.23522765E-05
 1.03002058E-04
 1.11954072E-04
 1.19197724E-04
 1.24722327E-04
 1.28517104E-04
 1.30571183E-04
 1.30873599E-04
 1.29413294E-04
 1.26179110E-04
 1.21551001E-04
 1.27262346E-04
 1.31182321E-04
 1.33299475E-04
 1.33602257E-04
 1.32079015E-04
 1.28717990E-04
 1.23507325E-04
 1.16435052E-04
 1.07489099E-04
 9.66572858E-05
 8.39273231E-05
 6.92868110E-05
 5.27232380E-05
 3.42239797E-05
 1.37762976E-05
 6.34084050E-06
 2.19251909E-05
 3.55780699E-05
 4.72866214E-05
 5.70378711E-05
 6.48187255E-05
 7.06159700E-05
 7.44162681E-05
 7.62061592E-05
 7.59720576E-05
 7.37002508E-05
 6.93768982E-05
 6.29880292E-05
 5.45195420E-05
 4.39572018E-05
 3.12866390E-05
 3.77071300E-05
 5.03286732E-05
 6.08418150E-05
 6.92319182E-05
 7.54842050E-05
 7.95837556E-05
 8.15155062E-05
 8.12642471E-05
 7.88146212E-05
 7.41511220E-05
 6.72580915E-05
 5.81197186E-05
 4.67200372E-05
 3.30429237E-05
 1.70720959E-05
 1.27826857E-06
 2.04979771E-05
 3.74364076E-05
 5.20770445E-05
 6.44032071E-05
 7.43980467E-05
 8.20445447E-05
 8.73255105E-05
 9.02235790E-05
 9.07212085E-05
 8.88006781E-05
 8.44440859E-05
 7.76333460E-05
 6.83501862E-05
 5.65761457E-05
 4.22925725E-05
 3.97800974E-05
 5.56603985E-05
 6.90326256E-05
 7.98777521E-05
 8.81765509E-05
 9.39095918E-05
 9.70572386E-05
 9.75996467E-05
 9.55167596E-05
 9.07883065E-05
 8.33937989E-05
 7.33125279E-05
 6.05235610E-05
 4.50057389E-05
 2.67376724E-05
 5.69773929E-06
 1.58900782E-05
 3.46785897E-05
 5.07094752E-05
 6.39607442E-05
 7.44101620E-05
 8.20352466E-05
 8.68132645E-05
 8.87212278E-05
 8.77358897E-05
 8.38337414E-05
 7.69910079E-05
 6.71836442E-05
 5.43873312E-05
 3.85774717E-05
 1.97291863E-05
 2.28882709E-06
 2.50330144E-05
 4.47523442E-05
 6.14214627E-05
 7.50147197E-05
 8.55061642E-05
 9.28695393E-05
 9.70782779E-05
 9.81054981E-05
 9.59239978E-05
 9.05062502E-05
 8.18243983E-05
 6.98502504E-05
 5.45552743E-05
 3.59105919E-05
 1.38869744E-05
 7.22592873E-05
 2.40105413E-04
 4.11700953E-04
 5.87078884E-04
 7.66272587E-04
 9.49315859E-04
 1.13624291E-03
 6.08628559E-04
 2.29335546E-04
 1.46343120E-04
 6.33509981E-05
 1.98926121E-05
 3.72007532E-05
 2.57024333E-05
 1.42040301E-05
 2.70554409E-06
 1.65468875E-05
 3.74833236E-05
 5.89242296E-05
 8.55694727E-06
 1.10360164E-07
 9.34913889E-08
 2.96019504E-07
 2.93486418E-07
 2.80896173E-07
 2.67790670E-07
 2.54661887E-07
 2.41510577E-07
 2.28336841E-07
 2.15139458E-07
 2.01919185E-07
 1.89831146E-07
 1.85807765E-07
 1.81767529E-07
 1.77710399E-07
 1.73633612E-07
 1.69546210E-07
 1.65435236E-07
 1.61299412E-07
 1.57150068E-07
 1.53001874E-07
 1.48828739E-07
 1.44630744E-07
 1.40407624E-07
 1.36158759E-07
 1.31884579E-07
 1.27584453E-07
 1.22041899E-07
 1.15093668E-07
 1.08119719E-07
 1.01118686E-07
 9.40913570E-08
 8.70374466E-08
 7.99562893E-08
 7.28479490E-08
 6.57124920E-08
 5.85488709E-08
 5.13582594E-08
 4.41392272E-08
 3.68922048E-08
 2.96168734E-08
 2.23125245E-08
 2.32622809E-07
 2.31094135E-07
 2.29877550E-07
 2.28653744E-07
 2.27421861E-07
 2.26182966E-07
 2.24936202E-07
 2.23681863E-07
 2.22419469E-07
 2.21149320E-07
 2.19871318E-07
 2.18585371E-07
 2.17291386E-07
 2.15989264E-07
 2.14679307E-07
 2.13361015E-07
 2.12034698E-07
 2.10699840E-07
 2.09356753E-07
 2.08004917E-07
 2.06644639E-07
 2.05276233E-07
 2.03898756E-07
 2.02512936E-07
 2.01117819E-07
 1.99714142E-07
 1.98301789E-07
 1.96879793E-07
 1.95449323E-07
 1.94009403E-07
 1.92560345E-07
 1.91102027E-07
 1.87841347E-07
 1.82778622E-07
 1.77705831E-07
 1.72623279E-07
 1.67531731E-07
 1.62429722E-07
 1.57318461E-07
 1.52196920E-07
 1.47064953E-07
 1.41923796E-07
 1.36771941E-07
 1.31609701E-07
 1.26436934E-07
 1.21253957E-07
 1.16060162E-07
 1.10856337E-07
 1.05640922E-07
 1.00415176E-07
 9.51784773E-08
 8.99301876E-08
 8.46715852E-08
 7.94005869E-08
 7.41189533E-08
 6.88260500E-08
 6.35212120E-08
 5.82042667E-08
 5.28760281E-08
 4.75358276E-08
 4.21829867E-08
 3.68183219E-08
 3.14416571E-08
 2.60517906E-08
 2.06500590E-08
 1.52357624E-08
 9.80819208E-09
 4.36766225E-09
 1.08602496E-09
 6.55308025E-09
 1.20326557E-08
 1.75270667E-08
 2.30338893E-08
 2.85549234E-08
 3.40904027E-08
 3.96394696E-08
 4.52034348E-08
 5.07814451E-08
 5.63742859E-08
 6.19816400E-08
 6.76043076E-08
 7.32419817E-08
 7.88949139E-08
 8.45633586E-08
 9.02475769E-08
 9.59478354E-08
 1.01663837E-07
 1.07396425E-07
 1.13145305E-07
 1.18911345E-07
 1.24694251E-07
 1.30494325E-07
 1.36311268E-07
 1.42146576E-07
 1.47999375E-07
 1.53870582E-07
 1.59759916E-07
 1.65668323E-07
 1.71595527E-07
 1.77541875E-07
 1.83507724E-07
 1.89493425E-07
 1.95499350E-07
 2.01525248E-07
 2.07572131E-07
 1.96473937E-09
 2.02747699E-09
 6.02508750E-09
 1.00281907E-08
 1.40368951E-08
 1.80519654E-08
 2.20728667E-08
 2.60990437E-08
 3.01326221E-08
 3.41717148E-08
 3.82171145E-08
 4.22689452E-08
 4.63273442E-08
 5.03931396E-08
 5.44657800E-08
 5.85447085E-08
 6.26314616E-08
 6.67254999E-08
 7.08269772E-08
 7.49353246E-08
 7.90521428E-08
 8.31776208E-08
 8.73104640E-08
 9.14523125E-08
 9.56018844E-08
 9.97615958E-08
 1.03929404E-07
 1.08107013E-07
 1.12293868E-07
 1.16490194E-07
 1.20696973E-07
 1.24914447E-07
 1.29142080E-07
 1.33380894E-07
 1.37631156E-07
 1.41893136E-07
 1.46167117E-07
 1.50454197E-07
 1.54753864E-07
 1.59067270E-07
 1.63393894E-07
 1.67734924E-07
 1.72091552E-07
 1.76464181E-07
 7.76826417E-08
 1.13530671E-07
 1.34588991E-07
 1.49801318E-07
 1.61653658E-07
 1.71262171E-07
 1.79240769E-07
 1.85967808E-07
 1.93244124E-07
 1.53479293E-08
 1.05258784E-08
 5.85276635E-09
 1.30977814E-09
 3.11990738E-09
 7.44802363E-09
 1.16868743E-08
 1.58433359E-08
 1.99266546E-08
 2.39424180E-08
 2.78965119E-08
 3.17919643E-08
 3.56361328E-08
 3.94293540E-08
 4.31772856E-08
 4.68815763E-08
 5.05460890E-08
 5.41705446E-08
 5.77590169E-08
 6.13135675E-08
 6.48341279E-08
 6.83234466E-08
 7.17820929E-08
 7.52130191E-08
 7.86152111E-08
 8.19905366E-08
 8.53403950E-08
 8.86650432E-08
 9.19653423E-08
 9.52422093E-08
 9.84959827E-08
 1.01727031E-07
 1.04936985E-07
 1.08125015E-07
 1.11291540E-07
 1.14438325E-07
 1.17564544E-07
 1.20670680E-07
 1.23757289E-07
 1.26823501E-07
 1.29871249E-07
 1.32899010E-07
 1.35908022E-07
 1.38898215E-07
 1.41868692E-07
 1.44820039E-07
 1.47752865E-07
 1.50666284E-07
 1.53560157E-07
 1.56435052E-07
 1.59290816E-07
 1.62126512E-07
 1.64942712E-07
 1.67737558E-07
 1.70512461E-07
 1.73266322E-07
 1.75999686E-07
 1.78710513E-07
 1.81399335E-07
 1.84064828E-07
 1.86707451E-07
 1.89325766E-07
 1.86613078E-07
 1.80691200E-07
 1.74743196E-07
 1.68768349E-07
 1.62764738E-07
 1.56731423E-07
 1.50668453E-07
 1.44573634E-07
 1.38444510E-07
 1.32280750E-07
 1.26080703E-07
 1.19842654E-07
 1.13564487E-07
 1.07242897E-07
 1.00876435E-07
 9.44636357E-08
 8.80000943E-08
 8.14822103E-08
 7.49086862E-08
 6.82730139E-08
 6.15729474E-08
 5.48027840E-08
 4.79583278E-08
 4.10321918E-08
 3.40199345E-08
 2.69130484E-08
 1.97029537E-08
 1.23815061E-08
 4.93792206E-09
 2.63902756E-09
 2.00252281E-07
 2.11483222E-03
 8.88168615E-03
 1.56485394E-02
 2.24153920E-02
 2.91822438E-02
 3.59490946E-02
 4.27159444E-02
 4.94827931E-02
 8.39556210E-02
 1.47921912E-01
 2.11888204E-01
 2.75854497E-01
 3.72443381E-01
 4.93610628E-01
 6.49862321E-01
 0.00000000E+00
 0.00000000E+00
 0.00000000E+00
 0.00000000E+00
 0.00000000E+00
 0.00000000E+00
 0.00000000E+00
 0.00000000E+00
 0.00000000E+00
 0.00000000E+00
 0.00000000E+00
 0.00000000E+00
 0.00000000E+00
 0.00000000E+00
 0.00000000E+00
 0.00000000E+00
 6.94334636E-01
 5.10900232E-01
 3.85919099E-01
 2.66065303E-01
 2.02167788E-01
 1.38195746E-01
 7.41487631E-02
 2.05936251E-02
 1.79192258E-02
 1.52402547E-02
 1.25566856E-02
 9.86849258E-03
 7.17564912E-03
 4.47812867E-03
 1.77590443E-03
 4.13379638E-06
 1.51326447E-05
 2.45983041E-05
 3.25216598E-05
 3.88935227E-05
 4.37046285E-05
 4.69456368E-05
 4.86071306E-05
 4.86796156E-05
 4.71535187E-05
 4.40191879E-05
 3.92668912E-05
 3.28868154E-05
 2.48690659E-05
 1.52036653E-05
 3.88055269E-06
 1.36955859E-05
 3.22339779E-05
 4.91257625E-05
 6.43607822E-05
 7.79287931E-05
 8.98194646E-05
 1.00022378E-04
 1.08527025E-04
 1.15322808E-04
 1.20399039E-04
 1.23744937E-04
 1.25349628E-04
 1.25202145E-04
 1.23291425E-04
 1.19606308E-04
 1.14554690E-04
 1.20708797E-04
 1.25072191E-04
 1.27633425E-04
 1.28380953E-04
 1.27303127E-04
 1.24388194E-04
 1.19624299E-04
 1.12999481E-04
 1.04501672E-04
 9.41186961E-05
 8.18382688E-05
 6.76479952E-05
 5.15353685E-05
 3.34877693E-05
 1.34924640E-05
 5.94872910E-06
 2.04884668E-05
 3.30953699E-05
 4.37565742E-05
 5.24590975E-05
 5.91898377E-05
 6.39355722E-05
 6.66829559E-05
 6.74185198E-05
 6.61286697E-05
 6.27996846E-05
 5.74177151E-05
 4.99687821E-05
 4.04387748E-05
 2.88134494E-05
 1.50784278E-05
 2.19481340E-05
 3.56129566E-05
 4.71710004E-05
 5.66076395E-05
 6.39081074E-05
 6.90574958E-05
 7.20407525E-05
 7.28426795E-05
 7.14479316E-05
 6.78410140E-05
 6.20062811E-05
 5.39279337E-05
 4.35900181E-05
 3.09764233E-05
 1.60708792E-05
 1.19966691E-06
 1.91751673E-05
 3.48675757E-05
 4.82603652E-05
 5.93368431E-05
 6.80801491E-05
 7.44732527E-05
 7.84989512E-05
 8.01398673E-05
 7.93784473E-05
 7.61969579E-05
 7.05774846E-05
 6.25019291E-05
 5.19520065E-05
 3.89092433E-05
 2.33549745E-05
 2.05911222E-05
 3.77136467E-05
 5.23302676E-05
 6.44219746E-05
 7.39695571E-05
 8.09536017E-05
 8.53544892E-05
 8.71523917E-05
 8.63272703E-05
 8.28588714E-05
 7.67267243E-05
 6.79101378E-05
 5.63881975E-05
 4.21397622E-05
 2.51434614E-05
 5.37769107E-06
 1.58878640E-05
 3.46750883E-05
 5.07048692E-05
 6.39552186E-05
 7.44039045E-05
 8.20284474E-05
 8.68061167E-05
 8.87139270E-05
 8.77286346E-05
 8.38267335E-05
 7.69844514E-05
 6.71777463E-05
 5.43823022E-05
 3.85735249E-05
 1.97265381E-05
 2.28737591E-06
 2.50298744E-05
 4.47477318E-05
 6.14155975E-05
 7.50078246E-05
 8.54984654E-05
 9.28612664E-05
 9.70696641E-05
 9.80967800E-05
 9.59154156E-05
 9.04980476E-05
 8.18168231E-05
 6.98435538E-05
 5.45497114E-05
 3.59064221E-05
 1.38844606E-05
 5.66354283E-05
 1.88714760E-04
 3.24471004E-04
 4.63936544E-04
 6.07144162E-04
 7.54127049E-04
 9.04918806E-04
 4.53552992E-04
 7.13296317E-05
 6.57186483E-06
 5.81855930E-05
 1.23190075E-04
 1.17560910E-04
 8.10644489E-05
 4.45679028E-05
 8.07127193E-06
 1.76156203E-05
 4.00513828E-05
 6.30277110E-05
 9.05863292E-06
 9.30055428E-09
 7.23841335E-09
 1.95523572E-07
 1.93410660E-07
 1.80523100E-07
 1.67084076E-07
 1.53622504E-07
 1.40137826E-07
 1.26630138E-07
 1.13099207E-07
 9.95451273E-08
 8.71699398E-08
 8.31903015E-08
 7.91939975E-08
 7.51813926E-08
 7.11487904E-08
 6.71069887E-08
 6.30406583E-08
 5.89502270E-08
 5.48464409E-08
 5.07453658E-08
 4.66190675E-08
 4.24679721E-08
 3.82911134E-08
 3.40889199E-08
 2.98607661E-08
 2.56070806E-08
 2.00228982E-08
 1.29347839E-08
 5.82028776E-09
 1.32087377E-09
 8.48900336E-09
 1.56840268E-08
 2.29062473E-08
 3.01559657E-08
 3.74331242E-08
 4.47380279E-08
 5.20713632E-08
 5.94323307E-08
 6.68216197E-08
 7.42399286E-08
 8.16868354E-08
 1.29661318E-07
 1.28120495E-07
 1.26914503E-07
 1.25700420E-07
 1.24479317E-07
 1.23250329E-07
 1.22013758E-07
 1.20769117E-07
 1.19517101E-07
 1.18257227E-07
 1.16989002E-07
 1.15712725E-07
 1.14428700E-07
 1.13136432E-07
 1.11835817E-07
 1.10527160E-07
 1.09210366E-07
 1.07884920E-07
 1.06551129E-07
 1.05208889E-07
 1.03857679E-07
 1.02498220E-07
 1.01129573E-07
 9.97528826E-08
 9.83667747E-08
 9.69719856E-08
 9.55679716E-08
 9.41550471E-08
 9.27330954E-08
 9.13015656E-08
 8.98612018E-08
 8.84114548E-08
 8.51370450E-08
 8.00387268E-08
 7.49310905E-08
 6.98131198E-08
 6.46860206E-08
 5.95487687E-08
 5.44012295E-08
 4.92441684E-08
 4.40765468E-08
 3.88991334E-08
 3.37113352E-08
 2.85130082E-08
 2.33040075E-08
 1.80851135E-08
 1.28547861E-08
 7.61427496E-09
 2.36296483E-09
 2.89977414E-09
 8.17362716E-09
 1.34582739E-08
 1.87543486E-08
 2.40615367E-08
 2.93804859E-08
 3.47108746E-08
 4.00533655E-08
 4.54071501E-08
 5.07733825E-08
 5.61512566E-08
 6.15409397E-08
 6.69436247E-08
 7.23584889E-08
 7.77862271E-08
 8.32265248E-08
 8.86790601E-08
 9.41450544E-08
 9.96236769E-08
 1.05116167E-07
 1.10621167E-07
 1.16140458E-07
 1.21673203E-07
 1.27219616E-07
 1.32779911E-07
 1.38354315E-07
 1.43943055E-07
 1.49546361E-07
 1.55163918E-07
 1.60795967E-07
 1.66443294E-07
 1.72106154E-07
 1.77784240E-07
 1.83477252E-07
 1.89186000E-07
 1.94910749E-07
 2.00651773E-07
 2.06408771E-07
 2.12182022E-07
 2.17972380E-07
 2.23779559E-07
 2.29603856E-07
 2.35444975E-07
 2.41304402E-07
 2.47181264E-07
 2.53075872E-07
 2.58989150E-07
 2.64920821E-07
 2.70871834E-07
 2.76841305E-07
 2.82830194E-07
 2.88839478E-07
 2.94867660E-07
 3.00916974E-07
 3.06986556E-07
 9.79315668E-08
 1.01944981E-07
 1.05964405E-07
 1.09989308E-07
 1.14019145E-07
 1.18055320E-07
 1.22097300E-07
 1.26145200E-07
 1.30199129E-07
 1.34259212E-07
 1.38326253E-07
 1.42399020E-07
 1.46478316E-07
 1.50564969E-07
 1.54657738E-07
 1.58758142E-07
 1.62864940E-07
 1.66979672E-07
 1.71101088E-07
 1.75230754E-07
 1.79367406E-07
 1.83512654E-07
 1.87665936E-07
 1.91827436E-07
 1.95997328E-07
 2.00175798E-07
 2.04363034E-07
 2.08559987E-07
 2.12766114E-07
 2.16981624E-07
 2.21206724E-07
 2.25442407E-07
 2.29688926E-07
 2.33945736E-07
 2.38213871E-07
 2.42493603E-07
 2.46785195E-07
 2.51088936E-07
 2.55405110E-07
 2.59734857E-07
 2.64077654E-07
 2.68434676E-07
 2.72806260E-07
 2.77192770E-07
 2.81595444E-07
 3.18918280E-08
 7.90463165E-09
 3.00969272E-08
 4.59206916E-08
 5.81739434E-08
 6.80736139E-08
 7.62750322E-08
 8.31811659E-08
 1.24174814E-07
 1.19128074E-07
 1.14260222E-07
 1.09546168E-07
 1.04964379E-07
 1.00500058E-07
 9.61377208E-08
 9.18675528E-08
 8.76802795E-08
 8.35691941E-08
 7.95252727E-08
 7.55456782E-08
 7.16243960E-08
 6.77561232E-08
 6.39385000E-08
 6.01679771E-08
 5.64408223E-08
 5.27564022E-08
 4.91096751E-08
 4.55008467E-08
 4.19268317E-08
 3.83866249E-08
 3.48780334E-08
 3.13999073E-08
 2.79510379E-08
 2.45313354E-08
 2.11383306E-08
 1.77706573E-08
 1.44292438E-08
 1.11126342E-08
 7.81934208E-09
 4.54901805E-09
 1.30255195E-09
 1.92293636E-09
 5.12658182E-09
 8.30884660E-09
 1.14701635E-08
 1.46109747E-08
 1.77311381E-08
 2.08318293E-08
 2.39121804E-08
 2.69734496E-08
 3.00147640E-08
 3.30374086E-08
 3.60405451E-08
 3.90239859E-08
 4.19890811E-08
 4.49342191E-08
 4.78599416E-08
 5.07661222E-08
 5.36533587E-08
 5.65198954E-08
 5.93679160E-08
 6.21948251E-08
 6.50019936E-08
 6.77875219E-08
 7.05528195E-08
 7.32958667E-08
 7.60171787E-08
 7.87155265E-08
 8.13922539E-08
 8.40442295E-08
 8.66727264E-08
 8.39333901E-08
 7.79633427E-08
 7.19680163E-08
 6.59436915E-08
 5.98914656E-08
 5.38093762E-08
 4.76963225E-08
 4.15511869E-08
 3.53726238E-08
 2.91591941E-08
 2.29080552E-08
 1.66196768E-08
 1.02898242E-08
 3.91729998E-09
 2.50167979E-09
 8.96744979E-09
 1.54845371E-08
 2.20551109E-08
 2.86832363E-08
 3.53720078E-08
 4.21280322E-08
 4.89526863E-08
 5.58539855E-08
 6.28369806E-08
 6.99078970E-08
 7.70730730E-08
 8.43425262E-08
 9.17238727E-08
 9.92297796E-08
 1.06869798E-07
 9.77111265E-08
 8.38053172E-04
 3.51954248E-03
 6.20103104E-03
 8.88251879E-03
 1.15640056E-02
 1.42454914E-02
 1.69269760E-02
 1.96084592E-02
 5.19780327E-02
 1.15951059E-01
 1.79924086E-01
 2.43897113E-01
 3.42826579E-01
 4.68092770E-01
 6.30953384E-01
 0.00000000E+00
 0.00000000E+00
 0.00000000E+00
 0.00000000E+00
 0.00000000E+00
 0.00000000E+00
 0.00000000E+00
 0.00000000E+00
 0.00000000E+00
 0.00000000E+00
 0.00000000E+00
 0.00000000E+00
 0.00000000E+00
 0.00000000E+00
 0.00000000E+00
 0.00000000E+00
 6.79583241E-01
 4.89552078E-01
 3.61877262E-01
 2.39678044E-01
 1.77171797E-01
 1.14592584E-01
 5.19400013E-02
 9.85291730E-07
 5.84926934E-06
 9.22961001E-06
 1.11176507E-05
 1.15046590E-05
 1.03818324E-05
 7.74029767E-06
 3.57110994E-06
 4.13367713E-06
 1.51320587E-05
 2.45973154E-05
 3.25203328E-05
 3.88919226E-05
 4.37028210E-05
 4.69436886E-05
 4.86051089E-05
 4.86775881E-05
 4.71515541E-05
 4.40173554E-05
 3.92652608E-05
 3.28854579E-05
 2.48680527E-05
 1.52030686E-05
 3.88044549E-06
 1.33903987E-05
 3.14843855E-05
 4.79312791E-05
 6.27209193E-05
 7.58430598E-05
 8.72873674E-05
 9.70434206E-05
 1.05100709E-04
 1.11448632E-04
 1.16076500E-04
 1.18973527E-04
 1.20128838E-04
 1.19531464E-04
 1.17170337E-04
 1.13034298E-04
 1.07559177E-04
 1.14156046E-04
 1.18962860E-04
 1.21968175E-04
 1.23160450E-04
 1.22528041E-04
 1.20059200E-04
 1.15742076E-04
 1.09564714E-04
 1.01515048E-04
 9.15809100E-05
 7.97500184E-05
 6.60099834E-05
 5.03483033E-05
 3.27523634E-05
 1.32094350E-05
 5.75908065E-06
 1.97924758E-05
 3.18924257E-05
 4.20460628E-05
 5.02404014E-05
 5.64623362E-05
 6.06986410E-05
 6.29359673E-05
 6.31608426E-05
 6.13596692E-05
 5.75187226E-05
 5.16241498E-05
 4.36619682E-05
 3.36180633E-05
 2.14781879E-05
 7.22795985E-06
 1.43150519E-05
 2.84848122E-05
 4.05486374E-05
 5.04919076E-05
 5.82998626E-05
 6.39576003E-05
 6.74500749E-05
 6.87620949E-05
 6.78783214E-05
 6.47832663E-05
 5.94612904E-05
 5.18966014E-05
 4.20732523E-05
 2.99751387E-05
 1.55859978E-05
 1.16208543E-06
 1.85344141E-05
 3.36228390E-05
 4.64108284E-05
 5.68816851E-05
 6.50185436E-05
 7.08043686E-05
 7.42219526E-05
 7.52539134E-05
 7.38826920E-05
 7.00905504E-05
 6.38595689E-05
 5.51716440E-05
 4.40084858E-05
 3.03516155E-05
 1.41823631E-05
 1.12968331E-05
 2.90204817E-05
 4.42393568E-05
 5.69344572E-05
 6.70865814E-05
 7.46763249E-05
 7.96840780E-05
 8.20900223E-05
 8.18741282E-05
 7.90161517E-05
 7.34956319E-05
 6.52918874E-05
 5.43840138E-05
 4.07508799E-05
 2.43711253E-05
 5.22315640E-06
 1.58869015E-05
 3.46728495E-05
 5.07015364E-05
 6.39509769E-05
 7.43989415E-05
 8.20229534E-05
 8.68002847E-05
 8.87079528E-05
 8.77227167E-05
 8.38210732E-05
 7.69792531E-05
 6.71732173E-05
 5.43786526E-05
 3.85709680E-05
 1.97252903E-05
 2.28733588E-06
 2.50281586E-05
 4.47445565E-05
 6.14111823E-05
 7.50023925E-05
 8.54922425E-05
 9.28544824E-05
 9.70625521E-05
 9.80895765E-05
 9.59083608E-05
 9.04913854E-05
 8.18108010E-05
 6.98384231E-05
 5.45457274E-05
 3.59038437E-05
 1.38835510E-05
 4.52411867E-05
 1.51239072E-04
 2.60860928E-04
 3.74138707E-04
 4.91104753E-04
 6.11791812E-04
 7.36233036E-04
 3.70885164E-04
 1.64101149E-05
 7.26835780E-05
 1.28956729E-04
 1.85472391E-04
 1.66655293E-04
 1.14909627E-04
 6.31638762E-05
 1.14180392E-05
 1.87982225E-05
 4.27336312E-05
 6.72457090E-05
 9.67408164E-06
 2.18813503E-08
 5.67667745E-09
 2.08664986E-07
 2.06977601E-07
 1.93796958E-07
 1.80029614E-07
 1.66239141E-07
 1.52425636E-07
 1.38589194E-07
 1.24729252E-07
 1.10845571E-07
 9.81878867E-08
 9.42521277E-08
 9.02998989E-08
 8.63322932E-08
 8.23443537E-08
 7.83479450E-08
 7.43270715E-08
 7.02814786E-08
 6.62237153E-08
 6.21698872E-08
 5.80908946E-08
 5.39868162E-08
 4.98566864E-08
 4.57012810E-08
 4.15196181E-08
 3.73117709E-08
 3.16867587E-08
 2.44584684E-08
 1.72038485E-08
 9.92225109E-09
 2.61374165E-09
 4.72197951E-09
 1.20852133E-08
 1.94758976E-08
 2.68943404E-08
 3.43412249E-08
 4.18157589E-08
 4.93189951E-08
 5.68505144E-08
 6.44113920E-08
 1.43516293E-07
 1.40389716E-07
 1.38837162E-07
 1.37641802E-07
 1.36439023E-07
 1.35228350E-07
 1.34010077E-07
 1.32784120E-07
 1.31549992E-07
 1.30308383E-07
 1.29058810E-07
 1.27800779E-07
 1.26534988E-07
 1.25260942E-07
 1.23978944E-07
 1.22688490E-07
 1.21389477E-07
 1.20082620E-07
 1.18766998E-07
 1.17442504E-07
 1.16109857E-07
 1.14768954E-07
 1.13418854E-07
 1.12059863E-07
 1.10692291E-07
 1.09315602E-07
 1.07930109E-07
 1.06535270E-07
 1.05131392E-07
 1.03718360E-07
 1.02295625E-07
 1.00863926E-07
 9.94231468E-08
 9.61553990E-08
 9.10623046E-08
 8.59593134E-08
 8.08467442E-08
 7.57240149E-08
 7.05918923E-08
 6.54493449E-08
 6.02966861E-08
 5.51337753E-08
 4.99604752E-08
 4.47770991E-08
 3.95830513E-08
 3.43786455E-08
 2.91632680E-08
 2.39372384E-08
 1.87004048E-08
 1.34530871E-08
 8.19418669E-09
 2.92401642E-09
 2.35758645E-09
 7.64982033E-09
 1.29538085E-08
 1.82697239E-08
 2.35967581E-08
 2.89360579E-08
 3.42873148E-08
 3.96502054E-08
 4.50254006E-08
 5.04130860E-08
 5.58129439E-08
 6.12256659E-08
 6.66509395E-08
 7.20884392E-08
 7.75393861E-08
 8.30029503E-08
 8.84803658E-08
 9.39708045E-08
 9.94744692E-08
 1.04992095E-07
 1.10523370E-07
 1.16067980E-07
 1.21627208E-07
 1.27200753E-07
 1.32788298E-07
 1.38391159E-07
 1.44007947E-07
 1.49639435E-07
 1.55286975E-07
 1.60948606E-07
 1.66626236E-07
 1.72319573E-07
 1.78028881E-07
 1.83753287E-07
 1.89494771E-07
 1.95252466E-07
 2.01026651E-07
 2.06817612E-07
 2.12625056E-07
 2.18450443E-07
 2.24293494E-07
 2.30153928E-07
 2.36032054E-07
 2.41928783E-07
 2.47843847E-07
 2.53777577E-07
 2.59730304E-07
 2.65701762E-07
 2.71693534E-07
 2.77705364E-07
 2.83736377E-07
 2.89788813E-07
 8.11824848E-08
 8.51767099E-08
 8.91769222E-08
 9.31825887E-08
 9.71938217E-08
 1.01210726E-07
 1.05233402E-07
 1.09261974E-07
 1.13297215E-07
 1.17337920E-07
 1.21384878E-07
 1.25438877E-07
 1.29498707E-07
 1.33565164E-07
 1.37639078E-07
 1.41719207E-07
 1.45806387E-07
 1.49900752E-07
 1.54002458E-07
 1.58111658E-07
 1.62229229E-07
 1.66353900E-07
 1.70486553E-07
 1.74627353E-07
 1.78776486E-07
 1.82934130E-07
 1.87100463E-07
 1.91276442E-07
 1.95461515E-07
 1.99655124E-07
 2.03858991E-07
 2.08073366E-07
 2.12297687E-07
 2.16532198E-07
 2.20777921E-07
 2.25035114E-07
 2.29303241E-07
 2.33584184E-07
 2.37876614E-07
 2.42182449E-07
 2.46501180E-07
 2.50833948E-07
 2.55180277E-07
 2.59541330E-07
 2.63918314E-07
 2.68310793E-07
 2.45474750E-08
 2.05750645E-08
 4.40600132E-08
 6.05752664E-08
 7.32906083E-08
 8.35325532E-08
 9.20064790E-08
 9.91361687E-08
 1.09246335E-07
 1.04230288E-07
 9.93987040E-08
 9.47248156E-08
 9.01862678E-08
 8.57664727E-08
 8.14529033E-08
 7.72324503E-08
 7.30973793E-08
 6.90385541E-08
 6.50494779E-08
 6.11243870E-08
 5.72592593E-08
 5.34488919E-08
 4.96888806E-08
 4.59766980E-08
 4.23097544E-08
 3.86852893E-08
 3.50993415E-08
 3.15516218E-08
 2.80396050E-08
 2.45611744E-08
 2.11152933E-08
 1.77002564E-08
 1.43154631E-08
 1.09590846E-08
 7.63041119E-09
 4.32749364E-09
 1.05069581E-09
 2.20141227E-09
 5.42913691E-09
 8.63278419E-09
 1.18145383E-08
 1.49729216E-08
 1.81102135E-08
 2.12261773E-08
 2.43200189E-08
 2.73934398E-08
 3.04469453E-08
 3.34797033E-08
 3.64922014E-08
 3.94856557E-08
 4.24592385E-08
 4.54127699E-08
 4.83475406E-08
 5.12626995E-08
 5.41580548E-08
 5.70342273E-08
 5.98902567E-08
 6.27267489E-08
 6.55442539E-08
 6.83419159E-08
 7.11186441E-08
 7.38750406E-08
 7.66116644E-08
 7.93257829E-08
 8.20204728E-08
 8.46920123E-08
 8.73417662E-08
 8.99693567E-08
 9.25734714E-08
 9.51545586E-08
 9.77093153E-08
 9.50165435E-08
 8.91640112E-08
 8.32841200E-08
 7.73770670E-08
 7.14409448E-08
 6.54747882E-08
 5.94775298E-08
 5.34478970E-08
 4.73835337E-08
 4.12851216E-08
 3.51487363E-08
 2.89736788E-08
 2.27567331E-08
 1.64979654E-08
 1.01923658E-08
 3.83948870E-09
 2.56505838E-09
 9.02497172E-09
 1.55416459E-08
 2.21210314E-08
 2.87668993E-08
 3.54822073E-08
 4.22749165E-08
 4.91495711E-08
 5.61130064E-08
 6.31734196E-08
 7.03369411E-08
 7.76146011E-08
 8.50164835E-08
 9.25550654E-08
 1.13893727E-07
 1.04770606E-07
 1.07258652E-07
 1.08945508E-07
 1.09736429E-07
 1.09522028E-07
 1.08171360E-07
 1.05530724E-07
 1.01415992E-07
 3.03098690E-02
 9.28848791E-02
 1.55459890E-01
 2.18034901E-01
 3.17900689E-01
 4.45861935E-01
 6.13928106E-01
 0.00000000E+00
 0.00000000E+00
 0.00000000E+00
 0.00000000E+00
 0.00000000E+00
 0.00000000E+00
 0.00000000E+00
 0.00000000E+00
 0.00000000E+00
 0.00000000E+00
 0.00000000E+00
 0.00000000E+00
 0.00000000E+00
 0.00000000E+00
 0.00000000E+00
 0.00000000E+00
 6.67510825E-01
 4.73564861E-01
 3.45881350E-01
 2.24024770E-01
 1.65600913E-01
 1.07108763E-01
 4.85479397E-02
 9.86603693E-07
 5.85038951E-06
 9.23059866E-06
 1.11185687E-05
 1.15055679E-05
 1.03827942E-05
 7.74137516E-06
 3.57236645E-06
 4.13491348E-06
 1.51328362E-05
 2.45976978E-05
 3.25203848E-05
 3.88917093E-05
 4.37024083E-05
 4.69431428E-05
 4.86044973E-05
 4.86769787E-05
 4.71510154E-05
 4.40169567E-05
 3.92650720E-05
 3.28855498E-05
 2.48684968E-05
 1.52039371E-05
 3.88181123E-06
 1.30866960E-05
 3.07362910E-05
 4.67383068E-05
 6.10825808E-05
 7.37588643E-05
 8.47568214E-05
 9.40660281E-05
 1.01675971E-04
 1.07576048E-04
 1.11755565E-04
 1.14203736E-04
 1.14909681E-04
 1.13862429E-04
 1.11050910E-04
 1.06463961E-04
 1.00565351E-04
 1.07604989E-04
 1.12855228E-04
 1.16304630E-04
 1.17941658E-04
 1.17754671E-04
 1.15731928E-04
 1.11861582E-04
 1.06131680E-04
 9.85301649E-05
 8.90448697E-05
 7.76635195E-05
 6.43737288E-05
 4.91630008E-05
 3.20187257E-05
 1.29281797E-05
 5.95618699E-06
 2.05108291E-05
 3.31328517E-05
 4.38093928E-05
 5.25274725E-05
 5.92739913E-05
 6.40357290E-05
 6.67993429E-05
 6.75513666E-05
 6.62782085E-05
 6.29661501E-05
 5.76013448E-05
 5.01698159E-05
 4.06574555E-05
 2.90500227E-05
 1.53331417E-05
 2.21950452E-05
 3.58420207E-05
 4.73824176E-05
 5.68016125E-05
 6.40848417E-05
 6.92171994E-05
 7.21836361E-05
 7.29689565E-05
 7.15578182E-05
 6.79347291E-05
 6.20840464E-05
 5.39899740E-05
 4.36365608E-05
 3.10076990E-05
 1.60871214E-05
 1.20310990E-06
 1.91960403E-05
 3.49061680E-05
 4.83169698E-05
 5.94117565E-05
 6.81736713E-05
 7.45856874E-05
 7.86306057E-05
 8.02910529E-05
 7.95494789E-05
 7.63881544E-05
 7.07891688E-05
 6.27344276E-05
 5.22056503E-05
 3.91843673E-05
 2.36519178E-05
 2.08923136E-05
 3.79931972E-05
 5.25884520E-05
 6.46590714E-05
 7.41858490E-05
 8.11493751E-05
 8.55300347E-05
 8.73080042E-05
 8.64632485E-05
 8.29755186E-05
 7.68243480E-05
 6.79890499E-05
 5.64487143E-05
 4.21822049E-05
 2.51681553E-05
 5.38496657E-06
 1.58887035E-05
 3.46733985E-05
 5.07010148E-05
 6.39495698E-05
 7.43968365E-05
 8.20203408E-05
 8.67973576E-05
 8.87049069E-05
 8.77197505E-05
 8.38183882E-05
 7.69770536E-05
 6.71717104E-05
 5.43780486E-05
 3.85714803E-05
 1.97271352E-05
 2.29041255E-06
 2.50295877E-05
 4.47445545E-05
 6.14099688E-05
 7.50001904E-05
 8.54892781E-05
 9.28509852E-05
 9.70587553E-05
 9.80857167E-05
 9.59046781E-05
 9.04881237E-05
 8.18082079E-05
 6.98367499E-05
 5.45452293E-05
 3.59047798E-05
 1.38861844E-05
 4.19208639E-05
 1.40326767E-04
 2.42341037E-04
 3.47995495E-04
 4.57322354E-04
 5.70354228E-04
 6.87124137E-04
 4.26475900E-04
 3.00197555E-05
 3.63911935E-05
 1.02801830E-04
 1.69450427E-04
 1.56066202E-04
 1.07691708E-04
 5.93171273E-05
 1.09424606E-05
 2.02319396E-05
 4.56673191E-05
 7.17154780E-05
 1.05405519E-05
 2.85365787E-07
 2.69504136E-07
 4.72716077E-07
 4.71463159E-07
 4.57998869E-07
 4.43911979E-07
 4.29802033E-07
 4.15669126E-07
 4.01512695E-07
 3.87332835E-07
 3.73128974E-07
 3.60196490E-07
 3.56305917E-07
 3.52398393E-07
 3.48476080E-07
 3.44533428E-07
 3.40583379E-07
 3.36608587E-07
 3.32608796E-07
 3.28597331E-07
 3.24591711E-07
 3.20560639E-07
 3.16504193E-07
 3.12421751E-07
 3.08313388E-07
 3.04179176E-07
 3.00018126E-07
 2.94352513E-07
 2.86985321E-07
 2.79591135E-07
 2.72169660E-07
 2.64721320E-07
 2.57245452E-07
 2.49742122E-07
 2.42210650E-07
 2.34651462E-07
 2.27063874E-07
 2.19447942E-07
 2.11803339E-07
 2.04130119E-07
 1.96427578E-07
 4.05371120E-07
 4.02134822E-07
 4.00571077E-07
 3.99387272E-07
 3.98195943E-07
 3.96996620E-07
 3.95789983E-07
 3.94575558E-07
 3.93352857E-07
 3.92122181E-07
 3.90883825E-07
 3.89637302E-07
 3.88382513E-07
 3.87119359E-07
 3.85848142E-07
 3.84568356E-07
 3.83280714E-07
 3.81984298E-07
 3.80679413E-07
 3.79365542E-07
 3.78043813E-07
 3.76712881E-07
 3.75373050E-07
 3.74024627E-07
 3.72667080E-07
 3.71300295E-07
 3.69925003E-07
 3.68540240E-07
 3.67146316E-07
 3.65743113E-07
 3.64330074E-07
 3.62908378E-07
 3.61476601E-07
 3.58255462E-07
 3.53244400E-07
 3.48223751E-07
 3.43193381E-07
 3.38152718E-07
 3.33102075E-07
 3.28041312E-07
 3.22970294E-07
 3.17889337E-07
 3.12797847E-07
 3.07695679E-07
 3.02583610E-07
 2.97460110E-07
 2.92325952E-07
 2.87181456E-07
 2.82025537E-07
 2.76858975E-07
 2.71680671E-07
 2.66491891E-07
 2.61291046E-07
 2.56079406E-07
 2.50855363E-07
 2.45620198E-07
 2.40373258E-07
 2.35114373E-07
 2.29843364E-07
 2.24560055E-07
 2.19264758E-07
 2.13957297E-07
 2.08636480E-07
 2.03304132E-07
 1.97958042E-07
 1.92600047E-07
 1.87227906E-07
 1.81843470E-07
 1.76445516E-07
 1.71033823E-07
 1.65609233E-07
 1.60169961E-07
 1.54717365E-07
 1.49250700E-07
 1.43770279E-07
 1.38274806E-07
 1.32765115E-07
 1.27240986E-07
 1.21701632E-07
 1.16147352E-07
 1.10577905E-07
 1.04993596E-07
 9.93930594E-08
 9.37771474E-08
 8.81450399E-08
 8.24970304E-08
 7.68328493E-08
 7.11522236E-08
 6.54542902E-08
 5.97399180E-08
 5.40082355E-08
 4.82589400E-08
 4.24923140E-08
 3.67074630E-08
 3.09046585E-08
 2.50835843E-08
 1.92439079E-08
 1.33853014E-08
 7.50741675E-09
 1.61052802E-09
 4.30634286E-09
 1.02435543E-08
 1.62008635E-08
 2.21786338E-08
 1.88129305E-07
 1.84225586E-07
 1.80315794E-07
 1.76401098E-07
 1.72480755E-07
 1.68554006E-07
 1.64622039E-07
 1.60684090E-07
 1.56739379E-07
 1.52789112E-07
 1.48831829E-07
 1.44868749E-07
 1.40899073E-07
 1.36922663E-07
 1.32938698E-07
 1.28948410E-07
 1.24950973E-07
 1.20946938E-07
 1.16934755E-07
 1.12914968E-07
 1.08888126E-07
 1.04852645E-07
 1.00809062E-07
 9.67579367E-08
 9.26983677E-08
 8.86294334E-08
 8.45524155E-08
 8.04656382E-08
 7.63703944E-08
 7.22649783E-08
 6.81499152E-08
 6.40242278E-08
 5.98892289E-08
 5.57423464E-08
 5.15856737E-08
 4.74166063E-08
 4.32364482E-08
 3.90441335E-08
 3.48401890E-08
 3.06218777E-08
 2.63913218E-08
 2.21465746E-08
 1.78872764E-08
 1.36139256E-08
 9.32446085E-09
 5.01934234E-09
 2.40017707E-07
 2.93216220E-07
 3.18210128E-07
 3.35539794E-07
 3.48815209E-07
 3.59489214E-07
 3.68319517E-07
 3.75757789E-07
 1.66372534E-07
 1.71203334E-07
 1.75843173E-07
 1.80321466E-07
 1.84661330E-07
 1.88879292E-07
 1.92988693E-07
 1.97003560E-07
 2.00931582E-07
 2.04781800E-07
 2.08559686E-07
 2.12272949E-07
 2.15926581E-07
 2.19523755E-07
 2.23068816E-07
 2.26566312E-07
 2.30017787E-07
 2.33425996E-07
 2.36794825E-07
 2.40125119E-07
 2.43419384E-07
 2.46679163E-07
 2.49906028E-07
 2.53101657E-07
 2.56267250E-07
 2.59403985E-07
 2.62512044E-07
 2.65593887E-07
 2.68649751E-07
 2.71680470E-07
 2.74686946E-07
 2.77668847E-07
 2.80628353E-07
 2.83564612E-07
 2.86478592E-07
 2.89371367E-07
 2.92242067E-07
 2.95092470E-07
 2.97921685E-07
 3.00730906E-07
 3.03519259E-07
 3.06288615E-07
 3.09037475E-07
 3.11766347E-07
 3.14475776E-07
 3.17165608E-07
 3.19835667E-07
 3.22485805E-07
 3.25117357E-07
 3.27727870E-07
 3.30319419E-07
 3.32889513E-07
 3.35440261E-07
 3.37970653E-07
 3.40479649E-07
 3.42967768E-07
 3.45433890E-07
 3.47878503E-07
 3.50300413E-07
 3.52700075E-07
 3.55076201E-07
 3.57428262E-07
 3.59755802E-07
 3.57246928E-07
 3.51826044E-07
 3.46377670E-07
 3.40901951E-07
 3.35397008E-07
 3.29861817E-07
 3.24294299E-07
 3.18695270E-07
 3.13061199E-07
 3.07392834E-07
 3.01685161E-07
 2.95939631E-07
 2.90151841E-07
 2.84320691E-07
 2.78443496E-07
 2.72517359E-07
 2.66539069E-07
 2.60506156E-07
 2.54415206E-07
 2.48261654E-07
 2.42040935E-07
 2.35749289E-07
 2.29380185E-07
 2.22928239E-07
 2.16386386E-07
 2.09748116E-07
 2.03004665E-07
 1.96145806E-07
 1.89162855E-07
 1.82041489E-07
 1.74769404E-07
 3.81217664E-07
 3.81799385E-07
 3.81574217E-07
 3.80445416E-07
 3.78304016E-07
 3.75016198E-07
 3.70427650E-07
 3.64353928E-07
 2.83336908E-02
 8.68283082E-02
 1.45322926E-01
 2.03817544E-01
 3.01937615E-01
 4.29912552E-01
 6.00503293E-01
 0.00000000E+00
 0.00000000E+00
 0.00000000E+00
 0.00000000E+00
 0.00000000E+00
 0.00000000E+00
 0.00000000E+00
 0.00000000E+00
 0.00000000E+00
 0.00000000E+00
 0.00000000E+00
 0.00000000E+00
 0.00000000E+00
 0.00000000E+00
 0.00000000E+00
 0.00000000E+00
 6.55438499E-01
 4.57577764E-01
 3.29885557E-01
 2.08371614E-01
 1.54030118E-01
 9.96249987E-02
 4.51559039E-02
 9.87721961E-07
 5.85131495E-06
 9.23139155E-06
 1.11192899E-05
 1.15062789E-05
 1.03835571E-05
 7.74225265E-06
 3.57342188E-06
 4.13594767E-06
 1.51334104E-05
 2.45978760E-05
 3.25202314E-05
 3.88912894E-05
 4.37017878E-05
 4.69423882E-05
 4.86036758E-05
 4.86761581E-05
 4.71502643E-05
 4.40163444E-05
 3.92646685E-05
 3.28854258E-05
 2.48687237E-05
 1.52045871E-05
 3.88295729E-06
 1.27827750E-05
 2.99879805E-05
 4.55451210E-05
 5.94440315E-05
 7.16744605E-05
 8.22260696E-05
 9.10884323E-05
 9.82510330E-05
 1.03703266E-04
 1.07434435E-04
 1.09433752E-04
 1.09690334E-04
 1.08193206E-04
 1.04931298E-04
 9.98934416E-05
 9.35713459E-05
 1.01053748E-04
 1.06747407E-04
 1.10640891E-04
 1.12722665E-04
 1.12981097E-04
 1.11404446E-04
 1.07980871E-04
 1.02698425E-04
 9.55450542E-05
 8.65085966E-05
 7.55767821E-05
 6.27372301E-05
 4.79774484E-05
 3.12848323E-05
 1.26466630E-05
 6.15302580E-06
 2.12289084E-05
 3.43729970E-05
 4.55724354E-05
 5.48142494E-05
 6.20853455E-05
 6.73725091E-05
 7.06624037E-05
 7.19415689E-05
 7.11964189E-05
 6.84132417E-05
 6.35781965E-05
 5.66773131E-05
 4.76964899E-05
 3.66214922E-05
 2.34379508E-05
 3.00746657E-05
 4.31988592E-05
 5.42158309E-05
 6.31109536E-05
 6.98694600E-05
 7.44764408E-05
 7.69168427E-05
 7.71754667E-05
 7.52369666E-05
 7.10858468E-05
 6.47064605E-05
 5.60830078E-05
 4.51995339E-05
 3.20399270E-05
 1.65879162E-05
 1.24380815E-06
 1.98573314E-05
 3.61891531E-05
 5.02227581E-05
 6.19414657E-05
 7.13284275E-05
 7.83666252E-05
 8.30388685E-05
 8.53277927E-05
 8.52158563E-05
 8.26853391E-05
 7.77183396E-05
 7.02967723E-05
 6.04023657E-05
 4.80166597E-05
 3.31210030E-05
 3.04873201E-05
 4.69654425E-05
 6.09370809E-05
 7.23832234E-05
 8.12846584E-05
 8.76219712E-05
 9.13755415E-05
 9.25255402E-05
 9.10519273E-05
 8.69344482E-05
 8.01526310E-05
 7.06857836E-05
 5.85129906E-05
 4.36131099E-05
 2.59647699E-05
 5.54636584E-06
 1.58900934E-05
 3.46735321E-05
 5.07000747E-05
 6.39477408E-05
 7.43943063E-05
 8.20172996E-05
 8.67939984E-05
 8.87014254E-05
 8.77163454E-05
 8.38152606E-05
 7.69744079E-05
 6.71697538E-05
 5.43769912E-05
 3.85715353E-05
 1.97285190E-05
 2.29302434E-06
 2.50305482E-05
 4.47440799E-05
 6.14082788E-05
 7.49975078E-05
 8.54858290E-05
 9.28469994E-05
 9.70544656E-05
 9.80813597E-05
 9.59004941E-05
 9.04843564E-05
 8.18051047E-05
 6.98345622E-05
 5.45442121E-05
 3.59051923E-05
 1.38882896E-05
 3.86011215E-05
 1.29415157E-04
 2.23821956E-04
 3.21853208E-04
 4.23540999E-04
 5.28917808E-04
 6.38016523E-04
 4.82115396E-04
 7.64966721E-05
 5.38914208E-08
 7.66041425E-05
 1.53387742E-04
 1.45437530E-04
 1.00434912E-04
 5.54322079E-05
 1.04294166E-05
 2.16285920E-05
 4.85642566E-05
 7.61488196E-05
 1.13698354E-05
 5.11535715E-07
 4.96016370E-07
 6.99439242E-07
 6.98620942E-07
 6.84872674E-07
 6.70466228E-07
 6.56036797E-07
 6.41583493E-07
 6.27107062E-07
 6.12606940E-07
 5.98082555E-07
 5.84874935E-07
 5.81028605E-07
 5.77166184E-07
 5.73288549E-07
 5.69391243E-07
 5.65487273E-07
 5.61558283E-07
 5.57604008E-07
 5.53638557E-07
 5.49680856E-07
 5.45697415E-07
 5.41688657E-07
 5.37653260E-07
 5.33591994E-07
 5.29504227E-07
 5.25390028E-07
 5.19684205E-07
 5.12177050E-07
 5.04642950E-07
 4.97081969E-07
 4.89493086E-07
 4.81876720E-07
 4.74232567E-07
 4.66560683E-07
 4.58860021E-07
 4.51131369E-07
 4.43374038E-07
 4.35587330E-07
 4.27772412E-07
 4.19927834E-07
 6.29891384E-07
 6.26544601E-07
 6.24969674E-07
 6.23797825E-07
 6.22617971E-07
 6.21430404E-07
 6.20235036E-07
 6.19031773E-07
 6.17820522E-07
 6.16600793E-07
 6.15373673E-07
 6.14137884E-07
 6.12894114E-07
 6.11641871E-07
 6.10381451E-07
 6.09112759E-07
 6.07835688E-07
 6.06549732E-07
 6.05255599E-07
 6.03952365E-07
 6.02640742E-07
 6.01320213E-07
 5.99990663E-07
 5.98652401E-07
 5.97304894E-07
 5.95948447E-07
 5.94582522E-07
 5.93207851E-07
 5.91823890E-07
 5.90430093E-07
 5.89027196E-07
 5.87614643E-07
 5.86192749E-07
 5.83017363E-07
 5.78088356E-07
 5.73150066E-07
 5.68201479E-07
 5.63242459E-07
 5.58273760E-07
 5.53295255E-07
 5.48305901E-07
 5.43306465E-07
 5.38296350E-07
 5.33275866E-07
 5.28244414E-07
 5.23202763E-07
 5.18149843E-07
 5.13085963E-07
 5.08011441E-07
 5.02925182E-07
 4.97828440E-07
 4.92719639E-07
 4.87600039E-07
 4.82468045E-07
 4.77324925E-07
 4.72170038E-07
 4.67003206E-07
 4.61824256E-07
 4.56633009E-07
 4.51429780E-07
 4.46214393E-07
 4.40986663E-07
 4.35745395E-07
 4.30492416E-07
 4.25226019E-07
 4.19946511E-07
 4.14654206E-07
 4.09348390E-07
 4.04029374E-07
 3.98696430E-07
 3.93350389E-07
 3.87989992E-07
 3.82616074E-07
 3.77227355E-07
 3.71825205E-07
 3.66407792E-07
 3.60975955E-07
 3.55529462E-07
 3.50068074E-07
 3.44591546E-07
 3.39099631E-07
 3.33592076E-07
 3.28069176E-07
 3.22530119E-07
 3.16975196E-07
 3.11403571E-07
 3.05816104E-07
 3.00211954E-07
 2.94590252E-07
 2.88952442E-07
 2.83296491E-07
 2.77623262E-07
 2.71932450E-07
 2.66223151E-07
 2.60495636E-07
 2.54750182E-07
 2.48985864E-07
 2.43202345E-07
 2.37399275E-07
 2.31576918E-07
 2.25734297E-07
 2.19871665E-07
 2.13988649E-07
 4.23912612E-07
 4.20104844E-07
 4.16292284E-07
 4.12473570E-07
 4.08649224E-07
 4.04819137E-07
 4.00983206E-07
 3.97141315E-07
 3.93294001E-07
 3.89439836E-07
 3.85579352E-07
 3.81713094E-07
 3.77839599E-07
 3.73960079E-07
 3.70073732E-07
 3.66180411E-07
 3.62279980E-07
 3.58372290E-07
 3.54457900E-07
 3.50535248E-07
 3.46605589E-07
 3.42668057E-07
 3.38722487E-07
 3.34768702E-07
 3.30806537E-07
 3.26835800E-07
 3.22857049E-07
 3.18868616E-07
 3.14871042E-07
 3.10864120E-07
 3.06847644E-07
 3.02822171E-07
 2.98785164E-07
 2.94737929E-07
 2.90681018E-07
 2.86611830E-07
 2.82531670E-07
 2.78439491E-07
 2.74335804E-07
 2.70218721E-07
 2.66089542E-07
 2.61946347E-07
 2.57789614E-07
 2.53617343E-07
 2.49431674E-07
 2.45228882E-07
 2.41011110E-07
 4.55048200E-07
 5.28252466E-07
 5.54924496E-07
 5.73116658E-07
 5.86975521E-07
 5.98095953E-07
 6.07292021E-07
 6.15044000E-07
 4.04663658E-07
 4.09308231E-07
 4.13757226E-07
 4.18040839E-07
 4.22182035E-07
 4.26199104E-07
 4.30105320E-07
 4.33914631E-07
 4.37634621E-07
 4.41276272E-07
 4.44845004E-07
 4.48346478E-07
 4.51787663E-07
 4.55171684E-07
 4.58502869E-07
 4.61784682E-07
 4.65020766E-07
 4.68213812E-07
 4.71365624E-07
 4.74478565E-07
 4.77555159E-07
 4.80596368E-07
 4.83604295E-07
 4.86580609E-07
 4.89527044E-07
 4.92443697E-07
 4.95331787E-07
 4.98192673E-07
 5.01027711E-07
 5.03836551E-07
 5.06621261E-07
 5.09381504E-07
 5.12118257E-07
 5.14831855E-07
 5.17523913E-07
 5.20192952E-07
 5.22841307E-07
 5.25467465E-07
 5.28073869E-07
 5.30658318E-07
 5.33223335E-07
 5.35767359E-07
 5.38291623E-07
 5.40796646E-07
 5.43280868E-07
 5.45745510E-07
 5.48190432E-07
 5.50614722E-07
 5.53020420E-07
 5.55405089E-07
 5.57770052E-07
 5.60114329E-07
 5.62438446E-07
 5.64741425E-07
 5.67024573E-07
 5.69285178E-07
 5.71523725E-07
 5.73740758E-07
 5.75935858E-07
 5.78106926E-07
 5.80255246E-07
 5.82378529E-07
 5.84477168E-07
 5.82152452E-07
 5.77163569E-07
 5.72147036E-07
 5.67102985E-07
 5.62028556E-07
 5.56924708E-07
 5.51788309E-07
 5.46619147E-07
 5.41415821E-07
 5.36176820E-07
 5.30899287E-07
 5.25581330E-07
 5.20223102E-07
 5.14819929E-07
 5.09370357E-07
 5.03871385E-07
 4.98320964E-07
 4.92714148E-07
 4.87049361E-07
 4.81320679E-07
 4.75525530E-07
 4.69657991E-07
 4.63712165E-07
 4.57682571E-07
 4.51563525E-07
 4.45346233E-07
 4.39022512E-07
 4.32583672E-07
 4.26018343E-07
 4.19313836E-07
 4.12456674E-07
 6.20354587E-07
 6.19029467E-07
 6.16890624E-07
 6.13841228E-07
 6.09770933E-07
 6.04545339E-07
 5.98008866E-07
 5.89975077E-07
 2.63570613E-02
 8.07704315E-02
 1.35183802E-01
 1.89597173E-01
 2.85971310E-01
 4.13959799E-01
 5.87075648E-01
 0.00000000E+00
 0.00000000E+00
 0.00000000E+00
 0.00000000E+00
 0.00000000E+00
 0.00000000E+00
 0.00000000E+00
 0.00000000E+00
 0.00000000E+00
 0.00000000E+00
 0.00000000E+00
 0.00000000E+00
 0.00000000E+00
 0.00000000E+00
 0.00000000E+00
 0.00000000E+00
 6.43366263E-01
 4.41590787E-01
 3.13889885E-01
 1.92718577E-01
 1.42459409E-01
 9.21412911E-02
 4.17638938E-02
 9.88646558E-07
 5.85204569E-06
 9.23198871E-06
 1.11198144E-05
 1.15067920E-05
 1.03841211E-05
 7.74293017E-06
 3.57427626E-06
 4.13677971E-06
 1.51337814E-05
 2.45978497E-05
 3.25198724E-05
 3.88906629E-05
 4.37009595E-05
 4.69414247E-05
 4.86026442E-05
 4.86751263E-05
 4.71493008E-05
 4.40155185E-05
 3.92640502E-05
 3.28850858E-05
 2.48687334E-05
 1.52050187E-05
 3.88388371E-06
 1.24786356E-05
 2.92394541E-05
 4.43517219E-05
 5.78052712E-05
 6.95898482E-05
 7.96951120E-05
 8.81106333E-05
 9.48258940E-05
 9.98302860E-05
 1.03113110E-04
 1.04663575E-04
 1.04470797E-04
 1.02523796E-04
 9.88115010E-05
 9.33227407E-05
 8.65771614E-05
 9.45023215E-05
 1.00639396E-04
 1.04976956E-04
 1.07503473E-04
 1.08207316E-04
 1.07076753E-04
 1.04099944E-04
 9.92649484E-05
 9.25597162E-05
 8.39720907E-05
 7.34898063E-05
 6.11004872E-05
 4.67916463E-05
 3.05506835E-05
 1.23648849E-05
 6.34959712E-06
 2.19467136E-05
 3.56128616E-05
 4.73351907E-05
 5.71007323E-05
 6.48963987E-05
 7.07089815E-05
 7.45251499E-05
 7.63314494E-05
 7.61143006E-05
 7.38599972E-05
 6.95547050E-05
 6.31844599E-05
 5.47351664E-05
 4.41925964E-05
 3.15423871E-05
 3.79539135E-05
 5.05553280E-05
 6.10488774E-05
 6.94199309E-05
 7.56537176E-05
 7.97353245E-05
 8.16496946E-05
 8.13816254E-05
 7.89157667E-05
 7.42366193E-05
 6.73285326E-05
 5.81757030E-05
 4.67621717E-05
 3.30718230E-05
 1.70883822E-05
 1.28418022E-06
 2.05182874E-05
 3.74717941E-05
 5.21281933E-05
 6.44708127E-05
 7.44828123E-05
 8.21471823E-05
 8.74467411E-05
 9.03641326E-05
 9.08818243E-05
 8.89821048E-05
 8.46470814E-05
 7.78586780E-05
 6.85986321E-05
 5.68484930E-05
 4.25896188E-05
 4.00818524E-05
 5.59372178E-05
 6.92852436E-05
 8.01069132E-05
 8.83830098E-05
 9.40941133E-05
 9.72205983E-05
 9.77426306E-05
 9.56401646E-05
 9.08929405E-05
 8.34804811E-05
 7.33820888E-05
 6.05768426E-05
 4.50435952E-05
 2.67609691E-05
 5.70735426E-06
 1.58910712E-05
 3.46732505E-05
 5.06987160E-05
 6.39454899E-05
 7.43913509E-05
 8.20138299E-05
 8.67902073E-05
 8.86975086E-05
 8.77125013E-05
 8.38116906E-05
 7.69713161E-05
 6.71673474E-05
 5.43754804E-05
 3.85711332E-05
 1.97294419E-05
 2.29517133E-06
 2.50310399E-05
 4.47431328E-05
 6.14061123E-05
 7.49943447E-05
 8.54818955E-05
 9.28425249E-05
 9.70496832E-05
 9.80765059E-05
 9.58958088E-05
 9.04800835E-05
 8.18014915E-05
 6.98318600E-05
 5.45426760E-05
 3.59050812E-05
 1.38898666E-05
 3.52819592E-05
 1.18504241E-04
 2.05303683E-04
 2.95711848E-04
 3.89760688E-04
 4.87482553E-04
 5.88910194E-04
 5.37930466E-04
 1.23020683E-04
 3.63283746E-05
 5.03636213E-05
 1.37284293E-04
 1.34769234E-04
 9.31391983E-05
 5.15090757E-05
 9.87886598E-06
 2.29881383E-05
 5.14244043E-05
 8.05456945E-05
 1.21618920E-05
 7.00350246E-07
 6.85172849E-07
 8.88794327E-07
 8.88410183E-07
 8.74377328E-07
 8.59651026E-07
 8.44901483E-07
 8.30128135E-07
 8.15331072E-07
 8.00510053E-07
 7.85665165E-07
 7.72182444E-07
 7.68380124E-07
 7.64562235E-07
 7.60729379E-07
 7.56876846E-07
 7.53018713E-07
 7.49134938E-07
 7.45226280E-07
 7.41306941E-07
 7.37396568E-07
 7.33460856E-07
 7.29498840E-07
 7.25510584E-07
 7.21496164E-07
 7.17454937E-07
 7.13386974E-07
 7.07640304E-07
 6.99993245E-07
 6.92319287E-07
 6.84617771E-07
 6.76888038E-07
 6.69131224E-07
 6.61345937E-07
 6.53532958E-07
 6.45690872E-07
 6.37820465E-07
 6.29921413E-07
 6.21993022E-07
 6.14035331E-07
 6.06048386E-07
 8.17036517E-07
 8.13579287E-07
 8.11992862E-07
 8.10832653E-07
 8.09663952E-07
 8.08487820E-07
 8.07303782E-07
 8.06111746E-07
 8.04911615E-07
 8.03703293E-07
 8.02486685E-07
 8.01262086E-07
 8.00029004E-07
 7.98788135E-07
 7.97538583E-07
 7.96280236E-07
 7.95013806E-07
 7.93738372E-07
 7.92454236E-07
 7.91161700E-07
 7.89860248E-07
 7.88549769E-07
 7.87230565E-07
 7.85902525E-07
 7.84564701E-07
 7.83218653E-07
 7.81862582E-07
 7.80497637E-07
 7.79123277E-07
 7.77738950E-07
 7.76345821E-07
 7.74942910E-07
 7.73530089E-07
 7.70400084E-07
 7.65553648E-07
 7.60696910E-07
 7.55830177E-07
 7.50953765E-07
 7.46066641E-07
 7.41169567E-07
 7.36261953E-07
 7.31343655E-07
 7.26414986E-07
 7.21475802E-07
 7.16525957E-07
 7.11564840E-07
 7.06593230E-07
 7.01610506E-07
 6.96616513E-07
 6.91611094E-07
 6.86595036E-07
 6.81567233E-07
 6.76527514E-07
 6.71476194E-07
 6.66413105E-07
 6.61338556E-07
 6.56251901E-07
 6.51152952E-07
 6.46041538E-07
 6.40918459E-07
 6.35782049E-07
 6.30633614E-07
 6.25472466E-07
 6.20298414E-07
 6.15111266E-07
 6.09911329E-07
 6.04697897E-07
 5.99471276E-07
 5.94230746E-07
 5.88976611E-07
 5.83708658E-07
 5.78427198E-07
 5.73130960E-07
 5.67821304E-07
 5.62496415E-07
 5.57157119E-07
 5.51803192E-07
 5.46434394E-07
 5.41050481E-07
 5.35651209E-07
 5.30236881E-07
 5.24806683E-07
 5.19360362E-07
 5.13898769E-07
 5.08420518E-07
 5.02925894E-07
 4.97414627E-07
 4.91886424E-07
 4.86341578E-07
 4.80779223E-07
 4.75199637E-07
 4.69601931E-07
 4.63986975E-07
 4.58353278E-07
 4.52701098E-07
 4.47030712E-07
 4.41341190E-07
 4.35632190E-07
 4.29903969E-07
 4.24156177E-07
 4.18387840E-07
 4.12599819E-07
 6.22131981E-07
 6.18420943E-07
 6.14704506E-07
 6.10981931E-07
 6.07253741E-07
 6.03520474E-07
 5.99780742E-07
 5.96035720E-07
 5.92283990E-07
 5.88526746E-07
 5.84763214E-07
 5.80993274E-07
 5.77216794E-07
 5.73434326E-07
 5.69644381E-07
 5.65848185E-07
 5.62044919E-07
 5.58234434E-07
 5.54416589E-07
 5.50591230E-07
 5.46758905E-07
 5.42918761E-07
 5.39070626E-07
 5.35214337E-07
 5.31350447E-07
 5.27477324E-07
 5.23596245E-07
 5.19706293E-07
 5.15807283E-07
 5.11899000E-07
 5.07981252E-07
 5.04053819E-07
 5.00115720E-07
 4.96168262E-07
 4.92209666E-07
 4.88240471E-07
 4.84260419E-07
 4.80268478E-07
 4.76264361E-07
 4.72248587E-07
 4.68220066E-07
 4.64177684E-07
 4.60122739E-07
 4.56053278E-07
 4.51968949E-07
 4.47870216E-07
 4.43755882E-07
 4.39624694E-07
 4.35476238E-07
 7.25594984E-07
 7.54151809E-07
 7.73262266E-07
 7.87728839E-07
 7.99309183E-07
 8.08880489E-07
 8.16952263E-07
 6.05583675E-07
 6.10043909E-07
 6.14303079E-07
 6.18392091E-07
 6.22335660E-07
 6.26151951E-07
 6.29855116E-07
 6.33458990E-07
 6.36973065E-07
 6.40405302E-07
 6.43764030E-07
 6.47054881E-07
 6.50283775E-07
 6.53454828E-07
 6.56572306E-07
 6.59639688E-07
 6.62660019E-07
 6.65636523E-07
 6.68571489E-07
 6.71467286E-07
 6.74325851E-07
 6.77149240E-07
 6.79938438E-07
 6.82695657E-07
 6.85422048E-07
 6.88118794E-07
 6.90786002E-07
 6.93427311E-07
 6.96040581E-07
 6.98628356E-07
 7.01190927E-07
 7.03729787E-07
 7.06244033E-07
 7.08735833E-07
 7.11204988E-07
 7.13651182E-07
 7.16075512E-07
 7.18479031E-07
 7.20861545E-07
 7.23222875E-07
 7.25562795E-07
 7.27883163E-07
 7.30183122E-07
 7.32462510E-07
 7.34721824E-07
 7.36961602E-07
 7.39180990E-07
 7.41379733E-07
 7.43559174E-07
 7.45718352E-07
 7.47857068E-07
 7.49975072E-07
 7.52072136E-07
 7.54148835E-07
 7.56204056E-07
 7.58237524E-07
 7.60249732E-07
 7.62238660E-07
 7.64205600E-07
 7.66149363E-07
 7.68068485E-07
 7.69963380E-07
 7.71833482E-07
 7.69693497E-07
 7.65136195E-07
 7.60552034E-07
 7.55939289E-07
 7.51295961E-07
 7.46623033E-07
 7.41917362E-07
 7.37178668E-07
 7.32405578E-07
 7.27595410E-07
 7.22747621E-07
 7.17859566E-07
 7.12929824E-07
 7.07955292E-07
 7.02932737E-07
 6.97861543E-07
 6.92738484E-07
 6.87558470E-07
 6.82319317E-07
 6.77016920E-07
 6.71645241E-07
 6.66201918E-07
 6.60680012E-07
 6.55073544E-07
 6.49376679E-07
 6.43580329E-07
 6.37677195E-07
 6.31656652E-07
 6.25509829E-07
 6.19222068E-07
 6.12780619E-07
 8.22139854E-07
 8.18906527E-07
 8.14853934E-07
 8.09882708E-07
 8.03882115E-07
 7.96717024E-07
 7.88231195E-07
 7.78235342E-07
 2.43799802E-02
 7.47112480E-02
 1.25042516E-01
 1.75373784E-01
 2.70001624E-01
 3.98003673E-01
 5.73645167E-01
 0.00000000E+00
 0.00000000E+00
 0.00000000E+00
 0.00000000E+00
 0.00000000E+00
 0.00000000E+00
 0.00000000E+00
 0.00000000E+00
 0.00000000E+00
 0.00000000E+00
 0.00000000E+00
 0.00000000E+00
 0.00000000E+00
 0.00000000E+00
 0.00000000E+00
 0.00000000E+00
 6.31294118E-01
 4.25603930E-01
 2.97894334E-01
 1.77065658E-01
 1.30888789E-01
 8.46576403E-02
 3.83719094E-02
 9.89377502E-07
 5.85258176E-06
 9.23239015E-06
 1.11201420E-05
 1.15071074E-05
 1.03844862E-05
 7.74340774E-06
 3.57492959E-06
 4.13740962E-06
 1.51339492E-05
 2.45976192E-05
 3.25193081E-05
 3.88898299E-05
 4.36999236E-05
 4.69402524E-05
 4.86014027E-05
 4.86738834E-05
 4.71481250E-05
 4.40144792E-05
 3.92632172E-05
 3.28845299E-05
 2.48685260E-05
 1.52052319E-05
 3.88459051E-06
 1.21742778E-05
 2.84907119E-05
 4.31581093E-05
 5.61663001E-05
 6.75050277E-05
 7.71639485E-05
 8.51326310E-05
 9.14005544E-05
 9.59571078E-05
 9.87915895E-05
 9.98932056E-05
 9.92510691E-05
 9.68541992E-05
 9.26915195E-05
 8.67518578E-05
 7.95827974E-05
 8.79507107E-05
 9.45311950E-05
 9.93128263E-05
 1.02284080E-04
 1.03433331E-04
 1.02748848E-04
 1.00218801E-04
 9.58312499E-05
 8.95741510E-05
 8.14353520E-05
 7.14025922E-05
 5.94635004E-05
 4.56055944E-05
 2.98162791E-05
 1.20828455E-05
 6.54590098E-06
 2.26642448E-05
 3.68524456E-05
 4.90976586E-05
 5.93869210E-05
 6.77071511E-05
 7.40451461E-05
 7.83875813E-05
 8.07210082E-05
 8.10318534E-05
 7.93064169E-05
 7.55308704E-05
 6.96912562E-05
 6.17734851E-05
 5.17633354E-05
 3.96464507E-05
 4.58327885E-05
 5.79114270E-05
 6.78815571E-05
 7.57285444E-05
 8.14376145E-05
 8.49938505E-05
 8.63821920E-05
 8.55874326E-05
 8.25942186E-05
 7.73870468E-05
 6.99502629E-05
 6.02680595E-05
 4.83244740E-05
 3.41033869E-05
 1.75885195E-05
 1.32422615E-06
 2.11789085E-05
 3.87540911E-05
 5.40332755E-05
 6.69997975E-05
 7.76368256E-05
 8.59273587E-05
 9.18542235E-05
 9.54000728E-05
 9.65473829E-05
 9.52784513E-05
 9.15753943E-05
 8.54201447E-05
 7.67944496E-05
 6.56798672E-05
 5.20577651E-05
 4.96759108E-05
 6.49085229E-05
 7.76329402E-05
 8.78301410E-05
 9.54809030E-05
 1.00565801E-04
 1.03065205E-04
 1.02959275E-04
 1.00227960E-04
 9.48509956E-05
 8.68078982E-05
 7.60779653E-05
 6.26402705E-05
 4.64736606E-05
 2.75567530E-05
 5.86793191E-06
 1.58916370E-05
 3.46725536E-05
 5.06969388E-05
 6.39428174E-05
 7.43879704E-05
 8.20099318E-05
 8.67859843E-05
 8.86931564E-05
 8.77082183E-05
 8.38076781E-05
 7.69677783E-05
 6.71644913E-05
 5.43735162E-05
 3.85702740E-05
 1.97299039E-05
 2.29685358E-06
 2.50310632E-05
 4.47417132E-05
 6.14034694E-05
 7.49907012E-05
 8.54774775E-05
 9.28375619E-05
 9.70444081E-05
 9.80711551E-05
 9.58906224E-05
 9.04753050E-05
 8.17973685E-05
 6.98286435E-05
 5.45406211E-05
 3.59044467E-05
 1.38909154E-05
 3.19633770E-05
 1.07594019E-04
 1.86786220E-04
 2.69571414E-04
 3.55981422E-04
 4.46048462E-04
 5.39805151E-04
 5.93715778E-04
 1.69591838E-04
 7.27556512E-05
 2.40802217E-05
 1.21140035E-04
 1.24061271E-04
 8.58045247E-05
 4.75476902E-05
 9.29076821E-06
 2.43105388E-05
 5.42477215E-05
 8.49060619E-05
 1.29166804E-05
 8.51768892E-07
 8.36932482E-07
 1.04073996E-06
 1.04078988E-06
 1.02647218E-06
 1.01142576E-06
 9.96355844E-07
 9.81261863E-07
 9.66143902E-07
 9.51002049E-07
 9.35836061E-07
 9.22077645E-07
 9.18319476E-07
 9.14545588E-07
 9.10757312E-07
 9.06949689E-07
 9.03136516E-07
 8.99298438E-07
 8.95434506E-07
 8.91560729E-07
 8.87697823E-07
 8.83809284E-07
 8.79894144E-07
 8.75952468E-07
 8.71984674E-07
 8.67989774E-07
 8.63968187E-07
 8.58179717E-07
 8.50392850E-07
 8.42578050E-07
 8.34735735E-07
 8.26865605E-07
 8.18967711E-07
 8.11041386E-07
 8.03086305E-07
 7.95102888E-07
 7.87090448E-07
 7.79049025E-07
 7.70978669E-07
 7.62878671E-07
 9.70324537E-07
 9.66764886E-07
 9.63197673E-07
 9.61599475E-07
 9.60450628E-07
 9.59293575E-07
 9.58128603E-07
 9.56955617E-07
 9.55774528E-07
 9.54585629E-07
 9.53388431E-07
 9.52182839E-07
 9.50968754E-07
 9.49746865E-07
 9.48516280E-07
 9.47277299E-07
 9.46029410E-07
 9.44773725E-07
 9.43508927E-07
 9.42234898E-07
 9.40952763E-07
 9.39661178E-07
 9.38361274E-07
 9.37051693E-07
 9.35733570E-07
 9.34406377E-07
 9.33069576E-07
 9.31723467E-07
 9.30367935E-07
 9.29002855E-07
 9.27628535E-07
 9.26244423E-07
 9.24850828E-07
 9.23447185E-07
 9.20363557E-07
 9.15598937E-07
 9.10823878E-07
 9.06039125E-07
 9.01244110E-07
 8.96439133E-07
 8.91623164E-07
 8.86796961E-07
 8.81960382E-07
 8.77113284E-07
 8.72255067E-07
 8.67386032E-07
 8.62506503E-07
 8.57615860E-07
 8.52713481E-07
 8.47800615E-07
 8.42876165E-07
 8.37939967E-07
 8.32992333E-07
 8.28033576E-07
 8.23062576E-07
 8.18079637E-07
 8.13085074E-07
 8.08078225E-07
 8.03058913E-07
 7.98027449E-07
 7.92983652E-07
 7.87927340E-07
 7.82858322E-07
 7.77776410E-07
 7.72681410E-07
 7.67573630E-07
 7.62452368E-07
 7.57317927E-07
 7.52169590E-07
 7.47008180E-07
 7.41832452E-07
 7.36643230E-07
 7.31439776E-07
 7.26222392E-07
 7.20990330E-07
 7.15743352E-07
 7.10481759E-07
 7.05205857E-07
 6.99914873E-07
 6.94608011E-07
 6.89286114E-07
 6.83948933E-07
 6.78595662E-07
 6.73226590E-07
 6.67841458E-07
 6.62439993E-07
 6.57021351E-07
 6.51586388E-07
 6.46134824E-07
 6.40665792E-07
 6.35179579E-07
 6.29675304E-07
 6.24153821E-07
 6.18614242E-07
 6.13055657E-07
 6.07478920E-07
 6.01883110E-07
 5.96268491E-07
 5.90634723E-07
 5.84980847E-07
 5.79307119E-07
 5.73613786E-07
 5.67899250E-07
 7.79132469E-07
 7.75512385E-07
 7.71886183E-07
 7.68254387E-07
 7.64616896E-07
 7.60974236E-07
 7.57325019E-07
 7.53670422E-07
 7.50009681E-07
 7.46342018E-07
 7.42668632E-07
 7.38989402E-07
 7.35302872E-07
 7.31610247E-07
 7.27910725E-07
 7.24204167E-07
 7.20491119E-07
 7.16770062E-07
 7.13042226E-07
 7.09306774E-07
 7.05564246E-07
 7.01813782E-07
 6.98055227E-07
 6.94288394E-07
 6.90513119E-07
 6.86729951E-07
 6.82937970E-07
 6.79136994E-07
 6.75326832E-07
 6.71508021E-07
 6.67678858E-07
 6.63839885E-07
 6.59991632E-07
 6.56132357E-07
 6.52262581E-07
 6.48381282E-07
 6.44489772E-07
 6.40586226E-07
 6.36670350E-07
 6.32741872E-07
 6.28801286E-07
 6.24847497E-07
 6.20879360E-07
 6.16898186E-07
 6.12901146E-07
 6.08889538E-07
 6.04862148E-07
 6.00817729E-07
 5.96756709E-07
 8.85142580E-07
 9.15839098E-07
 9.35931288E-07
 9.51032460E-07
 9.63088060E-07
 9.73044126E-07
 9.81441895E-07
 7.69092869E-07
 7.73368930E-07
 7.77439384E-07
 7.81334929E-07
 7.85081095E-07
 7.88696830E-07
 7.92197169E-07
 7.95595847E-07
 7.98903273E-07
 8.02128338E-07
 8.05277339E-07
 8.08356847E-07
 8.11373724E-07
 8.14332082E-07
 8.17235126E-07
 8.20088362E-07
 8.22893251E-07
 8.25654056E-07
 8.28372490E-07
 8.31051460E-07
 8.33691802E-07
 8.36297146E-07
 8.38867420E-07
 8.41405889E-07
 8.43912560E-07
 8.46388626E-07
 8.48836474E-07
 8.51256224E-07
 8.53649268E-07
 8.56015798E-07
 8.58356622E-07
 8.60673250E-07
 8.62966008E-07
 8.65234569E-07
 8.67480560E-07
 8.69704354E-07
 8.71906366E-07
 8.74085697E-07
 8.76244119E-07
 8.78381405E-07
 8.80497354E-07
 8.82593819E-07
 8.84668552E-07
 8.86723446E-07
 8.88757609E-07
 8.90771555E-07
 8.92765867E-07
 8.94739571E-07
 8.96693237E-07
 8.98625890E-07
 9.00538097E-07
 9.02430344E-07
 9.04300914E-07
 9.06150248E-07
 9.07978904E-07
 9.09784976E-07
 9.11568869E-07
 9.13331137E-07
 9.15069671E-07
 9.16784903E-07
 9.18476316E-07
 9.20142539E-07
 9.21783848E-07
 9.19828348E-07
 9.15703375E-07
 9.11550532E-07
 9.07369854E-07
 9.03158451E-07
 8.98916233E-07
 8.94641060E-07
 8.90332644E-07
 8.85989589E-07
 8.81610292E-07
 8.77191950E-07
 8.72732515E-07
 8.68230943E-07
 8.63684829E-07
 8.59091475E-07
 8.54447899E-07
 8.49750626E-07
 8.44997134E-07
 8.40184562E-07
 8.35306716E-07
 8.30361068E-07
 8.25341525E-07
 8.20243324E-07
 8.15059531E-07
 8.09784355E-07
 8.04409386E-07
 7.98926366E-07
 7.93325417E-07
 7.87595742E-07
 7.81725186E-07
 7.75698935E-07
 9.86534040E-07
 9.81392048E-07
 9.75422902E-07
 9.68530038E-07
 9.60597201E-07
 9.51492811E-07
 9.41055381E-07
 9.29096855E-07
 2.24024471E-02
 6.86507564E-02
 1.14899065E-01
 1.61147374E-01
 2.54028555E-01
 3.82044172E-01
 5.60211847E-01
 0.00000000E+00
 0.00000000E+00
 0.00000000E+00
 0.00000000E+00
 0.00000000E+00
 0.00000000E+00
 0.00000000E+00
 0.00000000E+00
 0.00000000E+00
 0.00000000E+00
 0.00000000E+00
 0.00000000E+00
 0.00000000E+00
 0.00000000E+00
 0.00000000E+00
 0.00000000E+00
 6.19222063E-01
 4.09617193E-01
 2.81898903E-01
 1.61412856E-01
 1.19318256E-01
 7.71740463E-02
 3.49799507E-02
 9.89914813E-07
 5.85292316E-06
 9.23259589E-06
 1.11202730E-05
 1.15072250E-05
 1.03846525E-05
 7.74368538E-06
 3.57538192E-06
 4.13783743E-06
 1.51339138E-05
 2.45971844E-05
 3.25185383E-05
 3.88887903E-05
 4.36986800E-05
 4.69388713E-05
 4.85999512E-05
 4.86724293E-05
 4.71467369E-05
 4.40132263E-05
 3.92621695E-05
 3.28837580E-05
 2.48681014E-05
 1.52052267E-05
 3.88507770E-06
 1.18697018E-05
 2.77417538E-05
 4.19642835E-05
 5.45271181E-05
 6.54199988E-05
 7.46325793E-05
 8.21544255E-05
 8.79750141E-05
 9.20837315E-05
 9.44698734E-05
 9.51226433E-05
 9.40311516E-05
 9.11844146E-05
 8.65713534E-05
 8.01807929E-05
 7.25882540E-05
 8.13989154E-05
 8.84228045E-05
 9.36485018E-05
 9.70644873E-05
 9.86591393E-05
 9.84207335E-05
 9.63374415E-05
 9.23973298E-05
 8.65883586E-05
 7.88983806E-05
 6.93151396E-05
 5.78262695E-05
 4.44192928E-05
 2.90816192E-05
 1.18005448E-05
 6.74193741E-06
 2.33815021E-05
 3.80917490E-05
 5.08598392E-05
 6.16728158E-05
 7.05176026E-05
 7.73810030E-05
 8.22496980E-05
 8.51102454E-05
 8.59490776E-05
 8.47525007E-05
 8.15066927E-05
 7.61977021E-05
 6.88114462E-05
 5.93337093E-05
 4.77501417E-05
 5.37112909E-05
 6.52671563E-05
 7.47138700E-05
 8.20367942E-05
 8.72211507E-05
 9.02520190E-05
 9.11143349E-05
 8.97928885E-05
 8.62723222E-05
 8.05371292E-05
 7.25716513E-05
 6.23600774E-05
 4.98864410E-05
 3.51346187E-05
 1.80883281E-05
 1.36394600E-06
 2.18391946E-05
 4.00360443E-05
 5.59380047E-05
 6.95284202E-05
 8.07904677E-05
 8.97071544E-05
 9.62613158E-05
 1.00435613E-04
 1.02212532E-04
 1.01574379E-04
 9.85032782E-05
 9.29811726E-05
 8.49898181E-05
 7.45107822E-05
 6.15254420E-05
 5.92694953E-05
 7.38793581E-05
 8.59801708E-05
 9.55529067E-05
 1.02578338E-04
 1.07037036E-04
 1.08909362E-04
 1.08175474E-04
 1.04815315E-04
 9.88086136E-05
 9.01348825E-05
 7.87734134E-05
 6.47032742E-05
 4.79033064E-05
 2.83521217E-05
 6.02809884E-06
 1.58917909E-05
 3.46714416E-05
 5.06947432E-05
 6.39397231E-05
 7.43841649E-05
 8.20056052E-05
 8.67813295E-05
 8.86883690E-05
 8.77034966E-05
 8.38032234E-05
 7.69637946E-05
 6.71611857E-05
 5.43710987E-05
 3.85689578E-05
 1.97299051E-05
 2.29807116E-06
 2.50306179E-05
 4.47398213E-05
 6.14003502E-05
 7.49865775E-05
 8.54725752E-05
 9.28321105E-05
 9.70386404E-05
 9.80653075E-05
 9.58849349E-05
 9.04700212E-05
 8.17927356E-05
 6.98249128E-05
 5.45380473E-05
 3.59032889E-05
 1.38914363E-05
 2.86453749E-05
 9.66844909E-05
 1.68269566E-04
 2.43431905E-04
 3.22203200E-04
 4.04615534E-04
 4.90701393E-04
 5.80493665E-04
 2.16412380E-04
 1.09227985E-04
 2.24610139E-06
 1.04954926E-04
 1.13313600E-04
 7.84308485E-05
 4.35480096E-05
 8.66508225E-06
 2.55957526E-05
 5.70341681E-05
 8.92298824E-05
 1.36341600E-05
 9.65750914E-07
 9.51254893E-07
 1.15523518E-06
 1.15571941E-06
 1.14111666E-06
 1.12574958E-06
 1.11035874E-06
 1.09494390E-06
 1.07950514E-06
 1.06404190E-06
 1.04855425E-06
 1.03451991E-06
 1.03080507E-06
 1.02707536E-06
 1.02333150E-06
 1.01956796E-06
 1.01580060E-06
 1.01200737E-06
 1.00818800E-06
 1.00435962E-06
 1.00054402E-06
 9.96701786E-07
 9.92833353E-07
 9.88938432E-07
 9.85016742E-07
 9.81067994E-07
 9.77092247E-07
 9.71262141E-07
 9.63334884E-07
 9.55379382E-07
 9.47396046E-07
 9.39384935E-07
 9.31345373E-07
 9.23277410E-07
 9.15180732E-07
 9.07055386E-07
 8.98900679E-07
 8.90716650E-07
 8.82503342E-07
 8.74260046E-07
 1.08270586E-06
 1.07903607E-06
 1.07535786E-06
 1.07374880E-06
 1.07261109E-06
 1.07146507E-06
 1.07031141E-06
 1.06914963E-06
 1.06797925E-06
 1.06680134E-06
 1.06561503E-06
 1.06442022E-06
 1.06321719E-06
 1.06200585E-06
 1.06078611E-06
 1.05955746E-06
 1.05832018E-06
 1.05707459E-06
 1.05582017E-06
 1.05455682E-06
 1.05328442E-06
 1.05200328E-06
 1.05071286E-06
 1.04941348E-06
 1.04810543E-06
 1.04678735E-06
 1.04546037E-06
 1.04412396E-06
 1.04277799E-06
 1.04142278E-06
 1.04005777E-06
 1.03868327E-06
 1.03729872E-06
 1.03590398E-06
 1.03286559E-06
 1.02818296E-06
 1.02348975E-06
 1.01878716E-06
 1.01407371E-06
 1.00934972E-06
 1.00461548E-06
 9.99870864E-07
 9.95115727E-07
 9.90349467E-07
 9.85572392E-07
 9.80784349E-07
 9.75985655E-07
 9.71175691E-07
 9.66354301E-07
 9.61521796E-07
 9.56678020E-07
 9.51822335E-07
 9.46955525E-07
 9.42076474E-07
 9.37185969E-07
 9.32282877E-07
 9.27367988E-07
 9.22441129E-07
 9.17502123E-07
 9.12550300E-07
 9.07585966E-07
 9.02608933E-07
 8.97619013E-07
 8.92616519E-07
 8.87600749E-07
 8.82571504E-07
 8.77529604E-07
 8.72473312E-07
 8.67403956E-07
 8.62320813E-07
 8.57224193E-07
 8.52112837E-07
 8.46987566E-07
 8.41847633E-07
 8.36693869E-07
 8.31524982E-07
 8.26341274E-07
 8.21142498E-07
 8.15928961E-07
 8.10699329E-07
 8.05454983E-07
 8.00194580E-07
 7.94917857E-07
 7.89625654E-07
 7.84317157E-07
 7.78992092E-07
 7.73650178E-07
 7.68291702E-07
 7.62915810E-07
 7.57522773E-07
 7.52112303E-07
 7.46684098E-07
 7.41237847E-07
 7.35773233E-07
 7.30290533E-07
 7.24788226E-07
 7.19267769E-07
 7.13727628E-07
 7.08168060E-07
 7.02588705E-07
 6.96989214E-07
 6.91369212E-07
 9.02199015E-07
 8.98674335E-07
 8.95144810E-07
 8.91609078E-07
 8.88068300E-07
 8.84521740E-07
 8.80969283E-07
 8.77410821E-07
 8.73846242E-07
 8.70275420E-07
 8.66698896E-07
 8.63115896E-07
 8.59526292E-07
 8.55929950E-07
 8.52327414E-07
 8.48717884E-07
 8.45101214E-07
 8.41477947E-07
 8.37847259E-07
 8.34208992E-07
 8.30563693E-07
 8.26910513E-07
 8.23249284E-07
 8.19579838E-07
 8.15902719E-07
 8.12217042E-07
 8.08523349E-07
 8.04819997E-07
 8.01108261E-07
 7.97387206E-07
 7.93656626E-07
 7.89917074E-07
 7.86166823E-07
 7.82406390E-07
 7.78636327E-07
 7.74854860E-07
 7.71062510E-07
 7.67259023E-07
 7.63443335E-07
 7.59615180E-07
 7.55775868E-07
 7.51922693E-07
 7.48056147E-07
 7.44175905E-07
 7.40281644E-07
 7.36373006E-07
 7.32447956E-07
 7.28507791E-07
 7.24550417E-07
 7.20576268E-07
 1.00676633E-06
 1.03993348E-06
 1.06107663E-06
 1.07684368E-06
 1.08938992E-06
 1.09973943E-06
 1.10847219E-06
 8.95149740E-07
 8.99243739E-07
 9.03124820E-07
 9.06828157E-07
 9.10377214E-07
 9.13792741E-07
 9.17091558E-07
 9.20285402E-07
 9.23386542E-07
 9.26402839E-07
 9.29342477E-07
 9.32212016E-07
 9.35017300E-07
 9.37762349E-07
 9.40452407E-07
 9.43090863E-07
 9.45680233E-07
 9.48225228E-07
 9.50726496E-07
 9.53187996E-07
 9.55611631E-07
 9.57998315E-07
 9.60350095E-07
 9.62669157E-07
 9.64956604E-07
 9.67213635E-07
 9.69440276E-07
 9.71640175E-07
 9.73811119E-07
 9.75956891E-07
 9.78076491E-07
 9.80171441E-07
 9.82241377E-07
 9.84287222E-07
 9.86311252E-07
 9.88311897E-07
 9.90289574E-07
 9.92245966E-07
 9.94181513E-07
 9.96094007E-07
 9.97986580E-07
 9.99858394E-07
 1.00170852E-06
 1.00353885E-06
 1.00534780E-06
 1.00713657E-06
 1.00890498E-06
 1.01065282E-06
 1.01238065E-06
 1.01408746E-06
 1.01577384E-06
 1.01743873E-06
 1.01908347E-06
 1.02070619E-06
 1.02230658E-06
 1.02388596E-06
 1.02544317E-06
 1.02697700E-06
 1.02848792E-06
 1.02997453E-06
 1.03143727E-06
 1.03287563E-06
 1.03428715E-06
 1.03251608E-06
 1.02882356E-06
 1.02510295E-06
 1.02135343E-06
 1.01757396E-06
 1.01376254E-06
 1.00991897E-06
 1.00604090E-06
 1.00212790E-06
 9.98177284E-07
 9.94189539E-07
 9.90159280E-07
 9.86086509E-07
 9.81968878E-07
 9.77803563E-07
 9.73587500E-07
 9.69317314E-07
 9.64990314E-07
 9.60603706E-07
 9.56151877E-07
 9.51630761E-07
 9.47035679E-07
 9.42361151E-07
 9.37600113E-07
 9.32746597E-07
 9.27792171E-07
 9.22729937E-07
 9.17547653E-07
 9.12235875E-07
 9.06782337E-07
 9.01172138E-07
 8.97456720E-07
 1.10644273E-06
 1.09855767E-06
 1.08974082E-06
 1.07987643E-06
 1.06883009E-06
 1.05644041E-06
 1.04251740E-06
 2.04244616E-02
 6.25889557E-02
 1.04753449E-01
 1.46917943E-01
 2.38052099E-01
 3.66081292E-01
 5.46775687E-01
 0.00000000E+00
 0.00000000E+00
 0.00000000E+00
 0.00000000E+00
 0.00000000E+00
 0.00000000E+00
 0.00000000E+00
 0.00000000E+00
 0.00000000E+00
 0.00000000E+00
 0.00000000E+00
 0.00000000E+00
 0.00000000E+00
 0.00000000E+00
 0.00000000E+00
 0.00000000E+00
 6.07150099E-01
 3.93630576E-01
 2.65903593E-01
 1.45760174E-01
 1.07747811E-01
 6.96905092E-02
 3.15880178E-02
 9.90258515E-07
 5.85306993E-06
 9.23260597E-06
 1.11202072E-05
 1.15071448E-05
 1.03846199E-05
 7.74376311E-06
 3.57563326E-06
 4.13806316E-06
 1.51336752E-05
 2.45965453E-05
 3.25175631E-05
 3.88875442E-05
 4.36972288E-05
 4.69372814E-05
 4.85982897E-05
 4.86707641E-05
 4.71451366E-05
 4.40117600E-05
 3.92609072E-05
 3.28827703E-05
 2.48674597E-05
 1.52050033E-05
 3.88534533E-06
 1.15649075E-05
 2.69925799E-05
 4.07702443E-05
 5.28877253E-05
 6.33347616E-05
 7.21010044E-05
 7.91760169E-05
 8.45492732E-05
 8.82101572E-05
 9.01479620E-05
 9.03518884E-05
 8.88110440E-05
 8.55144426E-05
 8.04510026E-05
 7.36095462E-05
 6.55935312E-05
 7.48469356E-05
 8.23142244E-05
 8.79839825E-05
 9.18446943E-05
 9.38847427E-05
 9.40924077E-05
 9.24558658E-05
 8.89631879E-05
 8.36023390E-05
 7.63611765E-05
 6.72274488E-05
 5.61887947E-05
 4.32327414E-05
 2.83467038E-05
 1.15179828E-05
 6.93770646E-06
 2.40984854E-05
 3.93307718E-05
 5.26217326E-05
 6.39584165E-05
 7.33277534E-05
 8.07165522E-05
 8.61115002E-05
 8.94991609E-05
 9.08659730E-05
 9.01982486E-05
 8.74821720E-05
 8.27037977E-05
 7.58490495E-05
 6.69037180E-05
 5.58534600E-05
 6.15894206E-05
 7.26225159E-05
 8.15458163E-05
 8.83446804E-05
 9.30043262E-05
 9.55098299E-05
 9.58461233E-05
 9.39979930E-05
 8.99500776E-05
 8.36868666E-05
 7.51926980E-05
 6.44517568E-05
 5.14480728E-05
 3.61655186E-05
 1.85878080E-05
 1.40333979E-06
 2.24991458E-05
 4.13176536E-05
 5.78423810E-05
 7.20566809E-05
 8.39437384E-05
 9.34865694E-05
 1.00668018E-04
 1.05470754E-04
 1.07877272E-04
 1.07869887E-04
 1.05430733E-04
 1.00541762E-04
 9.31847378E-05
 8.33412383E-05
 7.09926497E-05
 6.88626059E-05
 8.28497233E-05
 9.43269354E-05
 1.03275210E-04
 1.09675316E-04
 1.13507816E-04
 1.14753070E-04
 1.13391228E-04
 1.09402228E-04
 1.02765794E-04
 9.34614341E-05
 8.14684330E-05
 6.67658538E-05
 4.93325325E-05
 2.91470753E-05
 6.18785512E-06
 1.58915328E-05
 3.46699145E-05
 5.06921293E-05
 6.39362072E-05
 7.43799345E-05
 8.20008503E-05
 8.67762430E-05
 8.86831463E-05
 8.76983361E-05
 8.37983263E-05
 7.69593650E-05
 6.71574306E-05
 5.43682281E-05
 3.85671846E-05
 1.97294455E-05
 2.29882417E-06
 2.50297042E-05
 4.47374571E-05
 6.13967548E-05
 7.49819735E-05
 8.54671886E-05
 9.28261707E-05
 9.70323801E-05
 9.80589631E-05
 9.58787463E-05
 9.04642320E-05
 8.17875930E-05
 6.98206678E-05
 5.45349549E-05
 3.59016078E-05
 1.38914293E-05
 2.53279526E-05
 8.57756563E-05
 1.49753721E-04
 2.17293323E-04
 2.88426022E-04
 3.63183770E-04
 4.41598919E-04
 5.23704223E-04
 2.63055244E-04
 1.45745424E-04
 2.86153930E-05
 8.85143227E-05
 1.02526175E-04
 7.10181279E-05
 3.95099918E-05
 8.00176745E-06
 2.68437393E-05
 5.97837036E-05
 9.35171158E-05
 1.43142901E-05
 1.04225565E-06
 1.02809882E-06
 1.23223940E-06
 1.23315729E-06
 1.21826931E-06
 1.20258105E-06
 1.18686942E-06
 1.17113320E-06
 1.15537280E-06
 1.13958797E-06
 1.12377880E-06
 1.10946803E-06
 1.10579673E-06
 1.10211074E-06
 1.09841085E-06
 1.09469159E-06
 1.09096857E-06
 1.08722041E-06
 1.08344582E-06
 1.07966236E-06
 1.07589358E-06
 1.07209788E-06
 1.06827602E-06
 1.06442702E-06
 1.06055166E-06
 1.05664821E-06
 1.05271817E-06
 1.04684663E-06
 1.03877809E-06
 1.03068170E-06
 1.02255716E-06
 1.01440452E-06
 1.00622310E-06
 9.98013317E-07
 9.89774484E-07
 9.81506648E-07
 9.73209108E-07
 9.64882650E-07
 9.56526194E-07
 9.48139778E-07
 1.15758948E-06
 1.15380859E-06
 1.15002032E-06
 1.14839943E-06
 1.14727268E-06
 1.14613788E-06
 1.14499534E-06
 1.14384419E-06
 1.14268511E-06
 1.14151800E-06
 1.14034238E-06
 1.13915854E-06
 1.13796599E-06
 1.13676541E-06
 1.13555590E-06
 1.13433777E-06
 1.13311091E-06
 1.13187521E-06
 1.13063138E-06
 1.12937808E-06
 1.12811603E-06
 1.12684429E-06
 1.12556440E-06
 1.12427458E-06
 1.12297598E-06
 1.12166805E-06
 1.12035068E-06
 1.11902375E-06
 1.11768757E-06
 1.11634115E-06
 1.11498566E-06
 1.11362011E-06
 1.11224437E-06
 1.11085919E-06
 1.10786624E-06
 1.10326539E-06
 1.09865382E-06
 1.09403228E-06
 1.08940063E-06
 1.08475829E-06
 1.08010556E-06
 1.07544186E-06
 1.07076793E-06
 1.06608274E-06
 1.06138703E-06
 1.05667975E-06
 1.05196166E-06
 1.04723260E-06
 1.04249197E-06
 1.03774006E-06
 1.03297624E-06
 1.02820130E-06
 1.02341412E-06
 1.01861548E-06
 1.01380475E-06
 1.00898221E-06
 1.00414723E-06
 9.99300106E-07
 9.94440170E-07
 9.89567726E-07
 9.84683086E-07
 9.79785569E-07
 9.74874983E-07
 9.69951133E-07
 9.65014323E-07
 9.60063848E-07
 9.55100525E-07
 9.50123127E-07
 9.45132469E-07
 9.40127831E-07
 9.35108996E-07
 9.30076262E-07
 9.25028888E-07
 9.19967169E-07
 9.14890882E-07
 9.09799794E-07
 9.04693666E-07
 8.99572257E-07
 8.94435866E-07
 8.89283699E-07
 8.84116050E-07
 8.78932665E-07
 8.73733283E-07
 8.68517640E-07
 8.63284903E-07
 8.58036479E-07
 8.52770968E-07
 8.47488651E-07
 8.42188669E-07
 8.36871297E-07
 8.31536235E-07
 8.26183757E-07
 8.20812393E-07
 8.15422990E-07
 8.10015229E-07
 8.04588188E-07
 7.99142127E-07
 7.93676706E-07
 7.88191576E-07
 7.82686383E-07
 7.77161371E-07
 9.87578072E-07
 9.84149792E-07
 9.80716681E-07
 9.77277389E-07
 9.73833068E-07
 9.70382344E-07
 9.66926385E-07
 9.63464440E-07
 9.59996400E-07
 9.56522147E-07
 9.53042211E-07
 9.49555826E-07
 9.46062871E-07
 9.42563205E-07
 9.39057375E-07
 9.35544585E-07
 9.32025362E-07
 9.28498219E-07
 9.24965063E-07
 9.21423683E-07
 9.17875306E-07
 9.14319095E-07
 9.10755585E-07
 9.07183917E-07
 9.03604631E-07
 9.00016842E-07
 8.96420379E-07
 8.92815775E-07
 8.89201387E-07
 8.85578487E-07
 8.81946885E-07
 8.78304886E-07
 8.74653777E-07
 8.70992590E-07
 8.67321104E-07
 8.63639070E-07
 8.59946261E-07
 8.56241648E-07
 8.52526529E-07
 8.48799071E-07
 8.45059792E-07
 8.41307604E-07
 8.37542191E-07
 8.33763247E-07
 8.29971277E-07
 8.26164288E-07
 8.22341922E-07
 8.18504639E-07
 8.14651225E-07
 8.10781276E-07
 8.06893506E-07
 1.09030327E-06
 1.12637866E-06
 1.14865391E-06
 1.16511717E-06
 1.17817215E-06
 1.18892657E-06
 1.19799976E-06
 9.83712761E-07
 9.87625049E-07
 9.91319934E-07
 9.94829580E-07
 9.98182907E-07
 1.00139961E-06
 1.00449640E-06
 1.00748587E-06
 1.01038022E-06
 1.01318919E-06
 1.01591998E-06
 1.01857908E-06
 1.02117225E-06
 1.02370448E-06
 1.02618104E-06
 1.02860527E-06
 1.03098017E-06
 1.03330886E-06
 1.03559462E-06
 1.03783867E-06
 1.04004402E-06
 1.04221260E-06
 1.04434650E-06
 1.04644676E-06
 1.04851446E-06
 1.05055075E-06
 1.05255799E-06
 1.05453631E-06
 1.05648700E-06
 1.05841145E-06
 1.06030929E-06
 1.06218197E-06
 1.06402976E-06
 1.06585423E-06
 1.06765508E-06
 1.06943267E-06
 1.07118737E-06
 1.07292021E-06
 1.07463098E-06
 1.07632076E-06
 1.07798801E-06
 1.07963592E-06
 1.08126151E-06
 1.08286594E-06
 1.08445045E-06
 1.08601485E-06
 1.08755746E-06
 1.08907952E-06
 1.09058160E-06
 1.09206268E-06
 1.09352256E-06
 1.09496095E-06
 1.09637840E-06
 1.09777379E-06
 1.09914764E-06
 1.10049961E-06
 1.10182940E-06
 1.10313492E-06
 1.10441827E-06
 1.10567729E-06
 1.10691148E-06
 1.10812026E-06
 1.10930399E-06
 1.10771665E-06
 1.10445682E-06
 1.10116781E-06
 1.09784969E-06
 1.09450146E-06
 1.09112105E-06
 1.08770828E-06
 1.08426186E-06
 1.08077922E-06
 1.07725872E-06
 1.07369962E-06
 1.07009880E-06
 1.06645512E-06
 1.06276622E-06
 1.05902800E-06
 1.05523978E-06
 1.05139694E-06
 1.04749681E-06
 1.04353641E-06
 1.03950943E-06
 1.03541323E-06
 1.03124292E-06
 1.02699165E-06
 1.02265282E-06
 1.01822209E-06
 1.01368926E-06
 1.00904578E-06
 1.00428331E-06
 9.99389673E-07
 9.94352610E-07
 9.89156951E-07
 9.85148905E-07
 1.19401885E-06
 1.18421716E-06
 1.17347434E-06
 1.16167737E-06
 1.14868804E-06
 1.13434471E-06
 1.11845527E-06
 1.84460233E-02
 5.65258447E-02
 9.46056656E-02
 1.32685486E-01
 2.22072254E-01
 3.50115030E-01
 5.33336580E-01
 0.00000000E+00
 0.00000000E+00
 0.00000000E+00
 0.00000000E+00
 0.00000000E+00
 0.00000000E+00
 0.00000000E+00
 0.00000000E+00
 0.00000000E+00
 0.00000000E+00
 0.00000000E+00
 0.00000000E+00
 0.00000000E+00
 0.00000000E+00
 0.00000000E+00
 0.00000000E+00
 5.95078225E-01
 3.77644080E-01
 2.49908403E-01
 1.30107609E-01
 9.61774535E-02
 6.22070288E-02
 2.81961106E-02
 9.90408627E-07
 5.85302209E-06
 9.23242039E-06
 1.11199447E-05
 1.15068668E-05
 1.03843885E-05
 7.74364095E-06
 3.57568362E-06
 4.13808684E-06
 1.51332334E-05
 2.45957019E-05
 3.25163826E-05
 3.88860916E-05
 4.36955699E-05
 4.69354827E-05
 4.85964183E-05
 4.86688878E-05
 4.71433239E-05
 4.40100802E-05
 3.92594302E-05
 3.28815668E-05
 2.48666010E-05
 1.52045615E-05
 3.88539341E-06
 1.12598949E-05
 2.62431902E-05
 3.95759918E-05
 5.12481218E-05
 6.12493162E-05
 6.95692237E-05
 7.61974051E-05
 8.11233317E-05
 8.43363850E-05
 8.58258553E-05
 8.55809407E-05
 8.35907464E-05
 7.98442833E-05
 7.43304672E-05
 6.70381175E-05
 5.85986290E-05
 6.82947713E-05
 7.62054546E-05
 8.23192683E-05
 8.66247011E-05
 8.91101406E-05
 8.97638712E-05
 8.85740740E-05
 8.55288245E-05
 8.06160924E-05
 7.38237396E-05
 6.51395197E-05
 5.45510759E-05
 4.20459405E-05
 2.76115331E-05
 1.12351595E-05
 7.13320815E-06
 2.48151947E-05
 4.05695141E-05
 5.43833388E-05
 6.62437233E-05
 7.61376033E-05
 8.40517938E-05
 8.99729878E-05
 9.38877548E-05
 9.57825397E-05
 9.56436607E-05
 9.34573082E-05
 8.92095430E-05
 8.28862951E-05
 7.44733617E-05
 6.39564058E-05
 6.94671778E-05
 7.99775059E-05
 8.83773960E-05
 9.46522029E-05
 9.87871412E-05
 1.00767283E-04
 1.00577557E-04
 9.82027463E-05
 9.36274849E-05
 8.68362590E-05
 7.78134029E-05
 6.65430977E-05
 5.30093693E-05
 3.71960866E-05
 1.90869594E-05
 1.44240759E-06
 2.31587621E-05
 4.25989190E-05
 5.97464045E-05
 7.45845795E-05
 8.70966379E-05
 9.72656039E-05
 1.05074330E-04
 1.10505496E-04
 1.13541603E-04
 1.14164977E-04
 1.12357760E-04
 1.08101912E-04
 1.01379209E-04
 9.21712354E-05
 8.04593881E-05
 7.84552427E-05
 9.18196186E-05
 1.02673234E-04
 1.10997052E-04
 1.16771835E-04
 1.19978143E-04
 1.20596328E-04
 1.18606536E-04
 1.13988700E-04
 1.06722538E-04
 9.67875529E-05
 8.41630242E-05
 6.88280094E-05
 5.07613391E-05
 2.99416137E-05
 6.34720080E-06
 1.58908629E-05
 3.46679723E-05
 5.06890971E-05
 6.39322697E-05
 7.43752792E-05
 8.19956672E-05
 8.67707247E-05
 8.86774885E-05
 8.76927370E-05
 8.37929871E-05
 7.69544896E-05
 6.71532260E-05
 5.43649043E-05
 3.85649545E-05
 1.97285253E-05
 2.29911266E-06
 2.50283222E-05
 4.47346206E-05
 6.13926832E-05
 7.49768894E-05
 8.54613179E-05
 9.28197426E-05
 9.70256275E-05
 9.80521222E-05
 9.58720569E-05
 9.04579376E-05
 8.17819408E-05
 6.98159088E-05
 5.45313439E-05
 3.58994034E-05
 1.38908944E-05
 2.20111101E-05
 7.48675154E-05
 1.31238685E-04
 1.91155666E-04
 2.54649887E-04
 3.21753170E-04
 3.92497731E-04
 4.66916189E-04
 3.09745169E-04
 1.82308014E-04
 5.50276980E-05
 7.22523020E-05
 9.16989566E-05
 6.35663206E-05
 3.54335961E-05
 7.30078228E-06
 2.80544579E-05
 6.24962878E-05
 9.77677218E-05
 1.49570305E-05
 1.08124158E-06
 1.06742372E-06
 1.27171118E-06
 1.27306241E-06
 1.25788905E-06
 1.24187979E-06
 1.22584657E-06
 1.20978882E-06
 1.19370662E-06
 1.17760006E-06
 1.16146854E-06
 1.14688085E-06
 1.14325301E-06
 1.13961066E-06
 1.13595432E-06
 1.13227893E-06
 1.12860084E-06
 1.12489663E-06
 1.12116673E-06
 1.11742811E-06
 1.11370572E-06
 1.10995646E-06
 1.10618038E-06
 1.10237757E-06
 1.09854737E-06
 1.09468984E-06
 1.09080505E-06
 1.08489124E-06
 1.07668163E-06
 1.06844386E-06
 1.06017761E-06
 1.05188293E-06
 1.04355987E-06
 1.03520739E-06
 1.02682662E-06
 1.01841577E-06
 1.00997562E-06
 1.00150583E-06
 9.93006071E-07
 9.84476003E-07
 1.19493320E-06
 1.19104179E-06
 1.18714253E-06
 1.18551006E-06
 1.18439448E-06
 1.18327077E-06
 1.18213882E-06
 1.18099931E-06
 1.17985060E-06
 1.17869415E-06
 1.17752946E-06
 1.17635605E-06
 1.17517420E-06
 1.17398382E-06
 1.17278480E-06
 1.17157704E-06
 1.17036044E-06
 1.16913528E-06
 1.16790105E-06
 1.16665765E-06
 1.16540579E-06
 1.16414453E-06
 1.16287375E-06
 1.16159417E-06
 1.16030484E-06
 1.15900648E-06
 1.15769855E-06
 1.15638093E-06
 1.15505392E-06
 1.15371698E-06
 1.15237040E-06
 1.15101406E-06
 1.14964782E-06
 1.14827158E-06
 1.14532346E-06
 1.14080423E-06
 1.13627457E-06
 1.13173480E-06
 1.12718433E-06
 1.12262347E-06
 1.11805163E-06
 1.11346911E-06
 1.10887622E-06
 1.10427237E-06
 1.09965694E-06
 1.09503116E-06
 1.09039395E-06
 1.08574516E-06
 1.08108462E-06
 1.07641312E-06
 1.07173001E-06
 1.06703515E-06
 1.06232835E-06
 1.05760946E-06
 1.05287877E-06
 1.04813564E-06
 1.04338036E-06
 1.03861277E-06
 1.03383268E-06
 1.02903990E-06
 1.02423426E-06
 1.01941605E-06
 1.01458408E-06
 1.00973967E-06
 1.00488160E-06
 1.00001019E-06
 9.95125227E-07
 9.90226504E-07
 9.85314329E-07
 9.80387451E-07
 9.75446691E-07
 9.70491830E-07
 9.65522643E-07
 9.60538908E-07
 9.55540394E-07
 9.50526331E-07
 9.45498081E-07
 9.40453799E-07
 9.35394847E-07
 9.30319360E-07
 9.25228705E-07
 9.20122087E-07
 9.14999239E-07
 9.09859895E-07
 9.04704338E-07
 8.99531738E-07
 8.94341796E-07
 8.89135372E-07
 8.83911602E-07
 8.78669620E-07
 8.73410269E-07
 8.68132660E-07
 8.62837073E-07
 8.57522597E-07
 8.52189492E-07
 8.46837432E-07
 8.41466079E-07
 8.36074483E-07
 8.30663495E-07
 8.25232765E-07
 8.19781320E-07
 1.03189795E-06
 1.02856107E-06
 1.02521803E-06
 1.02186935E-06
 1.01851554E-06
 1.01515589E-06
 1.01179027E-06
 1.00841857E-06
 1.00504069E-06
 1.00165714E-06
 9.98267174E-07
 9.94870655E-07
 9.91468784E-07
 9.88058784E-07
 9.84643187E-07
 9.81220523E-07
 9.77790656E-07
 9.74354121E-07
 9.70910094E-07
 9.67459116E-07
 9.64000347E-07
 9.60533625E-07
 9.57060201E-07
 9.53577797E-07
 9.50086937E-07
 9.46588891E-07
 9.43082053E-07
 9.39565496E-07
 9.36041230E-07
 9.32507589E-07
 9.28964382E-07
 9.25411395E-07
 9.21849159E-07
 9.18276714E-07
 9.14693065E-07
 9.11099499E-07
 9.07495012E-07
 9.03879355E-07
 9.00252269E-07
 8.96612697E-07
 8.92961135E-07
 8.89296519E-07
 8.85619327E-07
 8.81927627E-07
 8.78222730E-07
 8.74503474E-07
 8.70768669E-07
 8.67017942E-07
 8.63251746E-07
 8.59467975E-07
 8.55667058E-07
 1.13552709E-06
 1.17511500E-06
 1.19861523E-06
 1.21581029E-06
 1.22939119E-06
 1.24056203E-06
 1.03363274E-06
 1.03474132E-06
 1.03847421E-06
 1.04198154E-06
 1.04529987E-06
 1.04845705E-06
 1.05147451E-06
 1.05436981E-06
 1.05715547E-06
 1.05984460E-06
 1.06244587E-06
 1.06496740E-06
 1.06741664E-06
 1.06979831E-06
 1.07211840E-06
 1.07438106E-06
 1.07659119E-06
 1.07875069E-06
 1.08086373E-06
 1.08293302E-06
 1.08496089E-06
 1.08694861E-06
 1.08889983E-06
 1.09081432E-06
 1.09269538E-06
 1.09454291E-06
 1.09636036E-06
 1.09814720E-06
 1.09990528E-06
 1.10163531E-06
 1.10333805E-06
 1.10501369E-06
 1.10666492E-06
 1.10829077E-06
 1.10989278E-06
 1.11147067E-06
 1.11302537E-06
 1.11455665E-06
 1.11606684E-06
 1.11755369E-06
 1.11901900E-06
 1.12046249E-06
 1.12188534E-06
 1.12328663E-06
 1.12466682E-06
 1.12602573E-06
 1.12736452E-06
 1.12868232E-06
 1.12997815E-06
 1.13125396E-06
 1.13250880E-06
 1.13374243E-06
 1.13495459E-06
 1.13614499E-06
 1.13731415E-06
 1.13846092E-06
 1.13958498E-06
 1.14068680E-06
 1.14176510E-06
 1.14281950E-06
 1.14385035E-06
 1.14485629E-06
 1.14583674E-06
 1.14679111E-06
 1.14538887E-06
 1.14256026E-06
 1.13970428E-06
 1.13681805E-06
 1.13390060E-06
 1.13095276E-06
 1.12797028E-06
 1.12495391E-06
 1.12190209E-06
 1.11881111E-06
 1.11568117E-06
 1.11251037E-06
 1.10929516E-06
 1.10603433E-06
 1.10272495E-06
 1.09936397E-06
 1.09594904E-06
 1.09247501E-06
 1.08894006E-06
 1.08533935E-06
 1.08166858E-06
 1.07792157E-06
 1.07409412E-06
 1.07017821E-06
 1.06616925E-06
 1.06205712E-06
 1.05783465E-06
 1.05349085E-06
 1.04901537E-06
 1.04439455E-06
 1.03961401E-06
 1.03531201E-06
 1.24408020E-06
 1.23235951E-06
 1.21969140E-06
 1.20595922E-06
 1.19102615E-06
 1.17472758E-06
 1.15687077E-06
 1.64671318E-02
 5.04614224E-02
 8.44557123E-02
 1.18450001E-01
 2.06089017E-01
 3.34145384E-01
 5.19894724E-01
 0.00000000E+00
 0.00000000E+00
 0.00000000E+00
 0.00000000E+00
 0.00000000E+00
 0.00000000E+00
 0.00000000E+00
 0.00000000E+00
 0.00000000E+00
 0.00000000E+00
 0.00000000E+00
 0.00000000E+00
 0.00000000E+00
 0.00000000E+00
 0.00000000E+00
 0.00000000E+00
 5.83006441E-01
 3.61657703E-01
 2.33913333E-01
 1.14455163E-01
 8.46071836E-02
 5.47236052E-02
 2.48042291E-02
 9.90365173E-07
 5.85277965E-06
 9.23203919E-06
 1.11194855E-05
 1.15063911E-05
 1.03839584E-05
 7.74331894E-06
 3.57553305E-06
 4.13790848E-06
 1.51325885E-05
 2.45946543E-05
 3.25149967E-05
 3.88844326E-05
 4.36937035E-05
 4.69334753E-05
 4.85943370E-05
 4.86668005E-05
 4.71412991E-05
 4.40081870E-05
 3.92577386E-05
 3.28801474E-05
 2.48655252E-05
 1.52039015E-05
 3.88522196E-06
 1.09546641E-05
 2.54935848E-05
 3.83815260E-05
 4.96083074E-05
 5.91636625E-05
 6.70372374E-05
 7.32185902E-05
 7.76971897E-05
 8.04624148E-05
 8.15035532E-05
 8.08098004E-05
 7.83702588E-05
 7.41739367E-05
 6.82097472E-05
 6.04665070E-05
 5.16035475E-05
 6.17424225E-05
 7.00964952E-05
 7.66543592E-05
 8.14045079E-05
 8.43353331E-05
 8.54351240E-05
 8.46920660E-05
 8.20942394E-05
 7.76296186E-05
 7.12860702E-05
 6.30513523E-05
 5.29131132E-05
 4.08588899E-05
 2.68761069E-05
 1.09520750E-05
 7.32844251E-06
 2.55316302E-05
 4.18079759E-05
 5.61446578E-05
 6.85287362E-05
 7.89471526E-05
 8.73867278E-05
 9.38341608E-05
 9.82760273E-05
 1.00698778E-04
 1.01088737E-04
 9.94321014E-05
 9.57149381E-05
 8.99231832E-05
 8.20426403E-05
 7.20589790E-05
 7.73445624E-05
 8.73321264E-05
 9.52086091E-05
 1.00959362E-04
 1.04569596E-04
 1.06024379E-04
 1.05308637E-04
 1.02407148E-04
 9.73045441E-05
 8.99853066E-05
 8.04337661E-05
 6.86341001E-05
 5.45703306E-05
 3.82263227E-05
 1.95857822E-05
 1.48114943E-06
 2.38180436E-05
 4.38798407E-05
 6.16500752E-05
 7.71121162E-05
 9.02491661E-05
 1.01044258E-04
 1.09480252E-04
 1.15539838E-04
 1.19205525E-04
 1.20459647E-04
 1.19284357E-04
 1.15661624E-04
 1.09573231E-04
 1.01000774E-04
 8.99256574E-05
 8.80474057E-05
 1.00789044E-04
 1.11019067E-04
 1.18718432E-04
 1.23867897E-04
 1.26448015E-04
 1.26439136E-04
 1.23821398E-04
 1.18574730E-04
 1.10678845E-04
 1.00113239E-04
 8.68571871E-05
 7.08897411E-05
 5.21897261E-05
 3.07357371E-05
 6.50613595E-06
 1.58897812E-05
 3.46656152E-05
 5.06856466E-05
 6.39279107E-05
 7.43701990E-05
 8.19900558E-05
 8.67647749E-05
 8.86713956E-05
 8.76866994E-05
 8.37872057E-05
 7.69491685E-05
 6.71485721E-05
 5.43611274E-05
 3.85622677E-05
 1.97271445E-05
 2.29893672E-06
 2.50264719E-05
 4.47313120E-05
 6.13881356E-05
 7.49713252E-05
 8.54549630E-05
 9.28128263E-05
 9.70183825E-05
 9.80447846E-05
 9.58648666E-05
 9.04511380E-05
 8.17757791E-05
 6.98106358E-05
 5.45272143E-05
 3.58966760E-05
 1.38898318E-05
 1.86948474E-05
 6.39600679E-05
 1.12724458E-04
 1.65018934E-04
 2.20874796E-04
 2.80323733E-04
 3.43397827E-04
 4.10129563E-04
 3.56482201E-04
 2.18915802E-04
 8.14830614E-05
 5.59493627E-05
 8.08318999E-05
 5.60753846E-05
 3.13187802E-05
 6.56208623E-06
 2.92278681E-05
 6.51718798E-05
 1.01981660E-04
 1.55623395E-05
 1.08266818E-06
 1.06918880E-06
 1.27360945E-06
 1.27539439E-06
 1.25993490E-06
 1.24360420E-06
 1.22724895E-06
 1.21086955E-06
 1.19446511E-06
 1.17803635E-06
 1.16158237E-06
 1.14671799E-06
 1.14313289E-06
 1.13953347E-06
 1.13592097E-06
 1.13228906E-06
 1.12865550E-06
 1.12499555E-06
 1.12130926E-06
 1.11761542E-06
 1.11393902E-06
 1.11023579E-06
 1.10650615E-06
 1.10274841E-06
 1.09896402E-06
 1.09515165E-06
 1.09131170E-06
 1.08535554E-06
 1.07700405E-06
 1.06862479E-06
 1.06021673E-06
 1.05177991E-06
 1.04331437E-06
 1.03481944E-06
 1.02629553E-06
 1.01774193E-06
 1.00915868E-06
 1.00054508E-06
 9.91901527E-07
 9.83227687E-07
 1.19469640E-06
 1.19069435E-06
 1.18668396E-06
 1.18503979E-06
 1.18393530E-06
 1.18282257E-06
 1.18170149E-06
 1.18057235E-06
 1.17943508E-06
 1.17828916E-06
 1.17713451E-06
 1.17597181E-06
 1.17480017E-06
 1.17362028E-06
 1.17243163E-06
 1.17123413E-06
 1.17002766E-06
 1.16881252E-06
 1.16758820E-06
 1.16635499E-06
 1.16511278E-06
 1.16386105E-06
 1.16260050E-06
 1.16133021E-06
 1.16005045E-06
 1.15876153E-06
 1.15746292E-06
 1.15615491E-06
 1.15483695E-06
 1.15350935E-06
 1.15217155E-06
 1.15082429E-06
 1.14946657E-06
 1.14809912E-06
 1.14519659E-06
 1.14075885E-06
 1.13631054E-06
 1.13185241E-06
 1.12738300E-06
 1.12290350E-06
 1.11841287E-06
 1.11391186E-06
 1.10939943E-06
 1.10487679E-06
 1.10034196E-06
 1.09579662E-06
 1.09123970E-06
 1.08667196E-06
 1.08209233E-06
 1.07750062E-06
 1.07289763E-06
 1.06828270E-06
 1.06365615E-06
 1.05901733E-06
 1.05436607E-06
 1.04970267E-06
 1.04502745E-06
 1.04033924E-06
 1.03563835E-06
 1.03092460E-06
 1.02619828E-06
 1.02145872E-06
 1.01670622E-06
 1.01194059E-06
 1.00716111E-06
 1.00236860E-06
 9.97561829E-07
 9.92741616E-07
 9.87907234E-07
 9.83058988E-07
 9.78196655E-07
 9.73319495E-07
 9.68428326E-07
 9.63521874E-07
 9.58600422E-07
 9.53664272E-07
 9.48712647E-07
 9.43746380E-07
 9.38764148E-07
 9.33765692E-07
 9.28751845E-07
 9.23721802E-07
 9.18675296E-07
 9.13612614E-07
 9.08532920E-07
 9.03436498E-07
 8.98322496E-07
 8.93191758E-07
 8.88043427E-07
 8.82877200E-07
 8.77693349E-07
 8.72490987E-07
 8.67269786E-07
 8.62030606E-07
 8.56771939E-07
 8.51494635E-07
 8.46197161E-07
 8.40880362E-07
 8.35543289E-07
 8.30186181E-07
 1.04187776E-06
 1.03863639E-06
 1.03538949E-06
 1.03213758E-06
 1.02887995E-06
 1.02561648E-06
 1.02234706E-06
 1.01907160E-06
 1.01579060E-06
 1.01250332E-06
 1.00921029E-06
 1.00591074E-06
 1.00260455E-06
 9.99291583E-07
 9.95972376E-07
 9.92646809E-07
 9.89314070E-07
 9.85974023E-07
 9.82627199E-07
 9.79272779E-07
 9.75911297E-07
 9.72542608E-07
 9.69165860E-07
 9.65780885E-07
 9.62388227E-07
 9.58987003E-07
 9.55577749E-07
 9.52160305E-07
 9.48733023E-07
 9.45297163E-07
 9.41852548E-07
 9.38398232E-07
 9.34934750E-07
 9.31460395E-07
 9.27976438E-07
 9.24481910E-07
 9.20976555E-07
 9.17460909E-07
 9.13933179E-07
 9.10393865E-07
 9.06842699E-07
 9.03278606E-07
 8.99702081E-07
 8.96112030E-07
 8.92508938E-07
 8.88890842E-07
 8.85258206E-07
 8.81611527E-07
 8.77947909E-07
 8.74267793E-07
 8.70571628E-07
 8.66856404E-07
 1.14208289E-06
 1.18608035E-06
 1.21091186E-06
 1.22887771E-06
 1.24300534E-06
 1.25460417E-06
 1.04701318E-06
 1.04819391E-06
 1.05174703E-06
 1.05506923E-06
 1.05819686E-06
 1.06115852E-06
 1.06397834E-06
 1.06667186E-06
 1.06925439E-06
 1.07173799E-06
 1.07413225E-06
 1.07644423E-06
 1.07868333E-06
 1.08085424E-06
 1.08296189E-06
 1.08501142E-06
 1.08700717E-06
 1.08895258E-06
 1.09085025E-06
 1.09270280E-06
 1.09451309E-06
 1.09628403E-06
 1.09801647E-06
 1.09971241E-06
 1.10137509E-06
 1.10300333E-06
 1.10460051E-06
 1.10616783E-06
 1.10770538E-06
 1.10921447E-06
 1.11069520E-06
 1.11215018E-06
 1.11357966E-06
 1.11498268E-06
 1.11636193E-06
 1.11771781E-06
 1.11904937E-06
 1.12035757E-06
 1.12164347E-06
 1.12290679E-06
 1.12414863E-06
 1.12536807E-06
 1.12656555E-06
 1.12774290E-06
 1.12889785E-06
 1.13003223E-06
 1.13114515E-06
 1.13223705E-06
 1.13330775E-06
 1.13435773E-06
 1.13538600E-06
 1.13639306E-06
 1.13737864E-06
 1.13834247E-06
 1.13928421E-06
 1.14020356E-06
 1.14110099E-06
 1.14197444E-06
 1.14282521E-06
 1.14365199E-06
 1.14445431E-06
 1.14523160E-06
 1.14598334E-06
 1.14670793E-06
 1.14549044E-06
 1.14309475E-06
 1.14067053E-06
 1.13821594E-06
 1.13573088E-06
 1.13321324E-06
 1.13066284E-06
 1.12807722E-06
 1.12545493E-06
 1.12279527E-06
 1.12009418E-06
 1.11735300E-06
 1.11456714E-06
 1.11173400E-06
 1.10885313E-06
 1.10592010E-06
 1.10293147E-06
 1.09988443E-06
 1.09677590E-06
 1.09360082E-06
 1.09035438E-06
 1.08703231E-06
 1.08362741E-06
 1.08013460E-06
 1.07654702E-06
 1.07285654E-06
 1.06905441E-06
 1.06512873E-06
 1.06107144E-06
 1.05686704E-06
 1.05250279E-06
 1.04790499E-06
 1.25658419E-06
 1.24294355E-06
 1.22834799E-06
 1.21268056E-06
 1.19580259E-06
 1.17754831E-06
 1.15772282E-06
 1.44877866E-02
 4.43956876E-02
 7.43035875E-02
 1.04211486E-01
 1.90102385E-01
 3.18172351E-01
 5.06450020E-01
 0.00000000E+00
 0.00000000E+00
 0.00000000E+00
 0.00000000E+00
 0.00000000E+00
 0.00000000E+00
 0.00000000E+00
 0.00000000E+00
 0.00000000E+00
 0.00000000E+00
 0.00000000E+00
 0.00000000E+00
 0.00000000E+00
 0.00000000E+00
 0.00000000E+00
 0.00000000E+00
 5.70934747E-01
 3.45671446E-01
 2.17918384E-01
 9.88028344E-02
 7.30370013E-02
 4.72402384E-02
 2.14123734E-02
 9.90128169E-07
 5.85234264E-06
 9.23146237E-06
 1.11188297E-05
 1.15057177E-05
 1.03833294E-05
 7.74279707E-06
 3.57518154E-06
 4.13752810E-06
 1.51317406E-05
 2.45934025E-05
 3.25134055E-05
 3.88825671E-05
 4.36916295E-05
 4.69312591E-05
 4.85920459E-05
 4.86645022E-05
 4.71390620E-05
 4.40060804E-05
 3.92558324E-05
 3.28785122E-05
 2.48642325E-05
 1.52030232E-05
 3.88483103E-06
 1.06492151E-05
 2.47437636E-05
 3.71868470E-05
 4.79682823E-05
 5.70778006E-05
 6.45050453E-05
 7.02395721E-05
 7.42708472E-05
 7.65882468E-05
 7.71810559E-05
 7.60384674E-05
 7.31495812E-05
 6.85034028E-05
 6.20888426E-05
 5.38947147E-05
 4.46082866E-05
 5.51898893E-05
 6.39873462E-05
 7.09892554E-05
 7.61841146E-05
 7.95603202E-05
 8.11061660E-05
 8.08098419E-05
 7.86594328E-05
 7.46429177E-05
 6.87481681E-05
 6.09629467E-05
 5.12749066E-05
 3.96715897E-05
 2.61404254E-05
 1.06687294E-05
 7.52340958E-06
 2.62477919E-05
 4.30461573E-05
 5.79056897E-05
 7.08134552E-05
 8.17564011E-05
 9.07213542E-05
 9.76950194E-05
 1.02663978E-04
 1.05614687E-04
 1.06533478E-04
 1.05406552E-04
 1.02219983E-04
 9.69597137E-05
 8.96115540E-05
 8.01611797E-05
 8.52215745E-05
 9.46863773E-05
 1.02039456E-04
 1.07266157E-04
 1.10351690E-04
 1.11281118E-04
 1.10039362E-04
 1.06611199E-04
 1.00981255E-04
 9.31340093E-05
 8.30537877E-05
 7.07247641E-05
 5.61309568E-05
 3.92562269E-05
 2.00842764E-05
 1.51956536E-06
 2.44769904E-05
 4.51604187E-05
 6.35533930E-05
 7.96392910E-05
 9.34013233E-05
 1.04822531E-04
 1.13885785E-04
 1.20573780E-04
 1.24869038E-04
 1.26753899E-04
 1.26210526E-04
 1.23220897E-04
 1.17766804E-04
 1.09829853E-04
 9.93914575E-05
 9.76390951E-05
 1.09758000E-04
 1.19364434E-04
 1.26439350E-04
 1.30963501E-04
 1.32917435E-04
 1.32281495E-04
 1.29035816E-04
 1.23160320E-04
 1.14634715E-04
 1.03438493E-04
 8.95509217E-05
 7.29510489E-05
 5.36176937E-05
 3.15294455E-05
 6.66466064E-06
 1.58882879E-05
 3.46628432E-05
 5.06817781E-05
 6.39231303E-05
 7.43646940E-05
 8.19840163E-05
 8.67583935E-05
 8.86648677E-05
 8.76802232E-05
 8.37809823E-05
 7.69434017E-05
 6.71434688E-05
 5.43568975E-05
 3.85591240E-05
 1.97253031E-05
 2.29829641E-06
 2.50241534E-05
 4.47275314E-05
 6.13831119E-05
 7.49652810E-05
 8.54481242E-05
 9.28054219E-05
 9.70106452E-05
 9.80369506E-05
 9.58571756E-05
 9.04438334E-05
 8.17691079E-05
 6.98048488E-05
 5.45225664E-05
 3.58934256E-05
 1.38882416E-05
 1.53791642E-05
 5.30533138E-05
 9.42110387E-05
 1.38883127E-04
 1.87100749E-04
 2.38895459E-04
 2.94299207E-04
 3.53344343E-04
 4.03266387E-04
 2.55568835E-04
 1.07981529E-04
 3.96054607E-05
 6.99249624E-05
 4.85452776E-05
 2.71655028E-05
 5.78563793E-06
 3.03639288E-05
 6.78104396E-05
 1.06158891E-04
 1.61301769E-05
 1.04649439E-06
 1.03335240E-06
 1.23789323E-06
 1.24011163E-06
 1.22436530E-06
 1.20771308E-06
 1.19103571E-06
 1.17433426E-06
 1.15760748E-06
 1.14085579E-06
 1.12407893E-06
 1.10893712E-06
 1.10539510E-06
 1.10183825E-06
 1.09826923E-06
 1.09468079E-06
 1.09109109E-06
 1.08747502E-06
 1.08383268E-06
 1.08018292E-06
 1.07655284E-06
 1.07289563E-06
 1.06921101E-06
 1.06549902E-06
 1.06175938E-06
 1.05799214E-06
 1.05419665E-06
 1.04819774E-06
 1.03970467E-06
 1.03118349E-06
 1.02263319E-06
 1.01405380E-06
 1.00544536E-06
 9.96807924E-07
 9.88140789E-07
 9.79443626E-07
 9.70716841E-07
 9.61959352E-07
 9.53171935E-07
 1.16094332E-06
 1.15683777E-06
 1.15272500E-06
 1.14860340E-06
 1.14694747E-06
 1.14585362E-06
 1.14475179E-06
 1.14364152E-06
 1.14252308E-06
 1.14139639E-06
 1.14026096E-06
 1.13911706E-06
 1.13796461E-06
 1.13680350E-06
 1.13563363E-06
 1.13445529E-06
 1.13326756E-06
 1.13207157E-06
 1.13086637E-06
 1.12965188E-06
 1.12842838E-06
 1.12719575E-06
 1.12595389E-06
 1.12470268E-06
 1.12344200E-06
 1.12217173E-06
 1.12089218E-06
 1.11960280E-06
 1.11830389E-06
 1.11699490E-06
 1.11567657E-06
 1.11434790E-06
 1.11300920E-06
 1.11166077E-06
 1.11030161E-06
 1.10744415E-06
 1.10308782E-06
 1.09872122E-06
 1.09434379E-06
 1.08995625E-06
 1.08555758E-06
 1.08114808E-06
 1.07672806E-06
 1.07229646E-06
 1.06785404E-06
 1.06340065E-06
 1.05893567E-06
 1.05445941E-06
 1.04997172E-06
 1.04547196E-06
 1.04096090E-06
 1.03643792E-06
 1.03190332E-06
 1.02735645E-06
 1.02279714E-06
 1.01822569E-06
 1.01364241E-06
 1.00904617E-06
 1.00443724E-06
 9.99815953E-07
 9.95181123E-07
 9.90534042E-07
 9.85873035E-07
 9.81199393E-07
 9.76512426E-07
 9.71811932E-07
 9.67097702E-07
 9.62369532E-07
 9.57627209E-07
 9.52871545E-07
 9.48101293E-07
 9.43316234E-07
 9.38517178E-07
 9.33703384E-07
 9.28874617E-07
 9.24030638E-07
 9.19171743E-07
 9.14297154E-07
 9.09407701E-07
 9.04502054E-07
 8.99581045E-07
 8.94643324E-07
 8.89689720E-07
 8.84719975E-07
 8.79733257E-07
 8.74729848E-07
 8.69708900E-07
 8.64671258E-07
 8.59616064E-07
 8.54543023E-07
 8.49452403E-07
 8.44343321E-07
 8.39216043E-07
 8.34070253E-07
 8.28905036E-07
 8.23721235E-07
 8.18517928E-07
 8.13295366E-07
 8.08052603E-07
 8.02789274E-07
 1.01404676E-06
 1.01090208E-06
 1.00775189E-06
 1.00459547E-06
 1.00143395E-06
 9.98266620E-07
 9.95093991E-07
 9.91915334E-07
 9.88730530E-07
 9.85539467E-07
 9.82342668E-07
 9.79139376E-07
 9.75930119E-07
 9.72714118E-07
 9.69491247E-07
 9.66262701E-07
 9.63026357E-07
 9.59783405E-07
 9.56533717E-07
 9.53276471E-07
 9.50012202E-07
 9.46740076E-07
 9.43460629E-07
 9.40173003E-07
 9.36877739E-07
 9.33574680E-07
 9.30262935E-07
 9.26943046E-07
 9.23614117E-07
 9.20276686E-07
 9.16929826E-07
 9.13574077E-07
 9.10207749E-07
 9.06832873E-07
 9.03447732E-07
 9.00052108E-07
 8.96645758E-07
 8.93229213E-07
 8.89801467E-07
 8.86361478E-07
 8.82910545E-07
 8.79446815E-07
 8.75970792E-07
 8.72482189E-07
 8.68979893E-07
 8.65463584E-07
 8.61933739E-07
 8.58388370E-07
 8.54827939E-07
 8.51251232E-07
 8.47658688E-07
 8.44048203E-07
 8.40420194E-07
 1.10932302E-06
 1.15920755E-06
 1.18549776E-06
 1.20427593E-06
 1.21897019E-06
 1.23100953E-06
 1.02277366E-06
 1.02402995E-06
 1.02740488E-06
 1.03054170E-06
 1.03347934E-06
 1.03624715E-06
 1.03886816E-06
 1.04136064E-06
 1.04374082E-06
 1.04601870E-06
 1.04820577E-06
 1.05031003E-06
 1.05233881E-06
 1.05429878E-06
 1.05619382E-06
 1.05803108E-06
 1.05981278E-06
 1.06154237E-06
 1.06322446E-06
 1.06486174E-06
 1.06645484E-06
 1.06800771E-06
 1.06952342E-06
 1.07100064E-06
 1.07244367E-06
 1.07385359E-06
 1.07523149E-06
 1.07657739E-06
 1.07789486E-06
 1.07918283E-06
 1.08044258E-06
 1.08167614E-06
 1.08288310E-06
 1.08406496E-06
 1.08522195E-06
 1.08635377E-06
 1.08746262E-06
 1.08854760E-06
 1.08961036E-06
 1.09064997E-06
 1.09166752E-06
 1.09266273E-06
 1.09363675E-06
 1.09458793E-06
 1.09551884E-06
 1.09642782E-06
 1.09731538E-06
 1.09818200E-06
 1.09902666E-06
 1.09985064E-06
 1.10065292E-06
 1.10143322E-06
 1.10219207E-06
 1.10292911E-06
 1.10364408E-06
 1.10433663E-06
 1.10500641E-06
 1.10565219E-06
 1.10627434E-06
 1.10687331E-06
 1.10744690E-06
 1.10799537E-06
 1.10851813E-06
 1.10901461E-06
 1.10798088E-06
 1.10601800E-06
 1.10402547E-06
 1.10200336E-06
 1.09994968E-06
 1.09786424E-06
 1.09574371E-06
 1.09358879E-06
 1.09139798E-06
 1.08916739E-06
 1.08689731E-06
 1.08458448E-06
 1.08222779E-06
 1.07982400E-06
 1.07737087E-06
 1.07486513E-06
 1.07230447E-06
 1.06968431E-06
 1.06700060E-06
 1.06425112E-06
 1.06143016E-06
 1.05853135E-06
 1.05555109E-06
 1.05248115E-06
 1.04931537E-06
 1.04604627E-06
 1.04266274E-06
 1.03915740E-06
 1.03551714E-06
 1.03172978E-06
 1.02777953E-06
 1.02288815E-06
 1.23149075E-06
 1.21592958E-06
 1.19940615E-06
 1.18180169E-06
 1.16297685E-06
 1.14276509E-06
 1.12096971E-06
 1.25079875E-02
 3.83286391E-02
 6.41492895E-02
 8.99699385E-02
 1.74112355E-01
 3.02195927E-01
 4.93002466E-01
 0.00000000E+00
 0.00000000E+00
 0.00000000E+00
 0.00000000E+00
 0.00000000E+00
 0.00000000E+00
 0.00000000E+00
 0.00000000E+00
 0.00000000E+00
 0.00000000E+00
 0.00000000E+00
 0.00000000E+00
 0.00000000E+00
 0.00000000E+00
 0.00000000E+00
 0.00000000E+00
 5.58863144E-01
 3.29685309E-01
 2.01923555E-01
 8.31506244E-02
 6.14669067E-02
 3.97569285E-02
 1.80205433E-02
 9.89697638E-07
 5.85171107E-06
 9.23068997E-06
 1.11179773E-05
 1.15048467E-05
 1.03825017E-05
 7.74207539E-06
 3.57462914E-06
 4.13694574E-06
 1.51306895E-05
 2.45919465E-05
 3.25116090E-05
 3.88804952E-05
 4.36893479E-05
 4.69288343E-05
 4.85895449E-05
 4.86619928E-05
 4.71366127E-05
 4.40037604E-05
 3.92537116E-05
 3.28766612E-05
 2.48627227E-05
 1.52019267E-05
 3.88422061E-06
 1.03435479E-05
 2.39937268E-05
 3.59919547E-05
 4.63280465E-05
 5.49917305E-05
 6.19726476E-05
 6.72603510E-05
 7.08443042E-05
 7.27138808E-05
 7.28583632E-05
 7.12669418E-05
 6.79287137E-05
 6.28326817E-05
 5.59677535E-05
 4.73227405E-05
 3.76128464E-05
 4.86371716E-05
 5.78780076E-05
 6.53239567E-05
 7.09635213E-05
 7.47851021E-05
 7.67769974E-05
 7.69274017E-05
 7.52244047E-05
 7.16559898E-05
 6.62100334E-05
 5.88743029E-05
 4.96364561E-05
 3.84840399E-05
 2.54044885E-05
 1.03851226E-05
 7.71810939E-06
 2.69636797E-05
 4.42840582E-05
 5.96664344E-05
 7.30978804E-05
 8.45653491E-05
 9.40556731E-05
 1.01555563E-04
 1.07051608E-04
 1.10530268E-04
 1.11977883E-04
 1.11380659E-04
 1.08724678E-04
 1.03995887E-04
 9.71801027E-05
 8.82630080E-05
 9.30982142E-05
 1.02040259E-04
 1.08869936E-04
 1.13572589E-04
 1.16133423E-04
 1.16537499E-04
 1.14769733E-04
 1.10814899E-04
 1.04657618E-04
 9.62823671E-05
 8.56734676E-05
 7.28150897E-05
 5.76912479E-05
 4.02857993E-05
 2.05824423E-05
 1.55765542E-06
 2.51356024E-05
 4.64406530E-05
 6.54563582E-05
 8.21661039E-05
 9.65531093E-05
 1.08600424E-04
 1.18290927E-04
 1.25607323E-04
 1.30532141E-04
 1.33047732E-04
 1.33136267E-04
 1.30779732E-04
 1.25959929E-04
 1.18658474E-04
 1.08856789E-04
 1.07230311E-04
 1.18726486E-04
 1.27709336E-04
 1.34159807E-04
 1.38058647E-04
 1.39386400E-04
 1.38123404E-04
 1.34249788E-04
 1.27745468E-04
 1.18590148E-04
 1.06763314E-04
 9.22442281E-05
 7.50119329E-05
 5.50452419E-05
 3.23227390E-05
 6.82277491E-06
 1.58863829E-05
 3.46596563E-05
 5.06774914E-05
 6.39179285E-05
 7.43587644E-05
 8.19775487E-05
 8.67515806E-05
 8.86579049E-05
 8.76733086E-05
 8.37743168E-05
 7.69371893E-05
 6.71379164E-05
 5.43522147E-05
 3.85555238E-05
 1.97230013E-05
 2.29719183E-06
 2.50213668E-05
 4.47232787E-05
 6.13776124E-05
 7.49587570E-05
 8.54408014E-05
 9.27975295E-05
 9.70024157E-05
 9.80286202E-05
 9.58489839E-05
 9.04360237E-05
 8.17619273E-05
 6.97985481E-05
 5.45174000E-05
 3.58896523E-05
 1.38861238E-05
 1.20640606E-05
 4.21472529E-05
 7.56984283E-05
 1.12748246E-04
 1.53327744E-04
 1.97468348E-04
 2.45201872E-04
 2.96560530E-04
 4.50097775E-04
 2.92267161E-04
 1.34523145E-04
 2.32205528E-05
 5.89781016E-05
 4.09759566E-05
 2.29737217E-05
 4.97139578E-06
 3.14625992E-05
 7.04119263E-05
 1.10299374E-04
 1.66605010E-05
 9.72678906E-07
 9.59873890E-07
 1.16452130E-06
 1.16717263E-06
 1.15114006E-06
 1.13416530E-06
 1.11716577E-06
 1.10014123E-06
 1.08309208E-06
 1.06601741E-06
 1.04891729E-06
 1.03349800E-06
 1.02999807E-06
 1.02648417E-06
 1.02295799E-06
 1.01941236E-06
 1.01586687E-06
 1.01229438E-06
 1.00869531E-06
 1.00509000E-06
 1.00150557E-06
 9.97893361E-07
 9.94254118E-07
 9.90587555E-07
 9.86892676E-07
 9.83169880E-07
 9.79419221E-07
 9.73377204E-07
 9.64742162E-07
 9.56077976E-07
 9.47385406E-07
 9.38663055E-07
 9.29911681E-07
 9.21130966E-07
 9.12320214E-07
 9.03479456E-07
 8.94608728E-07
 8.85707317E-07
 8.76775624E-07
 1.08553233E-06
 1.08131649E-06
 1.07709180E-06
 1.07285971E-06
 1.07119161E-06
 1.07010837E-06
 1.06901743E-06
 1.06791755E-06
 1.06680979E-06
 1.06569327E-06
 1.06456867E-06
 1.06343512E-06
 1.06229328E-06
 1.06114228E-06
 1.05998280E-06
 1.05881393E-06
 1.05763676E-06
 1.05645040E-06
 1.05525472E-06
 1.05405043E-06
 1.05283660E-06
 1.05161353E-06
 1.05038150E-06
 1.04913959E-06
 1.04788850E-06
 1.04662727E-06
 1.04535705E-06
 1.04407687E-06
 1.04278703E-06
 1.04148697E-06
 1.04017743E-06
 1.03885743E-06
 1.03752768E-06
 1.03618763E-06
 1.03483715E-06
 1.03202472E-06
 1.02774978E-06
 1.02346444E-06
 1.01916854E-06
 1.01486151E-06
 1.01054410E-06
 1.00621570E-06
 1.00187617E-06
 9.97525824E-07
 9.93164047E-07
 9.88791141E-07
 9.84406491E-07
 9.80010402E-07
 9.75602709E-07
 9.71183719E-07
 9.66752808E-07
 9.62309800E-07
 9.57854530E-07
 9.53387772E-07
 9.48908406E-07
 9.44416250E-07
 9.39912086E-07
 9.35395253E-07
 9.30866057E-07
 9.26323335E-07
 9.21767868E-07
 9.17199478E-07
 9.12617964E-07
 9.08022631E-07
 9.03414281E-07
 8.98792212E-07
 8.94156213E-07
 8.89506073E-07
 8.84842088E-07
 8.80164046E-07
 8.75471729E-07
 8.70764919E-07
 8.66043383E-07
 8.61306898E-07
 8.56555749E-07
 8.51789178E-07
 8.47007472E-07
 8.42209850E-07
 8.37397138E-07
 8.32568551E-07
 8.27723829E-07
 8.22862705E-07
 8.17985466E-07
 8.13091848E-07
 8.08181016E-07
 8.03253248E-07
 7.98308257E-07
 7.93346321E-07
 7.88366587E-07
 7.83369317E-07
 7.78353640E-07
 7.73319238E-07
 7.68266955E-07
 7.63195891E-07
 7.58105714E-07
 7.52996095E-07
 7.47866687E-07
 7.42718340E-07
 7.37548899E-07
 7.32359813E-07
 9.45316123E-07
 9.42262039E-07
 9.39202362E-07
 9.36136989E-07
 9.33065809E-07
 9.29988723E-07
 9.26906880E-07
 9.23818283E-07
 9.20724086E-07
 9.17623536E-07
 9.14517161E-07
 9.11404196E-07
 9.08284514E-07
 9.05158644E-07
 9.02026467E-07
 8.98887186E-07
 8.95741333E-07
 8.92588108E-07
 8.89428032E-07
 8.86260297E-07
 8.83086108E-07
 8.79903266E-07
 8.76713682E-07
 8.73515813E-07
 8.70309484E-07
 8.67095234E-07
 8.63872895E-07
 8.60642292E-07
 8.57402525E-07
 8.54154130E-07
 8.50896184E-07
 8.47628476E-07
 8.44352285E-07
 8.41065173E-07
 8.37768409E-07
 8.34461779E-07
 8.31144288E-07
 8.27815703E-07
 8.24475758E-07
 8.21124207E-07
 8.17760763E-07
 8.14385165E-07
 8.10997125E-07
 8.07595541E-07
 8.04180904E-07
 8.00752081E-07
 7.97309563E-07
 7.93851351E-07
 7.90377897E-07
 7.86887978E-07
 7.83382050E-07
 7.79858857E-07
 7.76317087E-07
 1.03563916E-06
 1.09442531E-06
 1.12232164E-06
 1.14196059E-06
 1.15724407E-06
 1.16973737E-06
 9.60874393E-07
 9.62206072E-07
 9.65404470E-07
 9.68357618E-07
 9.71105117E-07
 9.73678946E-07
 9.76102929E-07
 9.78395252E-07
 9.80571995E-07
 9.82646026E-07
 9.84625819E-07
 9.86522257E-07
 9.88341666E-07
 9.90089608E-07
 9.91774004E-07
 9.93397900E-07
 9.94965512E-07
 9.96481316E-07
 9.97947802E-07
 9.99368132E-07
 1.00074506E-06
 1.00208095E-06
 1.00337824E-06
 1.00463780E-06
 1.00586113E-06
 1.00705154E-06
 1.00821014E-06
 1.00933634E-06
 1.01043249E-06
 1.01149988E-06
 1.01253864E-06
 1.01355075E-06
 1.01453639E-06
 1.01549583E-06
 1.01642926E-06
 1.01733953E-06
 1.01822503E-06
 1.01908677E-06
 1.01992570E-06
 1.02074158E-06
 1.02153481E-06
 1.02230646E-06
 1.02305491E-06
 1.02378268E-06
 1.02448813E-06
 1.02517173E-06
 1.02583390E-06
 1.02647518E-06
 1.02709456E-06
 1.02769252E-06
 1.02826804E-06
 1.02882236E-06
 1.02935444E-06
 1.02986470E-06
 1.03035209E-06
 1.03081703E-06
 1.03125912E-06
 1.03167803E-06
 1.03207246E-06
 1.03244189E-06
 1.03278756E-06
 1.03310721E-06
 1.03340104E-06
 1.03366850E-06
 1.03281948E-06
 1.03128955E-06
 1.02972887E-06
 1.02813945E-06
 1.02651721E-06
 1.02486206E-06
 1.02317361E-06
 1.02144956E-06
 1.01968822E-06
 1.01788902E-06
 1.01604891E-06
 1.01416579E-06
 1.01223717E-06
 1.01026174E-06
 1.00823646E-06
 1.00615933E-06
 1.00402556E-06
 1.00183227E-06
 9.99574932E-07
 9.97251102E-07
 9.94854345E-07
 9.92380420E-07
 9.89822589E-07
 9.87176395E-07
 9.84432520E-07
 9.81583386E-07
 9.78620841E-07
 9.75534289E-07
 9.72311047E-07
 9.68939850E-07
 9.65405550E-07
 9.60218663E-07
 9.51595266E-07
 1.15127554E-06
 1.13282289E-06
 1.11328017E-06
 1.09250720E-06
 1.07033750E-06
 1.04657051E-06
 1.05277340E-02
 3.22602759E-02
 5.39928164E-02
 7.57253552E-02
 1.58118925E-01
 2.86216111E-01
 4.79552059E-01
 0.00000000E+00
 0.00000000E+00
 0.00000000E+00
 0.00000000E+00
 0.00000000E+00
 0.00000000E+00
 0.00000000E+00
 0.00000000E+00
 0.00000000E+00
 0.00000000E+00
 0.00000000E+00
 0.00000000E+00
 0.00000000E+00
 0.00000000E+00
 0.00000000E+00
 0.00000000E+00
 5.46791631E-01
 3.13699292E-01
 1.85928847E-01
 6.74985326E-02
 4.98968996E-02
 3.22736752E-02
 1.46287390E-02
 9.89073603E-07
 5.85088497E-06
 9.22972200E-06
 1.11169282E-05
 1.15037779E-05
 1.03814753E-05
 7.74115391E-06
 3.57387585E-06
 4.13616140E-06
 1.51294354E-05
 2.45902863E-05
 3.25096073E-05
 3.88782169E-05
 4.36868588E-05
 4.69262008E-05
 4.85868341E-05
 4.86592724E-05
 4.71339513E-05
 4.40012271E-05
 3.92513763E-05
 3.28745945E-05
 2.48609959E-05
 1.52006119E-05
 3.88339075E-06
 1.00376626E-05
 2.32434742E-05
 3.47968493E-05
 4.46876000E-05
 5.29054522E-05
 5.94400443E-05
 6.42809268E-05
 6.74175606E-05
 6.88393169E-05
 6.85354754E-05
 6.64952237E-05
 6.27076562E-05
 5.71617733E-05
 4.98464799E-05
 4.07505845E-05
 3.06172269E-05
 4.20842696E-05
 5.17684794E-05
 5.96584633E-05
 6.57427279E-05
 7.00096786E-05
 7.24476180E-05
 7.30447454E-05
 7.17891550E-05
 6.86688349E-05
 6.36716661E-05
 5.67854209E-05
 4.79977619E-05
 3.72962406E-05
 2.46682963E-05
 1.01012546E-05
 7.91254198E-06
 2.76792937E-05
 4.55216787E-05
 6.14268921E-05
 7.53820117E-05
 8.73739963E-05
 9.73896845E-05
 1.05415793E-04
 1.11438916E-04
 1.15445521E-04
 1.17421952E-04
 1.17354424E-04
 1.15229022E-04
 1.11031702E-04
 1.04748287E-04
 9.63644640E-05
 1.00974481E-04
 1.09393771E-04
 1.15700049E-04
 1.19878658E-04
 1.21914796E-04
 1.21793523E-04
 1.19499750E-04
 1.15018247E-04
 1.08333634E-04
 9.94303802E-05
 8.82928060E-05
 7.49050771E-05
 5.92512039E-05
 4.13150400E-05
 2.10802796E-05
 1.59541966E-06
 2.57938797E-05
 4.77205437E-05
 6.73589707E-05
 8.46925551E-05
 9.97045243E-05
 1.12377937E-04
 1.22695680E-04
 1.30640467E-04
 1.36194836E-04
 1.39341147E-04
 1.40061579E-04
 1.38338128E-04
 1.34152606E-04
 1.27486636E-04
 1.18321651E-04
 1.16821053E-04
 1.27694503E-04
 1.36053771E-04
 1.41879802E-04
 1.45153336E-04
 1.45854913E-04
 1.43964864E-04
 1.39463314E-04
 1.32330175E-04
 1.22545145E-04
 1.10087702E-04
 9.49371064E-05
 7.70723931E-05
 5.64723707E-05
 3.31156176E-05
 6.98047885E-06
 1.58840663E-05
 3.46560546E-05
 5.06727867E-05
 6.39123055E-05
 7.43524101E-05
 8.19706532E-05
 8.67443363E-05
 8.86505072E-05
 8.76659556E-05
 8.37672095E-05
 7.69305315E-05
 6.71319147E-05
 5.43470791E-05
 3.85514669E-05
 1.97202391E-05
 2.29562302E-06
 2.50181122E-05
 4.47185541E-05
 6.13716370E-05
 7.49517531E-05
 8.54329947E-05
 9.27891491E-05
 9.69936941E-05
 9.80197935E-05
 9.58402917E-05
 9.04277092E-05
 8.17542374E-05
 6.97917336E-05
 5.45117155E-05
 3.58853562E-05
 1.38834785E-05
 8.74953632E-06
 3.12418852E-05
 5.71866261E-05
 8.66142894E-05
 1.19555783E-04
 1.56042399E-04
 1.96105820E-04
 2.39778124E-04
 4.96976413E-04
 3.29010826E-04
 1.61107956E-04
 6.79459533E-06
 4.79912740E-05
 3.33673799E-05
 1.87433950E-05
 4.11931919E-06
 3.25238381E-05
 7.29762994E-05
 1.14403068E-04
 1.71532716E-05
 8.61180821E-07
 8.48712068E-07
 1.05345217E-06
 1.05653627E-06
 1.04021681E-06
 1.02291949E-06
 1.00559714E-06
 9.88249826E-07
 9.70877298E-07
 9.53479628E-07
 9.36056233E-07
 9.20358794E-07
 9.16901024E-07
 9.13429784E-07
 9.09946167E-07
 9.06443420E-07
 9.02941176E-07
 8.99412327E-07
 8.95856593E-07
 8.92294755E-07
 8.88755688E-07
 8.85188877E-07
 8.81594727E-07
 8.77972592E-07
 8.74322526E-07
 8.70644228E-07
 8.66937391E-07
 8.60852300E-07
 8.52074586E-07
 8.43268113E-07
 8.34432207E-07
 8.25566901E-07
 8.16672238E-07
 8.07747526E-07
 7.98793164E-07
 7.89808449E-07
 7.80793414E-07
 7.71747712E-07
 7.62670999E-07
 9.72417161E-07
 9.68089881E-07
 9.63754416E-07
 9.59411048E-07
 9.57730413E-07
 9.56658181E-07
 9.55577766E-07
 9.54488684E-07
 9.53391608E-07
 9.52285276E-07
 9.51170752E-07
 9.50047940E-07
 9.48915951E-07
 9.47775071E-07
 9.46625590E-07
 9.45467007E-07
 9.44299611E-07
 9.43122893E-07
 9.41937143E-07
 9.40742660E-07
 9.39538514E-07
 9.38325000E-07
 9.37101999E-07
 9.35869395E-07
 9.34627480E-07
 9.33376142E-07
 9.32114837E-07
 9.30843440E-07
 9.29562671E-07
 9.28271559E-07
 9.26970824E-07
 9.25659484E-07
 9.24338263E-07
 9.23006604E-07
 9.21664798E-07
 9.18896983E-07
 9.14703456E-07
 9.10499374E-07
 9.06284597E-07
 9.02058536E-07
 8.97821938E-07
 8.93574207E-07
 8.89315650E-07
 8.85045657E-07
 8.80764531E-07
 8.76471664E-07
 8.72167813E-07
 8.67851901E-07
 8.63524687E-07
 8.59185548E-07
 8.54834317E-07
 8.50471291E-07
 8.46096311E-07
 8.41708722E-07
 8.37308827E-07
 8.32896447E-07
 8.28471399E-07
 8.24033990E-07
 8.19583549E-07
 8.15120375E-07
 8.10643788E-07
 8.06154085E-07
 8.01651071E-07
 7.97134549E-07
 7.92604311E-07
 7.88060663E-07
 7.83502889E-07
 7.78931282E-07
 7.74345123E-07
 7.69745217E-07
 7.65130832E-07
 7.60501223E-07
 7.55857200E-07
 7.51198013E-07
 7.46523946E-07
 7.41834768E-07
 7.37129704E-07
 7.32409034E-07
 7.27673051E-07
 7.22920959E-07
 7.18153047E-07
 7.13368504E-07
 7.08567063E-07
 7.03748995E-07
 6.98914583E-07
 6.94062992E-07
 6.89193373E-07
 6.84306556E-07
 6.79402249E-07
 6.74480151E-07
 6.69539386E-07
 6.64580213E-07
 6.59602306E-07
 6.54605345E-07
 6.49590174E-07
 6.44554700E-07
 6.39499745E-07
 6.34424973E-07
 6.29329420E-07
 8.41837535E-07
 8.38879643E-07
 8.35915555E-07
 8.32947015E-07
 8.29972074E-07
 8.26991868E-07
 8.24005667E-07
 8.21013358E-07
 8.18015465E-07
 8.15011881E-07
 8.12001212E-07
 8.08985262E-07
 8.05961977E-07
 8.02933185E-07
 7.99897453E-07
 7.96854647E-07
 7.93805299E-07
 7.90749278E-07
 7.87686446E-07
 7.84615991E-07
 7.81537760E-07
 7.78452969E-07
 7.75360103E-07
 7.72259690E-07
 7.69150867E-07
 7.66034177E-07
 7.62909447E-07
 7.59776510E-07
 7.56634470E-07
 7.53483863E-07
 7.50324495E-07
 7.47154716E-07
 7.43976520E-07
 7.40788972E-07
 7.37590364E-07
 7.34382723E-07
 7.31163560E-07
 7.27934158E-07
 7.24693500E-07
 7.21442117E-07
 7.18178975E-07
 7.14903019E-07
 7.11615538E-07
 7.08315449E-07
 7.05001668E-07
 7.01674674E-07
 6.98332512E-07
 6.94977300E-07
 6.91606216E-07
 6.88219713E-07
 6.84817423E-07
 6.81397240E-07
 6.77960437E-07
 6.74504868E-07
 6.71030933E-07
 9.91651313E-07
 1.02133314E-06
 1.04188466E-06
 1.05778259E-06
 1.07074337E-06
 8.61272888E-07
 8.62682631E-07
 8.65705325E-07
 8.68474734E-07
 8.71033930E-07
 8.73414696E-07
 8.75641657E-07
 8.77734763E-07
 8.79709055E-07
 8.81577276E-07
 8.83351779E-07
 8.85039435E-07
 8.86649488E-07
 8.88187480E-07
 8.89660259E-07
 8.91070814E-07
 8.92424382E-07
 8.93725399E-07
 8.94977380E-07
 8.96181891E-07
 8.97341646E-07
 8.98460598E-07
 8.99539513E-07
 9.00581487E-07
 9.01586349E-07
 9.02557338E-07
 9.03495538E-07
 9.04402090E-07
 9.05278202E-07
 9.06123937E-07
 9.06941789E-07
 9.07732526E-07
 9.08495720E-07
 9.09233436E-07
 9.09945300E-07
 9.10632224E-07
 9.11295129E-07
 9.11933705E-07
 9.12548939E-07
 9.13141221E-07
 9.13710247E-07
 9.14257098E-07
 9.14781506E-07
 9.15284591E-07
 9.15764716E-07
 9.16223040E-07
 9.16660702E-07
 9.17075313E-07
 9.17468782E-07
 9.17840108E-07
 9.18189761E-07
 9.18518259E-07
 9.18823687E-07
 9.19106566E-07
 9.19367300E-07
 9.19604778E-07
 9.19819400E-07
 9.20009926E-07
 9.20176750E-07
 9.20317673E-07
 9.20435670E-07
 9.20526644E-07
 9.20590828E-07
 9.20628489E-07
 9.19964510E-07
 9.18866886E-07
 9.17739348E-07
 9.16580923E-07
 9.15390535E-07
 9.14167981E-07
 9.12911013E-07
 9.11617043E-07
 9.10286617E-07
 9.08916980E-07
 9.07506109E-07
 9.06052958E-07
 9.04554033E-07
 9.03006660E-07
 9.01410204E-07
 8.99760259E-07
 8.98053108E-07
 8.96287116E-07
 8.94456508E-07
 8.92557388E-07
 8.90585914E-07
 8.88536450E-07
 8.86402241E-07
 8.84178750E-07
 8.81856383E-07
 8.79428357E-07
 8.76886394E-07
 8.74217324E-07
 8.71412509E-07
 8.68458772E-07
 8.65338072E-07
 8.59856840E-07
 8.49378091E-07
 1.04894072E-06
 1.02855712E-06
 1.00707633E-06
 9.84354318E-07
 9.60223261E-07
 9.34483568E-07
 8.54702576E-03
 2.61905968E-02
 4.38341663E-02
 6.14777339E-02
 1.42122090E-01
 2.70232898E-01
 4.66098796E-01
 0.00000000E+00
 0.00000000E+00
 0.00000000E+00
 0.00000000E+00
 0.00000000E+00
 0.00000000E+00
 0.00000000E+00
 0.00000000E+00
 0.00000000E+00
 0.00000000E+00
 0.00000000E+00
 0.00000000E+00
 0.00000000E+00
 0.00000000E+00
 0.00000000E+00
 0.00000000E+00
 5.34720208E-01
 2.97713395E-01
 1.69934259E-01
 5.18465590E-02
 3.83269802E-02
 2.47904788E-02
 1.12369604E-02
 9.88256082E-07
 5.84986437E-06
 9.22855849E-06
 1.11156826E-05
 1.15025115E-05
 1.03802502E-05
 7.74003266E-06
 3.57292170E-06
 4.13517512E-06
 1.51279782E-05
 2.45884220E-05
 3.25074002E-05
 3.88757322E-05
 4.36841622E-05
 4.69233586E-05
 4.85839135E-05
 4.86563411E-05
 4.71310777E-05
 4.39984804E-05
 3.92488264E-05
 3.28723121E-05
 2.48590522E-05
 1.51990790E-05
 3.88234147E-06
 9.73155912E-06
 2.24930060E-05
 3.36015307E-05
 4.30469428E-05
 5.08189658E-05
 5.69072354E-05
 6.13012995E-05
 6.39906167E-05
 6.49645552E-05
 6.42123923E-05
 6.17233129E-05
 5.74864089E-05
 5.14906777E-05
 4.37250217E-05
 3.41782468E-05
 2.36214282E-05
 3.55311832E-05
 4.56587617E-05
 5.39927752E-05
 6.05217346E-05
 6.52340498E-05
 6.81180281E-05
 6.91618731E-05
 6.83536839E-05
 6.56814530E-05
 6.11330663E-05
 5.46963007E-05
 4.63588238E-05
 3.61081918E-05
 2.39318489E-05
 9.81712559E-06
 8.10670737E-06
 2.83946341E-05
 4.67590189E-05
 6.31870628E-05
 7.76658493E-05
 9.01823431E-05
 1.00723389E-04
 1.09275708E-04
 1.15825902E-04
 1.20360445E-04
 1.22865686E-04
 1.23327846E-04
 1.21733017E-04
 1.18067160E-04
 1.12316106E-04
 1.04465548E-04
 1.08850376E-04
 1.16746913E-04
 1.22529796E-04
 1.26184363E-04
 1.27695809E-04
 1.27049189E-04
 1.24229413E-04
 1.19221245E-04
 1.12009301E-04
 1.02578049E-04
 9.09118029E-05
 7.69947261E-05
 6.08108249E-05
 4.23439490E-05
 2.15777886E-05
 1.63285811E-06
 2.64518224E-05
 4.90000908E-05
 6.92612305E-05
 8.72186444E-05
 1.02855568E-04
 1.16155069E-04
 1.27100043E-04
 1.35673211E-04
 1.41857122E-04
 1.45634143E-04
 1.46986462E-04
 1.45896085E-04
 1.42344834E-04
 1.36314339E-04
 1.27786044E-04
 1.26411322E-04
 1.36662050E-04
 1.44397741E-04
 1.49599335E-04
 1.52247567E-04
 1.52322971E-04
 1.49805875E-04
 1.44676396E-04
 1.36914442E-04
 1.26499705E-04
 1.13411658E-04
 9.76295566E-05
 7.91324297E-05
 5.78990803E-05
 3.39080814E-05
 7.13777250E-06
 1.58813381E-05
 3.46520382E-05
 5.06676641E-05
 6.39062611E-05
 7.43456313E-05
 8.19633297E-05
 8.67366607E-05
 8.86426747E-05
 8.76581643E-05
 8.37596603E-05
 7.69234282E-05
 6.71254640E-05
 5.43414907E-05
 3.85469536E-05
 1.97170166E-05
 2.29359009E-06
 2.50143896E-05
 4.47133577E-05
 6.13651858E-05
 7.49442695E-05
 8.54247042E-05
 9.27802808E-05
 9.69844805E-05
 9.80104706E-05
 9.58310989E-05
 9.04188898E-05
 8.17460383E-05
 6.97844054E-05
 5.45055128E-05
 3.58805373E-05
 1.38803059E-05
 5.43559139E-06
 2.03372105E-05
 3.86756322E-05
 6.04812578E-05
 8.57848649E-05
 1.14617613E-04
 1.47011052E-04
 1.82997125E-04
 5.44051072E-04
 3.65799877E-04
 1.87736007E-04
 9.67245491E-06
 3.69644365E-05
 2.57195043E-05
 1.44744812E-05
 3.22936640E-06
 3.35476050E-05
 7.55035181E-05
 1.18469933E-04
 1.76084472E-05
 7.11958985E-07
 6.99825181E-07
 6.87596614E-07
 9.08161194E-07
 8.91554547E-07
 8.73934371E-07
 8.56289212E-07
 8.38618490E-07
 8.20922604E-07
 8.03200967E-07
 7.85453981E-07
 7.69478421E-07
 7.66062236E-07
 7.62633084E-07
 7.59191785E-07
 7.55731670E-07
 7.52272770E-07
 7.48786964E-07
 7.45274315E-07
 7.41756040E-07
 7.38262081E-07
 7.34740070E-07
 7.31190753E-07
 7.27613138E-07
 7.24007273E-07
 7.20373206E-07
 7.16710279E-07
 7.10581473E-07
 7.01660773E-07
 6.92711343E-07
 6.83732144E-07
 6.74723569E-07
 6.65685298E-07
 6.56616633E-07
 6.47517971E-07
 6.38388972E-07
 6.29229300E-07
 6.20038606E-07
 6.10816916E-07
 8.21556327E-07
 8.17117644E-07
 8.12671045E-07
 8.08216061E-07
 8.06523318E-07
 8.05461770E-07
 8.04391546E-07
 8.03312926E-07
 8.02226204E-07
 8.01130501E-07
 8.00026496E-07
 7.98913304E-07
 7.97791605E-07
 7.96660502E-07
 7.95521079E-07
 7.94372436E-07
 7.93214860E-07
 7.92047840E-07
 7.90872073E-07
 7.89686633E-07
 7.88491814E-07
 7.87287912E-07
 7.86074396E-07
 7.84851150E-07
 7.83618465E-07
 7.82375808E-07
 7.81123469E-07
 7.79861328E-07
 7.78589258E-07
 7.77307135E-07
 7.76014827E-07
 7.74712201E-07
 7.73399558E-07
 7.72076332E-07
 7.70742820E-07
 7.68019670E-07
 7.63907173E-07
 7.59783976E-07
 7.55650377E-07
 7.51505348E-07
 7.47349629E-07
 7.43182626E-07
 7.39004641E-07
 7.34815063E-07
 7.30614199E-07
 7.26402346E-07
 7.22178433E-07
 7.17942754E-07
 7.13695617E-07
 7.09436384E-07
 7.05164892E-07
 7.00881438E-07
 6.96586327E-07
 6.92277961E-07
 6.87957590E-07
 6.83624558E-07
 6.79279166E-07
 6.74920750E-07
 6.70549114E-07
 6.66164565E-07
 6.61766906E-07
 6.57355940E-07
 6.52931478E-07
 6.48493310E-07
 6.44041741E-07
 6.39576056E-07
 6.35096555E-07
 6.30602514E-07
 6.26094221E-07
 6.21571977E-07
 6.17035048E-07
 6.12483202E-07
 6.07916208E-07
 6.03334887E-07
 5.98737943E-07
 5.94125140E-07
 5.89497285E-07
 5.84853608E-07
 5.80194389E-07
 5.75518837E-07
 5.70826138E-07
 5.66118208E-07
 5.61392592E-07
 5.56651218E-07
 5.51892144E-07
 5.47115644E-07
 5.42321985E-07
 5.37510880E-07
 5.32681464E-07
 5.27833994E-07
 5.22968165E-07
 5.18083661E-07
 5.13180740E-07
 5.08258496E-07
 5.03316589E-07
 4.98355867E-07
 4.93374793E-07
 4.88373015E-07
 7.00425128E-07
 6.97562962E-07
 6.94695837E-07
 6.91822430E-07
 6.88944486E-07
 6.86060053E-07
 6.83170264E-07
 6.80274390E-07
 6.77372946E-07
 6.74465198E-07
 6.71551662E-07
 6.68631581E-07
 6.65705487E-07
 6.62772606E-07
 6.59834119E-07
 6.56887931E-07
 6.53935237E-07
 6.50975892E-07
 6.48009771E-07
 6.45036061E-07
 6.42055289E-07
 6.39067316E-07
 6.36071991E-07
 6.33068475E-07
 6.30057294E-07
 6.27038296E-07
 6.24011315E-07
 6.20975467E-07
 6.17931286E-07
 6.14878594E-07
 6.11816483E-07
 6.08745489E-07
 6.05665411E-07
 6.02576052E-07
 5.99476465E-07
 5.96367183E-07
 5.93247226E-07
 5.90117109E-07
 5.86975857E-07
 5.83823205E-07
 5.80659678E-07
 5.77484236E-07
 5.74296607E-07
 5.71096509E-07
 5.67883649E-07
 5.64657725E-07
 5.61417620E-07
 5.58163807E-07
 5.54895132E-07
 5.51611236E-07
 5.48311753E-07
 5.44995444E-07
 5.41662752E-07
 5.38312412E-07
 5.34943112E-07
 5.31555244E-07
 8.50794982E-07
 8.82481131E-07
 9.04004735E-07
 9.20542321E-07
 9.33985895E-07
 7.23927564E-07
 7.25417219E-07
 7.28266059E-07
 7.30853626E-07
 7.33224570E-07
 7.35412335E-07
 7.37443290E-07
 7.39336312E-07
 7.41109222E-07
 7.42773714E-07
 7.44341074E-07
 7.45821066E-07
 7.47221889E-07
 7.48550057E-07
 7.49810332E-07
 7.51008743E-07
 7.52149468E-07
 7.53235843E-07
 7.54271373E-07
 7.55260752E-07
 7.56204591E-07
 7.57105673E-07
 7.57966974E-07
 7.58790440E-07
 7.59576987E-07
 7.60328741E-07
 7.61047317E-07
 7.61733283E-07
 7.62389562E-07
 7.63014445E-07
 7.63611590E-07
 7.64179965E-07
 7.64722149E-07
 7.65237142E-07
 7.65726411E-07
 7.66190848E-07
 7.66630090E-07
 7.67045748E-07
 7.67437525E-07
 7.67805776E-07
 7.68150850E-07
 7.68473828E-07
 7.68773748E-07
 7.69051023E-07
 7.69307520E-07
 7.69540807E-07
 7.69752095E-07
 7.69941781E-07
 7.70108912E-07
 7.70254649E-07
 7.70377963E-07
 7.70479359E-07
 7.70557716E-07
 7.70614258E-07
 7.70647091E-07
 7.70657388E-07
 7.70644827E-07
 7.70607322E-07
 7.70546053E-07
 7.70459710E-07
 7.70347692E-07
 7.70210358E-07
 7.70046176E-07
 7.69854417E-07
 7.69374007E-07
 7.68709234E-07
 7.68014427E-07
 7.67288513E-07
 7.66529479E-07
 7.65738077E-07
 7.64912042E-07
 7.64049778E-07
 7.63149809E-07
 7.62210248E-07
 7.61230260E-07
 7.60205469E-07
 7.59135660E-07
 7.58018133E-07
 7.56849981E-07
 7.55626551E-07
 7.54347863E-07
 7.53007297E-07
 7.51603357E-07
 7.50130224E-07
 7.48584117E-07
 7.46957719E-07
 7.45247860E-07
 7.43446129E-07
 7.41546002E-07
 7.39539867E-07
 7.37416792E-07
 7.35167606E-07
 7.32780224E-07
 7.30242035E-07
 7.27536650E-07
 7.21759903E-07
 7.09424930E-07
 9.08882933E-07
 8.86568036E-07
 8.63146713E-07
 8.38474022E-07
 8.12382155E-07
 7.84667812E-07
 6.56586230E-03
 2.01196007E-02
 3.36733374E-02
 4.72270718E-02
 1.26121849E-01
 2.54246287E-01
 4.52642676E-01
 0.00000000E+00
 0.00000000E+00
 0.00000000E+00
 0.00000000E+00
 0.00000000E+00
 0.00000000E+00
 0.00000000E+00
 0.00000000E+00
 0.00000000E+00
 0.00000000E+00
 0.00000000E+00
 0.00000000E+00
 0.00000000E+00
 0.00000000E+00
 0.00000000E+00
 0.00000000E+00
 5.22648876E-01
 2.81727618E-01
 1.53939791E-01
 3.61947035E-02
 2.67571483E-02
 1.73073391E-02
 7.84520751E-03
 9.87245099E-07
 5.84864927E-06
 9.22719946E-06
 1.11142404E-05
 1.15010475E-05
 1.03788264E-05
 7.73871165E-06
 3.57176673E-06
 4.13398692E-06
 1.51263180E-05
 2.45863536E-05
 3.25049880E-05
 3.88730412E-05
 4.36812581E-05
 4.69203078E-05
 4.85807831E-05
 4.86531988E-05
 4.71279921E-05
 4.39955205E-05
 3.92460621E-05
 3.28698139E-05
 2.48568915E-05
 1.51973279E-05
 3.88107280E-06
 9.42523755E-06
 2.17423221E-05
 3.24059989E-05
 4.14060750E-05
 4.87322712E-05
 5.43742209E-05
 5.83214693E-05
 6.05634723E-05
 6.10895957E-05
 5.98891140E-05
 5.69512096E-05
 5.22649716E-05
 4.58193949E-05
 3.76033791E-05
 2.76057273E-05
 1.66254502E-05
 2.89779124E-05
 3.95488546E-05
 4.83268923E-05
 5.53005413E-05
 6.04582157E-05
 6.37882275E-05
 6.52787848E-05
 6.49179912E-05
 6.26938442E-05
 5.85942340E-05
 5.26069425E-05
 4.47196419E-05
 3.49198935E-05
 2.31951462E-05
 9.53273552E-06
 8.30060561E-06
 2.91097007E-05
 4.79960787E-05
 6.49469464E-05
 7.99493931E-05
 9.29903892E-05
 1.04056785E-04
 1.13135309E-04
 1.20212568E-04
 1.25275041E-04
 1.28309084E-04
 1.29300925E-04
 1.28236661E-04
 1.25102261E-04
 1.19883560E-04
 1.12566259E-04
 1.16725899E-04
 1.24099687E-04
 1.29359177E-04
 1.32489705E-04
 1.33476462E-04
 1.32304498E-04
 1.28958721E-04
 1.23423891E-04
 1.15684620E-04
 1.05725372E-04
 9.35304583E-05
 7.90840369E-05
 6.23701110E-05
 4.33725263E-05
 2.20749693E-05
 1.66997084E-06
 2.71094305E-05
 5.02792943E-05
 7.11631378E-05
 8.97443721E-05
 1.06006241E-04
 1.19931821E-04
 1.31504016E-04
 1.40705557E-04
 1.47518999E-04
 1.51926720E-04
 1.53910917E-04
 1.53453605E-04
 1.50536613E-04
 1.45141584E-04
 1.37249969E-04
 1.36001117E-04
 1.45629127E-04
 1.52741246E-04
 1.57318407E-04
 1.59341341E-04
 1.58790577E-04
 1.55646436E-04
 1.49889032E-04
 1.41498267E-04
 1.30453828E-04
 1.16735182E-04
 1.00321579E-04
 8.11920426E-05
 5.93253707E-05
 3.47001305E-05
 7.29465594E-06
 1.58781986E-05
 3.46476072E-05
 5.06621235E-05
 6.38997956E-05
 7.43384280E-05
 8.19555783E-05
 8.67285538E-05
 8.86344075E-05
 8.76499348E-05
 8.37516693E-05
 7.69158795E-05
 6.71185643E-05
 5.43354496E-05
 3.85419838E-05
 1.97133339E-05
 2.29109309E-06
 2.50101992E-05
 4.47076896E-05
 6.13582589E-05
 7.49363061E-05
 8.54159300E-05
 9.27709247E-05
 9.69747750E-05
 9.80006515E-05
 9.58214058E-05
 9.04095657E-05
 8.17373301E-05
 6.97765637E-05
 5.44987920E-05
 3.58751958E-05
 1.38766059E-05
 2.12222568E-06
 9.43322870E-06
 2.01654463E-05
 3.43491508E-05
 5.20149894E-05
 7.31939900E-05
 9.79175678E-05
 1.26217531E-04
 5.91139536E-04
 4.02634363E-04
 2.14407343E-04
 2.61806419E-05
 2.58975459E-05
 1.80322875E-05
 1.01669378E-05
 2.30149635E-06
 3.45338590E-05
 7.79935417E-05
 1.22499929E-04
 1.80259862E-05
 5.24972004E-07
 5.13173148E-07
 5.01278295E-07
 7.22006439E-07
 7.05112022E-07
 6.87168716E-07
 6.69200150E-07
 6.51205747E-07
 6.33185896E-07
 6.15140673E-07
 5.97069157E-07
 5.80815202E-07
 5.77440731E-07
 5.74053125E-07
 5.70654274E-07
 5.67236243E-07
 5.63820475E-07
 5.60377500E-07
 5.56907379E-07
 5.53432105E-07
 5.49983035E-07
 5.46505949E-07
 5.43000893E-07
 5.39467573E-07
 5.35905682E-07
 5.32315265E-07
 5.28696370E-07
 5.22523241E-07
 5.13459644E-07
 5.04366619E-07
 4.95243848E-07
 4.86091724E-07
 4.76909199E-07
 4.67696662E-07
 4.58453045E-07
 4.49179475E-07
 4.39874876E-07
 4.30538897E-07
 4.21171930E-07
 6.32908045E-07
 6.28358025E-07
 6.23799984E-07
 6.19233449E-07
 6.17528301E-07
 6.16477147E-07
 6.15417590E-07
 6.14349530E-07
 6.13272864E-07
 6.12187107E-07
 6.11092929E-07
 6.09990232E-07
 6.08878126E-07
 6.07757686E-07
 6.06627618E-07
 6.05489003E-07
 6.04340938E-07
 6.03183709E-07
 6.02017205E-07
 6.00841310E-07
 5.99656321E-07
 5.98461299E-07
 5.97256950E-07
 5.96043153E-07
 5.94818957E-07
 5.93585489E-07
 5.92342209E-07
 5.91088572E-07
 5.89825293E-07
 5.88551823E-07
 5.87268028E-07
 5.85973777E-07
 5.84669369E-07
 5.83354668E-07
 5.82029540E-07
 5.79350711E-07
 5.75319792E-07
 5.71277586E-07
 5.67224385E-07
 5.63160490E-07
 5.59085306E-07
 5.54998685E-07
 5.50901373E-07
 5.46792320E-07
 5.42672273E-07
 5.38540165E-07
 5.34396292E-07
 5.30240954E-07
 5.26073523E-07
 5.21893834E-07
 5.17702183E-07
 5.13498869E-07
 5.09282309E-07
 5.05054221E-07
 5.00812996E-07
 4.96558935E-07
 4.92292328E-07
 4.88013000E-07
 4.83720272E-07
 4.79414930E-07
 4.75095805E-07
 4.70763186E-07
 4.66417369E-07
 4.62057659E-07
 4.57684349E-07
 4.53296728E-07
 4.48895088E-07
 4.44479213E-07
 4.40048891E-07
 4.35603895E-07
 4.31143998E-07
 4.26670013E-07
 4.22180147E-07
 4.17675730E-07
 4.13155478E-07
 4.08620197E-07
 4.04068587E-07
 3.99501452E-07
 3.94918551E-07
 3.90319081E-07
 3.85703320E-07
 3.81071000E-07
 3.76421851E-07
 3.71755594E-07
 3.67072506E-07
 3.62371183E-07
 3.57653011E-07
 3.52917139E-07
 3.48162697E-07
 3.43389939E-07
 3.38599129E-07
 3.33788806E-07
 3.28960369E-07
 3.24112337E-07
 3.19244952E-07
 3.14357286E-07
 3.09450170E-07
 3.04522662E-07
 5.18271282E-07
 5.15499496E-07
 5.12722655E-07
 5.09940676E-07
 5.07152844E-07
 5.04359051E-07
 5.01559812E-07
 4.98754397E-07
 4.95943324E-07
 4.93125849E-07
 4.90302496E-07
 4.87472505E-07
 4.84637041E-07
 4.81794048E-07
 4.78945346E-07
 4.76089506E-07
 4.73226390E-07
 4.70357185E-07
 4.67480429E-07
 4.64596648E-07
 4.61705699E-07
 4.58807440E-07
 4.55901038E-07
 4.52987006E-07
 4.50065201E-07
 4.47135458E-07
 4.44197609E-07
 4.41251487E-07
 4.38296197E-07
 4.35332278E-07
 4.32359530E-07
 4.29377775E-07
 4.26386074E-07
 4.23384956E-07
 4.20374222E-07
 4.17352896E-07
 4.14321505E-07
 4.11279831E-07
 4.08226865E-07
 4.05162354E-07
 4.02086820E-07
 3.98999217E-07
 3.95899276E-07
 3.92786703E-07
 3.89662009E-07
 3.86523288E-07
 3.83371026E-07
 3.80204075E-07
 3.77022088E-07
 3.73825519E-07
 3.70612364E-07
 3.67383028E-07
 3.64136283E-07
 3.60872537E-07
 3.57589634E-07
 3.54287976E-07
 6.71748037E-07
 7.05712756E-07
 7.28272944E-07
 7.45479818E-07
 7.59421529E-07
 5.48796848E-07
 5.50368333E-07
 5.53044317E-07
 5.55450157E-07
 5.57634852E-07
 5.59630727E-07
 5.61465861E-07
 5.63159955E-07
 5.64730690E-07
 5.66191665E-07
 5.67553081E-07
 5.68826634E-07
 5.70017454E-07
 5.71135015E-07
 5.72184053E-07
 5.73169514E-07
 5.74097132E-07
 5.74969666E-07
 5.75790051E-07
 5.76563524E-07
 5.77290619E-07
 5.77975222E-07
 5.78619200E-07
 5.79223888E-07
 5.79791854E-07
 5.80324686E-07
 5.80823382E-07
 5.81289646E-07
 5.81725222E-07
 5.82129582E-07
 5.82505171E-07
 5.82852118E-07
 5.83172429E-07
 5.83465652E-07
 5.83732669E-07
 5.83974333E-07
 5.84190944E-07
 5.84382791E-07
 5.84551476E-07
 5.84696073E-07
 5.84816922E-07
 5.84915062E-07
 5.84990220E-07
 5.85043482E-07
 5.85074624E-07
 5.85082627E-07
 5.85067921E-07
 5.85032396E-07
 5.84973586E-07
 5.84893447E-07
 5.84790129E-07
 5.84664899E-07
 5.84517391E-07
 5.84345726E-07
 5.84151891E-07
 5.83934743E-07
 5.83693844E-07
 5.83428780E-07
 5.83139076E-07
 5.82824192E-07
 5.82484483E-07
 5.82117580E-07
 5.81724635E-07
 5.81303113E-07
 5.81007888E-07
 5.80775706E-07
 5.80513351E-07
 5.80219741E-07
 5.79892806E-07
 5.79533322E-07
 5.79138967E-07
 5.78707107E-07
 5.78237274E-07
 5.77728643E-07
 5.77178190E-07
 5.76583669E-07
 5.75942625E-07
 5.75253441E-07
 5.74513172E-07
 5.73718435E-07
 5.72866608E-07
 5.71953585E-07
 5.70974639E-07
 5.69927166E-07
 5.68805913E-07
 5.67604920E-07
 5.66317435E-07
 5.64938510E-07
 5.63460200E-07
 5.61874530E-07
 5.60172268E-07
 5.58341559E-07
 5.56371779E-07
 5.54249380E-07
 5.51959479E-07
 5.45886262E-07
 5.31694895E-07
 7.31061745E-07
 7.06814604E-07
 6.81450458E-07
 6.54827018E-07
 6.26771981E-07
 5.97081599E-07
 4.58424327E-03
 1.40472865E-02
 2.35103277E-02
 3.29733664E-02
 1.10118199E-01
 2.38256274E-01
 4.39183695E-01
 0.00000000E+00
 0.00000000E+00
 0.00000000E+00
 0.00000000E+00
 0.00000000E+00
 0.00000000E+00
 0.00000000E+00
 0.00000000E+00
 0.00000000E+00
 0.00000000E+00
 0.00000000E+00
 0.00000000E+00
 0.00000000E+00
 0.00000000E+00
 0.00000000E+00
 0.00000000E+00
 5.10577634E-01
 2.65741961E-01
 1.37945444E-01
 2.05429662E-02
 1.51874040E-02
 9.82425622E-03
 4.45348032E-03
 9.86040669E-07
 5.84723970E-06
 9.22564492E-06
 1.11126016E-05
 1.14993859E-05
 1.03772039E-05
 7.73719090E-06
 3.57041093E-06
 4.13259681E-06
 1.51244548E-05
 2.45840811E-05
 3.25023706E-05
 3.88701438E-05
 4.36781465E-05
 4.69170485E-05
 4.85774429E-05
 4.86498457E-05
 4.71246943E-05
 4.39923473E-05
 3.92430832E-05
 3.28671001E-05
 2.48545140E-05
 1.51953588E-05
 3.87958475E-06
 9.11869791E-06
 2.09914226E-05
 3.12102540E-05
 3.97649966E-05
 4.66453686E-05
 5.18410009E-05
 5.53414361E-05
 5.71361275E-05
 5.72144384E-05
 5.55656406E-05
 5.21789138E-05
 4.70433445E-05
 4.01479250E-05
 3.14815520E-05
 2.10330261E-05
 9.62929302E-06
 2.24244573E-05
 3.34387579E-05
 4.26608148E-05
 5.00791481E-05
 5.56821764E-05
 5.94582163E-05
 6.13954806E-05
 6.14820772E-05
 5.97060084E-05
 5.60551692E-05
 5.05173462E-05
 4.30802163E-05
 3.37313458E-05
 2.24581883E-05
 9.24808442E-06
 8.49423672E-06
 2.98244936E-05
 4.92328583E-05
 6.67065431E-05
 8.22326433E-05
 9.57981349E-05
 1.07389874E-04
 1.16994596E-04
 1.24598912E-04
 1.30189308E-04
 1.33752147E-04
 1.35273661E-04
 1.34739956E-04
 1.32137004E-04
 1.27450649E-04
 1.20666598E-04
 1.24601049E-04
 1.31452090E-04
 1.36188192E-04
 1.38794683E-04
 1.39256754E-04
 1.37559450E-04
 1.33687676E-04
 1.27626187E-04
 1.19359592E-04
 1.08872351E-04
 9.61487723E-05
 8.11730096E-05
 6.39290622E-05
 4.44007720E-05
 2.25718217E-05
 1.70675787E-06
 2.77667041E-05
 5.15581544E-05
 7.30646926E-05
 9.22697381E-05
 1.09156544E-04
 1.23708193E-04
 1.35907600E-04
 1.45737503E-04
 1.53180467E-04
 1.58218878E-04
 1.60834943E-04
 1.61010686E-04
 1.58727944E-04
 1.53968370E-04
 1.46713424E-04
 1.45590439E-04
 1.54595735E-04
 1.61084285E-04
 1.65037017E-04
 1.66434657E-04
 1.65257729E-04
 1.61486548E-04
 1.55101224E-04
 1.46081652E-04
 1.34407514E-04
 1.20058274E-04
 1.03013173E-04
 8.32512320E-05
 6.07512419E-05
 3.54917649E-05
 7.45112921E-06
 1.58746476E-05
 3.46427615E-05
 5.06561652E-05
 6.38929090E-05
 7.43308002E-05
 8.19473991E-05
 8.67200157E-05
 8.86257056E-05
 8.76412671E-05
 8.37432366E-05
 7.69078855E-05
 6.71112156E-05
 5.43289558E-05
 3.85365576E-05
 1.97091910E-05
 2.28813210E-06
 2.50055409E-05
 4.47015497E-05
 6.13508565E-05
 7.49278632E-05
 8.54066722E-05
 9.27610810E-05
 9.69645776E-05
 9.79903363E-05
 9.58112123E-05
 9.03997369E-05
 8.17281128E-05
 6.97682085E-05
 5.44915532E-05
 3.58693317E-05
 1.38723788E-05
 1.19056091E-06
 1.47006028E-06
 1.65606834E-06
 8.21796834E-06
 1.82461565E-05
 3.17715288E-05
 4.88253668E-05
 6.94393439E-05
 5.88994939E-04
 4.39730465E-04
 2.41122010E-04
 4.27300091E-05
 1.47905589E-05
 1.03056872E-05
 5.82072361E-06
 1.33566713E-06
 3.54825585E-05
 8.04463293E-05
 1.26493015E-04
 1.84058484E-05
 3.00178569E-07
 2.88713416E-07
 2.77151978E-07
 4.98029841E-07
 4.80847421E-07
 4.62580743E-07
 4.44288205E-07
 4.25970200E-07
 4.07626473E-07
 3.89256428E-07
 3.70860462E-07
 3.54327543E-07
 3.50994610E-07
 3.47648377E-07
 3.44291459E-07
 3.40915334E-07
 3.37542519E-07
 3.34141855E-07
 3.30714077E-07
 3.27281963E-07
 3.23877600E-07
 3.20444905E-07
 3.16983925E-07
 3.13494357E-07
 3.09976248E-07
 3.06429641E-07
 3.02853521E-07
 2.96636208E-07
 2.87429112E-07
 2.78192253E-07
 2.68926027E-07
 2.59629387E-07
 2.50302721E-07
 2.40945331E-07
 2.31557243E-07
 2.22138481E-07
 2.12688330E-07
 2.03207178E-07
 1.93694302E-07
 4.06430986E-07
 4.01769354E-07
 3.97099594E-07
 3.92421232E-07
 3.90703807E-07
 3.89663174E-07
 3.88614030E-07
 3.87556270E-07
 3.86489407E-07
 3.85414110E-07
 3.84330285E-07
 3.83237038E-07
 3.82135050E-07
 3.81024214E-07
 3.79904028E-07
 3.78774778E-07
 3.77636355E-07
 3.76488643E-07
 3.75331533E-07
 3.74164907E-07
 3.72989059E-07
 3.71803463E-07
 3.70607996E-07
 3.69403365E-07
 3.68188623E-07
 3.66963642E-07
 3.65729134E-07
 3.64484133E-07
 3.63229352E-07
 3.61964668E-07
 3.60689095E-07
 3.59403354E-07
 3.58107313E-07
 3.56800837E-07
 3.55482920E-07
 3.52849428E-07
 3.48899355E-07
 3.44937846E-07
 3.40965633E-07
 3.36982132E-07
 3.32987631E-07
 3.28981991E-07
 3.24964603E-07
 3.20936215E-07
 3.16895769E-07
 3.12844011E-07
 3.08779864E-07
 3.04704547E-07
 3.00616976E-07
 2.96517442E-07
 2.92405311E-07
 2.88281348E-07
 2.84144434E-07
 2.79994865E-07
 2.75833414E-07
 2.71658950E-07
 2.67470799E-07
 2.63270223E-07
 2.59056548E-07
 2.54829587E-07
 2.50589141E-07
 2.46335015E-07
 2.42067496E-07
 2.37785388E-07
 2.33490483E-07
 2.29180566E-07
 2.24856425E-07
 2.20518864E-07
 2.16165626E-07
 2.11798532E-07
 2.07416331E-07
 2.03018790E-07
 1.98606716E-07
 1.94178829E-07
 1.89735934E-07
 1.85276734E-07
 1.80802034E-07
 1.76311594E-07
 1.71804611E-07
 1.67281366E-07
 1.62741594E-07
 1.58185026E-07
 1.53611935E-07
 1.49021493E-07
 1.44413418E-07
 1.39787972E-07
 1.35144301E-07
 1.30483231E-07
 1.25803899E-07
 1.21105992E-07
 1.16389774E-07
 1.11654339E-07
 1.06899362E-07
 1.02125675E-07
 9.73323616E-08
 9.25184853E-08
 8.76848679E-08
 3.00961886E-07
 2.98286907E-07
 2.95605686E-07
 2.92919935E-07
 2.90228351E-07
 2.87530822E-07
 2.84827241E-07
 2.82118746E-07
 2.79403985E-07
 2.76682849E-07
 2.73955846E-07
 2.71222227E-07
 2.68483156E-07
 2.65737231E-07
 2.62984975E-07
 2.60225607E-07
 2.57459651E-07
 2.54686968E-07
 2.51907442E-07
 2.49120252E-07
 2.46326604E-07
 2.43525005E-07
 2.40715980E-07
 2.37899379E-07
 2.35075049E-07
 2.32242128E-07
 2.29401845E-07
 2.26552637E-07
 2.23695737E-07
 2.20829548E-07
 2.17954601E-07
 2.15070707E-07
 2.12176933E-07
 2.09274552E-07
 2.06361886E-07
 2.03439460E-07
 2.00507057E-07
 1.97563698E-07
 1.94610665E-07
 1.91645434E-07
 1.88669285E-07
 1.85681956E-07
 1.82681630E-07
 1.79669592E-07
 1.76644761E-07
 1.73607647E-07
 1.70555543E-07
 1.67490526E-07
 1.64410650E-07
 1.61316387E-07
 1.58205716E-07
 1.55079929E-07
 1.51936943E-07
 1.48777209E-07
 1.45599424E-07
 1.42403159E-07
 1.39187065E-07
 4.54380523E-07
 4.90971727E-07
 5.14644136E-07
 5.32550751E-07
 5.47007785E-07
 3.35839176E-07
 3.37494496E-07
 3.39998736E-07
 3.42224900E-07
 3.44222646E-07
 3.46027815E-07
 3.47667375E-07
 3.49162811E-07
 3.50532646E-07
 3.51789404E-07
 3.52946160E-07
 3.54011595E-07
 3.54994748E-07
 3.55902045E-07
 3.56740192E-07
 3.57513073E-07
 3.58226886E-07
 3.58884879E-07
 3.59491575E-07
 3.60048426E-07
 3.60559174E-07
 3.61026596E-07
 3.61453614E-07
 3.61839917E-07
 3.62189741E-07
 3.62502907E-07
 3.62782718E-07
 3.63029139E-07
 3.63243284E-07
 3.63427554E-07
 3.63582029E-07
 3.63708007E-07
 3.63805658E-07
 3.63876348E-07
 3.63921574E-07
 3.63940331E-07
 3.63934145E-07
 3.63903291E-07
 3.63848103E-07
 3.63768223E-07
 3.63665333E-07
 3.63539854E-07
 3.63390787E-07
 3.63218504E-07
 3.63024132E-07
 3.62807383E-07
 3.62567973E-07
 3.62305612E-07
 3.62021479E-07
 3.61714518E-07
 3.61385163E-07
 3.61033124E-07
 3.60658044E-07
 3.60260345E-07
 3.59838903E-07
 3.59394113E-07
 3.58925534E-07
 3.58432741E-07
 3.57915261E-07
 3.57371704E-07
 3.56802326E-07
 3.56207474E-07
 3.55584690E-07
 3.54934073E-07
 3.54823938E-07
 3.55024304E-07
 3.55194317E-07
 3.55332915E-07
 3.55438020E-07
 3.55510390E-07
 3.55546559E-07
 3.55546118E-07
 3.55508437E-07
 3.55429541E-07
 3.55308491E-07
 3.55143068E-07
 3.54931809E-07
 3.54672094E-07
 3.54359595E-07
 3.53992737E-07
 3.53568284E-07
 3.53081400E-07
 3.52529241E-07
 3.51907870E-07
 3.51211342E-07
 3.50434248E-07
 3.49570373E-07
 3.48614149E-07
 3.47558092E-07
 3.46393513E-07
 3.45110139E-07
 3.43698452E-07
 3.42146092E-07
 3.40440049E-07
 3.38564431E-07
 3.32196093E-07
 3.16147450E-07
 5.15434994E-07
 4.89254041E-07
 4.61947673E-07
 4.33371669E-07
 4.03352524E-07
 3.71684959E-07
 2.60216827E-03
 7.97365298E-03
 1.33451354E-02
 1.87166151E-02
 9.41111356E-02
 2.22262856E-01
 4.25721852E-01
 0.00000000E+00
 0.00000000E+00
 0.00000000E+00
 0.00000000E+00
 0.00000000E+00
 0.00000000E+00
 0.00000000E+00
 0.00000000E+00
 0.00000000E+00
 0.00000000E+00
 0.00000000E+00
 0.00000000E+00
 0.00000000E+00
 0.00000000E+00
 0.00000000E+00
 0.00000000E+00
 4.98506482E-01
 2.49756424E-01
 1.21951217E-01
 4.89134705E-03
 3.61774730E-03
 2.34123008E-03
 1.06177885E-03
 9.84642820E-07
 5.84563569E-06
 9.22389490E-06
 1.11107664E-05
 1.14975268E-05
 1.03753828E-05
 7.73547045E-06
 3.56885434E-06
 4.13100483E-06
 1.51223887E-05
 2.45816045E-05
 3.24995479E-05
 3.88670401E-05
 4.36748275E-05
 4.69135805E-05
 4.85738930E-05
 4.86462816E-05
 4.71211844E-05
 4.39889608E-05
 3.92398900E-05
 3.28641706E-05
 2.48519196E-05
 1.51931715E-05
 3.87787735E-06
 8.81194021E-06
 2.02403076E-05
 3.00142960E-05
 3.81237075E-05
 4.45582579E-05
 4.93075753E-05
 5.23611999E-05
 5.37085823E-05
 5.33390833E-05
 5.12419720E-05
 4.74064255E-05
 4.18215276E-05
 3.44762679E-05
 2.53595405E-05
 1.44601432E-05
 2.63295662E-06
 1.58708179E-05
 2.73284718E-05
 3.69945426E-05
 4.48575549E-05
 5.09059320E-05
 5.51279946E-05
 5.75119603E-05
 5.80459418E-05
 5.67179457E-05
 5.35158720E-05
 4.84275118E-05
 4.14405471E-05
 3.25425486E-05
 2.17209753E-05
 8.96317233E-06
 8.68760074E-06
 3.05390129E-05
 5.04693576E-05
 6.84658529E-05
 8.45155997E-05
 9.86055801E-05
 1.10722656E-04
 1.20853568E-04
 1.28984934E-04
 1.35103247E-04
 1.39194874E-04
 1.41246055E-04
 1.41242900E-04
 1.39171390E-04
 1.35017374E-04
 1.28766565E-04
 1.32475828E-04
 1.38804125E-04
 1.43016840E-04
 1.45099298E-04
 1.45036686E-04
 1.42814045E-04
 1.38416276E-04
 1.31828131E-04
 1.23034216E-04
 1.12018986E-04
 9.87667449E-05
 8.32616440E-05
 6.54876785E-05
 4.54286862E-05
 2.30683459E-05
 1.74321926E-06
 2.84236432E-05
 5.28366710E-05
 7.49658949E-05
 9.47947424E-05
 1.12306475E-04
 1.27484185E-04
 1.40310794E-04
 1.50769050E-04
 1.58841526E-04
 1.64510618E-04
 1.67758542E-04
 1.68567328E-04
 1.66918827E-04
 1.62794698E-04
 1.56176411E-04
 1.55179288E-04
 1.63561874E-04
 1.69426859E-04
 1.72755166E-04
 1.73527516E-04
 1.71724427E-04
 1.67326211E-04
 1.60312970E-04
 1.50664596E-04
 1.38360764E-04
 1.23380933E-04
 1.05704340E-04
 8.53099978E-05
 6.21766941E-05
 3.62829847E-05
 7.60719239E-06
 1.58706853E-05
 3.46375014E-05
 5.06497890E-05
 6.38856013E-05
 7.43227481E-05
 8.19387922E-05
 8.67110464E-05
 8.86165691E-05
 8.76321613E-05
 8.37343623E-05
 7.68994463E-05
 6.71034181E-05
 5.43220096E-05
 3.85306751E-05
 1.97045881E-05
 2.28470720E-06
 2.50004149E-05
 4.46949383E-05
 6.13429784E-05
 7.49189408E-05
 8.53969309E-05
 9.27507495E-05
 9.69538884E-05
 9.79795251E-05
 9.58005185E-05
 9.03894036E-05
 8.17183866E-05
 6.97593399E-05
 5.44837965E-05
 3.58629452E-05
 1.38676246E-05
 4.50276849E-06
 1.23726566E-05
 1.68525018E-05
 1.79122897E-05
 1.55216340E-05
 9.64977046E-06
 2.65551070E-07
 1.26625624E-05
 5.22967755E-04
 4.76632181E-04
 2.67880053E-04
 5.93206007E-05
 3.64343238E-06
 2.53966013E-06
 1.43579547E-06
 3.31837823E-07
 3.63936626E-05
 8.28618403E-05
 1.30449151E-04
 1.87479917E-05
 3.75371261E-08
 2.64054194E-08
 1.51764998E-08
 2.36190271E-07
 2.18719649E-07
 2.00128744E-07
 1.81512348E-07
 1.62869879E-07
 1.44201730E-07
 1.25507309E-07
 1.06786348E-07
 8.99739223E-08
 8.66820536E-08
 8.33773859E-08
 8.00619215E-08
 7.67275568E-08
 7.33972081E-08
 7.00390471E-08
 6.66531227E-08
 6.32636765E-08
 5.99035193E-08
 5.65150607E-08
 5.30976508E-08
 4.96520298E-08
 4.61775433E-08
 4.26735284E-08
 3.91407281E-08
 3.28790517E-08
 2.35278949E-08
 1.41473545E-08
 4.73638526E-09
 4.70462351E-09
 1.41760051E-08
 2.36780947E-08
 3.32112355E-08
 4.27757762E-08
 5.23713318E-08
 6.19986213E-08
 1.46848103E-07
 1.42083143E-07
 1.37310414E-07
 1.32528699E-07
 1.27738647E-07
 1.26008725E-07
 1.24978401E-07
 1.23939068E-07
 1.22891390E-07
 1.21834882E-07
 1.20769827E-07
 1.19695345E-07
 1.18612108E-07
 1.17520014E-07
 1.16418953E-07
 1.15308419E-07
 1.14188701E-07
 1.13059686E-07
 1.11921260E-07
 1.10773714E-07
 1.09616530E-07
 1.08449178E-07
 1.07272764E-07
 1.06086352E-07
 1.04890647E-07
 1.03684698E-07
 1.02468377E-07
 1.01242391E-07
 1.00006618E-07
 9.87600871E-08
 9.75035107E-08
 9.62367597E-08
 9.49588442E-08
 9.36709136E-08
 9.23724010E-08
 9.10627386E-08
 8.84734567E-08
 8.46039808E-08
 8.07233556E-08
 7.68318776E-08
 7.29289570E-08
 6.90148870E-08
 6.50895164E-08
 6.11526923E-08
 5.72042564E-08
 5.32440536E-08
 4.92719220E-08
 4.52881537E-08
 4.12925921E-08
 3.72846032E-08
 3.32644858E-08
 2.92320668E-08
 2.51871691E-08
 2.11300941E-08
 1.70597139E-08
 1.29767966E-08
 8.88115820E-09
 4.77262040E-09
 6.50505584E-10
 3.48440947E-09
 7.63328609E-09
 1.17953501E-08
 1.59707958E-08
 2.01608179E-08
 2.43641321E-08
 2.85814406E-08
 3.28134605E-08
 3.70594007E-08
 4.13199809E-08
 4.55954248E-08
 4.98854504E-08
 5.41902784E-08
 5.85106603E-08
 6.28457922E-08
 6.71969595E-08
 7.15633558E-08
 7.59457534E-08
 8.03438746E-08
 8.47585077E-08
 8.91893754E-08
 9.36362010E-08
 9.80997876E-08
 1.02580960E-07
 1.07078900E-07
 1.11593888E-07
 1.16126203E-07
 1.20676699E-07
 1.25245113E-07
 1.29831183E-07
 1.34435776E-07
 1.39059209E-07
 1.43701228E-07
 1.48362731E-07
 1.53043473E-07
 1.57743207E-07
 1.62462848E-07
 1.67203342E-07
 1.71963266E-07
 4.30146308E-08
 4.04305481E-08
 3.78401414E-08
 3.52451210E-08
 3.26435684E-08
 3.00365923E-08
 2.74240974E-08
 2.48053515E-08
 2.21808736E-08
 1.95505516E-08
 1.69136416E-08
 1.42706608E-08
 1.16208448E-08
 8.96536310E-09
 6.30280074E-09
 3.63367495E-09
 9.57202299E-10
 1.72543599E-09
 4.41502804E-09
 7.11238481E-09
 9.81698611E-09
 1.25289721E-08
 1.52485017E-08
 1.79757141E-08
 2.07107792E-08
 2.34538529E-08
 2.62058012E-08
 2.89653972E-08
 3.17335110E-08
 3.45103231E-08
 3.72967450E-08
 4.00915159E-08
 4.28962917E-08
 4.57105433E-08
 4.85344797E-08
 5.13683118E-08
 5.42122621E-08
 5.70673029E-08
 5.99329243E-08
 6.28093654E-08
 6.56976421E-08
 6.85972506E-08
 7.15092306E-08
 7.44338655E-08
 7.73714481E-08
 8.03214786E-08
 8.32858763E-08
 8.62641637E-08
 8.92566612E-08
 9.22645522E-08
 9.52873667E-08
 9.83271551E-08
 1.01383481E-07
 1.04456752E-07
 1.07548262E-07
 1.10659319E-07
 1.13789544E-07
 1.98519469E-07
 2.38201000E-07
 2.63069660E-07
 2.81709937E-07
 2.96700377E-07
 8.50120694E-08
 8.67523904E-08
 8.90869753E-08
 9.11346863E-08
 9.29476704E-08
 9.45615243E-08
 9.60068298E-08
 9.73039558E-08
 9.84732686E-08
 9.95271947E-08
 1.00478724E-07
 1.01336437E-07
 1.02111342E-07
 1.02808801E-07
 1.03435461E-07
 1.03997240E-07
 1.04497178E-07
 1.04941638E-07
 1.05332987E-07
 1.05674779E-07
 1.05969658E-07
 1.06220392E-07
 1.06428753E-07
 1.06597764E-07
 1.06728247E-07
 1.06822859E-07
 1.06882586E-07
 1.06909099E-07
 1.06903535E-07
 1.06866485E-07
 1.06800403E-07
 1.06704767E-07
 1.06580955E-07
 1.06429708E-07
 1.06251883E-07
 1.06048330E-07
 1.05818660E-07
 1.05564427E-07
 1.05285977E-07
 1.04982253E-07
 1.04655642E-07
 1.04305816E-07
 1.03931780E-07
 1.03535326E-07
 1.03115409E-07
 1.02673182E-07
 1.02208329E-07
 1.01720571E-07
 1.01210326E-07
 1.00677299E-07
 1.00121882E-07
 9.95430535E-08
 9.89411622E-08
 9.83158537E-08
 9.76675992E-08
 9.69951212E-08
 9.62988654E-08
 9.55774875E-08
 9.48313717E-08
 9.40599671E-08
 9.32627094E-08
 9.24380890E-08
 9.15863425E-08
 9.07066822E-08
 9.07798377E-08
 9.14138410E-08
 9.20163715E-08
 9.25863092E-08
 9.31245954E-08
 9.36288920E-08
 9.40968282E-08
 9.45268323E-08
 9.49193145E-08
 9.52713777E-08
 9.55798795E-08
 9.58446792E-08
 9.60622136E-08
 9.62308619E-08
 9.63474752E-08
 9.64085770E-08
 9.64110252E-08
 9.63510743E-08
 9.62258678E-08
 9.60293232E-08
 9.57575642E-08
 9.54043602E-08
 9.49649424E-08
 9.44314253E-08
 9.37969887E-08
 9.30528236E-08
 9.21891886E-08
 9.11965764E-08
 9.00616228E-08
 8.87719588E-08
 8.73105815E-08
 8.06470305E-08
 6.27397375E-08
 2.61962136E-07
 2.33846191E-07
 2.04596367E-07
 1.74065222E-07
 1.42080526E-07
 1.08434074E-07
 6.19636885E-04
 1.89869905E-03
 3.17775868E-03
 4.45681534E-03
 7.81006572E-02
 2.06266030E-01
 4.12257144E-01
 0.00000000E+00
 0.00000000E+00
 0.00000000E+00
 0.00000000E+00
 0.00000000E+00
 0.00000000E+00
 0.00000000E+00
 0.00000000E+00
 0.00000000E+00
 0.00000000E+00
 0.00000000E+00
 0.00000000E+00
 0.00000000E+00
 0.00000000E+00
 0.00000000E+00
 0.00000000E+00
 4.89241505E-01
 2.39386360E-01
 1.14384935E-01
 2.42276545E-07
 2.24947532E-06
 2.79798824E-06
 1.87937657E-06
 9.86172717E-07
 5.84697535E-06
 9.22510448E-06
 1.11119066E-05
 1.14986591E-05
 1.03765692E-05
 7.73677348E-06
 3.57033725E-06
 4.13246886E-06
 1.51233960E-05
 2.45822190E-05
 3.24998338E-05
 3.88670626E-05
 4.36746522E-05
 4.69132738E-05
 4.85735220E-05
 4.86459140E-05
 4.71208887E-05
 4.39888061E-05
 3.92399461E-05
 3.28645082E-05
 2.48526100E-05
 1.51942867E-05
 3.87949027E-06
 8.87524875E-06
 2.03932632E-05
 3.02570851E-05
 3.84565178E-05
 4.49812785E-05
 4.98209970E-05
 5.29652148E-05
 5.44033842E-05
 5.41248672E-05
 5.21189347E-05
 4.83747652E-05
 4.28814442E-05
 3.56279628E-05
 2.66032168E-05
 1.57960054E-05
 4.05548796E-06
 1.72026823E-05
 2.85696356E-05
 3.81449727E-05
 4.59172181E-05
 5.18747954E-05
 5.60060256E-05
 5.82991265E-05
 5.87422109E-05
 5.73232858E-05
 5.40302514E-05
 4.88508991E-05
 4.17729111E-05
 3.27838585E-05
 2.18712003E-05
 9.02228228E-06
 8.68334179E-06
 3.05177189E-05
 5.04311014E-05
 6.84107082E-05
 8.44436412E-05
 9.85168834E-05
 1.10617298E-04
 1.20731626E-04
 1.28846487E-04
 1.34948375E-04
 1.39023657E-04
 1.41058575E-04
 1.41039241E-04
 1.38951636E-04
 1.34781610E-04
 1.28514877E-04
 1.32230798E-04
 1.38574683E-04
 1.42803122E-04
 1.44901441E-04
 1.44854828E-04
 1.42648327E-04
 1.38266839E-04
 1.31695119E-04
 1.22917773E-04
 1.11919259E-04
 9.86838829E-05
 8.31957964E-05
 6.54389970E-05
 4.53973243E-05
 2.30544586E-05
 1.74457575E-06
 2.84045501E-05
 5.27972267E-05
 7.49061992E-05
 9.47148967E-05
 1.12206582E-04
 1.27364349E-04
 1.40171120E-04
 1.50609646E-04
 1.58662502E-04
 1.64312083E-04
 1.67540608E-04
 1.68330110E-04
 1.66662439E-04
 1.62519257E-04
 1.55882037E-04
 1.54881142E-04
 1.63282105E-04
 1.69165652E-04
 1.72512708E-04
 1.73303996E-04
 1.71520037E-04
 1.67141144E-04
 1.60147424E-04
 1.50518768E-04
 1.38234857E-04
 1.23275150E-04
 1.05618887E-04
 8.52450851E-05
 6.21325329E-05
 3.62597893E-05
 7.60518001E-06
 1.58729508E-05
 3.46385213E-05
 5.06497452E-05
 6.38846784E-05
 7.43211332E-05
 8.19366751E-05
 8.67086196E-05
 8.86140278E-05
 8.76297034E-05
 8.37321888E-05
 7.68977608E-05
 6.71024273E-05
 5.43219231E-05
 3.85317056E-05
 1.97069513E-05
 2.28830276E-06
 2.50023725E-05
 4.46954738E-05
 6.13423109E-05
 7.49172924E-05
 8.53945271E-05
 9.27478194E-05
 9.69506643E-05
 9.79762430E-05
 9.57974178E-05
 9.03867274E-05
 8.17163818E-05
 6.97582570E-05
 5.44838899E-05
 3.58644732E-05
 1.38708496E-05
 5.54300279E-06
 1.57843559E-05
 2.26407189E-05
 2.60821205E-05
 2.60782179E-05
 2.25982914E-05
 1.56112375E-05
 5.08556336E-06
 4.91217601E-04
 5.36629045E-04
 3.06496226E-04
 7.65320647E-05
 5.09645990E-06
 3.38819631E-06
 1.68002588E-06
 2.80511074E-08
 3.78805940E-05
 8.58535208E-05
 1.34981806E-04
 1.96659095E-05
 3.50564975E-07
 3.39788689E-07
 3.28914888E-07
 5.50074459E-07
 5.32338605E-07
 5.13447082E-07
 4.94529462E-07
 4.75585810E-07
 4.56616191E-07
 4.37620341E-07
 4.18597665E-07
 4.01526387E-07
 3.98277847E-07
 3.95016340E-07
 3.91744933E-07
 3.88454253E-07
 3.85168296E-07
 3.81854557E-07
 3.78513086E-07
 3.75168222E-07
 3.71854530E-07
 3.68511873E-07
 3.65140635E-07
 3.61740863E-07
 3.58311549E-07
 3.54853080E-07
 3.51365493E-07
 3.45061323E-07
 3.35568313E-07
 3.26045577E-07
 3.16492788E-07
 3.06909252E-07
 2.97294991E-07
 2.87650032E-07
 2.77973664E-07
 2.68265906E-07
 2.58526772E-07
 2.48755539E-07
 4.58577766E-07
 4.53703611E-07
 4.48820834E-07
 4.43929707E-07
 4.39030139E-07
 4.37289907E-07
 4.36272082E-07
 4.35245518E-07
 4.34210112E-07
 4.33166147E-07
 4.32113135E-07
 4.31050966E-07
 4.29979925E-07
 4.28899905E-07
 4.27810405E-07
 4.26712105E-07
 4.25604100E-07
 4.24487073E-07
 4.23360113E-07
 4.22223904E-07
 4.21078331E-07
 4.19922466E-07
 4.18757412E-07
 4.17582227E-07
 4.16397615E-07
 4.15202627E-07
 4.13997548E-07
 4.12782670E-07
 4.11557451E-07
 4.10321330E-07
 4.09075872E-07
 4.07819249E-07
 4.06552171E-07
 4.05274507E-07
 4.03986115E-07
 4.02686856E-07
 4.00105073E-07
 3.96241493E-07
 3.92365735E-07
 3.88479412E-07
 3.84581936E-07
 3.80672708E-07
 3.76752473E-07
 3.72820173E-07
 3.68876556E-07
 3.64921009E-07
 3.60953366E-07
 3.56974386E-07
 3.52982520E-07
 3.48978985E-07
 3.44963148E-07
 3.40934370E-07
 3.36893879E-07
 3.32840092E-07
 3.28773294E-07
 3.24694255E-07
 3.20601837E-07
 3.16496328E-07
 3.12378025E-07
 3.08245767E-07
 3.04100331E-07
 2.99941025E-07
 2.95768146E-07
 2.91581486E-07
 2.87380342E-07
 2.83165501E-07
 2.78935745E-07
 2.74691864E-07
 2.70433136E-07
 2.66159841E-07
 2.61871757E-07
 2.57568659E-07
 2.53250309E-07
 2.48915944E-07
 2.44566373E-07
 2.40200822E-07
 2.35819569E-07
 2.31422365E-07
 2.27008954E-07
 2.22579077E-07
 2.18132465E-07
 2.13668848E-07
 2.09187948E-07
 2.04690587E-07
 2.00175379E-07
 1.95642590E-07
 1.91091360E-07
 1.86523078E-07
 1.81935755E-07
 1.77330205E-07
 1.72706120E-07
 1.68063180E-07
 1.63400485E-07
 1.58718274E-07
 1.54016790E-07
 1.49295112E-07
 1.44552883E-07
 3.58969186E-07
 3.56405447E-07
 3.53835999E-07
 3.51261338E-07
 3.48680767E-07
 3.46094790E-07
 3.43503307E-07
 3.40905597E-07
 3.38302165E-07
 3.35692287E-07
 3.33076461E-07
 3.30454588E-07
 3.27826546E-07
 3.25191575E-07
 3.22550190E-07
 3.19902272E-07
 3.17247685E-07
 3.14586311E-07
 3.11917344E-07
 3.09241974E-07
 3.06559403E-07
 3.03868807E-07
 3.01171387E-07
 2.98465644E-07
 2.95752089E-07
 2.93031260E-07
 2.90301609E-07
 2.87564358E-07
 2.84817938E-07
 2.82063578E-07
 2.79299679E-07
 2.76527482E-07
 2.73745357E-07
 2.70954557E-07
 2.68153412E-07
 2.65342447E-07
 2.62521443E-07
 2.59690935E-07
 2.56848438E-07
 2.53995968E-07
 2.51131775E-07
 2.48256358E-07
 2.45368688E-07
 2.42469269E-07
 2.39557030E-07
 2.36631687E-07
 2.33692932E-07
 2.30741240E-07
 2.27774695E-07
 2.24793760E-07
 2.21797262E-07
 2.18785645E-07
 2.15756873E-07
 2.12712220E-07
 2.09649577E-07
 2.06568504E-07
 2.03468535E-07
 2.00348330E-07
 5.08883228E-07
 5.52220567E-07
 5.78307689E-07
 5.97643657E-07
 6.13111122E-07
 4.00852128E-07
 4.02660693E-07
 4.04973564E-07
 4.06989892E-07
 4.08765198E-07
 4.10335786E-07
 4.11733956E-07
 4.12980899E-07
 4.14095888E-07
 4.15093168E-07
 4.15986642E-07
 4.16785843E-07
 4.17498706E-07
 4.18132526E-07
 4.18694927E-07
 4.19190765E-07
 4.19625122E-07
 4.20002236E-07
 4.20325484E-07
 4.20598402E-07
 4.20823607E-07
 4.21003837E-07
 4.21141954E-07
 4.21239828E-07
 4.21299433E-07
 4.21321083E-07
 4.21308650E-07
 4.21261452E-07
 4.21182339E-07
 4.21071344E-07
 4.20930857E-07
 4.20761009E-07
 4.20561880E-07
 4.20334862E-07
 4.20081367E-07
 4.19801651E-07
 4.19495925E-07
 4.19165119E-07
 4.18809503E-07
 4.18429429E-07
 4.18025180E-07
 4.17596445E-07
 4.17145646E-07
 4.16671071E-07
 4.16172449E-07
 4.15652255E-07
 4.15108060E-07
 4.14541709E-07
 4.13952179E-07
 4.13339127E-07
 4.12703716E-07
 4.12044877E-07
 4.11363000E-07
 4.10657686E-07
 4.09928619E-07
 4.09175348E-07
 4.08397386E-07
 4.07595110E-07
 4.06767196E-07
 4.05913917E-07
 4.05033853E-07
 4.04127234E-07
 4.03193361E-07
 4.02230577E-07
 4.02361535E-07
 4.03135389E-07
 4.03878568E-07
 4.04590075E-07
 4.05267634E-07
 4.05911032E-07
 4.06517838E-07
 4.07088580E-07
 4.07618326E-07
 4.08108415E-07
 4.08555685E-07
 4.08957912E-07
 4.09312380E-07
 4.09617538E-07
 4.09870266E-07
 4.10066987E-07
 4.10205056E-07
 4.10280149E-07
 4.10288756E-07
 4.10225374E-07
 4.10086576E-07
 4.09865544E-07
 4.09557342E-07
 4.09154755E-07
 4.08649358E-07
 4.08034515E-07
 4.07298081E-07
 4.06431954E-07
 4.05422654E-07
 4.04255775E-07
 4.02917855E-07
 3.96117909E-07
 3.77509362E-07
 3.58666867E-07
 5.48939839E-07
 5.18901015E-07
 4.87572694E-07
 4.54777876E-07
 4.20306956E-07
 4.03992723E-07
 4.06821921E-07
 4.07040695E-07
 4.04180264E-07
 7.14973603E-02
 1.96862008E-01
 4.02571397E-01
 0.00000000E+00
 0.00000000E+00
 0.00000000E+00
 0.00000000E+00
 0.00000000E+00
 0.00000000E+00
 0.00000000E+00
 0.00000000E+00
 0.00000000E+00
 0.00000000E+00
 0.00000000E+00
 0.00000000E+00
 0.00000000E+00
 0.00000000E+00
 0.00000000E+00
 0.00000000E+00
 4.81252085E-01
 2.31568798E-01
 1.10649526E-01
 2.45004045E-07
 2.25213669E-06
 2.80064194E-06
 1.88208167E-06
 9.88927908E-07
 5.84954697E-06
 9.22755270E-06
 1.11142922E-05
 1.15010434E-05
 1.03790142E-05
 7.73934189E-06
 3.57309222E-06
 4.13521187E-06
 1.51256898E-05
 2.45841271E-05
 3.25014208E-05
 3.88683935E-05
 4.36757927E-05
 4.69142903E-05
 4.85744815E-05
 4.86468843E-05
 4.71219383E-05
 4.39900040E-05
 3.92413624E-05
 3.28662133E-05
 2.48546752E-05
 1.51967842E-05
 3.88249277E-06
 9.10664653E-06
 2.09570333E-05
 3.11537191E-05
 3.96865107E-05
 4.65451285E-05
 5.17192056E-05
 5.51982867E-05
 5.69718277E-05
 5.70291938E-05
 5.53596594E-05
 5.19524066E-05
 4.67965241E-05
 3.98810067E-05
 3.11947536E-05
 2.07265679E-05
 9.30458889E-06
 2.21186807E-05
 3.31521846E-05
 4.23937234E-05
 4.98318201E-05
 5.54548965E-05
 5.92512720E-05
 6.12091624E-05
 6.13166790E-05
 5.95618270E-05
 5.59325047E-05
 5.04165019E-05
 4.30014988E-05
 3.36750648E-05
 2.24246571E-05
 9.23761966E-06
 8.58911083E-06
 3.01618236E-05
 4.98132727E-05
 6.75306760E-05
 8.33011339E-05
 9.71116285E-05
 1.08949022E-04
 1.18800053E-04
 1.26651341E-04
 1.32489379E-04
 1.36300532E-04
 1.38071041E-04
 1.37787016E-04
 1.35434438E-04
 1.30999155E-04
 1.24466880E-04
 1.28294842E-04
 1.34899007E-04
 1.39388215E-04
 1.41747796E-04
 1.41962943E-04
 1.40018702E-04
 1.35899980E-04
 1.29591534E-04
 1.21077976E-04
 1.10343767E-04
 9.73732169E-05
 8.21504819E-05
 6.46595637E-05
 4.48843061E-05
 2.28083939E-05
 1.72979835E-06
 2.80779960E-05
 5.21585392E-05
 7.39550199E-05
 9.34508654E-05
 1.10629337E-04
 1.25473526E-04
 1.37966355E-04
 1.48090572E-04
 1.55828749E-04
 1.61163282E-04
 1.64076386E-04
 1.64550094E-04
 1.62566253E-04
 1.58106524E-04
 1.51152378E-04
 1.50088788E-04
 1.58799524E-04
 1.64993503E-04
 1.68651652E-04
 1.69754703E-04
 1.68283180E-04
 1.64217405E-04
 1.57537487E-04
 1.48223327E-04
 1.36254608E-04
 1.21610798E-04
 1.04271142E-04
 8.42146642E-05
 6.14201587E-05
 3.58661913E-05
 7.53109385E-06
 1.58778228E-05
 3.46421696E-05
 5.06523519E-05
 6.38864280E-05
 7.43222128E-05
 8.19372746E-05
 8.67089314E-05
 8.86142471E-05
 8.76300284E-05
 8.37328201E-05
 7.68989023E-05
 6.71042856E-05
 5.43247078E-05
 3.85356295E-05
 1.97122301E-05
 2.29483639E-06
 2.50072949E-05
 4.46990008E-05
 6.13446614E-05
 7.49186887E-05
 8.53951949E-05
 9.27479875E-05
 9.69505652E-05
 9.79761126E-05
 9.57974956E-05
 9.03872565E-05
 8.17176090E-05
 6.97604329E-05
 5.44872690E-05
 3.58693138E-05
 1.38774140E-05
 5.55024600E-06
 1.57908560E-05
 2.26467416E-05
 2.60879356E-05
 2.60840995E-05
 2.26045178E-05
 1.56180917E-05
 5.09333269E-06
 4.75048138E-04
 6.07154461E-04
 3.50529253E-04
 9.40484474E-05
 1.29805111E-05
 8.50160513E-06
 4.23982271E-06
 2.18657937E-08
 3.96088543E-05
 8.90868600E-05
 1.39756458E-04
 2.08250650E-05
 9.04710926E-07
 8.94300858E-07
 8.83792016E-07
 1.10509331E-06
 1.08710276E-06
 1.06792082E-06
 1.04871249E-06
 1.02947818E-06
 1.01021761E-06
 9.90930197E-07
 9.71616320E-07
 9.54295514E-07
 9.51090645E-07
 9.47873634E-07
 9.44646274E-07
 9.41400280E-07
 9.38159710E-07
 9.34891391E-07
 9.31594686E-07
 9.28295398E-07
 9.25028818E-07
 9.21733298E-07
 9.18408877E-07
 9.15055246E-07
 9.11672442E-07
 9.08260153E-07
 9.04818058E-07
 8.98472359E-07
 8.88838796E-07
 8.79174447E-07
 8.69480055E-07
 8.59754930E-07
 8.49998727E-07
 8.40211471E-07
 8.30392811E-07
 8.20542397E-07
 8.10660244E-07
 8.00745992E-07
 1.01154759E-06
 1.00656516E-06
 1.00157399E-06
 9.96574740E-07
 9.91566565E-07
 9.89816953E-07
 9.88812566E-07
 9.87799322E-07
 9.86777505E-07
 9.85746628E-07
 9.84706973E-07
 9.83658047E-07
 9.82600129E-07
 9.81532718E-07
 9.80456495E-07
 9.79370954E-07
 9.78275985E-07
 9.77171471E-07
 9.76057295E-07
 9.74933340E-07
 9.73800305E-07
 9.72657252E-07
 9.71504062E-07
 9.70341431E-07
 9.69168415E-07
 9.67985712E-07
 9.66792372E-07
 9.65589091E-07
 9.64375750E-07
 9.63152216E-07
 9.61917511E-07
 9.60672343E-07
 9.59417005E-07
 9.58150940E-07
 9.56873572E-07
 9.55585620E-07
 9.52994995E-07
 9.49101989E-07
 9.45197531E-07
 9.41282358E-07
 9.37354988E-07
 9.33416598E-07
 9.29466594E-07
 9.25504816E-07
 9.21531559E-07
 9.17546208E-07
 9.13549056E-07
 9.09539481E-07
 9.05517769E-07
 9.01484221E-07
 8.97437733E-07
 8.93379066E-07
 8.89307575E-07
 8.85223074E-07
 8.81125856E-07
 8.77015742E-07
 8.72893026E-07
 8.68756554E-07
 8.64606620E-07
 8.60443024E-07
 8.56266545E-07
 8.52075518E-07
 8.47870715E-07
 8.43652430E-07
 8.39419459E-07
 8.35172592E-07
 8.30911111E-07
 8.26634793E-07
 8.22343927E-07
 8.18038286E-07
 8.13717129E-07
 8.09381251E-07
 8.05029902E-07
 8.00662844E-07
 7.96279828E-07
 7.91881661E-07
 7.87467039E-07
 7.83036236E-07
 7.78588990E-07
 7.74125036E-07
 7.69644652E-07
 7.65147020E-07
 7.60632410E-07
 7.56099990E-07
 7.51550021E-07
 7.46982772E-07
 7.42397388E-07
 7.37793570E-07
 7.33171575E-07
 7.28531093E-07
 7.23871232E-07
 7.19192241E-07
 7.14493794E-07
 7.09776130E-07
 7.05038333E-07
 7.00280640E-07
 9.14090636E-07
 9.11513390E-07
 9.08931044E-07
 9.06342905E-07
 9.03748866E-07
 9.01149432E-07
 8.98544506E-07
 8.95933371E-07
 8.93316533E-07
 8.90693887E-07
 8.88064065E-07
 8.85429467E-07
 8.82788090E-07
 8.80139810E-07
 8.77485775E-07
 8.74824596E-07
 8.72156770E-07
 8.69482177E-07
 8.66801341E-07
 8.64112815E-07
 8.61417115E-07
 8.58714100E-07
 8.56003624E-07
 8.53285535E-07
 8.50559680E-07
 8.47826593E-07
 8.45084733E-07
 8.42335321E-07
 8.39576793E-07
 8.36810378E-07
 8.34034484E-07
 8.31250344E-07
 8.28456346E-07
 8.25653723E-07
 8.22841563E-07
 8.20019663E-07
 8.17187806E-07
 8.14345782E-07
 8.11492604E-07
 8.08629544E-07
 8.05754859E-07
 8.02869059E-07
 7.99971882E-07
 7.97062296E-07
 7.94140804E-07
 7.91206338E-07
 7.88259391E-07
 7.85298067E-07
 7.82323651E-07
 7.79335002E-07
 7.76330980E-07
 7.73312037E-07
 7.70276973E-07
 7.67225388E-07
 7.64156890E-07
 7.61071063E-07
 7.57966604E-07
 7.54842184E-07
 7.51699053E-07
 1.05528409E-06
 1.10318754E-06
 1.13057253E-06
 1.15060986E-06
 1.16654083E-06
 9.53704824E-07
 9.55573913E-07
 9.57933131E-07
 9.59987096E-07
 9.61791930E-07
 9.63387436E-07
 9.64804751E-07
 9.66067803E-07
 9.67196698E-07
 9.68205600E-07
 9.69107327E-07
 9.69913321E-07
 9.70631455E-07
 9.71269994E-07
 9.71835496E-07
 9.72332757E-07
 9.72767849E-07
 9.73143939E-07
 9.73466489E-07
 9.73736864E-07
 9.73959810E-07
 9.74136964E-07
 9.74271140E-07
 9.74364210E-07
 9.74418097E-07
 9.74434830E-07
 9.74415963E-07
 9.74363095E-07
 9.74276752E-07
 9.74158696E-07
 9.74010123E-07
 9.73832336E-07
 9.73624806E-07
 9.73389531E-07
 9.73127301E-07
 9.72837694E-07
 9.72522856E-07
 9.72182378E-07
 9.71815926E-07
 9.71425736E-07
 9.71010814E-07
 9.70571485E-07
 9.70109468E-07
 9.69622376E-07
 9.69113370E-07
 9.68580047E-07
 9.68024161E-07
 9.67444731E-07
 9.66842870E-07
 9.66217524E-07
 9.65569095E-07
 9.64896459E-07
 9.64201585E-07
 9.63482510E-07
 9.62738817E-07
 9.61971695E-07
 9.61179882E-07
 9.60362068E-07
 9.59519365E-07
 9.58651262E-07
 9.57755390E-07
 9.56832889E-07
 9.55883016E-07
 9.54904138E-07
 9.55034386E-07
 9.55816671E-07
 9.56567194E-07
 9.57285793E-07
 9.57970304E-07
 9.58620415E-07
 9.59234755E-07
 9.59810672E-07
 9.60347450E-07
 9.60843283E-07
 9.61294821E-07
 9.61702029E-07
 9.62061160E-07
 9.62370589E-07
 9.62625870E-07
 9.62825837E-07
 9.62965433E-07
 9.63042704E-07
 9.63052838E-07
 9.62990266E-07
 9.62850794E-07
 9.62629681E-07
 9.62319731E-07
 9.61914342E-07
 9.61405805E-07
 9.60786488E-07
 9.60045084E-07
 9.59172414E-07
 9.58154771E-07
 9.56979416E-07
 9.55630856E-07
 9.48767213E-07
 9.29983744E-07
 9.10962159E-07
 1.10280288E-06
 1.07250080E-06
 1.04089739E-06
 1.00781676E-06
 9.73047506E-07
 9.56601291E-07
 9.59476423E-07
 9.59719916E-07
 9.56858099E-07
 6.91706297E-02
 1.90454564E-01
 3.94602776E-01
 0.00000000E+00
 0.00000000E+00
 0.00000000E+00
 0.00000000E+00
 0.00000000E+00
 0.00000000E+00
 0.00000000E+00
 0.00000000E+00
 0.00000000E+00
 0.00000000E+00
 0.00000000E+00
 0.00000000E+00
 0.00000000E+00
 0.00000000E+00
 0.00000000E+00
 0.00000000E+00
 4.73262725E-01
 2.23751294E-01
 1.06914144E-01
 2.47542176E-07
 2.25460769E-06
 2.80310429E-06
 1.88459438E-06
 9.91489704E-07
 5.85192417E-06
 9.22980548E-06
 1.11164813E-05
 1.15032302E-05
 1.03812607E-05
 7.74171061E-06
 3.57564642E-06
 4.13775303E-06
 1.51277805E-05
 2.45858312E-05
 3.25028027E-05
 3.88695181E-05
 4.36767257E-05
 4.69150982E-05
 4.85752313E-05
 4.86476438E-05
 4.71227758E-05
 4.39909888E-05
 3.92425642E-05
 3.28677027E-05
 2.48565236E-05
 1.51990636E-05
 3.88527596E-06
 9.33782185E-06
 2.15205769E-05
 3.20501226E-05
 4.09162690E-05
 4.81087397E-05
 5.36171711E-05
 5.74311115E-05
 5.95400197E-05
 5.99332647E-05
 5.86001241E-05
 5.55297834E-05
 5.07113351E-05
 4.41337772E-05
 3.57860127E-05
 2.56568480E-05
 1.45534031E-05
 2.70343938E-05
 3.77344495E-05
 4.66421914E-05
 5.37461408E-05
 5.90347177E-05
 6.24962398E-05
 6.41189212E-05
 6.38908714E-05
 6.18000940E-05
 5.78344852E-05
 5.19818332E-05
 4.42298165E-05
 3.45660026E-05
 2.29778469E-05
 9.45269149E-06
 8.49461557E-06
 2.98056648E-05
 4.91951814E-05
 6.66503818E-05
 8.21583656E-05
 9.57061134E-05
 1.07280486E-04
 1.16868222E-04
 1.24455938E-04
 1.30030125E-04
 1.33577150E-04
 1.35083251E-04
 1.34534537E-04
 1.31916987E-04
 1.27216448E-04
 1.20418632E-04
 1.24358632E-04
 1.31223072E-04
 1.35973044E-04
 1.38593884E-04
 1.39070785E-04
 1.37388801E-04
 1.33532839E-04
 1.27487664E-04
 1.19237889E-04
 1.08767979E-04
 9.60622503E-05
 8.11048620E-05
 6.38798200E-05
 4.43709726E-05
 2.25620088E-05
 1.71469598E-06
 2.77511180E-05
 5.15195289E-05
 7.30035187E-05
 9.21865134E-05
 1.09051772E-04
 1.23582385E-04
 1.35761273E-04
 1.45571181E-04
 1.52994682E-04
 1.58014168E-04
 1.60611852E-04
 1.60769767E-04
 1.58469757E-04
 1.53693482E-04
 1.46422411E-04
 1.45296123E-04
 1.54316628E-04
 1.60821031E-04
 1.64790269E-04
 1.66205076E-04
 1.65045984E-04
 1.61293319E-04
 1.54927197E-04
 1.45927525E-04
 1.34273993E-04
 1.19946073E-04
 1.02923018E-04
 8.31838570E-05
 6.07073914E-05
 3.54721931E-05
 7.45660057E-06
 1.58822835E-05
 3.46454035E-05
 5.06545409E-05
 6.38877566E-05
 7.43228682E-05
 8.19374464E-05
 8.67088121E-05
 8.86140320E-05
 8.76299153E-05
 8.37330099E-05
 7.68995986E-05
 6.71056951E-05
 5.43270401E-05
 3.85390972E-05
 1.97170489E-05
 2.30090619E-06
 2.50117497E-05
 4.47020562E-05
 6.13465364E-05
 7.49196056E-05
 8.53953791E-05
 9.27476681E-05
 9.69499744E-05
 9.79754863E-05
 9.57970732E-05
 9.03872812E-05
 8.17183274E-05
 6.97620956E-05
 5.44901304E-05
 3.58736320E-05
 1.38834513E-05
 5.55695752E-06
 1.57968198E-05
 2.26522231E-05
 2.60932046E-05
 2.60894301E-05
 2.26101884E-05
 1.56243850E-05
 5.10053593E-06
 4.58879486E-04
 6.77732399E-04
 3.94609430E-04
 1.11606364E-04
 2.06817192E-05
 1.36539911E-05
 6.83805694E-06
 2.22177541E-08
 4.12995842E-05
 9.22829884E-05
 1.44494225E-04
 2.19465660E-05
 1.42107355E-06
 1.41102827E-06
 1.40088422E-06
 1.62231293E-06
 1.60406725E-06
 1.58459445E-06
 1.56509564E-06
 1.54556990E-06
 1.52601794E-06
 1.50643884E-06
 1.48683299E-06
 1.46926221E-06
 1.46610096E-06
 1.46292806E-06
 1.45974504E-06
 1.45654334E-06
 1.45334811E-06
 1.45012447E-06
 1.44687248E-06
 1.44361837E-06
 1.44039850E-06
 1.43714972E-06
 1.43387171E-06
 1.43056450E-06
 1.42722780E-06
 1.42386128E-06
 1.42046496E-06
 1.41407659E-06
 1.40430165E-06
 1.39449630E-06
 1.38465984E-06
 1.37479265E-06
 1.36489403E-06
 1.35496436E-06
 1.34500257E-06
 1.33500938E-06
 1.32498409E-06
 1.31492633E-06
 1.52671130E-06
 1.52162045E-06
 1.51652077E-06
 1.51141251E-06
 1.50629559E-06
 1.50453687E-06
 1.50354580E-06
 1.50254615E-06
 1.50153704E-06
 1.50051953E-06
 1.49949312E-06
 1.49845731E-06
 1.49741201E-06
 1.49635788E-06
 1.49529442E-06
 1.49422112E-06
 1.49313907E-06
 1.49204694E-06
 1.49094543E-06
 1.48983442E-06
 1.48871338E-06
 1.48758220E-06
 1.48644156E-06
 1.48529095E-06
 1.48412981E-06
 1.48295927E-06
 1.48177795E-06
 1.48058656E-06
 1.47938496E-06
 1.47817219E-06
 1.47694937E-06
 1.47571595E-06
 1.47447180E-06
 1.47321676E-06
 1.47195070E-06
 1.47067348E-06
 1.46807387E-06
 1.46415172E-06
 1.46021797E-06
 1.45627335E-06
 1.45231681E-06
 1.44834866E-06
 1.44436918E-06
 1.44037776E-06
 1.43637470E-06
 1.43235938E-06
 1.42833210E-06
 1.42429268E-06
 1.42024050E-06
 1.41617630E-06
 1.41209992E-06
 1.40801026E-06
 1.40390806E-06
 1.39979314E-06
 1.39566533E-06
 1.39152397E-06
 1.38736981E-06
 1.38320220E-06
 1.37902093E-06
 1.37482630E-06
 1.37061761E-06
 1.36639565E-06
 1.36215923E-06
 1.35790863E-06
 1.35364415E-06
 1.34936456E-06
 1.34507116E-06
 1.34076220E-06
 1.33643900E-06
 1.33210081E-06
 1.32774688E-06
 1.32337802E-06
 1.31899347E-06
 1.31459351E-06
 1.31017736E-06
 1.30574531E-06
 1.30129711E-06
 1.29683301E-06
 1.29235171E-06
 1.28785400E-06
 1.28333962E-06
 1.27880775E-06
 1.27425811E-06
 1.26969150E-06
 1.26510764E-06
 1.26050515E-06
 1.25588481E-06
 1.25124579E-06
 1.24658831E-06
 1.24191208E-06
 1.23721677E-06
 1.23250263E-06
 1.22776818E-06
 1.22301424E-06
 1.21824045E-06
 1.21344590E-06
 1.42884488E-06
 1.42624831E-06
 1.42364654E-06
 1.42103949E-06
 1.41842646E-06
 1.41580795E-06
 1.41318324E-06
 1.41055346E-06
 1.40791728E-06
 1.40527456E-06
 1.40262645E-06
 1.39997159E-06
 1.39731048E-06
 1.39464300E-06
 1.39196904E-06
 1.38928781E-06
 1.38660050E-06
 1.38390631E-06
 1.38120512E-06
 1.37849679E-06
 1.37578118E-06
 1.37305747E-06
 1.37032686E-06
 1.36758920E-06
 1.36484299E-06
 1.36208873E-06
 1.35932697E-06
 1.35655614E-06
 1.35377747E-06
 1.35099009E-06
 1.34819381E-06
 1.34538845E-06
 1.34257381E-06
 1.33975041E-06
 1.33691736E-06
 1.33407369E-06
 1.33122067E-06
 1.32835732E-06
 1.32548269E-06
 1.32259803E-06
 1.31970160E-06
 1.31679389E-06
 1.31387466E-06
 1.31094364E-06
 1.30799978E-06
 1.30504277E-06
 1.30207311E-06
 1.29909052E-06
 1.29609305E-06
 1.29308118E-06
 1.29005457E-06
 1.28701284E-06
 1.28395482E-06
 1.28088010E-06
 1.27778828E-06
 1.27467807E-06
 1.27154987E-06
 1.26840238E-06
 1.26523511E-06
 1.56209677E-06
 1.61611967E-06
 1.64493299E-06
 1.66571681E-06
 1.68213292E-06
 1.46874775E-06
 1.47068060E-06
 1.47308855E-06
 1.47518073E-06
 1.47701568E-06
 1.47863674E-06
 1.48007482E-06
 1.48135465E-06
 1.48249717E-06
 1.48351741E-06
 1.48442911E-06
 1.48524163E-06
 1.48596578E-06
 1.48660876E-06
 1.48717709E-06
 1.48767655E-06
 1.48811212E-06
 1.48848798E-06
 1.48880958E-06
 1.48907822E-06
 1.48929866E-06
 1.48947246E-06
 1.48960245E-06
 1.48969159E-06
 1.48974064E-06
 1.48975163E-06
 1.48972720E-06
 1.48966783E-06
 1.48957516E-06
 1.48944978E-06
 1.48929407E-06
 1.48910809E-06
 1.48889190E-06
 1.48864810E-06
 1.48837687E-06
 1.48807837E-06
 1.48775412E-06
 1.48740310E-06
 1.48702680E-06
 1.48662622E-06
 1.48620101E-06
 1.48575079E-06
 1.48527659E-06
 1.48477877E-06
 1.48425771E-06
 1.48371377E-06
 1.48314522E-06
 1.48255313E-06
 1.48193866E-06
 1.48129994E-06
 1.48063896E-06
 1.47995377E-06
 1.47924479E-06
 1.47851158E-06
 1.47775456E-06
 1.47697244E-06
 1.47616644E-06
 1.47533439E-06
 1.47447656E-06
 1.47359242E-06
 1.47268216E-06
 1.47174431E-06
 1.47077812E-06
 1.46978275E-06
 1.46991188E-06
 1.47070126E-06
 1.47146061E-06
 1.47218595E-06
 1.47287901E-06
 1.47353545E-06
 1.47415589E-06
 1.47473760E-06
 1.47528103E-06
 1.47578095E-06
 1.47623851E-06
 1.47665023E-06
 1.47701354E-06
 1.47732608E-06
 1.47758525E-06
 1.47778795E-06
 1.47792978E-06
 1.47800861E-06
 1.47801969E-06
 1.47795797E-06
 1.47781863E-06
 1.47759607E-06
 1.47728519E-06
 1.47687634E-06
 1.47636543E-06
 1.47574094E-06
 1.47499455E-06
 1.47411441E-06
 1.47309023E-06
 1.47190558E-06
 1.47054550E-06
 1.46361917E-06
 1.44465874E-06
 1.42546005E-06
 1.61887950E-06
 1.58831342E-06
 1.55643499E-06
 1.52306858E-06
 1.48799879E-06
 1.47141907E-06
 1.47433933E-06
 1.47460496E-06
 1.47174243E-06
 6.68433717E-02
 1.84045733E-01
 3.86632446E-01
 0.00000000E+00
 0.00000000E+00
 0.00000000E+00
 0.00000000E+00
 0.00000000E+00
 0.00000000E+00
 0.00000000E+00
 0.00000000E+00
 0.00000000E+00
 0.00000000E+00
 0.00000000E+00
 0.00000000E+00
 0.00000000E+00
 0.00000000E+00
 0.00000000E+00
 0.00000000E+00
 4.65273425E-01
 2.15933849E-01
 1.03178790E-01
 2.49890959E-07
 2.25688836E-06
 2.80537529E-06
 1.88691475E-06
 9.93858127E-07
 5.85410698E-06
 9.23186282E-06
 1.11184740E-05
 1.15052195E-05
 1.03833086E-05
 7.74387968E-06
 3.57799989E-06
 4.14009237E-06
 1.51296684E-05
 2.45873313E-05
 3.25039794E-05
 3.88704364E-05
 4.36774514E-05
 4.69156976E-05
 4.85757715E-05
 4.86481924E-05
 4.71234013E-05
 4.39917603E-05
 3.92435516E-05
 3.28689766E-05
 2.48581552E-05
 1.52011249E-05
 3.88783987E-06
 9.56877474E-06
 2.20838940E-05
 3.29462955E-05
 4.21457926E-05
 4.96721121E-05
 5.55148937E-05
 5.96636890E-05
 6.21079603E-05
 6.28370798E-05
 6.18403287E-05
 5.91068959E-05
 5.46258773E-05
 4.83862745E-05
 4.03769940E-05
 3.05868459E-05
 1.98019307E-05
 3.19498216E-05
 4.23164304E-05
 5.08903767E-05
 5.76601802E-05
 6.26142590E-05
 6.57409291E-05
 6.70284029E-05
 6.64647882E-05
 6.40380866E-05
 5.97361928E-05
 5.35468931E-05
 4.54578642E-05
 3.54566719E-05
 2.35307697E-05
 9.66749781E-06
 8.39985602E-06
 2.94492425E-05
 4.85768273E-05
 6.57698258E-05
 8.10153362E-05
 9.43003380E-05
 1.05611691E-04
 1.14936132E-04
 1.22260276E-04
 1.27570615E-04
 1.30853513E-04
 1.32095206E-04
 1.31281803E-04
 1.28399282E-04
 1.23433488E-04
 1.16370132E-04
 1.20422167E-04
 1.27546878E-04
 1.32557611E-04
 1.35439703E-04
 1.36178355E-04
 1.34758622E-04
 1.31165417E-04
 1.25383507E-04
 1.17397510E-04
 1.07191896E-04
 9.47509832E-05
 8.00589367E-05
 6.30997661E-05
 4.38573239E-05
 2.23153035E-05
 1.69926867E-06
 2.74239162E-05
 5.08801958E-05
 7.20516959E-05
 9.09218407E-05
 1.07473888E-04
 1.21690926E-04
 1.33555873E-04
 1.43051474E-04
 1.50160299E-04
 1.54864739E-04
 1.57147005E-04
 1.56989128E-04
 1.54372951E-04
 1.49280131E-04
 1.41692136E-04
 1.40503149E-04
 1.49833416E-04
 1.56648238E-04
 1.60928557E-04
 1.62655114E-04
 1.61808447E-04
 1.58368886E-04
 1.52316555E-04
 1.43631364E-04
 1.32293012E-04
 1.18280975E-04
 1.01574514E-04
 8.21526636E-05
 5.99942310E-05
 3.50777949E-05
 7.38170023E-06
 1.58863329E-05
 3.46482229E-05
 5.06563123E-05
 6.38886644E-05
 7.43230993E-05
 8.19371907E-05
 8.67082618E-05
 8.86133824E-05
 8.76293642E-05
 8.37327582E-05
 7.68998498E-05
 6.71066559E-05
 5.43289199E-05
 3.85421087E-05
 1.97214077E-05
 2.30651223E-06
 2.50157368E-05
 4.47046402E-05
 6.13479361E-05
 7.49200431E-05
 8.53950800E-05
 9.27468611E-05
 9.69488920E-05
 9.79743642E-05
 9.57961508E-05
 9.03868014E-05
 8.17185371E-05
 6.97632451E-05
 5.44924740E-05
 3.58774280E-05
 1.38889618E-05
 5.56313745E-06
 1.58022472E-05
 2.26571636E-05
 2.60979278E-05
 2.60942100E-05
 2.26153032E-05
 1.56301174E-05
 5.10717321E-06
 4.42711646E-04
 7.48362913E-04
 4.38736806E-04
 1.29205860E-04
 2.84224186E-05
 1.88453963E-05
 9.47477099E-06
 1.04240865E-07
 4.29527424E-05
 9.54418646E-05
 1.49195068E-04
 2.30303724E-05
 1.89961114E-06
 1.88993020E-06
 1.88014986E-06
 2.10169203E-06
 2.08319083E-06
 2.06342677E-06
 2.04363640E-06
 2.02381915E-06
 2.00397538E-06
 1.98410484E-06
 1.96420692E-06
 1.94638577E-06
 1.94326779E-06
 1.94013831E-06
 1.93699927E-06
 1.93384151E-06
 1.93069125E-06
 1.92751194E-06
 1.92430463E-06
 1.92109568E-06
 1.91792216E-06
 1.91471973E-06
 1.91148810E-06
 1.90822695E-06
 1.90493562E-06
 1.90161483E-06
 1.89826356E-06
 1.89183317E-06
 1.88191643E-06
 1.87196892E-06
 1.86199032E-06
 1.85198063E-06
 1.84193988E-06
 1.83186699E-06
 1.82176234E-06
 1.81162594E-06
 1.80145669E-06
 1.79125533E-06
 2.00402658E-06
 1.99882685E-06
 1.99361854E-06
 1.98840155E-06
 1.98317579E-06
 1.98140711E-06
 1.98042967E-06
 1.97944353E-06
 1.97844782E-06
 1.97744320E-06
 1.97642956E-06
 1.97540681E-06
 1.97437443E-06
 1.97333310E-06
 1.97228232E-06
 1.97122198E-06
 1.97015195E-06
 1.96907253E-06
 1.96798319E-06
 1.96688463E-06
 1.96577591E-06
 1.96465692E-06
 1.96352834E-06
 1.96238965E-06
 1.96124030E-06
 1.96008140E-06
 1.95891201E-06
 1.95773241E-06
 1.95654205E-06
 1.95534121E-06
 1.95412976E-06
 1.95290756E-06
 1.95167448E-06
 1.95043037E-06
 1.94917510E-06
 1.94790937E-06
 1.94530066E-06
 1.94134882E-06
 1.93738611E-06
 1.93341147E-06
 1.92942566E-06
 1.92542762E-06
 1.92141854E-06
 1.91739691E-06
 1.91336393E-06
 1.90931852E-06
 1.90526098E-06
 1.90119113E-06
 1.89710880E-06
 1.89301430E-06
 1.88890697E-06
 1.88478711E-06
 1.88065407E-06
 1.87650814E-06
 1.87234912E-06
 1.86817685E-06
 1.86399112E-06
 1.85979270E-06
 1.85557996E-06
 1.85135366E-06
 1.84711360E-06
 1.84285909E-06
 1.83859091E-06
 1.83430835E-06
 1.83001170E-06
 1.82569974E-06
 1.82137375E-06
 1.81703252E-06
 1.81267681E-06
 1.80830540E-06
 1.80391907E-06
 1.79951707E-06
 1.79509967E-06
 1.79066612E-06
 1.78621668E-06
 1.78175111E-06
 1.77726914E-06
 1.77277053E-06
 1.76825554E-06
 1.76372390E-06
 1.75917480E-06
 1.75460851E-06
 1.75002474E-06
 1.74542377E-06
 1.74080419E-06
 1.73616681E-06
 1.73151133E-06
 1.72683746E-06
 1.72214432E-06
 1.71743271E-06
 1.71270118E-06
 1.70795054E-06
 1.70318104E-06
 1.69839003E-06
 1.69358005E-06
 1.90835732E-06
 1.90574703E-06
 1.90313215E-06
 1.90051141E-06
 1.89788529E-06
 1.89525311E-06
 1.89261475E-06
 1.88997132E-06
 1.88732150E-06
 1.88466579E-06
 1.88200409E-06
 1.87933627E-06
 1.87666160E-06
 1.87398121E-06
 1.87129373E-06
 1.86860029E-06
 1.86589950E-06
 1.86319251E-06
 1.86047790E-06
 1.85775683E-06
 1.85502785E-06
 1.85229214E-06
 1.84954889E-06
 1.84679796E-06
 1.84403987E-06
 1.84127310E-06
 1.83849886E-06
 1.83571562E-06
 1.83292457E-06
 1.83012485E-06
 1.82731701E-06
 1.82450014E-06
 1.82167406E-06
 1.81883858E-06
 1.81599349E-06
 1.81313859E-06
 1.81027441E-06
 1.80739925E-06
 1.80451437E-06
 1.80161881E-06
 1.79871233E-06
 1.79579392E-06
 1.79286485E-06
 1.78992334E-06
 1.78696987E-06
 1.78400418E-06
 1.78102519E-06
 1.77803338E-06
 1.77502767E-06
 1.77200771E-06
 1.76897319E-06
 1.76592373E-06
 1.76285817E-06
 1.75977693E-06
 1.75667882E-06
 1.75356423E-06
 1.75043023E-06
 1.74727891E-06
 1.74410636E-06
 1.74091467E-06
 2.02766617E-06
 2.09094060E-06
 2.12133988E-06
 2.14291867E-06
 2.15984424E-06
 1.94593955E-06
 1.94793945E-06
 1.95039582E-06
 1.95252779E-06
 1.95439544E-06
 1.95604180E-06
 1.95750139E-06
 1.95879971E-06
 1.95995662E-06
 1.96098802E-06
 1.96190951E-06
 1.96273037E-06
 1.96346036E-06
 1.96410762E-06
 1.96467862E-06
 1.96518009E-06
 1.96561703E-06
 1.96599358E-06
 1.96631404E-06
 1.96658081E-06
 1.96679854E-06
 1.96696996E-06
 1.96709562E-06
 1.96718065E-06
 1.96722470E-06
 1.96723092E-06
 1.96720023E-06
 1.96713477E-06
 1.96703506E-06
 1.96690279E-06
 1.96673977E-06
 1.96654542E-06
 1.96632164E-06
 1.96606916E-06
 1.96578875E-06
 1.96548123E-06
 1.96514678E-06
 1.96478694E-06
 1.96440068E-06
 1.96398953E-06
 1.96355319E-06
 1.96309261E-06
 1.96260744E-06
 1.96209874E-06
 1.96156542E-06
 1.96100931E-06
 1.96042860E-06
 1.95982442E-06
 1.95919788E-06
 1.95854643E-06
 1.95787192E-06
 1.95717321E-06
 1.95645071E-06
 1.95570400E-06
 1.95493267E-06
 1.95413621E-06
 1.95331579E-06
 1.95246932E-06
 1.95159616E-06
 1.95069748E-06
 1.94977088E-06
 1.94881744E-06
 1.94783558E-06
 1.94682358E-06
 1.94695230E-06
 1.94775044E-06
 1.94851650E-06
 1.94925029E-06
 1.94994865E-06
 1.95061217E-06
 1.95123944E-06
 1.95182781E-06
 1.95237648E-06
 1.95288249E-06
 1.95334466E-06
 1.95376069E-06
 1.95412785E-06
 1.95444439E-06
 1.95470712E-06
 1.95491233E-06
 1.95505723E-06
 1.95513739E-06
 1.95514905E-06
 1.95508785E-06
 1.95494900E-06
 1.95472526E-06
 1.95441163E-06
 1.95400109E-06
 1.95348586E-06
 1.95285739E-06
 1.95210554E-06
 1.95121930E-06
 1.95018630E-06
 1.94899265E-06
 1.94762143E-06
 1.94063265E-06
 1.92149464E-06
 1.90211713E-06
 2.09713005E-06
 2.06629825E-06
 2.03414443E-06
 2.00048923E-06
 1.96511931E-06
 1.94840634E-06
 1.95136812E-06
 1.95165647E-06
 1.94878910E-06
 6.45155858E-02
 1.77635516E-01
 3.78660407E-01
 0.00000000E+00
 0.00000000E+00
 0.00000000E+00
 0.00000000E+00
 0.00000000E+00
 0.00000000E+00
 0.00000000E+00
 0.00000000E+00
 0.00000000E+00
 0.00000000E+00
 0.00000000E+00
 0.00000000E+00
 0.00000000E+00
 0.00000000E+00
 0.00000000E+00
 0.00000000E+00
 4.57284184E-01
 2.08116462E-01
 9.94434638E-02
 2.52050416E-07
 2.25897870E-06
 2.80745496E-06
 1.88904278E-06
 9.96033198E-07
 5.85609541E-06
 9.23372475E-06
 1.11202701E-05
 1.15070113E-05
 1.03851579E-05
 7.74584910E-06
 3.58015264E-06
 4.14222990E-06
 1.51313533E-05
 2.45886274E-05
 3.25049510E-05
 3.88711486E-05
 4.36779698E-05
 4.69160885E-05
 4.85761020E-05
 4.86485302E-05
 4.71238148E-05
 4.39923187E-05
 3.92443246E-05
 3.28700349E-05
 2.48595700E-05
 1.52029683E-05
 3.89018450E-06
 9.79950522E-06
 2.26469846E-05
 3.38422379E-05
 4.33750815E-05
 5.12352457E-05
 5.74123734E-05
 6.18960194E-05
 6.46756495E-05
 6.57406393E-05
 6.50802733E-05
 6.26837440E-05
 5.85401507E-05
 5.26384985E-05
 4.49676975E-05
 3.55165615E-05
 2.50501716E-05
 3.68649640E-05
 4.68981274E-05
 5.51382795E-05
 6.15739384E-05
 6.61935204E-05
 6.89853400E-05
 6.99376076E-05
 6.90384293E-05
 6.62758050E-05
 6.16376276E-05
 5.51116817E-05
 4.66856421E-05
 3.63470727E-05
 2.40834255E-05
 9.88203864E-06
 8.30483222E-06
 2.90925568E-05
 4.79582106E-05
 6.48890080E-05
 7.98720458E-05
 9.28943024E-05
 1.03942636E-04
 1.13003783E-04
 1.20064357E-04
 1.25110848E-04
 1.28129619E-04
 1.29106906E-04
 1.28028815E-04
 1.24881324E-04
 1.19650275E-04
 1.12321381E-04
 1.16485447E-04
 1.23870425E-04
 1.29141913E-04
 1.32285255E-04
 1.33285653E-04
 1.32128167E-04
 1.28797713E-04
 1.23279064E-04
 1.15556840E-04
 1.05615517E-04
 9.34394157E-05
 7.90127061E-05
 6.23194019E-05
 4.33433600E-05
 2.20682780E-05
 1.68351648E-06
 2.70963905E-05
 5.02405399E-05
 7.10995514E-05
 8.96568474E-05
 1.05895684E-04
 1.19799148E-04
 1.31350156E-04
 1.40531451E-04
 1.47325601E-04
 1.51714996E-04
 1.53681845E-04
 1.53208177E-04
 1.50275834E-04
 1.44866470E-04
 1.36961553E-04
 1.35709865E-04
 1.45349887E-04
 1.52475123E-04
 1.57066518E-04
 1.59104819E-04
 1.58570569E-04
 1.55444106E-04
 1.49705559E-04
 1.41334844E-04
 1.30311664E-04
 1.16615505E-04
 1.00225631E-04
 8.11210840E-05
 5.92806775E-05
 3.46829966E-05
 7.30639289E-06
 1.58899713E-05
 3.46506281E-05
 5.06576661E-05
 6.38891512E-05
 7.43229062E-05
 8.19365074E-05
 8.67072806E-05
 8.86122984E-05
 8.76283753E-05
 8.37320650E-05
 7.68996561E-05
 6.71071680E-05
 5.43303474E-05
 3.85446641E-05
 1.97253067E-05
 2.31165459E-06
 2.50192565E-05
 4.47067528E-05
 6.13488605E-05
 7.49200014E-05
 8.53942976E-05
 9.27455668E-05
 9.69473180E-05
 9.79727463E-05
 9.57947284E-05
 9.03858173E-05
 8.17182380E-05
 6.97638814E-05
 5.44942999E-05
 3.58807017E-05
 1.38939454E-05
 5.56878589E-06
 1.58071385E-05
 2.26615631E-05
 2.61021052E-05
 2.60984391E-05
 2.26198623E-05
 1.56352891E-05
 5.11324460E-06
 4.26544618E-04
 8.19046054E-04
 4.82911430E-04
 1.46846977E-04
 3.62026517E-05
 2.40758638E-05
 1.21500066E-05
 2.24245097E-07
 4.45682874E-05
 9.85634478E-05
 1.53858946E-04
 2.40764415E-05
 2.34028206E-06
 2.33096504E-06
 2.32154734E-06
 2.54318843E-06
 2.52443134E-06
 2.50437595E-06
 2.48429366E-06
 2.46418483E-06
 2.44404888E-06
 2.42388585E-06
 2.40369548E-06
 2.38562356E-06
 2.38254886E-06
 2.37946282E-06
 2.37636742E-06
 2.37325361E-06
 2.37014767E-06
 2.36701268E-06
 2.36384939E-06
 2.36068490E-06
 2.35755842E-06
 2.35440202E-06
 2.35121608E-06
 2.34800029E-06
 2.34475467E-06
 2.34147891E-06
 2.33817269E-06
 2.33169919E-06
 2.32164060E-06
 2.31155090E-06
 2.30142974E-06
 2.29127750E-06
 2.28109348E-06
 2.27087769E-06
 2.26062940E-06
 2.25034900E-06
 2.24003611E-06
 2.44875167E-06
 2.44345195E-06
 2.43814326E-06
 2.43282626E-06
 2.42750010E-06
 2.42216541E-06
 2.42038749E-06
 2.41942287E-06
 2.41844944E-06
 2.41746708E-06
 2.41647569E-06
 2.41547479E-06
 2.41446464E-06
 2.41344552E-06
 2.41241656E-06
 2.41137841E-06
 2.41033057E-06
 2.40927332E-06
 2.40820575E-06
 2.40712894E-06
 2.40604236E-06
 2.40494551E-06
 2.40383905E-06
 2.40272207E-06
 2.40159565E-06
 2.40045844E-06
 2.39931073E-06
 2.39815279E-06
 2.39698492E-06
 2.39580572E-06
 2.39461633E-06
 2.39341619E-06
 2.39220472E-06
 2.39098308E-06
 2.38974984E-06
 2.38850570E-06
 2.38725054E-06
 2.38463266E-06
 2.38065149E-06
 2.37665884E-06
 2.37265501E-06
 2.36863939E-06
 2.36461184E-06
 2.36057263E-06
 2.35652116E-06
 2.35245771E-06
 2.34838213E-06
 2.34429424E-06
 2.34019434E-06
 2.33608179E-06
 2.33195596E-06
 2.32781806E-06
 2.32366698E-06
 2.31950347E-06
 2.31532643E-06
 2.31113659E-06
 2.30693284E-06
 2.30271591E-06
 2.29848563E-06
 2.29424132E-06
 2.28998326E-06
 2.28571124E-06
 2.28142506E-06
 2.27712451E-06
 2.27280988E-06
 2.26848096E-06
 2.26413652E-06
 2.25977785E-06
 2.25540371E-06
 2.25101540E-06
 2.24661117E-06
 2.24219129E-06
 2.23775602E-06
 2.23330514E-06
 2.22883839E-06
 2.22435554E-06
 2.21985632E-06
 2.21534048E-06
 2.21080828E-06
 2.20625894E-06
 2.20169270E-06
 2.19710930E-06
 2.19250846E-06
 2.18788989E-06
 2.18325386E-06
 2.17859952E-06
 2.17392713E-06
 2.16923581E-06
 2.16452640E-06
 2.15979800E-06
 2.15505030E-06
 2.15028298E-06
 2.14549627E-06
 2.14068984E-06
 2.13586334E-06
 2.35000914E-06
 2.34738627E-06
 2.34475706E-06
 2.34212259E-06
 2.33948276E-06
 2.33683687E-06
 2.33418603E-06
 2.33152831E-06
 2.32886543E-06
 2.32619608E-06
 2.32352135E-06
 2.32083991E-06
 2.31815227E-06
 2.31545830E-06
 2.31275789E-06
 2.31005091E-06
 2.30733724E-06
 2.30461676E-06
 2.30188932E-06
 2.29915546E-06
 2.29641372E-06
 2.29366528E-06
 2.29090935E-06
 2.28814576E-06
 2.28537438E-06
 2.28259504E-06
 2.27980826E-06
 2.27701321E-06
 2.27420972E-06
 2.27139832E-06
 2.26857813E-06
 2.26574897E-06
 2.26291066E-06
 2.26006372E-06
 2.25720724E-06
 2.25434103E-06
 2.25146487E-06
 2.24857928E-06
 2.24568258E-06
 2.24277603E-06
 2.23985863E-06
 2.23693016E-06
 2.23399038E-06
 2.23103901E-06
 2.22807582E-06
 2.22510052E-06
 2.22211205E-06
 2.21911090E-06
 2.21609599E-06
 2.21306777E-06
 2.21002515E-06
 2.20696778E-06
 2.20389530E-06
 2.20080653E-06
 2.19770273E-06
 2.19458102E-06
 2.19144183E-06
 2.18828469E-06
 2.18510916E-06
 2.18191308E-06
 2.17869677E-06
 2.43879821E-06
 2.52756904E-06
 2.55974136E-06
 2.58217054E-06
 2.59963074E-06
 2.38523798E-06
 2.38730646E-06
 2.38981561E-06
 2.39198812E-06
 2.39388830E-06
 2.39556169E-06
 2.39704359E-06
 2.39836028E-06
 2.39953148E-06
 2.40057588E-06
 2.40150705E-06
 2.40233515E-06
 2.40307189E-06
 2.40372436E-06
 2.40429895E-06
 2.40480239E-06
 2.40524061E-06
 2.40561721E-06
 2.40593701E-06
 2.40620290E-06
 2.40641791E-06
 2.40658631E-06
 2.40670921E-06
 2.40678952E-06
 2.40682911E-06
 2.40682992E-06
 2.40679405E-06
 2.40672189E-06
 2.40661564E-06
 2.40647704E-06
 2.40630546E-06
 2.40610391E-06
 2.40587187E-06
 2.40561129E-06
 2.40532168E-06
 2.40500506E-06
 2.40466165E-06
 2.40429166E-06
 2.40389535E-06
 2.40347430E-06
 2.40302746E-06
 2.40255579E-06
 2.40205960E-06
 2.40153924E-06
 2.40099508E-06
 2.40042601E-06
 2.39983387E-06
 2.39921754E-06
 2.39857741E-06
 2.39791311E-06
 2.39722579E-06
 2.39651433E-06
 2.39577749E-06
 2.39501719E-06
 2.39423228E-06
 2.39342223E-06
 2.39258658E-06
 2.39172477E-06
 2.39083709E-06
 2.38992379E-06
 2.38898167E-06
 2.38801264E-06
 2.38701417E-06
 2.38598630E-06
 2.38611366E-06
 2.38691960E-06
 2.38769323E-06
 2.38843443E-06
 2.38914104E-06
 2.38981159E-06
 2.39044464E-06
 2.39103849E-06
 2.39159239E-06
 2.39210437E-06
 2.39257109E-06
 2.39299244E-06
 2.39336342E-06
 2.39368386E-06
 2.39395003E-06
 2.39415762E-06
 2.39430432E-06
 2.39438631E-06
 2.39439908E-06
 2.39433766E-06
 2.39419838E-06
 2.39397339E-06
 2.39365822E-06
 2.39324592E-06
 2.39272619E-06
 2.39209344E-06
 2.39133600E-06
 2.39044254E-06
 2.38940146E-06
 2.38819858E-06
 2.38681688E-06
 2.37976346E-06
 2.36044932E-06
 2.34089179E-06
 2.53751205E-06
 2.50641452E-06
 2.47398408E-06
 2.44003989E-06
 2.40436680E-06
 2.38751892E-06
 2.39052257E-06
 2.39083148E-06
 2.38795898E-06
 6.21872716E-02
 1.71223910E-01
 3.70686656E-01
 0.00000000E+00
 0.00000000E+00
 0.00000000E+00
 0.00000000E+00
 0.00000000E+00
 0.00000000E+00
 0.00000000E+00
 0.00000000E+00
 0.00000000E+00
 0.00000000E+00
 0.00000000E+00
 0.00000000E+00
 0.00000000E+00
 0.00000000E+00
 0.00000000E+00
 0.00000000E+00
 4.49295003E-01
 2.00299134E-01
 9.57081659E-02
 2.54020564E-07
 2.26087874E-06
 2.80934334E-06
 1.89097850E-06
 9.98014937E-07
 5.85788948E-06
 9.23539129E-06
 1.11218699E-05
 1.15086055E-05
 1.03868086E-05
 7.74761891E-06
 3.58210469E-06
 4.14416564E-06
 1.51328354E-05
 2.45897195E-05
 3.25057175E-05
 3.88716545E-05
 4.36782808E-05
 4.69162709E-05
 4.85762228E-05
 4.86486572E-05
 4.71240164E-05
 4.39926639E-05
 3.92448833E-05
 3.28708776E-05
 2.48607680E-05
 1.52045936E-05
 3.89230990E-06
 1.00300133E-05
 2.32098489E-05
 3.47379498E-05
 4.46041359E-05
 5.27981406E-05
 5.93096101E-05
 6.41281027E-05
 6.72430873E-05
 6.86439431E-05
 6.83199579E-05
 6.62603277E-05
 6.24541553E-05
 5.68904493E-05
 4.95581234E-05
 4.04459948E-05
 3.02981260E-05
 4.17798212E-05
 5.14795404E-05
 5.93858998E-05
 6.54874154E-05
 6.97725021E-05
 7.22294724E-05
 7.28465352E-05
 7.16117947E-05
 6.85132492E-05
 6.35387897E-05
 5.66761989E-05
 4.79131501E-05
 3.72372052E-05
 2.46358143E-05
 1.00963140E-05
 8.20954421E-06
 2.87356076E-05
 4.73393313E-05
 6.40079283E-05
 7.87284944E-05
 9.14880066E-05
 1.02273322E-04
 1.11071176E-04
 1.17868181E-04
 1.22650824E-04
 1.25405470E-04
 1.26118350E-04
 1.24775573E-04
 1.21363112E-04
 1.15866810E-04
 1.08272378E-04
 1.12548473E-04
 1.20193713E-04
 1.25725953E-04
 1.29130539E-04
 1.30392678E-04
 1.29497434E-04
 1.26429728E-04
 1.21174334E-04
 1.13715880E-04
 1.04038842E-04
 9.21275477E-05
 7.79661702E-05
 6.15387275E-05
 4.28290809E-05
 2.18209323E-05
 1.66743944E-06
 2.67685411E-05
 4.96005613E-05
 7.01470852E-05
 8.83915336E-05
 1.04317161E-04
 1.17907052E-04
 1.29144122E-04
 1.38011112E-04
 1.44490589E-04
 1.48564939E-04
 1.50216373E-04
 1.49426915E-04
 1.46178406E-04
 1.40452500E-04
 1.32230661E-04
 1.30916271E-04
 1.40866043E-04
 1.48301686E-04
 1.53204150E-04
 1.55554189E-04
 1.55332351E-04
 1.52518980E-04
 1.47094210E-04
 1.39037964E-04
 1.28329951E-04
 1.14949662E-04
 9.88763689E-05
 8.00891182E-05
 5.85667310E-05
 3.42877985E-05
 7.23067861E-06
 1.58931986E-05
 3.46526190E-05
 5.06586024E-05
 6.38892173E-05
 7.43222891E-05
 8.19353966E-05
 8.67058686E-05
 8.86107800E-05
 8.76269485E-05
 8.37309305E-05
 7.68990173E-05
 6.71072315E-05
 5.43313227E-05
 3.85467636E-05
 1.97287459E-05
 2.31633334E-06
 2.50223087E-05
 4.47083941E-05
 6.13493097E-05
 7.49194805E-05
 8.53930319E-05
 9.27437852E-05
 9.69452526E-05
 9.79706328E-05
 9.57928060E-05
 9.03843290E-05
 8.17174303E-05
 6.97640047E-05
 5.44956083E-05
 3.58834533E-05
 1.38984023E-05
 5.57390292E-06
 1.58114936E-05
 2.26654217E-05
 2.61057368E-05
 2.61021176E-05
 2.26238657E-05
 1.56399001E-05
 5.11875023E-06
 4.10378401E-04
 8.89953977E-04
 5.27133351E-04
 1.64529762E-04
 4.40224614E-05
 2.93454354E-05
 1.48638058E-05
 3.82271931E-07
 4.61461784E-05
 1.01647697E-04
 1.58485818E-04
 2.50847326E-05
 2.74304509E-06
 2.73409096E-06
 2.72503551E-06
 2.94676036E-06
 2.92774735E-06
 2.90739998E-06
 2.88702605E-06
 2.86662497E-06
 2.84619647E-06
 2.82574060E-06
 2.80525741E-06
 2.78693471E-06
 2.78390266E-06
 2.78085976E-06
 2.77780771E-06
 2.77473755E-06
 2.77167561E-06
 2.76858500E-06
 2.76546506E-06
 2.76234543E-06
 2.75926429E-06
 2.75615394E-06
 2.75301373E-06
 2.74984332E-06
 2.74664276E-06
 2.74341171E-06
 2.74015020E-06
 2.73363396E-06
 2.72343280E-06
 2.71320017E-06
 2.70293645E-06
 2.69264093E-06
 2.68231362E-06
 2.67195417E-06
 2.66156223E-06
 2.65113780E-06
 2.64068050E-06
 2.85035385E-06
 2.84494525E-06
 2.83952757E-06
 2.83410147E-06
 2.82866684E-06
 2.82322282E-06
 2.82143488E-06
 2.82048346E-06
 2.81952309E-06
 2.81855368E-06
 2.81757513E-06
 2.81658694E-06
 2.81558977E-06
 2.81458313E-06
 2.81356690E-06
 2.81254097E-06
 2.81150562E-06
 2.81046034E-06
 2.80940580E-06
 2.80834109E-06
 2.80726609E-06
 2.80618147E-06
 2.80508673E-06
 2.80398172E-06
 2.80286673E-06
 2.80174123E-06
 2.80060550E-06
 2.79945900E-06
 2.79830241E-06
 2.79713437E-06
 2.79595640E-06
 2.79476710E-06
 2.79356677E-06
 2.79235611E-06
 2.79113370E-06
 2.78990069E-06
 2.78865562E-06
 2.78602811E-06
 2.78201800E-06
 2.77799539E-06
 2.77396187E-06
 2.76991640E-06
 2.76585884E-06
 2.76178946E-06
 2.75770810E-06
 2.75361460E-06
 2.74950880E-06
 2.74539053E-06
 2.74125960E-06
 2.73711586E-06
 2.73296004E-06
 2.72879104E-06
 2.72460916E-06
 2.72041420E-06
 2.71620599E-06
 2.71198433E-06
 2.70774951E-06
 2.70350133E-06
 2.69923914E-06
 2.69496319E-06
 2.69067281E-06
 2.68636926E-06
 2.68205086E-06
 2.67771838E-06
 2.67337113E-06
 2.66900937E-06
 2.66463288E-06
 2.66024145E-06
 2.65583486E-06
 2.65141285E-06
 2.64697573E-06
 2.64252273E-06
 2.63805414E-06
 2.63356970E-06
 2.62906917E-06
 2.62455230E-06
 2.62001935E-06
 2.61546902E-06
 2.61090263E-06
 2.60631938E-06
 2.60171846E-06
 2.59710067E-06
 2.59246465E-06
 2.58781173E-06
 2.58314001E-06
 2.57845081E-06
 2.57374275E-06
 2.56901662E-06
 2.56427100E-06
 2.55950669E-06
 2.55472281E-06
 2.54991958E-06
 2.54509669E-06
 2.54025380E-06
 2.53539055E-06
 2.75112202E-06
 2.74847968E-06
 2.74583149E-06
 2.74317855E-06
 2.74051898E-06
 2.73785385E-06
 2.73518308E-06
 2.73250655E-06
 2.72982417E-06
 2.72713582E-06
 2.72444078E-06
 2.72174017E-06
 2.71903263E-06
 2.71631930E-06
 2.71359879E-06
 2.71087225E-06
 2.70813893E-06
 2.70539868E-06
 2.70265073E-06
 2.69989624E-06
 2.69713508E-06
 2.69436579E-06
 2.69158955E-06
 2.68880554E-06
 2.68601431E-06
 2.68321500E-06
 2.68040677E-06
 2.67759152E-06
 2.67476702E-06
 2.67193518E-06
 2.66909372E-06
 2.66624388E-06
 2.66338404E-06
 2.66051615E-06
 2.65763859E-06
 2.65475116E-06
 2.65185365E-06
 2.64894657E-06
 2.64602824E-06
 2.64309990E-06
 2.64016132E-06
 2.63721078E-06
 2.63424876E-06
 2.63127578E-06
 2.62829003E-06
 2.62529201E-06
 2.62228145E-06
 2.61925803E-06
 2.61622069E-06
 2.61316988E-06
 2.61010449E-06
 2.60702335E-06
 2.60392773E-06
 2.60081646E-06
 2.59768832E-06
 2.59454375E-06
 2.59138064E-06
 2.58820024E-06
 2.58500042E-06
 2.58178066E-06
 2.57853963E-06
 2.57527762E-06
 2.92591097E-06
 2.96008392E-06
 2.98342572E-06
 3.00144836E-06
 2.78660168E-06
 2.78874126E-06
 2.79130397E-06
 2.79351874E-06
 2.79545321E-06
 2.79715451E-06
 2.79865867E-06
 2.79999465E-06
 2.80118107E-06
 2.80223844E-06
 2.80318025E-06
 2.80401660E-06
 2.80476009E-06
 2.80541674E-06
 2.80599596E-06
 2.80650135E-06
 2.80694087E-06
 2.80731861E-06
 2.80763777E-06
 2.80790172E-06
 2.80811510E-06
 2.80828050E-06
 2.80840014E-06
 2.80847632E-06
 2.80851145E-06
 2.80850691E-06
 2.80846590E-06
 2.80838707E-06
 2.80827492E-06
 2.80812823E-06
 2.80795054E-06
 2.80774064E-06
 2.80750102E-06
 2.80723175E-06
 2.80693422E-06
 2.80660858E-06
 2.80625498E-06
 2.80587493E-06
 2.80546931E-06
 2.80503772E-06
 2.80457976E-06
 2.80409772E-06
 2.80359060E-06
 2.80305868E-06
 2.80250298E-06
 2.80192321E-06
 2.80131821E-06
 2.80068983E-06
 2.80003692E-06
 2.79935990E-06
 2.79865986E-06
 2.79793492E-06
 2.79718540E-06
 2.79641006E-06
 2.79561085E-06
 2.79478648E-06
 2.79393729E-06
 2.79306024E-06
 2.79215814E-06
 2.79122862E-06
 2.79027195E-06
 2.78928648E-06
 2.78827239E-06
 2.78722881E-06
 2.78735396E-06
 2.78816869E-06
 2.78895004E-06
 2.78969782E-06
 2.79041172E-06
 2.79108843E-06
 2.79172837E-06
 2.79232887E-06
 2.79288806E-06
 2.79340507E-06
 2.79387756E-06
 2.79430320E-06
 2.79467807E-06
 2.79500263E-06
 2.79527112E-06
 2.79548117E-06
 2.79563103E-06
 2.79571365E-06
 2.79572769E-06
 2.79566747E-06
 2.79552658E-06
 2.79530114E-06
 2.79498386E-06
 2.79456762E-06
 2.79404579E-06
 2.79340738E-06
 2.79264440E-06
 2.79174381E-06
 2.79069462E-06
 2.78948169E-06
 2.78808859E-06
 2.78097149E-06
 2.76148046E-06
 2.74174359E-06
 2.93998362E-06
 2.90861858E-06
 2.87591044E-06
 2.84167728E-06
 2.80569987E-06
 2.78871576E-06
 2.79176050E-06
 2.79208732E-06
 2.78920892E-06
 5.98584285E-02
 1.64810915E-01
 3.62711192E-01
 0.00000000E+00
 0.00000000E+00
 0.00000000E+00
 0.00000000E+00
 0.00000000E+00
 0.00000000E+00
 0.00000000E+00
 0.00000000E+00
 0.00000000E+00
 0.00000000E+00
 0.00000000E+00
 0.00000000E+00
 0.00000000E+00
 0.00000000E+00
 0.00000000E+00
 0.00000000E+00
 4.41305882E-01
 1.92481865E-01
 9.19728959E-02
 2.55801427E-07
 2.26258851E-06
 2.81104043E-06
 1.89272192E-06
 9.99803365E-07
 5.85948922E-06
 9.23686246E-06
 1.11232732E-05
 1.15100024E-05
 1.03882609E-05
 7.74918913E-06
 3.58385607E-06
 4.14589962E-06
 1.51341146E-05
 2.45906077E-05
 3.25062789E-05
 3.88719542E-05
 4.36783845E-05
 4.69162449E-05
 4.85761341E-05
 4.86485734E-05
 4.71240060E-05
 4.39927960E-05
 3.92452277E-05
 3.28715048E-05
 2.48617493E-05
 1.52060009E-05
 3.89421609E-06
 1.02602991E-05
 2.37724867E-05
 3.56334313E-05
 4.58329558E-05
 5.43607968E-05
 6.12066040E-05
 6.63599389E-05
 6.98102738E-05
 7.15469913E-05
 7.15593826E-05
 6.98366471E-05
 6.63678912E-05
 6.11421270E-05
 5.41482716E-05
 4.53751460E-05
 3.55457938E-05
 4.66943932E-05
 5.60606696E-05
 6.36332375E-05
 6.94006112E-05
 7.33512039E-05
 7.54733264E-05
 7.57551858E-05
 7.41848846E-05
 7.07504192E-05
 6.54396790E-05
 5.82404449E-05
 4.91403882E-05
 3.81270693E-05
 2.51879363E-05
 1.03103240E-05
 8.11399201E-06
 2.83783951E-05
 4.67201894E-05
 6.31265869E-05
 7.75846821E-05
 9.00814507E-05
 1.00603749E-04
 1.09138310E-04
 1.15671746E-04
 1.20190544E-04
 1.22681064E-04
 1.23129540E-04
 1.21522076E-04
 1.17844646E-04
 1.12083093E-04
 1.04223123E-04
 1.08611245E-04
 1.16516742E-04
 1.22309729E-04
 1.25975555E-04
 1.27499431E-04
 1.26866425E-04
 1.24061461E-04
 1.19069319E-04
 1.11874628E-04
 1.02461872E-04
 9.08153793E-05
 7.69193290E-05
 6.07577430E-05
 4.23144867E-05
 2.15732665E-05
 1.65103761E-06
 2.64403679E-05
 4.89602600E-05
 6.91942974E-05
 8.71258992E-05
 1.02738318E-04
 1.16014637E-04
 1.26937771E-04
 1.35490457E-04
 1.41655261E-04
 1.45414569E-04
 1.46750588E-04
 1.45645341E-04
 1.42080668E-04
 1.36038221E-04
 1.27499462E-04
 1.26122367E-04
 1.36381883E-04
 1.44127927E-04
 1.49341455E-04
 1.52003225E-04
 1.52093793E-04
 1.49593507E-04
 1.44482508E-04
 1.36740724E-04
 1.26347871E-04
 1.13283447E-04
 9.75267270E-05
 7.90567663E-05
 5.78523916E-05
 3.38922005E-05
 7.15455745E-06
 1.58960149E-05
 3.46541957E-05
 5.06591213E-05
 6.38888627E-05
 7.43212479E-05
 8.19338584E-05
 8.67040257E-05
 8.86088274E-05
 8.76250840E-05
 8.37293547E-05
 7.68979338E-05
 6.71068466E-05
 5.43318457E-05
 3.85484071E-05
 1.97317254E-05
 2.32054856E-06
 2.50248936E-05
 4.47095642E-05
 6.13492837E-05
 7.49184804E-05
 8.53912831E-05
 9.27415164E-05
 9.69426959E-05
 9.79680238E-05
 9.57903839E-05
 9.03823366E-05
 8.17161141E-05
 6.97636150E-05
 5.44963993E-05
 3.58856829E-05
 1.39023325E-05
 5.57848862E-06
 1.58153127E-05
 2.26687395E-05
 2.61088229E-05
 2.61052455E-05
 2.26273137E-05
 1.56439506E-05
 5.12369017E-06
 3.94212995E-04
 9.60644198E-04
 5.71402618E-04
 1.82254258E-04
 5.18818899E-05
 3.46541549E-05
 1.76162110E-05
 5.78363698E-07
 4.76863736E-05
 1.04694571E-04
 1.63075642E-04
 2.60552042E-05
 3.10785874E-06
 3.09926650E-06
 3.09057230E-06
 3.31236644E-06
 3.29309656E-06
 3.27245720E-06
 3.25179098E-06
 3.23109700E-06
 3.21037595E-06
 3.18962723E-06
 3.16885089E-06
 3.15027674E-06
 3.14728741E-06
 3.14428705E-06
 3.14127843E-06
 3.13825097E-06
 3.13523343E-06
 3.13218623E-06
 3.12911006E-06
 3.12603431E-06
 3.12299928E-06
 3.11993401E-06
 3.11683888E-06
 3.11371357E-06
 3.11055777E-06
 3.10737148E-06
 3.10415440E-06
 3.09759474E-06
 3.08725102E-06
 3.07687548E-06
 3.06646849E-06
 3.05602970E-06
 3.04555840E-06
 3.03505495E-06
 3.02451899E-06
 3.01395018E-06
 3.00334812E-06
 3.21398225E-06
 3.20846477E-06
 3.20293809E-06
 3.19740288E-06
 3.19185866E-06
 3.18630568E-06
 3.18450774E-06
 3.18356951E-06
 3.18262224E-06
 3.18166542E-06
 3.18069934E-06
 3.17972426E-06
 3.17873970E-06
 3.17774555E-06
 3.17674168E-06
 3.17572798E-06
 3.17470514E-06
 3.17367223E-06
 3.17262914E-06
 3.17157654E-06
 3.17051433E-06
 3.16944117E-06
 3.16835814E-06
 3.16726512E-06
 3.16616159E-06
 3.16504739E-06
 3.16392324E-06
 3.16278817E-06
 3.16164247E-06
 3.16048600E-06
 3.15931903E-06
 3.15814061E-06
 3.15695141E-06
 3.15575132E-06
 3.15453975E-06
 3.15331699E-06
 3.15208289E-06
 3.14944574E-06
 3.14540583E-06
 3.14135368E-06
 3.13729002E-06
 3.13321471E-06
 3.12912713E-06
 3.12502757E-06
 3.12091587E-06
 3.11679185E-06
 3.11265537E-06
 3.10850669E-06
 3.10434519E-06
 3.10017070E-06
 3.09598396E-06
 3.09178386E-06
 3.08757069E-06
 3.08334474E-06
 3.07910534E-06
 3.07485232E-06
 3.07058594E-06
 3.06630554E-06
 3.06201141E-06
 3.05770381E-06
 3.05338159E-06
 3.04904550E-06
 3.04469486E-06
 3.04032994E-06
 3.03595052E-06
 3.03155590E-06
 3.02714634E-06
 3.02272213E-06
 3.01828254E-06
 3.01382733E-06
 3.00935677E-06
 3.00487063E-06
 3.00036867E-06
 2.99585064E-06
 2.99131629E-06
 2.98676537E-06
 2.98219761E-06
 2.97761381E-06
 2.97301319E-06
 2.96839492E-06
 2.96375982E-06
 2.95910651E-06
 2.95443635E-06
 2.94974742E-06
 2.94504105E-06
 2.94031640E-06
 2.93557262E-06
 2.93081051E-06
 2.92602976E-06
 2.92122892E-06
 2.91640936E-06
 2.91156962E-06
 2.90670992E-06
 2.90183051E-06
 3.11691481E-06
 3.11425823E-06
 3.11159640E-06
 3.10892982E-06
 3.10625662E-06
 3.10357848E-06
 3.10089411E-06
 3.09820401E-06
 3.09550805E-06
 3.09280615E-06
 3.09009757E-06
 3.08738344E-06
 3.08466240E-06
 3.08193558E-06
 3.07920224E-06
 3.07646226E-06
 3.07371551E-06
 3.07096186E-06
 3.06820183E-06
 3.06543399E-06
 3.06265951E-06
 3.05987825E-06
 3.05708875E-06
 3.05429219E-06
 3.05148775E-06
 3.04867596E-06
 3.04585531E-06
 3.04302698E-06
 3.04019081E-06
 3.03734597E-06
 3.03449227E-06
 3.03163022E-06
 3.02875965E-06
 3.02587898E-06
 3.02298939E-06
 3.02009073E-06
 3.01718206E-06
 3.01426316E-06
 3.01133382E-06
 3.00839456E-06
 3.00544441E-06
 3.00248387E-06
 2.99951121E-06
 2.99652769E-06
 2.99353227E-06
 2.99052471E-06
 2.98750395E-06
 2.98447125E-06
 2.98142475E-06
 2.97836493E-06
 2.97529068E-06
 2.97220246E-06
 2.96909914E-06
 2.96598034E-06
 2.96284570E-06
 2.95969401E-06
 2.95652569E-06
 2.95333863E-06
 2.95013408E-06
 2.94690988E-06
 2.94366556E-06
 2.94040057E-06
 2.93711442E-06
 3.28585725E-06
 3.32231502E-06
 3.34663759E-06
 3.36525312E-06
 3.14998751E-06
 3.15220078E-06
 3.15481970E-06
 3.15707854E-06
 3.15904822E-06
 3.16077840E-06
 3.16230579E-06
 3.16366108E-06
 3.16486373E-06
 3.16593414E-06
 3.16688666E-06
 3.16773231E-06
 3.16848212E-06
 3.16914456E-06
 3.16972749E-06
 3.17023596E-06
 3.17067688E-06
 3.17105533E-06
 3.17137342E-06
 3.17163663E-06
 3.17184848E-06
 3.17201156E-06
 3.17212752E-06
 3.17220025E-06
 3.17223051E-06
 3.17222132E-06
 3.17217357E-06
 3.17208995E-06
 3.17197088E-06
 3.17181807E-06
 3.17163200E-06
 3.17141510E-06
 3.17116744E-06
 3.17089028E-06
 3.17058375E-06
 3.17024861E-06
 3.16988628E-06
 3.16949696E-06
 3.16908090E-06
 3.16863896E-06
 3.16817073E-06
 3.16767719E-06
 3.16715929E-06
 3.16661667E-06
 3.16604897E-06
 3.16545649E-06
 3.16484033E-06
 3.16419932E-06
 3.16353461E-06
 3.16284505E-06
 3.16213098E-06
 3.16139198E-06
 3.16062919E-06
 3.15984140E-06
 3.15902810E-06
 3.15818966E-06
 3.15732469E-06
 3.15643434E-06
 3.15551631E-06
 3.15457168E-06
 3.15359982E-06
 3.15259818E-06
 3.15156780E-06
 3.15050783E-06
 3.15063288E-06
 3.15145476E-06
 3.15224411E-06
 3.15299967E-06
 3.15372023E-06
 3.15440432E-06
 3.15505040E-06
 3.15565684E-06
 3.15622166E-06
 3.15674393E-06
 3.15722142E-06
 3.15765057E-06
 3.15803072E-06
 3.15835787E-06
 3.15862971E-06
 3.15884254E-06
 3.15899334E-06
 3.15907881E-06
 3.15909243E-06
 3.15903241E-06
 3.15889228E-06
 3.15866468E-06
 3.15834554E-06
 3.15792723E-06
 3.15740064E-06
 3.15675763E-06
 3.15598861E-06
 3.15508041E-06
 3.15402269E-06
 3.15280010E-06
 3.15139588E-06
 3.14421465E-06
 3.12454681E-06
 3.10463006E-06
 3.08443786E-06
 3.27287163E-06
 3.23988423E-06
 3.20536034E-06
 3.16907793E-06
 3.15195660E-06
 3.15504001E-06
 3.15538333E-06
 3.15249653E-06
 5.75290561E-02
 1.58396528E-01
 3.54734013E-01
 0.00000000E+00
 0.00000000E+00
 0.00000000E+00
 0.00000000E+00
 0.00000000E+00
 0.00000000E+00
 0.00000000E+00
 0.00000000E+00
 0.00000000E+00
 0.00000000E+00
 0.00000000E+00
 0.00000000E+00
 0.00000000E+00
 0.00000000E+00
 0.00000000E+00
 0.00000000E+00
 4.33316820E-01
 1.84664654E-01
 8.82376538E-02
 2.57393023E-07
 2.26410801E-06
 2.81254626E-06
 1.89427308E-06
 1.00139850E-06
 5.86089464E-06
 9.23813829E-06
 1.11244802E-05
 1.15112017E-05
 1.03895146E-05
 7.75055977E-06
 3.58540679E-06
 4.14743187E-06
 1.51351910E-05
 2.45912919E-05
 3.25066354E-05
 3.88720478E-05
 4.36782809E-05
 4.69160104E-05
 4.85758358E-05
 4.86482789E-05
 4.71237837E-05
 4.39927150E-05
 3.92453578E-05
 3.28719165E-05
 2.48625139E-05
 1.52071904E-05
 3.89590308E-06
 1.04903625E-05
 2.43348982E-05
 3.65286823E-05
 4.70615411E-05
 5.59232143E-05
 6.31033550E-05
 6.85915280E-05
 7.23772090E-05
 7.44497838E-05
 7.47985473E-05
 7.34127022E-05
 7.02813584E-05
 6.53935315E-05
 5.87381422E-05
 5.03040151E-05
 4.07931750E-05
 5.16086800E-05
 6.06415149E-05
 6.78802927E-05
 7.33135259E-05
 7.69296260E-05
 7.87169021E-05
 7.86635595E-05
 7.67576989E-05
 7.29873151E-05
 6.73402956E-05
 5.98044196E-05
 5.03673565E-05
 3.90166650E-05
 2.57397914E-05
 1.05240686E-05
 8.01817567E-06
 2.80209192E-05
 4.61007850E-05
 6.22449838E-05
 7.64406088E-05
 8.86746347E-05
 9.89339161E-05
 1.07205186E-04
 1.13475054E-04
 1.17730006E-04
 1.19956402E-04
 1.20140474E-04
 1.18268325E-04
 1.14325928E-04
 1.08299123E-04
 1.00173616E-04
 1.04673761E-04
 1.12839512E-04
 1.18893242E-04
 1.22820303E-04
 1.24605912E-04
 1.24235139E-04
 1.21692913E-04
 1.16964017E-04
 1.10033086E-04
 1.00884606E-04
 8.95029106E-05
 7.58721826E-05
 5.99764484E-05
 4.17995775E-05
 2.13252806E-05
 1.63431102E-06
 2.61118710E-05
 4.83196360E-05
 6.82411881E-05
 8.58599444E-05
 1.01159156E-04
 1.14121905E-04
 1.24731102E-04
 1.32969485E-04
 1.38819618E-04
 1.42263885E-04
 1.43284490E-04
 1.41863456E-04
 1.37982620E-04
 1.31623633E-04
 1.22767954E-04
 1.21328153E-04
 1.31897408E-04
 1.39953846E-04
 1.45478431E-04
 1.48451927E-04
 1.48854894E-04
 1.46667687E-04
 1.41870453E-04
 1.34443125E-04
 1.24365426E-04
 1.11616858E-04
 9.61767060E-05
 7.80240284E-05
 5.71376594E-05
 3.34962027E-05
 7.07802949E-06
 1.58984202E-05
 3.46553582E-05
 5.06592227E-05
 6.38880874E-05
 7.43197827E-05
 8.19318929E-05
 8.67017521E-05
 8.86064407E-05
 8.76227819E-05
 8.37273377E-05
 7.68964054E-05
 6.71060132E-05
 5.43319167E-05
 3.85495948E-05
 1.97342452E-05
 2.32430032E-06
 2.50270112E-05
 4.47102632E-05
 6.13487827E-05
 7.49170014E-05
 8.53890513E-05
 9.27387604E-05
 9.69396478E-05
 9.79649192E-05
 9.57874620E-05
 9.03798401E-05
 8.17142895E-05
 6.97627125E-05
 5.44966729E-05
 3.58873906E-05
 1.39057362E-05
 5.58254311E-06
 1.58185959E-05
 2.26715167E-05
 2.61113634E-05
 2.61078231E-05
 2.26302063E-05
 1.56474406E-05
 5.12806454E-06
 3.78048400E-04
 1.00243439E-03
 6.15719281E-04
 2.00020508E-04
 5.97809798E-05
 4.00020638E-05
 2.04072640E-05
 8.12561722E-07
 4.91888315E-05
 1.07704029E-04
 1.67628379E-04
 2.69878144E-05
 3.43468068E-06
 3.42644969E-06
 3.41811639E-06
 3.63996411E-06
 3.62043772E-06
 3.59950606E-06
 3.57854693E-06
 3.55756007E-06
 3.53654584E-06
 3.51550396E-06
 3.49443417E-06
 3.47560795E-06
 3.47266077E-06
 3.46970304E-06
 3.46673725E-06
 3.46375292E-06
 3.46077854E-06
 3.45777517E-06
 3.45474219E-06
 3.45171007E-06
 3.44872018E-06
 3.44570077E-06
 3.44265048E-06
 3.43957001E-06
 3.43645871E-06
 3.43331657E-06
 3.43014364E-06
 3.42354029E-06
 3.41305335E-06
 3.40253458E-06
 3.39198400E-06
 3.38140126E-06
 3.37078600E-06
 3.36013823E-06
 3.34945758E-06
 3.33874368E-06
 3.32799690E-06
 3.53959523E-06
 3.53396851E-06
 3.52833250E-06
 3.52268820E-06
 3.51703477E-06
 3.51137211E-06
 3.50956458E-06
 3.50863924E-06
 3.50770472E-06
 3.50676054E-06
 3.50580736E-06
 3.50484468E-06
 3.50387239E-06
 3.50289037E-06
 3.50189891E-06
 3.50089789E-06
 3.49988680E-06
 3.49886631E-06
 3.49783552E-06
 3.49679469E-06
 3.49574411E-06
 3.49468284E-06
 3.49361158E-06
 3.49252978E-06
 3.49143773E-06
 3.49033530E-06
 3.48922236E-06
 3.48809836E-06
 3.48696400E-06
 3.48581872E-06
 3.48466239E-06
 3.48349487E-06
 3.48231643E-06
 3.48112737E-06
 3.47992625E-06
 3.47871423E-06
 3.47749027E-06
 3.47484352E-06
 3.47077338E-06
 3.46669173E-06
 3.46259797E-06
 3.45849240E-06
 3.45437438E-06
 3.45024467E-06
 3.44610265E-06
 3.44194770E-06
 3.43778101E-06
 3.43360150E-06
 3.42940900E-06
 3.42520378E-06
 3.42098568E-06
 3.41675450E-06
 3.41251007E-06
 3.40825267E-06
 3.40398165E-06
 3.39969728E-06
 3.39539889E-06
 3.39108677E-06
 3.38676071E-06
 3.38242100E-06
 3.37806695E-06
 3.37369787E-06
 3.36931499E-06
 3.36491764E-06
 3.36050510E-06
 3.35607813E-06
 3.35163551E-06
 3.34717853E-06
 3.34270545E-06
 3.33821704E-06
 3.33371306E-06
 3.32919328E-06
 3.32465744E-06
 3.32010531E-06
 3.31553715E-06
 3.31095218E-06
 3.30635067E-06
 3.30173236E-06
 3.29709697E-06
 3.29244423E-06
 3.28777387E-06
 3.28308614E-06
 3.27838021E-06
 3.27365634E-06
 3.26891478E-06
 3.26415413E-06
 3.25937519E-06
 3.25457653E-06
 3.24975952E-06
 3.24492270E-06
 3.24006689E-06
 3.23519062E-06
 3.23029411E-06
 3.44472153E-06
 3.44205141E-06
 3.43937547E-06
 3.43669478E-06
 3.43400866E-06
 3.43131643E-06
 3.42861857E-06
 3.42591499E-06
 3.42320558E-06
 3.42049024E-06
 3.41776824E-06
 3.41504070E-06
 3.41230628E-06
 3.40956609E-06
 3.40681940E-06
 3.40406609E-06
 3.40130603E-06
 3.39853910E-06
 3.39576581E-06
 3.39298539E-06
 3.39019771E-06
 3.38740261E-06
 3.38460063E-06
 3.38179161E-06
 3.37897410E-06
 3.37614926E-06
 3.37331695E-06
 3.37047566E-06
 3.36762657E-06
 3.36476953E-06
 3.36190368E-06
 3.35902954E-06
 3.35614623E-06
 3.35325428E-06
 3.35035278E-06
 3.34744225E-06
 3.34452179E-06
 3.34159118E-06
 3.33865093E-06
 3.33570083E-06
 3.33273919E-06
 3.32976800E-06
 3.32678478E-06
 3.32379079E-06
 3.32078426E-06
 3.31776645E-06
 3.31473709E-06
 3.31169437E-06
 3.30863799E-06
 3.30556922E-06
 3.30248695E-06
 3.29939008E-06
 3.29627826E-06
 3.29315196E-06
 3.29000919E-06
 3.28685120E-06
 3.28367596E-06
 3.28048390E-06
 3.27727374E-06
 3.27404420E-06
 3.27079651E-06
 3.26752761E-06
 3.26423785E-06
 3.26092670E-06
 3.60727248E-06
 3.64637865E-06
 3.67175955E-06
 3.69099922E-06
 3.47535325E-06
 3.47764377E-06
 3.48031979E-06
 3.48262458E-06
 3.48463047E-06
 3.48639052E-06
 3.48794217E-06
 3.48931688E-06
 3.49053685E-06
 3.49162140E-06
 3.49258478E-06
 3.49343887E-06
 3.49419617E-06
 3.49486458E-06
 3.49545136E-06
 3.49596308E-06
 3.49640662E-06
 3.49678492E-06
 3.49710321E-06
 3.49736586E-06
 3.49757532E-06
 3.49773630E-06
 3.49784932E-06
 3.49791714E-06
 3.49794386E-06
 3.49792966E-06
 3.49787714E-06
 3.49778664E-06
 3.49766207E-06
 3.49750214E-06
 3.49730917E-06
 3.49708432E-06
 3.49682886E-06
 3.49654281E-06
 3.49622756E-06
 3.49588442E-06
 3.49551234E-06
 3.49511340E-06
 3.49468715E-06
 3.49423580E-06
 3.49375692E-06
 3.49325283E-06
 3.49272446E-06
 3.49217008E-06
 3.49158994E-06
 3.49098653E-06
 3.49035802E-06
 3.48970548E-06
 3.48902703E-06
 3.48832526E-06
 3.48759826E-06
 3.48684633E-06
 3.48606984E-06
 3.48526833E-06
 3.48444134E-06
 3.48358753E-06
 3.48270879E-06
 3.48180380E-06
 3.48087108E-06
 3.47991083E-06
 3.47892329E-06
 3.47790587E-06
 3.47685962E-06
 3.47578367E-06
 3.47590713E-06
 3.47673761E-06
 3.47753436E-06
 3.47829722E-06
 3.47902379E-06
 3.47971472E-06
 3.48036741E-06
 3.48098019E-06
 3.48155001E-06
 3.48207807E-06
 3.48255985E-06
 3.48299406E-06
 3.48337780E-06
 3.48370801E-06
 3.48398365E-06
 3.48419846E-06
 3.48435205E-06
 3.48443835E-06
 3.48445349E-06
 3.48439282E-06
 3.48425123E-06
 3.48402406E-06
 3.48370159E-06
 3.48328024E-06
 3.48274946E-06
 3.48210175E-06
 3.48132644E-06
 3.48041211E-06
 3.47934560E-06
 3.47811216E-06
 3.47669582E-06
 3.46945182E-06
 3.44960508E-06
 3.42950901E-06
 3.40913379E-06
 3.59912891E-06
 3.56586209E-06
 3.53104607E-06
 3.49445828E-06
 3.47719789E-06
 3.48031850E-06
 3.48067805E-06
 3.47778018E-06
 5.51991540E-02
 1.51980750E-01
 3.46755120E-01
 0.00000000E+00
 0.00000000E+00
 0.00000000E+00
 0.00000000E+00
 0.00000000E+00
 0.00000000E+00
 0.00000000E+00
 0.00000000E+00
 0.00000000E+00
 0.00000000E+00
 0.00000000E+00
 0.00000000E+00
 0.00000000E+00
 0.00000000E+00
 0.00000000E+00
 0.00000000E+00
 4.25327818E-01
 1.76847501E-01
 8.45024397E-02
 2.58795371E-07
 2.26543727E-06
 2.81386086E-06
 1.89563198E-06
 1.00280037E-06
 5.86210577E-06
 9.23921880E-06
 1.11254907E-05
 1.15122037E-05
 1.03905699E-05
 7.75173087E-06
 3.58675688E-06
 4.14876240E-06
 1.51360646E-05
 2.45917723E-05
 3.25067867E-05
 3.88719352E-05
 4.36779700E-05
 4.69155675E-05
 4.85753279E-05
 4.86477737E-05
 4.71233495E-05
 4.39924209E-05
 3.92452736E-05
 3.28721127E-05
 2.48630617E-05
 1.52081618E-05
 3.89737092E-06
 1.07202036E-05
 2.48970834E-05
 3.74237030E-05
 4.82898918E-05
 5.74853932E-05
 6.49998632E-05
 7.08228701E-05
 7.49438929E-05
 7.73523208E-05
 7.80374521E-05
 7.69884931E-05
 7.41945569E-05
 6.96446629E-05
 6.33277352E-05
 5.52326020E-05
 4.60402698E-05
 5.65226816E-05
 6.52220764E-05
 7.21270654E-05
 7.72261595E-05
 8.05077684E-05
 8.19601994E-05
 8.15716562E-05
 7.93302377E-05
 7.52239368E-05
 6.92406395E-05
 6.13681230E-05
 5.15940550E-05
 3.99059924E-05
 2.62913797E-05
 1.07375478E-05
 7.92209521E-06
 2.76631800E-05
 4.54811181E-05
 6.13631189E-05
 7.52962746E-05
 8.72675586E-05
 9.72638242E-05
 1.05271803E-04
 1.11278105E-04
 1.15269212E-04
 1.17231485E-04
 1.17151154E-04
 1.15014320E-04
 1.10806956E-04
 1.04514900E-04
 9.61238581E-05
 1.00736024E-04
 1.09162024E-04
 1.15476491E-04
 1.19664784E-04
 1.21712120E-04
 1.21603576E-04
 1.19324084E-04
 1.14858430E-04
 1.08191253E-04
 9.93070441E-05
 8.81901415E-05
 7.48247311E-05
 5.91948437E-05
 4.12843532E-05
 2.10769747E-05
 1.61725972E-06
 2.57830504E-05
 4.76786895E-05
 6.72877572E-05
 8.45936692E-05
 9.95796745E-05
 1.12228854E-04
 1.22524116E-04
 1.30448198E-04
 1.35983660E-04
 1.39112886E-04
 1.39818079E-04
 1.38081259E-04
 1.33884261E-04
 1.27208735E-04
 1.18036138E-04
 1.16533630E-04
 1.27412617E-04
 1.35779444E-04
 1.41615080E-04
 1.44900296E-04
 1.45615656E-04
 1.43741521E-04
 1.39258045E-04
 1.32145167E-04
 1.22382615E-04
 1.09949898E-04
 9.48263057E-05
 7.69909045E-05
 5.64225343E-05
 3.30998052E-05
 7.00109476E-06
 1.59004146E-05
 3.46561066E-05
 5.06589069E-05
 6.38868915E-05
 7.43178937E-05
 8.19295002E-05
 8.66990478E-05
 8.86036198E-05
 8.76200421E-05
 8.37248796E-05
 7.68944322E-05
 6.71047314E-05
 5.43315356E-05
 3.85503266E-05
 1.97363055E-05
 2.32758869E-06
 2.50286617E-05
 4.47104910E-05
 6.13478066E-05
 7.49150433E-05
 8.53863364E-05
 9.27355173E-05
 9.69361085E-05
 9.79613192E-05
 9.57840404E-05
 9.03768397E-05
 8.17119565E-05
 6.97612972E-05
 5.44964292E-05
 3.58885765E-05
 1.39086134E-05
 5.58606646E-06
 1.58213433E-05
 2.26737532E-05
 2.61133585E-05
 2.61098503E-05
 2.26325436E-05
 1.56503702E-05
 5.13187343E-06
 3.61884616E-04
 9.59707721E-04
 6.60289354E-04
 2.17828559E-04
 6.77197738E-05
 4.53892057E-05
 2.32370076E-05
 1.08490755E-06
 5.06535109E-05
 1.10676028E-04
 1.72143987E-04
 2.78825214E-05
 3.72346960E-06
 3.71559891E-06
 3.70762556E-06
 3.92951246E-06
 3.90972865E-06
 3.88850378E-06
 3.86725180E-06
 3.84597178E-06
 3.82466409E-06
 3.80332846E-06
 3.78196459E-06
 3.76288668E-06
 3.75998144E-06
 3.75706579E-06
 3.75414230E-06
 3.75120054E-06
 3.74826976E-06
 3.74530934E-06
 3.74231965E-06
 3.73933094E-06
 3.73638633E-06
 3.73341151E-06
 3.73040582E-06
 3.72736961E-06
 3.72430291E-06
 3.72120470E-06
 3.71807533E-06
 3.71142802E-06
 3.70079757E-06
 3.69013529E-06
 3.67944084E-06
 3.66871350E-06
 3.65795400E-06
 3.64716160E-06
 3.63633632E-06
 3.62547704E-06
 3.61458487E-06
 3.82715009E-06
 3.82141420E-06
 3.81566926E-06
 3.80991556E-06
 3.80415261E-06
 3.79838069E-06
 3.79656252E-06
 3.79565013E-06
 3.79472806E-06
 3.79379659E-06
 3.79285600E-06
 3.79190579E-06
 3.79094585E-06
 3.78997645E-06
 3.78899708E-06
 3.78800842E-06
 3.78700956E-06
 3.78600078E-06
 3.78498156E-06
 3.78395257E-06
 3.78291369E-06
 3.78186400E-06
 3.78080457E-06
 3.77973407E-06
 3.77865359E-06
 3.77756259E-06
 3.77646052E-06
 3.77534766E-06
 3.77422430E-06
 3.77308987E-06
 3.77194425E-06
 3.77078813E-06
 3.76962052E-06
 3.76844129E-06
 3.76725070E-06
 3.76604904E-06
 3.76483574E-06
 3.76217858E-06
 3.75807917E-06
 3.75396676E-06
 3.74984296E-06
 3.74570718E-06
 3.74155880E-06
 3.73739855E-06
 3.73322583E-06
 3.72904045E-06
 3.72484317E-06
 3.72063198E-06
 3.71640899E-06
 3.71217265E-06
 3.70792324E-06
 3.70366105E-06
 3.69938495E-06
 3.69509617E-06
 3.69079309E-06
 3.68647696E-06
 3.68214710E-06
 3.67780283E-06
 3.67344491E-06
 3.66907266E-06
 3.66468636E-06
 3.66028481E-06
 3.65586928E-06
 3.65143906E-06
 3.64699393E-06
 3.64253367E-06
 3.63805855E-06
 3.63356785E-06
 3.62906133E-06
 3.62453977E-06
 3.62000242E-06
 3.61544853E-06
 3.61087888E-06
 3.60629270E-06
 3.60169025E-06
 3.59707129E-06
 3.59243502E-06
 3.58778223E-06
 3.58311159E-06
 3.57842442E-06
 3.57371885E-06
 3.56899619E-06
 3.56425508E-06
 3.55949577E-06
 3.55471851E-06
 3.54992190E-06
 3.54510728E-06
 3.54027267E-06
 3.53541944E-06
 3.53054612E-06
 3.52565353E-06
 3.52074076E-06
 3.51580747E-06
 3.73181604E-06
 3.72912730E-06
 3.72643267E-06
 3.72373261E-06
 3.72102645E-06
 3.71831527E-06
 3.71559778E-06
 3.71287447E-06
 3.71014584E-06
 3.70741059E-06
 3.70466919E-06
 3.70192215E-06
 3.69916814E-06
 3.69640826E-06
 3.69364116E-06
 3.69086796E-06
 3.68808792E-06
 3.68530153E-06
 3.68250805E-06
 3.67970668E-06
 3.67689923E-06
 3.67408426E-06
 3.67126164E-06
 3.66843188E-06
 3.66559416E-06
 3.66274833E-06
 3.65989491E-06
 3.65703374E-06
 3.65416398E-06
 3.65128615E-06
 3.64839938E-06
 3.64550350E-06
 3.64259972E-06
 3.63968646E-06
 3.63676353E-06
 3.63383143E-06
 3.63088925E-06
 3.62793750E-06
 3.62497526E-06
 3.62200375E-06
 3.61902055E-06
 3.61602691E-06
 3.61302184E-06
 3.61000509E-06
 3.60697716E-06
 3.60393703E-06
 3.60088442E-06
 3.59781983E-06
 3.59474142E-06
 3.59164966E-06
 3.58854424E-06
 3.58542403E-06
 3.58228950E-06
 3.57913949E-06
 3.57597363E-06
 3.57279238E-06
 3.56959369E-06
 3.56637714E-06
 3.56314227E-06
 3.55988952E-06
 3.55661670E-06
 3.55332417E-06
 3.55000970E-06
 3.54667362E-06
 3.88998416E-06
 3.93221538E-06
 3.95874321E-06
 3.97864269E-06
 3.76265580E-06
 3.76502716E-06
 3.76776310E-06
 3.77011485E-06
 3.77215798E-06
 3.77394901E-06
 3.77552604E-06
 3.77692132E-06
 3.77815880E-06
 3.77925673E-06
 3.78023214E-06
 3.78109641E-06
 3.78186143E-06
 3.78253554E-06
 3.78312643E-06
 3.78364169E-06
 3.78408707E-06
 3.78446654E-06
 3.78478528E-06
 3.78504660E-06
 3.78525504E-06
 3.78541310E-06
 3.78552237E-06
 3.78558784E-06
 3.78561020E-06
 3.78559134E-06
 3.78553322E-06
 3.78543673E-06
 3.78530520E-06
 3.78513911E-06
 3.78493895E-06
 3.78470771E-06
 3.78444357E-06
 3.78414902E-06
 3.78382536E-06
 3.78347274E-06
 3.78309255E-06
 3.78268371E-06
 3.78224766E-06
 3.78178596E-06
 3.78129685E-06
 3.78078257E-06
 3.78024209E-06
 3.77967702E-06
 3.77908560E-06
 3.77847021E-06
 3.77782981E-06
 3.77716468E-06
 3.77647370E-06
 3.77575865E-06
 3.77501914E-06
 3.77425475E-06
 3.77346425E-06
 3.77264871E-06
 3.77180767E-06
 3.77094059E-06
 3.77004695E-06
 3.76912697E-06
 3.76817923E-06
 3.76720390E-06
 3.76620030E-06
 3.76516765E-06
 3.76410601E-06
 3.76301279E-06
 3.76313525E-06
 3.76397293E-06
 3.76477771E-06
 3.76554838E-06
 3.76628263E-06
 3.76697895E-06
 3.76763785E-06
 3.76825649E-06
 3.76883301E-06
 3.76936528E-06
 3.76985208E-06
 3.77029088E-06
 3.77067883E-06
 3.77101282E-06
 3.77129052E-06
 3.77150814E-06
 3.77166331E-06
 3.77175054E-06
 3.77176654E-06
 3.77170604E-06
 3.77156371E-06
 3.77133499E-06
 3.77101139E-06
 3.77058644E-06
 3.77005152E-06
 3.76939832E-06
 3.76861691E-06
 3.76769481E-06
 3.76661947E-06
 3.76537611E-06
 3.76394849E-06
 3.75663906E-06
 3.73661517E-06
 3.71633977E-06
 3.69578149E-06
 3.88734968E-06
 3.85380248E-06
 3.81869332E-06
 3.78179866E-06
 3.76439789E-06
 3.76755561E-06
 3.76792949E-06
 3.76501818E-06
 5.28687216E-02
 1.45563579E-01
 3.38774508E-01
 0.00000000E+00
 0.00000000E+00
 0.00000000E+00
 0.00000000E+00
 0.00000000E+00
 0.00000000E+00
 0.00000000E+00
 0.00000000E+00
 0.00000000E+00
 0.00000000E+00
 0.00000000E+00
 0.00000000E+00
 0.00000000E+00
 0.00000000E+00
 0.00000000E+00
 0.00000000E+00
 4.17338876E-01
 1.69030407E-01
 8.07672536E-02
 2.60008495E-07
 2.26657632E-06
 2.81498423E-06
 1.89679866E-06
 1.00400899E-06
 5.86312263E-06
 9.24010399E-06
 1.11263050E-05
 1.15130083E-05
 1.03914267E-05
 7.75270243E-06
 3.58790637E-06
 4.14989123E-06
 1.51367354E-05
 2.45920487E-05
 3.25067331E-05
 3.88716166E-05
 4.36774519E-05
 4.69149163E-05
 4.85746104E-05
 4.86470578E-05
 4.71227035E-05
 4.39919138E-05
 3.92449752E-05
 3.28720935E-05
 2.48633929E-05
 1.52089154E-05
 3.89861961E-06
 1.09498224E-05
 2.54590422E-05
 3.83184932E-05
 4.95180081E-05
 5.90473334E-05
 6.68961286E-05
 7.30539651E-05
 7.75103255E-05
 8.02546022E-05
 8.12760971E-05
 8.05640197E-05
 7.81074868E-05
 7.38955212E-05
 6.79170507E-05
 6.01609069E-05
 5.12870781E-05
 6.14363981E-05
 6.98023541E-05
 7.63735557E-05
 8.11385120E-05
 8.40856311E-05
 8.52032184E-05
 8.44794760E-05
 8.19025010E-05
 7.74602846E-05
 7.11407108E-05
 6.29315552E-05
 5.28204838E-05
 4.07950515E-05
 2.68427011E-05
 1.09507617E-05
 7.82575066E-06
 2.73051775E-05
 4.48611886E-05
 6.04809923E-05
 7.41516796E-05
 8.58602225E-05
 9.55934732E-05
 1.03338162E-04
 1.09080897E-04
 1.12808161E-04
 1.14506312E-04
 1.14161578E-04
 1.11760061E-04
 1.07287731E-04
 1.00730425E-04
 9.20738484E-05
 9.67980319E-05
 1.05484277E-04
 1.12059478E-04
 1.16508997E-04
 1.18818057E-04
 1.18971736E-04
 1.16954973E-04
 1.12752556E-04
 1.06349129E-04
 9.77291872E-05
 8.68770722E-05
 7.37769745E-05
 5.84129290E-05
 4.07688140E-05
 2.08283488E-05
 1.59988375E-06
 2.54539062E-05
 4.70374205E-05
 6.63340049E-05
 8.33270735E-05
 9.79998738E-05
 1.10335484E-04
 1.20316813E-04
 1.27926595E-04
 1.33147388E-04
 1.35961575E-04
 1.36351356E-04
 1.34298750E-04
 1.29785592E-04
 1.22793528E-04
 1.13304015E-04
 1.11738797E-04
 1.22927510E-04
 1.31604720E-04
 1.37751402E-04
 1.41348330E-04
 1.42376077E-04
 1.40815009E-04
 1.36645284E-04
 1.29846849E-04
 1.20399438E-04
 1.08282565E-04
 9.34755263E-05
 7.59573948E-05
 5.57070164E-05
 3.27030079E-05
 6.92375335E-06
 1.59019982E-05
 3.46564411E-05
 5.06581738E-05
 6.38852751E-05
 7.43155808E-05
 8.19266802E-05
 8.66959129E-05
 8.86003649E-05
 8.76168648E-05
 8.37219803E-05
 7.68920144E-05
 6.71030013E-05
 5.43307025E-05
 3.85506028E-05
 1.97379063E-05
 2.33041376E-06
 2.50298450E-05
 4.47102479E-05
 6.13463557E-05
 7.49126064E-05
 8.53831387E-05
 9.27317873E-05
 9.69320781E-05
 9.79572240E-05
 9.57801193E-05
 9.03733353E-05
 8.17091153E-05
 6.97593692E-05
 5.44956683E-05
 3.58892405E-05
 1.39109642E-05
 5.58905876E-06
 1.58235549E-05
 2.26754493E-05
 2.61148082E-05
 2.61113273E-05
 2.26343256E-05
 1.56527396E-05
 5.13511695E-06
 3.45721643E-04
 9.16982262E-04
 7.04675828E-04
 2.35678455E-04
 7.56983146E-05
 5.08156229E-05
 2.61054843E-05
 1.39544358E-06
 5.20803697E-05
 1.13610529E-04
 1.76622425E-04
 2.87392840E-05
 3.97418300E-06
 3.96667264E-06
 3.95905832E-06
 4.18096845E-06
 4.16092730E-06
 4.13940930E-06
 4.11786356E-06
 4.09629014E-06
 4.07468841E-06
 4.05305909E-06
 4.03140090E-06
 4.01207040E-06
 4.00920690E-06
 4.00633315E-06
 4.00345209E-06
 4.00055239E-06
 3.99766468E-06
 3.99474734E-06
 3.99180006E-06
 3.98885456E-06
 3.98595469E-06
 3.98302461E-06
 3.98006331E-06
 3.97707116E-06
 3.97404817E-06
 3.97099366E-06
 3.96790799E-06
 3.96121614E-06
 3.95044193E-06
 3.93963552E-06
 3.92879658E-06
 3.91792510E-06
 3.90702072E-06
 3.89608344E-06
 3.88511253E-06
 3.87410834E-06
 3.86307014E-06
 4.07660571E-06
 4.07076035E-06
 4.06490621E-06
 4.05904244E-06
 4.05317043E-06
 4.04728857E-06
 4.04546023E-06
 4.04456014E-06
 4.04365102E-06
 4.04273238E-06
 4.04180372E-06
 4.04086609E-06
 4.03991860E-06
 4.03896113E-06
 4.03799436E-06
 4.03701738E-06
 4.03603008E-06
 4.03503311E-06
 4.03402636E-06
 4.03300892E-06
 4.03198146E-06
 4.03094344E-06
 4.02989516E-06
 4.02883606E-06
 4.02776684E-06
 4.02668696E-06
 4.02559587E-06
 4.02449427E-06
 4.02338159E-06
 4.02225813E-06
 4.02112332E-06
 4.01997744E-06
 4.01882034E-06
 4.01765190E-06
 4.01647195E-06
 4.01527991E-06
 4.01407693E-06
 4.01140991E-06
 4.00728000E-06
 4.00313781E-06
 3.99898363E-06
 3.99481730E-06
 3.99063866E-06
 3.98644752E-06
 3.98224419E-06
 3.97802804E-06
 3.97379935E-06
 3.96955794E-06
 3.96530319E-06
 3.96103582E-06
 3.95675475E-06
 3.95246117E-06
 3.94815350E-06
 3.94383295E-06
 3.93949841E-06
 3.93515014E-06
 3.93078794E-06
 3.92641162E-06
 3.92202145E-06
 3.91761675E-06
 3.91319780E-06
 3.90876389E-06
 3.90431579E-06
 3.89985230E-06
 3.89537468E-06
 3.89088123E-06
 3.88637270E-06
 3.88184837E-06
 3.87730850E-06
 3.87275337E-06
 3.86818173E-06
 3.86359433E-06
 3.85899043E-06
 3.85437029E-06
 3.84973365E-06
 3.84507973E-06
 3.84040931E-06
 3.83572107E-06
 3.83101633E-06
 3.82629322E-06
 3.82155305E-06
 3.81679501E-06
 3.81201826E-06
 3.80722360E-06
 3.80241017E-06
 3.79757822E-06
 3.79272634E-06
 3.78785586E-06
 3.78296649E-06
 3.77805675E-06
 3.77312689E-06
 3.76817713E-06
 3.98351114E-06
 3.98080864E-06
 3.97810026E-06
 3.97538647E-06
 3.97266659E-06
 3.96994169E-06
 3.96721050E-06
 3.96447410E-06
 3.96173120E-06
 3.95898288E-06
 3.95622784E-06
 3.95346717E-06
 3.95069955E-06
 3.94792607E-06
 3.94514601E-06
 3.94235988E-06
 3.93956630E-06
 3.93676640E-06
 3.93395942E-06
 3.93114587E-06
 3.92832497E-06
 3.92549659E-06
 3.92266124E-06
 3.91981811E-06
 3.91696773E-06
 3.91410928E-06
 3.91124327E-06
 3.90836888E-06
 3.90548661E-06
 3.90259632E-06
 3.89969714E-06
 3.89678959E-06
 3.89387280E-06
 3.89094728E-06
 3.88801285E-06
 3.88506862E-06
 3.88211508E-06
 3.87915132E-06
 3.87617859E-06
 3.87319448E-06
 3.87020097E-06
 3.86719562E-06
 3.86418041E-06
 3.86115288E-06
 3.85811427E-06
 3.85506432E-06
 3.85200125E-06
 3.84892630E-06
 3.84583922E-06
 3.84273814E-06
 3.83962275E-06
 3.83649431E-06
 3.83335169E-06
 3.83019379E-06
 3.82702022E-06
 3.82383143E-06
 3.82062541E-06
 3.81740339E-06
 3.81416249E-06
 3.81090476E-06
 3.80762725E-06
 3.80433030E-06
 3.80101257E-06
 3.79767355E-06
 3.79431180E-06
 4.13375216E-06
 4.17976416E-06
 4.20754118E-06
 4.22813869E-06
 4.01185383E-06
 4.01430883E-06
 4.01710754E-06
 4.01950732E-06
 4.02158978E-06
 4.02341199E-06
 4.02501560E-06
 4.02643267E-06
 4.02768697E-06
 4.02880049E-06
 4.02978727E-06
 4.03066103E-06
 4.03143407E-06
 4.03211419E-06
 4.03271056E-06
 4.03322966E-06
 4.03367618E-06
 4.03405716E-06
 4.03437674E-06
 4.03463708E-06
 4.03484377E-06
 4.03499930E-06
 4.03510742E-06
 4.03516869E-06
 4.03518596E-06
 4.03516223E-06
 4.03509948E-06
 4.03499860E-06
 4.03486056E-06
 4.03468754E-06
 4.03448064E-06
 4.03424103E-06
 4.03396989E-06
 4.03366725E-06
 4.03333570E-06
 4.03297402E-06
 4.03258366E-06
 4.03216537E-06
 4.03172001E-06
 4.03124711E-06
 4.03074892E-06
 4.03022297E-06
 4.02967223E-06
 4.02909562E-06
 4.02849342E-06
 4.02786592E-06
 4.02721341E-06
 4.02653552E-06
 4.02583330E-06
 4.02510555E-06
 4.02435258E-06
 4.02357399E-06
 4.02277084E-06
 4.02194107E-06
 4.02108577E-06
 4.02020441E-06
 4.01929644E-06
 4.01836213E-06
 4.01739915E-06
 4.01640850E-06
 4.01538948E-06
 4.01434133E-06
 4.01326325E-06
 4.01215433E-06
 4.01227560E-06
 4.01312120E-06
 4.01393276E-06
 4.01471101E-06
 4.01545166E-06
 4.01615619E-06
 4.01682098E-06
 4.01744534E-06
 4.01802720E-06
 4.01856450E-06
 4.01905599E-06
 4.01949911E-06
 4.01988976E-06
 4.02022839E-06
 4.02050845E-06
 4.02072914E-06
 4.02088553E-06
 4.02097464E-06
 4.02099118E-06
 4.02093045E-06
 4.02078780E-06
 4.02055637E-06
 4.02023124E-06
 4.01980214E-06
 4.01926411E-06
 4.01860499E-06
 4.01781696E-06
 4.01688818E-06
 4.01580359E-06
 4.01455065E-06
 4.01311026E-06
 4.00573656E-06
 3.98553385E-06
 3.96507837E-06
 3.94433719E-06
 4.13749259E-06
 4.10366449E-06
 4.06826007E-06
 4.03105795E-06
 4.01351575E-06
 4.01670793E-06
 4.01709417E-06
 4.01416981E-06
 5.05377586E-02
 1.39145013E-01
 3.30792178E-01
 0.00000000E+00
 0.00000000E+00
 0.00000000E+00
 0.00000000E+00
 0.00000000E+00
 0.00000000E+00
 0.00000000E+00
 0.00000000E+00
 0.00000000E+00
 0.00000000E+00
 0.00000000E+00
 0.00000000E+00
 0.00000000E+00
 0.00000000E+00
 0.00000000E+00
 0.00000000E+00
 4.09349993E-01
 1.61213372E-01
 7.70320954E-02
 2.61032410E-07
 2.26752517E-06
 2.81591640E-06
 1.89777312E-06
 1.00502439E-06
 5.86394524E-06
 9.24079391E-06
 1.11269229E-05
 1.15136154E-05
 1.03920850E-05
 7.75347449E-06
 3.58885527E-06
 4.15081839E-06
 1.51372035E-05
 2.45921213E-05
 3.25064746E-05
 3.88710918E-05
 4.36767265E-05
 4.69140566E-05
 4.85736835E-05
 4.86461312E-05
 4.71218455E-05
 4.39911936E-05
 3.92444625E-05
 3.28718588E-05
 2.48635075E-05
 1.52094511E-05
 3.89964919E-06
 1.11792190E-05
 2.60207748E-05
 3.92130531E-05
 5.07458900E-05
 6.06090351E-05
 6.87921512E-05
 7.52848132E-05
 8.00765069E-05
 8.31566282E-05
 8.45144822E-05
 8.41392821E-05
 8.20201481E-05
 7.81461065E-05
 7.25060886E-05
 6.50889296E-05
 5.65335999E-05
 6.63498294E-05
 7.43823481E-05
 8.06197636E-05
 8.50505836E-05
 8.76632141E-05
 8.84459592E-05
 8.73870189E-05
 8.44744888E-05
 7.96963582E-05
 7.30405095E-05
 6.44947163E-05
 5.40466429E-05
 4.16838424E-05
 2.73937558E-05
 1.11637104E-05
 7.72914207E-06
 2.69469117E-05
 4.42409967E-05
 5.95986042E-05
 7.30068237E-05
 8.44526263E-05
 9.39228630E-05
 1.01404263E-04
 1.06883433E-04
 1.10346854E-04
 1.11780883E-04
 1.11171747E-04
 1.08505548E-04
 1.03768252E-04
 9.69456977E-05
 8.80235873E-05
 9.28597856E-05
 1.01806270E-04
 1.08642201E-04
 1.13352942E-04
 1.15923721E-04
 1.16339620E-04
 1.14585580E-04
 1.10646396E-04
 1.04506715E-04
 9.61510349E-05
 8.55637027E-05
 7.27289127E-05
 5.76307043E-05
 4.02529598E-05
 2.05794030E-05
 1.58218316E-06
 2.51244385E-05
 4.63958289E-05
 6.53799312E-05
 8.20601576E-05
 9.64197539E-05
 1.08441797E-04
 1.18109193E-04
 1.25404675E-04
 1.30310801E-04
 1.32809949E-04
 1.32884320E-04
 1.30515931E-04
 1.25686613E-04
 1.18378012E-04
 1.08571583E-04
 1.06943654E-04
 1.18442087E-04
 1.27429674E-04
 1.33887395E-04
 1.37796030E-04
 1.39136158E-04
 1.37888150E-04
 1.34032170E-04
 1.27548172E-04
 1.18415895E-04
 1.06614859E-04
 9.21243677E-05
 7.49234991E-05
 5.49911059E-05
 3.23058111E-05
 6.84600530E-06
 1.59031711E-05
 3.46563616E-05
 5.06570236E-05
 6.38832383E-05
 7.43128441E-05
 8.19234331E-05
 8.66923475E-05
 8.85966760E-05
 8.76132500E-05
 8.37186401E-05
 7.68891520E-05
 6.71008230E-05
 5.43294175E-05
 3.85504234E-05
 1.97390477E-05
 2.33277558E-06
 2.50305612E-05
 4.47095339E-05
 6.13444299E-05
 7.49096907E-05
 8.53794581E-05
 9.27275703E-05
 9.69275567E-05
 9.79526335E-05
 9.57756986E-05
 9.03693271E-05
 8.17057659E-05
 6.97569285E-05
 5.44943904E-05
 3.58893829E-05
 1.39127887E-05
 5.59152011E-06
 1.58252309E-05
 2.26766049E-05
 2.61157127E-05
 2.61122541E-05
 2.26355526E-05
 1.56545489E-05
 5.13779519E-06
 3.29559481E-04
 8.74258017E-04
 7.49109596E-04
 2.53570239E-04
 8.37166451E-05
 5.62813586E-05
 2.90127360E-05
 1.74421183E-06
 5.34693666E-05
 1.16507490E-04
 1.81063652E-04
 2.95580601E-05
 4.18678005E-06
 4.17962849E-06
 4.17237262E-06
 4.39429039E-06
 4.37399169E-06
 4.35218000E-06
 4.33034061E-06
 4.30847322E-06
 4.28657757E-06
 4.26465335E-06
 4.24270060E-06
 4.22311728E-06
 4.22029504E-06
 4.21746336E-06
 4.21462390E-06
 4.21176641E-06
 4.20892161E-06
 4.20604651E-06
 4.20314148E-06
 4.20023902E-06
 4.19738370E-06
 4.19449749E-06
 4.19158041E-06
 4.18863248E-06
 4.18565302E-06
 4.18264203E-06
 4.17959883E-06
 4.17286258E-06
 4.16194437E-06
 4.15099326E-06
 4.14000995E-06
 4.12899337E-06
 4.11794389E-06
 4.10686112E-06
 4.09574470E-06
 4.08459462E-06
 4.29386511E-06
 4.28791919E-06
 4.28196447E-06
 4.27600048E-06
 4.27002750E-06
 4.26404541E-06
 4.25805373E-06
 4.25621536E-06
 4.25532809E-06
 4.25443090E-06
 4.25352483E-06
 4.25260863E-06
 4.25168293E-06
 4.25074765E-06
 4.24980265E-06
 4.24884744E-06
 4.24788228E-06
 4.24690705E-06
 4.24592163E-06
 4.24492631E-06
 4.24392055E-06
 4.24290463E-06
 4.24187803E-06
 4.24084142E-06
 4.23979346E-06
 4.23873524E-06
 4.23766620E-06
 4.23658665E-06
 4.23549560E-06
 4.23439376E-06
 4.23328098E-06
 4.23215670E-06
 4.23102120E-06
 4.22987433E-06
 4.22871595E-06
 4.22754634E-06
 4.22636493E-06
 4.22517155E-06
 4.22249479E-06
 4.21833452E-06
 4.21416181E-06
 4.20997738E-06
 4.20578018E-06
 4.20157095E-06
 4.19734951E-06
 4.19311481E-06
 4.18886801E-06
 4.18460804E-06
 4.18033518E-06
 4.17604971E-06
 4.17175053E-06
 4.16743838E-06
 4.16311261E-06
 4.15877350E-06
 4.15442086E-06
 4.15005449E-06
 4.14567421E-06
 4.14127981E-06
 4.13687109E-06
 4.13244881E-06
 4.12801131E-06
 4.12355935E-06
 4.11909272E-06
 4.11461169E-06
 4.11011555E-06
 4.10560409E-06
 4.10107756E-06
 4.09653525E-06
 4.09197792E-06
 4.08740433E-06
 4.08281475E-06
 4.07820994E-06
 4.07358814E-06
 4.06895012E-06
 4.06429562E-06
 4.05962439E-06
 4.05493564E-06
 4.05023015E-06
 4.04550765E-06
 4.04076787E-06
 4.03600947E-06
 4.03123376E-06
 4.02643992E-06
 4.02162820E-06
 4.01679721E-06
 4.01194774E-06
 4.00707948E-06
 4.00219212E-06
 3.99728478E-06
 3.99235826E-06
 3.98741223E-06
 3.98244521E-06
 3.97745858E-06
 4.19437843E-06
 4.19165597E-06
 4.18892869E-06
 4.18619475E-06
 4.18345640E-06
 4.18071176E-06
 4.17796133E-06
 4.17520500E-06
 4.17244268E-06
 4.16967424E-06
 4.16689959E-06
 4.16411921E-06
 4.16133178E-06
 4.15853841E-06
 4.15573835E-06
 4.15293212E-06
 4.15011896E-06
 4.14729875E-06
 4.14447136E-06
 4.14163728E-06
 4.13879574E-06
 4.13594726E-06
 4.13309170E-06
 4.13022825E-06
 4.12735677E-06
 4.12447777E-06
 4.12159109E-06
 4.11869659E-06
 4.11579342E-06
 4.11288142E-06
 4.10996108E-06
 4.10703293E-06
 4.10409473E-06
 4.10114836E-06
 4.09819225E-06
 4.09522690E-06
 4.09225141E-06
 4.08926628E-06
 4.08627129E-06
 4.08326624E-06
 4.08025019E-06
 4.07722288E-06
 4.07418557E-06
 4.07113577E-06
 4.06807549E-06
 4.06500220E-06
 4.06191792E-06
 4.05882007E-06
 4.05570913E-06
 4.05258557E-06
 4.04944754E-06
 4.04629628E-06
 4.04312988E-06
 4.03994880E-06
 4.03675187E-06
 4.03353954E-06
 4.03030977E-06
 4.02706382E-06
 4.02379961E-06
 4.02051670E-06
 4.01721463E-06
 4.01389376E-06
 4.01055103E-06
 4.00718679E-06
 4.00380047E-06
 4.33820880E-06
 4.38896052E-06
 4.41810251E-06
 4.43944149E-06
 4.22290428E-06
 4.22544664E-06
 4.22830920E-06
 4.23076004E-06
 4.23288300E-06
 4.23473762E-06
 4.23636812E-06
 4.23780632E-06
 4.23907971E-06
 4.24020821E-06
 4.24120770E-06
 4.24209181E-06
 4.24287277E-06
 4.24356031E-06
 4.24416153E-06
 4.24468387E-06
 4.24513353E-06
 4.24551593E-06
 4.24583465E-06
 4.24609552E-06
 4.24630091E-06
 4.24645437E-06
 4.24655960E-06
 4.24661714E-06
 4.24663092E-06
 4.24660284E-06
 4.24653480E-06
 4.24642770E-06
 4.24628423E-06
 4.24610480E-06
 4.24589107E-06
 4.24564360E-06
 4.24536478E-06
 4.24505462E-06
 4.24471379E-06
 4.24434366E-06
 4.24394429E-06
 4.24351715E-06
 4.24306176E-06
 4.24257893E-06
 4.24206956E-06
 4.24153387E-06
 4.24097212E-06
 4.24038389E-06
 4.23977013E-06
 4.23913113E-06
 4.23846648E-06
 4.23777720E-06
 4.23706141E-06
 4.23632087E-06
 4.23555515E-06
 4.23476382E-06
 4.23394636E-06
 4.23310386E-06
 4.23223424E-06
 4.23133851E-06
 4.23041617E-06
 4.22946658E-06
 4.22848909E-06
 4.22748304E-06
 4.22644854E-06
 4.22538485E-06
 4.22429017E-06
 4.22316454E-06
 4.22328447E-06
 4.22413885E-06
 4.22495810E-06
 4.22574287E-06
 4.22649179E-06
 4.22720138E-06
 4.22787303E-06
 4.22850286E-06
 4.22909108E-06
 4.22963331E-06
 4.23012934E-06
 4.23057664E-06
 4.23097226E-06
 4.23131298E-06
 4.23159653E-06
 4.23181886E-06
 4.23197690E-06
 4.23206712E-06
 4.23208398E-06
 4.23202421E-06
 4.23187963E-06
 4.23164668E-06
 4.23131836E-06
 4.23088711E-06
 4.23034429E-06
 4.22968059E-06
 4.22888644E-06
 4.22794824E-06
 4.22685493E-06
 4.22559119E-06
 4.22413853E-06
 4.21670022E-06
 4.19632023E-06
 4.17568313E-06
 4.15475975E-06
 4.34951566E-06
 4.31540409E-06
 4.27970554E-06
 4.24219295E-06
 4.22450855E-06
 4.22773444E-06
 4.22813166E-06
 4.22519146E-06
 4.82062644E-02
 1.32725052E-01
 3.22808128E-01
 0.00000000E+00
 0.00000000E+00
 0.00000000E+00
 0.00000000E+00
 0.00000000E+00
 0.00000000E+00
 0.00000000E+00
 0.00000000E+00
 0.00000000E+00
 0.00000000E+00
 0.00000000E+00
 0.00000000E+00
 0.00000000E+00
 0.00000000E+00
 0.00000000E+00
 0.00000000E+00
 4.01361170E-01
 1.53396395E-01
 7.32969652E-02
 2.61867141E-07
 2.26828384E-06
 2.81665739E-06
 1.89855540E-06
 1.00584657E-06
 5.86457362E-06
 9.24128856E-06
 1.11273445E-05
 1.15140253E-05
 1.03925450E-05
 7.75404707E-06
 3.58960360E-06
 4.15154390E-06
 1.51374688E-05
 2.45919900E-05
 3.25060111E-05
 3.88703610E-05
 4.36757940E-05
 4.69129887E-05
 4.85725471E-05
 4.86449939E-05
 4.71207758E-05
 4.39902604E-05
 3.92437357E-05
 3.28714087E-05
 2.48634054E-05
 1.52097690E-05
 3.90045968E-06
 1.14083933E-05
 2.65822810E-05
 4.01073827E-05
 5.19735374E-05
 6.21704982E-05
 7.06879311E-05
 7.75154143E-05
 8.26424370E-05
 8.60583986E-05
 8.77526075E-05
 8.77142803E-05
 8.59325408E-05
 8.23964187E-05
 7.70948490E-05
 7.00166704E-05
 6.17798354E-05
 7.12629758E-05
 7.89620584E-05
 8.48656892E-05
 8.89623741E-05
 9.12405175E-05
 9.16884217E-05
 9.02942850E-05
 8.70462012E-05
 8.19321579E-05
 7.49400356E-05
 6.60576063E-05
 5.52725323E-05
 4.25723651E-05
 2.79445437E-05
 1.13763938E-05
 7.63226945E-06
 2.65883827E-05
 4.36205424E-05
 5.87159544E-05
 7.18617070E-05
 8.30447702E-05
 9.22519936E-05
 9.94701053E-05
 1.04685710E-04
 1.07885290E-04
 1.09055198E-04
 1.08181662E-04
 1.05250780E-04
 1.00248521E-04
 9.31607180E-05
 8.39730746E-05
 8.89212849E-05
 9.81280056E-05
 1.05224661E-04
 1.10196620E-04
 1.13029113E-04
 1.13707227E-04
 1.12215907E-04
 1.08539951E-04
 1.02664010E-04
 9.45725872E-05
 8.42500330E-05
 7.16805460E-05
 5.68481697E-05
 3.97367908E-05
 2.03301373E-05
 1.56415799E-06
 2.47946473E-05
 4.57539149E-05
 6.44255361E-05
 8.07929213E-05
 9.48393147E-05
 1.06547792E-04
 1.15901256E-04
 1.22882440E-04
 1.27473899E-04
 1.29658010E-04
 1.29416972E-04
 1.26732800E-04
 1.21587324E-04
 1.13962188E-04
 1.03838844E-04
 1.02148202E-04
 1.13956349E-04
 1.23254307E-04
 1.30023061E-04
 1.34243397E-04
 1.35895899E-04
 1.34960945E-04
 1.31418704E-04
 1.25249136E-04
 1.16431986E-04
 1.04946781E-04
 9.07728302E-05
 7.38892177E-05
 5.42748027E-05
 3.19082147E-05
 6.76785069E-06
 1.59039332E-05
 3.46558682E-05
 5.06554562E-05
 6.38807810E-05
 7.43096837E-05
 8.19197589E-05
 8.66883516E-05
 8.85925531E-05
 8.76091978E-05
 8.37148589E-05
 7.68858451E-05
 6.70981966E-05
 5.43276807E-05
 3.85497884E-05
 1.97397298E-05
 2.33467425E-06
 2.50308105E-05
 4.47083490E-05
 6.13420294E-05
 7.49062962E-05
 8.53752948E-05
 9.27228665E-05
 9.69225443E-05
 9.79475478E-05
 9.57707786E-05
 9.03648153E-05
 8.17019084E-05
 6.97539754E-05
 5.44925954E-05
 3.58890038E-05
 1.39140870E-05
 5.59345060E-06
 1.58263713E-05
 2.26772203E-05
 2.61160721E-05
 2.61126309E-05
 2.26362245E-05
 1.56557981E-05
 5.13990826E-06
 3.13398129E-04
 8.31534986E-04
 7.93590705E-04
 2.71503957E-04
 9.17748083E-05
 6.17864558E-05
 3.19588055E-05
 2.13125423E-06
 5.48204599E-05
 1.19366868E-04
 1.85467626E-04
 3.03388080E-05
 4.36121810E-06
 4.35442479E-06
 4.34752617E-06
 4.56943665E-06
 4.54887957E-06
 4.52677401E-06
 4.50464044E-06
 4.48247857E-06
 4.46028811E-06
 4.43806944E-06
 4.41582161E-06
 4.39598528E-06
 4.39320416E-06
 4.39041373E-06
 4.38761607E-06
 4.38479999E-06
 4.38199761E-06
 4.37916494E-06
 4.37630201E-06
 4.37344209E-06
 4.37063085E-06
 4.36778905E-06
 4.36491570E-06
 4.36201079E-06
 4.35907469E-06
 4.35610672E-06
 4.35310653E-06
 4.34632535E-06
 4.33526224E-06
 4.32416692E-06
 4.31303833E-06
 4.30187645E-06
 4.29068164E-06
 4.27945281E-06
 4.26819031E-06
 4.25689413E-06
 4.46710421E-06
 4.46104881E-06
 4.45498413E-06
 4.44891081E-06
 4.44282800E-06
 4.43673597E-06
 4.43063460E-06
 4.42878560E-06
 4.42791055E-06
 4.42702584E-06
 4.42613213E-06
 4.42522816E-06
 4.42431458E-06
 4.42339127E-06
 4.42245774E-06
 4.42151463E-06
 4.42056145E-06
 4.41959808E-06
 4.41862439E-06
 4.41764025E-06
 4.41664594E-06
 4.41564134E-06
 4.41462631E-06
 4.41360034E-06
 4.41256367E-06
 4.41151661E-06
 4.41045860E-06
 4.40938950E-06
 4.40830918E-06
 4.40721833E-06
 4.40611598E-06
 4.40500240E-06
 4.40387703E-06
 4.40274098E-06
 4.40159285E-06
 4.40043290E-06
 4.39926141E-06
 4.39807780E-06
 4.39539061E-06
 4.39120014E-06
 4.38699706E-06
 4.38278166E-06
 4.37855421E-06
 4.37431411E-06
 4.37006119E-06
 4.36579572E-06
 4.36151798E-06
 4.35722690E-06
 4.35292230E-06
 4.34860535E-06
 4.34427498E-06
 4.33993100E-06
 4.33557367E-06
 4.33120282E-06
 4.32681777E-06
 4.32241928E-06
 4.31800668E-06
 4.31357976E-06
 4.30913928E-06
 4.30468361E-06
 4.30021396E-06
 4.29572916E-06
 4.29122997E-06
 4.28671519E-06
 4.28218559E-06
 4.27764093E-06
 4.27308101E-06
 4.26850558E-06
 4.26391390E-06
 4.25930676E-06
 4.25468339E-06
 4.25004407E-06
 4.24538803E-06
 4.24071553E-06
 4.23602633E-06
 4.23132015E-06
 4.22659725E-06
 4.22185685E-06
 4.21709920E-06
 4.21232348E-06
 4.20752996E-06
 4.20271887E-06
 4.19788939E-06
 4.19304123E-06
 4.18817462E-06
 4.18328927E-06
 4.17838431E-06
 4.17346052E-06
 4.16851704E-06
 4.16355354E-06
 4.15857024E-06
 4.15356624E-06
 4.36979318E-06
 4.36705751E-06
 4.36431645E-06
 4.36156933E-06
 4.35881663E-06
 4.35605824E-06
 4.35329407E-06
 4.35052402E-06
 4.34774798E-06
 4.34496585E-06
 4.34217812E-06
 4.33938347E-06
 4.33658299E-06
 4.33377660E-06
 4.33096293E-06
 4.32814310E-06
 4.32531636E-06
 4.32248259E-06
 4.31964229E-06
 4.31679534E-06
 4.31394097E-06
 4.31107903E-06
 4.30821003E-06
 4.30533318E-06
 4.30244899E-06
 4.29955797E-06
 4.29665799E-06
 4.29375021E-06
 4.29083448E-06
 4.28791063E-06
 4.28497783E-06
 4.28203658E-06
 4.27908670E-06
 4.27612732E-06
 4.27315965E-06
 4.27018210E-06
 4.26719517E-06
 4.26419796E-06
 4.26119169E-06
 4.25817470E-06
 4.25514751E-06
 4.25210916E-06
 4.24906088E-06
 4.24600022E-06
 4.24292916E-06
 4.23984595E-06
 4.23675034E-06
 4.23364280E-06
 4.23052230E-06
 4.22738931E-06
 4.22424276E-06
 4.22108156E-06
 4.21790696E-06
 4.21471703E-06
 4.21151222E-06
 4.20829219E-06
 4.20505576E-06
 4.20180251E-06
 4.19853206E-06
 4.19524397E-06
 4.19193698E-06
 4.18861061E-06
 4.18526438E-06
 4.18189694E-06
 4.17850861E-06
 4.17509624E-06
 4.50269381E-06
 4.55973493E-06
 4.59037898E-06
 4.61250450E-06
 4.39576407E-06
 4.39839757E-06
 4.40132789E-06
 4.40383004E-06
 4.40599477E-06
 4.40788310E-06
 4.40954086E-06
 4.41100250E-06
 4.41229443E-06
 4.41343833E-06
 4.41445097E-06
 4.41534637E-06
 4.41613621E-06
 4.41683013E-06
 4.41743616E-06
 4.41796326E-06
 4.41841549E-06
 4.41879984E-06
 4.41911926E-06
 4.41938014E-06
 4.41958368E-06
 4.41973561E-06
 4.41983739E-06
 4.41989285E-06
 4.41990261E-06
 4.41986959E-06
 4.41979685E-06
 4.41968412E-06
 4.41953464E-06
 4.41934820E-06
 4.41912828E-06
 4.41887356E-06
 4.41858705E-06
 4.41826876E-06
 4.41791997E-06
 4.41754073E-06
 4.41713176E-06
 4.41669577E-06
 4.41623035E-06
 4.41573828E-06
 4.41521843E-06
 4.41467167E-06
 4.41409896E-06
 4.41349982E-06
 4.41287522E-06
 4.41222405E-06
 4.41154801E-06
 4.41084592E-06
 4.41011809E-06
 4.40936481E-06
 4.40858560E-06
 4.40778153E-06
 4.40695061E-06
 4.40609384E-06
 4.40521071E-06
 4.40430070E-06
 4.40336401E-06
 4.40239916E-06
 4.40140726E-06
 4.40038585E-06
 4.39933593E-06
 4.39825580E-06
 4.39714552E-06
 4.39600323E-06
 4.39612282E-06
 4.39698414E-06
 4.39781108E-06
 4.39860338E-06
 4.39935765E-06
 4.40007536E-06
 4.40075183E-06
 4.40138830E-06
 4.40198179E-06
 4.40252897E-06
 4.40302966E-06
 4.40348114E-06
 4.40388052E-06
 4.40422469E-06
 4.40451103E-06
 4.40473569E-06
 4.40489549E-06
 4.40498675E-06
 4.40500409E-06
 4.40494389E-06
 4.40479947E-06
 4.40456441E-06
 4.40423289E-06
 4.40379804E-06
 4.40325042E-06
 4.40258204E-06
 4.40178020E-06
 4.40083503E-06
 4.39973291E-06
 4.39845740E-06
 4.39699341E-06
 4.38948943E-06
 4.36893108E-06
 4.34811329E-06
 4.32700629E-06
 4.52337547E-06
 4.48898066E-06
 4.45298539E-06
 4.41516207E-06
 4.39733412E-06
 4.40059200E-06
 4.40099825E-06
 4.39804102E-06
 4.58742386E-02
 1.26303694E-01
 3.14822356E-01
 0.00000000E+00
 0.00000000E+00
 0.00000000E+00
 0.00000000E+00
 0.00000000E+00
 0.00000000E+00
 0.00000000E+00
 0.00000000E+00
 0.00000000E+00
 0.00000000E+00
 0.00000000E+00
 0.00000000E+00
 0.00000000E+00
 0.00000000E+00
 0.00000000E+00
 0.00000000E+00
 3.93372407E-01
 1.45579477E-01
 6.95618630E-02
 2.62512706E-07
 2.26885235E-06
 2.81720723E-06
 1.89914551E-06
 1.00647558E-06
 5.86500779E-06
 9.24158797E-06
 1.11275698E-05
 1.15142378E-05
 1.03928065E-05
 7.75442017E-06
 3.59015139E-06
 4.15206778E-06
 1.51375313E-05
 2.45916550E-05
 3.25053426E-05
 3.88694241E-05
 4.36746543E-05
 4.69117124E-05
 4.85712012E-05
 4.86436460E-05
 4.71194943E-05
 4.39891143E-05
 3.92427946E-05
 3.28707433E-05
 2.48630867E-05
 1.52098690E-05
 3.90105111E-06
 1.16373455E-05
 2.71435611E-05
 4.10014820E-05
 5.32009504E-05
 6.37317227E-05
 7.25834683E-05
 7.97457685E-05
 8.52081160E-05
 8.89599136E-05
 9.09904730E-05
 9.12890144E-05
 8.98446649E-05
 8.66464580E-05
 8.16833319E-05
 7.49441292E-05
 6.70257845E-05
 7.61758371E-05
 8.35414849E-05
 8.91113324E-05
 9.28738836E-05
 9.48175414E-05
 9.49306060E-05
 9.32012743E-05
 8.96176382E-05
 8.41676836E-05
 7.68392891E-05
 6.76202251E-05
 5.64981521E-05
 4.34606196E-05
 2.84950649E-05
 1.15888119E-05
 7.53513286E-06
 2.62295906E-05
 4.29998258E-05
 5.78330430E-05
 7.07163296E-05
 8.16366541E-05
 9.05808651E-05
 9.75356894E-05
 1.02487731E-04
 1.05423469E-04
 1.06329257E-04
 1.05191321E-04
 1.01995759E-04
 9.67285356E-05
 8.93754860E-05
 7.99223105E-05
 8.49825298E-05
 9.44494821E-05
 1.01806858E-04
 1.07040030E-04
 1.10134233E-04
 1.11074557E-04
 1.09845952E-04
 1.06433219E-04
 1.00821015E-04
 9.29938441E-05
 8.29360631E-05
 7.06318742E-05
 5.60653251E-05
 3.92203068E-05
 2.00805517E-05
 1.54580829E-06
 2.44645326E-05
 4.51116785E-05
 6.34708196E-05
 7.95253648E-05
 9.32585564E-05
 1.04653468E-04
 1.13693003E-04
 1.20359889E-04
 1.24636682E-04
 1.26505757E-04
 1.25949311E-04
 1.22949357E-04
 1.17487724E-04
 1.09546054E-04
 9.91057966E-05
 9.73524401E-05
 1.09470296E-04
 1.19078619E-04
 1.26158399E-04
 1.30690430E-04
 1.32655300E-04
 1.32033393E-04
 1.28804885E-04
 1.22949741E-04
 1.14447712E-04
 1.03278331E-04
 8.94209137E-05
 7.28545505E-05
 5.35581069E-05
 3.15102187E-05
 6.68928957E-06
 1.59042847E-05
 3.46549609E-05
 5.06534717E-05
 6.38779034E-05
 7.43060997E-05
 8.19156578E-05
 8.66839253E-05
 8.85879965E-05
 8.76047082E-05
 8.37106368E-05
 7.68820938E-05
 6.70951220E-05
 5.43254921E-05
 3.85486979E-05
 1.97399526E-05
 2.33610984E-06
 2.50305928E-05
 4.47066934E-05
 6.13391542E-05
 7.49024232E-05
 8.53706488E-05
 9.27176760E-05
 9.69170410E-05
 9.79419670E-05
 9.57653592E-05
 9.03597998E-05
 8.16975429E-05
 6.97505098E-05
 5.44902834E-05
 3.58881031E-05
 1.39148593E-05
 5.59485032E-06
 1.58269762E-05
 2.26772954E-05
 2.61158864E-05
 2.61124577E-05
 2.26363415E-05
 1.56564873E-05
 5.14145624E-06
 2.97237588E-04
 7.88813169E-04
 8.38119204E-04
 2.89479654E-04
 9.98728471E-05
 6.75496823E-05
 3.49437352E-05
 2.55661263E-06
 5.61336076E-05
 1.22188624E-04
 1.89834308E-04
 3.10814856E-05
 4.49745553E-06
 4.49101931E-06
 4.48447741E-06
 4.70636412E-06
 4.68554849E-06
 4.66314887E-06
 4.64072062E-06
 4.61826408E-06
 4.59577898E-06
 4.57326503E-06
 4.55072193E-06
 4.53063207E-06
 4.52789162E-06
 4.52514234E-06
 4.52238603E-06
 4.51961157E-06
 4.51685117E-06
 4.51406047E-06
 4.51123918E-06
 4.50842135E-06
 4.50565404E-06
 4.50285584E-06
 4.50002608E-06
 4.49716476E-06
 4.49427121E-06
 4.49134577E-06
 4.48838845E-06
 4.48156183E-06
 4.47035364E-06
 4.45911324E-06
 4.44783917E-06
 4.43653217E-06
 4.42519113E-06
 4.41381642E-06
 4.40240765E-06
 4.39096444E-06
 4.60211693E-06
 4.59595185E-06
 4.58977774E-06
 4.58359450E-06
 4.57740166E-06
 4.57119946E-06
 4.56498820E-06
 4.56312876E-06
 4.56226612E-06
 4.56139370E-06
 4.56051178E-06
 4.55961984E-06
 4.55871856E-06
 4.55780704E-06
 4.55688554E-06
 4.55595396E-06
 4.55501257E-06
 4.55406085E-06
 4.55309867E-06
 4.55212592E-06
 4.55114285E-06
 4.55014976E-06
 4.54914530E-06
 4.54813096E-06
 4.54710540E-06
 4.54606887E-06
 4.54502166E-06
 4.54396322E-06
 4.54289383E-06
 4.54181292E-06
 4.54072120E-06
 4.53961768E-06
 4.53850306E-06
 4.53737633E-06
 4.53623865E-06
 4.53508855E-06
 4.53392676E-06
 4.53275311E-06
 4.53005569E-06
 4.52583433E-06
 4.52160064E-06
 4.51735490E-06
 4.51309651E-06
 4.50882529E-06
 4.50454152E-06
 4.50024504E-06
 4.49593565E-06
 4.49161320E-06
 4.48727750E-06
 4.48292837E-06
 4.47856655E-06
 4.47419046E-06
 4.46980130E-06
 4.46539843E-06
 4.46098118E-06
 4.45655076E-06
 4.45210557E-06
 4.44764633E-06
 4.44317286E-06
 4.43868446E-06
 4.43418189E-06
 4.42966446E-06
 4.42513144E-06
 4.42058410E-06
 4.41602123E-06
 4.41144260E-06
 4.40684897E-06
 4.40223962E-06
 4.39761430E-06
 4.39297278E-06
 4.38831583E-06
 4.38364168E-06
 4.37895160E-06
 4.37424432E-06
 4.36952061E-06
 4.36477968E-06
 4.36002180E-06
 4.35524616E-06
 4.35045302E-06
 4.34564210E-06
 4.34081312E-06
 4.33596631E-06
 4.33110086E-06
 4.32621646E-06
 4.32131389E-06
 4.31639177E-06
 4.31145085E-06
 4.30648974E-06
 4.30150920E-06
 4.29650891E-06
 4.29148855E-06
 4.50701276E-06
 4.50426306E-06
 4.50150740E-06
 4.49874684E-06
 4.49598071E-06
 4.49320832E-06
 4.49043075E-06
 4.48764672E-06
 4.48485731E-06
 4.48206182E-06
 4.47926014E-06
 4.47645156E-06
 4.47363778E-06
 4.47081748E-06
 4.46799054E-06
 4.46515684E-06
 4.46231687E-06
 4.45946989E-06
 4.45661641E-06
 4.45375567E-06
 4.45088816E-06
 4.44801312E-06
 4.44513104E-06
 4.44224115E-06
 4.43934394E-06
 4.43643928E-06
 4.43352701E-06
 4.43060632E-06
 4.42767772E-06
 4.42474104E-06
 4.42179614E-06
 4.41884214E-06
 4.41587956E-06
 4.41290892E-06
 4.40992795E-06
 4.40693856E-06
 4.40393986E-06
 4.40093165E-06
 4.39791230E-06
 4.39488446E-06
 4.39184505E-06
 4.38879600E-06
 4.38573638E-06
 4.38266521E-06
 4.37958299E-06
 4.37648873E-06
 4.37338290E-06
 4.37026527E-06
 4.36713554E-06
 4.36399192E-06
 4.36083564E-06
 4.35766563E-06
 4.35448236E-06
 4.35128392E-06
 4.34807078E-06
 4.34484258E-06
 4.34159896E-06
 4.33833873E-06
 4.33506152E-06
 4.33176688E-06
 4.32845441E-06
 4.32512283E-06
 4.32177165E-06
 4.31840125E-06
 4.31500856E-06
 4.31159474E-06
 4.30815751E-06
 4.62566777E-06
 4.69201190E-06
 4.72431974E-06
 4.74728386E-06
 4.53039105E-06
 4.53311859E-06
 4.53611880E-06
 4.53867539E-06
 4.54088320E-06
 4.54280563E-06
 4.54449299E-06
 4.54597759E-06
 4.54728950E-06
 4.54844929E-06
 4.54947559E-06
 4.55038182E-06
 4.55118106E-06
 4.55188189E-06
 4.55249432E-06
 4.55302466E-06
 4.55348058E-06
 4.55386585E-06
 4.55418657E-06
 4.55444696E-06
 4.55465036E-06
 4.55480026E-06
 4.55490033E-06
 4.55495214E-06
 4.55495850E-06
 4.55492121E-06
 4.55484329E-06
 4.55472560E-06
 4.55456900E-06
 4.55437686E-06
 4.55415020E-06
 4.55388897E-06
 4.55359429E-06
 4.55326734E-06
 4.55291066E-06
 4.55252306E-06
 4.55210524E-06
 4.55165925E-06
 4.55118458E-06
 4.55068204E-06
 4.55015183E-06
 4.54959549E-06
 4.54901193E-06
 4.54840133E-06
 4.54776534E-06
 4.54710284E-06
 4.54641406E-06
 4.54569929E-06
 4.54495954E-06
 4.54419364E-06
 4.54340184E-06
 4.54258446E-06
 4.54173940E-06
 4.54086931E-06
 4.53997205E-06
 4.53904866E-06
 4.53809695E-06
 4.53711704E-06
 4.53610999E-06
 4.53507335E-06
 4.53400816E-06
 4.53291180E-06
 4.53178605E-06
 4.53062725E-06
 4.53074480E-06
 4.53161419E-06
 4.53244902E-06
 4.53324803E-06
 4.53400982E-06
 4.53473384E-06
 4.53541739E-06
 4.53605859E-06
 4.53665757E-06
 4.53720989E-06
 4.53771538E-06
 4.53817129E-06
 4.53857355E-06
 4.53892122E-06
 4.53921068E-06
 4.53943785E-06
 4.53959964E-06
 4.53969093E-06
 4.53970879E-06
 4.53964848E-06
 4.53950161E-06
 4.53926600E-06
 4.53893224E-06
 4.53849330E-06
 4.53794107E-06
 4.53726668E-06
 4.53645900E-06
 4.53550539E-06
 4.53439300E-06
 4.53310775E-06
 4.53163070E-06
 4.52406216E-06
 4.50332361E-06
 4.48232515E-06
 4.46103476E-06
 4.65903138E-06
 4.62435133E-06
 4.58805984E-06
 4.54992493E-06
 4.53195092E-06
 4.53523935E-06
 4.53565446E-06
 4.53267772E-06
 4.35416808E-02
 1.19880938E-01
 3.06834861E-01
 0.00000000E+00
 0.00000000E+00
 0.00000000E+00
 0.00000000E+00
 0.00000000E+00
 0.00000000E+00
 0.00000000E+00
 0.00000000E+00
 0.00000000E+00
 0.00000000E+00
 0.00000000E+00
 0.00000000E+00
 0.00000000E+00
 0.00000000E+00
 0.00000000E+00
 0.00000000E+00
 3.85383703E-01
 1.37762617E-01
 6.58267886E-02
 2.62969125E-07
 2.26923073E-06
 2.81756593E-06
 1.89954347E-06
 1.00691141E-06
 5.86524777E-06
 9.24169215E-06
 1.11275988E-05
 1.15142529E-05
 1.03928697E-05
 7.75459384E-06
 3.59049866E-06
 4.15239005E-06
 1.51373912E-05
 2.45911161E-05
 3.25044693E-05
 3.88682812E-05
 4.36733074E-05
 4.69102278E-05
 4.85696458E-05
 4.86420875E-05
 4.71180010E-05
 4.39877552E-05
 3.92416394E-05
 3.28698625E-05
 2.48625515E-05
 1.52097513E-05
 3.90142350E-06
 1.18660754E-05
 2.77046149E-05
 4.18953510E-05
 5.44281290E-05
 6.52927088E-05
 7.44787628E-05
 8.19758758E-05
 8.77735439E-05
 9.18611731E-05
 9.42280787E-05
 9.48634843E-05
 9.37565205E-05
 9.08962243E-05
 8.62715374E-05
 7.98713060E-05
 7.22714472E-05
 8.10884133E-05
 8.81206278E-05
 9.33566933E-05
 9.67851122E-05
 9.83942856E-05
 9.81725122E-05
 9.61079869E-05
 9.21887998E-05
 8.64029353E-05
 7.87382701E-05
 6.91825729E-05
 5.77235022E-05
 4.43486059E-05
 2.90453195E-05
 1.18009649E-05
 7.43773230E-06
 2.58705353E-05
 4.23788467E-05
 5.69498701E-05
 6.95706914E-05
 8.02282782E-05
 8.89094775E-05
 9.56010152E-05
 1.00289494E-04
 1.02961392E-04
 1.03603061E-04
 1.02200726E-04
 9.87404834E-05
 9.32082976E-05
 8.55900017E-05
 7.58712950E-05
 8.10435205E-05
 9.07706999E-05
 9.83887914E-05
 1.03883173E-04
 1.07239081E-04
 1.08441611E-04
 1.07475716E-04
 1.04326202E-04
 9.89777286E-05
 9.14148057E-05
 8.16217931E-05
 6.95828975E-05
 5.52821707E-05
 3.87035081E-05
 1.98306462E-05
 1.52713409E-06
 2.41340944E-05
 4.44691198E-05
 6.25157819E-05
 7.82574881E-05
 9.16774790E-05
 1.02758827E-04
 1.11484432E-04
 1.17837022E-04
 1.21799151E-04
 1.23353191E-04
 1.22481338E-04
 1.19165604E-04
 1.13387815E-04
 1.05129611E-04
 9.43724416E-05
 9.25563689E-05
 1.04983927E-04
 1.14902608E-04
 1.22293410E-04
 1.27137129E-04
 1.29414361E-04
 1.29105495E-04
 1.26190713E-04
 1.20649987E-04
 1.12463072E-04
 1.01609509E-04
 8.80686183E-05
 7.18194977E-05
 5.28410186E-05
 3.11118234E-05
 6.61032201E-06
 1.59042257E-05
 3.46536399E-05
 5.06510703E-05
 6.38746056E-05
 7.43020921E-05
 8.19111297E-05
 8.66790687E-05
 8.85830060E-05
 8.75997814E-05
 8.37059740E-05
 7.68778980E-05
 6.70915995E-05
 5.43228518E-05
 3.85471519E-05
 1.97397162E-05
 2.33708241E-06
 2.50299084E-05
 4.47045671E-05
 6.13358044E-05
 7.48980715E-05
 8.53655202E-05
 9.27119987E-05
 9.69110469E-05
 9.79358913E-05
 9.57594406E-05
 9.03542807E-05
 8.16926695E-05
 6.97465319E-05
 5.44874547E-05
 3.58866811E-05
 1.39151055E-05
 5.59571936E-06
 1.58270458E-05
 2.26768303E-05
 2.61151557E-05
 2.61117347E-05
 2.26359037E-05
 1.56566167E-05
 5.14243925E-06
 2.81077856E-04
 7.46092566E-04
 8.82695139E-04
 3.07497374E-04
 1.08010804E-04
 7.31278677E-05
 3.79675677E-05
 3.02032940E-06
 5.74087679E-05
 1.24972714E-04
 1.94163655E-04
 3.17860510E-05
 4.59544952E-06
 4.58937020E-06
 4.58318420E-06
 4.80503134E-06
 4.78395669E-06
 4.76126223E-06
 4.73853946E-06
 4.71578811E-06
 4.69300755E-06
 4.67019783E-06
 4.64735897E-06
 4.62701543E-06
 4.62431557E-06
 4.62160668E-06
 4.61889129E-06
 4.61615836E-06
 4.61343949E-06
 4.61069068E-06
 4.60791092E-06
 4.60513508E-06
 4.60241161E-06
 4.59965656E-06
 4.59686960E-06
 4.59405108E-06
 4.59120066E-06
 4.58831764E-06
 4.58540204E-06
 4.57852950E-06
 4.56717679E-06
 4.55579042E-06
 4.54437073E-06
 4.53291737E-06
 4.52143067E-06
 4.50990918E-06
 4.49835362E-06
 4.48676322E-06
 4.69886132E-06
 4.69258637E-06
 4.68630228E-06
 4.68000894E-06
 4.67370625E-06
 4.66739409E-06
 4.66107237E-06
 4.65920193E-06
 4.65835193E-06
 4.65749163E-06
 4.65662171E-06
 4.65574203E-06
 4.65485249E-06
 4.65395258E-06
 4.65304297E-06
 4.65212313E-06
 4.65119295E-06
 4.65025231E-06
 4.64930188E-06
 4.64834073E-06
 4.64736913E-06
 4.64638657E-06
 4.64539330E-06
 4.64439001E-06
 4.64337494E-06
 4.64234959E-06
 4.64131259E-06
 4.64026504E-06
 4.63920596E-06
 4.63813565E-06
 4.63705394E-06
 4.63596070E-06
 4.63485621E-06
 4.63373989E-06
 4.63261159E-06
 4.63147159E-06
 4.63031973E-06
 4.62915541E-06
 4.62644755E-06
 4.62219553E-06
 4.61793102E-06
 4.61365428E-06
 4.60936472E-06
 4.60506261E-06
 4.60074733E-06
 4.59641960E-06
 4.59207880E-06
 4.58772475E-06
 4.58335727E-06
 4.57897710E-06
 4.57458266E-06
 4.57017516E-06
 4.56575394E-06
 4.56131835E-06
 4.55686912E-06
 4.55240607E-06
 4.54792850E-06
 4.54343671E-06
 4.53892999E-06
 4.53440911E-06
 4.52987337E-06
 4.52532206E-06
 4.52075643E-06
 4.51617578E-06
 4.51157938E-06
 4.50696701E-06
 4.50233942E-06
 4.49769638E-06
 4.49303665E-06
 4.48836151E-06
 4.48366969E-06
 4.47896094E-06
 4.47423603E-06
 4.46949471E-06
 4.46473569E-06
 4.45995973E-06
 4.45516657E-06
 4.45035540E-06
 4.44552702E-06
 4.44068007E-06
 4.43581586E-06
 4.43093250E-06
 4.42603131E-06
 4.42111091E-06
 4.41617153E-06
 4.41121286E-06
 4.40623513E-06
 4.40123747E-06
 4.39622012E-06
 4.39118217E-06
 4.38612441E-06
 4.60323012E-06
 4.60046081E-06
 4.59768602E-06
 4.59490567E-06
 4.59212025E-06
 4.58932847E-06
 4.58653084E-06
 4.58372725E-06
 4.58091818E-06
 4.57810294E-06
 4.57528141E-06
 4.57245350E-06
 4.56961968E-06
 4.56677924E-06
 4.56393206E-06
 4.56107863E-06
 4.55821822E-06
 4.55535132E-06
 4.55247718E-06
 4.54959630E-06
 4.54670792E-06
 4.54381252E-06
 4.54090998E-06
 4.53799951E-06
 4.53508162E-06
 4.53215681E-06
 4.52922296E-06
 4.52628189E-06
 4.52333213E-06
 4.52037417E-06
 4.51740852E-06
 4.51443298E-06
 4.51144941E-06
 4.50845697E-06
 4.50545476E-06
 4.50244398E-06
 4.49942306E-06
 4.49639319E-06
 4.49335276E-06
 4.49030227E-06
 4.48724149E-06
 4.48417021E-06
 4.48108821E-06
 4.47799450E-06
 4.47489033E-06
 4.47177396E-06
 4.46864587E-06
 4.46550505E-06
 4.46235197E-06
 4.45918636E-06
 4.45600716E-06
 4.45281405E-06
 4.44960671E-06
 4.44638482E-06
 4.44314882E-06
 4.43989679E-06
 4.43662915E-06
 4.43334471E-06
 4.43004388E-06
 4.42672462E-06
 4.42338814E-06
 4.42003234E-06
 4.41665674E-06
 4.41325999E-06
 4.40984329E-06
 4.40640351E-06
 4.40294184E-06
 4.69906360E-06
 4.78570836E-06
 4.81987134E-06
 4.84373212E-06
 4.62674125E-06
 4.62956855E-06
 4.63264081E-06
 4.63525317E-06
 4.63750543E-06
 4.63946435E-06
 4.64118085E-06
 4.64268991E-06
 4.64402232E-06
 4.64519858E-06
 4.64623908E-06
 4.64715623E-06
 4.64796497E-06
 4.64867384E-06
 4.64929175E-06
 4.64982700E-06
 4.65028516E-06
 4.65067305E-06
 4.65099468E-06
 4.65125525E-06
 4.65145811E-06
 4.65160669E-06
 4.65170353E-06
 4.65175240E-06
 4.65175494E-06
 4.65171409E-06
 4.65163172E-06
 4.65150864E-06
 4.65134689E-06
 4.65114861E-06
 4.65091424E-06
 4.65064545E-06
 4.65034397E-06
 4.65000920E-06
 4.64964359E-06
 4.64924719E-06
 4.64882136E-06
 4.64836618E-06
 4.64788182E-06
 4.64736971E-06
 4.64682868E-06
 4.64626161E-06
 4.64566739E-06
 4.64504626E-06
 4.64439839E-06
 4.64372406E-06
 4.64302353E-06
 4.64229706E-06
 4.64154491E-06
 4.64076589E-06
 4.63996177E-06
 4.63912974E-06
 4.63827238E-06
 4.63738843E-06
 4.63647729E-06
 4.63553920E-06
 4.63457355E-06
 4.63357886E-06
 4.63255610E-06
 4.63150454E-06
 4.63042349E-06
 4.62931201E-06
 4.62816931E-06
 4.62699436E-06
 4.62711107E-06
 4.62798790E-06
 4.62883095E-06
 4.62963705E-06
 4.63040570E-06
 4.63113536E-06
 4.63182527E-06
 4.63247260E-06
 4.63307630E-06
 4.63363415E-06
 4.63414481E-06
 4.63460324E-06
 4.63500987E-06
 4.63536090E-06
 4.63565194E-06
 4.63588210E-06
 4.63604489E-06
 4.63613788E-06
 4.63615681E-06
 4.63609397E-06
 4.63594793E-06
 4.63570938E-06
 4.63537302E-06
 4.63493040E-06
 4.63437403E-06
 4.63369328E-06
 4.63287845E-06
 4.63191694E-06
 4.63079555E-06
 4.62949831E-06
 4.62800868E-06
 4.62037513E-06
 4.59945770E-06
 4.57827699E-06
 4.55680262E-06
 4.53499768E-06
 4.72147544E-06
 4.68488477E-06
 4.64643633E-06
 4.62831663E-06
 4.63163480E-06
 4.63205454E-06
 4.62905807E-06
 4.12085904E-02
 1.13456782E-01
 2.98845642E-01
 0.00000000E+00
 0.00000000E+00
 0.00000000E+00
 0.00000000E+00
 0.00000000E+00
 0.00000000E+00
 0.00000000E+00
 0.00000000E+00
 0.00000000E+00
 0.00000000E+00
 0.00000000E+00
 0.00000000E+00
 0.00000000E+00
 0.00000000E+00
 0.00000000E+00
 0.00000000E+00
 3.77395059E-01
 1.29945815E-01
 6.20917423E-02
 2.63236422E-07
 2.26941898E-06
 2.81773351E-06
 1.89974930E-06
 1.00715411E-06
 5.86529359E-06
 9.24160115E-06
 1.11274317E-05
 1.15140708E-05
 1.03927346E-05
 7.75456809E-06
 3.59064543E-06
 4.15251074E-06
 1.51370484E-05
 2.45903735E-05
 3.25033910E-05
 3.88669323E-05
 4.36717534E-05
 4.69085350E-05
 4.85678811E-05
 4.86403185E-05
 4.71162959E-05
 4.39861831E-05
 3.92402701E-05
 3.28687663E-05
 2.48617997E-05
 1.52094157E-05
 3.90157688E-06
 1.20945832E-05
 2.82654426E-05
 4.27889897E-05
 5.56550733E-05
 6.68534563E-05
 7.63738146E-05
 8.42057363E-05
 9.03387206E-05
 9.47621772E-05
 9.74654248E-05
 9.84376902E-05
 9.76681077E-05
 9.51457176E-05
 9.08594655E-05
 8.47982009E-05
 7.75168237E-05
 8.60007047E-05
 9.26994871E-05
 9.76017720E-05
 1.00696060E-04
 1.01970750E-04
 1.01414140E-04
 9.90144227E-05
 9.47596862E-05
 8.86379131E-05
 8.06369787E-05
 7.07446496E-05
 5.89485827E-05
 4.52363241E-05
 2.95953074E-05
 1.20128527E-05
 7.34006783E-06
 2.55112168E-05
 4.17576054E-05
 5.60664356E-05
 6.84247926E-05
 7.88196423E-05
 8.72378309E-05
 9.36660827E-05
 9.80909993E-05
 1.00499058E-04
 1.00876609E-04
 9.92098760E-05
 9.54849539E-05
 8.96878064E-05
 8.18042652E-05
 7.18200282E-05
 7.71042570E-05
 8.70916591E-05
 9.49704622E-05
 1.00726048E-04
 1.04343657E-04
 1.05808388E-04
 1.05105199E-04
 1.02218899E-04
 9.71341519E-05
 8.98354721E-05
 8.03072231E-05
 6.85336159E-05
 5.44987065E-05
 3.81863946E-05
 1.95804211E-05
 1.50813546E-06
 2.38033329E-05
 4.38262387E-05
 6.15604229E-05
 7.69892912E-05
 9.00960825E-05
 1.00863867E-04
 1.09275544E-04
 1.15313840E-04
 1.18961305E-04
 1.20200311E-04
 1.19013053E-04
 1.15381539E-04
 1.09287595E-04
 1.00712859E-04
 8.96387789E-05
 8.77599882E-05
 1.00497243E-04
 1.10726277E-04
 1.18428093E-04
 1.23583495E-04
 1.26173082E-04
 1.26177251E-04
 1.23576189E-04
 1.18349873E-04
 1.10478066E-04
 9.99403142E-05
 8.67159440E-05
 7.07840592E-05
 5.21235379E-05
 3.07130286E-05
 6.53094806E-06
 1.59037561E-05
 3.46519053E-05
 5.06482519E-05
 6.38708875E-05
 7.42976609E-05
 8.19061747E-05
 8.66737818E-05
 8.85775819E-05
 8.75944174E-05
 8.37008704E-05
 7.68732580E-05
 6.70876290E-05
 5.43197599E-05
 3.85451507E-05
 1.97390207E-05
 2.33759204E-06
 2.50287572E-05
 4.47019702E-05
 6.13319801E-05
 7.48932414E-05
 8.53599091E-05
 9.27058350E-05
 9.69045621E-05
 9.79293206E-05
 9.57530229E-05
 9.03482582E-05
 8.16872882E-05
 6.97420417E-05
 5.44841092E-05
 3.58847377E-05
 1.39148257E-05
 5.59605781E-06
 1.58265801E-05
 2.26758253E-05
 2.61138802E-05
 2.61104620E-05
 2.26349112E-05
 1.56561863E-05
 5.14285738E-06
 2.64918935E-04
 7.03373177E-04
 9.27515408E-04
 3.25557161E-04
 1.16188722E-04
 7.87454713E-05
 4.10303461E-05
 3.52244687E-06
 5.86458991E-05
 1.27719098E-04
 1.98455625E-04
 3.24524624E-05
 4.65515863E-06
 4.64943510E-06
 4.64360450E-06
 4.86539566E-06
 4.84406188E-06
 4.82107243E-06
 4.79805437E-06
 4.77500710E-06
 4.75193128E-06
 4.72882597E-06
 4.70569089E-06
 4.68509289E-06
 4.68243355E-06
 4.67976498E-06
 4.67709043E-06
 4.67439796E-06
 4.67172090E-06
 4.66901321E-06
 4.66627458E-06
 4.66354030E-06
 4.66085992E-06
 4.65814794E-06
 4.65540405E-06
 4.65262824E-06
 4.64981982E-06
 4.64697915E-06
 4.64410552E-06
 4.63718696E-06
 4.62568853E-06
 4.61415607E-06
 4.60259063E-06
 4.59099077E-06
 4.57935720E-06
 4.56768917E-06
 4.55598630E-06
 4.54424857E-06
 4.75729478E-06
 4.75091018E-06
 4.74451595E-06
 4.73811235E-06
 4.73169928E-06
 4.72527700E-06
 4.71884502E-06
 4.71696384E-06
 4.71612556E-06
 4.71527726E-06
 4.71441919E-06
 4.71355124E-06
 4.71267369E-06
 4.71178565E-06
 4.71088776E-06
 4.70997913E-06
 4.70906042E-06
 4.70813150E-06
 4.70719186E-06
 4.70624177E-06
 4.70528149E-06
 4.70431011E-06
 4.70332788E-06
 4.70233508E-06
 4.70133117E-06
 4.70031601E-06
 4.69928989E-06
 4.69825223E-06
 4.69720373E-06
 4.69614384E-06
 4.69507241E-06
 4.69398930E-06
 4.69289435E-06
 4.69178784E-06
 4.69066962E-06
 4.68953910E-06
 4.68839699E-06
 4.68724228E-06
 4.68452335E-06
 4.68024093E-06
 4.67594540E-06
 4.67163705E-06
 4.66731658E-06
 4.66298293E-06
 4.65863684E-06
 4.65427768E-06
 4.64990527E-06
 4.64551942E-06
 4.64112042E-06
 4.63670808E-06
 4.63228176E-06
 4.62784172E-06
 4.62338824E-06
 4.61892065E-06
 4.61443877E-06
 4.60994286E-06
 4.60543272E-06
 4.60090815E-06
 4.59636845E-06
 4.59181439E-06
 4.58724525E-06
 4.58266132E-06
 4.57806188E-06
 4.57344719E-06
 4.56881703E-06
 4.56417118E-06
 4.55950989E-06
 4.55483243E-06
 4.55013856E-06
 4.54542854E-06
 4.54070262E-06
 4.53595904E-06
 4.53119957E-06
 4.52642293E-06
 4.52162887E-06
 4.51681815E-06
 4.51198894E-06
 4.50714305E-06
 4.50227863E-06
 4.49739645E-06
 4.49249569E-06
 4.48757659E-06
 4.48263886E-06
 4.47768164E-06
 4.47270572E-06
 4.46771078E-06
 4.46269596E-06
 4.45766149E-06
 4.45260647E-06
 4.44753113E-06
 4.66391610E-06
 4.66113297E-06
 4.65834437E-06
 4.65555022E-06
 4.65275041E-06
 4.64994544E-06
 4.64713403E-06
 4.64431667E-06
 4.64149326E-06
 4.63866427E-06
 4.63582962E-06
 4.63298799E-06
 4.63014048E-06
 4.62728636E-06
 4.62442551E-06
 4.62155844E-06
 4.61868440E-06
 4.61580388E-06
 4.61291678E-06
 4.61002234E-06
 4.60712104E-06
 4.60421213E-06
 4.60129610E-06
 4.59837345E-06
 4.59544213E-06
 4.59250391E-06
 4.58955735E-06
 4.58660294E-06
 4.58364120E-06
 4.58066997E-06
 4.57769109E-06
 4.57470372E-06
 4.57170769E-06
 4.56870284E-06
 4.56568827E-06
 4.56266519E-06
 4.55963273E-06
 4.55658997E-06
 4.55353812E-06
 4.55047629E-06
 4.54740353E-06
 4.54432106E-06
 4.54122722E-06
 4.53812323E-06
 4.53500739E-06
 4.53188018E-06
 4.52874135E-06
 4.52559066E-06
 4.52242706E-06
 4.51925104E-06
 4.51606232E-06
 4.51285982E-06
 4.50964325E-06
 4.50641304E-06
 4.50316811E-06
 4.49990810E-06
 4.49663266E-06
 4.49334061E-06
 4.49003237E-06
 4.48670673E-06
 4.48336410E-06
 4.48000238E-06
 4.47662197E-06
 4.47322153E-06
 4.46980058E-06
 4.46635859E-06
 4.46289331E-06
 4.45940589E-06
 4.45589310E-06
 4.84072838E-06
 4.87698220E-06
 4.90180098E-06
 4.68477255E-06
 4.68770354E-06
 4.69085099E-06
 4.69352144E-06
 4.69581959E-06
 4.69781554E-06
 4.69956173E-06
 4.70109676E-06
 4.70244934E-06
 4.70364364E-06
 4.70469802E-06
 4.70562772E-06
 4.70644564E-06
 4.70716219E-06
 4.70778729E-06
 4.70832714E-06
 4.70878928E-06
 4.70917844E-06
 4.70950169E-06
 4.70976322E-06
 4.70996519E-06
 4.71011213E-06
 4.71020709E-06
 4.71025322E-06
 4.71025164E-06
 4.71020690E-06
 4.71011976E-06
 4.70999097E-06
 4.70982373E-06
 4.70961898E-06
 4.70937891E-06
 4.70910344E-06
 4.70879363E-06
 4.70845189E-06
 4.70807826E-06
 4.70767272E-06
 4.70723789E-06
 4.70677319E-06
 4.70627941E-06
 4.70575735E-06
 4.70520649E-06
 4.70462834E-06
 4.70402310E-06
 4.70339100E-06
 4.70273230E-06
 4.70204576E-06
 4.70133451E-06
 4.70059593E-06
 4.69983025E-06
 4.69903923E-06
 4.69822158E-06
 4.69737760E-06
 4.69650598E-06
 4.69560850E-06
 4.69468387E-06
 4.69373064E-06
 4.69275061E-06
 4.69174150E-06
 4.69070429E-06
 4.68963740E-06
 4.68853998E-06
 4.68741299E-06
 4.68625371E-06
 4.68506298E-06
 4.68517843E-06
 4.68606312E-06
 4.68691290E-06
 4.68772654E-06
 4.68850151E-06
 4.68923824E-06
 4.68993401E-06
 4.69058689E-06
 4.69119694E-06
 4.69175971E-06
 4.69227381E-06
 4.69273755E-06
 4.69314680E-06
 4.69350053E-06
 4.69379498E-06
 4.69402609E-06
 4.69419051E-06
 4.69428447E-06
 4.69430361E-06
 4.69424161E-06
 4.69409280E-06
 4.69385255E-06
 4.69351290E-06
 4.69306715E-06
 4.69250565E-06
 4.69181929E-06
 4.69099715E-06
 4.69002759E-06
 4.68889609E-06
 4.68758759E-06
 4.68608515E-06
 4.67838627E-06
 4.65728878E-06
 4.63592752E-06
 4.61426863E-06
 4.59227594E-06
 4.78030810E-06
 4.74341808E-06
 4.70465569E-06
 4.68638875E-06
 4.68973429E-06
 4.69015946E-06
 4.68713968E-06
 3.88749670E-02
 1.07031227E-01
 2.90854696E-01
 0.00000000E+00
 0.00000000E+00
 0.00000000E+00
 0.00000000E+00
 0.00000000E+00
 0.00000000E+00
 0.00000000E+00
 0.00000000E+00
 0.00000000E+00
 0.00000000E+00
 0.00000000E+00
 0.00000000E+00
 0.00000000E+00
 0.00000000E+00
 0.00000000E+00
 0.00000000E+00
 3.69406475E-01
 1.22129073E-01
 5.83567238E-02
 2.63314611E-07
 2.26941715E-06
 2.81770999E-06
 1.89976303E-06
 1.00720368E-06
 5.86514526E-06
 9.24131496E-06
 1.11270683E-05
 1.15136915E-05
 1.03924011E-05
 7.75434294E-06
 3.59059172E-06
 4.15242987E-06
 1.51365030E-05
 2.45894271E-05
 3.25021079E-05
 3.88653774E-05
 4.36699923E-05
 4.69066339E-05
 4.85659069E-05
 4.86383389E-05
 4.71143791E-05
 4.39843982E-05
 3.92386867E-05
 3.28674549E-05
 2.48608313E-05
 1.52088624E-05
 3.90151126E-06
 1.23228689E-05
 2.88260441E-05
 4.36823982E-05
 5.68817833E-05
 6.84139654E-05
 7.82686238E-05
 8.64353499E-05
 9.29036463E-05
 9.76629260E-05
 1.00702511E-04
 1.02011632E-04
 1.01579426E-04
 9.93949381E-05
 9.54471162E-05
 8.97248139E-05
 8.27619139E-05
 9.09127111E-05
 9.72780628E-05
 1.01846568E-04
 1.04606727E-04
 1.05546936E-04
 1.04655490E-04
 1.01920582E-04
 9.73302972E-05
 9.08726171E-05
 8.25354148E-05
 7.23064553E-05
 6.01733938E-05
 4.61237743E-05
 3.01450287E-05
 1.22244754E-05
 7.24213947E-06
 2.51516353E-05
 4.11361017E-05
 5.51827397E-05
 6.72786331E-05
 7.74107466E-05
 8.55659252E-05
 9.17308921E-05
 9.58922476E-05
 9.80364673E-05
 9.81499010E-05
 9.62187710E-05
 9.22291705E-05
 8.61670621E-05
 7.80182764E-05
 6.77685099E-05
 7.31647392E-05
 8.34123597E-05
 9.15518700E-05
 9.75686552E-05
 1.01447960E-04
 1.03174889E-04
 1.02734401E-04
 1.00111310E-04
 9.52902848E-05
 8.82558432E-05
 7.89923531E-05
 6.74840294E-05
 5.37149325E-05
 3.76689664E-05
 1.93298761E-05
 1.48881242E-06
 2.34722480E-05
 4.31830353E-05
 6.06047428E-05
 7.57207742E-05
 8.85143670E-05
 9.89685896E-05
 1.07066340E-04
 1.12790342E-04
 1.16123144E-04
 1.17047118E-04
 1.15544455E-04
 1.11597163E-04
 1.05187065E-04
 9.62957986E-05
 8.49048086E-05
 8.29632982E-05
 9.60102433E-05
 1.06549624E-04
 1.14562449E-04
 1.20029526E-04
 1.22931463E-04
 1.23248661E-04
 1.20961312E-04
 1.16049401E-04
 1.08492695E-04
 9.82707475E-05
 8.53628909E-05
 6.97482352E-05
 5.14056647E-05
 3.03138346E-05
 6.45116780E-06
 1.59028761E-05
 3.46497569E-05
 5.06450167E-05
 6.38667494E-05
 7.42928064E-05
 8.19007929E-05
 8.66680647E-05
 8.85717241E-05
 8.75886163E-05
 8.36953261E-05
 7.68681736E-05
 6.70832106E-05
 5.43162165E-05
 3.85426941E-05
 1.97378662E-05
 2.33763881E-06
 2.50271393E-05
 4.46989027E-05
 6.13276814E-05
 7.48879328E-05
 8.53538156E-05
 9.26991847E-05
 9.68975866E-05
 9.79222552E-05
 9.57461060E-05
 9.03417323E-05
 8.16813992E-05
 6.97370393E-05
 5.44802470E-05
 3.58822732E-05
 1.39140201E-05
 5.59586576E-06
 1.58255793E-05
 2.26742803E-05
 2.61120600E-05
 2.61086395E-05
 2.26333640E-05
 1.56551962E-05
 5.14271074E-06
 2.48760824E-04
 6.60655000E-04
 9.72084261E-04
 3.43659062E-04
 1.24406645E-04
 8.44025353E-05
 4.41321124E-05
 4.06300726E-06
 5.98449595E-05
 1.30427734E-04
 2.02710178E-04
 3.30806777E-05
 4.67654053E-06
 4.67117201E-06
 4.66569572E-06
 4.88741452E-06
 4.86582118E-06
 4.84253664E-06
 4.81922254E-06
 4.79587987E-06
 4.77250769E-06
 4.74910637E-06
 4.72567495E-06
 4.70482238E-06
 4.70220285E-06
 4.69957455E-06
 4.69694014E-06
 4.69428807E-06
 4.69165243E-06
 4.68898582E-06
 4.68628792E-06
 4.68359516E-06
 4.68095780E-06
 4.67828816E-06
 4.67558693E-06
 4.67285342E-06
 4.67008695E-06
 4.66728786E-06
 4.66445579E-06
 4.65749077E-06
 4.64584653E-06
 4.63416787E-06
 4.62245585E-06
 4.61070939E-06
 4.59892882E-06
 4.58711341E-06
 4.57526313E-06
 4.56337796E-06
 4.77737479E-06
 4.77088003E-06
 4.76437553E-06
 4.75786191E-06
 4.75133869E-06
 4.74480577E-06
 4.73826304E-06
 4.73637098E-06
 4.73554470E-06
 4.73470865E-06
 4.73386233E-06
 4.73300600E-06
 4.73213994E-06
 4.73126363E-06
 4.73037697E-06
 4.72947982E-06
 4.72857245E-06
 4.72765474E-06
 4.72672657E-06
 4.72578741E-06
 4.72483793E-06
 4.72387719E-06
 4.72290587E-06
 4.72192384E-06
 4.72093055E-06
 4.71992588E-06
 4.71891008E-06
 4.71788301E-06
 4.71684454E-06
 4.71579494E-06
 4.71473323E-06
 4.71366010E-06
 4.71257540E-06
 4.71147856E-06
 4.71036984E-06
 4.70924867E-06
 4.70811618E-06
 4.70697048E-06
 4.70424121E-06
 4.69992735E-06
 4.69560066E-06
 4.69126185E-06
 4.68690986E-06
 4.68254497E-06
 4.67816702E-06
 4.67377625E-06
 4.66937206E-06
 4.66495425E-06
 4.66052311E-06
 4.65607889E-06
 4.65162051E-06
 4.64714868E-06
 4.64266229E-06
 4.63816207E-06
 4.63364782E-06
 4.62911935E-06
 4.62457598E-06
 4.62001797E-06
 4.61544559E-06
 4.61085816E-06
 4.60625544E-06
 4.60163820E-06
 4.59700524E-06
 4.59235633E-06
 4.58769271E-06
 4.58301318E-06
 4.57831700E-06
 4.57360542E-06
 4.56887721E-06
 4.56413311E-06
 4.55937188E-06
 4.55459427E-06
 4.54979952E-06
 4.54498788E-06
 4.54015857E-06
 4.53531183E-06
 4.53044739E-06
 4.52556550E-06
 4.52066535E-06
 4.51574719E-06
 4.51081018E-06
 4.50585511E-06
 4.50088060E-06
 4.49588742E-06
 4.49087418E-06
 4.48584219E-06
 4.48079059E-06
 4.47571850E-06
 4.47062613E-06
 4.46551372E-06
 4.68348181E-06
 4.68067985E-06
 4.67787176E-06
 4.67505745E-06
 4.67223856E-06
 4.66941324E-06
 4.66658257E-06
 4.66374528E-06
 4.66090241E-06
 4.65805389E-06
 4.65519842E-06
 4.65233706E-06
 4.64946972E-06
 4.64659507E-06
 4.64371481E-06
 4.64082700E-06
 4.63793336E-06
 4.63503252E-06
 4.63212498E-06
 4.62921000E-06
 4.62628805E-06
 4.62335901E-06
 4.62042211E-06
 4.61747848E-06
 4.61452670E-06
 4.61156725E-06
 4.60860000E-06
 4.60562479E-06
 4.60264146E-06
 4.59964985E-06
 4.59664979E-06
 4.59364045E-06
 4.59062299E-06
 4.58759657E-06
 4.58456099E-06
 4.58151609E-06
 4.57846165E-06
 4.57539748E-06
 4.57232339E-06
 4.56923986E-06
 4.56614527E-06
 4.56304011E-06
 4.55992487E-06
 4.55679787E-06
 4.55365960E-06
 4.55050980E-06
 4.54734897E-06
 4.54417461E-06
 4.54098869E-06
 4.53779018E-06
 4.53457804E-06
 4.53135195E-06
 4.52811237E-06
 4.52485899E-06
 4.52158991E-06
 4.51830635E-06
 4.51500717E-06
 4.51169119E-06
 4.50835882E-06
 4.50500886E-06
 4.50164168E-06
 4.49825522E-06
 4.49484984E-06
 4.49142507E-06
 4.48797871E-06
 4.48451108E-06
 4.48102078E-06
 4.47750724E-06
 4.47396897E-06
 4.85696259E-06
 4.89559542E-06
 4.92144578E-06
 4.70444104E-06
 4.70748058E-06
 4.71070643E-06
 4.71343732E-06
 4.71578191E-06
 4.71781735E-06
 4.71959484E-06
 4.72115554E-06
 4.72252990E-06
 4.72374197E-06
 4.72481094E-06
 4.72575291E-06
 4.72658172E-06
 4.72730621E-06
 4.72793669E-06
 4.72848190E-06
 4.72894775E-06
 4.72934001E-06
 4.72966572E-06
 4.72992631E-06
 4.73012769E-06
 4.73027380E-06
 4.73036660E-06
 4.73040976E-06
 4.73040604E-06
 4.73035717E-06
 4.73026498E-06
 4.73013139E-06
 4.72995839E-06
 4.72974811E-06
 4.72950030E-06
 4.72921848E-06
 4.72890129E-06
 4.72855235E-06
 4.72817042E-06
 4.72775674E-06
 4.72731262E-06
 4.72683814E-06
 4.72633535E-06
 4.72580304E-06
 4.72524273E-06
 4.72465456E-06
 4.72403804E-06
 4.72339475E-06
 4.72272489E-06
 4.72202729E-06
 4.72130360E-06
 4.72055262E-06
 4.71977533E-06
 4.71897120E-06
 4.71814051E-06
 4.71728350E-06
 4.71639886E-06
 4.71548678E-06
 4.71454831E-06
 4.71358122E-06
 4.71258647E-06
 4.71156263E-06
 4.71050978E-06
 4.70942800E-06
 4.70831565E-06
 4.70717185E-06
 4.70599745E-06
 4.70478968E-06
 4.70490347E-06
 4.70579660E-06
 4.70665371E-06
 4.70747446E-06
 4.70825635E-06
 4.70899878E-06
 4.70970094E-06
 4.71036000E-06
 4.71097484E-06
 4.71154212E-06
 4.71206137E-06
 4.71252883E-06
 4.71294252E-06
 4.71329902E-06
 4.71359578E-06
 4.71382864E-06
 4.71399538E-06
 4.71408981E-06
 4.71410796E-06
 4.71404554E-06
 4.71389612E-06
 4.71365368E-06
 4.71331060E-06
 4.71286114E-06
 4.71229395E-06
 4.71160182E-06
 4.71077263E-06
 4.70979488E-06
 4.70865349E-06
 4.70733363E-06
 4.70581754E-06
 4.69805237E-06
 4.67677564E-06
 4.65523170E-06
 4.63338835E-06
 4.61120870E-06
 4.80080970E-06
 4.76361927E-06
 4.72454050E-06
 4.70612479E-06
 4.70949645E-06
 4.70992471E-06
 4.70688093E-06
 3.65408102E-02
 1.00604269E-01
 2.82862022E-01
 0.00000000E+00
 0.00000000E+00
 0.00000000E+00
 0.00000000E+00
 0.00000000E+00
 0.00000000E+00
 0.00000000E+00
 0.00000000E+00
 0.00000000E+00
 0.00000000E+00
 0.00000000E+00
 0.00000000E+00
 0.00000000E+00
 0.00000000E+00
 0.00000000E+00
 0.00000000E+00
 3.61417950E-01
 1.14312388E-01
 5.46217334E-02
 2.63203717E-07
 2.26922523E-06
 2.81749540E-06
 1.89958468E-06
 1.00706015E-06
 5.86480281E-06
 9.24083362E-06
 1.11265087E-05
 1.15131148E-05
 1.03918693E-05
 7.75391842E-06
 3.59033757E-06
 4.15214746E-06
 1.51357549E-05
 2.45882770E-05
 3.25006200E-05
 3.88636166E-05
 4.36680241E-05
 4.69045246E-05
 4.85637234E-05
 4.86361487E-05
 4.71122506E-05
 4.39824003E-05
 3.92368892E-05
 3.28659281E-05
 2.48596465E-05
 1.52080914E-05
 3.90122668E-06
 1.25509325E-05
 2.93864195E-05
 4.45755766E-05
 5.81082590E-05
 6.99742360E-05
 8.01631904E-05
 8.86647166E-05
 9.54683209E-05
 1.00563419E-04
 1.03939338E-04
 1.05585310E-04
 1.05490477E-04
 1.03643886E-04
 1.00034490E-04
 9.46511451E-05
 8.80067179E-05
 9.58244326E-05
 1.01856355E-04
 1.06091083E-04
 1.08517113E-04
 1.09122841E-04
 1.07896562E-04
 1.04826464E-04
 9.99006330E-05
 9.31070472E-05
 8.44335786E-05
 7.38679901E-05
 6.13979352E-05
 4.70109563E-05
 3.06944835E-05
 1.24358330E-05
 7.14394726E-06
 2.47917907E-05
 4.05143358E-05
 5.42987824E-05
 6.61322129E-05
 7.60015911E-05
 8.38937606E-05
 8.97954434E-05
 9.36932385E-05
 9.55736204E-05
 9.54229376E-05
 9.32274112E-05
 8.89731331E-05
 8.26460648E-05
 7.42320354E-05
 6.37167404E-05
 6.92249673E-05
 7.97328017E-05
 8.81330148E-05
 9.44109954E-05
 9.85519924E-05
 1.00541113E-04
 1.00363321E-04
 9.80034356E-05
 9.34461273E-05
 8.66759192E-05
 7.76771830E-05
 6.64341380E-05
 5.29308488E-05
 3.71512235E-05
 1.90790116E-05
 1.46916503E-06
 2.31408399E-05
 4.25395098E-05
 5.96487414E-05
 7.44519372E-05
 8.69323325E-05
 9.70729943E-05
 1.04856818E-04
 1.10266528E-04
 1.13284669E-04
 1.13893612E-04
 1.12075545E-04
 1.07812476E-04
 1.01086226E-04
 9.18784292E-05
 8.01705306E-05
 7.81662989E-05
 9.15229285E-05
 1.02372650E-04
 1.10696477E-04
 1.16475225E-04
 1.19689505E-04
 1.20319724E-04
 1.18346083E-04
 1.13748569E-04
 1.06506958E-04
 9.66008087E-05
 8.40094590E-05
 6.87120257E-05
 5.06873992E-05
 2.99142413E-05
 6.37098127E-06
 1.59015857E-05
 3.46471950E-05
 5.06413646E-05
 6.38621911E-05
 7.42875284E-05
 8.18949844E-05
 8.66619175E-05
 8.85654327E-05
 8.75823781E-05
 8.36893413E-05
 7.68626452E-05
 6.70783445E-05
 5.43122216E-05
 3.85397824E-05
 1.97362526E-05
 2.33722279E-06
 2.50250548E-05
 4.46953648E-05
 6.13229082E-05
 7.48821459E-05
 8.53472397E-05
 9.26920479E-05
 9.68901206E-05
 9.79146949E-05
 9.57386902E-05
 9.03347031E-05
 8.16750026E-05
 6.97315249E-05
 5.44758682E-05
 3.58792874E-05
 1.39126888E-05
 5.59514330E-06
 1.58240433E-05
 2.26721954E-05
 2.61096950E-05
 2.61062675E-05
 2.26312623E-05
 1.56536466E-05
 5.14199941E-06
 2.32603523E-04
 6.17938037E-04
 1.00767177E-03
 3.61803120E-04
 1.32664616E-04
 9.00991028E-05
 4.72729101E-05
 4.64205239E-06
 6.10059061E-05
 1.33098579E-04
 2.06927273E-04
 3.36706546E-05
 4.65955296E-06
 4.65453871E-06
 4.64941565E-06
 4.87104576E-06
 4.84919246E-06
 4.82561209E-06
 4.80200250E-06
 4.77836337E-06
 4.75469508E-06
 4.73099666E-06
 4.70726847E-06
 4.68616092E-06
 4.68358084E-06
 4.68099246E-06
 4.67839849E-06
 4.67578647E-06
 4.67319187E-06
 4.67056598E-06
 4.66790811E-06
 4.66525648E-06
 4.66266177E-06
 4.66003512E-06
 4.65737583E-06
 4.65468390E-06
 4.65195934E-06
 4.64920179E-06
 4.64641090E-06
 4.63939900E-06
 4.62760815E-06
 4.61578320E-06
 4.60392417E-06
 4.59203101E-06
 4.58010265E-06
 4.56813977E-06
 4.55614162E-06
 4.76565490E-06
 4.75905927E-06
 4.75245388E-06
 4.74583900E-06
 4.73921487E-06
 4.73258102E-06
 4.72593810E-06
 4.71928449E-06
 4.71738148E-06
 4.71656711E-06
 4.71574246E-06
 4.71490818E-06
 4.71406376E-06
 4.71320909E-06
 4.71234405E-06
 4.71146890E-06
 4.71058314E-06
 4.70968702E-06
 4.70878003E-06
 4.70786283E-06
 4.70693490E-06
 4.70599571E-06
 4.70504633E-06
 4.70408542E-06
 4.70311364E-06
 4.70213088E-06
 4.70113657E-06
 4.70013141E-06
 4.69911442E-06
 4.69808628E-06
 4.69704645E-06
 4.69599435E-06
 4.69493151E-06
 4.69385610E-06
 4.69276882E-06
 4.69166949E-06
 4.69055798E-06
 4.68943455E-06
 4.68829862E-06
 4.68555802E-06
 4.68121303E-06
 4.67685548E-06
 4.67248475E-06
 4.66810156E-06
 4.66370530E-06
 4.65929533E-06
 4.65487284E-06
 4.65043673E-06
 4.64598728E-06
 4.64152384E-06
 4.63704715E-06
 4.63255656E-06
 4.62805187E-06
 4.62353336E-06
 4.61900036E-06
 4.61445313E-06
 4.60989195E-06
 4.60531567E-06
 4.60072455E-06
 4.59611885E-06
 4.59149788E-06
 4.58686192E-06
 4.58221072E-06
 4.57754408E-06
 4.57286177E-06
 4.56816355E-06
 4.56344919E-06
 4.55871944E-06
 4.55397307E-06
 4.54921034E-06
 4.54443149E-06
 4.53963528E-06
 4.53482245E-06
 4.52999275E-06
 4.52514540E-06
 4.52028117E-06
 4.51539874E-06
 4.51049890E-06
 4.50558082E-06
 4.50064475E-06
 4.49569041E-06
 4.49071697E-06
 4.48572520E-06
 4.48071425E-06
 4.47568382E-06
 4.47063469E-06
 4.46556490E-06
 4.46047575E-06
 4.45536639E-06
 4.45023647E-06
 4.66746519E-06
 4.66464862E-06
 4.66182707E-06
 4.65899933E-06
 4.65616642E-06
 4.65332711E-06
 4.65048245E-06
 4.64763175E-06
 4.64477492E-06
 4.64191185E-06
 4.63904361E-06
 4.63616832E-06
 4.63328705E-06
 4.63039911E-06
 4.62750496E-06
 4.62460389E-06
 4.62169638E-06
 4.61878232E-06
 4.61586097E-06
 4.61293281E-06
 4.60999708E-06
 4.60705428E-06
 4.60410492E-06
 4.60114758E-06
 4.59818276E-06
 4.59521032E-06
 4.59223009E-06
 4.58924195E-06
 4.58624506E-06
 4.58324126E-06
 4.58022771E-06
 4.57720627E-06
 4.57417608E-06
 4.57113765E-06
 4.56808945E-06
 4.56503196E-06
 4.56196569E-06
 4.55888905E-06
 4.55580325E-06
 4.55270738E-06
 4.54960123E-06
 4.54648458E-06
 4.54335792E-06
 4.54021959E-06
 4.53707007E-06
 4.53390986E-06
 4.53073796E-06
 4.52755340E-06
 4.52435662E-06
 4.52114813E-06
 4.51792536E-06
 4.51469029E-06
 4.51144189E-06
 4.50817827E-06
 4.50490065E-06
 4.50160872E-06
 4.49830135E-06
 4.49497816E-06
 4.49163797E-06
 4.48828119E-06
 4.48490743E-06
 4.48151544E-06
 4.47810477E-06
 4.47467414E-06
 4.47122388E-06
 4.46775267E-06
 4.46425995E-06
 4.46074348E-06
 4.45720438E-06
 4.45364031E-06
 4.83427514E-06
 4.87565516E-06
 4.90261648E-06
 4.68570463E-06
 4.68885673E-06
 4.69216421E-06
 4.69495702E-06
 4.69735148E-06
 4.69942611E-06
 4.70123651E-06
 4.70282359E-06
 4.70422048E-06
 4.70545104E-06
 4.70653536E-06
 4.70749039E-06
 4.70832888E-06
 4.70906210E-06
 4.70969983E-06
 4.71025018E-06
 4.71072063E-06
 4.71111579E-06
 4.71144161E-06
 4.71170377E-06
 4.71190491E-06
 4.71205003E-06
 4.71214103E-06
 4.71218160E-06
 4.71217442E-06
 4.71212124E-06
 4.71202497E-06
 4.71188638E-06
 4.71170863E-06
 4.71149202E-06
 4.71123812E-06
 4.71094853E-06
 4.71062500E-06
 4.71026743E-06
 4.70987700E-06
 4.70945562E-06
 4.70900268E-06
 4.70852016E-06
 4.70800749E-06
 4.70746479E-06
 4.70689484E-06
 4.70629578E-06
 4.70566916E-06
 4.70501514E-06
 4.70433325E-06
 4.70362438E-06
 4.70288877E-06
 4.70212517E-06
 4.70133604E-06
 4.70051939E-06
 4.69967620E-06
 4.69880517E-06
 4.69790729E-06
 4.69698197E-06
 4.69602863E-06
 4.69504745E-06
 4.69403862E-06
 4.69299979E-06
 4.69193186E-06
 4.69083500E-06
 4.68970660E-06
 4.68854751E-06
 4.68735688E-06
 4.68613270E-06
 4.68624551E-06
 4.68714587E-06
 4.68801005E-06
 4.68883764E-06
 4.68962714E-06
 4.69037597E-06
 4.69108434E-06
 4.69174927E-06
 4.69236862E-06
 4.69294110E-06
 4.69346422E-06
 4.69393502E-06
 4.69435276E-06
 4.69471293E-06
 4.69501157E-06
 4.69524696E-06
 4.69541448E-06
 4.69550892E-06
 4.69552835E-06
 4.69546511E-06
 4.69531394E-06
 4.69506876E-06
 4.69472334E-06
 4.69426898E-06
 4.69369769E-06
 4.69299878E-06
 4.69216259E-06
 4.69117619E-06
 4.69002420E-06
 4.68869328E-06
 4.68716381E-06
 4.67933257E-06
 4.65787687E-06
 4.63615061E-06
 4.61412170E-06
 4.59175427E-06
 4.78293664E-06
 4.74544389E-06
 4.70604909E-06
 4.68748220E-06
 4.69087847E-06
 4.69130843E-06
 4.68823863E-06
 3.42061194E-02
 9.41759093E-02
 2.74867620E-01
 0.00000000E+00
 0.00000000E+00
 0.00000000E+00
 0.00000000E+00
 0.00000000E+00
 0.00000000E+00
 0.00000000E+00
 0.00000000E+00
 0.00000000E+00
 0.00000000E+00
 0.00000000E+00
 0.00000000E+00
 0.00000000E+00
 0.00000000E+00
 0.00000000E+00
 0.00000000E+00
 3.53429485E-01
 1.06495762E-01
 5.08867708E-02
 2.62903757E-07
 2.26884326E-06
 2.81708975E-06
 1.89921426E-06
 1.00672353E-06
 5.86426625E-06
 9.24015714E-06
 1.11257529E-05
 1.15123410E-05
 1.03911392E-05
 7.75329454E-06
 3.58988297E-06
 4.15166353E-06
 1.51348043E-05
 2.45869231E-05
 3.24989273E-05
 3.88616498E-05
 4.36658489E-05
 4.69022071E-05
 4.85613305E-05
 4.86337481E-05
 4.71099105E-05
 4.39801896E-05
 3.92348776E-05
 3.28641861E-05
 2.48582452E-05
 1.52071027E-05
 3.90072317E-06
 1.27787740E-05
 2.99465688E-05
 4.54685247E-05
 5.93345004E-05
 7.15342683E-05
 8.20575144E-05
 9.08938366E-05
 9.80327445E-05
 1.03463658E-04
 1.07175905E-04
 1.09158724E-04
 1.09401259E-04
 1.07892561E-04
 1.04621586E-04
 9.95771944E-05
 9.32512356E-05
 1.00735869E-04
 1.06434364E-04
 1.10335315E-04
 1.12427218E-04
 1.12698468E-04
 1.11137356E-04
 1.07732070E-04
 1.02470693E-04
 9.53412035E-05
 8.63314699E-05
 7.54292539E-05
 6.26222073E-05
 4.78978704E-05
 3.12436716E-05
 1.26469256E-05
 7.04549123E-06
 2.44316831E-05
 3.98923077E-05
 5.34145636E-05
 6.49855322E-05
 7.45921758E-05
 8.22213370E-05
 8.78597365E-05
 9.14939721E-05
 9.31105170E-05
 9.26957186E-05
 9.02357967E-05
 8.57168419E-05
 7.91248144E-05
 7.04455423E-05
 5.96647196E-05
 6.52849412E-05
 7.60529853E-05
 8.47138967E-05
 9.12530682E-05
 9.56557525E-05
 9.79070609E-05
 9.79919609E-05
 9.58952752E-05
 9.16016794E-05
 8.50957000E-05
 7.63617130E-05
 6.53839419E-05
 5.21464554E-05
 3.66331660E-05
 1.88278273E-05
 1.44919332E-06
 2.28091084E-05
 4.18956620E-05
 5.86924190E-05
 7.31827801E-05
 8.53499791E-05
 9.51770812E-05
 1.02646981E-04
 1.07742398E-04
 1.10445879E-04
 1.10739792E-04
 1.08606323E-04
 1.04027478E-04
 9.69850762E-05
 8.74607511E-05
 7.54359450E-05
 7.33689902E-05
 8.70352984E-05
 9.81953545E-05
 1.06830178E-04
 1.12920589E-04
 1.16447206E-04
 1.17390442E-04
 1.15730501E-04
 1.11447379E-04
 1.04520857E-04
 9.49304980E-05
 8.26556485E-05
 6.76754307E-05
 4.99687415E-05
 2.95142487E-05
 6.29038854E-06
 1.58998849E-05
 3.46442196E-05
 5.06372959E-05
 6.38572129E-05
 7.42818271E-05
 8.18887493E-05
 8.66553402E-05
 8.85587078E-05
 8.75757029E-05
 8.36829159E-05
 7.68566726E-05
 6.70730306E-05
 5.43077752E-05
 3.85364156E-05
 1.97341802E-05
 2.33634406E-06
 2.50225038E-05
 4.46913565E-05
 6.13176608E-05
 7.48758807E-05
 8.53401815E-05
 9.26844248E-05
 9.68821641E-05
 9.79066400E-05
 9.57307754E-05
 9.03271706E-05
 8.16680983E-05
 6.97254984E-05
 5.44709729E-05
 3.58757807E-05
 1.39108318E-05
 5.59389053E-06
 1.58219723E-05
 2.26695708E-05
 2.61067855E-05
 2.61033461E-05
 2.26286062E-05
 1.56515375E-05
 5.14072351E-06
 2.16447031E-04
 5.75222286E-04
 9.38340919E-04
 3.80209621E-04
 1.40962677E-04
 9.58352168E-05
 5.04527818E-05
 5.25962527E-06
 6.21286977E-05
 1.35731594E-04
 2.11106866E-04
 3.42223507E-05
 4.60415347E-06
 4.59949242E-06
 4.59472249E-06
 4.81624697E-06
 4.79413332E-06
 4.77025675E-06
 4.74635094E-06
 4.72241530E-06
 4.69845016E-06
 4.67445457E-06
 4.65042922E-06
 4.62906628E-06
 4.62652565E-06
 4.62397686E-06
 4.62142266E-06
 4.61885033E-06
 4.61629645E-06
 4.61371091E-06
 4.61109340E-06
 4.60848257E-06
 4.60593016E-06
 4.60334544E-06
 4.60072808E-06
 4.59807772E-06
 4.59539435E-06
 4.59267798E-06
 4.58992789E-06
 4.58286909E-06
 4.57093156E-06
 4.55895957E-06
 4.54695345E-06
 4.53491247E-06
 4.52283660E-06
 4.51072582E-06
 4.49857938E-06
 4.70901099E-06
 4.70230477E-06
 4.69558903E-06
 4.68886404E-06
 4.68212932E-06
 4.67538514E-06
 4.66863100E-06
 4.66186680E-06
 4.65995276E-06
 4.65914985E-06
 4.65833731E-06
 4.65751423E-06
 4.65668127E-06
 4.65583793E-06
 4.65498447E-06
 4.65412038E-06
 4.65324553E-06
 4.65236059E-06
 4.65146464E-06
 4.65055834E-06
 4.64964117E-06
 4.64871300E-06
 4.64777369E-06
 4.64682351E-06
 4.64586233E-06
 4.64489001E-06
 4.64390599E-06
 4.64291056E-06
 4.64190356E-06
 4.64088568E-06
 4.63985553E-06
 4.63881379E-06
 4.63775990E-06
 4.63669412E-06
 4.63561672E-06
 4.63452671E-06
 4.63342434E-06
 4.63230989E-06
 4.63118320E-06
 4.62843161E-06
 4.62405539E-06
 4.61966599E-06
 4.61526413E-06
 4.61084919E-06
 4.60642099E-06
 4.60197936E-06
 4.59752502E-06
 4.59305689E-06
 4.58857522E-06
 4.58407985E-06
 4.57957057E-06
 4.57504766E-06
 4.57051046E-06
 4.56595878E-06
 4.56139334E-06
 4.55681302E-06
 4.55221806E-06
 4.54760874E-06
 4.54298438E-06
 4.53834524E-06
 4.53369110E-06
 4.52902079E-06
 4.52433600E-06
 4.51963555E-06
 4.51491871E-06
 4.51018674E-06
 4.50543790E-06
 4.50067346E-06
 4.49589266E-06
 4.49109527E-06
 4.48628103E-06
 4.48145019E-06
 4.47660250E-06
 4.47173720E-06
 4.46685451E-06
 4.46195418E-06
 4.45703644E-06
 4.45210050E-06
 4.44714661E-06
 4.44217394E-06
 4.43718327E-06
 4.43217322E-06
 4.42714458E-06
 4.42209704E-06
 4.41702974E-06
 4.41194291E-06
 4.40683623E-06
 4.40170938E-06
 4.39656257E-06
 4.61304028E-06
 4.61020963E-06
 4.60737400E-06
 4.60453218E-06
 4.60168520E-06
 4.59883241E-06
 4.59597369E-06
 4.59310896E-06
 4.59023868E-06
 4.58736218E-06
 4.58447934E-06
 4.58159064E-06
 4.57869540E-06
 4.57579408E-06
 4.57288597E-06
 4.56997157E-06
 4.56705014E-06
 4.56412217E-06
 4.56118754E-06
 4.55824613E-06
 4.55529718E-06
 4.55234119E-06
 4.54937802E-06
 4.54640754E-06
 4.54342960E-06
 4.54044407E-06
 4.53745080E-06
 4.53444963E-06
 4.53143977E-06
 4.52842235E-06
 4.52539657E-06
 4.52236226E-06
 4.51931993E-06
 4.51626805E-06
 4.51320780E-06
 4.51013763E-06
 4.50705873E-06
 4.50397022E-06
 4.50087260E-06
 4.49776428E-06
 4.49464644E-06
 4.49151818E-06
 4.48837926E-06
 4.48523020E-06
 4.48207004E-06
 4.47889781E-06
 4.47571472E-06
 4.47251979E-06
 4.46931276E-06
 4.46609337E-06
 4.46286133E-06
 4.45961637E-06
 4.45635741E-06
 4.45308493E-06
 4.44979860E-06
 4.44649733E-06
 4.44318154E-06
 4.43985012E-06
 4.43650269E-06
 4.43313806E-06
 4.42975746E-06
 4.42635884E-06
 4.42294178E-06
 4.41950666E-06
 4.41605137E-06
 4.41257623E-06
 4.40907905E-06
 4.40556101E-06
 4.40201895E-06
 4.39845404E-06
 4.39486302E-06
 4.77249631E-06
 4.81710297E-06
 4.84526579E-06
 4.62851943E-06
 4.63178996E-06
 4.63518234E-06
 4.63803955E-06
 4.64048548E-06
 4.64260002E-06
 4.64444407E-06
 4.64605925E-06
 4.64747847E-06
 4.64872835E-06
 4.64982883E-06
 4.65079678E-06
 4.65164580E-06
 4.65238813E-06
 4.65303345E-06
 4.65358884E-06
 4.65406372E-06
 4.65446167E-06
 4.65478962E-06
 4.65505268E-06
 4.65525399E-06
 4.65539800E-06
 4.65548710E-06
 4.65552607E-06
 4.65551534E-06
 4.65545886E-06
 4.65535727E-06
 4.65521473E-06
 4.65503093E-06
 4.65480847E-06
 4.65454834E-06
 4.65425275E-06
 4.65392154E-06
 4.65355647E-06
 4.65315872E-06
 4.65272828E-06
 4.65226640E-06
 4.65177443E-06
 4.65125246E-06
 4.65070056E-06
 4.65012018E-06
 4.64951012E-06
 4.64887326E-06
 4.64820843E-06
 4.64751507E-06
 4.64679483E-06
 4.64604718E-06
 4.64527234E-06
 4.64446980E-06
 4.64364124E-06
 4.64278465E-06
 4.64190103E-06
 4.64098978E-06
 4.64005030E-06
 4.63908359E-06
 4.63808823E-06
 4.63706435E-06
 4.63601123E-06
 4.63492815E-06
 4.63381518E-06
 4.63267146E-06
 4.63149698E-06
 4.63028902E-06
 4.62904834E-06
 4.62916003E-06
 4.63006835E-06
 4.63094039E-06
 4.63177469E-06
 4.63257071E-06
 4.63332677E-06
 4.63404014E-06
 4.63471073E-06
 4.63533554E-06
 4.63591307E-06
 4.63644090E-06
 4.63691603E-06
 4.63733653E-06
 4.63769890E-06
 4.63800051E-06
 4.63823832E-06
 4.63840633E-06
 4.63850182E-06
 4.63852034E-06
 4.63845667E-06
 4.63830414E-06
 4.63805669E-06
 4.63770872E-06
 4.63724982E-06
 4.63667352E-06
 4.63596804E-06
 4.63512458E-06
 4.63412840E-06
 4.63296711E-06
 4.63162390E-06
 4.63008060E-06
 4.62218371E-06
 4.60054759E-06
 4.57863818E-06
 4.55642544E-06
 4.53386941E-06
 4.72664598E-06
 4.68885033E-06
 4.64913751E-06
 4.63041879E-06
 4.63383877E-06
 4.63426924E-06
 4.63117022E-06
 3.18708941E-02
 8.77461452E-02
 2.66871487E-01
 0.00000000E+00
 0.00000000E+00
 0.00000000E+00
 0.00000000E+00
 0.00000000E+00
 0.00000000E+00
 0.00000000E+00
 0.00000000E+00
 0.00000000E+00
 0.00000000E+00
 0.00000000E+00
 0.00000000E+00
 0.00000000E+00
 0.00000000E+00
 0.00000000E+00
 0.00000000E+00
 3.45441079E-01
 9.86791950E-02
 4.71518362E-02
 2.62414755E-07
 2.26827126E-06
 2.81649307E-06
 1.89865179E-06
 1.00619386E-06
 5.86353561E-06
 9.23928555E-06
 1.11248009E-05
 1.15113699E-05
 1.03902108E-05
 7.75247133E-06
 3.58922797E-06
 4.15097810E-06
 1.51336510E-05
 2.45853656E-05
 3.24970298E-05
 3.88594771E-05
 4.36634666E-05
 4.68996814E-05
 4.85587283E-05
 4.86311369E-05
 4.71073586E-05
 4.39777661E-05
 3.92326521E-05
 3.28622289E-05
 2.48566275E-05
 1.52058963E-05
 3.90000074E-06
 1.30063934E-05
 3.05064919E-05
 4.63612427E-05
 6.05605075E-05
 7.30940622E-05
 8.39515958E-05
 9.31227099E-05
 1.00596917E-04
 1.06363640E-04
 1.10412212E-04
 1.12731873E-04
 1.13311772E-04
 1.12140963E-04
 1.09208405E-04
 1.04502962E-04
 9.84954673E-05
 1.05647021E-04
 1.11012089E-04
 1.14579265E-04
 1.16337043E-04
 1.16273815E-04
 1.14377872E-04
 1.10637399E-04
 1.05040479E-04
 9.75750861E-05
 8.82290889E-05
 7.69902469E-05
 6.38462098E-05
 4.87845165E-05
 3.17925933E-05
 1.28577531E-05
 6.94677141E-06
 2.40713125E-05
 3.92700174E-05
 5.25300835E-05
 6.38385909E-05
 7.31825008E-05
 8.05486545E-05
 8.59237715E-05
 8.92944484E-05
 9.06471573E-05
 8.99682441E-05
 8.72439274E-05
 8.24602968E-05
 7.56033111E-05
 6.66587970E-05
 5.56124475E-05
 6.13446610E-05
 7.23729103E-05
 8.12945157E-05
 8.80948736E-05
 9.27592407E-05
 9.52727321E-05
 9.56203195E-05
 9.37868293E-05
 8.97569411E-05
 8.35151857E-05
 7.50459431E-05
 6.43334410E-05
 5.13617524E-05
 3.61147938E-05
 1.85763235E-05
 1.42889735E-06
 2.24770538E-05
 4.12514921E-05
 5.77357755E-05
 7.19133030E-05
 8.37673068E-05
 9.32808502E-05
 1.00436826E-04
 1.05217953E-04
 1.07606775E-04
 1.07585658E-04
 1.05136788E-04
 1.00242168E-04
 9.28836168E-05
 8.30427643E-05
 7.07010518E-05
 6.85713723E-05
 8.25473531E-05
 9.40177378E-05
 1.02963552E-04
 1.09365621E-04
 1.13204568E-04
 1.14460814E-04
 1.13114567E-04
 1.09145830E-04
 1.02534389E-04
 9.32598152E-05
 8.13014593E-05
 6.66384504E-05
 4.92496915E-05
 2.91138571E-05
 6.20938967E-06
 1.58977739E-05
 3.46408307E-05
 5.06328104E-05
 6.38518147E-05
 7.42757026E-05
 8.18820875E-05
 8.66483329E-05
 8.85515495E-05
 8.75685908E-05
 8.36760500E-05
 7.68502560E-05
 6.70672690E-05
 5.43028776E-05
 3.85325936E-05
 1.97316489E-05
 2.33500269E-06
 2.50194864E-05
 4.46868780E-05
 6.13119392E-05
 7.48691374E-05
 8.53326412E-05
 9.26763155E-05
 9.68737172E-05
 9.78980906E-05
 9.57223619E-05
 9.03191351E-05
 8.16606866E-05
 6.97189600E-05
 5.44655613E-05
 3.58717530E-05
 1.39084493E-05
 5.59210753E-06
 1.58193664E-05
 2.26664065E-05
 2.61033315E-05
 2.60998752E-05
 2.26253957E-05
 1.56488690E-05
 5.13888312E-06
 2.00291350E-04
 5.32507748E-04
 8.69011688E-04
 3.98411854E-04
 1.49300873E-04
 1.01610919E-04
 5.36717705E-05
 5.91576817E-06
 6.32132917E-05
 1.38326734E-04
 2.15248918E-04
 3.47357242E-05
 4.51029964E-06
 4.50599141E-06
 4.50157294E-06
 4.72297520E-06
 4.70060085E-06
 4.67642800E-06
 4.65222530E-06
 4.62799275E-06
 4.60373039E-06
 4.57943791E-06
 4.55511501E-06
 4.53349631E-06
 4.53099449E-06
 4.52848496E-06
 4.52597021E-06
 4.52343761E-06
 4.52092377E-06
 4.51837827E-06
 4.51580079E-06
 4.51323008E-06
 4.51071998E-06
 4.50817687E-06
 4.50560075E-06
 4.50299196E-06
 4.50034980E-06
 4.49767391E-06
 4.49496463E-06
 4.48785855E-06
 4.47577360E-06
 4.46365452E-06
 4.45150056E-06
 4.43931171E-06
 4.42708793E-06
 4.41482849E-06
 4.40253334E-06
 4.61388588E-06
 4.60706936E-06
 4.60024321E-06
 4.59340768E-06
 4.58656194E-06
 4.57970697E-06
 4.57284193E-06
 4.56596708E-06
 4.56404157E-06
 4.56325047E-06
 4.56244921E-06
 4.56163768E-06
 4.56081614E-06
 4.55998407E-06
 4.55914176E-06
 4.55828868E-06
 4.55742510E-06
 4.55655129E-06
 4.55566594E-06
 4.55477049E-06
 4.55386403E-06
 4.55294643E-06
 4.55201754E-06
 4.55107804E-06
 4.55012699E-06
 4.54916424E-06
 4.54819046E-06
 4.54720552E-06
 4.54620846E-06
 4.54519994E-06
 4.54417984E-06
 4.54314756E-06
 4.54210340E-06
 4.54104719E-06
 4.53997878E-06
 4.53889801E-06
 4.53780514E-06
 4.53669960E-06
 4.53558165E-06
 4.53281856E-06
 4.52841104E-06
 4.52399016E-06
 4.51955664E-06
 4.51510987E-06
 4.51065011E-06
 4.50617674E-06
 4.50169002E-06
 4.49718932E-06
 4.49267581E-06
 4.48814750E-06
 4.48360601E-06
 4.47905023E-06
 4.47447996E-06
 4.46989595E-06
 4.46529705E-06
 4.46068400E-06
 4.45605612E-06
 4.45141320E-06
 4.44675503E-06
 4.44208235E-06
 4.43739446E-06
 4.43269066E-06
 4.42797121E-06
 4.42323635E-06
 4.41848588E-06
 4.41371905E-06
 4.40893613E-06
 4.40413688E-06
 4.39932154E-06
 4.39448888E-06
 4.38963963E-06
 4.38477356E-06
 4.37989039E-06
 4.37498935E-06
 4.37007121E-06
 4.36513517E-06
 4.36018147E-06
 4.35520933E-06
 4.35021896E-06
 4.34521062E-06
 4.34018295E-06
 4.33513671E-06
 4.33007107E-06
 4.32498625E-06
 4.31988195E-06
 4.31475729E-06
 4.30961360E-06
 4.30444889E-06
 4.29926393E-06
 4.51732003E-06
 4.51447030E-06
 4.51161495E-06
 4.50875332E-06
 4.50588644E-06
 4.50301423E-06
 4.50013543E-06
 4.49725110E-06
 4.49436113E-06
 4.49146426E-06
 4.48856155E-06
 4.48565288E-06
 4.48273757E-06
 4.47981608E-06
 4.47688771E-06
 4.47395293E-06
 4.47101164E-06
 4.46806310E-06
 4.46510778E-06
 4.46214558E-06
 4.45917636E-06
 4.45619998E-06
 4.45321632E-06
 4.45022460E-06
 4.44722594E-06
 4.44421893E-06
 4.44120470E-06
 4.43818246E-06
 4.43515206E-06
 4.43211333E-06
 4.42906611E-06
 4.42601023E-06
 4.42294620E-06
 4.41987316E-06
 4.41679095E-06
 4.41369936E-06
 4.41059892E-06
 4.40748872E-06
 4.40436858E-06
 4.40123900E-06
 4.39809834E-06
 4.39494782E-06
 4.39178722E-06
 4.38861488E-06
 4.38543200E-06
 4.38223763E-06
 4.37903150E-06
 4.37581412E-06
 4.37258373E-06
 4.36934155E-06
 4.36608656E-06
 4.36281771E-06
 4.35953546E-06
 4.35624027E-06
 4.35292951E-06
 4.34960517E-06
 4.34626457E-06
 4.34290972E-06
 4.33953786E-06
 4.33614941E-06
 4.33274398E-06
 4.32932114E-06
 4.32587965E-06
 4.32241907E-06
 4.31893891E-06
 4.31543784E-06
 4.31191535E-06
 4.30837176E-06
 4.30480393E-06
 4.30121299E-06
 4.29759658E-06
 4.67138991E-06
 4.71987518E-06
 4.74934466E-06
 4.53284158E-06
 4.53623641E-06
 4.53971704E-06
 4.54264114E-06
 4.54513925E-06
 4.54729634E-06
 4.54917483E-06
 4.55081797E-06
 4.55226133E-06
 4.55353040E-06
 4.55464793E-06
 4.55562967E-06
 4.55649015E-06
 4.55724150E-06
 4.55789436E-06
 4.55845571E-06
 4.55893498E-06
 4.55933670E-06
 4.55966671E-06
 4.55993008E-06
 4.56013207E-06
 4.56027490E-06
 4.56036316E-06
 4.56039935E-06
 4.56038502E-06
 4.56032519E-06
 4.56022053E-06
 4.56007228E-06
 4.55988296E-06
 4.55965523E-06
 4.55938944E-06
 4.55908657E-06
 4.55874764E-06
 4.55837502E-06
 4.55796929E-06
 4.55753100E-06
 4.55706079E-06
 4.55655937E-06
 4.55602802E-06
 4.55546690E-06
 4.55487608E-06
 4.55425636E-06
 4.55360858E-06
 4.55293219E-06
 4.55222808E-06
 4.55149641E-06
 4.55073743E-06
 4.54994984E-06
 4.54913532E-06
 4.54829409E-06
 4.54742487E-06
 4.54652784E-06
 4.54560320E-06
 4.54465034E-06
 4.54366863E-06
 4.54265902E-06
 4.54162090E-06
 4.54055263E-06
 4.53945520E-06
 4.53832699E-06
 4.53716791E-06
 4.53597623E-06
 4.53475275E-06
 4.53349545E-06
 4.53360598E-06
 4.53452234E-06
 4.53540224E-06
 4.53624323E-06
 4.53704568E-06
 4.53780799E-06
 4.53852728E-06
 4.53920358E-06
 4.53983371E-06
 4.54041525E-06
 4.54094771E-06
 4.54142714E-06
 4.54185032E-06
 4.54221605E-06
 4.54252051E-06
 4.54275939E-06
 4.54292912E-06
 4.54302502E-06
 4.54304318E-06
 4.54297897E-06
 4.54282436E-06
 4.54257530E-06
 4.54222237E-06
 4.54175962E-06
 4.54117813E-06
 4.54046685E-06
 4.53961518E-06
 4.53861063E-06
 4.53743817E-06
 4.53608336E-06
 4.53452676E-06
 4.52656314E-06
 4.50474622E-06
 4.48265441E-06
 4.46025531E-06
 4.43751139E-06
 4.63189633E-06
 4.59379655E-06
 4.55376424E-06
 4.53489192E-06
 4.53833490E-06
 4.53876350E-06
 4.53563432E-06
 2.95351341E-02
 8.13149758E-02
 2.58873621E-01
 0.00000000E+00
 0.00000000E+00
 0.00000000E+00
 0.00000000E+00
 0.00000000E+00
 0.00000000E+00
 0.00000000E+00
 0.00000000E+00
 0.00000000E+00
 0.00000000E+00
 0.00000000E+00
 0.00000000E+00
 0.00000000E+00
 0.00000000E+00
 0.00000000E+00
 0.00000000E+00
 3.37452733E-01
 9.08626860E-02
 4.34169296E-02
 2.61736728E-07
 2.26750924E-06
 2.81570537E-06
 1.89789730E-06
 1.00547114E-06
 5.86261090E-06
 9.23821887E-06
 1.11236529E-05
 1.15102017E-05
 1.03890842E-05
 7.75144881E-06
 3.58837258E-06
 4.15009121E-06
 1.51322952E-05
 2.45836045E-05
 3.24949275E-05
 3.88570986E-05
 4.36608773E-05
 4.68969476E-05
 4.85559168E-05
 4.86283153E-05
 4.71045952E-05
 4.39751297E-05
 3.92302125E-05
 3.28600565E-05
 2.48547933E-05
 1.52044723E-05
 3.89905942E-06
 1.32337908E-05
 3.10661891E-05
 4.72537306E-05
 6.17862804E-05
 7.46536177E-05
 8.58454348E-05
 9.53513364E-05
 1.03160839E-04
 1.09263368E-04
 1.13648260E-04
 1.16304759E-04
 1.17222017E-04
 1.16389092E-04
 1.13794946E-04
 1.09428448E-04
 1.03739413E-04
 1.10557888E-04
 1.15589530E-04
 1.18822932E-04
 1.20246586E-04
 1.19848882E-04
 1.17618109E-04
 1.13542452E-04
 1.07609989E-04
 9.98086948E-05
 9.01264355E-05
 7.85509689E-05
 6.50699429E-05
 4.96708946E-05
 3.23412485E-05
 1.30683157E-05
 6.84778783E-06
 2.37106790E-05
 3.86474650E-05
 5.16453420E-05
 6.26913890E-05
 7.17725661E-05
 7.88757131E-05
 8.39875485E-05
 8.70946676E-05
 8.81835411E-05
 8.72405140E-05
 8.42518035E-05
 7.92034979E-05
 7.20815548E-05
 6.28717997E-05
 5.15599242E-05
 5.74041267E-05
 6.86925769E-05
 7.78748718E-05
 8.49364117E-05
 8.98624572E-05
 9.26381271E-05
 9.32483971E-05
 9.16780977E-05
 8.79119124E-05
 8.19343763E-05
 7.37298734E-05
 6.32826355E-05
 5.05767398E-05
 3.55961071E-05
 1.83245001E-05
 1.40827715E-06
 2.21446760E-05
 4.06070001E-05
 5.67788110E-05
 7.06435060E-05
 8.21843156E-05
 9.13843016E-05
 9.82263546E-05
 1.02693192E-04
 1.04767357E-04
 1.04431212E-04
 1.01666942E-04
 9.64565482E-05
 8.87818475E-05
 7.86244688E-05
 6.59658512E-05
 6.37734453E-05
 7.80590926E-05
 8.98398000E-05
 9.90965981E-05
 1.05810319E-04
 1.09961591E-04
 1.11530839E-04
 1.10498281E-04
 1.06843922E-04
 1.00547557E-04
 9.15887606E-05
 7.99468916E-05
 6.56010847E-05
 4.85302493E-05
 2.87130664E-05
 6.12798474E-06
 1.58952527E-05
 3.46370285E-05
 5.06279084E-05
 6.38459966E-05
 7.42691549E-05
 8.18749992E-05
 8.66408957E-05
 8.85439578E-05
 8.75610418E-05
 8.36687438E-05
 7.68433954E-05
 6.70610599E-05
 5.42975287E-05
 3.85283168E-05
 1.97286589E-05
 2.33319875E-06
 2.50160026E-05
 4.46819291E-05
 6.13057434E-05
 7.48619160E-05
 8.53246187E-05
 9.26677200E-05
 9.68647800E-05
 9.78890466E-05
 9.57134496E-05
 9.03105965E-05
 8.16527674E-05
 6.97119098E-05
 5.44596333E-05
 3.58672044E-05
 1.39055412E-05
 5.58979439E-06
 1.58162257E-05
 2.26627027E-05
 2.60993331E-05
 2.60958551E-05
 2.26216310E-05
 1.56456413E-05
 5.13647836E-06
 1.84136477E-04
 4.89794423E-04
 7.99684077E-04
 4.16656121E-04
 1.57679246E-04
 1.07426254E-04
 5.69299189E-05
 6.61052362E-06
 6.42596465E-05
 1.40883959E-04
 2.19353386E-04
 3.52107323E-05
 4.37794918E-06
 4.37399275E-06
 4.36992536E-06
 4.59118820E-06
 4.56855281E-06
 4.54408302E-06
 4.51958305E-06
 4.49505357E-06
 4.47049363E-06
 4.44590325E-06
 4.42128244E-06
 4.39940763E-06
 4.39694465E-06
 4.39447375E-06
 4.39199816E-06
 4.38950497E-06
 4.38703121E-06
 4.38452545E-06
 4.38198769E-06
 4.37945713E-06
 4.37698835E-06
 4.37448653E-06
 4.37195203E-06
 4.36938380E-06
 4.36678252E-06
 4.36414713E-06
 4.36147798E-06
 4.35432392E-06
 4.34209190E-06
 4.32982499E-06
 4.31752281E-06
 4.30518607E-06
 4.29281328E-06
 4.28040514E-06
 4.26796126E-06
 4.48023699E-06
 4.47331013E-06
 4.46637352E-06
 4.45942705E-06
 4.45247059E-06
 4.44550443E-06
 4.43852881E-06
 4.43154250E-06
 4.42960589E-06
 4.42882620E-06
 4.42803621E-06
 4.42723620E-06
 4.42642566E-06
 4.42560486E-06
 4.42477328E-06
 4.42393158E-06
 4.42307885E-06
 4.42221575E-06
 4.42134136E-06
 4.42045634E-06
 4.41956017E-06
 4.41865310E-06
 4.41773461E-06
 4.41680536E-06
 4.41586440E-06
 4.41491241E-06
 4.41394843E-06
 4.41297314E-06
 4.41198598E-06
 4.41098721E-06
 4.40997628E-06
 4.40895344E-06
 4.40791896E-06
 4.40687186E-06
 4.40581282E-06
 4.40474125E-06
 4.40365700E-06
 4.40256033E-06
 4.40145151E-06
 4.39867731E-06
 4.39423756E-06
 4.38978515E-06
 4.38531993E-06
 4.38084127E-06
 4.37634944E-06
 4.37184382E-06
 4.36732467E-06
 4.36279225E-06
 4.35824594E-06
 4.35368508E-06
 4.34911085E-06
 4.34452214E-06
 4.33991968E-06
 4.33530188E-06
 4.33066992E-06
 4.32602361E-06
 4.32136180E-06
 4.31668569E-06
 4.31199459E-06
 4.30728734E-06
 4.30256563E-06
 4.29782779E-06
 4.29307408E-06
 4.28830524E-06
 4.28352007E-06
 4.27871881E-06
 4.27390124E-06
 4.26906710E-06
 4.26421614E-06
 4.25934913E-06
 4.25446429E-06
 4.24956289E-06
 4.24464415E-06
 4.23970730E-06
 4.23475361E-06
 4.22978126E-06
 4.22479152E-06
 4.21978307E-06
 4.21475666E-06
 4.20971097E-06
 4.20464673E-06
 4.19956313E-06
 4.19446092E-06
 4.18933873E-06
 4.18419731E-06
 4.17903526E-06
 4.17385334E-06
 4.16865067E-06
 4.38593690E-06
 4.38307308E-06
 4.38020365E-06
 4.37732851E-06
 4.37444757E-06
 4.37156130E-06
 4.36866845E-06
 4.36577007E-06
 4.36286608E-06
 4.35995577E-06
 4.35703904E-06
 4.35411638E-06
 4.35118707E-06
 4.34825221E-06
 4.34530988E-06
 4.34236176E-06
 4.33940654E-06
 4.33644409E-06
 4.33347550E-06
 4.33050004E-06
 4.32751696E-06
 4.32452675E-06
 4.32152990E-06
 4.31852502E-06
 4.31551261E-06
 4.31249314E-06
 4.30946521E-06
 4.30642994E-06
 4.30338653E-06
 4.30033485E-06
 4.29727471E-06
 4.29420595E-06
 4.29112907E-06
 4.28804324E-06
 4.28494828E-06
 4.28184468E-06
 4.27873158E-06
 4.27560879E-06
 4.27247681E-06
 4.26933474E-06
 4.26618238E-06
 4.26302021E-06
 4.25984732E-06
 4.25666420E-06
 4.25346992E-06
 4.25026421E-06
 4.24704685E-06
 4.24381832E-06
 4.24057762E-06
 4.23732449E-06
 4.23405942E-06
 4.23078060E-06
 4.22748851E-06
 4.22418284E-06
 4.22086405E-06
 4.21752950E-06
 4.21418119E-06
 4.21081721E-06
 4.20743721E-06
 4.20404159E-06
 4.20062919E-06
 4.19719879E-06
 4.19375077E-06
 4.19028471E-06
 4.18679934E-06
 4.18329333E-06
 4.17976703E-06
 4.17621994E-06
 4.17264979E-06
 4.16905688E-06
 4.16543889E-06
 4.16179605E-06
 4.53060505E-06
 4.58390656E-06
 4.61480229E-06
 4.39862722E-06
 4.40215227E-06
 4.40572450E-06
 4.40871898E-06
 4.41127096E-06
 4.41347236E-06
 4.41538518E-06
 4.41705809E-06
 4.41852649E-06
 4.41981567E-06
 4.42095019E-06
 4.42194569E-06
 4.42281860E-06
 4.42357894E-06
 4.42423931E-06
 4.42480766E-06
 4.42529128E-06
 4.42569570E-06
 4.42602884E-06
 4.42629359E-06
 4.42649570E-06
 4.42663792E-06
 4.42672534E-06
 4.42675878E-06
 4.42674254E-06
 4.42667883E-06
 4.42656996E-06
 4.42641717E-06
 4.42622357E-06
 4.42598880E-06
 4.42571676E-06
 4.42540786E-06
 4.42506250E-06
 4.42468238E-06
 4.42426869E-06
 4.42382135E-06
 4.42334287E-06
 4.42283264E-06
 4.42229134E-06
 4.42172106E-06
 4.42111983E-06
 4.42049049E-06
 4.41983181E-06
 4.41914463E-06
 4.41842979E-06
 4.41768607E-06
 4.41691507E-06
 4.41611628E-06
 4.41528912E-06
 4.41443528E-06
 4.41355271E-06
 4.41264235E-06
 4.41170436E-06
 4.41073816E-06
 4.40974314E-06
 4.40871940E-06
 4.40766622E-06
 4.40658376E-06
 4.40547123E-06
 4.40432694E-06
 4.40315262E-06
 4.40194557E-06
 4.40070573E-06
 4.39943200E-06
 4.39954049E-06
 4.40046401E-06
 4.40135085E-06
 4.40219955E-06
 4.40300959E-06
 4.40377718E-06
 4.40450354E-06
 4.40518457E-06
 4.40581906E-06
 4.40640680E-06
 4.40694292E-06
 4.40742560E-06
 4.40785273E-06
 4.40822071E-06
 4.40852694E-06
 4.40876816E-06
 4.40893843E-06
 4.40903602E-06
 4.40905391E-06
 4.40898793E-06
 4.40883200E-06
 4.40857991E-06
 4.40822439E-06
 4.40775702E-06
 4.40716966E-06
 4.40645174E-06
 4.40559275E-06
 4.40457819E-06
 4.40339629E-06
 4.40202903E-06
 4.40045834E-06
 4.39242787E-06
 4.37043007E-06
 4.34815580E-06
 4.32557116E-06
 4.30263830E-06
 4.49864391E-06
 4.46023870E-06
 4.41988573E-06
 4.40085949E-06
 4.40432394E-06
 4.40474722E-06
 4.40158659E-06
 2.71988386E-02
 7.48823999E-02
 2.50874022E-01
 0.00000000E+00
 0.00000000E+00
 0.00000000E+00
 0.00000000E+00
 0.00000000E+00
 0.00000000E+00
 0.00000000E+00
 0.00000000E+00
 0.00000000E+00
 0.00000000E+00
 0.00000000E+00
 0.00000000E+00
 0.00000000E+00
 0.00000000E+00
 0.00000000E+00
 0.00000000E+00
 3.29464447E-01
 8.30462356E-02
 3.96820508E-02
 2.60869696E-07
 2.26655722E-06
 2.81472668E-06
 1.89695081E-06
 1.00455541E-06
 5.86149216E-06
 9.23695711E-06
 1.11223087E-05
 1.15088363E-05
 1.03877594E-05
 7.75022700E-06
 3.58731682E-06
 4.14900286E-06
 1.51307368E-05
 2.45816397E-05
 3.24926204E-05
 3.88545141E-05
 4.36580810E-05
 4.68940056E-05
 4.85528961E-05
 4.86252833E-05
 4.71016201E-05
 4.39722806E-05
 3.92275589E-05
 3.28576689E-05
 2.48527428E-05
 1.52028306E-05
 3.89789924E-06
 1.34609662E-05
 3.16256602E-05
 4.81459884E-05
 6.30118192E-05
 7.62129349E-05
 8.77390312E-05
 9.75797162E-05
 1.05724509E-04
 1.12162840E-04
 1.16884048E-04
 1.19877381E-04
 1.21131994E-04
 1.20636948E-04
 1.18381210E-04
 1.14353652E-04
 1.08983072E-04
 1.15468470E-04
 1.20166689E-04
 1.23066318E-04
 1.24155849E-04
 1.23423671E-04
 1.20858069E-04
 1.16447228E-04
 1.10179224E-04
 1.02042030E-04
 9.20235099E-05
 8.01114201E-05
 6.62934067E-05
 5.05570048E-05
 3.28896373E-05
 1.32786133E-05
 6.74854053E-06
 2.33497825E-05
 3.80246504E-05
 5.07603392E-05
 6.15439267E-05
 7.03623717E-05
 7.72025129E-05
 8.20510674E-05
 8.48946295E-05
 8.57196686E-05
 8.45125284E-05
 8.12594250E-05
 7.59464452E-05
 6.85595456E-05
 5.90845503E-05
 4.75071498E-05
 5.34633384E-05
 6.50119851E-05
 7.44549651E-05
 8.17776825E-05
 8.69654018E-05
 9.00032456E-05
 9.08761937E-05
 8.95690805E-05
 8.60665935E-05
 8.03532719E-05
 7.24135038E-05
 6.22315252E-05
 4.97914175E-05
 3.50771059E-05
 1.80723572E-05
 1.38733277E-06
 2.18119751E-05
 3.99621860E-05
 5.58215255E-05
 6.93733891E-05
 8.06010056E-05
 8.94874352E-05
 9.60155667E-05
 1.00168116E-04
 1.01927624E-04
 1.01276452E-04
 9.81967832E-05
 9.26706171E-05
 8.46797684E-05
 7.42058646E-05
 6.12303432E-05
 5.89752090E-05
 7.35705171E-05
 8.56615410E-05
 9.52293173E-05
 1.02254683E-04
 1.06718273E-04
 1.08600519E-04
 1.07881642E-04
 1.04541656E-04
 9.85603588E-05
 8.99173341E-05
 7.85919454E-05
 6.45633337E-05
 4.78104151E-05
 2.83118766E-05
 6.04617378E-06
 1.58923214E-05
 3.46328129E-05
 5.06225897E-05
 6.38397587E-05
 7.42621841E-05
 8.18674844E-05
 8.66330286E-05
 8.85359328E-05
 8.75530561E-05
 8.36609973E-05
 7.68360909E-05
 6.70544033E-05
 5.42917286E-05
 3.85235850E-05
 1.97252103E-05
 2.33093232E-06
 2.50120525E-05
 4.46765102E-05
 6.12990736E-05
 7.48542165E-05
 8.53161142E-05
 9.26586383E-05
 9.68553526E-05
 9.78795082E-05
 9.57040386E-05
 9.03015549E-05
 8.16443410E-05
 6.97043478E-05
 5.44531890E-05
 3.58621350E-05
 1.39021078E-05
 5.58695121E-06
 1.58125503E-05
 2.26584594E-05
 2.60947904E-05
 2.60912858E-05
 2.26173122E-05
 1.56418544E-05
 5.13350931E-06
 1.67982414E-04
 4.47082310E-04
 7.30358087E-04
 4.34942466E-04
 1.66097840E-04
 1.13281263E-04
 6.02272703E-05
 7.34393435E-06
 6.52677188E-05
 1.43403226E-04
 2.23420229E-04
 3.56473331E-05
 4.20705953E-06
 4.20345392E-06
 4.19973692E-06
 4.42084319E-06
 4.39794642E-06
 4.37317905E-06
 4.34838181E-06
 4.32355441E-06
 4.29869655E-06
 4.27380824E-06
 4.24888917E-06
 4.22675791E-06
 4.22433317E-06
 4.22190096E-06
 4.21946458E-06
 4.21700985E-06
 4.21457589E-06
 4.21210958E-06
 4.20961091E-06
 4.20711987E-06
 4.20469279E-06
 4.20223232E-06
 4.19973845E-06
 4.19721117E-06
 4.19464977E-06
 4.19205494E-06
 4.18942562E-06
 4.18222325E-06
 4.16984308E-06
 4.15742799E-06
 4.14497796E-06
 4.13249224E-06
 4.11997080E-06
 4.10741361E-06
 4.09481990E-06
 4.30802181E-06
 4.30098422E-06
 4.29393676E-06
 4.28687931E-06
 4.27981214E-06
 4.27273475E-06
 4.26564815E-06
 4.25855074E-06
 4.25660227E-06
 4.25583397E-06
 4.25505564E-06
 4.25426639E-06
 4.25346724E-06
 4.25265731E-06
 4.25183685E-06
 4.25100574E-06
 4.25016425E-06
 4.24931146E-06
 4.24844764E-06
 4.24757344E-06
 4.24668755E-06
 4.24579061E-06
 4.24488251E-06
 4.24396309E-06
 4.24303263E-06
 4.24209018E-06
 4.24113640E-06
 4.24017074E-06
 4.23919306E-06
 4.23820403E-06
 4.23720267E-06
 4.23618925E-06
 4.23516361E-06
 4.23412603E-06
 4.23307592E-06
 4.23201354E-06
 4.23093832E-06
 4.22985007E-06
 4.22874951E-06
 4.22596374E-06
 4.22149260E-06
 4.21700820E-06
 4.21251124E-06
 4.20800022E-06
 4.20347630E-06
 4.19893840E-06
 4.19438724E-06
 4.18982172E-06
 4.18524302E-06
 4.18064959E-06
 4.17604259E-06
 4.17142045E-06
 4.16678483E-06
 4.16213413E-06
 4.15746861E-06
 4.15278853E-06
 4.14809369E-06
 4.14338386E-06
 4.13865837E-06
 4.13391747E-06
 4.12916140E-06
 4.12438948E-06
 4.11960195E-06
 4.11479810E-06
 4.10997818E-06
 4.10514245E-06
 4.10028967E-06
 4.09542059E-06
 4.09053496E-06
 4.08563203E-06
 4.08071205E-06
 4.07577527E-06
 4.07082039E-06
 4.06584819E-06
 4.06085786E-06
 4.05584964E-06
 4.05082327E-06
 4.04577897E-06
 4.04071541E-06
 4.03563335E-06
 4.03053196E-06
 4.02541145E-06
 4.02027154E-06
 4.01511189E-06
 4.00993275E-06
 4.00473323E-06
 3.99951301E-06
 3.99427284E-06
 4.21313941E-06
 4.21025650E-06
 4.20736733E-06
 4.20447237E-06
 4.20157151E-06
 4.19866523E-06
 4.19575286E-06
 4.19283487E-06
 4.18991058E-06
 4.18697989E-06
 4.18404386E-06
 4.18110061E-06
 4.17815122E-06
 4.17519557E-06
 4.17223355E-06
 4.16926445E-06
 4.16628873E-06
 4.16330689E-06
 4.16031699E-06
 4.15732072E-06
 4.15431733E-06
 4.15130671E-06
 4.14828872E-06
 4.14526258E-06
 4.14223005E-06
 4.13918909E-06
 4.13614018E-06
 4.13308381E-06
 4.13001854E-06
 4.12694551E-06
 4.12386456E-06
 4.12077422E-06
 4.11767562E-06
 4.11456793E-06
 4.11145166E-06
 4.10832593E-06
 4.10519126E-06
 4.10204675E-06
 4.09889222E-06
 4.09572816E-06
 4.09255365E-06
 4.08936920E-06
 4.08617388E-06
 4.08296818E-06
 4.07975115E-06
 4.07652254E-06
 4.07328285E-06
 4.07003183E-06
 4.06676775E-06
 4.06349106E-06
 4.06020225E-06
 4.05690104E-06
 4.05358562E-06
 4.05025645E-06
 4.04691320E-06
 4.04355556E-06
 4.04018240E-06
 4.03679497E-06
 4.03339051E-06
 4.02997024E-06
 4.02653380E-06
 4.02307833E-06
 4.01960585E-06
 4.01611429E-06
 4.01260403E-06
 4.00907292E-06
 4.00552128E-06
 4.00194862E-06
 3.99835267E-06
 3.99473286E-06
 3.99108944E-06
 3.98742004E-06
 4.34953377E-06
 4.40912848E-06
 4.44158885E-06
 4.22583343E-06
 4.22949557E-06
 4.23316372E-06
 4.23623027E-06
 4.23883787E-06
 4.24108441E-06
 4.24303436E-06
 4.24473798E-06
 4.24623043E-06
 4.24754070E-06
 4.24869221E-06
 4.24970346E-06
 4.25058781E-06
 4.25135921E-06
 4.25202713E-06
 4.25260148E-06
 4.25309056E-06
 4.25349933E-06
 4.25383405E-06
 4.25410132E-06
 4.25430363E-06
 4.25444532E-06
 4.25453087E-06
 4.25456274E-06
 4.25454357E-06
 4.25447720E-06
 4.25436362E-06
 4.25420639E-06
 4.25400800E-06
 4.25376868E-06
 4.25348932E-06
 4.25317386E-06
 4.25282154E-06
 4.25243405E-06
 4.25201250E-06
 4.25155746E-06
 4.25106953E-06
 4.25055064E-06
 4.25000081E-06
 4.24942014E-06
 4.24881000E-06
 4.24816981E-06
 4.24750037E-06
 4.24680252E-06
 4.24607640E-06
 4.24532148E-06
 4.24453860E-06
 4.24372726E-06
 4.24288907E-06
 4.24202125E-06
 4.24112701E-06
 4.24020348E-06
 4.23925232E-06
 4.23827217E-06
 4.23726317E-06
 4.23622546E-06
 4.23515744E-06
 4.23406008E-06
 4.23293260E-06
 4.23177329E-06
 4.23058211E-06
 4.22935989E-06
 4.22810388E-06
 4.22681384E-06
 4.22692049E-06
 4.22785230E-06
 4.22874630E-06
 4.22960197E-06
 4.23041770E-06
 4.23119180E-06
 4.23192335E-06
 4.23261143E-06
 4.23325162E-06
 4.23384250E-06
 4.23438358E-06
 4.23486971E-06
 4.23530100E-06
 4.23567152E-06
 4.23597967E-06
 4.23622230E-06
 4.23639326E-06
 4.23649098E-06
 4.23650872E-06
 4.23644182E-06
 4.23628410E-06
 4.23602999E-06
 4.23567057E-06
 4.23519886E-06
 4.23460579E-06
 4.23388082E-06
 4.23301306E-06
 4.23199036E-06
 4.23079751E-06
 4.22941789E-06
 4.22783333E-06
 4.21973531E-06
 4.19755682E-06
 4.17509915E-06
 4.15232815E-06
 4.12920625E-06
 4.32684725E-06
 4.28813597E-06
 4.24746124E-06
 4.22827868E-06
 4.23176190E-06
 4.23218107E-06
 4.22898572E-06
 2.48620074E-02
 6.84484163E-02
 2.42872688E-01
 0.00000000E+00
 0.00000000E+00
 0.00000000E+00
 0.00000000E+00
 0.00000000E+00
 0.00000000E+00
 0.00000000E+00
 0.00000000E+00
 0.00000000E+00
 0.00000000E+00
 0.00000000E+00
 0.00000000E+00
 0.00000000E+00
 0.00000000E+00
 0.00000000E+00
 0.00000000E+00
 3.21476220E-01
 7.52298436E-02
 3.59472000E-02
 2.59813680E-07
 2.26541523E-06
 2.81355702E-06
 1.89581234E-06
 1.00344668E-06
 5.86017940E-06
 9.23550030E-06
 1.11207684E-05
 1.15072738E-05
 1.03862364E-05
 7.74880593E-06
 3.58606072E-06
 4.14771308E-06
 1.51289760E-05
 2.45794713E-05
 3.24901087E-05
 3.88517239E-05
 4.36550778E-05
 4.68908555E-05
 4.85496660E-05
 4.86220408E-05
 4.70984335E-05
 4.39692187E-05
 3.92246914E-05
 3.28550661E-05
 2.48504758E-05
 1.52009713E-05
 3.89652021E-06
 1.36879197E-05
 3.21849053E-05
 4.90380162E-05
 6.42371238E-05
 7.77720138E-05
 8.96323852E-05
 9.98078494E-05
 1.08287929E-04
 1.15062057E-04
 1.20119577E-04
 1.23449739E-04
 1.25041703E-04
 1.24884532E-04
 1.22967198E-04
 1.19278574E-04
 1.14226445E-04
 1.20378768E-04
 1.24743564E-04
 1.27309422E-04
 1.28064832E-04
 1.26998180E-04
 1.24097751E-04
 1.19351727E-04
 1.12748184E-04
 1.04275091E-04
 9.39203121E-05
 8.16716005E-05
 6.75166011E-05
 5.14428471E-05
 3.34377596E-05
 1.34886460E-05
 6.64902954E-06
 2.29886231E-05
 3.74015737E-05
 4.98750752E-05
 6.03962039E-05
 6.89519176E-05
 7.55290538E-05
 8.01143284E-05
 8.26943343E-05
 8.32555399E-05
 8.17842874E-05
 7.82667918E-05
 7.26891388E-05
 6.50372835E-05
 5.52970489E-05
 4.34541242E-05
 4.95222961E-05
 6.13311349E-05
 7.10347956E-05
 7.86186861E-05
 8.40680746E-05
 8.73680879E-05
 8.85037094E-05
 8.74597777E-05
 8.42209844E-05
 7.87718725E-05
 7.10968345E-05
 6.11801103E-05
 4.90057858E-05
 3.45577903E-05
 1.78198948E-05
 1.36606425E-06
 2.14789511E-05
 3.93170500E-05
 5.48639191E-05
 6.81029523E-05
 7.90173769E-05
 8.75902511E-05
 9.38044623E-05
 9.76427246E-05
 9.90875766E-05
 9.81213791E-05
 9.47263125E-05
 8.88843750E-05
 8.05773796E-05
 6.97869519E-05
 5.64945277E-05
 5.41766637E-05
 6.90816265E-05
 8.14829610E-05
