 1.30364469E-15
 1.30364469E-15
 1.44849410E-15
 1.30364469E-15
 1.39055434E-15
 5.79397641E-16
 6.20783187E-16
 6.51822346E-16
 7.72530188E-16
 8.69096461E-16
 6.32070154E-16
 4.34548231E-16
 5.34828592E-16
 2.48313275E-16
 4.63518113E-16
 4.34548231E-16
 2.04493285E-16
 1.93132547E-16
 0.00000000E+00
 0.00000000E+00
 0.00000000E+00
 1.58017538E-16
 1.51147211E-16
 2.89698820E-16
 2.78110868E-16
 2.67414296E-16
 1.28755031E-16
 1.24156637E-16
 2.39750748E-16
 3.47638585E-16
 2.24282958E-16
 2.17274115E-16
 2.10690051E-16
 2.04493285E-16
 1.98650620E-16
 1.93132547E-16
 1.87912748E-16
 0.00000000E+00
 0.00000000E+00
 0.00000000E+00
 0.00000000E+00
 0.00000000E+00
 3.23384730E-16
 1.58017538E-16
 1.54506038E-16
 1.51147211E-16
 1.47931313E-16
 2.89698820E-16
 2.83786600E-16
 1.39055434E-16
 1.36328857E-16
 0.00000000E+00
 1.31184372E-16
 1.28755031E-16
 1.26414031E-16
 2.48313275E-16
 1.21978451E-16
 0.00000000E+00
 1.17843588E-16
 0.00000000E+00
 0.00000000E+00
 0.00000000E+00
 2.20722911E-16
 2.17274115E-16
 0.00000000E+00
 2.10690051E-16
 2.07545424E-16
 2.04493285E-16
 0.00000000E+00
 0.00000000E+00
 1.95852724E-16
 1.93132547E-16
 0.00000000E+00
 0.00000000E+00
 1.85407245E-16
 0.00000000E+00
 0.00000000E+00
 0.00000000E+00
 0.00000000E+00
 0.00000000E+00
 1.71673375E-16
 0.00000000E+00
 0.00000000E+00
 0.00000000E+00
 0.00000000E+00
 1.61692365E-16
 1.59833832E-16
 1.58017538E-16
 0.00000000E+00
 1.54506038E-16
 1.52808169E-16
 1.51147211E-16
 1.49521972E-16
 0.00000000E+00
 0.00000000E+00
 0.00000000E+00
 0.00000000E+00
 0.00000000E+00
 0.00000000E+00
 0.00000000E+00
 0.00000000E+00
 1.36328857E-16
 0.00000000E+00
 0.00000000E+00
 1.32433747E-16
 1.31184372E-16
 1.29958349E-16
 1.28755031E-16
 0.00000000E+00
 1.26414031E-16
 1.25275166E-16
 1.24156637E-16
 1.23057906E-16
 0.00000000E+00
 1.20917769E-16
 0.00000000E+00
 0.00000000E+00
 1.17843588E-16
 0.00000000E+00
 0.00000000E+00
 1.14921846E-16
 0.00000000E+00
 1.13053198E-16
 0.00000000E+00
 0.00000000E+00
 2.69559032E-03
 6.24018547E-03
 9.72939631E-03
 1.31645109E-02
 1.65467775E-02
 1.98774065E-02
 2.31575714E-02
 2.63884105E-02
 2.95710281E-02
 3.27064959E-02
 3.57958538E-02
 3.88401116E-02
 4.18402498E-02
 4.47972204E-02
 4.77119487E-02
 5.05853332E-02
 5.34182476E-02
 5.62115408E-02
 5.89660383E-02
 6.16825426E-02
 6.43618346E-02
 6.70046737E-02
 6.96117987E-02
 7.21839287E-02
 7.47217637E-02
 7.72259849E-02
 7.96972559E-02
 8.21362227E-02
 8.45435146E-02
 8.69197447E-02
 8.92655102E-02
 9.20173389E-02
 9.52912881E-02
 9.85240556E-02
 1.01716414E-01
 1.04869115E-01
 1.07367403E-01
 1.04953788E-01
 1.02540761E-01
 1.00328061E-01
 9.82437760E-02
 9.61581103E-02
 9.40735537E-02
 9.20118000E-02
 8.99600389E-02
 8.79193811E-02
 8.58826600E-02
 8.39270236E-02
 8.19940915E-02
 8.00466653E-02
 7.81258941E-02
 7.61953002E-02
 7.42623714E-02
 7.23282139E-02
 7.03952094E-02
 6.84622093E-02
 6.65292096E-02
 6.45962102E-02
 6.26632109E-02
 6.07302119E-02
 5.87972132E-02
 5.68642146E-02
 5.50627189E-02
 5.41807101E-02
 5.33007647E-02
 5.24197879E-02
 5.15388113E-02
 5.06578348E-02
 4.97768585E-02
 4.88958823E-02
 4.80149064E-02
 4.71339306E-02
 4.62529550E-02
 4.53719796E-02
 4.44910043E-02
 4.36100293E-02
 4.27290544E-02
 4.18480797E-02
 4.09671057E-02
 4.00861325E-02
 3.92051595E-02
 3.83241866E-02
 3.74432140E-02
 3.65622415E-02
 3.56812692E-02
 3.48002972E-02
 3.39193253E-02
 3.30383537E-02
 3.21573822E-02
 3.12764109E-02
 3.03954399E-02
 2.95144690E-02
 2.86334984E-02
 2.77525280E-02
 2.68715572E-02
 2.59905865E-02
 2.51083522E-02
 2.42273565E-02
 2.33463610E-02
 2.24653655E-02
 2.15843700E-02
 2.07033746E-02
 1.98223793E-02
 1.89413840E-02
 1.80603887E-02
 1.71793936E-02
 1.62983985E-02
 1.54174034E-02
 1.45364084E-02
 1.36554135E-02
 1.27744186E-02
 1.18934238E-02
 1.10124290E-02
 1.01314343E-02
 9.25043969E-03
 8.36944512E-03
 7.48845061E-03
 6.60745616E-03
 5.72646178E-03
 4.84546746E-03
 3.96447321E-03
 3.08347903E-03
 2.20248490E-03
 1.32149085E-03
 4.40496862E-04
 1.38011148E-08
 4.16532371E-08
 6.95568547E-08
 9.75119299E-08
 1.25519137E-07
 1.53580685E-07
 1.81693098E-07
 2.09860897E-07
 2.38081760E-07
 2.66357934E-07
 2.94689035E-07
 3.23076157E-07
 3.51519324E-07
 3.80018523E-07
 4.08574915E-07
 4.37189313E-07
 4.65861690E-07
 4.94593268E-07
 5.23384026E-07
 5.52233480E-07
 5.81144445E-07
 6.10114969E-07
 6.39149150E-07
 6.68243771E-07
 6.97400171E-07
 7.26621402E-07
 7.55907479E-07
 7.85256151E-07
 8.14670482E-07
 8.44150960E-07
 8.73697990E-07
 9.03311625E-07
 9.32993903E-07
 9.62744804E-07
 9.92564342E-07
 1.02245363E-06
 1.05241474E-06
 1.08244619E-06
 1.11255115E-06
 1.14272768E-06
 1.17297997E-06
 1.20330561E-06
 1.23370681E-06
 1.26418421E-06
 1.29473904E-06
 1.32537199E-06
 1.35608486E-06
 1.38687685E-06
 1.41774925E-06
 1.44870437E-06
 1.47974202E-06
 1.51086355E-06
 1.54206882E-06
 1.57336119E-06
 1.60474112E-06
 1.63620854E-06
 1.66776591E-06
 1.69941260E-06
 1.73115231E-06
 1.76298352E-06
 1.79490972E-06
 1.82693099E-06
 1.85904809E-06
 1.89126519E-06
 1.92358029E-06
 1.95599738E-06
 1.98851538E-06
 2.02113903E-06
 2.05386668E-06
 2.08670222E-06
 2.11964566E-06
 2.15270055E-06
 2.18586646E-06
 2.21914709E-06
 2.25254321E-06
 2.28605773E-06
 2.31969125E-06
 2.35344701E-06
 2.38732661E-06
 2.42133233E-06
 2.45546589E-06
 2.48973071E-06
 1.24033307E-06
 1.26262942E-06
 1.28496046E-06
 1.30732628E-06
 1.32972909E-06
 1.35216887E-06
 1.37464632E-06
 1.39716152E-06
 1.41971682E-06
 1.44231230E-06
 1.46494879E-06
 1.48762713E-06
 1.51034827E-06
 1.53311397E-06
 1.55592435E-06
 1.57878126E-06
 1.60168403E-06
 1.62463712E-06
 1.64763991E-06
 1.67069447E-06
 1.69380023E-06
 1.71696007E-06
 1.74017702E-06
 1.76345079E-06
 1.78678350E-06
 1.81017745E-06
 1.83363517E-06
 1.85715716E-06
 1.88074691E-06
 1.90440612E-06
 1.92813848E-06
 1.95194482E-06
 1.97582890E-06
 1.99979653E-06
 5.44584549E-07
 3.99498620E-07
 3.02223585E-07
 2.28830224E-07
 1.70379729E-07
 1.22373988E-07
 8.21838322E-08
 4.81140228E-08
 1.89967958E-08
 9.75422431E-04
 4.87711486E-03
 8.77881057E-03
 1.26817699E-02
 1.65834894E-02
 2.04852095E-02
 2.43869301E-02
 2.82886512E-02
 3.21903726E-02
 3.60920945E-02
 3.99938167E-02
 4.38955393E-02
 4.77972622E-02
 5.16989853E-02
 5.56007087E-02
 5.95024324E-02
 6.34041563E-02
 6.73058804E-02
 7.12076047E-02
 7.51093292E-02
 7.90110539E-02
 8.29127788E-02
 8.68145039E-02
 9.07162291E-02
 9.46179544E-02
 9.85196800E-02
 1.02421406E-01
 1.06323131E-01
 1.10224857E-01
 1.14126583E-01
 1.18028310E-01
 1.21930036E-01
 1.25831762E-01
 1.29733489E-01
 1.33635215E-01
 1.37536942E-01
 1.41438669E-01
 1.45340396E-01
 1.49242123E-01
 1.53143850E-01
 1.57045577E-01
 1.60947305E-01
 1.64849032E-01
 1.68750760E-01
 1.72652487E-01
 1.76554215E-01
 1.80455943E-01
 1.84357670E-01
 1.88259398E-01
 1.92161126E-01
 1.96062854E-01
 1.99964583E-01
 2.03866311E-01
 2.07768039E-01
 2.11669768E-01
 2.15571496E-01
 2.19473225E-01
 2.23374953E-01
 2.27276682E-01
 2.31178411E-01
 2.35080140E-01
 2.38981869E-01
 2.42883598E-01
 2.49333413E-01
 2.57312079E-01
 2.65290745E-01
 2.73269411E-01
 2.81248077E-01
 2.89226744E-01
 2.97205410E-01
 3.05184077E-01
 3.13162743E-01
 3.21141410E-01
 3.29120077E-01
 3.37098744E-01
 3.45077411E-01
 3.53056078E-01
 3.61034745E-01
 3.69013412E-01
 3.76992080E-01
 3.84970747E-01
 3.92949415E-01
 4.00928082E-01
 4.08906750E-01
 4.16885418E-01
 4.24864086E-01
 4.32842754E-01
 4.40821422E-01
 4.48800091E-01
 4.56778073E-01
 4.64756766E-01
 4.72735461E-01
 4.80714157E-01
 4.88692853E-01
 4.99219621E-01
 5.15352144E-01
 5.31484667E-01
 5.47617191E-01
 5.63749714E-01
 5.79882239E-01
 5.96014763E-01
 6.12147289E-01
 6.30254567E-01
 6.50464003E-01
 6.70673437E-01
 6.90882872E-01
 7.13417081E-01
 7.37703556E-01
 7.64489847E-01
 0.00000000E+00
 0.00000000E+00
 0.00000000E+00
 0.00000000E+00
 0.00000000E+00
 0.00000000E+00
 0.00000000E+00
 0.00000000E+00
 0.00000000E+00
 0.00000000E+00
 0.00000000E+00
 0.00000000E+00
 0.00000000E+00
 0.00000000E+00
 0.00000000E+00
 0.00000000E+00
 1.30364469E-15
 1.30364469E-15
 1.59334351E-15
 1.30364469E-15
 1.39055434E-15
 5.79397641E-16
 6.20783187E-16
 6.51822346E-16
 7.72530188E-16
 1.04291575E-15
 4.74052615E-16
 5.79397641E-16
 4.01121444E-16
 3.72469912E-16
 4.63518113E-16
 4.34548231E-16
 2.04493285E-16
 1.93132547E-16
 0.00000000E+00
 0.00000000E+00
 0.00000000E+00
 1.58017538E-16
 1.51147211E-16
 2.89698820E-16
 2.78110868E-16
 2.67414296E-16
 1.28755031E-16
 2.48313275E-16
 2.39750748E-16
 3.47638585E-16
 2.24282958E-16
 2.17274115E-16
 2.10690051E-16
 2.04493285E-16
 1.98650620E-16
 1.93132547E-16
 1.87912748E-16
 0.00000000E+00
 1.78276197E-16
 0.00000000E+00
 0.00000000E+00
 0.00000000E+00
 1.61692365E-16
 1.58017538E-16
 1.54506038E-16
 1.51147211E-16
 1.47931313E-16
 1.44849410E-16
 1.41893300E-16
 1.39055434E-16
 2.72657713E-16
 1.33707148E-16
 1.31184372E-16
 1.28755031E-16
 2.52828062E-16
 0.00000000E+00
 1.21978451E-16
 0.00000000E+00
 0.00000000E+00
 0.00000000E+00
 1.13979864E-16
 0.00000000E+00
 0.00000000E+00
 0.00000000E+00
 0.00000000E+00
 2.10690051E-16
 2.07545424E-16
 2.04493285E-16
 2.01529614E-16
 1.98650620E-16
 1.95852724E-16
 1.93132547E-16
 1.90486896E-16
 1.87912748E-16
 1.85407245E-16
 0.00000000E+00
 0.00000000E+00
 1.78276197E-16
 0.00000000E+00
 0.00000000E+00
 0.00000000E+00
 0.00000000E+00
 0.00000000E+00
 0.00000000E+00
 0.00000000E+00
 0.00000000E+00
 1.59833832E-16
 0.00000000E+00
 1.56242060E-16
 0.00000000E+00
 1.52808169E-16
 1.51147211E-16
 1.49521972E-16
 1.47931313E-16
 1.46374141E-16
 0.00000000E+00
 0.00000000E+00
 0.00000000E+00
 0.00000000E+00
 1.39055434E-16
 1.37678647E-16
 0.00000000E+00
 0.00000000E+00
 1.33707148E-16
 0.00000000E+00
 0.00000000E+00
 0.00000000E+00
 1.28755031E-16
 1.27573793E-16
 0.00000000E+00
 0.00000000E+00
 1.24156637E-16
 0.00000000E+00
 1.21978451E-16
 1.20917769E-16
 0.00000000E+00
 1.18850798E-16
 0.00000000E+00
 0.00000000E+00
 0.00000000E+00
 0.00000000E+00
 1.13979864E-16
 0.00000000E+00
 0.00000000E+00
 1.11244347E-16
 1.21293870E-03
 2.80790533E-03
 4.37795062E-03
 5.92365411E-03
 7.44557755E-03
 8.94426552E-03
 1.04202461E-02
 1.18740315E-02
 1.33061186E-02
 1.47169895E-02
 1.61071124E-02
 1.74769415E-02
 1.88269181E-02
 2.01574705E-02
 2.14690150E-02
 2.27619560E-02
 2.40366866E-02
 2.52935888E-02
 2.65330340E-02
 2.77553835E-02
 2.89609884E-02
 3.01501905E-02
 3.13233223E-02
 3.24807074E-02
 3.36226607E-02
 3.47494888E-02
 3.58614902E-02
 3.69589556E-02
 3.80421683E-02
 3.91114040E-02
 4.01669315E-02
 4.20809038E-02
 4.50845562E-02
 4.80504269E-02
 5.09792242E-02
 5.38716389E-02
 5.67124697E-02
 5.37292495E-02
 5.07448609E-02
 4.81619772E-02
 4.58357492E-02
 4.35080844E-02
 4.11815676E-02
 3.89006249E-02
 3.66396534E-02
 3.44008728E-02
 3.21699593E-02
 3.01011055E-02
 2.80776291E-02
 2.60251833E-02
 2.40260107E-02
 2.20072051E-02
 1.99837321E-02
 1.79589597E-02
 1.59354061E-02
 1.39118613E-02
 1.18883171E-02
 9.86477308E-03
 7.84122934E-03
 5.81768583E-03
 3.79414256E-03
 1.77059953E-03
 3.00835078E-09
 2.03134275E-06
 5.81853368E-08
 8.59605102E-08
 1.13864983E-07
 1.41889976E-07
 1.70046678E-07
 1.98339499E-07
 2.26756065E-07
 2.55288505E-07
 2.83957883E-07
 3.12765494E-07
 3.41709397E-07
 3.70795779E-07
 4.00019815E-07
 4.29387205E-07
 4.59897691E-07
 4.91688657E-07
 5.23624358E-07
 5.55704586E-07
 5.87932159E-07
 6.20305680E-07
 6.52827986E-07
 6.85499130E-07
 7.18321962E-07
 7.51294982E-07
 7.84421263E-07
 8.17702091E-07
 8.51136250E-07
 8.84726864E-07
 9.18473683E-07
 9.52379836E-07
 9.85306108E-07
 2.59264648E-07
 2.51118377E-07
 2.42929056E-07
 2.34699335E-07
 2.26428982E-07
 2.18115443E-07
 2.09760551E-07
 2.01363285E-07
 1.92921852E-07
 1.84437562E-07
 1.75909904E-07
 1.67339622E-07
 1.58723377E-07
 1.50064001E-07
 1.41358837E-07
 1.32608502E-07
 1.23812809E-07
 1.14972075E-07
 1.06084210E-07
 9.71501757E-08
 8.81678609E-08
 7.91394233E-08
 7.00621578E-08
 6.09382008E-08
 5.17650925E-08
 4.25428702E-08
 3.32709122E-08
 2.39485979E-08
 1.45779760E-08
 5.15604312E-09
 1.35659708E-08
 4.15867502E-08
 6.96601152E-08
 9.77847782E-08
 1.25963387E-07
 1.54194334E-07
 1.82480246E-07
 2.10819547E-07
 2.39212977E-07
 2.67660512E-07
 2.96165915E-07
 3.24725792E-07
 3.53342027E-07
 3.82016527E-07
 4.10748132E-07
 4.39536946E-07
 4.68384884E-07
 4.97291257E-07
 5.26259084E-07
 5.55285088E-07
 5.84374222E-07
 6.13523258E-07
 6.42733708E-07
 6.72006900E-07
 7.01344813E-07
 7.30745327E-07
 7.60210438E-07
 7.89740026E-07
 8.19334588E-07
 8.48997664E-07
 8.78726156E-07
 9.08523151E-07
 9.38387579E-07
 9.68322068E-07
 9.98326624E-07
 1.02840078E-06
 1.05854563E-06
 1.08876329E-06
 1.11905385E-06
 1.14941794E-06
 1.17985671E-06
 1.21037028E-06
 1.24095984E-06
 1.27162659E-06
 1.30237077E-06
 1.33319353E-06
 1.36409724E-06
 1.39508054E-06
 1.42614530E-06
 1.45729271E-06
 1.48852329E-06
 1.51983925E-06
 1.55123945E-06
 1.58272688E-06
 1.61430145E-06
 1.64596560E-06
 1.67771930E-06
 1.70956381E-06
 1.74150157E-06
 1.77353139E-06
 1.80565836E-06
 1.83787912E-06
 1.87019785E-06
 1.90261629E-06
 1.93513491E-06
 1.96775457E-06
 2.00047710E-06
 2.03330435E-06
 2.06623851E-06
 2.09928060E-06
 2.13243259E-06
 2.16569425E-06
 2.19907016E-06
 2.23255991E-06
 2.26616637E-06
 2.29989199E-06
 2.33373829E-06
 2.36770671E-06
 2.40179960E-06
 2.43602102E-06
 2.47037041E-06
 1.22482946E-06
 1.24722394E-06
 1.26965286E-06
 1.29211718E-06
 1.31461737E-06
 1.33715266E-06
 1.35972704E-06
 1.38233801E-06
 1.40498879E-06
 1.42767863E-06
 1.45040905E-06
 1.47318022E-06
 1.49599463E-06
 1.51885317E-06
 1.54175433E-06
 1.56470156E-06
 1.58769502E-06
 1.61073661E-06
 1.63382741E-06
 1.65696853E-06
 1.68016198E-06
 1.70340719E-06
 1.72670717E-06
 1.75006411E-06
 1.77347833E-06
 1.79695138E-06
 1.82048811E-06
 1.84408651E-06
 1.86775176E-06
 1.89148466E-06
 1.91528758E-06
 1.93916438E-06
 1.96311593E-06
 1.98714600E-06
 2.01125676E-06
 5.67666667E-07
 4.12436918E-07
 3.10771107E-07
 2.34746429E-07
 1.74480754E-07
 1.25125680E-07
 8.38808599E-08
 4.89556364E-08
 1.91328987E-08
 1.52055087E-08
 7.21898131E-08
 1.26106092E-07
 1.10665094E-06
 1.08185849E-06
 1.05759286E-06
 1.03380045E-06
 1.01043687E-06
 9.87462610E-07
 9.64844419E-07
 9.42554940E-07
 9.20567892E-07
 8.98864167E-07
 8.77422081E-07
 8.56225044E-07
 8.35259693E-07
 8.14512567E-07
 7.93970840E-07
 7.73623177E-07
 7.53460790E-07
 7.33475915E-07
 7.13658979E-07
 6.94003687E-07
 6.74503516E-07
 6.55151587E-07
 6.35944588E-07
 6.16875258E-07
 5.97940505E-07
 5.79135664E-07
 5.60456625E-07
 5.41901538E-07
 5.23465878E-07
 5.05148392E-07
 4.86945869E-07
 4.68854466E-07
 4.50874039E-07
 4.33002923E-07
 4.15238440E-07
 3.97580401E-07
 3.80026166E-07
 3.62575749E-07
 3.45228914E-07
 3.27982767E-07
 3.10839972E-07
 2.93798157E-07
 2.76857749E-07
 2.60018267E-07
 2.43281865E-07
 2.26648132E-07
 2.10115406E-07
 1.93687283E-07
 1.77363190E-07
 1.61145716E-07
 1.45035309E-07
 1.29033171E-07
 1.13141379E-07
 9.73609149E-08
 8.16968830E-08
 6.61491706E-08
 5.07209540E-08
 3.54150805E-08
 2.02358421E-08
 5.18660640E-09
 4.87390718E-03
 1.26721594E-02
 2.04704118E-02
 2.82686643E-02
 3.60669169E-02
 4.38651696E-02
 5.16634224E-02
 5.94616754E-02
 6.72599284E-02
 7.50581816E-02
 8.28564350E-02
 9.06546884E-02
 9.84529420E-02
 1.06251196E-01
 1.14049450E-01
 1.21847704E-01
 1.29645958E-01
 1.37444212E-01
 1.45242467E-01
 1.53040722E-01
 1.60838977E-01
 1.68637232E-01
 1.76435487E-01
 1.84233743E-01
 1.92031999E-01
 1.99830255E-01
 2.07627503E-01
 2.15425792E-01
 2.23224082E-01
 2.31022374E-01
 2.38820668E-01
 2.51711678E-01
 2.75806662E-01
 2.99901646E-01
 3.23996631E-01
 3.48091616E-01
 3.72186602E-01
 3.96281588E-01
 4.20376575E-01
 4.48418414E-01
 4.80661739E-01
 5.12905063E-01
 5.45148386E-01
 5.82038302E-01
 6.22430140E-01
 6.67818791E-01
 0.00000000E+00
 0.00000000E+00
 0.00000000E+00
 0.00000000E+00
 0.00000000E+00
 0.00000000E+00
 0.00000000E+00
 0.00000000E+00
 0.00000000E+00
 0.00000000E+00
 0.00000000E+00
 0.00000000E+00
 0.00000000E+00
 0.00000000E+00
 0.00000000E+00
 0.00000000E+00
 1.30364469E-15
 1.30364469E-15
 1.59334351E-15
 1.30364469E-15
 1.39055434E-15
 5.79397641E-16
 6.20783187E-16
 6.51822346E-16
 9.65662735E-16
 1.04291575E-15
 6.32070154E-16
 2.89698820E-16
 2.67414296E-16
 3.72469912E-16
 3.47638585E-16
 4.34548231E-16
 2.04493285E-16
 0.00000000E+00
 0.00000000E+00
 1.73819292E-16
 0.00000000E+00
 1.58017538E-16
 1.51147211E-16
 4.34548231E-16
 2.78110868E-16
 5.34828592E-16
 1.28755031E-16
 2.48313275E-16
 2.39750748E-16
 1.15879528E-16
 3.36424437E-16
 2.17274115E-16
 0.00000000E+00
 2.04493285E-16
 1.98650620E-16
 0.00000000E+00
 1.87912748E-16
 0.00000000E+00
 0.00000000E+00
 1.73819292E-16
 1.69579797E-16
 0.00000000E+00
 1.61692365E-16
 1.58017538E-16
 4.63518113E-16
 1.51147211E-16
 2.95862625E-16
 2.89698820E-16
 1.41893300E-16
 2.78110868E-16
 1.36328857E-16
 2.67414296E-16
 1.31184372E-16
 1.28755031E-16
 1.26414031E-16
 1.24156637E-16
 1.21978451E-16
 0.00000000E+00
 0.00000000E+00
 1.15879528E-16
 0.00000000E+00
 0.00000000E+00
 2.20722911E-16
 2.17274115E-16
 0.00000000E+00
 0.00000000E+00
 0.00000000E+00
 2.04493285E-16
 2.01529614E-16
 0.00000000E+00
 1.95852724E-16
 0.00000000E+00
 1.90486896E-16
 1.87912748E-16
 1.85407245E-16
 0.00000000E+00
 0.00000000E+00
 0.00000000E+00
 0.00000000E+00
 1.73819292E-16
 0.00000000E+00
 1.69579797E-16
 1.67536667E-16
 0.00000000E+00
 1.63594628E-16
 1.61692365E-16
 1.59833832E-16
 1.58017538E-16
 0.00000000E+00
 3.09012075E-16
 1.52808169E-16
 0.00000000E+00
 1.49521972E-16
 2.95862625E-16
 1.46374141E-16
 0.00000000E+00
 1.43356117E-16
 0.00000000E+00
 0.00000000E+00
 1.39055434E-16
 0.00000000E+00
 1.36328857E-16
 0.00000000E+00
 0.00000000E+00
 0.00000000E+00
 0.00000000E+00
 2.59916699E-16
 1.28755031E-16
 1.27573793E-16
 0.00000000E+00
 2.50550331E-16
 1.24156637E-16
 0.00000000E+00
 0.00000000E+00
 1.20917769E-16
 0.00000000E+00
 0.00000000E+00
 0.00000000E+00
 1.16853306E-16
 1.15879528E-16
 0.00000000E+00
 0.00000000E+00
 0.00000000E+00
 0.00000000E+00
 2.22488694E-16
 5.79240113E-04
 1.34091806E-03
 2.09069478E-03
 2.82884706E-03
 3.55564316E-03
 4.27134312E-03
 4.97619915E-03
 5.67045585E-03
 6.35435050E-03
 7.02811337E-03
 7.69196797E-03
 8.34613127E-03
 8.99081393E-03
 9.62622059E-03
 1.02525500E-02
 1.08699953E-02
 1.14787442E-02
 1.20789791E-02
 1.26708775E-02
 1.32546117E-02
 1.38303496E-02
 1.43982542E-02
 1.49584845E-02
 1.55111950E-02
 1.60565359E-02
 1.65946538E-02
 1.71256912E-02
 1.76497870E-02
 1.81670763E-02
 1.86776909E-02
 1.91817591E-02
 2.09872425E-02
 2.44407332E-02
 2.78507838E-02
 3.12182087E-02
 3.45438023E-02
 3.78283392E-02
 3.57855175E-02
 3.31115628E-02
 3.10387987E-02
 2.93507572E-02
 2.76612799E-02
 2.59729438E-02
 2.43529223E-02
 2.27628369E-02
 2.12060148E-02
 1.96609850E-02
 1.83588809E-02
 1.71247964E-02
 1.58472864E-02
 1.46496320E-02
 1.34225472E-02
 1.21884656E-02
 1.09530762E-02
 9.71891377E-03
 8.48476416E-03
 7.25061535E-03
 6.01646675E-03
 4.78231833E-03
 3.54817011E-03
 2.31402209E-03
 1.07987426E-03
 1.52607356E-09
 3.06502532E-06
 5.30741757E-08
 8.05584003E-08
 1.08171705E-07
 1.35899305E-07
 1.63761475E-07
 1.91757973E-07
 2.19876475E-07
 2.48101612E-07
 2.76463299E-07
 3.04963001E-07
 3.33601889E-07
 3.62383067E-07
 3.91304632E-07
 4.20367944E-07
 4.51077100E-07
 4.83635253E-07
 5.16336425E-07
 5.49184873E-07
 5.82180586E-07
 6.15324989E-07
 6.48618318E-07
 6.82061647E-07
 7.15656643E-07
 7.49404788E-07
 7.83305996E-07
 8.17361996E-07
 8.51572749E-07
 8.85942280E-07
 9.20468536E-07
 9.55154230E-07
 9.88291358E-07
 2.61899364E-07
 2.53819941E-07
 2.45700107E-07
 2.37537820E-07
 2.29334150E-07
 2.21088856E-07
 2.12799890E-07
 2.04468302E-07
 1.96095130E-07
 1.87677031E-07
 1.79215038E-07
 1.70708342E-07
 1.62158510E-07
 1.53563181E-07
 1.44922386E-07
 1.36236827E-07
 1.27504111E-07
 1.18726102E-07
 1.09901627E-07
 1.01028880E-07
 9.21103364E-08
 8.31429706E-08
 7.41282966E-08
 6.50651287E-08
 5.59516704E-08
 4.67902248E-08
 3.75790927E-08
 2.83173224E-08
 1.90039349E-08
 9.64130884E-09
 9.13502331E-09
 3.73268965E-08
 6.55711881E-08
 9.38667144E-08
 1.22215689E-07
 1.50619955E-07
 1.79076428E-07
 2.07588882E-07
 2.36154625E-07
 2.64776674E-07
 2.93454265E-07
 3.22189665E-07
 3.50980626E-07
 3.79829040E-07
 4.08735708E-07
 4.37701018E-07
 4.66726185E-07
 4.95808610E-07
 5.24952150E-07
 5.54157230E-07
 5.83423189E-07
 6.12750908E-07
 6.42140827E-07
 6.71594284E-07
 7.01110240E-07
 7.30691740E-07
 7.60338041E-07
 7.90049203E-07
 8.19825721E-07
 8.49671127E-07
 8.79581756E-07
 9.09562797E-07
 9.39610635E-07
 9.69728926E-07
 9.99918665E-07
 1.03017843E-06
 1.06051032E-06
 1.09091340E-06
 1.12139082E-06
 1.15194322E-06
 1.18256921E-06
 1.21327149E-06
 1.24405073E-06
 1.27490763E-06
 1.30584189E-06
 1.33685583E-06
 1.36795010E-06
 1.39912654E-06
 1.43038338E-06
 1.46172351E-06
 1.49314927E-06
 1.52465897E-06
 1.55625460E-06
 1.58793743E-06
 1.61970946E-06
 1.65157007E-06
 1.68352197E-06
 1.71556491E-06
 1.74770200E-06
 1.77993237E-06
 1.81225919E-06
 1.84468230E-06
 1.87720304E-06
 1.90982411E-06
 1.94254477E-06
 1.97536962E-06
 2.00829800E-06
 2.04133085E-06
 2.07447035E-06
 2.10772004E-06
 2.14107942E-06
 2.17455080E-06
 2.20813690E-06
 2.24183760E-06
 2.27565509E-06
 2.30959315E-06
 2.34365252E-06
 2.37783478E-06
 2.41214395E-06
 2.44658087E-06
 2.48114801E-06
 1.22741152E-06
 1.24993922E-06
 1.27250121E-06
 1.29509884E-06
 1.31773304E-06
 1.34040268E-06
 1.36311114E-06
 1.38585746E-06
 1.40864330E-06
 1.43146783E-06
 1.45433437E-06
 1.47724214E-06
 1.50019203E-06
 1.52318743E-06
 1.54622600E-06
 1.56931036E-06
 1.59244239E-06
 1.61562225E-06
 1.63885107E-06
 1.66213080E-06
 1.68546257E-06
 1.70884933E-06
 1.73228980E-06
 1.75578601E-06
 1.77934201E-06
 1.80295739E-06
 1.82663549E-06
 1.85037772E-06
 1.87418557E-06
 1.89806182E-06
 1.92200979E-06
 1.94602962E-06
 1.97012675E-06
 1.99430233E-06
 2.01856020E-06
 5.88913286E-07
 4.21919956E-07
 3.15506690E-07
 2.36698932E-07
 1.74540047E-07
 1.23783788E-07
 8.14490420E-08
 4.56463337E-08
 1.50980441E-08
 1.98896049E-08
 7.75538366E-08
 1.32077120E-07
 1.10721068E-06
 1.08224104E-06
 1.05781028E-06
 1.03386213E-06
 1.01034963E-06
 9.87232777E-07
 9.64479883E-07
 9.42058400E-07
 9.19947676E-07
 8.98121483E-07
 8.76561454E-07
 8.55253168E-07
 8.34176845E-07
 8.13322330E-07
 7.92676119E-07
 7.72226864E-07
 7.51966378E-07
 7.31883892E-07
 7.11973093E-07
 6.92224905E-07
 6.72633952E-07
 6.53192711E-07
 6.33897837E-07
 6.14742917E-07
 5.95723429E-07
 5.76835544E-07
 5.58076703E-07
 5.39441203E-07
 5.20927834E-07
 5.02532047E-07
 4.84252851E-07
 4.66087499E-07
 4.48033181E-07
 4.30088189E-07
 4.12252821E-07
 3.94523085E-07
 3.76899446E-07
 3.59380562E-07
 3.41964707E-07
 3.24653980E-07
 3.07444781E-07
 2.90337706E-07
 2.73333368E-07
 2.56431517E-07
 2.39633672E-07
 2.22937152E-07
 2.06344171E-07
 1.89857899E-07
 1.73475344E-07
 1.57199747E-07
 1.41032490E-07
 1.24974607E-07
 1.09028773E-07
 9.31951763E-08
 7.74771934E-08
 6.18772674E-08
 4.63983156E-08
 3.10445219E-08
 1.58153849E-08
 7.17947161E-10
 2.32598162E-03
 6.04756017E-03
 9.76913885E-03
 1.34907177E-02
 1.72122966E-02
 2.09338757E-02
 2.46554549E-02
 2.83770343E-02
 3.20986138E-02
 3.58201935E-02
 3.95417734E-02
 4.32633534E-02
 4.69849336E-02
 5.07065140E-02
 5.44280946E-02
 5.81496755E-02
 6.18712565E-02
 6.55928378E-02
 6.93144193E-02
 7.30360011E-02
 7.67575832E-02
 8.04791656E-02
 8.42007483E-02
 8.79223314E-02
 9.16439148E-02
 9.53654987E-02
 9.90870830E-02
 1.02807542E-01
 1.06529159E-01
 1.10250779E-01
 1.13972401E-01
 1.25327965E-01
 1.53478200E-01
 1.81628434E-01
 2.09778670E-01
 2.37928906E-01
 2.66079142E-01
 2.94229380E-01
 3.22379618E-01
 3.56446156E-01
 3.96810690E-01
 4.37175222E-01
 4.77539751E-01
 5.24869653E-01
 5.77448662E-01
 6.37517885E-01
 0.00000000E+00
 0.00000000E+00
 0.00000000E+00
 0.00000000E+00
 0.00000000E+00
 0.00000000E+00
 0.00000000E+00
 0.00000000E+00
 0.00000000E+00
 0.00000000E+00
 0.00000000E+00
 0.00000000E+00
 0.00000000E+00
 0.00000000E+00
 0.00000000E+00
 0.00000000E+00
 1.30364469E-15
 1.30364469E-15
 1.59334351E-15
 1.30364469E-15
 1.39055434E-15
 7.24247051E-16
 7.44939824E-16
 8.69096461E-16
 7.72530188E-16
 8.69096461E-16
 6.32070154E-16
 4.34548231E-16
 4.01121444E-16
 2.48313275E-16
 4.63518113E-16
 2.17274115E-16
 2.04493285E-16
 1.93132547E-16
 0.00000000E+00
 1.73819292E-16
 0.00000000E+00
 1.58017538E-16
 3.02294421E-16
 2.89698820E-16
 2.78110868E-16
 4.01121444E-16
 2.57510063E-16
 3.72469912E-16
 3.59626122E-16
 2.31759056E-16
 4.48565916E-16
 2.17274115E-16
 2.10690051E-16
 2.04493285E-16
 1.98650620E-16
 1.93132547E-16
 0.00000000E+00
 0.00000000E+00
 0.00000000E+00
 1.73819292E-16
 0.00000000E+00
 0.00000000E+00
 3.23384730E-16
 1.58017538E-16
 1.54506038E-16
 3.02294421E-16
 1.47931313E-16
 2.89698820E-16
 0.00000000E+00
 2.78110868E-16
 1.36328857E-16
 2.67414296E-16
 1.31184372E-16
 1.28755031E-16
 1.26414031E-16
 1.24156637E-16
 0.00000000E+00
 1.19875374E-16
 0.00000000E+00
 1.15879528E-16
 0.00000000E+00
 0.00000000E+00
 0.00000000E+00
 0.00000000E+00
 0.00000000E+00
 2.10690051E-16
 2.07545424E-16
 2.04493285E-16
 2.01529614E-16
 0.00000000E+00
 1.95852724E-16
 1.93132547E-16
 1.90486896E-16
 0.00000000E+00
 1.85407245E-16
 0.00000000E+00
 1.80591473E-16
 0.00000000E+00
 0.00000000E+00
 1.73819292E-16
 0.00000000E+00
 0.00000000E+00
 1.67536667E-16
 0.00000000E+00
 1.63594628E-16
 1.61692365E-16
 1.59833832E-16
 1.58017538E-16
 0.00000000E+00
 0.00000000E+00
 0.00000000E+00
 1.51147211E-16
 1.49521972E-16
 1.47931313E-16
 1.46374141E-16
 1.44849410E-16
 1.43356117E-16
 0.00000000E+00
 0.00000000E+00
 0.00000000E+00
 0.00000000E+00
 0.00000000E+00
 1.35005276E-16
 0.00000000E+00
 0.00000000E+00
 1.31184372E-16
 1.29958349E-16
 1.28755031E-16
 1.27573793E-16
 1.26414031E-16
 1.25275166E-16
 0.00000000E+00
 1.23057906E-16
 0.00000000E+00
 2.41835537E-16
 1.19875374E-16
 0.00000000E+00
 0.00000000E+00
 1.16853306E-16
 1.15879528E-16
 0.00000000E+00
 0.00000000E+00
 0.00000000E+00
 0.00000000E+00
 0.00000000E+00
 2.20722911E-16
 0.00000000E+00
 2.17274115E-16
 2.15589820E-16
 0.00000000E+00
 2.12298372E-16
 2.10690051E-16
 0.00000000E+00
 2.07545424E-16
 2.06008050E-16
 0.00000000E+00
 0.00000000E+00
 0.00000000E+00
 0.00000000E+00
 1.98650620E-16
 0.00000000E+00
 0.00000000E+00
 1.94483124E-16
 0.00000000E+00
 1.91800598E-16
 0.00000000E+00
 0.00000000E+00
 0.00000000E+00
 0.00000000E+00
 1.85407245E-16
 1.84179383E-16
 0.00000000E+00
 1.81771809E-16
 0.00000000E+00
 0.00000000E+00
 1.78276197E-16
 1.69279205E-03
 5.52682830E-03
 9.31263767E-03
 1.30511244E-02
 1.67431704E-02
 2.03896355E-02
 1.92688454E-02
 1.68485135E-02
 1.52287830E-02
 1.41216701E-02
 1.30131252E-02
 1.19057120E-02
 1.08893236E-02
 9.91282271E-03
 8.98064277E-03
 8.06417490E-03
 7.47139012E-03
 6.96923699E-03
 6.40922156E-03
 5.95560846E-03
 5.46278075E-03
 4.96062974E-03
 4.45716367E-03
 3.95493163E-03
 3.45271662E-03
 2.95050259E-03
 2.44828871E-03
 1.94607499E-03
 1.44386142E-03
 9.41648006E-04
 4.39434753E-04
 1.64430224E-09
 4.08961693E-06
 5.56721644E-08
 8.28686279E-08
 1.10190651E-07
 1.37622551E-07
 1.65190121E-07
 1.92893249E-07
 2.20716916E-07
 2.48633246E-07
 2.76688882E-07
 3.04885268E-07
 3.33220787E-07
 3.61696796E-07
 3.90317399E-07
 4.19079750E-07
 4.49988762E-07
 4.83311154E-07
 5.16780923E-07
 5.50397872E-07
 5.84162018E-07
 6.18076400E-07
 6.52140685E-07
 6.86356529E-07
 7.20725616E-07
 7.55246076E-07
 7.89922581E-07
 8.24755282E-07
 8.59744146E-07
 8.94890735E-07
 9.30196395E-07
 9.65661823E-07
 9.99013668E-07
 2.56813033E-07
 2.48801938E-07
 2.40748620E-07
 2.32655466E-07
 2.24517818E-07
 2.16339093E-07
 2.08117992E-07
 1.99852202E-07
 1.91543029E-07
 1.83191231E-07
 1.74793732E-07
 1.66352823E-07
 1.57867677E-07
 1.49335800E-07
 1.40758876E-07
 1.32136629E-07
 1.23467552E-07
 1.14752026E-07
 1.05989463E-07
 9.71798817E-08
 8.83227084E-08
 7.94173451E-08
 7.04631917E-08
 6.14596344E-08
 5.24075739E-08
 4.33055172E-08
 3.41536946E-08
 2.49512848E-08
 1.56974724E-08
 6.39412780E-09
 1.24388467E-08
 4.08017544E-08
 6.92165679E-08
 9.76832753E-08
 1.26204878E-07
 1.54779776E-07
 1.83408703E-07
 2.12094284E-07
 2.40833848E-07
 2.69628899E-07
 2.98481711E-07
 3.27390745E-07
 3.56357563E-07
 3.85381446E-07
 4.14463906E-07
 4.43604237E-07
 4.72806278E-07
 5.02066738E-07
 5.31388238E-07
 5.60770955E-07
 5.90214905E-07
 6.19721395E-07
 6.49291952E-07
 6.78924263E-07
 7.08622023E-07
 7.38384009E-07
 7.68210732E-07
 7.98104196E-07
 8.28063858E-07
 8.58090692E-07
 8.88185710E-07
 9.18349920E-07
 9.48581894E-07
 9.78884660E-07
 1.00926032E-06
 1.03970540E-06
 1.07022352E-06
 1.10081476E-06
 1.13147979E-06
 1.16221920E-06
 1.19303470E-06
 1.22392542E-06
 1.25489509E-06
 1.28594089E-06
 1.31706756E-06
 1.34827288E-06
 1.37955956E-06
 1.41092735E-06
 1.44237771E-06
 1.47391286E-06
 1.50553261E-06
 1.53723739E-06
 1.56902863E-06
 1.60090874E-06
 1.63287709E-06
 1.66493670E-06
 1.69708661E-06
 1.72932874E-06
 1.76166466E-06
 1.79409600E-06
 1.82662316E-06
 1.85924812E-06
 1.89197199E-06
 1.92479619E-06
 1.95772154E-06
 1.99075116E-06
 2.02388433E-06
 2.05712422E-06
 2.09047211E-06
 2.12392839E-06
 2.15749734E-06
 2.19117831E-06
 2.22497385E-06
 2.25888702E-06
 2.29291683E-06
 2.32706799E-06
 2.36134125E-06
 2.39573893E-06
 2.43026346E-06
 2.46491654E-06
 1.21509612E-06
 1.23772210E-06
 1.26038275E-06
 1.28307817E-06
 1.30580980E-06
 1.32857759E-06
 1.35138296E-06
 1.37422513E-06
 1.39710575E-06
 1.42002640E-06
 1.44298791E-06
 1.46599025E-06
 1.48903438E-06
 1.51212113E-06
 1.53525233E-06
 1.55842889E-06
 1.58165096E-06
 1.60492044E-06
 1.62823834E-06
 1.65160661E-06
 1.67502639E-06
 1.69849717E-06
 1.72202354E-06
 1.74560330E-06
 1.76924216E-06
 1.79293875E-06
 1.81669637E-06
 1.84051725E-06
 1.86440116E-06
 1.88835334E-06
 1.91237274E-06
 1.93646469E-06
 1.96062992E-06
 1.98487340E-06
 2.00919510E-06
 2.03359991E-06
 6.20808881E-07
 4.39919971E-07
 3.28350471E-07
 2.46596661E-07
 1.82455751E-07
 1.30246705E-07
 8.67852433E-08
 5.00789684E-08
 1.87856796E-08
 1.68678937E-08
 7.52224757E-08
 1.30364535E-07
 1.11546372E-06
 1.09031497E-06
 1.06571609E-06
 1.04160952E-06
 1.01794662E-06
 9.94687527E-07
 9.71796902E-07
 9.49245768E-07
 9.27007704E-07
 9.05060613E-07
 8.83383600E-07
 8.61961006E-07
 8.40774591E-07
 8.19812114E-07
 7.99061698E-07
 7.78510967E-07
 7.58150551E-07
 7.37970624E-07
 7.17964684E-07
 6.98124455E-07
 6.78441789E-07
 6.58911658E-07
 6.39529781E-07
 6.20288668E-07
 6.01185691E-07
 5.82215278E-07
 5.63373657E-07
 5.44659459E-07
 5.26066831E-07
 5.07594487E-07
 4.89238675E-07
 4.70997844E-07
 4.52869654E-07
 4.34852492E-07
 4.16945366E-07
 3.99144596E-07
 3.81452327E-07
 3.63864222E-07
 3.46380980E-07
 3.29001988E-07
 3.11727743E-07
 2.94556710E-07
 2.77488357E-07
 2.60524576E-07
 2.43663080E-07
 2.26906444E-07
 2.10254375E-07
 1.93707618E-07
 1.77267363E-07
 1.60934845E-07
 1.44711109E-07
 1.28597636E-07
 1.12596654E-07
 9.67103972E-08
 8.09399785E-08
 6.52894540E-08
 4.97590876E-08
 3.43554097E-08
 1.90792768E-08
 3.93407792E-09
 1.86940335E-08
 5.14559910E-08
 8.43638233E-08
 1.17420196E-07
 1.50632539E-07
 1.84005588E-07
 2.17547661E-07
 2.51264445E-07
 2.85163849E-07
 3.19253644E-07
 3.53545089E-07
 3.88047345E-07
 4.22769747E-07
 4.57728615E-07
 4.92932078E-07
 5.28397519E-07
 5.64140337E-07
 6.00176836E-07
 6.36526829E-07
 6.73211945E-07
 7.10254962E-07
 7.47682118E-07
 7.85521776E-07
 8.23803818E-07
 8.62568063E-07
 9.01851680E-07
 9.41698882E-07
 2.81139390E-07
 2.09508577E-07
 1.34958270E-07
 5.71964045E-08
 9.95324339E-03
 4.18036280E-02
 7.36540133E-02
 1.05504399E-01
 1.37354786E-01
 1.69205173E-01
 2.01055561E-01
 2.32905950E-01
 2.72639443E-01
 3.20764626E-01
 3.68889805E-01
 4.17014982E-01
 4.74421203E-01
 5.38821359E-01
 6.13201782E-01
 0.00000000E+00
 0.00000000E+00
 0.00000000E+00
 0.00000000E+00
 0.00000000E+00
 0.00000000E+00
 0.00000000E+00
 0.00000000E+00
 0.00000000E+00
 0.00000000E+00
 0.00000000E+00
 0.00000000E+00
 0.00000000E+00
 0.00000000E+00
 0.00000000E+00
 0.00000000E+00
 1.30364469E-15
 1.30364469E-15
 1.59334351E-15
 1.30364469E-15
 1.39055434E-15
 7.24247051E-16
 7.44939824E-16
 8.69096461E-16
 7.72530188E-16
 8.69096461E-16
 6.32070154E-16
 4.34548231E-16
 4.01121444E-16
 1.24156637E-16
 4.63518113E-16
 2.17274115E-16
 2.04493285E-16
 1.93132547E-16
 0.00000000E+00
 0.00000000E+00
 0.00000000E+00
 1.58017538E-16
 3.02294421E-16
 2.89698820E-16
 2.78110868E-16
 2.67414296E-16
 1.28755031E-16
 2.48313275E-16
 3.59626122E-16
 2.31759056E-16
 2.24282958E-16
 2.17274115E-16
 2.10690051E-16
 2.04493285E-16
 1.98650620E-16
 1.93132547E-16
 0.00000000E+00
 0.00000000E+00
 0.00000000E+00
 0.00000000E+00
 0.00000000E+00
 0.00000000E+00
 1.61692365E-16
 1.58017538E-16
 3.09012075E-16
 3.02294421E-16
 1.47931313E-16
 1.44849410E-16
 2.83786600E-16
 2.78110868E-16
 1.36328857E-16
 2.67414296E-16
 1.31184372E-16
 1.28755031E-16
 1.26414031E-16
 1.24156637E-16
 0.00000000E+00
 1.19875374E-16
 0.00000000E+00
 1.15879528E-16
 1.13979864E-16
 0.00000000E+00
 2.20722911E-16
 0.00000000E+00
 0.00000000E+00
 0.00000000E+00
 2.07545424E-16
 2.04493285E-16
 2.01529614E-16
 1.98650620E-16
 3.91705447E-16
 1.93132547E-16
 1.90486896E-16
 0.00000000E+00
 1.85407245E-16
 0.00000000E+00
 0.00000000E+00
 0.00000000E+00
 0.00000000E+00
 0.00000000E+00
 0.00000000E+00
 0.00000000E+00
 1.67536667E-16
 0.00000000E+00
 1.63594628E-16
 0.00000000E+00
 0.00000000E+00
 1.58017538E-16
 0.00000000E+00
 3.09012075E-16
 0.00000000E+00
 1.51147211E-16
 0.00000000E+00
 1.47931313E-16
 1.46374141E-16
 0.00000000E+00
 0.00000000E+00
 0.00000000E+00
 1.40460034E-16
 0.00000000E+00
 1.37678647E-16
 1.36328857E-16
 0.00000000E+00
 1.33707148E-16
 0.00000000E+00
 0.00000000E+00
 1.29958349E-16
 1.28755031E-16
 1.27573793E-16
 1.26414031E-16
 1.25275166E-16
 0.00000000E+00
 1.23057906E-16
 0.00000000E+00
 2.41835537E-16
 1.19875374E-16
 1.18850798E-16
 0.00000000E+00
 1.16853306E-16
 1.15879528E-16
 1.14921846E-16
 1.13979864E-16
 0.00000000E+00
 0.00000000E+00
 0.00000000E+00
 2.20722911E-16
 2.18984935E-16
 0.00000000E+00
 0.00000000E+00
 2.13931437E-16
 4.24596745E-16
 0.00000000E+00
 2.09105916E-16
 0.00000000E+00
 0.00000000E+00
 2.04493285E-16
 2.03000633E-16
 2.01529614E-16
 0.00000000E+00
 0.00000000E+00
 1.97241750E-16
 0.00000000E+00
 3.88966248E-16
 1.93132547E-16
 1.91800598E-16
 0.00000000E+00
 0.00000000E+00
 0.00000000E+00
 0.00000000E+00
 0.00000000E+00
 1.84179383E-16
 0.00000000E+00
 0.00000000E+00
 0.00000000E+00
 1.79426366E-16
 1.78276197E-16
 1.53540146E-03
 5.01296082E-03
 8.44677730E-03
 1.18376711E-02
 1.51864419E-02
 1.84938700E-02
 1.76867595E-02
 1.49202260E-02
 1.31534201E-02
 1.20269555E-02
 1.08990823E-02
 9.77231560E-03
 8.75925332E-03
 7.79601691E-03
 6.88814433E-03
 5.99989850E-03
 5.51598489E-03
 5.14528467E-03
 4.70230494E-03
 4.39223871E-03
 4.03318694E-03
 3.66248869E-03
 3.29047522E-03
 2.91969555E-03
 2.54893711E-03
 2.17817985E-03
 1.80742274E-03
 1.43666578E-03
 1.06590897E-03
 6.95152306E-04
 3.24395792E-04
 1.27066407E-08
 5.13035452E-06
 4.07484003E-08
 6.76537198E-08
 9.46842915E-08
 1.21823244E-07
 1.49096192E-07
 1.76505946E-07
 2.04031386E-07
 2.31643280E-07
 2.59392767E-07
 2.87282962E-07
 3.15314897E-07
 3.43490062E-07
 3.71806911E-07
 4.00268280E-07
 4.31376288E-07
 4.65464341E-07
 4.99699849E-07
 5.34083882E-07
 5.68616272E-07
 6.03299039E-07
 6.38133082E-07
 6.73120066E-07
 7.08260091E-07
 7.43554676E-07
 7.79005134E-07
 8.14611628E-07
 8.50375933E-07
 8.86300758E-07
 9.22383405E-07
 9.58628399E-07
 9.92194450E-07
 2.69284335E-07
 2.61342349E-07
 2.53358962E-07
 2.45332618E-07
 2.37263637E-07
 2.29152271E-07
 2.20998020E-07
 2.12799853E-07
 2.04559318E-07
 1.96273074E-07
 1.87941872E-07
 1.79566998E-07
 1.71146094E-07
 1.62680422E-07
 1.54167896E-07
 1.45611311E-07
 1.37005509E-07
 1.28354514E-07
 1.19654990E-07
 1.10908798E-07
 1.02114419E-07
 9.32715724E-08
 8.43793392E-08
 7.54371013E-08
 6.64464071E-08
 5.74051130E-08
 4.83146243E-08
 3.91722447E-08
 2.99791848E-08
 2.07332746E-08
 1.84436172E-09
 2.66887034E-08
 5.52754929E-08
 8.39156234E-08
 1.12609376E-07
 1.41357882E-07
 1.70160719E-07
 1.99018622E-07
 2.27933473E-07
 2.56903000E-07
 2.85930600E-07
 3.15015532E-07
 3.44157460E-07
 3.73357892E-07
 4.02617640E-07
 4.31936401E-07
 4.61315290E-07
 4.90754863E-07
 5.20254061E-07
 5.49815496E-07
 5.79439370E-07
 6.09126142E-07
 6.38876709E-07
 6.68690468E-07
 6.98567904E-07
 7.28512524E-07
 7.58521646E-07
 7.88597895E-07
 8.18740141E-07
 8.48951472E-07
 8.79231378E-07
 9.09579373E-07
 9.39997999E-07
 9.70487349E-07
 1.00104844E-06
 1.03168039E-06
 1.06238579E-06
 1.09316529E-06
 1.12401848E-06
 1.15494704E-06
 1.18595262E-06
 1.21703391E-06
 1.24819461E-06
 1.27943192E-06
 1.31075013E-06
 1.34214844E-06
 1.37362762E-06
 1.40519007E-06
 1.43683449E-06
 1.46856477E-06
 1.50037919E-06
 1.53228032E-06
 1.56426942E-06
 1.59634640E-06
 1.62851428E-06
 1.66077150E-06
 1.69312113E-06
 1.72556356E-06
 1.75810062E-06
 1.79073403E-06
 1.82346324E-06
 1.85629119E-06
 1.88921866E-06
 1.92224837E-06
 1.95537897E-06
 1.98861385E-06
 2.02195424E-06
 2.05540139E-06
 2.08895856E-06
 2.12262482E-06
 2.15640222E-06
 2.19029440E-06
 2.22430188E-06
 2.25842617E-06
 2.29267106E-06
 2.32703562E-06
 2.36152535E-06
 2.39613874E-06
 2.43088049E-06
 1.18499876E-06
 1.20772501E-06
 1.23048514E-06
 1.25327967E-06
 1.27610941E-06
 1.29897423E-06
 1.32187808E-06
 1.34481682E-06
 1.36779612E-06
 1.39081188E-06
 1.41386903E-06
 1.43696668E-06
 1.46010490E-06
 1.48328627E-06
 1.50651084E-06
 1.52977952E-06
 1.55309415E-06
 1.57645404E-06
 1.59986353E-06
 1.62331955E-06
 1.64682737E-06
 1.67038731E-06
 1.69399883E-06
 1.71766571E-06
 1.74138752E-06
 1.76516730E-06
 1.78900637E-06
 1.81290709E-06
 1.83687003E-06
 1.86089766E-06
 1.88499410E-06
 1.90915943E-06
 1.93339537E-06
 1.95770725E-06
 1.98209619E-06
 2.00656594E-06
 2.03111779E-06
 6.38982419E-07
 4.41270997E-07
 3.24074692E-07
 2.39197106E-07
 1.72982933E-07
 1.19264229E-07
 7.46393620E-08
 3.70034889E-08
 4.94424271E-09
 3.13895262E-08
 9.04446866E-08
 1.13211900E-06
 1.10615930E-06
 1.08083319E-06
 1.05606680E-06
 1.03180086E-06
 1.00798926E-06
 9.84588109E-07
 9.61562141E-07
 9.38880282E-07
 9.16516490E-07
 8.94449354E-07
 8.72655807E-07
 8.51118770E-07
 8.29823608E-07
 8.08755409E-07
 7.87901541E-07
 7.67249772E-07
 7.46792109E-07
 7.26517277E-07
 7.06416957E-07
 6.86483949E-07
 6.66712351E-07
 6.47095495E-07
 6.27627247E-07
 6.08302001E-07
 5.89116189E-07
 5.70064116E-07
 5.51142937E-07
 5.32349413E-07
 5.13680047E-07
 4.95130899E-07
 4.76701266E-07
 4.58387063E-07
 4.40187083E-07
 4.22098607E-07
 4.04121027E-07
 3.86252305E-07
 3.68491538E-07
 3.50836713E-07
 3.33288325E-07
 3.15844601E-07
 2.98505714E-07
 2.81271087E-07
 2.64141243E-07
 2.47115508E-07
 2.30194190E-07
 2.13378080E-07
 1.96668115E-07
 1.80064231E-07
 1.63567114E-07
 1.47179640E-07
 1.30900642E-07
 1.14734175E-07
 9.86800696E-08
 8.27426409E-08
 6.69214530E-08
 5.12203365E-08
 3.56424623E-08
 2.01897562E-08
 4.86689047E-09
 1.03244465E-08
 4.56838917E-09
 3.75687892E-08
 7.07162224E-08
 1.04013604E-07
 1.37467842E-07
 1.71084673E-07
 2.04870084E-07
 2.38832621E-07
 2.72980706E-07
 3.07320526E-07
 3.41861662E-07
 3.76616764E-07
 4.11593716E-07
 4.46806901E-07
 4.82268708E-07
 5.17995154E-07
 5.53998018E-07
 5.90299562E-07
 6.26917272E-07
 6.63871270E-07
 7.01186365E-07
 7.38888353E-07
 7.77006420E-07
 8.15570393E-07
 8.54620010E-07
 8.94192216E-07
 9.34334541E-07
 2.97293636E-07
 2.25161137E-07
 1.50088574E-07
 7.17843583E-08
 9.94654921E-03
 4.17755579E-02
 7.36045673E-02
 1.05433577E-01
 1.37262588E-01
 1.69091599E-01
 2.00920612E-01
 2.32749625E-01
 2.74425907E-01
 3.26584762E-01
 3.78743613E-01
 4.30902460E-01
 4.94654997E-01
 5.67143836E-01
 6.52099686E-01
 0.00000000E+00
 0.00000000E+00
 0.00000000E+00
 0.00000000E+00
 0.00000000E+00
 0.00000000E+00
 0.00000000E+00
 0.00000000E+00
 0.00000000E+00
 0.00000000E+00
 0.00000000E+00
 0.00000000E+00
 0.00000000E+00
 0.00000000E+00
 0.00000000E+00
 0.00000000E+00
 1.30364469E-15
 1.30364469E-15
 1.59334351E-15
 1.30364469E-15
 1.39055434E-15
 7.24247051E-16
 6.20783187E-16
 6.51822346E-16
 7.72530188E-16
 8.69096461E-16
 6.32070154E-16
 5.79397641E-16
 4.01121444E-16
 2.48313275E-16
 4.63518113E-16
 4.34548231E-16
 2.04493285E-16
 1.93132547E-16
 0.00000000E+00
 0.00000000E+00
 0.00000000E+00
 1.58017538E-16
 0.00000000E+00
 1.44849410E-16
 2.78110868E-16
 1.33707148E-16
 2.57510063E-16
 1.24156637E-16
 3.59626122E-16
 3.47638585E-16
 2.24282958E-16
 2.17274115E-16
 2.10690051E-16
 2.04493285E-16
 1.98650620E-16
 1.93132547E-16
 1.87912748E-16
 0.00000000E+00
 1.78276197E-16
 0.00000000E+00
 0.00000000E+00
 0.00000000E+00
 0.00000000E+00
 1.58017538E-16
 1.54506038E-16
 0.00000000E+00
 1.47931313E-16
 1.44849410E-16
 2.83786600E-16
 0.00000000E+00
 2.72657713E-16
 1.33707148E-16
 1.31184372E-16
 2.57510063E-16
 2.52828062E-16
 1.24156637E-16
 1.21978451E-16
 0.00000000E+00
 0.00000000E+00
 0.00000000E+00
 0.00000000E+00
 0.00000000E+00
 0.00000000E+00
 0.00000000E+00
 0.00000000E+00
 2.10690051E-16
 2.07545424E-16
 2.04493285E-16
 2.01529614E-16
 0.00000000E+00
 1.95852724E-16
 1.93132547E-16
 0.00000000E+00
 0.00000000E+00
 0.00000000E+00
 0.00000000E+00
 0.00000000E+00
 1.78276197E-16
 0.00000000E+00
 0.00000000E+00
 0.00000000E+00
 0.00000000E+00
 0.00000000E+00
 0.00000000E+00
 0.00000000E+00
 0.00000000E+00
 1.59833832E-16
 1.58017538E-16
 1.56242060E-16
 1.54506038E-16
 0.00000000E+00
 0.00000000E+00
 1.49521972E-16
 1.47931313E-16
 1.46374141E-16
 0.00000000E+00
 1.43356117E-16
 0.00000000E+00
 0.00000000E+00
 0.00000000E+00
 0.00000000E+00
 1.36328857E-16
 0.00000000E+00
 0.00000000E+00
 0.00000000E+00
 1.31184372E-16
 1.29958349E-16
 2.57510063E-16
 1.27573793E-16
 2.52828062E-16
 1.25275166E-16
 0.00000000E+00
 1.23057906E-16
 0.00000000E+00
 1.20917769E-16
 0.00000000E+00
 0.00000000E+00
 0.00000000E+00
 1.16853306E-16
 0.00000000E+00
 0.00000000E+00
 0.00000000E+00
 0.00000000E+00
 0.00000000E+00
 0.00000000E+00
 0.00000000E+00
 2.18984935E-16
 2.17274115E-16
 2.15589820E-16
 0.00000000E+00
 2.12298372E-16
 0.00000000E+00
 2.09105916E-16
 0.00000000E+00
 2.06008050E-16
 0.00000000E+00
 2.03000633E-16
 0.00000000E+00
 0.00000000E+00
 0.00000000E+00
 1.97241750E-16
 1.95852724E-16
 0.00000000E+00
 1.93132547E-16
 1.91800598E-16
 0.00000000E+00
 0.00000000E+00
 0.00000000E+00
 1.86651589E-16
 1.85407245E-16
 1.84179383E-16
 1.82967676E-16
 0.00000000E+00
 1.80591473E-16
 0.00000000E+00
 0.00000000E+00
 1.37801087E-03
 4.49909335E-03
 7.58091693E-03
 1.06242177E-02
 1.36297135E-02
 1.65981044E-02
 1.61068033E-02
 1.29945339E-02
 1.10808498E-02
 9.93505968E-03
 8.78788439E-03
 7.64179020E-03
 6.63204965E-03
 5.68205993E-03
 4.79846212E-03
 3.93840049E-03
 3.56321207E-03
 3.32378851E-03
 2.99768754E-03
 2.83097570E-03
 2.60552048E-03
 2.36609873E-03
 2.12536164E-03
 1.88585808E-03
 1.64637994E-03
 1.40690318E-03
 1.16742656E-03
 9.27950078E-04
 6.88473743E-04
 4.48997549E-04
 2.09521500E-04
 1.66334575E-08
 6.15929052E-06
 3.62513742E-08
 6.28683029E-08
 8.96116985E-08
 1.16455903E-07
 1.43436997E-07
 1.70556143E-07
 1.97786267E-07
 2.25091907E-07
 2.52538195E-07
 2.80126167E-07
 3.07854379E-07
 3.35728749E-07
 3.63745944E-07
 3.91907522E-07
 4.23215403E-07
 4.58069432E-07
 4.93071902E-07
 5.28221408E-07
 5.63523827E-07
 5.98976203E-07
 6.34580024E-07
 6.70338176E-07
 7.06250772E-07
 7.42317751E-07
 7.78543598E-07
 8.14925540E-07
 8.51466732E-07
 8.88166966E-07
 9.25029408E-07
 9.62054319E-07
 9.95832583E-07
 2.71310456E-07
 2.63437788E-07
 2.55520587E-07
 2.47564103E-07
 2.39563163E-07
 2.31518276E-07
 2.23431029E-07
 2.15299603E-07
 2.07124269E-07
 1.98903708E-07
 1.90639192E-07
 1.82329192E-07
 1.73972895E-07
 1.65571002E-07
 1.57123807E-07
 1.48630176E-07
 1.40089528E-07
 1.31500642E-07
 1.22863880E-07
 1.14180168E-07
 1.05447997E-07
 9.66664528E-08
 8.78355595E-08
 7.89552642E-08
 7.00258995E-08
 6.10449869E-08
 5.20137302E-08
 4.29314824E-08
 3.37964062E-08
 2.46101900E-08
 5.66491760E-09
 2.30407884E-08
 5.17998118E-08
 8.06124029E-08
 1.09478570E-07
 1.38400170E-07
 1.67377925E-07
 1.96409549E-07
 2.25498805E-07
 2.54643826E-07
 2.83846124E-07
 3.13107202E-07
 3.42424883E-07
 3.71802921E-07
 4.01239490E-07
 4.30736934E-07
 4.60293058E-07
 4.89910905E-07
 5.19589138E-07
 5.49330805E-07
 5.79135281E-07
 6.09001933E-07
 6.38931677E-07
 6.68927566E-07
 6.98988394E-07
 7.29114214E-07
 7.59306437E-07
 7.89565122E-07
 8.19891702E-07
 8.50286723E-07
 8.80751197E-07
 9.11285672E-07
 9.41889133E-07
 9.72565254E-07
 1.00331202E-06
 1.03413361E-06
 1.06502605E-06
 1.09599352E-06
 1.12703664E-06
 1.15815508E-06
 1.18934901E-06
 1.22062211E-06
 1.25197364E-06
 1.28340376E-06
 1.31491375E-06
 1.34650541E-06
 1.37817844E-06
 1.40993371E-06
 1.44177355E-06
 1.47370034E-06
 1.50571083E-06
 1.53780896E-06
 1.56999482E-06
 1.60227009E-06
 1.63463585E-06
 1.66709306E-06
 1.69964387E-06
 1.73228712E-06
 1.76502500E-06
 1.79786012E-06
 1.83079352E-06
 1.86382442E-06
 1.89695704E-06
 1.93019005E-06
 1.96352774E-06
 1.99696946E-06
 2.03051735E-06
 2.06417311E-06
 2.09793826E-06
 2.13181391E-06
 2.16580365E-06
 2.19990644E-06
 2.23412620E-06
 2.26846422E-06
 2.30292270E-06
 2.33750235E-06
 2.37220710E-06
 2.40703795E-06
 1.16512161E-06
 1.18794725E-06
 1.21080567E-06
 1.23370077E-06
 1.25662837E-06
 1.27959327E-06
 1.30259285E-06
 1.32563119E-06
 1.34870569E-06
 1.37181891E-06
 1.39497228E-06
 1.41816507E-06
 1.44139896E-06
 1.46467394E-06
 1.48799259E-06
 1.51135332E-06
 1.53476039E-06
 1.55821314E-06
 1.58171253E-06
 1.60526048E-06
 1.62885718E-06
 1.65250462E-06
 1.67620393E-06
 1.69995543E-06
 1.72376293E-06
 1.74762772E-06
 1.77154935E-06
 1.79553018E-06
 1.81957324E-06
 1.84367921E-06
 1.86785231E-06
 1.89209147E-06
 1.91640197E-06
 1.94078467E-06
 1.96524146E-06
 1.98977688E-06
 2.01439392E-06
 2.03909487E-06
 6.72868565E-07
 4.54060626E-07
 3.30691755E-07
 2.42492839E-07
 1.74105671E-07
 1.18818154E-07
 7.29922317E-08
 3.43962525E-08
 1.55080470E-09
 3.54801361E-08
 9.52503251E-08
 1.13342318E-06
 1.10726846E-06
 1.08176104E-06
 1.05682500E-06
 1.03240139E-06
 1.00843808E-06
 9.84893362E-07
 9.61729001E-07
 9.38916044E-07
 9.16426668E-07
 8.94237025E-07
 8.72327174E-07
 8.50677187E-07
 8.29272183E-07
 8.08097687E-07
 7.87139137E-07
 7.66386427E-07
 7.45830338E-07
 7.25458528E-07
 7.05264570E-07
 6.85240342E-07
 6.65378098E-07
 6.45673464E-07
 6.26118938E-07
 6.06709275E-07
 5.87439846E-07
 5.68306963E-07
 5.49306689E-07
 5.30434617E-07
 5.11687002E-07
 4.93062570E-07
 4.74557664E-07
 4.56170084E-07
 4.37896776E-07
 4.19737802E-07
 4.01690161E-07
 3.83751965E-07
 3.65923399E-07
 3.48201460E-07
 3.30586916E-07
 3.13078257E-07
 2.95675847E-07
 2.78378101E-07
 2.61186241E-07
 2.44099331E-07
 2.27119080E-07
 2.10242645E-07
 1.93474651E-07
 1.76813350E-07
 1.60259673E-07
 1.43815946E-07
 1.27483578E-07
 1.11263236E-07
 9.51565198E-08
 7.91667059E-08
 6.32954931E-08
 4.75444064E-08
 3.19180551E-08
 1.64179702E-08
 1.04862758E-09
 1.41871054E-08
 8.36581191E-10
 3.40755170E-08
 6.74619760E-08
 1.01000391E-07
 1.34696412E-07
 1.68556249E-07
 2.02587105E-07
 2.36796108E-07
 2.71190131E-07
 3.05778926E-07
 3.40570253E-07
 3.75577208E-07
 4.10808986E-07
 4.46277556E-07
 4.81997780E-07
 5.17983582E-07
 5.54249582E-07
 5.90814972E-07
 6.27698420E-07
 6.64922115E-07
 7.02509221E-07
 7.40486808E-07
 7.78882357E-07
 8.17728786E-07
 8.57064030E-07
 8.96926843E-07
 9.37361097E-07
 9.78422263E-07
 2.30479220E-07
 1.54883491E-07
 7.60335081E-08
 9.93987423E-03
 4.17475354E-02
 7.35551971E-02
 1.05362860E-01
 1.37170523E-01
 1.68978186E-01
 2.00785851E-01
 2.32593517E-01
 2.76209982E-01
 3.32397100E-01
 3.88584213E-01
 4.44771321E-01
 5.14861664E-01
 5.95428339E-01
 6.90945436E-01
 0.00000000E+00
 0.00000000E+00
 0.00000000E+00
 0.00000000E+00
 0.00000000E+00
 0.00000000E+00
 0.00000000E+00
 0.00000000E+00
 0.00000000E+00
 0.00000000E+00
 0.00000000E+00
 0.00000000E+00
 0.00000000E+00
 0.00000000E+00
 0.00000000E+00
 0.00000000E+00
 1.30364469E-15
 1.30364469E-15
 1.30364469E-15
 1.30364469E-15
 1.39055434E-15
 7.24247051E-16
 6.20783187E-16
 6.51822346E-16
 5.79397641E-16
 8.69096461E-16
 7.90087692E-16
 4.34548231E-16
 6.68535740E-16
 4.96626549E-16
 5.79397641E-16
 4.34548231E-16
 2.04493285E-16
 1.93132547E-16
 0.00000000E+00
 1.73819292E-16
 0.00000000E+00
 0.00000000E+00
 1.51147211E-16
 2.89698820E-16
 1.39055434E-16
 2.67414296E-16
 1.28755031E-16
 1.24156637E-16
 3.59626122E-16
 3.47638585E-16
 2.24282958E-16
 2.17274115E-16
 2.10690051E-16
 2.04493285E-16
 3.97301240E-16
 1.93132547E-16
 1.87912748E-16
 0.00000000E+00
 0.00000000E+00
 1.73819292E-16
 0.00000000E+00
 0.00000000E+00
 1.61692365E-16
 0.00000000E+00
 1.54506038E-16
 1.51147211E-16
 0.00000000E+00
 0.00000000E+00
 2.83786600E-16
 1.39055434E-16
 4.08986570E-16
 1.33707148E-16
 2.62368743E-16
 1.28755031E-16
 2.52828062E-16
 1.24156637E-16
 2.43956901E-16
 0.00000000E+00
 1.17843588E-16
 1.15879528E-16
 1.13979864E-16
 0.00000000E+00
 0.00000000E+00
 0.00000000E+00
 2.13931437E-16
 2.10690051E-16
 0.00000000E+00
 2.04493285E-16
 0.00000000E+00
 1.98650620E-16
 1.95852724E-16
 1.93132547E-16
 1.90486896E-16
 1.87912748E-16
 0.00000000E+00
 0.00000000E+00
 0.00000000E+00
 0.00000000E+00
 1.76019536E-16
 1.73819292E-16
 1.71673375E-16
 0.00000000E+00
 1.67536667E-16
 0.00000000E+00
 0.00000000E+00
 0.00000000E+00
 3.19667664E-16
 0.00000000E+00
 1.56242060E-16
 1.54506038E-16
 3.05616338E-16
 1.51147211E-16
 2.99043944E-16
 0.00000000E+00
 1.46374141E-16
 2.89698820E-16
 0.00000000E+00
 0.00000000E+00
 0.00000000E+00
 0.00000000E+00
 1.37678647E-16
 1.36328857E-16
 1.35005276E-16
 1.33707148E-16
 1.32433747E-16
 2.62368743E-16
 1.29958349E-16
 1.28755031E-16
 0.00000000E+00
 2.52828062E-16
 1.25275166E-16
 1.24156637E-16
 0.00000000E+00
 1.21978451E-16
 0.00000000E+00
 0.00000000E+00
 0.00000000E+00
 1.17843588E-16
 2.33706611E-16
 1.15879528E-16
 1.14921846E-16
 1.13979864E-16
 0.00000000E+00
 0.00000000E+00
 2.22488694E-16
 0.00000000E+00
 2.18984935E-16
 0.00000000E+00
 2.15589820E-16
 0.00000000E+00
 0.00000000E+00
 2.10690051E-16
 2.09105916E-16
 2.07545424E-16
 0.00000000E+00
 0.00000000E+00
 0.00000000E+00
 2.01529614E-16
 2.00079761E-16
 3.97301240E-16
 0.00000000E+00
 0.00000000E+00
 1.94483124E-16
 0.00000000E+00
 1.91800598E-16
 1.90486896E-16
 0.00000000E+00
 0.00000000E+00
 1.86651589E-16
 1.85407245E-16
 0.00000000E+00
 1.82967676E-16
 1.81771809E-16
 0.00000000E+00
 0.00000000E+00
 1.78276197E-16
 1.22062028E-03
 3.98522587E-03
 6.71505656E-03
 9.41076436E-03
 1.20729851E-02
 1.47023389E-02
 1.45289726E-02
 1.10714322E-02
 9.01106672E-03
 7.84597694E-03
 6.67952596E-03
 5.51413016E-03
 4.50770691E-03
 3.57094614E-03
 2.71159059E-03
 1.87967542E-03
 1.61306649E-03
 1.50474366E-03
 1.29536484E-03
 1.27181528E-03
 1.17977759E-03
 1.07145642E-03
 9.61819869E-04
 8.53416493E-04
 7.45042718E-04
 6.36670525E-04
 5.28298467E-04
 4.19926545E-04
 3.11554757E-04
 2.03183108E-04
 9.48115965E-05
 1.01093311E-08
 7.17639832E-06
 4.22087528E-08
 6.85413340E-08
 9.49970101E-08
 1.21549121E-07
 1.48240889E-07
 1.75068952E-07
 2.02004669E-07
 2.29008396E-07
 2.56152421E-07
 2.83437945E-07
 3.10868100E-07
 3.38442627E-07
 3.66160010E-07
 3.94025996E-07
 4.25534064E-07
 4.61153632E-07
 4.96921395E-07
 5.32840750E-07
 5.68911191E-07
 6.05133150E-07
 6.41507947E-07
 6.78038468E-07
 7.14723455E-07
 7.51564242E-07
 7.88563958E-07
 8.25722575E-07
 8.63040526E-07
 9.00520106E-07
 9.38161111E-07
 9.75965620E-07
 2.70627109E-07
 2.62863691E-07
 2.55059685E-07
 2.47212192E-07
 2.39320486E-07
 2.31387176E-07
 2.23409154E-07
 2.15387991E-07
 2.07322900E-07
 1.99211304E-07
 1.91057297E-07
 1.82857526E-07
 1.74612993E-07
 1.66321607E-07
 1.57984634E-07
 1.49599980E-07
 1.41168617E-07
 1.32691203E-07
 1.24164981E-07
 1.15590298E-07
 1.06968694E-07
 9.82974248E-08
 8.95768122E-08
 8.08083413E-08
 7.19880911E-08
 6.31178382E-08
 5.41969389E-08
 4.52250719E-08
 3.62003977E-08
 2.71249564E-08
 1.79968967E-08
 1.00482490E-09
 2.98828760E-08
 5.88140947E-08
 8.77999940E-08
 1.16840490E-07
 1.45935588E-07
 1.75086397E-07
 2.04292905E-07
 2.33556251E-07
 2.62878322E-07
 2.92256872E-07
 3.21692683E-07
 3.51188788E-07
 3.80742643E-07
 4.10356898E-07
 4.40032364E-07
 4.69766867E-07
 4.99564268E-07
 5.29422417E-07
 5.59343276E-07
 5.89327307E-07
 6.19375818E-07
 6.49486725E-07
 6.79664152E-07
 7.09906277E-07
 7.40215295E-07
 7.70590650E-07
 8.01033172E-07
 8.31544594E-07
 8.62125319E-07
 8.92773818E-07
 9.23493217E-07
 9.54284090E-07
 9.85146471E-07
 1.01608096E-06
 1.04708866E-06
 1.07817067E-06
 1.10932716E-06
 1.14055976E-06
 1.17186813E-06
 1.20325347E-06
 1.23471696E-06
 1.26625986E-06
 1.29788238E-06
 1.32958526E-06
 1.36137031E-06
 1.39323832E-06
 1.42518910E-06
 1.45722441E-06
 1.48934579E-06
 1.52155394E-06
 1.55384890E-06
 1.58623349E-06
 1.61870671E-06
 1.65127255E-06
 1.68392945E-06
 1.71667995E-06
 1.74952526E-06
 1.78246584E-06
 1.81550366E-06
 1.84864006E-06
 1.88187616E-06
 1.91521308E-06
 1.94865228E-06
 1.98219528E-06
 2.01584455E-06
 2.04960135E-06
 2.08346512E-06
 2.11743967E-06
 2.15152610E-06
 2.18572738E-06
 2.22004245E-06
 2.25447503E-06
 2.28902666E-06
 2.32369955E-06
 2.35849511E-06
 2.39341590E-06
 2.42846499E-06
 1.17841511E-06
 1.20137539E-06
 1.22436803E-06
 1.24739560E-06
 1.27045759E-06
 1.29355739E-06
 1.31669157E-06
 1.33986500E-06
 1.36307510E-06
 1.38632356E-06
 1.40961276E-06
 1.43294188E-06
 1.45631177E-06
 1.47972413E-06
 1.50318071E-06
 1.52667907E-06
 1.55022437E-06
 1.57381504E-06
 1.59745294E-06
 1.62113999E-06
 1.64487638E-06
 1.66866328E-06
 1.69250346E-06
 1.71639565E-06
 1.74034445E-06
 1.76435033E-06
 1.78841375E-06
 1.81253871E-06
 1.83672485E-06
 1.86097379E-06
 1.88529044E-06
 1.90967479E-06
 1.93412948E-06
 1.95865883E-06
 1.98326213E-06
 2.00794403E-06
 2.03270835E-06
 2.05755637E-06
 7.25208474E-07
 4.78446930E-07
 3.48266345E-07
 2.56528736E-07
 1.85861111E-07
 1.28941980E-07
 8.18714079E-08
 4.22879520E-08
 8.63497343E-09
 2.91106222E-08
 8.96108838E-08
 1.14516893E-06
 1.11881917E-06
 1.09312842E-06
 1.06802151E-06
 1.04343502E-06
 1.01932027E-06
 9.95629513E-07
 9.72328558E-07
 9.49382683E-07
 9.26766267E-07
 9.04454768E-07
 8.82426252E-07
 8.60662716E-07
 8.39147114E-07
 8.17864816E-07
 7.96802138E-07
 7.75947659E-07
 7.55292234E-07
 7.34824359E-07
 7.14535887E-07
 6.94419106E-07
 6.74468157E-07
 6.54674093E-07
 6.35032612E-07
 6.15537966E-07
 5.96186929E-07
 5.76971830E-07
 5.57891799E-07
 5.38939081E-07
 5.20115538E-07
 5.01414806E-07
 4.82835470E-07
 4.64373787E-07
 4.46028810E-07
 4.27797725E-07
 4.09679362E-07
 3.91671730E-07
 3.73775522E-07
 3.55986552E-07
 3.38306289E-07
 3.20733174E-07
 3.03266432E-07
 2.85905691E-07
 2.68651991E-07
 2.51503156E-07
 2.34463052E-07
 2.17527713E-07
 2.00700847E-07
 1.83981607E-07
 1.67372435E-07
 1.50873614E-07
 1.34486976E-07
 1.18212209E-07
 1.02054368E-07
 8.60130522E-08
 7.00905421E-08
 5.42899755E-08
 3.86144318E-08
 2.30679360E-08
 7.65185543E-09
 7.63058221E-09
 7.52547169E-09
 4.10025519E-08
 7.46279958E-08
 1.08406202E-07
 1.42344293E-07
 1.76448692E-07
 2.10723038E-07
 2.45177036E-07
 2.79818873E-07
 3.14656157E-07
 3.49699447E-07
 3.84958497E-07
 4.20443491E-07
 4.56167360E-07
 4.92144968E-07
 5.28389691E-07
 5.64919121E-07
 6.01748604E-07
 6.38898118E-07
 6.76391525E-07
 7.14251034E-07
 7.52503341E-07
 7.91177416E-07
 8.30307064E-07
 8.69926986E-07
 9.10078620E-07
 9.50808704E-07
 9.92167634E-07
 2.25434863E-07
 1.49315668E-07
 6.99161739E-08
 9.93321845E-03
 4.17195603E-02
 7.35059027E-02
 1.05292246E-01
 1.37078590E-01
 1.68864934E-01
 2.00651280E-01
 2.32437626E-01
 2.77991673E-01
 3.38201656E-01
 3.98411632E-01
 4.58621602E-01
 5.35041257E-01
 6.23674941E-01
 7.29739137E-01
 0.00000000E+00
 0.00000000E+00
 0.00000000E+00
 0.00000000E+00
 0.00000000E+00
 0.00000000E+00
 0.00000000E+00
 0.00000000E+00
 0.00000000E+00
 0.00000000E+00
 0.00000000E+00
 0.00000000E+00
 0.00000000E+00
 0.00000000E+00
 0.00000000E+00
 0.00000000E+00
 1.30364469E-15
 1.30364469E-15
 1.44849410E-15
 1.30364469E-15
 1.39055434E-15
 5.79397641E-16
 7.44939824E-16
 6.51822346E-16
 9.65662735E-16
 8.69096461E-16
 6.32070154E-16
 4.34548231E-16
 4.01121444E-16
 1.24156637E-16
 4.63518113E-16
 4.34548231E-16
 2.04493285E-16
 1.93132547E-16
 1.82967676E-16
 1.73819292E-16
 0.00000000E+00
 3.16035077E-16
 1.51147211E-16
 4.34548231E-16
 2.78110868E-16
 1.33707148E-16
 2.57510063E-16
 2.48313275E-16
 4.79501496E-16
 3.47638585E-16
 3.36424437E-16
 2.17274115E-16
 2.10690051E-16
 2.04493285E-16
 1.98650620E-16
 1.93132547E-16
 0.00000000E+00
 1.82967676E-16
 1.78276197E-16
 1.73819292E-16
 1.69579797E-16
 0.00000000E+00
 3.23384730E-16
 3.16035077E-16
 1.54506038E-16
 1.51147211E-16
 1.47931313E-16
 1.44849410E-16
 0.00000000E+00
 1.39055434E-16
 0.00000000E+00
 1.33707148E-16
 0.00000000E+00
 1.28755031E-16
 1.26414031E-16
 1.24156637E-16
 0.00000000E+00
 1.19875374E-16
 0.00000000E+00
 0.00000000E+00
 0.00000000E+00
 1.12141479E-16
 0.00000000E+00
 2.17274115E-16
 0.00000000E+00
 0.00000000E+00
 2.07545424E-16
 2.04493285E-16
 2.01529614E-16
 0.00000000E+00
 1.95852724E-16
 0.00000000E+00
 1.90486896E-16
 0.00000000E+00
 1.85407245E-16
 1.82967676E-16
 0.00000000E+00
 1.78276197E-16
 0.00000000E+00
 1.73819292E-16
 0.00000000E+00
 1.69579797E-16
 0.00000000E+00
 0.00000000E+00
 0.00000000E+00
 1.61692365E-16
 0.00000000E+00
 1.58017538E-16
 0.00000000E+00
 1.54506038E-16
 1.52808169E-16
 1.51147211E-16
 1.49521972E-16
 1.47931313E-16
 1.46374141E-16
 1.44849410E-16
 0.00000000E+00
 0.00000000E+00
 0.00000000E+00
 1.39055434E-16
 0.00000000E+00
 0.00000000E+00
 0.00000000E+00
 0.00000000E+00
 0.00000000E+00
 0.00000000E+00
 1.29958349E-16
 0.00000000E+00
 1.27573793E-16
 1.26414031E-16
 1.25275166E-16
 1.24156637E-16
 1.23057906E-16
 0.00000000E+00
 1.20917769E-16
 1.19875374E-16
 0.00000000E+00
 0.00000000E+00
 0.00000000E+00
 0.00000000E+00
 1.14921846E-16
 0.00000000E+00
 1.13053198E-16
 1.12141479E-16
 1.11244347E-16
 0.00000000E+00
 4.37969870E-16
 2.17274115E-16
 2.15589820E-16
 0.00000000E+00
 2.12298372E-16
 4.21380103E-16
 2.09105916E-16
 0.00000000E+00
 0.00000000E+00
 2.04493285E-16
 0.00000000E+00
 0.00000000E+00
 0.00000000E+00
 3.97301240E-16
 0.00000000E+00
 0.00000000E+00
 1.94483124E-16
 0.00000000E+00
 0.00000000E+00
 1.90486896E-16
 0.00000000E+00
 1.87912748E-16
 1.86651589E-16
 0.00000000E+00
 1.84179383E-16
 0.00000000E+00
 0.00000000E+00
 1.80591473E-16
 0.00000000E+00
 1.78276197E-16
 1.07342316E-03
 3.50463927E-03
 5.90527404E-03
 8.27590088E-03
 1.06170789E-02
 1.29293536E-02
 1.30980421E-02
 9.31818457E-03
 7.13382407E-03
 5.97195034E-03
 4.80874007E-03
 3.64655843E-03
 2.66593795E-03
 1.76487833E-03
 9.52222484E-04
 1.70905959E-04
 7.99828372E-08
 1.91679666E-07
 1.15111938E-04
 1.81815617E-05
 5.28985134E-07
 6.42208710E-07
 5.59651471E-07
 5.29036988E-07
 4.64639407E-07
 3.98459051E-07
 3.32148454E-07
 2.65707933E-07
 1.99137851E-07
 1.32435489E-07
 6.56012011E-08
 3.79190875E-09
 8.19234372E-06
 4.79625402E-08
 7.40079155E-08
 1.00179290E-07
 1.26440960E-07
 1.52841898E-07
 1.79380540E-07
 2.06026928E-07
 2.32727301E-07
 2.59569270E-07
 2.86555667E-07
 3.13686528E-07
 3.40963082E-07
 3.68383810E-07
 3.95952860E-07
 4.27662509E-07
 4.64047744E-07
 5.00582879E-07
 5.37267781E-07
 5.74106932E-07
 6.11098997E-07
 6.48244903E-07
 6.85545351E-07
 7.23003069E-07
 7.60619593E-07
 7.98393523E-07
 8.36326442E-07
 8.74421519E-07
 9.12678564E-07
 9.51098069E-07
 9.89682794E-07
 2.62321301E-07
 2.54627011E-07
 2.46888985E-07
 2.39109609E-07
 2.31285749E-07
 2.23419763E-07
 2.15508289E-07
 2.07552623E-07
 1.99553539E-07
 1.91508959E-07
 1.83420153E-07
 1.75286309E-07
 1.67104345E-07
 1.58877078E-07
 1.50604645E-07
 1.42283963E-07
 1.33916289E-07
 1.25501987E-07
 1.17038293E-07
 1.08526160E-07
 9.99659088E-08
 9.13560125E-08
 8.26973836E-08
 7.39878789E-08
 6.52283894E-08
 5.64186002E-08
 4.75578646E-08
 3.86455309E-08
 2.96797587E-08
 2.06629148E-08
 1.15939764E-08
 7.46663988E-09
 3.65165878E-08
 6.56215339E-08
 9.47806761E-08
 1.23994739E-07
 1.53264095E-07
 1.82590615E-07
 2.11972399E-07
 2.41411726E-07
 2.70908602E-07
 3.00464182E-07
 3.30077365E-07
 3.59749340E-07
 3.89481639E-07
 4.19273975E-07
 4.49126774E-07
 4.79040890E-07
 5.09016758E-07
 5.39055667E-07
 5.69157228E-07
 5.99322096E-07
 6.29551829E-07
 6.59845408E-07
 6.90204629E-07
 7.20629568E-07
 7.51122236E-07
 7.81682081E-07
 8.12309042E-07
 8.43004125E-07
 8.73769981E-07
 9.04605064E-07
 9.35510893E-07
 9.66488069E-07
 9.97538223E-07
 1.02866038E-06
 1.05985721E-06
 1.09112779E-06
 1.12247277E-06
 1.15389586E-06
 1.18539518E-06
 1.21697246E-06
 1.24862738E-06
 1.28036318E-06
 1.31217863E-06
 1.34407546E-06
 1.37605499E-06
 1.40811701E-06
 1.44026384E-06
 1.47249476E-06
 1.50481229E-06
 1.53721825E-06
 1.56971102E-06
 1.60229455E-06
 1.63496785E-06
 1.66773281E-06
 1.70059001E-06
 1.73354258E-06
 1.76658941E-06
 1.79973269E-06
 1.83297506E-06
 1.86631510E-06
 1.89975610E-06
 1.93329858E-06
 1.96694401E-06
 2.00069456E-06
 2.03455270E-06
 2.06851751E-06
 2.10259065E-06
 2.13677529E-06
 2.17107323E-06
 2.20548584E-06
 2.24001459E-06
 2.27466097E-06
 2.30942762E-06
 2.34431545E-06
 2.37932859E-06
 2.41446598E-06
 1.16844455E-06
 1.19150375E-06
 1.21459760E-06
 1.23772351E-06
 1.26088543E-06
 1.28408327E-06
 1.30731613E-06
 1.33058712E-06
 1.35389372E-06
 1.37723917E-06
 1.40062508E-06
 1.42404981E-06
 1.44751583E-06
 1.47102316E-06
 1.49457266E-06
 1.51816609E-06
 1.54180352E-06
 1.56548678E-06
 1.58921683E-06
 1.61299302E-06
 1.63681891E-06
 1.66069562E-06
 1.68462258E-06
 1.70860261E-06
 1.73263783E-06
 1.75672860E-06
 1.78087535E-06
 1.80508117E-06
 1.82934834E-06
 1.85367824E-06
 1.87807160E-06
 1.90253260E-06
 1.92706107E-06
 1.95166239E-06
 1.97633641E-06
 2.00108789E-06
 2.02591696E-06
 2.05082828E-06
 2.07582590E-06
 7.91784736E-07
 5.03910390E-07
 3.66160783E-07
 2.70641516E-07
 1.97580181E-07
 1.38962919E-07
 9.06051030E-08
 5.00030355E-08
 1.55190646E-08
 2.29567180E-08
 8.41992613E-08
 1.15668311E-06
 1.13013271E-06
 1.10425794E-06
 1.07897785E-06
 1.05423087E-06
 1.02996276E-06
 1.00612703E-06
 9.82686998E-07
 9.59609775E-07
 9.36866962E-07
 9.14432278E-07
 8.92285820E-07
 8.70407334E-07
 8.48781390E-07
 8.27391695E-07
 8.06225238E-07
 7.85270630E-07
 7.64515550E-07
 7.43951932E-07
 7.23570628E-07
 7.03361612E-07
 6.83320144E-07
 6.63439004E-07
 6.43711660E-07
 6.24133296E-07
 6.04697586E-07
 5.85402371E-07
 5.66241982E-07
 5.47212182E-07
 5.28312241E-07
 5.09535328E-07
 4.90881311E-07
 4.72346942E-07
 4.53929586E-07
 4.35628993E-07
 4.17440447E-07
 3.99364633E-07
 3.81400900E-07
 3.63546681E-07
 3.45800042E-07
 3.28162448E-07
 3.10631523E-07
 2.93209323E-07
 2.75894656E-07
 2.58686590E-07
 2.41585037E-07
 2.24592621E-07
 2.07707709E-07
 1.90933826E-07
 1.74268650E-07
 1.57714980E-07
 1.41273622E-07
 1.24946956E-07
 1.08736770E-07
 9.26451307E-08
 7.66726251E-08
 6.08244558E-08
 4.51018446E-08
 2.95070777E-08
 1.40459130E-08
 1.27953072E-09
 1.40086255E-08
 4.77252511E-08
 8.15913293E-08
 1.15611849E-07
 1.49793331E-07
 1.84141882E-07
 2.18661612E-07
 2.53363454E-07
 2.88254364E-07
 3.23341949E-07
 3.58636987E-07
 3.94148933E-07
 4.29890727E-07
 4.65872833E-07
 5.02109078E-07
 5.38616427E-07
 5.75407054E-07
 6.12503825E-07
 6.49922735E-07
 6.87686580E-07
 7.25820710E-07
 7.64349255E-07
 8.03303855E-07
 8.42715911E-07
 8.82624399E-07
 9.23068684E-07
 9.64093981E-07
 1.00575441E-06
 2.20606942E-07
 1.43958709E-07
 6.40092906E-08
 9.70862266E-03
 4.07762378E-02
 7.18438537E-02
 1.02911470E-01
 1.33979088E-01
 1.65046706E-01
 1.96114326E-01
 2.27181946E-01
 2.73973546E-01
 3.37503570E-01
 4.01033588E-01
 4.64563597E-01
 5.46606643E-01
 6.42599103E-01
 7.58498841E-01
 0.00000000E+00
 0.00000000E+00
 0.00000000E+00
 0.00000000E+00
 0.00000000E+00
 0.00000000E+00
 0.00000000E+00
 0.00000000E+00
 0.00000000E+00
 0.00000000E+00
 0.00000000E+00
 0.00000000E+00
 0.00000000E+00
 0.00000000E+00
 0.00000000E+00
 0.00000000E+00
 1.30364469E-15
 1.30364469E-15
 1.59334351E-15
 1.30364469E-15
 1.39055434E-15
 7.24247051E-16
 7.44939824E-16
 6.51822346E-16
 9.65662735E-16
 8.69096461E-16
 6.32070154E-16
 4.34548231E-16
 4.01121444E-16
 3.72469912E-16
 4.63518113E-16
 4.34548231E-16
 2.04493285E-16
 1.93132547E-16
 1.82967676E-16
 0.00000000E+00
 1.65542183E-16
 1.58017538E-16
 1.51147211E-16
 2.89698820E-16
 2.78110868E-16
 2.67414296E-16
 2.57510063E-16
 3.72469912E-16
 3.59626122E-16
 2.31759056E-16
 3.36424437E-16
 2.17274115E-16
 2.10690051E-16
 2.04493285E-16
 1.98650620E-16
 1.93132547E-16
 1.87912748E-16
 1.82967676E-16
 0.00000000E+00
 0.00000000E+00
 0.00000000E+00
 1.65542183E-16
 1.61692365E-16
 1.58017538E-16
 3.09012075E-16
 1.51147211E-16
 1.47931313E-16
 2.89698820E-16
 1.41893300E-16
 2.78110868E-16
 0.00000000E+00
 1.33707148E-16
 1.31184372E-16
 1.28755031E-16
 1.26414031E-16
 1.24156637E-16
 1.21978451E-16
 0.00000000E+00
 1.17843588E-16
 0.00000000E+00
 0.00000000E+00
 0.00000000E+00
 0.00000000E+00
 0.00000000E+00
 0.00000000E+00
 2.10690051E-16
 0.00000000E+00
 2.04493285E-16
 2.01529614E-16
 1.98650620E-16
 0.00000000E+00
 1.93132547E-16
 1.90486896E-16
 1.87912748E-16
 1.85407245E-16
 1.82967676E-16
 0.00000000E+00
 0.00000000E+00
 1.76019536E-16
 0.00000000E+00
 0.00000000E+00
 0.00000000E+00
 1.67536667E-16
 1.65542183E-16
 1.63594628E-16
 1.61692365E-16
 0.00000000E+00
 1.58017538E-16
 1.56242060E-16
 1.54506038E-16
 0.00000000E+00
 1.51147211E-16
 1.49521972E-16
 1.47931313E-16
 0.00000000E+00
 1.44849410E-16
 0.00000000E+00
 0.00000000E+00
 0.00000000E+00
 1.39055434E-16
 0.00000000E+00
 0.00000000E+00
 1.35005276E-16
 1.33707148E-16
 0.00000000E+00
 1.31184372E-16
 2.59916699E-16
 0.00000000E+00
 1.27573793E-16
 1.26414031E-16
 2.50550331E-16
 1.24156637E-16
 2.46115812E-16
 1.21978451E-16
 1.20917769E-16
 0.00000000E+00
 0.00000000E+00
 1.17843588E-16
 1.16853306E-16
 0.00000000E+00
 0.00000000E+00
 0.00000000E+00
 1.13053198E-16
 0.00000000E+00
 0.00000000E+00
 0.00000000E+00
 0.00000000E+00
 2.17274115E-16
 0.00000000E+00
 2.13931437E-16
 2.12298372E-16
 0.00000000E+00
 0.00000000E+00
 2.07545424E-16
 0.00000000E+00
 0.00000000E+00
 4.06001267E-16
 2.01529614E-16
 0.00000000E+00
 0.00000000E+00
 1.97241750E-16
 0.00000000E+00
 1.94483124E-16
 0.00000000E+00
 1.91800598E-16
 0.00000000E+00
 1.89191066E-16
 0.00000000E+00
 1.86651589E-16
 0.00000000E+00
 0.00000000E+00
 1.82967676E-16
 0.00000000E+00
 0.00000000E+00
 0.00000000E+00
 1.78276197E-16
 9.75340065E-04
 3.18440594E-03
 5.36568483E-03
 7.51969773E-03
 9.64695271E-03
 1.17479453E-02
 1.23672791E-02
 8.37268573E-03
 6.17278388E-03
 5.12240951E-03
 4.07072506E-03
 3.02004125E-03
 2.17347693E-03
 1.41635859E-03
 7.58627831E-04
 1.36130101E-04
 4.41343790E-08
 1.53787605E-07
 1.29491960E-04
 2.05342942E-05
 4.84888735E-07
 5.96026420E-07
 6.06273088E-07
 5.78176577E-07
 5.12112312E-07
 4.44060122E-07
 3.75876413E-07
 3.07561580E-07
 2.39115987E-07
 1.70538485E-07
 1.01827732E-07
 3.84123840E-08
 9.24785699E-06
 1.27766868E-08
 3.85368855E-08
 6.44197431E-08
 9.03899434E-08
 1.16499432E-07
 1.42749138E-07
 1.69100563E-07
 1.95498089E-07
 2.22038793E-07
 2.48723605E-07
 2.75552737E-07
 3.02529051E-07
 3.29653619E-07
 3.56923669E-07
 3.88833115E-07
 4.25982001E-07
 4.63280553E-07
 5.00731842E-07
 5.38334353E-07
 5.76093987E-07
 6.14007854E-07
 6.52077489E-07
 6.90305820E-07
 7.28691232E-07
 7.67237287E-07
 8.05943791E-07
 8.44812346E-07
 8.83844568E-07
 9.23040522E-07
 9.62401855E-07
 2.95030437E-07
 2.87406571E-07
 2.79740024E-07
 2.72028743E-07
 2.64275580E-07
 2.56478223E-07
 2.48636661E-07
 2.40750125E-07
 2.32819374E-07
 2.24843372E-07
 2.16822073E-07
 2.08754190E-07
 2.00640716E-07
 1.92480822E-07
 1.84272970E-07
 1.76020621E-07
 1.67717640E-07
 1.59368041E-07
 1.50969710E-07
 1.42523572E-07
 1.34027797E-07
 1.25481780E-07
 1.16886428E-07
 1.08239909E-07
 9.95443133E-08
 9.07959509E-08
 8.19966708E-08
 7.31463484E-08
 6.42422774E-08
 5.52864957E-08
 4.62776171E-08
 2.71602595E-08
 2.06392447E-09
 3.13422622E-08
 6.06754791E-08
 9.00643070E-08
 1.19509892E-07
 1.49012196E-07
 1.78570475E-07
 2.08186247E-07
 2.37860664E-07
 2.67593397E-07
 2.97385195E-07
 3.27236134E-07
 3.57147428E-07
 3.87118715E-07
 4.17151235E-07
 4.47245424E-07
 4.77402554E-07
 5.07622255E-07
 5.37905157E-07
 5.68252829E-07
 5.98663597E-07
 6.29141611E-07
 6.59684150E-07
 6.90293240E-07
 7.20970457E-07
 7.51713599E-07
 7.82526825E-07
 8.13409634E-07
 8.44360955E-07
 8.75382976E-07
 9.06476650E-07
 9.37643137E-07
 9.68880972E-07
 1.00019276E-06
 1.03157914E-06
 1.06303974E-06
 1.09457672E-06
 1.12619125E-06
 1.15788200E-06
 1.18965167E-06
 1.22150102E-06
 1.25342872E-06
 1.28543961E-06
 1.31753087E-06
 1.34970587E-06
 1.38196443E-06
 1.41430734E-06
 1.44673698E-06
 1.47925320E-06
 1.51185647E-06
 1.54454960E-06
 1.57733215E-06
 1.61020658E-06
 1.64317229E-06
 1.67623298E-06
 1.70938751E-06
 1.74263809E-06
 1.77598577E-06
 1.80943222E-06
 1.84297854E-06
 1.87662493E-06
 1.91037470E-06
 1.94422811E-06
 1.97818794E-06
 2.01225450E-06
 2.04642912E-06
 2.08071434E-06
 2.11511089E-06
 2.14962239E-06
 2.18424750E-06
 2.21899044E-06
 2.25385132E-06
 2.28883510E-06
 2.32394020E-06
 2.35917100E-06
 1.11720448E-06
 1.14036405E-06
 1.16355806E-06
 1.18678483E-06
 1.21004738E-06
 1.23334401E-06
 1.25667618E-06
 1.28004546E-06
 1.30345174E-06
 1.32689585E-06
 1.35037761E-06
 1.37390041E-06
 1.39746246E-06
 1.42106556E-06
 1.44471047E-06
 1.46839896E-06
 1.49213025E-06
 1.51590695E-06
 1.53972921E-06
 1.56359882E-06
 1.58751601E-06
 1.61148267E-06
 1.63549989E-06
 1.65956796E-06
 1.68369063E-06
 1.70786651E-06
 1.73210030E-06
 1.75639073E-06
 1.78073919E-06
 1.80515050E-06
 1.82962440E-06
 1.85416329E-06
 1.87876880E-06
 1.90344427E-06
 1.92819154E-06
 1.95301328E-06
 1.97791128E-06
 2.00288946E-06
 2.02794990E-06
 2.05309648E-06
 8.62462659E-07
 4.89849481E-07
 3.43618297E-07
 2.44052692E-07
 1.68473100E-07
 1.08087164E-07
 5.83968284E-08
 1.67454972E-08
 1.85925440E-08
 5.78167462E-08
 1.19810663E-07
 1.12717101E-06
 1.10042407E-06
 1.07436661E-06
 1.04891655E-06
 1.02401029E-06
 9.99590731E-07
 9.75612765E-07
 9.52036833E-07
 9.28828884E-07
 9.05960824E-07
 8.83408280E-07
 8.61145678E-07
 8.39156974E-07
 8.17424323E-07
 7.95930221E-07
 7.74663780E-07
 7.53610136E-07
 7.32759840E-07
 7.12103817E-07
 6.91630653E-07
 6.71334875E-07
 6.51207262E-07
 6.31241429E-07
 6.11432158E-07
 5.91772748E-07
 5.72257860E-07
 5.52884691E-07
 5.33648792E-07
 5.14544814E-07
 4.95570548E-07
 4.76722274E-07
 4.57998045E-07
 4.39394955E-07
 4.20909724E-07
 4.02541245E-07
 3.84287320E-07
 3.66147852E-07
 3.48119292E-07
 3.30201647E-07
 3.12394858E-07
 2.94696332E-07
 2.77106522E-07
 2.59625789E-07
 2.42253329E-07
 2.24989044E-07
 2.07831766E-07
 1.90784859E-07
 1.73847464E-07
 1.57018716E-07
 1.40302469E-07
 1.23698448E-07
 1.07207229E-07
 9.08318651E-08
 7.45746649E-08
 5.84355014E-08
 4.24185951E-08
 2.65238655E-08
 1.07572719E-08
 4.87922637E-09
 2.03821094E-08
 3.57473906E-08
 2.03209014E-08
 1.36445275E-08
 4.77605107E-08
 8.20317050E-08
 1.16464354E-07
 1.51065206E-07
 1.85841108E-07
 2.20798718E-07
 2.55946703E-07
 2.91293909E-07
 3.26850279E-07
 3.62623347E-07
 3.98629488E-07
 4.34877936E-07
 4.71382384E-07
 5.08158485E-07
 5.45223367E-07
 5.82594140E-07
 6.20289873E-07
 6.58333940E-07
 6.96749842E-07
 7.35565655E-07
 7.74808338E-07
 8.14513222E-07
 8.54717856E-07
 8.95462961E-07
 9.36793556E-07
 9.78763884E-07
 1.02143382E-06
 1.79219241E-07
 9.87087250E-08
 8.43487335E-03
 3.54266008E-02
 6.24183295E-02
 8.94100595E-02
 1.16401791E-01
 1.43393524E-01
 1.70385259E-01
 1.97376996E-01
 2.42046373E-01
 3.05533878E-01
 3.69021376E-01
 4.32508867E-01
 5.16809615E-01
 6.16792910E-01
 7.39156908E-01
 0.00000000E+00
 0.00000000E+00
 0.00000000E+00
 0.00000000E+00
 0.00000000E+00
 0.00000000E+00
 0.00000000E+00
 0.00000000E+00
 0.00000000E+00
 0.00000000E+00
 0.00000000E+00
 0.00000000E+00
 0.00000000E+00
 0.00000000E+00
 0.00000000E+00
 0.00000000E+00
 1.30364469E-15
 1.30364469E-15
 1.59334351E-15
 1.30364469E-15
 1.39055434E-15
 7.24247051E-16
 7.44939824E-16
 8.69096461E-16
 7.72530188E-16
 8.69096461E-16
 6.32070154E-16
 5.79397641E-16
 4.01121444E-16
 2.48313275E-16
 3.47638585E-16
 4.34548231E-16
 2.04493285E-16
 1.93132547E-16
 0.00000000E+00
 0.00000000E+00
 0.00000000E+00
 1.58017538E-16
 1.51147211E-16
 2.89698820E-16
 2.78110868E-16
 2.67414296E-16
 1.28755031E-16
 2.48313275E-16
 3.59626122E-16
 2.31759056E-16
 2.24282958E-16
 2.17274115E-16
 2.10690051E-16
 2.04493285E-16
 1.98650620E-16
 1.93132547E-16
 3.75825497E-16
 0.00000000E+00
 0.00000000E+00
 0.00000000E+00
 0.00000000E+00
 0.00000000E+00
 1.61692365E-16
 1.58017538E-16
 1.54506038E-16
 1.51147211E-16
 1.47931313E-16
 2.89698820E-16
 1.41893300E-16
 2.78110868E-16
 1.36328857E-16
 1.33707148E-16
 1.31184372E-16
 0.00000000E+00
 1.26414031E-16
 1.24156637E-16
 1.21978451E-16
 1.19875374E-16
 1.17843588E-16
 1.15879528E-16
 0.00000000E+00
 1.12141479E-16
 0.00000000E+00
 0.00000000E+00
 0.00000000E+00
 2.10690051E-16
 2.07545424E-16
 0.00000000E+00
 2.01529614E-16
 1.98650620E-16
 0.00000000E+00
 1.93132547E-16
 1.90486896E-16
 0.00000000E+00
 1.85407245E-16
 0.00000000E+00
 0.00000000E+00
 0.00000000E+00
 0.00000000E+00
 0.00000000E+00
 0.00000000E+00
 0.00000000E+00
 0.00000000E+00
 0.00000000E+00
 0.00000000E+00
 1.61692365E-16
 1.59833832E-16
 1.58017538E-16
 0.00000000E+00
 0.00000000E+00
 1.52808169E-16
 1.51147211E-16
 0.00000000E+00
 1.47931313E-16
 1.46374141E-16
 0.00000000E+00
 0.00000000E+00
 1.41893300E-16
 0.00000000E+00
 1.39055434E-16
 0.00000000E+00
 1.36328857E-16
 0.00000000E+00
 1.33707148E-16
 0.00000000E+00
 0.00000000E+00
 1.29958349E-16
 0.00000000E+00
 1.27573793E-16
 0.00000000E+00
 1.25275166E-16
 0.00000000E+00
 1.23057906E-16
 1.21978451E-16
 1.20917769E-16
 1.19875374E-16
 0.00000000E+00
 1.17843588E-16
 0.00000000E+00
 1.15879528E-16
 2.29843692E-16
 0.00000000E+00
 1.13053198E-16
 1.12141479E-16
 0.00000000E+00
 2.20722911E-16
 2.18984935E-16
 0.00000000E+00
 4.31179640E-16
 0.00000000E+00
 2.12298372E-16
 0.00000000E+00
 2.09105916E-16
 2.07545424E-16
 2.06008050E-16
 0.00000000E+00
 0.00000000E+00
 2.01529614E-16
 2.00079761E-16
 1.98650620E-16
 1.97241750E-16
 1.95852724E-16
 1.94483124E-16
 0.00000000E+00
 0.00000000E+00
 3.80973791E-16
 0.00000000E+00
 0.00000000E+00
 1.86651589E-16
 0.00000000E+00
 1.84179383E-16
 3.65935352E-16
 1.81771809E-16
 1.80591473E-16
 0.00000000E+00
 1.78276197E-16
 8.77256970E-04
 2.86417262E-03
 4.82609562E-03
 6.76349459E-03
 8.67682648E-03
 1.05665370E-02
 1.16358502E-02
 7.42846141E-03
 5.21303903E-03
 4.27401492E-03
 3.33370754E-03
 2.39437243E-03
 1.68168501E-03
 1.06831543E-03
 5.65302561E-04
 1.01411222E-04
 1.88044795E-08
 1.26419364E-07
 1.43842266E-04
 2.28733966E-05
 4.51340232E-07
 5.60397421E-07
 6.42274275E-07
 6.16689296E-07
 5.48962434E-07
 4.79036145E-07
 4.08981955E-07
 3.38793831E-07
 2.68475315E-07
 1.98022094E-07
 1.27435871E-07
 6.24136432E-08
 1.02913871E-05
 1.17894455E-08
 1.36859843E-08
 3.92838023E-08
 6.49631160E-08
 9.07843779E-08
 1.16745765E-07
 1.42804095E-07
 1.68900943E-07
 1.95140647E-07
 2.21525924E-07
 2.48056845E-07
 2.74736117E-07
 3.01562401E-07
 3.28536814E-07
 3.60647489E-07
 3.98559110E-07
 4.36621957E-07
 4.74838753E-07
 5.13208161E-07
 5.51734691E-07
 5.90415476E-07
 6.29256436E-07
 6.68254358E-07
 7.07411414E-07
 7.46729958E-07
 7.86210618E-07
 8.25853448E-07
 8.65659868E-07
 9.05633311E-07
 9.45773420E-07
 3.17102464E-07
 3.09548766E-07
 3.01950558E-07
 2.94310220E-07
 2.86625922E-07
 2.78898463E-07
 2.71124716E-07
 2.63307009E-07
 2.55443782E-07
 2.47535525E-07
 2.39580684E-07
 2.31579985E-07
 2.23532866E-07
 2.15439318E-07
 2.07298214E-07
 1.99109830E-07
 1.90873020E-07
 1.82587481E-07
 1.74254143E-07
 1.65871484E-07
 1.57439512E-07
 1.48956997E-07
 1.40424849E-07
 1.31840922E-07
 1.23208497E-07
 1.14521800E-07
 1.05784745E-07
 9.69948225E-08
 8.81508484E-08
 7.92556846E-08
 7.03059466E-08
 5.11315643E-08
 2.17341630E-08
 7.71923370E-09
 3.72274719E-08
 6.67920043E-08
 9.64132119E-08
 1.26091109E-07
 1.55827196E-07
 1.85619987E-07
 2.15472150E-07
 2.45382199E-07
 2.75351708E-07
 3.05382224E-07
 3.35473052E-07
 3.65624626E-07
 3.95837093E-07
 4.26113111E-07
 4.56450932E-07
 4.86851859E-07
 5.17317042E-07
 5.47846296E-07
 5.78441619E-07
 6.09101346E-07
 6.39828576E-07
 6.70622129E-07
 7.01484215E-07
 7.32413089E-07
 7.63412461E-07
 7.94481239E-07
 8.25620007E-07
 8.56829330E-07
 8.88111775E-07
 9.19465877E-07
 9.50892806E-07
 9.82394635E-07
 1.01397049E-06
 1.04562303E-06
 1.07735193E-06
 1.10915683E-06
 1.14103994E-06
 1.17300298E-06
 1.20504568E-06
 1.23716878E-06
 1.26937354E-06
 1.30166079E-06
 1.33403123E-06
 1.36648782E-06
 1.39902777E-06
 1.43165456E-06
 1.46436905E-06
 1.49717212E-06
 1.53006523E-06
 1.56304890E-06
 1.59612293E-06
 1.62929249E-06
 1.66255457E-06
 1.69591226E-06
 1.72936664E-06
 1.76291876E-06
 1.79657089E-06
 1.83032354E-06
 1.86417816E-06
 1.89813528E-06
 1.93219767E-06
 1.96636687E-06
 2.00064197E-06
 2.03502801E-06
 2.06952543E-06
 2.10413465E-06
 2.13885799E-06
 2.17369823E-06
 2.20865592E-06
 2.24373417E-06
 2.27893274E-06
 2.31425572E-06
 2.34970456E-06
 1.09963469E-06
 1.12292854E-06
 1.14625656E-06
 1.16961853E-06
 1.19301529E-06
 1.21644805E-06
 1.23991537E-06
 1.26342103E-06
 1.28696340E-06
 1.31054324E-06
 1.33416210E-06
 1.35782166E-06
 1.38152108E-06
 1.40526198E-06
 1.42904530E-06
 1.45287190E-06
 1.47674272E-06
 1.50065782E-06
 1.52461988E-06
 1.54862906E-06
 1.57268640E-06
 1.59679296E-06
 1.62095154E-06
 1.64516158E-06
 1.66942598E-06
 1.69374425E-06
 1.71811936E-06
 1.74255349E-06
 1.76704714E-06
 1.79160180E-06
 1.81622053E-06
 1.84090420E-06
 1.86565597E-06
 1.89047764E-06
 1.91537177E-06
 1.94034028E-06
 1.96538588E-06
 1.99051242E-06
 2.01572284E-06
 2.04101942E-06
 2.06640650E-06
 4.88169451E-07
 3.32340978E-07
 2.28426751E-07
 1.50195215E-07
 8.79659153E-08
 3.68954281E-08
 5.83982574E-09
 4.20548853E-08
 8.20468006E-08
 1.13602438E-06
 1.10826806E-06
 1.08132066E-06
 1.05507705E-06
 1.02945652E-06
 1.00438700E-06
 9.79815794E-07
 9.55693470E-07
 9.31980174E-07
 9.08643301E-07
 8.85649254E-07
 8.62975887E-07
 8.40598892E-07
 8.18498498E-07
 7.96656736E-07
 7.75059352E-07
 7.53690521E-07
 7.32538989E-07
 7.11594420E-07
 6.90844323E-07
 6.70280259E-07
 6.49895995E-07
 6.29681856E-07
 6.09631568E-07
 5.89738276E-07
 5.69997704E-07
 5.50405429E-07
 5.30953902E-07
 5.11640935E-07
 4.92462662E-07
 4.73414459E-07
 4.54494330E-07
 4.35699735E-07
 4.17026249E-07
 3.98473376E-07
 3.80037333E-07
 3.61717804E-07
 3.43513782E-07
 3.25422364E-07
 3.07441647E-07
 2.89572796E-07
 2.71814549E-07
 2.54165768E-07
 2.36626294E-07
 2.19195820E-07
 2.01874291E-07
 1.84662919E-07
 1.67560968E-07
 1.50569057E-07
 1.33689541E-07
 1.16921161E-07
 1.00265483E-07
 8.37261493E-08
 6.73011467E-08
 5.09958028E-08
 3.48101762E-08
 1.87467326E-08
 2.80878994E-09
 1.30011553E-08
 2.86804457E-08
 4.42256442E-08
 5.96316812E-08
 4.40638229E-08
 9.85163363E-09
 2.45143336E-08
 5.90350033E-08
 9.37204544E-08
 1.28573925E-07
 1.63603251E-07
 1.98816846E-07
 2.34223365E-07
 2.69827723E-07
 3.05643902E-07
 3.41681806E-07
 3.77951026E-07
 4.14464331E-07
 4.51237615E-07
 4.88284375E-07
 5.25620991E-07
 5.63265298E-07
 6.01239815E-07
 6.39563703E-07
 6.78261853E-07
 7.17363467E-07
 7.56895236E-07
 7.96893436E-07
 8.37394201E-07
 8.78439577E-07
 9.20076516E-07
 9.62357355E-07
 1.00534177E-06
 2.03953978E-07
 1.22880856E-07
 7.16283804E-03
 3.00841289E-02
 5.30054214E-02
 7.59267159E-02
 9.88480124E-02
 1.21769311E-01
 1.44690613E-01
 1.67611918E-01
 2.10161910E-01
 2.73606952E-01
 3.37051987E-01
 4.00497015E-01
 4.87052444E-01
 5.91021236E-01
 7.19840844E-01
 0.00000000E+00
 0.00000000E+00
 0.00000000E+00
 0.00000000E+00
 0.00000000E+00
 0.00000000E+00
 0.00000000E+00
 0.00000000E+00
 0.00000000E+00
 0.00000000E+00
 0.00000000E+00
 0.00000000E+00
 0.00000000E+00
 0.00000000E+00
 0.00000000E+00
 0.00000000E+00
 1.30364469E-15
 1.30364469E-15
 1.44849410E-15
 1.30364469E-15
 1.39055434E-15
 5.79397641E-16
 6.20783187E-16
 6.51822346E-16
 9.65662735E-16
 8.69096461E-16
 7.90087692E-16
 5.79397641E-16
 5.34828592E-16
 3.72469912E-16
 5.79397641E-16
 4.34548231E-16
 2.04493285E-16
 1.93132547E-16
 1.82967676E-16
 0.00000000E+00
 0.00000000E+00
 1.58017538E-16
 1.51147211E-16
 2.89698820E-16
 2.78110868E-16
 1.33707148E-16
 2.57510063E-16
 2.48313275E-16
 3.59626122E-16
 3.47638585E-16
 4.48565916E-16
 4.34548231E-16
 2.10690051E-16
 2.04493285E-16
 1.98650620E-16
 1.93132547E-16
 1.87912748E-16
 1.82967676E-16
 1.78276197E-16
 0.00000000E+00
 0.00000000E+00
 0.00000000E+00
 1.61692365E-16
 1.58017538E-16
 1.54506038E-16
 1.51147211E-16
 1.47931313E-16
 0.00000000E+00
 2.83786600E-16
 1.39055434E-16
 0.00000000E+00
 1.33707148E-16
 1.31184372E-16
 1.28755031E-16
 1.26414031E-16
 1.24156637E-16
 1.21978451E-16
 1.19875374E-16
 2.35687176E-16
 0.00000000E+00
 1.13979864E-16
 1.12141479E-16
 0.00000000E+00
 0.00000000E+00
 0.00000000E+00
 2.10690051E-16
 2.07545424E-16
 2.04493285E-16
 2.01529614E-16
 1.98650620E-16
 1.95852724E-16
 0.00000000E+00
 1.90486896E-16
 1.87912748E-16
 1.85407245E-16
 1.82967676E-16
 1.80591473E-16
 1.78276197E-16
 0.00000000E+00
 0.00000000E+00
 0.00000000E+00
 0.00000000E+00
 0.00000000E+00
 0.00000000E+00
 0.00000000E+00
 0.00000000E+00
 1.59833832E-16
 1.58017538E-16
 1.56242060E-16
 1.54506038E-16
 0.00000000E+00
 0.00000000E+00
 1.49521972E-16
 1.47931313E-16
 1.46374141E-16
 0.00000000E+00
 0.00000000E+00
 0.00000000E+00
 0.00000000E+00
 1.39055434E-16
 0.00000000E+00
 0.00000000E+00
 0.00000000E+00
 0.00000000E+00
 1.32433747E-16
 1.31184372E-16
 1.29958349E-16
 1.28755031E-16
 1.27573793E-16
 0.00000000E+00
 0.00000000E+00
 0.00000000E+00
 2.46115812E-16
 1.21978451E-16
 0.00000000E+00
 1.19875374E-16
 1.18850798E-16
 2.35687176E-16
 0.00000000E+00
 0.00000000E+00
 0.00000000E+00
 1.13979864E-16
 0.00000000E+00
 1.12141479E-16
 0.00000000E+00
 2.20722911E-16
 2.18984935E-16
 0.00000000E+00
 0.00000000E+00
 0.00000000E+00
 0.00000000E+00
 2.10690051E-16
 0.00000000E+00
 0.00000000E+00
 0.00000000E+00
 0.00000000E+00
 2.03000633E-16
 2.01529614E-16
 0.00000000E+00
 0.00000000E+00
 1.97241750E-16
 1.95852724E-16
 0.00000000E+00
 1.93132547E-16
 1.91800598E-16
 0.00000000E+00
 0.00000000E+00
 0.00000000E+00
 0.00000000E+00
 1.85407245E-16
 1.84179383E-16
 0.00000000E+00
 0.00000000E+00
 0.00000000E+00
 0.00000000E+00
 0.00000000E+00
 7.79173875E-04
 2.54393930E-03
 4.28650641E-03
 6.00729144E-03
 7.70670025E-03
 9.38512871E-03
 1.09058296E-02
 6.48675658E-03
 4.25458701E-03
 3.42676436E-03
 2.59894426E-03
 1.76955035E-03
 1.19056089E-03
 7.20747959E-04
 3.72246189E-04
 6.67492547E-05
 4.02036985E-09
 1.09605274E-07
 1.58162872E-04
 2.51988503E-05
 4.28360883E-07
 5.35345958E-07
 6.67627652E-07
 6.44551167E-07
 5.75159454E-07
 5.03363620E-07
 4.31438675E-07
 3.59380177E-07
 2.87188386E-07
 2.14862140E-07
 1.42400190E-07
 7.57733689E-08
 1.13229100E-05
 2.57092030E-08
 5.16702726E-10
 2.47976881E-08
 5.01892460E-08
 7.57210188E-08
 1.01395724E-07
 1.27165865E-07
 1.52962208E-07
 1.78902873E-07
 2.04990442E-07
 2.31224835E-07
 2.57607616E-07
 2.84138605E-07
 3.10820683E-07
 3.43132356E-07
 3.81807185E-07
 4.20636050E-07
 4.59617245E-07
 4.98754419E-07
 5.38048173E-07
 5.77497800E-07
 6.17107449E-07
 6.56877287E-07
 6.96805936E-07
 7.36897947E-07
 7.77151776E-07
 8.17569477E-07
 8.58153618E-07
 8.98903376E-07
 3.37389795E-07
 3.28510557E-07
 3.21025887E-07
 3.13497522E-07
 3.05926264E-07
 2.98309459E-07
 2.90650519E-07
 2.82944765E-07
 2.75194770E-07
 2.67399741E-07
 2.59556839E-07
 2.51669356E-07
 2.43735720E-07
 2.35754123E-07
 2.27726235E-07
 2.19651061E-07
 2.11526220E-07
 2.03355431E-07
 1.95134087E-07
 1.86864658E-07
 1.78544711E-07
 1.70175452E-07
 1.61756571E-07
 1.53285921E-07
 1.44764076E-07
 1.36192221E-07
 1.27567314E-07
 1.18891089E-07
 1.10161685E-07
 1.01378426E-07
 9.25424798E-08
 8.36516383E-08
 6.44201348E-08
 3.48476055E-08
 5.21956682E-09
 2.44643683E-08
 5.42045666E-08
 8.40021450E-08
 1.13856747E-07
 1.43769116E-07
 1.73740044E-07
 2.03769561E-07
 2.33859212E-07
 2.64006781E-07
 2.94216489E-07
 3.24485769E-07
 3.54818070E-07
 3.85211638E-07
 4.15667619E-07
 4.46187019E-07
 4.76770164E-07
 5.07417702E-07
 5.38130771E-07
 5.68908574E-07
 5.99753763E-07
 6.30664718E-07
 6.61643913E-07
 6.92690993E-07
 7.23806780E-07
 7.54991388E-07
 7.86246882E-07
 8.17573250E-07
 8.48971073E-07
 8.80441431E-07
 9.11984927E-07
 9.43601630E-07
 9.75293207E-07
 1.00706078E-06
 1.03890348E-06
 1.07082350E-06
 1.10282153E-06
 1.13489926E-06
 1.16705593E-06
 1.19929174E-06
 1.23160949E-06
 1.26400992E-06
 1.29649283E-06
 1.32905955E-06
 1.36171197E-06
 1.39445081E-06
 1.42727607E-06
 1.46018959E-06
 1.49319281E-06
 1.52628625E-06
 1.55947125E-06
 1.59274832E-06
 1.62611906E-06
 1.65958446E-06
 1.69314670E-06
 1.72680471E-06
 1.76056324E-06
 1.79442089E-06
 1.82837941E-06
 1.86244150E-06
 1.89660677E-06
 1.93087833E-06
 1.96525679E-06
 1.99974498E-06
 2.03434145E-06
 2.06905095E-06
 2.10387208E-06
 2.13881034E-06
 2.17386536E-06
 2.20903865E-06
 2.24433239E-06
 2.27974976E-06
 2.31529149E-06
 1.06934239E-06
 1.09273714E-06
 1.11616588E-06
 1.13962764E-06
 1.16312453E-06
 1.18665667E-06
 1.21022384E-06
 1.23382837E-06
 1.25746851E-06
 1.28114747E-06
 1.30486444E-06
 1.32862102E-06
 1.35241706E-06
 1.37625437E-06
 1.40013290E-06
 1.42405355E-06
 1.44801967E-06
 1.47202890E-06
 1.49608384E-06
 1.52018463E-06
 1.54433396E-06
 1.56853207E-06
 1.59278082E-06
 1.61707967E-06
 1.64143149E-06
 1.66583739E-06
 1.69029872E-06
 1.71481665E-06
 1.73939338E-06
 1.76403039E-06
 1.78873071E-06
 1.81349330E-06
 1.83832324E-06
 1.86322113E-06
 1.88818788E-06
 1.91322963E-06
 1.93834555E-06
 1.96353949E-06
 1.98881504E-06
 2.01417447E-06
 2.03962091E-06
 2.06515849E-06
 4.99232857E-07
 3.32416184E-07
 2.23814596E-07
 1.42786263E-07
 7.86316383E-08
 2.61315217E-08
 1.77208326E-08
 5.48402106E-08
 9.56174561E-08
 1.12798004E-06
 1.10000133E-06
 1.07285093E-06
 1.04642079E-06
 1.02062369E-06
 9.95392015E-07
 9.70666877E-07
 9.46399348E-07
 9.22548248E-07
 8.99077598E-07
 8.75958280E-07
 8.53164308E-07
 8.30670391E-07
 8.08457317E-07
 7.86507949E-07
 7.64805191E-07
 7.43334383E-07
 7.22084569E-07
 7.01043183E-07
 6.80199316E-07
 6.59544883E-07
 6.39070681E-07
 6.18769343E-07
 5.98633988E-07
 5.78658781E-07
 5.58837104E-07
 5.39164151E-07
 5.19635009E-07
 5.00245671E-07
 4.80992058E-07
 4.61872061E-07
 4.42879705E-07
 4.24013241E-07
 4.05270577E-07
 3.86648871E-07
 3.68146000E-07
 3.49760545E-07
 3.31491787E-07
 3.13335876E-07
 2.95293297E-07
 2.77361917E-07
 2.59543864E-07
 2.41835472E-07
 2.24237762E-07
 2.06749625E-07
 1.89372222E-07
 1.72104836E-07
 1.54947490E-07
 1.37903068E-07
 1.20969376E-07
 1.04150287E-07
 8.74442995E-08
 7.08540425E-08
 5.43824389E-08
 3.80282891E-08
 2.17962581E-08
 5.68776873E-09
 1.02949557E-08
 2.61489144E-08
 4.18707382E-08
 5.74567521E-08
 7.29030437E-08
 5.71968827E-08
 2.27354542E-08
 1.18784737E-08
 4.66498653E-08
 8.15853415E-08
 1.16692515E-07
 1.51976792E-07
 1.87446055E-07
 2.23108392E-07
 2.58972763E-07
 2.95050357E-07
 3.31348242E-07
 3.67882188E-07
 4.04662061E-07
 4.41701970E-07
 4.79017887E-07
 5.16627622E-07
 5.54547812E-07
 5.92797286E-07
 6.31401344E-07
 6.70383279E-07
 7.09771062E-07
 7.49591723E-07
 7.89883478E-07
 8.30680570E-07
 8.72027574E-07
 9.13970116E-07
 9.56560846E-07
 9.99861100E-07
 2.18138028E-07
 1.36498306E-07
 5.89251336E-03
 2.47488078E-02
 4.36051046E-02
 6.24614038E-02
 8.13177057E-02
 1.00174011E-01
 1.19030319E-01
 1.37886632E-01
 1.78320073E-01
 2.41722707E-01
 3.05125335E-01
 3.68527957E-01
 4.57335052E-01
 5.65284013E-01
 7.00550599E-01
 0.00000000E+00
 0.00000000E+00
 0.00000000E+00
 0.00000000E+00
 0.00000000E+00
 0.00000000E+00
 0.00000000E+00
 0.00000000E+00
 0.00000000E+00
 0.00000000E+00
 0.00000000E+00
 0.00000000E+00
 0.00000000E+00
 0.00000000E+00
 0.00000000E+00
 0.00000000E+00
 1.30364469E-15
 1.30364469E-15
 1.44849410E-15
 1.30364469E-15
 1.21673505E-15
 7.24247051E-16
 6.20783187E-16
 8.69096461E-16
 7.72530188E-16
 8.69096461E-16
 7.90087692E-16
 5.79397641E-16
 4.01121444E-16
 3.72469912E-16
 4.63518113E-16
 4.34548231E-16
 2.04493285E-16
 1.93132547E-16
 0.00000000E+00
 0.00000000E+00
 0.00000000E+00
 3.16035077E-16
 1.51147211E-16
 2.89698820E-16
 2.78110868E-16
 2.67414296E-16
 3.86265094E-16
 0.00000000E+00
 3.59626122E-16
 2.31759056E-16
 3.36424437E-16
 2.17274115E-16
 4.21380103E-16
 2.04493285E-16
 0.00000000E+00
 1.93132547E-16
 1.87912748E-16
 0.00000000E+00
 0.00000000E+00
 0.00000000E+00
 1.69579797E-16
 0.00000000E+00
 1.61692365E-16
 3.16035077E-16
 1.54506038E-16
 1.51147211E-16
 1.47931313E-16
 0.00000000E+00
 1.41893300E-16
 2.78110868E-16
 2.72657713E-16
 2.67414296E-16
 1.31184372E-16
 0.00000000E+00
 1.26414031E-16
 2.48313275E-16
 1.21978451E-16
 0.00000000E+00
 1.17843588E-16
 0.00000000E+00
 0.00000000E+00
 1.12141479E-16
 0.00000000E+00
 0.00000000E+00
 0.00000000E+00
 2.10690051E-16
 2.07545424E-16
 0.00000000E+00
 2.01529614E-16
 0.00000000E+00
 1.95852724E-16
 0.00000000E+00
 1.90486896E-16
 1.87912748E-16
 1.85407245E-16
 0.00000000E+00
 1.80591473E-16
 0.00000000E+00
 0.00000000E+00
 0.00000000E+00
 0.00000000E+00
 1.69579797E-16
 1.67536667E-16
 0.00000000E+00
 3.27189256E-16
 1.61692365E-16
 1.59833832E-16
 1.58017538E-16
 1.56242060E-16
 1.54506038E-16
 1.52808169E-16
 0.00000000E+00
 1.49521972E-16
 1.47931313E-16
 1.46374141E-16
 0.00000000E+00
 0.00000000E+00
 1.41893300E-16
 0.00000000E+00
 0.00000000E+00
 0.00000000E+00
 1.36328857E-16
 1.35005276E-16
 1.33707148E-16
 0.00000000E+00
 1.31184372E-16
 1.29958349E-16
 0.00000000E+00
 1.27573793E-16
 1.26414031E-16
 1.25275166E-16
 0.00000000E+00
 1.23057906E-16
 1.21978451E-16
 0.00000000E+00
 0.00000000E+00
 0.00000000E+00
 1.17843588E-16
 1.16853306E-16
 0.00000000E+00
 1.14921846E-16
 0.00000000E+00
 0.00000000E+00
 1.12141479E-16
 0.00000000E+00
 2.20722911E-16
 2.18984935E-16
 0.00000000E+00
 0.00000000E+00
 0.00000000E+00
 0.00000000E+00
 0.00000000E+00
 0.00000000E+00
 2.07545424E-16
 0.00000000E+00
 0.00000000E+00
 0.00000000E+00
 2.01529614E-16
 2.00079761E-16
 1.98650620E-16
 0.00000000E+00
 0.00000000E+00
 0.00000000E+00
 0.00000000E+00
 0.00000000E+00
 1.90486896E-16
 1.89191066E-16
 1.87912748E-16
 1.86651589E-16
 1.85407245E-16
 1.84179383E-16
 1.82967676E-16
 3.63543618E-16
 1.80591473E-16
 0.00000000E+00
 1.78276197E-16
 6.81090780E-04
 2.22370597E-03
 3.74691720E-03
 5.25108829E-03
 6.73657403E-03
 8.20372043E-03
 9.65286504E-03
 5.54494627E-03
 3.29742529E-03
 2.58065560E-03
 1.86388838E-03
 1.14557338E-03
 7.00103307E-04
 3.73655278E-04
 1.79458229E-04
 3.21441335E-05
 1.91395450E-10
 1.03369765E-07
 1.72453787E-04
 2.75106323E-05
 4.15981220E-07
 5.20900728E-07
 6.82308280E-07
 6.61734453E-07
 5.90679105E-07
 5.17016808E-07
 4.43219291E-07
 3.69291785E-07
 2.95228165E-07
 2.21028861E-07
 1.46695743E-07
 7.84639352E-08
 1.23424026E-05
 2.89566143E-08
 4.04578150E-09
 2.09868174E-08
 4.60921531E-08
 7.13389912E-08
 9.67285563E-08
 1.22208948E-07
 1.47708003E-07
 1.73352706E-07
 1.99144023E-07
 2.25083659E-07
 2.51173032E-07
 2.77410360E-07
 3.03800309E-07
 3.36315417E-07
 3.75753544E-07
 4.15347277E-07
 4.55094932E-07
 4.94999617E-07
 5.35061086E-07
 5.75281259E-07
 6.15660123E-07
 6.56200437E-07
 6.96902607E-07
 7.37766667E-07
 7.78795820E-07
 8.19989701E-07
 8.61349259E-07
 9.02877307E-07
 3.38166781E-07
 3.29227366E-07
 3.21812966E-07
 3.14353024E-07
 3.06850149E-07
 2.99302275E-07
 2.91709126E-07
 2.84071732E-07
 2.76388016E-07
 2.68658728E-07
 2.60883834E-07
 2.53062791E-07
 2.45193507E-07
 2.37278492E-07
 2.29314384E-07
 2.21303396E-07
 2.13243691E-07
 2.05134969E-07
 1.96979107E-07
 1.88771798E-07
 1.80515196E-07
 1.72208677E-07
 1.63850711E-07
 1.55442780E-07
 1.46983971E-07
 1.38471492E-07
 1.29907719E-07
 1.21290789E-07
 1.12621876E-07
 1.03897277E-07
 9.51205112E-08
 8.62885276E-08
 6.69988407E-08
 3.72510867E-08
 7.44864286E-09
 2.24123304E-08
 5.23283251E-08
 8.23016793E-08
 1.12333507E-07
 1.42423842E-07
 1.72572699E-07
 2.02780503E-07
 2.33047668E-07
 2.63375400E-07
 2.93765250E-07
 3.24215429E-07
 3.54727498E-07
 3.85301599E-07
 4.15939719E-07
 4.46641917E-07
 4.77406478E-07
 5.08237323E-07
 5.39133452E-07
 5.70095786E-07
 6.01124841E-07
 6.32220503E-07
 6.63384379E-07
 6.94617882E-07
 7.25920070E-07
 7.57291953E-07
 7.88734102E-07
 8.20248492E-07
 8.51834325E-07
 8.83493607E-07
 9.15226475E-07
 9.47033490E-07
 9.78916326E-07
 1.01087461E-06
 1.04291001E-06
 1.07502221E-06
 1.10721290E-06
 1.13948330E-06
 1.17183361E-06
 1.20426513E-06
 1.23677858E-06
 1.26937425E-06
 1.30205299E-06
 1.33481807E-06
 1.36766786E-06
 1.40060475E-06
 1.43362958E-06
 1.46674283E-06
 1.49994580E-06
 1.53324015E-06
 1.56662662E-06
 1.60010542E-06
 1.63367943E-06
 1.66734894E-06
 1.70111476E-06
 1.73497911E-06
 1.76894275E-06
 1.80300712E-06
 1.83717364E-06
 1.87144347E-06
 1.90581843E-06
 1.94029913E-06
 1.97488807E-06
 2.00958563E-06
 2.04439561E-06
 2.07931816E-06
 2.11435407E-06
 2.14950605E-06
 2.18477557E-06
 2.22016573E-06
 2.25567719E-06
 2.29131129E-06
 1.04951301E-06
 1.07300950E-06
 1.09653822E-06
 1.12010204E-06
 1.14369939E-06
 1.16733088E-06
 1.19099717E-06
 1.21470135E-06
 1.23844014E-06
 1.26221677E-06
 1.28603186E-06
 1.30988631E-06
 1.33377916E-06
 1.35771298E-06
 1.38168769E-06
 1.40570419E-06
 1.42976412E-06
 1.45386768E-06
 1.47801653E-06
 1.50221085E-06
 1.52645240E-06
 1.55074144E-06
 1.57507983E-06
 1.59946866E-06
 1.62390990E-06
 1.64840301E-06
 1.67295173E-06
 1.69755476E-06
 1.72221677E-06
 1.74693748E-06
 1.77171821E-06
 1.79656208E-06
 1.82147071E-06
 1.84644642E-06
 1.87148916E-06
 1.89660412E-06
 1.92179224E-06
 1.94705615E-06
 1.97239886E-06
 1.99782300E-06
 2.02333106E-06
 2.04892877E-06
 2.07461746E-06
 5.23530465E-07
 3.43941858E-07
 2.30270535E-07
 1.46285779E-07
 8.01218474E-08
 2.61372433E-08
 1.88686250E-08
 5.69186966E-08
 9.85001368E-08
 1.13060149E-06
 1.10239685E-06
 1.07504068E-06
 1.04841924E-06
 1.02244763E-06
 9.97050140E-07
 9.72170764E-07
 9.47754974E-07
 9.23764957E-07
 9.00162911E-07
 8.76916398E-07
 8.53999478E-07
 8.31387939E-07
 8.09062433E-07
 7.87002561E-07
 7.65194843E-07
 7.43622633E-07
 7.22272661E-07
 7.01133164E-07
 6.80196828E-07
 6.59449635E-07
 6.38886727E-07
 6.18497978E-07
 5.98277935E-07
 5.78218838E-07
 5.58316098E-07
 5.38562965E-07
 5.18955892E-07
 4.99489967E-07
 4.80161746E-07
 4.60967032E-07
 4.41902219E-07
 4.22965002E-07
 4.04152032E-07
 3.85462696E-07
 3.66892655E-07
 3.48441318E-07
 3.30107193E-07
 3.11887635E-07
 2.93782331E-07
 2.75790098E-07
 2.57909807E-07
 2.40141990E-07
 2.22485397E-07
 2.04940540E-07
 1.87506521E-07
 1.70183494E-07
 1.52973289E-07
 1.35874389E-07
 1.18887937E-07
 1.02017065E-07
 8.52603293E-08
 6.86209330E-08
 5.20999692E-08
 3.56987334E-08
 1.94201810E-08
 3.26548719E-09
 1.27609156E-08
 2.86580971E-08
 4.44212925E-08
 6.00496804E-08
 7.55363791E-08
 5.96902069E-08
 2.49818880E-08
 9.87992790E-09
 4.49024998E-08
 8.00891535E-08
 1.15449521E-07
 1.50986498E-07
 1.86711350E-07
 2.22631507E-07
 2.58753967E-07
 2.95091135E-07
 3.31651125E-07
 3.68449420E-07
 4.05495498E-07
 4.42803255E-07
 4.80389562E-07
 5.18270375E-07
 5.56463957E-07
 5.94991507E-07
 6.33876759E-07
 6.73140980E-07
 7.12814164E-07
 7.52925533E-07
 7.93508232E-07
 8.34603265E-07
 8.76250579E-07
 9.18498446E-07
 9.61400905E-07
 1.00501694E-06
 2.21740662E-07
 1.39536202E-07
 4.62389599E-03
 1.94206236E-02
 3.42173540E-02
 4.90140875E-02
 6.38108244E-02
 7.86075652E-02
 9.34043104E-02
 1.08201061E-01
 1.46520776E-01
 2.09881058E-01
 2.73241336E-01
 3.36601608E-01
 4.27657359E-01
 5.39581172E-01
 6.81286122E-01
 0.00000000E+00
 0.00000000E+00
 0.00000000E+00
 0.00000000E+00
 0.00000000E+00
 0.00000000E+00
 0.00000000E+00
 0.00000000E+00
 0.00000000E+00
 0.00000000E+00
 0.00000000E+00
 0.00000000E+00
 0.00000000E+00
 0.00000000E+00
 0.00000000E+00
 0.00000000E+00
 1.30364469E-15
 1.30364469E-15
 1.44849410E-15
 1.30364469E-15
 1.04291575E-15
 5.79397641E-16
 6.20783187E-16
 4.34548231E-16
 7.72530188E-16
 6.95277169E-16
 6.32070154E-16
 5.79397641E-16
 5.34828592E-16
 2.48313275E-16
 4.63518113E-16
 4.34548231E-16
 2.04493285E-16
 1.93132547E-16
 1.82967676E-16
 1.73819292E-16
 0.00000000E+00
 1.58017538E-16
 1.51147211E-16
 2.89698820E-16
 1.39055434E-16
 2.67414296E-16
 2.57510063E-16
 1.24156637E-16
 3.59626122E-16
 3.47638585E-16
 2.24282958E-16
 2.17274115E-16
 2.10690051E-16
 2.04493285E-16
 1.98650620E-16
 1.93132547E-16
 1.87912748E-16
 1.82967676E-16
 1.78276197E-16
 1.73819292E-16
 0.00000000E+00
 0.00000000E+00
 1.61692365E-16
 1.58017538E-16
 0.00000000E+00
 1.51147211E-16
 1.47931313E-16
 1.44849410E-16
 2.83786600E-16
 1.39055434E-16
 2.72657713E-16
 2.67414296E-16
 1.31184372E-16
 1.28755031E-16
 1.26414031E-16
 1.24156637E-16
 1.21978451E-16
 0.00000000E+00
 0.00000000E+00
 0.00000000E+00
 0.00000000E+00
 0.00000000E+00
 0.00000000E+00
 0.00000000E+00
 0.00000000E+00
 2.10690051E-16
 0.00000000E+00
 2.04493285E-16
 2.01529614E-16
 1.98650620E-16
 1.95852724E-16
 1.93132547E-16
 1.90486896E-16
 0.00000000E+00
 1.85407245E-16
 1.82967676E-16
 0.00000000E+00
 1.78276197E-16
 0.00000000E+00
 1.73819292E-16
 0.00000000E+00
 0.00000000E+00
 0.00000000E+00
 0.00000000E+00
 1.63594628E-16
 1.61692365E-16
 1.59833832E-16
 1.58017538E-16
 1.56242060E-16
 0.00000000E+00
 0.00000000E+00
 1.51147211E-16
 1.49521972E-16
 1.47931313E-16
 0.00000000E+00
 0.00000000E+00
 0.00000000E+00
 1.41893300E-16
 1.40460034E-16
 1.39055434E-16
 1.37678647E-16
 1.36328857E-16
 0.00000000E+00
 0.00000000E+00
 1.32433747E-16
 0.00000000E+00
 0.00000000E+00
 0.00000000E+00
 2.55147585E-16
 1.26414031E-16
 1.25275166E-16
 1.24156637E-16
 0.00000000E+00
 1.21978451E-16
 1.20917769E-16
 0.00000000E+00
 0.00000000E+00
 0.00000000E+00
 1.16853306E-16
 0.00000000E+00
 1.14921846E-16
 0.00000000E+00
 0.00000000E+00
 0.00000000E+00
 0.00000000E+00
 2.20722911E-16
 0.00000000E+00
 2.17274115E-16
 0.00000000E+00
 0.00000000E+00
 0.00000000E+00
 0.00000000E+00
 2.09105916E-16
 0.00000000E+00
 0.00000000E+00
 0.00000000E+00
 0.00000000E+00
 0.00000000E+00
 0.00000000E+00
 0.00000000E+00
 0.00000000E+00
 0.00000000E+00
 0.00000000E+00
 1.93132547E-16
 1.91800598E-16
 0.00000000E+00
 0.00000000E+00
 0.00000000E+00
 1.86651589E-16
 0.00000000E+00
 1.84179383E-16
 1.82967676E-16
 1.81771809E-16
 1.80591473E-16
 0.00000000E+00
 3.56552394E-16
 5.83007685E-04
 1.90347265E-03
 3.20732799E-03
 4.49488515E-03
 5.76644780E-03
 7.02231215E-03
 8.26276712E-03
 4.60440182E-03
 2.34155136E-03
 1.73568642E-03
 1.12982386E-03
 5.22439894E-04
 2.10310984E-04
 2.70364932E-05
 1.30618002E-05
 2.40420605E-06
 6.19478597E-09
 1.07736704E-07
 1.86715024E-04
 2.98087254E-05
 4.14226019E-07
 5.17084558E-07
 6.86288840E-07
 6.68211854E-07
 5.95494227E-07
 5.19963864E-07
 4.44300338E-07
 3.68500635E-07
 2.92568526E-07
 2.16499385E-07
 1.40293611E-07
 7.04564311E-08
 1.33498402E-05
 2.15035645E-08
 3.12840756E-09
 2.78807373E-08
 5.26995197E-08
 7.76627472E-08
 1.02770140E-07
 1.27963760E-07
 1.53166760E-07
 1.78516735E-07
 2.04013342E-07
 2.29659623E-07
 2.55455399E-07
 2.81403554E-07
 3.07501377E-07
 3.40221977E-07
 3.80425223E-07
 4.20783714E-07
 4.61297720E-07
 5.01970000E-07
 5.42800870E-07
 5.83790113E-07
 6.24941079E-07
 6.66252197E-07
 7.07726656E-07
 7.49365862E-07
 7.91168724E-07
 8.33138257E-07
 8.75275910E-07
 9.17582233E-07
 3.28227593E-07
 3.19227203E-07
 3.11880542E-07
 3.04488298E-07
 2.97053912E-07
 2.89572691E-07
 2.82048513E-07
 2.74476705E-07
 2.66859583E-07
 2.59196597E-07
 2.51487194E-07
 2.43731347E-07
 2.35927961E-07
 2.28075751E-07
 2.20178202E-07
 2.12230406E-07
 2.04233599E-07
 1.96189668E-07
 1.88094591E-07
 1.79951169E-07
 1.71755395E-07
 1.63510626E-07
 1.55216221E-07
 1.46867906E-07
 1.38468668E-07
 1.30017279E-07
 1.21513961E-07
 1.12956839E-07
 1.04347079E-07
 9.56824916E-08
 8.69627148E-08
 7.81882297E-08
 5.88406667E-08
 2.89181368E-08
 1.06173328E-09
 3.10973659E-08
 6.11910243E-08
 9.13412384E-08
 1.21551786E-07
 1.51818920E-07
 1.82145311E-07
 2.12532135E-07
 2.42979062E-07
 2.73486191E-07
 3.04055808E-07
 3.34686130E-07
 3.65379511E-07
 3.96135313E-07
 4.26955107E-07
 4.57838675E-07
 4.88787337E-07
 5.19800762E-07
 5.50880717E-07
 5.82027281E-07
 6.13240979E-07
 6.44522130E-07
 6.75872353E-07
 7.07291568E-07
 7.38779900E-07
 7.70340320E-07
 8.01970402E-07
 8.33672693E-07
 8.65447819E-07
 8.97296837E-07
 9.29219357E-07
 9.61216488E-07
 9.93291426E-07
 1.02543976E-06
 1.05766821E-06
 1.08997241E-06
 1.12235712E-06
 1.15482204E-06
 1.18736639E-06
 1.21999246E-06
 1.25270150E-06
 1.28549434E-06
 1.31837026E-06
 1.35133208E-06
 1.38438123E-06
 1.41751651E-06
 1.45074031E-06
 1.48405421E-06
 1.51745842E-06
 1.55095460E-06
 1.58454216E-06
 1.61822400E-06
 1.65200188E-06
 1.68587529E-06
 1.71984683E-06
 1.75391603E-06
 1.78808671E-06
 1.82235846E-06
 1.85673303E-06
 1.89121101E-06
 1.92579542E-06
 1.96048600E-06
 1.99528709E-06
 2.03019598E-06
 2.06521932E-06
 2.10035382E-06
 2.13560371E-06
 2.17097140E-06
 2.20645743E-06
 2.24206469E-06
 2.27779405E-06
 2.31364692E-06
 1.06377346E-06
 1.08740346E-06
 1.11106771E-06
 1.13476438E-06
 1.15849660E-06
 1.18226343E-06
 1.20606557E-06
 1.22990458E-06
 1.25377944E-06
 1.27769264E-06
 1.30164478E-06
 1.32563519E-06
 1.34966536E-06
 1.37373703E-06
 1.39784926E-06
 1.42200469E-06
 1.44620331E-06
 1.47044439E-06
 1.49473219E-06
 1.51906688E-06
 1.54344774E-06
 1.56787749E-06
 1.59235721E-06
 1.61688711E-06
 1.64146923E-06
 1.66610467E-06
 1.69079553E-06
 1.71554220E-06
 1.74034683E-06
 1.76521165E-06
 1.79013720E-06
 1.81512577E-06
 1.84017883E-06
 1.86529978E-06
 1.89048930E-06
 1.91575100E-06
 1.94108647E-06
 1.96649865E-06
 1.99198949E-06
 2.01756260E-06
 2.04322221E-06
 2.06896957E-06
 2.09480877E-06
 5.61746459E-07
 3.67028801E-07
 2.47849333E-07
 1.60733401E-07
 9.24704899E-08
 3.69455245E-08
 9.25306197E-09
 4.82580135E-08
 9.06684251E-08
 1.14391690E-06
 1.11548222E-06
 1.08791646E-06
 1.06110485E-06
 1.03495327E-06
 1.00939020E-06
 9.84353291E-07
 9.59789715E-07
 9.35658444E-07
 9.11921276E-07
 8.88546864E-07
 8.65507165E-07
 8.42779035E-07
 8.20338066E-07
 7.98169711E-07
 7.76254867E-07
 7.54579175E-07
 7.33129633E-07
 7.11894349E-07
 6.90861876E-07
 6.70024611E-07
 6.49370359E-07
 6.28894403E-07
 6.08587770E-07
 5.88445629E-07
 5.68461340E-07
 5.48628098E-07
 5.28942621E-07
 5.09399829E-07
 4.89996863E-07
 4.70727602E-07
 4.51590354E-07
 4.32581896E-07
 4.13699865E-07
 3.94941146E-07
 3.76304039E-07
 3.57786516E-07
 3.39386787E-07
 3.21103599E-07
 3.02935814E-07
 2.84882031E-07
 2.66942131E-07
 2.49114105E-07
 2.31398445E-07
 2.13795799E-07
 1.96304972E-07
 1.78927133E-07
 1.61661103E-07
 1.44509388E-07
 1.27470367E-07
 1.10548366E-07
 9.37416127E-08
 7.70522815E-08
 6.04825902E-08
 4.40343082E-08
 2.77088024E-08
 1.15090277E-08
 4.56255289E-09
 2.05023696E-08
 3.63087642E-08
 5.19773648E-08
 6.75036281E-08
 5.15188425E-08
 1.65626339E-08
 1.85475164E-08
 5.38192696E-08
 8.92575616E-08
 1.24868768E-07
 1.60660366E-07
 1.96641336E-07
 2.32817377E-07
 2.69199921E-07
 3.05795039E-07
 3.42618646E-07
 3.79679994E-07
 4.16991279E-07
 4.54566238E-07
 4.92421847E-07
 5.30576208E-07
 5.69044149E-07
 6.07850031E-07
 6.47012686E-07
 6.86560338E-07
 7.26519375E-07
 7.66920416E-07
 8.07797548E-07
 8.49188729E-07
 8.91137480E-07
 9.33690672E-07
 9.76902849E-07
 1.02083625E-06
 1.06555952E-06
 1.31966737E-07
 3.35698259E-03
 1.40995621E-02
 2.48421450E-02
 3.55847315E-02
 4.63273222E-02
 5.70699174E-02
 6.78125180E-02
 7.85551246E-02
 1.14763935E-01
 1.78081923E-01
 2.41399906E-01
 3.04717883E-01
 3.98019288E-01
 5.13912646E-01
 6.62047360E-01
 0.00000000E+00
 0.00000000E+00
 0.00000000E+00
 0.00000000E+00
 0.00000000E+00
 0.00000000E+00
 0.00000000E+00
 0.00000000E+00
 0.00000000E+00
 0.00000000E+00
 0.00000000E+00
 0.00000000E+00
 0.00000000E+00
 0.00000000E+00
 0.00000000E+00
 0.00000000E+00
 1.30364469E-15
 1.30364469E-15
 1.30364469E-15
 1.30364469E-15
 1.39055434E-15
 5.79397641E-16
 6.20783187E-16
 6.51822346E-16
 7.72530188E-16
 8.69096461E-16
 6.32070154E-16
 5.79397641E-16
 4.01121444E-16
 3.72469912E-16
 4.63518113E-16
 4.34548231E-16
 2.04493285E-16
 0.00000000E+00
 0.00000000E+00
 0.00000000E+00
 0.00000000E+00
 1.58017538E-16
 1.51147211E-16
 2.89698820E-16
 2.78110868E-16
 2.67414296E-16
 1.28755031E-16
 2.48313275E-16
 2.39750748E-16
 3.47638585E-16
 3.36424437E-16
 4.34548231E-16
 2.10690051E-16
 2.04493285E-16
 0.00000000E+00
 0.00000000E+00
 1.87912748E-16
 0.00000000E+00
 0.00000000E+00
 0.00000000E+00
 0.00000000E+00
 0.00000000E+00
 1.61692365E-16
 1.58017538E-16
 3.09012075E-16
 1.51147211E-16
 2.95862625E-16
 2.89698820E-16
 1.41893300E-16
 2.78110868E-16
 1.36328857E-16
 1.33707148E-16
 1.31184372E-16
 1.28755031E-16
 1.26414031E-16
 0.00000000E+00
 1.21978451E-16
 0.00000000E+00
 1.17843588E-16
 1.15879528E-16
 1.13979864E-16
 1.12141479E-16
 0.00000000E+00
 0.00000000E+00
 0.00000000E+00
 2.10690051E-16
 2.07545424E-16
 0.00000000E+00
 2.01529614E-16
 0.00000000E+00
 1.95852724E-16
 0.00000000E+00
 1.90486896E-16
 1.87912748E-16
 0.00000000E+00
 0.00000000E+00
 0.00000000E+00
 0.00000000E+00
 0.00000000E+00
 0.00000000E+00
 0.00000000E+00
 0.00000000E+00
 1.67536667E-16
 0.00000000E+00
 0.00000000E+00
 1.61692365E-16
 1.59833832E-16
 1.58017538E-16
 1.56242060E-16
 1.54506038E-16
 1.52808169E-16
 1.51147211E-16
 1.49521972E-16
 1.47931313E-16
 1.46374141E-16
 0.00000000E+00
 0.00000000E+00
 1.41893300E-16
 1.40460034E-16
 0.00000000E+00
 1.37678647E-16
 1.36328857E-16
 1.35005276E-16
 1.33707148E-16
 0.00000000E+00
 1.31184372E-16
 1.29958349E-16
 1.28755031E-16
 2.55147585E-16
 1.26414031E-16
 2.50550331E-16
 0.00000000E+00
 1.23057906E-16
 1.21978451E-16
 2.41835537E-16
 0.00000000E+00
 0.00000000E+00
 1.17843588E-16
 0.00000000E+00
 1.15879528E-16
 0.00000000E+00
 1.13979864E-16
 0.00000000E+00
 1.12141479E-16
 0.00000000E+00
 2.20722911E-16
 4.37969870E-16
 0.00000000E+00
 0.00000000E+00
 4.27862873E-16
 0.00000000E+00
 2.10690051E-16
 4.18211831E-16
 2.07545424E-16
 0.00000000E+00
 4.08986570E-16
 0.00000000E+00
 0.00000000E+00
 2.00079761E-16
 1.98650620E-16
 1.97241750E-16
 1.95852724E-16
 0.00000000E+00
 0.00000000E+00
 1.91800598E-16
 1.90486896E-16
 1.89191066E-16
 1.87912748E-16
 0.00000000E+00
 0.00000000E+00
 1.84179383E-16
 1.82967676E-16
 0.00000000E+00
 1.80591473E-16
 0.00000000E+00
 1.78276197E-16
 4.84924591E-04
 1.58323933E-03
 2.66773879E-03
 3.73868200E-03
 4.79632157E-03
 5.84090386E-03
 6.87266920E-03
 3.66512076E-03
 1.38696272E-03
 8.91854614E-04
 3.96748806E-04
 9.98517343E-05
 2.78817343E-04
 3.19109285E-04
 2.05314386E-04
 3.68958282E-05
 2.32056585E-08
 1.22737585E-07
 2.00946594E-04
 3.20931079E-05
 4.23121015E-07
 5.23926297E-07
 6.79540845E-07
 6.63958358E-07
 5.89578548E-07
 5.12183711E-07
 4.34651107E-07
 3.56984455E-07
 2.79183960E-07
 2.01243604E-07
 1.23166924E-07
 5.17275159E-08
 1.43451979E-05
 3.32381208E-09
 2.10306015E-08
 4.55033849E-08
 7.00416300E-08
 9.47208423E-08
 1.19547183E-07
 1.44456384E-07
 1.69364764E-07
 1.94421186E-07
 2.19625734E-07
 2.44979705E-07
 2.70486142E-07
 2.96143602E-07
 3.21954848E-07
 3.54878821E-07
 3.95848291E-07
 4.36971577E-07
 4.78254630E-07
 5.19694753E-07
 5.61293144E-07
 6.03053146E-07
 6.44974560E-07
 6.87057801E-07
 7.29307239E-07
 7.71718612E-07
 8.14298080E-07
 8.57044384E-07
 8.99958991E-07
 9.43044937E-07
 3.07544031E-07
 2.98481829E-07
 2.91202605E-07
 2.83879679E-07
 2.76509900E-07
 2.69097408E-07
 2.61638326E-07
 2.54134165E-07
 2.46582591E-07
 2.38984863E-07
 2.31340424E-07
 2.23648988E-07
 2.15909455E-07
 2.08122062E-07
 2.00287223E-07
 1.92403369E-07
 1.84470877E-07
 1.76488472E-07
 1.68456792E-07
 1.60373703E-07
 1.52240705E-07
 1.44057794E-07
 1.35822195E-07
 1.27536001E-07
 1.19196153E-07
 1.10804404E-07
 1.02360393E-07
 9.38610726E-08
 8.53096530E-08
 7.67027400E-08
 6.80411445E-08
 5.93248359E-08
 3.99175578E-08
 9.81972899E-09
 2.03361343E-08
 5.05496116E-08
 8.08188096E-08
 1.11147565E-07
 1.41533949E-07
 1.71979555E-07
 2.02486654E-07
 2.33051174E-07
 2.63677296E-07
 2.94365101E-07
 3.25115037E-07
 3.55926450E-07
 3.86801700E-07
 4.17738263E-07
 4.48741518E-07
 4.79807449E-07
 5.10938869E-07
 5.42137375E-07
 5.73400229E-07
 6.04732692E-07
 6.36130978E-07
 6.67597154E-07
 6.99133256E-07
 7.30739855E-07
 7.62415390E-07
 7.94161941E-07
 8.25982069E-07
 8.57873360E-07
 8.89837354E-07
 9.21876748E-07
 9.53989546E-07
 9.86177433E-07
 1.01844257E-06
 1.05078462E-06
 1.08320524E-06
 1.11570414E-06
 1.14828101E-06
 1.18094114E-06
 1.21367970E-06
 1.24650152E-06
 1.27940735E-06
 1.31239602E-06
 1.34547083E-06
 1.37863063E-06
 1.41187833E-06
 1.44521273E-06
 1.47863732E-06
 1.51215204E-06
 1.54575726E-06
 1.57945447E-06
 1.61324579E-06
 1.64713162E-06
 1.68111317E-06
 1.71519127E-06
 1.74936778E-06
 1.78364413E-06
 1.81802171E-06
 1.85250163E-06
 1.88708354E-06
 1.92177169E-06
 1.95656548E-06
 1.99146767E-06
 2.02647929E-06
 2.06160192E-06
 2.09683729E-06
 2.13218679E-06
 2.16765248E-06
 2.20323585E-06
 2.23893838E-06
 2.27476204E-06
 2.31070933E-06
 1.06505486E-06
 1.08878661E-06
 1.11255152E-06
 1.13634884E-06
 1.16018062E-06
 1.18404772E-06
 1.20794989E-06
 1.23188696E-06
 1.25586227E-06
 1.27987392E-06
 1.30392352E-06
 1.32801112E-06
 1.35213820E-06
 1.37630645E-06
 1.40051584E-06
 1.42476636E-06
 1.44905983E-06
 1.47339706E-06
 1.49777895E-06
 1.52220483E-06
 1.54667816E-06
 1.57120078E-06
 1.59577037E-06
 1.62039054E-06
 1.64506151E-06
 1.66978613E-06
 1.69456391E-06
 1.71939775E-06
 1.74428722E-06
 1.76923531E-06
 1.79424339E-06
 1.81931373E-06
 1.84444694E-06
 1.86964630E-06
 1.89491244E-06
 1.92024885E-06
 1.94565721E-06
 1.97114112E-06
 1.99670062E-06
 2.02234133E-06
 2.04806352E-06
 2.07387207E-06
 2.09977002E-06
 2.12576164E-06
 6.14909724E-07
 4.01799302E-07
 2.76609189E-07
 1.86173831E-07
 1.15711891E-07
 5.85891526E-08
 1.11582444E-08
 2.88323923E-08
 7.20910922E-08
 1.16795273E-06
 1.13928706E-06
 1.11150841E-06
 1.08450136E-06
 1.05816915E-06
 1.03243784E-06
 1.00724076E-06
 9.82529306E-07
 9.58255531E-07
 9.34383976E-07
 9.10879256E-07
 8.87717024E-07
 8.64867919E-07
 8.42314529E-07
 8.20035020E-07
 7.98013142E-07
 7.76233151E-07
 7.54683077E-07
 7.33350219E-07
 7.12222927E-07
 6.91292761E-07
 6.70548895E-07
 6.49985980E-07
 6.29593436E-07
 6.09366323E-07
 5.89300014E-07
 5.69387009E-07
 5.49622545E-07
 5.30002832E-07
 5.10523027E-07
 4.91180257E-07
 4.71970494E-07
 4.52890560E-07
 4.33938598E-07
 4.15111814E-07
 3.96406780E-07
 3.77822928E-07
 3.59358952E-07
 3.41010924E-07
 3.22780713E-07
 3.04664457E-07
 2.86663465E-07
 2.68776694E-07
 2.51002251E-07
 2.33341838E-07
 2.15795023E-07
 1.98361130E-07
 1.81041260E-07
 1.63835325E-07
 1.46744774E-07
 1.29770506E-07
 1.12913013E-07
 9.61740984E-08
 7.95566670E-08
 6.30604736E-08
 4.66885090E-08
 3.04431050E-08
 1.43281285E-08
 1.65583365E-09
 1.75036723E-08
 3.32132233E-08
 4.87787721E-08
 3.26544892E-08
 2.54812576E-09
 3.79069487E-08
 7.34265251E-08
 1.09116137E-07
 1.44981284E-07
 1.81026565E-07
 2.17260563E-07
 2.53694050E-07
 2.90333810E-07
 3.27190965E-07
 3.64274576E-07
 4.01599536E-07
 4.39176162E-07
 4.77020670E-07
 5.15145765E-07
 5.53570393E-07
 5.92314249E-07
 6.31395745E-07
 6.70840355E-07
 7.10670517E-07
 7.50915649E-07
 7.91604967E-07
 8.32775858E-07
 8.74464724E-07
 9.16713631E-07
 9.59574115E-07
 1.00309825E-06
 1.04734749E-06
 1.09239254E-06
 1.13763698E-07
 2.09176984E-03
 8.78560937E-03
 1.54794527E-02
 2.21733004E-02
 2.88671528E-02
 3.55610107E-02
 4.22548747E-02
 4.89487457E-02
 8.30494678E-02
 1.46325216E-01
 2.09600960E-01
 2.72876698E-01
 3.68420759E-01
 4.88278366E-01
 6.42834264E-01
 0.00000000E+00
 0.00000000E+00
 0.00000000E+00
 0.00000000E+00
 0.00000000E+00
 0.00000000E+00
 0.00000000E+00
 0.00000000E+00
 0.00000000E+00
 0.00000000E+00
 0.00000000E+00
 0.00000000E+00
 0.00000000E+00
 0.00000000E+00
 0.00000000E+00
 0.00000000E+00
 1.30364469E-15
 1.30364469E-15
 1.44849410E-15
 1.30364469E-15
 1.56437363E-15
 5.79397641E-16
 7.44939824E-16
 6.51822346E-16
 7.72530188E-16
 8.69096461E-16
 4.74052615E-16
 1.44849410E-16
 5.34828592E-16
 3.72469912E-16
 4.63518113E-16
 6.51822346E-16
 2.04493285E-16
 1.93132547E-16
 0.00000000E+00
 1.73819292E-16
 1.65542183E-16
 3.16035077E-16
 1.51147211E-16
 4.34548231E-16
 4.17166302E-16
 4.01121444E-16
 3.86265094E-16
 2.48313275E-16
 2.39750748E-16
 3.47638585E-16
 3.36424437E-16
 2.17274115E-16
 0.00000000E+00
 2.04493285E-16
 1.98650620E-16
 1.93132547E-16
 3.75825497E-16
 0.00000000E+00
 0.00000000E+00
 1.73819292E-16
 1.69579797E-16
 1.65542183E-16
 1.61692365E-16
 3.16035077E-16
 0.00000000E+00
 1.51147211E-16
 2.95862625E-16
 2.89698820E-16
 1.41893300E-16
 2.78110868E-16
 2.72657713E-16
 1.33707148E-16
 1.31184372E-16
 0.00000000E+00
 1.26414031E-16
 1.24156637E-16
 1.21978451E-16
 1.19875374E-16
 0.00000000E+00
 1.15879528E-16
 2.27959728E-16
 1.12141479E-16
 0.00000000E+00
 0.00000000E+00
 0.00000000E+00
 0.00000000E+00
 0.00000000E+00
 2.04493285E-16
 2.01529614E-16
 1.98650620E-16
 0.00000000E+00
 1.93132547E-16
 3.80973791E-16
 1.87912748E-16
 0.00000000E+00
 0.00000000E+00
 0.00000000E+00
 0.00000000E+00
 0.00000000E+00
 1.73819292E-16
 1.71673375E-16
 1.69579797E-16
 0.00000000E+00
 1.65542183E-16
 1.63594628E-16
 1.61692365E-16
 1.59833832E-16
 3.16035077E-16
 0.00000000E+00
 0.00000000E+00
 0.00000000E+00
 1.51147211E-16
 1.49521972E-16
 2.95862625E-16
 0.00000000E+00
 0.00000000E+00
 1.43356117E-16
 1.41893300E-16
 0.00000000E+00
 0.00000000E+00
 0.00000000E+00
 0.00000000E+00
 1.35005276E-16
 1.33707148E-16
 1.32433747E-16
 0.00000000E+00
 1.29958349E-16
 0.00000000E+00
 1.27573793E-16
 1.26414031E-16
 1.25275166E-16
 1.24156637E-16
 0.00000000E+00
 0.00000000E+00
 2.41835537E-16
 1.19875374E-16
 0.00000000E+00
 0.00000000E+00
 1.16853306E-16
 1.15879528E-16
 0.00000000E+00
 2.27959728E-16
 0.00000000E+00
 1.12141479E-16
 1.11244347E-16
 2.20722911E-16
 0.00000000E+00
 0.00000000E+00
 0.00000000E+00
 0.00000000E+00
 2.12298372E-16
 0.00000000E+00
 0.00000000E+00
 0.00000000E+00
 0.00000000E+00
 2.04493285E-16
 2.03000633E-16
 4.03059229E-16
 2.00079761E-16
 1.98650620E-16
 0.00000000E+00
 1.95852724E-16
 1.94483124E-16
 0.00000000E+00
 3.83601197E-16
 0.00000000E+00
 0.00000000E+00
 0.00000000E+00
 1.86651589E-16
 3.70814490E-16
 0.00000000E+00
 3.65935352E-16
 0.00000000E+00
 3.61182945E-16
 1.79426366E-16
 1.78276197E-16
 3.86841496E-04
 1.26300600E-03
 2.12814958E-03
 2.98247885E-03
 3.82619534E-03
 4.65949558E-03
 5.48257128E-03
 2.72710062E-03
 4.33656886E-04
 4.91579788E-05
 3.35338707E-04
 7.21303117E-04
 7.67282944E-04
 6.64782943E-04
 3.97300009E-04
 7.13307999E-05
 5.08654198E-08
 1.48393062E-07
 2.15148510E-04
 3.43637607E-05
 4.42691139E-07
 5.41450697E-07
 6.62039948E-07
 6.48945043E-07
 5.72906452E-07
 4.93644198E-07
 4.14247902E-07
 3.34714705E-07
 2.55044746E-07
 1.75236917E-07
 9.52913928E-08
 2.22481249E-08
 1.53284526E-05
 2.56097307E-08
 4.96873246E-08
 7.38847109E-08
 9.81400217E-08
 1.22540896E-07
 1.47085455E-07
 1.71711578E-07
 1.96327504E-07
 2.21093101E-07
 2.46006571E-07
 2.71072292E-07
 2.96289100E-07
 3.21659615E-07
 3.47182426E-07
 3.80314623E-07
 4.22048536E-07
 4.63939114E-07
 5.05988243E-07
 5.48197121E-07
 5.90565718E-07
 6.33095990E-07
 6.75789346E-07
 7.18645817E-07
 7.61667236E-07
 8.04856406E-07
 8.48210684E-07
 8.91733325E-07
 9.35427588E-07
 9.79291842E-07
 2.76088685E-07
 2.66965832E-07
 2.59754317E-07
 2.52495942E-07
 2.45194607E-07
 2.37846920E-07
 2.30453901E-07
 2.23013713E-07
 2.15528655E-07
 2.07996879E-07
 2.00416560E-07
 1.92788412E-07
 1.85113399E-07
 1.77389950E-07
 1.69617215E-07
 1.61796137E-07
 1.53926392E-07
 1.46005854E-07
 1.38035440E-07
 1.30015121E-07
 1.21942165E-07
 1.13819276E-07
 1.05643082E-07
 9.74171827E-08
 8.91369966E-08
 8.08045808E-08
 7.24177491E-08
 6.39776539E-08
 5.54839396E-08
 4.69340704E-08
 3.83303593E-08
 2.96709149E-08
 1.02030843E-08
 2.00715289E-08
 5.04025595E-08
 8.07927130E-08
 1.11239660E-07
 1.41745378E-07
 1.72310994E-07
 2.02935030E-07
 2.33620555E-07
 2.64365374E-07
 2.95171429E-07
 3.26039541E-07
 3.56970559E-07
 3.87962328E-07
 4.19019832E-07
 4.50139027E-07
 4.81323532E-07
 5.12573713E-07
 5.43889363E-07
 5.75271175E-07
 6.06719485E-07
 6.38235445E-07
 6.69819802E-07
 7.01472900E-07
 7.33196368E-07
 7.64989078E-07
 7.96853287E-07
 8.28788359E-07
 8.60794908E-07
 8.92876090E-07
 9.25030902E-07
 9.57260081E-07
 9.89564637E-07
 1.02194421E-06
 1.05440153E-06
 1.08693521E-06
 1.11954949E-06
 1.15224052E-06
 1.18501357E-06
 1.21786787E-06
 1.25080263E-06
 1.28382120E-06
 1.31692282E-06
 1.35010932E-06
 1.38338207E-06
 1.41674037E-06
 1.45018615E-06
 1.48372074E-06
 1.51734666E-06
 1.55106275E-06
 1.58486953E-06
 1.61876948E-06
 1.65276357E-06
 1.68685396E-06
 1.72104013E-06
 1.75532371E-06
 1.78970672E-06
 1.82418990E-06
 1.85877497E-06
 1.89346214E-06
 1.92825446E-06
 1.96315250E-06
 1.99815689E-06
 2.03327042E-06
 2.06849413E-06
 2.10383024E-06
 2.13927894E-06
 2.17484320E-06
 2.21052472E-06
 2.24632354E-06
 2.28224393E-06
 2.31828628E-06
 1.07688103E-06
 1.10071451E-06
 1.12458051E-06
 1.14847943E-06
 1.17241103E-06
 1.19637774E-06
 1.22038004E-06
 1.24441718E-06
 1.26849060E-06
 1.29260026E-06
 1.31674922E-06
 1.34093504E-06
 1.36515934E-06
 1.38942451E-06
 1.41372966E-06
 1.43807659E-06
 1.46246516E-06
 1.48689723E-06
 1.51137276E-06
 1.53589359E-06
 1.56045978E-06
 1.58507399E-06
 1.60973560E-06
 1.63444731E-06
 1.65920851E-06
 1.68402115E-06
 1.70888639E-06
 1.73380712E-06
 1.75878284E-06
 1.78381658E-06
 1.80890790E-06
 1.83405990E-06
 1.85927482E-06
 1.88455336E-06
 1.90989783E-06
 1.93531169E-06
 1.96079470E-06
 1.98635046E-06
 2.01198075E-06
 2.03769014E-06
 2.06347886E-06
 2.08935163E-06
 2.11531065E-06
 2.14135911E-06
 2.16750215E-06
 6.84715735E-07
 4.48396850E-07
 3.16613151E-07
 2.22648505E-07
 1.49883852E-07
 9.10992562E-08
 4.23958350E-08
 1.38829292E-09
 1.23270821E-06
 1.20273823E-06
 1.17383402E-06
 1.14584149E-06
 1.11863600E-06
 1.09212220E-06
 1.06621933E-06
 1.04086294E-06
 1.01599931E-06
 9.91583750E-07
 9.67574723E-07
 9.43940498E-07
 9.20653466E-07
 8.97684634E-07
 8.75015232E-07
 8.52625027E-07
 8.30494471E-07
 8.08612097E-07
 7.86960361E-07
 7.65529000E-07
 7.44306361E-07
 7.23283240E-07
 7.02449402E-07
 6.81797115E-07
 6.61318236E-07
 6.41008007E-07
 6.20858583E-07
 6.00864655E-07
 5.81022347E-07
 5.61325251E-07
 5.41769806E-07
 5.22352285E-07
 5.03070348E-07
 4.83918549E-07
 4.64896548E-07
 4.46000214E-07
 4.27227498E-07
 4.08578043E-07
 3.90048483E-07
 3.71636242E-07
 3.53343264E-07
 3.35165190E-07
 3.17103824E-07
 2.99156624E-07
 2.81323568E-07
 2.63606346E-07
 2.46002184E-07
 2.28512538E-07
 2.11138777E-07
 1.93879891E-07
 1.76736398E-07
 1.59710944E-07
 1.42802621E-07
 1.26014761E-07
 1.09347819E-07
 9.28051203E-08
 7.63865347E-08
 6.00965956E-08
 4.39370762E-08
 2.79104574E-08
 1.20195744E-08
 3.73055894E-09
 1.93365498E-08
 3.07193837E-09
 3.23769981E-08
 6.79825637E-08
 1.03752846E-07
 1.39692330E-07
 1.75808361E-07
 2.12108654E-07
 2.48598771E-07
 2.85287934E-07
 3.22184733E-07
 3.59302093E-07
 3.96648640E-07
 4.34235685E-07
 4.72077438E-07
 5.10189437E-07
 5.48584275E-07
 5.87282768E-07
 6.26300351E-07
 6.65659632E-07
 7.05381946E-07
 7.45496632E-07
 7.86026711E-07
 8.27007402E-07
 8.68470209E-07
 9.10456173E-07
 9.53007521E-07
 9.96173177E-07
 1.04000826E-06
 1.08457605E-06
 1.12994451E-06
 8.49008436E-08
 8.28254429E-04
 3.47875129E-03
 6.12925254E-03
 8.77975867E-03
 1.14302703E-02
 1.40807881E-02
 1.67313130E-02
 1.93818459E-02
 5.13772894E-02
 1.14610854E-01
 1.77844414E-01
 2.41077970E-01
 3.38861696E-01
 4.62678265E-01
 6.23646783E-01
 0.00000000E+00
 0.00000000E+00
 0.00000000E+00
 0.00000000E+00
 0.00000000E+00
 0.00000000E+00
 0.00000000E+00
 0.00000000E+00
 0.00000000E+00
 0.00000000E+00
 0.00000000E+00
 0.00000000E+00
 0.00000000E+00
 0.00000000E+00
 0.00000000E+00
 0.00000000E+00
 1.30364469E-15
 1.30364469E-15
 1.44849410E-15
 1.30364469E-15
 1.39055434E-15
 5.79397641E-16
 6.20783187E-16
 6.51822346E-16
 7.72530188E-16
 8.69096461E-16
 6.32070154E-16
 5.79397641E-16
 5.34828592E-16
 3.72469912E-16
 4.63518113E-16
 4.34548231E-16
 2.04493285E-16
 1.93132547E-16
 0.00000000E+00
 0.00000000E+00
 1.65542183E-16
 1.58017538E-16
 1.51147211E-16
 2.89698820E-16
 2.78110868E-16
 2.67414296E-16
 2.57510063E-16
 2.48313275E-16
 2.39750748E-16
 2.31759056E-16
 3.36424437E-16
 2.17274115E-16
 2.10690051E-16
 2.04493285E-16
 1.98650620E-16
 1.93132547E-16
 1.87912748E-16
 0.00000000E+00
 0.00000000E+00
 0.00000000E+00
 0.00000000E+00
 1.65542183E-16
 1.61692365E-16
 1.58017538E-16
 1.54506038E-16
 1.51147211E-16
 1.47931313E-16
 1.44849410E-16
 2.83786600E-16
 0.00000000E+00
 2.72657713E-16
 1.33707148E-16
 1.31184372E-16
 1.28755031E-16
 1.26414031E-16
 1.24156637E-16
 1.21978451E-16
 0.00000000E+00
 1.17843588E-16
 0.00000000E+00
 0.00000000E+00
 0.00000000E+00
 0.00000000E+00
 0.00000000E+00
 0.00000000E+00
 0.00000000E+00
 2.07545424E-16
 2.04493285E-16
 2.01529614E-16
 1.98650620E-16
 1.95852724E-16
 1.93132547E-16
 0.00000000E+00
 1.87912748E-16
 0.00000000E+00
 0.00000000E+00
 0.00000000E+00
 0.00000000E+00
 0.00000000E+00
 0.00000000E+00
 0.00000000E+00
 0.00000000E+00
 0.00000000E+00
 1.65542183E-16
 0.00000000E+00
 0.00000000E+00
 1.59833832E-16
 1.58017538E-16
 1.56242060E-16
 0.00000000E+00
 1.52808169E-16
 1.51147211E-16
 1.49521972E-16
 1.47931313E-16
 1.46374141E-16
 0.00000000E+00
 0.00000000E+00
 0.00000000E+00
 0.00000000E+00
 0.00000000E+00
 0.00000000E+00
 0.00000000E+00
 1.35005276E-16
 1.33707148E-16
 1.32433747E-16
 0.00000000E+00
 0.00000000E+00
 1.28755031E-16
 0.00000000E+00
 0.00000000E+00
 0.00000000E+00
 1.24156637E-16
 0.00000000E+00
 1.21978451E-16
 0.00000000E+00
 0.00000000E+00
 0.00000000E+00
 1.17843588E-16
 0.00000000E+00
 0.00000000E+00
 0.00000000E+00
 0.00000000E+00
 0.00000000E+00
 0.00000000E+00
 0.00000000E+00
 2.20722911E-16
 0.00000000E+00
 0.00000000E+00
 0.00000000E+00
 0.00000000E+00
 2.12298372E-16
 2.10690051E-16
 0.00000000E+00
 2.07545424E-16
 0.00000000E+00
 2.04493285E-16
 0.00000000E+00
 0.00000000E+00
 2.00079761E-16
 3.97301240E-16
 1.97241750E-16
 0.00000000E+00
 0.00000000E+00
 1.93132547E-16
 0.00000000E+00
 0.00000000E+00
 1.89191066E-16
 1.87912748E-16
 1.86651589E-16
 1.85407245E-16
 0.00000000E+00
 0.00000000E+00
 1.81771809E-16
 1.80591473E-16
 0.00000000E+00
 0.00000000E+00
 3.15394187E-04
 1.02973636E-03
 1.73509309E-03
 2.43163286E-03
 3.11951997E-03
 3.79891464E-03
 4.46997318E-03
 2.22508709E-03
 9.64105568E-05
 4.28906895E-04
 7.61401044E-04
 1.09533517E-03
 1.06696556E-03
 8.80323006E-04
 5.17815934E-04
 9.29651056E-05
 4.53258780E-08
 1.40826610E-07
 2.29364715E-04
 3.66646245E-05
 4.28975375E-07
 5.25666756E-07
 6.77802149E-07
 6.67220983E-07
 5.89550352E-07
 5.08452759E-07
 4.27218199E-07
 3.45846995E-07
 2.64339434E-07
 1.82692632E-07
 1.00905391E-07
 2.62865588E-08
 1.63438766E-05
 2.10243218E-08
 4.48230730E-08
 6.87429464E-08
 9.27165025E-08
 1.16835184E-07
 1.41100644E-07
 1.65441483E-07
 1.89764816E-07
 2.14237420E-07
 2.38859267E-07
 2.63635040E-07
 2.88561529E-07
 3.13643282E-07
 3.38880177E-07
 3.72216383E-07
 4.14714592E-07
 4.57369303E-07
 5.00183831E-07
 5.43158335E-07
 5.86294031E-07
 6.29592877E-07
 6.73054714E-07
 7.16681364E-07
 7.60475840E-07
 8.04435076E-07
 8.48564299E-07
 8.92861864E-07
 9.37332172E-07
 2.96383113E-07
 2.78214584E-07
 2.69033195E-07
 2.61890240E-07
 2.54702998E-07
 2.47469156E-07
 2.40190459E-07
 2.32865397E-07
 2.25493114E-07
 2.18075155E-07
 2.10610178E-07
 2.03096094E-07
 1.95535153E-07
 1.87925775E-07
 1.80268103E-07
 1.72561104E-07
 1.64803923E-07
 1.56998730E-07
 1.49142429E-07
 1.41234710E-07
 1.33277124E-07
 1.25269616E-07
 1.17209114E-07
 1.09095897E-07
 1.00930824E-07
 9.27126509E-08
 8.44412850E-08
 7.61154869E-08
 6.77357763E-08
 5.93014526E-08
 5.08106346E-08
 4.22656324E-08
 3.36657273E-08
 1.42576935E-08
 1.59538549E-08
 4.62233266E-08
 7.65506814E-08
 1.06937125E-07
 1.37380777E-07
 1.67885428E-07
 1.98449639E-07
 2.29074949E-07
 2.59761053E-07
 2.90508407E-07
 3.21317823E-07
 3.52189804E-07
 3.83125936E-07
 4.14125186E-07
 4.45188837E-07
 4.76316286E-07
 5.07511043E-07
 5.38771696E-07
 5.70099580E-07
 6.01493062E-07
 6.32955697E-07
 6.64487592E-07
 6.96087596E-07
 7.27758403E-07
 7.59500398E-07
 7.91312671E-07
 8.23197322E-07
 8.55154946E-07
 8.87186038E-07
 9.19292265E-07
 9.51473233E-07
 9.83728566E-07
 1.01606193E-06
 1.04847149E-06
 1.08096093E-06
 1.11352894E-06
 1.14617572E-06
 1.17890453E-06
 1.21171410E-06
 1.24460520E-06
 1.27758114E-06
 1.31064170E-06
 1.34378672E-06
 1.37701901E-06
 1.41033748E-06
 1.44374349E-06
 1.47724150E-06
 1.51082685E-06
 1.54450506E-06
 1.57827610E-06
 1.61214093E-06
 1.64609861E-06
 1.68015475E-06
 1.71430731E-06
 1.74855795E-06
 1.78290832E-06
 1.81735859E-06
 1.85191298E-06
 1.88657112E-06
 1.92133325E-06
 1.95620180E-06
 1.99117897E-06
 2.02626575E-06
 2.06146344E-06
 2.09677340E-06
 2.13219672E-06
 2.16773796E-06
 2.20339634E-06
 2.23917285E-06
 2.27507242E-06
 1.03771089E-06
 1.06140554E-06
 1.08513325E-06
 1.10889374E-06
 1.13268759E-06
 1.15651618E-06
 1.18037805E-06
 1.20427598E-06
 1.22821013E-06
 1.25217940E-06
 1.27618686E-06
 1.30023195E-06
 1.32431587E-06
 1.34843804E-06
 1.37260161E-06
 1.39680491E-06
 1.42105041E-06
 1.44533824E-06
 1.46966924E-06
 1.49404431E-06
 1.51846686E-06
 1.54293372E-06
 1.56744836E-06
 1.59201102E-06
 1.61662351E-06
 1.64128696E-06
 1.66600166E-06
 1.69077126E-06
 1.71559529E-06
 1.74047417E-06
 1.76541084E-06
 1.79040831E-06
 1.81546545E-06
 1.84058541E-06
 1.86577052E-06
 1.89102230E-06
 1.91634155E-06
 1.94173339E-06
 1.96719697E-06
 1.99273766E-06
 2.01835554E-06
 2.04405435E-06
 2.06983824E-06
 2.09570822E-06
 2.12166936E-06
 2.14772513E-06
 7.01824205E-07
 4.34176370E-07
 2.94874362E-07
 1.96913122E-07
 1.21492011E-07
 6.07415539E-08
 1.04816691E-08
 3.18097514E-08
 1.20423153E-06
 1.17447570E-06
 1.14581433E-06
 1.11808734E-06
 1.09116473E-06
 1.06494825E-06
 1.03935694E-06
 1.01432166E-06
 9.89790068E-07
 9.65712241E-07
 9.42048727E-07
 9.18766941E-07
 8.95836011E-07
 8.73230821E-07
 8.50928759E-07
 8.28907898E-07
 8.07154050E-07
 7.85649841E-07
 7.64379243E-07
 7.43332334E-07
 7.22497920E-07
 7.01863454E-07
 6.81422264E-07
 6.61164161E-07
 6.41083711E-07
 6.21171450E-07
 6.01422905E-07
 5.81831020E-07
 5.62391498E-07
 5.43100274E-07
 5.23952380E-07
 5.04944147E-07
 4.86071369E-07
 4.67332013E-07
 4.48721687E-07
 4.30240546E-07
 4.11883336E-07
 3.93649874E-07
 3.75537179E-07
 3.57544792E-07
 3.39671290E-07
 3.21915045E-07
 3.04275335E-07
 2.86752910E-07
 2.69345100E-07
 2.52051968E-07
 2.34875275E-07
 2.17812684E-07
 2.00867215E-07
 1.84037475E-07
 1.67326159E-07
 1.50730617E-07
 1.34256369E-07
 1.17902274E-07
 1.01670362E-07
 8.55643200E-08
 6.95822131E-08
 5.37305642E-08
 3.80095810E-08
 2.24226380E-08
 6.97381264E-09
 8.33464801E-09
 2.34960794E-08
 7.52186515E-09
 2.71996105E-08
 6.20803507E-08
 9.71247642E-08
 1.32340771E-07
 1.67734370E-07
 2.03311834E-07
 2.39083065E-07
 2.75054962E-07
 3.11235471E-07
 3.47638075E-07
 3.84271851E-07
 4.21149121E-07
 4.58281454E-07
 4.95685943E-07
 5.33377207E-07
 5.71372037E-07
 6.09690716E-07
 6.48351916E-07
 6.87381452E-07
 7.26803824E-07
 7.66646320E-07
 8.06941760E-07
 8.47724765E-07
 8.89032950E-07
 9.30912323E-07
 9.73409761E-07
 1.01658355E-06
 1.06049291E-06
 1.10521047E-06
 1.19355389E-07
 6.52430510E-08
 8.00183067E-08
 9.00432765E-08
 9.47555701E-08
 9.35013731E-08
 8.55105712E-08
 6.98666339E-08
 4.54788565E-08
 2.99362849E-02
 9.17402859E-02
 1.53544284E-01
 2.15348277E-01
 3.13981254E-01
 4.40364074E-01
 6.06349231E-01
 0.00000000E+00
 0.00000000E+00
 0.00000000E+00
 0.00000000E+00
 0.00000000E+00
 0.00000000E+00
 0.00000000E+00
 0.00000000E+00
 0.00000000E+00
 0.00000000E+00
 0.00000000E+00
 0.00000000E+00
 0.00000000E+00
 0.00000000E+00
 0.00000000E+00
 0.00000000E+00
 1.30364469E-15
 1.30364469E-15
 1.44849410E-15
 1.30364469E-15
 1.39055434E-15
 5.79397641E-16
 6.20783187E-16
 4.34548231E-16
 7.72530188E-16
 8.69096461E-16
 7.90087692E-16
 5.79397641E-16
 4.01121444E-16
 2.48313275E-16
 4.63518113E-16
 4.34548231E-16
 4.08986570E-16
 3.86265094E-16
 0.00000000E+00
 0.00000000E+00
 0.00000000E+00
 1.58017538E-16
 1.51147211E-16
 1.44849410E-16
 1.39055434E-16
 2.67414296E-16
 1.28755031E-16
 1.24156637E-16
 3.59626122E-16
 3.47638585E-16
 2.24282958E-16
 4.34548231E-16
 2.10690051E-16
 4.08986570E-16
 1.98650620E-16
 3.86265094E-16
 1.87912748E-16
 0.00000000E+00
 0.00000000E+00
 0.00000000E+00
 0.00000000E+00
 0.00000000E+00
 0.00000000E+00
 1.58017538E-16
 1.54506038E-16
 1.51147211E-16
 0.00000000E+00
 1.44849410E-16
 2.83786600E-16
 1.39055434E-16
 2.72657713E-16
 1.33707148E-16
 1.31184372E-16
 2.57510063E-16
 1.26414031E-16
 2.48313275E-16
 1.21978451E-16
 0.00000000E+00
 2.35687176E-16
 0.00000000E+00
 0.00000000E+00
 0.00000000E+00
 0.00000000E+00
 0.00000000E+00
 0.00000000E+00
 2.10690051E-16
 2.07545424E-16
 2.04493285E-16
 2.01529614E-16
 1.98650620E-16
 1.95852724E-16
 1.93132547E-16
 0.00000000E+00
 1.87912748E-16
 0.00000000E+00
 0.00000000E+00
 0.00000000E+00
 0.00000000E+00
 0.00000000E+00
 0.00000000E+00
 0.00000000E+00
 0.00000000E+00
 1.67536667E-16
 0.00000000E+00
 0.00000000E+00
 0.00000000E+00
 1.59833832E-16
 0.00000000E+00
 3.12484121E-16
 1.54506038E-16
 1.52808169E-16
 1.51147211E-16
 1.49521972E-16
 0.00000000E+00
 0.00000000E+00
 0.00000000E+00
 1.43356117E-16
 0.00000000E+00
 0.00000000E+00
 0.00000000E+00
 0.00000000E+00
 1.36328857E-16
 1.35005276E-16
 0.00000000E+00
 1.32433747E-16
 1.31184372E-16
 1.29958349E-16
 1.28755031E-16
 0.00000000E+00
 1.26414031E-16
 1.25275166E-16
 2.48313275E-16
 0.00000000E+00
 1.21978451E-16
 1.20917769E-16
 0.00000000E+00
 0.00000000E+00
 2.35687176E-16
 0.00000000E+00
 0.00000000E+00
 1.14921846E-16
 0.00000000E+00
 1.13053198E-16
 0.00000000E+00
 0.00000000E+00
 2.20722911E-16
 0.00000000E+00
 0.00000000E+00
 0.00000000E+00
 2.13931437E-16
 0.00000000E+00
 0.00000000E+00
 0.00000000E+00
 0.00000000E+00
 2.06008050E-16
 0.00000000E+00
 2.03000633E-16
 0.00000000E+00
 0.00000000E+00
 0.00000000E+00
 1.97241750E-16
 0.00000000E+00
 1.94483124E-16
 1.93132547E-16
 1.91800598E-16
 1.90486896E-16
 0.00000000E+00
 3.75825497E-16
 1.86651589E-16
 0.00000000E+00
 1.84179383E-16
 0.00000000E+00
 0.00000000E+00
 3.61182945E-16
 0.00000000E+00
 0.00000000E+00
 2.94797016E-04
 9.62488267E-04
 1.62178089E-03
 2.27283235E-03
 2.91579621E-03
 3.55082225E-03
 4.17805656E-03
 2.55317226E-03
 1.79258181E-04
 2.12834633E-04
 6.04925197E-04
 9.98426919E-04
 1.00733643E-03
 8.48192904E-04
 5.02317738E-04
 9.02464491E-05
 3.31623366E-08
 6.02633663E-08
 2.43635044E-04
 3.90355279E-05
 3.42123633E-07
 4.36700614E-07
 7.66728974E-07
 7.58708360E-07
 6.79461246E-07
 5.96580835E-07
 5.13563807E-07
 4.30410457E-07
 3.47117986E-07
 2.63686486E-07
 1.80113163E-07
 1.03965111E-07
 1.74316006E-05
 5.72108925E-08
 3.36925628E-08
 1.00535389E-08
 1.36334208E-08
 3.74668500E-08
 6.14485387E-08
 8.55024242E-08
 1.09528117E-07
 1.33704738E-07
 1.58031985E-07
 1.82512939E-07
 2.07147456E-07
 2.31935744E-07
 2.56882198E-07
 2.90420286E-07
 3.33674964E-07
 3.77089360E-07
 4.20665031E-07
 4.64400553E-07
 5.08298927E-07
 5.52360167E-07
 5.96587859E-07
 6.40979902E-07
 6.85540114E-07
 7.30268187E-07
 7.75166011E-07
 8.20233933E-07
 8.65474816E-07
 3.72907011E-07
 3.54127508E-07
 3.44891307E-07
 3.37822022E-07
 3.30707922E-07
 3.23546928E-07
 3.16341602E-07
 3.09089850E-07
 3.01790076E-07
 2.94443035E-07
 2.87049703E-07
 2.79608231E-07
 2.72118054E-07
 2.64578866E-07
 2.56991079E-07
 2.49353382E-07
 2.41667691E-07
 2.33930894E-07
 2.26143634E-07
 2.18304051E-07
 2.10416086E-07
 2.02474836E-07
 1.94480890E-07
 1.86435409E-07
 1.78336534E-07
 1.70183608E-07
 1.61978673E-07
 1.53718334E-07
 1.45403732E-07
 1.37033850E-07
 1.28607466E-07
 1.20127057E-07
 1.11588718E-07
 9.24737006E-08
 6.27797506E-08
 3.30279693E-08
 3.21900250E-09
 2.66504816E-08
 5.65786850E-08
 8.65671126E-08
 1.16616210E-07
 1.46725285E-07
 1.76895911E-07
 2.07129289E-07
 2.37424044E-07
 2.67783596E-07
 2.98206186E-07
 3.28691983E-07
 3.59244089E-07
 3.89860399E-07
 4.20544419E-07
 4.51293411E-07
 4.82110726E-07
 5.12994914E-07
 5.43949326E-07
 5.74971714E-07
 6.06064151E-07
 6.37226776E-07
 6.68461034E-07
 6.99767534E-07
 7.31146256E-07
 7.62597839E-07
 7.94125446E-07
 8.25725081E-07
 8.57402951E-07
 8.89154637E-07
 9.20985884E-07
 9.52893742E-07
 9.84880505E-07
 1.01694735E-06
 1.04909347E-06
 1.08132316E-06
 1.11363313E-06
 1.14602719E-06
 1.17850413E-06
 1.21106725E-06
 1.24371590E-06
 1.27645040E-06
 1.30927419E-06
 1.34218662E-06
 1.37518914E-06
 1.40828115E-06
 1.44146716E-06
 1.47474566E-06
 1.50811858E-06
 1.54158708E-06
 1.57515162E-06
 1.60881384E-06
 1.64257690E-06
 1.67643885E-06
 1.71040292E-06
 1.74447025E-06
 1.77864231E-06
 1.81292002E-06
 1.84730488E-06
 1.88179880E-06
 1.91640244E-06
 1.95111839E-06
 1.98594802E-06
 2.02089181E-06
 2.05595339E-06
 2.09113361E-06
 2.12643367E-06
 2.16185584E-06
 9.15792824E-07
 9.38926750E-07
 9.62093502E-07
 9.85292574E-07
 1.00852548E-06
 1.03179378E-06
 1.05509491E-06
 1.07843259E-06
 1.10180696E-06
 1.12521768E-06
 1.14866651E-06
 1.17215244E-06
 1.19567710E-06
 1.21924202E-06
 1.24284813E-06
 1.26649450E-06
 1.29018285E-06
 1.31391319E-06
 1.33768812E-06
 1.36150770E-06
 1.38537280E-06
 1.40928535E-06
 1.43324545E-06
 1.45725328E-06
 1.48131159E-06
 1.50542149E-06
 1.52958324E-06
 1.55379972E-06
 1.57807044E-06
 1.60239747E-06
 1.62678385E-06
 1.65123002E-06
 1.67573571E-06
 1.70030657E-06
 1.72494166E-06
 1.74964406E-06
 1.77441559E-06
 1.79925874E-06
 1.82417443E-06
 1.84916788E-06
 1.87423944E-06
 1.89939279E-06
 1.92463188E-06
 1.94995713E-06
 1.97537536E-06
 2.00088818E-06
 6.08530812E-07
 2.93333303E-07
 1.45245817E-07
 4.25741641E-08
 3.60783380E-08
 9.93215498E-08
 1.51637555E-07
 1.95703120E-07
 1.04490188E-06
 1.01627461E-06
 9.88774501E-07
 9.62229702E-07
 9.36509948E-07
 9.11509392E-07
 8.87149021E-07
 8.63354535E-07
 8.40071509E-07
 8.17252603E-07
 7.94855747E-07
 7.72845872E-07
 7.51192668E-07
 7.29870296E-07
 7.08854890E-07
 6.88125772E-07
 6.67667699E-07
 6.47461427E-07
 6.27494333E-07
 6.07752891E-07
 5.88226017E-07
 5.68902307E-07
 5.49774083E-07
 5.30831968E-07
 5.12066633E-07
 4.93474770E-07
 4.75047368E-07
 4.56779159E-07
 4.38664842E-07
 4.20700132E-07
 4.02879646E-07
 3.85200803E-07
 3.67659650E-07
 3.50252206E-07
 3.32977186E-07
 3.15830083E-07
 2.98810610E-07
 2.81913623E-07
 2.65141133E-07
 2.48488231E-07
 2.31956020E-07
 2.15542486E-07
 1.99246561E-07
 1.83067640E-07
 1.67005254E-07
 1.51059251E-07
 1.35230585E-07
 1.19518071E-07
 1.03920971E-07
 8.84423024E-08
 7.30819414E-08
 5.78412016E-08
 4.27200013E-08
 2.77212226E-08
 1.28454987E-08
 1.90495032E-09
 1.65279943E-08
 3.10209888E-08
 4.53815739E-08
 5.96065465E-08
 7.36930260E-08
 8.76359109E-08
 1.01434365E-07
 8.65638812E-08
 5.44276852E-08
 2.21315457E-08
 1.03303055E-08
 4.29647053E-08
 7.57789777E-08
 1.08778520E-07
 1.41971193E-07
 1.75368566E-07
 2.08975994E-07
 2.42805942E-07
 2.76868281E-07
 3.11177437E-07
 3.45743813E-07
 3.80584129E-07
 4.15713885E-07
 4.51148908E-07
 4.86909908E-07
 5.23017606E-07
 5.59494919E-07
 5.96368453E-07
 6.33666312E-07
 6.71419089E-07
 7.09663105E-07
 7.48438562E-07
 7.87787277E-07
 8.27760596E-07
 8.68413852E-07
 9.09808869E-07
 9.52019498E-07
 9.95124789E-07
 2.28096183E-07
 2.31613950E-07
 2.30348234E-07
 2.23735005E-07
 2.11113177E-07
 1.91705587E-07
 1.64594231E-07
 1.28678688E-07
 2.79625551E-02
 8.56919192E-02
 1.43421281E-01
 2.01150640E-01
 2.97985671E-01
 4.24283444E-01
 5.92631584E-01
 0.00000000E+00
 0.00000000E+00
 0.00000000E+00
 0.00000000E+00
 0.00000000E+00
 0.00000000E+00
 0.00000000E+00
 0.00000000E+00
 0.00000000E+00
 0.00000000E+00
 0.00000000E+00
 0.00000000E+00
 0.00000000E+00
 0.00000000E+00
 0.00000000E+00
 0.00000000E+00
 1.30364469E-15
 1.30364469E-15
 1.44849410E-15
 1.30364469E-15
 1.21673505E-15
 5.79397641E-16
 6.20783187E-16
 6.51822346E-16
 9.65662735E-16
 8.69096461E-16
 6.32070154E-16
 5.79397641E-16
 4.01121444E-16
 3.72469912E-16
 4.63518113E-16
 4.34548231E-16
 0.00000000E+00
 1.93132547E-16
 0.00000000E+00
 0.00000000E+00
 0.00000000E+00
 1.58017538E-16
 3.02294421E-16
 2.89698820E-16
 2.78110868E-16
 2.67414296E-16
 1.28755031E-16
 2.48313275E-16
 1.19875374E-16
 3.47638585E-16
 2.24282958E-16
 4.34548231E-16
 2.10690051E-16
 0.00000000E+00
 1.98650620E-16
 1.93132547E-16
 1.87912748E-16
 0.00000000E+00
 0.00000000E+00
 0.00000000E+00
 0.00000000E+00
 0.00000000E+00
 1.61692365E-16
 1.58017538E-16
 1.54506038E-16
 3.02294421E-16
 1.47931313E-16
 1.44849410E-16
 1.41893300E-16
 1.39055434E-16
 1.36328857E-16
 1.33707148E-16
 1.31184372E-16
 2.57510063E-16
 1.26414031E-16
 1.24156637E-16
 2.43956901E-16
 1.19875374E-16
 0.00000000E+00
 1.15879528E-16
 1.13979864E-16
 0.00000000E+00
 2.20722911E-16
 0.00000000E+00
 0.00000000E+00
 2.10690051E-16
 2.07545424E-16
 0.00000000E+00
 2.01529614E-16
 1.98650620E-16
 0.00000000E+00
 1.93132547E-16
 0.00000000E+00
 0.00000000E+00
 1.85407245E-16
 0.00000000E+00
 0.00000000E+00
 0.00000000E+00
 0.00000000E+00
 0.00000000E+00
 0.00000000E+00
 0.00000000E+00
 0.00000000E+00
 0.00000000E+00
 0.00000000E+00
 1.61692365E-16
 1.59833832E-16
 1.58017538E-16
 1.56242060E-16
 1.54506038E-16
 1.52808169E-16
 1.51147211E-16
 1.49521972E-16
 1.47931313E-16
 0.00000000E+00
 1.44849410E-16
 0.00000000E+00
 1.41893300E-16
 0.00000000E+00
 0.00000000E+00
 0.00000000E+00
 0.00000000E+00
 0.00000000E+00
 0.00000000E+00
 0.00000000E+00
 0.00000000E+00
 1.29958349E-16
 1.28755031E-16
 0.00000000E+00
 1.26414031E-16
 1.25275166E-16
 1.24156637E-16
 0.00000000E+00
 1.21978451E-16
 1.20917769E-16
 1.19875374E-16
 0.00000000E+00
 0.00000000E+00
 0.00000000E+00
 1.15879528E-16
 0.00000000E+00
 1.13979864E-16
 0.00000000E+00
 0.00000000E+00
 0.00000000E+00
 2.20722911E-16
 0.00000000E+00
 0.00000000E+00
 0.00000000E+00
 0.00000000E+00
 0.00000000E+00
 0.00000000E+00
 0.00000000E+00
 2.07545424E-16
 0.00000000E+00
 0.00000000E+00
 0.00000000E+00
 2.01529614E-16
 0.00000000E+00
 3.97301240E-16
 0.00000000E+00
 0.00000000E+00
 1.94483124E-16
 0.00000000E+00
 3.83601197E-16
 1.90486896E-16
 0.00000000E+00
 1.87912748E-16
 0.00000000E+00
 0.00000000E+00
 0.00000000E+00
 0.00000000E+00
 1.81771809E-16
 3.61182945E-16
 1.79426366E-16
 0.00000000E+00
 2.74199844E-04
 8.95240179E-04
 1.50846868E-03
 2.11403183E-03
 2.71207246E-03
 3.30272987E-03
 3.88613995E-03
 2.88083019E-03
 4.54570559E-04
 2.96057331E-06
 4.48647102E-04
 9.01636820E-04
 9.47775844E-04
 8.16094761E-04
 4.86829375E-04
 8.75206204E-05
 1.00755462E-07
 9.39292367E-09
 2.57875582E-04
 4.13924718E-05
 2.66196001E-07
 3.58665527E-07
 8.44650557E-07
 8.39187295E-07
 7.58364450E-07
 6.73703762E-07
 5.88906865E-07
 5.03969110E-07
 4.18894128E-07
 3.33678826E-07
 2.48320310E-07
 1.70643575E-07
 1.85069760E-05
 1.24442251E-07
 1.01201148E-07
 7.78424760E-08
 5.44403093E-08
 3.08900719E-08
 7.19047987E-09
 1.65784067E-08
 4.03085790E-08
 6.41910592E-08
 8.82240879E-08
 1.12413838E-07
 1.36756952E-07
 1.61256690E-07
 1.85913132E-07
 2.19651462E-07
 2.63666469E-07
 3.07841051E-07
 3.52175547E-07
 3.96674188E-07
 4.41335756E-07
 4.86161874E-07
 5.31152603E-07
 5.76312545E-07
 6.21639236E-07
 6.67135336E-07
 7.12804095E-07
 7.58641594E-07
 8.04653629E-07
 4.38407165E-07
 4.19014694E-07
 4.09723845E-07
 4.02729305E-07
 3.95688086E-07
 3.88600982E-07
 3.81467692E-07
 3.74287425E-07
 3.67060128E-07
 3.59783713E-07
 3.52461727E-07
 3.45090015E-07
 3.37670300E-07
 3.30200722E-07
 3.22682765E-07
 3.15115295E-07
 3.07497974E-07
 2.99829232E-07
 2.92110947E-07
 2.84339725E-07
 2.76517981E-07
 2.68643849E-07
 2.60716987E-07
 2.52737657E-07
 2.44704291E-07
 2.36617737E-07
 2.28476124E-07
 2.20281154E-07
 2.12031584E-07
 2.03724550E-07
 1.95362687E-07
 1.86944434E-07
 1.78469900E-07
 1.59644126E-07
 1.30467060E-07
 1.01232964E-07
 7.19391021E-08
 4.25850682E-08
 1.31720133E-08
 1.63001567E-08
 4.58345033E-08
 7.54295837E-08
 1.05087351E-07
 1.34807146E-07
 1.64590552E-07
 1.94436200E-07
 2.24347186E-07
 2.54322888E-07
 2.84363108E-07
 3.14470547E-07
 3.44642841E-07
 3.74883778E-07
 4.05191054E-07
 4.35568874E-07
 4.66014116E-07
 4.96529290E-07
 5.27114955E-07
 5.57771690E-07
 5.88500960E-07
 6.19301873E-07
 6.50175486E-07
 6.81122876E-07
 7.12146771E-07
 7.43244113E-07
 7.74418197E-07
 8.05670081E-07
 8.36998462E-07
 8.68406016E-07
 8.99892444E-07
 9.31459962E-07
 9.63107282E-07
 9.94837698E-07
 1.02664994E-06
 1.05854733E-06
 1.09052714E-06
 1.12259420E-06
 1.15474789E-06
 1.18698854E-06
 1.21931754E-06
 1.25173632E-06
 1.28424579E-06
 1.31684688E-06
 1.34954064E-06
 1.38232905E-06
 1.41521155E-06
 1.44819124E-06
 1.48126724E-06
 1.51444158E-06
 1.54771744E-06
 1.58109249E-06
 1.61457190E-06
 1.64815436E-06
 1.68184165E-06
 1.71563653E-06
 1.74953932E-06
 1.78355034E-06
 1.81767311E-06
 1.85190897E-06
 1.88625930E-06
 1.92072459E-06
 1.95530847E-06
 1.99001154E-06
 2.02483597E-06
 7.82433548E-07
 8.04974493E-07
 8.27546953E-07
 8.50152692E-07
 8.72792776E-07
 8.95466462E-07
 9.18174423E-07
 9.40918005E-07
 9.63696282E-07
 9.86512464E-07
 1.00936492E-06
 1.03225495E-06
 1.05518436E-06
 1.07815212E-06
 1.10115918E-06
 1.12420783E-06
 1.14729815E-06
 1.17043099E-06
 1.19360561E-06
 1.21682536E-06
 1.24009028E-06
 1.26340058E-06
 1.28675802E-06
 1.31016442E-06
 1.33361922E-06
 1.35712510E-06
 1.38068151E-06
 1.40429211E-06
 1.42795638E-06
 1.45167640E-06
 1.47545342E-06
 1.49928704E-06
 1.52318370E-06
 1.54714140E-06
 1.57116167E-06
 1.59524842E-06
 1.61940344E-06
 1.64362731E-06
 1.66792274E-06
 1.69229314E-06
 1.71674058E-06
 1.74126671E-06
 1.76587557E-06
 1.79057090E-06
 1.81535339E-06
 1.84022956E-06
 1.86520044E-06
 5.98450269E-07
 1.65206042E-07
 7.35391570E-09
 1.00308539E-07
 1.82322388E-07
 2.48133041E-07
 3.02552609E-07
 3.48424565E-07
 8.96693579E-07
 8.69190520E-07
 8.42844555E-07
 8.17477078E-07
 7.92953693E-07
 7.69166350E-07
 7.46031817E-07
 7.23473731E-07
 7.01439138E-07
 6.79874710E-07
 6.58739753E-07
 6.37999629E-07
 6.17620961E-07
 5.97578576E-07
 5.77848220E-07
 5.58409393E-07
 5.39242977E-07
 5.20333643E-07
 5.01665206E-07
 4.83227024E-07
 4.65005461E-07
 4.46990269E-07
 4.29172695E-07
 4.11543545E-07
 3.94094549E-07
 3.76818387E-07
 3.59710816E-07
 3.42763232E-07
 3.25971905E-07
 3.09331639E-07
 2.92837303E-07
 2.76487125E-07
 2.60274792E-07
 2.44197996E-07
 2.28254390E-07
 2.12440881E-07
 1.96754727E-07
 1.81194985E-07
 1.65757865E-07
 1.50444407E-07
 1.35250678E-07
 1.20178151E-07
 1.05223435E-07
 9.03869866E-08
 7.56685049E-08
 6.10680696E-08
 4.65848094E-08
 3.22189900E-08
 1.79703786E-08
 3.84112445E-09
 1.01693768E-08
 2.40596967E-08
 3.78279403E-08
 5.14743677E-08
 6.49961957E-08
 7.83907969E-08
 9.16566311E-08
 1.04793303E-07
 1.17795264E-07
 1.30660631E-07
 1.43386281E-07
 1.55967429E-07
 1.68402415E-07
 1.54633855E-07
 1.25080472E-07
 9.53651420E-08
 6.54820534E-08
 3.54251215E-08
 5.18768213E-09
 2.52374404E-08
 5.58572029E-08
 8.66811397E-08
 1.17718335E-07
 1.48980515E-07
 1.80477462E-07
 2.12220938E-07
 2.44225390E-07
 2.76504303E-07
 3.09074927E-07
 3.41954495E-07
 3.75162450E-07
 4.08719714E-07
 4.42649375E-07
 4.76977394E-07
 5.11733764E-07
 5.46948401E-07
 5.82657971E-07
 6.18903666E-07
 6.55726702E-07
 6.93179224E-07
 7.31316282E-07
 7.70201989E-07
 8.09908181E-07
 8.50516379E-07
 3.79923331E-07
 3.72196771E-07
 3.59652000E-07
 3.41722997E-07
 3.17744513E-07
 2.86934812E-07
 2.48364926E-07
 2.00932248E-07
 2.59914619E-02
 7.96516098E-02
 1.33311757E-01
 1.86971902E-01
 2.82010508E-01
 4.08224216E-01
 5.78932191E-01
 0.00000000E+00
 0.00000000E+00
 0.00000000E+00
 0.00000000E+00
 0.00000000E+00
 0.00000000E+00
 0.00000000E+00
 0.00000000E+00
 0.00000000E+00
 0.00000000E+00
 0.00000000E+00
 0.00000000E+00
 0.00000000E+00
 0.00000000E+00
 0.00000000E+00
 0.00000000E+00
 1.30364469E-15
 1.30364469E-15
 1.44849410E-15
 1.30364469E-15
 1.39055434E-15
 5.79397641E-16
 6.20783187E-16
 6.51822346E-16
 5.79397641E-16
 8.69096461E-16
 7.90087692E-16
 5.79397641E-16
 5.34828592E-16
 2.48313275E-16
 5.79397641E-16
 4.34548231E-16
 2.04493285E-16
 1.93132547E-16
 1.82967676E-16
 1.73819292E-16
 1.65542183E-16
 0.00000000E+00
 1.51147211E-16
 1.44849410E-16
 2.78110868E-16
 2.67414296E-16
 1.28755031E-16
 2.48313275E-16
 2.39750748E-16
 3.47638585E-16
 2.24282958E-16
 4.34548231E-16
 2.10690051E-16
 2.04493285E-16
 1.98650620E-16
 1.93132547E-16
 3.75825497E-16
 1.82967676E-16
 0.00000000E+00
 1.73819292E-16
 1.69579797E-16
 1.65542183E-16
 1.61692365E-16
 0.00000000E+00
 1.54506038E-16
 1.51147211E-16
 1.47931313E-16
 1.44849410E-16
 2.83786600E-16
 0.00000000E+00
 2.72657713E-16
 2.67414296E-16
 1.31184372E-16
 2.57510063E-16
 2.52828062E-16
 1.24156637E-16
 3.65935352E-16
 0.00000000E+00
 1.17843588E-16
 0.00000000E+00
 1.13979864E-16
 0.00000000E+00
 2.20722911E-16
 0.00000000E+00
 0.00000000E+00
 2.10690051E-16
 2.07545424E-16
 2.04493285E-16
 0.00000000E+00
 1.98650620E-16
 0.00000000E+00
 1.93132547E-16
 1.90486896E-16
 1.87912748E-16
 0.00000000E+00
 1.82967676E-16
 0.00000000E+00
 0.00000000E+00
 1.76019536E-16
 1.73819292E-16
 0.00000000E+00
 1.69579797E-16
 1.67536667E-16
 1.65542183E-16
 0.00000000E+00
 1.61692365E-16
 1.59833832E-16
 0.00000000E+00
 3.12484121E-16
 0.00000000E+00
 1.52808169E-16
 0.00000000E+00
 1.49521972E-16
 1.47931313E-16
 1.46374141E-16
 1.44849410E-16
 1.43356117E-16
 0.00000000E+00
 0.00000000E+00
 1.39055434E-16
 0.00000000E+00
 1.36328857E-16
 0.00000000E+00
 0.00000000E+00
 0.00000000E+00
 1.31184372E-16
 0.00000000E+00
 2.57510063E-16
 1.27573793E-16
 1.26414031E-16
 1.25275166E-16
 1.24156637E-16
 1.23057906E-16
 2.43956901E-16
 1.20917769E-16
 0.00000000E+00
 0.00000000E+00
 1.17843588E-16
 0.00000000E+00
 0.00000000E+00
 0.00000000E+00
 1.13979864E-16
 1.13053198E-16
 0.00000000E+00
 0.00000000E+00
 0.00000000E+00
 2.18984935E-16
 4.34548231E-16
 0.00000000E+00
 2.13931437E-16
 2.12298372E-16
 0.00000000E+00
 0.00000000E+00
 0.00000000E+00
 2.06008050E-16
 0.00000000E+00
 2.03000633E-16
 0.00000000E+00
 0.00000000E+00
 0.00000000E+00
 0.00000000E+00
 0.00000000E+00
 0.00000000E+00
 0.00000000E+00
 1.91800598E-16
 0.00000000E+00
 1.89191066E-16
 1.87912748E-16
 0.00000000E+00
 0.00000000E+00
 0.00000000E+00
 0.00000000E+00
 1.81771809E-16
 0.00000000E+00
 1.79426366E-16
 3.56552394E-16
 2.53602673E-04
 8.27992090E-04
 1.39515648E-03
 1.95523132E-03
 2.50834871E-03
 3.05463748E-03
 3.59422333E-03
 3.20880835E-03
 7.29527323E-04
 2.18479314E-04
 2.92566323E-04
 8.04964593E-04
 8.88283628E-04
 7.84028467E-04
 4.71350772E-04
 8.47875845E-05
 1.57422453E-07
 6.81216039E-08
 2.72086343E-04
 4.37354387E-05
 2.01219298E-07
 2.91586329E-07
 9.11544036E-07
 9.08631883E-07
 8.26232566E-07
 7.39792822E-07
 6.53215511E-07
 5.66497735E-07
 4.79639683E-07
 3.92640115E-07
 3.05499263E-07
 2.26296039E-07
 1.95699827E-05
 1.80642714E-07
 1.57678667E-07
 1.34597115E-07
 1.11477895E-07
 8.82078666E-08
 6.47899970E-08
 4.13058377E-08
 1.78677752E-08
 5.72074668E-09
 2.94644481E-08
 5.33630467E-08
 7.74167333E-08
 1.01628321E-07
 1.25998041E-07
 1.59939253E-07
 2.04713468E-07
 2.49647306E-07
 2.94743770E-07
 3.40006210E-07
 3.85430095E-07
 4.31021434E-07
 4.76777515E-07
 5.22704136E-07
 5.68799038E-07
 6.15063733E-07
 6.61501088E-07
 7.08111676E-07
 7.54895681E-07
 4.92858188E-07
 4.72853822E-07
 4.63506871E-07
 4.56585908E-07
 4.49615952E-07
 4.42601346E-07
 4.35540002E-07
 4.28431133E-07
 4.21274916E-07
 4.14070561E-07
 4.06817249E-07
 3.99516192E-07
 3.92165540E-07
 3.84767505E-07
 3.77318697E-07
 3.69818794E-07
 3.62269974E-07
 3.54668847E-07
 3.47016606E-07
 3.39313573E-07
 3.31558165E-07
 3.23750039E-07
 3.15889471E-07
 3.07976399E-07
 3.00007440E-07
 2.91987049E-07
 2.83909732E-07
 2.75778717E-07
 2.67592102E-07
 2.59348002E-07
 2.51049900E-07
 2.42694381E-07
 2.34280711E-07
 2.15743141E-07
 1.87082898E-07
 1.58363288E-07
 1.29583999E-07
 1.00746450E-07
 7.18472060E-08
 4.28881151E-08
 1.38668527E-08
 1.52162838E-08
 4.43617483E-08
 7.35696378E-08
 1.02840806E-07
 1.32177233E-07
 1.61577190E-07
 1.91042674E-07
 2.20574191E-07
 2.50172239E-07
 2.79835976E-07
 3.09568117E-07
 3.39369193E-07
 3.69239510E-07
 3.99178776E-07
 4.29187764E-07
 4.59267709E-07
 4.89419607E-07
 5.19644516E-07
 5.49940466E-07
 5.80312598E-07
 6.10757937E-07
 6.41277718E-07
 6.71874434E-07
 7.02547832E-07
 7.33297547E-07
 7.64126729E-07
 7.95034093E-07
 8.26022843E-07
 8.57091710E-07
 8.88242422E-07
 9.19474741E-07
 9.50791959E-07
 9.82191343E-07
 1.01367775E-06
 1.04525049E-06
 1.07690993E-06
 1.10865744E-06
 1.14049442E-06
 1.17242125E-06
 1.20443895E-06
 1.23654941E-06
 1.26875417E-06
 1.30105169E-06
 1.33344605E-06
 1.36593729E-06
 1.39852705E-06
 1.43121580E-06
 1.46400485E-06
 1.49689629E-06
 1.52989031E-06
 1.56299021E-06
 1.59619474E-06
 1.62950700E-06
 1.66292850E-06
 1.69646026E-06
 1.73010391E-06
 1.76386144E-06
 1.79773394E-06
 1.83172219E-06
 1.86583054E-06
 1.90005798E-06
 6.61351959E-07
 6.83300042E-07
 7.05280404E-07
 7.27294551E-07
 7.49342186E-07
 7.71422371E-07
 7.93537529E-07
 8.15686519E-07
 8.37872492E-07
 8.60093652E-07
 8.82351590E-07
 9.04647042E-07
 9.26980715E-07
 9.49351779E-07
 9.71764213E-07
 9.94215600E-07
 1.01670836E-06
 1.03924331E-06
 1.06182136E-06
 1.08444259E-06
 1.10710780E-06
 1.12981803E-06
 1.15257582E-06
 1.17538053E-06
 1.19823318E-06
 1.22113648E-06
 1.24408981E-06
 1.26709513E-06
 1.29015362E-06
 1.31326727E-06
 1.33643649E-06
 1.35966336E-06
 1.38295004E-06
 1.40629627E-06
 1.42970593E-06
 1.45317879E-06
 1.47671814E-06
 1.50032550E-06
 1.52400341E-06
 1.54775367E-06
 1.57157884E-06
 1.59548163E-06
 1.61946417E-06
 1.64353015E-06
 1.66768165E-06
 1.69192301E-06
 1.71625635E-06
 1.74068685E-06
 1.76521813E-06
 5.00961326E-08
 1.18715726E-07
 2.31686940E-07
 3.17202438E-07
 3.85656829E-07
 4.42231770E-07
 4.89942244E-07
 7.59634664E-07
 7.33248973E-07
 7.08049898E-07
 6.83855317E-07
 6.60524255E-07
 6.37945640E-07
 6.16032418E-07
 5.94708542E-07
 5.73916221E-07
 5.53604705E-07
 5.33729471E-07
 5.14255453E-07
 4.95148935E-07
 4.76382952E-07
 4.57935214E-07
 4.39782334E-07
 4.21906717E-07
 4.04291784E-07
 3.86920847E-07
 3.69782116E-07
 3.52864444E-07
 3.36154816E-07
 3.19646163E-07
 3.03327441E-07
 2.87190936E-07
 2.71230687E-07
 2.55439739E-07
 2.39810977E-07
 2.24339941E-07
 2.09022720E-07
 1.93853011E-07
 1.78827330E-07
 1.63941984E-07
 1.49194357E-07
 1.34579388E-07
 1.20098136E-07
 1.05744447E-07
 9.15177672E-08
 7.74165265E-08
 6.34382848E-08
 4.95830843E-08
 3.58480669E-08
 2.22335805E-08
 8.73790014E-09
 4.63853274E-09
 1.78961729E-08
 3.10364767E-08
 4.40566455E-08
 5.69591959E-08
 6.97418339E-08
 8.24044742E-08
 9.49448186E-08
 1.07362653E-07
 1.19657978E-07
 1.31826713E-07
 1.43868394E-07
 1.55780324E-07
 1.67559974E-07
 1.79204508E-07
 1.90713596E-07
 2.02079544E-07
 2.13300829E-07
 2.24373094E-07
 2.11707451E-07
 1.84731870E-07
 1.57592702E-07
 1.30285824E-07
 1.02802858E-07
 7.51386017E-08
 4.72855244E-08
 1.92351709E-08
 9.02055381E-09
 3.74927265E-08
 6.61881186E-08
 9.51227197E-08
 1.24304443E-07
 1.53750416E-07
 1.83473441E-07
 2.13490056E-07
 2.43816535E-07
 2.74474996E-07
 3.05484106E-07
 3.36869348E-07
 3.68658041E-07
 4.00874836E-07
 4.33557050E-07
 4.66735878E-07
 5.00454007E-07
 5.34756107E-07
 5.69690861E-07
 6.05317250E-07
 6.41696427E-07
 6.78903593E-07
 7.17019938E-07
 5.20700899E-07
 5.01738624E-07
 4.77928565E-07
 4.48695868E-07
 4.13371907E-07
 3.71168517E-07
 3.21153475E-07
 2.62212182E-07
 2.40230002E-02
 7.36193421E-02
 1.23215684E-01
 1.72812026E-01
 2.66056595E-01
 3.92186347E-01
 5.65251017E-01
 0.00000000E+00
 0.00000000E+00
 0.00000000E+00
 0.00000000E+00
 0.00000000E+00
 0.00000000E+00
 0.00000000E+00
 0.00000000E+00
 0.00000000E+00
 0.00000000E+00
 0.00000000E+00
 0.00000000E+00
 0.00000000E+00
 0.00000000E+00
 0.00000000E+00
 0.00000000E+00
 1.30364469E-15
 1.30364469E-15
 1.44849410E-15
 1.30364469E-15
 1.39055434E-15
 5.79397641E-16
 7.44939824E-16
 6.51822346E-16
 7.72530188E-16
 8.69096461E-16
 7.90087692E-16
 5.79397641E-16
 5.34828592E-16
 2.48313275E-16
 3.47638585E-16
 6.51822346E-16
 2.04493285E-16
 1.93132547E-16
 0.00000000E+00
 0.00000000E+00
 0.00000000E+00
 0.00000000E+00
 1.51147211E-16
 1.44849410E-16
 2.78110868E-16
 0.00000000E+00
 1.28755031E-16
 1.24156637E-16
 3.59626122E-16
 2.31759056E-16
 2.24282958E-16
 4.34548231E-16
 2.10690051E-16
 2.04493285E-16
 1.98650620E-16
 1.93132547E-16
 1.87912748E-16
 0.00000000E+00
 0.00000000E+00
 0.00000000E+00
 1.69579797E-16
 0.00000000E+00
 1.61692365E-16
 0.00000000E+00
 1.54506038E-16
 1.51147211E-16
 1.47931313E-16
 1.44849410E-16
 4.25679899E-16
 2.78110868E-16
 2.72657713E-16
 0.00000000E+00
 2.62368743E-16
 2.57510063E-16
 1.26414031E-16
 2.48313275E-16
 1.21978451E-16
 0.00000000E+00
 1.17843588E-16
 0.00000000E+00
 0.00000000E+00
 0.00000000E+00
 0.00000000E+00
 0.00000000E+00
 0.00000000E+00
 2.10690051E-16
 2.07545424E-16
 2.04493285E-16
 0.00000000E+00
 1.98650620E-16
 1.95852724E-16
 1.93132547E-16
 0.00000000E+00
 1.87912748E-16
 0.00000000E+00
 0.00000000E+00
 0.00000000E+00
 0.00000000E+00
 1.76019536E-16
 0.00000000E+00
 0.00000000E+00
 1.69579797E-16
 1.67536667E-16
 0.00000000E+00
 0.00000000E+00
 0.00000000E+00
 1.59833832E-16
 0.00000000E+00
 1.56242060E-16
 0.00000000E+00
 1.52808169E-16
 1.51147211E-16
 0.00000000E+00
 0.00000000E+00
 1.46374141E-16
 1.44849410E-16
 0.00000000E+00
 1.41893300E-16
 0.00000000E+00
 0.00000000E+00
 1.37678647E-16
 1.36328857E-16
 1.35005276E-16
 0.00000000E+00
 1.32433747E-16
 1.31184372E-16
 1.29958349E-16
 1.28755031E-16
 1.27573793E-16
 1.26414031E-16
 0.00000000E+00
 2.48313275E-16
 1.23057906E-16
 1.21978451E-16
 0.00000000E+00
 0.00000000E+00
 0.00000000E+00
 1.17843588E-16
 1.16853306E-16
 0.00000000E+00
 0.00000000E+00
 0.00000000E+00
 0.00000000E+00
 0.00000000E+00
 1.11244347E-16
 2.20722911E-16
 0.00000000E+00
 2.17274115E-16
 0.00000000E+00
 2.13931437E-16
 2.12298372E-16
 2.10690051E-16
 0.00000000E+00
 0.00000000E+00
 0.00000000E+00
 2.04493285E-16
 0.00000000E+00
 0.00000000E+00
 2.00079761E-16
 0.00000000E+00
 3.94483500E-16
 1.95852724E-16
 1.94483124E-16
 0.00000000E+00
 1.91800598E-16
 0.00000000E+00
 0.00000000E+00
 0.00000000E+00
 1.86651589E-16
 1.85407245E-16
 0.00000000E+00
 3.65935352E-16
 0.00000000E+00
 0.00000000E+00
 1.79426366E-16
 0.00000000E+00
 2.33005501E-04
 7.60744001E-04
 1.28184428E-03
 1.79643081E-03
 2.30462496E-03
 2.80654510E-03
 3.30230672E-03
 3.53589647E-03
 1.00412922E-03
 4.33722177E-04
 1.36682427E-04
 7.08409961E-04
 8.28859599E-04
 7.51993913E-04
 4.55881868E-04
 8.20473103E-05
 2.03141544E-07
 1.15894372E-07
 2.86267334E-04
 4.60644049E-05
 1.47217704E-07
 2.35490500E-07
 9.67380924E-07
 9.67015413E-07
 8.83040624E-07
 7.94823151E-07
 7.06466830E-07
 6.17968587E-07
 5.29328860E-07
 4.40547889E-07
 3.51624319E-07
 2.70894088E-07
 2.06205964E-05
 2.25785817E-07
 2.03097220E-07
 1.80292791E-07
 1.57451958E-07
 1.34463483E-07
 1.11322787E-07
 8.81203022E-08
 6.49745282E-08
 4.16767500E-08
 1.82222409E-08
 5.38843486E-09
 2.91540149E-08
 5.30792426E-08
 7.71624539E-08
 1.11310418E-07
 1.56842700E-07
 2.02538918E-07
 2.48398003E-07
 2.94421392E-07
 3.40609322E-07
 3.86964641E-07
 4.33489377E-07
 4.80181862E-07
 5.27045355E-07
 5.74080396E-07
 6.21286751E-07
 6.68667926E-07
 5.56800513E-07
 5.36231475E-07
 5.15617362E-07
 5.06213274E-07
 4.99364448E-07
 4.92467635E-07
 4.85524076E-07
 4.78533468E-07
 4.71495027E-07
 4.64409728E-07
 4.57275711E-07
 4.50092669E-07
 4.42859772E-07
 4.35579765E-07
 4.28248722E-07
 4.20868113E-07
 4.13435816E-07
 4.05955521E-07
 3.98422309E-07
 3.90836127E-07
 3.83200055E-07
 3.75509757E-07
 3.67768554E-07
 3.59972134E-07
 3.52123474E-07
 3.44221297E-07
 3.36263423E-07
 3.28250680E-07
 3.20182054E-07
 3.12057481E-07
 3.03877434E-07
 2.95640336E-07
 2.87346306E-07
 2.78993764E-07
 2.60745982E-07
 2.32599883E-07
 2.04393350E-07
 1.76128614E-07
 1.47803032E-07
 1.19417650E-07
 9.09697558E-08
 6.24604442E-08
 3.38892471E-08
 5.25569712E-09
 2.34425572E-08
 5.22044940E-08
 8.10298750E-08
 1.09920701E-07
 1.38878963E-07
 1.67901487E-07
 1.96991376E-07
 2.26149565E-07
 2.55375910E-07
 2.84669463E-07
 3.14033784E-07
 3.43468349E-07
 3.72972666E-07
 4.02548816E-07
 4.32198270E-07
 4.61919700E-07
 4.91714148E-07
 5.21582704E-07
 5.51526447E-07
 5.81546499E-07
 6.11642605E-07
 6.41815777E-07
 6.72067288E-07
 7.02397747E-07
 7.32808418E-07
 7.63298471E-07
 7.93871177E-07
 8.24524766E-07
 8.55262512E-07
 8.86083199E-07
 9.16989652E-07
 9.47982159E-07
 9.79062114E-07
 1.01022834E-06
 1.04148377E-06
 1.07283027E-06
 1.10426678E-06
 1.13579475E-06
 1.16741614E-06
 1.19913203E-06
 1.23094231E-06
 1.26284965E-06
 1.29485551E-06
 1.32695960E-06
 1.35916299E-06
 1.39146833E-06
 1.42387580E-06
 1.45638870E-06
 1.48900513E-06
 1.52172846E-06
 1.55456147E-06
 1.58750295E-06
 1.62055639E-06
 1.65372220E-06
 1.68700174E-06
 1.72039863E-06
 1.75391210E-06
 1.78754464E-06
 1.82129899E-06
 5.73927887E-07
 5.95317001E-07
 6.16739750E-07
 6.38195146E-07
 6.59683824E-07
 6.81206162E-07
 7.02763943E-07
 7.24356039E-07
 7.45984006E-07
 7.67650137E-07
 7.89351226E-07
 8.11090152E-07
 8.32867980E-07
 8.54684415E-07
 8.76541157E-07
 8.98438221E-07
 9.20376338E-07
 9.42357314E-07
 9.64381059E-07
 9.86448548E-07
 1.00856060E-06
 1.03071904E-06
 1.05292323E-06
 1.07517655E-06
 1.09747845E-06
 1.11982911E-06
 1.14223209E-06
 1.16468771E-06
 1.18719629E-06
 1.20975899E-06
 1.23238048E-06
 1.25505861E-06
 1.27779644E-06
 1.30059525E-06
 1.32345744E-06
 1.34638436E-06
 1.36937683E-06
 1.39243802E-06
 1.41557144E-06
 1.43877695E-06
 1.46205829E-06
 1.48541725E-06
 1.50885748E-06
 1.53238036E-06
 1.55599141E-06
 1.57969121E-06
 1.60348487E-06
 1.62737563E-06
 1.65136830E-06
 5.16095842E-08
 2.32872923E-07
 3.51511584E-07
 4.40681070E-07
 5.11862396E-07
 5.70643607E-07
 6.20228129E-07
 6.33753253E-07
 6.08477168E-07
 5.84418591E-07
 5.61391596E-07
 5.39247097E-07
 5.17873707E-07
 4.97178187E-07
 4.77084860E-07
 4.57531942E-07
 4.38468151E-07
 4.19849511E-07
 4.01637909E-07
 3.83801598E-07
 3.66310024E-07
 3.49141838E-07
 3.32272163E-07
 3.15684778E-07
 2.99360444E-07
 2.83284986E-07
 2.67444370E-07
 2.51826862E-07
 2.36421873E-07
 2.21218335E-07
 2.06208012E-07
 1.91383249E-07
 1.76736132E-07
 1.62258971E-07
 1.47948393E-07
 1.33795566E-07
 1.19797452E-07
 1.05950255E-07
 9.22484246E-08
 7.86875460E-08
 6.52665575E-08
 5.19800488E-08
 3.88264401E-08
 2.58032197E-08
 1.29092613E-08
 1.40452489E-10
 1.25031868E-08
 2.50232994E-08
 3.74216785E-08
 4.96982382E-08
 6.18548219E-08
 7.38911244E-08
 8.58074192E-08
 9.76059323E-08
 1.09283518E-07
 1.20841294E-07
 1.32277949E-07
 1.43594468E-07
 1.54787071E-07
 1.65857700E-07
 1.76802266E-07
 1.87620496E-07
 1.98311069E-07
 2.08869279E-07
 2.19295482E-07
 2.29585586E-07
 2.39737642E-07
 2.49746374E-07
 2.59609755E-07
 2.69322248E-07
 2.57756882E-07
 2.33354872E-07
 2.08790630E-07
 1.84055631E-07
 1.59143753E-07
 1.34047868E-07
 1.08762067E-07
 8.32778933E-08
 5.75869468E-08
 3.16785687E-08
 5.54353496E-09
 2.08309052E-08
 4.74565750E-08
 7.43467665E-08
 1.01516449E-07
 1.28980886E-07
 1.56759799E-07
 1.84872088E-07
 2.13337943E-07
 2.42184372E-07
 2.71433843E-07
 3.01117472E-07
 3.31268577E-07
 3.61922273E-07
 3.93118517E-07
 4.24902180E-07
 4.57323848E-07
 4.90441676E-07
 5.24319284E-07
 5.59029929E-07
 5.94658211E-07
 6.50401410E-07
 6.20217915E-07
 5.85152579E-07
 5.44627345E-07
 4.97968766E-07
 4.44383431E-07
 3.82933278E-07
 3.12493693E-07
 2.20571648E-02
 6.75951002E-02
 1.13133037E-01
 1.58670975E-01
 2.50123890E-01
 3.76169796E-01
 5.51588025E-01
 0.00000000E+00
 0.00000000E+00
 0.00000000E+00
 0.00000000E+00
 0.00000000E+00
 0.00000000E+00
 0.00000000E+00
 0.00000000E+00
 0.00000000E+00
 0.00000000E+00
 0.00000000E+00
 0.00000000E+00
 0.00000000E+00
 0.00000000E+00
 0.00000000E+00
 0.00000000E+00
 1.30364469E-15
 1.30364469E-15
 1.44849410E-15
 1.30364469E-15
 1.39055434E-15
 7.24247051E-16
 6.20783187E-16
 6.51822346E-16
 7.72530188E-16
 8.69096461E-16
 7.90087692E-16
 5.79397641E-16
 4.01121444E-16
 2.48313275E-16
 4.63518113E-16
 2.17274115E-16
 4.08986570E-16
 1.93132547E-16
 0.00000000E+00
 0.00000000E+00
 0.00000000E+00
 0.00000000E+00
 1.51147211E-16
 2.89698820E-16
 2.78110868E-16
 1.33707148E-16
 1.28755031E-16
 0.00000000E+00
 2.39750748E-16
 3.47638585E-16
 2.24282958E-16
 2.17274115E-16
 2.10690051E-16
 4.08986570E-16
 1.98650620E-16
 1.93132547E-16
 1.87912748E-16
 0.00000000E+00
 1.78276197E-16
 0.00000000E+00
 0.00000000E+00
 0.00000000E+00
 1.61692365E-16
 0.00000000E+00
 1.54506038E-16
 1.51147211E-16
 1.47931313E-16
 1.44849410E-16
 1.41893300E-16
 1.39055434E-16
 2.72657713E-16
 0.00000000E+00
 2.62368743E-16
 1.28755031E-16
 1.26414031E-16
 2.48313275E-16
 2.43956901E-16
 0.00000000E+00
 0.00000000E+00
 1.15879528E-16
 1.13979864E-16
 0.00000000E+00
 0.00000000E+00
 0.00000000E+00
 0.00000000E+00
 0.00000000E+00
 0.00000000E+00
 2.04493285E-16
 2.01529614E-16
 1.98650620E-16
 0.00000000E+00
 1.93132547E-16
 0.00000000E+00
 1.87912748E-16
 0.00000000E+00
 0.00000000E+00
 1.80591473E-16
 1.78276197E-16
 0.00000000E+00
 0.00000000E+00
 1.71673375E-16
 0.00000000E+00
 0.00000000E+00
 0.00000000E+00
 0.00000000E+00
 0.00000000E+00
 3.19667664E-16
 0.00000000E+00
 1.56242060E-16
 1.54506038E-16
 1.52808169E-16
 1.51147211E-16
 1.49521972E-16
 1.47931313E-16
 2.92748282E-16
 1.44849410E-16
 1.43356117E-16
 0.00000000E+00
 0.00000000E+00
 1.39055434E-16
 1.37678647E-16
 0.00000000E+00
 0.00000000E+00
 0.00000000E+00
 0.00000000E+00
 2.62368743E-16
 0.00000000E+00
 1.28755031E-16
 0.00000000E+00
 1.26414031E-16
 1.25275166E-16
 2.48313275E-16
 1.23057906E-16
 2.43956901E-16
 0.00000000E+00
 0.00000000E+00
 1.18850798E-16
 0.00000000E+00
 1.16853306E-16
 1.15879528E-16
 2.29843692E-16
 1.13979864E-16
 1.13053198E-16
 0.00000000E+00
 0.00000000E+00
 0.00000000E+00
 2.18984935E-16
 0.00000000E+00
 0.00000000E+00
 0.00000000E+00
 0.00000000E+00
 0.00000000E+00
 0.00000000E+00
 2.07545424E-16
 0.00000000E+00
 0.00000000E+00
 2.03000633E-16
 2.01529614E-16
 2.00079761E-16
 1.98650620E-16
 0.00000000E+00
 1.95852724E-16
 0.00000000E+00
 0.00000000E+00
 1.91800598E-16
 1.90486896E-16
 1.89191066E-16
 0.00000000E+00
 1.86651589E-16
 0.00000000E+00
 0.00000000E+00
 0.00000000E+00
 1.81771809E-16
 0.00000000E+00
 1.79426366E-16
 1.78276197E-16
 2.12408330E-04
 6.93495913E-04
 1.16853208E-03
 1.63763029E-03
 2.10090120E-03
 2.55845272E-03
 3.01039010E-03
 3.45681605E-03
 1.27956789E-03
 6.48689751E-04
 1.90050163E-05
 6.11972646E-04
 7.69503574E-04
 7.19990989E-04
 4.40422596E-04
 7.92997643E-05
 2.37886699E-07
 1.52687095E-07
 3.00418571E-04
 4.83793527E-05
 1.04216522E-07
 1.90401248E-07
 1.01213478E-06
 1.01431340E-06
 9.28764466E-07
 8.38769025E-07
 7.48633527E-07
 6.58356406E-07
 5.67938161E-07
 4.77375603E-07
 3.86669132E-07
 3.04413013E-07
 2.16587908E-05
 2.59845575E-07
 2.37431118E-07
 2.14899460E-07
 1.92340342E-07
 1.69629058E-07
 1.46764052E-07
 1.23841866E-07
 1.00986839E-07
 7.79753055E-08
 5.48088649E-08
 3.14859931E-08
 8.00531706E-09
 1.56348509E-08
 3.94342972E-08
 7.37887396E-08
 1.20080447E-07
 1.66537747E-07
 2.13159582E-07
 2.59945650E-07
 3.06899168E-07
 3.54020208E-07
 4.01310626E-07
 4.48770536E-07
 4.96403221E-07
 5.44208420E-07
 5.92187115E-07
 6.40341809E-07
 5.89680743E-07
 5.68502370E-07
 5.47275722E-07
 5.37817837E-07
 5.31039657E-07
 5.24213636E-07
 5.17341400E-07
 5.10421794E-07
 5.03452249E-07
 4.96437070E-07
 4.89372607E-07
 4.82258542E-07
 4.75095577E-07
 4.67883373E-07
 4.60621341E-07
 4.53307617E-07
 4.45943127E-07
 4.38528782E-07
 4.31062433E-07
 4.23543732E-07
 4.15972046E-07
 4.08348250E-07
 4.00670470E-07
 3.92939567E-07
 3.85156080E-07
 3.77315399E-07
 3.69421382E-07
 3.61471518E-07
 3.53465725E-07
 3.45404491E-07
 3.37286235E-07
 3.29111088E-07
 3.20877458E-07
 3.12584952E-07
 2.94623251E-07
 2.66990769E-07
 2.39297126E-07
 2.11545339E-07
 1.83731878E-07
 1.55856377E-07
 1.27919890E-07
 9.99215786E-08
 7.18609790E-08
 4.37361266E-08
 1.55472907E-08
 1.27064041E-08
 4.10239663E-08
 6.94073872E-08
 9.78575628E-08
 1.26373918E-07
 1.54957387E-07
 1.83609586E-07
 2.12329711E-07
 2.41119656E-07
 2.69979076E-07
 2.98910273E-07
 3.27912104E-07
 3.56985606E-07
 3.86130941E-07
 4.15350665E-07
 4.44644333E-07
 4.74013046E-07
 5.03457444E-07
 5.32977146E-07
 5.62574785E-07
 5.92250106E-07
 6.22003156E-07
 6.51837734E-07
 6.81751489E-07
 7.11746184E-07
 7.41821540E-07
 7.71981841E-07
 8.02225348E-07
 8.32553360E-07
 8.62966200E-07
 8.93466708E-07
 9.24054227E-07
 9.54730646E-07
 9.85495341E-07
 1.01635224E-06
 1.04729933E-06
 1.07833949E-06
 1.10947425E-06
 1.14070261E-06
 1.17202714E-06
 1.20344884E-06
 1.23496934E-06
 1.26658874E-06
 1.29830967E-06
 1.33013228E-06
 1.36205835E-06
 1.39408842E-06
 1.42622551E-06
 1.45847021E-06
 1.49082290E-06
 1.52328792E-06
 1.55586318E-06
 1.58855316E-06
 1.62135769E-06
 1.65427944E-06
 1.68731925E-06
 1.72047990E-06
 4.76879806E-07
 4.97680158E-07
 5.18511517E-07
 5.39376940E-07
 5.60274558E-07
 5.81205907E-07
 6.02172307E-07
 6.23173020E-07
 6.44209422E-07
 6.65282172E-07
 6.86391091E-07
 7.07537069E-07
 7.28721549E-07
 7.49945281E-07
 7.71207430E-07
 7.92509652E-07
 8.13852735E-07
 8.35237398E-07
 8.56664617E-07
 8.78136023E-07
 8.99650854E-07
 9.21210927E-07
 9.42817967E-07
 9.64471346E-07
 9.86173611E-07
 1.00792425E-06
 1.02972507E-06
 1.05157889E-06
 1.07348431E-06
 1.09544416E-06
 1.11746052E-06
 1.13953208E-06
 1.16166265E-06
 1.18385445E-06
 1.20610631E-06
 1.22842218E-06
 1.25080271E-06
 1.27325033E-06
 1.29576835E-06
 1.31835755E-06
 1.34101894E-06
 1.36375766E-06
 1.38657479E-06
 1.40947322E-06
 1.43245500E-06
 1.45552417E-06
 1.47868558E-06
 1.50193998E-06
 1.52529341E-06
 1.54874764E-06
 1.39385012E-07
 3.35019247E-07
 4.59726445E-07
 5.52716717E-07
 6.26714750E-07
 6.87754614E-07
 7.39252257E-07
 5.19074455E-07
 4.94899626E-07
 4.71977631E-07
 4.50110424E-07
 4.29149901E-07
 4.08975664E-07
 3.89493288E-07
 3.70626679E-07
 3.52310437E-07
 3.34491968E-07
 3.17126496E-07
 3.00175648E-07
 2.83604285E-07
 2.67385060E-07
 2.51492792E-07
 2.35905481E-07
 2.20602576E-07
 2.05567634E-07
 1.90785451E-07
 1.76240748E-07
 1.61921739E-07
 1.47817111E-07
 1.33918438E-07
 1.20214248E-07
 1.06697560E-07
 9.33597978E-08
 8.01970127E-08
 6.71993531E-08
 5.43646113E-08
 4.16838598E-08
 2.91569080E-08
 1.67749919E-08
 4.53805767E-09
 7.55794917E-09
 1.95195201E-08
 3.13446912E-08
 4.30392819E-08
 5.46048321E-08
 6.60423100E-08
 7.73531318E-08
 8.85396385E-08
 9.96040421E-08
 1.10545122E-07
 1.21364672E-07
 1.32062824E-07
 1.42640326E-07
 1.53097955E-07
 1.63433763E-07
 1.73649861E-07
 1.83742892E-07
 1.93714865E-07
 2.03562116E-07
 2.13286054E-07
 2.22883465E-07
 2.32352684E-07
 2.41692592E-07
 2.50900921E-07
 2.59974091E-07
 2.68912411E-07
 2.77708432E-07
 2.86361868E-07
 2.94868646E-07
 3.03223374E-07
 2.92754732E-07
 2.70925715E-07
 2.48929970E-07
 2.26763580E-07
 2.04418461E-07
 1.81889249E-07
 1.59168056E-07
 1.36246987E-07
 1.13116451E-07
 8.97668129E-08
 6.61896959E-08
 4.23710187E-08
 1.82986914E-08
 6.03867733E-09
 3.06584142E-08
 5.55769255E-08
 8.08106005E-08
 1.06381522E-07
 1.32307268E-07
 1.58615756E-07
 1.85332828E-07
 2.12486988E-07
 2.40111221E-07
 2.68241645E-07
 2.96919886E-07
 3.26189329E-07
 3.56102852E-07
 3.86716697E-07
 4.18096716E-07
 4.50316272E-07
 4.83459570E-07
 5.05341806E-07
 7.27606599E-07
 6.81296905E-07
 6.29490932E-07
 5.71509374E-07
 5.06553002E-07
 4.33677609E-07
 3.51750608E-07
 2.00939507E-02
 6.15788684E-02
 1.03063788E-01
 1.44548711E-01
 2.34212350E-01
 3.60174521E-01
 5.37943179E-01
 0.00000000E+00
 0.00000000E+00
 0.00000000E+00
 0.00000000E+00
 0.00000000E+00
 0.00000000E+00
 0.00000000E+00
 0.00000000E+00
 0.00000000E+00
 0.00000000E+00
 0.00000000E+00
 0.00000000E+00
 0.00000000E+00
 0.00000000E+00
 0.00000000E+00
 0.00000000E+00
 1.30364469E-15
 1.30364469E-15
 1.59334351E-15
 1.30364469E-15
 1.21673505E-15
 7.24247051E-16
 6.20783187E-16
 6.51822346E-16
 9.65662735E-16
 8.69096461E-16
 7.90087692E-16
 4.34548231E-16
 4.01121444E-16
 4.96626549E-16
 4.63518113E-16
 4.34548231E-16
 0.00000000E+00
 1.93132547E-16
 0.00000000E+00
 0.00000000E+00
 0.00000000E+00
 1.58017538E-16
 0.00000000E+00
 2.89698820E-16
 1.39055434E-16
 2.67414296E-16
 2.57510063E-16
 1.24156637E-16
 2.39750748E-16
 2.31759056E-16
 3.36424437E-16
 2.17274115E-16
 2.10690051E-16
 0.00000000E+00
 1.98650620E-16
 1.93132547E-16
 3.75825497E-16
 0.00000000E+00
 0.00000000E+00
 0.00000000E+00
 1.69579797E-16
 0.00000000E+00
 0.00000000E+00
 1.58017538E-16
 1.54506038E-16
 0.00000000E+00
 1.47931313E-16
 1.44849410E-16
 1.41893300E-16
 1.39055434E-16
 2.72657713E-16
 2.67414296E-16
 1.31184372E-16
 1.28755031E-16
 1.26414031E-16
 1.24156637E-16
 1.21978451E-16
 0.00000000E+00
 0.00000000E+00
 1.15879528E-16
 0.00000000E+00
 0.00000000E+00
 0.00000000E+00
 0.00000000E+00
 0.00000000E+00
 0.00000000E+00
 0.00000000E+00
 0.00000000E+00
 0.00000000E+00
 1.98650620E-16
 1.95852724E-16
 1.93132547E-16
 0.00000000E+00
 0.00000000E+00
 1.85407245E-16
 0.00000000E+00
 0.00000000E+00
 0.00000000E+00
 0.00000000E+00
 0.00000000E+00
 0.00000000E+00
 1.69579797E-16
 0.00000000E+00
 0.00000000E+00
 1.63594628E-16
 0.00000000E+00
 1.59833832E-16
 1.58017538E-16
 0.00000000E+00
 1.54506038E-16
 1.52808169E-16
 0.00000000E+00
 1.49521972E-16
 0.00000000E+00
 1.46374141E-16
 1.44849410E-16
 0.00000000E+00
 1.41893300E-16
 0.00000000E+00
 0.00000000E+00
 0.00000000E+00
 0.00000000E+00
 0.00000000E+00
 1.33707148E-16
 0.00000000E+00
 1.31184372E-16
 0.00000000E+00
 1.28755031E-16
 2.55147585E-16
 0.00000000E+00
 1.25275166E-16
 1.24156637E-16
 1.23057906E-16
 1.21978451E-16
 1.20917769E-16
 0.00000000E+00
 1.18850798E-16
 0.00000000E+00
 0.00000000E+00
 1.15879528E-16
 1.14921846E-16
 0.00000000E+00
 1.13053198E-16
 0.00000000E+00
 1.11244347E-16
 0.00000000E+00
 0.00000000E+00
 0.00000000E+00
 2.15589820E-16
 4.27862873E-16
 2.12298372E-16
 0.00000000E+00
 2.09105916E-16
 0.00000000E+00
 2.06008050E-16
 2.04493285E-16
 0.00000000E+00
 2.01529614E-16
 0.00000000E+00
 1.98650620E-16
 3.94483500E-16
 1.95852724E-16
 1.94483124E-16
 0.00000000E+00
 1.91800598E-16
 0.00000000E+00
 0.00000000E+00
 0.00000000E+00
 1.86651589E-16
 0.00000000E+00
 0.00000000E+00
 1.82967676E-16
 1.81771809E-16
 1.80591473E-16
 1.79426366E-16
 0.00000000E+00
 1.91811159E-04
 6.26247824E-04
 1.05521988E-03
 1.47882978E-03
 1.89717745E-03
 2.31036033E-03
 2.71847348E-03
 3.12160965E-03
 1.55332694E-03
 8.63382624E-04
 1.74496440E-04
 5.14387167E-04
 7.10215371E-04
 6.88019585E-04
 4.24972886E-04
 7.65449153E-05
 2.61632577E-07
 1.78472927E-07
 3.14540063E-04
 5.06802616E-05
 7.22401839E-08
 1.56346305E-07
 1.04578179E-06
 1.05049723E-06
 9.63375474E-07
 8.71602332E-07
 7.79690880E-07
 6.87634986E-07
 5.95436486E-07
 5.03094112E-07
 4.10607960E-07
 3.26825609E-07
 2.26845462E-05
 2.82796812E-07
 2.60653849E-07
 2.38395348E-07
 2.16110509E-07
 1.93676644E-07
 1.71087912E-07
 1.48443218E-07
 1.25876105E-07
 1.03151069E-07
 8.02713048E-08
 5.72322189E-08
 3.40367926E-08
 1.06773764E-08
 1.28399012E-08
 4.73995416E-08
 9.44539444E-08
 1.41672432E-07
 1.89056609E-07
 2.36606711E-07
 2.84325783E-07
 3.32212704E-07
 3.80270368E-07
 4.28499279E-07
 4.76902131E-07
 5.25476752E-07
 5.74227425E-07
 6.23154340E-07
 6.11433768E-07
 5.89642995E-07
 5.67807854E-07
 5.58292601E-07
 5.51584665E-07
 5.44829430E-07
 5.38027888E-07
 5.31176640E-07
 5.24278217E-07
 5.17331798E-07
 5.10336019E-07
 5.03291088E-07
 4.96195905E-07
 4.89051907E-07
 4.81856483E-07
 4.74610298E-07
 4.67312472E-07
 4.59962927E-07
 4.52563801E-07
 4.45110180E-07
 4.37604747E-07
 4.30043829E-07
 4.22432247E-07
 4.14764455E-07
 4.07043430E-07
 3.99267575E-07
 3.91436209E-07
 3.83548947E-07
 3.75605959E-07
 3.67604465E-07
 3.59547954E-07
 3.51433003E-07
 3.43258877E-07
 3.35027496E-07
 3.17351820E-07
 2.90231086E-07
 2.63048460E-07
 2.35806507E-07
 2.08504078E-07
 1.81139210E-07
 1.53712953E-07
 1.26222979E-07
 9.86710741E-08
 7.10541257E-08
 4.33738956E-08
 1.56276603E-08
 1.21836285E-08
 4.00604847E-08
 6.80041375E-08
 9.60151971E-08
 1.24094895E-07
 1.52242000E-07
 1.80459231E-07
 2.08745824E-07
 2.37102582E-07
 2.65530274E-07
 2.94030151E-07
 3.22602160E-07
 3.51248422E-07
 3.79968043E-07
 4.08761498E-07
 4.37630484E-07
 4.66576106E-07
 4.95599040E-07
 5.24698918E-07
 5.53877928E-07
 5.83135187E-07
 6.12473004E-07
 6.41891483E-07
 6.71391448E-07
 7.00974143E-07
 7.30639802E-07
 7.60390737E-07
 7.90226749E-07
 8.20148667E-07
 8.50157842E-07
 8.80255649E-07
 9.10442439E-07
 9.40718642E-07
 9.71086676E-07
 1.00154703E-06
 1.03210014E-06
 1.06274750E-06
 1.09349065E-06
 1.12433215E-06
 1.15526899E-06
 1.18630588E-06
 1.21744293E-06
 1.24868163E-06
 1.28002333E-06
 1.31146917E-06
 1.34302000E-06
 1.37467893E-06
 1.40644532E-06
 1.43832102E-06
 1.47030892E-06
 1.50240940E-06
 1.53462447E-06
 1.56695491E-06
 1.59940341E-06
 1.63197116E-06
 3.92182082E-07
 4.12393240E-07
 4.32635260E-07
 4.52910530E-07
 4.73217851E-07
 4.93560289E-07
 5.13936035E-07
 5.34345908E-07
 5.54791274E-07
 5.75272804E-07
 5.95790279E-07
 6.16344594E-07
 6.36936482E-07
 6.57567358E-07
 6.78236402E-07
 6.98945267E-07
 7.19694576E-07
 7.40486191E-07
 7.61317547E-07
 7.82193622E-07
 8.03113585E-07
 8.24077670E-07
 8.45086684E-07
 8.66142462E-07
 8.87245125E-07
 9.08397332E-07
 9.29598516E-07
 9.50850506E-07
 9.72156137E-07
 9.93514019E-07
 1.01492531E-06
 1.03639461E-06
 1.05791979E-06
 1.07950383E-06
 1.10114810E-06
 1.12285568E-06
 1.14462629E-06
 1.16646313E-06
 1.18836699E-06
 1.21034112E-06
 1.23238638E-06
 1.25450625E-06
 1.27670344E-06
 1.29897985E-06
 1.32133668E-06
 1.34377946E-06
 1.36631036E-06
 1.38893277E-06
 1.41164989E-06
 1.43446518E-06
 1.45738398E-06
 2.12493993E-07
 4.25039711E-07
 5.56279015E-07
 6.53269952E-07
 7.30180030E-07
 7.93537721E-07
 8.46985744E-07
 4.15625397E-07
 3.92544771E-07
 3.70751042E-07
 3.50041337E-07
 3.30257850E-07
 3.11278031E-07
 2.93005553E-07
 2.75361592E-07
 2.58278749E-07
 2.41703037E-07
 2.25587231E-07
 2.09891869E-07
 1.94584366E-07
 1.79635683E-07
 1.65017014E-07
 1.50707760E-07
 1.36687074E-07
 1.22938519E-07
 1.09445113E-07
 9.61947754E-08
 8.31712392E-08
 7.03664742E-08
 5.77687550E-08
 4.53681269E-08
 3.31583575E-08
 2.11302807E-08
 9.27711239E-09
 2.40805253E-09
 1.39287689E-08
 2.52924707E-08
 3.65026933E-08
 4.75642453E-08
 5.84798451E-08
 6.92554073E-08
 7.98920389E-08
 9.03927804E-08
 1.00760854E-07
 1.10997509E-07
 1.21105835E-07
 1.31086268E-07
 1.40941368E-07
 1.50673658E-07
 1.60280673E-07
 1.69763996E-07
 1.79126824E-07
 1.88368205E-07
 1.97486404E-07
 2.06482872E-07
 2.15358740E-07
 2.24110602E-07
 2.32739083E-07
 2.41242860E-07
 2.49621865E-07
 2.57873158E-07
 2.65995449E-07
 2.73986819E-07
 2.81846338E-07
 2.89570121E-07
 2.97155713E-07
 3.04599723E-07
 3.11899322E-07
 3.19050122E-07
 3.26050214E-07
 3.16677503E-07
 2.97416312E-07
 2.77987354E-07
 2.58385694E-07
 2.38604330E-07
 2.18636577E-07
 1.98475735E-07
 1.78114237E-07
 1.57541544E-07
 1.36748425E-07
 1.15724374E-07
 9.44575597E-08
 7.29351928E-08
 5.11458125E-08
 2.90714637E-08
 6.69649005E-09
 1.59962391E-08
 3.90273642E-08
 6.24179719E-08
 8.61950371E-08
 1.10381307E-07
 1.35009549E-07
 1.60110313E-07
 1.85723107E-07
 2.11885602E-07
 2.38645285E-07
 2.66053712E-07
 2.94166750E-07
 3.23054168E-07
 3.52786318E-07
 3.83448688E-07
 4.07035941E-07
 8.23879109E-07
 7.66338022E-07
 7.03261791E-07
 6.33968039E-07
 5.57652225E-07
 4.73359969E-07
 3.79955842E-07
 1.81333527E-02
 5.55706310E-02
 9.30079128E-02
 1.30445199E-01
 2.18321936E-01
 3.44200480E-01
 5.24317075E-01
 0.00000000E+00
 0.00000000E+00
 0.00000000E+00
 0.00000000E+00
 0.00000000E+00
 0.00000000E+00
 0.00000000E+00
 0.00000000E+00
 0.00000000E+00
 0.00000000E+00
 0.00000000E+00
 0.00000000E+00
 0.00000000E+00
 0.00000000E+00
 0.00000000E+00
 0.00000000E+00
 1.30364469E-15
 1.30364469E-15
 1.73819292E-15
 1.30364469E-15
 1.39055434E-15
 7.24247051E-16
 8.69096461E-16
 8.69096461E-16
 7.72530188E-16
 8.69096461E-16
 6.32070154E-16
 2.89698820E-16
 4.01121444E-16
 1.24156637E-16
 3.47638585E-16
 2.17274115E-16
 0.00000000E+00
 0.00000000E+00
 1.82967676E-16
 0.00000000E+00
 1.65542183E-16
 3.16035077E-16
 1.51147211E-16
 4.34548231E-16
 2.78110868E-16
 4.01121444E-16
 1.28755031E-16
 1.24156637E-16
 4.79501496E-16
 3.47638585E-16
 3.36424437E-16
 0.00000000E+00
 2.10690051E-16
 0.00000000E+00
 1.98650620E-16
 0.00000000E+00
 0.00000000E+00
 1.82967676E-16
 1.78276197E-16
 0.00000000E+00
 0.00000000E+00
 1.65542183E-16
 1.61692365E-16
 3.16035077E-16
 1.54506038E-16
 1.51147211E-16
 2.95862625E-16
 2.89698820E-16
 0.00000000E+00
 1.39055434E-16
 1.36328857E-16
 4.01121444E-16
 1.31184372E-16
 1.28755031E-16
 2.52828062E-16
 1.24156637E-16
 0.00000000E+00
 2.39750748E-16
 0.00000000E+00
 0.00000000E+00
 1.13979864E-16
 1.12141479E-16
 0.00000000E+00
 2.17274115E-16
 0.00000000E+00
 0.00000000E+00
 4.15090847E-16
 0.00000000E+00
 4.03059229E-16
 1.98650620E-16
 1.95852724E-16
 0.00000000E+00
 1.90486896E-16
 0.00000000E+00
 1.85407245E-16
 1.82967676E-16
 0.00000000E+00
 1.78276197E-16
 0.00000000E+00
 0.00000000E+00
 1.71673375E-16
 0.00000000E+00
 1.67536667E-16
 1.65542183E-16
 3.27189256E-16
 1.61692365E-16
 0.00000000E+00
 3.16035077E-16
 0.00000000E+00
 1.54506038E-16
 1.52808169E-16
 1.51147211E-16
 0.00000000E+00
 2.95862625E-16
 1.46374141E-16
 1.44849410E-16
 1.43356117E-16
 0.00000000E+00
 1.40460034E-16
 1.39055434E-16
 1.37678647E-16
 0.00000000E+00
 2.70010551E-16
 1.33707148E-16
 0.00000000E+00
 1.31184372E-16
 2.59916699E-16
 1.28755031E-16
 1.27573793E-16
 0.00000000E+00
 1.25275166E-16
 1.24156637E-16
 3.69173718E-16
 0.00000000E+00
 1.20917769E-16
 2.39750748E-16
 0.00000000E+00
 0.00000000E+00
 0.00000000E+00
 0.00000000E+00
 0.00000000E+00
 1.13979864E-16
 0.00000000E+00
 1.12141479E-16
 0.00000000E+00
 0.00000000E+00
 0.00000000E+00
 2.17274115E-16
 2.15589820E-16
 2.13931437E-16
 0.00000000E+00
 4.21380103E-16
 2.09105916E-16
 2.07545424E-16
 0.00000000E+00
 2.04493285E-16
 2.03000633E-16
 2.01529614E-16
 0.00000000E+00
 1.98650620E-16
 1.97241750E-16
 0.00000000E+00
 1.94483124E-16
 1.93132547E-16
 3.83601197E-16
 1.90486896E-16
 1.89191066E-16
 3.75825497E-16
 1.86651589E-16
 1.85407245E-16
 1.84179383E-16
 1.82967676E-16
 1.81771809E-16
 3.61182945E-16
 0.00000000E+00
 0.00000000E+00
 1.71213987E-04
 5.58999736E-04
 9.41907676E-04
 1.32002927E-03
 1.69345370E-03
 2.06226795E-03
 2.42655687E-03
 2.78640324E-03
 1.82673238E-03
 1.07780138E-03
 3.29792271E-04
 4.18214190E-04
 6.50994814E-04
 6.56079592E-04
 4.09532679E-04
 7.37827280E-05
 2.74352895E-07
 1.93227563E-07
 3.28631822E-04
 5.29671153E-05
 5.13174648E-08
 1.33349194E-07
 1.06829385E-06
 1.07554063E-06
 9.86847760E-07
 8.93300265E-07
 7.99611551E-07
 7.05778675E-07
 6.11801963E-07
 5.17681437E-07
 4.23414326E-07
 3.38105590E-07
 2.36978375E-05
 2.94613517E-07
 2.72739477E-07
 2.50751556E-07
 2.28743048E-07
 2.06581240E-07
 1.84267541E-07
 1.61899335E-07
 1.39617629E-07
 1.17178191E-07
 9.45808404E-08
 7.18257869E-08
 4.89098840E-08
 2.58331760E-08
 2.59552921E-09
 3.21729579E-08
 7.99882093E-08
 1.27968875E-07
 1.76116919E-07
 2.24432586E-07
 2.72915610E-07
 3.21570996E-07
 3.70394339E-07
 4.19393258E-07
 4.68564951E-07
 5.17911373E-07
 5.67434087E-07
 6.17134872E-07
 6.22029016E-07
 5.99629181E-07
 5.77182886E-07
 5.67610857E-07
 5.60973573E-07
 5.54288431E-07
 5.47555120E-07
 5.40775924E-07
 5.33944844E-07
 5.27066743E-07
 5.20139739E-07
 5.13162218E-07
 5.06134619E-07
 4.99057118E-07
 4.91928598E-07
 4.84748978E-07
 4.77517105E-07
 4.70234418E-07
 4.62898765E-07
 4.55509793E-07
 4.48069327E-07
 4.40574535E-07
 4.33024475E-07
 4.25421504E-07
 4.17762217E-07
 4.10048646E-07
 4.02279512E-07
 3.94453183E-07
 3.86571394E-07
 3.78631609E-07
 3.70634600E-07
 3.62579955E-07
 3.54466928E-07
 3.46294757E-07
 3.28902556E-07
 3.02291874E-07
 2.75620409E-07
 2.48888875E-07
 2.22094610E-07
 1.95239007E-07
 1.68320117E-07
 1.41337867E-07
 1.14293275E-07
 8.71843516E-08
 6.00091129E-08
 3.27704062E-08
 5.46510958E-09
 2.19076847E-08
 4.93480997E-08
 7.68548656E-08
 1.04430015E-07
 1.32074524E-07
 1.59788520E-07
 1.87573826E-07
 2.15428692E-07
 2.43356453E-07
 2.71355787E-07
 2.99428172E-07
 3.27574224E-07
 3.55795018E-07
 3.84090747E-07
 4.12461454E-07
 4.40911255E-07
 4.69436338E-07
 4.98040379E-07
 5.26723044E-07
 5.55485985E-07
 5.84329940E-07
 6.13253677E-07
 6.42261902E-07
 6.71352400E-07
 7.00526918E-07
 7.29785780E-07
 7.59130805E-07
 7.88562825E-07
 8.18083700E-07
 8.47691289E-07
 8.77390507E-07
 9.07179285E-07
 9.37061528E-07
 9.67035206E-07
 9.97102802E-07
 1.02726585E-06
 1.05752591E-06
 1.08788193E-06
 1.11833704E-06
 1.14889343E-06
 1.17954916E-06
 1.21030687E-06
 1.24116925E-06
 1.27213614E-06
 1.30320971E-06
 1.33439024E-06
 1.36568053E-06
 1.39708153E-06
 1.42859398E-06
 1.46021981E-06
 1.49196258E-06
 1.52382060E-06
 1.55579724E-06
 1.58789427E-06
 3.39478675E-07
 3.59132580E-07
 3.78819595E-07
 3.98539396E-07
 4.18291694E-07
 4.38077334E-07
 4.57898994E-07
 4.77754583E-07
 4.97646123E-07
 5.17572739E-07
 5.37536670E-07
 5.57537943E-07
 5.77575504E-07
 5.97654347E-07
 6.17770270E-07
 6.37927265E-07
 6.58124650E-07
 6.78363870E-07
 6.98645123E-07
 7.18969930E-07
 7.39338529E-07
 7.59752557E-07
 7.80210484E-07
 8.00717412E-07
 8.21272657E-07
 8.41875575E-07
 8.62528092E-07
 8.83233745E-07
 9.03989489E-07
 9.24800631E-07
 9.45665851E-07
 9.66588078E-07
 9.87567700E-07
 1.00860603E-06
 1.02970697E-06
 1.05086938E-06
 1.07209643E-06
 1.09338963E-06
 1.11475053E-06
 1.13618249E-06
 1.15768725E-06
 1.17926559E-06
 1.20092123E-06
 1.22265872E-06
 1.24447647E-06
 1.26638027E-06
 1.28837402E-06
 1.31045905E-06
 1.33263887E-06
 1.35491958E-06
 1.37730301E-06
 2.69824980E-07
 5.02807823E-07
 6.41108614E-07
 7.42299578E-07
 8.22220609E-07
 8.87957543E-07
 3.29955280E-07
 3.23434515E-07
 3.01438239E-07
 2.80766969E-07
 2.61207457E-07
 2.42597125E-07
 2.24808332E-07
 2.07742718E-07
 1.91317163E-07
 1.75462615E-07
 1.60124912E-07
 1.45256314E-07
 1.30815648E-07
 1.16768816E-07
 1.03084917E-07
 8.97385542E-08
 7.67044628E-08
 6.39650434E-08
 5.15001561E-08
 3.92952549E-08
 2.73336055E-08
 1.56054564E-08
 4.09576753E-09
 7.20159989E-09
 1.83000024E-08
 2.92055678E-08
 3.99282111E-08
 5.04727480E-08
 6.08471182E-08
 7.10566833E-08
 8.11061877E-08
 9.10002682E-08
 1.00745101E-07
 1.10342693E-07
 1.19797298E-07
 1.29112288E-07
 1.38289522E-07
 1.47332525E-07
 1.56244928E-07
 1.65024455E-07
 1.73677790E-07
 1.82203080E-07
 1.90603354E-07
 1.98879076E-07
 2.07030339E-07
 2.15058914E-07
 2.22963402E-07
 2.30746156E-07
 2.38405621E-07
 2.45941681E-07
 2.53353774E-07
 2.60641596E-07
 2.67803602E-07
 2.74838352E-07
 2.81746734E-07
 2.88523444E-07
 2.95168738E-07
 3.01680853E-07
 3.08055136E-07
 3.14291259E-07
 3.20384660E-07
 3.26332075E-07
 3.32130195E-07
 3.37775463E-07
 3.29498515E-07
 3.12799847E-07
 2.95934486E-07
 2.78893948E-07
 2.61673773E-07
 2.44265605E-07
 2.26661280E-07
 2.08854987E-07
 1.90835295E-07
 1.72594693E-07
 1.54120240E-07
 1.35403073E-07
 1.16426630E-07
 9.71813182E-08
 7.76491918E-08
 5.78152210E-08
 3.76596086E-08
 1.71625990E-08
 3.69705104E-09
 2.49425627E-08
 4.66037768E-08
 6.87093497E-08
 9.12914531E-08
 1.14388698E-07
 1.38041809E-07
 1.62294983E-07
 1.87201842E-07
 2.12821001E-07
 2.39216493E-07
 2.66465823E-07
 2.94652862E-07
 3.19944003E-07
 9.09009523E-07
 8.40248472E-07
 7.65914462E-07
 6.85319294E-07
 5.97653131E-07
 5.01957270E-07
 3.97084896E-07
 1.61753658E-02
 4.95703723E-02
 8.29653835E-02
 1.16360400E-01
 2.02452604E-01
 3.28247631E-01
 5.10708460E-01
 0.00000000E+00
 0.00000000E+00
 0.00000000E+00
 0.00000000E+00
 0.00000000E+00
 0.00000000E+00
 0.00000000E+00
 0.00000000E+00
 0.00000000E+00
 0.00000000E+00
 0.00000000E+00
 0.00000000E+00
 0.00000000E+00
 0.00000000E+00
 0.00000000E+00
 0.00000000E+00
 1.30364469E-15
 1.30364469E-15
 1.44849410E-15
 1.30364469E-15
 1.39055434E-15
 7.24247051E-16
 8.69096461E-16
 6.51822346E-16
 9.65662735E-16
 1.04291575E-15
 7.90087692E-16
 5.79397641E-16
 2.67414296E-16
 2.48313275E-16
 3.47638585E-16
 4.34548231E-16
 0.00000000E+00
 1.93132547E-16
 0.00000000E+00
 0.00000000E+00
 0.00000000E+00
 3.16035077E-16
 3.02294421E-16
 2.89698820E-16
 4.17166302E-16
 2.67414296E-16
 2.57510063E-16
 1.24156637E-16
 2.39750748E-16
 2.31759056E-16
 3.36424437E-16
 4.34548231E-16
 0.00000000E+00
 0.00000000E+00
 1.98650620E-16
 1.93132547E-16
 1.87912748E-16
 0.00000000E+00
 1.78276197E-16
 0.00000000E+00
 0.00000000E+00
 0.00000000E+00
 1.61692365E-16
 3.16035077E-16
 0.00000000E+00
 3.02294421E-16
 1.47931313E-16
 2.89698820E-16
 1.41893300E-16
 4.17166302E-16
 1.36328857E-16
 1.33707148E-16
 1.31184372E-16
 1.28755031E-16
 1.26414031E-16
 1.24156637E-16
 1.21978451E-16
 1.19875374E-16
 1.17843588E-16
 0.00000000E+00
 0.00000000E+00
 1.12141479E-16
 0.00000000E+00
 0.00000000E+00
 2.13931437E-16
 0.00000000E+00
 0.00000000E+00
 0.00000000E+00
 2.01529614E-16
 0.00000000E+00
 1.95852724E-16
 1.93132547E-16
 3.80973791E-16
 1.87912748E-16
 0.00000000E+00
 0.00000000E+00
 0.00000000E+00
 1.78276197E-16
 0.00000000E+00
 0.00000000E+00
 0.00000000E+00
 0.00000000E+00
 1.67536667E-16
 0.00000000E+00
 1.63594628E-16
 1.61692365E-16
 0.00000000E+00
 1.58017538E-16
 0.00000000E+00
 0.00000000E+00
 0.00000000E+00
 1.51147211E-16
 1.49521972E-16
 1.47931313E-16
 2.92748282E-16
 0.00000000E+00
 1.43356117E-16
 1.41893300E-16
 0.00000000E+00
 0.00000000E+00
 0.00000000E+00
 0.00000000E+00
 1.35005276E-16
 0.00000000E+00
 2.64867493E-16
 1.31184372E-16
 1.29958349E-16
 1.28755031E-16
 1.27573793E-16
 1.26414031E-16
 0.00000000E+00
 1.24156637E-16
 1.23057906E-16
 0.00000000E+00
 1.20917769E-16
 1.19875374E-16
 1.18850798E-16
 1.17843588E-16
 0.00000000E+00
 0.00000000E+00
 1.14921846E-16
 0.00000000E+00
 1.13053198E-16
 1.12141479E-16
 0.00000000E+00
 0.00000000E+00
 2.18984935E-16
 0.00000000E+00
 0.00000000E+00
 2.13931437E-16
 0.00000000E+00
 2.10690051E-16
 0.00000000E+00
 0.00000000E+00
 2.06008050E-16
 2.04493285E-16
 4.06001267E-16
 0.00000000E+00
 0.00000000E+00
 1.98650620E-16
 1.97241750E-16
 0.00000000E+00
 0.00000000E+00
 0.00000000E+00
 1.91800598E-16
 1.90486896E-16
 1.89191066E-16
 1.87912748E-16
 0.00000000E+00
 1.85407245E-16
 0.00000000E+00
 0.00000000E+00
 1.81771809E-16
 5.41774418E-16
 1.79426366E-16
 0.00000000E+00
 1.50616816E-04
 4.91751647E-04
 8.28595475E-04
 1.16122875E-03
 1.48972994E-03
 1.81417556E-03
 2.13464025E-03
 2.45119684E-03
 2.09978495E-03
 1.29194659E-03
 4.84892938E-04
 3.22158005E-04
 5.91841719E-04
 6.24170904E-04
 3.94101904E-04
 7.10131727E-05
 2.76023957E-07
 1.96923999E-07
 3.42693858E-04
 5.52398899E-05
 4.14712747E-08
 1.21434317E-07
 1.07964520E-06
 1.08942133E-06
 9.99155877E-07
 9.03834509E-07
 8.08368937E-07
 7.12761057E-07
 6.17006426E-07
 5.21108308E-07
 4.25062073E-07
 3.38230264E-07
 2.46986415E-05
 2.95267094E-07
 2.73662760E-07
 2.51943140E-07
 2.30208677E-07
 2.08319263E-07
 1.86275301E-07
 1.64182764E-07
 1.42184007E-07
 1.20027560E-07
 9.77149647E-08
 7.52385415E-08
 5.26043163E-08
 2.98062073E-08
 6.84567600E-09
 2.81321133E-08
 7.67106215E-08
 1.25453219E-07
 1.74364898E-07
 2.23445385E-07
 2.72695133E-07
 3.22117038E-07
 3.71710227E-07
 4.21477430E-07
 4.71419402E-07
 5.21538672E-07
 5.71834684E-07
 6.22308837E-07
 6.21442512E-07
 5.98433565E-07
 5.75376283E-07
 5.65747354E-07
 5.59179971E-07
 5.52564404E-07
 5.45900106E-07
 5.39188058E-07
 5.32427442E-07
 5.25616874E-07
 5.18755543E-07
 5.11845927E-07
 5.04884625E-07
 4.97873838E-07
 4.90811685E-07
 4.83697825E-07
 4.76531365E-07
 4.69313474E-07
 4.62041993E-07
 4.54718082E-07
 4.47340802E-07
 4.39908556E-07
 4.32423126E-07
 4.24881692E-07
 4.17284795E-07
 4.09633260E-07
 4.01925178E-07
 3.94160726E-07
 3.86338932E-07
 3.78459955E-07
 3.70521876E-07
 3.62526628E-07
 3.54471443E-07
 3.46357567E-07
 3.29250275E-07
 3.03148804E-07
 2.76985812E-07
 2.50762800E-07
 2.24476220E-07
 1.98128325E-07
 1.71716370E-07
 1.45242136E-07
 1.18702154E-07
 9.20996676E-08
 6.54289431E-08
 3.86939415E-08
 1.18923031E-08
 1.49754425E-08
 4.19112585E-08
 6.89168546E-08
 9.59901953E-08
 1.23133339E-07
 1.50345764E-07
 1.77629546E-07
 2.04985678E-07
 2.32413690E-07
 2.59913121E-07
 2.87487146E-07
 3.15135327E-07
 3.42859178E-07
 3.70657853E-07
 3.98533508E-07
 4.26486233E-07
 4.54516253E-07
 4.82625757E-07
 5.10814312E-07
 5.39084719E-07
 5.67434698E-07
 5.95867946E-07
 6.24383248E-07
 6.52981857E-07
 6.81666584E-07
 7.10435215E-07
 7.39291602E-07
 7.68236072E-07
 7.97268003E-07
 8.26389766E-07
 8.55600789E-07
 8.84903997E-07
 9.14300828E-07
 9.43789742E-07
 9.73374308E-07
 1.00305445E-06
 1.03283075E-06
 1.06270575E-06
 1.09268013E-06
 1.12275593E-06
 1.15293235E-06
 1.18321147E-06
 1.21359561E-06
 1.24408501E-06
 1.27468184E-06
 1.30538791E-06
 1.33620266E-06
 1.36712984E-06
 1.39816831E-06
 1.42932315E-06
 1.46059265E-06
 1.49198105E-06
 1.52348765E-06
 2.78960003E-07
 2.98027727E-07
 3.17127503E-07
 3.36259030E-07
 3.55423143E-07
 3.74621778E-07
 3.93854213E-07
 4.13121096E-07
 4.32423538E-07
 4.51761056E-07
 4.71134792E-07
 4.90545676E-07
 5.09993679E-07
 5.29481668E-07
 5.49007377E-07
 5.68571577E-07
 5.88177351E-07
 6.07824072E-07
 6.27513164E-07
 6.47244860E-07
 6.67019142E-07
 6.86837667E-07
 7.06702238E-07
 7.26613782E-07
 7.46570829E-07
 7.66577629E-07
 7.86633522E-07
 8.06738827E-07
 8.26897069E-07
 8.47108538E-07
 8.67372754E-07
 8.87692530E-07
 9.08069153E-07
 9.28504698E-07
 9.48999659E-07
 9.69555394E-07
 9.90175004E-07
 1.01085918E-06
 1.03161020E-06
 1.05242966E-06
 1.07332013E-06
 1.09428413E-06
 1.11532350E-06
 1.13643999E-06
 1.15763657E-06
 1.17891780E-06
 1.20028493E-06
 1.22173942E-06
 1.24328881E-06
 1.26493474E-06
 1.28667889E-06
 1.30853034E-06
 3.09526152E-07
 5.68174061E-07
 7.14151797E-07
 8.19761200E-07
 9.02803854E-07
 9.70983738E-07
 2.49468003E-07
 2.42526398E-07
 2.21608946E-07
 2.02052196E-07
 1.83637557E-07
 1.66194923E-07
 1.49592059E-07
 1.33727327E-07
 1.18516881E-07
 1.03888039E-07
 8.97862022E-08
 7.61622009E-08
 6.29723295E-08
 5.01827302E-08
 3.77621700E-08
 2.56834003E-08
 1.39229066E-08
 2.46092514E-09
 8.72347583E-09
 1.96428108E-08
 3.03152616E-08
 4.07529986E-08
 5.09670894E-08
 6.09684505E-08
 7.07676631E-08
 8.03713849E-08
 8.97894250E-08
 9.90283883E-08
 1.08094352E-07
 1.16994317E-07
 1.25731309E-07
 1.34311892E-07
 1.42741696E-07
 1.51022494E-07
 1.59157791E-07
 1.67153531E-07
 1.75010478E-07
 1.82730439E-07
 1.90317811E-07
 1.97773929E-07
 2.05100009E-07
 2.12297991E-07
 2.19368855E-07
 2.26314352E-07
 2.33134916E-07
 2.39830653E-07
 2.46402712E-07
 2.52849421E-07
 2.59173373E-07
 2.65372634E-07
 2.71446654E-07
 2.77395348E-07
 2.83217327E-07
 2.88911949E-07
 2.94476643E-07
 2.99910522E-07
 3.05212137E-07
 3.10377502E-07
 3.15406190E-07
 3.20294163E-07
 3.25038626E-07
 3.29635537E-07
 3.34082719E-07
 3.38373801E-07
 3.31189826E-07
 3.17053246E-07
 3.02746299E-07
 2.88264787E-07
 2.73600345E-07
 2.58746311E-07
 2.43696915E-07
 2.28441307E-07
 2.12973407E-07
 1.97280990E-07
 1.81352663E-07
 1.65180066E-07
 1.48748017E-07
 1.32042282E-07
 1.15049543E-07
 9.77501762E-08
 8.01286395E-08
 6.21633207E-08
 4.38330700E-08
 2.51108673E-08
 5.97191975E-09
 1.36141752E-08
 3.36827456E-08
 5.42687202E-08
 7.54133263E-08
 9.71643529E-08
 1.19574884E-07
 1.42702696E-07
 1.66612536E-07
 1.91382802E-07
 2.17096945E-07
 2.44091027E-07
 9.82972175E-07
 9.03002721E-07
 8.17421191E-07
 7.25536628E-07
 6.26531727E-07
 5.19439878E-07
 4.03111155E-07
 1.42199848E-02
 4.35780767E-02
 7.29361745E-02
 1.02294279E-01
 1.86604314E-01
 3.12315933E-01
 4.97117887E-01
 0.00000000E+00
 0.00000000E+00
 0.00000000E+00
 0.00000000E+00
 0.00000000E+00
 0.00000000E+00
 0.00000000E+00
 0.00000000E+00
 0.00000000E+00
 0.00000000E+00
 0.00000000E+00
 0.00000000E+00
 0.00000000E+00
 0.00000000E+00
 0.00000000E+00
 0.00000000E+00
 1.30364469E-15
 1.30364469E-15
 1.44849410E-15
 1.30364469E-15
 1.21673505E-15
 5.79397641E-16
 7.44939824E-16
 6.51822346E-16
 7.72530188E-16
 8.69096461E-16
 7.90087692E-16
 4.34548231E-16
 4.01121444E-16
 1.24156637E-16
 4.63518113E-16
 4.34548231E-16
 2.04493285E-16
 1.93132547E-16
 0.00000000E+00
 0.00000000E+00
 0.00000000E+00
 0.00000000E+00
 1.51147211E-16
 2.89698820E-16
 2.78110868E-16
 2.67414296E-16
 2.57510063E-16
 1.24156637E-16
 3.59626122E-16
 2.31759056E-16
 2.24282958E-16
 4.34548231E-16
 2.10690051E-16
 2.04493285E-16
 1.98650620E-16
 1.93132547E-16
 3.75825497E-16
 0.00000000E+00
 0.00000000E+00
 0.00000000E+00
 0.00000000E+00
 0.00000000E+00
 0.00000000E+00
 0.00000000E+00
 1.54506038E-16
 1.51147211E-16
 1.47931313E-16
 1.44849410E-16
 2.83786600E-16
 2.78110868E-16
 1.36328857E-16
 1.33707148E-16
 1.31184372E-16
 1.28755031E-16
 1.26414031E-16
 1.24156637E-16
 1.21978451E-16
 1.19875374E-16
 1.17843588E-16
 1.15879528E-16
 0.00000000E+00
 1.12141479E-16
 0.00000000E+00
 0.00000000E+00
 2.13931437E-16
 2.10690051E-16
 2.07545424E-16
 2.04493285E-16
 2.01529614E-16
 1.98650620E-16
 1.95852724E-16
 0.00000000E+00
 0.00000000E+00
 1.87912748E-16
 0.00000000E+00
 0.00000000E+00
 0.00000000E+00
 0.00000000E+00
 0.00000000E+00
 0.00000000E+00
 1.71673375E-16
 0.00000000E+00
 0.00000000E+00
 0.00000000E+00
 0.00000000E+00
 0.00000000E+00
 1.59833832E-16
 0.00000000E+00
 1.56242060E-16
 1.54506038E-16
 0.00000000E+00
 1.51147211E-16
 1.49521972E-16
 0.00000000E+00
 1.46374141E-16
 1.44849410E-16
 1.43356117E-16
 0.00000000E+00
 0.00000000E+00
 0.00000000E+00
 0.00000000E+00
 1.36328857E-16
 1.35005276E-16
 0.00000000E+00
 0.00000000E+00
 1.31184372E-16
 0.00000000E+00
 1.28755031E-16
 0.00000000E+00
 0.00000000E+00
 2.50550331E-16
 0.00000000E+00
 1.23057906E-16
 1.21978451E-16
 1.20917769E-16
 1.19875374E-16
 1.18850798E-16
 1.17843588E-16
 0.00000000E+00
 1.15879528E-16
 1.14921846E-16
 0.00000000E+00
 0.00000000E+00
 1.12141479E-16
 0.00000000E+00
 0.00000000E+00
 2.18984935E-16
 0.00000000E+00
 0.00000000E+00
 2.13931437E-16
 0.00000000E+00
 0.00000000E+00
 0.00000000E+00
 2.07545424E-16
 0.00000000E+00
 2.04493285E-16
 2.03000633E-16
 0.00000000E+00
 0.00000000E+00
 0.00000000E+00
 1.97241750E-16
 1.95852724E-16
 1.94483124E-16
 1.93132547E-16
 1.91800598E-16
 0.00000000E+00
 0.00000000E+00
 1.87912748E-16
 3.73303178E-16
 0.00000000E+00
 0.00000000E+00
 0.00000000E+00
 0.00000000E+00
 0.00000000E+00
 1.79426366E-16
 1.78276197E-16
 1.30019644E-04
 4.24503559E-04
 7.15283273E-04
 1.00242824E-03
 1.28600619E-03
 1.56608318E-03
 1.84272364E-03
 2.11599043E-03
 2.37248537E-03
 1.50581885E-03
 6.39798873E-04
 2.26218334E-04
 5.32755909E-04
 5.92293412E-04
 3.78680500E-04
 6.82362159E-05
 2.66619324E-07
 1.89539480E-07
 3.56726185E-04
 5.74985704E-05
 4.27272208E-08
 1.20630347E-07
 1.07981086E-06
 1.09211131E-06
 1.00027192E-06
 9.03178863E-07
 8.05938677E-07
 7.08556443E-07
 6.11026028E-07
 5.13349209E-07
 4.15524589E-07
 3.27168167E-07
 2.56869345E-05
 2.84732828E-07
 2.63395999E-07
 2.41943982E-07
 2.20479824E-07
 1.98860944E-07
 1.77087346E-07
 1.55266599E-07
 1.33551736E-07
 1.11677453E-07
 8.96426281E-08
 6.74471879E-08
 4.50892684E-08
 2.25690288E-08
 1.16565175E-10
 3.53051895E-08
 8.46450960E-08
 1.34150619E-07
 1.83826767E-07
 2.33673264E-07
 2.83690576E-07
 3.33878839E-07
 3.84241166E-07
 4.34779284E-07
 4.85492005E-07
 5.36384032E-07
 5.87452667E-07
 6.33221356E-07
 6.09647759E-07
 5.86030257E-07
 5.62362322E-07
 5.52675859E-07
 5.46176708E-07
 5.39629900E-07
 5.33034258E-07
 5.26390059E-07
 5.19697196E-07
 5.12953565E-07
 5.06160116E-07
 4.99316505E-07
 4.92421888E-07
 4.85476171E-07
 4.78479748E-07
 4.71429745E-07
 4.64329299E-07
 4.57175822E-07
 4.49967847E-07
 4.42707086E-07
 4.35392607E-07
 4.28023450E-07
 4.20599818E-07
 4.13120745E-07
 4.05585546E-07
 3.97995027E-07
 3.90347282E-07
 3.82643104E-07
 3.74880586E-07
 3.67061683E-07
 3.59183292E-07
 3.51245851E-07
 3.43250426E-07
 3.35193254E-07
 3.18368652E-07
 2.92775019E-07
 2.67120279E-07
 2.41402813E-07
 2.15624456E-07
 1.89781730E-07
 1.63875666E-07
 1.37906543E-07
 1.11871242E-07
 8.57715217E-08
 5.96064897E-08
 3.33745151E-08
 7.07580538E-09
 1.92901698E-08
 4.57254379E-08
 7.22283471E-08
 9.88013548E-08
 1.25443545E-07
 1.52156565E-07
 1.78941819E-07
 2.05799246E-07
 2.32727540E-07
 2.59730296E-07
 2.86807505E-07
 3.13958741E-07
 3.41186763E-07
 3.68489506E-07
 3.95871242E-07
 4.23329059E-07
 4.50865611E-07
 4.78481608E-07
 5.06177761E-07
 5.33955273E-07
 5.61815369E-07
 5.89755802E-07
 6.17781318E-07
 6.45891743E-07
 6.74086821E-07
 7.02367413E-07
 7.30735832E-07
 7.59192948E-07
 7.87738631E-07
 8.16375291E-07
 8.45101323E-07
 8.73920679E-07
 9.02832334E-07
 9.31839231E-07
 9.60941456E-07
 9.90138956E-07
 1.01943480E-06
 1.04882964E-06
 1.07832495E-06
 1.10792102E-06
 1.13761940E-06
 1.16742177E-06
 1.19732954E-06
 1.22734309E-06
 1.25746506E-06
 1.28769613E-06
 1.31803851E-06
 1.34849284E-06
 1.37906022E-06
 1.40974292E-06
 1.44054330E-06
 1.47146218E-06
 2.30863542E-07
 2.49343491E-07
 2.67856001E-07
 2.86401944E-07
 3.04979404E-07
 3.23591228E-07
 3.42235806E-07
 3.60914663E-07
 3.79628419E-07
 3.98378433E-07
 4.17163780E-07
 4.35986060E-07
 4.54845072E-07
 4.73742423E-07
 4.92678873E-07
 5.11652652E-07
 5.30667943E-07
 5.49723736E-07
 5.68820135E-07
 5.87959587E-07
 6.07142081E-07
 6.26367836E-07
 6.45638421E-07
 6.64955616E-07
 6.84318740E-07
 7.03728780E-07
 7.23188359E-07
 7.42697689E-07
 7.62257877E-07
 7.81869164E-07
 8.01534319E-07
 8.21253705E-07
 8.41031010E-07
 8.60863336E-07
 8.80754407E-07
 9.00706462E-07
 9.20720853E-07
 9.40798175E-07
 9.60940746E-07
 9.81150884E-07
 1.00142944E-06
 1.02178060E-06
 1.04220524E-06
 1.06270518E-06
 1.08328398E-06
 1.10394359E-06
 1.12468613E-06
 1.14551726E-06
 1.16643737E-06
 1.18745157E-06
 1.20856240E-06
 1.22977500E-06
 1.25109228E-06
 3.28028741E-07
 6.20968391E-07
 7.75344494E-07
 8.85611113E-07
 9.71890632E-07
 1.04258229E-06
 1.80300542E-07
 1.72928064E-07
 1.53080003E-07
 1.34633076E-07
 1.17356028E-07
 1.01075256E-07
 8.56552689E-08
 7.09891289E-08
 5.69879604E-08
 4.35820684E-08
 3.07120810E-08
 1.83271196E-08
 6.38640812E-09
 5.14888079E-09
 1.63090293E-08
 2.71226690E-08
 3.76116714E-08
 4.77987811E-08
 5.77031822E-08
 6.73416751E-08
 7.67277257E-08
 8.58754134E-08
 9.47985472E-08
 1.03505013E-07
 1.12006053E-07
 1.20311135E-07
 1.28427151E-07
 1.36361262E-07
 1.44122424E-07
 1.51713990E-07
 1.59140971E-07
 1.66411149E-07
 1.73526529E-07
 1.80493577E-07
 1.87313337E-07
 1.93989853E-07
 2.00527150E-07
 2.06927597E-07
 2.13193408E-07
 2.19325499E-07
 2.25327551E-07
 2.31199335E-07
 2.36944629E-07
 2.42560797E-07
 2.48052425E-07
 2.53416884E-07
 2.58656983E-07
 2.63772771E-07
 2.68761815E-07
 2.73626319E-07
 2.78364551E-07
 2.82975199E-07
 2.87460100E-07
 2.91814541E-07
 2.96038874E-07
 3.00131308E-07
 3.04089818E-07
 3.07911816E-07
 3.11594310E-07
 3.15136092E-07
 3.18533725E-07
 3.21782179E-07
 3.24877943E-07
 3.27818649E-07
 3.21727345E-07
 3.10148454E-07
 2.98396904E-07
 2.86468945E-07
 2.74358092E-07
 2.62056917E-07
 2.49556055E-07
 2.36849435E-07
 2.23928025E-07
 2.10780069E-07
 1.97396592E-07
 1.83763835E-07
 1.69871264E-07
 1.55702646E-07
 1.41244384E-07
 1.26477884E-07
 1.11386086E-07
 9.59491959E-08
 8.01413768E-08
 6.39421153E-08
 4.73215542E-08
 3.02494454E-08
 1.26939364E-08
 5.38517589E-09
 2.40272865E-08
 4.32807580E-08
 6.31971401E-08
 8.38366265E-08
 1.05265468E-07
 1.27559807E-07
 1.50807428E-07
 1.79503050E-07
 1.04574271E-06
 9.54575124E-07
 8.57759111E-07
 7.54594656E-07
 6.44260076E-07
 5.25785259E-07
 3.98007963E-07
 1.22672047E-02
 3.75937286E-02
 6.29202596E-02
 8.82467990E-02
 1.70777024E-01
 2.96405344E-01
 4.83545319E-01
 0.00000000E+00
 0.00000000E+00
 0.00000000E+00
 0.00000000E+00
 0.00000000E+00
 0.00000000E+00
 0.00000000E+00
 0.00000000E+00
 0.00000000E+00
 0.00000000E+00
 0.00000000E+00
 0.00000000E+00
 0.00000000E+00
 0.00000000E+00
 0.00000000E+00
 0.00000000E+00
 1.30364469E-15
 1.30364469E-15
 1.44849410E-15
 1.30364469E-15
 1.56437363E-15
 7.24247051E-16
 7.44939824E-16
 6.51822346E-16
 9.65662735E-16
 8.69096461E-16
 7.90087692E-16
 4.34548231E-16
 4.01121444E-16
 2.48313275E-16
 4.63518113E-16
 2.17274115E-16
 2.04493285E-16
 1.93132547E-16
 0.00000000E+00
 0.00000000E+00
 1.65542183E-16
 0.00000000E+00
 1.51147211E-16
 2.89698820E-16
 2.78110868E-16
 4.01121444E-16
 2.57510063E-16
 1.24156637E-16
 4.79501496E-16
 1.15879528E-16
 4.48565916E-16
 2.17274115E-16
 2.10690051E-16
 2.04493285E-16
 0.00000000E+00
 1.93132547E-16
 1.87912748E-16
 0.00000000E+00
 1.78276197E-16
 0.00000000E+00
 3.39159595E-16
 1.65542183E-16
 1.61692365E-16
 0.00000000E+00
 1.54506038E-16
 1.51147211E-16
 1.47931313E-16
 2.89698820E-16
 1.41893300E-16
 2.78110868E-16
 1.36328857E-16
 2.67414296E-16
 1.31184372E-16
 1.28755031E-16
 1.26414031E-16
 1.24156637E-16
 0.00000000E+00
 2.39750748E-16
 0.00000000E+00
 1.15879528E-16
 1.13979864E-16
 1.12141479E-16
 0.00000000E+00
 0.00000000E+00
 0.00000000E+00
 2.10690051E-16
 2.07545424E-16
 2.04493285E-16
 2.01529614E-16
 0.00000000E+00
 1.95852724E-16
 0.00000000E+00
 3.80973791E-16
 1.87912748E-16
 1.85407245E-16
 0.00000000E+00
 0.00000000E+00
 1.78276197E-16
 0.00000000E+00
 0.00000000E+00
 1.71673375E-16
 3.39159595E-16
 0.00000000E+00
 1.65542183E-16
 0.00000000E+00
 0.00000000E+00
 1.59833832E-16
 0.00000000E+00
 1.56242060E-16
 1.54506038E-16
 1.52808169E-16
 1.51147211E-16
 1.49521972E-16
 0.00000000E+00
 0.00000000E+00
 0.00000000E+00
 0.00000000E+00
 0.00000000E+00
 0.00000000E+00
 1.39055434E-16
 1.37678647E-16
 1.36328857E-16
 0.00000000E+00
 0.00000000E+00
 1.32433747E-16
 1.31184372E-16
 1.29958349E-16
 1.28755031E-16
 1.27573793E-16
 0.00000000E+00
 0.00000000E+00
 0.00000000E+00
 2.46115812E-16
 0.00000000E+00
 2.41835537E-16
 2.39750748E-16
 1.18850798E-16
 0.00000000E+00
 1.16853306E-16
 1.15879528E-16
 1.14921846E-16
 1.13979864E-16
 0.00000000E+00
 1.12141479E-16
 0.00000000E+00
 2.20722911E-16
 0.00000000E+00
 2.17274115E-16
 0.00000000E+00
 2.13931437E-16
 0.00000000E+00
 0.00000000E+00
 4.18211831E-16
 2.07545424E-16
 2.06008050E-16
 2.04493285E-16
 0.00000000E+00
 2.01529614E-16
 2.00079761E-16
 0.00000000E+00
 0.00000000E+00
 1.95852724E-16
 1.94483124E-16
 0.00000000E+00
 1.91800598E-16
 1.90486896E-16
 1.89191066E-16
 0.00000000E+00
 0.00000000E+00
 1.85407245E-16
 1.84179383E-16
 1.82967676E-16
 3.63543618E-16
 0.00000000E+00
 0.00000000E+00
 3.56552394E-16
 1.09422473E-04
 3.57255470E-04
 6.01971071E-04
 8.43627727E-04
 1.08228244E-03
 1.31799079E-03
 1.55080702E-03
 1.78078403E-03
 2.64483438E-03
 1.71941874E-03
 7.94510495E-04
 1.30394905E-04
 4.73737206E-04
 5.60447004E-04
 3.63268396E-04
 6.54518225E-05
 2.46113349E-07
 1.71046890E-07
 3.70728812E-04
 5.97431328E-05
 5.51118433E-08
 1.30960293E-07
 1.06876503E-06
 1.08358314E-06
 9.90175282E-07
 8.91308018E-07
 7.92295563E-07
 6.93136552E-07
 5.93832668E-07
 4.94379536E-07
 3.94777150E-07
 3.04898234E-07
 2.66626917E-05
 2.62986702E-07
 2.41913824E-07
 2.20725746E-07
 1.99532863E-07
 1.78182327E-07
 1.56675648E-07
 1.35127841E-07
 1.13693009E-07
 9.20961104E-08
 7.03398707E-08
 4.84231318E-08
 2.63409707E-08
 4.09500124E-09
 1.83147908E-08
 5.37157885E-08
 1.03817740E-07
 1.54090015E-07
 2.04529871E-07
 2.55143219E-07
 3.05927369E-07
 3.56884047E-07
 4.08016564E-07
 4.59324906E-07
 5.10809664E-07
 5.62473593E-07
 6.14315976E-07
 6.10799955E-07
 5.86619982E-07
 5.62390197E-07
 5.38115200E-07
 5.28369859E-07
 5.21938070E-07
 5.15460056E-07
 5.08931102E-07
 5.02354554E-07
 4.95727473E-07
 4.89051866E-07
 4.82324560E-07
 4.75547775E-07
 4.68718361E-07
 4.61838247E-07
 4.54904817E-07
 4.47920969E-07
 4.40883546E-07
 4.33792468E-07
 4.26649302E-07
 4.19451188E-07
 4.12198707E-07
 4.04892697E-07
 3.97530042E-07
 3.90112793E-07
 3.82637535E-07
 3.75107793E-07
 3.67520144E-07
 3.59875681E-07
 3.52172184E-07
 3.44411925E-07
 3.36591150E-07
 3.28712107E-07
 3.20773182E-07
 3.12773618E-07
 2.96231140E-07
 2.71143793E-07
 2.45994928E-07
 2.20784078E-07
 1.95509280E-07
 1.70171985E-07
 1.44770562E-07
 1.19304530E-07
 9.37741522E-08
 6.81770449E-08
 4.25141915E-08
 1.67839624E-08
 9.01382879E-09
 3.48797200E-08
 6.08127612E-08
 8.68157995E-08
 1.12889398E-07
 1.39033726E-07
 1.65247595E-07
 1.91534594E-07
 2.17894899E-07
 2.44327402E-07
 2.70834214E-07
 2.97414054E-07
 3.24071411E-07
 3.50804389E-07
 3.77613658E-07
 4.04500345E-07
 4.31466182E-07
 4.58510239E-07
 4.85634280E-07
 5.12839482E-07
 5.40127068E-07
 5.67496766E-07
 5.94948866E-07
 6.22485117E-07
 6.50106816E-07
 6.77814280E-07
 7.05608845E-07
 7.33490335E-07
 7.61461632E-07
 7.89522119E-07
 8.17674193E-07
 8.45917320E-07
 8.74252905E-07
 9.02682954E-07
 9.31208446E-07
 9.59829407E-07
 9.88546852E-07
 1.01736388E-06
 1.04628005E-06
 1.07529755E-06
 1.10441596E-06
 1.13363797E-06
 1.16296435E-06
 1.19239666E-06
 1.22193726E-06
 1.25158552E-06
 1.28134365E-06
 1.31121354E-06
 1.34119715E-06
 1.37129521E-06
 1.40150788E-06
 1.43184061E-06
 1.46229148E-06
 2.13104866E-07
 2.31031723E-07
 2.48990958E-07
 2.66983147E-07
 2.85008874E-07
 3.03068109E-07
 3.21159641E-07
 3.39286816E-07
 3.57449156E-07
 3.75647555E-07
 3.93881096E-07
 4.12152049E-07
 4.30461838E-07
 4.48808872E-07
 4.67193922E-07
 4.85619311E-07
 5.04084985E-07
 5.22591115E-07
 5.41139873E-07
 5.59730754E-07
 5.78364351E-07
 5.97043417E-07
 6.15766263E-07
 6.34535527E-07
 6.53352957E-07
 6.72217903E-07
 6.91131384E-07
 7.10094417E-07
 7.29109750E-07
 7.48176826E-07
 7.67297627E-07
 7.86474133E-07
 8.05705910E-07
 8.24996699E-07
 8.44346141E-07
 8.63755575E-07
 8.83228058E-07
 9.02764182E-07
 9.22367164E-07
 9.42036783E-07
 9.61777283E-07
 9.81589479E-07
 1.00147505E-06
 1.02143752E-06
 1.04147887E-06
 1.06160283E-06
 1.08180965E-06
 1.10210497E-06
 1.12249116E-06
 1.14297230E-06
 1.16355008E-06
 1.18422881E-06
 1.20501495E-06
 3.16156523E-07
 6.60983421E-07
 8.24612924E-07
 9.39804972E-07
 1.02944755E-06
 1.10272284E-06
 1.22479154E-07
 1.14668643E-07
 9.58814255E-08
 7.85356773E-08
 6.23923782E-08
 4.72684453E-08
 3.30258259E-08
 1.95523420E-08
 6.75826107E-09
 5.43035018E-09
 1.70714651E-08
 2.82186234E-08
 3.89158329E-08
 4.91978766E-08
 5.91010339E-08
 6.86519502E-08
 7.78726217E-08
 8.67883065E-08
 9.54165384E-08
 1.03774467E-07
 1.11876818E-07
 1.19738524E-07
 1.27371552E-07
 1.34785872E-07
 1.41990790E-07
 1.48998582E-07
 1.55815996E-07
 1.62449145E-07
 1.68904685E-07
 1.75190216E-07
 1.81310009E-07
 1.87271071E-07
 1.93075736E-07
 1.98729548E-07
 2.04234406E-07
 2.09596838E-07
 2.14816300E-07
 2.19898533E-07
 2.24843754E-07
 2.29654802E-07
 2.34334204E-07
 2.38883129E-07
 2.43301329E-07
 2.47592621E-07
 2.51755977E-07
 2.55793216E-07
 2.59702603E-07
 2.63487869E-07
 2.67145481E-07
 2.70676449E-07
 2.74079908E-07
 2.77356108E-07
 2.80504137E-07
 2.83520691E-07
 2.86406625E-07
 2.89159491E-07
 2.91776126E-07
 2.94256362E-07
 2.96596445E-07
 2.98792572E-07
 3.00843701E-07
 3.02746009E-07
 3.04493977E-07
 3.06086335E-07
 3.01084764E-07
 2.92059436E-07
 2.82860463E-07
 2.73484532E-07
 2.63921901E-07
 2.54168819E-07
 2.44214359E-07
 2.34053854E-07
 2.23674246E-07
 2.13068548E-07
 2.02224161E-07
 1.91130079E-07
 1.79771151E-07
 1.68137115E-07
 1.56209823E-07
 1.43972198E-07
 1.31407239E-07
 1.18492544E-07
 1.05206462E-07
 9.15246509E-08
 7.74177039E-08
 6.28581732E-08
 4.78085021E-08
 3.22336480E-08
 1.60902418E-08
 6.68540682E-10
 1.80954302E-08
 3.62506938E-08
 5.52035384E-08
 7.50264584E-08
 9.58097284E-08
 1.26204944E-07
 1.76588611E-07
 9.94941424E-07
 8.86899964E-07
 7.72467224E-07
 6.50815368E-07
 5.20967119E-07
 3.81750750E-07
 1.03170205E-02
 3.16173125E-02
 5.29176129E-02
 7.42179231E-02
 1.54970694E-01
 2.80515823E-01
 4.69990723E-01
 0.00000000E+00
 0.00000000E+00
 0.00000000E+00
 0.00000000E+00
 0.00000000E+00
 0.00000000E+00
 0.00000000E+00
 0.00000000E+00
 0.00000000E+00
 0.00000000E+00
 0.00000000E+00
 0.00000000E+00
 0.00000000E+00
 0.00000000E+00
 0.00000000E+00
 0.00000000E+00
 1.30364469E-15
 1.30364469E-15
 1.44849410E-15
 1.30364469E-15
 1.56437363E-15
 7.24247051E-16
 7.44939824E-16
 6.51822346E-16
 7.72530188E-16
 8.69096461E-16
 6.32070154E-16
 4.34548231E-16
 5.34828592E-16
 1.24156637E-16
 4.63518113E-16
 4.34548231E-16
 2.04493285E-16
 1.93132547E-16
 1.82967676E-16
 0.00000000E+00
 1.65542183E-16
 1.58017538E-16
 1.51147211E-16
 4.34548231E-16
 2.78110868E-16
 2.67414296E-16
 2.57510063E-16
 2.48313275E-16
 3.59626122E-16
 3.47638585E-16
 2.24282958E-16
 2.17274115E-16
 2.10690051E-16
 2.04493285E-16
 1.98650620E-16
 1.93132547E-16
 0.00000000E+00
 1.82967676E-16
 1.78276197E-16
 0.00000000E+00
 1.69579797E-16
 1.65542183E-16
 1.61692365E-16
 1.58017538E-16
 1.54506038E-16
 1.51147211E-16
 1.47931313E-16
 4.34548231E-16
 2.83786600E-16
 1.39055434E-16
 1.36328857E-16
 2.67414296E-16
 0.00000000E+00
 1.28755031E-16
 2.52828062E-16
 0.00000000E+00
 1.21978451E-16
 0.00000000E+00
 1.17843588E-16
 0.00000000E+00
 1.13979864E-16
 0.00000000E+00
 0.00000000E+00
 0.00000000E+00
 0.00000000E+00
 2.10690051E-16
 4.15090847E-16
 2.04493285E-16
 2.01529614E-16
 1.98650620E-16
 1.95852724E-16
 1.93132547E-16
 1.90486896E-16
 0.00000000E+00
 1.85407245E-16
 1.82967676E-16
 1.80591473E-16
 1.78276197E-16
 1.76019536E-16
 0.00000000E+00
 1.71673375E-16
 1.69579797E-16
 0.00000000E+00
 1.65542183E-16
 0.00000000E+00
 1.61692365E-16
 1.59833832E-16
 1.58017538E-16
 0.00000000E+00
 1.54506038E-16
 0.00000000E+00
 1.51147211E-16
 0.00000000E+00
 1.47931313E-16
 1.46374141E-16
 1.44849410E-16
 0.00000000E+00
 1.41893300E-16
 0.00000000E+00
 0.00000000E+00
 0.00000000E+00
 0.00000000E+00
 0.00000000E+00
 1.33707148E-16
 0.00000000E+00
 0.00000000E+00
 0.00000000E+00
 1.28755031E-16
 0.00000000E+00
 1.26414031E-16
 1.25275166E-16
 0.00000000E+00
 1.23057906E-16
 0.00000000E+00
 1.20917769E-16
 0.00000000E+00
 1.18850798E-16
 1.17843588E-16
 1.16853306E-16
 0.00000000E+00
 0.00000000E+00
 1.13979864E-16
 1.13053198E-16
 0.00000000E+00
 0.00000000E+00
 2.20722911E-16
 2.18984935E-16
 2.17274115E-16
 2.15589820E-16
 2.13931437E-16
 2.12298372E-16
 0.00000000E+00
 2.09105916E-16
 0.00000000E+00
 2.06008050E-16
 2.04493285E-16
 0.00000000E+00
 0.00000000E+00
 0.00000000E+00
 1.98650620E-16
 1.97241750E-16
 0.00000000E+00
 1.94483124E-16
 0.00000000E+00
 1.91800598E-16
 1.90486896E-16
 1.89191066E-16
 1.87912748E-16
 0.00000000E+00
 0.00000000E+00
 0.00000000E+00
 1.82967676E-16
 0.00000000E+00
 1.80591473E-16
 1.79426366E-16
 1.78276197E-16
 8.88253016E-05
 2.90007382E-04
 4.88658870E-04
 6.84827214E-04
 8.78558685E-04
 1.06989841E-03
 1.25889041E-03
 1.44557762E-03
 2.91683271E-03
 1.93274683E-03
 9.49028236E-04
 3.46874458E-05
 4.14785430E-04
 5.28631577E-04
 3.47865531E-04
 6.26599640E-05
 2.14479565E-07
 1.41421563E-07
 3.84701751E-04
 6.19735620E-05
 7.86491667E-08
 1.52449671E-07
 1.04648081E-06
 1.06381192E-06
 9.68834594E-07
 8.68195736E-07
 7.67410351E-07
 6.66478567E-07
 5.65399152E-07
 4.64172091E-07
 3.62794487E-07
 2.71391873E-07
 2.76258922E-05
 2.30001903E-07
 2.09191229E-07
 1.88266970E-07
 1.67340342E-07
 1.46257760E-07
 1.25017720E-07
 1.03737701E-07
 8.25811010E-08
 6.12624422E-08
 3.97831054E-08
 1.81401887E-08
 3.66673412E-09
 2.56389790E-08
 4.77779957E-08
 8.33911387E-08
 1.34257538E-07
 1.85292640E-07
 2.36499872E-07
 2.87879176E-07
 3.39430861E-07
 3.91158231E-07
 4.43060084E-07
 4.95139379E-07
 5.47396518E-07
 5.99833299E-07
 6.52451537E-07
 5.77118009E-07
 5.52328509E-07
 5.27491115E-07
 5.02607045E-07
 4.92800977E-07
 4.86438517E-07
 4.80027500E-07
 4.73566273E-07
 4.67057099E-07
 4.60495513E-07
 4.53884816E-07
 4.47224638E-07
 4.40512074E-07
 4.33747301E-07
 4.26931737E-07
 4.20063240E-07
 4.13142707E-07
 4.06167978E-07
 3.99140480E-07
 3.92060253E-07
 3.84924715E-07
 3.77733870E-07
 3.70488198E-07
 3.63186153E-07
 3.55829140E-07
 3.48416160E-07
 3.40945296E-07
 3.33416451E-07
 3.25830990E-07
 3.18186100E-07
 3.10483741E-07
 3.02720796E-07
 2.94898871E-07
 2.87016007E-07
 2.79073268E-07
 2.62810658E-07
 2.38229227E-07
 2.13585524E-07
 1.88879070E-07
 1.64108258E-07
 1.39274170E-07
 1.14375537E-07
 8.94118931E-08
 6.43827031E-08
 3.92878531E-08
 1.41249479E-08
 1.11035559E-08
 3.64015620E-08
 6.17670239E-08
 8.72019855E-08
 1.12707007E-07
 1.38281957E-07
 1.63927431E-07
 1.89645914E-07
 2.15436096E-07
 2.41299834E-07
 2.67237329E-07
 2.93248565E-07
 3.19335252E-07
 3.45497847E-07
 3.71737200E-07
 3.98054247E-07
 4.24449241E-07
 4.50923325E-07
 4.77476749E-07
 5.04111044E-07
 5.30826131E-07
 5.57623589E-07
 5.84504756E-07
 6.11468834E-07
 6.38517161E-07
 6.65653020E-07
 6.92874225E-07
 7.20183619E-07
 7.47581053E-07
 7.75067409E-07
 8.02645596E-07
 8.30314502E-07
 8.58075093E-07
 8.85929836E-07
 9.13878192E-07
 9.41923194E-07
 9.70065328E-07
 9.98305159E-07
 1.02664333E-06
 1.05508190E-06
 1.08362293E-06
 1.11226674E-06
 1.14101334E-06
 1.16986504E-06
 1.19882459E-06
 1.22789169E-06
 1.25706874E-06
 1.28635705E-06
 1.31575545E-06
 1.34526933E-06
 1.37489877E-06
 1.40464460E-06
 1.43450979E-06
 1.89334052E-07
 2.06676449E-07
 2.24052636E-07
 2.41458523E-07
 2.58898707E-07
 2.76371339E-07
 2.93878585E-07
 3.11420403E-07
 3.28996527E-07
 3.46607640E-07
 3.64256187E-07
 3.81939470E-07
 3.99661550E-07
 4.17419798E-07
 4.35217394E-07
 4.53055115E-07
 4.70932125E-07
 4.88848466E-07
 5.06807165E-07
 5.24807679E-07
 5.42851619E-07
 5.60938853E-07
 5.79070510E-07
 5.97247384E-07
 6.15472034E-07
 6.33743056E-07
 6.52062184E-07
 6.70430459E-07
 6.88850579E-07
 7.07321179E-07
 7.25844965E-07
 7.44423997E-07
 7.63056902E-07
 7.81746586E-07
 8.00495978E-07
 8.19303038E-07
 8.38173334E-07
 8.57104849E-07
 8.76102468E-07
 8.95165154E-07
 9.14296089E-07
 9.33498659E-07
 9.52771939E-07
 9.72121256E-07
 9.91547391E-07
 1.01105232E-06
 1.03064149E-06
 1.05031362E-06
 1.07007510E-06
 1.08992838E-06
 1.10987479E-06
 1.12992234E-06
 1.15007099E-06
 1.17032703E-06
 1.19069355E-06
 6.87967981E-07
 8.61878921E-07
 9.82292086E-07
 1.07543476E-06
 1.15137101E-06
 7.60322086E-08
 6.77729403E-08
 5.00386116E-08
 3.37878401E-08
 1.87705169E-08
 4.79853231E-09
 8.27318162E-09
 2.05578770E-08
 3.21487045E-08
 4.31204778E-08
 5.35374384E-08
 6.34504720E-08
 7.29061962E-08
 8.19410916E-08
 9.05898424E-08
 9.88788665E-08
 1.06834620E-07
 1.14480912E-07
 1.21835228E-07
 1.28915453E-07
 1.35736923E-07
 1.42314801E-07
 1.48659256E-07
 1.54783680E-07
 1.60697557E-07
 1.66410256E-07
 1.71929223E-07
 1.77262223E-07
 1.82416583E-07
 1.87397696E-07
 1.92212623E-07
 1.96866115E-07
 2.01361637E-07
 2.05705000E-07
 2.09898347E-07
 2.13946375E-07
 2.17851480E-07
 2.21616258E-07
 2.25243277E-07
 2.28735719E-07
 2.32093964E-07
 2.35320909E-07
 2.38416959E-07
 2.41383360E-07
 2.44220830E-07
 2.46931493E-07
 2.49513959E-07
 2.51968580E-07
 2.54296047E-07
 2.56495602E-07
 2.58567074E-07
 2.60511341E-07
 2.62323037E-07
 2.64004898E-07
 2.65553350E-07
 2.66968156E-07
 2.68246532E-07
 2.69385860E-07
 2.70383894E-07
 2.71237371E-07
 2.71945752E-07
 2.72502208E-07
 2.72903540E-07
 2.73147437E-07
 2.69236224E-07
 2.62760591E-07
 2.56110741E-07
 2.49281098E-07
 2.42265533E-07
 2.35056226E-07
 2.27646578E-07
 2.20025372E-07
 2.12185375E-07
 2.04117684E-07
 1.95809468E-07
 1.87248743E-07
 1.78422820E-07
 1.69317928E-07
 1.59917794E-07
 1.50206166E-07
 1.40163814E-07
 1.29769184E-07
 1.19000803E-07
 1.07833059E-07
 9.62366035E-08
 8.41835600E-08
 7.16374822E-08
 5.85633717E-08
 4.49143098E-08
 3.06458694E-08
 1.57039912E-08
 2.79564258E-11
 1.64498791E-08
 3.38054749E-08
 5.21298334E-08
 8.42234473E-08
 1.45443779E-07
 1.02407506E-06
 9.04819533E-07
 7.79129248E-07
 6.46170448E-07
 5.04957790E-07
 3.54313390E-07
 8.36942701E-03
 2.56488129E-02
 4.29282084E-02
 6.02076152E-02
 1.39185282E-01
 2.64647329E-01
 4.56454062E-01
 0.00000000E+00
 0.00000000E+00
 0.00000000E+00
 0.00000000E+00
 0.00000000E+00
 0.00000000E+00
 0.00000000E+00
 0.00000000E+00
 0.00000000E+00
 0.00000000E+00
 0.00000000E+00
 0.00000000E+00
 0.00000000E+00
 0.00000000E+00
 0.00000000E+00
 0.00000000E+00
 1.30364469E-15
 1.30364469E-15
 1.44849410E-15
 1.30364469E-15
 1.56437363E-15
 7.24247051E-16
 8.69096461E-16
 6.51822346E-16
 9.65662735E-16
 1.04291575E-15
 6.32070154E-16
 4.34548231E-16
 4.01121444E-16
 0.00000000E+00
 3.47638585E-16
 4.34548231E-16
 0.00000000E+00
 1.93132547E-16
 1.82967676E-16
 0.00000000E+00
 1.65542183E-16
 3.16035077E-16
 0.00000000E+00
 2.89698820E-16
 2.78110868E-16
 1.33707148E-16
 3.86265094E-16
 3.72469912E-16
 4.79501496E-16
 3.47638585E-16
 3.36424437E-16
 2.17274115E-16
 2.10690051E-16
 0.00000000E+00
 0.00000000E+00
 1.93132547E-16
 0.00000000E+00
 1.82967676E-16
 0.00000000E+00
 0.00000000E+00
 1.69579797E-16
 1.65542183E-16
 1.61692365E-16
 3.16035077E-16
 3.09012075E-16
 0.00000000E+00
 2.95862625E-16
 2.89698820E-16
 1.41893300E-16
 2.78110868E-16
 1.36328857E-16
 1.33707148E-16
 0.00000000E+00
 0.00000000E+00
 1.26414031E-16
 1.24156637E-16
 0.00000000E+00
 1.19875374E-16
 0.00000000E+00
 1.15879528E-16
 0.00000000E+00
 1.12141479E-16
 0.00000000E+00
 0.00000000E+00
 2.13931437E-16
 2.10690051E-16
 2.07545424E-16
 0.00000000E+00
 2.01529614E-16
 1.98650620E-16
 1.95852724E-16
 1.93132547E-16
 0.00000000E+00
 0.00000000E+00
 1.85407245E-16
 1.82967676E-16
 1.80591473E-16
 0.00000000E+00
 0.00000000E+00
 0.00000000E+00
 1.71673375E-16
 1.69579797E-16
 1.67536667E-16
 1.65542183E-16
 0.00000000E+00
 0.00000000E+00
 1.59833832E-16
 1.58017538E-16
 0.00000000E+00
 3.09012075E-16
 0.00000000E+00
 0.00000000E+00
 1.49521972E-16
 1.47931313E-16
 0.00000000E+00
 1.44849410E-16
 0.00000000E+00
 0.00000000E+00
 2.80920068E-16
 1.39055434E-16
 2.75357295E-16
 1.36328857E-16
 0.00000000E+00
 0.00000000E+00
 0.00000000E+00
 0.00000000E+00
 1.29958349E-16
 0.00000000E+00
 1.27573793E-16
 1.26414031E-16
 0.00000000E+00
 0.00000000E+00
 2.46115812E-16
 0.00000000E+00
 2.41835537E-16
 1.19875374E-16
 1.18850798E-16
 0.00000000E+00
 2.33706611E-16
 1.15879528E-16
 0.00000000E+00
 0.00000000E+00
 1.13053198E-16
 1.12141479E-16
 1.11244347E-16
 4.41445822E-16
 0.00000000E+00
 2.17274115E-16
 0.00000000E+00
 2.13931437E-16
 2.12298372E-16
 0.00000000E+00
 2.09105916E-16
 2.07545424E-16
 0.00000000E+00
 2.04493285E-16
 4.06001267E-16
 2.01529614E-16
 2.00079761E-16
 3.97301240E-16
 1.97241750E-16
 1.95852724E-16
 0.00000000E+00
 0.00000000E+00
 0.00000000E+00
 1.90486896E-16
 1.89191066E-16
 1.87912748E-16
 1.86651589E-16
 3.70814490E-16
 1.84179383E-16
 1.82967676E-16
 0.00000000E+00
 5.41774418E-16
 1.79426366E-16
 1.78276197E-16
 6.82281302E-05
 2.22759293E-04
 3.75346668E-04
 5.26026701E-04
 6.74834932E-04
 8.21806024E-04
 9.66973790E-04
 1.11037122E-03
 3.18934830E-03
 2.14580369E-03
 1.10335252E-03
 6.09043138E-05
 3.55900403E-04
 4.96847020E-04
 3.32471839E-04
 5.98606055E-05
 1.71695538E-07
 1.00637946E-07
 3.98645013E-04
 6.41898369E-05
 1.13364144E-07
 1.85126564E-07
 2.57443836E-07
 1.03277174E-06
 9.36225791E-07
 8.33816446E-07
 7.31260815E-07
 6.28555841E-07
 5.25703281E-07
 4.22700222E-07
 3.19548458E-07
 2.26624606E-07
 2.85765107E-05
 1.85749818E-07
 1.65199568E-07
 1.44537328E-07
 1.23876999E-07
 1.03059164E-07
 8.20837899E-08
 6.10714346E-08
 4.01914369E-08
 1.91476380E-08
 2.05672178E-09
 2.34261574E-08
 4.49609486E-08
 6.66612790E-08
 8.85299143E-08
 1.24358153E-07
 1.75988984E-07
 2.27788981E-07
 2.79762680E-07
 3.31908451E-07
 3.84228378E-07
 4.36725407E-07
 4.89398529E-07
 5.42249144E-07
 5.95279623E-07
 6.48490998E-07
 7.01884330E-07
 5.32149298E-07
 5.06750879E-07
 4.81305777E-07
 4.55811680E-07
 4.45946728E-07
 4.39651496E-07
 4.33306047E-07
 4.26911357E-07
 4.20468143E-07
 4.13973223E-07
 4.07429074E-07
 4.00832044E-07
 3.94184335E-07
 3.87483037E-07
 3.80731603E-07
 3.73926878E-07
 3.67069225E-07
 3.60157552E-07
 3.53192901E-07
 3.46173222E-07
 3.39098550E-07
 3.31969435E-07
 3.24784823E-07
 3.17543460E-07
 3.10246457E-07
 3.02891598E-07
 2.95479989E-07
 2.88010599E-07
 2.80483008E-07
 2.72896475E-07
 2.65250569E-07
 2.57544863E-07
 2.49779445E-07
 2.41952688E-07
 2.34065648E-07
 2.18082655E-07
 1.94004741E-07
 1.69863792E-07
 1.45661179E-07
 1.21392712E-07
 9.70608949E-08
 7.26641017E-08
 4.82018688E-08
 2.36729233E-08
 9.22504506E-10
 2.55838293E-08
 5.03138095E-08
 7.51126339E-08
 9.99797577E-08
 1.24917242E-07
 1.49925253E-07
 1.75004069E-07
 2.00152798E-07
 2.25376098E-07
 2.50671335E-07
 2.76040622E-07
 3.01483102E-07
 3.27000895E-07
 3.52595504E-07
 3.78265671E-07
 4.04013371E-07
 4.29838851E-07
 4.55743256E-07
 4.81727289E-07
 5.07791089E-07
 5.33935961E-07
 5.60163008E-07
 5.86473557E-07
 6.12867826E-07
 6.39345110E-07
 6.65908192E-07
 6.92558387E-07
 7.19295538E-07
 7.46119479E-07
 7.73033574E-07
 8.00038729E-07
 8.27133829E-07
 8.54321328E-07
 8.81601164E-07
 9.08975296E-07
 9.36446721E-07
 9.64011988E-07
 9.91677119E-07
 1.01943817E-06
 1.04730075E-06
 1.07526445E-06
 1.10332995E-06
 1.13149840E-06
 1.15977192E-06
 1.18815187E-06
 1.21663948E-06
 1.24523599E-06
 1.27394113E-06
 1.30275952E-06
 1.33169129E-06
 1.36073595E-06
 1.38989793E-06
 1.41917931E-06
 1.78054904E-07
 1.94814126E-07
 2.11605172E-07
 2.28429158E-07
 2.45283941E-07
 2.62173478E-07
 2.79095258E-07
 2.96052110E-07
 3.13043100E-07
 3.30069125E-07
 3.47131275E-07
 3.64229756E-07
 3.81364381E-07
 3.98537422E-07
 4.15747132E-07
 4.32997590E-07
 4.50286404E-07
 4.67615739E-07
 4.84985690E-07
 5.02397193E-07
 5.19851684E-07
 5.37348551E-07
 5.54890145E-07
 5.72476740E-07
 5.90109141E-07
 6.07787532E-07
 6.25513664E-07
 6.43289370E-07
 6.61114851E-07
 6.78991160E-07
 6.96920230E-07
 7.14901556E-07
 7.32937894E-07
 7.51029629E-07
 7.69178829E-07
 7.87385938E-07
 8.05653941E-07
 8.23984221E-07
 8.42377304E-07
 8.60835475E-07
 8.79360346E-07
 8.97954261E-07
 9.16618838E-07
 9.35356676E-07
 9.54169540E-07
 9.73060146E-07
 9.92031218E-07
 1.01108484E-06
 1.03022483E-06
 1.04945333E-06
 1.06877358E-06
 1.08819063E-06
 1.10770621E-06
 1.12732466E-06
 1.14705151E-06
 1.16688983E-06
 7.01608440E-07
 8.87060588E-07
 1.01302825E-06
 1.10981555E-06
 1.18849385E-06
 4.09860474E-08
 3.22679189E-08
 1.55764789E-08
 4.12830860E-10
 1.34838881E-08
 2.63093953E-08
 3.82130147E-08
 4.93125455E-08
 5.97053586E-08
 6.94663543E-08
 7.86610463E-08
 8.73435111E-08
 9.55606397E-08
 1.03350629E-07
 1.10746468E-07
 1.17779215E-07
 1.24473079E-07
 1.30851060E-07
 1.36933624E-07
 1.42738948E-07
 1.48282591E-07
 1.53577036E-07
 1.58637759E-07
 1.63474608E-07
 1.68097823E-07
 1.72517178E-07
 1.76740521E-07
 1.80776618E-07
 1.84632257E-07
 1.88311792E-07
 1.91822955E-07
 1.95170761E-07
 1.98359604E-07
 2.01393498E-07
 2.04277256E-07
 2.07013865E-07
 2.09604919E-07
 2.12054825E-07
 2.14366277E-07
 2.16541552E-07
 2.18581313E-07
 2.20488425E-07
 2.22262869E-07
 2.23906387E-07
 2.25422243E-07
 2.26806345E-07
 2.28063562E-07
 2.29191010E-07
 2.30190738E-07
 2.31061062E-07
 2.31801068E-07
 2.32412513E-07
 2.32892423E-07
 2.33239627E-07
 2.33453754E-07
 2.33531289E-07
 2.33472153E-07
 2.33273372E-07
 2.32931973E-07
 2.32445989E-07
 2.31810126E-07
 2.31023735E-07
 2.30081666E-07
 2.28978994E-07
 2.26153579E-07
 2.22225322E-07
 2.18122226E-07
 2.13835932E-07
 2.09362273E-07
 2.04693935E-07
 1.99824142E-07
 1.94740433E-07
 1.89437733E-07
 1.83903041E-07
 1.78126467E-07
 1.72096490E-07
 1.65799821E-07
 1.59220842E-07
 1.52345682E-07
 1.45154612E-07
 1.37630661E-07
 1.29752782E-07
 1.21497467E-07
 1.12839281E-07
 1.03751349E-07
 9.42014838E-08
 8.41564297E-08
 7.35760833E-08
 6.24184444E-08
 5.06376615E-08
 3.81762882E-08
 2.49762121E-08
 1.09679427E-08
 3.92520797E-09
 1.97934999E-08
 5.35833936E-08
 1.25629772E-07
 1.04194924E-06
 9.11491171E-07
 7.74554674E-07
 6.30299568E-07
 4.77733095E-07
 3.15669997E-07
 6.42441935E-03
 1.96882144E-02
 3.29520203E-02
 4.62158389E-02
 1.23420748E-01
 2.48799821E-01
 4.42935302E-01
 0.00000000E+00
 0.00000000E+00
 0.00000000E+00
 0.00000000E+00
 0.00000000E+00
 0.00000000E+00
 0.00000000E+00
 0.00000000E+00
 0.00000000E+00
 0.00000000E+00
 0.00000000E+00
 0.00000000E+00
 0.00000000E+00
 0.00000000E+00
 0.00000000E+00
 0.00000000E+00
 1.30364469E-15
 1.30364469E-15
 1.44849410E-15
 1.30364469E-15
 1.39055434E-15
 7.24247051E-16
 8.69096461E-16
 8.69096461E-16
 7.72530188E-16
 1.04291575E-15
 6.32070154E-16
 4.34548231E-16
 4.01121444E-16
 2.48313275E-16
 3.47638585E-16
 2.17274115E-16
 0.00000000E+00
 1.93132547E-16
 0.00000000E+00
 0.00000000E+00
 0.00000000E+00
 1.58017538E-16
 3.02294421E-16
 2.89698820E-16
 4.17166302E-16
 1.33707148E-16
 2.57510063E-16
 2.48313275E-16
 3.59626122E-16
 2.31759056E-16
 4.48565916E-16
 0.00000000E+00
 2.10690051E-16
 0.00000000E+00
 1.98650620E-16
 1.93132547E-16
 0.00000000E+00
 0.00000000E+00
 1.78276197E-16
 0.00000000E+00
 1.69579797E-16
 0.00000000E+00
 3.23384730E-16
 1.58017538E-16
 3.09012075E-16
 3.02294421E-16
 0.00000000E+00
 2.89698820E-16
 1.41893300E-16
 2.78110868E-16
 1.36328857E-16
 1.33707148E-16
 0.00000000E+00
 0.00000000E+00
 0.00000000E+00
 1.24156637E-16
 0.00000000E+00
 1.19875374E-16
 1.17843588E-16
 2.31759056E-16
 1.13979864E-16
 1.12141479E-16
 2.20722911E-16
 2.17274115E-16
 0.00000000E+00
 0.00000000E+00
 2.07545424E-16
 0.00000000E+00
 4.03059229E-16
 1.98650620E-16
 1.95852724E-16
 1.93132547E-16
 1.90486896E-16
 0.00000000E+00
 1.85407245E-16
 0.00000000E+00
 0.00000000E+00
 1.78276197E-16
 1.76019536E-16
 0.00000000E+00
 1.71673375E-16
 1.69579797E-16
 0.00000000E+00
 0.00000000E+00
 1.63594628E-16
 1.61692365E-16
 0.00000000E+00
 1.58017538E-16
 0.00000000E+00
 1.54506038E-16
 0.00000000E+00
 1.51147211E-16
 1.49521972E-16
 0.00000000E+00
 1.46374141E-16
 1.44849410E-16
 0.00000000E+00
 0.00000000E+00
 0.00000000E+00
 0.00000000E+00
 0.00000000E+00
 0.00000000E+00
 0.00000000E+00
 0.00000000E+00
 1.32433747E-16
 0.00000000E+00
 0.00000000E+00
 0.00000000E+00
 0.00000000E+00
 0.00000000E+00
 2.50550331E-16
 2.48313275E-16
 1.23057906E-16
 0.00000000E+00
 1.20917769E-16
 1.19875374E-16
 1.18850798E-16
 1.17843588E-16
 1.16853306E-16
 2.31759056E-16
 1.14921846E-16
 1.13979864E-16
 1.13053198E-16
 1.12141479E-16
 0.00000000E+00
 0.00000000E+00
 2.18984935E-16
 0.00000000E+00
 2.15589820E-16
 2.13931437E-16
 0.00000000E+00
 2.10690051E-16
 2.09105916E-16
 0.00000000E+00
 2.06008050E-16
 4.08986570E-16
 0.00000000E+00
 2.01529614E-16
 4.00159522E-16
 1.98650620E-16
 1.97241750E-16
 1.95852724E-16
 1.94483124E-16
 0.00000000E+00
 1.91800598E-16
 1.90486896E-16
 0.00000000E+00
 1.87912748E-16
 1.86651589E-16
 1.85407245E-16
 1.84179383E-16
 0.00000000E+00
 1.81771809E-16
 1.80591473E-16
 1.79426366E-16
 0.00000000E+00
 4.76309589E-05
 1.55511205E-04
 2.62034466E-04
 3.67226187E-04
 4.71111179E-04
 5.73713639E-04
 6.75057174E-04
 7.75164812E-04
 3.46131689E-03
 2.35858991E-03
 1.25748376E-03
 1.56380647E-04
 2.97081947E-04
 4.65093226E-04
 3.17087253E-04
 5.70537163E-05
 1.17736335E-07
 4.86712665E-08
 4.12558608E-04
 6.63919358E-05
 1.59282712E-07
 2.29010126E-07
 2.99298632E-07
 9.90439121E-07
 8.92323956E-07
 7.88145319E-07
 6.83819033E-07
 5.79342042E-07
 4.74716181E-07
 3.69941581E-07
 2.65013581E-07
 1.70569272E-07
 2.95145264E-05
 1.30206795E-07
 1.09916869E-07
 8.95136044E-08
 6.91177926E-08
 4.85631408E-08
 2.78494976E-08
 7.10188064E-09
 1.35033782E-08
 3.42723195E-08
 5.52047864E-08
 7.63025126E-08
 9.75669699E-08
 1.18998485E-07
 1.40596967E-07
 1.76642441E-07
 2.29037103E-07
 2.81603581E-07
 3.34343917E-07
 3.87256688E-07
 4.40346613E-07
 4.93612299E-07
 5.47058456E-07
 6.00681176E-07
 6.54485025E-07
 7.08471617E-07
 7.62640484E-07
 4.75866446E-07
 4.49860503E-07
 4.23806685E-07
 3.97703957E-07
 3.87778804E-07
 3.81549766E-07
 3.75271249E-07
 3.68942902E-07
 3.62564377E-07
 3.56133562E-07
 3.49652929E-07
 3.43121627E-07
 3.36536729E-07
 3.29901451E-07
 3.23211614E-07
 3.16470386E-07
 3.09674607E-07
 3.02825157E-07
 2.95921656E-07
 2.88963173E-07
 2.81950551E-07
 2.74880931E-07
 2.67755810E-07
 2.60575064E-07
 2.53335571E-07
 2.46040266E-07
 2.38687211E-07
 2.31274787E-07
 2.23804964E-07
 2.16275489E-07
 2.08686247E-07
 2.01036484E-07
 1.93326606E-07
 1.85555826E-07
 1.77723676E-07
 1.62018693E-07
 1.38444698E-07
 1.14806093E-07
 9.11035514E-08
 6.73377240E-08
 4.35062674E-08
 1.96086761E-08
 4.35293651E-09
 2.83824489E-08
 5.24773969E-08
 7.66416785E-08
 1.00874335E-07
 1.25175203E-07
 1.49545939E-07
 1.73987498E-07
 1.98499354E-07
 2.23081813E-07
 2.47738332E-07
 2.72465177E-07
 2.97267019E-07
 3.22143417E-07
 3.47093916E-07
 3.72119605E-07
 3.97222630E-07
 4.22401109E-07
 4.47658272E-07
 4.72994631E-07
 4.98408957E-07
 5.23904361E-07
 5.49479635E-07
 5.75137457E-07
 6.00877555E-07
 6.26701165E-07
 6.52609081E-07
 6.78602576E-07
 7.04681982E-07
 7.30847066E-07
 7.57101719E-07
 7.83443764E-07
 8.09876102E-07
 8.36398621E-07
 8.63014245E-07
 8.89721904E-07
 9.16522570E-07
 9.43419235E-07
 9.70410855E-07
 9.97500022E-07
 1.02468725E-06
 1.05197468E-06
 1.07936133E-06
 1.10685133E-06
 1.13444290E-06
 1.16213816E-06
 1.18994038E-06
 1.21784980E-06
 1.24586612E-06
 1.27399367E-06
 1.30223029E-06
 1.33058038E-06
 1.35904432E-06
 1.38762446E-06
 1.41632092E-06
 1.44513548E-06
 1.95466565E-07
 2.11676069E-07
 2.27916553E-07
 2.44188604E-07
 2.60493724E-07
 2.76833133E-07
 2.93205244E-07
 3.09612900E-07
 3.26054520E-07
 3.42532307E-07
 3.59045368E-07
 3.75595252E-07
 3.92181556E-07
 4.08807692E-07
 4.25470291E-07
 4.42172599E-07
 4.58915357E-07
 4.75698309E-07
 4.92521831E-07
 5.09388058E-07
 5.26296355E-07
 5.43248326E-07
 5.60244983E-07
 5.77287852E-07
 5.94375596E-07
 6.11510709E-07
 6.28694160E-07
 6.45926185E-07
 6.63209446E-07
 6.80543408E-07
 6.97929897E-07
 7.15370133E-07
 7.32866057E-07
 7.50418073E-07
 7.68026593E-07
 7.85695359E-07
 8.03424932E-07
 8.21214926E-07
 8.39070184E-07
 8.56991300E-07
 8.74978982E-07
 8.93036478E-07
 9.11165468E-07
 9.29368523E-07
 9.47645678E-07
 9.66002232E-07
 9.84439282E-07
 1.00296056E-06
 1.02156813E-06
 1.04026528E-06
 1.05905496E-06
 1.07794156E-06
 1.09692743E-06
 1.11601737E-06
 1.13521668E-06
 1.15452749E-06
 7.01497870E-07
 9.00065140E-07
 1.03195807E-06
 1.13255122E-06
 1.21405706E-06
 1.73679520E-08
 8.18178533E-09
 7.47506965E-09
 2.15592508E-08
 3.43424265E-08
 4.60271758E-08
 5.67689732E-08
 6.66886719E-08
 7.58850769E-08
 8.44399775E-08
 9.24167429E-08
 9.98730420E-08
 1.06853236E-07
 1.13400019E-07
 1.19547462E-07
 1.25324405E-07
 1.30759816E-07
 1.35873629E-07
 1.40686503E-07
 1.45220029E-07
 1.49486406E-07
 1.53502075E-07
 1.57281005E-07
 1.60831921E-07
 1.64166012E-07
 1.67295444E-07
 1.70225469E-07
 1.72966226E-07
 1.75523784E-07
 1.77904476E-07
 1.80114536E-07
 1.82159019E-07
 1.84044040E-07
 1.85770885E-07
 1.87346239E-07
 1.88772289E-07
 1.90053311E-07
 1.91191322E-07
 1.92188429E-07
 1.93047746E-07
 1.93770744E-07
 1.94359358E-07
 1.94814756E-07
 1.95138144E-07
 1.95331670E-07
 1.95393618E-07
 1.95325794E-07
 1.95128717E-07
 1.94800863E-07
 1.94344669E-07
 1.93755908E-07
 1.93037611E-07
 1.92186087E-07
 1.91200823E-07
 1.90080915E-07
 1.88824997E-07
 1.87429800E-07
 1.85893892E-07
 1.84214769E-07
 1.82388550E-07
 1.80413519E-07
 1.78284458E-07
 1.75999597E-07
 1.73553157E-07
 1.71813979E-07
 1.70428544E-07
 1.68867430E-07
 1.67122300E-07
 1.65187620E-07
 1.63057153E-07
 1.60722774E-07
 1.58172888E-07
 1.55402740E-07
 1.52399224E-07
 1.49152082E-07
 1.45648596E-07
 1.41876152E-07
 1.37819388E-07
 1.33463999E-07
 1.28792350E-07
 1.23783199E-07
 1.18417284E-07
 1.12671399E-07
 1.06520951E-07
 9.99363694E-08
 9.28857840E-08
 8.53358932E-08
 7.72469051E-08
 6.85781891E-08
 5.92790930E-08
 4.92962057E-08
 3.85678828E-08
 2.70244766E-08
 1.45900955E-08
 1.17307743E-09
 3.43130308E-08
 1.17170435E-07
 1.04854071E-06
 9.06890891E-07
 7.58716792E-07
 6.03175679E-07
 4.39266112E-07
 2.65794716E-07
 4.48199245E-03
 1.37355015E-02
 2.29890226E-02
 3.22425581E-02
 1.07677050E-01
 2.32973257E-01
 4.29434407E-01
 0.00000000E+00
 0.00000000E+00
 0.00000000E+00
 0.00000000E+00
 0.00000000E+00
 0.00000000E+00
 0.00000000E+00
 0.00000000E+00
 0.00000000E+00
 0.00000000E+00
 0.00000000E+00
 0.00000000E+00
 0.00000000E+00
 0.00000000E+00
 0.00000000E+00
 0.00000000E+00
 1.30364469E-15
 1.30364469E-15
 1.44849410E-15
 1.30364469E-15
 1.39055434E-15
 5.79397641E-16
 6.20783187E-16
 6.51822346E-16
 9.65662735E-16
 8.69096461E-16
 7.90087692E-16
 2.89698820E-16
 4.01121444E-16
 3.72469912E-16
 5.79397641E-16
 4.34548231E-16
 2.04493285E-16
 0.00000000E+00
 0.00000000E+00
 0.00000000E+00
 1.65542183E-16
 1.58017538E-16
 3.02294421E-16
 4.34548231E-16
 2.78110868E-16
 4.01121444E-16
 2.57510063E-16
 2.48313275E-16
 3.59626122E-16
 3.47638585E-16
 3.36424437E-16
 2.17274115E-16
 0.00000000E+00
 2.04493285E-16
 1.98650620E-16
 0.00000000E+00
 1.87912748E-16
 0.00000000E+00
 1.78276197E-16
 0.00000000E+00
 0.00000000E+00
 1.65542183E-16
 3.23384730E-16
 1.58017538E-16
 1.54506038E-16
 3.02294421E-16
 1.47931313E-16
 2.89698820E-16
 1.41893300E-16
 2.78110868E-16
 0.00000000E+00
 4.01121444E-16
 1.31184372E-16
 2.57510063E-16
 0.00000000E+00
 1.24156637E-16
 1.21978451E-16
 1.19875374E-16
 1.17843588E-16
 1.15879528E-16
 1.13979864E-16
 0.00000000E+00
 0.00000000E+00
 0.00000000E+00
 0.00000000E+00
 0.00000000E+00
 0.00000000E+00
 2.04493285E-16
 2.01529614E-16
 1.98650620E-16
 0.00000000E+00
 0.00000000E+00
 1.90486896E-16
 1.87912748E-16
 3.70814490E-16
 0.00000000E+00
 0.00000000E+00
 1.78276197E-16
 0.00000000E+00
 0.00000000E+00
 0.00000000E+00
 0.00000000E+00
 0.00000000E+00
 1.65542183E-16
 0.00000000E+00
 1.61692365E-16
 0.00000000E+00
 1.58017538E-16
 0.00000000E+00
 1.54506038E-16
 1.52808169E-16
 0.00000000E+00
 0.00000000E+00
 1.47931313E-16
 0.00000000E+00
 0.00000000E+00
 1.43356117E-16
 1.41893300E-16
 0.00000000E+00
 0.00000000E+00
 1.37678647E-16
 0.00000000E+00
 0.00000000E+00
 0.00000000E+00
 0.00000000E+00
 1.31184372E-16
 1.29958349E-16
 0.00000000E+00
 1.27573793E-16
 0.00000000E+00
 1.25275166E-16
 1.24156637E-16
 1.23057906E-16
 1.21978451E-16
 1.20917769E-16
 1.19875374E-16
 1.18850798E-16
 1.17843588E-16
 0.00000000E+00
 1.15879528E-16
 0.00000000E+00
 1.13979864E-16
 1.13053198E-16
 0.00000000E+00
 1.11244347E-16
 0.00000000E+00
 0.00000000E+00
 2.17274115E-16
 2.15589820E-16
 0.00000000E+00
 2.12298372E-16
 2.10690051E-16
 2.09105916E-16
 2.07545424E-16
 0.00000000E+00
 0.00000000E+00
 2.03000633E-16
 2.01529614E-16
 2.00079761E-16
 0.00000000E+00
 1.97241750E-16
 1.95852724E-16
 1.94483124E-16
 1.93132547E-16
 1.91800598E-16
 1.90486896E-16
 1.89191066E-16
 1.87912748E-16
 1.86651589E-16
 1.85407245E-16
 0.00000000E+00
 0.00000000E+00
 3.63543618E-16
 3.61182945E-16
 1.79426366E-16
 3.56552394E-16
 2.70337875E-05
 8.82631162E-05
 1.48722265E-04
 2.08425674E-04
 2.67387426E-04
 3.25621255E-04
 3.83140558E-04
 4.39958407E-04
 3.44627523E-03
 2.57236449E-03
 1.41142238E-03
 2.51741821E-04
 2.38329886E-04
 4.33370091E-04
 3.01711713E-04
 5.42392617E-05
 5.25743129E-08
 1.45042118E-08
 4.26442549E-04
 6.85798439E-05
 2.16429988E-07
 2.84131865E-07
 3.52396083E-07
 9.36784759E-07
 8.37101430E-07
 7.31155012E-07
 6.25057914E-07
 5.18811906E-07
 4.12415632E-07
 3.05866009E-07
 1.99164810E-07
 1.03199539E-07
 3.04399139E-05
 6.33465114E-08
 4.33141501E-08
 2.31683896E-08
 3.03583708E-09
 1.72585091E-08
 3.77119342E-08
 5.81950073E-08
 7.85268403E-08
 9.90238505E-08
 1.19686026E-07
 1.40514831E-07
 1.61510580E-07
 1.82673181E-07
 2.04007471E-07
 2.40269788E-07
 2.93429695E-07
 3.46763161E-07
 4.00268921E-07
 4.53951692E-07
 5.07810254E-07
 5.61847767E-07
 6.16064436E-07
 6.70460689E-07
 7.25039916E-07
 7.79800639E-07
 8.34746272E-07
 4.08244431E-07
 3.81630116E-07
 3.54968006E-07
 3.28256001E-07
 3.18271027E-07
 3.12108389E-07
 3.05895692E-07
 2.99632577E-07
 2.93317396E-07
 2.86952399E-07
 2.80536491E-07
 2.74067225E-07
 2.67546321E-07
 2.60973398E-07
 2.54346306E-07
 2.47666191E-07
 2.40932416E-07
 2.34144330E-07
 2.27301548E-07
 2.20403409E-07
 2.13450477E-07
 2.06441398E-07
 1.99374925E-07
 1.92253662E-07
 1.85073884E-07
 1.77835479E-07
 1.70540141E-07
 1.63184734E-07
 1.55771220E-07
 1.48299158E-07
 1.40765105E-07
 1.33170978E-07
 1.25516324E-07
 1.17800351E-07
 1.10019938E-07
 9.45949768E-08
 7.15219859E-08
 4.83836148E-08
 2.51823722E-08
 1.91521483E-09
 2.14161615E-08
 4.48133424E-08
 6.82779766E-08
 9.18083384E-08
 1.15407575E-07
 1.39074372E-07
 1.62811120E-07
 1.86615429E-07
 2.10490858E-07
 2.34436098E-07
 2.58454008E-07
 2.82542604E-07
 3.06705479E-07
 3.30941332E-07
 3.55249455E-07
 3.79632634E-07
 4.04093422E-07
 4.28628414E-07
 4.53240631E-07
 4.77930327E-07
 5.02698190E-07
 5.27545790E-07
 5.52472346E-07
 5.77481577E-07
 6.02569604E-07
 6.27741793E-07
 6.52997753E-07
 6.78334816E-07
 7.03759291E-07
 7.29268363E-07
 7.54864441E-07
 7.80548349E-07
 8.06319893E-07
 8.32181975E-07
 8.58132968E-07
 8.84176789E-07
 9.10312866E-07
 9.36541657E-07
 9.62865096E-07
 9.89284737E-07
 1.01580055E-06
 1.04241409E-06
 1.06912595E-06
 1.09593816E-06
 1.12285293E-06
 1.14986875E-06
 1.17698992E-06
 1.20421458E-06
 1.23154599E-06
 1.25898539E-06
 1.28653249E-06
 1.31419121E-06
 1.34196231E-06
 1.36984580E-06
 1.39784341E-06
 1.42595865E-06
 1.45419107E-06
 2.08659273E-07
 2.24285451E-07
 2.39945597E-07
 2.55635626E-07
 2.71357957E-07
 2.87115066E-07
 3.02905652E-07
 3.18729158E-07
 3.34587346E-07
 3.50481555E-07
 3.66410840E-07
 3.82377436E-07
 3.98379583E-07
 4.14419070E-07
 4.30497101E-07
 4.46614609E-07
 4.62770740E-07
 4.78967667E-07
 4.95204077E-07
 5.11483766E-07
 5.27804389E-07
 5.44169265E-07
 5.60577629E-07
 5.77030394E-07
 5.93528457E-07
 6.10074366E-07
 6.26666600E-07
 6.43308675E-07
 6.59998290E-07
 6.76740574E-07
 6.93533391E-07
 7.10379445E-07
 7.27280683E-07
 7.44235823E-07
 7.61248568E-07
 7.78318487E-07
 7.95448570E-07
 8.12640134E-07
 8.29892893E-07
 8.47211604E-07
 8.64595244E-07
 8.82047089E-07
 8.99570376E-07
 9.17164236E-07
 9.34832945E-07
 9.52576607E-07
 9.70401331E-07
 9.88305650E-07
 1.00629507E-06
 1.02437091E-06
 1.04253881E-06
 1.06079755E-06
 1.07915600E-06
 1.09761290E-06
 1.11617663E-06
 1.13484797E-06
 1.15363360E-06
 6.87094971E-07
 9.00787392E-07
 1.03902873E-06
 1.14360037E-06
 1.22802725E-06
 5.20503371E-09
 4.45967155E-09
 1.90925477E-08
 3.21044206E-08
 4.37800636E-08
 5.43294701E-08
 6.39130052E-08
 7.26576941E-08
 8.06638408E-08
 8.80138201E-08
 9.47759452E-08
 1.01008340E-07
 1.06756939E-07
 1.12064416E-07
 1.16966083E-07
 1.21491185E-07
 1.25668810E-07
 1.29520497E-07
 1.33069114E-07
 1.36330895E-07
 1.39324128E-07
 1.42063085E-07
 1.44561017E-07
 1.46828139E-07
 1.48878081E-07
 1.50717600E-07
 1.52357626E-07
 1.53805598E-07
 1.55067194E-07
 1.56151281E-07
 1.57062518E-07
 1.57805841E-07
 1.58387011E-07
 1.58809132E-07
 1.59078339E-07
 1.59197307E-07
 1.59169325E-07
 1.58996451E-07
 1.58682392E-07
 1.58227315E-07
 1.57634987E-07
 1.56908618E-07
 1.56047303E-07
 1.55051785E-07
 1.53924853E-07
 1.52666108E-07
 1.51275911E-07
 1.49754672E-07
 1.48103440E-07
 1.46320396E-07
 1.44405213E-07
 1.42358154E-07
 1.40177566E-07
 1.37861827E-07
 1.35410596E-07
 1.32822132E-07
 1.30093195E-07
 1.27222356E-07
 1.24206774E-07
 1.21043376E-07
 1.17728219E-07
 1.14260448E-07
 1.10634506E-07
 1.06844384E-07
 1.06190185E-07
 1.07344545E-07
 1.08321158E-07
 1.09112739E-07
 1.09713935E-07
 1.10118234E-07
 1.10314504E-07
 1.10297136E-07
 1.10055520E-07
 1.09578551E-07
 1.08856286E-07
 1.07877343E-07
 1.06625606E-07
 1.05089076E-07
 1.03249741E-07
 1.01091797E-07
 9.85944229E-08
 9.57371967E-08
 9.24970251E-08
 8.88489606E-08
 8.47643060E-08
 8.02105405E-08
 7.51521093E-08
 6.95522955E-08
 6.33663980E-08
 5.65461276E-08
 4.90359312E-08
 4.07753285E-08
 3.16943970E-08
 2.17146815E-08
 1.07450824E-08
 2.64358815E-08
 1.20091696E-07
 1.04382259E-06
 8.90992369E-07
 7.31593586E-07
 5.64776719E-07
 3.89532704E-07
 2.04660455E-07
 2.54214133E-03
 7.79065886E-03
 1.30391898E-02
 1.82877366E-02
 9.19541478E-02
 2.17167597E-01
 4.15951343E-01
 0.00000000E+00
 0.00000000E+00
 0.00000000E+00
 0.00000000E+00
 0.00000000E+00
 0.00000000E+00
 0.00000000E+00
 0.00000000E+00
 0.00000000E+00
 0.00000000E+00
 0.00000000E+00
 0.00000000E+00
 0.00000000E+00
 0.00000000E+00
 0.00000000E+00
 0.00000000E+00
 1.30364469E-15
 1.30364469E-15
 1.59334351E-15
 1.30364469E-15
 1.39055434E-15
 7.24247051E-16
 8.69096461E-16
 6.51822346E-16
 9.65662735E-16
 1.04291575E-15
 4.74052615E-16
 4.34548231E-16
 4.01121444E-16
 2.48313275E-16
 3.47638585E-16
 4.34548231E-16
 2.04493285E-16
 0.00000000E+00
 0.00000000E+00
 1.73819292E-16
 3.31084366E-16
 3.16035077E-16
 3.02294421E-16
 4.34548231E-16
 2.78110868E-16
 2.67414296E-16
 3.86265094E-16
 2.48313275E-16
 3.59626122E-16
 1.15879528E-16
 3.36424437E-16
 2.17274115E-16
 2.10690051E-16
 2.04493285E-16
 1.98650620E-16
 0.00000000E+00
 1.87912748E-16
 0.00000000E+00
 1.78276197E-16
 1.73819292E-16
 1.69579797E-16
 3.31084366E-16
 1.61692365E-16
 3.16035077E-16
 1.54506038E-16
 3.02294421E-16
 2.95862625E-16
 1.44849410E-16
 2.83786600E-16
 1.39055434E-16
 0.00000000E+00
 1.33707148E-16
 1.31184372E-16
 1.28755031E-16
 1.26414031E-16
 1.24156637E-16
 1.21978451E-16
 1.19875374E-16
 1.17843588E-16
 1.15879528E-16
 1.13979864E-16
 1.12141479E-16
 0.00000000E+00
 2.17274115E-16
 2.13931437E-16
 2.10690051E-16
 4.15090847E-16
 2.04493285E-16
 2.01529614E-16
 0.00000000E+00
 1.95852724E-16
 0.00000000E+00
 1.90486896E-16
 0.00000000E+00
 3.70814490E-16
 0.00000000E+00
 1.80591473E-16
 1.78276197E-16
 0.00000000E+00
 1.73819292E-16
 0.00000000E+00
 1.69579797E-16
 1.67536667E-16
 3.31084366E-16
 0.00000000E+00
 1.61692365E-16
 0.00000000E+00
 3.16035077E-16
 0.00000000E+00
 1.54506038E-16
 0.00000000E+00
 1.51147211E-16
 1.49521972E-16
 2.95862625E-16
 1.46374141E-16
 0.00000000E+00
 0.00000000E+00
 0.00000000E+00
 1.40460034E-16
 1.39055434E-16
 0.00000000E+00
 0.00000000E+00
 1.35005276E-16
 0.00000000E+00
 0.00000000E+00
 1.31184372E-16
 1.29958349E-16
 0.00000000E+00
 2.55147585E-16
 1.26414031E-16
 1.25275166E-16
 1.24156637E-16
 1.23057906E-16
 0.00000000E+00
 0.00000000E+00
 1.19875374E-16
 1.18850798E-16
 1.17843588E-16
 1.16853306E-16
 1.15879528E-16
 1.14921846E-16
 1.13979864E-16
 1.13053198E-16
 1.12141479E-16
 0.00000000E+00
 0.00000000E+00
 2.18984935E-16
 4.34548231E-16
 0.00000000E+00
 2.13931437E-16
 0.00000000E+00
 2.10690051E-16
 0.00000000E+00
 0.00000000E+00
 2.06008050E-16
 2.04493285E-16
 0.00000000E+00
 2.01529614E-16
 2.00079761E-16
 0.00000000E+00
 0.00000000E+00
 0.00000000E+00
 1.94483124E-16
 0.00000000E+00
 1.91800598E-16
 0.00000000E+00
 1.89191066E-16
 1.87912748E-16
 0.00000000E+00
 1.85407245E-16
 1.84179383E-16
 1.82967676E-16
 3.63543618E-16
 0.00000000E+00
 1.79426366E-16
 0.00000000E+00
 6.43661606E-06
 2.10150277E-05
 3.54100630E-05
 4.96251604E-05
 6.36636728E-05
 7.75288702E-05
 9.12239424E-05
 1.04752002E-04
 3.05945135E-03
 2.78447116E-03
 1.56516882E-03
 3.46988108E-04
 1.79644043E-04
 4.01677505E-04
 2.86345148E-04
 5.14172124E-05
 2.38138781E-08
 8.89116920E-08
 4.40296843E-04
 7.07535377E-05
 2.84832060E-07
 3.50512735E-07
 4.16760350E-07
 8.71784889E-07
 7.70534869E-07
 6.62818927E-07
 5.54954116E-07
 4.46937505E-07
 3.38770736E-07
 2.30450868E-07
 1.21976363E-07
 2.44897825E-08
 3.13526486E-05
 1.48562151E-08
 3.46338262E-08
 5.45232750E-08
 7.43952894E-08
 9.44293006E-08
 1.14625117E-07
 1.34846507E-07
 1.54907801E-07
 1.75134164E-07
 1.95528806E-07
 2.16088683E-07
 2.36816902E-07
 2.57716542E-07
 2.78785114E-07
 3.15264999E-07
 3.69191581E-07
 4.23290649E-07
 4.77566255E-07
 5.32017668E-07
 5.86646496E-07
 6.41454335E-07
 6.96443351E-07
 7.51614799E-07
 8.06967759E-07
 8.62505448E-07
 3.56428919E-07
 3.29255522E-07
 3.02035657E-07
 2.74764543E-07
 2.47444727E-07
 2.37399131E-07
 2.31301697E-07
 2.25152313E-07
 2.18953467E-07
 2.12703258E-07
 2.06402861E-07
 2.00048381E-07
 1.93642753E-07
 1.87184617E-07
 1.80674091E-07
 1.74109023E-07
 1.67490305E-07
 1.60817289E-07
 1.54089588E-07
 1.47307784E-07
 1.40469964E-07
 1.33574499E-07
 1.26624686E-07
 1.19617090E-07
 1.12553730E-07
 1.05432050E-07
 9.82504619E-08
 9.10118440E-08
 8.37148458E-08
 7.63566380E-08
 6.89391644E-08
 6.14619724E-08
 5.39212977E-08
 4.63208551E-08
 3.86586804E-08
 3.09324772E-08
 1.57835678E-08
 6.79002878E-09
 2.94286277E-08
 5.21305390E-08
 7.48991547E-08
 9.77327947E-08
 1.20632685E-07
 1.43599353E-07
 1.66633694E-07
 1.89736623E-07
 2.12908315E-07
 2.36148579E-07
 2.59458756E-07
 2.82839754E-07
 3.06292215E-07
 3.29816748E-07
 3.53413548E-07
 3.77082544E-07
 4.00826920E-07
 4.24645562E-07
 4.48538700E-07
 4.72507827E-07
 4.96554243E-07
 5.20677350E-07
 5.44879529E-07
 5.69160227E-07
 5.93519720E-07
 6.17961717E-07
 6.42483364E-07
 6.67086919E-07
 6.91774619E-07
 7.16544720E-07
 7.41399971E-07
 7.66341176E-07
 7.91368126E-07
 8.16482631E-07
 8.41685589E-07
 8.66976805E-07
 8.92359186E-07
 9.17832121E-07
 9.43397536E-07
 9.69055363E-07
 9.94808055E-07
 1.02065561E-06
 1.04659854E-06
 1.07263939E-06
 1.09877965E-06
 1.12501893E-06
 1.15135887E-06
 1.17780003E-06
 1.20434560E-06
 1.23099575E-06
 1.25775071E-06
 1.28461321E-06
 1.31158447E-06
 1.33866537E-06
 1.36585757E-06
 1.39316258E-06
 1.42058081E-06
 1.44811520E-06
 1.47576746E-06
 1.50353747E-06
 2.49460517E-07
 2.64537757E-07
 2.79647522E-07
 2.94788872E-07
 3.09964523E-07
 3.25172590E-07
 3.40414319E-07
 3.55691239E-07
 3.71002440E-07
 3.86348541E-07
 4.01731801E-07
 4.17150628E-07
 4.32607959E-07
 4.48101362E-07
 4.63634011E-07
 4.79205764E-07
 4.94818267E-07
 5.10469097E-07
 5.26161364E-07
 5.41896754E-07
 5.57674499E-07
 5.73495454E-07
 5.89361214E-07
 6.05271219E-07
 6.21227855E-07
 6.37231337E-07
 6.53283488E-07
 6.69383574E-07
 6.85532712E-07
 7.01733510E-07
 7.17987917E-07
 7.34293760E-07
 7.50655467E-07
 7.67072593E-07
 7.83547186E-07
 8.00079656E-07
 8.16672145E-07
 8.33326860E-07
 8.50044340E-07
 8.66826005E-07
 8.83675051E-07
 9.00592176E-07
 9.17580750E-07
 9.34641471E-07
 9.51776999E-07
 9.68988314E-07
 9.86280678E-07
 1.00365528E-06
 1.02111320E-06
 1.03866012E-06
 1.05629655E-06
 1.07402927E-06
 1.09185888E-06
 1.10978894E-06
 1.12782580E-06
 1.14597306E-06
 1.16423389E-06
 6.57627634E-07
 8.89112020E-07
 1.03418449E-06
 1.14292208E-06
 1.23036967E-06
 4.52606191E-09
 5.62697306E-09
 1.92463415E-08
 3.11946092E-08
 4.17701343E-08
 5.11893891E-08
 5.96214398E-08
 6.71937502E-08
 7.40134498E-08
 8.01643871E-08
 8.57162837E-08
 9.07263681E-08
 9.52466473E-08
 9.93175951E-08
 1.02975654E-07
 1.06252465E-07
 1.09174914E-07
 1.11768314E-07
 1.14053453E-07
 1.16048560E-07
 1.17770357E-07
 1.19234256E-07
 1.20452726E-07
 1.21440853E-07
 1.22205782E-07
 1.22760286E-07
 1.23110816E-07
 1.23267352E-07
 1.23236910E-07
 1.23024909E-07
 1.22639775E-07
 1.22083627E-07
 1.21364605E-07
 1.20484401E-07
 1.19449624E-07
 1.18263154E-07
 1.16927200E-07
 1.15445184E-07
 1.13821659E-07
 1.12054672E-07
 1.10150809E-07
 1.08109516E-07
 1.05931584E-07
 1.03620933E-07
 1.01174907E-07
 9.85972726E-08
 9.58865243E-08
 9.30439497E-08
 9.00693580E-08
 8.69629923E-08
 8.37226826E-08
 8.03500992E-08
 7.68419916E-08
 7.31972828E-08
 6.94174442E-08
 6.54967425E-08
 6.14363290E-08
 5.72312409E-08
 5.28812027E-08
 4.83822120E-08
 4.37310914E-08
 3.89238485E-08
 3.39582982E-08
 2.88279885E-08
 2.92562054E-08
 3.29478345E-08
 3.64593433E-08
 3.97833890E-08
 4.29180448E-08
 4.58517619E-08
 4.85776148E-08
 5.10869063E-08
 5.33705511E-08
 5.54176569E-08
 5.72175935E-08
 5.87564024E-08
 6.00223973E-08
 6.10014210E-08
 6.16756869E-08
 6.20270815E-08
 6.20387004E-08
 6.16876668E-08
 6.09507174E-08
 5.98001604E-08
 5.82109823E-08
 5.61485642E-08
 5.35788878E-08
 5.04628103E-08
 4.67568150E-08
 4.24122802E-08
 3.73711333E-08
 3.15744148E-08
 2.49510932E-08
 1.74219245E-08
 8.89472938E-09
 2.99788664E-08
 1.34418764E-07
 1.02776926E-06
 8.63769317E-07
 6.93157068E-07
 5.15073881E-07
 3.28507113E-07
 1.32244095E-07
 6.04860999E-04
 1.85367119E-03
 3.10249612E-03
 4.35133842E-03
 7.62520012E-02
 2.01382799E-01
 4.02486075E-01
 0.00000000E+00
 0.00000000E+00
 0.00000000E+00
 0.00000000E+00
 0.00000000E+00
 0.00000000E+00
 0.00000000E+00
 0.00000000E+00
 0.00000000E+00
 0.00000000E+00
 0.00000000E+00
 0.00000000E+00
 0.00000000E+00
 0.00000000E+00
 0.00000000E+00
 0.00000000E+00
 1.30364469E-15
 1.30364469E-15
 1.44849410E-15
 1.30364469E-15
 1.56437363E-15
 7.24247051E-16
 8.69096461E-16
 8.69096461E-16
 9.65662735E-16
 1.04291575E-15
 4.74052615E-16
 2.89698820E-16
 2.67414296E-16
 1.24156637E-16
 2.31759056E-16
 4.34548231E-16
 2.04493285E-16
 1.93132547E-16
 0.00000000E+00
 1.73819292E-16
 1.65542183E-16
 4.74052615E-16
 3.02294421E-16
 4.34548231E-16
 2.78110868E-16
 2.67414296E-16
 3.86265094E-16
 2.48313275E-16
 4.79501496E-16
 2.31759056E-16
 4.48565916E-16
 2.17274115E-16
 0.00000000E+00
 2.04493285E-16
 0.00000000E+00
 1.93132547E-16
 1.87912748E-16
 0.00000000E+00
 1.78276197E-16
 1.73819292E-16
 1.69579797E-16
 1.65542183E-16
 3.23384730E-16
 4.74052615E-16
 3.09012075E-16
 3.02294421E-16
 2.95862625E-16
 4.34548231E-16
 0.00000000E+00
 2.78110868E-16
 1.36328857E-16
 2.67414296E-16
 0.00000000E+00
 0.00000000E+00
 1.26414031E-16
 0.00000000E+00
 1.21978451E-16
 0.00000000E+00
 0.00000000E+00
 2.31759056E-16
 0.00000000E+00
 2.24282958E-16
 0.00000000E+00
 0.00000000E+00
 0.00000000E+00
 0.00000000E+00
 2.07545424E-16
 0.00000000E+00
 2.01529614E-16
 0.00000000E+00
 0.00000000E+00
 0.00000000E+00
 1.90486896E-16
 0.00000000E+00
 3.70814490E-16
 0.00000000E+00
 0.00000000E+00
 1.78276197E-16
 1.76019536E-16
 1.73819292E-16
 1.71673375E-16
 1.69579797E-16
 1.67536667E-16
 1.65542183E-16
 0.00000000E+00
 3.23384730E-16
 0.00000000E+00
 1.58017538E-16
 0.00000000E+00
 3.09012075E-16
 1.52808169E-16
 3.02294421E-16
 1.49521972E-16
 2.95862625E-16
 0.00000000E+00
 1.44849410E-16
 1.43356117E-16
 2.83786600E-16
 0.00000000E+00
 1.39055434E-16
 1.37678647E-16
 1.36328857E-16
 1.35005276E-16
 0.00000000E+00
 0.00000000E+00
 0.00000000E+00
 2.59916699E-16
 1.28755031E-16
 1.27573793E-16
 1.26414031E-16
 1.25275166E-16
 0.00000000E+00
 1.23057906E-16
 1.21978451E-16
 1.20917769E-16
 0.00000000E+00
 0.00000000E+00
 0.00000000E+00
 0.00000000E+00
 2.31759056E-16
 2.29843692E-16
 0.00000000E+00
 0.00000000E+00
 2.24282958E-16
 1.11244347E-16
 2.20722911E-16
 0.00000000E+00
 2.17274115E-16
 0.00000000E+00
 2.13931437E-16
 0.00000000E+00
 2.10690051E-16
 2.09105916E-16
 0.00000000E+00
 0.00000000E+00
 2.04493285E-16
 0.00000000E+00
 2.01529614E-16
 0.00000000E+00
 3.97301240E-16
 0.00000000E+00
 0.00000000E+00
 3.88966248E-16
 1.93132547E-16
 0.00000000E+00
 3.80973791E-16
 3.78382133E-16
 0.00000000E+00
 0.00000000E+00
 1.85407245E-16
 1.84179383E-16
 1.82967676E-16
 1.81771809E-16
 0.00000000E+00
 3.58852732E-16
 1.78276197E-16
 0.00000000E+00
 1.76019536E-16
 3.49824991E-16
 1.73819292E-16
 1.72739669E-16
 1.71673375E-16
 0.00000000E+00
 1.69579797E-16
 2.87404941E-03
 3.13241793E-03
 1.78984492E-03
 4.48252567E-04
 1.32297867E-04
 3.77844755E-04
 2.75372659E-04
 4.95284642E-05
 7.61500514E-08
 1.31548184E-08
 4.54309370E-04
 7.31009926E-05
 1.76388045E-07
 2.39929134E-07
 3.04038511E-07
 9.83923951E-07
 8.81236193E-07
 7.71883267E-07
 6.62378578E-07
 5.52722132E-07
 4.42914212E-07
 3.32953355E-07
 2.22836445E-07
 1.23944395E-07
 3.24422525E-05
 8.51263568E-08
 6.56170468E-08
 4.59944063E-08
 2.63931923E-08
 6.63012713E-09
 1.32948627E-08
 3.32438424E-08
 5.30227910E-08
 7.29697926E-08
 9.30835247E-08
 1.13364034E-07
 1.33815871E-07
 1.54437949E-07
 1.75230220E-07
 2.11916769E-07
 2.66597162E-07
 3.21451132E-07
 3.76480944E-07
 4.31689245E-07
 4.87076583E-07
 5.42643365E-07
 5.98392612E-07
 6.54324761E-07
 7.10440110E-07
 7.66741879E-07
 4.56539013E-07
 4.28772214E-07
 4.00955496E-07
 3.73090062E-07
 3.45175357E-07
 3.35081555E-07
 3.29061351E-07
 3.22990142E-07
 3.16867802E-07
 3.10695040E-07
 3.04469482E-07
 2.98191477E-07
 2.91861226E-07
 2.85478337E-07
 2.79040917E-07
 2.72551373E-07
 2.66006017E-07
 2.59407237E-07
 2.52751872E-07
 2.46041756E-07
 2.39276751E-07
 2.32453441E-07
 2.25574825E-07
 2.18638318E-07
 2.11645368E-07
 2.04593116E-07
 1.97482054E-07
 1.90313256E-07
 1.83084168E-07
 1.75793466E-07
 1.68445465E-07
 1.61034333E-07
 1.53561984E-07
 1.46027947E-07
 1.38431098E-07
 1.30771288E-07
 1.15682995E-07
 9.31687219E-08
 7.05863621E-08
 4.79410518E-08
 2.52300825E-08
 2.45179512E-09
 2.03920627E-08
 4.33046508E-08
 6.62846166E-08
 8.93328948E-08
 1.12451524E-07
 1.35638479E-07
 1.58897276E-07
 1.82226326E-07
 2.05626947E-07
 2.29101219E-07
 2.52646474E-07
 2.76267006E-07
 2.99962753E-07
 3.23731793E-07
 3.47577753E-07
 3.71499802E-07
 3.95497967E-07
 4.19575484E-07
 4.43731362E-07
 4.67966928E-07
 4.92282287E-07
 5.16678620E-07
 5.41157257E-07
 5.65718235E-07
 5.90363485E-07
 6.15092651E-07
 6.39907095E-07
 6.64807537E-07
 6.89794342E-07
 7.14869314E-07
 7.40032828E-07
 7.65287750E-07
 7.90632464E-07
 8.16068882E-07
 8.41598435E-07
 8.67221069E-07
 8.92938255E-07
 9.18751494E-07
 9.44662328E-07
 9.70671249E-07
 9.96779833E-07
 1.02298720E-06
 1.04929692E-06
 1.07570915E-06
 1.10222706E-06
 1.12884786E-06
 1.15557672E-06
 1.18241294E-06
 1.20935775E-06
 1.23641359E-06
 1.26358154E-06
 1.29086373E-06
 1.31825999E-06
 1.34577264E-06
 1.37340430E-06
 1.23991349E-07
 1.38929754E-07
 1.53900280E-07
 1.68902525E-07
 1.83938026E-07
 1.99006439E-07
 2.14107727E-07
 2.29244064E-07
 2.44414499E-07
 2.59620602E-07
 2.74862741E-07
 2.90140289E-07
 3.05454583E-07
 3.20807206E-07
 3.36197979E-07
 3.51626956E-07
 3.67095543E-07
 3.82603140E-07
 3.98153484E-07
 4.13743502E-07
 4.29375600E-07
 4.45052217E-07
 4.60771734E-07
 4.76536054E-07
 4.92346671E-07
 5.08202163E-07
 5.24105956E-07
 5.40057292E-07
 5.56058914E-07
 5.72110158E-07
 5.88213766E-07
 6.04368342E-07
 6.20578314E-07
 6.36841547E-07
 6.53162508E-07
 6.69540809E-07
 6.85978535E-07
 7.02474494E-07
 7.19035068E-07
 7.35658326E-07
 7.52346490E-07
 7.69101973E-07
 7.85927172E-07
 8.02822888E-07
 8.19792464E-07
 8.36836750E-07
 8.53958468E-07
 8.71160488E-07
 8.88445496E-07
 9.05815655E-07
 9.23273839E-07
 9.40824356E-07
 9.58470126E-07
 9.76213025E-07
 9.94059050E-07
 1.01201193E-06
 1.03007544E-06
 1.04825433E-06
 7.49599269E-07
 1.00212854E-06
 1.15414242E-06
 1.26681268E-06
 1.35694484E-06
 1.20096034E-07
 1.30635529E-07
 1.44110700E-07
 1.55863978E-07
 1.66205832E-07
 1.75361171E-07
 1.83506106E-07
 1.90773564E-07
 1.97271151E-07
 2.03086176E-07
 2.08291217E-07
 2.12946303E-07
 2.17100991E-07
 2.20798198E-07
 2.24076095E-07
 2.26966756E-07
 2.29498870E-07
 2.31696281E-07
 2.33580275E-07
 2.35170209E-07
 2.36483446E-07
 2.37535190E-07
 2.38340010E-07
 2.38909344E-07
 2.39255146E-07
 2.39384463E-07
 2.39310393E-07
 2.39038524E-07
 2.38576877E-07
 2.37933458E-07
 2.37112784E-07
 2.36121849E-07
 2.34963395E-07
 2.33644113E-07
 2.32166934E-07
 2.30537461E-07
 2.28756698E-07
 2.26829200E-07
 2.24756209E-07
 2.22542166E-07
 2.20186811E-07
 2.17692790E-07
 2.15063467E-07
 2.12296674E-07
 2.09396215E-07
 2.06362034E-07
 2.03193330E-07
 1.99891507E-07
 1.96456433E-07
 1.92887500E-07
 1.89184554E-07
 1.85347506E-07
 1.81374876E-07
 1.77263557E-07
 1.73015532E-07
 1.68627642E-07
 1.64096334E-07
 1.59420405E-07
 1.54597856E-07
 1.49624880E-07
 1.44498981E-07
 1.39216940E-07
 1.33773734E-07
 1.28164771E-07
 1.28926459E-07
 1.33437088E-07
 1.37767066E-07
 1.41911600E-07
 1.45859993E-07
 1.49607669E-07
 1.53146230E-07
 1.56467730E-07
 1.59559856E-07
 1.62414221E-07
 1.65018613E-07
 1.67362748E-07
 1.69429101E-07
 1.71206354E-07
 1.72678111E-07
 1.73824647E-07
 1.74626911E-07
 1.75063716E-07
 1.75112783E-07
 1.74746516E-07
 1.73936162E-07
 1.72649937E-07
 1.70852066E-07
 1.68503663E-07
 1.65560443E-07
 1.61973807E-07
 1.57685575E-07
 1.52636339E-07
 1.46754553E-07
 1.39958225E-07
 1.32158648E-07
 9.25352936E-08
 1.58888367E-08
 1.25679988E-07
 9.83062672E-07
 8.08032110E-07
 6.25481854E-07
 4.34387797E-07
 2.33532908E-07
 1.38463391E-07
 1.54942324E-07
 1.56206828E-07
 1.39527299E-07
 6.97510272E-02
 1.92053728E-01
 3.92727911E-01
 0.00000000E+00
 0.00000000E+00
 0.00000000E+00
 0.00000000E+00
 0.00000000E+00
 0.00000000E+00
 0.00000000E+00
 0.00000000E+00
 0.00000000E+00
 0.00000000E+00
 0.00000000E+00
 0.00000000E+00
 0.00000000E+00
 0.00000000E+00
 0.00000000E+00
 0.00000000E+00
 1.52091881E-15
 1.52091881E-15
 1.59334351E-15
 1.52091881E-15
 1.56437363E-15
 7.24247051E-16
 7.44939824E-16
 8.69096461E-16
 9.65662735E-16
 1.04291575E-15
 4.74052615E-16
 2.89698820E-16
 2.67414296E-16
 1.24156637E-16
 4.63518113E-16
 2.17274115E-16
 2.04493285E-16
 0.00000000E+00
 0.00000000E+00
 1.73819292E-16
 1.65542183E-16
 1.58017538E-16
 1.51147211E-16
 5.79397641E-16
 4.17166302E-16
 5.34828592E-16
 3.86265094E-16
 3.72469912E-16
 4.79501496E-16
 1.15879528E-16
 4.48565916E-16
 0.00000000E+00
 2.10690051E-16
 2.04493285E-16
 0.00000000E+00
 0.00000000E+00
 1.87912748E-16
 0.00000000E+00
 0.00000000E+00
 1.73819292E-16
 0.00000000E+00
 1.65542183E-16
 1.61692365E-16
 1.58017538E-16
 3.09012075E-16
 1.51147211E-16
 2.95862625E-16
 1.44849410E-16
 1.41893300E-16
 2.78110868E-16
 0.00000000E+00
 2.67414296E-16
 0.00000000E+00
 1.28755031E-16
 1.26414031E-16
 1.24156637E-16
 0.00000000E+00
 1.19875374E-16
 2.35687176E-16
 1.15879528E-16
 0.00000000E+00
 1.12141479E-16
 0.00000000E+00
 2.17274115E-16
 2.13931437E-16
 0.00000000E+00
 2.07545424E-16
 0.00000000E+00
 2.01529614E-16
 0.00000000E+00
 1.95852724E-16
 0.00000000E+00
 1.90486896E-16
 0.00000000E+00
 3.70814490E-16
 0.00000000E+00
 0.00000000E+00
 0.00000000E+00
 1.76019536E-16
 1.73819292E-16
 0.00000000E+00
 0.00000000E+00
 1.67536667E-16
 1.65542183E-16
 1.63594628E-16
 1.61692365E-16
 0.00000000E+00
 1.58017538E-16
 0.00000000E+00
 1.54506038E-16
 0.00000000E+00
 1.51147211E-16
 0.00000000E+00
 2.95862625E-16
 1.46374141E-16
 0.00000000E+00
 1.43356117E-16
 1.41893300E-16
 2.80920068E-16
 0.00000000E+00
 1.37678647E-16
 1.36328857E-16
 1.35005276E-16
 2.67414296E-16
 0.00000000E+00
 0.00000000E+00
 2.59916699E-16
 1.28755031E-16
 0.00000000E+00
 0.00000000E+00
 2.50550331E-16
 1.24156637E-16
 1.23057906E-16
 1.21978451E-16
 1.20917769E-16
 1.19875374E-16
 2.37701596E-16
 2.35687176E-16
 0.00000000E+00
 1.15879528E-16
 0.00000000E+00
 0.00000000E+00
 0.00000000E+00
 1.12141479E-16
 1.11244347E-16
 2.20722911E-16
 4.37969870E-16
 4.34548231E-16
 0.00000000E+00
 0.00000000E+00
 0.00000000E+00
 0.00000000E+00
 0.00000000E+00
 2.07545424E-16
 4.12016100E-16
 2.04493285E-16
 2.03000633E-16
 2.01529614E-16
 2.00079761E-16
 1.98650620E-16
 0.00000000E+00
 1.95852724E-16
 3.88966248E-16
 1.93132547E-16
 1.91800598E-16
 1.90486896E-16
 1.89191066E-16
 1.87912748E-16
 3.73303178E-16
 1.85407245E-16
 0.00000000E+00
 1.82967676E-16
 1.81771809E-16
 0.00000000E+00
 1.79426366E-16
 1.78276197E-16
 3.54281360E-16
 0.00000000E+00
 1.74912495E-16
 0.00000000E+00
 0.00000000E+00
 0.00000000E+00
 3.41240328E-16
 0.00000000E+00
 2.78020290E-03
 3.54174347E-03
 2.04654259E-03
 5.52180388E-04
 8.88603596E-05
 3.57588495E-04
 2.66395184E-04
 4.80582313E-05
 2.49810322E-07
 1.88969043E-07
 4.68377362E-04
 7.55193455E-05
 5.95588704E-09
 5.53894373E-08
 1.17309326E-07
 1.17004613E-06
 1.06598074E-06
 9.55049594E-07
 8.43965286E-07
 7.32729483E-07
 6.21340799E-07
 5.09796027E-07
 3.98096985E-07
 2.97852907E-07
 3.36050073E-05
 2.59571419E-07
 2.40330675E-07
 2.20979773E-07
 2.01654369E-07
 1.82167132E-07
 1.62514979E-07
 1.42843000E-07
 1.23350001E-07
 1.03688761E-07
 8.38593957E-08
 6.38599750E-08
 4.36907187E-08
 2.33498027E-08
 2.83553273E-09
 3.40523378E-08
 8.94785928E-08
 1.45083192E-07
 2.00863666E-07
 2.56823035E-07
 3.12962908E-07
 3.69283699E-07
 4.25787417E-07
 4.82475533E-07
 5.39348725E-07
 5.96408485E-07
 6.31231403E-07
 6.02877342E-07
 5.74472795E-07
 5.46020508E-07
 5.17516822E-07
 5.07379997E-07
 5.01442035E-07
 4.95452931E-07
 4.89413402E-07
 4.83321552E-07
 4.77178070E-07
 4.70981050E-07
 4.64731646E-07
 4.58427467E-07
 4.52071170E-07
 4.45660590E-07
 4.39195075E-07
 4.32674500E-07
 4.26097941E-07
 4.19465001E-07
 4.12777203E-07
 4.06032204E-07
 3.99229052E-07
 3.92369486E-07
 3.85450638E-07
 3.78474518E-07
 3.71437978E-07
 3.64342398E-07
 3.57187925E-07
 3.49973497E-07
 3.42695974E-07
 3.35357274E-07
 3.27958110E-07
 3.20496502E-07
 3.12970482E-07
 3.05381907E-07
 2.90257803E-07
 2.67598829E-07
 2.44874319E-07
 2.22085361E-07
 1.99228010E-07
 1.76305163E-07
 1.53315155E-07
 1.30256361E-07
 1.07130081E-07
 8.39342775E-08
 6.06691326E-08
 3.73325844E-08
 1.39255444E-08
 9.55224406E-09
 3.31035868E-08
 5.67264956E-08
 8.04238736E-08
 1.04196347E-07
 1.28042656E-07
 1.51965085E-07
 1.75962410E-07
 2.00037844E-07
 2.24191428E-07
 2.48423835E-07
 2.72733663E-07
 2.97125663E-07
 3.21598450E-07
 3.46151296E-07
 3.70787912E-07
 3.95507003E-07
 4.20310386E-07
 4.45198837E-07
 4.70173541E-07
 4.95234392E-07
 5.20383716E-07
 5.45620811E-07
 5.70947077E-07
 5.96364873E-07
 6.21874117E-07
 6.47474213E-07
 6.73168611E-07
 6.98957778E-07
 7.24842182E-07
 7.50823328E-07
 7.76901774E-07
 8.03079023E-07
 8.29356205E-07
 8.55735381E-07
 8.82216677E-07
 9.08800808E-07
 9.35489331E-07
 9.62284530E-07
 9.89186654E-07
 1.01619693E-06
 1.04331813E-06
 1.07055116E-06
 1.09789677E-06
 1.12535591E-06
 1.15293151E-06
 1.18062404E-06
 6.38803664E-08
 4.88802360E-08
 3.38496681E-08
 1.87859286E-08
 3.68907976E-09
 1.14399117E-08
 2.66022794E-08
 4.17989096E-08
 5.70294901E-08
 7.22946551E-08
 8.75975055E-08
 1.02933777E-07
 1.18307515E-07
 1.33718704E-07
 1.49167629E-07
 1.64654758E-07
 1.80181276E-07
 1.95747246E-07
 2.11352561E-07
 2.27000494E-07
 2.42689516E-07
 2.58421184E-07
 2.74196339E-07
 2.90015849E-07
 3.05879834E-07
 3.21789132E-07
 3.37746358E-07
 3.53750021E-07
 3.69804351E-07
 3.85906331E-07
 4.02061046E-07
 4.18266300E-07
 4.34524868E-07
 4.50837805E-07
 4.67205508E-07
 4.83630008E-07
 5.00112522E-07
 5.16654360E-07
 5.33258476E-07
 5.49923759E-07
 5.66654134E-07
 5.83449369E-07
 6.00312687E-07
 6.17246519E-07
 6.34250753E-07
 6.51328786E-07
 6.68482451E-07
 6.85716116E-07
 7.03028195E-07
 7.20425163E-07
 7.37908048E-07
 7.55479088E-07
 7.73143231E-07
 7.90903751E-07
 8.08763134E-07
 8.26723901E-07
 8.44793520E-07
 8.62975548E-07
 8.81271443E-07
 8.85782338E-07
 1.16461365E-06
 1.32401128E-06
 1.44064137E-06
 1.53337122E-06
 2.94531649E-07
 3.05415479E-07
 3.19147237E-07
 3.31103968E-07
 3.41609215E-07
 3.50897944E-07
 3.59149405E-07
 3.66505060E-07
 3.73075222E-07
 3.78949122E-07
 3.84199384E-07
 3.88890858E-07
 3.93072774E-07
 3.96791101E-07
 4.00083078E-07
 4.02980504E-07
 4.05513335E-07
 4.07706385E-07
 4.09582881E-07
 4.11160002E-07
 4.12457756E-07
 4.13490525E-07
 4.14271389E-07
 4.14814382E-07
 4.15129984E-07
 4.15229071E-07
 4.15121070E-07
 4.14812960E-07
 4.14312707E-07
 4.13628554E-07
 4.12764897E-07
 4.11729521E-07
 4.10524666E-07
 4.09157326E-07
 4.07630758E-07
 4.05948652E-07
 4.04116109E-07
 4.02132962E-07
 4.00004898E-07
 3.97733258E-07
 3.95319543E-07
 3.92765819E-07
 3.90074203E-07
 3.87244742E-07
 3.84280262E-07
 3.81180863E-07
 3.77945120E-07
 3.74575698E-07
 3.71071668E-07
 3.67432882E-07
 3.63658889E-07
 3.59748462E-07
 3.55702741E-07
 3.51517965E-07
 3.47193034E-07
 3.42727260E-07
 3.38117913E-07
 3.33363088E-07
 3.28459467E-07
 3.23405028E-07
 3.18194734E-07
 3.12827836E-07
 3.07298021E-07
 3.01601924E-07
 3.02357732E-07
 3.06909804E-07
 3.11279990E-07
 3.15461469E-07
 3.19446949E-07
 3.23229463E-07
 3.26802043E-07
 3.30154178E-07
 3.33276166E-07
 3.36160048E-07
 3.38790436E-07
 3.41157782E-07
 3.43246686E-07
 3.45044522E-07
 3.46532680E-07
 3.47693116E-07
 3.48508194E-07
 3.48954965E-07
 3.49010646E-07
 3.48647466E-07
 3.47836176E-07
 3.46546838E-07
 3.44741027E-07
 3.42380348E-07
 3.39421413E-07
 3.35812617E-07
 3.31498795E-07
 3.26417269E-07
 3.20495660E-07
 3.13653739E-07
 3.05800112E-07
 2.65856485E-07
 1.56536678E-07
 4.58370575E-08
 1.16248203E-06
 9.86119756E-07
 8.02185395E-07
 6.09649777E-07
 4.07283873E-07
 3.11553520E-07
 3.28265207E-07
 3.29658430E-07
 3.12982613E-07
 6.74288163E-02
 1.85659989E-01
 3.84658482E-01
 0.00000000E+00
 0.00000000E+00
 0.00000000E+00
 0.00000000E+00
 0.00000000E+00
 0.00000000E+00
 0.00000000E+00
 0.00000000E+00
 0.00000000E+00
 0.00000000E+00
 0.00000000E+00
 0.00000000E+00
 0.00000000E+00
 0.00000000E+00
 0.00000000E+00
 0.00000000E+00
 1.30364469E-15
 1.30364469E-15
 1.59334351E-15
 1.30364469E-15
 1.39055434E-15
 8.69096461E-16
 8.69096461E-16
 6.51822346E-16
 7.72530188E-16
 1.04291575E-15
 6.32070154E-16
 2.89698820E-16
 2.67414296E-16
 1.24156637E-16
 4.63518113E-16
 4.34548231E-16
 2.04493285E-16
 1.93132547E-16
 0.00000000E+00
 0.00000000E+00
 1.65542183E-16
 1.58017538E-16
 1.51147211E-16
 4.34548231E-16
 4.17166302E-16
 2.67414296E-16
 2.57510063E-16
 2.48313275E-16
 4.79501496E-16
 3.47638585E-16
 3.36424437E-16
 2.17274115E-16
 0.00000000E+00
 2.04493285E-16
 1.98650620E-16
 1.93132547E-16
 1.87912748E-16
 0.00000000E+00
 1.78276197E-16
 0.00000000E+00
 0.00000000E+00
 1.65542183E-16
 3.23384730E-16
 1.58017538E-16
 1.54506038E-16
 1.51147211E-16
 1.47931313E-16
 2.89698820E-16
 0.00000000E+00
 2.78110868E-16
 1.36328857E-16
 2.67414296E-16
 1.31184372E-16
 0.00000000E+00
 1.26414031E-16
 2.48313275E-16
 1.21978451E-16
 0.00000000E+00
 0.00000000E+00
 0.00000000E+00
 1.13979864E-16
 1.12141479E-16
 0.00000000E+00
 2.17274115E-16
 0.00000000E+00
 0.00000000E+00
 2.07545424E-16
 0.00000000E+00
 2.01529614E-16
 0.00000000E+00
 1.95852724E-16
 1.93132547E-16
 1.90486896E-16
 0.00000000E+00
 1.85407245E-16
 0.00000000E+00
 0.00000000E+00
 1.78276197E-16
 1.76019536E-16
 0.00000000E+00
 0.00000000E+00
 0.00000000E+00
 0.00000000E+00
 1.65542183E-16
 1.63594628E-16
 1.61692365E-16
 0.00000000E+00
 1.58017538E-16
 0.00000000E+00
 1.54506038E-16
 0.00000000E+00
 1.51147211E-16
 1.49521972E-16
 1.47931313E-16
 0.00000000E+00
 2.89698820E-16
 0.00000000E+00
 0.00000000E+00
 1.40460034E-16
 1.39055434E-16
 0.00000000E+00
 0.00000000E+00
 2.70010551E-16
 0.00000000E+00
 0.00000000E+00
 0.00000000E+00
 1.29958349E-16
 0.00000000E+00
 1.27573793E-16
 1.26414031E-16
 1.25275166E-16
 1.24156637E-16
 2.46115812E-16
 1.21978451E-16
 1.20917769E-16
 0.00000000E+00
 0.00000000E+00
 0.00000000E+00
 0.00000000E+00
 0.00000000E+00
 1.14921846E-16
 1.13979864E-16
 0.00000000E+00
 1.12141479E-16
 0.00000000E+00
 0.00000000E+00
 0.00000000E+00
 0.00000000E+00
 0.00000000E+00
 2.13931437E-16
 0.00000000E+00
 2.10690051E-16
 2.09105916E-16
 0.00000000E+00
 0.00000000E+00
 0.00000000E+00
 0.00000000E+00
 0.00000000E+00
 2.00079761E-16
 0.00000000E+00
 0.00000000E+00
 1.95852724E-16
 1.94483124E-16
 0.00000000E+00
 1.91800598E-16
 0.00000000E+00
 0.00000000E+00
 0.00000000E+00
 1.86651589E-16
 1.85407245E-16
 0.00000000E+00
 0.00000000E+00
 3.63543618E-16
 0.00000000E+00
 1.79426366E-16
 3.56552394E-16
 0.00000000E+00
 0.00000000E+00
 0.00000000E+00
 0.00000000E+00
 0.00000000E+00
 1.71673375E-16
 1.70620164E-16
 1.69579797E-16
 2.68635638E-03
 3.95053985E-03
 2.30291325E-03
 6.55982392E-04
 4.67627642E-05
 3.37347484E-04
 2.57418104E-04
 4.65785045E-05
 4.11809715E-07
 3.53116857E-07
 4.82415383E-04
 7.79230658E-05
 1.76611493E-07
 1.17451310E-07
 5.77167222E-08
 1.34438413E-06
 1.23894108E-06
 1.12643193E-06
 1.01377139E-06
 9.00954706E-07
 7.87985297E-07
 6.74858469E-07
 5.61575856E-07
 4.59979559E-07
 3.47546773E-05
 4.22231364E-07
 4.03259968E-07
 3.84178528E-07
 3.65128047E-07
 3.45912731E-07
 3.26532493E-07
 3.07135346E-07
 2.87925718E-07
 2.68547790E-07
 2.49000189E-07
 2.29282721E-07
 2.09393559E-07
 1.89331159E-07
 1.69095405E-07
 1.32001480E-07
 7.58266185E-08
 1.94746115E-08
 3.70575464E-08
 9.37690078E-08
 1.50662446E-07
 2.07737441E-07
 2.64998053E-07
 3.22441999E-07
 3.80072533E-07
 4.37891546E-07
 7.94118313E-07
 7.65177110E-07
 7.36184854E-07
 7.07142734E-07
 6.78050395E-07
 6.67871471E-07
 6.62015413E-07
 6.56108928E-07
 6.50148812E-07
 6.44138373E-07
 6.38075920E-07
 6.31959550E-07
 6.25788654E-07
 6.19565402E-07
 6.13288128E-07
 6.06954418E-07
 6.00568169E-07
 5.94124689E-07
 5.87626082E-07
 5.81071940E-07
 5.74460068E-07
 5.67790055E-07
 5.61063944E-07
 5.54279508E-07
 5.47435389E-07
 5.40534505E-07
 5.33572492E-07
 5.26551323E-07
 5.19470234E-07
 5.12326086E-07
 5.05122300E-07
 4.97856596E-07
 4.90528494E-07
 4.83137196E-07
 4.75682552E-07
 4.68163088E-07
 4.53002343E-07
 4.30199814E-07
 4.07330612E-07
 3.84396857E-07
 3.61395042E-07
 3.38326138E-07
 3.15189660E-07
 2.91984647E-07
 2.68711310E-07
 2.45367599E-07
 2.21954067E-07
 1.98469754E-07
 1.74912589E-07
 1.51284568E-07
 1.27584304E-07
 1.03809377E-07
 7.99601648E-08
 5.60372275E-08
 3.20387063E-08
 7.96287467E-09
 1.61887915E-08
 4.04180422E-08
 6.47263940E-08
 8.91135073E-08
 1.13580708E-07
 1.38127478E-07
 1.62756667E-07
 1.87468413E-07
 2.12261997E-07
 2.37141157E-07
 2.62103138E-07
 2.87152751E-07
 3.12287263E-07
 3.37509476E-07
 3.62820799E-07
 3.88220513E-07
 4.13710529E-07
 4.39291708E-07
 4.64964991E-07
 4.90731789E-07
 5.16592064E-07
 5.42546787E-07
 5.68598946E-07
 5.94748068E-07
 6.20994687E-07
 6.47341876E-07
 6.73790176E-07
 7.00339788E-07
 7.26990758E-07
 7.53748336E-07
 7.80610128E-07
 8.07579933E-07
 8.34656889E-07
 8.61843349E-07
 8.89140605E-07
 9.16549575E-07
 9.44073475E-07
 9.71711764E-07
 9.99466431E-07
 1.02733983E-06
 2.25024779E-07
 2.09930892E-07
 1.94806117E-07
 1.79648660E-07
 1.64458875E-07
 1.49235883E-07
 1.33978126E-07
 1.18688123E-07
 1.03362134E-07
 8.80001760E-08
 7.26040534E-08
 5.71706558E-08
 4.17008803E-08
 2.61933507E-08
 1.06480517E-08
 4.93732756E-09
 2.05603729E-08
 3.62240926E-08
 5.19278974E-08
 6.76732577E-08
 8.34609762E-08
 9.92927852E-08
 1.15167033E-07
 1.31084625E-07
 1.47049632E-07
 1.63060661E-07
 1.79117764E-07
 1.95223627E-07
 2.11378300E-07
 2.27582883E-07
 2.43839197E-07
 2.60147543E-07
 2.76509852E-07
 2.92925570E-07
 3.09396763E-07
 3.25927080E-07
 3.42513658E-07
 3.59161070E-07
 3.75871512E-07
 3.92643040E-07
 4.09480387E-07
 4.26383350E-07
 4.43355205E-07
 4.60395767E-07
 4.77509243E-07
 4.94698248E-07
 5.11962806E-07
 5.29304795E-07
 5.46729503E-07
 5.64238126E-07
 5.81833703E-07
 5.99519268E-07
 6.17297009E-07
 6.35172065E-07
 6.53146003E-07
 6.71225073E-07
 6.89412179E-07
 7.07711024E-07
 7.26126542E-07
 9.99880210E-07
 1.31398097E-06
 1.48151171E-06
 1.60235307E-06
 1.69780253E-06
 4.57141715E-07
 4.68384094E-07
 4.82382846E-07
 4.94548748E-07
 5.05220925E-07
 5.14647849E-07
 5.23011435E-07
 5.30458011E-07
 5.37102662E-07
 5.43036253E-07
 5.48336441E-07
 5.53065185E-07
 5.57277308E-07
 5.61016506E-07
 5.64322267E-07
 5.67228241E-07
 5.69763438E-07
 5.71953269E-07
 5.73823442E-07
 5.75388294E-07
 5.76671712E-07
 5.77684695E-07
 5.78443452E-07
 5.78962081E-07
 5.79249489E-07
 5.79317856E-07
 5.79175874E-07
 5.78832532E-07
 5.78293514E-07
 5.77568489E-07
 5.76664073E-07
 5.75584157E-07
 5.74332831E-07
 5.72917303E-07
 5.71342142E-07
 5.69608855E-07
 5.67722876E-07
 5.65686959E-07
 5.63502004E-07
 5.61173575E-07
 5.58701768E-07
 5.56087488E-07
 5.53334091E-07
 5.50442931E-07
 5.47415441E-07
 5.44250409E-07
 5.40949125E-07
 5.37511541E-07
 5.33939491E-07
 5.30229579E-07
 5.26385802E-07
 5.22403690E-07
 5.18283582E-07
 5.14023373E-07
 5.09623132E-07
 5.05079230E-07
 5.00391877E-07
 4.95557731E-07
 4.90572993E-07
 4.85436861E-07
 4.80143928E-07
 4.74692484E-07
 4.69077354E-07
 4.63292872E-07
 4.64041553E-07
 4.68634454E-07
 4.73044220E-07
 4.77263686E-07
 4.81286794E-07
 4.85103946E-07
 4.88710006E-07
 4.92092897E-07
 4.95246035E-07
 4.98155967E-07
 5.00812863E-07
 5.03203066E-07
 5.05314489E-07
 5.07130883E-07
 5.08637152E-07
 5.09811468E-07
 5.10639184E-07
 5.11094001E-07
 5.11156110E-07
 5.10794982E-07
 5.09983594E-07
 5.08689757E-07
 5.06876727E-07
 5.04503417E-07
 5.01527674E-07
 4.97896406E-07
 4.93555385E-07
 4.88438714E-07
 4.82478215E-07
 4.75589973E-07
 4.67681568E-07
 4.27418719E-07
 3.17202124E-07
 2.05595527E-07
 1.33019780E-06
 1.15250278E-06
 9.67180913E-07
 7.73199902E-07
 5.69321618E-07
 4.72923817E-07
 4.89862580E-07
 4.91376338E-07
 4.74696259E-07
 6.51096742E-02
 1.79274678E-01
 3.76599686E-01
 0.00000000E+00
 0.00000000E+00
 0.00000000E+00
 0.00000000E+00
 0.00000000E+00
 0.00000000E+00
 0.00000000E+00
 0.00000000E+00
 0.00000000E+00
 0.00000000E+00
 0.00000000E+00
 0.00000000E+00
 0.00000000E+00
 0.00000000E+00
 0.00000000E+00
 0.00000000E+00
 1.52091881E-15
 1.52091881E-15
 1.59334351E-15
 1.52091881E-15
 1.39055434E-15
 7.24247051E-16
 6.20783187E-16
 8.69096461E-16
 9.65662735E-16
 8.69096461E-16
 6.32070154E-16
 4.34548231E-16
 4.01121444E-16
 1.24156637E-16
 4.63518113E-16
 4.34548231E-16
 2.04493285E-16
 1.93132547E-16
 0.00000000E+00
 0.00000000E+00
 0.00000000E+00
 1.58017538E-16
 1.51147211E-16
 2.89698820E-16
 2.78110868E-16
 4.01121444E-16
 2.57510063E-16
 2.48313275E-16
 3.59626122E-16
 1.15879528E-16
 4.48565916E-16
 2.17274115E-16
 2.10690051E-16
 2.04493285E-16
 0.00000000E+00
 1.93132547E-16
 1.87912748E-16
 0.00000000E+00
 0.00000000E+00
 0.00000000E+00
 1.69579797E-16
 0.00000000E+00
 1.61692365E-16
 1.58017538E-16
 1.54506038E-16
 1.51147211E-16
 1.47931313E-16
 2.89698820E-16
 1.41893300E-16
 1.39055434E-16
 1.36328857E-16
 4.01121444E-16
 0.00000000E+00
 0.00000000E+00
 1.26414031E-16
 0.00000000E+00
 1.21978451E-16
 0.00000000E+00
 1.17843588E-16
 2.31759056E-16
 0.00000000E+00
 1.12141479E-16
 2.20722911E-16
 0.00000000E+00
 0.00000000E+00
 0.00000000E+00
 2.07545424E-16
 2.04493285E-16
 2.01529614E-16
 0.00000000E+00
 1.95852724E-16
 0.00000000E+00
 1.90486896E-16
 1.87912748E-16
 1.85407245E-16
 0.00000000E+00
 0.00000000E+00
 0.00000000E+00
 1.76019536E-16
 0.00000000E+00
 0.00000000E+00
 1.69579797E-16
 1.67536667E-16
 0.00000000E+00
 1.63594628E-16
 1.61692365E-16
 1.59833832E-16
 1.58017538E-16
 0.00000000E+00
 1.54506038E-16
 0.00000000E+00
 1.51147211E-16
 1.49521972E-16
 1.47931313E-16
 0.00000000E+00
 1.44849410E-16
 0.00000000E+00
 0.00000000E+00
 0.00000000E+00
 0.00000000E+00
 0.00000000E+00
 1.36328857E-16
 0.00000000E+00
 1.33707148E-16
 1.32433747E-16
 0.00000000E+00
 1.29958349E-16
 0.00000000E+00
 1.27573793E-16
 1.26414031E-16
 2.50550331E-16
 0.00000000E+00
 1.23057906E-16
 1.21978451E-16
 1.20917769E-16
 0.00000000E+00
 1.18850798E-16
 1.17843588E-16
 1.16853306E-16
 2.31759056E-16
 0.00000000E+00
 0.00000000E+00
 0.00000000E+00
 1.12141479E-16
 0.00000000E+00
 4.41445822E-16
 0.00000000E+00
 0.00000000E+00
 2.15589820E-16
 0.00000000E+00
 0.00000000E+00
 2.10690051E-16
 2.09105916E-16
 0.00000000E+00
 2.06008050E-16
 2.04493285E-16
 0.00000000E+00
 2.01529614E-16
 2.00079761E-16
 1.98650620E-16
 3.94483500E-16
 1.95852724E-16
 1.94483124E-16
 0.00000000E+00
 0.00000000E+00
 1.90486896E-16
 0.00000000E+00
 0.00000000E+00
 0.00000000E+00
 0.00000000E+00
 0.00000000E+00
 1.82967676E-16
 1.81771809E-16
 1.80591473E-16
 1.79426366E-16
 0.00000000E+00
 1.77140680E-16
 3.52039073E-16
 1.74912495E-16
 1.73819292E-16
 0.00000000E+00
 1.71673375E-16
 1.70620164E-16
 1.69579797E-16
 2.59250987E-03
 4.35880814E-03
 2.55895758E-03
 7.59658868E-04
 4.70947813E-06
 3.17121649E-04
 2.48441370E-04
 4.50892564E-05
 5.62123618E-07
 5.05570497E-07
 4.96423444E-04
 8.03121402E-05
 3.35553198E-07
 2.78572606E-07
 2.21014549E-07
 1.50691478E-06
 1.40009402E-06
 1.28600716E-06
 1.17176751E-06
 1.05737180E-06
 9.42821949E-07
 8.28116448E-07
 7.13252155E-07
 6.10303568E-07
 3.58912429E-05
 5.73082824E-07
 5.54378668E-07
 5.35564246E-07
 5.16786557E-07
 4.97840916E-07
 4.78731949E-07
 4.59608710E-07
 4.40680150E-07
 4.21583358E-07
 4.02316660E-07
 3.82878664E-07
 3.63265816E-07
 3.43481323E-07
 3.23520147E-07
 2.86223026E-07
 2.29298521E-07
 1.72195250E-07
 1.14911596E-07
 5.74471612E-08
 1.98311655E-10
 5.80294317E-08
 1.16045272E-07
 1.74246155E-07
 2.32636898E-07
 2.91214734E-07
 9.45171898E-07
 9.15642270E-07
 8.86062980E-07
 8.56433046E-07
 8.26752091E-07
 8.16527738E-07
 8.10754255E-07
 8.04929964E-07
 7.99051438E-07
 7.93120443E-07
 7.87137297E-07
 7.81100665E-07
 7.75009367E-07
 7.68864832E-07
 7.62665887E-07
 7.56411125E-07
 7.50100917E-07
 7.43735338E-07
 7.37312987E-07
 7.30835409E-07
 7.24299970E-07
 7.17705716E-07
 7.11054677E-07
 7.04344906E-07
 6.97574467E-07
 6.90747147E-07
 6.83859193E-07
 6.76911359E-07
 6.69901993E-07
 6.62831216E-07
 6.55698870E-07
 6.48504487E-07
 6.41246645E-07
 6.33925169E-07
 6.26539252E-07
 6.19091054E-07
 6.03893305E-07
 5.80945162E-07
 5.57932529E-07
 5.34851908E-07
 5.11705042E-07
 4.88489482E-07
 4.65207014E-07
 4.41854053E-07
 4.18433048E-07
 3.94941184E-07
 3.71378263E-07
 3.47744447E-07
 3.24038385E-07
 3.00260192E-07
 2.76408533E-07
 2.52483108E-07
 2.28482180E-07
 2.04406605E-07
 1.80254520E-07
 1.56025657E-07
 1.31718934E-07
 1.07336221E-07
 8.28727773E-08
 5.83300316E-08
 3.37068210E-08
 9.00136607E-09
 1.57849821E-08
 4.06544636E-08
 6.56068169E-08
 9.06458089E-08
 1.15768215E-07
 1.40977837E-07
 1.66273442E-07
 1.91658400E-07
 2.17131052E-07
 2.42694242E-07
 2.68347850E-07
 2.94093804E-07
 3.19932504E-07
 3.45864401E-07
 3.71891944E-07
 3.98015129E-07
 4.24234976E-07
 4.50551979E-07
 4.76968699E-07
 5.03486259E-07
 5.30104678E-07
 5.56824633E-07
 5.83650261E-07
 6.10580242E-07
 6.37616302E-07
 6.64759092E-07
 6.92012475E-07
 7.19374658E-07
 7.46849980E-07
 7.74437844E-07
 8.02138072E-07
 8.29957548E-07
 8.57892393E-07
 3.89476968E-07
 3.74321262E-07
 3.59135720E-07
 3.43916690E-07
 3.28666380E-07
 3.13382053E-07
 2.98063753E-07
 2.82712711E-07
 2.67325835E-07
 2.51904699E-07
 2.36448661E-07
 2.20956435E-07
 2.05426430E-07
 1.89860431E-07
 1.74255958E-07
 1.58614080E-07
 1.42932299E-07
 1.27211634E-07
 1.11449550E-07
 9.56477429E-08
 7.98022297E-08
 6.39160948E-08
 4.79862040E-08
 3.20123839E-08
 1.59939359E-08
 7.10459717E-11
 1.61817870E-08
 3.23409375E-08
 4.85485072E-08
 6.48056000E-08
 8.11116164E-08
 9.74700219E-08
 1.13881108E-07
 1.30346807E-07
 1.46866671E-07
 1.63443474E-07
 1.80077629E-07
 1.96771227E-07
 2.13523926E-07
 2.30339545E-07
 2.47217811E-07
 2.64162675E-07
 2.81173107E-07
 2.98253137E-07
 3.15403588E-07
 3.32626053E-07
 3.49923972E-07
 3.67299203E-07
 3.84752595E-07
 4.02289709E-07
 4.19910731E-07
 4.37618652E-07
 4.55418320E-07
 4.73311190E-07
 4.91300469E-07
 5.09390700E-07
 5.27586924E-07
 5.45889456E-07
 5.64308304E-07
 5.82843097E-07
 1.08253514E-06
 1.45001923E-06
 1.62657356E-06
 1.75190198E-06
 1.85020392E-06
 6.07899402E-07
 6.19514685E-07
 6.33787582E-07
 6.46170350E-07
 6.57018108E-07
 6.66585118E-07
 6.75064724E-07
 6.82606900E-07
 6.89327790E-07
 6.95324373E-07
 7.00675574E-07
 7.05445352E-07
 7.09687516E-07
 7.13448711E-07
 7.16770671E-07
 7.19685182E-07
 7.22224738E-07
 7.24414656E-07
 7.26277150E-07
 7.27832383E-07
 7.29098846E-07
 7.30095423E-07
 7.30832152E-07
 7.31326432E-07
 7.31585699E-07
 7.31624166E-07
 7.31449323E-07
 7.31069729E-07
 7.30494626E-07
 7.29729965E-07
 7.28783380E-07
 7.27659031E-07
 7.26362835E-07
 7.24900097E-07
 7.23274881E-07
 7.21492077E-07
 7.19553319E-07
 7.17463356E-07
 7.15224146E-07
 7.12837493E-07
 7.10307524E-07
 7.07634842E-07
 7.04820524E-07
 7.01867880E-07
 6.98774987E-07
 6.95545671E-07
 6.92177514E-07
 6.88673293E-07
 6.85032817E-07
 6.81254251E-07
 6.77338641E-07
 6.73283715E-07
 6.69089812E-07
 6.64755706E-07
 6.60280153E-07
 6.55659730E-07
 6.50893565E-07
 6.45980283E-07
 6.40914810E-07
 6.35696801E-07
 6.30320885E-07
 6.24784018E-07
 6.19082851E-07
 6.13212735E-07
 6.13954794E-07
 6.18588160E-07
 6.23036964E-07
 6.27293839E-07
 6.31352489E-07
 6.35204611E-07
 6.38843235E-07
 6.42258754E-07
 6.45439939E-07
 6.48378165E-07
 6.51060005E-07
 6.53474739E-07
 6.55607178E-07
 6.57442542E-07
 6.58965434E-07
 6.60155332E-07
 6.60992875E-07
 6.61457399E-07
 6.61524271E-07
 6.61165253E-07
 6.60354029E-07
 6.59053920E-07
 6.57232586E-07
 6.54846079E-07
 6.51852032E-07
 6.48199613E-07
 6.43830196E-07
 6.38680963E-07
 6.32678858E-07
 6.25743079E-07
 6.17779707E-07
 5.77195415E-07
 4.66082438E-07
 3.53568342E-07
 1.48618792E-06
 1.30715466E-06
 1.12044442E-06
 9.25014360E-07
 7.19620888E-07
 6.22549869E-07
 6.39709172E-07
 6.41335340E-07
 6.24639573E-07
 6.27935949E-02
 1.72897781E-01
 3.68551503E-01
 0.00000000E+00
 0.00000000E+00
 0.00000000E+00
 0.00000000E+00
 0.00000000E+00
 0.00000000E+00
 0.00000000E+00
 0.00000000E+00
 0.00000000E+00
 0.00000000E+00
 0.00000000E+00
 0.00000000E+00
 0.00000000E+00
 0.00000000E+00
 0.00000000E+00
 0.00000000E+00
 1.08637058E-15
 1.08637058E-15
 1.44849410E-15
 1.08637058E-15
 1.21673505E-15
 5.79397641E-16
 6.20783187E-16
 6.51822346E-16
 7.72530188E-16
 8.69096461E-16
 7.90087692E-16
 4.34548231E-16
 5.34828592E-16
 2.48313275E-16
 3.47638585E-16
 4.34548231E-16
 2.04493285E-16
 1.93132547E-16
 0.00000000E+00
 0.00000000E+00
 0.00000000E+00
 3.16035077E-16
 0.00000000E+00
 2.89698820E-16
 2.78110868E-16
 2.67414296E-16
 2.57510063E-16
 1.24156637E-16
 3.59626122E-16
 3.47638585E-16
 2.24282958E-16
 4.34548231E-16
 2.10690051E-16
 2.04493285E-16
 1.98650620E-16
 1.93132547E-16
 1.87912748E-16
 0.00000000E+00
 0.00000000E+00
 0.00000000E+00
 0.00000000E+00
 0.00000000E+00
 3.23384730E-16
 3.16035077E-16
 1.54506038E-16
 0.00000000E+00
 1.47931313E-16
 1.44849410E-16
 2.83786600E-16
 2.78110868E-16
 1.36328857E-16
 2.67414296E-16
 1.31184372E-16
 1.28755031E-16
 1.26414031E-16
 3.72469912E-16
 1.21978451E-16
 1.19875374E-16
 1.17843588E-16
 0.00000000E+00
 0.00000000E+00
 0.00000000E+00
 2.20722911E-16
 0.00000000E+00
 0.00000000E+00
 2.10690051E-16
 2.07545424E-16
 2.04493285E-16
 0.00000000E+00
 1.98650620E-16
 1.95852724E-16
 1.93132547E-16
 1.90486896E-16
 1.87912748E-16
 1.85407245E-16
 0.00000000E+00
 0.00000000E+00
 0.00000000E+00
 1.76019536E-16
 0.00000000E+00
 1.71673375E-16
 0.00000000E+00
 0.00000000E+00
 0.00000000E+00
 0.00000000E+00
 3.23384730E-16
 0.00000000E+00
 1.58017538E-16
 0.00000000E+00
 0.00000000E+00
 1.52808169E-16
 0.00000000E+00
 1.49521972E-16
 0.00000000E+00
 1.46374141E-16
 1.44849410E-16
 0.00000000E+00
 0.00000000E+00
 1.40460034E-16
 0.00000000E+00
 1.37678647E-16
 1.36328857E-16
 0.00000000E+00
 0.00000000E+00
 1.32433747E-16
 1.31184372E-16
 0.00000000E+00
 1.28755031E-16
 1.27573793E-16
 1.26414031E-16
 1.25275166E-16
 0.00000000E+00
 1.23057906E-16
 1.21978451E-16
 1.20917769E-16
 1.19875374E-16
 1.18850798E-16
 1.17843588E-16
 0.00000000E+00
 0.00000000E+00
 0.00000000E+00
 0.00000000E+00
 0.00000000E+00
 0.00000000E+00
 1.11244347E-16
 0.00000000E+00
 0.00000000E+00
 2.17274115E-16
 0.00000000E+00
 2.13931437E-16
 0.00000000E+00
 2.10690051E-16
 0.00000000E+00
 0.00000000E+00
 0.00000000E+00
 2.04493285E-16
 0.00000000E+00
 0.00000000E+00
 0.00000000E+00
 0.00000000E+00
 0.00000000E+00
 1.95852724E-16
 0.00000000E+00
 1.93132547E-16
 0.00000000E+00
 1.90486896E-16
 1.89191066E-16
 0.00000000E+00
 1.86651589E-16
 1.85407245E-16
 0.00000000E+00
 0.00000000E+00
 0.00000000E+00
 3.61182945E-16
 0.00000000E+00
 1.78276197E-16
 1.77140680E-16
 1.76019536E-16
 1.74912495E-16
 5.21457877E-16
 0.00000000E+00
 3.43346750E-16
 1.70620164E-16
 5.08739392E-16
 2.49866336E-03
 4.76654941E-03
 2.81467626E-03
 8.63210105E-04
 3.72996293E-05
 2.96910909E-04
 2.39464935E-04
 4.35904587E-05
 7.00726470E-07
 6.46307876E-07
 5.10401554E-04
 8.26865444E-05
 4.82756205E-07
 4.27949776E-07
 3.72559535E-07
 1.65761070E-06
 1.54941250E-06
 1.43374989E-06
 1.31793148E-06
 1.20195884E-06
 1.08582903E-06
 9.69541974E-07
 8.53096407E-07
 7.48795727E-07
 3.70146788E-05
 7.12101300E-07
 6.93662199E-07
 6.75114437E-07
 6.56605820E-07
 6.37929240E-07
 6.19087932E-07
 6.00234989E-07
 5.81589896E-07
 5.62772065E-07
 5.43782775E-07
 5.24620339E-07
 5.05284790E-07
 4.85774267E-07
 4.66087189E-07
 4.28582278E-07
 3.70908671E-07
 3.13054647E-07
 2.55018588E-07
 1.96801828E-07
 1.38400615E-07
 7.98150162E-08
 2.10416170E-08
 3.79185314E-08
 9.70673354E-08
 1.11443405E-06
 1.08436782E-06
 1.05425058E-06
 1.02408402E-06
 9.93865309E-07
 9.63596761E-07
 9.53329270E-07
 9.47635437E-07
 9.41889759E-07
 9.36092298E-07
 9.30241983E-07
 9.24337369E-07
 9.18378892E-07
 9.12367671E-07
 9.06300274E-07
 9.00178846E-07
 8.94001716E-07
 8.87769491E-07
 8.81478727E-07
 8.75133294E-07
 8.68730721E-07
 8.62269612E-07
 8.55751741E-07
 8.49173936E-07
 8.42539431E-07
 8.35843838E-07
 8.29087938E-07
 8.22272201E-07
 8.15397360E-07
 8.08459063E-07
 8.01459812E-07
 7.94398871E-07
 7.87273336E-07
 7.80086567E-07
 7.72834230E-07
 7.65518500E-07
 7.58138222E-07
 7.42902570E-07
 7.19810211E-07
 6.96651079E-07
 6.73425777E-07
 6.50132623E-07
 6.26771082E-07
 6.03340665E-07
 5.79840398E-07
 5.56270483E-07
 5.32629978E-07
 5.08917917E-07
 4.85134813E-07
 4.61279336E-07
 4.37348630E-07
 4.13345756E-07
 3.89267502E-07
 3.65115797E-07
 3.40886625E-07
 3.16581883E-07
 2.92198343E-07
 2.67737881E-07
 2.43198976E-07
 2.18579852E-07
 1.93880428E-07
 1.69099976E-07
 1.44237749E-07
 1.19292563E-07
 9.42646947E-08
 6.91529075E-08
 4.39538860E-08
 1.86708321E-08
 6.70096592E-09
 3.21574243E-08
 5.77048025E-08
 8.33415373E-08
 1.09068913E-07
 1.34887363E-07
 1.60797821E-07
 1.86801697E-07
 2.12900439E-07
 2.39094533E-07
 2.65384964E-07
 2.91773760E-07
 3.18260952E-07
 3.44847607E-07
 3.71535822E-07
 3.98325653E-07
 4.25218842E-07
 4.52216965E-07
 4.79320226E-07
 5.06531298E-07
 5.33850054E-07
 5.61278690E-07
 5.88818475E-07
 6.16470697E-07
 6.44237458E-07
 6.72118377E-07
 7.00116018E-07
 5.42211555E-07
 5.26996000E-07
 5.11747308E-07
 4.96467400E-07
 4.81155113E-07
 4.65809550E-07
 4.50431996E-07
 4.35019076E-07
 4.19572307E-07
 4.04091142E-07
 3.88575519E-07
 3.73022961E-07
 3.57434354E-07
 3.41808387E-07
 3.26145685E-07
 3.10444886E-07
 2.94705281E-07
 2.78926125E-07
 2.63106665E-07
 2.47247719E-07
 2.31346029E-07
 2.15403260E-07
 1.99417699E-07
 1.83388526E-07
 1.67314139E-07
 1.51194386E-07
 1.35029957E-07
 1.18817597E-07
 1.02557808E-07
 8.62489662E-08
 6.98907449E-08
 5.34813320E-08
 3.70188762E-08
 2.05046855E-08
 3.93603285E-09
 1.26882641E-08
 2.93694062E-08
 4.61085971E-08
 6.29079461E-08
 7.97671352E-08
 9.66891305E-08
 1.13674519E-07
 1.30726459E-07
 1.47845540E-07
 1.65033373E-07
 1.82292377E-07
 1.99625952E-07
 2.17033229E-07
 2.34519460E-07
 2.52085714E-07
 2.69733833E-07
 2.87467691E-07
 3.05289330E-07
 3.23202731E-07
 3.41209498E-07
 3.59315360E-07
 3.77522084E-07
 3.95834136E-07
 4.14256335E-07
 4.32792097E-07
 4.51447706E-07
 1.05748121E-06
 1.57247339E-06
 1.75911616E-06
 1.88924225E-06
 1.99053775E-06
 7.46778357E-07
 7.58779512E-07
 7.73337658E-07
 7.85945529E-07
 7.96973035E-07
 8.06684882E-07
 8.15284616E-07
 8.22924556E-07
 8.29725107E-07
 8.35787966E-07
 8.41191937E-07
 8.46002050E-07
 8.50277512E-07
 8.54063986E-07
 8.57401776E-07
 8.60328020E-07
 8.62872066E-07
 8.65060546E-07
 8.66917849E-07
 8.68464412E-07
 8.69717416E-07
 8.70696130E-07
 8.71412763E-07
 8.71881906E-07
 8.72115730E-07
 8.72123480E-07
 8.71916760E-07
 8.71503007E-07
 8.70890290E-07
 8.70087400E-07
 8.69098166E-07
 8.67930431E-07
 8.66589343E-07
 8.65080095E-07
 8.63406666E-07
 8.61573196E-07
 8.59582677E-07
 8.57438398E-07
 8.55143739E-07
 8.52701983E-07
 8.50113654E-07
 8.47381892E-07
 8.44507069E-07
 8.41491262E-07
 8.38336688E-07
 8.35041316E-07
 8.31608946E-07
 8.28037555E-07
 8.24327521E-07
 8.20478890E-07
 8.16492265E-07
 8.12367366E-07
 8.08099757E-07
 8.03690245E-07
 7.99139168E-07
 7.94442047E-07
 7.89598271E-07
 7.84605012E-07
 7.79459642E-07
 7.74159102E-07
 7.68699928E-07
 7.63079287E-07
 7.57292442E-07
 7.51333968E-07
 7.52069483E-07
 7.56744656E-07
 7.61231897E-07
 7.65526339E-07
 7.69621839E-07
 7.73508132E-07
 7.77179318E-07
 7.80624847E-07
 7.83835984E-07
 7.86801536E-07
 7.89508544E-07
 7.91946999E-07
 7.94100956E-07
 7.95954341E-07
 7.97492676E-07
 7.98696955E-07
 7.99546013E-07
 8.00019264E-07
 8.00090656E-07
 7.99734104E-07
 7.98920482E-07
 7.97615444E-07
 7.95784479E-07
 7.93385368E-07
 7.90372316E-07
 7.86695838E-07
 7.82298551E-07
 7.77114470E-07
 7.71072425E-07
 7.64088313E-07
 7.56069306E-07
 7.15162351E-07
 6.03151891E-07
 4.89732487E-07
 1.63042619E-06
 1.45005298E-06
 1.26195175E-06
 1.06506993E-06
 8.58154596E-07
 7.60406357E-07
 7.77776613E-07
 7.79508353E-07
 7.62790290E-07
 6.04805726E-02
 1.66529279E-01
 3.60513911E-01
 0.00000000E+00
 0.00000000E+00
 0.00000000E+00
 0.00000000E+00
 0.00000000E+00
 0.00000000E+00
 0.00000000E+00
 0.00000000E+00
 0.00000000E+00
 0.00000000E+00
 0.00000000E+00
 0.00000000E+00
 0.00000000E+00
 0.00000000E+00
 0.00000000E+00
 0.00000000E+00
 1.52091881E-15
 1.52091881E-15
 1.59334351E-15
 1.52091881E-15
 1.39055434E-15
 8.69096461E-16
 8.69096461E-16
 8.69096461E-16
 9.65662735E-16
 1.04291575E-15
 4.74052615E-16
 2.89698820E-16
 2.67414296E-16
 1.24156637E-16
 2.31759056E-16
 4.34548231E-16
 0.00000000E+00
 1.93132547E-16
 1.82967676E-16
 1.73819292E-16
 1.65542183E-16
 3.16035077E-16
 4.53441632E-16
 4.34548231E-16
 2.78110868E-16
 4.01121444E-16
 3.86265094E-16
 2.48313275E-16
 4.79501496E-16
 1.15879528E-16
 4.48565916E-16
 2.17274115E-16
 2.10690051E-16
 0.00000000E+00
 1.98650620E-16
 1.93132547E-16
 1.87912748E-16
 1.82967676E-16
 0.00000000E+00
 1.73819292E-16
 0.00000000E+00
 1.65542183E-16
 1.61692365E-16
 3.16035077E-16
 4.63518113E-16
 4.53441632E-16
 2.95862625E-16
 2.89698820E-16
 1.41893300E-16
 2.78110868E-16
 0.00000000E+00
 2.67414296E-16
 0.00000000E+00
 1.28755031E-16
 1.26414031E-16
 1.24156637E-16
 1.21978451E-16
 2.39750748E-16
 1.17843588E-16
 1.15879528E-16
 0.00000000E+00
 0.00000000E+00
 2.20722911E-16
 2.17274115E-16
 0.00000000E+00
 2.10690051E-16
 2.07545424E-16
 0.00000000E+00
 2.01529614E-16
 0.00000000E+00
 1.95852724E-16
 0.00000000E+00
 1.90486896E-16
 1.87912748E-16
 1.85407245E-16
 1.82967676E-16
 1.80591473E-16
 0.00000000E+00
 1.76019536E-16
 1.73819292E-16
 1.71673375E-16
 0.00000000E+00
 1.67536667E-16
 1.65542183E-16
 3.27189256E-16
 1.61692365E-16
 1.59833832E-16
 1.58017538E-16
 0.00000000E+00
 3.09012075E-16
 1.52808169E-16
 3.02294421E-16
 0.00000000E+00
 2.95862625E-16
 0.00000000E+00
 1.44849410E-16
 0.00000000E+00
 0.00000000E+00
 0.00000000E+00
 1.39055434E-16
 1.37678647E-16
 1.36328857E-16
 1.35005276E-16
 0.00000000E+00
 1.32433747E-16
 0.00000000E+00
 1.29958349E-16
 1.28755031E-16
 1.27573793E-16
 1.26414031E-16
 2.50550331E-16
 0.00000000E+00
 1.23057906E-16
 1.21978451E-16
 1.20917769E-16
 2.39750748E-16
 0.00000000E+00
 1.17843588E-16
 1.16853306E-16
 1.15879528E-16
 1.14921846E-16
 0.00000000E+00
 0.00000000E+00
 0.00000000E+00
 2.22488694E-16
 0.00000000E+00
 2.18984935E-16
 2.17274115E-16
 2.15589820E-16
 4.27862873E-16
 0.00000000E+00
 0.00000000E+00
 0.00000000E+00
 4.15090847E-16
 4.12016100E-16
 2.04493285E-16
 2.03000633E-16
 2.01529614E-16
 2.00079761E-16
 1.98650620E-16
 0.00000000E+00
 1.95852724E-16
 0.00000000E+00
 1.93132547E-16
 0.00000000E+00
 1.90486896E-16
 0.00000000E+00
 1.87912748E-16
 0.00000000E+00
 0.00000000E+00
 0.00000000E+00
 1.82967676E-16
 1.81771809E-16
 0.00000000E+00
 0.00000000E+00
 5.34828592E-16
 1.77140680E-16
 1.76019536E-16
 1.74912495E-16
 3.47638585E-16
 1.72739669E-16
 0.00000000E+00
 0.00000000E+00
 1.69579797E-16
 2.40481685E-03
 5.17475598E-03
 3.07006997E-03
 9.66636390E-04
 7.92646897E-05
 2.76715193E-04
 2.30488752E-04
 4.20820840E-05
 8.27596859E-07
 7.75304404E-07
 5.24349729E-04
 8.50462631E-05
 6.18198026E-07
 5.65557289E-07
 5.12329564E-07
 1.79644675E-06
 1.68687304E-06
 1.56963374E-06
 1.45224033E-06
 1.33468972E-06
 1.21698036E-06
 1.09911255E-06
 9.81086068E-07
 8.75435062E-07
 3.81249637E-05
 8.39261587E-07
 8.21085720E-07
 8.02802574E-07
 7.84561071E-07
 7.66153199E-07
 7.47575839E-07
 7.28994417E-07
 7.10624754E-07
 6.92085208E-07
 6.73372756E-07
 6.54485572E-07
 6.35423682E-07
 6.16185223E-07
 5.96769874E-07
 5.59058561E-07
 5.00633672E-07
 4.42026895E-07
 3.83239235E-07
 3.24267454E-07
 2.65111453E-07
 2.05769194E-07
 1.46238803E-07
 8.65201232E-08
 2.66110570E-08
 1.24233262E-06
 1.21167987E-06
 1.18097512E-06
 1.15022110E-06
 1.11941681E-06
 1.08855941E-06
 1.07824615E-06
 1.07263246E-06
 1.06696698E-06
 1.06124865E-06
 1.05547732E-06
 1.04965083E-06
 1.04377137E-06
 1.03783750E-06
 1.03184808E-06
 1.02580272E-06
 1.01970228E-06
 1.01354507E-06
 1.00733269E-06
 1.00106219E-06
 9.94733183E-07
 9.88347437E-07
 9.81903008E-07
 9.75399182E-07
 9.68837012E-07
 9.62214559E-07
 9.55532293E-07
 9.48788257E-07
 9.41984691E-07
 9.35116634E-07
 9.28188995E-07
 9.21197109E-07
 9.14141685E-07
 9.07024267E-07
 8.99840832E-07
 8.92594398E-07
 8.85280304E-07
 8.70005157E-07
 8.46769426E-07
 8.23463474E-07
 8.00092374E-07
 7.76652598E-07
 7.53143250E-07
 7.29565262E-07
 7.05917341E-07
 6.82199279E-07
 6.58409382E-07
 6.34548174E-07
 6.10613563E-07
 5.86605689E-07
 5.62525762E-07
 5.38370558E-07
 5.14140147E-07
 4.89834670E-07
 4.65451874E-07
 4.40991890E-07
 4.16455122E-07
 3.91839640E-07
 3.67144079E-07
 3.42369219E-07
 3.17511582E-07
 2.92574881E-07
 2.67553897E-07
 2.42450844E-07
 2.17263022E-07
 1.91990241E-07
 1.66632132E-07
 1.41187890E-07
 1.15655300E-07
 9.00344406E-08
 6.43245376E-08
 3.85236797E-08
 1.26324720E-08
 1.33509519E-08
 3.94275332E-08
 6.55987051E-08
 9.18639377E-08
 1.18227213E-07
 1.44686048E-07
 1.71243472E-07
 1.97901015E-07
 2.24657758E-07
 2.51517792E-07
 2.78479298E-07
 3.05546346E-07
 3.32717152E-07
 3.59995928E-07
 3.87380858E-07
 4.14876740E-07
 4.42482361E-07
 4.70199975E-07
 4.98031043E-07
 5.25975784E-07
 5.54037295E-07
 5.82216395E-07
 6.67926646E-07
 6.52616910E-07
 6.37275142E-07
 6.21902640E-07
 6.06495440E-07
 5.91055459E-07
 5.75582704E-07
 5.60075343E-07
 5.44534640E-07
 5.28958080E-07
 5.13345371E-07
 4.97697715E-07
 4.82012605E-07
 4.66291194E-07
 4.50530987E-07
 4.34733061E-07
 4.18896463E-07
 4.03019789E-07
 3.87102090E-07
 3.71143655E-07
 3.55145101E-07
 3.39101733E-07
 3.23017315E-07
 3.06887273E-07
 2.90714465E-07
 2.74494973E-07
 2.58227742E-07
 2.41915143E-07
 2.25552914E-07
 2.09143384E-07
 1.92682219E-07
 1.76170056E-07
 1.59604135E-07
 1.42986668E-07
 1.26314044E-07
 1.09585093E-07
 9.27985942E-08
 7.59541448E-08
 5.90496230E-08
 4.20837306E-08
 2.50551028E-08
 7.96233021E-09
 9.19773690E-09
 2.64240851E-08
 4.37216329E-08
 6.10911869E-08
 7.85335583E-08
 9.60522167E-08
 1.13648922E-07
 1.31326533E-07
 1.49086885E-07
 1.66934648E-07
 1.84870359E-07
 2.02897943E-07
 2.21020495E-07
 2.39240577E-07
 2.57565225E-07
 2.75994486E-07
 2.94533703E-07
 3.13189779E-07
 3.31964562E-07
 3.50865504E-07
 1.68102202E-06
 1.87905529E-06
 2.01432242E-06
 2.11876553E-06
 8.73751034E-07
 8.86153040E-07
 9.01006832E-07
 9.13846656E-07
 9.25059881E-07
 9.34922901E-07
 9.43644984E-07
 9.51387026E-07
 9.58270429E-07
 9.64400862E-07
 9.69859756E-07
 9.74713500E-07
 9.79023670E-07
 9.82834963E-07
 9.86192089E-07
 9.89129062E-07
 9.91679197E-07
 9.93869874E-07
 9.95722310E-07
 9.97258477E-07
 9.98500466E-07
 9.99461675E-07
 1.00015831E-06
 1.00060444E-06
 1.00081187E-06
 1.00079071E-06
 1.00055254E-06
 1.00010437E-06
 9.99455577E-07
 9.98612344E-07
 9.97583987E-07
 9.96373407E-07
 9.94988257E-07
 9.93431867E-07
 9.91710007E-07
 9.89826353E-07
 9.87783944E-07
 9.85586672E-07
 9.83238233E-07
 9.80740048E-07
 9.78093652E-07
 9.75301955E-07
 9.72368090E-07
 9.69290640E-07
 9.66072000E-07
 9.62714094E-07
 9.59214730E-07
 9.55576843E-07
 9.51798231E-07
 9.47881092E-07
 9.43824188E-07
 9.39626693E-07
 9.35286788E-07
 9.30802943E-07
 9.26175721E-07
 9.21402254E-07
 9.16480179E-07
 9.11406679E-07
 9.06182031E-07
 9.00799130E-07
 8.95257815E-07
 8.89551667E-07
 8.83679036E-07
 8.77634189E-07
 8.78362370E-07
 8.83077743E-07
 8.87604158E-07
 8.91936431E-07
 8.96066579E-07
 8.99988705E-07
 9.03692281E-07
 9.07168781E-07
 9.10407746E-07
 9.13401040E-07
 9.16132967E-07
 9.18594109E-07
 9.20768720E-07
 9.22642313E-07
 9.24195137E-07
 9.25412899E-07
 9.26273024E-07
 9.26753730E-07
 9.26830298E-07
 9.26475454E-07
 9.25659928E-07
 9.24349136E-07
 9.22508425E-07
 9.20094866E-07
 9.17063323E-07
 9.13363182E-07
 9.08936663E-07
 9.03717485E-07
 8.97632784E-07
 8.90599489E-07
 8.82522964E-07
 8.41293213E-07
 7.28388218E-07
 6.14059823E-07
 1.76288744E-06
 1.58117267E-06
 1.39167595E-06
 1.19333855E-06
 9.84898253E-07
 8.86467998E-07
 9.04043410E-07
 9.05871377E-07
 8.89122425E-07
 5.81706014E-02
 1.60169158E-01
 3.52486891E-01
 0.00000000E+00
 0.00000000E+00
 0.00000000E+00
 0.00000000E+00
 0.00000000E+00
 0.00000000E+00
 0.00000000E+00
 0.00000000E+00
 0.00000000E+00
 0.00000000E+00
 0.00000000E+00
 0.00000000E+00
 0.00000000E+00
 0.00000000E+00
 0.00000000E+00
 0.00000000E+00
 1.30364469E-15
 1.30364469E-15
 1.44849410E-15
 1.30364469E-15
 1.39055434E-15
 7.24247051E-16
 6.20783187E-16
 8.69096461E-16
 9.65662735E-16
 8.69096461E-16
 7.90087692E-16
 2.89698820E-16
 2.67414296E-16
 3.72469912E-16
 4.63518113E-16
 2.17274115E-16
 2.04493285E-16
 1.93132547E-16
 0.00000000E+00
 1.73819292E-16
 0.00000000E+00
 1.58017538E-16
 1.51147211E-16
 4.34548231E-16
 2.78110868E-16
 2.67414296E-16
 2.57510063E-16
 2.48313275E-16
 2.39750748E-16
 3.47638585E-16
 4.48565916E-16
 2.17274115E-16
 2.10690051E-16
 2.04493285E-16
 1.98650620E-16
 1.93132547E-16
 1.87912748E-16
 0.00000000E+00
 0.00000000E+00
 1.73819292E-16
 0.00000000E+00
 0.00000000E+00
 1.61692365E-16
 1.58017538E-16
 1.54506038E-16
 1.51147211E-16
 1.47931313E-16
 1.44849410E-16
 2.83786600E-16
 2.78110868E-16
 1.36328857E-16
 1.33707148E-16
 2.62368743E-16
 2.57510063E-16
 1.26414031E-16
 0.00000000E+00
 1.21978451E-16
 0.00000000E+00
 0.00000000E+00
 1.15879528E-16
 1.13979864E-16
 2.24282958E-16
 0.00000000E+00
 0.00000000E+00
 0.00000000E+00
 2.10690051E-16
 2.07545424E-16
 2.04493285E-16
 2.01529614E-16
 1.98650620E-16
 0.00000000E+00
 1.93132547E-16
 0.00000000E+00
 1.87912748E-16
 1.85407245E-16
 0.00000000E+00
 1.80591473E-16
 0.00000000E+00
 0.00000000E+00
 1.73819292E-16
 0.00000000E+00
 0.00000000E+00
 0.00000000E+00
 0.00000000E+00
 0.00000000E+00
 1.61692365E-16
 0.00000000E+00
 0.00000000E+00
 1.56242060E-16
 1.54506038E-16
 1.52808169E-16
 1.51147211E-16
 1.49521972E-16
 0.00000000E+00
 1.46374141E-16
 0.00000000E+00
 0.00000000E+00
 0.00000000E+00
 0.00000000E+00
 1.39055434E-16
 0.00000000E+00
 0.00000000E+00
 1.35005276E-16
 0.00000000E+00
 0.00000000E+00
 1.31184372E-16
 1.29958349E-16
 1.28755031E-16
 1.27573793E-16
 1.26414031E-16
 1.25275166E-16
 0.00000000E+00
 0.00000000E+00
 1.21978451E-16
 0.00000000E+00
 0.00000000E+00
 1.18850798E-16
 0.00000000E+00
 1.16853306E-16
 1.15879528E-16
 0.00000000E+00
 1.13979864E-16
 1.13053198E-16
 2.24282958E-16
 0.00000000E+00
 0.00000000E+00
 0.00000000E+00
 2.17274115E-16
 0.00000000E+00
 0.00000000E+00
 2.12298372E-16
 0.00000000E+00
 2.09105916E-16
 0.00000000E+00
 2.06008050E-16
 0.00000000E+00
 0.00000000E+00
 2.01529614E-16
 2.00079761E-16
 0.00000000E+00
 0.00000000E+00
 1.95852724E-16
 0.00000000E+00
 1.93132547E-16
 0.00000000E+00
 1.90486896E-16
 1.89191066E-16
 1.87912748E-16
 1.86651589E-16
 0.00000000E+00
 1.84179383E-16
 1.82967676E-16
 0.00000000E+00
 1.80591473E-16
 0.00000000E+00
 0.00000000E+00
 0.00000000E+00
 0.00000000E+00
 0.00000000E+00
 3.47638585E-16
 1.72739669E-16
 3.43346750E-16
 1.70620164E-16
 1.69579797E-16
 2.31097034E-03
 5.58087935E-03
 3.32513938E-03
 1.06993801E-03
 1.21185832E-04
 2.56534418E-04
 2.21512773E-04
 4.05641007E-05
 9.42709114E-07
 8.92536324E-07
 5.38267974E-04
 8.73912785E-05
 7.41855361E-07
 6.91371848E-07
 6.40298375E-07
 1.92340036E-06
 1.81244834E-06
 1.69363461E-06
 1.57466532E-06
 1.45553590E-06
 1.33624933E-06
 1.21680285E-06
 1.09719623E-06
 9.90193620E-07
 3.92220757E-05
 9.54537575E-07
 9.36624565E-07
 9.18601209E-07
 9.00628130E-07
 8.82484034E-07
 8.64171894E-07
 8.45856926E-07
 8.27765238E-07
 8.09499287E-07
 7.91060186E-07
 7.72446356E-07
 7.53656073E-07
 7.34689184E-07
 7.15543935E-07
 6.77623327E-07
 6.18448127E-07
 5.59089210E-07
 4.99547737E-07
 4.39822022E-07
 3.79909004E-07
 3.19809417E-07
 2.59521347E-07
 1.99043254E-07
 1.38373026E-07
 1.35832219E-06
 1.32708318E-06
 1.29579220E-06
 1.26445074E-06
 1.23305751E-06
 1.20161345E-06
 1.19125412E-06
 1.18572075E-06
 1.18013475E-06
 1.17449422E-06
 1.16880007E-06
 1.16305295E-06
 1.15725118E-06
 1.15139387E-06
 1.14548086E-06
 1.13951152E-06
 1.13348769E-06
 1.12740619E-06
 1.12126686E-06
 1.11507152E-06
 1.10881919E-06
 1.10250572E-06
 1.09613438E-06
 1.08970473E-06
 1.08321425E-06
 1.07666335E-06
 1.07005284E-06
 1.06338042E-06
 1.05664624E-06
 1.04984983E-06
 1.04299190E-06
 1.03606897E-06
 1.02908293E-06
 1.02203326E-06
 1.01491829E-06
 1.00773806E-06
 1.00049202E-06
 9.85177721E-07
 9.61795795E-07
 9.38344665E-07
 9.14825733E-07
 8.91239482E-07
 8.67582468E-07
 8.43856323E-07
 8.20059395E-07
 7.96191458E-07
 7.72251928E-07
 7.48240579E-07
 7.24155685E-07
 6.99996636E-07
 6.75764623E-07
 6.51456807E-07
 6.27073254E-07
 6.02614392E-07
 5.78078460E-07
 5.53463990E-07
 5.28771769E-07
 5.03999204E-07
 4.79147485E-07
 4.54215698E-07
 4.29201398E-07
 4.04105537E-07
 3.78925853E-07
 3.53663064E-07
 3.28315941E-07
 3.02882648E-07
 2.77362522E-07
 2.51756666E-07
 2.26061365E-07
 2.00277150E-07
 1.74403721E-07
 1.48439231E-07
 1.22382770E-07
 9.62338895E-08
 6.99906936E-08
 4.36527009E-08
 1.72174721E-08
 9.31251552E-09
 3.59402817E-08
 6.26683455E-08
 8.94952833E-08
 1.16425694E-07
 1.43456164E-07
 1.70592330E-07
 1.97831881E-07
 2.25177501E-07
 2.52631333E-07
 2.80193217E-07
 3.07863846E-07
 3.35648072E-07
 3.63543216E-07
 3.91553631E-07
 4.19679724E-07
 4.47921354E-07
 7.97090860E-07
 7.81718563E-07
 7.66315275E-07
 7.50881372E-07
 7.35412901E-07
 7.19912683E-07
 7.04378899E-07
 6.88811261E-07
 6.73209190E-07
 6.57572657E-07
 6.41899506E-07
 6.26192205E-07
 6.10446976E-07
 5.94666280E-07
 5.78847862E-07
 5.62991030E-07
 5.47095739E-07
 5.31160585E-07
 5.15186387E-07
 4.99170606E-07
 4.83114257E-07
 4.67015807E-07
 4.50874824E-07
 4.34690075E-07
 4.18460563E-07
 4.02186967E-07
 3.85865961E-07
 3.69498340E-07
 3.53083894E-07
 3.36620770E-07
 3.20107267E-07
 3.03543943E-07
 2.86928965E-07
 2.70260346E-07
 2.53537887E-07
 2.36761218E-07
 2.19928331E-07
 2.03036385E-07
 1.86085762E-07
 1.69075179E-07
 1.52002472E-07
 1.34867947E-07
 1.17665992E-07
 1.00399347E-07
 8.30630864E-08
 6.56573828E-08
 4.81780311E-08
 3.06258570E-08
 1.29957211E-08
 4.71250691E-09
 2.25023951E-08
 4.03760411E-08
 5.83362874E-08
 7.63862019E-08
 9.45279896E-08
 1.12766698E-07
 1.31102937E-07
 1.49544729E-07
 1.68092200E-07
 1.86750644E-07
 2.05525004E-07
 2.24421390E-07
 2.43442044E-07
 1.77525445E-06
 1.98629719E-06
 2.12709323E-06
 2.23484892E-06
 9.88789573E-07
 1.00160640E-06
 1.01676787E-06
 1.02984782E-06
 1.04125312E-06
 1.05127272E-06
 1.06012271E-06
 1.06796822E-06
 1.07493777E-06
 1.08113784E-06
 1.08665372E-06
 1.09155467E-06
 1.09589956E-06
 1.09973842E-06
 1.10311572E-06
 1.10606658E-06
 1.10862323E-06
 1.11081494E-06
 1.11266338E-06
 1.11419299E-06
 1.11542251E-06
 1.11636783E-06
 1.11704600E-06
 1.11746938E-06
 1.11765132E-06
 1.11760152E-06
 1.11733150E-06
 1.11685060E-06
 1.11616572E-06
 1.11528611E-06
 1.11421557E-06
 1.11296280E-06
 1.11153398E-06
 1.10993154E-06
 1.10816120E-06
 1.10622778E-06
 1.10413494E-06
 1.10188416E-06
 1.09948206E-06
 1.09692737E-06
 1.09422318E-06
 1.09137340E-06
 1.08837873E-06
 1.08523991E-06
 1.08195864E-06
 1.07853523E-06
 1.07497230E-06
 1.07126659E-06
 1.06742156E-06
 1.06343491E-06
 1.05930698E-06
 1.05503643E-06
 1.05062386E-06
 1.04606763E-06
 1.04136413E-06
 1.03651429E-06
 1.03151388E-06
 1.02636281E-06
 1.02105605E-06
 1.01559207E-06
 1.00996820E-06
 1.00417752E-06
 9.98218692E-07
 9.92087041E-07
 9.92808261E-07
 9.97563051E-07
 1.00212943E-06
 1.00649830E-06
 1.01066503E-06
 1.01462033E-06
 1.01835551E-06
 1.02186366E-06
 1.02513159E-06
 1.02815065E-06
 1.03090823E-06
 1.03339284E-06
 1.03558649E-06
 1.03747777E-06
 1.03904779E-06
 1.04027858E-06
 1.04114855E-06
 1.04163654E-06
 1.04171641E-06
 1.04136324E-06
 1.04054569E-06
 1.03922977E-06
 1.03737736E-06
 1.03494991E-06
 1.03189918E-06
 1.02817391E-06
 1.02371688E-06
 1.01846143E-06
 1.01233501E-06
 1.00525274E-06
 9.97117227E-07
 9.55566074E-07
 8.41763500E-07
 7.26528144E-07
 6.09691646E-07
 1.70048895E-06
 1.50959379E-06
 1.30979756E-06
 1.09982984E-06
 1.00071119E-06
 1.01848397E-06
 1.02040004E-06
 1.00361091E-06
 5.58636754E-02
 1.53817400E-01
 3.44470421E-01
 0.00000000E+00
 0.00000000E+00
 0.00000000E+00
 0.00000000E+00
 0.00000000E+00
 0.00000000E+00
 0.00000000E+00
 0.00000000E+00
 0.00000000E+00
 0.00000000E+00
 0.00000000E+00
 0.00000000E+00
 0.00000000E+00
 0.00000000E+00
 0.00000000E+00
 0.00000000E+00
 1.30364469E-15
 1.30364469E-15
 1.59334351E-15
 1.30364469E-15
 1.56437363E-15
 7.24247051E-16
 8.69096461E-16
 8.69096461E-16
 9.65662735E-16
 1.04291575E-15
 6.32070154E-16
 2.89698820E-16
 4.01121444E-16
 2.48313275E-16
 4.63518113E-16
 4.34548231E-16
 2.04493285E-16
 0.00000000E+00
 0.00000000E+00
 0.00000000E+00
 0.00000000E+00
 3.16035077E-16
 1.51147211E-16
 4.34548231E-16
 4.17166302E-16
 4.01121444E-16
 3.86265094E-16
 3.72469912E-16
 4.79501496E-16
 2.31759056E-16
 3.36424437E-16
 2.17274115E-16
 2.10690051E-16
 2.04493285E-16
 0.00000000E+00
 0.00000000E+00
 1.87912748E-16
 0.00000000E+00
 1.78276197E-16
 0.00000000E+00
 0.00000000E+00
 0.00000000E+00
 3.23384730E-16
 3.16035077E-16
 1.54506038E-16
 1.51147211E-16
 2.95862625E-16
 2.89698820E-16
 1.41893300E-16
 2.78110868E-16
 0.00000000E+00
 2.67414296E-16
 0.00000000E+00
 0.00000000E+00
 0.00000000E+00
 1.24156637E-16
 1.21978451E-16
 1.19875374E-16
 1.17843588E-16
 0.00000000E+00
 2.27959728E-16
 1.12141479E-16
 0.00000000E+00
 0.00000000E+00
 0.00000000E+00
 2.10690051E-16
 2.07545424E-16
 0.00000000E+00
 2.01529614E-16
 0.00000000E+00
 1.95852724E-16
 0.00000000E+00
 1.90486896E-16
 1.87912748E-16
 3.70814490E-16
 0.00000000E+00
 0.00000000E+00
 1.78276197E-16
 1.76019536E-16
 0.00000000E+00
 1.71673375E-16
 0.00000000E+00
 1.67536667E-16
 0.00000000E+00
 1.63594628E-16
 3.23384730E-16
 0.00000000E+00
 3.16035077E-16
 0.00000000E+00
 1.54506038E-16
 0.00000000E+00
 1.51147211E-16
 1.49521972E-16
 2.95862625E-16
 0.00000000E+00
 0.00000000E+00
 1.43356117E-16
 1.41893300E-16
 2.80920068E-16
 0.00000000E+00
 0.00000000E+00
 2.72657713E-16
 1.35005276E-16
 1.33707148E-16
 1.32433747E-16
 0.00000000E+00
 2.59916699E-16
 0.00000000E+00
 1.27573793E-16
 0.00000000E+00
 1.25275166E-16
 1.24156637E-16
 1.23057906E-16
 1.21978451E-16
 1.20917769E-16
 1.19875374E-16
 2.37701596E-16
 1.17843588E-16
 1.16853306E-16
 0.00000000E+00
 1.14921846E-16
 2.27959728E-16
 2.26106396E-16
 1.12141479E-16
 0.00000000E+00
 0.00000000E+00
 2.18984935E-16
 2.17274115E-16
 0.00000000E+00
 4.27862873E-16
 0.00000000E+00
 2.10690051E-16
 4.18211831E-16
 0.00000000E+00
 0.00000000E+00
 2.04493285E-16
 0.00000000E+00
 0.00000000E+00
 4.00159522E-16
 0.00000000E+00
 1.97241750E-16
 0.00000000E+00
 3.88966248E-16
 1.93132547E-16
 0.00000000E+00
 0.00000000E+00
 1.89191066E-16
 0.00000000E+00
 0.00000000E+00
 0.00000000E+00
 1.84179383E-16
 1.82967676E-16
 0.00000000E+00
 1.80591473E-16
 3.58852732E-16
 1.78276197E-16
 3.54281360E-16
 0.00000000E+00
 1.74912495E-16
 0.00000000E+00
 1.72739669E-16
 1.71673375E-16
 0.00000000E+00
 1.69579797E-16
 2.21712383E-03
 5.82020690E-03
 3.57988517E-03
 1.17311525E-03
 1.63063184E-04
 2.36368515E-04
 2.12536953E-04
 3.90364829E-05
 1.04603843E-06
 9.97978895E-07
 5.52156303E-04
 8.97215704E-05
 8.53700587E-07
 8.05367892E-07
 7.56443702E-07
 2.03844306E-06
 1.92611655E-06
 1.80572930E-06
 1.68518340E-06
 1.56447741E-06
 1.44361290E-06
 1.32258856E-06
 1.20140260E-06
 1.09304726E-06
 4.03059899E-05
 1.05790538E-06
 1.04025207E-06
 1.02248986E-06
 1.00477880E-06
 9.86899898E-07
 9.68849787E-07
 9.50799565E-07
 9.32981177E-07
 9.14991342E-07
 8.96823827E-07
 8.78481432E-07
 8.59961256E-07
 8.41262414E-07
 8.22385303E-07
 7.84254367E-07
 7.24326788E-07
 6.64215236E-07
 6.03919608E-07
 5.43438053E-07
 4.82768530E-07
 4.21910883E-07
 3.60863391E-07
 2.99623956E-07
 2.38193546E-07
 1.46237819E-06
 1.43055276E-06
 1.39867436E-06
 1.36674686E-06
 1.33476678E-06
 1.30273375E-06
 1.29232992E-06
 1.28687543E-06
 1.28136748E-06
 1.27580460E-06
 1.27018877E-06
 1.26451804E-06
 1.25879227E-06
 1.25301057E-06
 1.24717380E-06
 1.24128131E-06
 1.23533114E-06
 1.22932566E-06
 1.22326168E-06
 1.21713950E-06
 1.21095991E-06
 1.20472000E-06
 1.19842152E-06
 1.19206281E-06
 1.18564434E-06
 1.17916567E-06
 1.17262574E-06
 1.16602317E-06
 1.15935961E-06
 1.15263306E-06
 1.14584305E-06
 1.13898910E-06
 1.13207096E-06
 1.12509022E-06
 1.11804192E-06
 1.11092904E-06
 1.10374874E-06
 1.08839477E-06
 1.06486543E-06
 1.04126871E-06
 1.01760256E-06
 9.93867553E-07
 9.70062356E-07
 9.46187596E-07
 9.22241910E-07
 8.98223231E-07
 8.74134316E-07
 8.49971953E-07
 8.25735149E-07
 8.01424771E-07
 7.77039800E-07
 7.52579211E-07
 7.28042339E-07
 7.03429222E-07
 6.78738088E-07
 6.53968934E-07
 6.29120388E-07
 6.04192011E-07
 5.79183071E-07
 5.54093901E-07
 5.28922267E-07
 5.03665939E-07
 4.78327734E-07
 4.52905378E-07
 4.27397041E-07
 4.01803106E-07
 3.76121115E-07
 3.50352879E-07
 3.24494451E-07
 2.98546565E-07
 2.72508329E-07
 2.46378839E-07
 2.20156713E-07
 1.93840536E-07
 1.67430836E-07
 1.40925160E-07
 1.14322533E-07
 8.76234347E-08
 6.08248356E-08
 3.39266928E-08
 6.92743690E-09
 2.01735609E-08
 4.73783809E-08
 7.46871909E-08
 1.02100706E-07
 1.29622579E-07
 1.57251003E-07
 1.84990770E-07
 2.12839702E-07
 2.40801553E-07
 2.68875721E-07
 2.97066033E-07
 3.25372324E-07
 9.14462899E-07
 8.99029453E-07
 8.83563009E-07
 8.68066649E-07
 8.52538301E-07
 8.36976481E-07
 8.21381523E-07
 8.05752853E-07
 7.90090494E-07
 7.74393827E-07
 7.58660692E-07
 7.42893552E-07
 7.27088666E-07
 7.11248481E-07
 6.95370751E-07
 6.79454792E-07
 6.63500567E-07
 6.47507352E-07
 6.31475310E-07
 6.15402126E-07
 5.99288385E-07
 5.83132640E-07
 5.66934940E-07
 5.50694466E-07
 5.34409326E-07
 5.18079697E-07
 5.01706148E-07
 4.85283849E-07
 4.68815791E-07
 4.52298805E-07
 4.35733280E-07
 4.19118317E-07
 4.02451294E-07
 3.85732717E-07
 3.68961471E-07
 3.52134916E-07
 3.35253405E-07
 3.18314169E-07
 3.01317642E-07
 2.84262534E-07
 2.67144268E-07
 2.49966451E-07
 2.32722722E-07
 2.15414145E-07
 1.98037566E-07
 1.80592276E-07
 1.63077556E-07
 1.45488342E-07
 1.27823854E-07
 1.10083938E-07
 9.22642098E-08
 7.43618868E-08
 5.63750486E-08
 3.83005557E-08
 2.01365185E-08
 1.87953987E-09
 1.64753263E-08
 3.49287652E-08
 5.34869565E-08
 7.21534580E-08
 9.09304168E-08
 1.09825155E-07
 1.28841993E-07
 1.47984238E-07
 1.85461938E-06
 2.08073870E-06
 2.22750146E-06
 2.33874823E-06
 1.09186598E-06
 1.10511689E-06
 1.12059448E-06
 1.13392393E-06
 1.14552788E-06
 1.15570851E-06
 1.16468857E-06
 1.17264132E-06
 1.17970054E-06
 1.18597383E-06
 1.19154954E-06
 1.19649618E-06
 1.20087953E-06
 1.20474891E-06
 1.20814707E-06
 1.21111111E-06
 1.21367695E-06
 1.21587090E-06
 1.21771792E-06
 1.21924042E-06
 1.22045876E-06
 1.22139025E-06
 1.22204971E-06
 1.22244999E-06
 1.22260796E-06
 1.22252998E-06
 1.22222998E-06
 1.22171503E-06
 1.22099621E-06
 1.22007745E-06
 1.21896776E-06
 1.21767302E-06
 1.21620062E-06
 1.21455150E-06
 1.21273519E-06
 1.21075202E-06
 1.20860736E-06
 1.20630538E-06
 1.20384807E-06
 1.20123900E-06
 1.19847768E-06
 1.19556946E-06
 1.19251498E-06
 1.18931515E-06
 1.18597014E-06
 1.18248398E-06
 1.17885501E-06
 1.17508387E-06
 1.17116967E-06
 1.16711466E-06
 1.16291711E-06
 1.15857510E-06
 1.15408967E-06
 1.14945843E-06
 1.14468090E-06
 1.13975414E-06
 1.13467625E-06
 1.12944605E-06
 1.12405877E-06
 1.11851237E-06
 1.11280577E-06
 1.10693073E-06
 1.10088694E-06
 1.09466859E-06
 1.09538104E-06
 1.10017784E-06
 1.10478137E-06
 1.10918910E-06
 1.11338942E-06
 1.11737882E-06
 1.12114683E-06
 1.12468516E-06
 1.12798148E-06
 1.13102779E-06
 1.13380911E-06
 1.13631573E-06
 1.13853074E-06
 1.14043948E-06
 1.14202505E-06
 1.14326669E-06
 1.14414815E-06
 1.14464264E-06
 1.14472769E-06
 1.14437381E-06
 1.14355321E-06
 1.14223038E-06
 1.14036758E-06
 1.13792444E-06
 1.13485417E-06
 1.13110486E-06
 1.12661568E-06
 1.12132465E-06
 1.11515456E-06
 1.10802079E-06
 1.09982782E-06
 1.05795219E-06
 9.43254276E-07
 8.27111824E-07
 7.09355294E-07
 1.80797549E-06
 1.61567962E-06
 1.41442179E-06
 1.20292342E-06
 1.10311065E-06
 1.12107252E-06
 1.12306896E-06
 1.10623092E-06
 5.35597886E-02
 1.47473990E-01
 3.36464482E-01
 0.00000000E+00
 0.00000000E+00
 0.00000000E+00
 0.00000000E+00
 0.00000000E+00
 0.00000000E+00
 0.00000000E+00
 0.00000000E+00
 0.00000000E+00
 0.00000000E+00
 0.00000000E+00
 0.00000000E+00
 0.00000000E+00
 0.00000000E+00
 0.00000000E+00
 0.00000000E+00
 1.30364469E-15
 1.30364469E-15
 1.44849410E-15
 1.30364469E-15
 1.39055434E-15
 7.24247051E-16
 7.44939824E-16
 6.51822346E-16
 9.65662735E-16
 1.04291575E-15
 6.32070154E-16
 4.34548231E-16
 5.34828592E-16
 1.24156637E-16
 4.63518113E-16
 4.34548231E-16
 2.04493285E-16
 0.00000000E+00
 0.00000000E+00
 1.73819292E-16
 1.65542183E-16
 3.16035077E-16
 4.53441632E-16
 1.44849410E-16
 5.56221735E-16
 2.67414296E-16
 1.28755031E-16
 1.24156637E-16
 4.79501496E-16
 2.31759056E-16
 3.36424437E-16
 2.17274115E-16
 0.00000000E+00
 2.04493285E-16
 1.98650620E-16
 0.00000000E+00
 1.87912748E-16
 0.00000000E+00
 0.00000000E+00
 1.73819292E-16
 0.00000000E+00
 1.65542183E-16
 1.61692365E-16
 3.16035077E-16
 1.54506038E-16
 4.53441632E-16
 2.95862625E-16
 1.44849410E-16
 1.41893300E-16
 1.39055434E-16
 1.36328857E-16
 2.67414296E-16
 1.31184372E-16
 1.28755031E-16
 1.26414031E-16
 0.00000000E+00
 1.21978451E-16
 0.00000000E+00
 1.17843588E-16
 0.00000000E+00
 0.00000000E+00
 1.12141479E-16
 0.00000000E+00
 2.17274115E-16
 2.13931437E-16
 0.00000000E+00
 2.07545424E-16
 2.04493285E-16
 2.01529614E-16
 1.98650620E-16
 1.95852724E-16
 0.00000000E+00
 1.90486896E-16
 1.87912748E-16
 1.85407245E-16
 0.00000000E+00
 0.00000000E+00
 0.00000000E+00
 0.00000000E+00
 1.73819292E-16
 0.00000000E+00
 0.00000000E+00
 0.00000000E+00
 1.65542183E-16
 0.00000000E+00
 1.61692365E-16
 0.00000000E+00
 3.16035077E-16
 0.00000000E+00
 1.54506038E-16
 0.00000000E+00
 1.51147211E-16
 0.00000000E+00
 1.47931313E-16
 0.00000000E+00
 1.44849410E-16
 0.00000000E+00
 1.41893300E-16
 1.40460034E-16
 0.00000000E+00
 1.37678647E-16
 0.00000000E+00
 0.00000000E+00
 0.00000000E+00
 0.00000000E+00
 1.31184372E-16
 1.29958349E-16
 1.28755031E-16
 2.55147585E-16
 1.26414031E-16
 1.25275166E-16
 0.00000000E+00
 1.23057906E-16
 1.21978451E-16
 1.20917769E-16
 0.00000000E+00
 0.00000000E+00
 1.17843588E-16
 1.16853306E-16
 0.00000000E+00
 0.00000000E+00
 0.00000000E+00
 1.13053198E-16
 1.12141479E-16
 1.11244347E-16
 0.00000000E+00
 0.00000000E+00
 2.17274115E-16
 2.15589820E-16
 2.13931437E-16
 0.00000000E+00
 2.10690051E-16
 0.00000000E+00
 0.00000000E+00
 0.00000000E+00
 2.04493285E-16
 0.00000000E+00
 0.00000000E+00
 2.00079761E-16
 0.00000000E+00
 1.97241750E-16
 0.00000000E+00
 0.00000000E+00
 1.93132547E-16
 0.00000000E+00
 0.00000000E+00
 1.89191066E-16
 1.87912748E-16
 1.86651589E-16
 0.00000000E+00
 1.84179383E-16
 1.82967676E-16
 1.81771809E-16
 0.00000000E+00
 1.79426366E-16
 1.78276197E-16
 3.54281360E-16
 1.76019536E-16
 1.74912495E-16
 0.00000000E+00
 1.72739669E-16
 0.00000000E+00
 1.70620164E-16
 1.69579797E-16
 2.12327732E-03
 5.57384893E-03
 3.83549225E-03
 1.27616841E-03
 2.04896878E-04
 2.16217403E-04
 2.03561242E-04
 3.74992038E-05
 1.13756238E-06
 1.09160651E-06
 5.66014729E-04
 9.20371189E-05
 9.53712059E-07
 9.07522053E-07
 8.60739034E-07
 2.14155534E-06
 2.02785187E-06
 1.90588872E-06
 1.78376877E-06
 1.66148719E-06
 1.53904578E-06
 1.41644282E-06
 1.29367693E-06
 1.18397267E-06
 4.13766871E-05
 1.14934034E-06
 1.13194358E-06
 1.11443950E-06
 1.09699191E-06
 1.07937343E-06
 1.06158527E-06
 1.04379808E-06
 1.02625285E-06
 1.00853312E-06
 9.90635569E-07
 9.72561673E-07
 9.54310829E-07
 9.35878819E-07
 9.17266446E-07
 8.78924288E-07
 8.18243660E-07
 7.57379267E-07
 6.96328939E-07
 6.35089416E-07
 5.73663335E-07
 5.12047583E-07
 4.50241253E-07
 3.88240035E-07
 3.26047442E-07
 1.55447342E-06
 1.52206207E-06
 1.48959871E-06
 1.45708431E-06
 1.42451694E-06
 1.39189754E-06
 1.38144543E-06
 1.37606915E-06
 1.37063815E-06
 1.36515290E-06
 1.35961408E-06
 1.35401995E-06
 1.34836990E-06
 1.34266503E-06
 1.33690293E-06
 1.33108620E-06
 1.32521089E-06
 1.31927858E-06
 1.31328711E-06
 1.30723800E-06
 1.30113132E-06
 1.29496336E-06
 1.28873792E-06
 1.28245002E-06
 1.27610317E-06
 1.26969537E-06
 1.26322468E-06
 1.25669182E-06
 1.25009752E-06
 1.24343949E-06
 1.23671756E-06
 1.22993328E-06
 1.22308316E-06
 1.21616702E-06
 1.20918518E-06
 1.20213864E-06
 1.19502469E-06
 1.17962832E-06
 1.15595426E-06
 1.13220821E-06
 1.10839488E-06
 1.08451185E-06
 1.06055779E-06
 1.03653401E-06
 1.01243810E-06
 9.88269432E-07
 9.64030376E-07
 9.39714390E-07
 9.15327522E-07
 8.90864685E-07
 8.66326339E-07
 8.41712923E-07
 8.17021199E-07
 7.92253760E-07
 7.67406669E-07
 7.42481672E-07
 7.17477791E-07
 6.92392017E-07
 6.67226166E-07
 6.41978012E-07
 6.16648293E-07
 5.91232852E-07
 5.65734500E-07
 5.40150945E-07
 5.14481828E-07
 4.88725890E-07
 4.62882441E-07
 4.36950494E-07
 4.10927821E-07
 3.84816519E-07
 3.58613735E-07
 3.32317534E-07
 3.05929508E-07
 2.79445775E-07
 2.52868314E-07
 2.26194191E-07
 1.99422388E-07
 1.72552886E-07
 1.45583166E-07
 1.18514643E-07
 9.13427470E-08
 6.40698556E-08
 3.66913153E-08
 9.20853422E-09
 1.83802674E-08
 4.60776987E-08
 7.38826076E-08
 1.01799687E-07
 1.29826764E-07
 1.57967613E-07
 1.86222200E-07
 2.14592281E-07
 2.43080366E-07
 1.00452024E-06
 9.88994299E-07
 9.73435488E-07
 9.57845398E-07
 9.42221353E-07
 9.26565830E-07
 9.10875788E-07
 8.95152184E-07
 8.79395352E-07
 8.63602813E-07
 8.47774242E-07
 8.31911181E-07
 8.16010515E-07
 8.00074042E-07
 7.84098630E-07
 7.68086034E-07
 7.52033981E-07
 7.35943979E-07
 7.19813729E-07
 7.03640897E-07
 6.87429423E-07
 6.71174680E-07
 6.54877261E-07
 6.38537175E-07
 6.22152029E-07
 6.05721652E-07
 5.89246031E-07
 5.72723498E-07
 5.56153730E-07
 5.39535906E-07
 5.22867406E-07
 5.06148732E-07
 4.89379788E-07
 4.72557828E-07
 4.55681715E-07
 4.38751189E-07
 4.21763450E-07
 4.04719709E-07
 3.87617104E-07
 3.70456058E-07
 3.53231916E-07
 3.35945806E-07
 3.18594700E-07
 3.01177127E-07
 2.83692442E-07
 2.66138273E-07
 2.48512140E-07
 2.30814084E-07
 2.13039042E-07
 1.95186896E-07
 1.77254937E-07
 1.59239524E-07
 1.41139451E-07
 1.22950952E-07
 1.04671842E-07
 8.62997482E-08
 6.78297464E-08
 4.92584615E-08
 3.05813664E-08
 1.17974832E-08
 7.09948973E-09
 2.61137297E-08
 4.52519842E-08
 6.45167639E-08
 1.91834482E-06
 2.16226214E-06
 2.31548722E-06
 2.43042341E-06
 1.18295382E-06
 1.19665383E-06
 1.21246207E-06
 1.22604869E-06
 1.23785683E-06
 1.24820412E-06
 1.25732005E-06
 1.26538482E-06
 1.27253543E-06
 1.27888405E-06
 1.28451983E-06
 1.28951820E-06
 1.29394130E-06
 1.29784035E-06
 1.30126002E-06
 1.30424179E-06
 1.30681687E-06
 1.30901458E-06
 1.31085980E-06
 1.31237658E-06
 1.31358537E-06
 1.31450180E-06
 1.31514272E-06
 1.31552367E-06
 1.31565649E-06
 1.31555266E-06
 1.31522289E-06
 1.31467454E-06
 1.31391966E-06
 1.31296452E-06
 1.31181565E-06
 1.31048063E-06
 1.30896272E-06
 1.30726955E-06
 1.30540525E-06
 1.30337396E-06
 1.30117936E-06
 1.29882525E-06
 1.29631391E-06
 1.29364929E-06
 1.29083199E-06
 1.28786483E-06
 1.28475072E-06
 1.28148966E-06
 1.27808336E-06
 1.27453229E-06
 1.27083858E-06
 1.26700071E-06
 1.26301996E-06
 1.25889535E-06
 1.25462754E-06
 1.25021535E-06
 1.24565709E-06
 1.24095190E-06
 1.23609939E-06
 1.23109568E-06
 1.22594107E-06
 1.22063061E-06
 1.21516394E-06
 1.20953672E-06
 1.20374623E-06
 1.19778830E-06
 1.19165767E-06
 1.18535228E-06
 1.18605748E-06
 1.19089344E-06
 1.19553683E-06
 1.19998091E-06
 1.20421787E-06
 1.20823958E-06
 1.21204035E-06
 1.21560744E-06
 1.21893262E-06
 1.22200423E-06
 1.22481085E-06
 1.22733951E-06
 1.22957438E-06
 1.23150077E-06
 1.23310043E-06
 1.23435552E-06
 1.23524659E-06
 1.23574749E-06
 1.23583556E-06
 1.23548272E-06
 1.23465729E-06
 1.23332796E-06
 1.23145380E-06
 1.22899583E-06
 1.22590474E-06
 1.22212906E-06
 1.21760935E-06
 1.21228078E-06
 1.20606552E-06
 1.19888025E-06
 1.19062780E-06
 1.14842846E-06
 1.03283429E-06
 9.15784990E-07
 7.97108667E-07
 1.90360900E-06
 1.70990923E-06
 1.50718715E-06
 1.29415172E-06
 1.19364010E-06
 1.21178595E-06
 1.21385426E-06
 1.19695728E-06
 5.12589353E-02
 1.41138911E-01
 3.28469053E-01
 0.00000000E+00
 0.00000000E+00
 0.00000000E+00
 0.00000000E+00
 0.00000000E+00
 0.00000000E+00
 0.00000000E+00
 0.00000000E+00
 0.00000000E+00
 0.00000000E+00
 0.00000000E+00
 0.00000000E+00
 0.00000000E+00
 0.00000000E+00
 0.00000000E+00
 0.00000000E+00
 1.30364469E-15
 1.30364469E-15
 1.44849410E-15
 1.30364469E-15
 1.39055434E-15
 5.79397641E-16
 6.20783187E-16
 6.51822346E-16
 9.65662735E-16
 1.04291575E-15
 6.32070154E-16
 5.79397641E-16
 4.01121444E-16
 2.48313275E-16
 5.79397641E-16
 6.51822346E-16
 2.04493285E-16
 1.93132547E-16
 0.00000000E+00
 0.00000000E+00
 0.00000000E+00
 0.00000000E+00
 1.51147211E-16
 2.89698820E-16
 1.39055434E-16
 2.67414296E-16
 1.28755031E-16
 3.72469912E-16
 3.59626122E-16
 4.63518113E-16
 3.36424437E-16
 2.17274115E-16
 2.10690051E-16
 2.04493285E-16
 1.98650620E-16
 1.93132547E-16
 1.87912748E-16
 0.00000000E+00
 1.78276197E-16
 0.00000000E+00
 1.69579797E-16
 0.00000000E+00
 0.00000000E+00
 0.00000000E+00
 1.54506038E-16
 1.51147211E-16
 1.47931313E-16
 1.44849410E-16
 2.83786600E-16
 1.39055434E-16
 1.36328857E-16
 1.33707148E-16
 1.31184372E-16
 1.28755031E-16
 0.00000000E+00
 1.24156637E-16
 1.21978451E-16
 0.00000000E+00
 1.17843588E-16
 0.00000000E+00
 1.13979864E-16
 1.12141479E-16
 2.20722911E-16
 0.00000000E+00
 0.00000000E+00
 2.10690051E-16
 2.07545424E-16
 0.00000000E+00
 2.01529614E-16
 1.98650620E-16
 0.00000000E+00
 0.00000000E+00
 1.90486896E-16
 1.87912748E-16
 0.00000000E+00
 0.00000000E+00
 0.00000000E+00
 1.78276197E-16
 0.00000000E+00
 0.00000000E+00
 0.00000000E+00
 1.69579797E-16
 1.67536667E-16
 0.00000000E+00
 0.00000000E+00
 0.00000000E+00
 1.59833832E-16
 0.00000000E+00
 1.56242060E-16
 1.54506038E-16
 1.52808169E-16
 1.51147211E-16
 0.00000000E+00
 1.47931313E-16
 1.46374141E-16
 0.00000000E+00
 0.00000000E+00
 0.00000000E+00
 1.40460034E-16
 0.00000000E+00
 1.37678647E-16
 0.00000000E+00
 1.35005276E-16
 1.33707148E-16
 0.00000000E+00
 1.31184372E-16
 1.29958349E-16
 1.28755031E-16
 1.27573793E-16
 0.00000000E+00
 1.25275166E-16
 0.00000000E+00
 0.00000000E+00
 1.21978451E-16
 0.00000000E+00
 0.00000000E+00
 1.18850798E-16
 1.17843588E-16
 1.16853306E-16
 0.00000000E+00
 1.14921846E-16
 1.13979864E-16
 0.00000000E+00
 1.12141479E-16
 0.00000000E+00
 0.00000000E+00
 2.18984935E-16
 2.17274115E-16
 2.15589820E-16
 2.13931437E-16
 0.00000000E+00
 0.00000000E+00
 0.00000000E+00
 0.00000000E+00
 0.00000000E+00
 0.00000000E+00
 0.00000000E+00
 2.01529614E-16
 2.00079761E-16
 1.98650620E-16
 1.97241750E-16
 0.00000000E+00
 1.94483124E-16
 1.93132547E-16
 1.91800598E-16
 0.00000000E+00
 1.89191066E-16
 3.75825497E-16
 1.86651589E-16
 1.85407245E-16
 1.84179383E-16
 0.00000000E+00
 0.00000000E+00
 0.00000000E+00
 0.00000000E+00
 1.78276197E-16
 5.31422040E-16
 1.76019536E-16
 0.00000000E+00
 1.73819292E-16
 1.72739669E-16
 0.00000000E+00
 0.00000000E+00
 1.69579797E-16
 2.02943081E-03
 5.32749097E-03
 4.08944688E-03
 1.37909775E-03
 2.46687040E-04
 1.96081009E-04
 1.94585592E-04
 3.59522327E-05
 1.21725432E-06
 1.17339780E-06
 5.79843261E-04
 9.43379088E-05
 1.04186199E-06
 9.97811783E-07
 9.53162029E-07
 2.23270704E-06
 2.11762896E-06
 1.99409276E-06
 1.87039664E-06
 1.74654058E-06
 1.62252156E-06
 1.49834279E-06
 1.37399793E-06
 1.26294225E-06
 4.24341426E-05
 1.22881665E-06
 1.21167658E-06
 1.19442760E-06
 1.17724067E-06
 1.15988257E-06
 1.14235183E-06
 1.12482635E-06
 1.10755134E-06
 1.09010156E-06
 1.07247234E-06
 1.05466515E-06
 1.03667967E-06
 1.01851252E-06
 1.00016508E-06
 9.61608883E-07
 9.00175291E-07
 8.38556086E-07
 7.76749406E-07
 7.14754610E-07
 6.52570131E-07
 5.90195439E-07
 5.27627404E-07
 4.64866820E-07
 4.01910159E-07
 1.63458570E-06
 1.60158829E-06
 1.56853964E-06
 1.53543668E-06
 1.50228435E-06
 1.46907674E-06
 1.45857750E-06
 1.45327759E-06
 1.44792472E-06
 1.44251697E-06
 1.43705264E-06
 1.43153496E-06
 1.42596119E-06
 1.42033018E-06
 1.41464432E-06
 1.40890038E-06
 1.40309769E-06
 1.39723836E-06
 1.39132192E-06
 1.38534492E-06
 1.37930940E-06
 1.37321396E-06
 1.36705854E-06
 1.36084146E-06
 1.35456498E-06
 1.34822684E-06
 1.34182536E-06
 1.33536218E-06
 1.32883561E-06
 1.32224636E-06
 1.31559183E-06
 1.30887362E-06
 1.30209030E-06
 1.29524133E-06
 1.28832621E-06
 1.28134259E-06
 1.27429409E-06
 1.25885684E-06
 1.23503411E-06
 1.21114152E-06
 1.18718001E-06
 1.16314797E-06
 1.13904518E-06
 1.11487068E-06
 1.09062465E-06
 1.06630572E-06
 1.04191366E-06
 1.01744823E-06
 9.92906928E-07
 9.68291711E-07
 9.43598958E-07
 9.18831689E-07
 8.93985556E-07
 8.69062764E-07
 8.44060834E-07
 8.18978949E-07
 7.93817201E-07
 7.68574458E-07
 7.43250641E-07
 7.17843511E-07
 6.92353781E-07
 6.66779208E-07
 6.41120675E-07
 6.15375715E-07
 5.89545771E-07
 5.63626881E-07
 5.37620285E-07
 5.11524095E-07
 4.85337555E-07
 4.59061252E-07
 4.32691774E-07
 4.06230242E-07
 3.79674223E-07
 3.53023775E-07
 3.26277916E-07
 2.99434176E-07
 2.72493544E-07
 2.45451991E-07
 2.18312450E-07
 1.91070384E-07
 1.63726641E-07
 1.36280135E-07
 1.08727725E-07
 8.10696872E-08
 5.33048990E-08
 2.54320867E-08
 2.55246918E-09
 3.06465798E-08
 5.88520986E-08
 8.71728036E-08
 1.15608518E-07
 1.44160206E-07
 1.09816992E-06
 1.08258157E-06
 1.06696104E-06
 1.05130934E-06
 1.03562379E-06
 1.01990688E-06
 1.00415558E-06
 9.88371767E-07
 9.72552988E-07
 9.56700504E-07
 9.40811847E-07
 9.24888209E-07
 9.08927766E-07
 8.92931684E-07
 8.76897755E-07
 8.60826821E-07
 8.44715719E-07
 8.28566863E-07
 8.12377973E-07
 7.96149188E-07
 7.79879522E-07
 7.63567515E-07
 7.47213943E-07
 7.30816421E-07
 7.14375664E-07
 6.97889968E-07
 6.81360029E-07
 6.64782656E-07
 6.48159236E-07
 6.31487359E-07
 6.14766651E-07
 5.97996257E-07
 5.81175046E-07
 5.64301303E-07
 5.47376235E-07
 5.30395582E-07
 5.13359817E-07
 4.96267720E-07
 4.79118951E-07
 4.61909777E-07
 4.44642216E-07
 4.27310827E-07
 4.09917565E-07
 3.92457694E-07
 3.74932243E-07
 3.57338886E-07
 3.39674399E-07
 3.21938836E-07
 3.04130529E-07
 2.86244346E-07
 2.68279433E-07
 2.50234590E-07
 2.32106235E-07
 2.13892401E-07
 1.95590118E-07
 1.77196171E-07
 1.58706639E-07
 1.40119841E-07
 1.21430886E-07
 1.02637655E-07
 8.37350601E-08
 6.47180479E-08
 4.55819175E-08
 2.63234571E-08
 6.93452917E-09
 1.96527389E-06
 2.23073578E-06
 2.39099471E-06
 2.50983375E-06
 1.26202417E-06
 1.27619302E-06
 1.29234325E-06
 1.30619477E-06
 1.31821580E-06
 1.32873368E-06
 1.33799025E-06
 1.34617069E-06
 1.35341610E-06
 1.35984235E-06
 1.36554174E-06
 1.37059190E-06
 1.37505557E-06
 1.37898756E-06
 1.38243294E-06
 1.38543088E-06
 1.38801530E-06
 1.39021780E-06
 1.39206472E-06
 1.39357551E-06
 1.39477502E-06
 1.39567813E-06
 1.39630372E-06
 1.39666360E-06
 1.39677161E-06
 1.39664133E-06
 1.39628256E-06
 1.39570408E-06
 1.39491498E-06
 1.39392252E-06
 1.39273496E-06
 1.39135868E-06
 1.38979875E-06
 1.38805975E-06
 1.38615024E-06
 1.38406900E-06
 1.38182425E-06
 1.37941778E-06
 1.37685289E-06
 1.37413248E-06
 1.37126011E-06
 1.36823520E-06
 1.36506184E-06
 1.36174027E-06
 1.35827239E-06
 1.35465838E-06
 1.35089830E-06
 1.34699485E-06
 1.34294746E-06
 1.33875477E-06
 1.33441567E-06
 1.32993191E-06
 1.32530166E-06
 1.32052290E-06
 1.31559456E-06
 1.31051486E-06
 1.30528194E-06
 1.29989411E-06
 1.29434716E-06
 1.28863819E-06
 1.28276445E-06
 1.27672168E-06
 1.27050642E-06
 1.26411382E-06
 1.26481303E-06
 1.26968852E-06
 1.27436909E-06
 1.27884977E-06
 1.28312193E-06
 1.28717834E-06
 1.29100932E-06
 1.29460786E-06
 1.29796041E-06
 1.30105766E-06
 1.30388826E-06
 1.30643894E-06
 1.30869201E-06
 1.31063653E-06
 1.31225051E-06
 1.31351838E-06
 1.31441830E-06
 1.31492597E-06
 1.31501714E-06
 1.31466380E-06
 1.31383569E-06
 1.31249774E-06
 1.31061243E-06
 1.30813738E-06
 1.30502473E-06
 1.30122268E-06
 1.29667138E-06
 1.29130443E-06
 1.28504491E-06
 1.27780777E-06
 1.26949462E-06
 1.22697047E-06
 1.11047952E-06
 9.92523824E-07
 8.72927041E-07
 1.98736524E-06
 1.79225892E-06
 1.58806604E-06
 1.37349284E-06
 1.27227628E-06
 1.29059703E-06
 1.29273118E-06
 1.27576718E-06
 4.89611096E-02
 1.34812147E-01
 3.20484113E-01
 0.00000000E+00
 0.00000000E+00
 0.00000000E+00
 0.00000000E+00
 0.00000000E+00
 0.00000000E+00
 0.00000000E+00
 0.00000000E+00
 0.00000000E+00
 0.00000000E+00
 0.00000000E+00
 0.00000000E+00
 0.00000000E+00
 0.00000000E+00
 0.00000000E+00
 0.00000000E+00
 1.30364469E-15
 1.30364469E-15
 1.44849410E-15
 1.30364469E-15
 1.39055434E-15
 5.79397641E-16
 6.20783187E-16
 6.51822346E-16
 7.72530188E-16
 8.69096461E-16
 6.32070154E-16
 5.79397641E-16
 5.34828592E-16
 2.48313275E-16
 5.79397641E-16
 6.51822346E-16
 2.04493285E-16
 1.93132547E-16
 0.00000000E+00
 0.00000000E+00
 0.00000000E+00
 3.16035077E-16
 1.51147211E-16
 1.44849410E-16
 4.17166302E-16
 2.67414296E-16
 1.28755031E-16
 1.24156637E-16
 2.39750748E-16
 2.31759056E-16
 2.24282958E-16
 2.17274115E-16
 2.10690051E-16
 2.04493285E-16
 1.98650620E-16
 1.93132547E-16
 1.87912748E-16
 0.00000000E+00
 0.00000000E+00
 0.00000000E+00
 0.00000000E+00
 0.00000000E+00
 0.00000000E+00
 3.16035077E-16
 3.09012075E-16
 1.51147211E-16
 1.47931313E-16
 1.44849410E-16
 1.41893300E-16
 0.00000000E+00
 1.36328857E-16
 1.33707148E-16
 1.31184372E-16
 1.28755031E-16
 2.52828062E-16
 2.48313275E-16
 1.21978451E-16
 1.19875374E-16
 0.00000000E+00
 0.00000000E+00
 0.00000000E+00
 0.00000000E+00
 0.00000000E+00
 0.00000000E+00
 0.00000000E+00
 2.10690051E-16
 2.07545424E-16
 2.04493285E-16
 2.01529614E-16
 1.98650620E-16
 0.00000000E+00
 0.00000000E+00
 1.90486896E-16
 1.87912748E-16
 0.00000000E+00
 0.00000000E+00
 0.00000000E+00
 0.00000000E+00
 0.00000000E+00
 0.00000000E+00
 0.00000000E+00
 0.00000000E+00
 1.67536667E-16
 0.00000000E+00
 0.00000000E+00
 0.00000000E+00
 1.59833832E-16
 1.58017538E-16
 0.00000000E+00
 1.54506038E-16
 1.52808169E-16
 0.00000000E+00
 0.00000000E+00
 1.47931313E-16
 1.46374141E-16
 0.00000000E+00
 0.00000000E+00
 1.41893300E-16
 1.40460034E-16
 0.00000000E+00
 0.00000000E+00
 0.00000000E+00
 0.00000000E+00
 1.33707148E-16
 1.32433747E-16
 1.31184372E-16
 0.00000000E+00
 1.28755031E-16
 1.27573793E-16
 1.26414031E-16
 1.25275166E-16
 1.24156637E-16
 1.23057906E-16
 1.21978451E-16
 1.20917769E-16
 1.19875374E-16
 0.00000000E+00
 0.00000000E+00
 1.16853306E-16
 0.00000000E+00
 1.14921846E-16
 0.00000000E+00
 1.13053198E-16
 0.00000000E+00
 1.11244347E-16
 2.20722911E-16
 0.00000000E+00
 0.00000000E+00
 0.00000000E+00
 2.13931437E-16
 0.00000000E+00
 2.10690051E-16
 2.09105916E-16
 0.00000000E+00
 2.06008050E-16
 0.00000000E+00
 0.00000000E+00
 0.00000000E+00
 0.00000000E+00
 1.98650620E-16
 0.00000000E+00
 1.95852724E-16
 1.94483124E-16
 0.00000000E+00
 0.00000000E+00
 1.90486896E-16
 0.00000000E+00
 1.87912748E-16
 0.00000000E+00
 0.00000000E+00
 1.84179383E-16
 0.00000000E+00
 0.00000000E+00
 1.80591473E-16
 0.00000000E+00
 1.78276197E-16
 1.77140680E-16
 1.76019536E-16
 1.74912495E-16
 1.73819292E-16
 0.00000000E+00
 3.43346750E-16
 5.11860493E-16
 5.08739392E-16
 1.93558429E-03
 5.08113301E-03
 4.34307888E-03
 1.48190357E-03
 2.88433802E-04
 1.75959257E-04
 1.85609958E-04
 3.43955409E-05
 1.28509176E-06
 1.24332861E-06
 5.93641907E-04
 9.66239202E-05
 1.11813187E-06
 1.07621038E-06
 1.03368778E-06
 2.31187522E-06
 2.19542359E-06
 2.07031385E-06
 1.94504431E-06
 1.81961342E-06
 1.69401957E-06
 1.56826134E-06
 1.44233864E-06
 1.32993251E-06
 4.34783337E-05
 1.29631107E-06
 1.27942329E-06
 1.26242955E-06
 1.24550177E-06
 1.22839998E-06
 1.21112537E-06
 1.19386003E-06
 1.17685363E-06
 1.15966951E-06
 1.14230740E-06
 1.12476698E-06
 1.10704517E-06
 1.08914163E-06
 1.07105296E-06
 1.03228350E-06
 9.70096832E-07
 9.07721118E-07
 8.45159016E-07
 7.82406178E-07
 7.19462969E-07
 6.56327968E-07
 5.92999236E-07
 5.29476175E-07
 1.73621914E-06
 1.70268750E-06
 1.66910499E-06
 1.63546950E-06
 1.60178157E-06
 1.56804120E-06
 1.53424649E-06
 1.52370074E-06
 1.51847849E-06
 1.51319984E-06
 1.50786850E-06
 1.50248016E-06
 1.49703655E-06
 1.49153748E-06
 1.48598204E-06
 1.48036853E-06
 1.47469781E-06
 1.46896893E-06
 1.46318146E-06
 1.45733646E-06
 1.45143146E-06
 1.44546751E-06
 1.43944265E-06
 1.43335916E-06
 1.42721180E-06
 1.42100430E-06
 1.41473471E-06
 1.40840345E-06
 1.40200762E-06
 1.39554886E-06
 1.38902666E-06
 1.38243902E-06
 1.37578661E-06
 1.36906863E-06
 1.36228455E-06
 1.35543468E-06
 1.34851700E-06
 1.34153097E-06
 1.32605334E-06
 1.30208254E-06
 1.27804106E-06
 1.25393096E-06
 1.22974903E-06
 1.20549662E-06
 1.18117277E-06
 1.15677496E-06
 1.13230490E-06
 1.10776079E-06
 1.08314204E-06
 1.05844948E-06
 1.03367949E-06
 1.00883400E-06
 9.83910864E-07
 9.58910108E-07
 9.33831031E-07
 9.08672536E-07
 8.83434311E-07
 8.58115236E-07
 8.32713759E-07
 8.07232086E-07
 7.81665020E-07
 7.56014753E-07
 7.30279658E-07
 7.04459975E-07
 6.78554285E-07
 6.52560453E-07
 6.26479120E-07
 6.00307944E-07
 5.74048574E-07
 5.47697168E-07
 5.21253840E-07
 4.94719723E-07
 4.68090817E-07
 4.41367278E-07
 4.14548599E-07
 3.87633319E-07
 3.60619429E-07
 3.33507422E-07
 3.06296745E-07
 2.78985336E-07
 2.51570128E-07
 2.24052977E-07
 1.96431790E-07
 1.68705334E-07
 1.40871013E-07
 1.12929594E-07
 8.48787815E-08
 5.67178571E-08
 2.84440547E-08
 5.80029709E-11
 2.84421918E-08
 5.70592172E-08
 8.57933058E-08
 1.16430146E-06
 1.14861852E-06
 1.13290544E-06
 1.11715770E-06
 1.10138023E-06
 1.08556849E-06
 1.06972285E-06
 1.05384390E-06
 1.03792984E-06
 1.02198129E-06
 1.00599638E-06
 9.89977254E-07
 9.73920196E-07
 9.57826986E-07
 9.41695415E-07
 9.25526976E-07
 9.09319413E-07
 8.93072664E-07
 8.76785352E-07
 8.60457597E-07
 8.44088414E-07
 8.27677233E-07
 8.11224594E-07
 7.94727436E-07
 7.78186308E-07
 7.61600509E-07
 7.44969175E-07
 7.28291370E-07
 7.11566035E-07
 6.94791491E-07
 6.77967628E-07
 6.61095012E-07
 6.44170086E-07
 6.27193560E-07
 6.10163449E-07
 5.93078681E-07
 5.75938040E-07
 5.58740408E-07
 5.41485375E-07
 5.24170868E-07
 5.06795574E-07
 4.89356544E-07
 4.71855703E-07
 4.54287464E-07
 4.36653689E-07
 4.18950403E-07
 4.01177656E-07
 3.83331349E-07
 3.65409788E-07
 3.47412883E-07
 3.29335444E-07
 3.11178127E-07
 2.92936471E-07
 2.74609244E-07
 2.56190769E-07
 2.37682474E-07
 2.19076686E-07
 2.00372635E-07
 1.81567149E-07
 1.62653817E-07
 1.43631826E-07
 1.24495178E-07
 1.05237447E-07
 8.58562976E-08
 6.63463522E-08
 1.99352042E-06
 2.28600580E-06
 2.45395782E-06
 2.57693591E-06
 1.32904978E-06
 1.34370710E-06
 1.36021139E-06
 1.37433951E-06
 1.38657926E-06
 1.39727365E-06
 1.40667500E-06
 1.41497231E-06
 1.42231605E-06
 1.42882355E-06
 1.43458941E-06
 1.43969328E-06
 1.44419993E-06
 1.44816604E-06
 1.45163679E-06
 1.45465364E-06
 1.45725099E-06
 1.45945895E-06
 1.46130600E-06
 1.46281398E-06
 1.46400409E-06
 1.46489509E-06
 1.46550369E-06
 1.46584513E-06
 1.46593037E-06
 1.46577485E-06
 1.46538632E-06
 1.46477612E-06
 1.46395450E-06
 1.46292604E-06
 1.46169929E-06
 1.46028240E-06
 1.45868036E-06
 1.45689769E-06
 1.45494025E-06
 1.45281287E-06
 1.45051747E-06
 1.44806007E-06
 1.44544251E-06
 1.44266738E-06
 1.43973841E-06
 1.43665630E-06
 1.43342282E-06
 1.43004113E-06
 1.42651079E-06
 1.42283367E-06
 1.41901049E-06
 1.41504065E-06
 1.41092514E-06
 1.40666371E-06
 1.40225607E-06
 1.39770180E-06
 1.39299842E-06
 1.38814609E-06
 1.38314342E-06
 1.37798724E-06
 1.37267758E-06
 1.36721026E-06
 1.36158276E-06
 1.35579264E-06
 1.34983613E-06
 1.34371008E-06
 1.33740841E-06
 1.33092870E-06
 1.33162009E-06
 1.33653577E-06
 1.34125542E-06
 1.34577268E-06
 1.35007972E-06
 1.35416893E-06
 1.35803215E-06
 1.36165847E-06
 1.36504049E-06
 1.36816390E-06
 1.37101732E-06
 1.37358909E-06
 1.37586280E-06
 1.37782217E-06
 1.37945198E-06
 1.38073046E-06
 1.38163801E-06
 1.38215269E-06
 1.38224577E-06
 1.38189239E-06
 1.38105961E-06
 1.37971284E-06
 1.37781543E-06
 1.37532324E-06
 1.37218900E-06
 1.36836098E-06
 1.36377638E-06
 1.35836974E-06
 1.35206518E-06
 1.34477511E-06
 1.33640015E-06
 1.29355148E-06
 1.17616493E-06
 1.05730115E-06
 9.36786183E-07
 2.05921815E-06
 1.86270107E-06
 1.65703808E-06
 1.44092165E-06
 1.33899360E-06
 1.35748251E-06
 1.35967126E-06
 1.34263142E-06
 4.66663058E-02
 1.28493683E-01
 3.12509642E-01
 0.00000000E+00
 0.00000000E+00
 0.00000000E+00
 0.00000000E+00
 0.00000000E+00
 0.00000000E+00
 0.00000000E+00
 0.00000000E+00
 0.00000000E+00
 0.00000000E+00
 0.00000000E+00
 0.00000000E+00
 0.00000000E+00
 0.00000000E+00
 0.00000000E+00
 0.00000000E+00
 1.30364469E-15
 1.30364469E-15
 1.44849410E-15
 1.30364469E-15
 1.39055434E-15
 5.79397641E-16
 6.20783187E-16
 6.51822346E-16
 7.72530188E-16
 8.69096461E-16
 7.90087692E-16
 4.34548231E-16
 4.01121444E-16
 3.72469912E-16
 3.47638585E-16
 4.34548231E-16
 2.04493285E-16
 1.93132547E-16
 0.00000000E+00
 0.00000000E+00
 0.00000000E+00
 1.58017538E-16
 1.51147211E-16
 2.89698820E-16
 2.78110868E-16
 4.01121444E-16
 1.28755031E-16
 2.48313275E-16
 4.79501496E-16
 3.47638585E-16
 4.48565916E-16
 4.34548231E-16
 2.10690051E-16
 2.04493285E-16
 1.98650620E-16
 1.93132547E-16
 1.87912748E-16
 0.00000000E+00
 0.00000000E+00
 0.00000000E+00
 0.00000000E+00
 0.00000000E+00
 1.61692365E-16
 1.58017538E-16
 3.09012075E-16
 1.51147211E-16
 1.47931313E-16
 1.44849410E-16
 2.83786600E-16
 2.78110868E-16
 1.36328857E-16
 4.01121444E-16
 2.62368743E-16
 1.28755031E-16
 1.26414031E-16
 1.24156637E-16
 0.00000000E+00
 1.19875374E-16
 1.17843588E-16
 1.15879528E-16
 0.00000000E+00
 1.12141479E-16
 2.20722911E-16
 2.17274115E-16
 0.00000000E+00
 2.10690051E-16
 2.07545424E-16
 2.04493285E-16
 2.01529614E-16
 1.98650620E-16
 1.95852724E-16
 0.00000000E+00
 1.90486896E-16
 1.87912748E-16
 1.85407245E-16
 0.00000000E+00
 0.00000000E+00
 0.00000000E+00
 0.00000000E+00
 0.00000000E+00
 0.00000000E+00
 0.00000000E+00
 0.00000000E+00
 0.00000000E+00
 0.00000000E+00
 1.61692365E-16
 1.59833832E-16
 1.58017538E-16
 0.00000000E+00
 1.54506038E-16
 1.52808169E-16
 1.51147211E-16
 1.49521972E-16
 0.00000000E+00
 1.46374141E-16
 0.00000000E+00
 0.00000000E+00
 0.00000000E+00
 0.00000000E+00
 1.39055434E-16
 0.00000000E+00
 0.00000000E+00
 0.00000000E+00
 1.33707148E-16
 1.32433747E-16
 2.62368743E-16
 0.00000000E+00
 1.28755031E-16
 2.55147585E-16
 1.26414031E-16
 1.25275166E-16
 1.24156637E-16
 1.23057906E-16
 0.00000000E+00
 1.20917769E-16
 1.19875374E-16
 1.18850798E-16
 1.17843588E-16
 1.16853306E-16
 1.15879528E-16
 1.14921846E-16
 0.00000000E+00
 1.13053198E-16
 1.12141479E-16
 1.11244347E-16
 2.20722911E-16
 0.00000000E+00
 0.00000000E+00
 2.15589820E-16
 0.00000000E+00
 2.12298372E-16
 2.10690051E-16
 0.00000000E+00
 2.07545424E-16
 0.00000000E+00
 2.04493285E-16
 0.00000000E+00
 2.01529614E-16
 0.00000000E+00
 0.00000000E+00
 1.97241750E-16
 0.00000000E+00
 0.00000000E+00
 0.00000000E+00
 1.91800598E-16
 1.90486896E-16
 1.89191066E-16
 0.00000000E+00
 3.73303178E-16
 0.00000000E+00
 0.00000000E+00
 1.82967676E-16
 0.00000000E+00
 1.80591473E-16
 1.79426366E-16
 1.78276197E-16
 1.77140680E-16
 1.76019536E-16
 0.00000000E+00
 0.00000000E+00
 1.72739669E-16
 5.15020125E-16
 3.41240328E-16
 1.69579797E-16
 1.84173778E-03
 4.83477504E-03
 4.59638890E-03
 1.58458615E-03
 3.30137291E-04
 1.55852071E-04
 1.76634293E-04
 3.28291009E-05
 1.34105134E-06
 1.30137082E-06
 6.07410683E-04
 9.88951341E-05
 1.18249386E-06
 1.14269524E-06
 1.10229052E-06
 2.37903766E-06
 2.26121035E-06
 2.13452844E-06
 2.00768526E-06
 1.88067918E-06
 1.75350870E-06
 1.62617548E-06
 1.49867471E-06
 1.38491896E-06
 4.45092402E-05
 1.35179622E-06
 1.33516112E-06
 1.31841846E-06
 1.30174719E-06
 1.28490169E-06
 1.26788189E-06
 1.25087401E-06
 1.23413366E-06
 1.21721676E-06
 1.20011876E-06
 1.18283951E-06
 1.16537996E-06
 1.14773716E-06
 1.12990913E-06
 1.09092414E-06
 1.02798111E-06
 9.64851852E-07
 9.01531678E-07
 8.38020088E-07
 7.74318449E-07
 7.10421353E-07
 6.46330485E-07
 5.82044682E-07
 1.79287183E-06
 1.75875558E-06
 1.72458633E-06
 1.69036618E-06
 1.65609225E-06
 1.62176508E-06
 1.58738406E-06
 1.57678989E-06
 1.57164238E-06
 1.56643979E-06
 1.56118411E-06
 1.55587034E-06
 1.55050112E-06
 1.54507553E-06
 1.53959213E-06
 1.53405254E-06
 1.52845481E-06
 1.52279874E-06
 1.51708366E-06
 1.51130885E-06
 1.50547487E-06
 1.49958149E-06
 1.49362773E-06
 1.48761162E-06
 1.48153418E-06
 1.47539589E-06
 1.46919504E-06
 1.46293059E-06
 1.45660203E-06
 1.45021126E-06
 1.44375539E-06
 1.43723451E-06
 1.43064691E-06
 1.42399560E-06
 1.41727622E-06
 1.41048909E-06
 1.40363515E-06
 1.39671172E-06
 1.38119098E-06
 1.35707251E-06
 1.33288286E-06
 1.30862225E-06
 1.28429158E-06
 1.25988877E-06
 1.23541253E-06
 1.21086371E-06
 1.18624245E-06
 1.16154626E-06
 1.13677340E-06
 1.11192729E-06
 1.08700432E-06
 1.06200342E-06
 1.03692541E-06
 1.01176920E-06
 9.86532626E-07
 9.61217943E-07
 9.35821743E-07
 9.10343697E-07
 8.84785603E-07
 8.59142692E-07
 8.33417389E-07
 8.07606365E-07
 7.81711369E-07
 7.55728634E-07
 7.29659435E-07
 7.03502932E-07
 6.77258273E-07
 6.50923699E-07
 6.24498209E-07
 5.97981602E-07
 5.71372398E-07
 5.44670691E-07
 5.17874055E-07
 4.90982079E-07
 4.63994246E-07
 4.36908610E-07
 4.09725642E-07
 3.82442811E-07
 3.55060065E-07
 3.27574334E-07
 2.99986513E-07
 2.72295473E-07
 2.44499592E-07
 2.16596668E-07
 1.88587039E-07
 1.60468951E-07
 1.32239663E-07
 1.03899860E-07
 7.54472842E-08
 4.68806248E-08
 1.81989517E-08
 1.06006118E-08
 1.23412674E-06
 1.21838328E-06
 1.20260826E-06
 1.18679961E-06
 1.17095947E-06
 1.15508612E-06
 1.13917957E-06
 1.12323925E-06
 1.10726456E-06
 1.09125489E-06
 1.07521115E-06
 1.05913029E-06
 1.04301409E-06
 1.02686191E-06
 1.01067128E-06
 9.94443298E-07
 9.78177048E-07
 9.61870484E-07
 9.45525778E-07
 9.29140854E-07
 9.12714031E-07
 8.96245915E-07
 8.79735234E-07
 8.63181658E-07
 8.46584558E-07
 8.29944664E-07
 8.13257046E-07
 7.96523986E-07
 7.79744584E-07
 7.62917180E-07
 7.46040650E-07
 7.29114897E-07
 7.12138179E-07
 6.95110069E-07
 6.78029735E-07
 6.60894320E-07
 6.43705140E-07
 6.26458593E-07
 6.09156782E-07
 5.91795214E-07
 5.74373432E-07
 5.56890940E-07
 5.39345607E-07
 5.21735203E-07
 5.04059969E-07
 4.86315915E-07
 4.68503194E-07
 4.50619370E-07
 4.32661977E-07
 4.14630148E-07
 3.96521319E-07
 3.78331087E-07
 3.60060955E-07
 3.41704685E-07
 3.23261911E-07
 3.04729587E-07
 2.86104740E-07
 2.67383180E-07
 2.48561555E-07
 2.29637314E-07
 2.10606115E-07
 1.91464217E-07
 1.72205759E-07
 1.52827949E-07
 1.33325346E-07
 1.13690221E-07
 1.99952952E-06
 2.32789696E-06
 2.50430977E-06
 2.63168264E-06
 1.38400266E-06
 1.39916813E-06
 1.41604101E-06
 1.43045296E-06
 1.44291957E-06
 1.45379658E-06
 1.46334695E-06
 1.47176704E-06
 1.47921163E-06
 1.48580260E-06
 1.49163835E-06
 1.49679736E-06
 1.50134972E-06
 1.50535123E-06
 1.50884814E-06
 1.51188591E-06
 1.51449539E-06
 1.51671265E-06
 1.51856057E-06
 1.52006628E-06
 1.52124757E-06
 1.52212779E-06
 1.52272081E-06
 1.52304317E-06
 1.52310695E-06
 1.52292556E-06
 1.52250938E-06
 1.52186903E-06
 1.52101347E-06
 1.51994907E-06
 1.51868615E-06
 1.51722797E-06
 1.51558349E-06
 1.51375728E-06
 1.51175465E-06
 1.50957884E-06
 1.50723375E-06
 1.50472513E-06
 1.50205452E-06
 1.49922642E-06
 1.49624083E-06
 1.49310055E-06
 1.48981007E-06
 1.48636740E-06
 1.48277554E-06
 1.47903557E-06
 1.47514824E-06
 1.47111291E-06
 1.46693055E-06
 1.46260109E-06
 1.45812326E-06
 1.45349714E-06
 1.44872258E-06
 1.44379668E-06
 1.43871858E-06
 1.43348758E-06
 1.42810080E-06
 1.42255359E-06
 1.41684742E-06
 1.41097563E-06
 1.40493708E-06
 1.39872587E-06
 1.39233999E-06
 1.38577291E-06
 1.38645724E-06
 1.39141192E-06
 1.39616872E-06
 1.40072219E-06
 1.40506373E-06
 1.40918602E-06
 1.41308003E-06
 1.41673654E-06
 1.42014547E-06
 1.42329415E-06
 1.42617262E-06
 1.42876445E-06
 1.43105625E-06
 1.43303441E-06
 1.43467670E-06
 1.43596651E-06
 1.43688322E-06
 1.43740222E-06
 1.43749957E-06
 1.43714394E-06
 1.43630695E-06
 1.43495181E-06
 1.43304109E-06
 1.43053109E-06
 1.42737503E-06
 1.42351868E-06
 1.41890118E-06
 1.41345479E-06
 1.40710347E-06
 1.39975862E-06
 1.39132243E-06
 1.34814752E-06
 1.22986559E-06
 1.11009528E-06
 9.88659124E-07
 2.11914359E-06
 1.92121446E-06
 1.71407522E-06
 1.49641101E-06
 1.39376783E-06
 1.41241765E-06
 1.41465407E-06
 1.39752809E-06
 4.43745179E-02
 1.22183502E-01
 3.04545621E-01
 0.00000000E+00
 0.00000000E+00
 0.00000000E+00
 0.00000000E+00
 0.00000000E+00
 0.00000000E+00
 0.00000000E+00
 0.00000000E+00
 0.00000000E+00
 0.00000000E+00
 0.00000000E+00
 0.00000000E+00
 0.00000000E+00
 0.00000000E+00
 0.00000000E+00
 0.00000000E+00
 1.30364469E-15
 1.30364469E-15
 1.30364469E-15
 1.30364469E-15
 1.39055434E-15
 7.24247051E-16
 8.69096461E-16
 8.69096461E-16
 9.65662735E-16
 8.69096461E-16
 6.32070154E-16
 2.89698820E-16
 5.34828592E-16
 1.24156637E-16
 4.63518113E-16
 4.34548231E-16
 0.00000000E+00
 0.00000000E+00
 1.82967676E-16
 0.00000000E+00
 0.00000000E+00
 3.16035077E-16
 3.02294421E-16
 5.79397641E-16
 2.78110868E-16
 2.67414296E-16
 3.86265094E-16
 1.24156637E-16
 4.79501496E-16
 2.31759056E-16
 4.48565916E-16
 2.17274115E-16
 0.00000000E+00
 0.00000000E+00
 1.98650620E-16
 0.00000000E+00
 1.87912748E-16
 1.82967676E-16
 1.78276197E-16
 0.00000000E+00
 1.69579797E-16
 0.00000000E+00
 3.23384730E-16
 3.16035077E-16
 1.54506038E-16
 3.02294421E-16
 1.47931313E-16
 2.89698820E-16
 1.41893300E-16
 2.78110868E-16
 0.00000000E+00
 2.67414296E-16
 1.31184372E-16
 1.28755031E-16
 1.26414031E-16
 2.48313275E-16
 0.00000000E+00
 1.19875374E-16
 0.00000000E+00
 1.15879528E-16
 1.13979864E-16
 1.12141479E-16
 0.00000000E+00
 2.17274115E-16
 0.00000000E+00
 0.00000000E+00
 2.07545424E-16
 0.00000000E+00
 0.00000000E+00
 1.98650620E-16
 1.95852724E-16
 1.93132547E-16
 1.90486896E-16
 1.87912748E-16
 5.56221735E-16
 1.82967676E-16
 0.00000000E+00
 1.78276197E-16
 0.00000000E+00
 0.00000000E+00
 1.71673375E-16
 1.69579797E-16
 1.67536667E-16
 0.00000000E+00
 1.63594628E-16
 1.61692365E-16
 0.00000000E+00
 3.16035077E-16
 0.00000000E+00
 1.54506038E-16
 1.52808169E-16
 1.51147211E-16
 0.00000000E+00
 1.47931313E-16
 0.00000000E+00
 0.00000000E+00
 1.43356117E-16
 2.83786600E-16
 2.80920068E-16
 1.39055434E-16
 2.75357295E-16
 0.00000000E+00
 1.35005276E-16
 1.33707148E-16
 1.32433747E-16
 1.31184372E-16
 1.29958349E-16
 0.00000000E+00
 2.55147585E-16
 0.00000000E+00
 1.25275166E-16
 1.24156637E-16
 2.46115812E-16
 0.00000000E+00
 1.20917769E-16
 1.19875374E-16
 2.37701596E-16
 0.00000000E+00
 0.00000000E+00
 1.15879528E-16
 2.29843692E-16
 1.13979864E-16
 1.13053198E-16
 1.12141479E-16
 0.00000000E+00
 2.20722911E-16
 0.00000000E+00
 0.00000000E+00
 0.00000000E+00
 2.13931437E-16
 0.00000000E+00
 0.00000000E+00
 0.00000000E+00
 0.00000000E+00
 2.06008050E-16
 4.08986570E-16
 0.00000000E+00
 2.01529614E-16
 0.00000000E+00
 0.00000000E+00
 1.97241750E-16
 1.95852724E-16
 1.94483124E-16
 1.93132547E-16
 1.91800598E-16
 1.90486896E-16
 1.89191066E-16
 1.87912748E-16
 0.00000000E+00
 0.00000000E+00
 1.84179383E-16
 1.82967676E-16
 1.81771809E-16
 3.61182945E-16
 0.00000000E+00
 1.78276197E-16
 0.00000000E+00
 3.52039073E-16
 0.00000000E+00
 1.73819292E-16
 0.00000000E+00
 0.00000000E+00
 1.70620164E-16
 1.69579797E-16
 1.74789127E-03
 4.58841708E-03
 4.84937762E-03
 1.68714578E-03
 3.71797637E-04
 1.34501587E-04
 1.67658548E-04
 3.12528858E-05
 1.38510712E-06
 1.34750530E-06
 6.21149597E-04
 1.01151532E-04
 1.23492601E-06
 1.19724107E-06
 1.15894845E-06
 2.43416494E-06
 2.31496314E-06
 2.18671050E-06
 2.05829350E-06
 1.92971370E-06
 1.80096956E-06
 1.67205950E-06
 1.54298192E-06
 1.42787622E-06
 4.55268377E-05
 1.39524857E-06
 1.37886353E-06
 1.36237232E-06
 1.34595489E-06
 1.32936326E-06
 1.31259561E-06
 1.29584264E-06
 1.27936685E-06
 1.26271313E-06
 1.24587813E-06
 1.22886166E-06
 1.21166020E-06
 1.19427539E-06
 1.17670668E-06
 1.13750402E-06
 1.07380474E-06
 1.00991925E-06
 9.45840941E-07
 8.81572251E-07
 8.17108969E-07
 7.52451394E-07
 6.87598070E-07
 6.22546826E-07
 1.83746391E-06
 1.80276288E-06
 1.76800959E-06
 1.73320366E-06
 1.69834313E-06
 1.66342896E-06
 1.62846207E-06
 1.61781946E-06
 1.61274777E-06
 1.60761995E-06
 1.60243709E-06
 1.59719725E-06
 1.59190281E-06
 1.58655009E-06
 1.58113991E-06
 1.57567185E-06
 1.57014674E-06
 1.56456237E-06
 1.55891828E-06
 1.55321403E-06
 1.54744990E-06
 1.54162718E-06
 1.53574089E-06
 1.52979577E-06
 1.52378710E-06
 1.51771561E-06
 1.51158233E-06
 1.50538469E-06
 1.49912398E-06
 1.49279792E-06
 1.48640808E-06
 1.47995155E-06
 1.47343020E-06
 1.46684081E-06
 1.46018608E-06
 1.45346258E-06
 1.44667082E-06
 1.43981056E-06
 1.42424673E-06
 1.39997879E-06
 1.37563962E-06
 1.35123047E-06
 1.32674926E-06
 1.30219469E-06
 1.27756764E-06
 1.25286748E-06
 1.22809287E-06
 1.20324353E-06
 1.17831847E-06
 1.15331627E-06
 1.12823923E-06
 1.10308261E-06
 1.07784902E-06
 1.05253666E-06
 1.02714336E-06
 1.00167125E-06
 9.76116759E-07
 9.50480900E-07
 9.24762511E-07
 8.98959759E-07
 8.73073999E-07
 8.47102534E-07
 8.21043926E-07
 7.94900527E-07
 7.68668536E-07
 7.42347551E-07
 7.15938350E-07
 6.89438575E-07
 6.62847791E-07
 6.36164637E-07
 6.09389786E-07
 5.82519230E-07
 5.55555072E-07
 5.28493848E-07
 5.01336577E-07
 4.74080773E-07
 4.46726884E-07
 4.19271904E-07
 3.91716247E-07
 3.64057828E-07
 3.36296554E-07
 3.08430755E-07
 2.80458801E-07
 2.52379517E-07
 2.24192631E-07
 1.95896005E-07
 1.67489290E-07
 1.38968741E-07
 1.10335506E-07
 8.15882831E-08
 5.27245960E-08
 1.29203629E-06
 1.27623033E-06
 1.26039139E-06
 1.24452254E-06
 1.22862115E-06
 1.21268571E-06
 1.19671871E-06
 1.18071654E-06
 1.16468164E-06
 1.14861191E-06
 1.13250673E-06
 1.11636517E-06
 1.10018997E-06
 1.08397678E-06
 1.06772746E-06
 1.05143944E-06
 1.03511358E-06
 1.01874889E-06
 1.00234561E-06
 9.85902052E-07
 9.69417751E-07
 9.52892346E-07
 9.36324623E-07
 9.19714256E-07
 9.03060610E-07
 8.86363551E-07
 8.69622236E-07
 8.52833463E-07
 8.35999370E-07
 8.19117606E-07
 8.02188633E-07
 7.85209215E-07
 7.68179913E-07
 7.51100592E-07
 7.33967615E-07
 7.16783255E-07
 6.99543997E-07
 6.82250267E-07
 6.64897649E-07
 6.47489860E-07
 6.30020762E-07
 6.12492375E-07
 5.94903347E-07
 5.77249053E-07
 5.59531401E-07
 5.41745626E-07
 5.23892745E-07
 5.05970369E-07
 4.87976940E-07
 4.69908267E-07
 4.51764310E-07
 4.33542489E-07
 4.15240871E-07
 3.96855968E-07
 3.78386589E-07
 3.59828883E-07
 3.41180670E-07
 3.22438962E-07
 3.03600463E-07
 2.84661865E-07
 2.65618671E-07
 2.46468432E-07
 2.27205434E-07
 2.07827573E-07
 1.88327434E-07
 1.68701367E-07
 1.48942408E-07
 1.97469693E-06
 2.35619480E-06
 2.54197742E-06
 2.67403360E-06
 1.42685571E-06
 1.44254836E-06
 1.45980512E-06
 1.47451165E-06
 1.48721234E-06
 1.49827621E-06
 1.50798156E-06
 1.51652818E-06
 1.52407776E-06
 1.53075449E-06
 1.53666132E-06
 1.54187957E-06
 1.54647892E-06
 1.55051651E-06
 1.55404344E-06
 1.55710082E-06
 1.55972665E-06
 1.56195095E-06
 1.56380245E-06
 1.56530533E-06
 1.56648133E-06
 1.56735019E-06
 1.56792920E-06
 1.56823327E-06
 1.56827580E-06
 1.56807012E-06
 1.56762715E-06
 1.56695680E-06
 1.56606645E-06
 1.56496816E-06
 1.56366708E-06
 1.56217075E-06
 1.56048494E-06
 1.55861391E-06
 1.55656592E-06
 1.55434274E-06
 1.55194890E-06
 1.54938982E-06
 1.54666724E-06
 1.54378365E-06
 1.54074302E-06
 1.53754679E-06
 1.53419746E-06
 1.53069516E-06
 1.52704213E-06
 1.52323946E-06
 1.51928726E-06
 1.51518633E-06
 1.51093691E-06
 1.50653926E-06
 1.50199228E-06
 1.49729687E-06
 1.49244863E-06
 1.48745029E-06
 1.48229841E-06
 1.47699061E-06
 1.47152626E-06
 1.46590113E-06
 1.46011465E-06
 1.45416100E-06
 1.44804020E-06
 1.44174591E-06
 1.43527449E-06
 1.42861966E-06
 1.42929609E-06
 1.43429084E-06
 1.43908562E-06
 1.44367451E-06
 1.44805089E-06
 1.45220641E-06
 1.45613143E-06
 1.45981685E-06
 1.46325364E-06
 1.46642714E-06
 1.46932861E-06
 1.47194158E-06
 1.47425204E-06
 1.47624527E-06
 1.47790260E-06
 1.47920302E-06
 1.48012830E-06
 1.48065221E-06
 1.48074959E-06
 1.48039369E-06
 1.47954998E-06
 1.47818604E-06
 1.47626207E-06
 1.47373418E-06
 1.47055515E-06
 1.46667006E-06
 1.46201974E-06
 1.45653215E-06
 1.45013379E-06
 1.44273524E-06
 1.43423493E-06
 1.39073380E-06
 1.27155542E-06
 1.15087770E-06
 1.02852225E-06
 2.16711775E-06
 1.96777152E-06
 1.75915464E-06
 1.53993998E-06
 1.43657444E-06
 1.45537694E-06
 1.45765366E-06
 1.44043388E-06
 4.20857401E-02
 1.15881588E-01
 2.96592028E-01
 0.00000000E+00
 0.00000000E+00
 0.00000000E+00
 0.00000000E+00
 0.00000000E+00
 0.00000000E+00
 0.00000000E+00
 0.00000000E+00
 0.00000000E+00
 0.00000000E+00
 0.00000000E+00
 0.00000000E+00
 0.00000000E+00
 0.00000000E+00
 0.00000000E+00
 0.00000000E+00
 1.30364469E-15
 1.30364469E-15
 1.59334351E-15
 1.30364469E-15
 1.39055434E-15
 7.24247051E-16
 8.69096461E-16
 8.69096461E-16
 7.72530188E-16
 1.04291575E-15
 6.32070154E-16
 4.34548231E-16
 4.01121444E-16
 3.72469912E-16
 4.63518113E-16
 2.17274115E-16
 2.04493285E-16
 0.00000000E+00
 1.82967676E-16
 0.00000000E+00
 0.00000000E+00
 1.58017538E-16
 1.51147211E-16
 2.89698820E-16
 2.78110868E-16
 2.67414296E-16
 3.86265094E-16
 2.48313275E-16
 4.79501496E-16
 2.31759056E-16
 2.24282958E-16
 2.17274115E-16
 2.10690051E-16
 2.04493285E-16
 0.00000000E+00
 0.00000000E+00
 1.87912748E-16
 1.82967676E-16
 1.78276197E-16
 0.00000000E+00
 0.00000000E+00
 0.00000000E+00
 1.61692365E-16
 1.58017538E-16
 1.54506038E-16
 1.51147211E-16
 1.47931313E-16
 2.89698820E-16
 0.00000000E+00
 2.78110868E-16
 0.00000000E+00
 2.67414296E-16
 2.62368743E-16
 0.00000000E+00
 1.26414031E-16
 1.24156637E-16
 0.00000000E+00
 1.19875374E-16
 0.00000000E+00
 1.15879528E-16
 1.13979864E-16
 0.00000000E+00
 0.00000000E+00
 0.00000000E+00
 0.00000000E+00
 2.10690051E-16
 2.07545424E-16
 2.04493285E-16
 2.01529614E-16
 0.00000000E+00
 1.95852724E-16
 0.00000000E+00
 1.90486896E-16
 0.00000000E+00
 3.70814490E-16
 1.82967676E-16
 0.00000000E+00
 1.78276197E-16
 0.00000000E+00
 0.00000000E+00
 0.00000000E+00
 0.00000000E+00
 0.00000000E+00
 0.00000000E+00
 0.00000000E+00
 1.61692365E-16
 0.00000000E+00
 1.58017538E-16
 1.56242060E-16
 1.54506038E-16
 0.00000000E+00
 1.51147211E-16
 1.49521972E-16
 1.47931313E-16
 0.00000000E+00
 0.00000000E+00
 0.00000000E+00
 1.41893300E-16
 1.40460034E-16
 1.39055434E-16
 0.00000000E+00
 0.00000000E+00
 0.00000000E+00
 2.67414296E-16
 0.00000000E+00
 2.62368743E-16
 1.29958349E-16
 0.00000000E+00
 0.00000000E+00
 1.26414031E-16
 1.25275166E-16
 1.24156637E-16
 1.23057906E-16
 0.00000000E+00
 1.20917769E-16
 1.19875374E-16
 0.00000000E+00
 0.00000000E+00
 2.33706611E-16
 1.15879528E-16
 1.14921846E-16
 1.13979864E-16
 1.13053198E-16
 0.00000000E+00
 2.22488694E-16
 0.00000000E+00
 0.00000000E+00
 0.00000000E+00
 2.15589820E-16
 0.00000000E+00
 0.00000000E+00
 2.10690051E-16
 0.00000000E+00
 4.15090847E-16
 0.00000000E+00
 2.04493285E-16
 0.00000000E+00
 0.00000000E+00
 2.00079761E-16
 1.98650620E-16
 1.97241750E-16
 1.95852724E-16
 3.88966248E-16
 0.00000000E+00
 1.91800598E-16
 1.90486896E-16
 1.89191066E-16
 1.87912748E-16
 0.00000000E+00
 1.85407245E-16
 0.00000000E+00
 0.00000000E+00
 1.81771809E-16
 1.80591473E-16
 0.00000000E+00
 0.00000000E+00
 0.00000000E+00
 0.00000000E+00
 1.74912495E-16
 0.00000000E+00
 0.00000000E+00
 1.71673375E-16
 0.00000000E+00
 0.00000000E+00
 1.65404476E-03
 4.34205911E-03
 5.10204568E-03
 1.78958273E-03
 4.13414963E-04
 1.14457837E-04
 1.58682680E-04
 2.96668662E-05
 1.41723562E-06
 1.38170536E-06
 6.34858662E-04
 1.03393096E-04
 1.27540042E-06
 1.23982523E-06
 1.20363731E-06
 2.47723634E-06
 2.35665975E-06
 2.22683474E-06
 2.09684705E-06
 1.96669502E-06
 1.83637556E-06
 1.70588868E-06
 1.57523439E-06
 1.45877973E-06
 4.65311058E-05
 1.42664219E-06
 1.41050471E-06
 1.39426406E-06
 1.37809794E-06
 1.36175890E-06
 1.34524256E-06
 1.32874329E-06
 1.31253119E-06
 1.29613805E-06
 1.27956186E-06
 1.26280411E-06
 1.24586272E-06
 1.22873485E-06
 1.21141966E-06
 1.17199746E-06
 1.10754516E-06
 1.04290036E-06
 9.78063964E-07
 9.13034200E-07
 8.47812059E-07
 7.82391243E-07
 7.16774257E-07
 6.50957723E-07
 1.86997174E-06
 1.83468566E-06
 1.79934711E-06
 1.76395531E-06
 1.72850985E-06
 1.69301012E-06
 1.65745551E-06
 1.64676276E-06
 1.64176681E-06
 1.63671322E-06
 1.63160394E-06
 1.62643855E-06
 1.62121640E-06
 1.61593529E-06
 1.61059782E-06
 1.60520179E-06
 1.59974677E-06
 1.59423180E-06
 1.58865919E-06
 1.58302598E-06
 1.57733243E-06
 1.57157658E-06
 1.56575945E-06
 1.55988276E-06
 1.55394084E-06
 1.54793809E-06
 1.54186981E-06
 1.53573969E-06
 1.52954425E-06
 1.52328418E-06
 1.51695837E-06
 1.51056689E-06
 1.50410949E-06
 1.49758475E-06
 1.49099182E-06
 1.48433102E-06
 1.47760210E-06
 1.47080269E-06
 1.45519510E-06
 1.43077760E-06
 1.40628870E-06
 1.38172896E-06
 1.35709629E-06
 1.33239088E-06
 1.30761132E-06
 1.28275889E-06
 1.25783110E-06
 1.23282804E-06
 1.20774834E-06
 1.18259353E-06
 1.15735925E-06
 1.13204850E-06
 1.10665834E-06
 1.08118775E-06
 1.05563780E-06
 1.03000737E-06
 1.00429464E-06
 9.78499536E-07
 9.52620219E-07
 9.26658052E-07
 9.00610781E-07
 8.74476115E-07
 8.48256840E-07
 8.21950645E-07
 7.95555207E-07
 7.69069682E-07
 7.42494831E-07
 7.15830215E-07
 6.89072416E-07
 6.62223619E-07
 6.35279923E-07
 6.08241303E-07
 5.81107444E-07
 5.53878278E-07
 5.26549854E-07
 4.99123158E-07
 4.71597152E-07
 4.43969285E-07
 4.16240474E-07
 3.88407637E-07
 3.60472114E-07
 3.32429818E-07
 3.04282518E-07
 2.76026563E-07
 2.47661191E-07
 2.19185691E-07
 1.90599781E-07
 1.61899599E-07
 1.33085866E-07
 1.04155750E-07
 7.51092333E-08
 1.32213426E-06
 1.30623407E-06
 1.29030200E-06
 1.27433805E-06
 1.25834262E-06
 1.24231329E-06
 1.22625043E-06
 1.21015344E-06
 1.19402326E-06
 1.17785838E-06
 1.16165696E-06
 1.14542020E-06
 1.12914778E-06
 1.11283812E-06
 1.09649056E-06
 1.08010597E-06
 1.06368274E-06
 1.04722045E-06
 1.03071810E-06
 1.01417585E-06
 9.97592731E-07
 9.80967543E-07
 9.64300809E-07
 9.47590153E-07
 9.30836346E-07
 9.14039420E-07
 8.97195875E-07
 8.80306758E-07
 8.63370112E-07
 8.46386585E-07
 8.29355421E-07
 8.12272258E-07
 7.95140192E-07
 7.77957331E-07
 7.60720250E-07
 7.43431103E-07
 7.26086303E-07
 7.08687168E-07
 6.91230079E-07
 6.73714642E-07
 6.56139616E-07
 6.38503709E-07
 6.20806423E-07
 6.03043922E-07
 5.85217279E-07
 5.67323399E-07
 5.49360769E-07
 5.31327838E-07
 5.13222172E-07
 4.95042932E-07
 4.76787572E-07
 4.58453487E-07
 4.40037004E-07
 4.21538940E-07
 4.02954474E-07
 3.84281733E-07
 3.65518466E-07
 3.46659820E-07
 3.27704186E-07
 3.08646628E-07
 2.89485173E-07
 2.70215637E-07
 2.50832243E-07
 2.31331340E-07
 2.11709375E-07
 1.91959776E-07
 1.72078671E-07
 1.87296415E-06
 2.37064507E-06
 2.56688121E-06
 2.70393801E-06
 1.45757833E-06
 1.47382391E-06
 1.49147664E-06
 1.50648934E-06
 1.51943027E-06
 1.53069036E-06
 1.54055333E-06
 1.54923178E-06
 1.55688881E-06
 1.56365493E-06
 1.56963416E-06
 1.57491260E-06
 1.57956116E-06
 1.58363904E-06
 1.58719518E-06
 1.59027557E-06
 1.59291656E-06
 1.59515021E-06
 1.59700606E-06
 1.59850770E-06
 1.59967927E-06
 1.60053782E-06
 1.60110301E-06
 1.60139042E-06
 1.60141202E-06
 1.60118240E-06
 1.60071301E-06
 1.60001227E-06
 1.59909108E-06
 1.59795778E-06
 1.59662002E-06
 1.59508496E-06
 1.59335696E-06
 1.59144372E-06
 1.58935050E-06
 1.58708038E-06
 1.58463904E-06
 1.58202827E-06
 1.57925422E-06
 1.57631800E-06
 1.57322121E-06
 1.56996748E-06
 1.56655936E-06
 1.56299858E-06
 1.55928412E-06
 1.55541849E-06
 1.55140262E-06
 1.54723734E-06
 1.54292159E-06
 1.53845545E-06
 1.53384043E-06
 1.52907199E-06
 1.52415277E-06
 1.51908175E-06
 1.51385505E-06
 1.50847191E-06
 1.50293026E-06
 1.49722730E-06
 1.49136008E-06
 1.48532577E-06
 1.47912236E-06
 1.47274309E-06
 1.46618660E-06
 1.45944633E-06
 1.46011377E-06
 1.46514810E-06
 1.46998076E-06
 1.47460610E-06
 1.47901663E-06
 1.48320489E-06
 1.48716033E-06
 1.49087499E-06
 1.49433752E-06
 1.49753692E-06
 1.50046116E-06
 1.50309428E-06
 1.50542335E-06
 1.50743275E-06
 1.50910188E-06
 1.51041500E-06
 1.51134645E-06
 1.51187530E-06
 1.51197562E-06
 1.51161561E-06
 1.51076808E-06
 1.50939407E-06
 1.50745538E-06
 1.50490893E-06
 1.50170726E-06
 1.49779262E-06
 1.49310639E-06
 1.48757892E-06
 1.48113253E-06
 1.47367778E-06
 1.46511343E-06
 1.42128629E-06
 1.30121137E-06
 1.17962566E-06
 1.05635154E-06
 9.31176282E-07
 2.00234999E-06
 1.79225029E-06
 1.57148093E-06
 1.46738743E-06
 1.48633671E-06
 1.48864336E-06
 1.47132117E-06
 3.97999669E-02
 1.09587925E-01
 2.88648844E-01
 0.00000000E+00
 0.00000000E+00
 0.00000000E+00
 0.00000000E+00
 0.00000000E+00
 0.00000000E+00
 0.00000000E+00
 0.00000000E+00
 0.00000000E+00
 0.00000000E+00
 0.00000000E+00
 0.00000000E+00
 0.00000000E+00
 0.00000000E+00
 0.00000000E+00
 0.00000000E+00
 1.30364469E-15
 1.30364469E-15
 1.44849410E-15
 1.30364469E-15
 1.39055434E-15
 7.24247051E-16
 7.44939824E-16
 6.51822346E-16
 9.65662735E-16
 8.69096461E-16
 4.74052615E-16
 2.89698820E-16
 5.34828592E-16
 2.48313275E-16
 3.47638585E-16
 4.34548231E-16
 0.00000000E+00
 1.93132547E-16
 1.82967676E-16
 1.73819292E-16
 1.65542183E-16
 3.16035077E-16
 1.51147211E-16
 2.89698820E-16
 2.78110868E-16
 1.33707148E-16
 2.57510063E-16
 2.48313275E-16
 3.59626122E-16
 1.15879528E-16
 4.48565916E-16
 2.17274115E-16
 2.10690051E-16
 0.00000000E+00
 1.98650620E-16
 1.93132547E-16
 1.87912748E-16
 1.82967676E-16
 1.78276197E-16
 1.73819292E-16
 0.00000000E+00
 1.65542183E-16
 1.61692365E-16
 3.16035077E-16
 1.54506038E-16
 1.51147211E-16
 1.47931313E-16
 2.89698820E-16
 1.41893300E-16
 2.78110868E-16
 1.36328857E-16
 1.33707148E-16
 2.62368743E-16
 1.28755031E-16
 2.52828062E-16
 0.00000000E+00
 1.21978451E-16
 0.00000000E+00
 1.17843588E-16
 1.15879528E-16
 1.13979864E-16
 1.12141479E-16
 0.00000000E+00
 0.00000000E+00
 0.00000000E+00
 0.00000000E+00
 2.07545424E-16
 0.00000000E+00
 2.01529614E-16
 1.98650620E-16
 0.00000000E+00
 1.93132547E-16
 3.80973791E-16
 1.87912748E-16
 1.85407245E-16
 1.82967676E-16
 1.80591473E-16
 1.78276197E-16
 1.76019536E-16
 1.73819292E-16
 0.00000000E+00
 0.00000000E+00
 0.00000000E+00
 1.65542183E-16
 1.63594628E-16
 1.61692365E-16
 0.00000000E+00
 1.58017538E-16
 1.56242060E-16
 1.54506038E-16
 0.00000000E+00
 1.51147211E-16
 1.49521972E-16
 1.47931313E-16
 0.00000000E+00
 1.44849410E-16
 0.00000000E+00
 1.41893300E-16
 2.80920068E-16
 0.00000000E+00
 1.37678647E-16
 0.00000000E+00
 0.00000000E+00
 0.00000000E+00
 0.00000000E+00
 1.31184372E-16
 2.59916699E-16
 0.00000000E+00
 2.55147585E-16
 1.26414031E-16
 0.00000000E+00
 0.00000000E+00
 1.23057906E-16
 0.00000000E+00
 2.41835537E-16
 0.00000000E+00
 2.37701596E-16
 1.17843588E-16
 1.16853306E-16
 1.15879528E-16
 2.29843692E-16
 1.13979864E-16
 1.13053198E-16
 1.12141479E-16
 0.00000000E+00
 0.00000000E+00
 0.00000000E+00
 2.17274115E-16
 2.15589820E-16
 0.00000000E+00
 2.12298372E-16
 0.00000000E+00
 0.00000000E+00
 2.07545424E-16
 2.06008050E-16
 2.04493285E-16
 0.00000000E+00
 2.01529614E-16
 0.00000000E+00
 0.00000000E+00
 0.00000000E+00
 1.95852724E-16
 0.00000000E+00
 0.00000000E+00
 0.00000000E+00
 1.90486896E-16
 3.78382133E-16
 0.00000000E+00
 0.00000000E+00
 0.00000000E+00
 3.68358765E-16
 3.65935352E-16
 3.63543618E-16
 1.80591473E-16
 0.00000000E+00
 1.78276197E-16
 1.77140680E-16
 0.00000000E+00
 0.00000000E+00
 1.73819292E-16
 1.72739669E-16
 3.43346750E-16
 1.70620164E-16
 1.69579797E-16
 1.56019825E-03
 4.09570115E-03
 5.35551607E-03
 1.89189729E-03
 4.54989400E-04
 9.44287658E-05
 1.49706636E-04
 2.80710136E-05
 1.43741422E-06
 1.40394681E-06
 6.48537883E-04
 1.05619808E-04
 1.30389664E-06
 1.27042233E-06
 1.23633357E-06
 2.50822552E-06
 2.38627555E-06
 2.25487983E-06
 2.12331984E-06
 1.99159250E-06
 1.85970093E-06
 1.72764045E-06
 1.59540930E-06
 1.47760403E-06
 4.75220216E-05
 1.44595492E-06
 1.43006410E-06
 1.41406848E-06
 1.39815437E-06
 1.38206422E-06
 1.36579654E-06
 1.34954852E-06
 1.33359618E-06
 1.31746262E-06
 1.30114592E-06
 1.28464572E-06
 1.26795902E-06
 1.25108687E-06
 1.23402582E-06
 1.19438358E-06
 1.12917404E-06
 1.06377011E-06
 9.98175937E-07
 9.32385232E-07
 8.66400370E-07
 8.00217797E-07
 7.33835863E-07
 6.67254109E-07
 1.89036922E-06
 1.85450004E-06
 1.81857625E-06
 1.78259860E-06
 1.74656689E-06
 1.71048162E-06
 1.67434083E-06
 1.66359855E-06
 1.65867529E-06
 1.65369483E-06
 1.64865849E-06
 1.64356493E-06
 1.63841569E-06
 1.63320705E-06
 1.62794139E-06
 1.62261522E-06
 1.61723063E-06
 1.61178691E-06
 1.60628261E-06
 1.60071799E-06
 1.59509409E-06
 1.58940717E-06
 1.58365825E-06
 1.57784781E-06
 1.57197440E-06
 1.56603671E-06
 1.56003572E-06
 1.55396945E-06
 1.54783979E-06
 1.54164472E-06
 1.53538343E-06
 1.52905568E-06
 1.52266034E-06
 1.51619805E-06
 1.50966825E-06
 1.50306858E-06
 1.49640146E-06
 1.48966334E-06
 1.47400992E-06
 1.44944390E-06
 1.42480447E-06
 1.40009221E-06
 1.37530842E-06
 1.35045056E-06
 1.32551992E-06
 1.30051439E-06
 1.27543295E-06
 1.25027570E-06
 1.22504160E-06
 1.19973110E-06
 1.17434129E-06
 1.14887296E-06
 1.12332612E-06
 1.09769897E-06
 1.07199038E-06
 1.04620032E-06
 1.02032884E-06
 9.94373957E-07
 9.68334251E-07
 9.42210665E-07
 9.16001340E-07
 8.89705676E-07
 8.63322649E-07
 8.36851626E-07
 8.10292187E-07
 7.83642592E-07
 7.56903009E-07
 7.30071486E-07
 7.03147138E-07
 6.76129616E-07
 6.49018526E-07
 6.21810324E-07
 5.94507635E-07
 5.67107434E-07
 5.39607763E-07
 5.12010557E-07
 4.84310308E-07
 4.56510915E-07
 4.28607823E-07
 4.00601397E-07
 3.72489518E-07
 3.44271515E-07
 3.15946706E-07
 2.87512424E-07
 2.58968343E-07
 2.30314781E-07
 2.01547374E-07
 1.72667399E-07
 1.43670956E-07
 1.14558175E-07
 1.35606957E-06
 1.34010734E-06
 1.32411386E-06
 1.30808806E-06
 1.29203051E-06
 1.27594047E-06
 1.25981665E-06
 1.24365823E-06
 1.22746583E-06
 1.21123977E-06
 1.19497944E-06
 1.17868178E-06
 1.16234920E-06
 1.14597956E-06
 1.12957218E-06
 1.11312792E-06
 1.09664521E-06
 1.08012362E-06
 1.06356371E-06
 1.04696255E-06
 1.03032162E-06
 1.01363927E-06
 9.96914265E-07
 9.80148740E-07
 9.63337829E-07
 9.46484083E-07
 9.29584841E-07
 9.12640154E-07
 8.95649976E-07
 8.78610787E-07
 8.61524980E-07
 8.44390001E-07
 8.27204873E-07
 8.09969298E-07
 7.92681425E-07
 7.75341125E-07
 7.57947215E-07
 7.40496980E-07
 7.22991713E-07
 7.05428582E-07
 6.87806341E-07
 6.70124635E-07
 6.52381245E-07
 6.34575737E-07
 6.16705072E-07
 5.98768655E-07
 5.80765865E-07
 5.62693510E-07
 5.44549203E-07
 5.26333002E-07
 5.08041515E-07
 4.89673053E-07
 4.71225858E-07
 4.52697091E-07
 4.34083988E-07
 4.15385481E-07
 3.96597646E-07
 3.77716626E-07
 3.58740910E-07
 3.39667369E-07
 3.20492461E-07
 3.01211062E-07
 2.81821258E-07
 2.62317555E-07
 2.42694965E-07
 2.22950417E-07
 2.03077088E-07
 1.83071065E-07
 1.62924374E-07
 2.37092575E-06
 2.57893798E-06
 2.72134558E-06
 1.47614275E-06
 1.49296555E-06
 1.51103051E-06
 1.52635958E-06
 1.53955039E-06
 1.55101124E-06
 1.56103758E-06
 1.56984999E-06
 1.57761849E-06
 1.58447732E-06
 1.59053203E-06
 1.59587292E-06
 1.60057261E-06
 1.60469043E-06
 1.60828057E-06
 1.61138483E-06
 1.61404276E-06
 1.61628654E-06
 1.61814725E-06
 1.61965070E-06
 1.62081623E-06
 1.62166682E-06
 1.62221967E-06
 1.62248919E-06
 1.62249102E-06
 1.62223782E-06
 1.62174323E-06
 1.62101331E-06
 1.62006104E-06
 1.61889404E-06
 1.61751935E-06
 1.61594601E-06
 1.61417795E-06
 1.61222155E-06
 1.61008362E-06
 1.60776639E-06
 1.60527696E-06
 1.60261682E-06
 1.59978981E-06
 1.59679999E-06
 1.59364918E-06
 1.59033956E-06
 1.58687343E-06
 1.58325140E-06
 1.57947782E-06
 1.57554912E-06
 1.57147014E-06
 1.56723945E-06
 1.56285680E-06
 1.55832465E-06
 1.55363916E-06
 1.54880189E-06
 1.54381094E-06
 1.53866541E-06
 1.53336508E-06
 1.52790651E-06
 1.52228745E-06
 1.51650576E-06
 1.51055951E-06
 1.50444542E-06
 1.49815820E-06
 1.49169612E-06
 1.48505349E-06
 1.47822573E-06
 1.47888645E-06
 1.48395906E-06
 1.48882886E-06
 1.49349077E-06
 1.49793513E-06
 1.50215510E-06
 1.50614209E-06
 1.50988534E-06
 1.51337547E-06
 1.51659910E-06
 1.51954531E-06
 1.52219913E-06
 1.52454618E-06
 1.52657147E-06
 1.52825418E-06
 1.52957607E-06
 1.53051516E-06
 1.53104832E-06
 1.53114865E-06
 1.53078678E-06
 1.52993229E-06
 1.52854727E-06
 1.52659602E-06
 1.52402966E-06
 1.52080272E-06
 1.51686017E-06
 1.51213724E-06
 1.50656927E-06
 1.50007286E-06
 1.49256243E-06
 1.48393304E-06
 1.43977818E-06
 1.31880781E-06
 1.19631542E-06
 1.07211965E-06
 9.46010828E-07
 2.02492376E-06
 1.81333890E-06
 1.59101032E-06
 1.48618504E-06
 1.50526960E-06
 1.50760146E-06
 1.49016564E-06
 3.75171922E-02
 1.03302497E-01
 2.80716048E-01
 0.00000000E+00
 0.00000000E+00
 0.00000000E+00
 0.00000000E+00
 0.00000000E+00
 0.00000000E+00
 0.00000000E+00
 0.00000000E+00
 0.00000000E+00
 0.00000000E+00
 0.00000000E+00
 0.00000000E+00
 0.00000000E+00
 0.00000000E+00
 0.00000000E+00
 0.00000000E+00
 1.52091881E-15
 1.52091881E-15
 1.44849410E-15
 1.52091881E-15
 1.39055434E-15
 7.24247051E-16
 7.44939824E-16
 6.51822346E-16
 7.72530188E-16
 8.69096461E-16
 6.32070154E-16
 4.34548231E-16
 4.01121444E-16
 2.48313275E-16
 5.79397641E-16
 2.17274115E-16
 2.04493285E-16
 3.86265094E-16
 0.00000000E+00
 0.00000000E+00
 1.65542183E-16
 3.16035077E-16
 1.51147211E-16
 1.44849410E-16
 4.17166302E-16
 2.67414296E-16
 1.28755031E-16
 1.24156637E-16
 2.39750748E-16
 3.47638585E-16
 4.48565916E-16
 2.17274115E-16
 4.21380103E-16
 2.04493285E-16
 1.98650620E-16
 3.86265094E-16
 1.87912748E-16
 0.00000000E+00
 0.00000000E+00
 0.00000000E+00
 0.00000000E+00
 1.65542183E-16
 3.23384730E-16
 3.16035077E-16
 0.00000000E+00
 1.51147211E-16
 2.95862625E-16
 1.44849410E-16
 0.00000000E+00
 2.78110868E-16
 2.72657713E-16
 1.33707148E-16
 1.31184372E-16
 1.28755031E-16
 2.52828062E-16
 1.24156637E-16
 1.21978451E-16
 0.00000000E+00
 1.17843588E-16
 0.00000000E+00
 1.13979864E-16
 1.12141479E-16
 0.00000000E+00
 0.00000000E+00
 0.00000000E+00
 2.10690051E-16
 4.15090847E-16
 0.00000000E+00
 2.01529614E-16
 1.98650620E-16
 1.95852724E-16
 1.93132547E-16
 0.00000000E+00
 1.87912748E-16
 1.85407245E-16
 0.00000000E+00
 0.00000000E+00
 0.00000000E+00
 0.00000000E+00
 0.00000000E+00
 0.00000000E+00
 0.00000000E+00
 0.00000000E+00
 1.65542183E-16
 0.00000000E+00
 0.00000000E+00
 1.59833832E-16
 1.58017538E-16
 1.56242060E-16
 0.00000000E+00
 0.00000000E+00
 1.51147211E-16
 1.49521972E-16
 2.95862625E-16
 1.46374141E-16
 0.00000000E+00
 0.00000000E+00
 1.41893300E-16
 1.40460034E-16
 0.00000000E+00
 0.00000000E+00
 0.00000000E+00
 1.35005276E-16
 0.00000000E+00
 0.00000000E+00
 1.31184372E-16
 1.29958349E-16
 1.28755031E-16
 1.27573793E-16
 2.52828062E-16
 1.25275166E-16
 1.24156637E-16
 2.46115812E-16
 1.21978451E-16
 0.00000000E+00
 0.00000000E+00
 1.18850798E-16
 1.17843588E-16
 1.16853306E-16
 0.00000000E+00
 0.00000000E+00
 1.13979864E-16
 0.00000000E+00
 1.12141479E-16
 0.00000000E+00
 0.00000000E+00
 2.18984935E-16
 0.00000000E+00
 0.00000000E+00
 2.13931437E-16
 0.00000000E+00
 2.10690051E-16
 2.09105916E-16
 0.00000000E+00
 2.06008050E-16
 0.00000000E+00
 2.03000633E-16
 2.01529614E-16
 0.00000000E+00
 1.98650620E-16
 3.94483500E-16
 1.95852724E-16
 0.00000000E+00
 0.00000000E+00
 0.00000000E+00
 1.90486896E-16
 0.00000000E+00
 1.87912748E-16
 1.86651589E-16
 0.00000000E+00
 1.84179383E-16
 0.00000000E+00
 1.81771809E-16
 1.80591473E-16
 1.79426366E-16
 0.00000000E+00
 0.00000000E+00
 1.76019536E-16
 1.74912495E-16
 1.73819292E-16
 0.00000000E+00
 3.43346750E-16
 1.70620164E-16
 1.69579797E-16
 1.46635174E-03
 3.84934319E-03
 5.60696192E-03
 1.99408974E-03
 4.96521073E-04
 7.44143052E-05
 1.40730377E-04
 2.64653002E-05
 1.44561939E-06
 1.41420630E-06
 6.62187276E-04
 1.07831649E-04
 1.32038996E-06
 1.28900948E-06
 1.25701122E-06
 2.52710680E-06
 2.40378339E-06
 2.27081872E-06
 2.13768510E-06
 2.00438742E-06
 1.87092067E-06
 1.73728667E-06
 1.60348044E-06
 1.48432585E-06
 4.84995615E-05
 1.45316063E-06
 1.43751281E-06
 1.42176143E-06
 1.40609692E-06
 1.39025486E-06
 1.37423350E-06
 1.35823599E-06
 1.34254252E-06
 1.32666457E-06
 1.31060486E-06
 1.29436022E-06
 1.27792698E-06
 1.26130686E-06
 1.24449756E-06
 1.20463332E-06
 1.13866685E-06
 1.07250438E-06
 1.00614974E-06
 9.39598343E-07
 8.72850989E-07
 8.05904116E-07
 7.38757611E-07
 6.71410629E-07
 1.89863161E-06
 1.86217794E-06
 1.82566885E-06
 1.78910722E-06
 1.75249049E-06
 1.71581846E-06
 1.67909050E-06
 1.66829831E-06
 1.66344806E-06
 1.65854149E-06
 1.65357707E-06
 1.64855523E-06
 1.64347683E-06
 1.63833964E-06
 1.63314370E-06
 1.62788785E-06
 1.62257339E-06
 1.61719910E-06
 1.61176452E-06
 1.60626792E-06
 1.60071133E-06
 1.59509154E-06
 1.58940998E-06
 1.58366671E-06
 1.57785917E-06
 1.57198716E-06
 1.56605139E-06
 1.56005078E-06
 1.55398451E-06
 1.54785415E-06
 1.54165528E-06
 1.53539067E-06
 1.52905884E-06
 1.52265838E-06
 1.51618961E-06
 1.50965047E-06
 1.50304420E-06
 1.49636462E-06
 1.48066784E-06
 1.45594997E-06
 1.43115933E-06
 1.40629725E-06
 1.38136118E-06
 1.35635128E-06
 1.33126624E-06
 1.30610758E-06
 1.28087174E-06
 1.25555917E-06
 1.23016992E-06
 1.20470370E-06
 1.17915797E-06
 1.15353384E-06
 1.12782844E-06
 1.10204284E-06
 1.07617629E-06
 1.05022766E-06
 1.02419511E-06
 9.98078963E-07
 9.71878685E-07
 9.45593241E-07
 9.19221001E-07
 8.92763269E-07
 8.66216664E-07
 8.39580357E-07
 8.12856623E-07
 7.86042498E-07
 7.59135183E-07
 7.32137327E-07
 7.05045485E-07
 6.77860793E-07
 6.50579783E-07
 6.23203519E-07
 5.95730017E-07
 5.68158803E-07
 5.40487366E-07
 5.12716153E-07
 4.84844113E-07
 4.56870179E-07
 4.28792251E-07
 4.00610695E-07
 3.72322382E-07
 3.43928108E-07
 3.15425233E-07
 2.86813477E-07
 2.58089649E-07
 2.29255403E-07
 2.00307945E-07
 1.71245530E-07
 1.42066713E-07
 1.12771624E-07
 1.36198838E-06
 1.34593375E-06
 1.32984593E-06
 1.31372496E-06
 1.29757311E-06
 1.28138759E-06
 1.26516912E-06
 1.24891524E-06
 1.23262784E-06
 1.21630630E-06
 1.19994877E-06
 1.18355526E-06
 1.16712636E-06
 1.15065896E-06
 1.13415577E-06
 1.11761274E-06
 1.10103321E-06
 1.08441397E-06
 1.06775525E-06
 1.05105541E-06
 1.03431523E-06
 1.01753331E-06
 1.00070863E-06
 9.83842144E-07
 9.66931300E-07
 9.49976128E-07
 9.32975761E-07
 9.15930032E-07
 8.98837347E-07
 8.81697476E-07
 8.64508778E-07
 8.47269402E-07
 8.29981541E-07
 8.12641888E-07
 7.95249326E-07
 7.77804328E-07
 7.60305040E-07
 7.42749566E-07
 7.25138280E-07
 7.07469287E-07
 6.89740428E-07
 6.71950518E-07
 6.54099859E-07
 6.36185449E-07
 6.18206761E-07
 6.00160706E-07
 5.82048297E-07
 5.63863844E-07
 5.45609972E-07
 5.27282497E-07
 5.08878909E-07
 4.90397492E-07
 4.71836373E-07
 4.53194552E-07
 4.34466678E-07
 4.15652356E-07
 3.96748652E-07
 3.77751712E-07
 3.58659098E-07
 3.39466711E-07
 3.20172873E-07
 3.00771487E-07
 2.81260624E-07
 2.61636501E-07
 2.41891633E-07
 2.22023651E-07
 2.02026520E-07
 1.81894703E-07
 1.61622808E-07
 2.35663029E-06
 2.57804962E-06
 2.72620825E-06
 1.48252086E-06
 1.49994494E-06
 1.51843960E-06
 1.53409646E-06
 1.54754389E-06
 1.55921279E-06
 1.56940802E-06
 1.57835961E-06
 1.58624301E-06
 1.59319647E-06
 1.59933058E-06
 1.60473596E-06
 1.60948926E-06
 1.61364951E-06
 1.61727102E-06
 1.62040216E-06
 1.62307807E-06
 1.62533457E-06
 1.62720322E-06
 1.62870588E-06
 1.62986824E-06
 1.63071011E-06
 1.63125050E-06
 1.63150475E-06
 1.63148806E-06
 1.63121339E-06
 1.63069132E-06
 1.62993427E-06
 1.62895091E-06
 1.62775078E-06
 1.62633955E-06
 1.62472821E-06
 1.62292001E-06
 1.62092274E-06
 1.61874003E-06
 1.61637720E-06
 1.61383893E-06
 1.61112931E-06
 1.60825216E-06
 1.60520791E-06
 1.60200265E-06
 1.59863695E-06
 1.59511277E-06
 1.59143304E-06
 1.58759766E-06
 1.58360751E-06
 1.57946482E-06
 1.57516873E-06
 1.57072123E-06
 1.56611987E-06
 1.56136622E-06
 1.55645892E-06
 1.55139687E-06
 1.54617864E-06
 1.54080371E-06
 1.53526943E-06
 1.52957299E-06
 1.52371368E-06
 1.51768812E-06
 1.51149256E-06
 1.50512335E-06
 1.49857697E-06
 1.49184902E-06
 1.48493467E-06
 1.48558733E-06
 1.49069981E-06
 1.49560690E-06
 1.50030402E-06
 1.50478249E-06
 1.50903514E-06
 1.51305097E-06
 1.51682328E-06
 1.52033906E-06
 1.52358818E-06
 1.52655553E-06
 1.52922956E-06
 1.53159507E-06
 1.53363457E-06
 1.53533050E-06
 1.53666285E-06
 1.53760806E-06
 1.53814551E-06
 1.53824538E-06
 1.53788112E-06
 1.53702033E-06
 1.53562578E-06
 1.53365693E-06
 1.53107144E-06
 1.52782084E-06
 1.52384591E-06
 1.51908933E-06
 1.51347723E-06
 1.50693274E-06
 1.49936369E-06
 1.49066877E-06
 1.44618551E-06
 1.32431899E-06
 1.20091859E-06
 1.07580399E-06
 9.48760147E-07
 2.03546943E-06
 1.82239539E-06
 1.59850309E-06
 1.49293910E-06
 1.51215521E-06
 1.51450008E-06
 1.49694323E-06
 3.52374105E-02
 9.70252894E-02
 2.72793621E-01
 0.00000000E+00
 0.00000000E+00
 0.00000000E+00
 0.00000000E+00
 0.00000000E+00
 0.00000000E+00
 0.00000000E+00
 0.00000000E+00
 0.00000000E+00
 0.00000000E+00
 0.00000000E+00
 0.00000000E+00
 0.00000000E+00
 0.00000000E+00
 0.00000000E+00
 0.00000000E+00
 1.30364469E-15
 1.30364469E-15
 1.44849410E-15
 1.30364469E-15
 1.56437363E-15
 5.79397641E-16
 7.44939824E-16
 6.51822346E-16
 9.65662735E-16
 1.04291575E-15
 7.90087692E-16
 4.34548231E-16
 5.34828592E-16
 2.48313275E-16
 4.63518113E-16
 4.34548231E-16
 2.04493285E-16
 1.93132547E-16
 1.82967676E-16
 0.00000000E+00
 1.65542183E-16
 1.58017538E-16
 1.51147211E-16
 2.89698820E-16
 2.78110868E-16
 2.67414296E-16
 1.28755031E-16
 2.48313275E-16
 2.39750748E-16
 4.63518113E-16
 3.36424437E-16
 0.00000000E+00
 2.10690051E-16
 2.04493285E-16
 1.98650620E-16
 1.93132547E-16
 1.87912748E-16
 1.82967676E-16
 0.00000000E+00
 0.00000000E+00
 0.00000000E+00
 1.65542183E-16
 1.61692365E-16
 1.58017538E-16
 3.09012075E-16
 1.51147211E-16
 2.95862625E-16
 1.44849410E-16
 2.83786600E-16
 2.78110868E-16
 2.72657713E-16
 2.67414296E-16
 1.31184372E-16
 2.57510063E-16
 2.52828062E-16
 1.24156637E-16
 1.21978451E-16
 1.19875374E-16
 0.00000000E+00
 1.15879528E-16
 0.00000000E+00
 0.00000000E+00
 0.00000000E+00
 0.00000000E+00
 0.00000000E+00
 2.10690051E-16
 2.07545424E-16
 2.04493285E-16
 0.00000000E+00
 1.98650620E-16
 3.91705447E-16
 1.93132547E-16
 1.90486896E-16
 1.87912748E-16
 1.85407245E-16
 1.82967676E-16
 0.00000000E+00
 0.00000000E+00
 0.00000000E+00
 0.00000000E+00
 0.00000000E+00
 0.00000000E+00
 0.00000000E+00
 1.65542183E-16
 0.00000000E+00
 1.61692365E-16
 0.00000000E+00
 1.58017538E-16
 1.56242060E-16
 1.54506038E-16
 1.52808169E-16
 1.51147211E-16
 1.49521972E-16
 1.47931313E-16
 1.46374141E-16
 0.00000000E+00
 0.00000000E+00
 0.00000000E+00
 1.40460034E-16
 1.39055434E-16
 1.37678647E-16
 0.00000000E+00
 0.00000000E+00
 0.00000000E+00
 0.00000000E+00
 1.31184372E-16
 1.29958349E-16
 1.28755031E-16
 0.00000000E+00
 1.26414031E-16
 1.25275166E-16
 1.24156637E-16
 1.23057906E-16
 1.21978451E-16
 2.41835537E-16
 1.19875374E-16
 0.00000000E+00
 0.00000000E+00
 0.00000000E+00
 1.15879528E-16
 0.00000000E+00
 0.00000000E+00
 1.13053198E-16
 0.00000000E+00
 0.00000000E+00
 0.00000000E+00
 2.18984935E-16
 2.17274115E-16
 0.00000000E+00
 0.00000000E+00
 2.12298372E-16
 2.10690051E-16
 0.00000000E+00
 2.07545424E-16
 4.12016100E-16
 2.04493285E-16
 0.00000000E+00
 0.00000000E+00
 0.00000000E+00
 0.00000000E+00
 0.00000000E+00
 1.95852724E-16
 0.00000000E+00
 0.00000000E+00
 1.91800598E-16
 3.80973791E-16
 1.89191066E-16
 0.00000000E+00
 0.00000000E+00
 0.00000000E+00
 1.84179383E-16
 1.82967676E-16
 1.81771809E-16
 0.00000000E+00
 0.00000000E+00
 1.78276197E-16
 1.77140680E-16
 0.00000000E+00
 0.00000000E+00
 1.73819292E-16
 1.72739669E-16
 1.71673375E-16
 0.00000000E+00
 5.08739392E-16
 1.37250523E-03
 3.60298522E-03
 5.80675288E-03
 2.09616036E-03
 5.38010113E-04
 5.44143798E-05
 1.31753850E-04
 2.48497008E-05
 1.44182333E-06
 1.41246122E-06
 6.75806850E-04
 1.10028601E-04
 1.32485661E-06
 1.29556305E-06
 1.26564669E-06
 2.53385692E-06
 2.40916010E-06
 2.27462520E-06
 2.13992298E-06
 2.00505191E-06
 1.87001353E-06
 1.73480308E-06
 1.59942202E-06
 1.47891805E-06
 4.94637020E-05
 1.44823245E-06
 1.43282837E-06
 1.41731907E-06
 1.40190206E-06
 1.38630576E-06
 1.37052705E-06
 1.35477795E-06
 1.33934098E-06
 1.32372103E-06
 1.30791458E-06
 1.29192125E-06
 1.27574103E-06
 1.25937179E-06
 1.24281191E-06
 1.20272429E-06
 1.13599831E-06
 1.06907768E-06
 1.00196171E-06
 9.34649965E-07
 8.67137511E-07
 7.99426826E-07
 7.31514497E-07
 1.93171950E-06
 1.89473524E-06
 1.85769595E-06
 1.82060218E-06
 1.78345505E-06
 1.74625241E-06
 1.70899690E-06
 1.67168196E-06
 1.66083894E-06
 1.65606146E-06
 1.65122549E-06
 1.64633362E-06
 1.64138412E-06
 1.63637561E-06
 1.63130836E-06
 1.62618273E-06
 1.62099672E-06
 1.61575141E-06
 1.61044432E-06
 1.60507800E-06
 1.59964994E-06
 1.59415894E-06
 1.58860772E-06
 1.58299208E-06
 1.57731344E-06
 1.57157158E-06
 1.56576448E-06
 1.55989435E-06
 1.55395742E-06
 1.54795554E-06
 1.54188728E-06
 1.53575034E-06
 1.52954892E-06
 1.52327774E-06
 1.51693829E-06
 1.51052970E-06
 1.50405173E-06
 1.49750432E-06
 1.49088571E-06
 1.47514155E-06
 1.45027273E-06
 1.42533174E-06
 1.40031650E-06
 1.37522832E-06
 1.35006577E-06
 1.32482639E-06
 1.29951325E-06
 1.27412310E-06
 1.24865603E-06
 1.22311024E-06
 1.19748689E-06
 1.17178455E-06
 1.14600214E-06
 1.12013966E-06
 1.09419490E-06
 1.06816859E-06
 1.04206066E-06
 1.01586780E-06
 9.89590716E-07
 9.63229279E-07
 9.36780804E-07
 9.10246367E-07
 8.83624306E-07
 8.56913767E-07
 8.30113904E-07
 8.03223420E-07
 7.76241878E-07
 7.49169124E-07
 7.22003057E-07
 6.94743342E-07
 6.67389602E-07
 6.39938360E-07
 6.12392078E-07
 5.84747419E-07
 5.57003763E-07
 5.29161626E-07
 5.01216985E-07
 4.73171735E-07
 4.45022326E-07
 4.16769617E-07
 3.88411983E-07
 3.59946771E-07
 3.31374783E-07
 3.02693310E-07
 2.73901647E-07
 2.44999448E-07
 2.15983579E-07
 1.86854069E-07
 1.57609132E-07
 1.28247426E-07
 1.37185153E-06
 1.35573325E-06
 1.33958432E-06
 1.32340232E-06
 1.30718919E-06
 1.29094132E-06
 1.27466121E-06
 1.25834734E-06
 1.24199853E-06
 1.22561479E-06
 1.20919796E-06
 1.19274344E-06
 1.17625367E-06
 1.15972708E-06
 1.14316395E-06
 1.12656207E-06
 1.10992230E-06
 1.09324456E-06
 1.07652661E-06
 1.05976863E-06
 1.04296963E-06
 1.02612911E-06
 1.00924847E-06
 9.92324528E-07
 9.75356649E-07
 9.58345379E-07
 9.41289190E-07
 9.24187904E-07
 9.07039087E-07
 8.89845832E-07
 8.72601621E-07
 8.55310248E-07
 8.37968432E-07
 8.20577478E-07
 8.03133189E-07
 7.85636090E-07
 7.68086717E-07
 7.50480756E-07
 7.32820275E-07
 7.15102489E-07
 6.97326220E-07
 6.79490197E-07
 6.61594014E-07
 6.43633834E-07
 6.25610795E-07
 6.07523506E-07
 5.89368070E-07
 5.71144623E-07
 5.52849971E-07
 5.34485043E-07
 5.16044039E-07
 4.97528582E-07
 4.78935190E-07
 4.60260466E-07
 4.41502362E-07
 4.22660684E-07
 4.03731695E-07
 3.84711492E-07
 3.65597022E-07
 3.46385906E-07
 3.27076631E-07
 3.07663156E-07
 2.88142849E-07
 2.68510199E-07
 2.48763207E-07
 2.28897066E-07
 2.08905727E-07
 1.88783211E-07
 1.68526657E-07
 1.48127781E-07
 2.32721430E-06
 2.56411454E-06
 2.71846922E-06
 1.47668416E-06
 1.49473615E-06
 1.51367803E-06
 1.52967347E-06
 1.54338778E-06
 1.55526982E-06
 1.56563960E-06
 1.57473419E-06
 1.58273638E-06
 1.58978729E-06
 1.59600368E-06
 1.60147651E-06
 1.60628361E-06
 1.61048811E-06
 1.61414605E-06
 1.61730274E-06
 1.62000037E-06
 1.62227018E-06
 1.62414393E-06
 1.62565019E-06
 1.62680972E-06
 1.62764555E-06
 1.62817381E-06
 1.62841387E-06
 1.62837803E-06
 1.62808115E-06
 1.62753520E-06
 1.62674970E-06
 1.62573740E-06
 1.62450391E-06
 1.62305881E-06
 1.62140812E-06
 1.61956058E-06
 1.61752101E-06
 1.61529371E-06
 1.61288572E-06
 1.61030062E-06
 1.60754198E-06
 1.60461283E-06
 1.60151680E-06
 1.59825724E-06
 1.59483532E-06
 1.59125478E-06
 1.58751529E-06
 1.58361979E-06
 1.57956830E-06
 1.57536242E-06
 1.57100119E-06
 1.56648717E-06
 1.56181906E-06
 1.55699682E-06
 1.55201936E-06
 1.54688652E-06
 1.54159536E-06
 1.53614581E-06
 1.53053599E-06
 1.52476384E-06
 1.51882616E-06
 1.51271969E-06
 1.50644392E-06
 1.49999270E-06
 1.49336180E-06
 1.48654967E-06
 1.47954808E-06
 1.48019325E-06
 1.48534407E-06
 1.49028871E-06
 1.49502098E-06
 1.49953279E-06
 1.50381703E-06
 1.50786474E-06
 1.51166469E-06
 1.51520645E-06
 1.51847856E-06
 1.52146958E-06
 1.52416261E-06
 1.52654509E-06
 1.52860075E-06
 1.53030767E-06
 1.53164861E-06
 1.53260131E-06
 1.53314132E-06
 1.53324226E-06
 1.53287494E-06
 1.53200652E-06
 1.53059985E-06
 1.52861576E-06
 1.52601077E-06
 1.52273293E-06
 1.51872967E-06
 1.51393506E-06
 1.50827962E-06
 1.50168454E-06
 1.49405700E-06
 1.48529621E-06
 1.44048352E-06
 1.31772150E-06
 1.19341513E-06
 1.06737774E-06
 9.39399297E-07
 2.03396187E-06
 1.81939525E-06
 1.59393664E-06
 1.48762718E-06
 1.50696517E-06
 1.50931674E-06
 1.49162908E-06
 3.29606159E-02
 9.07562849E-02
 2.64881543E-01
 0.00000000E+00
 0.00000000E+00
 0.00000000E+00
 0.00000000E+00
 0.00000000E+00
 0.00000000E+00
 0.00000000E+00
 0.00000000E+00
 0.00000000E+00
 0.00000000E+00
 0.00000000E+00
 0.00000000E+00
 0.00000000E+00
 0.00000000E+00
 0.00000000E+00
 0.00000000E+00
 1.52091881E-15
 1.52091881E-15
 1.59334351E-15
 1.52091881E-15
 1.39055434E-15
 7.24247051E-16
 7.44939824E-16
 8.69096461E-16
 9.65662735E-16
 1.04291575E-15
 6.32070154E-16
 2.89698820E-16
 2.67414296E-16
 2.48313275E-16
 3.47638585E-16
 2.17274115E-16
 0.00000000E+00
 1.93132547E-16
 0.00000000E+00
 0.00000000E+00
 1.65542183E-16
 3.16035077E-16
 1.51147211E-16
 4.34548231E-16
 4.17166302E-16
 5.34828592E-16
 1.28755031E-16
 2.48313275E-16
 4.79501496E-16
 2.31759056E-16
 4.48565916E-16
 2.17274115E-16
 0.00000000E+00
 0.00000000E+00
 0.00000000E+00
 1.93132547E-16
 0.00000000E+00
 0.00000000E+00
 1.78276197E-16
 0.00000000E+00
 1.69579797E-16
 1.65542183E-16
 3.23384730E-16
 3.16035077E-16
 1.54506038E-16
 1.51147211E-16
 1.47931313E-16
 2.89698820E-16
 0.00000000E+00
 2.78110868E-16
 1.36328857E-16
 2.67414296E-16
 1.31184372E-16
 1.28755031E-16
 1.26414031E-16
 1.24156637E-16
 1.21978451E-16
 0.00000000E+00
 2.35687176E-16
 2.31759056E-16
 0.00000000E+00
 1.12141479E-16
 2.20722911E-16
 0.00000000E+00
 0.00000000E+00
 0.00000000E+00
 2.07545424E-16
 0.00000000E+00
 2.01529614E-16
 0.00000000E+00
 3.91705447E-16
 0.00000000E+00
 1.90486896E-16
 0.00000000E+00
 1.85407245E-16
 0.00000000E+00
 0.00000000E+00
 1.78276197E-16
 1.76019536E-16
 0.00000000E+00
 1.71673375E-16
 1.69579797E-16
 1.67536667E-16
 1.65542183E-16
 0.00000000E+00
 1.61692365E-16
 0.00000000E+00
 3.16035077E-16
 0.00000000E+00
 1.54506038E-16
 0.00000000E+00
 1.51147211E-16
 0.00000000E+00
 1.47931313E-16
 0.00000000E+00
 0.00000000E+00
 1.43356117E-16
 1.41893300E-16
 1.40460034E-16
 0.00000000E+00
 0.00000000E+00
 0.00000000E+00
 1.35005276E-16
 1.33707148E-16
 0.00000000E+00
 1.31184372E-16
 1.29958349E-16
 0.00000000E+00
 2.55147585E-16
 0.00000000E+00
 1.25275166E-16
 1.24156637E-16
 1.23057906E-16
 1.21978451E-16
 1.20917769E-16
 0.00000000E+00
 2.37701596E-16
 2.35687176E-16
 0.00000000E+00
 2.31759056E-16
 1.14921846E-16
 0.00000000E+00
 0.00000000E+00
 1.12141479E-16
 2.22488694E-16
 0.00000000E+00
 0.00000000E+00
 0.00000000E+00
 2.15589820E-16
 0.00000000E+00
 0.00000000E+00
 2.10690051E-16
 2.09105916E-16
 0.00000000E+00
 2.06008050E-16
 0.00000000E+00
 2.03000633E-16
 2.01529614E-16
 2.00079761E-16
 3.97301240E-16
 1.97241750E-16
 1.95852724E-16
 0.00000000E+00
 1.93132547E-16
 0.00000000E+00
 1.90486896E-16
 1.89191066E-16
 1.87912748E-16
 1.86651589E-16
 0.00000000E+00
 1.84179383E-16
 0.00000000E+00
 0.00000000E+00
 0.00000000E+00
 0.00000000E+00
 1.78276197E-16
 1.77140680E-16
 1.76019536E-16
 1.74912495E-16
 1.73819292E-16
 3.45479339E-16
 0.00000000E+00
 1.70620164E-16
 0.00000000E+00
 1.27865872E-03
 3.35662726E-03
 5.40970995E-03
 2.19936561E-03
 5.79456641E-04
 3.44289152E-05
 1.22777012E-04
 2.32241842E-05
 1.42600583E-06
 1.39868636E-06
 6.89396613E-04
 1.12210645E-04
 1.31727175E-06
 1.29005675E-06
 1.26221876E-06
 2.52845182E-06
 2.40238168E-06
 2.26627692E-06
 2.13000490E-06
 1.99356242E-06
 1.85695113E-06
 1.72016622E-06
 1.58321060E-06
 1.46135731E-06
 5.04144243E-05
 1.43114877E-06
 1.41598486E-06
 1.40071556E-06
 1.38554387E-06
 1.37019124E-06
 1.35465614E-06
 1.33915297E-06
 1.32397060E-06
 1.30860332E-06
 1.29304943E-06
 1.27730707E-06
 1.26137599E-06
 1.24525557E-06
 1.22894278E-06
 1.18863143E-06
 1.12114675E-06
 1.05346549E-06
 9.85588485E-07
 9.17512503E-07
 8.49236935E-07
 7.80761471E-07
 7.12082337E-07
 1.91622096E-06
 1.87865202E-06
 1.84102860E-06
 1.80335200E-06
 1.76561989E-06
 1.72783297E-06
 1.68998988E-06
 1.65208980E-06
 1.64119596E-06
 1.63648894E-06
 1.63172582E-06
 1.62690353E-06
 1.62202402E-06
 1.61708553E-06
 1.61208866E-06
 1.60703144E-06
 1.60191340E-06
 1.59673663E-06
 1.59149762E-06
 1.58619866E-06
 1.58083751E-06
 1.57541394E-06
 1.56992694E-06
 1.56437724E-06
 1.55876462E-06
 1.55308774E-06
 1.54734516E-06
 1.54153729E-06
 1.53566333E-06
 1.52972515E-06
 1.52371860E-06
 1.51764525E-06
 1.51150336E-06
 1.50529296E-06
 1.49901497E-06
 1.49266615E-06
 1.48624679E-06
 1.47975779E-06
 1.47319824E-06
 1.45740788E-06
 1.43238759E-06
 1.40729313E-06
 1.38212615E-06
 1.35688489E-06
 1.33156766E-06
 1.30617488E-06
 1.28070708E-06
 1.25516169E-06
 1.22953880E-06
 1.20383737E-06
 1.17805668E-06
 1.15219715E-06
 1.12625656E-06
 1.10023422E-06
 1.07413155E-06
 1.04794485E-06
 1.02167485E-06
 9.95321840E-07
 9.68882766E-07
 9.42359107E-07
 9.15748831E-07
 8.89048983E-07
 8.62263387E-07
 8.35388648E-07
 8.08422014E-07
 7.81366593E-07
 7.54217506E-07
 7.26976953E-07
 6.99643417E-07
 6.72215069E-07
 6.44690501E-07
 6.17070670E-07
 5.89353659E-07
 5.61536984E-07
 5.33621095E-07
 5.05604952E-07
 4.77487547E-07
 4.49267260E-07
 4.20943512E-07
 3.92513672E-07
 3.63979086E-07
 3.35336098E-07
 3.06585507E-07
 2.77725562E-07
 2.48754063E-07
 2.19670711E-07
 1.90473694E-07
 1.61161710E-07
 1.31733835E-07
 1.36967186E-06
 1.35349091E-06
 1.33727997E-06
 1.32103549E-06
 1.30475997E-06
 1.28845191E-06
 1.27210961E-06
 1.25573367E-06
 1.23932443E-06
 1.22288095E-06
 1.20640148E-06
 1.18988751E-06
 1.17333689E-06
 1.15675052E-06
 1.14012685E-06
 1.12346550E-06
 1.10676612E-06
 1.09002833E-06
 1.07325206E-06
 1.05643531E-06
 1.03957901E-06
 1.02268075E-06
 1.00574105E-06
 9.88759788E-07
 9.71735529E-07
 9.54668113E-07
 9.37556046E-07
 9.20398480E-07
 9.03194321E-07
 8.85944457E-07
 8.68647095E-07
 8.51301303E-07
 8.33906990E-07
 8.16461443E-07
 7.98966117E-07
 7.81416782E-07
 7.63815563E-07
 7.46159789E-07
 7.28449918E-07
 7.10682388E-07
 6.92857676E-07
 6.74974510E-07
 6.57030876E-07
 6.39026299E-07
 6.20959422E-07
 6.02827257E-07
 5.84629253E-07
 5.66364752E-07
 5.48030614E-07
 5.29625275E-07
 5.11147987E-07
 4.92596266E-07
 4.73966705E-07
 4.55259208E-07
 4.36471088E-07
 4.17599622E-07
 3.98641887E-07
 3.79595871E-07
 3.60459494E-07
 3.41226955E-07
 3.21899387E-07
 3.02470015E-07
 2.82936307E-07
 2.63295473E-07
 2.43543181E-07
 2.23674441E-07
 2.03683670E-07
 1.83569294E-07
 1.63321582E-07
 1.42939615E-07
 1.22412279E-07
 2.28192576E-06
 2.53701533E-06
 2.69807322E-06
 1.45860277E-06
 1.47731312E-06
 1.49671765E-06
 1.51306547E-06
 1.52705549E-06
 1.53915782E-06
 1.54970707E-06
 1.55894936E-06
 1.56707359E-06
 1.57422608E-06
 1.58052652E-06
 1.58606906E-06
 1.59093192E-06
 1.59518341E-06
 1.59887816E-06
 1.60206409E-06
 1.60478229E-06
 1.60706668E-06
 1.60894967E-06
 1.61045929E-06
 1.61161645E-06
 1.61244632E-06
 1.61296466E-06
 1.61319065E-06
 1.61313718E-06
 1.61281970E-06
 1.61224867E-06
 1.61143704E-06
 1.61039390E-06
 1.60912760E-06
 1.60764725E-06
 1.60596150E-06
 1.60407418E-06
 1.60199334E-06
 1.59972390E-06
 1.59727032E-06
 1.59463712E-06
 1.59182900E-06
 1.58885018E-06
 1.58570166E-06
 1.58238781E-06
 1.57890998E-06
 1.57527167E-06
 1.57147448E-06
 1.56751770E-06
 1.56340531E-06
 1.55913655E-06
 1.55471216E-06
 1.55013221E-06
 1.54539716E-06
 1.54050546E-06
 1.53545888E-06
 1.53025465E-06
 1.52489066E-06
 1.51936756E-06
 1.51368261E-06
 1.50783385E-06
 1.50181741E-06
 1.49563152E-06
 1.48927461E-06
 1.48274097E-06
 1.47602719E-06
 1.46912863E-06
 1.46204149E-06
 1.46267947E-06
 1.46786685E-06
 1.47284832E-06
 1.47761620E-06
 1.48216244E-06
 1.48647782E-06
 1.49055598E-06
 1.49438253E-06
 1.49795208E-06
 1.50124754E-06
 1.50426024E-06
 1.50697271E-06
 1.50937229E-06
 1.51144107E-06
 1.51316118E-06
 1.51451241E-06
 1.51547068E-06
 1.51601301E-06
 1.51611412E-06
 1.51574320E-06
 1.51486600E-06
 1.51344743E-06
 1.51144831E-06
 1.50882146E-06
 1.50551849E-06
 1.50148186E-06
 1.49664958E-06
 1.49095078E-06
 1.48430458E-06
 1.47661817E-06
 1.46779034E-06
 1.42264741E-06
 1.29899066E-06
 1.17377517E-06
 1.04681908E-06
 9.17903656E-07
 2.02037709E-06
 1.80431343E-06
 1.57728287E-06
 1.47022380E-06
 1.48967673E-06
 1.49202684E-06
 1.47419726E-06
 3.06868029E-02
 8.44954684E-02
 2.56979793E-01
 0.00000000E+00
 0.00000000E+00
 0.00000000E+00
 0.00000000E+00
 0.00000000E+00
 0.00000000E+00
 0.00000000E+00
 0.00000000E+00
 0.00000000E+00
 0.00000000E+00
 0.00000000E+00
 0.00000000E+00
 0.00000000E+00
 0.00000000E+00
 0.00000000E+00
 0.00000000E+00
 1.30364469E-15
 1.30364469E-15
 1.59334351E-15
 1.30364469E-15
 1.56437363E-15
 7.24247051E-16
 8.69096461E-16
 8.69096461E-16
 9.65662735E-16
 1.04291575E-15
 4.74052615E-16
 2.89698820E-16
 4.01121444E-16
 3.72469912E-16
 3.47638585E-16
 2.17274115E-16
 0.00000000E+00
 0.00000000E+00
 0.00000000E+00
 1.73819292E-16
 0.00000000E+00
 3.16035077E-16
 3.02294421E-16
 2.89698820E-16
 4.17166302E-16
 4.01121444E-16
 2.57510063E-16
 2.48313275E-16
 4.79501496E-16
 1.15879528E-16
 3.36424437E-16
 2.17274115E-16
 0.00000000E+00
 0.00000000E+00
 1.98650620E-16
 0.00000000E+00
 0.00000000E+00
 0.00000000E+00
 1.78276197E-16
 1.73819292E-16
 0.00000000E+00
 0.00000000E+00
 3.23384730E-16
 3.16035077E-16
 3.09012075E-16
 3.02294421E-16
 1.47931313E-16
 2.89698820E-16
 1.41893300E-16
 2.78110868E-16
 0.00000000E+00
 2.67414296E-16
 1.31184372E-16
 1.28755031E-16
 1.26414031E-16
 0.00000000E+00
 2.43956901E-16
 2.39750748E-16
 0.00000000E+00
 2.31759056E-16
 1.13979864E-16
 1.12141479E-16
 0.00000000E+00
 0.00000000E+00
 0.00000000E+00
 0.00000000E+00
 2.07545424E-16
 0.00000000E+00
 4.03059229E-16
 0.00000000E+00
 1.95852724E-16
 0.00000000E+00
 3.80973791E-16
 0.00000000E+00
 1.85407245E-16
 0.00000000E+00
 1.80591473E-16
 1.78276197E-16
 1.76019536E-16
 1.73819292E-16
 0.00000000E+00
 0.00000000E+00
 1.67536667E-16
 0.00000000E+00
 1.63594628E-16
 3.23384730E-16
 0.00000000E+00
 3.16035077E-16
 0.00000000E+00
 1.54506038E-16
 1.52808169E-16
 3.02294421E-16
 1.49521972E-16
 1.47931313E-16
 0.00000000E+00
 1.44849410E-16
 1.43356117E-16
 0.00000000E+00
 1.40460034E-16
 1.39055434E-16
 0.00000000E+00
 2.72657713E-16
 0.00000000E+00
 1.33707148E-16
 1.32433747E-16
 1.31184372E-16
 2.59916699E-16
 0.00000000E+00
 1.27573793E-16
 2.52828062E-16
 1.25275166E-16
 0.00000000E+00
 2.46115812E-16
 2.43956901E-16
 1.20917769E-16
 2.39750748E-16
 1.18850798E-16
 0.00000000E+00
 2.33706611E-16
 2.31759056E-16
 1.14921846E-16
 1.13979864E-16
 0.00000000E+00
 1.12141479E-16
 2.22488694E-16
 4.41445822E-16
 0.00000000E+00
 0.00000000E+00
 4.31179640E-16
 2.13931437E-16
 2.12298372E-16
 2.10690051E-16
 2.09105916E-16
 2.07545424E-16
 0.00000000E+00
 2.04493285E-16
 2.03000633E-16
 2.01529614E-16
 0.00000000E+00
 0.00000000E+00
 0.00000000E+00
 1.95852724E-16
 0.00000000E+00
 0.00000000E+00
 1.91800598E-16
 1.90486896E-16
 0.00000000E+00
 1.87912748E-16
 1.86651589E-16
 1.85407245E-16
 5.52538148E-16
 1.82967676E-16
 3.63543618E-16
 1.80591473E-16
 1.79426366E-16
 0.00000000E+00
 0.00000000E+00
 3.52039073E-16
 0.00000000E+00
 1.73819292E-16
 1.72739669E-16
 1.71673375E-16
 1.70620164E-16
 3.39159595E-16
 1.18481220E-03
 3.11026929E-03
 5.01266702E-03
 2.30104217E-03
 6.20860786E-04
 1.44578451E-05
 1.13799814E-04
 2.15887235E-05
 1.39814072E-06
 1.37285746E-06
 7.02956579E-04
 1.14377763E-04
 1.29761148E-06
 1.27246996E-06
 1.24669876E-06
 2.51086489E-06
 2.38342175E-06
 2.24574916E-06
 2.10790617E-06
 1.96989275E-06
 1.83170897E-06
 1.69335316E-06
 1.55482351E-06
 1.43162095E-06
 5.13517050E-05
 1.40188405E-06
 1.38695825E-06
 1.37192850E-06
 1.35699853E-06
 1.34188769E-06
 1.32659409E-06
 1.31133347E-06
 1.29640488E-06
 1.28128835E-06
 1.26598337E-06
 1.25049124E-06
 1.23480863E-06
 1.21893367E-06
 1.20286743E-06
 1.16233056E-06
 1.09408480E-06
 1.02564347E-06
 9.57003358E-07
 8.88163689E-07
 8.19124147E-07
 7.49881485E-07
 6.80434854E-07
 1.88851156E-06
 1.85035953E-06
 1.81215297E-06
 1.77389203E-06
 1.73557401E-06
 1.69720208E-06
 1.65877335E-06
 1.62028831E-06
 1.60934202E-06
 1.60470650E-06
 1.60001314E-06
 1.59526103E-06
 1.59045147E-06
 1.58558202E-06
 1.58065374E-06
 1.57566466E-06
 1.57061534E-06
 1.56550682E-06
 1.56033410E-06
 1.55510197E-06
 1.54980717E-06
 1.54444897E-06
 1.53902712E-06
 1.53354334E-06
 1.52799439E-06
 1.52237949E-06
 1.51670055E-06
 1.51095705E-06
 1.50514575E-06
 1.49926825E-06
 1.49332398E-06
 1.48731122E-06
 1.48123031E-06
 1.47508037E-06
 1.46886114E-06
 1.46257144E-06
 1.45621184E-06
 1.44978060E-06
 1.44327762E-06
 1.42743937E-06
 1.40226755E-06
 1.37702067E-06
 1.35170038E-06
 1.32630526E-06
 1.30083510E-06
 1.27528776E-06
 1.24966406E-06
 1.22396149E-06
 1.19818343E-06
 1.17232366E-06
 1.14638625E-06
 1.12036830E-06
 1.09426833E-06
 1.06808817E-06
 1.04182412E-06
 1.01547798E-06
 9.89047907E-07
 9.62532322E-07
 9.35930437E-07
 9.09243577E-07
 8.82469849E-07
 8.55606959E-07
 8.28655119E-07
 8.01614107E-07
 7.74483038E-07
 7.47259976E-07
 7.19944189E-07
 6.92535200E-07
 6.65033543E-07
 6.37434881E-07
 6.09740292E-07
 5.81949700E-07
 5.54060265E-07
 5.26071339E-07
 4.97982980E-07
 4.69793122E-07
 4.41501213E-07
 4.13105145E-07
 3.84604809E-07
 3.56000055E-07
 3.27287253E-07
 2.98466692E-07
 2.69536690E-07
 2.40496488E-07
 2.11344835E-07
 1.82078960E-07
 1.52701015E-07
 1.23205164E-07
 9.35930481E-08
 1.33918132E-06
 1.32290795E-06
 1.30660264E-06
 1.29026392E-06
 1.27389315E-06
 1.25749033E-06
 1.24105301E-06
 1.22458253E-06
 1.20807770E-06
 1.19153722E-06
 1.17496239E-06
 1.15835137E-06
 1.14170441E-06
 1.12502061E-06
 1.10829958E-06
 1.09154100E-06
 1.07474417E-06
 1.05790813E-06
 1.04103242E-06
 1.02411697E-06
 1.00716105E-06
 9.90164563E-07
 9.73125419E-07
 9.56043265E-07
 9.38919095E-07
 9.21748952E-07
 9.04535802E-07
 8.87277232E-07
 8.69971651E-07
 8.52619585E-07
 8.35219378E-07
 8.17770127E-07
 8.00271704E-07
 7.82722984E-07
 7.65122950E-07
 7.47469108E-07
 7.29763432E-07
 7.12002525E-07
 6.94185217E-07
 6.76312738E-07
 6.58380685E-07
 6.40389503E-07
 6.22339507E-07
 6.04225356E-07
 5.86048971E-07
 5.67808129E-07
 5.49499841E-07
 5.31125075E-07
 5.12679851E-07
 4.94164263E-07
 4.75574183E-07
 4.56909671E-07
 4.38167292E-07
 4.19346886E-07
 4.00443320E-07
 3.81457101E-07
 3.62382944E-07
 3.43222075E-07
 3.23967226E-07
 3.04618789E-07
 2.85171661E-07
 2.65623419E-07
 2.45969790E-07
 2.26208124E-07
 2.06333748E-07
 1.86341961E-07
 1.66227794E-07
 1.45988841E-07
 1.25616367E-07
 1.05107457E-07
 8.44546987E-08
 2.21965510E-06
 2.49661735E-06
 2.66495929E-06
 1.42824705E-06
 1.44764515E-06
 1.46753325E-06
 1.48424516E-06
 1.49852020E-06
 1.51084926E-06
 1.52158425E-06
 1.53097859E-06
 1.53922860E-06
 1.54648609E-06
 1.55287371E-06
 1.55848792E-06
 1.56341034E-06
 1.56770952E-06
 1.57144363E-06
 1.57465848E-06
 1.57739986E-06
 1.57970104E-06
 1.58159344E-06
 1.58310622E-06
 1.58426423E-06
 1.58508774E-06
 1.58559708E-06
 1.58580928E-06
 1.58573842E-06
 1.58540068E-06
 1.58480768E-06
 1.58396916E-06
 1.58289580E-06
 1.58159890E-06
 1.58008556E-06
 1.57836218E-06
 1.57643545E-06
 1.57431288E-06
 1.57200135E-06
 1.56950334E-06
 1.56682279E-06
 1.56396724E-06
 1.56093673E-06
 1.55773701E-06
 1.55436927E-06
 1.55083662E-06
 1.54714246E-06
 1.54328601E-06
 1.53927059E-06
 1.53509597E-06
 1.53076526E-06
 1.52627566E-06
 1.52163008E-06
 1.51682825E-06
 1.51186886E-06
 1.50675148E-06
 1.50147639E-06
 1.49604051E-06
 1.49044268E-06
 1.48468225E-06
 1.47875766E-06
 1.47266278E-06
 1.46639849E-06
 1.45996134E-06
 1.45334479E-06
 1.44654697E-06
 1.43956445E-06
 1.43238877E-06
 1.43301889E-06
 1.43824581E-06
 1.44326474E-06
 1.44806743E-06
 1.45264609E-06
 1.45699405E-06
 1.46110079E-06
 1.46495595E-06
 1.46854974E-06
 1.47187018E-06
 1.47490351E-06
 1.47763609E-06
 1.48005177E-06
 1.48213460E-06
 1.48386604E-06
 1.48522558E-06
 1.48619009E-06
 1.48673525E-06
 1.48683544E-06
 1.48645968E-06
 1.48557404E-06
 1.48414432E-06
 1.48212650E-06
 1.47947928E-06
 1.47614964E-06
 1.47208147E-06
 1.46721089E-06
 1.46146729E-06
 1.45476866E-06
 1.44702299E-06
 1.43812509E-06
 1.39265239E-06
 1.26809963E-06
 1.14197624E-06
 1.01409944E-06
 8.84248042E-07
 1.99468919E-06
 1.77712605E-06
 1.54852015E-06
 1.44070516E-06
 1.46026471E-06
 1.46260400E-06
 1.44462608E-06
 2.84159656E-02
 7.82428239E-02
 2.49088351E-01
 0.00000000E+00
 0.00000000E+00
 0.00000000E+00
 0.00000000E+00
 0.00000000E+00
 0.00000000E+00
 0.00000000E+00
 0.00000000E+00
 0.00000000E+00
 0.00000000E+00
 0.00000000E+00
 0.00000000E+00
 0.00000000E+00
 0.00000000E+00
 0.00000000E+00
 0.00000000E+00
 1.30364469E-15
 1.30364469E-15
 1.59334351E-15
 1.30364469E-15
 1.39055434E-15
 8.69096461E-16
 7.44939824E-16
 6.51822346E-16
 7.72530188E-16
 1.04291575E-15
 6.32070154E-16
 4.34548231E-16
 2.67414296E-16
 1.24156637E-16
 3.47638585E-16
 4.34548231E-16
 0.00000000E+00
 0.00000000E+00
 0.00000000E+00
 0.00000000E+00
 1.65542183E-16
 1.58017538E-16
 1.51147211E-16
 2.89698820E-16
 2.78110868E-16
 4.01121444E-16
 3.86265094E-16
 3.72469912E-16
 3.59626122E-16
 3.47638585E-16
 2.24282958E-16
 2.17274115E-16
 0.00000000E+00
 0.00000000E+00
 0.00000000E+00
 0.00000000E+00
 1.87912748E-16
 0.00000000E+00
 0.00000000E+00
 0.00000000E+00
 1.69579797E-16
 1.65542183E-16
 1.61692365E-16
 1.58017538E-16
 1.54506038E-16
 1.51147211E-16
 1.47931313E-16
 1.44849410E-16
 1.41893300E-16
 2.78110868E-16
 0.00000000E+00
 2.67414296E-16
 1.31184372E-16
 0.00000000E+00
 1.26414031E-16
 1.24156637E-16
 1.21978451E-16
 1.19875374E-16
 0.00000000E+00
 0.00000000E+00
 1.13979864E-16
 0.00000000E+00
 2.20722911E-16
 0.00000000E+00
 0.00000000E+00
 0.00000000E+00
 0.00000000E+00
 0.00000000E+00
 2.01529614E-16
 0.00000000E+00
 1.95852724E-16
 0.00000000E+00
 1.90486896E-16
 0.00000000E+00
 1.85407245E-16
 0.00000000E+00
 0.00000000E+00
 0.00000000E+00
 0.00000000E+00
 0.00000000E+00
 0.00000000E+00
 1.69579797E-16
 0.00000000E+00
 1.65542183E-16
 0.00000000E+00
 1.61692365E-16
 1.59833832E-16
 1.58017538E-16
 0.00000000E+00
 1.54506038E-16
 3.05616338E-16
 1.51147211E-16
 1.49521972E-16
 1.47931313E-16
 0.00000000E+00
 0.00000000E+00
 1.43356117E-16
 0.00000000E+00
 0.00000000E+00
 0.00000000E+00
 2.75357295E-16
 1.36328857E-16
 1.35005276E-16
 0.00000000E+00
 0.00000000E+00
 1.31184372E-16
 1.29958349E-16
 0.00000000E+00
 1.27573793E-16
 1.26414031E-16
 0.00000000E+00
 1.24156637E-16
 0.00000000E+00
 1.21978451E-16
 1.20917769E-16
 1.19875374E-16
 0.00000000E+00
 0.00000000E+00
 0.00000000E+00
 0.00000000E+00
 1.14921846E-16
 1.13979864E-16
 1.13053198E-16
 0.00000000E+00
 1.11244347E-16
 2.20722911E-16
 0.00000000E+00
 0.00000000E+00
 0.00000000E+00
 2.13931437E-16
 0.00000000E+00
 2.10690051E-16
 2.09105916E-16
 0.00000000E+00
 2.06008050E-16
 0.00000000E+00
 0.00000000E+00
 2.01529614E-16
 0.00000000E+00
 1.98650620E-16
 0.00000000E+00
 1.95852724E-16
 3.88966248E-16
 0.00000000E+00
 1.91800598E-16
 1.90486896E-16
 0.00000000E+00
 1.87912748E-16
 0.00000000E+00
 3.70814490E-16
 1.84179383E-16
 0.00000000E+00
 0.00000000E+00
 0.00000000E+00
 1.79426366E-16
 1.78276197E-16
 5.31422040E-16
 1.76019536E-16
 1.74912495E-16
 0.00000000E+00
 0.00000000E+00
 0.00000000E+00
 1.70620164E-16
 1.69579797E-16
 1.09096569E-03
 2.86391133E-03
 4.61562409E-03
 2.40259663E-03
 6.62222672E-04
 5.49890800E-06
 1.04822213E-04
 1.99432908E-05
 1.35820771E-06
 1.33495095E-06
 7.16486756E-04
 1.16529936E-04
 1.26585260E-06
 1.24277640E-06
 1.21906703E-06
 2.48107356E-06
 2.35225764E-06
 2.21301622E-06
 2.07360286E-06
 1.93402072E-06
 1.79426499E-06
 1.65433559E-06
 1.51423247E-06
 1.38968089E-06
 5.22755215E-05
 1.36041179E-06
 1.34572225E-06
 1.33093018E-06
 1.31624155E-06
 1.30137048E-06
 1.28631647E-06
 1.27129796E-06
 1.25661828E-06
 1.24175041E-06
 1.22669542E-06
 1.21144852E-06
 1.19601242E-06
 1.18038220E-06
 1.16455894E-06
 1.12379404E-06
 1.05478930E-06
 9.85585627E-07
 9.16181348E-07
 8.46578792E-07
 7.76771753E-07
 7.06762329E-07
 6.36548602E-07
 1.84856671E-06
 1.80983230E-06
 1.77104272E-06
 1.73219699E-06
 1.69329508E-06
 1.65433711E-06
 1.61532455E-06
 1.57625239E-06
 1.56525474E-06
 1.56068881E-06
 1.55606481E-06
 1.55138292E-06
 1.54664115E-06
 1.54184056E-06
 1.53697917E-06
 1.53205907E-06
 1.52707676E-06
 1.52203455E-06
 1.51692892E-06
 1.51176216E-06
 1.50653177E-06
 1.50123899E-06
 1.49588184E-06
 1.49046200E-06
 1.48497623E-06
 1.47942674E-06
 1.47380973E-06
 1.46812767E-06
 1.46237852E-06
 1.45656238E-06
 1.45067778E-06
 1.44472478E-06
 1.43870460E-06
 1.43261339E-06
 1.42645324E-06
 1.42022209E-06
 1.41391936E-06
 1.40754498E-06
 1.40109979E-06
 1.38521435E-06
 1.35988836E-06
 1.33448873E-06
 1.30901514E-06
 1.28346546E-06
 1.25784052E-06
 1.23213749E-06
 1.20635753E-06
 1.18050034E-06
 1.15456413E-06
 1.12854709E-06
 1.10245146E-06
 1.07627430E-06
 1.05001707E-06
 1.02367501E-06
 9.97251008E-07
 9.70743898E-07
 9.44150350E-07
 9.17473600E-07
 8.90710567E-07
 8.63858296E-07
 8.36920635E-07
 8.09892723E-07
 7.82775191E-07
 7.55568853E-07
 7.28270719E-07
 7.00880079E-07
 6.73396448E-07
 6.45818898E-07
 6.18146052E-07
 5.90379000E-07
 5.62512774E-07
 5.34550828E-07
 5.06489285E-07
 4.78327024E-07
 4.50065565E-07
 4.21700341E-07
 3.93233767E-07
 3.64661746E-07
 3.35985639E-07
 3.07201825E-07
 2.78311106E-07
 2.49310802E-07
 2.20202179E-07
 1.90980996E-07
 1.61648466E-07
 1.32200309E-07
 1.02638202E-07
 7.29587750E-08
 1.31277908E-06
 1.29644350E-06
 1.28007553E-06
 1.26367573E-06
 1.24724303E-06
 1.23077839E-06
 1.21427879E-06
 1.19774668E-06
 1.18118094E-06
 1.16458003E-06
 1.14794335E-06
 1.13127180E-06
 1.11456447E-06
 1.09782135E-06
 1.08103964E-06
 1.06422143E-06
 1.04736484E-06
 1.03046857E-06
 1.01353436E-06
 9.96561243E-07
 9.79546293E-07
 9.62490330E-07
 9.45394121E-07
 9.28254478E-07
 9.11072125E-07
 8.93847179E-07
 8.76576343E-07
 8.59261910E-07
 8.41900768E-07
 8.24493385E-07
 8.07038890E-07
 7.89534946E-07
 7.71982875E-07
 7.54380846E-07
 7.36727855E-07
 7.19022288E-07
 7.01265176E-07
 6.83452477E-07
 6.65586167E-07
 6.47663531E-07
 6.29682636E-07
 6.11644666E-07
 5.93545987E-07
 5.75386941E-07
 5.57165407E-07
 5.38880034E-07
 5.20528626E-07
 5.02111395E-07
 4.83625256E-07
 4.65068618E-07
 4.46441641E-07
 4.27739316E-07
 4.08961683E-07
 3.90106130E-07
 3.71171696E-07
 3.52153169E-07
 3.33051055E-07
 3.13861726E-07
 2.94583111E-07
 2.75211149E-07
 2.55744593E-07
 2.36178473E-07
 2.16510179E-07
 1.96737187E-07
 1.76854115E-07
 1.56856410E-07
 1.36741981E-07
 1.16505771E-07
 9.61410339E-08
 7.56431509E-08
 5.50070287E-08
 3.42256150E-08
 2.13862830E-06
 2.44277070E-06
 2.61906302E-06
 1.38558639E-06
 1.40570602E-06
 1.42609660E-06
 1.44318741E-06
 1.45775531E-06
 1.47032141E-06
 1.48124541E-06
 1.49079676E-06
 1.49917789E-06
 1.50654236E-06
 1.51301963E-06
 1.51870800E-06
 1.52369327E-06
 1.52804158E-06
 1.53181588E-06
 1.53506370E-06
 1.53782728E-06
 1.54014478E-06
 1.54204959E-06
 1.54356856E-06
 1.54472609E-06
 1.54554525E-06
 1.54604666E-06
 1.54624612E-06
 1.54615942E-06
 1.54580140E-06
 1.54518619E-06
 1.54432190E-06
 1.54322101E-06
 1.54189140E-06
 1.54034373E-06
 1.53858539E-06
 1.53662120E-06
 1.53445826E-06
 1.53210367E-06
 1.52956095E-06
 1.52683522E-06
 1.52392996E-06
 1.52084956E-06
 1.51759927E-06
 1.51417743E-06
 1.51059067E-06
 1.50683863E-06
 1.50292468E-06
 1.49884953E-06
 1.49461384E-06
 1.49021962E-06
 1.48566799E-06
 1.48095716E-06
 1.47608824E-06
 1.47106065E-06
 1.46587409E-06
 1.46052690E-06
 1.45501886E-06
 1.44934871E-06
 1.44351344E-06
 1.43751044E-06
 1.43133928E-06
 1.42499589E-06
 1.41847675E-06
 1.41177921E-06
 1.40489763E-06
 1.39782934E-06
 1.39056843E-06
 1.39118875E-06
 1.39645422E-06
 1.40150959E-06
 1.40634685E-06
 1.41096035E-06
 1.41533860E-06
 1.41947509E-06
 1.42335776E-06
 1.42697623E-06
 1.43032028E-06
 1.43337458E-06
 1.43612618E-06
 1.43855908E-06
 1.44065481E-06
 1.44239823E-06
 1.44376553E-06
 1.44473588E-06
 1.44528241E-06
 1.44538160E-06
 1.44500076E-06
 1.44410672E-06
 1.44266365E-06
 1.44063012E-06
 1.43795948E-06
 1.43460279E-06
 1.43050069E-06
 1.42559236E-06
 1.41980242E-06
 1.41305144E-06
 1.40524570E-06
 1.39627832E-06
 1.35047414E-06
 1.22502568E-06
 1.09799477E-06
 9.69196080E-07
 8.38409991E-07
 1.95687618E-06
 1.73780790E-06
 1.50762386E-06
 1.39904634E-06
 1.41870597E-06
 1.42102502E-06
 1.40288683E-06
 2.61480983E-02
 7.19983358E-02
 2.41207199E-01
 0.00000000E+00
 0.00000000E+00
 0.00000000E+00
 0.00000000E+00
 0.00000000E+00
 0.00000000E+00
 0.00000000E+00
 0.00000000E+00
 0.00000000E+00
 0.00000000E+00
 0.00000000E+00
 0.00000000E+00
 0.00000000E+00
 0.00000000E+00
 0.00000000E+00
 0.00000000E+00
 1.52091881E-15
 1.52091881E-15
 1.44849410E-15
 1.52091881E-15
 1.39055434E-15
 5.79397641E-16
 7.44939824E-16
 6.51822346E-16
 7.72530188E-16
 1.04291575E-15
 6.32070154E-16
 4.34548231E-16
 5.34828592E-16
 3.72469912E-16
 3.47638585E-16
 4.34548231E-16
 0.00000000E+00
 3.86265094E-16
 0.00000000E+00
 0.00000000E+00
 0.00000000E+00
 1.58017538E-16
 0.00000000E+00
 2.89698820E-16
 2.78110868E-16
 1.33707148E-16
 1.28755031E-16
 2.48313275E-16
 5.99376870E-16
 3.47638585E-16
 2.24282958E-16
 2.17274115E-16
 2.10690051E-16
 0.00000000E+00
 3.97301240E-16
 3.86265094E-16
 1.87912748E-16
 0.00000000E+00
 0.00000000E+00
 0.00000000E+00
 0.00000000E+00
 0.00000000E+00
 0.00000000E+00
 1.58017538E-16
 3.09012075E-16
 0.00000000E+00
 2.95862625E-16
 1.44849410E-16
 2.83786600E-16
 2.78110868E-16
 4.08986570E-16
 1.33707148E-16
 1.31184372E-16
 1.28755031E-16
 1.26414031E-16
 3.72469912E-16
 1.21978451E-16
 0.00000000E+00
 1.17843588E-16
 1.15879528E-16
 1.13979864E-16
 0.00000000E+00
 0.00000000E+00
 0.00000000E+00
 0.00000000E+00
 2.10690051E-16
 2.07545424E-16
 0.00000000E+00
 0.00000000E+00
 1.98650620E-16
 1.95852724E-16
 1.93132547E-16
 0.00000000E+00
 0.00000000E+00
 0.00000000E+00
 0.00000000E+00
 0.00000000E+00
 0.00000000E+00
 0.00000000E+00
 0.00000000E+00
 0.00000000E+00
 0.00000000E+00
 0.00000000E+00
 0.00000000E+00
 1.63594628E-16
 0.00000000E+00
 0.00000000E+00
 1.58017538E-16
 1.56242060E-16
 1.54506038E-16
 1.52808169E-16
 0.00000000E+00
 0.00000000E+00
 2.95862625E-16
 0.00000000E+00
 1.44849410E-16
 0.00000000E+00
 0.00000000E+00
 1.40460034E-16
 0.00000000E+00
 0.00000000E+00
 1.36328857E-16
 1.35005276E-16
 1.33707148E-16
 2.64867493E-16
 1.31184372E-16
 1.29958349E-16
 1.28755031E-16
 0.00000000E+00
 1.26414031E-16
 0.00000000E+00
 2.48313275E-16
 1.23057906E-16
 1.21978451E-16
 1.20917769E-16
 0.00000000E+00
 0.00000000E+00
 1.17843588E-16
 0.00000000E+00
 1.15879528E-16
 2.29843692E-16
 1.13979864E-16
 1.13053198E-16
 0.00000000E+00
 3.33733041E-16
 0.00000000E+00
 0.00000000E+00
 0.00000000E+00
 2.15589820E-16
 2.13931437E-16
 0.00000000E+00
 0.00000000E+00
 0.00000000E+00
 0.00000000E+00
 2.06008050E-16
 2.04493285E-16
 2.03000633E-16
 0.00000000E+00
 4.00159522E-16
 1.98650620E-16
 1.97241750E-16
 1.95852724E-16
 0.00000000E+00
 1.93132547E-16
 1.91800598E-16
 1.90486896E-16
 0.00000000E+00
 1.87912748E-16
 1.86651589E-16
 1.85407245E-16
 0.00000000E+00
 0.00000000E+00
 0.00000000E+00
 0.00000000E+00
 0.00000000E+00
 1.78276197E-16
 3.54281360E-16
 0.00000000E+00
 1.74912495E-16
 0.00000000E+00
 1.72739669E-16
 1.71673375E-16
 5.11860493E-16
 3.39159595E-16
 9.97119182E-04
 2.61755337E-03
 4.21858115E-03
 2.50402926E-03
 7.03542428E-04
 2.54414122E-05
 9.58441604E-05
 1.82878575E-05
 1.30617723E-06
 1.28494239E-06
 7.29987155E-04
 1.18667148E-04
 1.22197110E-06
 1.20095211E-06
 1.17929820E-06
 2.43905274E-06
 2.30886454E-06
 2.16805334E-06
 2.02707186E-06
 1.88591839E-06
 1.74459132E-06
 1.60309061E-06
 1.46141457E-06
 1.33551423E-06
 5.31858506E-05
 1.30670944E-06
 1.29225602E-06
 1.27769663E-06
 1.26324766E-06
 1.24861448E-06
 1.23379665E-06
 1.21901696E-06
 1.20458716E-06
 1.18996757E-06
 1.17515779E-06
 1.16015713E-06
 1.14496263E-06
 1.12957669E-06
 1.11399450E-06
 1.07299995E-06
 1.00323264E-06
 9.33266305E-07
 8.63100172E-07
 7.92730962E-07
 7.22158523E-07
 6.51381652E-07
 5.80397400E-07
 1.79636267E-06
 1.75704530E-06
 1.71767177E-06
 1.67824184E-06
 1.63875624E-06
 1.59921299E-06
 1.55961585E-06
 1.51995844E-06
 1.50890646E-06
 1.50441025E-06
 1.49985638E-06
 1.49524157E-06
 1.49056902E-06
 1.48583568E-06
 1.48104213E-06
 1.47618789E-06
 1.47127351E-06
 1.46629598E-06
 1.46125583E-06
 1.45615533E-06
 1.45098921E-06
 1.44575998E-06
 1.44046712E-06
 1.43510960E-06
 1.42968812E-06
 1.42419970E-06
 1.41864570E-06
 1.41302466E-06
 1.40733546E-06
 1.40158053E-06
 1.39575635E-06
 1.38986296E-06
 1.38390037E-06
 1.37786861E-06
 1.37176621E-06
 1.36559313E-06
 1.35934762E-06
 1.35302907E-06
 1.34663856E-06
 1.33070472E-06
 1.30522596E-06
 1.27967218E-06
 1.25404501E-06
 1.22834007E-06
 1.20255973E-06
 1.17670073E-06
 1.15076532E-06
 1.12474988E-06
 1.09865669E-06
 1.07248169E-06
 1.04622787E-06
 1.01989008E-06
 9.93472708E-07
 9.66970958E-07
 9.40385163E-07
 9.13715632E-07
 8.86961580E-07
 8.60121406E-07
 8.33193629E-07
 8.06177684E-07
 7.79075027E-07
 7.51882097E-07
 7.24599500E-07
 6.97224873E-07
 6.69758805E-07
 6.42201002E-07
 6.14548021E-07
 5.86801000E-07
 5.58958980E-07
 5.31019962E-07
 5.02983088E-07
 4.74848811E-07
 4.46614085E-07
 4.18278961E-07
 3.89841849E-07
 3.61302198E-07
 3.32658896E-07
 3.03911832E-07
 2.75057388E-07
 2.46095891E-07
 2.17025661E-07
 1.87846486E-07
 1.58556128E-07
 1.29153839E-07
 9.96387956E-08
 7.00082132E-08
 4.02612696E-08
 1.03985609E-08
 1.25786074E-06
 1.24143193E-06
 1.22496988E-06
 1.20847557E-06
 1.19194790E-06
 1.17538784E-06
 1.15879386E-06
 1.14216635E-06
 1.12550380E-06
 1.10880675E-06
 1.09207532E-06
 1.07530610E-06
 1.05850151E-06
 1.04166031E-06
 1.02478244E-06
 1.00786576E-06
 9.90910471E-07
 9.73918045E-07
 9.56883788E-07
 9.39810986E-07
 9.22697352E-07
 9.05542140E-07
 8.88345880E-07
 8.71104956E-07
 8.53823212E-07
 8.36496485E-07
 8.19124179E-07
 8.01708357E-07
 7.84244328E-07
 7.66735033E-07
 7.49177465E-07
 7.31570346E-07
 7.13914454E-07
 6.96207948E-07
 6.78450690E-07
 6.60640798E-07
 6.42778045E-07
 6.24860510E-07
 6.06887066E-07
 5.88858170E-07
 5.70770321E-07
 5.52624635E-07
 5.34418270E-07
 5.16150791E-07
 4.97820056E-07
 4.79424697E-07
 4.60964146E-07
 4.42436991E-07
 4.23839241E-07
 4.05171025E-07
 3.86430732E-07
 3.67617624E-07
 3.48725768E-07
 3.29756824E-07
 3.10707270E-07
 2.91574329E-07
 2.72356148E-07
 2.53051406E-07
 2.33654697E-07
 2.14165486E-07
 1.94580530E-07
 1.74894170E-07
 1.55106345E-07
 1.35211935E-07
 1.15207148E-07
 9.50885721E-08
 7.48501444E-08
 5.44898016E-08
 3.39997380E-08
 1.33755663E-08
 7.38755283E-09
 2.82969899E-08
 2.03562551E-06
 2.37529910E-06
 2.56031775E-06
 1.33059125E-06
 1.35146914E-06
 1.37238302E-06
 1.38986597E-06
 1.40473812E-06
 1.41754643E-06
 1.42866731E-06
 1.43838109E-06
 1.44689504E-06
 1.45437089E-06
 1.46094030E-06
 1.46670580E-06
 1.47175405E-06
 1.47615630E-06
 1.47997111E-06
 1.48325155E-06
 1.48604220E-06
 1.48837881E-06
 1.49029405E-06
 1.49182036E-06
 1.49297919E-06
 1.49379513E-06
 1.49428843E-06
 1.49447569E-06
 1.49437427E-06
 1.49399868E-06
 1.49335858E-06
 1.49247058E-06
 1.49134238E-06
 1.48998354E-06
 1.48840141E-06
 1.48660695E-06
 1.48460479E-06
 1.48240288E-06
 1.48000587E-06
 1.47741830E-06
 1.47464577E-06
 1.47169388E-06
 1.46856423E-06
 1.46526168E-06
 1.46178883E-06
 1.45814626E-06
 1.45433799E-06
 1.45036650E-06
 1.44623197E-06
 1.44193637E-06
 1.43747953E-06
 1.43286322E-06
 1.42808770E-06
 1.42315094E-06
 1.41805666E-06
 1.41280080E-06
 1.40738335E-06
 1.40180264E-06
 1.39605877E-06
 1.39014962E-06
 1.38407006E-06
 1.37782105E-06
 1.37139845E-06
 1.36479857E-06
 1.35801818E-06
 1.35105384E-06
 1.34390071E-06
 1.33655320E-06
 1.33716465E-06
 1.34246867E-06
 1.34756014E-06
 1.35243258E-06
 1.35707718E-06
 1.36148706E-06
 1.36565198E-06
 1.36956385E-06
 1.37320822E-06
 1.37657442E-06
 1.37964972E-06
 1.38241982E-06
 1.38486936E-06
 1.38697907E-06
 1.38873218E-06
 1.39010785E-06
 1.39108210E-06
 1.39163221E-06
 1.39172800E-06
 1.39134136E-06
 1.39043803E-06
 1.38898274E-06
 1.38693054E-06
 1.38423743E-06
 1.38085174E-06
 1.37671754E-06
 1.37176924E-06
 1.36593308E-06
 1.35912810E-06
 1.35125989E-06
 1.34222258E-06
 1.29608705E-06
 1.16974360E-06
 1.04180409E-06
 9.12085026E-07
 7.80362017E-07
 1.90691053E-06
 1.68633539E-06
 1.45456752E-06
 1.34522120E-06
 1.36497295E-06
 1.36726490E-06
 1.34895837E-06
 2.38831955E-02
 6.57619885E-02
 2.33336316E-01
 0.00000000E+00
 0.00000000E+00
 0.00000000E+00
 0.00000000E+00
 0.00000000E+00
 0.00000000E+00
 0.00000000E+00
 0.00000000E+00
 0.00000000E+00
 0.00000000E+00
 0.00000000E+00
 0.00000000E+00
 0.00000000E+00
 0.00000000E+00
 0.00000000E+00
 0.00000000E+00
 1.30364469E-15
 1.30364469E-15
 1.30364469E-15
 1.30364469E-15
 1.39055434E-15
 5.79397641E-16
 7.44939824E-16
 6.51822346E-16
 7.72530188E-16
 1.04291575E-15
 7.90087692E-16
 4.34548231E-16
 4.01121444E-16
 2.48313275E-16
 5.79397641E-16
 4.34548231E-16
 2.04493285E-16
 1.93132547E-16
 1.82967676E-16
 0.00000000E+00
 0.00000000E+00
 1.58017538E-16
 0.00000000E+00
 2.89698820E-16
 1.39055434E-16
 2.67414296E-16
 2.57510063E-16
 1.24156637E-16
 3.59626122E-16
 3.47638585E-16
 2.24282958E-16
 2.17274115E-16
 2.10690051E-16
 2.04493285E-16
 1.98650620E-16
 1.93132547E-16
 1.87912748E-16
 1.82967676E-16
 0.00000000E+00
 0.00000000E+00
 0.00000000E+00
 0.00000000E+00
 1.61692365E-16
 1.58017538E-16
 0.00000000E+00
 0.00000000E+00
 2.95862625E-16
 1.44849410E-16
 2.83786600E-16
 1.39055434E-16
 2.72657713E-16
 0.00000000E+00
 2.62368743E-16
 0.00000000E+00
 2.52828062E-16
 1.24156637E-16
 2.43956901E-16
 0.00000000E+00
 1.17843588E-16
 1.15879528E-16
 1.13979864E-16
 1.12141479E-16
 0.00000000E+00
 0.00000000E+00
 0.00000000E+00
 2.10690051E-16
 2.07545424E-16
 0.00000000E+00
 2.01529614E-16
 1.98650620E-16
 1.95852724E-16
 1.93132547E-16
 1.90486896E-16
 1.87912748E-16
 0.00000000E+00
 1.82967676E-16
 1.80591473E-16
 0.00000000E+00
 0.00000000E+00
 0.00000000E+00
 1.71673375E-16
 0.00000000E+00
 0.00000000E+00
 0.00000000E+00
 0.00000000E+00
 0.00000000E+00
 1.59833832E-16
 0.00000000E+00
 1.56242060E-16
 0.00000000E+00
 1.52808169E-16
 1.51147211E-16
 0.00000000E+00
 2.95862625E-16
 1.46374141E-16
 1.44849410E-16
 0.00000000E+00
 0.00000000E+00
 0.00000000E+00
 0.00000000E+00
 0.00000000E+00
 1.36328857E-16
 1.35005276E-16
 1.33707148E-16
 0.00000000E+00
 2.62368743E-16
 1.29958349E-16
 0.00000000E+00
 1.27573793E-16
 2.52828062E-16
 0.00000000E+00
 1.24156637E-16
