 0.00000000E+00
 0.00000000E+00
 0.00000000E+00
 0.00000000E+00
 0.00000000E+00
 0.00000000E+00
 0.00000000E+00
 0.00000000E+00
 0.00000000E+00
 0.00000000E+00
 0.00000000E+00
 0.00000000E+00
 0.00000000E+00
 0.00000000E+00
 0.00000000E+00
 0.00000000E+00
 0.00000000E+00
 0.00000000E+00
 0.00000000E+00
 0.00000000E+00
 0.00000000E+00
 0.00000000E+00
 0.00000000E+00
 0.00000000E+00
 0.00000000E+00
 0.00000000E+00
 0.00000000E+00
 0.00000000E+00
 0.00000000E+00
 0.00000000E+00
 0.00000000E+00
 0.00000000E+00
 0.00000000E+00
 0.00000000E+00
 0.00000000E+00
 0.00000000E+00
 0.00000000E+00
 0.00000000E+00
 0.00000000E+00
 0.00000000E+00
 0.00000000E+00
 0.00000000E+00
 0.00000000E+00
 0.00000000E+00
 0.00000000E+00
 0.00000000E+00
 0.00000000E+00
 0.00000000E+00
 0.00000000E+00
 0.00000000E+00
 0.00000000E+00
 0.00000000E+00
 0.00000000E+00
 0.00000000E+00
 0.00000000E+00
 0.00000000E+00
 0.00000000E+00
 0.00000000E+00
 0.00000000E+00
 0.00000000E+00
 0.00000000E+00
 0.00000000E+00
 0.00000000E+00
 0.00000000E+00
 0.00000000E+00
 0.00000000E+00
 0.00000000E+00
 0.00000000E+00
 0.00000000E+00
 0.00000000E+00
 0.00000000E+00
 0.00000000E+00
 0.00000000E+00
 0.00000000E+00
 0.00000000E+00
 0.00000000E+00
 0.00000000E+00
 0.00000000E+00
 0.00000000E+00
 0.00000000E+00
 0.00000000E+00
 0.00000000E+00
 0.00000000E+00
 0.00000000E+00
 0.00000000E+00
 0.00000000E+00
 0.00000000E+00
 0.00000000E+00
 0.00000000E+00
 0.00000000E+00
 0.00000000E+00
 0.00000000E+00
 0.00000000E+00
 0.00000000E+00
 0.00000000E+00
 0.00000000E+00
 0.00000000E+00
 0.00000000E+00
 0.00000000E+00
 0.00000000E+00
 0.00000000E+00
 0.00000000E+00
 0.00000000E+00
 0.00000000E+00
 0.00000000E+00
 0.00000000E+00
 0.00000000E+00
 0.00000000E+00
 0.00000000E+00
 0.00000000E+00
 0.00000000E+00
 0.00000000E+00
 0.00000000E+00
 0.00000000E+00
 0.00000000E+00
 0.00000000E+00
 0.00000000E+00
 0.00000000E+00
 0.00000000E+00
 0.00000000E+00
 0.00000000E+00
 0.00000000E+00
 0.00000000E+00
 0.00000000E+00
 0.00000000E+00
 0.00000000E+00
 0.00000000E+00
 0.00000000E+00
 0.00000000E+00
 0.00000000E+00
 0.00000000E+00
 0.00000000E+00
 0.00000000E+00
 0.00000000E+00
 0.00000000E+00
 0.00000000E+00
 0.00000000E+00
 0.00000000E+00
 0.00000000E+00
 0.00000000E+00
 0.00000000E+00
 0.00000000E+00
 0.00000000E+00
 0.00000000E+00
 0.00000000E+00
 0.00000000E+00
 0.00000000E+00
 0.00000000E+00
 0.00000000E+00
 0.00000000E+00
 0.00000000E+00
 0.00000000E+00
 0.00000000E+00
 0.00000000E+00
 0.00000000E+00
 0.00000000E+00
 0.00000000E+00
 0.00000000E+00
 0.00000000E+00
 0.00000000E+00
 0.00000000E+00
 6.17593212E-01
 5.93204235E-01
 5.68815258E-01
 5.46910070E-01
 5.26597055E-01
 5.06284039E-01
 4.85971024E-01
 4.68491422E-01
 4.52253428E-01
 4.42351899E-01
 4.34696630E-01
 4.23605141E-01
 4.11551510E-01
 4.03216399E-01
 3.88043441E-01
 3.75390618E-01
 3.63336987E-01
 3.51283357E-01
 3.39229726E-01
 3.27176095E-01
 3.15122464E-01
 3.03068834E-01
 2.91015203E-01
 2.78961572E-01
 2.66907942E-01
 2.54854311E-01
 2.43819744E-01
 2.39190835E-01
 2.36017513E-01
 2.32116397E-01
 2.28215281E-01
 2.24314165E-01
 2.20413049E-01
 2.16511933E-01
 2.12610817E-01
 2.08709701E-01
 2.04808585E-01
 2.00907469E-01
 1.97006353E-01
 1.93105237E-01
 1.89204121E-01
 1.85303005E-01
 1.81401889E-01
 1.77500773E-01
 1.73599657E-01
 1.69698541E-01
 1.65797425E-01
 1.61896309E-01
 1.57995193E-01
 1.54094077E-01
 1.50192961E-01
 1.46291845E-01
 1.42390729E-01
 1.38489613E-01
 1.34588498E-01
 1.30687382E-01
 1.26786266E-01
 1.22885150E-01
 1.18984034E-01
 1.15082918E-01
 1.11181802E-01
 1.07280686E-01
 1.03379570E-01
 9.94784539E-02
 9.55773379E-02
 9.16762220E-02
 8.77751060E-02
 8.38739900E-02
 7.99728741E-02
 7.60717581E-02
 7.21706422E-02
 6.82695262E-02
 6.43684102E-02
 6.04672943E-02
 5.65661783E-02
 5.26650623E-02
 4.87639464E-02
 4.48628304E-02
 4.09617145E-02
 3.70605985E-02
 3.31594825E-02
 2.92583666E-02
 2.53572506E-02
 2.14561347E-02
 1.75550187E-02
 1.36539027E-02
 9.75278677E-03
 5.85167081E-03
 1.95055485E-03
 3.13223263E-09
 3.13300833E-09
 3.13402449E-09
 3.13501581E-09
 3.13596302E-09
 3.13633946E-09
 3.13780711E-09
 3.13855330E-09
 3.13959151E-09
 3.14040151E-09
 3.14159531E-09
 3.14228893E-09
 3.14321688E-09
 3.14412634E-09
 3.14510930E-09
 3.14616555E-09
 3.14703915E-09
 3.14783167E-09
 3.14829230E-09
 3.14987645E-09
 3.15036448E-09
 3.15169727E-09
 3.15205187E-09
 3.15298171E-09
 3.15456843E-09
 3.15561621E-09
 3.15590199E-09
 3.15716394E-09
 3.15821161E-09
 3.15892061E-09
 3.15997140E-09
 3.16112198E-09
 3.16179499E-09
 3.16253640E-09
 3.16390081E-09
 3.16508781E-09
 3.16553140E-09
 3.16699015E-09
 3.16757151E-09
 3.16892322E-09
 3.16938965E-09
 3.17047251E-09
 3.17163267E-09
 3.17273670E-09
 3.17377089E-09
 3.17462534E-09
 3.17538690E-09
 3.17637198E-09
 3.17756789E-09
 3.17842066E-09
 3.17936008E-09
 3.18035162E-09
 3.18181738E-09
 3.18269866E-09
 3.18350332E-09
 3.18463051E-09
 3.18555880E-09
 3.18659099E-09
 3.18739453E-09
 3.18877332E-09
 3.18970917E-09
 3.19059814E-09
 3.19193014E-09
 3.19278470E-09
 3.19386222E-09
 3.19485298E-09
 3.19594019E-09
 3.19690879E-09
 3.19787627E-09
 3.19908688E-09
 3.20027121E-09
 3.20102452E-09
 3.20219894E-09
 3.20340320E-09
 3.20444786E-09
 3.20542203E-09
 3.20668153E-09
 3.20776072E-09
 3.20855970E-09
 3.20963511E-09
 3.21088403E-09
 3.21184049E-09
 3.17227317E-09
 3.17278214E-09
 3.17370685E-09
 3.17443233E-09
 3.17511582E-09
 3.17567758E-09
 3.17664651E-09
 3.17741241E-09
 3.17813699E-09
 3.17874909E-09
 3.17925038E-09
 3.18015104E-09
 3.18093877E-09
 3.18170133E-09
 3.18235464E-09
 3.18299046E-09
 3.18395326E-09
 3.18456291E-09
 3.18515730E-09
 3.18583945E-09
 3.18693167E-09
 3.18762396E-09
 3.18807724E-09
 3.18911088E-09
 3.18986064E-09
 3.19040457E-09
 3.19129889E-09
 3.19201634E-09
 3.19271554E-09
 3.19341762E-09
 3.19428365E-09
 3.19524879E-09
 3.19603051E-09
 3.19648290E-09
 3.14935735E-09
 3.14481784E-09
 3.14139651E-09
 3.13915449E-09
 3.13724691E-09
 3.13583216E-09
 3.13453501E-09
 3.13322306E-09
 3.13234155E-09
 9.75275859E-04
 4.87639182E-03
 8.77750778E-03
 1.26786237E-02
 1.65797397E-02
 2.04808556E-02
 2.43819716E-02
 2.82830876E-02
 3.21842035E-02
 3.60853195E-02
 3.99864354E-02
 4.38875514E-02
 4.77886674E-02
 5.16897833E-02
 5.55908993E-02
 5.94920152E-02
 6.33931312E-02
 6.72942472E-02
 7.11953631E-02
 7.50964791E-02
 7.89975951E-02
 8.28987110E-02
 8.67998270E-02
 9.07009429E-02
 9.46020589E-02
 9.85031749E-02
 1.02404291E-01
 1.06305407E-01
 1.10206523E-01
 1.14107639E-01
 1.18008755E-01
 1.21909871E-01
 1.25810987E-01
 1.29712103E-01
 1.33613219E-01
 1.37514334E-01
 1.41415450E-01
 1.45316566E-01
 1.49217682E-01
 1.53118798E-01
 1.57019914E-01
 1.60921030E-01
 1.64822146E-01
 1.68723262E-01
 1.72624378E-01
 1.76525494E-01
 1.80426610E-01
 1.84327726E-01
 1.88228842E-01
 1.92129958E-01
 1.96031074E-01
 1.99932190E-01
 2.03833306E-01
 2.07734422E-01
 2.11635538E-01
 2.15536654E-01
 2.19437770E-01
 2.23338886E-01
 2.27240002E-01
 2.31141118E-01
 2.35042234E-01
 2.38943349E-01
 2.42844465E-01
 2.49293247E-01
 2.57270627E-01
 2.65248008E-01
 2.73225388E-01
 2.81202769E-01
 2.89180149E-01
 2.97157530E-01
 3.05134910E-01
 3.13112291E-01
 3.21089671E-01
 3.29067052E-01
 3.37044432E-01
 3.45021813E-01
 3.52999193E-01
 3.60976574E-01
 3.68953954E-01
 3.76931335E-01
 3.84908715E-01
 3.92886096E-01
 4.00863476E-01
 4.08840857E-01
 4.16818237E-01
 4.24795618E-01
 4.32772998E-01
 4.40750379E-01
 4.48727759E-01
 4.56705140E-01
 4.64682520E-01
 4.72659901E-01
 4.80637281E-01
 4.88614662E-01
 4.97868746E-01
 5.09931579E-01
 5.21994411E-01
 5.34057244E-01
 5.46120077E-01
 5.58182910E-01
 5.70245743E-01
 5.82308575E-01
 5.94375867E-01
 6.06447906E-01
 6.18519944E-01
 6.30591982E-01
 6.42669279E-01
 6.54750536E-01
 6.66837475E-01
 6.78399490E-01
 6.92715206E-01
 7.08507818E-01
 7.24358325E-01
 7.40266250E-01
 7.56229632E-01
 7.72248862E-01
 7.88323710E-01
 8.04453762E-01
 8.23973039E-01
 8.44250203E-01
 8.64593449E-01
 8.85002296E-01
 9.09182844E-01
 9.33788140E-01
 9.62360438E-01
 0.00000000E+00
 0.00000000E+00
 0.00000000E+00
 0.00000000E+00
 0.00000000E+00
 0.00000000E+00
 0.00000000E+00
 0.00000000E+00
 0.00000000E+00
 0.00000000E+00
 0.00000000E+00
 0.00000000E+00
 0.00000000E+00
 0.00000000E+00
 0.00000000E+00
 0.00000000E+00
 0.00000000E+00
 0.00000000E+00
 0.00000000E+00
 0.00000000E+00
 0.00000000E+00
 0.00000000E+00
 0.00000000E+00
 0.00000000E+00
 0.00000000E+00
 0.00000000E+00
 0.00000000E+00
 0.00000000E+00
 0.00000000E+00
 0.00000000E+00
 0.00000000E+00
 0.00000000E+00
 0.00000000E+00
 0.00000000E+00
 0.00000000E+00
 0.00000000E+00
 0.00000000E+00
 0.00000000E+00
 0.00000000E+00
 0.00000000E+00
 0.00000000E+00
 0.00000000E+00
 0.00000000E+00
 0.00000000E+00
 0.00000000E+00
 0.00000000E+00
 0.00000000E+00
 0.00000000E+00
 0.00000000E+00
 0.00000000E+00
 0.00000000E+00
 0.00000000E+00
 0.00000000E+00
 0.00000000E+00
 0.00000000E+00
 0.00000000E+00
 0.00000000E+00
 0.00000000E+00
 0.00000000E+00
 0.00000000E+00
 0.00000000E+00
 0.00000000E+00
 0.00000000E+00
 0.00000000E+00
 0.00000000E+00
 0.00000000E+00
 0.00000000E+00
 0.00000000E+00
 0.00000000E+00
 0.00000000E+00
 0.00000000E+00
 0.00000000E+00
 0.00000000E+00
 0.00000000E+00
 0.00000000E+00
 0.00000000E+00
 0.00000000E+00
 0.00000000E+00
 0.00000000E+00
 0.00000000E+00
 0.00000000E+00
 0.00000000E+00
 0.00000000E+00
 0.00000000E+00
 0.00000000E+00
 0.00000000E+00
 0.00000000E+00
 0.00000000E+00
 0.00000000E+00
 0.00000000E+00
 0.00000000E+00
 0.00000000E+00
 0.00000000E+00
 0.00000000E+00
 0.00000000E+00
 0.00000000E+00
 0.00000000E+00
 0.00000000E+00
 0.00000000E+00
 0.00000000E+00
 0.00000000E+00
 0.00000000E+00
 0.00000000E+00
 0.00000000E+00
 0.00000000E+00
 0.00000000E+00
 0.00000000E+00
 0.00000000E+00
 0.00000000E+00
 0.00000000E+00
 0.00000000E+00
 0.00000000E+00
 0.00000000E+00
 0.00000000E+00
 0.00000000E+00
 0.00000000E+00
 0.00000000E+00
 0.00000000E+00
 0.00000000E+00
 0.00000000E+00
 0.00000000E+00
 0.00000000E+00
 0.00000000E+00
 0.00000000E+00
 0.00000000E+00
 0.00000000E+00
 0.00000000E+00
 0.00000000E+00
 0.00000000E+00
 0.00000000E+00
 0.00000000E+00
 0.00000000E+00
 0.00000000E+00
 0.00000000E+00
 0.00000000E+00
 0.00000000E+00
 0.00000000E+00
 0.00000000E+00
 0.00000000E+00
 0.00000000E+00
 0.00000000E+00
 0.00000000E+00
 0.00000000E+00
 0.00000000E+00
 0.00000000E+00
 0.00000000E+00
 0.00000000E+00
 0.00000000E+00
 0.00000000E+00
 0.00000000E+00
 0.00000000E+00
 0.00000000E+00
 0.00000000E+00
 0.00000000E+00
 0.00000000E+00
 0.00000000E+00
 0.00000000E+00
 0.00000000E+00
 0.00000000E+00
 0.00000000E+00
 0.00000000E+00
 5.35179155E-01
 4.94587536E-01
 4.53995918E-01
 4.18367744E-01
 3.85921265E-01
 3.53474787E-01
 3.21028309E-01
 2.94243943E-01
 2.69940728E-01
 2.58299899E-01
 2.51147852E-01
 2.37129082E-01
 2.21187630E-01
 2.12677031E-01
 1.90502115E-01
 1.73363275E-01
 1.57421823E-01
 1.41480372E-01
 1.25538920E-01
 1.09597468E-01
 9.36560164E-02
 7.77145647E-02
 6.17731129E-02
 4.58316612E-02
 2.98902095E-02
 1.39487577E-02
 1.25294699E-08
 1.45438829E-03
 1.25313885E-08
 1.25324522E-08
 1.25330583E-08
 1.25338722E-08
 1.25353752E-08
 1.25357577E-08
 1.25372494E-08
 1.25380751E-08
 1.25388671E-08
 1.25394341E-08
 1.25408934E-08
 1.25410163E-08
 1.25426142E-08
 1.25429548E-08
 1.25447278E-08
 1.25455206E-08
 1.25462695E-08
 1.25474131E-08
 1.25479303E-08
 1.25492254E-08
 1.25503008E-08
 1.25517412E-08
 1.25525295E-08
 1.25539191E-08
 1.25550439E-08
 1.25555545E-08
 1.25568275E-08
 1.25580336E-08
 1.25594109E-08
 1.25601660E-08
 1.25608207E-08
 1.25212324E-08
 1.25219733E-08
 1.25218428E-08
 1.25220585E-08
 1.25224438E-08
 1.25227018E-08
 1.25229606E-08
 1.25235071E-08
 1.25235924E-08
 1.25236435E-08
 1.25236514E-08
 1.25243208E-08
 1.25243537E-08
 1.25247292E-08
 1.25251615E-08
 1.25250601E-08
 1.25255551E-08
 1.25261953E-08
 1.25264063E-08
 1.25267652E-08
 1.25266740E-08
 1.25273785E-08
 1.25273455E-08
 1.25277978E-08
 1.25283239E-08
 1.25286185E-08
 1.25286883E-08
 1.25285054E-08
 1.25292856E-08
 1.25296609E-08
 1.25297898E-08
 1.25311223E-08
 1.25317640E-08
 1.25331334E-08
 1.25337903E-08
 1.25350252E-08
 1.25354018E-08
 1.25361924E-08
 1.25373795E-08
 1.25386963E-08
 1.25391170E-08
 1.25402795E-08
 1.25415138E-08
 1.25422196E-08
 1.25427329E-08
 1.25438014E-08
 1.25447802E-08
 1.25461419E-08
 1.25466681E-08
 1.25479317E-08
 1.25483151E-08
 1.25494123E-08
 1.25504675E-08
 1.25515784E-08
 1.25521622E-08
 1.25531317E-08
 1.25539055E-08
 1.25550428E-08
 1.25564086E-08
 1.25569487E-08
 1.25581598E-08
 1.25588797E-08
 1.25602285E-08
 1.25609472E-08
 1.25615993E-08
 1.25626051E-08
 1.25639712E-08
 1.25651078E-08
 1.25657815E-08
 1.25666657E-08
 1.25677204E-08
 1.25687294E-08
 1.25696758E-08
 1.25705427E-08
 1.25718715E-08
 1.25728732E-08
 1.25737723E-08
 1.25747564E-08
 1.25759332E-08
 1.25765331E-08
 1.25778204E-08
 1.25785255E-08
 1.25795666E-08
 1.25805267E-08
 1.25818021E-08
 1.25828565E-08
 1.25841009E-08
 1.25848071E-08
 1.25857759E-08
 1.25871997E-08
 1.25876510E-08
 1.25889395E-08
 1.25901436E-08
 1.25912485E-08
 1.25920549E-08
 1.25930501E-08
 1.25942157E-08
 1.25955322E-08
 1.25964244E-08
 1.25973643E-08
 1.25983354E-08
 1.25996198E-08
 1.26003616E-08
 1.26013932E-08
 1.26027987E-08
 1.26040170E-08
 1.26049415E-08
 1.26060329E-08
 1.26072881E-08
 1.26083241E-08
 1.26093382E-08
 1.25694029E-08
 1.25700657E-08
 1.25711282E-08
 1.25715282E-08
 1.25723342E-08
 1.25733780E-08
 1.25739238E-08
 1.25747066E-08
 1.25754455E-08
 1.25759819E-08
 1.25769025E-08
 1.25776294E-08
 1.25783205E-08
 1.25789625E-08
 1.25798483E-08
 1.25806979E-08
 1.25814353E-08
 1.25821529E-08
 1.25828519E-08
 1.25835394E-08
 1.25842901E-08
 1.25849631E-08
 1.25857210E-08
 1.25866433E-08
 1.25871770E-08
 1.25882932E-08
 1.25888692E-08
 1.25895796E-08
 1.25902554E-08
 1.25912973E-08
 1.25918689E-08
 1.25925961E-08
 1.25934232E-08
 1.25940677E-08
 1.25949976E-08
 1.25479820E-08
 1.25431043E-08
 1.25398246E-08
 1.25372932E-08
 1.25352557E-08
 1.25338162E-08
 1.25323084E-08
 1.25314527E-08
 1.25305032E-08
 1.25293785E-08
 1.25275273E-08
 1.25254804E-08
 1.25660169E-08
 1.25649951E-08
 1.25644409E-08
 1.25635231E-08
 1.25629477E-08
 1.25619500E-08
 1.25614399E-08
 1.25604615E-08
 1.25597710E-08
 1.25590585E-08
 1.25583661E-08
 1.25576794E-08
 1.25571869E-08
 1.25564179E-08
 1.25557030E-08
 1.25551045E-08
 1.25544936E-08
 1.25538186E-08
 1.25529745E-08
 1.25523691E-08
 1.25517323E-08
 1.25511381E-08
 1.25504937E-08
 1.25498974E-08
 1.25492859E-08
 1.25485605E-08
 1.25479702E-08
 1.25475340E-08
 1.25468730E-08
 1.25463591E-08
 1.25456789E-08
 1.25451295E-08
 1.25445160E-08
 1.25439063E-08
 1.25433372E-08
 1.25426394E-08
 1.25421462E-08
 1.25415576E-08
 1.25409919E-08
 1.25405008E-08
 1.25398710E-08
 1.25393075E-08
 1.25386791E-08
 1.25382304E-08
 1.25376166E-08
 1.25370800E-08
 1.25365812E-08
 1.25360646E-08
 1.25355174E-08
 1.25349841E-08
 1.25344646E-08
 1.25338655E-08
 1.25334324E-08
 1.25328484E-08
 1.25322914E-08
 1.25318497E-08
 1.25313491E-08
 1.25308176E-08
 1.25302949E-08
 1.25298030E-08
 4.87232116E-03
 1.26680551E-02
 2.04637890E-02
 2.82595229E-02
 3.60552568E-02
 4.38509907E-02
 5.16467246E-02
 5.94424585E-02
 6.72381924E-02
 7.50339263E-02
 8.28296602E-02
 9.06253941E-02
 9.84211280E-02
 1.06216862E-01
 1.14012596E-01
 1.21808330E-01
 1.29604064E-01
 1.37399797E-01
 1.45195531E-01
 1.52991265E-01
 1.60786999E-01
 1.68582733E-01
 1.76378467E-01
 1.84174201E-01
 1.91969935E-01
 1.99765669E-01
 2.07561403E-01
 2.15357136E-01
 2.23152870E-01
 2.30948604E-01
 2.38744338E-01
 2.49091355E-01
 2.65051196E-01
 2.81011037E-01
 2.96970877E-01
 3.12930718E-01
 3.28890558E-01
 3.44850399E-01
 3.60810239E-01
 3.76778990E-01
 3.92757227E-01
 4.08735463E-01
 4.24713700E-01
 4.40702443E-01
 4.56699103E-01
 4.72707116E-01
 4.87886800E-01
 5.08542431E-01
 5.32120392E-01
 5.55785353E-01
 5.79536641E-01
 6.03370623E-01
 6.27288352E-01
 6.51289645E-01
 6.75373942E-01
 7.06204070E-01
 7.38521966E-01
 7.70945418E-01
 8.03473723E-01
 8.43513285E-01
 8.84375932E-01
 9.33140662E-01
 0.00000000E+00
 0.00000000E+00
 0.00000000E+00
 0.00000000E+00
 0.00000000E+00
 0.00000000E+00
 0.00000000E+00
 0.00000000E+00
 0.00000000E+00
 0.00000000E+00
 0.00000000E+00
 0.00000000E+00
 0.00000000E+00
 0.00000000E+00
 0.00000000E+00
 0.00000000E+00
 0.00000000E+00
 0.00000000E+00
 0.00000000E+00
 0.00000000E+00
 0.00000000E+00
 0.00000000E+00
 0.00000000E+00
 0.00000000E+00
 0.00000000E+00
 0.00000000E+00
 0.00000000E+00
 0.00000000E+00
 0.00000000E+00
 0.00000000E+00
 0.00000000E+00
 0.00000000E+00
 0.00000000E+00
 0.00000000E+00
 0.00000000E+00
 0.00000000E+00
 0.00000000E+00
 0.00000000E+00
 0.00000000E+00
 0.00000000E+00
 0.00000000E+00
 0.00000000E+00
 0.00000000E+00
 0.00000000E+00
 0.00000000E+00
 0.00000000E+00
 0.00000000E+00
 0.00000000E+00
 0.00000000E+00
 0.00000000E+00
 0.00000000E+00
 0.00000000E+00
 0.00000000E+00
 0.00000000E+00
 0.00000000E+00
 0.00000000E+00
 0.00000000E+00
 0.00000000E+00
 0.00000000E+00
 0.00000000E+00
 0.00000000E+00
 0.00000000E+00
 0.00000000E+00
 0.00000000E+00
 0.00000000E+00
 0.00000000E+00
 0.00000000E+00
 0.00000000E+00
 0.00000000E+00
 0.00000000E+00
 0.00000000E+00
 0.00000000E+00
 0.00000000E+00
 0.00000000E+00
 0.00000000E+00
 0.00000000E+00
 0.00000000E+00
 0.00000000E+00
 0.00000000E+00
 0.00000000E+00
 0.00000000E+00
 0.00000000E+00
 0.00000000E+00
 0.00000000E+00
 0.00000000E+00
 0.00000000E+00
 0.00000000E+00
 0.00000000E+00
 0.00000000E+00
 0.00000000E+00
 0.00000000E+00
 0.00000000E+00
 0.00000000E+00
 0.00000000E+00
 0.00000000E+00
 0.00000000E+00
 0.00000000E+00
 0.00000000E+00
 0.00000000E+00
 0.00000000E+00
 0.00000000E+00
 0.00000000E+00
 0.00000000E+00
 0.00000000E+00
 0.00000000E+00
 0.00000000E+00
 0.00000000E+00
 0.00000000E+00
 0.00000000E+00
 0.00000000E+00
 0.00000000E+00
 0.00000000E+00
 0.00000000E+00
 0.00000000E+00
 0.00000000E+00
 0.00000000E+00
 0.00000000E+00
 0.00000000E+00
 0.00000000E+00
 0.00000000E+00
 0.00000000E+00
 0.00000000E+00
 0.00000000E+00
 0.00000000E+00
 0.00000000E+00
 0.00000000E+00
 0.00000000E+00
 0.00000000E+00
 0.00000000E+00
 0.00000000E+00
 0.00000000E+00
 0.00000000E+00
 0.00000000E+00
 0.00000000E+00
 0.00000000E+00
 0.00000000E+00
 0.00000000E+00
 0.00000000E+00
 0.00000000E+00
 0.00000000E+00
 0.00000000E+00
 0.00000000E+00
 0.00000000E+00
 0.00000000E+00
 0.00000000E+00
 0.00000000E+00
 0.00000000E+00
 0.00000000E+00
 0.00000000E+00
 0.00000000E+00
 0.00000000E+00
 0.00000000E+00
 0.00000000E+00
 0.00000000E+00
 0.00000000E+00
 0.00000000E+00
 0.00000000E+00
 0.00000000E+00
 0.00000000E+00
 0.00000000E+00
 0.00000000E+00
 0.00000000E+00
 5.43156963E-01
 4.90284279E-01
 4.44850572E-01
 4.04185439E-01
 3.63520306E-01
 3.22855173E-01
 2.90676147E-01
 2.62215751E-01
 2.52733139E-01
 2.49978101E-01
 2.36931545E-01
 2.21003365E-01
 2.16212194E-01
 1.90941592E-01
 1.73218822E-01
 1.57290641E-01
 1.41362460E-01
 1.25434279E-01
 1.09506098E-01
 9.35779175E-02
 7.76497366E-02
 6.17215558E-02
 4.57933749E-02
 2.98651940E-02
 1.39370131E-02
 1.45152988E-07
 2.17989466E-03
 1.45155407E-07
 1.45156262E-07
 1.45156603E-07
 1.45157622E-07
 1.45158382E-07
 1.45159549E-07
 1.45160703E-07
 1.45161132E-07
 1.45161985E-07
 1.45163222E-07
 1.45164450E-07
 1.45164939E-07
 1.45165847E-07
 1.45166930E-07
 1.45168223E-07
 1.45168665E-07
 1.45170327E-07
 1.45171324E-07
 1.45172281E-07
 1.45172980E-07
 1.45174194E-07
 1.45175400E-07
 1.45176523E-07
 1.45177374E-07
 1.45178382E-07
 1.45179513E-07
 1.45181164E-07
 1.45181420E-07
 1.45182742E-07
 1.45183976E-07
 1.45185483E-07
 1.45145373E-07
 1.45145329E-07
 1.45145624E-07
 1.45145641E-07
 1.45145974E-07
 1.45146448E-07
 1.45146459E-07
 1.45146596E-07
 1.45147414E-07
 1.45147596E-07
 1.45147725E-07
 1.45147919E-07
 1.45148455E-07
 1.45148895E-07
 1.45148932E-07
 1.45149271E-07
 1.45149481E-07
 1.45149688E-07
 1.45150156E-07
 1.45150170E-07
 1.45150830E-07
 1.45150760E-07
 1.45151428E-07
 1.45151892E-07
 1.45151439E-07
 1.45152382E-07
 1.45152801E-07
 1.45152817E-07
 1.45152563E-07
 1.45153094E-07
 1.45154022E-07
 1.45154689E-07
 1.45155415E-07
 1.45156607E-07
 1.45157718E-07
 1.45158085E-07
 1.45159499E-07
 1.45159909E-07
 1.45161195E-07
 1.45162089E-07
 1.45163080E-07
 1.45163649E-07
 1.45164790E-07
 1.45165856E-07
 1.45166849E-07
 1.45167630E-07
 1.45168297E-07
 1.45169705E-07
 1.45170859E-07
 1.45171625E-07
 1.45172476E-07
 1.45173404E-07
 1.45174273E-07
 1.45175181E-07
 1.45176482E-07
 1.45176978E-07
 1.45177944E-07
 1.45179141E-07
 1.45180438E-07
 1.45180771E-07
 1.45182325E-07
 1.45182788E-07
 1.45184323E-07
 1.45185091E-07
 1.45185873E-07
 1.45186893E-07
 1.45187561E-07
 1.45188995E-07
 1.45190053E-07
 1.45190623E-07
 1.45191691E-07
 1.45192790E-07
 1.45193798E-07
 1.45194606E-07
 1.45195636E-07
 1.45197075E-07
 1.45198057E-07
 1.45198683E-07
 1.45199792E-07
 1.45200942E-07
 1.45201590E-07
 1.45202581E-07
 1.45203987E-07
 1.45205087E-07
 1.45205949E-07
 1.45206889E-07
 1.45208097E-07
 1.45209251E-07
 1.45209931E-07
 1.45211051E-07
 1.45212179E-07
 1.45213018E-07
 1.45214147E-07
 1.45215060E-07
 1.45216635E-07
 1.45217385E-07
 1.45218190E-07
 1.45219526E-07
 1.45220790E-07
 1.45221590E-07
 1.45222787E-07
 1.45223809E-07
 1.45224715E-07
 1.45225803E-07
 1.45227073E-07
 1.45228108E-07
 1.45229307E-07
 1.45230550E-07
 1.45231470E-07
 1.45232435E-07
 1.45233425E-07
 1.45193700E-07
 1.45194495E-07
 1.45195068E-07
 1.45196046E-07
 1.45196355E-07
 1.45197422E-07
 1.45197909E-07
 1.45198703E-07
 1.45199363E-07
 1.45200248E-07
 1.45201085E-07
 1.45201710E-07
 1.45202644E-07
 1.45203095E-07
 1.45203782E-07
 1.45204856E-07
 1.45205392E-07
 1.45206314E-07
 1.45207136E-07
 1.45207935E-07
 1.45208713E-07
 1.45209149E-07
 1.45210003E-07
 1.45210851E-07
 1.45211471E-07
 1.45212180E-07
 1.45213152E-07
 1.45213925E-07
 1.45214497E-07
 1.45215443E-07
 1.45215988E-07
 1.45216929E-07
 1.45217650E-07
 1.45218558E-07
 1.45219365E-07
 1.45172609E-07
 1.45167347E-07
 1.45164043E-07
 1.45161306E-07
 1.45159278E-07
 1.45157857E-07
 1.45156374E-07
 1.45155212E-07
 1.45154138E-07
 1.45153137E-07
 1.45151295E-07
 1.45149388E-07
 1.45190136E-07
 1.45189255E-07
 1.45188321E-07
 1.45187476E-07
 1.45186852E-07
 1.45186024E-07
 1.45185169E-07
 1.45184580E-07
 1.45183756E-07
 1.45183145E-07
 1.45182559E-07
 1.45181702E-07
 1.45181195E-07
 1.45180338E-07
 1.45179775E-07
 1.45179033E-07
 1.45178352E-07
 1.45177715E-07
 1.45176981E-07
 1.45176428E-07
 1.45175663E-07
 1.45175072E-07
 1.45174545E-07
 1.45173883E-07
 1.45173293E-07
 1.45172702E-07
 1.45172089E-07
 1.45171342E-07
 1.45170817E-07
 1.45170150E-07
 1.45169563E-07
 1.45168924E-07
 1.45168404E-07
 1.45167772E-07
 1.45167292E-07
 1.45166545E-07
 1.45166090E-07
 1.45165446E-07
 1.45164973E-07
 1.45164296E-07
 1.45163724E-07
 1.45163130E-07
 1.45162645E-07
 1.45162130E-07
 1.45161484E-07
 1.45161025E-07
 1.45160417E-07
 1.45159846E-07
 1.45159364E-07
 1.45158791E-07
 1.45158264E-07
 1.45157678E-07
 1.45157183E-07
 1.45156661E-07
 1.45156153E-07
 1.45155685E-07
 1.45155178E-07
 1.45154676E-07
 1.45154156E-07
 1.45153685E-07
 2.32470786E-03
 6.04447269E-03
 9.76423752E-03
 1.34840023E-02
 1.72037672E-02
 2.09235320E-02
 2.46432968E-02
 2.83630617E-02
 3.20828265E-02
 3.58025913E-02
 3.95223561E-02
 4.32421210E-02
 4.69618858E-02
 5.06816506E-02
 5.44014155E-02
 5.81211803E-02
 6.18409451E-02
 6.55607099E-02
 6.92804748E-02
 7.30002396E-02
 7.67200044E-02
 8.04397693E-02
 8.41595341E-02
 8.78792989E-02
 9.15990637E-02
 9.53188286E-02
 9.90385934E-02
 1.02758358E-01
 1.06478123E-01
 1.10197888E-01
 1.13917653E-01
 1.21461160E-01
 1.37416901E-01
 1.53372643E-01
 1.69328384E-01
 1.85284125E-01
 2.01239866E-01
 2.17195607E-01
 2.33151348E-01
 2.49120444E-01
 2.65103756E-01
 2.81087069E-01
 2.97070381E-01
 3.13069440E-01
 3.29080364E-01
 3.45108304E-01
 3.60110578E-01
 3.83293595E-01
 4.10828089E-01
 4.38464906E-01
 4.66203316E-01
 4.94038150E-01
 5.21971257E-01
 5.50002628E-01
 5.78131692E-01
 6.16344729E-01
 6.56761424E-01
 6.97310419E-01
 7.37990911E-01
 7.89903691E-01
 8.43024963E-01
 9.07964841E-01
 0.00000000E+00
 0.00000000E+00
 0.00000000E+00
 0.00000000E+00
 0.00000000E+00
 0.00000000E+00
 0.00000000E+00
 0.00000000E+00
 0.00000000E+00
 0.00000000E+00
 0.00000000E+00
 0.00000000E+00
 0.00000000E+00
 0.00000000E+00
 0.00000000E+00
 0.00000000E+00
 0.00000000E+00
 0.00000000E+00
 0.00000000E+00
 0.00000000E+00
 0.00000000E+00
 0.00000000E+00
 0.00000000E+00
 0.00000000E+00
 0.00000000E+00
 0.00000000E+00
 0.00000000E+00
 0.00000000E+00
 0.00000000E+00
 0.00000000E+00
 0.00000000E+00
 0.00000000E+00
 0.00000000E+00
 0.00000000E+00
 0.00000000E+00
 0.00000000E+00
 0.00000000E+00
 0.00000000E+00
 0.00000000E+00
 0.00000000E+00
 0.00000000E+00
 0.00000000E+00
 0.00000000E+00
 0.00000000E+00
 0.00000000E+00
 0.00000000E+00
 0.00000000E+00
 0.00000000E+00
 0.00000000E+00
 0.00000000E+00
 0.00000000E+00
 0.00000000E+00
 0.00000000E+00
 0.00000000E+00
 0.00000000E+00
 0.00000000E+00
 0.00000000E+00
 0.00000000E+00
 0.00000000E+00
 0.00000000E+00
 0.00000000E+00
 0.00000000E+00
 0.00000000E+00
 0.00000000E+00
 0.00000000E+00
 0.00000000E+00
 0.00000000E+00
 0.00000000E+00
 0.00000000E+00
 0.00000000E+00
 0.00000000E+00
 0.00000000E+00
 0.00000000E+00
 0.00000000E+00
 0.00000000E+00
 0.00000000E+00
 0.00000000E+00
 0.00000000E+00
 0.00000000E+00
 0.00000000E+00
 0.00000000E+00
 0.00000000E+00
 0.00000000E+00
 0.00000000E+00
 0.00000000E+00
 0.00000000E+00
 0.00000000E+00
 0.00000000E+00
 0.00000000E+00
 0.00000000E+00
 0.00000000E+00
 0.00000000E+00
 0.00000000E+00
 0.00000000E+00
 0.00000000E+00
 0.00000000E+00
 0.00000000E+00
 0.00000000E+00
 0.00000000E+00
 0.00000000E+00
 0.00000000E+00
 0.00000000E+00
 0.00000000E+00
 0.00000000E+00
 0.00000000E+00
 0.00000000E+00
 0.00000000E+00
 0.00000000E+00
 0.00000000E+00
 0.00000000E+00
 0.00000000E+00
 0.00000000E+00
 0.00000000E+00
 0.00000000E+00
 0.00000000E+00
 0.00000000E+00
 0.00000000E+00
 0.00000000E+00
 0.00000000E+00
 0.00000000E+00
 0.00000000E+00
 0.00000000E+00
 0.00000000E+00
 0.00000000E+00
 0.00000000E+00
 0.00000000E+00
 0.00000000E+00
 0.00000000E+00
 0.00000000E+00
 0.00000000E+00
 0.00000000E+00
 0.00000000E+00
 0.00000000E+00
 0.00000000E+00
 0.00000000E+00
 0.00000000E+00
 0.00000000E+00
 0.00000000E+00
 0.00000000E+00
 0.00000000E+00
 0.00000000E+00
 0.00000000E+00
 0.00000000E+00
 0.00000000E+00
 0.00000000E+00
 0.00000000E+00
 0.00000000E+00
 0.00000000E+00
 0.00000000E+00
 0.00000000E+00
 0.00000000E+00
 0.00000000E+00
 0.00000000E+00
 0.00000000E+00
 0.00000000E+00
 0.00000000E+00
 0.00000000E+00
 0.00000000E+00
 0.00000000E+00
 0.00000000E+00
 0.00000000E+00
 0.00000000E+00
 5.82953696E-01
 5.18169804E-01
 4.63296302E-01
 4.14775615E-01
 3.66254928E-01
 3.17734242E-01
 2.80518959E-01
 2.48257729E-01
 2.41279179E-01
 2.43263272E-01
 2.31536746E-01
 2.15971247E-01
 2.15242753E-01
 1.87231046E-01
 1.69274750E-01
 1.53709251E-01
 1.38143753E-01
 1.22578254E-01
 1.07012755E-01
 9.14472559E-02
 7.58817570E-02
 6.03162581E-02
 4.47507592E-02
 2.91852603E-02
 1.36197614E-02
 5.01366665E-08
 2.90396709E-03
 5.01384299E-08
 5.01384258E-08
 5.01392661E-08
 5.01407299E-08
 5.01415071E-08
 5.01424512E-08
 5.01426286E-08
 5.01442806E-08
 5.01452421E-08
 5.01454946E-08
 5.01465290E-08
 5.01481404E-08
 5.01482025E-08
 5.01492608E-08
 5.01502848E-08
 5.01517689E-08
 5.01527250E-08
 5.01536296E-08
 5.01550777E-08
 5.01561993E-08
 5.01572833E-08
 5.01582755E-08
 5.01591488E-08
 5.01607841E-08
 5.01617139E-08
 5.01625371E-08
 5.01636647E-08
 5.01649056E-08
 5.01658737E-08
 5.01674818E-08
 5.01683427E-08
 5.01283209E-08
 5.01286134E-08
 5.01284653E-08
 5.01292326E-08
 5.01287816E-08
 5.01293564E-08
 5.01298946E-08
 5.01299446E-08
 5.01299432E-08
 5.01305930E-08
 5.01304311E-08
 5.01307635E-08
 5.01316958E-08
 5.01315109E-08
 5.01317740E-08
 5.01323177E-08
 5.01322739E-08
 5.01324919E-08
 5.01329493E-08
 5.01333689E-08
 5.01337099E-08
 5.01339849E-08
 5.01341659E-08
 5.01342534E-08
 5.01347774E-08
 5.01349022E-08
 5.01354289E-08
 5.01352691E-08
 5.01356228E-08
 5.01365969E-08
 5.01372986E-08
 5.01375783E-08
 5.01385779E-08
 5.01400020E-08
 5.01405408E-08
 5.01414878E-08
 5.01428195E-08
 5.01431159E-08
 5.01442831E-08
 5.01455337E-08
 5.01463598E-08
 5.01469907E-08
 5.01476815E-08
 5.01488971E-08
 5.01498887E-08
 5.01511403E-08
 5.01516590E-08
 5.01529953E-08
 5.01538309E-08
 5.01548608E-08
 5.01558297E-08
 5.01568553E-08
 5.01571990E-08
 5.01586412E-08
 5.01592641E-08
 5.01602348E-08
 5.01614297E-08
 5.01622430E-08
 5.01631420E-08
 5.01640894E-08
 5.01650940E-08
 5.01661194E-08
 5.01674071E-08
 5.01685787E-08
 5.01690702E-08
 5.01702212E-08
 5.01710084E-08
 5.01719611E-08
 5.01729805E-08
 5.01739237E-08
 5.01748991E-08
 5.01762174E-08
 5.01768810E-08
 5.01782941E-08
 5.01789197E-08
 5.01802719E-08
 5.01811426E-08
 5.01819615E-08
 5.01834381E-08
 5.01842961E-08
 5.01849628E-08
 5.01859387E-08
 5.01872131E-08
 5.01882360E-08
 5.01893343E-08
 5.01900642E-08
 5.01913498E-08
 5.01925536E-08
 5.01936770E-08
 5.01946957E-08
 5.01954141E-08
 5.01965098E-08
 5.01978750E-08
 5.01988007E-08
 5.01997773E-08
 5.02009817E-08
 5.02020276E-08
 5.02030833E-08
 5.02040504E-08
 5.02053065E-08
 5.02065474E-08
 5.02073918E-08
 5.02084918E-08
 5.02093612E-08
 5.02107641E-08
 5.02118170E-08
 5.02129135E-08
 5.02140386E-08
 5.02151909E-08
 5.02162617E-08
 5.01761821E-08
 5.01768103E-08
 5.01778363E-08
 5.01786283E-08
 5.01792795E-08
 5.01797021E-08
 5.01805165E-08
 5.01815476E-08
 5.01823564E-08
 5.01830214E-08
 5.01835511E-08
 5.01843744E-08
 5.01849844E-08
 5.01858835E-08
 5.01866640E-08
 5.01873125E-08
 5.01882540E-08
 5.01890851E-08
 5.01897921E-08
 5.01904688E-08
 5.01911153E-08
 5.01920850E-08
 5.01926997E-08
 5.01936356E-08
 5.01943235E-08
 5.01950114E-08
 5.01958735E-08
 5.01965078E-08
 5.01972577E-08
 5.01979620E-08
 5.01988876E-08
 5.01998584E-08
 5.02003711E-08
 5.02011227E-08
 5.02019842E-08
 5.02027438E-08
 5.01565366E-08
 5.01510143E-08
 5.01473035E-08
 5.01447478E-08
 5.01425244E-08
 5.01407634E-08
 5.01394909E-08
 5.01383004E-08
 5.01371374E-08
 5.01361744E-08
 5.01342959E-08
 5.01324704E-08
 5.01732389E-08
 5.01724267E-08
 5.01717672E-08
 5.01708908E-08
 5.01701938E-08
 5.01692152E-08
 5.01686887E-08
 5.01679101E-08
 5.01672084E-08
 5.01664693E-08
 5.01657343E-08
 5.01650079E-08
 5.01642336E-08
 5.01636946E-08
 5.01630145E-08
 5.01622065E-08
 5.01614547E-08
 5.01609427E-08
 5.01603381E-08
 5.01596090E-08
 5.01589283E-08
 5.01582624E-08
 5.01576352E-08
 5.01569652E-08
 5.01563599E-08
 5.01558436E-08
 5.01551840E-08
 5.01545746E-08
 5.01539016E-08
 5.01532175E-08
 5.01527993E-08
 5.01520972E-08
 5.01514508E-08
 5.01509195E-08
 5.01502927E-08
 5.01497347E-08
 5.01491290E-08
 5.01484861E-08
 5.01479438E-08
 5.01474704E-08
 5.01469257E-08
 5.01462671E-08
 5.01457371E-08
 5.01451075E-08
 5.01445792E-08
 5.01440707E-08
 5.01434469E-08
 5.01429605E-08
 5.01423869E-08
 5.01418607E-08
 5.01412791E-08
 5.01407730E-08
 5.01402554E-08
 5.01397530E-08
 5.01392706E-08
 5.01387505E-08
 5.01381849E-08
 5.01376469E-08
 5.01371278E-08
 5.01366457E-08
 5.01371104E-08
 5.01382476E-08
 5.01392475E-08
 5.01403638E-08
 5.01414648E-08
 5.01425586E-08
 5.01436036E-08
 5.01446797E-08
 5.01457968E-08
 5.01468934E-08
 5.01479950E-08
 5.01491593E-08
 5.01502658E-08
 5.01513985E-08
 5.01525330E-08
 5.01536797E-08
 5.01548520E-08
 5.01560194E-08
 5.01571950E-08
 5.01583862E-08
 5.01595919E-08
 5.01608100E-08
 5.01620328E-08
 5.01632744E-08
 5.01645308E-08
 5.01658026E-08
 5.01670973E-08
 5.01273577E-08
 5.01296975E-08
 5.01321134E-08
 5.01346604E-08
 4.87564218E-03
 2.04778576E-02
 3.60800730E-02
 5.16822884E-02
 6.72845038E-02
 8.28867192E-02
 9.84889346E-02
 1.14091150E-01
 1.29711157E-01
 1.45350103E-01
 1.60989049E-01
 1.76627996E-01
 1.92287921E-01
 2.07963651E-01
 2.23662052E-01
 2.38148547E-01
 2.63513217E-01
 2.94654899E-01
 3.25912997E-01
 3.57286736E-01
 3.88769425E-01
 4.20363718E-01
 4.52069794E-01
 4.83887077E-01
 5.29119854E-01
 5.77269900E-01
 6.25577857E-01
 6.74042831E-01
 7.37453986E-01
 8.02457376E-01
 8.83188506E-01
 0.00000000E+00
 0.00000000E+00
 0.00000000E+00
 0.00000000E+00
 0.00000000E+00
 0.00000000E+00
 0.00000000E+00
 0.00000000E+00
 0.00000000E+00
 0.00000000E+00
 0.00000000E+00
 0.00000000E+00
 0.00000000E+00
 0.00000000E+00
 0.00000000E+00
 0.00000000E+00
 0.00000000E+00
 0.00000000E+00
 0.00000000E+00
 0.00000000E+00
 0.00000000E+00
 0.00000000E+00
 0.00000000E+00
 0.00000000E+00
 0.00000000E+00
 0.00000000E+00
 0.00000000E+00
 0.00000000E+00
 0.00000000E+00
 0.00000000E+00
 0.00000000E+00
 0.00000000E+00
 0.00000000E+00
 0.00000000E+00
 0.00000000E+00
 0.00000000E+00
 0.00000000E+00
 0.00000000E+00
 0.00000000E+00
 0.00000000E+00
 0.00000000E+00
 0.00000000E+00
 0.00000000E+00
 0.00000000E+00
 0.00000000E+00
 0.00000000E+00
 0.00000000E+00
 0.00000000E+00
 0.00000000E+00
 0.00000000E+00
 0.00000000E+00
 0.00000000E+00
 0.00000000E+00
 0.00000000E+00
 0.00000000E+00
 0.00000000E+00
 0.00000000E+00
 0.00000000E+00
 0.00000000E+00
 0.00000000E+00
 0.00000000E+00
 0.00000000E+00
 0.00000000E+00
 0.00000000E+00
 0.00000000E+00
 0.00000000E+00
 0.00000000E+00
 0.00000000E+00
 0.00000000E+00
 0.00000000E+00
 0.00000000E+00
 0.00000000E+00
 0.00000000E+00
 0.00000000E+00
 0.00000000E+00
 0.00000000E+00
 0.00000000E+00
 0.00000000E+00
 0.00000000E+00
 0.00000000E+00
 0.00000000E+00
 0.00000000E+00
 0.00000000E+00
 0.00000000E+00
 0.00000000E+00
 0.00000000E+00
 0.00000000E+00
 0.00000000E+00
 0.00000000E+00
 0.00000000E+00
 0.00000000E+00
 0.00000000E+00
 0.00000000E+00
 0.00000000E+00
 0.00000000E+00
 0.00000000E+00
 0.00000000E+00
 0.00000000E+00
 0.00000000E+00
 0.00000000E+00
 0.00000000E+00
 0.00000000E+00
 0.00000000E+00
 0.00000000E+00
 0.00000000E+00
 0.00000000E+00
 0.00000000E+00
 0.00000000E+00
 0.00000000E+00
 0.00000000E+00
 0.00000000E+00
 0.00000000E+00
 0.00000000E+00
 0.00000000E+00
 0.00000000E+00
 0.00000000E+00
 0.00000000E+00
 0.00000000E+00
 0.00000000E+00
 0.00000000E+00
 0.00000000E+00
 0.00000000E+00
 0.00000000E+00
 0.00000000E+00
 0.00000000E+00
 0.00000000E+00
 0.00000000E+00
 0.00000000E+00
 0.00000000E+00
 0.00000000E+00
 0.00000000E+00
 0.00000000E+00
 0.00000000E+00
 0.00000000E+00
 0.00000000E+00
 0.00000000E+00
 0.00000000E+00
 0.00000000E+00
 0.00000000E+00
 0.00000000E+00
 0.00000000E+00
 0.00000000E+00
 0.00000000E+00
 0.00000000E+00
 0.00000000E+00
 0.00000000E+00
 0.00000000E+00
 0.00000000E+00
 0.00000000E+00
 0.00000000E+00
 0.00000000E+00
 0.00000000E+00
 0.00000000E+00
 0.00000000E+00
 0.00000000E+00
 0.00000000E+00
 0.00000000E+00
 0.00000000E+00
 0.00000000E+00
 0.00000000E+00
 0.00000000E+00
 0.00000000E+00
 5.30308842E-01
 4.57347108E-01
 3.96763071E-01
 3.44113455E-01
 2.91463838E-01
 2.38814222E-01
 2.00284620E-01
 1.67942440E-01
 1.67177352E-01
 1.77606261E-01
 1.70911135E-01
 1.59421279E-01
 1.66462271E-01
 1.39427581E-01
 1.24951712E-01
 1.13461856E-01
 1.01972001E-01
 9.04821453E-02
 7.89922896E-02
 6.75024340E-02
 5.60125784E-02
 4.45227228E-02
 3.30328671E-02
 2.15430115E-02
 1.00531559E-02
 4.67776767E-07
 3.62734823E-03
 4.67778213E-07
 4.67779128E-07
 4.67780631E-07
 4.67780732E-07
 4.67781880E-07
 4.67782937E-07
 4.67783681E-07
 4.67784096E-07
 4.67785324E-07
 4.67786635E-07
 4.67787466E-07
 4.67787769E-07
 4.67789022E-07
 4.67790177E-07
 4.67790922E-07
 4.67791900E-07
 4.67793132E-07
 4.67794073E-07
 4.67795172E-07
 4.67796695E-07
 4.67797937E-07
 4.67798866E-07
 4.67800080E-07
 4.67801377E-07
 4.67802352E-07
 4.67803631E-07
 4.67805159E-07
 4.67805765E-07
 4.67807451E-07
 4.67808616E-07
 4.67808947E-07
 4.67769100E-07
 4.67769247E-07
 4.67769694E-07
 4.67769515E-07
 4.67769758E-07
 4.67769969E-07
 4.67770119E-07
 4.67770505E-07
 4.67771396E-07
 4.67771460E-07
 4.67771418E-07
 4.67771706E-07
 4.67771874E-07
 4.67772332E-07
 4.67772488E-07
 4.67773338E-07
 4.67773162E-07
 4.67773645E-07
 4.67773519E-07
 4.67774157E-07
 4.67774707E-07
 4.67775024E-07
 4.67775239E-07
 4.67775333E-07
 4.67775566E-07
 4.67775375E-07
 4.67776266E-07
 4.67776702E-07
 4.67777093E-07
 4.67776889E-07
 4.67777731E-07
 4.67778656E-07
 4.67779620E-07
 4.67780204E-07
 4.67781325E-07
 4.67782049E-07
 4.67783008E-07
 4.67784195E-07
 4.67784946E-07
 4.67786285E-07
 4.67787038E-07
 4.67787711E-07
 4.67788920E-07
 4.67789877E-07
 4.67790605E-07
 4.67791678E-07
 4.67792241E-07
 4.67793135E-07
 4.67794706E-07
 4.67795606E-07
 4.67796546E-07
 4.67797398E-07
 4.67798150E-07
 4.67799260E-07
 4.67800594E-07
 4.67801075E-07
 4.67802344E-07
 4.67803092E-07
 4.67804488E-07
 4.67805332E-07
 4.67806079E-07
 4.67807201E-07
 4.67808197E-07
 4.67808835E-07
 4.67809901E-07
 4.67810933E-07
 4.67812244E-07
 4.67812925E-07
 4.67814195E-07
 4.67815378E-07
 4.67815795E-07
 4.67817186E-07
 4.67817789E-07
 4.67819021E-07
 4.67819982E-07
 4.67820990E-07
 4.67821936E-07
 4.67823005E-07
 4.67824400E-07
 4.67825159E-07
 4.67826110E-07
 4.67827458E-07
 4.67828447E-07
 4.67829490E-07
 4.67830155E-07
 4.67831271E-07
 4.67832394E-07
 4.67833320E-07
 4.67834739E-07
 4.67835326E-07
 4.67836701E-07
 4.67837723E-07
 4.67838888E-07
 4.67839689E-07
 4.67840926E-07
 4.67842161E-07
 4.67843311E-07
 4.67844252E-07
 4.67845179E-07
 4.67846272E-07
 4.67847527E-07
 4.67848546E-07
 4.67849696E-07
 4.67850887E-07
 4.67851726E-07
 4.67852968E-07
 4.67853829E-07
 4.67854995E-07
 4.67856146E-07
 4.67816270E-07
 4.67817128E-07
 4.67817757E-07
 4.67818690E-07
 4.67819378E-07
 4.67820292E-07
 4.67820689E-07
 4.67821660E-07
 4.67822119E-07
 4.67823155E-07
 4.67823601E-07
 4.67824334E-07
 4.67825277E-07
 4.67826081E-07
 4.67826662E-07
 4.67827531E-07
 4.67828271E-07
 4.67829224E-07
 4.67829696E-07
 4.67830817E-07
 4.67831476E-07
 4.67832102E-07
 4.67833035E-07
 4.67833537E-07
 4.67834433E-07
 4.67835391E-07
 4.67835953E-07
 4.67836675E-07
 4.67837496E-07
 4.67838501E-07
 4.67838974E-07
 4.67839739E-07
 4.67840802E-07
 4.67841537E-07
 4.67842360E-07
 4.67842974E-07
 4.67843796E-07
 4.67798242E-07
 4.67791955E-07
 4.67788021E-07
 4.67785575E-07
 4.67783108E-07
 4.67781506E-07
 4.67780196E-07
 4.67778838E-07
 4.67777949E-07
 4.67776664E-07
 4.67774670E-07
 4.67814781E-07
 4.67814088E-07
 4.67813039E-07
 4.67812305E-07
 4.67811756E-07
 4.67810712E-07
 4.67810008E-07
 4.67809200E-07
 4.67808597E-07
 4.67807764E-07
 4.67806986E-07
 4.67806357E-07
 4.67805620E-07
 4.67805056E-07
 4.67804270E-07
 4.67803565E-07
 4.67802949E-07
 4.67802295E-07
 4.67801555E-07
 4.67800834E-07
 4.67800305E-07
 4.67799545E-07
 4.67798958E-07
 4.67798320E-07
 4.67797781E-07
 4.67796932E-07
 4.67796424E-07
 4.67795740E-07
 4.67795163E-07
 4.67794650E-07
 4.67794012E-07
 4.67793316E-07
 4.67792691E-07
 4.67792051E-07
 4.67791572E-07
 4.67790907E-07
 4.67790263E-07
 4.67789728E-07
 4.67789084E-07
 4.67788603E-07
 4.67787947E-07
 4.67787514E-07
 4.67786875E-07
 4.67786297E-07
 4.67785753E-07
 4.67785240E-07
 4.67784642E-07
 4.67784095E-07
 4.67783469E-07
 4.67783006E-07
 4.67782400E-07
 4.67781853E-07
 4.67781424E-07
 4.67780767E-07
 4.67780267E-07
 4.67779798E-07
 4.67779293E-07
 4.67778686E-07
 4.67778282E-07
 4.67777729E-07
 4.67777221E-07
 4.67777698E-07
 4.67778759E-07
 4.67779865E-07
 4.67780928E-07
 4.67781983E-07
 4.67783121E-07
 4.67784199E-07
 4.67785318E-07
 4.67786422E-07
 4.67787510E-07
 4.67788655E-07
 4.67789812E-07
 4.67790915E-07
 4.67792085E-07
 4.67793216E-07
 4.67794385E-07
 4.67795548E-07
 4.67796733E-07
 4.67797924E-07
 4.67799125E-07
 4.67800340E-07
 4.67801566E-07
 4.67802798E-07
 4.67804051E-07
 4.67805321E-07
 4.67806605E-07
 4.67807910E-07
 4.67767847E-07
 4.67770200E-07
 4.67772638E-07
 4.67775191E-07
 3.60444258E-03
 1.51401557E-02
 2.66758688E-02
 3.82115820E-02
 4.97472951E-02
 6.12830082E-02
 7.28187214E-02
 8.43544345E-02
 9.59123685E-02
 1.07493957E-01
 1.19075546E-01
 1.30657134E-01
 1.42264924E-01
 1.53892455E-01
 1.65548301E-01
 1.75905534E-01
 1.99823497E-01
 2.30928335E-01
 2.62150509E-01
 2.93489330E-01
 3.24936713E-01
 3.56496245E-01
 3.88168420E-01
 4.19952778E-01
 4.68466282E-01
 5.20597246E-01
 5.72899564E-01
 6.25372368E-01
 6.96487294E-01
 7.69565819E-01
 8.62263225E-01
 0.00000000E+00
 0.00000000E+00
 0.00000000E+00
 0.00000000E+00
 0.00000000E+00
 0.00000000E+00
 0.00000000E+00
 0.00000000E+00
 0.00000000E+00
 0.00000000E+00
 0.00000000E+00
 0.00000000E+00
 0.00000000E+00
 0.00000000E+00
 0.00000000E+00
 0.00000000E+00
 0.00000000E+00
 0.00000000E+00
 0.00000000E+00
 0.00000000E+00
 0.00000000E+00
 0.00000000E+00
 0.00000000E+00
 0.00000000E+00
 0.00000000E+00
 0.00000000E+00
 0.00000000E+00
 0.00000000E+00
 0.00000000E+00
 0.00000000E+00
 0.00000000E+00
 0.00000000E+00
 0.00000000E+00
 0.00000000E+00
 0.00000000E+00
 0.00000000E+00
 0.00000000E+00
 0.00000000E+00
 0.00000000E+00
 0.00000000E+00
 0.00000000E+00
 0.00000000E+00
 0.00000000E+00
 0.00000000E+00
 0.00000000E+00
 0.00000000E+00
 0.00000000E+00
 0.00000000E+00
 0.00000000E+00
 0.00000000E+00
 0.00000000E+00
 0.00000000E+00
 0.00000000E+00
 0.00000000E+00
 0.00000000E+00
 0.00000000E+00
 0.00000000E+00
 0.00000000E+00
 0.00000000E+00
 0.00000000E+00
 0.00000000E+00
 0.00000000E+00
 0.00000000E+00
 0.00000000E+00
 0.00000000E+00
 0.00000000E+00
 0.00000000E+00
 0.00000000E+00
 0.00000000E+00
 0.00000000E+00
 0.00000000E+00
 0.00000000E+00
 0.00000000E+00
 0.00000000E+00
 0.00000000E+00
 0.00000000E+00
 0.00000000E+00
 0.00000000E+00
 0.00000000E+00
 0.00000000E+00
 0.00000000E+00
 0.00000000E+00
 0.00000000E+00
 0.00000000E+00
 0.00000000E+00
 0.00000000E+00
 0.00000000E+00
 0.00000000E+00
 0.00000000E+00
 0.00000000E+00
 0.00000000E+00
 0.00000000E+00
 0.00000000E+00
 0.00000000E+00
 0.00000000E+00
 0.00000000E+00
 0.00000000E+00
 0.00000000E+00
 0.00000000E+00
 0.00000000E+00
 0.00000000E+00
 0.00000000E+00
 0.00000000E+00
 0.00000000E+00
 0.00000000E+00
 0.00000000E+00
 0.00000000E+00
 0.00000000E+00
 0.00000000E+00
 0.00000000E+00
 0.00000000E+00
 0.00000000E+00
 0.00000000E+00
 0.00000000E+00
 0.00000000E+00
 0.00000000E+00
 0.00000000E+00
 0.00000000E+00
 0.00000000E+00
 0.00000000E+00
 0.00000000E+00
 0.00000000E+00
 0.00000000E+00
 0.00000000E+00
 0.00000000E+00
 0.00000000E+00
 0.00000000E+00
 0.00000000E+00
 0.00000000E+00
 0.00000000E+00
 0.00000000E+00
 0.00000000E+00
 0.00000000E+00
 0.00000000E+00
 0.00000000E+00
 0.00000000E+00
 0.00000000E+00
 0.00000000E+00
 0.00000000E+00
 0.00000000E+00
 0.00000000E+00
 0.00000000E+00
 0.00000000E+00
 0.00000000E+00
 0.00000000E+00
 0.00000000E+00
 0.00000000E+00
 0.00000000E+00
 0.00000000E+00
 0.00000000E+00
 0.00000000E+00
 0.00000000E+00
 0.00000000E+00
 0.00000000E+00
 0.00000000E+00
 0.00000000E+00
 0.00000000E+00
 0.00000000E+00
 0.00000000E+00
 0.00000000E+00
 0.00000000E+00
 0.00000000E+00
 4.77751549E-01
 3.96625576E-01
 3.30340504E-01
 2.73568831E-01
 2.16797157E-01
 1.60025483E-01
 1.20183756E-01
 8.77607695E-02
 9.31988274E-02
 1.12058525E-01
 1.10386446E-01
 1.02965470E-01
 1.17763044E-01
 9.17037570E-02
 8.07025400E-02
 7.32815634E-02
 6.58605868E-02
 5.84396102E-02
 5.10186336E-02
 4.35976570E-02
 3.61766804E-02
 2.87557038E-02
 2.13347272E-02
 1.39137506E-02
 6.49277404E-03
 5.80487501E-07
 4.34922284E-03
 5.80489562E-07
 5.80490741E-07
 5.80491391E-07
 5.80492171E-07
 5.80493047E-07
 5.80493603E-07
 5.80494487E-07
 5.80495478E-07
 5.80496539E-07
 5.80497088E-07
 5.80498811E-07
 5.80499085E-07
 5.80499903E-07
 5.80501227E-07
 5.80502105E-07
 5.80503173E-07
 5.80503919E-07
 5.80505799E-07
 5.80506270E-07
 5.80507442E-07
 5.80509088E-07
 5.80510186E-07
 5.80511338E-07
 5.80512965E-07
 5.80513434E-07
 5.80514761E-07
 5.80516107E-07
 5.80517728E-07
 5.80518794E-07
 5.80519880E-07
 5.80521290E-07
 5.80480078E-07
 5.80480753E-07
 5.80480169E-07
 5.80481071E-07
 5.80481636E-07
 5.80481222E-07
 5.80481637E-07
 5.80482120E-07
 5.80482195E-07
 5.80482323E-07
 5.80482908E-07
 5.80483065E-07
 5.80482933E-07
 5.80483234E-07
 5.80483489E-07
 5.80483999E-07
 5.80484732E-07
 5.80484701E-07
 5.80484728E-07
 5.80485371E-07
 5.80485760E-07
 5.80486037E-07
 5.80485922E-07
 5.80486346E-07
 5.80486889E-07
 5.80487128E-07
 5.80487467E-07
 5.80487878E-07
 5.80487701E-07
 5.80488235E-07
 5.80488853E-07
 5.80489818E-07
 5.80490400E-07
 5.80491504E-07
 5.80492860E-07
 5.80493790E-07
 5.80494297E-07
 5.80495394E-07
 5.80496035E-07
 5.80497371E-07
 5.80498603E-07
 5.80498981E-07
 5.80500494E-07
 5.80501124E-07
 5.80501980E-07
 5.80502563E-07
 5.80503831E-07
 5.80504560E-07
 5.80505947E-07
 5.80506746E-07
 5.80507460E-07
 5.80508536E-07
 5.80509973E-07
 5.80510546E-07
 5.80511444E-07
 5.80512417E-07
 5.80513569E-07
 5.80514653E-07
 5.80515756E-07
 5.80516759E-07
 5.80517654E-07
 5.80518305E-07
 5.80519857E-07
 5.80520450E-07
 5.80521794E-07
 5.80522172E-07
 5.80523597E-07
 5.80524375E-07
 5.80525157E-07
 5.80526375E-07
 5.80527813E-07
 5.80528430E-07
 5.80529340E-07
 5.80530306E-07
 5.80531311E-07
 5.80532439E-07
 5.80533374E-07
 5.80534738E-07
 5.80535975E-07
 5.80536543E-07
 5.80537713E-07
 5.80538519E-07
 5.80540095E-07
 5.80541078E-07
 5.80542064E-07
 5.80542959E-07
 5.80543844E-07
 5.80544921E-07
 5.80546262E-07
 5.80547358E-07
 5.80548090E-07
 5.80549374E-07
 5.80550264E-07
 5.80551573E-07
 5.80552383E-07
 5.80553584E-07
 5.80554558E-07
 5.80555903E-07
 5.80556905E-07
 5.80558063E-07
 5.80558958E-07
 5.80560363E-07
 5.80561312E-07
 5.80562280E-07
 5.80563239E-07
 5.80564572E-07
 5.80565888E-07
 5.80567005E-07
 5.80526956E-07
 5.80527708E-07
 5.80528687E-07
 5.80529127E-07
 5.80530158E-07
 5.80530573E-07
 5.80531655E-07
 5.80532126E-07
 5.80533250E-07
 5.80533597E-07
 5.80534322E-07
 5.80535249E-07
 5.80535944E-07
 5.80536832E-07
 5.80537574E-07
 5.80538433E-07
 5.80539233E-07
 5.80539809E-07
 5.80540668E-07
 5.80541397E-07
 5.80541915E-07
 5.80542810E-07
 5.80543585E-07
 5.80544656E-07
 5.80545292E-07
 5.80545976E-07
 5.80546574E-07
 5.80547655E-07
 5.80548404E-07
 5.80549244E-07
 5.80549940E-07
 5.80550753E-07
 5.80551517E-07
 5.80552190E-07
 5.80553235E-07
 5.80553975E-07
 5.80554506E-07
 5.80555311E-07
 5.80510643E-07
 5.80503668E-07
 5.80499562E-07
 5.80496820E-07
 5.80494708E-07
 5.80492808E-07
 5.80491185E-07
 5.80490154E-07
 5.80489197E-07
 5.80487982E-07
 5.80485687E-07
 5.80526154E-07
 5.80525497E-07
 5.80524540E-07
 5.80523769E-07
 5.80523020E-07
 5.80522017E-07
 5.80521293E-07
 5.80520602E-07
 5.80519953E-07
 5.80519177E-07
 5.80518411E-07
 5.80517712E-07
 5.80516849E-07
 5.80516266E-07
 5.80515389E-07
 5.80514787E-07
 5.80514194E-07
 5.80513423E-07
 5.80512897E-07
 5.80512269E-07
 5.80511502E-07
 5.80510941E-07
 5.80510068E-07
 5.80509605E-07
 5.80508877E-07
 5.80508249E-07
 5.80507637E-07
 5.80506962E-07
 5.80506298E-07
 5.80505760E-07
 5.80505078E-07
 5.80504531E-07
 5.80503848E-07
 5.80503336E-07
 5.80502803E-07
 5.80502127E-07
 5.80501517E-07
 5.80500943E-07
 5.80500305E-07
 5.80499740E-07
 5.80499188E-07
 5.80498642E-07
 5.80498051E-07
 5.80497430E-07
 5.80496879E-07
 5.80496293E-07
 5.80495733E-07
 5.80495155E-07
 5.80494641E-07
 5.80494078E-07
 5.80493617E-07
 5.80493040E-07
 5.80492467E-07
 5.80492022E-07
 5.80491416E-07
 5.80490879E-07
 5.80490416E-07
 5.80489869E-07
 5.80489342E-07
 5.80488870E-07
 5.80488371E-07
 5.80488852E-07
 5.80489857E-07
 5.80490996E-07
 5.80492105E-07
 5.80493205E-07
 5.80494315E-07
 5.80495382E-07
 5.80496492E-07
 5.80497646E-07
 5.80498729E-07
 5.80499870E-07
 5.80501026E-07
 5.80502163E-07
 5.80503310E-07
 5.80504496E-07
 5.80505645E-07
 5.80506835E-07
 5.80508021E-07
 5.80509228E-07
 5.80510432E-07
 5.80511660E-07
 5.80512891E-07
 5.80514139E-07
 5.80515405E-07
 5.80516684E-07
 5.80517980E-07
 5.80519294E-07
 5.80520636E-07
 5.80481267E-07
 5.80483724E-07
 5.80486295E-07
 2.33565698E-03
 9.81161690E-03
 1.72875768E-02
 2.47635367E-02
 3.22394966E-02
 3.97154565E-02
 4.71914165E-02
 5.46673764E-02
 6.21699792E-02
 6.97009439E-02
 7.72319085E-02
 8.47628732E-02
 9.23252536E-02
 9.99113033E-02
 1.07531302E-01
 1.13766880E-01
 1.36240312E-01
 1.67308128E-01
 1.98494199E-01
 2.29797923E-01
 2.61209827E-01
 2.92734427E-01
 3.24372528E-01
 3.56123792E-01
 4.07912415E-01
 4.64017563E-01
 5.20307514E-01
 5.76781426E-01
 6.55587406E-01
 7.36727792E-01
 8.41371933E-01
 0.00000000E+00
 0.00000000E+00
 0.00000000E+00
 0.00000000E+00
 0.00000000E+00
 0.00000000E+00
 0.00000000E+00
 0.00000000E+00
 0.00000000E+00
 0.00000000E+00
 0.00000000E+00
 0.00000000E+00
 0.00000000E+00
 0.00000000E+00
 0.00000000E+00
 0.00000000E+00
 0.00000000E+00
 0.00000000E+00
 0.00000000E+00
 0.00000000E+00
 0.00000000E+00
 0.00000000E+00
 0.00000000E+00
 0.00000000E+00
 0.00000000E+00
 0.00000000E+00
 0.00000000E+00
 0.00000000E+00
 0.00000000E+00
 0.00000000E+00
 0.00000000E+00
 0.00000000E+00
 0.00000000E+00
 0.00000000E+00
 0.00000000E+00
 0.00000000E+00
 0.00000000E+00
 0.00000000E+00
 0.00000000E+00
 0.00000000E+00
 0.00000000E+00
 0.00000000E+00
 0.00000000E+00
 0.00000000E+00
 0.00000000E+00
 0.00000000E+00
 0.00000000E+00
 0.00000000E+00
 0.00000000E+00
 0.00000000E+00
 0.00000000E+00
 0.00000000E+00
 0.00000000E+00
 0.00000000E+00
 0.00000000E+00
 0.00000000E+00
 0.00000000E+00
 0.00000000E+00
 0.00000000E+00
 0.00000000E+00
 0.00000000E+00
 0.00000000E+00
 0.00000000E+00
 0.00000000E+00
 0.00000000E+00
 0.00000000E+00
 0.00000000E+00
 0.00000000E+00
 0.00000000E+00
 0.00000000E+00
 0.00000000E+00
 0.00000000E+00
 0.00000000E+00
 0.00000000E+00
 0.00000000E+00
 0.00000000E+00
 0.00000000E+00
 0.00000000E+00
 0.00000000E+00
 0.00000000E+00
 0.00000000E+00
 0.00000000E+00
 0.00000000E+00
 0.00000000E+00
 0.00000000E+00
 0.00000000E+00
 0.00000000E+00
 0.00000000E+00
 0.00000000E+00
 0.00000000E+00
 0.00000000E+00
 0.00000000E+00
 0.00000000E+00
 0.00000000E+00
 0.00000000E+00
 0.00000000E+00
 0.00000000E+00
 0.00000000E+00
 0.00000000E+00
 0.00000000E+00
 0.00000000E+00
 0.00000000E+00
 0.00000000E+00
 0.00000000E+00
 0.00000000E+00
 0.00000000E+00
 0.00000000E+00
 0.00000000E+00
 0.00000000E+00
 0.00000000E+00
 0.00000000E+00
 0.00000000E+00
 0.00000000E+00
 0.00000000E+00
 0.00000000E+00
 0.00000000E+00
 0.00000000E+00
 0.00000000E+00
 0.00000000E+00
 0.00000000E+00
 0.00000000E+00
 0.00000000E+00
 0.00000000E+00
 0.00000000E+00
 0.00000000E+00
 0.00000000E+00
 0.00000000E+00
 0.00000000E+00
 0.00000000E+00
 0.00000000E+00
 0.00000000E+00
 0.00000000E+00
 0.00000000E+00
 0.00000000E+00
 0.00000000E+00
 0.00000000E+00
 0.00000000E+00
 0.00000000E+00
 0.00000000E+00
 0.00000000E+00
 0.00000000E+00
 0.00000000E+00
 0.00000000E+00
 0.00000000E+00
 0.00000000E+00
 0.00000000E+00
 0.00000000E+00
 0.00000000E+00
 0.00000000E+00
 0.00000000E+00
 0.00000000E+00
 0.00000000E+00
 0.00000000E+00
 0.00000000E+00
 0.00000000E+00
 0.00000000E+00
 0.00000000E+00
 0.00000000E+00
 0.00000000E+00
 0.00000000E+00
 0.00000000E+00
 0.00000000E+00
 4.25281648E-01
 3.36005011E-01
 2.64028387E-01
 2.03141515E-01
 1.42254643E-01
 8.13677708E-02
 4.02161085E-02
 7.71245940E-03
 1.93433653E-02
 4.66198542E-02
 4.99624856E-02
 4.66036369E-02
 6.91449148E-02
 4.40594196E-02
 3.65270908E-02
 3.31682421E-02
 2.98093934E-02
 2.64505447E-02
 2.30916960E-02
 1.97328473E-02
 1.63739986E-02
 1.30151499E-02
 9.65630121E-03
 6.29745251E-03
 2.93860382E-03
 3.88794221E-07
 5.06959376E-03
 3.88796713E-07
 3.88796739E-07
 3.88797790E-07
 3.88798923E-07
 3.88798996E-07
 3.88800285E-07
 3.88801472E-07
 3.88802024E-07
 3.88803076E-07
 3.88804249E-07
 3.88804806E-07
 3.88805231E-07
 3.88806982E-07
 3.88807299E-07
 3.88808464E-07
 3.88809785E-07
 3.88811201E-07
 3.88812198E-07
 3.88812878E-07
 3.88814192E-07
 3.88815733E-07
 3.88816514E-07
 3.88817910E-07
 3.88819567E-07
 3.88820626E-07
 3.88821524E-07
 3.88823001E-07
 3.88823582E-07
 3.88825274E-07
 3.88826447E-07
 3.88786264E-07
 3.88786247E-07
 3.88787279E-07
 3.88787658E-07
 3.88787515E-07
 3.88788067E-07
 3.88787782E-07
 3.88788464E-07
 3.88788729E-07
 3.88788297E-07
 3.88788910E-07
 3.88789229E-07
 3.88789838E-07
 3.88790126E-07
 3.88790521E-07
 3.88790449E-07
 3.88790456E-07
 3.88791250E-07
 3.88791241E-07
 3.88791281E-07
 3.88791633E-07
 3.88792001E-07
 3.88791955E-07
 3.88793012E-07
 3.88792932E-07
 3.88793101E-07
 3.88793486E-07
 3.88793943E-07
 3.88793789E-07
 3.88794218E-07
 3.88794540E-07
 3.88795736E-07
 3.88796331E-07
 3.88797304E-07
 3.88797869E-07
 3.88798789E-07
 3.88799798E-07
 3.88801002E-07
 3.88802119E-07
 3.88803284E-07
 3.88803835E-07
 3.88804787E-07
 3.88806107E-07
 3.88806540E-07
 3.88807937E-07
 3.88808925E-07
 3.88809482E-07
 3.88810595E-07
 3.88811254E-07
 3.88812427E-07
 3.88813492E-07
 3.88814325E-07
 3.88815007E-07
 3.88816518E-07
 3.88817022E-07
 3.88818427E-07
 3.88819284E-07
 3.88820066E-07
 3.88821568E-07
 3.88822261E-07
 3.88822838E-07
 3.88824316E-07
 3.88825527E-07
 3.88826347E-07
 3.88827341E-07
 3.88828382E-07
 3.88829442E-07
 3.88830509E-07
 3.88831358E-07
 3.88832085E-07
 3.88833115E-07
 3.88834436E-07
 3.88835259E-07
 3.88836355E-07
 3.88837461E-07
 3.88838490E-07
 3.88839513E-07
 3.88840410E-07
 3.88841618E-07
 3.88842462E-07
 3.88843679E-07
 3.88844413E-07
 3.88845811E-07
 3.88846693E-07
 3.88848010E-07
 3.88848793E-07
 3.88849859E-07
 3.88850701E-07
 3.88851896E-07
 3.88853246E-07
 3.88854115E-07
 3.88855110E-07
 3.88856117E-07
 3.88857025E-07
 3.88858412E-07
 3.88859581E-07
 3.88860610E-07
 3.88861404E-07
 3.88862824E-07
 3.88863891E-07
 3.88865078E-07
 3.88865885E-07
 3.88867089E-07
 3.88868281E-07
 3.88869372E-07
 3.88870341E-07
 3.88871658E-07
 3.88872757E-07
 3.88873702E-07
 3.88833844E-07
 3.88834305E-07
 3.88835436E-07
 3.88835771E-07
 3.88836847E-07
 3.88837312E-07
 3.88838343E-07
 3.88838759E-07
 3.88839828E-07
 3.88840554E-07
 3.88841119E-07
 3.88841886E-07
 3.88842844E-07
 3.88843554E-07
 3.88844115E-07
 3.88845219E-07
 3.88845742E-07
 3.88846461E-07
 3.88847459E-07
 3.88848317E-07
 3.88848952E-07
 3.88849884E-07
 3.88850263E-07
 3.88851361E-07
 3.88852006E-07
 3.88852630E-07
 3.88853634E-07
 3.88854304E-07
 3.88854967E-07
 3.88856121E-07
 3.88856646E-07
 3.88857355E-07
 3.88858337E-07
 3.88858887E-07
 3.88859746E-07
 3.88860681E-07
 3.88861403E-07
 3.88862315E-07
 3.88818546E-07
 3.88810595E-07
 3.88806316E-07
 3.88803283E-07
 3.88801080E-07
 3.88799426E-07
 3.88797701E-07
 3.88796452E-07
 3.88795460E-07
 3.88794318E-07
 3.88792367E-07
 3.88832975E-07
 3.88831941E-07
 3.88830965E-07
 3.88830301E-07
 3.88829477E-07
 3.88828559E-07
 3.88827916E-07
 3.88827275E-07
 3.88826338E-07
 3.88825774E-07
 3.88824917E-07
 3.88824081E-07
 3.88823477E-07
 3.88822706E-07
 3.88821903E-07
 3.88821306E-07
 3.88820575E-07
 3.88819879E-07
 3.88819316E-07
 3.88818631E-07
 3.88817973E-07
 3.88817241E-07
 3.88816580E-07
 3.88815987E-07
 3.88815439E-07
 3.88814679E-07
 3.88813971E-07
 3.88813339E-07
 3.88812896E-07
 3.88812152E-07
 3.88811605E-07
 3.88810989E-07
 3.88810282E-07
 3.88809707E-07
 3.88809132E-07
 3.88808487E-07
 3.88807970E-07
 3.88807419E-07
 3.88806845E-07
 3.88806123E-07
 3.88805606E-07
 3.88804983E-07
 3.88804497E-07
 3.88803892E-07
 3.88803369E-07
 3.88802741E-07
 3.88802171E-07
 3.88801599E-07
 3.88801115E-07
 3.88800519E-07
 3.88799923E-07
 3.88799351E-07
 3.88798898E-07
 3.88798297E-07
 3.88797753E-07
 3.88797280E-07
 3.88796805E-07
 3.88796249E-07
 3.88795751E-07
 3.88795208E-07
 3.88794731E-07
 3.88795187E-07
 3.88796262E-07
 3.88797386E-07
 3.88798486E-07
 3.88799596E-07
 3.88800654E-07
 3.88801805E-07
 3.88802929E-07
 3.88804043E-07
 3.88805214E-07
 3.88806328E-07
 3.88807456E-07
 3.88808646E-07
 3.88809792E-07
 3.88810957E-07
 3.88812171E-07
 3.88813348E-07
 3.88814554E-07
 3.88815761E-07
 3.88816981E-07
 3.88818212E-07
 3.88819455E-07
 3.88820721E-07
 3.88821997E-07
 3.88823287E-07
 3.88824595E-07
 3.88825922E-07
 3.88827274E-07
 3.88787574E-07
 3.88790072E-07
 3.88792653E-07
 1.06928078E-03
 4.49222344E-03
 7.91516609E-03
 1.13381087E-02
 1.47610514E-02
 1.81839940E-02
 2.16069367E-02
 2.50298793E-02
 2.84838796E-02
 3.19709412E-02
 3.54580028E-02
 3.89450644E-02
 4.24687473E-02
 4.60200214E-02
 4.96108703E-02
 5.17323823E-02
 7.27634560E-02
 1.03794068E-01
 1.34943858E-01
 1.66212308E-01
 1.97588558E-01
 2.29078055E-01
 2.60681913E-01
 2.92399915E-01
 3.47458056E-01
 4.07530668E-01
 4.67801538E-01
 5.28269850E-01
 6.14754190E-01
 7.03943190E-01
 8.20514563E-01
 0.00000000E+00
 0.00000000E+00
 0.00000000E+00
 0.00000000E+00
 0.00000000E+00
 0.00000000E+00
 0.00000000E+00
 0.00000000E+00
 0.00000000E+00
 0.00000000E+00
 0.00000000E+00
 0.00000000E+00
 0.00000000E+00
 0.00000000E+00
 0.00000000E+00
 0.00000000E+00
 0.00000000E+00
 0.00000000E+00
 0.00000000E+00
 0.00000000E+00
 0.00000000E+00
 0.00000000E+00
 0.00000000E+00
 0.00000000E+00
 0.00000000E+00
 0.00000000E+00
 0.00000000E+00
 0.00000000E+00
 0.00000000E+00
 0.00000000E+00
 0.00000000E+00
 0.00000000E+00
 0.00000000E+00
 0.00000000E+00
 0.00000000E+00
 0.00000000E+00
 0.00000000E+00
 0.00000000E+00
 0.00000000E+00
 0.00000000E+00
 0.00000000E+00
 0.00000000E+00
 0.00000000E+00
 0.00000000E+00
 0.00000000E+00
 0.00000000E+00
 0.00000000E+00
 0.00000000E+00
 0.00000000E+00
 0.00000000E+00
 0.00000000E+00
 0.00000000E+00
 0.00000000E+00
 0.00000000E+00
 0.00000000E+00
 0.00000000E+00
 0.00000000E+00
 0.00000000E+00
 0.00000000E+00
 0.00000000E+00
 0.00000000E+00
 0.00000000E+00
 0.00000000E+00
 0.00000000E+00
 0.00000000E+00
 0.00000000E+00
 0.00000000E+00
 0.00000000E+00
 0.00000000E+00
 0.00000000E+00
 0.00000000E+00
 0.00000000E+00
 0.00000000E+00
 0.00000000E+00
 0.00000000E+00
 0.00000000E+00
 0.00000000E+00
 0.00000000E+00
 0.00000000E+00
 0.00000000E+00
 0.00000000E+00
 0.00000000E+00
 0.00000000E+00
 0.00000000E+00
 0.00000000E+00
 0.00000000E+00
 0.00000000E+00
 0.00000000E+00
 0.00000000E+00
 0.00000000E+00
 0.00000000E+00
 0.00000000E+00
 0.00000000E+00
 0.00000000E+00
 0.00000000E+00
 0.00000000E+00
 0.00000000E+00
 0.00000000E+00
 0.00000000E+00
 0.00000000E+00
 0.00000000E+00
 0.00000000E+00
 0.00000000E+00
 0.00000000E+00
 0.00000000E+00
 0.00000000E+00
 0.00000000E+00
 0.00000000E+00
 0.00000000E+00
 0.00000000E+00
 0.00000000E+00
 0.00000000E+00
 0.00000000E+00
 0.00000000E+00
 0.00000000E+00
 0.00000000E+00
 0.00000000E+00
 0.00000000E+00
 0.00000000E+00
 0.00000000E+00
 0.00000000E+00
 0.00000000E+00
 0.00000000E+00
 0.00000000E+00
 0.00000000E+00
 0.00000000E+00
 0.00000000E+00
 0.00000000E+00
 0.00000000E+00
 0.00000000E+00
 0.00000000E+00
 0.00000000E+00
 0.00000000E+00
 0.00000000E+00
 0.00000000E+00
 0.00000000E+00
 0.00000000E+00
 0.00000000E+00
 0.00000000E+00
 0.00000000E+00
 0.00000000E+00
 0.00000000E+00
 0.00000000E+00
 0.00000000E+00
 0.00000000E+00
 0.00000000E+00
 0.00000000E+00
 0.00000000E+00
 0.00000000E+00
 0.00000000E+00
 0.00000000E+00
 0.00000000E+00
 0.00000000E+00
 0.00000000E+00
 0.00000000E+00
 0.00000000E+00
 0.00000000E+00
 0.00000000E+00
 0.00000000E+00
 0.00000000E+00
 0.00000000E+00
 0.00000000E+00
 3.77382827E-01
 2.80665596E-01
 2.03703406E-01
 1.39404702E-01
 7.51059990E-02
 1.08072956E-02
 3.09555946E-02
 6.28432409E-02
 4.43332429E-02
 7.95741340E-03
 2.00694552E-07
 2.00698313E-07
 2.95753862E-02
 4.76553368E-03
 2.00708289E-07
 2.00711849E-07
 2.00673534E-07
 2.00673888E-07
 2.00676005E-07
 2.00678729E-07
 2.00680621E-07
 2.00682584E-07
 2.00685332E-07
 2.00687475E-07
 2.00689726E-07
 2.00690942E-07
 5.78877132E-03
 2.00692809E-07
 2.00694147E-07
 2.00694642E-07
 2.00695678E-07
 2.00696136E-07
 2.00697725E-07
 2.00697583E-07
 2.00698824E-07
 2.00700341E-07
 2.00701029E-07
 2.00701736E-07
 2.00702052E-07
 2.00703470E-07
 2.00703895E-07
 2.00705292E-07
 2.00706273E-07
 2.00707468E-07
 2.00709334E-07
 2.00710144E-07
 2.00711363E-07
 2.00712251E-07
 2.00713921E-07
 2.00715177E-07
 2.00715824E-07
 2.00717090E-07
 2.00718740E-07
 2.00719968E-07
 2.00721012E-07
 2.00722616E-07
 2.00723633E-07
 2.00683105E-07
 2.00683561E-07
 2.00683502E-07
 2.00684296E-07
 2.00684404E-07
 2.00685179E-07
 2.00685253E-07
 2.00685064E-07
 2.00685356E-07
 2.00685502E-07
 2.00685945E-07
 2.00686807E-07
 2.00686620E-07
 2.00686392E-07
 2.00687118E-07
 2.00687355E-07
 2.00687509E-07
 2.00688411E-07
 2.00688511E-07
 2.00688350E-07
 2.00688764E-07
 2.00688890E-07
 2.00689276E-07
 2.00689359E-07
 2.00689673E-07
 2.00690069E-07
 2.00690527E-07
 2.00691039E-07
 2.00690911E-07
 2.00691217E-07
 2.00692064E-07
 2.00692431E-07
 2.00693369E-07
 2.00694018E-07
 2.00694886E-07
 2.00695962E-07
 2.00697098E-07
 2.00697628E-07
 2.00698709E-07
 2.00699813E-07
 2.00700671E-07
 2.00701382E-07
 2.00702331E-07
 2.00703620E-07
 2.00704480E-07
 2.00705530E-07
 2.00706617E-07
 2.00707744E-07
 2.00708759E-07
 2.00709788E-07
 2.00710436E-07
 2.00711559E-07
 2.00712385E-07
 2.00713298E-07
 2.00714495E-07
 2.00715738E-07
 2.00716416E-07
 2.00716985E-07
 2.00718030E-07
 2.00719530E-07
 2.00720188E-07
 2.00721039E-07
 2.00722169E-07
 2.00723459E-07
 2.00724214E-07
 2.00725556E-07
 2.00726216E-07
 2.00727324E-07
 2.00728742E-07
 2.00729451E-07
 2.00730330E-07
 2.00731474E-07
 2.00732555E-07
 2.00733203E-07
 2.00734408E-07
 2.00735491E-07
 2.00736446E-07
 2.00737692E-07
 2.00738675E-07
 2.00739699E-07
 2.00740969E-07
 2.00741837E-07
 2.00743131E-07
 2.00743893E-07
 2.00745056E-07
 2.00745978E-07
 2.00747158E-07
 2.00748183E-07
 2.00749250E-07
 2.00750431E-07
 2.00751216E-07
 2.00752400E-07
 2.00753574E-07
 2.00754528E-07
 2.00755831E-07
 2.00756899E-07
 2.00757794E-07
 2.00758733E-07
 2.00760272E-07
 2.00761330E-07
 2.00762489E-07
 2.00763627E-07
 2.00764651E-07
 2.00765461E-07
 2.00766703E-07
 2.00768179E-07
 2.00768944E-07
 2.00770310E-07
 2.00730410E-07
 2.00731037E-07
 2.00731495E-07
 2.00732527E-07
 2.00733397E-07
 2.00733998E-07
 2.00734711E-07
 2.00735258E-07
 2.00736359E-07
 2.00737194E-07
 2.00737865E-07
 2.00738638E-07
 2.00739158E-07
 2.00739871E-07
 2.00740772E-07
 2.00741424E-07
 2.00742262E-07
 2.00742864E-07
 2.00743737E-07
 2.00744722E-07
 2.00745548E-07
 2.00746235E-07
 2.00747132E-07
 2.00747883E-07
 2.00748594E-07
 2.00749183E-07
 2.00750070E-07
 2.00750933E-07
 2.00751850E-07
 2.00752362E-07
 2.00753348E-07
 2.00754104E-07
 2.00754961E-07
 2.00755764E-07
 2.00756380E-07
 2.00757052E-07
 2.00758112E-07
 2.00758880E-07
 2.00759520E-07
 2.00717237E-07
 2.00708256E-07
 2.00703667E-07
 2.00700728E-07
 2.00698303E-07
 2.00696305E-07
 2.00694737E-07
 2.00693335E-07
 2.00692244E-07
 2.00690899E-07
 2.00688882E-07
 2.00729805E-07
 2.00729079E-07
 2.00728253E-07
 2.00727391E-07
 2.00726458E-07
 2.00725758E-07
 2.00725092E-07
 2.00724232E-07
 2.00723328E-07
 2.00722498E-07
 2.00721913E-07
 2.00721035E-07
 2.00720511E-07
 2.00719806E-07
 2.00718982E-07
 2.00718291E-07
 2.00717740E-07
 2.00716998E-07
 2.00716306E-07
 2.00715531E-07
 2.00714894E-07
 2.00714166E-07
 2.00713709E-07
 2.00712943E-07
 2.00712360E-07
 2.00711760E-07
 2.00711105E-07
 2.00710408E-07
 2.00709752E-07
 2.00709020E-07
 2.00708536E-07
 2.00707915E-07
 2.00707306E-07
 2.00706575E-07
 2.00705963E-07
 2.00705437E-07
 2.00704834E-07
 2.00704248E-07
 2.00703720E-07
 2.00703038E-07
 2.00702493E-07
 2.00702002E-07
 2.00701331E-07
 2.00700705E-07
 2.00700213E-07
 2.00699712E-07
 2.00699115E-07
 2.00698510E-07
 2.00697950E-07
 2.00697379E-07
 2.00696839E-07
 2.00696329E-07
 2.00695764E-07
 2.00695271E-07
 2.00694654E-07
 2.00694118E-07
 2.00693615E-07
 2.00693044E-07
 2.00692612E-07
 2.00692076E-07
 2.00691536E-07
 2.00692017E-07
 2.00693135E-07
 2.00694224E-07
 2.00695386E-07
 2.00696479E-07
 2.00697601E-07
 2.00698742E-07
 2.00699870E-07
 2.00700990E-07
 2.00702169E-07
 2.00703292E-07
 2.00704484E-07
 2.00705637E-07
 2.00706801E-07
 2.00707975E-07
 2.00709164E-07
 2.00710384E-07
 2.00711604E-07
 2.00712807E-07
 2.00714048E-07
 2.00715287E-07
 2.00716551E-07
 2.00717815E-07
 2.00719105E-07
 2.00720406E-07
 2.00721725E-07
 2.00723062E-07
 2.00724419E-07
 2.00684397E-07
 2.00686899E-07
 2.00689520E-07
 2.16882474E-05
 9.17328515E-05
 1.61777455E-04
 2.31822059E-04
 3.01866663E-04
 3.71911266E-04
 4.41955869E-04
 5.12000472E-04
 6.17510043E-04
 7.60772646E-04
 9.04035248E-04
 1.04729785E-03
 1.23237861E-03
 1.44896610E-03
 1.71074429E-03
 4.36438114E-04
 1.98281659E-02
 5.01422656E-02
 8.05739976E-02
 1.11122955E-01
 1.41776915E-01
 1.72542276E-01
 2.03420489E-01
 2.34411477E-01
 2.92037640E-01
 3.55372797E-01
 4.18917391E-01
 4.82670654E-01
 5.76115695E-01
 6.72632882E-01
 8.00402622E-01
 0.00000000E+00
 0.00000000E+00
 0.00000000E+00
 0.00000000E+00
 0.00000000E+00
 0.00000000E+00
 0.00000000E+00
 0.00000000E+00
 0.00000000E+00
 0.00000000E+00
 0.00000000E+00
 0.00000000E+00
 0.00000000E+00
 0.00000000E+00
 0.00000000E+00
 0.00000000E+00
 0.00000000E+00
 0.00000000E+00
 0.00000000E+00
 0.00000000E+00
 0.00000000E+00
 0.00000000E+00
 0.00000000E+00
 0.00000000E+00
 0.00000000E+00
 0.00000000E+00
 0.00000000E+00
 0.00000000E+00
 0.00000000E+00
 0.00000000E+00
 0.00000000E+00
 0.00000000E+00
 0.00000000E+00
 0.00000000E+00
 0.00000000E+00
 0.00000000E+00
 0.00000000E+00
 0.00000000E+00
 0.00000000E+00
 0.00000000E+00
 0.00000000E+00
 0.00000000E+00
 0.00000000E+00
 0.00000000E+00
 0.00000000E+00
 0.00000000E+00
 0.00000000E+00
 0.00000000E+00
 0.00000000E+00
 0.00000000E+00
 0.00000000E+00
 0.00000000E+00
 0.00000000E+00
 0.00000000E+00
 0.00000000E+00
 0.00000000E+00
 0.00000000E+00
 0.00000000E+00
 0.00000000E+00
 0.00000000E+00
 0.00000000E+00
 0.00000000E+00
 0.00000000E+00
 0.00000000E+00
 0.00000000E+00
 0.00000000E+00
 0.00000000E+00
 0.00000000E+00
 0.00000000E+00
 0.00000000E+00
 0.00000000E+00
 0.00000000E+00
 0.00000000E+00
 0.00000000E+00
 0.00000000E+00
 0.00000000E+00
 0.00000000E+00
 0.00000000E+00
 0.00000000E+00
 0.00000000E+00
 0.00000000E+00
 0.00000000E+00
 0.00000000E+00
 0.00000000E+00
 0.00000000E+00
 0.00000000E+00
 0.00000000E+00
 0.00000000E+00
 0.00000000E+00
 0.00000000E+00
 0.00000000E+00
 0.00000000E+00
 0.00000000E+00
 0.00000000E+00
 0.00000000E+00
 0.00000000E+00
 0.00000000E+00
 0.00000000E+00
 0.00000000E+00
 0.00000000E+00
 0.00000000E+00
 0.00000000E+00
 0.00000000E+00
 0.00000000E+00
 0.00000000E+00
 0.00000000E+00
 0.00000000E+00
 0.00000000E+00
 0.00000000E+00
 0.00000000E+00
 0.00000000E+00
 0.00000000E+00
 0.00000000E+00
 0.00000000E+00
 0.00000000E+00
 0.00000000E+00
 0.00000000E+00
 0.00000000E+00
 0.00000000E+00
 0.00000000E+00
 0.00000000E+00
 0.00000000E+00
 0.00000000E+00
 0.00000000E+00
 0.00000000E+00
 0.00000000E+00
 0.00000000E+00
 0.00000000E+00
 0.00000000E+00
 0.00000000E+00
 0.00000000E+00
 0.00000000E+00
 0.00000000E+00
 0.00000000E+00
 0.00000000E+00
 0.00000000E+00
 0.00000000E+00
 0.00000000E+00
 0.00000000E+00
 0.00000000E+00
 0.00000000E+00
 0.00000000E+00
 0.00000000E+00
 0.00000000E+00
 0.00000000E+00
 0.00000000E+00
 0.00000000E+00
 0.00000000E+00
 0.00000000E+00
 0.00000000E+00
 0.00000000E+00
 0.00000000E+00
 0.00000000E+00
 0.00000000E+00
 0.00000000E+00
 0.00000000E+00
 0.00000000E+00
 0.00000000E+00
 0.00000000E+00
 0.00000000E+00
 0.00000000E+00
 0.00000000E+00
 3.51149747E-01
 2.50357475E-01
 1.71771193E-01
 1.07419519E-01
 4.30678465E-02
 2.12838265E-02
 6.03037340E-02
 8.82232049E-02
 5.94923432E-02
 1.06790884E-02
 1.18894887E-06
 1.18895215E-06
 3.32437546E-02
 5.35581616E-03
 1.18896332E-06
 1.18896665E-06
 1.18892797E-06
 1.18892889E-06
 1.18893070E-06
 1.18893363E-06
 1.18893565E-06
 1.18893750E-06
 1.18893988E-06
 1.18894234E-06
 1.18894483E-06
 1.18894697E-06
 6.50793061E-03
 1.18894808E-06
 1.18894858E-06
 1.18894980E-06
 1.18895042E-06
 1.18895146E-06
 1.18895214E-06
 1.18895280E-06
 1.18895353E-06
 1.18895465E-06
 1.18895541E-06
 1.18895678E-06
 1.18895772E-06
 1.18895762E-06
 1.18895903E-06
 1.18896016E-06
 1.18896083E-06
 1.18896217E-06
 1.18896325E-06
 1.18896536E-06
 1.18896600E-06
 1.18896723E-06
 1.18896884E-06
 1.18896982E-06
 1.18897122E-06
 1.18897252E-06
 1.18897401E-06
 1.18897545E-06
 1.18897665E-06
 1.18897802E-06
 1.18897936E-06
 1.18893853E-06
 1.18893882E-06
 1.18893921E-06
 1.18893905E-06
 1.18893943E-06
 1.18893983E-06
 1.18893996E-06
 1.18893996E-06
 1.18894057E-06
 1.18894057E-06
 1.18894113E-06
 1.18894122E-06
 1.18894141E-06
 1.18894183E-06
 1.18894159E-06
 1.18894271E-06
 1.18894258E-06
 1.18894291E-06
 1.18894311E-06
 1.18894373E-06
 1.18894406E-06
 1.18894409E-06
 1.18894436E-06
 1.18894415E-06
 1.18894473E-06
 1.18894495E-06
 1.18894492E-06
 1.18894563E-06
 1.18894554E-06
 1.18894584E-06
 1.18894682E-06
 1.18894703E-06
 1.18894779E-06
 1.18894876E-06
 1.18894995E-06
 1.18895131E-06
 1.18895193E-06
 1.18895257E-06
 1.18895374E-06
 1.18895464E-06
 1.18895541E-06
 1.18895666E-06
 1.18895735E-06
 1.18895824E-06
 1.18895944E-06
 1.18896054E-06
 1.18896167E-06
 1.18896269E-06
 1.18896369E-06
 1.18896432E-06
 1.18896541E-06
 1.18896621E-06
 1.18896780E-06
 1.18896834E-06
 1.18896952E-06
 1.18897072E-06
 1.18897121E-06
 1.18897276E-06
 1.18897357E-06
 1.18897412E-06
 1.18897555E-06
 1.18897644E-06
 1.18897761E-06
 1.18897822E-06
 1.18897931E-06
 1.18898037E-06
 1.18898132E-06
 1.18898256E-06
 1.18898354E-06
 1.18898423E-06
 1.18898562E-06
 1.18898648E-06
 1.18898746E-06
 1.18898877E-06
 1.18898961E-06
 1.18899065E-06
 1.18899153E-06
 1.18899268E-06
 1.18899397E-06
 1.18899485E-06
 1.18899574E-06
 1.18899715E-06
 1.18899791E-06
 1.18899907E-06
 1.18900007E-06
 1.18900123E-06
 1.18900221E-06
 1.18900321E-06
 1.18900433E-06
 1.18900544E-06
 1.18900654E-06
 1.18900750E-06
 1.18900874E-06
 1.18900982E-06
 1.18901114E-06
 1.18901218E-06
 1.18901333E-06
 1.18901450E-06
 1.18901575E-06
 1.18901689E-06
 1.18901752E-06
 1.18901898E-06
 1.18901972E-06
 1.18902127E-06
 1.18902218E-06
 1.18902313E-06
 1.18902436E-06
 1.18898456E-06
 1.18898543E-06
 1.18898613E-06
 1.18898693E-06
 1.18898756E-06
 1.18898830E-06
 1.18898922E-06
 1.18898987E-06
 1.18899072E-06
 1.18899121E-06
 1.18899234E-06
 1.18899276E-06
 1.18899380E-06
 1.18899449E-06
 1.18899537E-06
 1.18899599E-06
 1.18899670E-06
 1.18899769E-06
 1.18899834E-06
 1.18899925E-06
 1.18899984E-06
 1.18900070E-06
 1.18900134E-06
 1.18900216E-06
 1.18900293E-06
 1.18900390E-06
 1.18900441E-06
 1.18900520E-06
 1.18900631E-06
 1.18900705E-06
 1.18900778E-06
 1.18900858E-06
 1.18900946E-06
 1.18901013E-06
 1.18901104E-06
 1.18901185E-06
 1.18901255E-06
 1.18901332E-06
 1.18901418E-06
 1.18901484E-06
 1.18897581E-06
 1.18896380E-06
 1.18895884E-06
 1.18895561E-06
 1.18895317E-06
 1.18895116E-06
 1.18894980E-06
 1.18894833E-06
 1.18894708E-06
 1.18894588E-06
 1.18894384E-06
 1.18898513E-06
 1.18898403E-06
 1.18898332E-06
 1.18898254E-06
 1.18898148E-06
 1.18898064E-06
 1.18897984E-06
 1.18897907E-06
 1.18897836E-06
 1.18897784E-06
 1.18897682E-06
 1.18897613E-06
 1.18897551E-06
 1.18897466E-06
 1.18897410E-06
 1.18897329E-06
 1.18897278E-06
 1.18897199E-06
 1.18897130E-06
 1.18897065E-06
 1.18896991E-06
 1.18896918E-06
 1.18896853E-06
 1.18896807E-06
 1.18896724E-06
 1.18896668E-06
 1.18896601E-06
 1.18896543E-06
 1.18896483E-06
 1.18896405E-06
 1.18896349E-06
 1.18896288E-06
 1.18896221E-06
 1.18896163E-06
 1.18896106E-06
 1.18896053E-06
 1.18895985E-06
 1.18895919E-06
 1.18895865E-06
 1.18895806E-06
 1.18895747E-06
 1.18895688E-06
 1.18895627E-06
 1.18895573E-06
 1.18895512E-06
 1.18895465E-06
 1.18895400E-06
 1.18895339E-06
 1.18895292E-06
 1.18895227E-06
 1.18895180E-06
 1.18895125E-06
 1.18895068E-06
 1.18895010E-06
 1.18894961E-06
 1.18894903E-06
 1.18894856E-06
 1.18894806E-06
 1.18894753E-06
 1.18894700E-06
 1.18894648E-06
 1.18894697E-06
 1.18894814E-06
 1.18894920E-06
 1.18895034E-06
 1.18895149E-06
 1.18895259E-06
 1.18895374E-06
 1.18895487E-06
 1.18895599E-06
 1.18895718E-06
 1.18895832E-06
 1.18895952E-06
 1.18896069E-06
 1.18896186E-06
 1.18896305E-06
 1.18896425E-06
 1.18896549E-06
 1.18896668E-06
 1.18896792E-06
 1.18896917E-06
 1.18897042E-06
 1.18897169E-06
 1.18897297E-06
 1.18897427E-06
 1.18897558E-06
 1.18897692E-06
 1.18897826E-06
 1.18897963E-06
 1.18898104E-06
 1.18894180E-06
 1.18894445E-06
 1.78252482E-05
 7.86706704E-05
 1.39516092E-04
 2.00361514E-04
 2.61206936E-04
 3.22052358E-04
 3.82897779E-04
 4.43743200E-04
 5.44453625E-04
 6.87600989E-04
 8.30748352E-04
 9.73895715E-04
 1.16404948E-03
 1.38961895E-03
 1.66598578E-03
 4.23118763E-04
 1.72193622E-02
 4.35485841E-02
 6.99819920E-02
 9.65194071E-02
 1.23147366E-01
 1.49873333E-01
 1.76699206E-01
 2.03625163E-01
 2.60464709E-01
 3.23695549E-01
 3.87136018E-01
 4.50785501E-01
 5.47785767E-01
 6.48214435E-01
 7.83749030E-01
 0.00000000E+00
 0.00000000E+00
 0.00000000E+00
 0.00000000E+00
 0.00000000E+00
 0.00000000E+00
 0.00000000E+00
 0.00000000E+00
 0.00000000E+00
 0.00000000E+00
 0.00000000E+00
 0.00000000E+00
 0.00000000E+00
 0.00000000E+00
 0.00000000E+00
 0.00000000E+00
 0.00000000E+00
 0.00000000E+00
 0.00000000E+00
 0.00000000E+00
 0.00000000E+00
 0.00000000E+00
 0.00000000E+00
 0.00000000E+00
 0.00000000E+00
 0.00000000E+00
 0.00000000E+00
 0.00000000E+00
 0.00000000E+00
 0.00000000E+00
 0.00000000E+00
 0.00000000E+00
 0.00000000E+00
 0.00000000E+00
 0.00000000E+00
 0.00000000E+00
 0.00000000E+00
 0.00000000E+00
 0.00000000E+00
 0.00000000E+00
 0.00000000E+00
 0.00000000E+00
 0.00000000E+00
 0.00000000E+00
 0.00000000E+00
 0.00000000E+00
 0.00000000E+00
 0.00000000E+00
 0.00000000E+00
 0.00000000E+00
 0.00000000E+00
 0.00000000E+00
 0.00000000E+00
 0.00000000E+00
 0.00000000E+00
 0.00000000E+00
 0.00000000E+00
 0.00000000E+00
 0.00000000E+00
 0.00000000E+00
 0.00000000E+00
 0.00000000E+00
 0.00000000E+00
 0.00000000E+00
 0.00000000E+00
 0.00000000E+00
 0.00000000E+00
 0.00000000E+00
 0.00000000E+00
 0.00000000E+00
 0.00000000E+00
 0.00000000E+00
 0.00000000E+00
 0.00000000E+00
 0.00000000E+00
 0.00000000E+00
 0.00000000E+00
 0.00000000E+00
 0.00000000E+00
 0.00000000E+00
 0.00000000E+00
 0.00000000E+00
 0.00000000E+00
 0.00000000E+00
 0.00000000E+00
 0.00000000E+00
 0.00000000E+00
 0.00000000E+00
 0.00000000E+00
 0.00000000E+00
 0.00000000E+00
 0.00000000E+00
 0.00000000E+00
 0.00000000E+00
 0.00000000E+00
 0.00000000E+00
 0.00000000E+00
 0.00000000E+00
 0.00000000E+00
 0.00000000E+00
 0.00000000E+00
 0.00000000E+00
 0.00000000E+00
 0.00000000E+00
 0.00000000E+00
 0.00000000E+00
 0.00000000E+00
 0.00000000E+00
 0.00000000E+00
 0.00000000E+00
 0.00000000E+00
 0.00000000E+00
 0.00000000E+00
 0.00000000E+00
 0.00000000E+00
 0.00000000E+00
 0.00000000E+00
 0.00000000E+00
 0.00000000E+00
 0.00000000E+00
 0.00000000E+00
 0.00000000E+00
 0.00000000E+00
 0.00000000E+00
 0.00000000E+00
 0.00000000E+00
 0.00000000E+00
 0.00000000E+00
 0.00000000E+00
 0.00000000E+00
 0.00000000E+00
 0.00000000E+00
 0.00000000E+00
 0.00000000E+00
 0.00000000E+00
 0.00000000E+00
 0.00000000E+00
 0.00000000E+00
 0.00000000E+00
 0.00000000E+00
 0.00000000E+00
 0.00000000E+00
 0.00000000E+00
 0.00000000E+00
 0.00000000E+00
 0.00000000E+00
 0.00000000E+00
 0.00000000E+00
 0.00000000E+00
 0.00000000E+00
 0.00000000E+00
 0.00000000E+00
 0.00000000E+00
 0.00000000E+00
 0.00000000E+00
 0.00000000E+00
 0.00000000E+00
 0.00000000E+00
 0.00000000E+00
 0.00000000E+00
 0.00000000E+00
 0.00000000E+00
 3.24960345E-01
 2.20099816E-01
 1.39892158E-01
 7.54876224E-02
 1.10830871E-02
 5.33214483E-02
 8.96029075E-02
 1.13560772E-01
 7.46259955E-02
 1.33959450E-02
 1.87140136E-06
 1.87140527E-06
 3.69063368E-02
 5.94542280E-03
 1.87141470E-06
 1.87141869E-06
 1.87137978E-06
 1.87138026E-06
 1.87138344E-06
 1.87138482E-06
 1.87138789E-06
 1.87138957E-06
 1.87139246E-06
 1.87139426E-06
 1.87139696E-06
 1.87139884E-06
 7.22559177E-03
 1.87140057E-06
 1.87140109E-06
 1.87140207E-06
 1.87140330E-06
 1.87140362E-06
 1.87140442E-06
 1.87140564E-06
 1.87140599E-06
 1.87140719E-06
 1.87140794E-06
 1.87140909E-06
 1.87140937E-06
 1.87141046E-06
 1.87141175E-06
 1.87141256E-06
 1.87141354E-06
 1.87141511E-06
 1.87141602E-06
 1.87141773E-06
 1.87141855E-06
 1.87142055E-06
 1.87142123E-06
 1.87142233E-06
 1.87142413E-06
 1.87142511E-06
 1.87142620E-06
 1.87142781E-06
 1.87142957E-06
 1.87143082E-06
 1.87143164E-06
 1.87139121E-06
 1.87139161E-06
 1.87139131E-06
 1.87139168E-06
 1.87139192E-06
 1.87139280E-06
 1.87139278E-06
 1.87139321E-06
 1.87139317E-06
 1.87139355E-06
 1.87139344E-06
 1.87139358E-06
 1.87139394E-06
 1.87139422E-06
 1.87139468E-06
 1.87139490E-06
 1.87139514E-06
 1.87139524E-06
 1.87139577E-06
 1.87139585E-06
 1.87139647E-06
 1.87139662E-06
 1.87139684E-06
 1.87139658E-06
 1.87139776E-06
 1.87139773E-06
 1.87139814E-06
 1.87139855E-06
 1.87139802E-06
 1.87139856E-06
 1.87139892E-06
 1.87139917E-06
 1.87140063E-06
 1.87140162E-06
 1.87140251E-06
 1.87140358E-06
 1.87140466E-06
 1.87140548E-06
 1.87140629E-06
 1.87140733E-06
 1.87140821E-06
 1.87140917E-06
 1.87141043E-06
 1.87141125E-06
 1.87141208E-06
 1.87141281E-06
 1.87141416E-06
 1.87141477E-06
 1.87141572E-06
 1.87141711E-06
 1.87141809E-06
 1.87141923E-06
 1.87141995E-06
 1.87142127E-06
 1.87142201E-06
 1.87142335E-06
 1.87142383E-06
 1.87142536E-06
 1.87142600E-06
 1.87142693E-06
 1.87142804E-06
 1.87142917E-06
 1.87142984E-06
 1.87143108E-06
 1.87143209E-06
 1.87143307E-06
 1.87143434E-06
 1.87143544E-06
 1.87143602E-06
 1.87143731E-06
 1.87143871E-06
 1.87143955E-06
 1.87144028E-06
 1.87144152E-06
 1.87144250E-06
 1.87144386E-06
 1.87144471E-06
 1.87144538E-06
 1.87144649E-06
 1.87144771E-06
 1.87144890E-06
 1.87144995E-06
 1.87145086E-06
 1.87145214E-06
 1.87145345E-06
 1.87145405E-06
 1.87145519E-06
 1.87145642E-06
 1.87145763E-06
 1.87145872E-06
 1.87145976E-06
 1.87146055E-06
 1.87146168E-06
 1.87146294E-06
 1.87146381E-06
 1.87146487E-06
 1.87146633E-06
 1.87146737E-06
 1.87146838E-06
 1.87146974E-06
 1.87147085E-06
 1.87147180E-06
 1.87147297E-06
 1.87147387E-06
 1.87147535E-06
 1.87147644E-06
 1.87147762E-06
 1.87143720E-06
 1.87143816E-06
 1.87143886E-06
 1.87143975E-06
 1.87144028E-06
 1.87144107E-06
 1.87144189E-06
 1.87144251E-06
 1.87144322E-06
 1.87144403E-06
 1.87144501E-06
 1.87144572E-06
 1.87144653E-06
 1.87144750E-06
 1.87144811E-06
 1.87144891E-06
 1.87144936E-06
 1.87145043E-06
 1.87145123E-06
 1.87145170E-06
 1.87145286E-06
 1.87145369E-06
 1.87145436E-06
 1.87145522E-06
 1.87145593E-06
 1.87145684E-06
 1.87145762E-06
 1.87145834E-06
 1.87145895E-06
 1.87145995E-06
 1.87146051E-06
 1.87146155E-06
 1.87146225E-06
 1.87146312E-06
 1.87146379E-06
 1.87146472E-06
 1.87146555E-06
 1.87146643E-06
 1.87146702E-06
 1.87146778E-06
 1.87146890E-06
 1.87141674E-06
 1.87141196E-06
 1.87140839E-06
 1.87140583E-06
 1.87140385E-06
 1.87140223E-06
 1.87140100E-06
 1.87139963E-06
 1.87139858E-06
 1.87143866E-06
 1.87143790E-06
 1.87143694E-06
 1.87143613E-06
 1.87143498E-06
 1.87143435E-06
 1.87143333E-06
 1.87143267E-06
 1.87143189E-06
 1.87143110E-06
 1.87143049E-06
 1.87142963E-06
 1.87142887E-06
 1.87142809E-06
 1.87142735E-06
 1.87142678E-06
 1.87142611E-06
 1.87142536E-06
 1.87142459E-06
 1.87142386E-06
 1.87142339E-06
 1.87142250E-06
 1.87142179E-06
 1.87142131E-06
 1.87142061E-06
 1.87142004E-06
 1.87141929E-06
 1.87141862E-06
 1.87141798E-06
 1.87141731E-06
 1.87141682E-06
 1.87141621E-06
 1.87141548E-06
 1.87141488E-06
 1.87141420E-06
 1.87141370E-06
 1.87141304E-06
 1.87141244E-06
 1.87141178E-06
 1.87141127E-06
 1.87141063E-06
 1.87141006E-06
 1.87140952E-06
 1.87140886E-06
 1.87140830E-06
 1.87140771E-06
 1.87140721E-06
 1.87140652E-06
 1.87140603E-06
 1.87140550E-06
 1.87140491E-06
 1.87140439E-06
 1.87140375E-06
 1.87140329E-06
 1.87140274E-06
 1.87140219E-06
 1.87140168E-06
 1.87140111E-06
 1.87140061E-06
 1.87140009E-06
 1.87139957E-06
 1.87139909E-06
 1.87139957E-06
 1.87140070E-06
 1.87140176E-06
 1.87140288E-06
 1.87140405E-06
 1.87140516E-06
 1.87140632E-06
 1.87140747E-06
 1.87140863E-06
 1.87140983E-06
 1.87141099E-06
 1.87141218E-06
 1.87141337E-06
 1.87141457E-06
 1.87141574E-06
 1.87141696E-06
 1.87141818E-06
 1.87141943E-06
 1.87142066E-06
 1.87142192E-06
 1.87142318E-06
 1.87142446E-06
 1.87142575E-06
 1.87142706E-06
 1.87142838E-06
 1.87142972E-06
 1.87143108E-06
 1.87143246E-06
 1.87143387E-06
 1.87139432E-06
 1.87139697E-06
 1.42728103E-05
 6.59342795E-05
 1.17595749E-04
 1.69257217E-04
 2.20918686E-04
 2.72580155E-04
 3.24241623E-04
 3.75903091E-04
 4.71822293E-04
 6.14854565E-04
 7.57886838E-04
 9.00919109E-04
 1.09613742E-03
 1.33067391E-03
 1.62160512E-03
 4.10132808E-04
 1.46152056E-02
 3.69661517E-02
 5.94078316E-02
 8.19402954E-02
 1.04548841E-01
 1.27241997E-01
 1.50022107E-01
 1.72889607E-01
 2.28943704E-01
 2.92070277E-01
 3.55406670E-01
 4.18952423E-01
 5.19502007E-01
 6.23835696E-01
 7.67122462E-01
 0.00000000E+00
 0.00000000E+00
 0.00000000E+00
 0.00000000E+00
 0.00000000E+00
 0.00000000E+00
 0.00000000E+00
 0.00000000E+00
 0.00000000E+00
 0.00000000E+00
 0.00000000E+00
 0.00000000E+00
 0.00000000E+00
 0.00000000E+00
 0.00000000E+00
 0.00000000E+00
 0.00000000E+00
 0.00000000E+00
 0.00000000E+00
 0.00000000E+00
 0.00000000E+00
 0.00000000E+00
 0.00000000E+00
 0.00000000E+00
 0.00000000E+00
 0.00000000E+00
 0.00000000E+00
 0.00000000E+00
 0.00000000E+00
 0.00000000E+00
 0.00000000E+00
 0.00000000E+00
 0.00000000E+00
 0.00000000E+00
 0.00000000E+00
 0.00000000E+00
 0.00000000E+00
 0.00000000E+00
 0.00000000E+00
 0.00000000E+00
 0.00000000E+00
 0.00000000E+00
 0.00000000E+00
 0.00000000E+00
 0.00000000E+00
 0.00000000E+00
 0.00000000E+00
 0.00000000E+00
 0.00000000E+00
 0.00000000E+00
 0.00000000E+00
 0.00000000E+00
 0.00000000E+00
 0.00000000E+00
 0.00000000E+00
 0.00000000E+00
 0.00000000E+00
 0.00000000E+00
 0.00000000E+00
 0.00000000E+00
 0.00000000E+00
 0.00000000E+00
 0.00000000E+00
 0.00000000E+00
 0.00000000E+00
 0.00000000E+00
 0.00000000E+00
 0.00000000E+00
 0.00000000E+00
 0.00000000E+00
 0.00000000E+00
 0.00000000E+00
 0.00000000E+00
 0.00000000E+00
 0.00000000E+00
 0.00000000E+00
 0.00000000E+00
 0.00000000E+00
 0.00000000E+00
 0.00000000E+00
 0.00000000E+00
 0.00000000E+00
 0.00000000E+00
 0.00000000E+00
 0.00000000E+00
 0.00000000E+00
 0.00000000E+00
 0.00000000E+00
 0.00000000E+00
 0.00000000E+00
 0.00000000E+00
 0.00000000E+00
 0.00000000E+00
 0.00000000E+00
 0.00000000E+00
 0.00000000E+00
 0.00000000E+00
 0.00000000E+00
 0.00000000E+00
 0.00000000E+00
 0.00000000E+00
 0.00000000E+00
 0.00000000E+00
 0.00000000E+00
 0.00000000E+00
 0.00000000E+00
 0.00000000E+00
 0.00000000E+00
 0.00000000E+00
 0.00000000E+00
 0.00000000E+00
 0.00000000E+00
 0.00000000E+00
 0.00000000E+00
 0.00000000E+00
 0.00000000E+00
 0.00000000E+00
 0.00000000E+00
 0.00000000E+00
 0.00000000E+00
 0.00000000E+00
 0.00000000E+00
 0.00000000E+00
 0.00000000E+00
 0.00000000E+00
 0.00000000E+00
 0.00000000E+00
 0.00000000E+00
 0.00000000E+00
 0.00000000E+00
 0.00000000E+00
 0.00000000E+00
 0.00000000E+00
 0.00000000E+00
 0.00000000E+00
 0.00000000E+00
 0.00000000E+00
 0.00000000E+00
 0.00000000E+00
 0.00000000E+00
 0.00000000E+00
 0.00000000E+00
 0.00000000E+00
 0.00000000E+00
 0.00000000E+00
 0.00000000E+00
 0.00000000E+00
 0.00000000E+00
 0.00000000E+00
 0.00000000E+00
 0.00000000E+00
 0.00000000E+00
 0.00000000E+00
 0.00000000E+00
 0.00000000E+00
 0.00000000E+00
 0.00000000E+00
 0.00000000E+00
 0.00000000E+00
 0.00000000E+00
 0.00000000E+00
 0.00000000E+00
 2.98814535E-01
 1.89892521E-01
 1.08066198E-01
 4.36089079E-02
 2.08483826E-02
 8.53056730E-02
 1.18853210E-01
 1.38856023E-01
 8.97342492E-02
 1.61079923E-02
 2.24857599E-06
 2.24857974E-06
 4.05631441E-02
 6.53435497E-03
 2.24858977E-06
 2.24859325E-06
 2.24855358E-06
 2.24855484E-06
 2.24855752E-06
 2.24855910E-06
 2.24856212E-06
 2.24856444E-06
 2.24856697E-06
 2.24856927E-06
 2.24857111E-06
 2.24857389E-06
 7.94175764E-03
 2.24857522E-06
 2.24857600E-06
 2.24857661E-06
 2.24857741E-06
 2.24857884E-06
 2.24857960E-06
 2.24857985E-06
 2.24858055E-06
 2.24858204E-06
 2.24858285E-06
 2.24858362E-06
 2.24858432E-06
 2.24858540E-06
 2.24858579E-06
 2.24858716E-06
 2.24858849E-06
 2.24858931E-06
 2.24859075E-06
 2.24859244E-06
 2.24859330E-06
 2.24859528E-06
 2.24859636E-06
 2.24859715E-06
 2.24859887E-06
 2.24859988E-06
 2.24860122E-06
 2.24860303E-06
 2.24860397E-06
 2.24860557E-06
 2.24856599E-06
 2.24856605E-06
 2.24856595E-06
 2.24856590E-06
 2.24856665E-06
 2.24856635E-06
 2.24856726E-06
 2.24856726E-06
 2.24856753E-06
 2.24856821E-06
 2.24856767E-06
 2.24856808E-06
 2.24856856E-06
 2.24856839E-06
 2.24856911E-06
 2.24856959E-06
 2.24856935E-06
 2.24857025E-06
 2.24857029E-06
 2.24857059E-06
 2.24857071E-06
 2.24857106E-06
 2.24857148E-06
 2.24857139E-06
 2.24857151E-06
 2.24857220E-06
 2.24857208E-06
 2.24857252E-06
 2.24857280E-06
 2.24857293E-06
 2.24857328E-06
 2.24857332E-06
 2.24857390E-06
 2.24857487E-06
 2.24857600E-06
 2.24857716E-06
 2.24857819E-06
 2.24857923E-06
 2.24857985E-06
 2.24858109E-06
 2.24858189E-06
 2.24858302E-06
 2.24858369E-06
 2.24858491E-06
 2.24858576E-06
 2.24858713E-06
 2.24858787E-06
 2.24858908E-06
 2.24858990E-06
 2.24859127E-06
 2.24859209E-06
 2.24859321E-06
 2.24859374E-06
 2.24859503E-06
 2.24859570E-06
 2.24859685E-06
 2.24859796E-06
 2.24859868E-06
 2.24859982E-06
 2.24860113E-06
 2.24860199E-06
 2.24860300E-06
 2.24860400E-06
 2.24860500E-06
 2.24860586E-06
 2.24860713E-06
 2.24860813E-06
 2.24860883E-06
 2.24861036E-06
 2.24861133E-06
 2.24861242E-06
 2.24861294E-06
 2.24861400E-06
 2.24861535E-06
 2.24861654E-06
 2.24861742E-06
 2.24861846E-06
 2.24861962E-06
 2.24862099E-06
 2.24862170E-06
 2.24862292E-06
 2.24862399E-06
 2.24862491E-06
 2.24862616E-06
 2.24862704E-06
 2.24862802E-06
 2.24862912E-06
 2.24863019E-06
 2.24863134E-06
 2.24863277E-06
 2.24863361E-06
 2.24863470E-06
 2.24863602E-06
 2.24863705E-06
 2.24863807E-06
 2.24863928E-06
 2.24864047E-06
 2.24864113E-06
 2.24864263E-06
 2.24864349E-06
 2.24864506E-06
 2.24864596E-06
 2.24864707E-06
 2.24864828E-06
 2.24864958E-06
 2.24865046E-06
 2.24865134E-06
 2.24861134E-06
 2.24861230E-06
 2.24861297E-06
 2.24861373E-06
 2.24861478E-06
 2.24861545E-06
 2.24861621E-06
 2.24861668E-06
 2.24861771E-06
 2.24861845E-06
 2.24861928E-06
 2.24861974E-06
 2.24862081E-06
 2.24862152E-06
 2.24862231E-06
 2.24862319E-06
 2.24862387E-06
 2.24862456E-06
 2.24862541E-06
 2.24862635E-06
 2.24862703E-06
 2.24862788E-06
 2.24862848E-06
 2.24862918E-06
 2.24863014E-06
 2.24863086E-06
 2.24863185E-06
 2.24863263E-06
 2.24863326E-06
 2.24863427E-06
 2.24863483E-06
 2.24863570E-06
 2.24863669E-06
 2.24863728E-06
 2.24863836E-06
 2.24863889E-06
 2.24863962E-06
 2.24864070E-06
 2.24864137E-06
 2.24864212E-06
 2.24864305E-06
 2.24864387E-06
 2.24859251E-06
 2.24858695E-06
 2.24858359E-06
 2.24858071E-06
 2.24857871E-06
 2.24857707E-06
 2.24857567E-06
 2.24857439E-06
 2.24857321E-06
 2.24861360E-06
 2.24861268E-06
 2.24861172E-06
 2.24861079E-06
 2.24861015E-06
 2.24860924E-06
 2.24860836E-06
 2.24860744E-06
 2.24860669E-06
 2.24860600E-06
 2.24860538E-06
 2.24860439E-06
 2.24860385E-06
 2.24860312E-06
 2.24860227E-06
 2.24860147E-06
 2.24860085E-06
 2.24860008E-06
 2.24859930E-06
 2.24859878E-06
 2.24859806E-06
 2.24859739E-06
 2.24859673E-06
 2.24859614E-06
 2.24859535E-06
 2.24859479E-06
 2.24859397E-06
 2.24859339E-06
 2.24859279E-06
 2.24859223E-06
 2.24859156E-06
 2.24859080E-06
 2.24859028E-06
 2.24858971E-06
 2.24858910E-06
 2.24858847E-06
 2.24858789E-06
 2.24858715E-06
 2.24858653E-06
 2.24858600E-06
 2.24858548E-06
 2.24858473E-06
 2.24858417E-06
 2.24858366E-06
 2.24858303E-06
 2.24858242E-06
 2.24858191E-06
 2.24858137E-06
 2.24858072E-06
 2.24858026E-06
 2.24857968E-06
 2.24857908E-06
 2.24857858E-06
 2.24857800E-06
 2.24857742E-06
 2.24857689E-06
 2.24857640E-06
 2.24857587E-06
 2.24857532E-06
 2.24857476E-06
 2.24857423E-06
 2.24857374E-06
 2.24857431E-06
 2.24857540E-06
 2.24857657E-06
 2.24857766E-06
 2.24857886E-06
 2.24857995E-06
 2.24858110E-06
 2.24858231E-06
 2.24858344E-06
 2.24858465E-06
 2.24858582E-06
 2.24858699E-06
 2.24858819E-06
 2.24858940E-06
 2.24859062E-06
 2.24859184E-06
 2.24859307E-06
 2.24859432E-06
 2.24859557E-06
 2.24859683E-06
 2.24859811E-06
 2.24859940E-06
 2.24860071E-06
 2.24860202E-06
 2.24860336E-06
 2.24860471E-06
 2.24860609E-06
 2.24860748E-06
 2.24860890E-06
 2.24856902E-06
 2.24857169E-06
 1.10304000E-05
 5.35231155E-05
 9.60158308E-05
 1.38508546E-04
 1.81001261E-04
 2.23493976E-04
 2.65986690E-04
 3.08479405E-04
 3.99615291E-04
 5.42532620E-04
 6.85449949E-04
 8.28367276E-04
 1.02864169E-03
 1.27213026E-03
 1.57760163E-03
 3.97479648E-04
 1.20156873E-02
 3.03949464E-02
 4.88514817E-02
 6.73855719E-02
 8.59812789E-02
 1.04648193E-01
 1.23389107E-01
 1.42204709E-01
 1.97474524E-01
 2.60496877E-01
 3.23729243E-01
 3.87171316E-01
 4.91264325E-01
 5.99496587E-01
 7.50522865E-01
 0.00000000E+00
 0.00000000E+00
 0.00000000E+00
 0.00000000E+00
 0.00000000E+00
 0.00000000E+00
 0.00000000E+00
 0.00000000E+00
 0.00000000E+00
 0.00000000E+00
 0.00000000E+00
 0.00000000E+00
 0.00000000E+00
 0.00000000E+00
 0.00000000E+00
 0.00000000E+00
 0.00000000E+00
 0.00000000E+00
 0.00000000E+00
 0.00000000E+00
 0.00000000E+00
 0.00000000E+00
 0.00000000E+00
 0.00000000E+00
 0.00000000E+00
 0.00000000E+00
 0.00000000E+00
 0.00000000E+00
 0.00000000E+00
 0.00000000E+00
 0.00000000E+00
 0.00000000E+00
 0.00000000E+00
 0.00000000E+00
 0.00000000E+00
 0.00000000E+00
 0.00000000E+00
 0.00000000E+00
 0.00000000E+00
 0.00000000E+00
 0.00000000E+00
 0.00000000E+00
 0.00000000E+00
 0.00000000E+00
 0.00000000E+00
 0.00000000E+00
 0.00000000E+00
 0.00000000E+00
 0.00000000E+00
 0.00000000E+00
 0.00000000E+00
 0.00000000E+00
 0.00000000E+00
 0.00000000E+00
 0.00000000E+00
 0.00000000E+00
 0.00000000E+00
 0.00000000E+00
 0.00000000E+00
 0.00000000E+00
 0.00000000E+00
 0.00000000E+00
 0.00000000E+00
 0.00000000E+00
 0.00000000E+00
 0.00000000E+00
 0.00000000E+00
 0.00000000E+00
 0.00000000E+00
 0.00000000E+00
 0.00000000E+00
 0.00000000E+00
 0.00000000E+00
 0.00000000E+00
 0.00000000E+00
 0.00000000E+00
 0.00000000E+00
 0.00000000E+00
 0.00000000E+00
 0.00000000E+00
 0.00000000E+00
 0.00000000E+00
 0.00000000E+00
 0.00000000E+00
 0.00000000E+00
 0.00000000E+00
 0.00000000E+00
 0.00000000E+00
 0.00000000E+00
 0.00000000E+00
 0.00000000E+00
 0.00000000E+00
 0.00000000E+00
 0.00000000E+00
 0.00000000E+00
 0.00000000E+00
 0.00000000E+00
 0.00000000E+00
 0.00000000E+00
 0.00000000E+00
 0.00000000E+00
 0.00000000E+00
 0.00000000E+00
 0.00000000E+00
 0.00000000E+00
 0.00000000E+00
 0.00000000E+00
 0.00000000E+00
 0.00000000E+00
 0.00000000E+00
 0.00000000E+00
 0.00000000E+00
 0.00000000E+00
 0.00000000E+00
 0.00000000E+00
 0.00000000E+00
 0.00000000E+00
 0.00000000E+00
 0.00000000E+00
 0.00000000E+00
 0.00000000E+00
 0.00000000E+00
 0.00000000E+00
 0.00000000E+00
 0.00000000E+00
 0.00000000E+00
 0.00000000E+00
 0.00000000E+00
 0.00000000E+00
 0.00000000E+00
 0.00000000E+00
 0.00000000E+00
 0.00000000E+00
 0.00000000E+00
 0.00000000E+00
 0.00000000E+00
 0.00000000E+00
 0.00000000E+00
 0.00000000E+00
 0.00000000E+00
 0.00000000E+00
 0.00000000E+00
 0.00000000E+00
 0.00000000E+00
 0.00000000E+00
 0.00000000E+00
 0.00000000E+00
 0.00000000E+00
 0.00000000E+00
 0.00000000E+00
 0.00000000E+00
 0.00000000E+00
 0.00000000E+00
 0.00000000E+00
 0.00000000E+00
 0.00000000E+00
 0.00000000E+00
 0.00000000E+00
 0.00000000E+00
 0.00000000E+00
 0.00000000E+00
 0.00000000E+00
 0.00000000E+00
 1.59735495E-01
 7.62932119E-02
 1.17832733E-02
 5.27266654E-02
 1.17236604E-01
 1.48054735E-01
 1.64109041E-01
 1.04817153E-01
 1.88152396E-02
 2.32099599E-06
 2.32099906E-06
 4.42141878E-02
 7.12261406E-03
 2.32100928E-06
 2.32101233E-06
 2.32097355E-06
 2.32097439E-06
 2.32097673E-06
 2.32097963E-06
 2.32098105E-06
 2.32098436E-06
 2.32098667E-06
 2.32098850E-06
 2.32099147E-06
 2.32099420E-06
 8.65643105E-03
 2.32099578E-06
 2.32099659E-06
 2.32099715E-06
 2.32099765E-06
 2.32099856E-06
 2.32099942E-06
 2.32100041E-06
 2.32100091E-06
 2.32100195E-06
 2.32100276E-06
 2.32100346E-06
 2.32100385E-06
 2.32100506E-06
 2.32100552E-06
 2.32100674E-06
 2.32100835E-06
 2.32100940E-06
 2.32101099E-06
 2.32101227E-06
 2.32101347E-06
 2.32101473E-06
 2.32101649E-06
 2.32101754E-06
 2.32101867E-06
 2.32102028E-06
 2.32102154E-06
 2.32102253E-06
 2.32102433E-06
 2.32102578E-06
 2.32098560E-06
 2.32098574E-06
 2.32098648E-06
 2.32098647E-06
 2.32098694E-06
 2.32098724E-06
 2.32098722E-06
 2.32098748E-06
 2.32098739E-06
 2.32098770E-06
 2.32098808E-06
 2.32098853E-06
 2.32098843E-06
 2.32098896E-06
 2.32098878E-06
 2.32098920E-06
 2.32098947E-06
 2.32098942E-06
 2.32099048E-06
 2.32099050E-06
 2.32099074E-06
 2.32099119E-06
 2.32099099E-06
 2.32099167E-06
 2.32099209E-06
 2.32099197E-06
 2.32099239E-06
 2.32099266E-06
 2.32099316E-06
 2.32099281E-06
 2.32099334E-06
 2.32099339E-06
 2.32099398E-06
 2.32099493E-06
 2.32099656E-06
 2.32099674E-06
 2.32099822E-06
 2.32099942E-06
 2.32100043E-06
 2.32100101E-06
 2.32100190E-06
 2.32100297E-06
 2.32100406E-06
 2.32100530E-06
 2.32100590E-06
 2.32100700E-06
 2.32100782E-06
 2.32100909E-06
 2.32101018E-06
 2.32101083E-06
 2.32101213E-06
 2.32101308E-06
 2.32101405E-06
 2.32101500E-06
 2.32101582E-06
 2.32101707E-06
 2.32101805E-06
 2.32101883E-06
 2.32101978E-06
 2.32102086E-06
 2.32102195E-06
 2.32102328E-06
 2.32102434E-06
 2.32102538E-06
 2.32102613E-06
 2.32102729E-06
 2.32102813E-06
 2.32102911E-06
 2.32103033E-06
 2.32103143E-06
 2.32103251E-06
 2.32103354E-06
 2.32103431E-06
 2.32103556E-06
 2.32103641E-06
 2.32103740E-06
 2.32103913E-06
 2.32103978E-06
 2.32104094E-06
 2.32104207E-06
 2.32104303E-06
 2.32104435E-06
 2.32104527E-06
 2.32104653E-06
 2.32104726E-06
 2.32104861E-06
 2.32104940E-06
 2.32105078E-06
 2.32105189E-06
 2.32105284E-06
 2.32105412E-06
 2.32105501E-06
 2.32105609E-06
 2.32105726E-06
 2.32105851E-06
 2.32105961E-06
 2.32106067E-06
 2.32106206E-06
 2.32106279E-06
 2.32106383E-06
 2.32106498E-06
 2.32106631E-06
 2.32106772E-06
 2.32106872E-06
 2.32106969E-06
 2.32107109E-06
 2.32103111E-06
 2.32103180E-06
 2.32103259E-06
 2.32103316E-06
 2.32103384E-06
 2.32103461E-06
 2.32103545E-06
 2.32103610E-06
 2.32103720E-06
 2.32103792E-06
 2.32103879E-06
 2.32103931E-06
 2.32104033E-06
 2.32104100E-06
 2.32104173E-06
 2.32104255E-06
 2.32104351E-06
 2.32104403E-06
 2.32104471E-06
 2.32104547E-06
 2.32104639E-06
 2.32104739E-06
 2.32104804E-06
 2.32104886E-06
 2.32104943E-06
 2.32105060E-06
 2.32105110E-06
 2.32105220E-06
 2.32105274E-06
 2.32105356E-06
 2.32105465E-06
 2.32105521E-06
 2.32105622E-06
 2.32105680E-06
 2.32105778E-06
 2.32105851E-06
 2.32105942E-06
 2.32106011E-06
 2.32106116E-06
 2.32106171E-06
 2.32106273E-06
 2.32106361E-06
 2.32106429E-06
 2.32101339E-06
 2.32100763E-06
 2.32100376E-06
 2.32100083E-06
 2.32099898E-06
 2.32099719E-06
 2.32099543E-06
 2.32099454E-06
 2.32099293E-06
 2.32103377E-06
 2.32103293E-06
 2.32103187E-06
 2.32103101E-06
 2.32103026E-06
 2.32102936E-06
 2.32102849E-06
 2.32102783E-06
 2.32102677E-06
 2.32102601E-06
 2.32102540E-06
 2.32102445E-06
 2.32102385E-06
 2.32102309E-06
 2.32102247E-06
 2.32102157E-06
 2.32102079E-06
 2.32102021E-06
 2.32101964E-06
 2.32101881E-06
 2.32101821E-06
 2.32101756E-06
 2.32101674E-06
 2.32101615E-06
 2.32101548E-06
 2.32101489E-06
 2.32101412E-06
 2.32101342E-06
 2.32101295E-06
 2.32101218E-06
 2.32101150E-06
 2.32101100E-06
 2.32101022E-06
 2.32100976E-06
 2.32100907E-06
 2.32100842E-06
 2.32100788E-06
 2.32100722E-06
 2.32100662E-06
 2.32100602E-06
 2.32100537E-06
 2.32100487E-06
 2.32100426E-06
 2.32100372E-06
 2.32100301E-06
 2.32100258E-06
 2.32100192E-06
 2.32100130E-06
 2.32100079E-06
 2.32100027E-06
 2.32099967E-06
 2.32099906E-06
 2.32099849E-06
 2.32099795E-06
 2.32099744E-06
 2.32099689E-06
 2.32099639E-06
 2.32099589E-06
 2.32099536E-06
 2.32099477E-06
 2.32099428E-06
 2.32099376E-06
 2.32099424E-06
 2.32099542E-06
 2.32099660E-06
 2.32099772E-06
 2.32099887E-06
 2.32100001E-06
 2.32100118E-06
 2.32100237E-06
 2.32100355E-06
 2.32100474E-06
 2.32100589E-06
 2.32100711E-06
 2.32100831E-06
 2.32100951E-06
 2.32101077E-06
 2.32101199E-06
 2.32101323E-06
 2.32101450E-06
 2.32101576E-06
 2.32101703E-06
 2.32101831E-06
 2.32101961E-06
 2.32102092E-06
 2.32102225E-06
 2.32102360E-06
 2.32102497E-06
 2.32102635E-06
 2.32102776E-06
 2.32102918E-06
 2.32098896E-06
 2.32099167E-06
 8.09748507E-06
 4.14366168E-05
 7.47757483E-05
 1.08114880E-04
 1.41454011E-04
 1.74793142E-04
 2.08132272E-04
 2.41471403E-04
 3.27831868E-04
 4.70634400E-04
 6.13436931E-04
 7.56239462E-04
 9.61561538E-04
 1.21398729E-03
 1.53397466E-03
 3.85158687E-04
 9.42079819E-03
 2.38349465E-02
 3.83129077E-02
 5.28551892E-02
 6.74446191E-02
 8.20918495E-02
 9.68001186E-02
 1.11570370E-01
 1.66057068E-01
 2.28975250E-01
 2.92103638E-01
 3.55442079E-01
 4.63072630E-01
 5.75197029E-01
 7.33950185E-01
 0.00000000E+00
 0.00000000E+00
 0.00000000E+00
 0.00000000E+00
 0.00000000E+00
 0.00000000E+00
 0.00000000E+00
 0.00000000E+00
 0.00000000E+00
 0.00000000E+00
 0.00000000E+00
 0.00000000E+00
 0.00000000E+00
 0.00000000E+00
 0.00000000E+00
 0.00000000E+00
 0.00000000E+00
 0.00000000E+00
 0.00000000E+00
 0.00000000E+00
 0.00000000E+00
 0.00000000E+00
 0.00000000E+00
 0.00000000E+00
 0.00000000E+00
 0.00000000E+00
 0.00000000E+00
 0.00000000E+00
 0.00000000E+00
 0.00000000E+00
 0.00000000E+00
 0.00000000E+00
 0.00000000E+00
 0.00000000E+00
 0.00000000E+00
 0.00000000E+00
 0.00000000E+00
 0.00000000E+00
 0.00000000E+00
 0.00000000E+00
 0.00000000E+00
 0.00000000E+00
 0.00000000E+00
 0.00000000E+00
 0.00000000E+00
 0.00000000E+00
 0.00000000E+00
 0.00000000E+00
 0.00000000E+00
 0.00000000E+00
 0.00000000E+00
 0.00000000E+00
 0.00000000E+00
 0.00000000E+00
 0.00000000E+00
 0.00000000E+00
 0.00000000E+00
 0.00000000E+00
 0.00000000E+00
 0.00000000E+00
 0.00000000E+00
 0.00000000E+00
 0.00000000E+00
 0.00000000E+00
 0.00000000E+00
 0.00000000E+00
 0.00000000E+00
 0.00000000E+00
 0.00000000E+00
 0.00000000E+00
 0.00000000E+00
 0.00000000E+00
 0.00000000E+00
 0.00000000E+00
 0.00000000E+00
 0.00000000E+00
 0.00000000E+00
 0.00000000E+00
 0.00000000E+00
 0.00000000E+00
 0.00000000E+00
 0.00000000E+00
 0.00000000E+00
 0.00000000E+00
 0.00000000E+00
 0.00000000E+00
 0.00000000E+00
 0.00000000E+00
 0.00000000E+00
 0.00000000E+00
 0.00000000E+00
 0.00000000E+00
 0.00000000E+00
 0.00000000E+00
 0.00000000E+00
 0.00000000E+00
 0.00000000E+00
 0.00000000E+00
 0.00000000E+00
 0.00000000E+00
 0.00000000E+00
 0.00000000E+00
 0.00000000E+00
 0.00000000E+00
 0.00000000E+00
 0.00000000E+00
 0.00000000E+00
 0.00000000E+00
 0.00000000E+00
 0.00000000E+00
 0.00000000E+00
 0.00000000E+00
 0.00000000E+00
 0.00000000E+00
 0.00000000E+00
 0.00000000E+00
 0.00000000E+00
 0.00000000E+00
 0.00000000E+00
 0.00000000E+00
 0.00000000E+00
 0.00000000E+00
 0.00000000E+00
 0.00000000E+00
 0.00000000E+00
 0.00000000E+00
 0.00000000E+00
 0.00000000E+00
 0.00000000E+00
 0.00000000E+00
 0.00000000E+00
 0.00000000E+00
 0.00000000E+00
 0.00000000E+00
 0.00000000E+00
 0.00000000E+00
 0.00000000E+00
 0.00000000E+00
 0.00000000E+00
 0.00000000E+00
 0.00000000E+00
 0.00000000E+00
 0.00000000E+00
 0.00000000E+00
 0.00000000E+00
 0.00000000E+00
 0.00000000E+00
 0.00000000E+00
 0.00000000E+00
 0.00000000E+00
 0.00000000E+00
 0.00000000E+00
 0.00000000E+00
 0.00000000E+00
 0.00000000E+00
 0.00000000E+00
 0.00000000E+00
 0.00000000E+00
 0.00000000E+00
 0.00000000E+00
 0.00000000E+00
 0.00000000E+00
 0.00000000E+00
 1.29628639E-01
 4.45730960E-02
 1.99893840E-02
 8.45518641E-02
 1.49114344E-01
 1.77207578E-01
 1.89319906E-01
 1.19874756E-01
 2.15176961E-02
 2.08918264E-06
 2.08918648E-06
 4.78594791E-02
 7.71020143E-03
 2.08919552E-06
 2.08919915E-06
 2.08916047E-06
 2.08916037E-06
 2.08916282E-06
 2.08916558E-06
 2.08916831E-06
 2.08917022E-06
 2.08917330E-06
 2.08917584E-06
 2.08917834E-06
 2.08918053E-06
 9.36961480E-03
 2.08918267E-06
 2.08918281E-06
 2.08918395E-06
 2.08918511E-06
 2.08918570E-06
 2.08918620E-06
 2.08918746E-06
 2.08918780E-06
 2.08918844E-06
 2.08918964E-06
 2.08919051E-06
 2.08919148E-06
 2.08919151E-06
 2.08919308E-06
 2.08919335E-06
 2.08919497E-06
 2.08919628E-06
 2.08919807E-06
 2.08919912E-06
 2.08920021E-06
 2.08920161E-06
 2.08920262E-06
 2.08920433E-06
 2.08920585E-06
 2.08920684E-06
 2.08920866E-06
 2.08921031E-06
 2.08921143E-06
 2.08921275E-06
 2.08917272E-06
 2.08917267E-06
 2.08917334E-06
 2.08917294E-06
 2.08917375E-06
 2.08917363E-06
 2.08917453E-06
 2.08917431E-06
 2.08917433E-06
 2.08917459E-06
 2.08917504E-06
 2.08917538E-06
 2.08917592E-06
 2.08917558E-06
 2.08917640E-06
 2.08917648E-06
 2.08917625E-06
 2.08917714E-06
 2.08917682E-06
 2.08917757E-06
 2.08917711E-06
 2.08917740E-06
 2.08917841E-06
 2.08917805E-06
 2.08917839E-06
 2.08917844E-06
 2.08917901E-06
 2.08917940E-06
 2.08918002E-06
 2.08918028E-06
 2.08918007E-06
 2.08918002E-06
 2.08918101E-06
 2.08918237E-06
 2.08918292E-06
 2.08918398E-06
 2.08918501E-06
 2.08918624E-06
 2.08918663E-06
 2.08918773E-06
 2.08918911E-06
 2.08918988E-06
 2.08919065E-06
 2.08919217E-06
 2.08919292E-06
 2.08919400E-06
 2.08919491E-06
 2.08919612E-06
 2.08919689E-06
 2.08919781E-06
 2.08919898E-06
 2.08920003E-06
 2.08920119E-06
 2.08920219E-06
 2.08920291E-06
 2.08920405E-06
 2.08920488E-06
 2.08920597E-06
 2.08920708E-06
 2.08920784E-06
 2.08920906E-06
 2.08921023E-06
 2.08921126E-06
 2.08921210E-06
 2.08921323E-06
 2.08921461E-06
 2.08921508E-06
 2.08921658E-06
 2.08921716E-06
 2.08921872E-06
 2.08921966E-06
 2.08922044E-06
 2.08922137E-06
 2.08922266E-06
 2.08922351E-06
 2.08922457E-06
 2.08922615E-06
 2.08922705E-06
 2.08922800E-06
 2.08922921E-06
 2.08923014E-06
 2.08923151E-06
 2.08923234E-06
 2.08923338E-06
 2.08923491E-06
 2.08923578E-06
 2.08923670E-06
 2.08923796E-06
 2.08923905E-06
 2.08924025E-06
 2.08924124E-06
 2.08924232E-06
 2.08924347E-06
 2.08924449E-06
 2.08924554E-06
 2.08924695E-06
 2.08924777E-06
 2.08924921E-06
 2.08925004E-06
 2.08925137E-06
 2.08925286E-06
 2.08925394E-06
 2.08925497E-06
 2.08925605E-06
 2.08925697E-06
 2.08925821E-06
 2.08921799E-06
 2.08921878E-06
 2.08921927E-06
 2.08922032E-06
 2.08922107E-06
 2.08922190E-06
 2.08922280E-06
 2.08922332E-06
 2.08922437E-06
 2.08922504E-06
 2.08922586E-06
 2.08922667E-06
 2.08922753E-06
 2.08922803E-06
 2.08922903E-06
 2.08922966E-06
 2.08923036E-06
 2.08923147E-06
 2.08923230E-06
 2.08923277E-06
 2.08923374E-06
 2.08923435E-06
 2.08923513E-06
 2.08923598E-06
 2.08923700E-06
 2.08923767E-06
 2.08923860E-06
 2.08923921E-06
 2.08924008E-06
 2.08924080E-06
 2.08924179E-06
 2.08924266E-06
 2.08924341E-06
 2.08924421E-06
 2.08924499E-06
 2.08924592E-06
 2.08924654E-06
 2.08924741E-06
 2.08924855E-06
 2.08924921E-06
 2.08925000E-06
 2.08925089E-06
 2.08925159E-06
 2.08920104E-06
 2.08919491E-06
 2.08919094E-06
 2.08918826E-06
 2.08918581E-06
 2.08918410E-06
 2.08918247E-06
 2.08918116E-06
 2.08917972E-06
 2.08922091E-06
 2.08921999E-06
 2.08921910E-06
 2.08921809E-06
 2.08921706E-06
 2.08921630E-06
 2.08921540E-06
 2.08921478E-06
 2.08921381E-06
 2.08921315E-06
 2.08921246E-06
 2.08921172E-06
 2.08921088E-06
 2.08921011E-06
 2.08920943E-06
 2.08920867E-06
 2.08920797E-06
 2.08920723E-06
 2.08920643E-06
 2.08920581E-06
 2.08920508E-06
 2.08920452E-06
 2.08920369E-06
 2.08920320E-06
 2.08920251E-06
 2.08920168E-06
 2.08920113E-06
 2.08920044E-06
 2.08919978E-06
 2.08919910E-06
 2.08919856E-06
 2.08919786E-06
 2.08919727E-06
 2.08919664E-06
 2.08919612E-06
 2.08919529E-06
 2.08919478E-06
 2.08919421E-06
 2.08919347E-06
 2.08919295E-06
 2.08919228E-06
 2.08919171E-06
 2.08919115E-06
 2.08919060E-06
 2.08919003E-06
 2.08918941E-06
 2.08918887E-06
 2.08918835E-06
 2.08918764E-06
 2.08918720E-06
 2.08918658E-06
 2.08918599E-06
 2.08918544E-06
 2.08918494E-06
 2.08918441E-06
 2.08918383E-06
 2.08918323E-06
 2.08918274E-06
 2.08918226E-06
 2.08918171E-06
 2.08918119E-06
 2.08918065E-06
 2.08918121E-06
 2.08918232E-06
 2.08918352E-06
 2.08918467E-06
 2.08918578E-06
 2.08918694E-06
 2.08918817E-06
 2.08918933E-06
 2.08919050E-06
 2.08919169E-06
 2.08919294E-06
 2.08919410E-06
 2.08919534E-06
 2.08919654E-06
 2.08919780E-06
 2.08919904E-06
 2.08920028E-06
 2.08920156E-06
 2.08920282E-06
 2.08920411E-06
 2.08920542E-06
 2.08920672E-06
 2.08920805E-06
 2.08920938E-06
 2.08921074E-06
 2.08921212E-06
 2.08921352E-06
 2.08921493E-06
 2.08921638E-06
 2.08921784E-06
 2.08917854E-06
 5.47353469E-06
 2.96742232E-05
 5.38749115E-05
 7.80755996E-05
 1.02276288E-04
 1.26476975E-04
 1.50677663E-04
 1.74878350E-04
 2.56471272E-04
 3.99159153E-04
 5.41847033E-04
 6.84534914E-04
 8.94896236E-04
 1.15624431E-03
 1.49072355E-03
 3.73169327E-04
 6.83052935E-03
 1.72861302E-02
 2.77920750E-02
 3.83490999E-02
 4.89388017E-02
 5.95728924E-02
 7.02550565E-02
 8.09864930E-02
 1.34691234E-01
 1.97505293E-01
 2.60529752E-01
 3.23764611E-01
 4.34926834E-01
 5.50936947E-01
 7.17404370E-01
 0.00000000E+00
 0.00000000E+00
 0.00000000E+00
 0.00000000E+00
 0.00000000E+00
 0.00000000E+00
 0.00000000E+00
 0.00000000E+00
 0.00000000E+00
 0.00000000E+00
 0.00000000E+00
 0.00000000E+00
 0.00000000E+00
 0.00000000E+00
 0.00000000E+00
 0.00000000E+00
 0.00000000E+00
 0.00000000E+00
 0.00000000E+00
 0.00000000E+00
 0.00000000E+00
 0.00000000E+00
 0.00000000E+00
 0.00000000E+00
 0.00000000E+00
 0.00000000E+00
 0.00000000E+00
 0.00000000E+00
 0.00000000E+00
 0.00000000E+00
 0.00000000E+00
 0.00000000E+00
 0.00000000E+00
 0.00000000E+00
 0.00000000E+00
 0.00000000E+00
 0.00000000E+00
 0.00000000E+00
 0.00000000E+00
 0.00000000E+00
 0.00000000E+00
 0.00000000E+00
 0.00000000E+00
 0.00000000E+00
 0.00000000E+00
 0.00000000E+00
 0.00000000E+00
 0.00000000E+00
 0.00000000E+00
 0.00000000E+00
 0.00000000E+00
 0.00000000E+00
 0.00000000E+00
 0.00000000E+00
 0.00000000E+00
 0.00000000E+00
 0.00000000E+00
 0.00000000E+00
 0.00000000E+00
 0.00000000E+00
 0.00000000E+00
 0.00000000E+00
 0.00000000E+00
 0.00000000E+00
 0.00000000E+00
 0.00000000E+00
 0.00000000E+00
 0.00000000E+00
 0.00000000E+00
 0.00000000E+00
 0.00000000E+00
 0.00000000E+00
 0.00000000E+00
 0.00000000E+00
 0.00000000E+00
 0.00000000E+00
 0.00000000E+00
 0.00000000E+00
 0.00000000E+00
 0.00000000E+00
 0.00000000E+00
 0.00000000E+00
 0.00000000E+00
 0.00000000E+00
 0.00000000E+00
 0.00000000E+00
 0.00000000E+00
 0.00000000E+00
 0.00000000E+00
 0.00000000E+00
 0.00000000E+00
 0.00000000E+00
 0.00000000E+00
 0.00000000E+00
 0.00000000E+00
 0.00000000E+00
 0.00000000E+00
 0.00000000E+00
 0.00000000E+00
 0.00000000E+00
 0.00000000E+00
 0.00000000E+00
 0.00000000E+00
 0.00000000E+00
 0.00000000E+00
 0.00000000E+00
 0.00000000E+00
 0.00000000E+00
 0.00000000E+00
 0.00000000E+00
 0.00000000E+00
 0.00000000E+00
 0.00000000E+00
 0.00000000E+00
 0.00000000E+00
 0.00000000E+00
 0.00000000E+00
 0.00000000E+00
 0.00000000E+00
 0.00000000E+00
 0.00000000E+00
 0.00000000E+00
 0.00000000E+00
 0.00000000E+00
 0.00000000E+00
 0.00000000E+00
 0.00000000E+00
 0.00000000E+00
 0.00000000E+00
 0.00000000E+00
 0.00000000E+00
 0.00000000E+00
 0.00000000E+00
 0.00000000E+00
 0.00000000E+00
 0.00000000E+00
 0.00000000E+00
 0.00000000E+00
 0.00000000E+00
 0.00000000E+00
 0.00000000E+00
 0.00000000E+00
 0.00000000E+00
 0.00000000E+00
 0.00000000E+00
 0.00000000E+00
 0.00000000E+00
 0.00000000E+00
 0.00000000E+00
 0.00000000E+00
 0.00000000E+00
 0.00000000E+00
 0.00000000E+00
 0.00000000E+00
 0.00000000E+00
 0.00000000E+00
 0.00000000E+00
 0.00000000E+00
 0.00000000E+00
 0.00000000E+00
 0.00000000E+00
 0.00000000E+00
 0.00000000E+00
 9.95718566E-02
 1.29057487E-02
 5.17091662E-02
 1.16324081E-01
 1.80938996E-01
 2.06311832E-01
 2.14488701E-01
 1.34907108E-01
 2.42153711E-02
 1.55365616E-06
 1.55365909E-06
 5.14990291E-02
 8.29711844E-03
 1.55366896E-06
 1.55367248E-06
 1.55363376E-06
 1.55363425E-06
 1.55363601E-06
 1.55363973E-06
 1.55364166E-06
 1.55364401E-06
 1.55364767E-06
 1.55364959E-06
 1.55365214E-06
 1.55365484E-06
 1.00813117E-02
 1.55365657E-06
 1.55365677E-06
 1.55365824E-06
 1.55365824E-06
 1.55365975E-06
 1.55366020E-06
 1.55366079E-06
 1.55366165E-06
 1.55366220E-06
 1.55366325E-06
 1.55366439E-06
 1.55366474E-06
 1.55366577E-06
 1.55366624E-06
 1.55366769E-06
 1.55366861E-06
 1.55367065E-06
 1.55367127E-06
 1.55367273E-06
 1.55367449E-06
 1.55367582E-06
 1.55367702E-06
 1.55367883E-06
 1.55367944E-06
 1.55368150E-06
 1.55368274E-06
 1.55368437E-06
 1.55368603E-06
 1.55368670E-06
 1.55364703E-06
 1.55364673E-06
 1.55364682E-06
 1.55364751E-06
 1.55364725E-06
 1.55364786E-06
 1.55364826E-06
 1.55364872E-06
 1.55364881E-06
 1.55364896E-06
 1.55364913E-06
 1.55364918E-06
 1.55364939E-06
 1.55364930E-06
 1.55364977E-06
 1.55364991E-06
 1.55365060E-06
 1.55365077E-06
 1.55365117E-06
 1.55365118E-06
 1.55365109E-06
 1.55365187E-06
 1.55365196E-06
 1.55365260E-06
 1.55365238E-06
 1.55365269E-06
 1.55365336E-06
 1.55365300E-06
 1.55365353E-06
 1.55365370E-06
 1.55365403E-06
 1.55365424E-06
 1.55365480E-06
 1.55365637E-06
 1.55365712E-06
 1.55365769E-06
 1.55365925E-06
 1.55365970E-06
 1.55366123E-06
 1.55366201E-06
 1.55366254E-06
 1.55366424E-06
 1.55366515E-06
 1.55366602E-06
 1.55366673E-06
 1.55366775E-06
 1.55366858E-06
 1.55367006E-06
 1.55367070E-06
 1.55367183E-06
 1.55367308E-06
 1.55367369E-06
 1.55367535E-06
 1.55367563E-06
 1.55367681E-06
 1.55367827E-06
 1.55367937E-06
 1.55368002E-06
 1.55368125E-06
 1.55368245E-06
 1.55368314E-06
 1.55368414E-06
 1.55368553E-06
 1.55368602E-06
 1.55368735E-06
 1.55368879E-06
 1.55368975E-06
 1.55369069E-06
 1.55369171E-06
 1.55369244E-06
 1.55369411E-06
 1.55369448E-06
 1.55369607E-06
 1.55369733E-06
 1.55369812E-06
 1.55369943E-06
 1.55370016E-06
 1.55370126E-06
 1.55370228E-06
 1.55370343E-06
 1.55370437E-06
 1.55370551E-06
 1.55370663E-06
 1.55370771E-06
 1.55370884E-06
 1.55370982E-06
 1.55371122E-06
 1.55371223E-06
 1.55371354E-06
 1.55371442E-06
 1.55371549E-06
 1.55371661E-06
 1.55371809E-06
 1.55371899E-06
 1.55372022E-06
 1.55372126E-06
 1.55372260E-06
 1.55372352E-06
 1.55372462E-06
 1.55372579E-06
 1.55372699E-06
 1.55372815E-06
 1.55372915E-06
 1.55373054E-06
 1.55373175E-06
 1.55369143E-06
 1.55369208E-06
 1.55369290E-06
 1.55369369E-06
 1.55369466E-06
 1.55369524E-06
 1.55369588E-06
 1.55369706E-06
 1.55369738E-06
 1.55369823E-06
 1.55369914E-06
 1.55370003E-06
 1.55370097E-06
 1.55370153E-06
 1.55370214E-06
 1.55370326E-06
 1.55370391E-06
 1.55370463E-06
 1.55370540E-06
 1.55370658E-06
 1.55370739E-06
 1.55370792E-06
 1.55370885E-06
 1.55370944E-06
 1.55371059E-06
 1.55371098E-06
 1.55371194E-06
 1.55371265E-06
 1.55371346E-06
 1.55371451E-06
 1.55371533E-06
 1.55371601E-06
 1.55371695E-06
 1.55371786E-06
 1.55371865E-06
 1.55371949E-06
 1.55372040E-06
 1.55372107E-06
 1.55372185E-06
 1.55372256E-06
 1.55372356E-06
 1.55372463E-06
 1.55372539E-06
 1.55372602E-06
 1.55367636E-06
 1.55366944E-06
 1.55366523E-06
 1.55366225E-06
 1.55365985E-06
 1.55365787E-06
 1.55365641E-06
 1.55365517E-06
 1.55365362E-06
 1.55369479E-06
 1.55369386E-06
 1.55369309E-06
 1.55369219E-06
 1.55369141E-06
 1.55369044E-06
 1.55368974E-06
 1.55368877E-06
 1.55368801E-06
 1.55368729E-06
 1.55368661E-06
 1.55368554E-06
 1.55368501E-06
 1.55368404E-06
 1.55368336E-06
 1.55368259E-06
 1.55368214E-06
 1.55368123E-06
 1.55368051E-06
 1.55368000E-06
 1.55367924E-06
 1.55367851E-06
 1.55367772E-06
 1.55367722E-06
 1.55367646E-06
 1.55367575E-06
 1.55367514E-06
 1.55367447E-06
 1.55367381E-06
 1.55367318E-06
 1.55367255E-06
 1.55367183E-06
 1.55367130E-06
 1.55367067E-06
 1.55366994E-06
 1.55366939E-06
 1.55366880E-06
 1.55366823E-06
 1.55366766E-06
 1.55366697E-06
 1.55366643E-06
 1.55366578E-06
 1.55366521E-06
 1.55366467E-06
 1.55366403E-06
 1.55366339E-06
 1.55366285E-06
 1.55366226E-06
 1.55366162E-06
 1.55366105E-06
 1.55366055E-06
 1.55365999E-06
 1.55365950E-06
 1.55365888E-06
 1.55365833E-06
 1.55365777E-06
 1.55365731E-06
 1.55365677E-06
 1.55365625E-06
 1.55365568E-06
 1.55365516E-06
 1.55365463E-06
 1.55365513E-06
 1.55365627E-06
 1.55365743E-06
 1.55365862E-06
 1.55365980E-06
 1.55366096E-06
 1.55366219E-06
 1.55366340E-06
 1.55366458E-06
 1.55366576E-06
 1.55366697E-06
 1.55366820E-06
 1.55366945E-06
 1.55367066E-06
 1.55367189E-06
 1.55367316E-06
 1.55367443E-06
 1.55367569E-06
 1.55367699E-06
 1.55367828E-06
 1.55367959E-06
 1.55368090E-06
 1.55368224E-06
 1.55368359E-06
 1.55368496E-06
 1.55368635E-06
 1.55368776E-06
 1.55368919E-06
 1.55369064E-06
 1.55369211E-06
 1.55365249E-06
 3.15801953E-06
 1.82353761E-05
 3.33127326E-05
 4.83900888E-05
 6.34674449E-05
 7.85448008E-05
 9.36221564E-05
 1.08699512E-04
 1.85532752E-04
 3.28106129E-04
 4.70679506E-04
 6.13252882E-04
 8.28645050E-04
 1.09890060E-03
 1.44784763E-03
 3.61510973E-04
 4.24487187E-03
 1.07484758E-02
 1.72889492E-02
 2.38672568E-02
 3.04637666E-02
 3.70912492E-02
 4.37538352E-02
 5.04529781E-02
 1.03376923E-01
 1.66086906E-01
 2.29007485E-01
 2.92138811E-01
 4.06826844E-01
 5.26716261E-01
 7.00885367E-01
 0.00000000E+00
 0.00000000E+00
 0.00000000E+00
 0.00000000E+00
 0.00000000E+00
 0.00000000E+00
 0.00000000E+00
 0.00000000E+00
 0.00000000E+00
 0.00000000E+00
 0.00000000E+00
 0.00000000E+00
 0.00000000E+00
 0.00000000E+00
 0.00000000E+00
 0.00000000E+00
 0.00000000E+00
 0.00000000E+00
 0.00000000E+00
 0.00000000E+00
 0.00000000E+00
 0.00000000E+00
 0.00000000E+00
 0.00000000E+00
 0.00000000E+00
 0.00000000E+00
 0.00000000E+00
 0.00000000E+00
 0.00000000E+00
 0.00000000E+00
 0.00000000E+00
 0.00000000E+00
 0.00000000E+00
 0.00000000E+00
 0.00000000E+00
 0.00000000E+00
 0.00000000E+00
 0.00000000E+00
 0.00000000E+00
 0.00000000E+00
 0.00000000E+00
 0.00000000E+00
 0.00000000E+00
 0.00000000E+00
 0.00000000E+00
 0.00000000E+00
 0.00000000E+00
 0.00000000E+00
 0.00000000E+00
 0.00000000E+00
 0.00000000E+00
 0.00000000E+00
 0.00000000E+00
 0.00000000E+00
 0.00000000E+00
 0.00000000E+00
 0.00000000E+00
 0.00000000E+00
 0.00000000E+00
 0.00000000E+00
 0.00000000E+00
 0.00000000E+00
 0.00000000E+00
 0.00000000E+00
 0.00000000E+00
 0.00000000E+00
 0.00000000E+00
 0.00000000E+00
 0.00000000E+00
 0.00000000E+00
 0.00000000E+00
 0.00000000E+00
 0.00000000E+00
 0.00000000E+00
 0.00000000E+00
 0.00000000E+00
 0.00000000E+00
 0.00000000E+00
 0.00000000E+00
 0.00000000E+00
 0.00000000E+00
 0.00000000E+00
 0.00000000E+00
 0.00000000E+00
 0.00000000E+00
 0.00000000E+00
 0.00000000E+00
 0.00000000E+00
 0.00000000E+00
 0.00000000E+00
 0.00000000E+00
 0.00000000E+00
 0.00000000E+00
 0.00000000E+00
 0.00000000E+00
 0.00000000E+00
 0.00000000E+00
 0.00000000E+00
 0.00000000E+00
 0.00000000E+00
 0.00000000E+00
 0.00000000E+00
 0.00000000E+00
 0.00000000E+00
 0.00000000E+00
 0.00000000E+00
 0.00000000E+00
 0.00000000E+00
 0.00000000E+00
 0.00000000E+00
 0.00000000E+00
 0.00000000E+00
 0.00000000E+00
 0.00000000E+00
 0.00000000E+00
 0.00000000E+00
 0.00000000E+00
 0.00000000E+00
 0.00000000E+00
 0.00000000E+00
 0.00000000E+00
 0.00000000E+00
 0.00000000E+00
 0.00000000E+00
 0.00000000E+00
 0.00000000E+00
 0.00000000E+00
 0.00000000E+00
 0.00000000E+00
 0.00000000E+00
 0.00000000E+00
 0.00000000E+00
 0.00000000E+00
 0.00000000E+00
 0.00000000E+00
 0.00000000E+00
 0.00000000E+00
 0.00000000E+00
 0.00000000E+00
 0.00000000E+00
 0.00000000E+00
 0.00000000E+00
 0.00000000E+00
 0.00000000E+00
 0.00000000E+00
 0.00000000E+00
 0.00000000E+00
 0.00000000E+00
 0.00000000E+00
 0.00000000E+00
 0.00000000E+00
 0.00000000E+00
 0.00000000E+00
 0.00000000E+00
 0.00000000E+00
 0.00000000E+00
 0.00000000E+00
 0.00000000E+00
 0.00000000E+00
 0.00000000E+00
 0.00000000E+00
 0.00000000E+00
 0.00000000E+00
 6.95650514E-02
 1.87089318E-02
 8.33761752E-02
 1.48043419E-01
 2.12710662E-01
 2.35367591E-01
 2.39615507E-01
 1.49914256E-01
 2.69082735E-02
 7.14936223E-07
 7.14938889E-07
 5.51328490E-02
 8.88336645E-03
 7.14948675E-07
 7.14951748E-07
 7.14913260E-07
 7.14912867E-07
 7.14915551E-07
 7.14918423E-07
 7.14921697E-07
 7.14924178E-07
 7.14926970E-07
 7.14929444E-07
 7.14932475E-07
 7.14934664E-07
 1.07915246E-02
 7.14936110E-07
 7.14936591E-07
 7.14937383E-07
 7.14938073E-07
 7.14938596E-07
 7.14940120E-07
 7.14941003E-07
 7.14941538E-07
 7.14941889E-07
 7.14943182E-07
 7.14943458E-07
 7.14944594E-07
 7.14945131E-07
 7.14946569E-07
 7.14947244E-07
 7.14948682E-07
 7.14950155E-07
 7.14951805E-07
 7.14953063E-07
 7.14954377E-07
 7.14955854E-07
 7.14957124E-07
 7.14958608E-07
 7.14960250E-07
 7.14960893E-07
 7.14962542E-07
 7.14964338E-07
 7.14965469E-07
 7.14966798E-07
 7.14926803E-07
 7.14926749E-07
 7.14927205E-07
 7.14926703E-07
 7.14927227E-07
 7.14927386E-07
 7.14927768E-07
 7.14927599E-07
 7.14928221E-07
 7.14928877E-07
 7.14928798E-07
 7.14928721E-07
 7.14929221E-07
 7.14929404E-07
 7.14929402E-07
 7.14929772E-07
 7.14930357E-07
 7.14930583E-07
 7.14930981E-07
 7.14931268E-07
 7.14931153E-07
 7.14931597E-07
 7.14931341E-07
 7.14932166E-07
 7.14932109E-07
 7.14932423E-07
 7.14932513E-07
 7.14932807E-07
 7.14933133E-07
 7.14933077E-07
 7.14933702E-07
 7.14934321E-07
 7.14934465E-07
 7.14935474E-07
 7.14936959E-07
 7.14937455E-07
 7.14939053E-07
 7.14940024E-07
 7.14940503E-07
 7.14941761E-07
 7.14942501E-07
 7.14943719E-07
 7.14944784E-07
 7.14945658E-07
 7.14946346E-07
 7.14947821E-07
 7.14948452E-07
 7.14949591E-07
 7.14951098E-07
 7.14951852E-07
 7.14952437E-07
 7.14953717E-07
 7.14954569E-07
 7.14955953E-07
 7.14956876E-07
 7.14958044E-07
 7.14958742E-07
 7.14960125E-07
 7.14960774E-07
 7.14961962E-07
 7.14963559E-07
 7.14964368E-07
 7.14965549E-07
 7.14966167E-07
 7.14967009E-07
 7.14968516E-07
 7.14969412E-07
 7.14970712E-07
 7.14971500E-07
 7.14972989E-07
 7.14973709E-07
 7.14974767E-07
 7.14975694E-07
 7.14976936E-07
 7.14978023E-07
 7.14979044E-07
 7.14980000E-07
 7.14981200E-07
 7.14982719E-07
 7.14983808E-07
 7.14984654E-07
 7.14985477E-07
 7.14986773E-07
 7.14988009E-07
 7.14989060E-07
 7.14990019E-07
 7.14991194E-07
 7.14992555E-07
 7.14993478E-07
 7.14994464E-07
 7.14995498E-07
 7.14996974E-07
 7.14997759E-07
 7.14998959E-07
 7.15000363E-07
 7.15001441E-07
 7.15002699E-07
 7.15003506E-07
 7.15004869E-07
 7.15006263E-07
 7.15006996E-07
 7.15008614E-07
 7.15009562E-07
 7.15010786E-07
 7.14970647E-07
 7.14971612E-07
 7.14972081E-07
 7.14972624E-07
 7.14973711E-07
 7.14974398E-07
 7.14975242E-07
 7.14976052E-07
 7.14976931E-07
 7.14977777E-07
 7.14978303E-07
 7.14979263E-07
 7.14980189E-07
 7.14980707E-07
 7.14981736E-07
 7.14982285E-07
 7.14983324E-07
 7.14983888E-07
 7.14984946E-07
 7.14985532E-07
 7.14986615E-07
 7.14987303E-07
 7.14987970E-07
 7.14988784E-07
 7.14989576E-07
 7.14990425E-07
 7.14991345E-07
 7.14992000E-07
 7.14992727E-07
 7.14993696E-07
 7.14994748E-07
 7.14995569E-07
 7.14996230E-07
 7.14997165E-07
 7.14997962E-07
 7.14998802E-07
 7.14999530E-07
 7.15000322E-07
 7.15001194E-07
 7.15001906E-07
 7.15002813E-07
 7.15003669E-07
 7.15004520E-07
 7.15005449E-07
 7.15006247E-07
 7.14957272E-07
 7.14949640E-07
 7.14945247E-07
 7.14942219E-07
 7.14939670E-07
 7.14937908E-07
 7.14936205E-07
 7.14935095E-07
 7.14975833E-07
 7.14974717E-07
 7.14973923E-07
 7.14973021E-07
 7.14972265E-07
 7.14971111E-07
 7.14970356E-07
 7.14969562E-07
 7.14968816E-07
 7.14967788E-07
 7.14967289E-07
 7.14966336E-07
 7.14965443E-07
 7.14964793E-07
 7.14964060E-07
 7.14963301E-07
 7.14962690E-07
 7.14961746E-07
 7.14961209E-07
 7.14960415E-07
 7.14959741E-07
 7.14958999E-07
 7.14958348E-07
 7.14957737E-07
 7.14957116E-07
 7.14956267E-07
 7.14955543E-07
 7.14955064E-07
 7.14954380E-07
 7.14953613E-07
 7.14952997E-07
 7.14952449E-07
 7.14951642E-07
 7.14951083E-07
 7.14950521E-07
 7.14949913E-07
 7.14949280E-07
 7.14948700E-07
 7.14948024E-07
 7.14947424E-07
 7.14946765E-07
 7.14946174E-07
 7.14945520E-07
 7.14944985E-07
 7.14944398E-07
 7.14943773E-07
 7.14943282E-07
 7.14942673E-07
 7.14942082E-07
 7.14941466E-07
 7.14940936E-07
 7.14940278E-07
 7.14939812E-07
 7.14939224E-07
 7.14938730E-07
 7.14938135E-07
 7.14937640E-07
 7.14937067E-07
 7.14936529E-07
 7.14935930E-07
 7.14935479E-07
 7.14934914E-07
 7.14934437E-07
 7.14934934E-07
 7.14936069E-07
 7.14937313E-07
 7.14938446E-07
 7.14939637E-07
 7.14940822E-07
 7.14942016E-07
 7.14943211E-07
 7.14944419E-07
 7.14945641E-07
 7.14946836E-07
 7.14948111E-07
 7.14949343E-07
 7.14950592E-07
 7.14951813E-07
 7.14953077E-07
 7.14954346E-07
 7.14955634E-07
 7.14956932E-07
 7.14958251E-07
 7.14959559E-07
 7.14960901E-07
 7.14962247E-07
 7.14963606E-07
 7.14964987E-07
 7.14966384E-07
 7.14967804E-07
 7.14969239E-07
 7.14970711E-07
 7.14972199E-07
 7.14932236E-07
 1.15041172E-06
 7.11951867E-06
 1.30886254E-05
 1.90577320E-05
 2.50268384E-05
 3.09959446E-05
 3.69650506E-05
 4.29341562E-05
 1.15015563E-04
 2.57474582E-04
 3.99933600E-04
 5.42392618E-04
 7.62807247E-04
 1.04195546E-03
 1.40534626E-03
 3.50183032E-04
 1.66381683E-03
 4.22196175E-03
 6.80349583E-03
 9.40961270E-03
 1.20194540E-02
 1.46468474E-02
 1.72963691E-02
 1.99697278E-02
 7.21140341E-02
 1.34719989E-01
 1.97536735E-01
 2.60564577E-01
 3.78772574E-01
 5.02534896E-01
 6.84393124E-01
 0.00000000E+00
 0.00000000E+00
 0.00000000E+00
 0.00000000E+00
 0.00000000E+00
 0.00000000E+00
 0.00000000E+00
 0.00000000E+00
 0.00000000E+00
 0.00000000E+00
 0.00000000E+00
 0.00000000E+00
 0.00000000E+00
 0.00000000E+00
 0.00000000E+00
 0.00000000E+00
 0.00000000E+00
 0.00000000E+00
 0.00000000E+00
 0.00000000E+00
 0.00000000E+00
 0.00000000E+00
 0.00000000E+00
 0.00000000E+00
 0.00000000E+00
 0.00000000E+00
 0.00000000E+00
 0.00000000E+00
 0.00000000E+00
 0.00000000E+00
 0.00000000E+00
 0.00000000E+00
 0.00000000E+00
 0.00000000E+00
 0.00000000E+00
 0.00000000E+00
 0.00000000E+00
 0.00000000E+00
 0.00000000E+00
 0.00000000E+00
 0.00000000E+00
 0.00000000E+00
 0.00000000E+00
 0.00000000E+00
 0.00000000E+00
 0.00000000E+00
 0.00000000E+00
 0.00000000E+00
 0.00000000E+00
 0.00000000E+00
 0.00000000E+00
 0.00000000E+00
 0.00000000E+00
 0.00000000E+00
 0.00000000E+00
 0.00000000E+00
 0.00000000E+00
 0.00000000E+00
 0.00000000E+00
 0.00000000E+00
 0.00000000E+00
 0.00000000E+00
 0.00000000E+00
 0.00000000E+00
 0.00000000E+00
 0.00000000E+00
 0.00000000E+00
 0.00000000E+00
 0.00000000E+00
 0.00000000E+00
 0.00000000E+00
 0.00000000E+00
 0.00000000E+00
 0.00000000E+00
 0.00000000E+00
 0.00000000E+00
 0.00000000E+00
 0.00000000E+00
 0.00000000E+00
 0.00000000E+00
 0.00000000E+00
 0.00000000E+00
 0.00000000E+00
 0.00000000E+00
 0.00000000E+00
 0.00000000E+00
 0.00000000E+00
 0.00000000E+00
 0.00000000E+00
 0.00000000E+00
 0.00000000E+00
 0.00000000E+00
 0.00000000E+00
 0.00000000E+00
 0.00000000E+00
 0.00000000E+00
 0.00000000E+00
 0.00000000E+00
 0.00000000E+00
 0.00000000E+00
 0.00000000E+00
 0.00000000E+00
 0.00000000E+00
 0.00000000E+00
 0.00000000E+00
 0.00000000E+00
 0.00000000E+00
 0.00000000E+00
 0.00000000E+00
 0.00000000E+00
 0.00000000E+00
 0.00000000E+00
 0.00000000E+00
 0.00000000E+00
 0.00000000E+00
 0.00000000E+00
 0.00000000E+00
 0.00000000E+00
 0.00000000E+00
 0.00000000E+00
 0.00000000E+00
 0.00000000E+00
 0.00000000E+00
 0.00000000E+00
 0.00000000E+00
 0.00000000E+00
 0.00000000E+00
 0.00000000E+00
 0.00000000E+00
 0.00000000E+00
 0.00000000E+00
 0.00000000E+00
 0.00000000E+00
 0.00000000E+00
 0.00000000E+00
 0.00000000E+00
 0.00000000E+00
 0.00000000E+00
 0.00000000E+00
 0.00000000E+00
 0.00000000E+00
 0.00000000E+00
 0.00000000E+00
 0.00000000E+00
 0.00000000E+00
 0.00000000E+00
 0.00000000E+00
 0.00000000E+00
 0.00000000E+00
 0.00000000E+00
 0.00000000E+00
 0.00000000E+00
 0.00000000E+00
 0.00000000E+00
 0.00000000E+00
 0.00000000E+00
 0.00000000E+00
 0.00000000E+00
 0.00000000E+00
 0.00000000E+00
 0.00000000E+00
 0.00000000E+00
 0.00000000E+00
 7.10247426E-02
 1.97785454E-02
 8.87222511E-02
 1.57665957E-01
 2.26609662E-01
 2.50779407E-01
 2.55329102E-01
 1.59749187E-01
 2.86735906E-02
 8.03971839E-07
 8.03974575E-07
 5.87597195E-02
 9.46771638E-03
 8.03984499E-07
 8.03987443E-07
 8.03948614E-07
 8.03948850E-07
 8.03951262E-07
 8.03954377E-07
 8.03956875E-07
 8.03959471E-07
 8.03962863E-07
 8.03965862E-07
 8.03968050E-07
 8.03971173E-07
 1.15014866E-02
 8.03971714E-07
 8.03973181E-07
 8.03973797E-07
 8.03974252E-07
 8.03974812E-07
 8.03975606E-07
 8.03977105E-07
 8.03977484E-07
 8.03977940E-07
 8.03979081E-07
 8.03979341E-07
 8.03980716E-07
 8.03981413E-07
 8.03981913E-07
 8.03982965E-07
 8.03984046E-07
 8.03985598E-07
 8.03986914E-07
 8.03988603E-07
 8.03990092E-07
 8.03991518E-07
 8.03993146E-07
 8.03994908E-07
 8.03995805E-07
 8.03997513E-07
 8.03998905E-07
 8.04000852E-07
 8.04001559E-07
 8.03961908E-07
 8.03962248E-07
 8.03962692E-07
 8.03962868E-07
 8.03963280E-07
 8.03963463E-07
 8.03963564E-07
 8.03964177E-07
 8.03963911E-07
 8.03964581E-07
 8.03965095E-07
 8.03964857E-07
 8.03965190E-07
 8.03965198E-07
 8.03965898E-07
 8.03966086E-07
 8.03965903E-07
 8.03966651E-07
 8.03966853E-07
 8.03966367E-07
 8.03966741E-07
 8.03967681E-07
 8.03967746E-07
 8.03967775E-07
 8.03968317E-07
 8.03968376E-07
 8.03968913E-07
 8.03968944E-07
 8.03969128E-07
 8.03969472E-07
 8.03969281E-07
 8.03969620E-07
 8.03970443E-07
 8.03970266E-07
 8.03971451E-07
 8.03972291E-07
 8.03973572E-07
 8.03974354E-07
 8.03975809E-07
 8.03976857E-07
 8.03977769E-07
 8.03978770E-07
 8.03979473E-07
 8.03980741E-07
 8.03981556E-07
 8.03982798E-07
 8.03983661E-07
 8.03984539E-07
 8.03985526E-07
 8.03987109E-07
 8.03988141E-07
 8.03988881E-07
 8.03989427E-07
 8.03990858E-07
 8.03992063E-07
 8.03992792E-07
 8.03994229E-07
 8.03995049E-07
 8.03995931E-07
 8.03997236E-07
 8.03998344E-07
 8.03999134E-07
 8.04000298E-07
 8.04001101E-07
 8.04002006E-07
 8.04003465E-07
 8.04004402E-07
 8.04005743E-07
 8.04006439E-07
 8.04007493E-07
 8.04008665E-07
 8.04009602E-07
 8.04010524E-07
 8.04012076E-07
 8.04013126E-07
 8.04014099E-07
 8.04015431E-07
 8.04015912E-07
 8.04017250E-07
 8.04018680E-07
 8.04019322E-07
 8.04020882E-07
 8.04021955E-07
 8.04022949E-07
 8.04023747E-07
 8.04025296E-07
 8.04026188E-07
 8.04027160E-07
 8.04028203E-07
 8.04029298E-07
 8.04030836E-07
 8.04031877E-07
 8.04032733E-07
 8.04033785E-07
 8.04035119E-07
 8.04036124E-07
 8.04037289E-07
 8.04038491E-07
 8.04039637E-07
 8.04041197E-07
 8.04042267E-07
 8.04043040E-07
 8.04044587E-07
 8.04045427E-07
 8.04005279E-07
 8.04006310E-07
 8.04006938E-07
 8.04007643E-07
 8.04008401E-07
 8.04009316E-07
 8.04010112E-07
 8.04011055E-07
 8.04011497E-07
 8.04012367E-07
 8.04013373E-07
 8.04013798E-07
 8.04014818E-07
 8.04015708E-07
 8.04016187E-07
 8.04017076E-07
 8.04018005E-07
 8.04018900E-07
 8.04019751E-07
 8.04020552E-07
 8.04021053E-07
 8.04021864E-07
 8.04022721E-07
 8.04023554E-07
 8.04024426E-07
 8.04025352E-07
 8.04026260E-07
 8.04026876E-07
 8.04027555E-07
 8.04028731E-07
 8.04029563E-07
 8.04030207E-07
 8.04030952E-07
 8.04031946E-07
 8.04032791E-07
 8.04033498E-07
 8.04034488E-07
 8.04035114E-07
 8.04036116E-07
 8.04036867E-07
 8.04037703E-07
 8.04038330E-07
 8.04039376E-07
 8.04040321E-07
 8.04040970E-07
 8.04041859E-07
 8.03993870E-07
 8.03985131E-07
 8.03980595E-07
 8.03977355E-07
 8.03974922E-07
 8.03972902E-07
 8.03971509E-07
 8.03969971E-07
 8.04011139E-07
 8.04010126E-07
 8.04009187E-07
 8.04008188E-07
 8.04007351E-07
 8.04006653E-07
 8.04005617E-07
 8.04004873E-07
 8.04003940E-07
 8.04003136E-07
 8.04002392E-07
 8.04001790E-07
 8.04000895E-07
 8.04000070E-07
 8.03999522E-07
 8.03998841E-07
 8.03998077E-07
 8.03997187E-07
 8.03996614E-07
 8.03995871E-07
 8.03995167E-07
 8.03994518E-07
 8.03993878E-07
 8.03993252E-07
 8.03992536E-07
 8.03991816E-07
 8.03991074E-07
 8.03990527E-07
 8.03989864E-07
 8.03989284E-07
 8.03988649E-07
 8.03987883E-07
 8.03987367E-07
 8.03986631E-07
 8.03986070E-07
 8.03985607E-07
 8.03984866E-07
 8.03984232E-07
 8.03983703E-07
 8.03983074E-07
 8.03982403E-07
 8.03981889E-07
 8.03981331E-07
 8.03980716E-07
 8.03980217E-07
 8.03979668E-07
 8.03979087E-07
 8.03978525E-07
 8.03977895E-07
 8.03977271E-07
 8.03976803E-07
 8.03976293E-07
 8.03975706E-07
 8.03975117E-07
 8.03974649E-07
 8.03974004E-07
 8.03973567E-07
 8.03972979E-07
 8.03972431E-07
 8.03971940E-07
 8.03971430E-07
 8.03970994E-07
 8.03970395E-07
 8.03970918E-07
 8.03972094E-07
 8.03973227E-07
 8.03974405E-07
 8.03975574E-07
 8.03976740E-07
 8.03977906E-07
 8.03979097E-07
 8.03980236E-07
 8.03981456E-07
 8.03982648E-07
 8.03983864E-07
 8.03985047E-07
 8.03986296E-07
 8.03987511E-07
 8.03988776E-07
 8.03990031E-07
 8.03991274E-07
 8.03992556E-07
 8.03993835E-07
 8.03995125E-07
 8.03996448E-07
 8.03997771E-07
 8.03999112E-07
 8.04000469E-07
 8.04001849E-07
 8.04003245E-07
 8.04004665E-07
 8.04006109E-07
 8.04007589E-07
 8.03967254E-07
 8.03969042E-07
 8.03968551E-07
 8.03968223E-07
 8.03968080E-07
 8.03968113E-07
 8.03968386E-07
 8.03968900E-07
 8.03969701E-07
 6.66298841E-05
 2.05848164E-04
 3.45066443E-04
 4.84284721E-04
 7.06586916E-04
 9.91486490E-04
 1.36617053E-03
 3.39009875E-04
 2.80699285E-05
 5.51919253E-05
 6.78204537E-05
 6.45789795E-05
 6.75951846E-05
 6.20301909E-05
 4.29065628E-05
 8.30465332E-06
 5.04768667E-02
 1.11624243E-01
 1.72978144E-01
 2.34539072E-01
 3.54893338E-01
 4.81149991E-01
 6.69308322E-01
 0.00000000E+00
 0.00000000E+00
 0.00000000E+00
 0.00000000E+00
 0.00000000E+00
 0.00000000E+00
 0.00000000E+00
 0.00000000E+00
 0.00000000E+00
 0.00000000E+00
 0.00000000E+00
 0.00000000E+00
 0.00000000E+00
 0.00000000E+00
 0.00000000E+00
 0.00000000E+00
 0.00000000E+00
 0.00000000E+00
 0.00000000E+00
 0.00000000E+00
 0.00000000E+00
 0.00000000E+00
 0.00000000E+00
 0.00000000E+00
 0.00000000E+00
 0.00000000E+00
 0.00000000E+00
 0.00000000E+00
 0.00000000E+00
 0.00000000E+00
 0.00000000E+00
 0.00000000E+00
 0.00000000E+00
 0.00000000E+00
 0.00000000E+00
 0.00000000E+00
 0.00000000E+00
 0.00000000E+00
 0.00000000E+00
 0.00000000E+00
 0.00000000E+00
 0.00000000E+00
 0.00000000E+00
 0.00000000E+00
 0.00000000E+00
 0.00000000E+00
 0.00000000E+00
 0.00000000E+00
 0.00000000E+00
 0.00000000E+00
 0.00000000E+00
 0.00000000E+00
 0.00000000E+00
 0.00000000E+00
 0.00000000E+00
 0.00000000E+00
 0.00000000E+00
 0.00000000E+00
 0.00000000E+00
 0.00000000E+00
 0.00000000E+00
 0.00000000E+00
 0.00000000E+00
 0.00000000E+00
 0.00000000E+00
 0.00000000E+00
 0.00000000E+00
 0.00000000E+00
 0.00000000E+00
 0.00000000E+00
 0.00000000E+00
 0.00000000E+00
 0.00000000E+00
 0.00000000E+00
 0.00000000E+00
 0.00000000E+00
 0.00000000E+00
 0.00000000E+00
 0.00000000E+00
 0.00000000E+00
 0.00000000E+00
 0.00000000E+00
 0.00000000E+00
 0.00000000E+00
 0.00000000E+00
 0.00000000E+00
 0.00000000E+00
 0.00000000E+00
 0.00000000E+00
 0.00000000E+00
 0.00000000E+00
 0.00000000E+00
 0.00000000E+00
 0.00000000E+00
 0.00000000E+00
 0.00000000E+00
 0.00000000E+00
 0.00000000E+00
 0.00000000E+00
 0.00000000E+00
 0.00000000E+00
 0.00000000E+00
 0.00000000E+00
 0.00000000E+00
 0.00000000E+00
 0.00000000E+00
 0.00000000E+00
 0.00000000E+00
 0.00000000E+00
 0.00000000E+00
 0.00000000E+00
 0.00000000E+00
 0.00000000E+00
 0.00000000E+00
 0.00000000E+00
 0.00000000E+00
 0.00000000E+00
 0.00000000E+00
 0.00000000E+00
 0.00000000E+00
 0.00000000E+00
 0.00000000E+00
 0.00000000E+00
 0.00000000E+00
 0.00000000E+00
 0.00000000E+00
 0.00000000E+00
 0.00000000E+00
 0.00000000E+00
 0.00000000E+00
 0.00000000E+00
 0.00000000E+00
 0.00000000E+00
 0.00000000E+00
 0.00000000E+00
 0.00000000E+00
 0.00000000E+00
 0.00000000E+00
 0.00000000E+00
 0.00000000E+00
 0.00000000E+00
 0.00000000E+00
 0.00000000E+00
 0.00000000E+00
 0.00000000E+00
 0.00000000E+00
 0.00000000E+00
 0.00000000E+00
 0.00000000E+00
 0.00000000E+00
 0.00000000E+00
 0.00000000E+00
 0.00000000E+00
 0.00000000E+00
 0.00000000E+00
 0.00000000E+00
 0.00000000E+00
 0.00000000E+00
 0.00000000E+00
 0.00000000E+00
 0.00000000E+00
 0.00000000E+00
 0.00000000E+00
 1.32409925E-01
 3.73187793E-02
 4.39520975E-02
 1.25222974E-01
 2.06493851E-01
 2.40231699E-01
 2.53140468E-01
 1.59749426E-01
 2.86753828E-02
 2.93588136E-06
 2.93588501E-06
 6.23785370E-02
 1.00490550E-02
 2.93589417E-06
 2.93589703E-06
 2.93585807E-06
 2.93585783E-06
 2.93586081E-06
 2.93586327E-06
 2.93586582E-06
 2.93586916E-06
 2.93587187E-06
 2.93587508E-06
 2.93587742E-06
 2.93588022E-06
 1.22123153E-02
 2.93588128E-06
 2.93588290E-06
 2.93588304E-06
 2.93588386E-06
 2.93588453E-06
 2.93588536E-06
 2.93588647E-06
 2.93588691E-06
 2.93588753E-06
 2.93588861E-06
 2.93588922E-06
 2.93588984E-06
 2.93589128E-06
 2.93589158E-06
 2.93589220E-06
 2.93589399E-06
 2.93589550E-06
 2.93589653E-06
 2.93589835E-06
 2.93589991E-06
 2.93590165E-06
 2.93590303E-06
 2.93590462E-06
 2.93590608E-06
 2.93590749E-06
 2.93590881E-06
 2.93591061E-06
 2.93591174E-06
 2.93587159E-06
 2.93587267E-06
 2.93587303E-06
 2.93587292E-06
 2.93587304E-06
 2.93587277E-06
 2.93587330E-06
 2.93587400E-06
 2.93587397E-06
 2.93587395E-06
 2.93587450E-06
 2.93587487E-06
 2.93587506E-06
 2.93587489E-06
 2.93587524E-06
 2.93587507E-06
 2.93587581E-06
 2.93587601E-06
 2.93587637E-06
 2.93587615E-06
 2.93587706E-06
 2.93587722E-06
 2.93587736E-06
 2.93587785E-06
 2.93587799E-06
 2.93587776E-06
 2.93587840E-06
 2.93587864E-06
 2.93587890E-06
 2.93587929E-06
 2.93587883E-06
 2.93587970E-06
 2.93587970E-06
 2.93588038E-06
 2.93588121E-06
 2.93588247E-06
 2.93588361E-06
 2.93588449E-06
 2.93588524E-06
 2.93588609E-06
 2.93588690E-06
 2.93588817E-06
 2.93588911E-06
 2.93588983E-06
 2.93589160E-06
 2.93589223E-06
 2.93589286E-06
 2.93589423E-06
 2.93589507E-06
 2.93589633E-06
 2.93589692E-06
 2.93589854E-06
 2.93589908E-06
 2.93590060E-06
 2.93590102E-06
 2.93590216E-06
 2.93590336E-06
 2.93590441E-06
 2.93590538E-06
 2.93590616E-06
 2.93590730E-06
 2.93590869E-06
 2.93590913E-06
 2.93591071E-06
 2.93591132E-06
 2.93591292E-06
 2.93591329E-06
 2.93591471E-06
 2.93591581E-06
 2.93591656E-06
 2.93591808E-06
 2.93591867E-06
 2.93591966E-06
 2.93592081E-06
 2.93592232E-06
 2.93592307E-06
 2.93592415E-06
 2.93592534E-06
 2.93592627E-06
 2.93592726E-06
 2.93592830E-06
 2.93592971E-06
 2.93593059E-06
 2.93593180E-06
 2.93593268E-06
 2.93593386E-06
 2.93593509E-06
 2.93593638E-06
 2.93593729E-06
 2.93593853E-06
 2.93593969E-06
 2.93594062E-06
 2.93594195E-06
 2.93594285E-06
 2.93594389E-06
 2.93594509E-06
 2.93594622E-06
 2.93594736E-06
 2.93594840E-06
 2.93594975E-06
 2.93595097E-06
 2.93595187E-06
 2.93595292E-06
 2.93595413E-06
 2.93591387E-06
 2.93591472E-06
 2.93591506E-06
 2.93591596E-06
 2.93591689E-06
 2.93591743E-06
 2.93591829E-06
 2.93591930E-06
 2.93591979E-06
 2.93592080E-06
 2.93592129E-06
 2.93592221E-06
 2.93592307E-06
 2.93592397E-06
 2.93592437E-06
 2.93592517E-06
 2.93592592E-06
 2.93592707E-06
 2.93592772E-06
 2.93592832E-06
 2.93592940E-06
 2.93593000E-06
 2.93593055E-06
 2.93593149E-06
 2.93593248E-06
 2.93593300E-06
 2.93593399E-06
 2.93593462E-06
 2.93593572E-06
 2.93593638E-06
 2.93593727E-06
 2.93593782E-06
 2.93593887E-06
 2.93593933E-06
 2.93594046E-06
 2.93594096E-06
 2.93594181E-06
 2.93594262E-06
 2.93594380E-06
 2.93594425E-06
 2.93594524E-06
 2.93594603E-06
 2.93594676E-06
 2.93594777E-06
 2.93594855E-06
 2.93594950E-06
 2.93590322E-06
 2.93589289E-06
 2.93588783E-06
 2.93588472E-06
 2.93588220E-06
 2.93587984E-06
 2.93587811E-06
 2.93587686E-06
 2.93591799E-06
 2.93591736E-06
 2.93591642E-06
 2.93591538E-06
 2.93591472E-06
 2.93591388E-06
 2.93591282E-06
 2.93591221E-06
 2.93591140E-06
 2.93591080E-06
 2.93590978E-06
 2.93590906E-06
 2.93590856E-06
 2.93590783E-06
 2.93590700E-06
 2.93590647E-06
 2.93590582E-06
 2.93590493E-06
 2.93590438E-06
 2.93590369E-06
 2.93590307E-06
 2.93590239E-06
 2.93590174E-06
 2.93590115E-06
 2.93590052E-06
 2.93590000E-06
 2.93589923E-06
 2.93589865E-06
 2.93589807E-06
 2.93589753E-06
 2.93589701E-06
 2.93589633E-06
 2.93589586E-06
 2.93589523E-06
 2.93589462E-06
 2.93589410E-06
 2.93589346E-06
 2.93589293E-06
 2.93589234E-06
 2.93589181E-06
 2.93589118E-06
 2.93589076E-06
 2.93589021E-06
 2.93588963E-06
 2.93588909E-06
 2.93588856E-06
 2.93588804E-06
 2.93588747E-06
 2.93588706E-06
 2.93588647E-06
 2.93588605E-06
 2.93588544E-06
 2.93588495E-06
 2.93588452E-06
 2.93588400E-06
 2.93588352E-06
 2.93588298E-06
 2.93588250E-06
 2.93588198E-06
 2.93588155E-06
 2.93588110E-06
 2.93588066E-06
 2.93588022E-06
 2.93588068E-06
 2.93588174E-06
 2.93588277E-06
 2.93588386E-06
 2.93588494E-06
 2.93588604E-06
 2.93588706E-06
 2.93588817E-06
 2.93588926E-06
 2.93589042E-06
 2.93589148E-06
 2.93589263E-06
 2.93589376E-06
 2.93589490E-06
 2.93589605E-06
 2.93589720E-06
 2.93589835E-06
 2.93589953E-06
 2.93590072E-06
 2.93590192E-06
 2.93590313E-06
 2.93590437E-06
 2.93590561E-06
 2.93590686E-06
 2.93590814E-06
 2.93590943E-06
 2.93591075E-06
 2.93591209E-06
 2.93591344E-06
 2.93591483E-06
 2.93591624E-06
 2.93587593E-06
 2.93587583E-06
 2.93587587E-06
 2.93587612E-06
 2.93587651E-06
 2.93587717E-06
 2.93587810E-06
 2.93587930E-06
 6.00420543E-05
 1.90061015E-04
 3.20079976E-04
 4.50098935E-04
 6.68321576E-04
 9.52999068E-04
 1.33299370E-03
 3.27832358E-04
 2.95096779E-05
 5.54908292E-05
 6.71126625E-05
 6.29035505E-05
 6.63447100E-05
 6.16729946E-05
 4.35945142E-05
 1.00617538E-05
 4.71387626E-02
 1.04245934E-01
 1.61546841E-01
 2.19042263E-01
 3.38929976E-01
 4.65059312E-01
 6.56881764E-01
 0.00000000E+00
 0.00000000E+00
 0.00000000E+00
 0.00000000E+00
 0.00000000E+00
 0.00000000E+00
 0.00000000E+00
 0.00000000E+00
 0.00000000E+00
 0.00000000E+00
 0.00000000E+00
 0.00000000E+00
 0.00000000E+00
 0.00000000E+00
 0.00000000E+00
 0.00000000E+00
 0.00000000E+00
 0.00000000E+00
 0.00000000E+00
 0.00000000E+00
 0.00000000E+00
 0.00000000E+00
 0.00000000E+00
 0.00000000E+00
 0.00000000E+00
 0.00000000E+00
 0.00000000E+00
 0.00000000E+00
 0.00000000E+00
 0.00000000E+00
 0.00000000E+00
 0.00000000E+00
 0.00000000E+00
 0.00000000E+00
 0.00000000E+00
 0.00000000E+00
 0.00000000E+00
 0.00000000E+00
 0.00000000E+00
 0.00000000E+00
 0.00000000E+00
 0.00000000E+00
 0.00000000E+00
 0.00000000E+00
 0.00000000E+00
 0.00000000E+00
 0.00000000E+00
 0.00000000E+00
 0.00000000E+00
 0.00000000E+00
 0.00000000E+00
 0.00000000E+00
 0.00000000E+00
 0.00000000E+00
 0.00000000E+00
 0.00000000E+00
 0.00000000E+00
 0.00000000E+00
 0.00000000E+00
 0.00000000E+00
 0.00000000E+00
 0.00000000E+00
 0.00000000E+00
 0.00000000E+00
 0.00000000E+00
 0.00000000E+00
 0.00000000E+00
 0.00000000E+00
 0.00000000E+00
 0.00000000E+00
 0.00000000E+00
 0.00000000E+00
 0.00000000E+00
 0.00000000E+00
 0.00000000E+00
 0.00000000E+00
 0.00000000E+00
 0.00000000E+00
 0.00000000E+00
 0.00000000E+00
 0.00000000E+00
 0.00000000E+00
 0.00000000E+00
 0.00000000E+00
 0.00000000E+00
 0.00000000E+00
 0.00000000E+00
 0.00000000E+00
 0.00000000E+00
 0.00000000E+00
 0.00000000E+00
 0.00000000E+00
 0.00000000E+00
 0.00000000E+00
 0.00000000E+00
 0.00000000E+00
 0.00000000E+00
 0.00000000E+00
 0.00000000E+00
 0.00000000E+00
 0.00000000E+00
 0.00000000E+00
 0.00000000E+00
 0.00000000E+00
 0.00000000E+00
 0.00000000E+00
 0.00000000E+00
 0.00000000E+00
 0.00000000E+00
 0.00000000E+00
 0.00000000E+00
 0.00000000E+00
 0.00000000E+00
 0.00000000E+00
 0.00000000E+00
 0.00000000E+00
 0.00000000E+00
 0.00000000E+00
 0.00000000E+00
 0.00000000E+00
 0.00000000E+00
 0.00000000E+00
 0.00000000E+00
 0.00000000E+00
 0.00000000E+00
 0.00000000E+00
 0.00000000E+00
 0.00000000E+00
 0.00000000E+00
 0.00000000E+00
 0.00000000E+00
 0.00000000E+00
 0.00000000E+00
 0.00000000E+00
 0.00000000E+00
 0.00000000E+00
 0.00000000E+00
 0.00000000E+00
 0.00000000E+00
 0.00000000E+00
 0.00000000E+00
 0.00000000E+00
 0.00000000E+00
 0.00000000E+00
 0.00000000E+00
 0.00000000E+00
 0.00000000E+00
 0.00000000E+00
 0.00000000E+00
 0.00000000E+00
 0.00000000E+00
 0.00000000E+00
 0.00000000E+00
 0.00000000E+00
 0.00000000E+00
 0.00000000E+00
 0.00000000E+00
 0.00000000E+00
 0.00000000E+00
 0.00000000E+00
 0.00000000E+00
 0.00000000E+00
 0.00000000E+00
 1.93694002E-01
 9.43221076E-02
 7.44441138E-04
 9.28332253E-02
 1.86410892E-01
 2.29701033E-01
 2.50955068E-01
 1.59749312E-01
 2.86768593E-02
 4.76023959E-06
 4.76024132E-06
 6.59916635E-02
 1.06297346E-02
 4.76025115E-06
 4.76025386E-06
 4.76021414E-06
 4.76021437E-06
 4.76021769E-06
 4.76022043E-06
 4.76022375E-06
 4.76022589E-06
 4.76022904E-06
 4.76023243E-06
 4.76023486E-06
 4.76023732E-06
 1.29216623E-02
 4.76023883E-06
 4.76023930E-06
 4.76024002E-06
 4.76024098E-06
 4.76024191E-06
 4.76024239E-06
 4.76024307E-06
 4.76024372E-06
 4.76024430E-06
 4.76024595E-06
 4.76024622E-06
 4.76024691E-06
 4.76024733E-06
 4.76024808E-06
 4.76024976E-06
 4.76025087E-06
 4.76025213E-06
 4.76025433E-06
 4.76025542E-06
 4.76025684E-06
 4.76025837E-06
 4.76026043E-06
 4.76026134E-06
 4.76026334E-06
 4.76026503E-06
 4.76026562E-06
 4.76026786E-06
 4.76026920E-06
 4.76022871E-06
 4.76022921E-06
 4.76022957E-06
 4.76023022E-06
 4.76023030E-06
 4.76023057E-06
 4.76023086E-06
 4.76023131E-06
 4.76023161E-06
 4.76023112E-06
 4.76023196E-06
 4.76023170E-06
 4.76023197E-06
 4.76023202E-06
 4.76023211E-06
 4.76023255E-06
 4.76023314E-06
 4.76023301E-06
 4.76023361E-06
 4.76023361E-06
 4.76023414E-06
 4.76023448E-06
 4.76023446E-06
 4.76023494E-06
 4.76023503E-06
 4.76023530E-06
 4.76023502E-06
 4.76023558E-06
 4.76023597E-06
 4.76023594E-06
 4.76023640E-06
 4.76023651E-06
 4.76023710E-06
 4.76023780E-06
 4.76023835E-06
 4.76023983E-06
 4.76024078E-06
 4.76024106E-06
 4.76024208E-06
 4.76024359E-06
 4.76024424E-06
 4.76024533E-06
 4.76024620E-06
 4.76024733E-06
 4.76024797E-06
 4.76024934E-06
 4.76025019E-06
 4.76025098E-06
 4.76025234E-06
 4.76025289E-06
 4.76025446E-06
 4.76025505E-06
 4.76025650E-06
 4.76025696E-06
 4.76025800E-06
 4.76025912E-06
 4.76026017E-06
 4.76026103E-06
 4.76026179E-06
 4.76026281E-06
 4.76026406E-06
 4.76026551E-06
 4.76026588E-06
 4.76026749E-06
 4.76026832E-06
 4.76026919E-06
 4.76027031E-06
 4.76027119E-06
 4.76027231E-06
 4.76027304E-06
 4.76027440E-06
 4.76027526E-06
 4.76027660E-06
 4.76027730E-06
 4.76027877E-06
 4.76027946E-06
 4.76028046E-06
 4.76028152E-06
 4.76028264E-06
 4.76028380E-06
 4.76028487E-06
 4.76028573E-06
 4.76028702E-06
 4.76028807E-06
 4.76028918E-06
 4.76028993E-06
 4.76029124E-06
 4.76029248E-06
 4.76029321E-06
 4.76029476E-06
 4.76029566E-06
 4.76029675E-06
 4.76029800E-06
 4.76029888E-06
 4.76029979E-06
 4.76030112E-06
 4.76030246E-06
 4.76030368E-06
 4.76030468E-06
 4.76030586E-06
 4.76030678E-06
 4.76030785E-06
 4.76030904E-06
 4.76026883E-06
 4.76026939E-06
 4.76027047E-06
 4.76027104E-06
 4.76027176E-06
 4.76027243E-06
 4.76027306E-06
 4.76027374E-06
 4.76027483E-06
 4.76027550E-06
 4.76027602E-06
 4.76027703E-06
 4.76027755E-06
 4.76027845E-06
 4.76027921E-06
 4.76028001E-06
 4.76028074E-06
 4.76028141E-06
 4.76028239E-06
 4.76028286E-06
 4.76028381E-06
 4.76028462E-06
 4.76028537E-06
 4.76028614E-06
 4.76028680E-06
 4.76028748E-06
 4.76028855E-06
 4.76028923E-06
 4.76028988E-06
 4.76029058E-06
 4.76029133E-06
 4.76029248E-06
 4.76029302E-06
 4.76029363E-06
 4.76029483E-06
 4.76029536E-06
 4.76029623E-06
 4.76029689E-06
 4.76029790E-06
 4.76029847E-06
 4.76029958E-06
 4.76030028E-06
 4.76030124E-06
 4.76030167E-06
 4.76030284E-06
 4.76030331E-06
 4.76030433E-06
 4.76026202E-06
 4.76024804E-06
 4.76024268E-06
 4.76023915E-06
 4.76023668E-06
 4.76023440E-06
 4.76023264E-06
 4.76023125E-06
 4.76027280E-06
 4.76027188E-06
 4.76027094E-06
 4.76027003E-06
 4.76026923E-06
 4.76026857E-06
 4.76026767E-06
 4.76026702E-06
 4.76026602E-06
 4.76026549E-06
 4.76026483E-06
 4.76026396E-06
 4.76026342E-06
 4.76026275E-06
 4.76026205E-06
 4.76026132E-06
 4.76026071E-06
 4.76026024E-06
 4.76025961E-06
 4.76025898E-06
 4.76025844E-06
 4.76025775E-06
 4.76025710E-06
 4.76025652E-06
 4.76025612E-06
 4.76025556E-06
 4.76025497E-06
 4.76025434E-06
 4.76025387E-06
 4.76025322E-06
 4.76025272E-06
 4.76025219E-06
 4.76025161E-06
 4.76025099E-06
 4.76025060E-06
 4.76024996E-06
 4.76024953E-06
 4.76024890E-06
 4.76024850E-06
 4.76024787E-06
 4.76024742E-06
 4.76024686E-06
 4.76024634E-06
 4.76024597E-06
 4.76024543E-06
 4.76024496E-06
 4.76024451E-06
 4.76024393E-06
 4.76024356E-06
 4.76024305E-06
 4.76024260E-06
 4.76024210E-06
 4.76024167E-06
 4.76024117E-06
 4.76024084E-06
 4.76024036E-06
 4.76023986E-06
 4.76023940E-06
 4.76023905E-06
 4.76023859E-06
 4.76023823E-06
 4.76023780E-06
 4.76023738E-06
 4.76023780E-06
 4.76023877E-06
 4.76023971E-06
 4.76024074E-06
 4.76024168E-06
 4.76024272E-06
 4.76024370E-06
 4.76024470E-06
 4.76024573E-06
 4.76024678E-06
 4.76024781E-06
 4.76024880E-06
 4.76024988E-06
 4.76025092E-06
 4.76025197E-06
 4.76025303E-06
 4.76025413E-06
 4.76025521E-06
 4.76025633E-06
 4.76025743E-06
 4.76025857E-06
 4.76025972E-06
 4.76026087E-06
 4.76026204E-06
 4.76026324E-06
 4.76026445E-06
 4.76026568E-06
 4.76026693E-06
 4.76026821E-06
 4.76026952E-06
 4.76027086E-06
 4.76023024E-06
 4.76023051E-06
 4.76023093E-06
 4.76023156E-06
 4.76023234E-06
 4.76023338E-06
 4.76023467E-06
 4.76023624E-06
 5.37691163E-05
 1.74603910E-04
 2.95438704E-04
 4.16273497E-04
 6.30423296E-04
 9.14878945E-04
 1.30017528E-03
 3.16984329E-04
 3.06405425E-05
 5.54871573E-05
 6.61082911E-05
 6.09373849E-05
 6.48069591E-05
 6.10311378E-05
 4.40001032E-05
 1.15386855E-05
 4.38063666E-02
 9.68798828E-02
 1.50134341E-01
 2.03570800E-01
 3.22992633E-01
 4.48994774E-01
 6.44475336E-01
 0.00000000E+00
 0.00000000E+00
 0.00000000E+00
 0.00000000E+00
 0.00000000E+00
 0.00000000E+00
 0.00000000E+00
 0.00000000E+00
 0.00000000E+00
 0.00000000E+00
 0.00000000E+00
 0.00000000E+00
 0.00000000E+00
 0.00000000E+00
 0.00000000E+00
 0.00000000E+00
 0.00000000E+00
 0.00000000E+00
 0.00000000E+00
 0.00000000E+00
 0.00000000E+00
 0.00000000E+00
 0.00000000E+00
 0.00000000E+00
 0.00000000E+00
 0.00000000E+00
 0.00000000E+00
 0.00000000E+00
 0.00000000E+00
 0.00000000E+00
 0.00000000E+00
 0.00000000E+00
 0.00000000E+00
 0.00000000E+00
 0.00000000E+00
 0.00000000E+00
 0.00000000E+00
 0.00000000E+00
 0.00000000E+00
 0.00000000E+00
 0.00000000E+00
 0.00000000E+00
 0.00000000E+00
 0.00000000E+00
 0.00000000E+00
 0.00000000E+00
 0.00000000E+00
 0.00000000E+00
 0.00000000E+00
 0.00000000E+00
 0.00000000E+00
 0.00000000E+00
 0.00000000E+00
 0.00000000E+00
 0.00000000E+00
 0.00000000E+00
 0.00000000E+00
 0.00000000E+00
 0.00000000E+00
 0.00000000E+00
 0.00000000E+00
 0.00000000E+00
 0.00000000E+00
 0.00000000E+00
 0.00000000E+00
 0.00000000E+00
 0.00000000E+00
 0.00000000E+00
 0.00000000E+00
 0.00000000E+00
 0.00000000E+00
 0.00000000E+00
 0.00000000E+00
 0.00000000E+00
 0.00000000E+00
 0.00000000E+00
 0.00000000E+00
 0.00000000E+00
 0.00000000E+00
 0.00000000E+00
 0.00000000E+00
 0.00000000E+00
 0.00000000E+00
 0.00000000E+00
 0.00000000E+00
 0.00000000E+00
 0.00000000E+00
 0.00000000E+00
 0.00000000E+00
 0.00000000E+00
 0.00000000E+00
 0.00000000E+00
 0.00000000E+00
 0.00000000E+00
 0.00000000E+00
 0.00000000E+00
 0.00000000E+00
 0.00000000E+00
 0.00000000E+00
 0.00000000E+00
 0.00000000E+00
 0.00000000E+00
 0.00000000E+00
 0.00000000E+00
 0.00000000E+00
 0.00000000E+00
 0.00000000E+00
 0.00000000E+00
 0.00000000E+00
 0.00000000E+00
 0.00000000E+00
 0.00000000E+00
 0.00000000E+00
 0.00000000E+00
 0.00000000E+00
 0.00000000E+00
 0.00000000E+00
 0.00000000E+00
 0.00000000E+00
 0.00000000E+00
 0.00000000E+00
 0.00000000E+00
 0.00000000E+00
 0.00000000E+00
 0.00000000E+00
 0.00000000E+00
 0.00000000E+00
 0.00000000E+00
 0.00000000E+00
 0.00000000E+00
 0.00000000E+00
 0.00000000E+00
 0.00000000E+00
 0.00000000E+00
 0.00000000E+00
 0.00000000E+00
 0.00000000E+00
 0.00000000E+00
 0.00000000E+00
 0.00000000E+00
 0.00000000E+00
 0.00000000E+00
 0.00000000E+00
 0.00000000E+00
 0.00000000E+00
 0.00000000E+00
 0.00000000E+00
 0.00000000E+00
 0.00000000E+00
 0.00000000E+00
 0.00000000E+00
 0.00000000E+00
 0.00000000E+00
 0.00000000E+00
 0.00000000E+00
 0.00000000E+00
 0.00000000E+00
 0.00000000E+00
 0.00000000E+00
 0.00000000E+00
 0.00000000E+00
 0.00000000E+00
 0.00000000E+00
 2.54877167E-01
 1.51231620E-01
 4.53675066E-02
 6.04966072E-02
 1.66360721E-01
 2.19187375E-01
 2.48772894E-01
 1.59748846E-01
 2.86780207E-02
 6.27756800E-06
 6.27757065E-06
 6.95991102E-02
 1.12097565E-02
 6.27757954E-06
 6.27758273E-06
 6.27754321E-06
 6.27754300E-06
 6.27754577E-06
 6.27754867E-06
 6.27755206E-06
 6.27755477E-06
 6.27755769E-06
 6.27756036E-06
 6.27756352E-06
 6.27756681E-06
 1.36295306E-02
 6.27756796E-06
 6.27756822E-06
 6.27756868E-06
 6.27757004E-06
 6.27757001E-06
 6.27757125E-06
 6.27757245E-06
 6.27757265E-06
 6.27757393E-06
 6.27757466E-06
 6.27757511E-06
 6.27757613E-06
 6.27757641E-06
 6.27757680E-06
 6.27757874E-06
 6.27757988E-06
 6.27758176E-06
 6.27758334E-06
 6.27758392E-06
 6.27758607E-06
 6.27758725E-06
 6.27758954E-06
 6.27759028E-06
 6.27759187E-06
 6.27759391E-06
 6.27759520E-06
 6.27759651E-06
 6.27759826E-06
 6.27755824E-06
 6.27755833E-06
 6.27755840E-06
 6.27755919E-06
 6.27755895E-06
 6.27755933E-06
 6.27755970E-06
 6.27756022E-06
 6.27756040E-06
 6.27756038E-06
 6.27756031E-06
 6.27756062E-06
 6.27756055E-06
 6.27756140E-06
 6.27756185E-06
 6.27756172E-06
 6.27756232E-06
 6.27756233E-06
 6.27756216E-06
 6.27756268E-06
 6.27756298E-06
 6.27756294E-06
 6.27756336E-06
 6.27756396E-06
 6.27756347E-06
 6.27756451E-06
 6.27756430E-06
 6.27756475E-06
 6.27756517E-06
 6.27756484E-06
 6.27756553E-06
 6.27756600E-06
 6.27756625E-06
 6.27756630E-06
 6.27756764E-06
 6.27756830E-06
 6.27756919E-06
 6.27757057E-06
 6.27757124E-06
 6.27757235E-06
 6.27757337E-06
 6.27757390E-06
 6.27757483E-06
 6.27757588E-06
 6.27757703E-06
 6.27757764E-06
 6.27757883E-06
 6.27757994E-06
 6.27758084E-06
 6.27758140E-06
 6.27758295E-06
 6.27758413E-06
 6.27758478E-06
 6.27758565E-06
 6.27758634E-06
 6.27758768E-06
 6.27758882E-06
 6.27758973E-06
 6.27759042E-06
 6.27759178E-06
 6.27759230E-06
 6.27759348E-06
 6.27759449E-06
 6.27759564E-06
 6.27759659E-06
 6.27759778E-06
 6.27759884E-06
 6.27759999E-06
 6.27760087E-06
 6.27760170E-06
 6.27760257E-06
 6.27760392E-06
 6.27760460E-06
 6.27760606E-06
 6.27760672E-06
 6.27760767E-06
 6.27760869E-06
 6.27760975E-06
 6.27761083E-06
 6.27761171E-06
 6.27761303E-06
 6.27761410E-06
 6.27761492E-06
 6.27761633E-06
 6.27761736E-06
 6.27761842E-06
 6.27761950E-06
 6.27762035E-06
 6.27762161E-06
 6.27762263E-06
 6.27762381E-06
 6.27762472E-06
 6.27762618E-06
 6.27762705E-06
 6.27762791E-06
 6.27762928E-06
 6.27763041E-06
 6.27763131E-06
 6.27763246E-06
 6.27763364E-06
 6.27763456E-06
 6.27763598E-06
 6.27759528E-06
 6.27759618E-06
 6.27759713E-06
 6.27759765E-06
 6.27759822E-06
 6.27759922E-06
 6.27759969E-06
 6.27760059E-06
 6.27760105E-06
 6.27760192E-06
 6.27760272E-06
 6.27760347E-06
 6.27760416E-06
 6.27760515E-06
 6.27760571E-06
 6.27760658E-06
 6.27760737E-06
 6.27760810E-06
 6.27760876E-06
 6.27760928E-06
 6.27761017E-06
 6.27761091E-06
 6.27761167E-06
 6.27761228E-06
 6.27761328E-06
 6.27761378E-06
 6.27761465E-06
 6.27761547E-06
 6.27761625E-06
 6.27761706E-06
 6.27761783E-06
 6.27761865E-06
 6.27761910E-06
 6.27762003E-06
 6.27762069E-06
 6.27762143E-06
 6.27762239E-06
 6.27762313E-06
 6.27762373E-06
 6.27762467E-06
 6.27762557E-06
 6.27762604E-06
 6.27762706E-06
 6.27762784E-06
 6.27762841E-06
 6.27762941E-06
 6.27763040E-06
 6.27763116E-06
 6.27763181E-06
 6.27757467E-06
 6.27756941E-06
 6.27756556E-06
 6.27756279E-06
 6.27756042E-06
 6.27755865E-06
 6.27755711E-06
 6.27759892E-06
 6.27759814E-06
 6.27759725E-06
 6.27759629E-06
 6.27759563E-06
 6.27759499E-06
 6.27759412E-06
 6.27759346E-06
 6.27759285E-06
 6.27759204E-06
 6.27759138E-06
 6.27759071E-06
 6.27759015E-06
 6.27758951E-06
 6.27758896E-06
 6.27758835E-06
 6.27758769E-06
 6.27758714E-06
 6.27758650E-06
 6.27758592E-06
 6.27758538E-06
 6.27758487E-06
 6.27758429E-06
 6.27758376E-06
 6.27758325E-06
 6.27758279E-06
 6.27758207E-06
 6.27758179E-06
 6.27758114E-06
 6.27758063E-06
 6.27758007E-06
 6.27757968E-06
 6.27757908E-06
 6.27757868E-06
 6.27757825E-06
 6.27757773E-06
 6.27757715E-06
 6.27757673E-06
 6.27757636E-06
 6.27757591E-06
 6.27757534E-06
 6.27757494E-06
 6.27757453E-06
 6.27757403E-06
 6.27757356E-06
 6.27757319E-06
 6.27757273E-06
 6.27757221E-06
 6.27757181E-06
 6.27757142E-06
 6.27757099E-06
 6.27757057E-06
 6.27757012E-06
 6.27756973E-06
 6.27756933E-06
 6.27756890E-06
 6.27756857E-06
 6.27756812E-06
 6.27756778E-06
 6.27756742E-06
 6.27756701E-06
 6.27756664E-06
 6.27756631E-06
 6.27756670E-06
 6.27756755E-06
 6.27756847E-06
 6.27756938E-06
 6.27757023E-06
 6.27757117E-06
 6.27757206E-06
 6.27757298E-06
 6.27757393E-06
 6.27757486E-06
 6.27757580E-06
 6.27757676E-06
 6.27757774E-06
 6.27757871E-06
 6.27757965E-06
 6.27758064E-06
 6.27758166E-06
 6.27758266E-06
 6.27758368E-06
 6.27758472E-06
 6.27758576E-06
 6.27758682E-06
 6.27758789E-06
 6.27758898E-06
 6.27759010E-06
 6.27759122E-06
 6.27759237E-06
 6.27759355E-06
 6.27759473E-06
 6.27759596E-06
 6.27759722E-06
 6.27755632E-06
 6.27755698E-06
 6.27755776E-06
 6.27755877E-06
 6.27755995E-06
 6.27756139E-06
 6.27756305E-06
 6.27756502E-06
 4.78105317E-05
 1.59476282E-04
 2.71142032E-04
 3.82807781E-04
 5.92891395E-04
 8.77125481E-04
 1.26771465E-03
 3.06465200E-04
 3.14630741E-05
 5.51814514E-05
 6.48078723E-05
 5.86810064E-05
 6.29824510E-05
 6.01051367E-05
 4.41238440E-05
 1.27359604E-05
 4.04796675E-02
 8.95260663E-02
 1.38740609E-01
 1.88124631E-01
 3.07081256E-01
 4.32956324E-01
 6.32089000E-01
 0.00000000E+00
 0.00000000E+00
 0.00000000E+00
 0.00000000E+00
 0.00000000E+00
 0.00000000E+00
 0.00000000E+00
 0.00000000E+00
 0.00000000E+00
 0.00000000E+00
 0.00000000E+00
 0.00000000E+00
 0.00000000E+00
 0.00000000E+00
 0.00000000E+00
 0.00000000E+00
 0.00000000E+00
 0.00000000E+00
 0.00000000E+00
 0.00000000E+00
 0.00000000E+00
 0.00000000E+00
 0.00000000E+00
 0.00000000E+00
 0.00000000E+00
 0.00000000E+00
 0.00000000E+00
 0.00000000E+00
 0.00000000E+00
 0.00000000E+00
 0.00000000E+00
 0.00000000E+00
 0.00000000E+00
 0.00000000E+00
 0.00000000E+00
 0.00000000E+00
 0.00000000E+00
 0.00000000E+00
 0.00000000E+00
 0.00000000E+00
 0.00000000E+00
 0.00000000E+00
 0.00000000E+00
 0.00000000E+00
 0.00000000E+00
 0.00000000E+00
 0.00000000E+00
 0.00000000E+00
 0.00000000E+00
 0.00000000E+00
 0.00000000E+00
 0.00000000E+00
 0.00000000E+00
 0.00000000E+00
 0.00000000E+00
 0.00000000E+00
 0.00000000E+00
 0.00000000E+00
 0.00000000E+00
 0.00000000E+00
 0.00000000E+00
 0.00000000E+00
 0.00000000E+00
 0.00000000E+00
 0.00000000E+00
 0.00000000E+00
 0.00000000E+00
 0.00000000E+00
 0.00000000E+00
 0.00000000E+00
 0.00000000E+00
 0.00000000E+00
 0.00000000E+00
 0.00000000E+00
 0.00000000E+00
 0.00000000E+00
 0.00000000E+00
 0.00000000E+00
 0.00000000E+00
 0.00000000E+00
 0.00000000E+00
 0.00000000E+00
 0.00000000E+00
 0.00000000E+00
 0.00000000E+00
 0.00000000E+00
 0.00000000E+00
 0.00000000E+00
 0.00000000E+00
 0.00000000E+00
 0.00000000E+00
 0.00000000E+00
 0.00000000E+00
 0.00000000E+00
 0.00000000E+00
 0.00000000E+00
 0.00000000E+00
 0.00000000E+00
 0.00000000E+00
 0.00000000E+00
 0.00000000E+00
 0.00000000E+00
 0.00000000E+00
 0.00000000E+00
 0.00000000E+00
 0.00000000E+00
 0.00000000E+00
 0.00000000E+00
 0.00000000E+00
 0.00000000E+00
 0.00000000E+00
 0.00000000E+00
 0.00000000E+00
 0.00000000E+00
 0.00000000E+00
 0.00000000E+00
 0.00000000E+00
 0.00000000E+00
 0.00000000E+00
 0.00000000E+00
 0.00000000E+00
 0.00000000E+00
 0.00000000E+00
 0.00000000E+00
 0.00000000E+00
 0.00000000E+00
 0.00000000E+00
 0.00000000E+00
 0.00000000E+00
 0.00000000E+00
 0.00000000E+00
 0.00000000E+00
 0.00000000E+00
 0.00000000E+00
 0.00000000E+00
 0.00000000E+00
 0.00000000E+00
 0.00000000E+00
 0.00000000E+00
 0.00000000E+00
 0.00000000E+00
 0.00000000E+00
 0.00000000E+00
 0.00000000E+00
 0.00000000E+00
 0.00000000E+00
 0.00000000E+00
 0.00000000E+00
 0.00000000E+00
 0.00000000E+00
 0.00000000E+00
 0.00000000E+00
 0.00000000E+00
 0.00000000E+00
 0.00000000E+00
 0.00000000E+00
 0.00000000E+00
 0.00000000E+00
 0.00000000E+00
 0.00000000E+00
 0.00000000E+00
 0.00000000E+00
 0.00000000E+00
 3.15959615E-01
 2.08047498E-01
 8.99172402E-02
 2.82130177E-02
 1.46343276E-01
 2.08690692E-01
 2.46593941E-01
 1.59748028E-01
 2.86788674E-02
 7.48839155E-06
 7.48839429E-06
 7.32008878E-02
 1.17891220E-02
 7.48840247E-06
 7.48840573E-06
 7.48836627E-06
 7.48836598E-06
 7.48836854E-06
 7.48837175E-06
 7.48837518E-06
 7.48837804E-06
 7.48838067E-06
 7.48838375E-06
 7.48838702E-06
 7.48839016E-06
 1.43359228E-02
 7.48839126E-06
 7.48839166E-06
 7.48839289E-06
 7.48839297E-06
 7.48839411E-06
 7.48839447E-06
 7.48839543E-06
 7.48839585E-06
 7.48839726E-06
 7.48839807E-06
 7.48839817E-06
 7.48839925E-06
 7.48839973E-06
 7.48840073E-06
 7.48840136E-06
 7.48840350E-06
 7.48840446E-06
 7.48840588E-06
 7.48840739E-06
 7.48840954E-06
 7.48841115E-06
 7.48841234E-06
 7.48841401E-06
 7.48841530E-06
 7.48841697E-06
 7.48841911E-06
 7.48842100E-06
 7.48838077E-06
 7.48838144E-06
 7.48838247E-06
 7.48838188E-06
 7.48838260E-06
 7.48838287E-06
 7.48838313E-06
 7.48838322E-06
 7.48838328E-06
 7.48838388E-06
 7.48838427E-06
 7.48838427E-06
 7.48838405E-06
 7.48838459E-06
 7.48838486E-06
 7.48838515E-06
 7.48838485E-06
 7.48838582E-06
 7.48838618E-06
 7.48838563E-06
 7.48838630E-06
 7.48838603E-06
 7.48838681E-06
 7.48838647E-06
 7.48838716E-06
 7.48838782E-06
 7.48838791E-06
 7.48838797E-06
 7.48838812E-06
 7.48838808E-06
 7.48838849E-06
 7.48838855E-06
 7.48838904E-06
 7.48838914E-06
 7.48839037E-06
 7.48839136E-06
 7.48839179E-06
 7.48839269E-06
 7.48839367E-06
 7.48839509E-06
 7.48839549E-06
 7.48839631E-06
 7.48839738E-06
 7.48839855E-06
 7.48839933E-06
 7.48840004E-06
 7.48840134E-06
 7.48840255E-06
 7.48840303E-06
 7.48840442E-06
 7.48840541E-06
 7.48840603E-06
 7.48840686E-06
 7.48840825E-06
 7.48840910E-06
 7.48840985E-06
 7.48841100E-06
 7.48841191E-06
 7.48841270E-06
 7.48841359E-06
 7.48841455E-06
 7.48841558E-06
 7.48841665E-06
 7.48841775E-06
 7.48841852E-06
 7.48841975E-06
 7.48842062E-06
 7.48842179E-06
 7.48842244E-06
 7.48842373E-06
 7.48842448E-06
 7.48842558E-06
 7.48842669E-06
 7.48842799E-06
 7.48842905E-06
 7.48842960E-06
 7.48843043E-06
 7.48843173E-06
 7.48843305E-06
 7.48843371E-06
 7.48843469E-06
 7.48843595E-06
 7.48843685E-06
 7.48843800E-06
 7.48843909E-06
 7.48844029E-06
 7.48844084E-06
 7.48844182E-06
 7.48844309E-06
 7.48844409E-06
 7.48844524E-06
 7.48844612E-06
 7.48844742E-06
 7.48844873E-06
 7.48844951E-06
 7.48845057E-06
 7.48845150E-06
 7.48845267E-06
 7.48845398E-06
 7.48845501E-06
 7.48845596E-06
 7.48845749E-06
 7.48845842E-06
 7.48841764E-06
 7.48841868E-06
 7.48841928E-06
 7.48841982E-06
 7.48842032E-06
 7.48842133E-06
 7.48842180E-06
 7.48842269E-06
 7.48842351E-06
 7.48842389E-06
 7.48842449E-06
 7.48842558E-06
 7.48842604E-06
 7.48842689E-06
 7.48842767E-06
 7.48842828E-06
 7.48842927E-06
 7.48842965E-06
 7.48843041E-06
 7.48843101E-06
 7.48843198E-06
 7.48843287E-06
 7.48843352E-06
 7.48843419E-06
 7.48843470E-06
 7.48843551E-06
 7.48843632E-06
 7.48843708E-06
 7.48843770E-06
 7.48843869E-06
 7.48843938E-06
 7.48843994E-06
 7.48844105E-06
 7.48844170E-06
 7.48844251E-06
 7.48844296E-06
 7.48844398E-06
 7.48844476E-06
 7.48844546E-06
 7.48844594E-06
 7.48844686E-06
 7.48844774E-06
 7.48844829E-06
 7.48844939E-06
 7.48844996E-06
 7.48845079E-06
 7.48845169E-06
 7.48845228E-06
 7.48845321E-06
 7.48839666E-06
 7.48839050E-06
 7.48838672E-06
 7.48838356E-06
 7.48838125E-06
 7.48837951E-06
 7.48837762E-06
 7.48841990E-06
 7.48841887E-06
 7.48841816E-06
 7.48841737E-06
 7.48841665E-06
 7.48841601E-06
 7.48841513E-06
 7.48841442E-06
 7.48841383E-06
 7.48841344E-06
 7.48841279E-06
 7.48841194E-06
 7.48841145E-06
 7.48841093E-06
 7.48841021E-06
 7.48840977E-06
 7.48840914E-06
 7.48840868E-06
 7.48840816E-06
 7.48840774E-06
 7.48840705E-06
 7.48840669E-06
 7.48840603E-06
 7.48840567E-06
 7.48840518E-06
 7.48840456E-06
 7.48840411E-06
 7.48840368E-06
 7.48840328E-06
 7.48840279E-06
 7.48840225E-06
 7.48840184E-06
 7.48840143E-06
 7.48840090E-06
 7.48840043E-06
 7.48840003E-06
 7.48839971E-06
 7.48839920E-06
 7.48839877E-06
 7.48839836E-06
 7.48839786E-06
 7.48839759E-06
 7.48839711E-06
 7.48839672E-06
 7.48839627E-06
 7.48839585E-06
 7.48839549E-06
 7.48839511E-06
 7.48839477E-06
 7.48839435E-06
 7.48839393E-06
 7.48839366E-06
 7.48839325E-06
 7.48839285E-06
 7.48839256E-06
 7.48839214E-06
 7.48839176E-06
 7.48839148E-06
 7.48839112E-06
 7.48839077E-06
 7.48839047E-06
 7.48839012E-06
 7.48838984E-06
 7.48839020E-06
 7.48839100E-06
 7.48839177E-06
 7.48839264E-06
 7.48839345E-06
 7.48839428E-06
 7.48839507E-06
 7.48839589E-06
 7.48839675E-06
 7.48839765E-06
 7.48839851E-06
 7.48839935E-06
 7.48840022E-06
 7.48840111E-06
 7.48840201E-06
 7.48840291E-06
 7.48840381E-06
 7.48840473E-06
 7.48840568E-06
 7.48840662E-06
 7.48840759E-06
 7.48840856E-06
 7.48840956E-06
 7.48841056E-06
 7.48841159E-06
 7.48841264E-06
 7.48841370E-06
 7.48841479E-06
 7.48841591E-06
 7.48841705E-06
 7.48841823E-06
 7.48837702E-06
 7.48837804E-06
 7.48837924E-06
 7.48838059E-06
 7.48838219E-06
 7.48838397E-06
 7.48838605E-06
 7.48838838E-06
 4.21657635E-05
 1.44677563E-04
 2.47189363E-04
 3.49701162E-04
 5.55725237E-04
 8.39738038E-04
 1.23561119E-03
 2.96274383E-04
 3.19778226E-05
 5.45742520E-05
 6.32119373E-05
 5.61349374E-05
 6.08717038E-05
 5.88955066E-05
 4.39662492E-05
 1.36540890E-05
 3.71586544E-02
 8.21844606E-02
 1.27365607E-01
 1.72703709E-01
 2.91195797E-01
 4.16943912E-01
 6.19722715E-01
 0.00000000E+00
 0.00000000E+00
 0.00000000E+00
 0.00000000E+00
 0.00000000E+00
 0.00000000E+00
 0.00000000E+00
 0.00000000E+00
 0.00000000E+00
 0.00000000E+00
 0.00000000E+00
 0.00000000E+00
 0.00000000E+00
 0.00000000E+00
 0.00000000E+00
 0.00000000E+00
 0.00000000E+00
 0.00000000E+00
 0.00000000E+00
 0.00000000E+00
 0.00000000E+00
 0.00000000E+00
 0.00000000E+00
 0.00000000E+00
 0.00000000E+00
 0.00000000E+00
 0.00000000E+00
 0.00000000E+00
 0.00000000E+00
 0.00000000E+00
 0.00000000E+00
 0.00000000E+00
 0.00000000E+00
 0.00000000E+00
 0.00000000E+00
 0.00000000E+00
 0.00000000E+00
 0.00000000E+00
 0.00000000E+00
 0.00000000E+00
 0.00000000E+00
 0.00000000E+00
 0.00000000E+00
 0.00000000E+00
 0.00000000E+00
 0.00000000E+00
 0.00000000E+00
 0.00000000E+00
 0.00000000E+00
 0.00000000E+00
 0.00000000E+00
 0.00000000E+00
 0.00000000E+00
 0.00000000E+00
 0.00000000E+00
 0.00000000E+00
 0.00000000E+00
 0.00000000E+00
 0.00000000E+00
 0.00000000E+00
 0.00000000E+00
 0.00000000E+00
 0.00000000E+00
 0.00000000E+00
 0.00000000E+00
 0.00000000E+00
 0.00000000E+00
 0.00000000E+00
 0.00000000E+00
 0.00000000E+00
 0.00000000E+00
 0.00000000E+00
 0.00000000E+00
 0.00000000E+00
 0.00000000E+00
 0.00000000E+00
 0.00000000E+00
 0.00000000E+00
 0.00000000E+00
 0.00000000E+00
 0.00000000E+00
 0.00000000E+00
 0.00000000E+00
 0.00000000E+00
 0.00000000E+00
 0.00000000E+00
 0.00000000E+00
 0.00000000E+00
 0.00000000E+00
 0.00000000E+00
 0.00000000E+00
 0.00000000E+00
 0.00000000E+00
 0.00000000E+00
 0.00000000E+00
 0.00000000E+00
 0.00000000E+00
 0.00000000E+00
 0.00000000E+00
 0.00000000E+00
 0.00000000E+00
 0.00000000E+00
 0.00000000E+00
 0.00000000E+00
 0.00000000E+00
 0.00000000E+00
 0.00000000E+00
 0.00000000E+00
 0.00000000E+00
 0.00000000E+00
 0.00000000E+00
 0.00000000E+00
 0.00000000E+00
 0.00000000E+00
 0.00000000E+00
 0.00000000E+00
 0.00000000E+00
 0.00000000E+00
 0.00000000E+00
 0.00000000E+00
 0.00000000E+00
 0.00000000E+00
 0.00000000E+00
 0.00000000E+00
 0.00000000E+00
 0.00000000E+00
 0.00000000E+00
 0.00000000E+00
 0.00000000E+00
 0.00000000E+00
 0.00000000E+00
 0.00000000E+00
 0.00000000E+00
 0.00000000E+00
 0.00000000E+00
 0.00000000E+00
 0.00000000E+00
 0.00000000E+00
 0.00000000E+00
 0.00000000E+00
 0.00000000E+00
 0.00000000E+00
 0.00000000E+00
 0.00000000E+00
 0.00000000E+00
 0.00000000E+00
 0.00000000E+00
 0.00000000E+00
 0.00000000E+00
 0.00000000E+00
 0.00000000E+00
 0.00000000E+00
 0.00000000E+00
 0.00000000E+00
 0.00000000E+00
 0.00000000E+00
 0.00000000E+00
 0.00000000E+00
 0.00000000E+00
 0.00000000E+00
 0.00000000E+00
 0.00000000E+00
 0.00000000E+00
 0.00000000E+00
 2.64769921E-01
 1.34393783E-01
 4.01764506E-03
 1.26358493E-01
 1.98210952E-01
 2.44418203E-01
 1.59746859E-01
 2.86794000E-02
 8.39323109E-06
 8.39323415E-06
 7.67970075E-02
 1.23678325E-02
 8.39324181E-06
 8.39324495E-06
 8.39320513E-06
 8.39320579E-06
 8.39320819E-06
 8.39321137E-06
 8.39321432E-06
 8.39321740E-06
 8.39322072E-06
 8.39322367E-06
 8.39322657E-06
 8.39322979E-06
 1.50408417E-02
 8.39323055E-06
 8.39323131E-06
 8.39323174E-06
 8.39323328E-06
 8.39323401E-06
 8.39323390E-06
 8.39323483E-06
 8.39323586E-06
 8.39323605E-06
 8.39323677E-06
 8.39323778E-06
 8.39323865E-06
 8.39323934E-06
 8.39324013E-06
 8.39324085E-06
 8.39324317E-06
 8.39324424E-06
 8.39324571E-06
 8.39324766E-06
 8.39324920E-06
 8.39325078E-06
 8.39325234E-06
 8.39325431E-06
 8.39325582E-06
 8.39325698E-06
 8.39325887E-06
 8.39325995E-06
 8.39321986E-06
 8.39322118E-06
 8.39322127E-06
 8.39322188E-06
 8.39322254E-06
 8.39322225E-06
 8.39322287E-06
 8.39322312E-06
 8.39322272E-06
 8.39322329E-06
 8.39322365E-06
 8.39322358E-06
 8.39322385E-06
 8.39322428E-06
 8.39322487E-06
 8.39322485E-06
 8.39322479E-06
 8.39322528E-06
 8.39322571E-06
 8.39322591E-06
 8.39322588E-06
 8.39322618E-06
 8.39322608E-06
 8.39322612E-06
 8.39322699E-06
 8.39322672E-06
 8.39322698E-06
 8.39322731E-06
 8.39322744E-06
 8.39322803E-06
 8.39322823E-06
 8.39322887E-06
 8.39322910E-06
 8.39322878E-06
 8.39322956E-06
 8.39323061E-06
 8.39323108E-06
 8.39323280E-06
 8.39323349E-06
 8.39323409E-06
 8.39323495E-06
 8.39323606E-06
 8.39323728E-06
 8.39323794E-06
 8.39323868E-06
 8.39323946E-06
 8.39324068E-06
 8.39324166E-06
 8.39324239E-06
 8.39324336E-06
 8.39324457E-06
 8.39324523E-06
 8.39324669E-06
 8.39324734E-06
 8.39324863E-06
 8.39324909E-06
 8.39324992E-06
 8.39325109E-06
 8.39325234E-06
 8.39325319E-06
 8.39325408E-06
 8.39325502E-06
 8.39325585E-06
 8.39325706E-06
 8.39325812E-06
 8.39325868E-06
 8.39326014E-06
 8.39326061E-06
 8.39326169E-06
 8.39326268E-06
 8.39326401E-06
 8.39326477E-06
 8.39326584E-06
 8.39326642E-06
 8.39326783E-06
 8.39326883E-06
 8.39326975E-06
 8.39327066E-06
 8.39327190E-06
 8.39327245E-06
 8.39327383E-06
 8.39327482E-06
 8.39327543E-06
 8.39327658E-06
 8.39327774E-06
 8.39327878E-06
 8.39327968E-06
 8.39328087E-06
 8.39328178E-06
 8.39328282E-06
 8.39328400E-06
 8.39328507E-06
 8.39328623E-06
 8.39328726E-06
 8.39328856E-06
 8.39328920E-06
 8.39329047E-06
 8.39329147E-06
 8.39329248E-06
 8.39329357E-06
 8.39329455E-06
 8.39329550E-06
 8.39325550E-06
 8.39325592E-06
 8.39325678E-06
 8.39325718E-06
 8.39325801E-06
 8.39325877E-06
 8.39325957E-06
 8.39326019E-06
 8.39326076E-06
 8.39326125E-06
 8.39326214E-06
 8.39326286E-06
 8.39326350E-06
 8.39326407E-06
 8.39326492E-06
 8.39326561E-06
 8.39326613E-06
 8.39326701E-06
 8.39326773E-06
 8.39326837E-06
 8.39326928E-06
 8.39327003E-06
 8.39327069E-06
 8.39327110E-06
 8.39327196E-06
 8.39327258E-06
 8.39327355E-06
 8.39327402E-06
 8.39327477E-06
 8.39327546E-06
 8.39327617E-06
 8.39327717E-06
 8.39327769E-06
 8.39327833E-06
 8.39327935E-06
 8.39328001E-06
 8.39328074E-06
 8.39328160E-06
 8.39328229E-06
 8.39328275E-06
 8.39328387E-06
 8.39328453E-06
 8.39328516E-06
 8.39328584E-06
 8.39328660E-06
 8.39328760E-06
 8.39328816E-06
 8.39328908E-06
 8.39328978E-06
 8.39329066E-06
 8.39323441E-06
 8.39322780E-06
 8.39322360E-06
 8.39322087E-06
 8.39321824E-06
 8.39321606E-06
 8.39321464E-06
 8.39325686E-06
 8.39325603E-06
 8.39325500E-06
 8.39325450E-06
 8.39325377E-06
 8.39325297E-06
 8.39325244E-06
 8.39325168E-06
 8.39325119E-06
 8.39325053E-06
 8.39324994E-06
 8.39324943E-06
 8.39324898E-06
 8.39324833E-06
 8.39324786E-06
 8.39324742E-06
 8.39324669E-06
 8.39324633E-06
 8.39324568E-06
 8.39324521E-06
 8.39324488E-06
 8.39324436E-06
 8.39324384E-06
 8.39324341E-06
 8.39324304E-06
 8.39324266E-06
 8.39324205E-06
 8.39324182E-06
 8.39324121E-06
 8.39324088E-06
 8.39324051E-06
 8.39324014E-06
 8.39323965E-06
 8.39323912E-06
 8.39323885E-06
 8.39323850E-06
 8.39323797E-06
 8.39323759E-06
 8.39323740E-06
 8.39323686E-06
 8.39323657E-06
 8.39323628E-06
 8.39323583E-06
 8.39323555E-06
 8.39323511E-06
 8.39323473E-06
 8.39323435E-06
 8.39323399E-06
 8.39323369E-06
 8.39323335E-06
 8.39323305E-06
 8.39323268E-06
 8.39323244E-06
 8.39323212E-06
 8.39323171E-06
 8.39323144E-06
 8.39323119E-06
 8.39323087E-06
 8.39323057E-06
 8.39323024E-06
 8.39322995E-06
 8.39322972E-06
 8.39322939E-06
 8.39322974E-06
 8.39323046E-06
 8.39323119E-06
 8.39323193E-06
 8.39323270E-06
 8.39323341E-06
 8.39323417E-06
 8.39323489E-06
 8.39323565E-06
 8.39323640E-06
 8.39323723E-06
 8.39323799E-06
 8.39323878E-06
 8.39323958E-06
 8.39324040E-06
 8.39324122E-06
 8.39324203E-06
 8.39324287E-06
 8.39324373E-06
 8.39324460E-06
 8.39324547E-06
 8.39324637E-06
 8.39324728E-06
 8.39324820E-06
 8.39324914E-06
 8.39325011E-06
 8.39325109E-06
 8.39325210E-06
 8.39325313E-06
 8.39325419E-06
 8.39325527E-06
 8.39325601E-06
 8.39321520E-06
 8.39321675E-06
 8.39321849E-06
 8.39322044E-06
 8.39322261E-06
 8.39322508E-06
 8.39322779E-06
 3.68342763E-05
 1.30207191E-04
 2.23580105E-04
 3.16953018E-04
 5.18924186E-04
 8.02715981E-04
 1.20386428E-03
 2.86411292E-04
 3.21853368E-05
 5.36660983E-05
 6.13210163E-05
 5.32996990E-05
 5.84752341E-05
 5.74027613E-05
 4.35278304E-05
 1.42935806E-05
 3.38433163E-02
 7.48550418E-02
 1.16009300E-01
 1.57307985E-01
 2.75336203E-01
 4.00957487E-01
 6.07376443E-01
 0.00000000E+00
 0.00000000E+00
 0.00000000E+00
 0.00000000E+00
 0.00000000E+00
 0.00000000E+00
 0.00000000E+00
 0.00000000E+00
 0.00000000E+00
 0.00000000E+00
 0.00000000E+00
 0.00000000E+00
 0.00000000E+00
 0.00000000E+00
 0.00000000E+00
 0.00000000E+00
 0.00000000E+00
 0.00000000E+00
 0.00000000E+00
 0.00000000E+00
 0.00000000E+00
 0.00000000E+00
 0.00000000E+00
 0.00000000E+00
 0.00000000E+00
 0.00000000E+00
 0.00000000E+00
 0.00000000E+00
 0.00000000E+00
 0.00000000E+00
 0.00000000E+00
 0.00000000E+00
 0.00000000E+00
 0.00000000E+00
 0.00000000E+00
 0.00000000E+00
 0.00000000E+00
 0.00000000E+00
 0.00000000E+00
 0.00000000E+00
 0.00000000E+00
 0.00000000E+00
 0.00000000E+00
 0.00000000E+00
 0.00000000E+00
 0.00000000E+00
 0.00000000E+00
 0.00000000E+00
 0.00000000E+00
 0.00000000E+00
 0.00000000E+00
 0.00000000E+00
 0.00000000E+00
 0.00000000E+00
 0.00000000E+00
 0.00000000E+00
 0.00000000E+00
 0.00000000E+00
 0.00000000E+00
 0.00000000E+00
 0.00000000E+00
 0.00000000E+00
 0.00000000E+00
 0.00000000E+00
 0.00000000E+00
 0.00000000E+00
 0.00000000E+00
 0.00000000E+00
 0.00000000E+00
 0.00000000E+00
 0.00000000E+00
 0.00000000E+00
 0.00000000E+00
 0.00000000E+00
 0.00000000E+00
 0.00000000E+00
 0.00000000E+00
 0.00000000E+00
 0.00000000E+00
 0.00000000E+00
 0.00000000E+00
 0.00000000E+00
 0.00000000E+00
 0.00000000E+00
 0.00000000E+00
 0.00000000E+00
 0.00000000E+00
 0.00000000E+00
 0.00000000E+00
 0.00000000E+00
 0.00000000E+00
 0.00000000E+00
 0.00000000E+00
 0.00000000E+00
 0.00000000E+00
 0.00000000E+00
 0.00000000E+00
 0.00000000E+00
 0.00000000E+00
 0.00000000E+00
 0.00000000E+00
 0.00000000E+00
 0.00000000E+00
 0.00000000E+00
 0.00000000E+00
 0.00000000E+00
 0.00000000E+00
 0.00000000E+00
 0.00000000E+00
 0.00000000E+00
 0.00000000E+00
 0.00000000E+00
 0.00000000E+00
 0.00000000E+00
 0.00000000E+00
 0.00000000E+00
 0.00000000E+00
 0.00000000E+00
 0.00000000E+00
 0.00000000E+00
 0.00000000E+00
 0.00000000E+00
 0.00000000E+00
 0.00000000E+00
 0.00000000E+00
 0.00000000E+00
 0.00000000E+00
 0.00000000E+00
 0.00000000E+00
 0.00000000E+00
 0.00000000E+00
 0.00000000E+00
 0.00000000E+00
 0.00000000E+00
 0.00000000E+00
 0.00000000E+00
 0.00000000E+00
 0.00000000E+00
 0.00000000E+00
 0.00000000E+00
 0.00000000E+00
 0.00000000E+00
 0.00000000E+00
 0.00000000E+00
 0.00000000E+00
 0.00000000E+00
 0.00000000E+00
 0.00000000E+00
 0.00000000E+00
 0.00000000E+00
 0.00000000E+00
 0.00000000E+00
 0.00000000E+00
 0.00000000E+00
 0.00000000E+00
 0.00000000E+00
 0.00000000E+00
 0.00000000E+00
 0.00000000E+00
 0.00000000E+00
 0.00000000E+00
 0.00000000E+00
 0.00000000E+00
 0.00000000E+00
 3.21399068E-01
 1.78797276E-01
 3.61954828E-02
 1.06406310E-01
 1.87748122E-01
 2.42245673E-01
 1.59745340E-01
 2.86796190E-02
 8.99260677E-06
 8.99260973E-06
 8.03874801E-02
 1.29458892E-02
 8.99261790E-06
 8.99261970E-06
 8.99258069E-06
 8.99258087E-06
 8.99258386E-06
 8.99258599E-06
 8.99258995E-06
 8.99259262E-06
 8.99259565E-06
 8.99259861E-06
 8.99260238E-06
 8.99260527E-06
 1.57442902E-02
 8.99260632E-06
 8.99260684E-06
 8.99260767E-06
 8.99260775E-06
 8.99260945E-06
 8.99260969E-06
 8.99261020E-06
 8.99261143E-06
 8.99261159E-06
 8.99261269E-06
 8.99261297E-06
 8.99261458E-06
 8.99261424E-06
 8.99261546E-06
 8.99261687E-06
 8.99261849E-06
 8.99262012E-06
 8.99262155E-06
 8.99262340E-06
 8.99262459E-06
 8.99262658E-06
 8.99262813E-06
 8.99263002E-06
 8.99263088E-06
 8.99263311E-06
 8.99263466E-06
 8.99263599E-06
 8.99259608E-06
 8.99259656E-06
 8.99259782E-06
 8.99259800E-06
 8.99259804E-06
 8.99259805E-06
 8.99259861E-06
 8.99259836E-06
 8.99259847E-06
 8.99259910E-06
 8.99259916E-06
 8.99259970E-06
 8.99259950E-06
 8.99260034E-06
 8.99260040E-06
 8.99260043E-06
 8.99260056E-06
 8.99260048E-06
 8.99260148E-06
 8.99260164E-06
 8.99260198E-06
 8.99260134E-06
 8.99260226E-06
 8.99260190E-06
 8.99260233E-06
 8.99260274E-06
 8.99260307E-06
 8.99260318E-06
 8.99260388E-06
 8.99260365E-06
 8.99260425E-06
 8.99260443E-06
 8.99260420E-06
 8.99260474E-06
 8.99260553E-06
 8.99260657E-06
 8.99260699E-06
 8.99260772E-06
 8.99260885E-06
 8.99260972E-06
 8.99261071E-06
 8.99261127E-06
 8.99261256E-06
 8.99261327E-06
 8.99261453E-06
 8.99261493E-06
 8.99261587E-06
 8.99261717E-06
 8.99261795E-06
 8.99261907E-06
 8.99261964E-06
 8.99262090E-06
 8.99262143E-06
 8.99262263E-06
 8.99262346E-06
 8.99262475E-06
 8.99262566E-06
 8.99262676E-06
 8.99262744E-06
 8.99262805E-06
 8.99262930E-06
 8.99263042E-06
 8.99263142E-06
 8.99263217E-06
 8.99263311E-06
 8.99263365E-06
 8.99263492E-06
 8.99263554E-06
 8.99263685E-06
 8.99263793E-06
 8.99263876E-06
 8.99263989E-06
 8.99264074E-06
 8.99264175E-06
 8.99264278E-06
 8.99264382E-06
 8.99264486E-06
 8.99264564E-06
 8.99264673E-06
 8.99264753E-06
 8.99264859E-06
 8.99264968E-06
 8.99265077E-06
 8.99265186E-06
 8.99265238E-06
 8.99265361E-06
 8.99265468E-06
 8.99265599E-06
 8.99265679E-06
 8.99265771E-06
 8.99265862E-06
 8.99266002E-06
 8.99266076E-06
 8.99266176E-06
 8.99266299E-06
 8.99266394E-06
 8.99266499E-06
 8.99266614E-06
 8.99266717E-06
 8.99266817E-06
 8.99266961E-06
 8.99262868E-06
 8.99262928E-06
 8.99263031E-06
 8.99263078E-06
 8.99263169E-06
 8.99263212E-06
 8.99263297E-06
 8.99263365E-06
 8.99263425E-06
 8.99263479E-06
 8.99263571E-06
 8.99263645E-06
 8.99263702E-06
 8.99263750E-06
 8.99263828E-06
 8.99263888E-06
 8.99263984E-06
 8.99264017E-06
 8.99264114E-06
 8.99264156E-06
 8.99264235E-06
 8.99264287E-06
 8.99264367E-06
 8.99264428E-06
 8.99264517E-06
 8.99264597E-06
 8.99264651E-06
 8.99264741E-06
 8.99264779E-06
 8.99264845E-06
 8.99264938E-06
 8.99264990E-06
 8.99265070E-06
 8.99265144E-06
 8.99265213E-06
 8.99265294E-06
 8.99265370E-06
 8.99265412E-06
 8.99265508E-06
 8.99265578E-06
 8.99265665E-06
 8.99265736E-06
 8.99265801E-06
 8.99265861E-06
 8.99265959E-06
 8.99266032E-06
 8.99266081E-06
 8.99266165E-06
 8.99266245E-06
 8.99266334E-06
 8.99266408E-06
 8.99260804E-06
 8.99260139E-06
 8.99259690E-06
 8.99259381E-06
 8.99259129E-06
 8.99258898E-06
 8.99258729E-06
 8.99262964E-06
 8.99262873E-06
 8.99262832E-06
 8.99262738E-06
 8.99262686E-06
 8.99262627E-06
 8.99262576E-06
 8.99262499E-06
 8.99262430E-06
 8.99262389E-06
 8.99262345E-06
 8.99262291E-06
 8.99262232E-06
 8.99262173E-06
 8.99262129E-06
 8.99262092E-06
 8.99262043E-06
 8.99261995E-06
 8.99261959E-06
 8.99261909E-06
 8.99261854E-06
 8.99261811E-06
 8.99261782E-06
 8.99261750E-06
 8.99261710E-06
 8.99261656E-06
 8.99261620E-06
 8.99261574E-06
 8.99261536E-06
 8.99261510E-06
 8.99261469E-06
 8.99261430E-06
 8.99261389E-06
 8.99261360E-06
 8.99261330E-06
 8.99261295E-06
 8.99261253E-06
 8.99261221E-06
 8.99261183E-06
 8.99261161E-06
 8.99261112E-06
 8.99261096E-06
 8.99261058E-06
 8.99261017E-06
 8.99260987E-06
 8.99260967E-06
 8.99260931E-06
 8.99260897E-06
 8.99260873E-06
 8.99260849E-06
 8.99260821E-06
 8.99260789E-06
 8.99260761E-06
 8.99260728E-06
 8.99260700E-06
 8.99260677E-06
 8.99260657E-06
 8.99260622E-06
 8.99260604E-06
 8.99260581E-06
 8.99260556E-06
 8.99260529E-06
 8.99260509E-06
 8.99260535E-06
 8.99260602E-06
 8.99260662E-06
 8.99260725E-06
 8.99260792E-06
 8.99260855E-06
 8.99260922E-06
 8.99260992E-06
 8.99261060E-06
 8.99261126E-06
 8.99261197E-06
 8.99261265E-06
 8.99261337E-06
 8.99261410E-06
 8.99261480E-06
 8.99261555E-06
 8.99261629E-06
 8.99261704E-06
 8.99261782E-06
 8.99261860E-06
 8.99261939E-06
 8.99262021E-06
 8.99262103E-06
 8.99262187E-06
 8.99262273E-06
 8.99262361E-06
 8.99262451E-06
 8.99262544E-06
 8.99262639E-06
 8.99262736E-06
 8.99262838E-06
 8.99262914E-06
 8.99258838E-06
 8.99259029E-06
 8.99259243E-06
 8.99259474E-06
 8.99259731E-06
 8.99260015E-06
 8.99260328E-06
 3.18155359E-05
 1.16064601E-04
 2.00313665E-04
 2.84562729E-04
 4.82487609E-04
 7.66058675E-04
 1.17247326E-03
 2.76875344E-04
 3.20861638E-05
 5.24575277E-05
 5.91356376E-05
 5.01758109E-05
 5.57935572E-05
 5.56274131E-05
 4.28090976E-05
 1.46549430E-05
 3.05336421E-02
 6.75377865E-02
 1.04671651E-01
 1.41937408E-01
 2.59502425E-01
 3.84996999E-01
 5.95050145E-01
 0.00000000E+00
 0.00000000E+00
 0.00000000E+00
 0.00000000E+00
 0.00000000E+00
 0.00000000E+00
 0.00000000E+00
 0.00000000E+00
 0.00000000E+00
 0.00000000E+00
 0.00000000E+00
 0.00000000E+00
 0.00000000E+00
 0.00000000E+00
 0.00000000E+00
 0.00000000E+00
 0.00000000E+00
 0.00000000E+00
 0.00000000E+00
 0.00000000E+00
 0.00000000E+00
 0.00000000E+00
 0.00000000E+00
 0.00000000E+00
 0.00000000E+00
 0.00000000E+00
 0.00000000E+00
 0.00000000E+00
 0.00000000E+00
 0.00000000E+00
 0.00000000E+00
 0.00000000E+00
 0.00000000E+00
 0.00000000E+00
 0.00000000E+00
 0.00000000E+00
 0.00000000E+00
 0.00000000E+00
 0.00000000E+00
 0.00000000E+00
 0.00000000E+00
 0.00000000E+00
 0.00000000E+00
 0.00000000E+00
 0.00000000E+00
 0.00000000E+00
 0.00000000E+00
 0.00000000E+00
 0.00000000E+00
 0.00000000E+00
 0.00000000E+00
 0.00000000E+00
 0.00000000E+00
 0.00000000E+00
 0.00000000E+00
 0.00000000E+00
 0.00000000E+00
 0.00000000E+00
 0.00000000E+00
 0.00000000E+00
 0.00000000E+00
 0.00000000E+00
 0.00000000E+00
 0.00000000E+00
 0.00000000E+00
 0.00000000E+00
 0.00000000E+00
 0.00000000E+00
 0.00000000E+00
 0.00000000E+00
 0.00000000E+00
 0.00000000E+00
 0.00000000E+00
 0.00000000E+00
 0.00000000E+00
 0.00000000E+00
 0.00000000E+00
 0.00000000E+00
 0.00000000E+00
 0.00000000E+00
 0.00000000E+00
 0.00000000E+00
 0.00000000E+00
 0.00000000E+00
 0.00000000E+00
 0.00000000E+00
 0.00000000E+00
 0.00000000E+00
 0.00000000E+00
 0.00000000E+00
 0.00000000E+00
 0.00000000E+00
 0.00000000E+00
 0.00000000E+00
 0.00000000E+00
 0.00000000E+00
 0.00000000E+00
 0.00000000E+00
 0.00000000E+00
 0.00000000E+00
 0.00000000E+00
 0.00000000E+00
 0.00000000E+00
 0.00000000E+00
 0.00000000E+00
 0.00000000E+00
 0.00000000E+00
 0.00000000E+00
 0.00000000E+00
 0.00000000E+00
 0.00000000E+00
 0.00000000E+00
 0.00000000E+00
 0.00000000E+00
 0.00000000E+00
 0.00000000E+00
 0.00000000E+00
 0.00000000E+00
 0.00000000E+00
 0.00000000E+00
 0.00000000E+00
 0.00000000E+00
 0.00000000E+00
 0.00000000E+00
 0.00000000E+00
 0.00000000E+00
 0.00000000E+00
 0.00000000E+00
 0.00000000E+00
 0.00000000E+00
 0.00000000E+00
 0.00000000E+00
 0.00000000E+00
 0.00000000E+00
 0.00000000E+00
 0.00000000E+00
 0.00000000E+00
 0.00000000E+00
 0.00000000E+00
 0.00000000E+00
 0.00000000E+00
 0.00000000E+00
 0.00000000E+00
 0.00000000E+00
 0.00000000E+00
 0.00000000E+00
 0.00000000E+00
 0.00000000E+00
 0.00000000E+00
 0.00000000E+00
 0.00000000E+00
 0.00000000E+00
 0.00000000E+00
 0.00000000E+00
 0.00000000E+00
 0.00000000E+00
 0.00000000E+00
 0.00000000E+00
 0.00000000E+00
 0.00000000E+00
 0.00000000E+00
 0.00000000E+00
 0.00000000E+00
 0.00000000E+00
 3.77935119E-01
 2.23127858E-01
 6.83205970E-02
 8.64866641E-02
 1.77302170E-01
 2.40076345E-01
 1.59743470E-01
 2.86795250E-02
 9.28703688E-06
 9.28703997E-06
 8.39723165E-02
 1.35232936E-02
 9.28704760E-06
 9.28704949E-06
 9.28701039E-06
 9.28700976E-06
 9.28701354E-06
 9.28701641E-06
 9.28701988E-06
 9.28702273E-06
 9.28702550E-06
 9.28702926E-06
 9.28703243E-06
 9.28703466E-06
 1.64462708E-02
 9.28703699E-06
 9.28703693E-06
 9.28703784E-06
 9.28703864E-06
 9.28703883E-06
 9.28704017E-06
 9.28704062E-06
 9.28704155E-06
 9.28704184E-06
 9.28704232E-06
 9.28704328E-06
 9.28704379E-06
 9.28704431E-06
 9.28704546E-06
 9.28704658E-06
 9.28704852E-06
 9.28705006E-06
 9.28705131E-06
 9.28705292E-06
 9.28705493E-06
 9.28705603E-06
 9.28705874E-06
 9.28705990E-06
 9.28706142E-06
 9.28706324E-06
 9.28706497E-06
 9.28706640E-06
 9.28702603E-06
 9.28702674E-06
 9.28702760E-06
 9.28702811E-06
 9.28702829E-06
 9.28702843E-06
 9.28702833E-06
 9.28702937E-06
 9.28702863E-06
 9.28702899E-06
 9.28702967E-06
 9.28702975E-06
 9.28703011E-06
 9.28703028E-06
 9.28703057E-06
 9.28703063E-06
 9.28703078E-06
 9.28703128E-06
 9.28703151E-06
 9.28703135E-06
 9.28703218E-06
 9.28703244E-06
 9.28703225E-06
 9.28703272E-06
 9.28703257E-06
 9.28703306E-06
 9.28703317E-06
 9.28703333E-06
 9.28703364E-06
 9.28703367E-06
 9.28703397E-06
 9.28703438E-06
 9.28703487E-06
 9.28703543E-06
 9.28703555E-06
 9.28703656E-06
 9.28703732E-06
 9.28703836E-06
 9.28703925E-06
 9.28704025E-06
 9.28704068E-06
 9.28704132E-06
 9.28704253E-06
 9.28704366E-06
 9.28704403E-06
 9.28704544E-06
 9.28704657E-06
 9.28704742E-06
 9.28704772E-06
 9.28704872E-06
 9.28704976E-06
 9.28705084E-06
 9.28705167E-06
 9.28705251E-06
 9.28705346E-06
 9.28705424E-06
 9.28705509E-06
 9.28705612E-06
 9.28705718E-06
 9.28705826E-06
 9.28705909E-06
 9.28706027E-06
 9.28706082E-06
 9.28706204E-06
 9.28706283E-06
 9.28706366E-06
 9.28706463E-06
 9.28706559E-06
 9.28706677E-06
 9.28706733E-06
 9.28706810E-06
 9.28706912E-06
 9.28707018E-06
 9.28707138E-06
 9.28707256E-06
 9.28707306E-06
 9.28707441E-06
 9.28707505E-06
 9.28707650E-06
 9.28707699E-06
 9.28707805E-06
 9.28707909E-06
 9.28708011E-06
 9.28708110E-06
 9.28708224E-06
 9.28708311E-06
 9.28708378E-06
 9.28708500E-06
 9.28708619E-06
 9.28708684E-06
 9.28708799E-06
 9.28708896E-06
 9.28709019E-06
 9.28709112E-06
 9.28709226E-06
 9.28709340E-06
 9.28709451E-06
 9.28709518E-06
 9.28709610E-06
 9.28709746E-06
 9.28709855E-06
 9.28705742E-06
 9.28705850E-06
 9.28705902E-06
 9.28705946E-06
 9.28706031E-06
 9.28706099E-06
 9.28706179E-06
 9.28706231E-06
 9.28706274E-06
 9.28706348E-06
 9.28706413E-06
 9.28706459E-06
 9.28706581E-06
 9.28706599E-06
 9.28706683E-06
 9.28706758E-06
 9.28706805E-06
 9.28706888E-06
 9.28706942E-06
 9.28707033E-06
 9.28707096E-06
 9.28707140E-06
 9.28707247E-06
 9.28707299E-06
 9.28707333E-06
 9.28707437E-06
 9.28707515E-06
 9.28707540E-06
 9.28707627E-06
 9.28707713E-06
 9.28707774E-06
 9.28707829E-06
 9.28707918E-06
 9.28707993E-06
 9.28708029E-06
 9.28708100E-06
 9.28708176E-06
 9.28708256E-06
 9.28708341E-06
 9.28708400E-06
 9.28708482E-06
 9.28708533E-06
 9.28708616E-06
 9.28708663E-06
 9.28708739E-06
 9.28708828E-06
 9.28708901E-06
 9.28708954E-06
 9.28709042E-06
 9.28709105E-06
 9.28709187E-06
 9.28703672E-06
 9.28702936E-06
 9.28702480E-06
 9.28702148E-06
 9.28701873E-06
 9.28701641E-06
 9.28705724E-06
 9.28705716E-06
 9.28705659E-06
 9.28705586E-06
 9.28705511E-06
 9.28705445E-06
 9.28705378E-06
 9.28705341E-06
 9.28705270E-06
 9.28705222E-06
 9.28705173E-06
 9.28705124E-06
 9.28705092E-06
 9.28705037E-06
 9.28704986E-06
 9.28704933E-06
 9.28704901E-06
 9.28704849E-06
 9.28704806E-06
 9.28704777E-06
 9.28704746E-06
 9.28704699E-06
 9.28704675E-06
 9.28704628E-06
 9.28704595E-06
 9.28704539E-06
 9.28704514E-06
 9.28704479E-06
 9.28704449E-06
 9.28704418E-06
 9.28704385E-06
 9.28704333E-06
 9.28704309E-06
 9.28704274E-06
 9.28704252E-06
 9.28704220E-06
 9.28704194E-06
 9.28704153E-06
 9.28704139E-06
 9.28704107E-06
 9.28704074E-06
 9.28704040E-06
 9.28704019E-06
 9.28703990E-06
 9.28703963E-06
 9.28703928E-06
 9.28703911E-06
 9.28703889E-06
 9.28703849E-06
 9.28703826E-06
 9.28703805E-06
 9.28703783E-06
 9.28703760E-06
 9.28703734E-06
 9.28703714E-06
 9.28703692E-06
 9.28703666E-06
 9.28703647E-06
 9.28703625E-06
 9.28703600E-06
 9.28703583E-06
 9.28703565E-06
 9.28703546E-06
 9.28703527E-06
 9.28703556E-06
 9.28703605E-06
 9.28703665E-06
 9.28703720E-06
 9.28703771E-06
 9.28703834E-06
 9.28703888E-06
 9.28703946E-06
 9.28704010E-06
 9.28704065E-06
 9.28704125E-06
 9.28704188E-06
 9.28704250E-06
 9.28704313E-06
 9.28704378E-06
 9.28704443E-06
 9.28704511E-06
 9.28704577E-06
 9.28704646E-06
 9.28704716E-06
 9.28704788E-06
 9.28704860E-06
 9.28704934E-06
 9.28705010E-06
 9.28705088E-06
 9.28705168E-06
 9.28705250E-06
 9.28705334E-06
 9.28705421E-06
 9.28705510E-06
 9.28705604E-06
 9.28705686E-06
 9.28701610E-06
 9.28701840E-06
 9.28702090E-06
 9.28702361E-06
 9.28702654E-06
 9.28702979E-06
 9.28703330E-06
 2.71090100E-05
 1.02249232E-04
 1.77389454E-04
 2.52529675E-04
 4.46414873E-04
 7.29765489E-04
 1.14143760E-03
 2.67665956E-04
 3.16808492E-05
 5.09490765E-05
 5.66563285E-05
 4.67637913E-05
 5.28271871E-05
 5.35699730E-05
 4.18105596E-05
 1.47386827E-05
 2.72296209E-02
 6.02326710E-02
 9.33526244E-02
 1.26591931E-01
 2.43694414E-01
 3.69062397E-01
 5.82743782E-01
 0.00000000E+00
 0.00000000E+00
 0.00000000E+00
 0.00000000E+00
 0.00000000E+00
 0.00000000E+00
 0.00000000E+00
 0.00000000E+00
 0.00000000E+00
 0.00000000E+00
 0.00000000E+00
 0.00000000E+00
 0.00000000E+00
 0.00000000E+00
 0.00000000E+00
 0.00000000E+00
 0.00000000E+00
 0.00000000E+00
 0.00000000E+00
 0.00000000E+00
 0.00000000E+00
 0.00000000E+00
 0.00000000E+00
 0.00000000E+00
 0.00000000E+00
 0.00000000E+00
 0.00000000E+00
 0.00000000E+00
 0.00000000E+00
 0.00000000E+00
 0.00000000E+00
 0.00000000E+00
 0.00000000E+00
 0.00000000E+00
 0.00000000E+00
 0.00000000E+00
 0.00000000E+00
 0.00000000E+00
 0.00000000E+00
 0.00000000E+00
 0.00000000E+00
 0.00000000E+00
 0.00000000E+00
 0.00000000E+00
 0.00000000E+00
 0.00000000E+00
 0.00000000E+00
 0.00000000E+00
 0.00000000E+00
 0.00000000E+00
 0.00000000E+00
 0.00000000E+00
 0.00000000E+00
 0.00000000E+00
 0.00000000E+00
 0.00000000E+00
 0.00000000E+00
 0.00000000E+00
 0.00000000E+00
 0.00000000E+00
 0.00000000E+00
 0.00000000E+00
 0.00000000E+00
 0.00000000E+00
 0.00000000E+00
 0.00000000E+00
 0.00000000E+00
 0.00000000E+00
 0.00000000E+00
 0.00000000E+00
 0.00000000E+00
 0.00000000E+00
 0.00000000E+00
 0.00000000E+00
 0.00000000E+00
 0.00000000E+00
 0.00000000E+00
 0.00000000E+00
 0.00000000E+00
 0.00000000E+00
 0.00000000E+00
 0.00000000E+00
 0.00000000E+00
 0.00000000E+00
 0.00000000E+00
 0.00000000E+00
 0.00000000E+00
 0.00000000E+00
 0.00000000E+00
 0.00000000E+00
 0.00000000E+00
 0.00000000E+00
 0.00000000E+00
 0.00000000E+00
 0.00000000E+00
 0.00000000E+00
 0.00000000E+00
 0.00000000E+00
 0.00000000E+00
 0.00000000E+00
 0.00000000E+00
 0.00000000E+00
 0.00000000E+00
 0.00000000E+00
 0.00000000E+00
 0.00000000E+00
 0.00000000E+00
 0.00000000E+00
 0.00000000E+00
 0.00000000E+00
 0.00000000E+00
 0.00000000E+00
 0.00000000E+00
 0.00000000E+00
 0.00000000E+00
 0.00000000E+00
 0.00000000E+00
 0.00000000E+00
 0.00000000E+00
 0.00000000E+00
 0.00000000E+00
 0.00000000E+00
 0.00000000E+00
 0.00000000E+00
 0.00000000E+00
 0.00000000E+00
 0.00000000E+00
 0.00000000E+00
 0.00000000E+00
 0.00000000E+00
 0.00000000E+00
 0.00000000E+00
 0.00000000E+00
 0.00000000E+00
 0.00000000E+00
 0.00000000E+00
 0.00000000E+00
 0.00000000E+00
 0.00000000E+00
 0.00000000E+00
 0.00000000E+00
 0.00000000E+00
 0.00000000E+00
 0.00000000E+00
 0.00000000E+00
 0.00000000E+00
 0.00000000E+00
 0.00000000E+00
 0.00000000E+00
 0.00000000E+00
 0.00000000E+00
 0.00000000E+00
 0.00000000E+00
 0.00000000E+00
 0.00000000E+00
 0.00000000E+00
 0.00000000E+00
 0.00000000E+00
 0.00000000E+00
 0.00000000E+00
 0.00000000E+00
 0.00000000E+00
 0.00000000E+00
 0.00000000E+00
 4.34378252E-01
 2.67385670E-01
 1.00393089E-01
 6.65994928E-02
 1.66873063E-01
 2.37910212E-01
 1.59741251E-01
 2.86791185E-02
 9.27703896E-06
 9.27704135E-06
 8.75515276E-02
 1.41000469E-02
 9.27704904E-06
 9.27705176E-06
 9.27701154E-06
 9.27701160E-06
 9.27701494E-06
 9.27701808E-06
 9.27702080E-06
 9.27702454E-06
 9.27702698E-06
 9.27703089E-06
 9.27703435E-06
 9.27703712E-06
 1.71467865E-02
 9.27703839E-06
 9.27703912E-06
 9.27703967E-06
 9.27704075E-06
 9.27704135E-06
 9.27704156E-06
 9.27704242E-06
 9.27704280E-06
 9.27704317E-06
 9.27704487E-06
 9.27704453E-06
 9.27704591E-06
 9.27704637E-06
 9.27704720E-06
 9.27704863E-06
 9.27704963E-06
 9.27705167E-06
 9.27705336E-06
 9.27705479E-06
 9.27705674E-06
 9.27705800E-06
 9.27706016E-06
 9.27706182E-06
 9.27706393E-06
 9.27706495E-06
 9.27706663E-06
 9.27706838E-06
 9.27702772E-06
 9.27702888E-06
 9.27702939E-06
 9.27702997E-06
 9.27703037E-06
 9.27703052E-06
 9.27703044E-06
 9.27703069E-06
 9.27703143E-06
 9.27703156E-06
 9.27703124E-06
 9.27703165E-06
 9.27703143E-06
 9.27703190E-06
 9.27703229E-06
 9.27703246E-06
 9.27703253E-06
 9.27703293E-06
 9.27703303E-06
 9.27703329E-06
 9.27703382E-06
 9.27703374E-06
 9.27703447E-06
 9.27703442E-06
 9.27703430E-06
 9.27703463E-06
 9.27703472E-06
 9.27703537E-06
 9.27703546E-06
 9.27703581E-06
 9.27703570E-06
 9.27703637E-06
 9.27703629E-06
 9.27703692E-06
 9.27703763E-06
 9.27703837E-06
 9.27703885E-06
 9.27704037E-06
 9.27704067E-06
 9.27704184E-06
 9.27704241E-06
 9.27704356E-06
 9.27704409E-06
 9.27704566E-06
 9.27704582E-06
 9.27704697E-06
 9.27704759E-06
 9.27704916E-06
 9.27705003E-06
 9.27705044E-06
 9.27705137E-06
 9.27705218E-06
 9.27705335E-06
 9.27705424E-06
 9.27705484E-06
 9.27705563E-06
 9.27705706E-06
 9.27705792E-06
 9.27705866E-06
 9.27705940E-06
 9.27706046E-06
 9.27706124E-06
 9.27706232E-06
 9.27706345E-06
 9.27706400E-06
 9.27706528E-06
 9.27706596E-06
 9.27706683E-06
 9.27706767E-06
 9.27706869E-06
 9.27706985E-06
 9.27707069E-06
 9.27707199E-06
 9.27707271E-06
 9.27707340E-06
 9.27707439E-06
 9.27707509E-06
 9.27707659E-06
 9.27707767E-06
 9.27707831E-06
 9.27707936E-06
 9.27708049E-06
 9.27708136E-06
 9.27708249E-06
 9.27708331E-06
 9.27708436E-06
 9.27708498E-06
 9.27708611E-06
 9.27708710E-06
 9.27708803E-06
 9.27708931E-06
 9.27709030E-06
 9.27709099E-06
 9.27709229E-06
 9.27709315E-06
 9.27709439E-06
 9.27709516E-06
 9.27709618E-06
 9.27709711E-06
 9.27709816E-06
 9.27705761E-06
 9.27705814E-06
 9.27705860E-06
 9.27705947E-06
 9.27706017E-06
 9.27706089E-06
 9.27706141E-06
 9.27706176E-06
 9.27706259E-06
 9.27706315E-06
 9.27706408E-06
 9.27706482E-06
 9.27706528E-06
 9.27706573E-06
 9.27706636E-06
 9.27706718E-06
 9.27706788E-06
 9.27706830E-06
 9.27706907E-06
 9.27706956E-06
 9.27707022E-06
 9.27707113E-06
 9.27707185E-06
 9.27707237E-06
 9.27707297E-06
 9.27707348E-06
 9.27707422E-06
 9.27707514E-06
 9.27707544E-06
 9.27707608E-06
 9.27707689E-06
 9.27707753E-06
 9.27707851E-06
 9.27707891E-06
 9.27707965E-06
 9.27708025E-06
 9.27708087E-06
 9.27708194E-06
 9.27708255E-06
 9.27708320E-06
 9.27708399E-06
 9.27708452E-06
 9.27708529E-06
 9.27708583E-06
 9.27708671E-06
 9.27708724E-06
 9.27708781E-06
 9.27708886E-06
 9.27708945E-06
 9.27709001E-06
 9.27709094E-06
 9.27709141E-06
 9.27703727E-06
 9.27702906E-06
 9.27702392E-06
 9.27702052E-06
 9.27701799E-06
 9.27701560E-06
 9.27705667E-06
 9.27705627E-06
 9.27705553E-06
 9.27705509E-06
 9.27705453E-06
 9.27705373E-06
 9.27705340E-06
 9.27705277E-06
 9.27705228E-06
 9.27705182E-06
 9.27705149E-06
 9.27705077E-06
 9.27705046E-06
 9.27705011E-06
 9.27704959E-06
 9.27704910E-06
 9.27704874E-06
 9.27704854E-06
 9.27704818E-06
 9.27704779E-06
 9.27704734E-06
 9.27704709E-06
 9.27704669E-06
 9.27704620E-06
 9.27704607E-06
 9.27704558E-06
 9.27704526E-06
 9.27704512E-06
 9.27704488E-06
 9.27704458E-06
 9.27704411E-06
 9.27704388E-06
 9.27704369E-06
 9.27704323E-06
 9.27704301E-06
 9.27704289E-06
 9.27704260E-06
 9.27704230E-06
 9.27704206E-06
 9.27704177E-06
 9.27704163E-06
 9.27704135E-06
 9.27704101E-06
 9.27704092E-06
 9.27704061E-06
 9.27704043E-06
 9.27704017E-06
 9.27703997E-06
 9.27703972E-06
 9.27703956E-06
 9.27703933E-06
 9.27703912E-06
 9.27703893E-06
 9.27703874E-06
 9.27703855E-06
 9.27703834E-06
 9.27703822E-06
 9.27703800E-06
 9.27703785E-06
 9.27703770E-06
 9.27703755E-06
 9.27703741E-06
 9.27703727E-06
 9.27703706E-06
 9.27703735E-06
 9.27703779E-06
 9.27703828E-06
 9.27703872E-06
 9.27703922E-06
 9.27703969E-06
 9.27704021E-06
 9.27704072E-06
 9.27704121E-06
 9.27704175E-06
 9.27704222E-06
 9.27704279E-06
 9.27704333E-06
 9.27704384E-06
 9.27704442E-06
 9.27704500E-06
 9.27704557E-06
 9.27704615E-06
 9.27704676E-06
 9.27704738E-06
 9.27704801E-06
 9.27704866E-06
 9.27704931E-06
 9.27704999E-06
 9.27705069E-06
 9.27705140E-06
 9.27705214E-06
 9.27705290E-06
 9.27705368E-06
 9.27705450E-06
 9.27705534E-06
 9.27705625E-06
 9.27701549E-06
 9.27701818E-06
 9.27702107E-06
 9.27702416E-06
 9.27702745E-06
 9.27703105E-06
 9.27703495E-06
 2.27141675E-05
 8.87605249E-05
 1.54806882E-04
 2.20853238E-04
 4.10705349E-04
 6.93835792E-04
 1.11075665E-03
 2.58782547E-04
 3.09699374E-05
 4.91412794E-05
 5.38836147E-05
 4.30641572E-05
 4.95766362E-05
 5.12309509E-05
 4.05327237E-05
 1.45453050E-05
 2.39312418E-02
 5.29396718E-02
 8.20521834E-02
 1.11271505E-01
 2.27912118E-01
 3.53153632E-01
 5.70457315E-01
 0.00000000E+00
 0.00000000E+00
 0.00000000E+00
 0.00000000E+00
 0.00000000E+00
 0.00000000E+00
 0.00000000E+00
 0.00000000E+00
 0.00000000E+00
 0.00000000E+00
 0.00000000E+00
 0.00000000E+00
 0.00000000E+00
 0.00000000E+00
 0.00000000E+00
 0.00000000E+00
 0.00000000E+00
 0.00000000E+00
 0.00000000E+00
 0.00000000E+00
 0.00000000E+00
 0.00000000E+00
 0.00000000E+00
 0.00000000E+00
 0.00000000E+00
 0.00000000E+00
 0.00000000E+00
 0.00000000E+00
 0.00000000E+00
 0.00000000E+00
 0.00000000E+00
 0.00000000E+00
 0.00000000E+00
 0.00000000E+00
 0.00000000E+00
 0.00000000E+00
 0.00000000E+00
 0.00000000E+00
 0.00000000E+00
 0.00000000E+00
 0.00000000E+00
 0.00000000E+00
 0.00000000E+00
 0.00000000E+00
 0.00000000E+00
 0.00000000E+00
 0.00000000E+00
 0.00000000E+00
 0.00000000E+00
 0.00000000E+00
 0.00000000E+00
 0.00000000E+00
 0.00000000E+00
 0.00000000E+00
 0.00000000E+00
 0.00000000E+00
 0.00000000E+00
 0.00000000E+00
 0.00000000E+00
 0.00000000E+00
 0.00000000E+00
 0.00000000E+00
 0.00000000E+00
 0.00000000E+00
 0.00000000E+00
 0.00000000E+00
 0.00000000E+00
 0.00000000E+00
 0.00000000E+00
 0.00000000E+00
 0.00000000E+00
 0.00000000E+00
 0.00000000E+00
 0.00000000E+00
 0.00000000E+00
 0.00000000E+00
 0.00000000E+00
 0.00000000E+00
 0.00000000E+00
 0.00000000E+00
 0.00000000E+00
 0.00000000E+00
 0.00000000E+00
 0.00000000E+00
 0.00000000E+00
 0.00000000E+00
 0.00000000E+00
 0.00000000E+00
 0.00000000E+00
 0.00000000E+00
 0.00000000E+00
 0.00000000E+00
 0.00000000E+00
 0.00000000E+00
 0.00000000E+00
 0.00000000E+00
 0.00000000E+00
 0.00000000E+00
 0.00000000E+00
 0.00000000E+00
 0.00000000E+00
 0.00000000E+00
 0.00000000E+00
 0.00000000E+00
 0.00000000E+00
 0.00000000E+00
 0.00000000E+00
 0.00000000E+00
 0.00000000E+00
 0.00000000E+00
 0.00000000E+00
 0.00000000E+00
 0.00000000E+00
 0.00000000E+00
 0.00000000E+00
 0.00000000E+00
 0.00000000E+00
 0.00000000E+00
 0.00000000E+00
 0.00000000E+00
 0.00000000E+00
 0.00000000E+00
 0.00000000E+00
 0.00000000E+00
 0.00000000E+00
 0.00000000E+00
 0.00000000E+00
 0.00000000E+00
 0.00000000E+00
 0.00000000E+00
 0.00000000E+00
 0.00000000E+00
 0.00000000E+00
 0.00000000E+00
 0.00000000E+00
 0.00000000E+00
 0.00000000E+00
 0.00000000E+00
 0.00000000E+00
 0.00000000E+00
 0.00000000E+00
 0.00000000E+00
 0.00000000E+00
 0.00000000E+00
 0.00000000E+00
 0.00000000E+00
 0.00000000E+00
 0.00000000E+00
 0.00000000E+00
 0.00000000E+00
 0.00000000E+00
 0.00000000E+00
 0.00000000E+00
 0.00000000E+00
 0.00000000E+00
 0.00000000E+00
 0.00000000E+00
 0.00000000E+00
 0.00000000E+00
 0.00000000E+00
 0.00000000E+00
 0.00000000E+00
 0.00000000E+00
 0.00000000E+00
 4.90728645E-01
 3.11570852E-01
 1.32413059E-01
 4.67447340E-02
 1.56460769E-01
 2.35747269E-01
 1.59738683E-01
 2.86784000E-02
 8.96312832E-06
 8.96313063E-06
 9.11251242E-02
 1.46761505E-02
 8.96313790E-06
 8.96314028E-06
 8.96310038E-06
 8.96310071E-06
 8.96310269E-06
 8.96310690E-06
 8.96310943E-06
 8.96311370E-06
 8.96311658E-06
 8.96311972E-06
 8.96312290E-06
 8.96312552E-06
 1.78458400E-02
 8.96312683E-06
 8.96312820E-06
 8.96312914E-06
 8.96312942E-06
 8.96312968E-06
 8.96313058E-06
 8.96313098E-06
 8.96313204E-06
 8.96313320E-06
 8.96313367E-06
 8.96313411E-06
 8.96313465E-06
 8.96313555E-06
 8.96313574E-06
 8.96313713E-06
 8.96313871E-06
 8.96314108E-06
 8.96314285E-06
 8.96314412E-06
 8.96314567E-06
 8.96314791E-06
 8.96314983E-06
 8.96315117E-06
 8.96315321E-06
 8.96315424E-06
 8.96315614E-06
 8.96311649E-06
 8.96311671E-06
 8.96311830E-06
 8.96311860E-06
 8.96311953E-06
 8.96311931E-06
 8.96311977E-06
 8.96311965E-06
 8.96312001E-06
 8.96312050E-06
 8.96312054E-06
 8.96312070E-06
 8.96312082E-06
 8.96312102E-06
 8.96312100E-06
 8.96312163E-06
 8.96312127E-06
 8.96312210E-06
 8.96312235E-06
 8.96312245E-06
 8.96312252E-06
 8.96312270E-06
 8.96312311E-06
 8.96312329E-06
 8.96312340E-06
 8.96312340E-06
 8.96312383E-06
 8.96312399E-06
 8.96312442E-06
 8.96312440E-06
 8.96312516E-06
 8.96312531E-06
 8.96312551E-06
 8.96312617E-06
 8.96312616E-06
 8.96312687E-06
 8.96312744E-06
 8.96312839E-06
 8.96312891E-06
 8.96313016E-06
 8.96313094E-06
 8.96313162E-06
 8.96313285E-06
 8.96313331E-06
 8.96313414E-06
 8.96313532E-06
 8.96313608E-06
 8.96313702E-06
 8.96313801E-06
 8.96313840E-06
 8.96313932E-06
 8.96314022E-06
 8.96314147E-06
 8.96314231E-06
 8.96314286E-06
 8.96314369E-06
 8.96314505E-06
 8.96314582E-06
 8.96314659E-06
 8.96314782E-06
 8.96314817E-06
 8.96314942E-06
 8.96314978E-06
 8.96315076E-06
 8.96315187E-06
 8.96315298E-06
 8.96315395E-06
 8.96315476E-06
 8.96315541E-06
 8.96315668E-06
 8.96315775E-06
 8.96315826E-06
 8.96315943E-06
 8.96316037E-06
 8.96316126E-06
 8.96316198E-06
 8.96316296E-06
 8.96316363E-06
 8.96316486E-06
 8.96316563E-06
 8.96316692E-06
 8.96316752E-06
 8.96316859E-06
 8.96316981E-06
 8.96317070E-06
 8.96317182E-06
 8.96317237E-06
 8.96317353E-06
 8.96317454E-06
 8.96317538E-06
 8.96317666E-06
 8.96317741E-06
 8.96317848E-06
 8.96317963E-06
 8.96318023E-06
 8.96318138E-06
 8.96318227E-06
 8.96318359E-06
 8.96318471E-06
 8.96318541E-06
 8.96314461E-06
 8.96314546E-06
 8.96314630E-06
 8.96314658E-06
 8.96314717E-06
 8.96314777E-06
 8.96314867E-06
 8.96314937E-06
 8.96314988E-06
 8.96315030E-06
 8.96315100E-06
 8.96315150E-06
 8.96315228E-06
 8.96315285E-06
 8.96315324E-06
 8.96315425E-06
 8.96315461E-06
 8.96315521E-06
 8.96315599E-06
 8.96315656E-06
 8.96315738E-06
 8.96315781E-06
 8.96315850E-06
 8.96315899E-06
 8.96315963E-06
 8.96316043E-06
 8.96316103E-06
 8.96316187E-06
 8.96316244E-06
 8.96316316E-06
 8.96316369E-06
 8.96316448E-06
 8.96316474E-06
 8.96316560E-06
 8.96316628E-06
 8.96316689E-06
 8.96316743E-06
 8.96316831E-06
 8.96316913E-06
 8.96316949E-06
 8.96317031E-06
 8.96317084E-06
 8.96317151E-06
 8.96317234E-06
 8.96317300E-06
 8.96317353E-06
 8.96317440E-06
 8.96317501E-06
 8.96317569E-06
 8.96317622E-06
 8.96317710E-06
 8.96317764E-06
 8.96317836E-06
 8.96312573E-06
 8.96311581E-06
 8.96311092E-06
 8.96310703E-06
 8.96310430E-06
 8.96310181E-06
 8.96314299E-06
 8.96314299E-06
 8.96314220E-06
 8.96314167E-06
 8.96314120E-06
 8.96314067E-06
 8.96314008E-06
 8.96313944E-06
 8.96313922E-06
 8.96313864E-06
 8.96313825E-06
 8.96313779E-06
 8.96313741E-06
 8.96313713E-06
 8.96313648E-06
 8.96313629E-06
 8.96313600E-06
 8.96313548E-06
 8.96313519E-06
 8.96313507E-06
 8.96313455E-06
 8.96313417E-06
 8.96313414E-06
 8.96313361E-06
 8.96313334E-06
 8.96313315E-06
 8.96313301E-06
 8.96313258E-06
 8.96313246E-06
 8.96313216E-06
 8.96313181E-06
 8.96313162E-06
 8.96313136E-06
 8.96313115E-06
 8.96313099E-06
 8.96313064E-06
 8.96313049E-06
 8.96313020E-06
 8.96313008E-06
 8.96312987E-06
 8.96312970E-06
 8.96312948E-06
 8.96312935E-06
 8.96312904E-06
 8.96312894E-06
 8.96312877E-06
 8.96312857E-06
 8.96312841E-06
 8.96312819E-06
 8.96312807E-06
 8.96312791E-06
 8.96312772E-06
 8.96312753E-06
 8.96312741E-06
 8.96312730E-06
 8.96312720E-06
 8.96312711E-06
 8.96312692E-06
 8.96312676E-06
 8.96312669E-06
 8.96312654E-06
 8.96312642E-06
 8.96312634E-06
 8.96312627E-06
 8.96312644E-06
 8.96312683E-06
 8.96312719E-06
 8.96312760E-06
 8.96312798E-06
 8.96312842E-06
 8.96312878E-06
 8.96312920E-06
 8.96312967E-06
 8.96313007E-06
 8.96313052E-06
 8.96313096E-06
 8.96313142E-06
 8.96313189E-06
 8.96313237E-06
 8.96313286E-06
 8.96313336E-06
 8.96313386E-06
 8.96313436E-06
 8.96313490E-06
 8.96313546E-06
 8.96313601E-06
 8.96313659E-06
 8.96313719E-06
 8.96313780E-06
 8.96313843E-06
 8.96313909E-06
 8.96313977E-06
 8.96314048E-06
 8.96314121E-06
 8.96314198E-06
 8.96314292E-06
 8.96310219E-06
 8.96310525E-06
 8.96310850E-06
 8.96311197E-06
 8.96311566E-06
 8.96311964E-06
 8.96312391E-06
 1.86304788E-05
 7.55979211E-05
 1.32565363E-04
 1.89532804E-04
 3.75358408E-04
 6.58268954E-04
 1.08042979E-03
 2.50224538E-04
 2.99539712E-05
 4.70346698E-05
 5.08180204E-05
 3.90774241E-05
 4.60424157E-05
 4.86108550E-05
 3.89760960E-05
 1.40753137E-05
 2.06384939E-02
 4.56587654E-02
 7.07702923E-02
 9.59760807E-02
 2.12155487E-01
 3.37270652E-01
 5.58190706E-01
 0.00000000E+00
 0.00000000E+00
 0.00000000E+00
 0.00000000E+00
 0.00000000E+00
 0.00000000E+00
 0.00000000E+00
 0.00000000E+00
 0.00000000E+00
 0.00000000E+00
 0.00000000E+00
 0.00000000E+00
 0.00000000E+00
 0.00000000E+00
 0.00000000E+00
 0.00000000E+00
 0.00000000E+00
 0.00000000E+00
 0.00000000E+00
 0.00000000E+00
 0.00000000E+00
 0.00000000E+00
 0.00000000E+00
 0.00000000E+00
 0.00000000E+00
 0.00000000E+00
 0.00000000E+00
 0.00000000E+00
 0.00000000E+00
 0.00000000E+00
 0.00000000E+00
 0.00000000E+00
 0.00000000E+00
 0.00000000E+00
 0.00000000E+00
 0.00000000E+00
 0.00000000E+00
 0.00000000E+00
 0.00000000E+00
 0.00000000E+00
 0.00000000E+00
 0.00000000E+00
 0.00000000E+00
 0.00000000E+00
 0.00000000E+00
 0.00000000E+00
 0.00000000E+00
 0.00000000E+00
 0.00000000E+00
 0.00000000E+00
 0.00000000E+00
 0.00000000E+00
 0.00000000E+00
 0.00000000E+00
 0.00000000E+00
 0.00000000E+00
 0.00000000E+00
 0.00000000E+00
 0.00000000E+00
 0.00000000E+00
 0.00000000E+00
 0.00000000E+00
 0.00000000E+00
 0.00000000E+00
 0.00000000E+00
 0.00000000E+00
 0.00000000E+00
 0.00000000E+00
 0.00000000E+00
 0.00000000E+00
 0.00000000E+00
 0.00000000E+00
 0.00000000E+00
 0.00000000E+00
 0.00000000E+00
 0.00000000E+00
 0.00000000E+00
 0.00000000E+00
 0.00000000E+00
 0.00000000E+00
 0.00000000E+00
 0.00000000E+00
 0.00000000E+00
 0.00000000E+00
 0.00000000E+00
 0.00000000E+00
 0.00000000E+00
 0.00000000E+00
 0.00000000E+00
 0.00000000E+00
 0.00000000E+00
 0.00000000E+00
 0.00000000E+00
 0.00000000E+00
 0.00000000E+00
 0.00000000E+00
 0.00000000E+00
 0.00000000E+00
 0.00000000E+00
 0.00000000E+00
 0.00000000E+00
 0.00000000E+00
 0.00000000E+00
 0.00000000E+00
 0.00000000E+00
 0.00000000E+00
 0.00000000E+00
 0.00000000E+00
 0.00000000E+00
 0.00000000E+00
 0.00000000E+00
 0.00000000E+00
 0.00000000E+00
 0.00000000E+00
 0.00000000E+00
 0.00000000E+00
 0.00000000E+00
 0.00000000E+00
 0.00000000E+00
 0.00000000E+00
 0.00000000E+00
 0.00000000E+00
 0.00000000E+00
 0.00000000E+00
 0.00000000E+00
 0.00000000E+00
 0.00000000E+00
 0.00000000E+00
 0.00000000E+00
 0.00000000E+00
 0.00000000E+00
 0.00000000E+00
 0.00000000E+00
 0.00000000E+00
 0.00000000E+00
 0.00000000E+00
 0.00000000E+00
 0.00000000E+00
 0.00000000E+00
 0.00000000E+00
 0.00000000E+00
 0.00000000E+00
 0.00000000E+00
 0.00000000E+00
 0.00000000E+00
 0.00000000E+00
 0.00000000E+00
 0.00000000E+00
 0.00000000E+00
 0.00000000E+00
 0.00000000E+00
 0.00000000E+00
 0.00000000E+00
 0.00000000E+00
 0.00000000E+00
 0.00000000E+00
 0.00000000E+00
 0.00000000E+00
 0.00000000E+00
 0.00000000E+00
 0.00000000E+00
 0.00000000E+00
 0.00000000E+00
 0.00000000E+00
 5.46986476E-01
 3.55683542E-01
 1.64380608E-01
 2.69223253E-02
 1.46065255E-01
 2.33587509E-01
 1.59735767E-01
 2.86773701E-02
 8.34581917E-06
 8.34582113E-06
 9.46931171E-02
 1.52516056E-02
 8.34582798E-06
 8.34583071E-06
 8.34579082E-06
 8.34579080E-06
 8.34579381E-06
 8.34579724E-06
 8.34580048E-06
 8.34580327E-06
 8.34580745E-06
 8.34581048E-06
 8.34581346E-06
 8.34581637E-06
 1.85434338E-02
 8.34581752E-06
 8.34581853E-06
 8.34581901E-06
 8.34582023E-06
 8.34582026E-06
 8.34582067E-06
 8.34582191E-06
 8.34582304E-06
 8.34582276E-06
 8.34582368E-06
 8.34582499E-06
 8.34582527E-06
 8.34582567E-06
 8.34582663E-06
 8.34582789E-06
 8.34582979E-06
 8.34583088E-06
 8.34583331E-06
 8.34583431E-06
 8.34583602E-06
 8.34583818E-06
 8.34583993E-06
 8.34584151E-06
 8.34584370E-06
 8.34584513E-06
 8.34584734E-06
 8.34580652E-06
 8.34580835E-06
 8.34580835E-06
 8.34580985E-06
 8.34581038E-06
 8.34581007E-06
 8.34581070E-06
 8.34581011E-06
 8.34581059E-06
 8.34581044E-06
 8.34581117E-06
 8.34581125E-06
 8.34581199E-06
 8.34581190E-06
 8.34581246E-06
 8.34581186E-06
 8.34581246E-06
 8.34581278E-06
 8.34581248E-06
 8.34581317E-06
 8.34581323E-06
 8.34581338E-06
 8.34581415E-06
 8.34581411E-06
 8.34581452E-06
 8.34581411E-06
 8.34581466E-06
 8.34581493E-06
 8.34581529E-06
 8.34581518E-06
 8.34581568E-06
 8.34581569E-06
 8.34581628E-06
 8.34581661E-06
 8.34581667E-06
 8.34581739E-06
 8.34581811E-06
 8.34581902E-06
 8.34582001E-06
 8.34582039E-06
 8.34582145E-06
 8.34582239E-06
 8.34582307E-06
 8.34582411E-06
 8.34582499E-06
 8.34582607E-06
 8.34582655E-06
 8.34582722E-06
 8.34582790E-06
 8.34582896E-06
 8.34583002E-06
 8.34583091E-06
 8.34583138E-06
 8.34583265E-06
 8.34583360E-06
 8.34583395E-06
 8.34583493E-06
 8.34583589E-06
 8.34583706E-06
 8.34583759E-06
 8.34583841E-06
 8.34583940E-06
 8.34584052E-06
 8.34584105E-06
 8.34584216E-06
 8.34584313E-06
 8.34584393E-06
 8.34584456E-06
 8.34584545E-06
 8.34584634E-06
 8.34584736E-06
 8.34584848E-06
 8.34584944E-06
 8.34585025E-06
 8.34585131E-06
 8.34585218E-06
 8.34585317E-06
 8.34585371E-06
 8.34585489E-06
 8.34585592E-06
 8.34585689E-06
 8.34585767E-06
 8.34585869E-06
 8.34585982E-06
 8.34586060E-06
 8.34586136E-06
 8.34586218E-06
 8.34586336E-06
 8.34586436E-06
 8.34586567E-06
 8.34586657E-06
 8.34586712E-06
 8.34586827E-06
 8.34586937E-06
 8.34587039E-06
 8.34587133E-06
 8.34587197E-06
 8.34587333E-06
 8.34587394E-06
 8.34587513E-06
 8.34583417E-06
 8.34583491E-06
 8.34583557E-06
 8.34583614E-06
 8.34583661E-06
 8.34583689E-06
 8.34583796E-06
 8.34583833E-06
 8.34583909E-06
 8.34583964E-06
 8.34584037E-06
 8.34584090E-06
 8.34584132E-06
 8.34584190E-06
 8.34584265E-06
 8.34584319E-06
 8.34584399E-06
 8.34584439E-06
 8.34584513E-06
 8.34584548E-06
 8.34584652E-06
 8.34584681E-06
 8.34584770E-06
 8.34584829E-06
 8.34584867E-06
 8.34584920E-06
 8.34584989E-06
 8.34585072E-06
 8.34585134E-06
 8.34585212E-06
 8.34585262E-06
 8.34585293E-06
 8.34585391E-06
 8.34585428E-06
 8.34585489E-06
 8.34585577E-06
 8.34585655E-06
 8.34585718E-06
 8.34585782E-06
 8.34585833E-06
 8.34585894E-06
 8.34585961E-06
 8.34586032E-06
 8.34586078E-06
 8.34586147E-06
 8.34586210E-06
 8.34586299E-06
 8.34586353E-06
 8.34586421E-06
 8.34586473E-06
 8.34586553E-06
 8.34586631E-06
 8.34586693E-06
 8.34581582E-06
 8.34580465E-06
 8.34579923E-06
 8.34579538E-06
 8.34579238E-06
 8.34578994E-06
 8.34583115E-06
 8.34583083E-06
 8.34583019E-06
 8.34582981E-06
 8.34582917E-06
 8.34582862E-06
 8.34582825E-06
 8.34582769E-06
 8.34582726E-06
 8.34582706E-06
 8.34582649E-06
 8.34582628E-06
 8.34582597E-06
 8.34582539E-06
 8.34582523E-06
 8.34582492E-06
 8.34582461E-06
 8.34582438E-06
 8.34582405E-06
 8.34582371E-06
 8.34582343E-06
 8.34582315E-06
 8.34582300E-06
 8.34582272E-06
 8.34582228E-06
 8.34582206E-06
 8.34582205E-06
 8.34582174E-06
 8.34582150E-06
 8.34582134E-06
 8.34582107E-06
 8.34582093E-06
 8.34582083E-06
 8.34582061E-06
 8.34582025E-06
 8.34582017E-06
 8.34581999E-06
 8.34581974E-06
 8.34581962E-06
 8.34581946E-06
 8.34581926E-06
 8.34581921E-06
 8.34581896E-06
 8.34581892E-06
 8.34581878E-06
 8.34581858E-06
 8.34581845E-06
 8.34581838E-06
 8.34581828E-06
 8.34581821E-06
 8.34581802E-06
 8.34581793E-06
 8.34581778E-06
 8.34581772E-06
 8.34581758E-06
 8.34581748E-06
 8.34581743E-06
 8.34581740E-06
 8.34581729E-06
 8.34581713E-06
 8.34581710E-06
 8.34581700E-06
 8.34581695E-06
 8.34581693E-06
 8.34581710E-06
 8.34581744E-06
 8.34581768E-06
 8.34581805E-06
 8.34581834E-06
 8.34581860E-06
 8.34581895E-06
 8.34581928E-06
 8.34581961E-06
 8.34581999E-06
 8.34582037E-06
 8.34582073E-06
 8.34582108E-06
 8.34582144E-06
 8.34582183E-06
 8.34582226E-06
 8.34582268E-06
 8.34582310E-06
 8.34582352E-06
 8.34582398E-06
 8.34582444E-06
 8.34582492E-06
 8.34582541E-06
 8.34582592E-06
 8.34582646E-06
 8.34582701E-06
 8.34582758E-06
 8.34582818E-06
 8.34582881E-06
 8.34582946E-06
 8.34583014E-06
 8.34583116E-06
 8.34583285E-06
 8.34579385E-06
 8.34579748E-06
 8.34580134E-06
 8.34580543E-06
 8.34580976E-06
 8.34581441E-06
 1.48574158E-05
 6.27608638E-05
 1.10664311E-04
 1.58567758E-04
 3.40373424E-04
 6.23064349E-04
 1.05045642E-03
 2.41991351E-04
 2.86334919E-05
 4.46297795E-05
 4.74600688E-05
 3.48041061E-05
 4.22250355E-05
 4.57101925E-05
 3.71411812E-05
 1.33292113E-05
 1.73513663E-02
 3.83899285E-02
 5.95069151E-02
 8.07056102E-02
 1.96424473E-01
 3.21413408E-01
 5.45943915E-01
 0.00000000E+00
 0.00000000E+00
 0.00000000E+00
 0.00000000E+00
 0.00000000E+00
 0.00000000E+00
 0.00000000E+00
 0.00000000E+00
 0.00000000E+00
 0.00000000E+00
 0.00000000E+00
 0.00000000E+00
 0.00000000E+00
 0.00000000E+00
 0.00000000E+00
 0.00000000E+00
 0.00000000E+00
 0.00000000E+00
 0.00000000E+00
 0.00000000E+00
 0.00000000E+00
 0.00000000E+00
 0.00000000E+00
 0.00000000E+00
 0.00000000E+00
 0.00000000E+00
 0.00000000E+00
 0.00000000E+00
 0.00000000E+00
 0.00000000E+00
 0.00000000E+00
 0.00000000E+00
 0.00000000E+00
 0.00000000E+00
 0.00000000E+00
 0.00000000E+00
 0.00000000E+00
 0.00000000E+00
 0.00000000E+00
 0.00000000E+00
 0.00000000E+00
 0.00000000E+00
 0.00000000E+00
 0.00000000E+00
 0.00000000E+00
 0.00000000E+00
 0.00000000E+00
 0.00000000E+00
 0.00000000E+00
 0.00000000E+00
 0.00000000E+00
 0.00000000E+00
 0.00000000E+00
 0.00000000E+00
 0.00000000E+00
 0.00000000E+00
 0.00000000E+00
 0.00000000E+00
 0.00000000E+00
 0.00000000E+00
 0.00000000E+00
 0.00000000E+00
 0.00000000E+00
 0.00000000E+00
 0.00000000E+00
 0.00000000E+00
 0.00000000E+00
 0.00000000E+00
 0.00000000E+00
 0.00000000E+00
 0.00000000E+00
 0.00000000E+00
 0.00000000E+00
 0.00000000E+00
 0.00000000E+00
 0.00000000E+00
 0.00000000E+00
 0.00000000E+00
 0.00000000E+00
 0.00000000E+00
 0.00000000E+00
 0.00000000E+00
 0.00000000E+00
 0.00000000E+00
 0.00000000E+00
 0.00000000E+00
 0.00000000E+00
 0.00000000E+00
 0.00000000E+00
 0.00000000E+00
 0.00000000E+00
 0.00000000E+00
 0.00000000E+00
 0.00000000E+00
 0.00000000E+00
 0.00000000E+00
 0.00000000E+00
 0.00000000E+00
 0.00000000E+00
 0.00000000E+00
 0.00000000E+00
 0.00000000E+00
 0.00000000E+00
 0.00000000E+00
 0.00000000E+00
 0.00000000E+00
 0.00000000E+00
 0.00000000E+00
 0.00000000E+00
 0.00000000E+00
 0.00000000E+00
 0.00000000E+00
 0.00000000E+00
 0.00000000E+00
 0.00000000E+00
 0.00000000E+00
 0.00000000E+00
 0.00000000E+00
 0.00000000E+00
 0.00000000E+00
 0.00000000E+00
 0.00000000E+00
 0.00000000E+00
 0.00000000E+00
 0.00000000E+00
 0.00000000E+00
 0.00000000E+00
 0.00000000E+00
 0.00000000E+00
 0.00000000E+00
 0.00000000E+00
 0.00000000E+00
 0.00000000E+00
 0.00000000E+00
 0.00000000E+00
 0.00000000E+00
 0.00000000E+00
 0.00000000E+00
 0.00000000E+00
 0.00000000E+00
 0.00000000E+00
 0.00000000E+00
 0.00000000E+00
 0.00000000E+00
 0.00000000E+00
 0.00000000E+00
 0.00000000E+00
 0.00000000E+00
 0.00000000E+00
 0.00000000E+00
 0.00000000E+00
 0.00000000E+00
 0.00000000E+00
 0.00000000E+00
 0.00000000E+00
 0.00000000E+00
 0.00000000E+00
 0.00000000E+00
 0.00000000E+00
 0.00000000E+00
 0.00000000E+00
 0.00000000E+00
 0.00000000E+00
 0.00000000E+00
 6.03151922E-01
 3.99723879E-01
 1.96295837E-01
 7.13220493E-03
 1.35686490E-01
 2.31430926E-01
 1.59732503E-01
 2.86760292E-02
 7.42562324E-06
 7.42562608E-06
 9.82555173E-02
 1.58264135E-02
 7.42563254E-06
 7.42563567E-06
 7.42559558E-06
 7.42559497E-06
 7.42559824E-06
 7.42560167E-06
 7.42560462E-06
 7.42560802E-06
 7.42561119E-06
 7.42561523E-06
 7.42561876E-06
 7.42562139E-06
 1.92395709E-02
 7.42562348E-06
 7.42562389E-06
 7.42562445E-06
 7.42562497E-06
 7.42562563E-06
 7.42562623E-06
 7.42562689E-06
 7.42562788E-06
 7.42562809E-06
 7.42562906E-06
 7.42562947E-06
 7.42563035E-06
 7.42563107E-06
 7.42563126E-06
 7.42563304E-06
 7.42563473E-06
 7.42563669E-06
 7.42563824E-06
 7.42563963E-06
 7.42564144E-06
 7.42564284E-06
 7.42564504E-06
 7.42564683E-06
 7.42564881E-06
 7.42565075E-06
 7.42565245E-06
 7.42561149E-06
 7.42561262E-06
 7.42561366E-06
 7.42561505E-06
 7.42561498E-06
 7.42561496E-06
 7.42561540E-06
 7.42561538E-06
 7.42561624E-06
 7.42561568E-06
 7.42561597E-06
 7.42561694E-06
 7.42561691E-06
 7.42561692E-06
 7.42561725E-06
 7.42561730E-06
 7.42561763E-06
 7.42561765E-06
 7.42561762E-06
 7.42561856E-06
 7.42561869E-06
 7.42561902E-06
 7.42561896E-06
 7.42561893E-06
 7.42561918E-06
 7.42561984E-06
 7.42562018E-06
 7.42561992E-06
 7.42562057E-06
 7.42562059E-06
 7.42562120E-06
 7.42562100E-06
 7.42562137E-06
 7.42562160E-06
 7.42562205E-06
 7.42562248E-06
 7.42562325E-06
 7.42562421E-06
 7.42562521E-06
 7.42562544E-06
 7.42562634E-06
 7.42562695E-06
 7.42562820E-06
 7.42562887E-06
 7.42562974E-06
 7.42563026E-06
 7.42563134E-06
 7.42563191E-06
 7.42563299E-06
 7.42563391E-06
 7.42563455E-06
 7.42563549E-06
 7.42563661E-06
 7.42563739E-06
 7.42563807E-06
 7.42563887E-06
 7.42563952E-06
 7.42564062E-06
 7.42564142E-06
 7.42564263E-06
 7.42564327E-06
 7.42564415E-06
 7.42564504E-06
 7.42564591E-06
 7.42564649E-06
 7.42564772E-06
 7.42564841E-06
 7.42564947E-06
 7.42565008E-06
 7.42565136E-06
 7.42565250E-06
 7.42565314E-06
 7.42565405E-06
 7.42565477E-06
 7.42565573E-06
 7.42565680E-06
 7.42565752E-06
 7.42565809E-06
 7.42565917E-06
 7.42566017E-06
 7.42566141E-06
 7.42566244E-06
 7.42566303E-06
 7.42566369E-06
 7.42566496E-06
 7.42566616E-06
 7.42566664E-06
 7.42566757E-06
 7.42566861E-06
 7.42566982E-06
 7.42567068E-06
 7.42567151E-06
 7.42567236E-06
 7.42567314E-06
 7.42567463E-06
 7.42567542E-06
 7.42567646E-06
 7.42567759E-06
 7.42567824E-06
 7.42563727E-06
 7.42563804E-06
 7.42563832E-06
 7.42563930E-06
 7.42563968E-06
 7.42564036E-06
 7.42564094E-06
 7.42564131E-06
 7.42564195E-06
 7.42564287E-06
 7.42564310E-06
 7.42564398E-06
 7.42564417E-06
 7.42564500E-06
 7.42564561E-06
 7.42564600E-06
 7.42564655E-06
 7.42564716E-06
 7.42564811E-06
 7.42564865E-06
 7.42564888E-06
 7.42564980E-06
 7.42565032E-06
 7.42565099E-06
 7.42565142E-06
 7.42565193E-06
 7.42565256E-06
 7.42565334E-06
 7.42565391E-06
 7.42565453E-06
 7.42565538E-06
 7.42565551E-06
 7.42565622E-06
 7.42565716E-06
 7.42565748E-06
 7.42565838E-06
 7.42565876E-06
 7.42565931E-06
 7.42565986E-06
 7.42566068E-06
 7.42566143E-06
 7.42566179E-06
 7.42566251E-06
 7.42566344E-06
 7.42566403E-06
 7.42566476E-06
 7.42566502E-06
 7.42566595E-06
 7.42566650E-06
 7.42566720E-06
 7.42566798E-06
 7.42566839E-06
 7.42566916E-06
 7.42566969E-06
 7.42567049E-06
 7.42560753E-06
 7.42560178E-06
 7.42559770E-06
 7.42559476E-06
 7.42559208E-06
 7.42563361E-06
 7.42563329E-06
 7.42563266E-06
 7.42563204E-06
 7.42563159E-06
 7.42563116E-06
 7.42563070E-06
 7.42563044E-06
 7.42563005E-06
 7.42562950E-06
 7.42562936E-06
 7.42562890E-06
 7.42562864E-06
 7.42562830E-06
 7.42562823E-06
 7.42562785E-06
 7.42562744E-06
 7.42562716E-06
 7.42562715E-06
 7.42562691E-06
 7.42562648E-06
 7.42562632E-06
 7.42562609E-06
 7.42562607E-06
 7.42562568E-06
 7.42562545E-06
 7.42562531E-06
 7.42562519E-06
 7.42562509E-06
 7.42562477E-06
 7.42562460E-06
 7.42562454E-06
 7.42562434E-06
 7.42562427E-06
 7.42562413E-06
 7.42562397E-06
 7.42562390E-06
 7.42562374E-06
 7.42562363E-06
 7.42562353E-06
 7.42562335E-06
 7.42562323E-06
 7.42562310E-06
 7.42562313E-06
 7.42562296E-06
 7.42562279E-06
 7.42562284E-06
 7.42562267E-06
 7.42562260E-06
 7.42562248E-06
 7.42562240E-06
 7.42562243E-06
 7.42562237E-06
 7.42562226E-06
 7.42562225E-06
 7.42562218E-06
 7.42562217E-06
 7.42562212E-06
 7.42562212E-06
 7.42562198E-06
 7.42562206E-06
 7.42562202E-06
 7.42562195E-06
 7.42562193E-06
 7.42562210E-06
 7.42562233E-06
 7.42562255E-06
 7.42562275E-06
 7.42562295E-06
 7.42562323E-06
 7.42562349E-06
 7.42562369E-06
 7.42562396E-06
 7.42562422E-06
 7.42562448E-06
 7.42562479E-06
 7.42562508E-06
 7.42562534E-06
 7.42562567E-06
 7.42562599E-06
 7.42562630E-06
 7.42562667E-06
 7.42562701E-06
 7.42562737E-06
 7.42562776E-06
 7.42562816E-06
 7.42562857E-06
 7.42562900E-06
 7.42562945E-06
 7.42562992E-06
 7.42563040E-06
 7.42563093E-06
 7.42563148E-06
 7.42563203E-06
 7.42563265E-06
 7.42563371E-06
 7.42563576E-06
 7.42559679E-06
 7.42560081E-06
 7.42560500E-06
 7.42560947E-06
 7.42561422E-06
 7.42561925E-06
 1.13944520E-05
 5.02487979E-05
 8.91031434E-05
 1.27957488E-04
 3.05749772E-04
 5.88221351E-04
 1.02083591E-03
 2.34082409E-04
 2.70090394E-05
 4.19271392E-05
 4.38102813E-05
 3.02447161E-05
 3.81250041E-05
 4.25294688E-05
 3.50284827E-05
 1.23074991E-05
 1.40698482E-02
 3.11331378E-02
 4.82620161E-02
 6.54600451E-02
 1.80719026E-01
 3.05581850E-01
 5.33716906E-01
 0.00000000E+00
 0.00000000E+00
 0.00000000E+00
 0.00000000E+00
 0.00000000E+00
 0.00000000E+00
 0.00000000E+00
 0.00000000E+00
 0.00000000E+00
 0.00000000E+00
 0.00000000E+00
 0.00000000E+00
 0.00000000E+00
 0.00000000E+00
 0.00000000E+00
 0.00000000E+00
 0.00000000E+00
 0.00000000E+00
 0.00000000E+00
 0.00000000E+00
 0.00000000E+00
 0.00000000E+00
 0.00000000E+00
 0.00000000E+00
 0.00000000E+00
 0.00000000E+00
 0.00000000E+00
 0.00000000E+00
 0.00000000E+00
 0.00000000E+00
 0.00000000E+00
 0.00000000E+00
 0.00000000E+00
 0.00000000E+00
 0.00000000E+00
 0.00000000E+00
 0.00000000E+00
 0.00000000E+00
 0.00000000E+00
 0.00000000E+00
 0.00000000E+00
 0.00000000E+00
 0.00000000E+00
 0.00000000E+00
 0.00000000E+00
 0.00000000E+00
 0.00000000E+00
 0.00000000E+00
 0.00000000E+00
 0.00000000E+00
 0.00000000E+00
 0.00000000E+00
 0.00000000E+00
 0.00000000E+00
 0.00000000E+00
 0.00000000E+00
 0.00000000E+00
 0.00000000E+00
 0.00000000E+00
 0.00000000E+00
 0.00000000E+00
 0.00000000E+00
 0.00000000E+00
 0.00000000E+00
 0.00000000E+00
 0.00000000E+00
 0.00000000E+00
 0.00000000E+00
 0.00000000E+00
 0.00000000E+00
 0.00000000E+00
 0.00000000E+00
 0.00000000E+00
 0.00000000E+00
 0.00000000E+00
 0.00000000E+00
 0.00000000E+00
 0.00000000E+00
 0.00000000E+00
 0.00000000E+00
 0.00000000E+00
 0.00000000E+00
 0.00000000E+00
 0.00000000E+00
 0.00000000E+00
 0.00000000E+00
 0.00000000E+00
 0.00000000E+00
 0.00000000E+00
 0.00000000E+00
 0.00000000E+00
 0.00000000E+00
 0.00000000E+00
 0.00000000E+00
 0.00000000E+00
 0.00000000E+00
 0.00000000E+00
 0.00000000E+00
 0.00000000E+00
 0.00000000E+00
 0.00000000E+00
 0.00000000E+00
 0.00000000E+00
 0.00000000E+00
 0.00000000E+00
 0.00000000E+00
 0.00000000E+00
 0.00000000E+00
 0.00000000E+00
 0.00000000E+00
 0.00000000E+00
 0.00000000E+00
 0.00000000E+00
 0.00000000E+00
 0.00000000E+00
 0.00000000E+00
 0.00000000E+00
 0.00000000E+00
 0.00000000E+00
 0.00000000E+00
 0.00000000E+00
 0.00000000E+00
 0.00000000E+00
 0.00000000E+00
 0.00000000E+00
 0.00000000E+00
 0.00000000E+00
 0.00000000E+00
 0.00000000E+00
 0.00000000E+00
 0.00000000E+00
 0.00000000E+00
 0.00000000E+00
 0.00000000E+00
 0.00000000E+00
 0.00000000E+00
 0.00000000E+00
 0.00000000E+00
 0.00000000E+00
 0.00000000E+00
 0.00000000E+00
 0.00000000E+00
 0.00000000E+00
 0.00000000E+00
 0.00000000E+00
 0.00000000E+00
 0.00000000E+00
 0.00000000E+00
 0.00000000E+00
 0.00000000E+00
 0.00000000E+00
 0.00000000E+00
 0.00000000E+00
 0.00000000E+00
 0.00000000E+00
 0.00000000E+00
 0.00000000E+00
 0.00000000E+00
 0.00000000E+00
 0.00000000E+00
 0.00000000E+00
 0.00000000E+00
 0.00000000E+00
 0.00000000E+00
 6.59225159E-01
 4.43692002E-01
 2.28158846E-01
 1.26256890E-02
 1.25324441E-01
 2.29277514E-01
 1.59728892E-01
 2.86743780E-02
 6.20305381E-06
 6.20305665E-06
 1.01812335E-01
 1.64005756E-02
 6.20306303E-06
 6.20306486E-06
 6.20306772E-06
 6.20302471E-06
 6.20302831E-06
 6.20303179E-06
 6.20303549E-06
 6.20303840E-06
 6.20304218E-06
 6.20304542E-06
 6.20304954E-06
 6.20305250E-06
 1.99342539E-02
 6.20305380E-06
 6.20305388E-06
 6.20305476E-06
 6.20305514E-06
 6.20305561E-06
 6.20305683E-06
 6.20305766E-06
 6.20305839E-06
 6.20305845E-06
 6.20305969E-06
 6.20306013E-06
 6.20306059E-06
 6.20306171E-06
 6.20306201E-06
 6.20306387E-06
 6.20306486E-06
 6.20306709E-06
 6.20306864E-06
 6.20307043E-06
 6.20307260E-06
 6.20307391E-06
 6.20307578E-06
 6.20307764E-06
 6.20307980E-06
 6.20308133E-06
 6.20308335E-06
 6.20304249E-06
 6.20304342E-06
 6.20304470E-06
 6.20304585E-06
 6.20304596E-06
 6.20304623E-06
 6.20304602E-06
 6.20304593E-06
 6.20304671E-06
 6.20304681E-06
 6.20304743E-06
 6.20304733E-06
 6.20304789E-06
 6.20304741E-06
 6.20304797E-06
 6.20304807E-06
 6.20304858E-06
 6.20304830E-06
 6.20304913E-06
 6.20304899E-06
 6.20304891E-06
 6.20304959E-06
 6.20304984E-06
 6.20304994E-06
 6.20305030E-06
 6.20305034E-06
 6.20305047E-06
 6.20305081E-06
 6.20305120E-06
 6.20305162E-06
 6.20305192E-06
 6.20305193E-06
 6.20305249E-06
 6.20305273E-06
 6.20305306E-06
 6.20305331E-06
 6.20305387E-06
 6.20305462E-06
 6.20305575E-06
 6.20305637E-06
 6.20305736E-06
 6.20305791E-06
 6.20305893E-06
 6.20305948E-06
 6.20306020E-06
 6.20306159E-06
 6.20306221E-06
 6.20306281E-06
 6.20306389E-06
 6.20306479E-06
 6.20306524E-06
 6.20306599E-06
 6.20306739E-06
 6.20306767E-06
 6.20306856E-06
 6.20306942E-06
 6.20307059E-06
 6.20307146E-06
 6.20307211E-06
 6.20307280E-06
 6.20307373E-06
 6.20307462E-06
 6.20307550E-06
 6.20307620E-06
 6.20307731E-06
 6.20307798E-06
 6.20307902E-06
 6.20307958E-06
 6.20308024E-06
 6.20308132E-06
 6.20308234E-06
 6.20308329E-06
 6.20308380E-06
 6.20308512E-06
 6.20308607E-06
 6.20308656E-06
 6.20308754E-06
 6.20308847E-06
 6.20308975E-06
 6.20309072E-06
 6.20309091E-06
 6.20309227E-06
 6.20309273E-06
 6.20309412E-06
 6.20309498E-06
 6.20309565E-06
 6.20309665E-06
 6.20309783E-06
 6.20309857E-06
 6.20309946E-06
 6.20310040E-06
 6.20310125E-06
 6.20310232E-06
 6.20310338E-06
 6.20310410E-06
 6.20310541E-06
 6.20310634E-06
 6.20310692E-06
 6.20306645E-06
 6.20306682E-06
 6.20306770E-06
 6.20306786E-06
 6.20306883E-06
 6.20306919E-06
 6.20306974E-06
 6.20307017E-06
 6.20307087E-06
 6.20307127E-06
 6.20307203E-06
 6.20307247E-06
 6.20307308E-06
 6.20307346E-06
 6.20307448E-06
 6.20307479E-06
 6.20307517E-06
 6.20307578E-06
 6.20307654E-06
 6.20307689E-06
 6.20307746E-06
 6.20307809E-06
 6.20307894E-06
 6.20307939E-06
 6.20307996E-06
 6.20308058E-06
 6.20308134E-06
 6.20308178E-06
 6.20308235E-06
 6.20308306E-06
 6.20308345E-06
 6.20308391E-06
 6.20308458E-06
 6.20308539E-06
 6.20308591E-06
 6.20308658E-06
 6.20308706E-06
 6.20308785E-06
 6.20308838E-06
 6.20308873E-06
 6.20308943E-06
 6.20309006E-06
 6.20309061E-06
 6.20309120E-06
 6.20309183E-06
 6.20309259E-06
 6.20309309E-06
 6.20309383E-06
 6.20309451E-06
 6.20309513E-06
 6.20309581E-06
 6.20309632E-06
 6.20309710E-06
 6.20309783E-06
 6.20309834E-06
 6.20309910E-06
 6.20303633E-06
 6.20303007E-06
 6.20302608E-06
 6.20302279E-06
 6.20302011E-06
 6.20306172E-06
 6.20306139E-06
 6.20306095E-06
 6.20306045E-06
 6.20305991E-06
 6.20305935E-06
 6.20305911E-06
 6.20305866E-06
 6.20305851E-06
 6.20305818E-06
 6.20305771E-06
 6.20305733E-06
 6.20305710E-06
 6.20305700E-06
 6.20305670E-06
 6.20305648E-06
 6.20305634E-06
 6.20305608E-06
 6.20305570E-06
 6.20305575E-06
 6.20305553E-06
 6.20305524E-06
 6.20305503E-06
 6.20305496E-06
 6.20305475E-06
 6.20305457E-06
 6.20305449E-06
 6.20305423E-06
 6.20305431E-06
 6.20305402E-06
 6.20305402E-06
 6.20305380E-06
 6.20305384E-06
 6.20305369E-06
 6.20305353E-06
 6.20305346E-06
 6.20305331E-06
 6.20305329E-06
 6.20305322E-06
 6.20305311E-06
 6.20305299E-06
 6.20305300E-06
 6.20305292E-06
 6.20305280E-06
 6.20305289E-06
 6.20305284E-06
 6.20305274E-06
 6.20305274E-06
 6.20305262E-06
 6.20305263E-06
 6.20305262E-06
 6.20305262E-06
 6.20305253E-06
 6.20305258E-06
 6.20305249E-06
 6.20305252E-06
 6.20305263E-06
 6.20305258E-06
 6.20305263E-06
 6.20305263E-06
 6.20305262E-06
 6.20305267E-06
 6.20305270E-06
 6.20305271E-06
 6.20305277E-06
 6.20305293E-06
 6.20305307E-06
 6.20305323E-06
 6.20305331E-06
 6.20305347E-06
 6.20305362E-06
 6.20305380E-06
 6.20305397E-06
 6.20305415E-06
 6.20305439E-06
 6.20305455E-06
 6.20305475E-06
 6.20305498E-06
 6.20305522E-06
 6.20305542E-06
 6.20305569E-06
 6.20305593E-06
 6.20305621E-06
 6.20305650E-06
 6.20305680E-06
 6.20305711E-06
 6.20305744E-06
 6.20305779E-06
 6.20305816E-06
 6.20305854E-06
 6.20305896E-06
 6.20305939E-06
 6.20305985E-06
 6.20306034E-06
 6.20306087E-06
 6.20306199E-06
 6.20306441E-06
 6.20302545E-06
 6.20302983E-06
 6.20303442E-06
 6.20303928E-06
 6.20304439E-06
 6.20304981E-06
 8.24106205E-06
 3.80611697E-05
 6.78812770E-05
 9.77013836E-05
 2.71486829E-04
 5.53739337E-04
 9.91567677E-04
 2.26497138E-04
 2.50811523E-05
 3.89272778E-05
 3.98691782E-05
 2.53997656E-05
 3.37428286E-05
 3.90691885E-05
 3.26385026E-05
 1.10106770E-05
 1.07939287E-02
 2.38883698E-02
 3.70355594E-02
 5.02393372E-02
 1.65039095E-01
 2.89775928E-01
 5.21509638E-01
 0.00000000E+00
 0.00000000E+00
 0.00000000E+00
 0.00000000E+00
 0.00000000E+00
 0.00000000E+00
 0.00000000E+00
 0.00000000E+00
 0.00000000E+00
 0.00000000E+00
 0.00000000E+00
 0.00000000E+00
 0.00000000E+00
 0.00000000E+00
 0.00000000E+00
 0.00000000E+00
 0.00000000E+00
 0.00000000E+00
 0.00000000E+00
 0.00000000E+00
 0.00000000E+00
 0.00000000E+00
 0.00000000E+00
 0.00000000E+00
 0.00000000E+00
 0.00000000E+00
 0.00000000E+00
 0.00000000E+00
 0.00000000E+00
 0.00000000E+00
 0.00000000E+00
 0.00000000E+00
 0.00000000E+00
 0.00000000E+00
 0.00000000E+00
 0.00000000E+00
 0.00000000E+00
 0.00000000E+00
 0.00000000E+00
 0.00000000E+00
 0.00000000E+00
 0.00000000E+00
 0.00000000E+00
 0.00000000E+00
 0.00000000E+00
 0.00000000E+00
 0.00000000E+00
 0.00000000E+00
 0.00000000E+00
 0.00000000E+00
 0.00000000E+00
 0.00000000E+00
 0.00000000E+00
 0.00000000E+00
 0.00000000E+00
 0.00000000E+00
 0.00000000E+00
 0.00000000E+00
 0.00000000E+00
 0.00000000E+00
 0.00000000E+00
 0.00000000E+00
 0.00000000E+00
 0.00000000E+00
 0.00000000E+00
 0.00000000E+00
 0.00000000E+00
 0.00000000E+00
 0.00000000E+00
 0.00000000E+00
 0.00000000E+00
 0.00000000E+00
 0.00000000E+00
 0.00000000E+00
 0.00000000E+00
 0.00000000E+00
 0.00000000E+00
 0.00000000E+00
 0.00000000E+00
 0.00000000E+00
 0.00000000E+00
 0.00000000E+00
 0.00000000E+00
 0.00000000E+00
 0.00000000E+00
 0.00000000E+00
 0.00000000E+00
 0.00000000E+00
 0.00000000E+00
 0.00000000E+00
 0.00000000E+00
 0.00000000E+00
 0.00000000E+00
 0.00000000E+00
 0.00000000E+00
 0.00000000E+00
 0.00000000E+00
 0.00000000E+00
 0.00000000E+00
 0.00000000E+00
 0.00000000E+00
 0.00000000E+00
 0.00000000E+00
 0.00000000E+00
 0.00000000E+00
 0.00000000E+00
 0.00000000E+00
 0.00000000E+00
 0.00000000E+00
 0.00000000E+00
 0.00000000E+00
 0.00000000E+00
 0.00000000E+00
 0.00000000E+00
 0.00000000E+00
 0.00000000E+00
 0.00000000E+00
 0.00000000E+00
 0.00000000E+00
 0.00000000E+00
 0.00000000E+00
 0.00000000E+00
 0.00000000E+00
 0.00000000E+00
 0.00000000E+00
 0.00000000E+00
 0.00000000E+00
 0.00000000E+00
 0.00000000E+00
 0.00000000E+00
 0.00000000E+00
 0.00000000E+00
 0.00000000E+00
 0.00000000E+00
 0.00000000E+00
 0.00000000E+00
 0.00000000E+00
 0.00000000E+00
 0.00000000E+00
 0.00000000E+00
 0.00000000E+00
 0.00000000E+00
 0.00000000E+00
 0.00000000E+00
 0.00000000E+00
 0.00000000E+00
 0.00000000E+00
 0.00000000E+00
 0.00000000E+00
 0.00000000E+00
 0.00000000E+00
 0.00000000E+00
 0.00000000E+00
 0.00000000E+00
 0.00000000E+00
 0.00000000E+00
 0.00000000E+00
 0.00000000E+00
 0.00000000E+00
 0.00000000E+00
 0.00000000E+00
 0.00000000E+00
 0.00000000E+00
 0.00000000E+00
 7.15206364E-01
 4.87588049E-01
 2.59969733E-01
 3.23514182E-02
 1.14979076E-01
 2.27127267E-01
 1.59724935E-01
 2.86724169E-02
 4.67862070E-06
 4.67862292E-06
 1.05363582E-01
 1.69740932E-02
 4.67862922E-06
 4.67863192E-06
 4.67863398E-06
 4.67859120E-06
 4.67859428E-06
 4.67859817E-06
 4.67860200E-06
 4.67860477E-06
 4.67860794E-06
 4.67861218E-06
 4.67861558E-06
 4.67861919E-06
 2.06274855E-02
 4.67861977E-06
 4.67862076E-06
 4.67862118E-06
 4.67862194E-06
 4.67862233E-06
 4.67862322E-06
 4.67862327E-06
 4.67862423E-06
 4.67862495E-06
 4.67862571E-06
 4.67862649E-06
 4.67862684E-06
 4.67862759E-06
 4.67862900E-06
 4.67862982E-06
 4.67863161E-06
 4.67863319E-06
 4.67863469E-06
 4.67863718E-06
 4.67863897E-06
 4.67864112E-06
 4.67864195E-06
 4.67864434E-06
 4.67864642E-06
 4.67864782E-06
 4.67865024E-06
 4.67860902E-06
 4.67860979E-06
 4.67861139E-06
 4.67861236E-06
 4.67861239E-06
 4.67861241E-06
 4.67861270E-06
 4.67861308E-06
 4.67861338E-06
 4.67861298E-06
 4.67861308E-06
 4.67861381E-06
 4.67861350E-06
 4.67861439E-06
 4.67861404E-06
 4.67861469E-06
 4.67861485E-06
 4.67861508E-06
 4.67861521E-06
 4.67861538E-06
 4.67861616E-06
 4.67861593E-06
 4.67861626E-06
 4.67861684E-06
 4.67861624E-06
 4.67861657E-06
 4.67861710E-06
 4.67861697E-06
 4.67861743E-06
 4.67861790E-06
 4.67861807E-06
 4.67861795E-06
 4.67861819E-06
 4.67861879E-06
 4.67861956E-06
 4.67861929E-06
 4.67862064E-06
 4.67862134E-06
 4.67862188E-06
 4.67862280E-06
 4.67862353E-06
 4.67862392E-06
 4.67862503E-06
 4.67862578E-06
 4.67862705E-06
 4.67862779E-06
 4.67862838E-06
 4.67862945E-06
 4.67863019E-06
 4.67863061E-06
 4.67863119E-06
 4.67863266E-06
 4.67863287E-06
 4.67863419E-06
 4.67863483E-06
 4.67863531E-06
 4.67863607E-06
 4.67863711E-06
 4.67863779E-06
 4.67863907E-06
 4.67863972E-06
 4.67864045E-06
 4.67864147E-06
 4.67864241E-06
 4.67864349E-06
 4.67864421E-06
 4.67864504E-06
 4.67864595E-06
 4.67864681E-06
 4.67864761E-06
 4.67864809E-06
 4.67864949E-06
 4.67864998E-06
 4.67865112E-06
 4.67865166E-06
 4.67865281E-06
 4.67865333E-06
 4.67865419E-06
 4.67865528E-06
 4.67865613E-06
 4.67865694E-06
 4.67865792E-06
 4.67865882E-06
 4.67865974E-06
 4.67866089E-06
 4.67866127E-06
 4.67866238E-06
 4.67866354E-06
 4.67866432E-06
 4.67866512E-06
 4.67866625E-06
 4.67866675E-06
 4.67866795E-06
 4.67866891E-06
 4.67867001E-06
 4.67867064E-06
 4.67867180E-06
 4.67867275E-06
 4.67863179E-06
 4.67863197E-06
 4.67863244E-06
 4.67863320E-06
 4.67863376E-06
 4.67863419E-06
 4.67863480E-06
 4.67863528E-06
 4.67863594E-06
 4.67863637E-06
 4.67863697E-06
 4.67863725E-06
 4.67863825E-06
 4.67863854E-06
 4.67863936E-06
 4.67863985E-06
 4.67864002E-06
 4.67864088E-06
 4.67864123E-06
 4.67864181E-06
 4.67864242E-06
 4.67864317E-06
 4.67864350E-06
 4.67864404E-06
 4.67864453E-06
 4.67864515E-06
 4.67864589E-06
 4.67864666E-06
 4.67864711E-06
 4.67864761E-06
 4.67864822E-06
 4.67864897E-06
 4.67864940E-06
 4.67864996E-06
 4.67865059E-06
 4.67865099E-06
 4.67865163E-06
 4.67865233E-06
 4.67865292E-06
 4.67865333E-06
 4.67865399E-06
 4.67865456E-06
 4.67865507E-06
 4.67865560E-06
 4.67865649E-06
 4.67865710E-06
 4.67865785E-06
 4.67865842E-06
 4.67865884E-06
 4.67865969E-06
 4.67866012E-06
 4.67866076E-06
 4.67866118E-06
 4.67866204E-06
 4.67866265E-06
 4.67866344E-06
 4.67860074E-06
 4.67859431E-06
 4.67858988E-06
 4.67858662E-06
 4.67858378E-06
 4.67862550E-06
 4.67862524E-06
 4.67862489E-06
 4.67862409E-06
 4.67862394E-06
 4.67862342E-06
 4.67862317E-06
 4.67862276E-06
 4.67862252E-06
 4.67862229E-06
 4.67862181E-06
 4.67862180E-06
 4.67862130E-06
 4.67862115E-06
 4.67862094E-06
 4.67862066E-06
 4.67862061E-06
 4.67862053E-06
 4.67862021E-06
 4.67862022E-06
 4.67862000E-06
 4.67861992E-06
 4.67861981E-06
 4.67861960E-06
 4.67861951E-06
 4.67861941E-06
 4.67861929E-06
 4.67861916E-06
 4.67861923E-06
 4.67861902E-06
 4.67861895E-06
 4.67861878E-06
 4.67861881E-06
 4.67861881E-06
 4.67861875E-06
 4.67861874E-06
 4.67861867E-06
 4.67861855E-06
 4.67861863E-06
 4.67861861E-06
 4.67861849E-06
 4.67861844E-06
 4.67861836E-06
 4.67861842E-06
 4.67861850E-06
 4.67861846E-06
 4.67861833E-06
 4.67861845E-06
 4.67861840E-06
 4.67861847E-06
 4.67861845E-06
 4.67861848E-06
 4.67861859E-06
 4.67861851E-06
 4.67861856E-06
 4.67861862E-06
 4.67861868E-06
 4.67861874E-06
 4.67861878E-06
 4.67861882E-06
 4.67861895E-06
 4.67861898E-06
 4.67861908E-06
 4.67861909E-06
 4.67861918E-06
 4.67861924E-06
 4.67861929E-06
 4.67861937E-06
 4.67861938E-06
 4.67861947E-06
 4.67861957E-06
 4.67861962E-06
 4.67861967E-06
 4.67861980E-06
 4.67861993E-06
 4.67862005E-06
 4.67862015E-06
 4.67862028E-06
 4.67862043E-06
 4.67862057E-06
 4.67862074E-06
 4.67862092E-06
 4.67862109E-06
 4.67862129E-06
 4.67862152E-06
 4.67862175E-06
 4.67862200E-06
 4.67862226E-06
 4.67862255E-06
 4.67862286E-06
 4.67862318E-06
 4.67862354E-06
 4.67862392E-06
 4.67862434E-06
 4.67862477E-06
 4.67862597E-06
 4.67862875E-06
 4.67858978E-06
 4.67859453E-06
 4.67859953E-06
 4.67860474E-06
 4.67861025E-06
 4.67861606E-06
 5.39672239E-06
 2.61974272E-05
 4.69981315E-05
 6.77988353E-05
 2.37583973E-04
 5.19617684E-04
 9.62651104E-04
 2.19234964E-04
 2.28503676E-05
 3.56307231E-05
 3.56372782E-05
 2.02697646E-05
 2.90790148E-05
 3.53298545E-05
 2.99717416E-05
 9.43924350E-06
 7.52359711E-03
 1.66556016E-02
 2.58275095E-02
 3.50434384E-02
 1.49384632E-01
 2.73995592E-01
 5.09322075E-01
 0.00000000E+00
 0.00000000E+00
 0.00000000E+00
 0.00000000E+00
 0.00000000E+00
 0.00000000E+00
 0.00000000E+00
 0.00000000E+00
 0.00000000E+00
 0.00000000E+00
 0.00000000E+00
 0.00000000E+00
 0.00000000E+00
 0.00000000E+00
 0.00000000E+00
 0.00000000E+00
 0.00000000E+00
 0.00000000E+00
 0.00000000E+00
 0.00000000E+00
 0.00000000E+00
 0.00000000E+00
 0.00000000E+00
 0.00000000E+00
 0.00000000E+00
 0.00000000E+00
 0.00000000E+00
 0.00000000E+00
 0.00000000E+00
 0.00000000E+00
 0.00000000E+00
 0.00000000E+00
 0.00000000E+00
 0.00000000E+00
 0.00000000E+00
 0.00000000E+00
 0.00000000E+00
 0.00000000E+00
 0.00000000E+00
 0.00000000E+00
 0.00000000E+00
 0.00000000E+00
 0.00000000E+00
 0.00000000E+00
 0.00000000E+00
 0.00000000E+00
 0.00000000E+00
 0.00000000E+00
 0.00000000E+00
 0.00000000E+00
 0.00000000E+00
 0.00000000E+00
 0.00000000E+00
 0.00000000E+00
 0.00000000E+00
 0.00000000E+00
 0.00000000E+00
 0.00000000E+00
 0.00000000E+00
 0.00000000E+00
 0.00000000E+00
 0.00000000E+00
 0.00000000E+00
 0.00000000E+00
 0.00000000E+00
 0.00000000E+00
 0.00000000E+00
 0.00000000E+00
 0.00000000E+00
 0.00000000E+00
 0.00000000E+00
 0.00000000E+00
 0.00000000E+00
 0.00000000E+00
 0.00000000E+00
 0.00000000E+00
 0.00000000E+00
 0.00000000E+00
 0.00000000E+00
 0.00000000E+00
 0.00000000E+00
 0.00000000E+00
 0.00000000E+00
 0.00000000E+00
 0.00000000E+00
 0.00000000E+00
 0.00000000E+00
 0.00000000E+00
 0.00000000E+00
 0.00000000E+00
 0.00000000E+00
 0.00000000E+00
 0.00000000E+00
 0.00000000E+00
 0.00000000E+00
 0.00000000E+00
 0.00000000E+00
 0.00000000E+00
 0.00000000E+00
 0.00000000E+00
 0.00000000E+00
 0.00000000E+00
 0.00000000E+00
 0.00000000E+00
 0.00000000E+00
 0.00000000E+00
 0.00000000E+00
 0.00000000E+00
 0.00000000E+00
 0.00000000E+00
 0.00000000E+00
 0.00000000E+00
 0.00000000E+00
 0.00000000E+00
 0.00000000E+00
 0.00000000E+00
 0.00000000E+00
 0.00000000E+00
 0.00000000E+00
 0.00000000E+00
 0.00000000E+00
 0.00000000E+00
 0.00000000E+00
 0.00000000E+00
 0.00000000E+00
 0.00000000E+00
 0.00000000E+00
 0.00000000E+00
 0.00000000E+00
 0.00000000E+00
 0.00000000E+00
 0.00000000E+00
 0.00000000E+00
 0.00000000E+00
 0.00000000E+00
 0.00000000E+00
 0.00000000E+00
 0.00000000E+00
 0.00000000E+00
 0.00000000E+00
 0.00000000E+00
 0.00000000E+00
 0.00000000E+00
 0.00000000E+00
 0.00000000E+00
 0.00000000E+00
 0.00000000E+00
 0.00000000E+00
 0.00000000E+00
 0.00000000E+00
 0.00000000E+00
 0.00000000E+00
 0.00000000E+00
 0.00000000E+00
 0.00000000E+00
 0.00000000E+00
 0.00000000E+00
 0.00000000E+00
 0.00000000E+00
 0.00000000E+00
 0.00000000E+00
 0.00000000E+00
 0.00000000E+00
 0.00000000E+00
 0.00000000E+00
 5.31412156E-01
 2.91728600E-01
 5.20450440E-02
 1.04650364E-01
 2.24980179E-01
 1.59720631E-01
 2.86701464E-02
 2.85283147E-06
 2.85283334E-06
 1.08909268E-01
 1.75469675E-02
 2.85283960E-06
 2.85284167E-06
 2.85284400E-06
 2.85280101E-06
 2.85280423E-06
 2.85280855E-06
 2.85281177E-06
 2.85281557E-06
 2.85281949E-06
 2.85282253E-06
 2.85282614E-06
 2.85282968E-06
 2.13192684E-02
 2.85283034E-06
 2.85283135E-06
 2.85283170E-06
 2.85283284E-06
 2.85283245E-06
 2.85283340E-06
 2.85283414E-06
 2.85283532E-06
 2.85283602E-06
 2.85283669E-06
 2.85283691E-06
 2.85283753E-06
 2.85283877E-06
 2.85283908E-06
 2.85284008E-06
 2.85284184E-06
 2.85284330E-06
 2.85284574E-06
 2.85284746E-06
 2.85284969E-06
 2.85285138E-06
 2.85285298E-06
 2.85285509E-06
 2.85285679E-06
 2.85285902E-06
 2.85286089E-06
 2.85281982E-06
 2.85282058E-06
 2.85282167E-06
 2.85282243E-06
 2.85282284E-06
 2.85282304E-06
 2.85282349E-06
 2.85282401E-06
 2.85282365E-06
 2.85282379E-06
 2.85282471E-06
 2.85282442E-06
 2.85282456E-06
 2.85282497E-06
 2.85282504E-06
 2.85282518E-06
 2.85282540E-06
 2.85282566E-06
 2.85282580E-06
 2.85282581E-06
 2.85282641E-06
 2.85282654E-06
 2.85282649E-06
 2.85282724E-06
 2.85282764E-06
 2.85282737E-06
 2.85282785E-06
 2.85282766E-06
 2.85282800E-06
 2.85282876E-06
 2.85282864E-06
 2.85282889E-06
 2.85282934E-06
 2.85282997E-06
 2.85282942E-06
 2.85283034E-06
 2.85283151E-06
 2.85283199E-06
 2.85283269E-06
 2.85283335E-06
 2.85283404E-06
 2.85283505E-06
 2.85283556E-06
 2.85283671E-06
 2.85283721E-06
 2.85283832E-06
 2.85283847E-06
 2.85283957E-06
 2.85284047E-06
 2.85284138E-06
 2.85284193E-06
 2.85284308E-06
 2.85284371E-06
 2.85284403E-06
 2.85284540E-06
 2.85284643E-06
 2.85284662E-06
 2.85284743E-06
 2.85284846E-06
 2.85284945E-06
 2.85285027E-06
 2.85285102E-06
 2.85285203E-06
 2.85285222E-06
 2.85285371E-06
 2.85285411E-06
 2.85285471E-06
 2.85285617E-06
 2.85285640E-06
 2.85285768E-06
 2.85285861E-06
 2.85285907E-06
 2.85286030E-06
 2.85286101E-06
 2.85286210E-06
 2.85286255E-06
 2.85286344E-06
 2.85286455E-06
 2.85286518E-06
 2.85286609E-06
 2.85286694E-06
 2.85286771E-06
 2.85286892E-06
 2.85286989E-06
 2.85287074E-06
 2.85287155E-06
 2.85287208E-06
 2.85287307E-06
 2.85287407E-06
 2.85287496E-06
 2.85287605E-06
 2.85287698E-06
 2.85287755E-06
 2.85287877E-06
 2.85287992E-06
 2.85288055E-06
 2.85288158E-06
 2.85284057E-06
 2.85284120E-06
 2.85284132E-06
 2.85284214E-06
 2.85284264E-06
 2.85284311E-06
 2.85284325E-06
 2.85284417E-06
 2.85284475E-06
 2.85284511E-06
 2.85284562E-06
 2.85284589E-06
 2.85284680E-06
 2.85284727E-06
 2.85284799E-06
 2.85284837E-06
 2.85284879E-06
 2.85284943E-06
 2.85285003E-06
 2.85285037E-06
 2.85285121E-06
 2.85285172E-06
 2.85285225E-06
 2.85285281E-06
 2.85285340E-06
 2.85285365E-06
 2.85285438E-06
 2.85285479E-06
 2.85285557E-06
 2.85285611E-06
 2.85285660E-06
 2.85285721E-06
 2.85285748E-06
 2.85285824E-06
 2.85285868E-06
 2.85285917E-06
 2.85285987E-06
 2.85286028E-06
 2.85286124E-06
 2.85286158E-06
 2.85286208E-06
 2.85286290E-06
 2.85286321E-06
 2.85286378E-06
 2.85286436E-06
 2.85286529E-06
 2.85286553E-06
 2.85286623E-06
 2.85286675E-06
 2.85286752E-06
 2.85286790E-06
 2.85286856E-06
 2.85286913E-06
 2.85286979E-06
 2.85287055E-06
 2.85287131E-06
 2.85287192E-06
 2.85280998E-06
 2.85280265E-06
 2.85279825E-06
 2.85279477E-06
 2.85279186E-06
 2.85283361E-06
 2.85283343E-06
 2.85283297E-06
 2.85283234E-06
 2.85283194E-06
 2.85283169E-06
 2.85283137E-06
 2.85283089E-06
 2.85283078E-06
 2.85283040E-06
 2.85283030E-06
 2.85282999E-06
 2.85282990E-06
 2.85282971E-06
 2.85282966E-06
 2.85282932E-06
 2.85282916E-06
 2.85282900E-06
 2.85282907E-06
 2.85282889E-06
 2.85282868E-06
 2.85282856E-06
 2.85282872E-06
 2.85282850E-06
 2.85282852E-06
 2.85282835E-06
 2.85282843E-06
 2.85282837E-06
 2.85282820E-06
 2.85282820E-06
 2.85282814E-06
 2.85282816E-06
 2.85282804E-06
 2.85282799E-06
 2.85282813E-06
 2.85282809E-06
 2.85282811E-06
 2.85282816E-06
 2.85282819E-06
 2.85282809E-06
 2.85282810E-06
 2.85282821E-06
 2.85282821E-06
 2.85282817E-06
 2.85282822E-06
 2.85282831E-06
 2.85282838E-06
 2.85282835E-06
 2.85282842E-06
 2.85282845E-06
 2.85282852E-06
 2.85282858E-06
 2.85282862E-06
 2.85282874E-06
 2.85282878E-06
 2.85282886E-06
 2.85282898E-06
 2.85282910E-06
 2.85282925E-06
 2.85282930E-06
 2.85282938E-06
 2.85282954E-06
 2.85282962E-06
 2.85282972E-06
 2.85282981E-06
 2.85282976E-06
 2.85282973E-06
 2.85282972E-06
 2.85282964E-06
 2.85282966E-06
 2.85282963E-06
 2.85282961E-06
 2.85282968E-06
 2.85282969E-06
 2.85282970E-06
 2.85282970E-06
 2.85282975E-06
 2.85282983E-06
 2.85282987E-06
 2.85282994E-06
 2.85283003E-06
 2.85283011E-06
 2.85283021E-06
 2.85283034E-06
 2.85283048E-06
 2.85283063E-06
 2.85283079E-06
 2.85283097E-06
 2.85283118E-06
 2.85283140E-06
 2.85283165E-06
 2.85283193E-06
 2.85283223E-06
 2.85283256E-06
 2.85283292E-06
 2.85283417E-06
 2.85283730E-06
 2.85279836E-06
 2.85280348E-06
 2.85280884E-06
 2.85281443E-06
 2.85282030E-06
 2.85282648E-06
 2.86091062E-06
 1.46570197E-05
 2.64531282E-05
 3.82492361E-05
 2.04040585E-04
 4.85855773E-04
 9.34085588E-04
 2.12295316E-04
 2.03172210E-05
 3.20380013E-05
 3.11150988E-05
 1.48552219E-05
 2.41340672E-05
 3.13119686E-05
 2.70286992E-05
 7.59369600E-06
 4.25884265E-03
 9.43480986E-03
 1.46378309E-02
 1.98723008E-02
 1.33755587E-01
 2.58240794E-01
 4.97154177E-01
 0.00000000E+00
 0.00000000E+00
 0.00000000E+00
 0.00000000E+00
 0.00000000E+00
 0.00000000E+00
 0.00000000E+00
 0.00000000E+00
 0.00000000E+00
 0.00000000E+00
 0.00000000E+00
 0.00000000E+00
 0.00000000E+00
 0.00000000E+00
 0.00000000E+00
 0.00000000E+00
 0.00000000E+00
 0.00000000E+00
 0.00000000E+00
 0.00000000E+00
 0.00000000E+00
 0.00000000E+00
 0.00000000E+00
 0.00000000E+00
 0.00000000E+00
 0.00000000E+00
 0.00000000E+00
 0.00000000E+00
 0.00000000E+00
 0.00000000E+00
 0.00000000E+00
 0.00000000E+00
 0.00000000E+00
 0.00000000E+00
 0.00000000E+00
 0.00000000E+00
 0.00000000E+00
 0.00000000E+00
 0.00000000E+00
 0.00000000E+00
 0.00000000E+00
 0.00000000E+00
 0.00000000E+00
 0.00000000E+00
 0.00000000E+00
 0.00000000E+00
 0.00000000E+00
 0.00000000E+00
 0.00000000E+00
 0.00000000E+00
 0.00000000E+00
 0.00000000E+00
 0.00000000E+00
 0.00000000E+00
 0.00000000E+00
 0.00000000E+00
 0.00000000E+00
 0.00000000E+00
 0.00000000E+00
 0.00000000E+00
 0.00000000E+00
 0.00000000E+00
 0.00000000E+00
 0.00000000E+00
 0.00000000E+00
 0.00000000E+00
 0.00000000E+00
 0.00000000E+00
 0.00000000E+00
 0.00000000E+00
 0.00000000E+00
 0.00000000E+00
 0.00000000E+00
 0.00000000E+00
 0.00000000E+00
 0.00000000E+00
 0.00000000E+00
 0.00000000E+00
 0.00000000E+00
 0.00000000E+00
 0.00000000E+00
 0.00000000E+00
 0.00000000E+00
 0.00000000E+00
 0.00000000E+00
 0.00000000E+00
 0.00000000E+00
 0.00000000E+00
 0.00000000E+00
 0.00000000E+00
 0.00000000E+00
 0.00000000E+00
 0.00000000E+00
 0.00000000E+00
 0.00000000E+00
 0.00000000E+00
 0.00000000E+00
 0.00000000E+00
 0.00000000E+00
 0.00000000E+00
 0.00000000E+00
 0.00000000E+00
 0.00000000E+00
 0.00000000E+00
 0.00000000E+00
 0.00000000E+00
 0.00000000E+00
 0.00000000E+00
 0.00000000E+00
 0.00000000E+00
 0.00000000E+00
 0.00000000E+00
 0.00000000E+00
 0.00000000E+00
 0.00000000E+00
 0.00000000E+00
 0.00000000E+00
 0.00000000E+00
 0.00000000E+00
 0.00000000E+00
 0.00000000E+00
 0.00000000E+00
 0.00000000E+00
 0.00000000E+00
 0.00000000E+00
 0.00000000E+00
 0.00000000E+00
 0.00000000E+00
 0.00000000E+00
 0.00000000E+00
 0.00000000E+00
 0.00000000E+00
 0.00000000E+00
 0.00000000E+00
 0.00000000E+00
 0.00000000E+00
 0.00000000E+00
 0.00000000E+00
 0.00000000E+00
 0.00000000E+00
 0.00000000E+00
 0.00000000E+00
 0.00000000E+00
 0.00000000E+00
 0.00000000E+00
 0.00000000E+00
 0.00000000E+00
 0.00000000E+00
 0.00000000E+00
 0.00000000E+00
 0.00000000E+00
 0.00000000E+00
 0.00000000E+00
 0.00000000E+00
 0.00000000E+00
 0.00000000E+00
 0.00000000E+00
 0.00000000E+00
 0.00000000E+00
 0.00000000E+00
 0.00000000E+00
 0.00000000E+00
 0.00000000E+00
 0.00000000E+00
 0.00000000E+00
 5.75164463E-01
 3.23435545E-01
 7.17066279E-02
 9.43382720E-02
 2.22836243E-01
 1.59715983E-01
 2.86675671E-02
 7.26193792E-07
 7.26195915E-07
 1.12449404E-01
 1.81191999E-02
 7.26201034E-07
 7.26203826E-07
 7.26205988E-07
 7.26162838E-07
 7.26166068E-07
 7.26169586E-07
 7.26173653E-07
 7.26176869E-07
 7.26181081E-07
 7.26184892E-07
 7.26188256E-07
 7.26191083E-07
 2.20096054E-02
 7.26192587E-07
 7.26193146E-07
 7.26193705E-07
 7.26194601E-07
 7.26194992E-07
 7.26195167E-07
 7.26196157E-07
 7.26197128E-07
 7.26198062E-07
 7.26198009E-07
 7.26199015E-07
 7.26199956E-07
 7.26199743E-07
 7.26200903E-07
 7.26202352E-07
 7.26203452E-07
 7.26205880E-07
 7.26207184E-07
 7.26209181E-07
 7.26211441E-07
 7.26213584E-07
 7.26215717E-07
 7.26217090E-07
 7.26219138E-07
 7.26220802E-07
 7.26180557E-07
 7.26181367E-07
 7.26183280E-07
 7.26184055E-07
 7.26184941E-07
 7.26185438E-07
 7.26185688E-07
 7.26185396E-07
 7.26185776E-07
 7.26186028E-07
 7.26186575E-07
 7.26186369E-07
 7.26186283E-07
 7.26186778E-07
 7.26187354E-07
 7.26187408E-07
 7.26187505E-07
 7.26187666E-07
 7.26187680E-07
 7.26188299E-07
 7.26188766E-07
 7.26188173E-07
 7.26188549E-07
 7.26188571E-07
 7.26189528E-07
 7.26189658E-07
 7.26189400E-07
 7.26189569E-07
 7.26190430E-07
 7.26190420E-07
 7.26190788E-07
 7.26191369E-07
 7.26191047E-07
 7.26191456E-07
 7.26191868E-07
 7.26191765E-07
 7.26192422E-07
 7.26193157E-07
 7.26193846E-07
 7.26194603E-07
 7.26195277E-07
 7.26195980E-07
 7.26196824E-07
 7.26197667E-07
 7.26198467E-07
 7.26199238E-07
 7.26199692E-07
 7.26200447E-07
 7.26201615E-07
 7.26202158E-07
 7.26202958E-07
 7.26203858E-07
 7.26204586E-07
 7.26205751E-07
 7.26206087E-07
 7.26206833E-07
 7.26207707E-07
 7.26208821E-07
 7.26209285E-07
 7.26210429E-07
 7.26210800E-07
 7.26211681E-07
 7.26212819E-07
 7.26213121E-07
 7.26214121E-07
 7.26215212E-07
 7.26215758E-07
 7.26216708E-07
 7.26217568E-07
 7.26218209E-07
 7.26219060E-07
 7.26220232E-07
 7.26220783E-07
 7.26221955E-07
 7.26222467E-07
 7.26223449E-07
 7.26224201E-07
 7.26225145E-07
 7.26225710E-07
 7.26226339E-07
 7.26227546E-07
 7.26228767E-07
 7.26229214E-07
 7.26229967E-07
 7.26231008E-07
 7.26232103E-07
 7.26232802E-07
 7.26233513E-07
 7.26234649E-07
 7.26235666E-07
 7.26236437E-07
 7.26237463E-07
 7.26238009E-07
 7.26238684E-07
 7.26239870E-07
 7.26241051E-07
 7.26241476E-07
 7.26242795E-07
 7.26201172E-07
 7.26202049E-07
 7.26202095E-07
 7.26203027E-07
 7.26203230E-07
 7.26203605E-07
 7.26204243E-07
 7.26204642E-07
 7.26205201E-07
 7.26205907E-07
 7.26206377E-07
 7.26206895E-07
 7.26207162E-07
 7.26207956E-07
 7.26208402E-07
 7.26208977E-07
 7.26209208E-07
 7.26209844E-07
 7.26210606E-07
 7.26211018E-07
 7.26211453E-07
 7.26211919E-07
 7.26212485E-07
 7.26212995E-07
 7.26213604E-07
 7.26214234E-07
 7.26214433E-07
 7.26215097E-07
 7.26215698E-07
 7.26216402E-07
 7.26216768E-07
 7.26217513E-07
 7.26217922E-07
 7.26218362E-07
 7.26218920E-07
 7.26219507E-07
 7.26220210E-07
 7.26220618E-07
 7.26221158E-07
 7.26221830E-07
 7.26222304E-07
 7.26223002E-07
 7.26223612E-07
 7.26224046E-07
 7.26224411E-07
 7.26225133E-07
 7.26225546E-07
 7.26226088E-07
 7.26226698E-07
 7.26227211E-07
 7.26227987E-07
 7.26228476E-07
 7.26229019E-07
 7.26229733E-07
 7.26230464E-07
 7.26230868E-07
 7.26231451E-07
 7.26170241E-07
 7.26162431E-07
 7.26157539E-07
 7.26153960E-07
 7.26150966E-07
 7.26192986E-07
 7.26192563E-07
 7.26192250E-07
 7.26191795E-07
 7.26191655E-07
 7.26191145E-07
 7.26190971E-07
 7.26190473E-07
 7.26190510E-07
 7.26190260E-07
 7.26190148E-07
 7.26189674E-07
 7.26189683E-07
 7.26189541E-07
 7.26189402E-07
 7.26189452E-07
 7.26189110E-07
 7.26189125E-07
 7.26189053E-07
 7.26189039E-07
 7.26189012E-07
 7.26189012E-07
 7.26188917E-07
 7.26188888E-07
 7.26188772E-07
 7.26188736E-07
 7.26188723E-07
 7.26188730E-07
 7.26188740E-07
 7.26188651E-07
 7.26188755E-07
 7.26188788E-07
 7.26188765E-07
 7.26188791E-07
 7.26188810E-07
 7.26188902E-07
 7.26188877E-07
 7.26188969E-07
 7.26189081E-07
 7.26189030E-07
 7.26189125E-07
 7.26189292E-07
 7.26189292E-07
 7.26189376E-07
 7.26189404E-07
 7.26189493E-07
 7.26189618E-07
 7.26189692E-07
 7.26189796E-07
 7.26189876E-07
 7.26190048E-07
 7.26190112E-07
 7.26190203E-07
 7.26190297E-07
 7.26190437E-07
 7.26190563E-07
 7.26190723E-07
 7.26190839E-07
 7.26190978E-07
 7.26191151E-07
 7.26191353E-07
 7.26191489E-07
 7.26191636E-07
 7.26191821E-07
 7.26191750E-07
 7.26191674E-07
 7.26191544E-07
 7.26191380E-07
 7.26191298E-07
 7.26191254E-07
 7.26191159E-07
 7.26191015E-07
 7.26190960E-07
 7.26190919E-07
 7.26190816E-07
 7.26190781E-07
 7.26190730E-07
 7.26190704E-07
 7.26190696E-07
 7.26190688E-07
 7.26190679E-07
 7.26190678E-07
 7.26190714E-07
 7.26190751E-07
 7.26190804E-07
 7.26190868E-07
 7.26190958E-07
 7.26191062E-07
 7.26191186E-07
 7.26191330E-07
 7.26191500E-07
 7.26191690E-07
 7.26191914E-07
 7.26192159E-07
 7.26192450E-07
 7.26193731E-07
 7.26197252E-07
 7.26158295E-07
 7.26163790E-07
 7.26169514E-07
 7.26175519E-07
 7.26181776E-07
 7.26188336E-07
 6.33105978E-07
 3.43939799E-06
 6.24568952E-06
 9.05198041E-06
 1.70856046E-04
 4.52452984E-04
 9.05870527E-04
 2.05677624E-04
 1.74822467E-05
 2.81496375E-05
 2.63031560E-05
 9.15664503E-06
 1.89084890E-05
 2.70160310E-05
 2.38098734E-05
 5.47453042E-06
 9.99654589E-04
 2.22597155E-03
 3.46648798E-03
 4.72587654E-03
 1.18151911E-01
 2.42511483E-01
 4.85005907E-01
 0.00000000E+00
 0.00000000E+00
 0.00000000E+00
 0.00000000E+00
 0.00000000E+00
 0.00000000E+00
 0.00000000E+00
 0.00000000E+00
 0.00000000E+00
 0.00000000E+00
 0.00000000E+00
 0.00000000E+00
 0.00000000E+00
 0.00000000E+00
 0.00000000E+00
 0.00000000E+00
 0.00000000E+00
 0.00000000E+00
 0.00000000E+00
 0.00000000E+00
 0.00000000E+00
 0.00000000E+00
 0.00000000E+00
 0.00000000E+00
 0.00000000E+00
 0.00000000E+00
 0.00000000E+00
 0.00000000E+00
 0.00000000E+00
 0.00000000E+00
 0.00000000E+00
 0.00000000E+00
 0.00000000E+00
 0.00000000E+00
 0.00000000E+00
 0.00000000E+00
 0.00000000E+00
 0.00000000E+00
 0.00000000E+00
 0.00000000E+00
 0.00000000E+00
 0.00000000E+00
 0.00000000E+00
 0.00000000E+00
 0.00000000E+00
 0.00000000E+00
 0.00000000E+00
 0.00000000E+00
 0.00000000E+00
 0.00000000E+00
 0.00000000E+00
 0.00000000E+00
 0.00000000E+00
 0.00000000E+00
 0.00000000E+00
 0.00000000E+00
 0.00000000E+00
 0.00000000E+00
 0.00000000E+00
 0.00000000E+00
 0.00000000E+00
 0.00000000E+00
 0.00000000E+00
 0.00000000E+00
 0.00000000E+00
 0.00000000E+00
 0.00000000E+00
 0.00000000E+00
 0.00000000E+00
 0.00000000E+00
 0.00000000E+00
 0.00000000E+00
 0.00000000E+00
 0.00000000E+00
 0.00000000E+00
 0.00000000E+00
 0.00000000E+00
 0.00000000E+00
 0.00000000E+00
 0.00000000E+00
 0.00000000E+00
 0.00000000E+00
 0.00000000E+00
 0.00000000E+00
 0.00000000E+00
 0.00000000E+00
 0.00000000E+00
 0.00000000E+00
 0.00000000E+00
 0.00000000E+00
 0.00000000E+00
 0.00000000E+00
 0.00000000E+00
 0.00000000E+00
 0.00000000E+00
 0.00000000E+00
 0.00000000E+00
 0.00000000E+00
 0.00000000E+00
 0.00000000E+00
 0.00000000E+00
 0.00000000E+00
 0.00000000E+00
 0.00000000E+00
 0.00000000E+00
 0.00000000E+00
 0.00000000E+00
 0.00000000E+00
 0.00000000E+00
 0.00000000E+00
 0.00000000E+00
 0.00000000E+00
 0.00000000E+00
 0.00000000E+00
 0.00000000E+00
 0.00000000E+00
 0.00000000E+00
 0.00000000E+00
 0.00000000E+00
 0.00000000E+00
 0.00000000E+00
 0.00000000E+00
 0.00000000E+00
 0.00000000E+00
 0.00000000E+00
 0.00000000E+00
 0.00000000E+00
 0.00000000E+00
 0.00000000E+00
 0.00000000E+00
 0.00000000E+00
 0.00000000E+00
 0.00000000E+00
 0.00000000E+00
 0.00000000E+00
 0.00000000E+00
 0.00000000E+00
 0.00000000E+00
 0.00000000E+00
 0.00000000E+00
 0.00000000E+00
 0.00000000E+00
 0.00000000E+00
 0.00000000E+00
 0.00000000E+00
 0.00000000E+00
 0.00000000E+00
 0.00000000E+00
 0.00000000E+00
 0.00000000E+00
 0.00000000E+00
 0.00000000E+00
 0.00000000E+00
 0.00000000E+00
 0.00000000E+00
 0.00000000E+00
 0.00000000E+00
 0.00000000E+00
 0.00000000E+00
 0.00000000E+00
 0.00000000E+00
 0.00000000E+00
 0.00000000E+00
 0.00000000E+00
 0.00000000E+00
 5.98077101E-01
 3.48338600E-01
 9.86000993E-02
 7.45583112E-02
 2.14159154E-01
 1.56122849E-01
 2.80246969E-02
 3.22617417E-06
 3.22617619E-06
 1.15979073E-01
 1.86858647E-02
 3.22618250E-06
 3.22618388E-06
 3.22618574E-06
 3.22614371E-06
 3.22614678E-06
 3.22615081E-06
 3.22615397E-06
 3.22615738E-06
 3.22616130E-06
 3.22616550E-06
 3.22616897E-06
 3.22617184E-06
 2.27034259E-02
 3.22617321E-06
 3.22617460E-06
 3.22617478E-06
 3.22617525E-06
 3.22617566E-06
 3.22617667E-06
 3.22617697E-06
 3.22617826E-06
 3.22617836E-06
 3.22617880E-06
 3.22618003E-06
 3.22618007E-06
 3.22618061E-06
 3.22618190E-06
 3.22618342E-06
 3.22618453E-06
 3.22618620E-06
 3.22618870E-06
 3.22619044E-06
 3.22619221E-06
 3.22619460E-06
 3.22619639E-06
 3.22619818E-06
 3.22620037E-06
 3.22620195E-06
 3.22616190E-06
 3.22616301E-06
 3.22616377E-06
 3.22616463E-06
 3.22616559E-06
 3.22616594E-06
 3.22616620E-06
 3.22616650E-06
 3.22616651E-06
 3.22616697E-06
 3.22616744E-06
 3.22616724E-06
 3.22616746E-06
 3.22616791E-06
 3.22616784E-06
 3.22616840E-06
 3.22616842E-06
 3.22616902E-06
 3.22616875E-06
 3.22616905E-06
 3.22616958E-06
 3.22616906E-06
 3.22616962E-06
 3.22616951E-06
 3.22617030E-06
 3.22617039E-06
 3.22617049E-06
 3.22617098E-06
 3.22617145E-06
 3.22617088E-06
 3.22617191E-06
 3.22617188E-06
 3.22617202E-06
 3.22617218E-06
 3.22617246E-06
 3.22617259E-06
 3.22617294E-06
 3.22617439E-06
 3.22617444E-06
 3.22617520E-06
 3.22617624E-06
 3.22617676E-06
 3.22617791E-06
 3.22617838E-06
 3.22617945E-06
 3.22618005E-06
 3.22618057E-06
 3.22618202E-06
 3.22618218E-06
 3.22618322E-06
 3.22618422E-06
 3.22618455E-06
 3.22618592E-06
 3.22618647E-06
 3.22618678E-06
 3.22618784E-06
 3.22618851E-06
 3.22618913E-06
 3.22619031E-06
 3.22619081E-06
 3.22619182E-06
 3.22619247E-06
 3.22619336E-06
 3.22619446E-06
 3.22619491E-06
 3.22619613E-06
 3.22619655E-06
 3.22619746E-06
 3.22619802E-06
 3.22619891E-06
 3.22619986E-06
 3.22620100E-06
 3.22620204E-06
 3.22620254E-06
 3.22620338E-06
 3.22620386E-06
 3.22620476E-06
 3.22620572E-06
 3.22620671E-06
 3.22620771E-06
 3.22620873E-06
 3.22620950E-06
 3.22621002E-06
 3.22621125E-06
 3.22621209E-06
 3.22621295E-06
 3.22621338E-06
 3.22621465E-06
 3.22621526E-06
 3.22621613E-06
 3.22621715E-06
 3.22621840E-06
 3.22621903E-06
 3.22621975E-06
 3.22622086E-06
 3.22622172E-06
 3.22622241E-06
 3.22618161E-06
 3.22618207E-06
 3.22618231E-06
 3.22618281E-06
 3.22618309E-06
 3.22618363E-06
 3.22618433E-06
 3.22618480E-06
 3.22618540E-06
 3.22618567E-06
 3.22618617E-06
 3.22618673E-06
 3.22618741E-06
 3.22618775E-06
 3.22618821E-06
 3.22618871E-06
 3.22618931E-06
 3.22618986E-06
 3.22619014E-06
 3.22619082E-06
 3.22619151E-06
 3.22619185E-06
 3.22619266E-06
 3.22619293E-06
 3.22619331E-06
 3.22619407E-06
 3.22619438E-06
 3.22619515E-06
 3.22619548E-06
 3.22619627E-06
 3.22619662E-06
 3.22619734E-06
 3.22619772E-06
 3.22619847E-06
 3.22619888E-06
 3.22619931E-06
 3.22619985E-06
 3.22620077E-06
 3.22620103E-06
 3.22620184E-06
 3.22620226E-06
 3.22620290E-06
 3.22620335E-06
 3.22620404E-06
 3.22620462E-06
 3.22620503E-06
 3.22620539E-06
 3.22620624E-06
 3.22620674E-06
 3.22620737E-06
 3.22620775E-06
 3.22620854E-06
 3.22620887E-06
 3.22620966E-06
 3.22621028E-06
 3.22621085E-06
 3.22621147E-06
 3.22621188E-06
 3.22615129E-06
 3.22614303E-06
 3.22613784E-06
 3.22613430E-06
 3.22613118E-06
 3.22617308E-06
 3.22617270E-06
 3.22617246E-06
 3.22617180E-06
 3.22617173E-06
 3.22617121E-06
 3.22617115E-06
 3.22617085E-06
 3.22617063E-06
 3.22617021E-06
 3.22617017E-06
 3.22617019E-06
 3.22617003E-06
 3.22616969E-06
 3.22616956E-06
 3.22616941E-06
 3.22616930E-06
 3.22616927E-06
 3.22616922E-06
 3.22616922E-06
 3.22616915E-06
 3.22616906E-06
 3.22616907E-06
 3.22616914E-06
 3.22616924E-06
 3.22616909E-06
 3.22616921E-06
 3.22616909E-06
 3.22616916E-06
 3.22616905E-06
 3.22616920E-06
 3.22616932E-06
 3.22616929E-06
 3.22616920E-06
 3.22616927E-06
 3.22616934E-06
 3.22616939E-06
 3.22616947E-06
 3.22616959E-06
 3.22616966E-06
 3.22616975E-06
 3.22616969E-06
 3.22616989E-06
 3.22617005E-06
 3.22616999E-06
 3.22617021E-06
 3.22617026E-06
 3.22617044E-06
 3.22617056E-06
 3.22617059E-06
 3.22617074E-06
 3.22617083E-06
 3.22617096E-06
 3.22617114E-06
 3.22617129E-06
 3.22617141E-06
 3.22617153E-06
 3.22617172E-06
 3.22617185E-06
 3.22617204E-06
 3.22617218E-06
 3.22617235E-06
 3.22617257E-06
 3.22617274E-06
 3.22617274E-06
 3.22617256E-06
 3.22617241E-06
 3.22617229E-06
 3.22617215E-06
 3.22617204E-06
 3.22617188E-06
 3.22617182E-06
 3.22617165E-06
 3.22617157E-06
 3.22617150E-06
 3.22617142E-06
 3.22617134E-06
 3.22617128E-06
 3.22617124E-06
 3.22617120E-06
 3.22617118E-06
 3.22617117E-06
 3.22617117E-06
 3.22617117E-06
 3.22617120E-06
 3.22617124E-06
 3.22617131E-06
 3.22617139E-06
 3.22617148E-06
 3.22617160E-06
 3.22617175E-06
 3.22617191E-06
 3.22617211E-06
 3.22617235E-06
 3.22617260E-06
 3.22617392E-06
 3.22617756E-06
 3.22618124E-06
 3.22614405E-06
 3.22614995E-06
 3.22615605E-06
 3.22616245E-06
 3.22616922E-06
 3.22617238E-06
 3.22617185E-06
 3.22617180E-06
 3.22617233E-06
 1.53719346E-04
 4.28911514E-04
 8.81321345E-04
 1.96506291E-04
 1.97523436E-05
 2.99813451E-05
 2.78279887E-05
 1.04133879E-05
 2.02479718E-05
 2.85417254E-05
 2.56663291E-05
 7.68160768E-06
 2.05583294E-05
 2.70995385E-05
 2.35641580E-05
 5.08801159E-06
 1.10729586E-01
 2.32253550E-01
 4.75604462E-01
 0.00000000E+00
 0.00000000E+00
 0.00000000E+00
 0.00000000E+00
 0.00000000E+00
 0.00000000E+00
 0.00000000E+00
 0.00000000E+00
 0.00000000E+00
 0.00000000E+00
 0.00000000E+00
 0.00000000E+00
 0.00000000E+00
 0.00000000E+00
 0.00000000E+00
 0.00000000E+00
 0.00000000E+00
 0.00000000E+00
 0.00000000E+00
 0.00000000E+00
 0.00000000E+00
 0.00000000E+00
 0.00000000E+00
 0.00000000E+00
 0.00000000E+00
 0.00000000E+00
 0.00000000E+00
 0.00000000E+00
 0.00000000E+00
 0.00000000E+00
 0.00000000E+00
 0.00000000E+00
 0.00000000E+00
 0.00000000E+00
 0.00000000E+00
 0.00000000E+00
 0.00000000E+00
 0.00000000E+00
 0.00000000E+00
 0.00000000E+00
 0.00000000E+00
 0.00000000E+00
 0.00000000E+00
 0.00000000E+00
 0.00000000E+00
 0.00000000E+00
 0.00000000E+00
 0.00000000E+00
 0.00000000E+00
 0.00000000E+00
 0.00000000E+00
 0.00000000E+00
 0.00000000E+00
 0.00000000E+00
 0.00000000E+00
 0.00000000E+00
 0.00000000E+00
 0.00000000E+00
 0.00000000E+00
 0.00000000E+00
 0.00000000E+00
 0.00000000E+00
 0.00000000E+00
 0.00000000E+00
 0.00000000E+00
 0.00000000E+00
 0.00000000E+00
 0.00000000E+00
 0.00000000E+00
 0.00000000E+00
 0.00000000E+00
 0.00000000E+00
 0.00000000E+00
 0.00000000E+00
 0.00000000E+00
 0.00000000E+00
 0.00000000E+00
 0.00000000E+00
 0.00000000E+00
 0.00000000E+00
 0.00000000E+00
 0.00000000E+00
 0.00000000E+00
 0.00000000E+00
 0.00000000E+00
 0.00000000E+00
 0.00000000E+00
 0.00000000E+00
 0.00000000E+00
 0.00000000E+00
 0.00000000E+00
 0.00000000E+00
 0.00000000E+00
 0.00000000E+00
 0.00000000E+00
 0.00000000E+00
 0.00000000E+00
 0.00000000E+00
 0.00000000E+00
 0.00000000E+00
 0.00000000E+00
 0.00000000E+00
 0.00000000E+00
 0.00000000E+00
 0.00000000E+00
 0.00000000E+00
 0.00000000E+00
 0.00000000E+00
 0.00000000E+00
 0.00000000E+00
 0.00000000E+00
 0.00000000E+00
 0.00000000E+00
 0.00000000E+00
 0.00000000E+00
 0.00000000E+00
 0.00000000E+00
 0.00000000E+00
 0.00000000E+00
 0.00000000E+00
 0.00000000E+00
 0.00000000E+00
 0.00000000E+00
 0.00000000E+00
 0.00000000E+00
 0.00000000E+00
 0.00000000E+00
 0.00000000E+00
 0.00000000E+00
 0.00000000E+00
 0.00000000E+00
 0.00000000E+00
 0.00000000E+00
 0.00000000E+00
 0.00000000E+00
 0.00000000E+00
 0.00000000E+00
 0.00000000E+00
 0.00000000E+00
 0.00000000E+00
 0.00000000E+00
 0.00000000E+00
 0.00000000E+00
 0.00000000E+00
 0.00000000E+00
 0.00000000E+00
 0.00000000E+00
 0.00000000E+00
 0.00000000E+00
 0.00000000E+00
 0.00000000E+00
 0.00000000E+00
 0.00000000E+00
 0.00000000E+00
 0.00000000E+00
 0.00000000E+00
 0.00000000E+00
 0.00000000E+00
 0.00000000E+00
 0.00000000E+00
 0.00000000E+00
 0.00000000E+00
 0.00000000E+00
 0.00000000E+00
 0.00000000E+00
 6.11520021E-01
 3.70134403E-01
 1.28748785E-01
 5.05028854E-02
 2.02527320E-01
 1.50905621E-01
 2.70919061E-02
 7.65592519E-06
 7.65592684E-06
 1.19500984E-01
 1.92496605E-02
 7.65593276E-06
 7.65593522E-06
 7.65593629E-06
 7.65589382E-06
 7.65589737E-06
 7.65590162E-06
 7.65590471E-06
 7.65590852E-06
 7.65591259E-06
 7.65591611E-06
 7.65592033E-06
 7.65592365E-06
 2.33980355E-02
 7.65592480E-06
 7.65592505E-06
 7.65592548E-06
 7.65592591E-06
 7.65592694E-06
 7.65592741E-06
 7.65592797E-06
 7.65592890E-06
 7.65592944E-06
 7.65592988E-06
 7.65593035E-06
 7.65593092E-06
 7.65593156E-06
 7.65593199E-06
 7.65593417E-06
 7.65593616E-06
 7.65593712E-06
 7.65593932E-06
 7.65594154E-06
 7.65594334E-06
 7.65594535E-06
 7.65594750E-06
 7.65594922E-06
 7.65595128E-06
 7.65595311E-06
 7.65591221E-06
 7.65591346E-06
 7.65591433E-06
 7.65591590E-06
 7.65591692E-06
 7.65591713E-06
 7.65591738E-06
 7.65591732E-06
 7.65591772E-06
 7.65591779E-06
 7.65591828E-06
 7.65591842E-06
 7.65591861E-06
 7.65591843E-06
 7.65591889E-06
 7.65591937E-06
 7.65591985E-06
 7.65592003E-06
 7.65592002E-06
 7.65591968E-06
 7.65592060E-06
 7.65592086E-06
 7.65592057E-06
 7.65592118E-06
 7.65592108E-06
 7.65592153E-06
 7.65592113E-06
 7.65592138E-06
 7.65592185E-06
 7.65592266E-06
 7.65592240E-06
 7.65592229E-06
 7.65592288E-06
 7.65592346E-06
 7.65592333E-06
 7.65592369E-06
 7.65592409E-06
 7.65592507E-06
 7.65592553E-06
 7.65592696E-06
 7.65592717E-06
 7.65592801E-06
 7.65592868E-06
 7.65592943E-06
 7.65593048E-06
 7.65593118E-06
 7.65593214E-06
 7.65593271E-06
 7.65593327E-06
 7.65593453E-06
 7.65593511E-06
 7.65593597E-06
 7.65593675E-06
 7.65593728E-06
 7.65593780E-06
 7.65593866E-06
 7.65594010E-06
 7.65594084E-06
 7.65594150E-06
 7.65594193E-06
 7.65594322E-06
 7.65594364E-06
 7.65594425E-06
 7.65594542E-06
 7.65594602E-06
 7.65594712E-06
 7.65594800E-06
 7.65594850E-06
 7.65594945E-06
 7.65595045E-06
 7.65595092E-06
 7.65595199E-06
 7.65595284E-06
 7.65595368E-06
 7.65595414E-06
 7.65595535E-06
 7.65595616E-06
 7.65595711E-06
 7.65595795E-06
 7.65595866E-06
 7.65595979E-06
 7.65596054E-06
 7.65596156E-06
 7.65596217E-06
 7.65596279E-06
 7.65596394E-06
 7.65596484E-06
 7.65596559E-06
 7.65596660E-06
 7.65596774E-06
 7.65596846E-06
 7.65596928E-06
 7.65596997E-06
 7.65597104E-06
 7.65597194E-06
 7.65597308E-06
 7.65593174E-06
 7.65593227E-06
 7.65593296E-06
 7.65593353E-06
 7.65593385E-06
 7.65593432E-06
 7.65593506E-06
 7.65593545E-06
 7.65593599E-06
 7.65593667E-06
 7.65593660E-06
 7.65593755E-06
 7.65593814E-06
 7.65593827E-06
 7.65593911E-06
 7.65593940E-06
 7.65593980E-06
 7.65594021E-06
 7.65594112E-06
 7.65594166E-06
 7.65594212E-06
 7.65594259E-06
 7.65594306E-06
 7.65594355E-06
 7.65594394E-06
 7.65594480E-06
 7.65594519E-06
 7.65594595E-06
 7.65594635E-06
 7.65594702E-06
 7.65594734E-06
 7.65594802E-06
 7.65594816E-06
 7.65594884E-06
 7.65594944E-06
 7.65595005E-06
 7.65595067E-06
 7.65595131E-06
 7.65595161E-06
 7.65595237E-06
 7.65595282E-06
 7.65595331E-06
 7.65595400E-06
 7.65595448E-06
 7.65595511E-06
 7.65595556E-06
 7.65595633E-06
 7.65595668E-06
 7.65595731E-06
 7.65595812E-06
 7.65595858E-06
 7.65595918E-06
 7.65595971E-06
 7.65596025E-06
 7.65596084E-06
 7.65596150E-06
 7.65596219E-06
 7.65596252E-06
 7.65596334E-06
 7.65590355E-06
 7.65589411E-06
 7.65588893E-06
 7.65588513E-06
 7.65588201E-06
 7.65592423E-06
 7.65592359E-06
 7.65592326E-06
 7.65592287E-06
 7.65592263E-06
 7.65592228E-06
 7.65592196E-06
 7.65592153E-06
 7.65592146E-06
 7.65592126E-06
 7.65592106E-06
 7.65592099E-06
 7.65592081E-06
 7.65592067E-06
 7.65592062E-06
 7.65592042E-06
 7.65592039E-06
 7.65592016E-06
 7.65592024E-06
 7.65592006E-06
 7.65592010E-06
 7.65592005E-06
 7.65592010E-06
 7.65592008E-06
 7.65592004E-06
 7.65592002E-06
 7.65592000E-06
 7.65592010E-06
 7.65592006E-06
 7.65592001E-06
 7.65592005E-06
 7.65592017E-06
 7.65592013E-06
 7.65592014E-06
 7.65592026E-06
 7.65592022E-06
 7.65592034E-06
 7.65592051E-06
 7.65592044E-06
 7.65592059E-06
 7.65592067E-06
 7.65592067E-06
 7.65592090E-06
 7.65592083E-06
 7.65592104E-06
 7.65592103E-06
 7.65592118E-06
 7.65592124E-06
 7.65592142E-06
 7.65592155E-06
 7.65592170E-06
 7.65592174E-06
 7.65592194E-06
 7.65592210E-06
 7.65592218E-06
 7.65592238E-06
 7.65592257E-06
 7.65592264E-06
 7.65592280E-06
 7.65592303E-06
 7.65592314E-06
 7.65592329E-06
 7.65592352E-06
 7.65592371E-06
 7.65592372E-06
 7.65592357E-06
 7.65592338E-06
 7.65592325E-06
 7.65592308E-06
 7.65592297E-06
 7.65592288E-06
 7.65592275E-06
 7.65592267E-06
 7.65592258E-06
 7.65592246E-06
 7.65592240E-06
 7.65592233E-06
 7.65592229E-06
 7.65592222E-06
 7.65592219E-06
 7.65592214E-06
 7.65592214E-06
 7.65592215E-06
 7.65592215E-06
 7.65592217E-06
 7.65592222E-06
 7.65592228E-06
 7.65592236E-06
 7.65592245E-06
 7.65592257E-06
 7.65592272E-06
 7.65592289E-06
 7.65592309E-06
 7.65592332E-06
 7.65592357E-06
 7.65592493E-06
 7.65592858E-06
 7.65593231E-06
 7.65589479E-06
 7.65590072E-06
 7.65590693E-06
 7.65591339E-06
 7.65592018E-06
 7.65592340E-06
 7.65592283E-06
 7.65592277E-06
 7.65592337E-06
 1.44040314E-04
 4.10028264E-04
 8.58622027E-04
 1.86354776E-04
 2.41681776E-05
 3.42404903E-05
 3.20625683E-05
 1.46629432E-05
 2.44055475E-05
 3.25505152E-05
 2.96693845E-05
 1.16975096E-05
 2.44775096E-05
 3.08771957E-05
 2.73526823E-05
 8.88755300E-06
 1.07023727E-01
 2.24485709E-01
 4.67456860E-01
 0.00000000E+00
 0.00000000E+00
 0.00000000E+00
 0.00000000E+00
 0.00000000E+00
 0.00000000E+00
 0.00000000E+00
 0.00000000E+00
 0.00000000E+00
 0.00000000E+00
 0.00000000E+00
 0.00000000E+00
 0.00000000E+00
 0.00000000E+00
 0.00000000E+00
 0.00000000E+00
 0.00000000E+00
 0.00000000E+00
 0.00000000E+00
 0.00000000E+00
 0.00000000E+00
 0.00000000E+00
 0.00000000E+00
 0.00000000E+00
 0.00000000E+00
 0.00000000E+00
 0.00000000E+00
 0.00000000E+00
 0.00000000E+00
 0.00000000E+00
 0.00000000E+00
 0.00000000E+00
 0.00000000E+00
 0.00000000E+00
 0.00000000E+00
 0.00000000E+00
 0.00000000E+00
 0.00000000E+00
 0.00000000E+00
 0.00000000E+00
 0.00000000E+00
 0.00000000E+00
 0.00000000E+00
 0.00000000E+00
 0.00000000E+00
 0.00000000E+00
 0.00000000E+00
 0.00000000E+00
 0.00000000E+00
 0.00000000E+00
 0.00000000E+00
 0.00000000E+00
 0.00000000E+00
 0.00000000E+00
 0.00000000E+00
 0.00000000E+00
 0.00000000E+00
 0.00000000E+00
 0.00000000E+00
 0.00000000E+00
 0.00000000E+00
 0.00000000E+00
 0.00000000E+00
 0.00000000E+00
 0.00000000E+00
 0.00000000E+00
 0.00000000E+00
 0.00000000E+00
 0.00000000E+00
 0.00000000E+00
 0.00000000E+00
 0.00000000E+00
 0.00000000E+00
 0.00000000E+00
 0.00000000E+00
 0.00000000E+00
 0.00000000E+00
 0.00000000E+00
 0.00000000E+00
 0.00000000E+00
 0.00000000E+00
 0.00000000E+00
 0.00000000E+00
 0.00000000E+00
 0.00000000E+00
 0.00000000E+00
 0.00000000E+00
 0.00000000E+00
 0.00000000E+00
 0.00000000E+00
 0.00000000E+00
 0.00000000E+00
 0.00000000E+00
 0.00000000E+00
 0.00000000E+00
 0.00000000E+00
 0.00000000E+00
 0.00000000E+00
 0.00000000E+00
 0.00000000E+00
 0.00000000E+00
 0.00000000E+00
 0.00000000E+00
 0.00000000E+00
 0.00000000E+00
 0.00000000E+00
 0.00000000E+00
 0.00000000E+00
 0.00000000E+00
 0.00000000E+00
 0.00000000E+00
 0.00000000E+00
 0.00000000E+00
 0.00000000E+00
 0.00000000E+00
 0.00000000E+00
 0.00000000E+00
 0.00000000E+00
 0.00000000E+00
 0.00000000E+00
 0.00000000E+00
 0.00000000E+00
 0.00000000E+00
 0.00000000E+00
 0.00000000E+00
 0.00000000E+00
 0.00000000E+00
 0.00000000E+00
 0.00000000E+00
 0.00000000E+00
 0.00000000E+00
 0.00000000E+00
 0.00000000E+00
 0.00000000E+00
 0.00000000E+00
 0.00000000E+00
 0.00000000E+00
 0.00000000E+00
 0.00000000E+00
 0.00000000E+00
 0.00000000E+00
 0.00000000E+00
 0.00000000E+00
 0.00000000E+00
 0.00000000E+00
 0.00000000E+00
 0.00000000E+00
 0.00000000E+00
 0.00000000E+00
 0.00000000E+00
 0.00000000E+00
 0.00000000E+00
 0.00000000E+00
 0.00000000E+00
 0.00000000E+00
 0.00000000E+00
 0.00000000E+00
 0.00000000E+00
 0.00000000E+00
 0.00000000E+00
 0.00000000E+00
 0.00000000E+00
 0.00000000E+00
 0.00000000E+00
 0.00000000E+00
 6.24941021E-01
 3.91894665E-01
 1.58848308E-01
 2.64865778E-02
 1.90914191E-01
 1.45696597E-01
 2.61603325E-02
 1.17746045E-05
 1.17746066E-05
 1.23017389E-01
 1.98128300E-02
 1.17746117E-05
 1.17746131E-05
 1.17746154E-05
 1.17745721E-05
 1.17745757E-05
 1.17745797E-05
 1.17745842E-05
 1.17745874E-05
 1.17745916E-05
 1.17745947E-05
 1.17745985E-05
 1.17746020E-05
 2.40911954E-02
 1.17746036E-05
 1.17746041E-05
 1.17746044E-05
 1.17746054E-05
 1.17746059E-05
 1.17746065E-05
 1.17746067E-05
 1.17746072E-05
 1.17746080E-05
 1.17746084E-05
 1.17746091E-05
 1.17746099E-05
 1.17746106E-05
 1.17746115E-05
 1.17746123E-05
 1.17746143E-05
 1.17746167E-05
 1.17746182E-05
 1.17746205E-05
 1.17746219E-05
 1.17746245E-05
 1.17746258E-05
 1.17746280E-05
 1.17746302E-05
 1.17746321E-05
 1.17745914E-05
 1.17745928E-05
 1.17745938E-05
 1.17745949E-05
 1.17745959E-05
 1.17745966E-05
 1.17745966E-05
 1.17745970E-05
 1.17745963E-05
 1.17745968E-05
 1.17745975E-05
 1.17745977E-05
 1.17745973E-05
 1.17745978E-05
 1.17745980E-05
 1.17745977E-05
 1.17745986E-05
 1.17745985E-05
 1.17745989E-05
 1.17745994E-05
 1.17745995E-05
 1.17745992E-05
 1.17745995E-05
 1.17746000E-05
 1.17745997E-05
 1.17746005E-05
 1.17746005E-05
 1.17746008E-05
 1.17746015E-05
 1.17746011E-05
 1.17746013E-05
 1.17746018E-05
 1.17746021E-05
 1.17746025E-05
 1.17746025E-05
 1.17746025E-05
 1.17746030E-05
 1.17746039E-05
 1.17746044E-05
 1.17746056E-05
 1.17746062E-05
 1.17746066E-05
 1.17746078E-05
 1.17746086E-05
 1.17746096E-05
 1.17746103E-05
 1.17746111E-05
 1.17746120E-05
 1.17746123E-05
 1.17746131E-05
 1.17746144E-05
 1.17746147E-05
 1.17746155E-05
 1.17746163E-05
 1.17746173E-05
 1.17746178E-05
 1.17746188E-05
 1.17746196E-05
 1.17746202E-05
 1.17746212E-05
 1.17746217E-05
 1.17746230E-05
 1.17746237E-05
 1.17746245E-05
 1.17746257E-05
 1.17746261E-05
 1.17746273E-05
 1.17746277E-05
 1.17746287E-05
 1.17746298E-05
 1.17746303E-05
 1.17746312E-05
 1.17746318E-05
 1.17746329E-05
 1.17746335E-05
 1.17746343E-05
 1.17746351E-05
 1.17746364E-05
 1.17746370E-05
 1.17746379E-05
 1.17746391E-05
 1.17746400E-05
 1.17746403E-05
 1.17746413E-05
 1.17746425E-05
 1.17746433E-05
 1.17746443E-05
 1.17746451E-05
 1.17746459E-05
 1.17746468E-05
 1.17746476E-05
 1.17746490E-05
 1.17746496E-05
 1.17746505E-05
 1.17746517E-05
 1.17746524E-05
 1.17746110E-05
 1.17746112E-05
 1.17746116E-05
 1.17746124E-05
 1.17746127E-05
 1.17746133E-05
 1.17746136E-05
 1.17746145E-05
 1.17746151E-05
 1.17746153E-05
 1.17746161E-05
 1.17746165E-05
 1.17746169E-05
 1.17746175E-05
 1.17746180E-05
 1.17746182E-05
 1.17746188E-05
 1.17746195E-05
 1.17746201E-05
 1.17746207E-05
 1.17746213E-05
 1.17746214E-05
 1.17746219E-05
 1.17746228E-05
 1.17746233E-05
 1.17746237E-05
 1.17746245E-05
 1.17746247E-05
 1.17746253E-05
 1.17746259E-05
 1.17746264E-05
 1.17746269E-05
 1.17746273E-05
 1.17746281E-05
 1.17746288E-05
 1.17746292E-05
 1.17746298E-05
 1.17746305E-05
 1.17746309E-05
 1.17746316E-05
 1.17746320E-05
 1.17746325E-05
 1.17746331E-05
 1.17746338E-05
 1.17746343E-05
 1.17746346E-05
 1.17746352E-05
 1.17746361E-05
 1.17746365E-05
 1.17746370E-05
 1.17746376E-05
 1.17746384E-05
 1.17746390E-05
 1.17746396E-05
 1.17746401E-05
 1.17746405E-05
 1.17746412E-05
 1.17746418E-05
 1.17746427E-05
 1.17745842E-05
 1.17745738E-05
 1.17745679E-05
 1.17745640E-05
 1.17745607E-05
 1.17746031E-05
 1.17746025E-05
 1.17746024E-05
 1.17746020E-05
 1.17746015E-05
 1.17746012E-05
 1.17746009E-05
 1.17746004E-05
 1.17746002E-05
 1.17746001E-05
 1.17746001E-05
 1.17745997E-05
 1.17745996E-05
 1.17745996E-05
 1.17745995E-05
 1.17745994E-05
 1.17745993E-05
 1.17745991E-05
 1.17745991E-05
 1.17745990E-05
 1.17745990E-05
 1.17745989E-05
 1.17745989E-05
 1.17745989E-05
 1.17745989E-05
 1.17745988E-05
 1.17745989E-05
 1.17745989E-05
 1.17745991E-05
 1.17745990E-05
 1.17745991E-05
 1.17745992E-05
 1.17745990E-05
 1.17745991E-05
 1.17745991E-05
 1.17745992E-05
 1.17745994E-05
 1.17745993E-05
 1.17745994E-05
 1.17745995E-05
 1.17745996E-05
 1.17745997E-05
 1.17745997E-05
 1.17745998E-05
 1.17745999E-05
 1.17746001E-05
 1.17746002E-05
 1.17746002E-05
 1.17746004E-05
 1.17746004E-05
 1.17746006E-05
 1.17746008E-05
 1.17746009E-05
 1.17746010E-05
 1.17746012E-05
 1.17746013E-05
 1.17746016E-05
 1.17746017E-05
 1.17746018E-05
 1.17746020E-05
 1.17746022E-05
 1.17746024E-05
 1.17746026E-05
 1.17746027E-05
 1.17746027E-05
 1.17746025E-05
 1.17746024E-05
 1.17746022E-05
 1.17746022E-05
 1.17746020E-05
 1.17746019E-05
 1.17746017E-05
 1.17746017E-05
 1.17746015E-05
 1.17746015E-05
 1.17746014E-05
 1.17746013E-05
 1.17746013E-05
 1.17746012E-05
 1.17746012E-05
 1.17746011E-05
 1.17746011E-05
 1.17746011E-05
 1.17746011E-05
 1.17746012E-05
 1.17746012E-05
 1.17746013E-05
 1.17746013E-05
 1.17746014E-05
 1.17746016E-05
 1.17746017E-05
 1.17746019E-05
 1.17746021E-05
 1.17746023E-05
 1.17746026E-05
 1.17746039E-05
 1.17746076E-05
 1.17746114E-05
 1.17745736E-05
 1.17745796E-05
 1.17745858E-05
 1.17745923E-05
 1.17745992E-05
 1.17746025E-05
 1.17746018E-05
 1.17746018E-05
 1.17746023E-05
 1.34680913E-04
 3.91479654E-04
 8.36263469E-04
 1.76530413E-04
 2.82708362E-05
 3.81911926E-05
 3.59931335E-05
 1.86127644E-05
 2.82677510E-05
 3.62683047E-05
 3.33855004E-05
 1.54304286E-05
 2.81177561E-05
 3.43799680E-05
 3.08700541E-05
 1.24196078E-05
 1.03324052E-01
 2.16730520E-01
 4.59322432E-01
 0.00000000E+00
 0.00000000E+00
 0.00000000E+00
 0.00000000E+00
 0.00000000E+00
 0.00000000E+00
 0.00000000E+00
 0.00000000E+00
 0.00000000E+00
 0.00000000E+00
 0.00000000E+00
 0.00000000E+00
 0.00000000E+00
 0.00000000E+00
 0.00000000E+00
 0.00000000E+00
 0.00000000E+00
 0.00000000E+00
 0.00000000E+00
 0.00000000E+00
 0.00000000E+00
 0.00000000E+00
 0.00000000E+00
 0.00000000E+00
 0.00000000E+00
 0.00000000E+00
 0.00000000E+00
 0.00000000E+00
 0.00000000E+00
 0.00000000E+00
 0.00000000E+00
 0.00000000E+00
 0.00000000E+00
 0.00000000E+00
 0.00000000E+00
 0.00000000E+00
 0.00000000E+00
 0.00000000E+00
 0.00000000E+00
 0.00000000E+00
 0.00000000E+00
 0.00000000E+00
 0.00000000E+00
 0.00000000E+00
 0.00000000E+00
 0.00000000E+00
 0.00000000E+00
 0.00000000E+00
 0.00000000E+00
 0.00000000E+00
 0.00000000E+00
 0.00000000E+00
 0.00000000E+00
 0.00000000E+00
 0.00000000E+00
 0.00000000E+00
 0.00000000E+00
 0.00000000E+00
 0.00000000E+00
 0.00000000E+00
 0.00000000E+00
 0.00000000E+00
 0.00000000E+00
 0.00000000E+00
 0.00000000E+00
 0.00000000E+00
 0.00000000E+00
 0.00000000E+00
 0.00000000E+00
 0.00000000E+00
 0.00000000E+00
 0.00000000E+00
 0.00000000E+00
 0.00000000E+00
 0.00000000E+00
 0.00000000E+00
 0.00000000E+00
 0.00000000E+00
 0.00000000E+00
 0.00000000E+00
 0.00000000E+00
 0.00000000E+00
 0.00000000E+00
 0.00000000E+00
 0.00000000E+00
 0.00000000E+00
 0.00000000E+00
 0.00000000E+00
 0.00000000E+00
 0.00000000E+00
 0.00000000E+00
 0.00000000E+00
 0.00000000E+00
 0.00000000E+00
 0.00000000E+00
 0.00000000E+00
 0.00000000E+00
 0.00000000E+00
 0.00000000E+00
 0.00000000E+00
 0.00000000E+00
 0.00000000E+00
 0.00000000E+00
 0.00000000E+00
 0.00000000E+00
 0.00000000E+00
 0.00000000E+00
 0.00000000E+00
 0.00000000E+00
 0.00000000E+00
 0.00000000E+00
 0.00000000E+00
 0.00000000E+00
 0.00000000E+00
 0.00000000E+00
 0.00000000E+00
 0.00000000E+00
 0.00000000E+00
 0.00000000E+00
 0.00000000E+00
 0.00000000E+00
 0.00000000E+00
 0.00000000E+00
 0.00000000E+00
 0.00000000E+00
 0.00000000E+00
 0.00000000E+00
 0.00000000E+00
 0.00000000E+00
 0.00000000E+00
 0.00000000E+00
 0.00000000E+00
 0.00000000E+00
 0.00000000E+00
 0.00000000E+00
 0.00000000E+00
 0.00000000E+00
 0.00000000E+00
 0.00000000E+00
 0.00000000E+00
 0.00000000E+00
 0.00000000E+00
 0.00000000E+00
 0.00000000E+00
 0.00000000E+00
 0.00000000E+00
 0.00000000E+00
 0.00000000E+00
 0.00000000E+00
 0.00000000E+00
 0.00000000E+00
 0.00000000E+00
 0.00000000E+00
 0.00000000E+00
 0.00000000E+00
 0.00000000E+00
 0.00000000E+00
 0.00000000E+00
 0.00000000E+00
 0.00000000E+00
 0.00000000E+00
 0.00000000E+00
 0.00000000E+00
 0.00000000E+00
 0.00000000E+00
 6.38340141E-01
 4.13619452E-01
 1.88898764E-01
 2.50931372E-03
 1.79319730E-01
 1.40495761E-01
 2.52299737E-02
 1.55827355E-05
 1.55827369E-05
 1.26528298E-01
 2.03753743E-02
 1.55827424E-05
 1.55827436E-05
 1.55827457E-05
 1.55827032E-05
 1.55827068E-05
 1.55827104E-05
 1.55827142E-05
 1.55827176E-05
 1.55827217E-05
 1.55827262E-05
 1.55827301E-05
 1.55827336E-05
 2.47829083E-02
 1.55827342E-05
 1.55827346E-05
 1.55827348E-05
 1.55827362E-05
 1.55827360E-05
 1.55827372E-05
 1.55827380E-05
 1.55827379E-05
 1.55827385E-05
 1.55827395E-05
 1.55827404E-05
 1.55827405E-05
 1.55827416E-05
 1.55827421E-05
 1.55827437E-05
 1.55827454E-05
 1.55827474E-05
 1.55827490E-05
 1.55827510E-05
 1.55827538E-05
 1.55827554E-05
 1.55827573E-05
 1.55827599E-05
 1.55827615E-05
 1.55827639E-05
 1.55827223E-05
 1.55827233E-05
 1.55827243E-05
 1.55827255E-05
 1.55827267E-05
 1.55827266E-05
 1.55827272E-05
 1.55827280E-05
 1.55827277E-05
 1.55827280E-05
 1.55827281E-05
 1.55827286E-05
 1.55827282E-05
 1.55827287E-05
 1.55827290E-05
 1.55827293E-05
 1.55827292E-05
 1.55827295E-05
 1.55827294E-05
 1.55827303E-05
 1.55827305E-05
 1.55827302E-05
 1.55827306E-05
 1.55827309E-05
 1.55827305E-05
 1.55827310E-05
 1.55827313E-05
 1.55827319E-05
 1.55827320E-05
 1.55827324E-05
 1.55827328E-05
 1.55827330E-05
 1.55827332E-05
 1.55827333E-05
 1.55827332E-05
 1.55827339E-05
 1.55827344E-05
 1.55827348E-05
 1.55827359E-05
 1.55827364E-05
 1.55827375E-05
 1.55827376E-05
 1.55827389E-05
 1.55827391E-05
 1.55827403E-05
 1.55827409E-05
 1.55827417E-05
 1.55827424E-05
 1.55827430E-05
 1.55827441E-05
 1.55827448E-05
 1.55827459E-05
 1.55827466E-05
 1.55827472E-05
 1.55827480E-05
 1.55827488E-05
 1.55827494E-05
 1.55827508E-05
 1.55827515E-05
 1.55827522E-05
 1.55827532E-05
 1.55827537E-05
 1.55827546E-05
 1.55827554E-05
 1.55827565E-05
 1.55827569E-05
 1.55827580E-05
 1.55827586E-05
 1.55827598E-05
 1.55827605E-05
 1.55827615E-05
 1.55827623E-05
 1.55827634E-05
 1.55827641E-05
 1.55827650E-05
 1.55827657E-05
 1.55827665E-05
 1.55827671E-05
 1.55827681E-05
 1.55827692E-05
 1.55827699E-05
 1.55827708E-05
 1.55827716E-05
 1.55827728E-05
 1.55827733E-05
 1.55827742E-05
 1.55827753E-05
 1.55827763E-05
 1.55827771E-05
 1.55827782E-05
 1.55827787E-05
 1.55827796E-05
 1.55827811E-05
 1.55827814E-05
 1.55827828E-05
 1.55827413E-05
 1.55827414E-05
 1.55827422E-05
 1.55827429E-05
 1.55827436E-05
 1.55827441E-05
 1.55827441E-05
 1.55827449E-05
 1.55827453E-05
 1.55827458E-05
 1.55827463E-05
 1.55827470E-05
 1.55827472E-05
 1.55827480E-05
 1.55827483E-05
 1.55827491E-05
 1.55827494E-05
 1.55827502E-05
 1.55827505E-05
 1.55827512E-05
 1.55827515E-05
 1.55827520E-05
 1.55827526E-05
 1.55827531E-05
 1.55827540E-05
 1.55827543E-05
 1.55827550E-05
 1.55827552E-05
 1.55827557E-05
 1.55827562E-05
 1.55827569E-05
 1.55827576E-05
 1.55827582E-05
 1.55827588E-05
 1.55827592E-05
 1.55827596E-05
 1.55827604E-05
 1.55827607E-05
 1.55827613E-05
 1.55827620E-05
 1.55827627E-05
 1.55827630E-05
 1.55827637E-05
 1.55827642E-05
 1.55827647E-05
 1.55827654E-05
 1.55827659E-05
 1.55827667E-05
 1.55827672E-05
 1.55827678E-05
 1.55827684E-05
 1.55827690E-05
 1.55827694E-05
 1.55827700E-05
 1.55827705E-05
 1.55827714E-05
 1.55827718E-05
 1.55827727E-05
 1.55827729E-05
 1.55827736E-05
 1.55827172E-05
 1.55827050E-05
 1.55826991E-05
 1.55826947E-05
 1.55826914E-05
 1.55827339E-05
 1.55827337E-05
 1.55827329E-05
 1.55827326E-05
 1.55827324E-05
 1.55827319E-05
 1.55827316E-05
 1.55827315E-05
 1.55827313E-05
 1.55827308E-05
 1.55827309E-05
 1.55827308E-05
 1.55827306E-05
 1.55827305E-05
 1.55827302E-05
 1.55827302E-05
 1.55827301E-05
 1.55827301E-05
 1.55827301E-05
 1.55827298E-05
 1.55827298E-05
 1.55827299E-05
 1.55827296E-05
 1.55827298E-05
 1.55827297E-05
 1.55827297E-05
 1.55827297E-05
 1.55827298E-05
 1.55827298E-05
 1.55827298E-05
 1.55827299E-05
 1.55827299E-05
 1.55827299E-05
 1.55827299E-05
 1.55827299E-05
 1.55827300E-05
 1.55827300E-05
 1.55827302E-05
 1.55827302E-05
 1.55827304E-05
 1.55827304E-05
 1.55827305E-05
 1.55827306E-05
 1.55827307E-05
 1.55827307E-05
 1.55827309E-05
 1.55827310E-05
 1.55827310E-05
 1.55827313E-05
 1.55827314E-05
 1.55827315E-05
 1.55827317E-05
 1.55827318E-05
 1.55827320E-05
 1.55827321E-05
 1.55827322E-05
 1.55827324E-05
 1.55827326E-05
 1.55827327E-05
 1.55827329E-05
 1.55827330E-05
 1.55827332E-05
 1.55827335E-05
 1.55827336E-05
 1.55827336E-05
 1.55827335E-05
 1.55827333E-05
 1.55827332E-05
 1.55827330E-05
 1.55827329E-05
 1.55827328E-05
 1.55827326E-05
 1.55827326E-05
 1.55827325E-05
 1.55827324E-05
 1.55827323E-05
 1.55827322E-05
 1.55827321E-05
 1.55827321E-05
 1.55827321E-05
 1.55827320E-05
 1.55827320E-05
 1.55827320E-05
 1.55827320E-05
 1.55827321E-05
 1.55827321E-05
 1.55827322E-05
 1.55827322E-05
 1.55827323E-05
 1.55827325E-05
 1.55827326E-05
 1.55827328E-05
 1.55827330E-05
 1.55827332E-05
 1.55827335E-05
 1.55827348E-05
 1.55827386E-05
 1.55827423E-05
 1.55827042E-05
 1.55827103E-05
 1.55827166E-05
 1.55827232E-05
 1.55827301E-05
 1.55827333E-05
 1.55827328E-05
 1.55827327E-05
 1.55827333E-05
 1.25640605E-04
 3.73265117E-04
 8.14245091E-04
 1.67032625E-04
 3.20608727E-05
 4.18339989E-05
 3.96202249E-05
 2.22633865E-05
 3.18351116E-05
 3.96956167E-05
 3.68151940E-05
 1.88808763E-05
 3.14795748E-05
 3.76083552E-05
 3.41167680E-05
 1.56846653E-05
 9.96305490E-02
 2.08987960E-01
 4.51201151E-01
 0.00000000E+00
 0.00000000E+00
 0.00000000E+00
 0.00000000E+00
 0.00000000E+00
 0.00000000E+00
 0.00000000E+00
 0.00000000E+00
 0.00000000E+00
 0.00000000E+00
 0.00000000E+00
 0.00000000E+00
 0.00000000E+00
 0.00000000E+00
 0.00000000E+00
 0.00000000E+00
 0.00000000E+00
 0.00000000E+00
 0.00000000E+00
 0.00000000E+00
 0.00000000E+00
 0.00000000E+00
 0.00000000E+00
 0.00000000E+00
 0.00000000E+00
 0.00000000E+00
 0.00000000E+00
 0.00000000E+00
 0.00000000E+00
 0.00000000E+00
 0.00000000E+00
 0.00000000E+00
 0.00000000E+00
 0.00000000E+00
 0.00000000E+00
 0.00000000E+00
 0.00000000E+00
 0.00000000E+00
 0.00000000E+00
 0.00000000E+00
 0.00000000E+00
 0.00000000E+00
 0.00000000E+00
 0.00000000E+00
 0.00000000E+00
 0.00000000E+00
 0.00000000E+00
 0.00000000E+00
 0.00000000E+00
 0.00000000E+00
 0.00000000E+00
 0.00000000E+00
 0.00000000E+00
 0.00000000E+00
 0.00000000E+00
 0.00000000E+00
 0.00000000E+00
 0.00000000E+00
 0.00000000E+00
 0.00000000E+00
 0.00000000E+00
 0.00000000E+00
 0.00000000E+00
 0.00000000E+00
 0.00000000E+00
 0.00000000E+00
 0.00000000E+00
 0.00000000E+00
 0.00000000E+00
 0.00000000E+00
 0.00000000E+00
 0.00000000E+00
 0.00000000E+00
 0.00000000E+00
 0.00000000E+00
 0.00000000E+00
 0.00000000E+00
 0.00000000E+00
 0.00000000E+00
 0.00000000E+00
 0.00000000E+00
 0.00000000E+00
 0.00000000E+00
 0.00000000E+00
 0.00000000E+00
 0.00000000E+00
 0.00000000E+00
 0.00000000E+00
 0.00000000E+00
 0.00000000E+00
 0.00000000E+00
 0.00000000E+00
 0.00000000E+00
 0.00000000E+00
 0.00000000E+00
 0.00000000E+00
 0.00000000E+00
 0.00000000E+00
 0.00000000E+00
 0.00000000E+00
 0.00000000E+00
 0.00000000E+00
 0.00000000E+00
 0.00000000E+00
 0.00000000E+00
 0.00000000E+00
 0.00000000E+00
 0.00000000E+00
 0.00000000E+00
 0.00000000E+00
 0.00000000E+00
 0.00000000E+00
 0.00000000E+00
 0.00000000E+00
 0.00000000E+00
 0.00000000E+00
 0.00000000E+00
 0.00000000E+00
 0.00000000E+00
 0.00000000E+00
 0.00000000E+00
 0.00000000E+00
 0.00000000E+00
 0.00000000E+00
 0.00000000E+00
 0.00000000E+00
 0.00000000E+00
 0.00000000E+00
 0.00000000E+00
 0.00000000E+00
 0.00000000E+00
 0.00000000E+00
 0.00000000E+00
 0.00000000E+00
 0.00000000E+00
 0.00000000E+00
 0.00000000E+00
 0.00000000E+00
 0.00000000E+00
 0.00000000E+00
 0.00000000E+00
 0.00000000E+00
 0.00000000E+00
 0.00000000E+00
 0.00000000E+00
 0.00000000E+00
 0.00000000E+00
 0.00000000E+00
 0.00000000E+00
 0.00000000E+00
 0.00000000E+00
 0.00000000E+00
 0.00000000E+00
 0.00000000E+00
 0.00000000E+00
 0.00000000E+00
 0.00000000E+00
 0.00000000E+00
 0.00000000E+00
 0.00000000E+00
 0.00000000E+00
 0.00000000E+00
 0.00000000E+00
 0.00000000E+00
 0.00000000E+00
 6.51717425E-01
 4.35308834E-01
 2.18900243E-01
 2.14289810E-02
 1.67743902E-01
 1.35303097E-01
 2.43008274E-02
 1.90808400E-05
 1.90808419E-05
 1.30033721E-01
 2.09372949E-02
 1.90808467E-05
 1.90808488E-05
 1.90808500E-05
 1.90808080E-05
 1.90808114E-05
 1.90808156E-05
 1.90808188E-05
 1.90808231E-05
 1.90808267E-05
 1.90808310E-05
 1.90808348E-05
 1.90808381E-05
 2.54731769E-02
 1.90808395E-05
 1.90808398E-05
 1.90808405E-05
 1.90808413E-05
 1.90808412E-05
 1.90808421E-05
 1.90808424E-05
 1.90808441E-05
 1.90808445E-05
 1.90808450E-05
 1.90808454E-05
 1.90808461E-05
 1.90808468E-05
 1.90808474E-05
 1.90808480E-05
 1.90808504E-05
 1.90808526E-05
 1.90808543E-05
 1.90808565E-05
 1.90808588E-05
 1.90808612E-05
 1.90808627E-05
 1.90808648E-05
 1.90808670E-05
 1.90808264E-05
 1.90808279E-05
 1.90808285E-05
 1.90808301E-05
 1.90808307E-05
 1.90808318E-05
 1.90808327E-05
 1.90808323E-05
 1.90808325E-05
 1.90808327E-05
 1.90808333E-05
 1.90808332E-05
 1.90808332E-05
 1.90808339E-05
 1.90808338E-05
 1.90808342E-05
 1.90808343E-05
 1.90808348E-05
 1.90808343E-05
 1.90808345E-05
 1.90808351E-05
 1.90808350E-05
 1.90808355E-05
 1.90808353E-05
 1.90808364E-05
 1.90808365E-05
 1.90808363E-05
 1.90808363E-05
 1.90808372E-05
 1.90808369E-05
 1.90808375E-05
 1.90808378E-05
 1.90808375E-05
 1.90808384E-05
 1.90808383E-05
 1.90808384E-05
 1.90808388E-05
 1.90808396E-05
 1.90808401E-05
 1.90808406E-05
 1.90808417E-05
 1.90808426E-05
 1.90808431E-05
 1.90808442E-05
 1.90808447E-05
 1.90808453E-05
 1.90808460E-05
 1.90808467E-05
 1.90808480E-05
 1.90808489E-05
 1.90808491E-05
 1.90808501E-05
 1.90808507E-05
 1.90808519E-05
 1.90808526E-05
 1.90808538E-05
 1.90808543E-05
 1.90808551E-05
 1.90808562E-05
 1.90808568E-05
 1.90808576E-05
 1.90808585E-05
 1.90808592E-05
 1.90808599E-05
 1.90808608E-05
 1.90808621E-05
 1.90808624E-05
 1.90808633E-05
 1.90808638E-05
 1.90808651E-05
 1.90808660E-05
 1.90808664E-05
 1.90808673E-05
 1.90808683E-05
 1.90808693E-05
 1.90808703E-05
 1.90808712E-05
 1.90808719E-05
 1.90808730E-05
 1.90808738E-05
 1.90808746E-05
 1.90808755E-05
 1.90808765E-05
 1.90808771E-05
 1.90808783E-05
 1.90808791E-05
 1.90808801E-05
 1.90808806E-05
 1.90808818E-05
 1.90808828E-05
 1.90808837E-05
 1.90808843E-05
 1.90808854E-05
 1.90808864E-05
 1.90808874E-05
 1.90808458E-05
 1.90808468E-05
 1.90808471E-05
 1.90808475E-05
 1.90808481E-05
 1.90808484E-05
 1.90808494E-05
 1.90808494E-05
 1.90808502E-05
 1.90808504E-05
 1.90808513E-05
 1.90808517E-05
 1.90808522E-05
 1.90808527E-05
 1.90808532E-05
 1.90808537E-05
 1.90808542E-05
 1.90808546E-05
 1.90808551E-05
 1.90808560E-05
 1.90808563E-05
 1.90808570E-05
 1.90808576E-05
 1.90808581E-05
 1.90808586E-05
 1.90808590E-05
 1.90808596E-05
 1.90808602E-05
 1.90808605E-05
 1.90808614E-05
 1.90808620E-05
 1.90808624E-05
 1.90808629E-05
 1.90808636E-05
 1.90808642E-05
 1.90808647E-05
 1.90808651E-05
 1.90808659E-05
 1.90808661E-05
 1.90808667E-05
 1.90808673E-05
 1.90808678E-05
 1.90808684E-05
 1.90808690E-05
 1.90808696E-05
 1.90808704E-05
 1.90808709E-05
 1.90808714E-05
 1.90808719E-05
 1.90808726E-05
 1.90808732E-05
 1.90808738E-05
 1.90808744E-05
 1.90808747E-05
 1.90808757E-05
 1.90808762E-05
 1.90808766E-05
 1.90808772E-05
 1.90808781E-05
 1.90808784E-05
 1.90808790E-05
 1.90808279E-05
 1.90808107E-05
 1.90808046E-05
 1.90807999E-05
 1.90807965E-05
 1.90808390E-05
 1.90808388E-05
 1.90808384E-05
 1.90808379E-05
 1.90808375E-05
 1.90808371E-05
 1.90808369E-05
 1.90808368E-05
 1.90808363E-05
 1.90808361E-05
 1.90808360E-05
 1.90808357E-05
 1.90808357E-05
 1.90808357E-05
 1.90808355E-05
 1.90808352E-05
 1.90808353E-05
 1.90808352E-05
 1.90808352E-05
 1.90808351E-05
 1.90808349E-05
 1.90808350E-05
 1.90808349E-05
 1.90808349E-05
 1.90808349E-05
 1.90808349E-05
 1.90808350E-05
 1.90808350E-05
 1.90808350E-05
 1.90808351E-05
 1.90808350E-05
 1.90808351E-05
 1.90808351E-05
 1.90808352E-05
 1.90808351E-05
 1.90808352E-05
 1.90808353E-05
 1.90808354E-05
 1.90808354E-05
 1.90808356E-05
 1.90808357E-05
 1.90808357E-05
 1.90808358E-05
 1.90808359E-05
 1.90808361E-05
 1.90808361E-05
 1.90808362E-05
 1.90808363E-05
 1.90808364E-05
 1.90808365E-05
 1.90808367E-05
 1.90808369E-05
 1.90808369E-05
 1.90808371E-05
 1.90808373E-05
 1.90808375E-05
 1.90808376E-05
 1.90808377E-05
 1.90808379E-05
 1.90808382E-05
 1.90808383E-05
 1.90808385E-05
 1.90808387E-05
 1.90808389E-05
 1.90808389E-05
 1.90808387E-05
 1.90808385E-05
 1.90808384E-05
 1.90808383E-05
 1.90808382E-05
 1.90808380E-05
 1.90808379E-05
 1.90808378E-05
 1.90808377E-05
 1.90808376E-05
 1.90808375E-05
 1.90808374E-05
 1.90808374E-05
 1.90808374E-05
 1.90808373E-05
 1.90808373E-05
 1.90808373E-05
 1.90808372E-05
 1.90808373E-05
 1.90808373E-05
 1.90808373E-05
 1.90808374E-05
 1.90808375E-05
 1.90808376E-05
 1.90808377E-05
 1.90808378E-05
 1.90808380E-05
 1.90808382E-05
 1.90808384E-05
 1.90808387E-05
 1.90808401E-05
 1.90808439E-05
 1.90808477E-05
 1.90808093E-05
 1.90808153E-05
 1.90808217E-05
 1.90808284E-05
 1.90808353E-05
 1.90808386E-05
 1.90808380E-05
 1.90808379E-05
 1.90808385E-05
 1.16918849E-04
 3.55384084E-04
 7.92566314E-04
 1.57860835E-04
 3.55388390E-05
 4.51694546E-05
 4.29443823E-05
 2.56153433E-05
 3.51081568E-05
 4.28329729E-05
 3.99589813E-05
 2.20493629E-05
 3.45634702E-05
 4.05628561E-05
 3.70933173E-05
 1.86832135E-05
 9.59432061E-02
 2.01258004E-01
 4.43092991E-01
 0.00000000E+00
 0.00000000E+00
 0.00000000E+00
 0.00000000E+00
 0.00000000E+00
 0.00000000E+00
 0.00000000E+00
 0.00000000E+00
 0.00000000E+00
 0.00000000E+00
 0.00000000E+00
 0.00000000E+00
 0.00000000E+00
 0.00000000E+00
 0.00000000E+00
 0.00000000E+00
 0.00000000E+00
 0.00000000E+00
 0.00000000E+00
 0.00000000E+00
 0.00000000E+00
 0.00000000E+00
 0.00000000E+00
 0.00000000E+00
 0.00000000E+00
 0.00000000E+00
 0.00000000E+00
 0.00000000E+00
 0.00000000E+00
 0.00000000E+00
 0.00000000E+00
 0.00000000E+00
 0.00000000E+00
 0.00000000E+00
 0.00000000E+00
 0.00000000E+00
 0.00000000E+00
 0.00000000E+00
 0.00000000E+00
 0.00000000E+00
 0.00000000E+00
 0.00000000E+00
 0.00000000E+00
 0.00000000E+00
 0.00000000E+00
 0.00000000E+00
 0.00000000E+00
 0.00000000E+00
 0.00000000E+00
 0.00000000E+00
 0.00000000E+00
 0.00000000E+00
 0.00000000E+00
 0.00000000E+00
 0.00000000E+00
 0.00000000E+00
 0.00000000E+00
 0.00000000E+00
 0.00000000E+00
 0.00000000E+00
 0.00000000E+00
 0.00000000E+00
 0.00000000E+00
 0.00000000E+00
 0.00000000E+00
 0.00000000E+00
 0.00000000E+00
 0.00000000E+00
 0.00000000E+00
 0.00000000E+00
 0.00000000E+00
 0.00000000E+00
 0.00000000E+00
 0.00000000E+00
 0.00000000E+00
 0.00000000E+00
 0.00000000E+00
 0.00000000E+00
 0.00000000E+00
 0.00000000E+00
 0.00000000E+00
 0.00000000E+00
 0.00000000E+00
 0.00000000E+00
 0.00000000E+00
 0.00000000E+00
 0.00000000E+00
 0.00000000E+00
 0.00000000E+00
 0.00000000E+00
 0.00000000E+00
 0.00000000E+00
 0.00000000E+00
 0.00000000E+00
 0.00000000E+00
 0.00000000E+00
 0.00000000E+00
 0.00000000E+00
 0.00000000E+00
 0.00000000E+00
 0.00000000E+00
 0.00000000E+00
 0.00000000E+00
 0.00000000E+00
 0.00000000E+00
 0.00000000E+00
 0.00000000E+00
 0.00000000E+00
 0.00000000E+00
 0.00000000E+00
 0.00000000E+00
 0.00000000E+00
 0.00000000E+00
 0.00000000E+00
 0.00000000E+00
 0.00000000E+00
 0.00000000E+00
 0.00000000E+00
 0.00000000E+00
 0.00000000E+00
 0.00000000E+00
 0.00000000E+00
 0.00000000E+00
 0.00000000E+00
 0.00000000E+00
 0.00000000E+00
 0.00000000E+00
 0.00000000E+00
 0.00000000E+00
 0.00000000E+00
 0.00000000E+00
 0.00000000E+00
 0.00000000E+00
 0.00000000E+00
 0.00000000E+00
 0.00000000E+00
 0.00000000E+00
 0.00000000E+00
 0.00000000E+00
 0.00000000E+00
 0.00000000E+00
 0.00000000E+00
 0.00000000E+00
 0.00000000E+00
 0.00000000E+00
 0.00000000E+00
 0.00000000E+00
 0.00000000E+00
 0.00000000E+00
 0.00000000E+00
 0.00000000E+00
 0.00000000E+00
 0.00000000E+00
 0.00000000E+00
 0.00000000E+00
 0.00000000E+00
 0.00000000E+00
 0.00000000E+00
 0.00000000E+00
 0.00000000E+00
 0.00000000E+00
 0.00000000E+00
 0.00000000E+00
 0.00000000E+00
 0.00000000E+00
 6.65072912E-01
 4.56962877E-01
 2.48852841E-01
 4.53283805E-02
 1.56186671E-01
 1.30118590E-01
 2.33728912E-02
 2.22694408E-05
 2.22694425E-05
 1.33533670E-01
 2.14985928E-02
 2.22694468E-05
 2.22694489E-05
 2.22694505E-05
 2.22694079E-05
 2.22694119E-05
 2.22694156E-05
 2.22694200E-05
 2.22694241E-05
 2.22694278E-05
 2.22694311E-05
 2.22694353E-05
 2.22694392E-05
 2.61620039E-02
 2.22694403E-05
 2.22694404E-05
 2.22694417E-05
 2.22694419E-05
 2.22694425E-05
 2.22694424E-05
 2.22694437E-05
 2.22694437E-05
 2.22694448E-05
 2.22694456E-05
 2.22694461E-05
 2.22694466E-05
 2.22694469E-05
 2.22694477E-05
 2.22694491E-05
 2.22694511E-05
 2.22694525E-05
 2.22694548E-05
 2.22694570E-05
 2.22694592E-05
 2.22694614E-05
 2.22694635E-05
 2.22694655E-05
 2.22694676E-05
 2.22694273E-05
 2.22694285E-05
 2.22694291E-05
 2.22694302E-05
 2.22694321E-05
 2.22694328E-05
 2.22694332E-05
 2.22694331E-05
 2.22694331E-05
 2.22694335E-05
 2.22694339E-05
 2.22694338E-05
 2.22694343E-05
 2.22694345E-05
 2.22694347E-05
 2.22694347E-05
 2.22694351E-05
 2.22694348E-05
 2.22694357E-05
 2.22694360E-05
 2.22694356E-05
 2.22694358E-05
 2.22694360E-05
 2.22694362E-05
 2.22694367E-05
 2.22694368E-05
 2.22694372E-05
 2.22694373E-05
 2.22694380E-05
 2.22694375E-05
 2.22694383E-05
 2.22694383E-05
 2.22694381E-05
 2.22694390E-05
 2.22694388E-05
 2.22694394E-05
 2.22694390E-05
 2.22694397E-05
 2.22694410E-05
 2.22694412E-05
 2.22694423E-05
 2.22694432E-05
 2.22694438E-05
 2.22694445E-05
 2.22694454E-05
 2.22694463E-05
 2.22694473E-05
 2.22694480E-05
 2.22694487E-05
 2.22694490E-05
 2.22694501E-05
 2.22694508E-05
 2.22694517E-05
 2.22694524E-05
 2.22694532E-05
 2.22694538E-05
 2.22694546E-05
 2.22694559E-05
 2.22694567E-05
 2.22694574E-05
 2.22694578E-05
 2.22694592E-05
 2.22694599E-05
 2.22694609E-05
 2.22694615E-05
 2.22694625E-05
 2.22694634E-05
 2.22694642E-05
 2.22694651E-05
 2.22694658E-05
 2.22694669E-05
 2.22694676E-05
 2.22694684E-05
 2.22694693E-05
 2.22694701E-05
 2.22694709E-05
 2.22694720E-05
 2.22694724E-05
 2.22694734E-05
 2.22694747E-05
 2.22694754E-05
 2.22694764E-05
 2.22694769E-05
 2.22694782E-05
 2.22694787E-05
 2.22694799E-05
 2.22694807E-05
 2.22694818E-05
 2.22694825E-05
 2.22694835E-05
 2.22694842E-05
 2.22694852E-05
 2.22694862E-05
 2.22694874E-05
 2.22694884E-05
 2.22694464E-05
 2.22694471E-05
 2.22694475E-05
 2.22694485E-05
 2.22694487E-05
 2.22694491E-05
 2.22694495E-05
 2.22694501E-05
 2.22694506E-05
 2.22694514E-05
 2.22694517E-05
 2.22694524E-05
 2.22694527E-05
 2.22694535E-05
 2.22694538E-05
 2.22694545E-05
 2.22694552E-05
 2.22694558E-05
 2.22694558E-05
 2.22694564E-05
 2.22694571E-05
 2.22694575E-05
 2.22694580E-05
 2.22694586E-05
 2.22694594E-05
 2.22694601E-05
 2.22694602E-05
 2.22694611E-05
 2.22694613E-05
 2.22694623E-05
 2.22694626E-05
 2.22694633E-05
 2.22694634E-05
 2.22694642E-05
 2.22694649E-05
 2.22694655E-05
 2.22694659E-05
 2.22694667E-05
 2.22694668E-05
 2.22694674E-05
 2.22694683E-05
 2.22694687E-05
 2.22694691E-05
 2.22694699E-05
 2.22694704E-05
 2.22694709E-05
 2.22694715E-05
 2.22694723E-05
 2.22694728E-05
 2.22694735E-05
 2.22694742E-05
 2.22694744E-05
 2.22694750E-05
 2.22694758E-05
 2.22694763E-05
 2.22694770E-05
 2.22694774E-05
 2.22694783E-05
 2.22694789E-05
 2.22694796E-05
 2.22694800E-05
 2.22694807E-05
 2.22694118E-05
 2.22694051E-05
 2.22694005E-05
 2.22693971E-05
 2.22694397E-05
 2.22694393E-05
 2.22694389E-05
 2.22694383E-05
 2.22694380E-05
 2.22694377E-05
 2.22694373E-05
 2.22694373E-05
 2.22694367E-05
 2.22694366E-05
 2.22694366E-05
 2.22694362E-05
 2.22694362E-05
 2.22694360E-05
 2.22694361E-05
 2.22694357E-05
 2.22694357E-05
 2.22694357E-05
 2.22694357E-05
 2.22694355E-05
 2.22694354E-05
 2.22694354E-05
 2.22694354E-05
 2.22694354E-05
 2.22694354E-05
 2.22694353E-05
 2.22694356E-05
 2.22694353E-05
 2.22694355E-05
 2.22694354E-05
 2.22694356E-05
 2.22694355E-05
 2.22694356E-05
 2.22694356E-05
 2.22694358E-05
 2.22694359E-05
 2.22694358E-05
 2.22694358E-05
 2.22694360E-05
 2.22694361E-05
 2.22694361E-05
 2.22694363E-05
 2.22694363E-05
 2.22694364E-05
 2.22694366E-05
 2.22694368E-05
 2.22694368E-05
 2.22694369E-05
 2.22694370E-05
 2.22694371E-05
 2.22694374E-05
 2.22694375E-05
 2.22694377E-05
 2.22694377E-05
 2.22694378E-05
 2.22694380E-05
 2.22694383E-05
 2.22694383E-05
 2.22694385E-05
 2.22694387E-05
 2.22694389E-05
 2.22694391E-05
 2.22694393E-05
 2.22694395E-05
 2.22694394E-05
 2.22694393E-05
 2.22694392E-05
 2.22694390E-05
 2.22694389E-05
 2.22694387E-05
 2.22694386E-05
 2.22694385E-05
 2.22694384E-05
 2.22694383E-05
 2.22694382E-05
 2.22694381E-05
 2.22694380E-05
 2.22694380E-05
 2.22694379E-05
 2.22694379E-05
 2.22694379E-05
 2.22694378E-05
 2.22694378E-05
 2.22694379E-05
 2.22694379E-05
 2.22694379E-05
 2.22694380E-05
 2.22694381E-05
 2.22694382E-05
 2.22694383E-05
 2.22694384E-05
 2.22694386E-05
 2.22694388E-05
 2.22694391E-05
 2.22694393E-05
 2.22694407E-05
 2.22694445E-05
 2.22694484E-05
 2.22694096E-05
 2.22694158E-05
 2.22694222E-05
 2.22694289E-05
 2.22694359E-05
 2.22694393E-05
 2.22694387E-05
 2.22694386E-05
 2.22694391E-05
 1.08515109E-04
 3.37835990E-04
 7.71226562E-04
 1.49014469E-04
 3.87052856E-05
 4.81981038E-05
 4.59661436E-05
 2.86691671E-05
 3.80874129E-05
 4.56808934E-05
 4.28173767E-05
 2.49363976E-05
 3.73699455E-05
 4.32439680E-05
 3.98001940E-05
 2.14157392E-05
 9.22620115E-02
 1.93540627E-01
 4.34997928E-01
 0.00000000E+00
 0.00000000E+00
 0.00000000E+00
 0.00000000E+00
 0.00000000E+00
 0.00000000E+00
 0.00000000E+00
 0.00000000E+00
 0.00000000E+00
 0.00000000E+00
 0.00000000E+00
 0.00000000E+00
 0.00000000E+00
 0.00000000E+00
 0.00000000E+00
 0.00000000E+00
 0.00000000E+00
 0.00000000E+00
 0.00000000E+00
 0.00000000E+00
 0.00000000E+00
 0.00000000E+00
 0.00000000E+00
 0.00000000E+00
 0.00000000E+00
 0.00000000E+00
 0.00000000E+00
 0.00000000E+00
 0.00000000E+00
 0.00000000E+00
 0.00000000E+00
 0.00000000E+00
 0.00000000E+00
 0.00000000E+00
 0.00000000E+00
 0.00000000E+00
 0.00000000E+00
 0.00000000E+00
 0.00000000E+00
 0.00000000E+00
 0.00000000E+00
 0.00000000E+00
 0.00000000E+00
 0.00000000E+00
 0.00000000E+00
 0.00000000E+00
 0.00000000E+00
 0.00000000E+00
 0.00000000E+00
 0.00000000E+00
 0.00000000E+00
 0.00000000E+00
 0.00000000E+00
 0.00000000E+00
 0.00000000E+00
 0.00000000E+00
 0.00000000E+00
 0.00000000E+00
 0.00000000E+00
 0.00000000E+00
 0.00000000E+00
 0.00000000E+00
 0.00000000E+00
 0.00000000E+00
 0.00000000E+00
 0.00000000E+00
 0.00000000E+00
 0.00000000E+00
 0.00000000E+00
 0.00000000E+00
 0.00000000E+00
 0.00000000E+00
 0.00000000E+00
 0.00000000E+00
 0.00000000E+00
 0.00000000E+00
 0.00000000E+00
 0.00000000E+00
 0.00000000E+00
 0.00000000E+00
 0.00000000E+00
 0.00000000E+00
 0.00000000E+00
 0.00000000E+00
 0.00000000E+00
 0.00000000E+00
 0.00000000E+00
 0.00000000E+00
 0.00000000E+00
 0.00000000E+00
 0.00000000E+00
 0.00000000E+00
 0.00000000E+00
 0.00000000E+00
 0.00000000E+00
 0.00000000E+00
 0.00000000E+00
 0.00000000E+00
 0.00000000E+00
 0.00000000E+00
 0.00000000E+00
 0.00000000E+00
 0.00000000E+00
 0.00000000E+00
 0.00000000E+00
 0.00000000E+00
 0.00000000E+00
 0.00000000E+00
 0.00000000E+00
 0.00000000E+00
 0.00000000E+00
 0.00000000E+00
 0.00000000E+00
 0.00000000E+00
 0.00000000E+00
 0.00000000E+00
 0.00000000E+00
 0.00000000E+00
 0.00000000E+00
 0.00000000E+00
 0.00000000E+00
 0.00000000E+00
 0.00000000E+00
 0.00000000E+00
 0.00000000E+00
 0.00000000E+00
 0.00000000E+00
 0.00000000E+00
 0.00000000E+00
 0.00000000E+00
 0.00000000E+00
 0.00000000E+00
 0.00000000E+00
 0.00000000E+00
 0.00000000E+00
 0.00000000E+00
 0.00000000E+00
 0.00000000E+00
 0.00000000E+00
 0.00000000E+00
 0.00000000E+00
 0.00000000E+00
 0.00000000E+00
 0.00000000E+00
 0.00000000E+00
 0.00000000E+00
 0.00000000E+00
 0.00000000E+00
 0.00000000E+00
 0.00000000E+00
 0.00000000E+00
 0.00000000E+00
 0.00000000E+00
 0.00000000E+00
 0.00000000E+00
 0.00000000E+00
 0.00000000E+00
 0.00000000E+00
 0.00000000E+00
 0.00000000E+00
 0.00000000E+00
 0.00000000E+00
 0.00000000E+00
 0.00000000E+00
 0.00000000E+00
 6.78406645E-01
 4.78581648E-01
 2.78756650E-01
 6.91889588E-02
 1.44648003E-01
 1.24942225E-01
 2.24461626E-02
 2.51490567E-05
 2.51490581E-05
 1.37028154E-01
 2.20592694E-02
 2.51490627E-05
 2.51490646E-05
 2.51490653E-05
 2.51490233E-05
 2.51490263E-05
 2.51490306E-05
 2.51490354E-05
 2.51490383E-05
 2.51490427E-05
 2.51490465E-05
 2.51490509E-05
 2.51490547E-05
 2.68493919E-02
 2.51490556E-05
 2.51490566E-05
 2.51490566E-05
 2.51490578E-05
 2.51490576E-05
 2.51490582E-05
 2.51490590E-05
 2.51490601E-05
 2.51490600E-05
 2.51490604E-05
 2.51490609E-05
 2.51490613E-05
 2.51490620E-05
 2.51490628E-05
 2.51490643E-05
 2.51490666E-05
 2.51490683E-05
 2.51490706E-05
 2.51490731E-05
 2.51490746E-05
 2.51490768E-05
 2.51490792E-05
 2.51490815E-05
 2.51490834E-05
 2.51490427E-05
 2.51490442E-05
 2.51490446E-05
 2.51490460E-05
 2.51490470E-05
 2.51490483E-05
 2.51490485E-05
 2.51490488E-05
 2.51490492E-05
 2.51490491E-05
 2.51490489E-05
 2.51490495E-05
 2.51490500E-05
 2.51490503E-05
 2.51490503E-05
 2.51490499E-05
 2.51490506E-05
 2.51490509E-05
 2.51490504E-05
 2.51490507E-05
 2.51490518E-05
 2.51490514E-05
 2.51490515E-05
 2.51490520E-05
 2.51490523E-05
 2.51490520E-05
 2.51490528E-05
 2.51490528E-05
 2.51490530E-05
 2.51490531E-05
 2.51490537E-05
 2.51490534E-05
 2.51490537E-05
 2.51490542E-05
 2.51490542E-05
 2.51490543E-05
 2.51490546E-05
 2.51490551E-05
 2.51490563E-05
 2.51490567E-05
 2.51490577E-05
 2.51490586E-05
 2.51490594E-05
 2.51490601E-05
 2.51490610E-05
 2.51490618E-05
 2.51490624E-05
 2.51490634E-05
 2.51490642E-05
 2.51490646E-05
 2.51490658E-05
 2.51490665E-05
 2.51490671E-05
 2.51490683E-05
 2.51490692E-05
 2.51490699E-05
 2.51490708E-05
 2.51490714E-05
 2.51490719E-05
 2.51490732E-05
 2.51490737E-05
 2.51490747E-05
 2.51490755E-05
 2.51490765E-05
 2.51490776E-05
 2.51490781E-05
 2.51490788E-05
 2.51490798E-05
 2.51490808E-05
 2.51490814E-05
 2.51490822E-05
 2.51490832E-05
 2.51490843E-05
 2.51490852E-05
 2.51490861E-05
 2.51490867E-05
 2.51490873E-05
 2.51490883E-05
 2.51490895E-05
 2.51490902E-05
 2.51490913E-05
 2.51490918E-05
 2.51490931E-05
 2.51490935E-05
 2.51490946E-05
 2.51490958E-05
 2.51490963E-05
 2.51490973E-05
 2.51490986E-05
 2.51490992E-05
 2.51491004E-05
 2.51491012E-05
 2.51491021E-05
 2.51491033E-05
 2.51490619E-05
 2.51490621E-05
 2.51490624E-05
 2.51490634E-05
 2.51490637E-05
 2.51490645E-05
 2.51490649E-05
 2.51490654E-05
 2.51490660E-05
 2.51490666E-05
 2.51490668E-05
 2.51490674E-05
 2.51490677E-05
 2.51490683E-05
 2.51490689E-05
 2.51490695E-05
 2.51490699E-05
 2.51490704E-05
 2.51490712E-05
 2.51490714E-05
 2.51490720E-05
 2.51490730E-05
 2.51490732E-05
 2.51490739E-05
 2.51490744E-05
 2.51490752E-05
 2.51490754E-05
 2.51490759E-05
 2.51490766E-05
 2.51490771E-05
 2.51490775E-05
 2.51490781E-05
 2.51490790E-05
 2.51490793E-05
 2.51490798E-05
 2.51490806E-05
 2.51490812E-05
 2.51490817E-05
 2.51490820E-05
 2.51490827E-05
 2.51490832E-05
 2.51490839E-05
 2.51490843E-05
 2.51490850E-05
 2.51490857E-05
 2.51490863E-05
 2.51490866E-05
 2.51490874E-05
 2.51490879E-05
 2.51490885E-05
 2.51490890E-05
 2.51490897E-05
 2.51490904E-05
 2.51490910E-05
 2.51490917E-05
 2.51490923E-05
 2.51490929E-05
 2.51490933E-05
 2.51490941E-05
 2.51490946E-05
 2.51490951E-05
 2.51490958E-05
 2.51490967E-05
 2.51490281E-05
 2.51490208E-05
 2.51490160E-05
 2.51490128E-05
 2.51490553E-05
 2.51490548E-05
 2.51490545E-05
 2.51490540E-05
 2.51490537E-05
 2.51490533E-05
 2.51490527E-05
 2.51490528E-05
 2.51490523E-05
 2.51490521E-05
 2.51490521E-05
 2.51490518E-05
 2.51490517E-05
 2.51490515E-05
 2.51490515E-05
 2.51490512E-05
 2.51490511E-05
 2.51490513E-05
 2.51490510E-05
 2.51490509E-05
 2.51490509E-05
 2.51490511E-05
 2.51490509E-05
 2.51490510E-05
 2.51490509E-05
 2.51490509E-05
 2.51490508E-05
 2.51490509E-05
 2.51490510E-05
 2.51490510E-05
 2.51490509E-05
 2.51490510E-05
 2.51490511E-05
 2.51490512E-05
 2.51490513E-05
 2.51490513E-05
 2.51490514E-05
 2.51490515E-05
 2.51490515E-05
 2.51490516E-05
 2.51490516E-05
 2.51490516E-05
 2.51490518E-05
 2.51490520E-05
 2.51490521E-05
 2.51490521E-05
 2.51490523E-05
 2.51490524E-05
 2.51490526E-05
 2.51490527E-05
 2.51490528E-05
 2.51490529E-05
 2.51490531E-05
 2.51490532E-05
 2.51490534E-05
 2.51490536E-05
 2.51490537E-05
 2.51490539E-05
 2.51490540E-05
 2.51490542E-05
 2.51490545E-05
 2.51490546E-05
 2.51490548E-05
 2.51490550E-05
 2.51490550E-05
 2.51490548E-05
 2.51490547E-05
 2.51490546E-05
 2.51490544E-05
 2.51490543E-05
 2.51490542E-05
 2.51490541E-05
 2.51490539E-05
 2.51490538E-05
 2.51490538E-05
 2.51490536E-05
 2.51490536E-05
 2.51490535E-05
 2.51490535E-05
 2.51490534E-05
 2.51490534E-05
 2.51490534E-05
 2.51490534E-05
 2.51490534E-05
 2.51490534E-05
 2.51490534E-05
 2.51490535E-05
 2.51490536E-05
 2.51490537E-05
 2.51490538E-05
 2.51490540E-05
 2.51490542E-05
 2.51490544E-05
 2.51490546E-05
 2.51490549E-05
 2.51490563E-05
 2.51490601E-05
 2.51490640E-05
 2.51490679E-05
 2.51490311E-05
 2.51490376E-05
 2.51490443E-05
 2.51490515E-05
 2.51490548E-05
 2.51490542E-05
 2.51490541E-05
 2.51490546E-05
 1.00428849E-04
 3.20620271E-04
 7.50225257E-04
 1.40492955E-04
 4.15607613E-05
 5.09204891E-05
 4.86860454E-05
 3.14253887E-05
 4.07734049E-05
 4.82398969E-05
 4.53908935E-05
 2.75424880E-05
 3.98995026E-05
 4.56521869E-05
 4.22378889E-05
 2.38827277E-05
 8.85869535E-02
 1.85835806E-01
 4.26915937E-01
 0.00000000E+00
 0.00000000E+00
 0.00000000E+00
 0.00000000E+00
 0.00000000E+00
 0.00000000E+00
 0.00000000E+00
 0.00000000E+00
 0.00000000E+00
 0.00000000E+00
 0.00000000E+00
 0.00000000E+00
 0.00000000E+00
 0.00000000E+00
 0.00000000E+00
 0.00000000E+00
 0.00000000E+00
 0.00000000E+00
 0.00000000E+00
 0.00000000E+00
 0.00000000E+00
 0.00000000E+00
 0.00000000E+00
 0.00000000E+00
 0.00000000E+00
 0.00000000E+00
 0.00000000E+00
 0.00000000E+00
 0.00000000E+00
 0.00000000E+00
 0.00000000E+00
 0.00000000E+00
 0.00000000E+00
 0.00000000E+00
 0.00000000E+00
 0.00000000E+00
 0.00000000E+00
 0.00000000E+00
 0.00000000E+00
 0.00000000E+00
 0.00000000E+00
 0.00000000E+00
 0.00000000E+00
 0.00000000E+00
 0.00000000E+00
 0.00000000E+00
 0.00000000E+00
 0.00000000E+00
 0.00000000E+00
 0.00000000E+00
 0.00000000E+00
 0.00000000E+00
 0.00000000E+00
 0.00000000E+00
 0.00000000E+00
 0.00000000E+00
 0.00000000E+00
 0.00000000E+00
 0.00000000E+00
 0.00000000E+00
 0.00000000E+00
 0.00000000E+00
 0.00000000E+00
 0.00000000E+00
 0.00000000E+00
 0.00000000E+00
 0.00000000E+00
 0.00000000E+00
 0.00000000E+00
 0.00000000E+00
 0.00000000E+00
 0.00000000E+00
 0.00000000E+00
 0.00000000E+00
 0.00000000E+00
 0.00000000E+00
 0.00000000E+00
 0.00000000E+00
 0.00000000E+00
 0.00000000E+00
 0.00000000E+00
 0.00000000E+00
 0.00000000E+00
 0.00000000E+00
 0.00000000E+00
 0.00000000E+00
 0.00000000E+00
 0.00000000E+00
 0.00000000E+00
 0.00000000E+00
 0.00000000E+00
 0.00000000E+00
 0.00000000E+00
 0.00000000E+00
 0.00000000E+00
 0.00000000E+00
 0.00000000E+00
 0.00000000E+00
 0.00000000E+00
 0.00000000E+00
 0.00000000E+00
 0.00000000E+00
 0.00000000E+00
 0.00000000E+00
 0.00000000E+00
 0.00000000E+00
 0.00000000E+00
 0.00000000E+00
 0.00000000E+00
 0.00000000E+00
 0.00000000E+00
 0.00000000E+00
 0.00000000E+00
 0.00000000E+00
 0.00000000E+00
 0.00000000E+00
 0.00000000E+00
 0.00000000E+00
 0.00000000E+00
 0.00000000E+00
 0.00000000E+00
 0.00000000E+00
 0.00000000E+00
 0.00000000E+00
 0.00000000E+00
 0.00000000E+00
 0.00000000E+00
 0.00000000E+00
 0.00000000E+00
 0.00000000E+00
 0.00000000E+00
 0.00000000E+00
 0.00000000E+00
 0.00000000E+00
 0.00000000E+00
 0.00000000E+00
 0.00000000E+00
 0.00000000E+00
 0.00000000E+00
 0.00000000E+00
 0.00000000E+00
 0.00000000E+00
 0.00000000E+00
 0.00000000E+00
 0.00000000E+00
 0.00000000E+00
 0.00000000E+00
 0.00000000E+00
 0.00000000E+00
 0.00000000E+00
 0.00000000E+00
 0.00000000E+00
 0.00000000E+00
 0.00000000E+00
 0.00000000E+00
 0.00000000E+00
 0.00000000E+00
 0.00000000E+00
 0.00000000E+00
 0.00000000E+00
 0.00000000E+00
 0.00000000E+00
 0.00000000E+00
 0.00000000E+00
 0.00000000E+00
 0.00000000E+00
 5.00165214E-01
 3.08611762E-01
 9.30107895E-02
 1.33127862E-01
 1.19773984E-01
 2.15206394E-02
 2.77202051E-05
 2.77202068E-05
 1.40517184E-01
 2.26193260E-02
 2.77202112E-05
 2.77202125E-05
 2.77202138E-05
 2.77201707E-05
 2.77201747E-05
 2.77201794E-05
 2.77201837E-05
 2.77201870E-05
 2.77201912E-05
 2.77201955E-05
 2.77202002E-05
 2.77202032E-05
 2.75353435E-02
 2.77202040E-05
 2.77202050E-05
 2.77202057E-05
 2.77202057E-05
 2.77202064E-05
 2.77202068E-05
 2.77202072E-05
 2.77202076E-05
 2.77202092E-05
 2.77202093E-05
 2.77202102E-05
 2.77202102E-05
 2.77202109E-05
 2.77202119E-05
 2.77202133E-05
 2.77202153E-05
 2.77202173E-05
 2.77202194E-05
 2.77202216E-05
 2.77202236E-05
 2.77202258E-05
 2.77202278E-05
 2.77202295E-05
 2.77202321E-05
 2.77201917E-05
 2.77201928E-05
 2.77201930E-05
 2.77201945E-05
 2.77201958E-05
 2.77201966E-05
 2.77201977E-05
 2.77201978E-05
 2.77201982E-05
 2.77201978E-05
 2.77201982E-05
 2.77201986E-05
 2.77201985E-05
 2.77201983E-05
 2.77201984E-05
 2.77201988E-05
 2.77201988E-05
 2.77201996E-05
 2.77201995E-05
 2.77201996E-05
 2.77202004E-05
 2.77202002E-05
 2.77202005E-05
 2.77202004E-05
 2.77202005E-05
 2.77202009E-05
 2.77202014E-05
 2.77202013E-05
 2.77202017E-05
 2.77202021E-05
 2.77202022E-05
 2.77202019E-05
 2.77202022E-05
 2.77202031E-05
 2.77202029E-05
 2.77202035E-05
 2.77202032E-05
 2.77202039E-05
 2.77202046E-05
 2.77202056E-05
 2.77202064E-05
 2.77202074E-05
 2.77202077E-05
 2.77202088E-05
 2.77202098E-05
 2.77202100E-05
 2.77202113E-05
 2.77202122E-05
 2.77202129E-05
 2.77202136E-05
 2.77202143E-05
 2.77202151E-05
 2.77202158E-05
 2.77202169E-05
 2.77202177E-05
 2.77202188E-05
 2.77202194E-05
 2.77202201E-05
 2.77202208E-05
 2.77202219E-05
 2.77202229E-05
 2.77202231E-05
 2.77202241E-05
 2.77202252E-05
 2.77202257E-05
 2.77202269E-05
 2.77202274E-05
 2.77202289E-05
 2.77202294E-05
 2.77202302E-05
 2.77202311E-05
 2.77202320E-05
 2.77202329E-05
 2.77202337E-05
 2.77202347E-05
 2.77202354E-05
 2.77202365E-05
 2.77202373E-05
 2.77202384E-05
 2.77202393E-05
 2.77202400E-05
 2.77202410E-05
 2.77202417E-05
 2.77202424E-05
 2.77202438E-05
 2.77202446E-05
 2.77202457E-05
 2.77202461E-05
 2.77202472E-05
 2.77202480E-05
 2.77202494E-05
 2.77202502E-05
 2.77202509E-05
 2.77202101E-05
 2.77202104E-05
 2.77202105E-05
 2.77202112E-05
 2.77202120E-05
 2.77202124E-05
 2.77202129E-05
 2.77202135E-05
 2.77202141E-05
 2.77202148E-05
 2.77202150E-05
 2.77202157E-05
 2.77202159E-05
 2.77202165E-05
 2.77202171E-05
 2.77202177E-05
 2.77202182E-05
 2.77202185E-05
 2.77202192E-05
 2.77202199E-05
 2.77202203E-05
 2.77202206E-05
 2.77202213E-05
 2.77202223E-05
 2.77202226E-05
 2.77202232E-05
 2.77202239E-05
 2.77202241E-05
 2.77202245E-05
 2.77202253E-05
 2.77202257E-05
 2.77202264E-05
 2.77202269E-05
 2.77202276E-05
 2.77202281E-05
 2.77202289E-05
 2.77202294E-05
 2.77202297E-05
 2.77202303E-05
 2.77202311E-05
 2.77202314E-05
 2.77202323E-05
 2.77202327E-05
 2.77202335E-05
 2.77202337E-05
 2.77202343E-05
 2.77202352E-05
 2.77202358E-05
 2.77202360E-05
 2.77202367E-05
 2.77202375E-05
 2.77202381E-05
 2.77202385E-05
 2.77202394E-05
 2.77202396E-05
 2.77202404E-05
 2.77202410E-05
 2.77202417E-05
 2.77202424E-05
 2.77202428E-05
 2.77202437E-05
 2.77202441E-05
 2.77202447E-05
 2.77202454E-05
 2.77201774E-05
 2.77201699E-05
 2.77201647E-05
 2.77201612E-05
 2.77202040E-05
 2.77202034E-05
 2.77202029E-05
 2.77202026E-05
 2.77202021E-05
 2.77202019E-05
 2.77202013E-05
 2.77202011E-05
 2.77202008E-05
 2.77202008E-05
 2.77202006E-05
 2.77202002E-05
 2.77202001E-05
 2.77202000E-05
 2.77201998E-05
 2.77201997E-05
 2.77201999E-05
 2.77201997E-05
 2.77201995E-05
 2.77201995E-05
 2.77201994E-05
 2.77201996E-05
 2.77201995E-05
 2.77201993E-05
 2.77201994E-05
 2.77201994E-05
 2.77201995E-05
 2.77201993E-05
 2.77201995E-05
 2.77201995E-05
 2.77201995E-05
 2.77201995E-05
 2.77201996E-05
 2.77201996E-05
 2.77201996E-05
 2.77201999E-05
 2.77201999E-05
 2.77202000E-05
 2.77201999E-05
 2.77202002E-05
 2.77202002E-05
 2.77202002E-05
 2.77202005E-05
 2.77202006E-05
 2.77202005E-05
 2.77202007E-05
 2.77202008E-05
 2.77202011E-05
 2.77202011E-05
 2.77202013E-05
 2.77202014E-05
 2.77202015E-05
 2.77202017E-05
 2.77202019E-05
 2.77202020E-05
 2.77202021E-05
 2.77202023E-05
 2.77202025E-05
 2.77202027E-05
 2.77202029E-05
 2.77202031E-05
 2.77202032E-05
 2.77202034E-05
 2.77202037E-05
 2.77202036E-05
 2.77202035E-05
 2.77202033E-05
 2.77202032E-05
 2.77202030E-05
 2.77202029E-05
 2.77202028E-05
 2.77202027E-05
 2.77202025E-05
 2.77202024E-05
 2.77202023E-05
 2.77202023E-05
 2.77202022E-05
 2.77202021E-05
 2.77202021E-05
 2.77202020E-05
 2.77202020E-05
 2.77202020E-05
 2.77202020E-05
 2.77202020E-05
 2.77202020E-05
 2.77202021E-05
 2.77202021E-05
 2.77202022E-05
 2.77202023E-05
 2.77202024E-05
 2.77202026E-05
 2.77202027E-05
 2.77202030E-05
 2.77202032E-05
 2.77202035E-05
 2.77202049E-05
 2.77202088E-05
 2.77202127E-05
 2.77202167E-05
 2.77201795E-05
 2.77201861E-05
 2.77201929E-05
 2.77202001E-05
 2.77202034E-05
 2.77202028E-05
 2.77202027E-05
 2.77202033E-05
 9.26595341E-05
 3.03736364E-04
 7.29561827E-04
 1.32295722E-04
 4.41058138E-05
 5.33371515E-05
 5.11046231E-05
 3.38845377E-05
 4.31666562E-05
 5.05105009E-05
 4.76800433E-05
 2.98681403E-05
 4.21526421E-05
 4.77880076E-05
 4.44068913E-05
 2.60846633E-05
 8.49180202E-02
 1.78143516E-01
 4.18846992E-01
 0.00000000E+00
 0.00000000E+00
 0.00000000E+00
 0.00000000E+00
 0.00000000E+00
 0.00000000E+00
 0.00000000E+00
 0.00000000E+00
 0.00000000E+00
 0.00000000E+00
 0.00000000E+00
 0.00000000E+00
 0.00000000E+00
 0.00000000E+00
 0.00000000E+00
 0.00000000E+00
 0.00000000E+00
 0.00000000E+00
 0.00000000E+00
 0.00000000E+00
 0.00000000E+00
 0.00000000E+00
 0.00000000E+00
 0.00000000E+00
 0.00000000E+00
 0.00000000E+00
 0.00000000E+00
 0.00000000E+00
 0.00000000E+00
 0.00000000E+00
 0.00000000E+00
 0.00000000E+00
 0.00000000E+00
 0.00000000E+00
 0.00000000E+00
 0.00000000E+00
 0.00000000E+00
 0.00000000E+00
 0.00000000E+00
 0.00000000E+00
 0.00000000E+00
 0.00000000E+00
 0.00000000E+00
 0.00000000E+00
 0.00000000E+00
 0.00000000E+00
 0.00000000E+00
 0.00000000E+00
 0.00000000E+00
 0.00000000E+00
 0.00000000E+00
 0.00000000E+00
 0.00000000E+00
 0.00000000E+00
 0.00000000E+00
 0.00000000E+00
 0.00000000E+00
 0.00000000E+00
 0.00000000E+00
 0.00000000E+00
 0.00000000E+00
 0.00000000E+00
 0.00000000E+00
 0.00000000E+00
 0.00000000E+00
 0.00000000E+00
 0.00000000E+00
 0.00000000E+00
 0.00000000E+00
 0.00000000E+00
 0.00000000E+00
 0.00000000E+00
 0.00000000E+00
 0.00000000E+00
 0.00000000E+00
 0.00000000E+00
 0.00000000E+00
 0.00000000E+00
 0.00000000E+00
 0.00000000E+00
 0.00000000E+00
 0.00000000E+00
 0.00000000E+00
 0.00000000E+00
 0.00000000E+00
 0.00000000E+00
 0.00000000E+00
 0.00000000E+00
 0.00000000E+00
 0.00000000E+00
 0.00000000E+00
 0.00000000E+00
 0.00000000E+00
 0.00000000E+00
 0.00000000E+00
 0.00000000E+00
 0.00000000E+00
 0.00000000E+00
 0.00000000E+00
 0.00000000E+00
 0.00000000E+00
 0.00000000E+00
 0.00000000E+00
 0.00000000E+00
 0.00000000E+00
 0.00000000E+00
 0.00000000E+00
 0.00000000E+00
 0.00000000E+00
 0.00000000E+00
 0.00000000E+00
 0.00000000E+00
 0.00000000E+00
 0.00000000E+00
 0.00000000E+00
 0.00000000E+00
 0.00000000E+00
 0.00000000E+00
 0.00000000E+00
 0.00000000E+00
 0.00000000E+00
 0.00000000E+00
 0.00000000E+00
 0.00000000E+00
 0.00000000E+00
 0.00000000E+00
 0.00000000E+00
 0.00000000E+00
 0.00000000E+00
 0.00000000E+00
 0.00000000E+00
 0.00000000E+00
 0.00000000E+00
 0.00000000E+00
 0.00000000E+00
 0.00000000E+00
 0.00000000E+00
 0.00000000E+00
 0.00000000E+00
 0.00000000E+00
 0.00000000E+00
 0.00000000E+00
 0.00000000E+00
 0.00000000E+00
 0.00000000E+00
 0.00000000E+00
 0.00000000E+00
 0.00000000E+00
 0.00000000E+00
 0.00000000E+00
 0.00000000E+00
 0.00000000E+00
 0.00000000E+00
 0.00000000E+00
 0.00000000E+00
 0.00000000E+00
 0.00000000E+00
 0.00000000E+00
 0.00000000E+00
 0.00000000E+00
 0.00000000E+00
 0.00000000E+00
 0.00000000E+00
 0.00000000E+00
 0.00000000E+00
 0.00000000E+00
 5.21713642E-01
 3.38418271E-01
 1.16793946E-01
 1.21626212E-01
 1.14613854E-01
 2.05963192E-02
 2.99834040E-05
 2.99834046E-05
 1.44000771E-01
 2.31787637E-02
 2.99834095E-05
 2.99834102E-05
 2.99834118E-05
 2.99833696E-05
 2.99833727E-05
 2.99833768E-05
 2.99833816E-05
 2.99833854E-05
 2.99833895E-05
 2.99833939E-05
 2.99833980E-05
 2.99834021E-05
 2.82198616E-02
 2.99834024E-05
 2.99834028E-05
 2.99834034E-05
 2.99834041E-05
 2.99834043E-05
 2.99834056E-05
 2.99834059E-05
 2.99834066E-05
 2.99834075E-05
 2.99834074E-05
 2.99834076E-05
 2.99834090E-05
 2.99834092E-05
 2.99834100E-05
 2.99834113E-05
 2.99834135E-05
 2.99834157E-05
 2.99834180E-05
 2.99834194E-05
 2.99834218E-05
 2.99834239E-05
 2.99834266E-05
 2.99834278E-05
 2.99834305E-05
 2.99833893E-05
 2.99833906E-05
 2.99833917E-05
 2.99833932E-05
 2.99833943E-05
 2.99833956E-05
 2.99833955E-05
 2.99833962E-05
 2.99833960E-05
 2.99833958E-05
 2.99833963E-05
 2.99833966E-05
 2.99833966E-05
 2.99833969E-05
 2.99833968E-05
 2.99833976E-05
 2.99833980E-05
 2.99833982E-05
 2.99833976E-05
 2.99833979E-05
 2.99833985E-05
 2.99833982E-05
 2.99833989E-05
 2.99833985E-05
 2.99833990E-05
 2.99833996E-05
 2.99833996E-05
 2.99833995E-05
 2.99833999E-05
 2.99834001E-05
 2.99833999E-05
 2.99834007E-05
 2.99834012E-05
 2.99834011E-05
 2.99834011E-05
 2.99834015E-05
 2.99834019E-05
 2.99834018E-05
 2.99834035E-05
 2.99834036E-05
 2.99834045E-05
 2.99834056E-05
 2.99834059E-05
 2.99834068E-05
 2.99834077E-05
 2.99834084E-05
 2.99834099E-05
 2.99834098E-05
 2.99834110E-05
 2.99834117E-05
 2.99834124E-05
 2.99834136E-05
 2.99834140E-05
 2.99834154E-05
 2.99834157E-05
 2.99834169E-05
 2.99834179E-05
 2.99834185E-05
 2.99834195E-05
 2.99834204E-05
 2.99834214E-05
 2.99834216E-05
 2.99834225E-05
 2.99834236E-05
 2.99834244E-05
 2.99834252E-05
 2.99834264E-05
 2.99834272E-05
 2.99834278E-05
 2.99834289E-05
 2.99834301E-05
 2.99834307E-05
 2.99834315E-05
 2.99834324E-05
 2.99834332E-05
 2.99834344E-05
 2.99834350E-05
 2.99834362E-05
 2.99834366E-05
 2.99834379E-05
 2.99834385E-05
 2.99834396E-05
 2.99834405E-05
 2.99834413E-05
 2.99834426E-05
 2.99834431E-05
 2.99834445E-05
 2.99834450E-05
 2.99834462E-05
 2.99834469E-05
 2.99834481E-05
 2.99834491E-05
 2.99834499E-05
 2.99834081E-05
 2.99834089E-05
 2.99834094E-05
 2.99834099E-05
 2.99834102E-05
 2.99834109E-05
 2.99834113E-05
 2.99834117E-05
 2.99834126E-05
 2.99834129E-05
 2.99834134E-05
 2.99834142E-05
 2.99834146E-05
 2.99834153E-05
 2.99834155E-05
 2.99834160E-05
 2.99834165E-05
 2.99834173E-05
 2.99834180E-05
 2.99834181E-05
 2.99834188E-05
 2.99834195E-05
 2.99834200E-05
 2.99834207E-05
 2.99834212E-05
 2.99834215E-05
 2.99834220E-05
 2.99834229E-05
 2.99834234E-05
 2.99834241E-05
 2.99834246E-05
 2.99834248E-05
 2.99834257E-05
 2.99834263E-05
 2.99834267E-05
 2.99834273E-05
 2.99834278E-05
 2.99834284E-05
 2.99834287E-05
 2.99834297E-05
 2.99834301E-05
 2.99834307E-05
 2.99834312E-05
 2.99834316E-05
 2.99834323E-05
 2.99834329E-05
 2.99834335E-05
 2.99834344E-05
 2.99834349E-05
 2.99834355E-05
 2.99834362E-05
 2.99834366E-05
 2.99834373E-05
 2.99834379E-05
 2.99834383E-05
 2.99834392E-05
 2.99834399E-05
 2.99834403E-05
 2.99834407E-05
 2.99834415E-05
 2.99834420E-05
 2.99834429E-05
 2.99834435E-05
 2.99834442E-05
 2.99833766E-05
 2.99833686E-05
 2.99833632E-05
 2.99833595E-05
 2.99834021E-05
 2.99834017E-05
 2.99834011E-05
 2.99834008E-05
 2.99834002E-05
 2.99834001E-05
 2.99833996E-05
 2.99833993E-05
 2.99833992E-05
 2.99833988E-05
 2.99833989E-05
 2.99833986E-05
 2.99833985E-05
 2.99833984E-05
 2.99833982E-05
 2.99833980E-05
 2.99833981E-05
 2.99833980E-05
 2.99833980E-05
 2.99833978E-05
 2.99833978E-05
 2.99833979E-05
 2.99833976E-05
 2.99833977E-05
 2.99833978E-05
 2.99833978E-05
 2.99833978E-05
 2.99833976E-05
 2.99833977E-05
 2.99833978E-05
 2.99833977E-05
 2.99833980E-05
 2.99833979E-05
 2.99833979E-05
 2.99833980E-05
 2.99833980E-05
 2.99833983E-05
 2.99833983E-05
 2.99833983E-05
 2.99833985E-05
 2.99833985E-05
 2.99833987E-05
 2.99833987E-05
 2.99833989E-05
 2.99833989E-05
 2.99833991E-05
 2.99833992E-05
 2.99833994E-05
 2.99833994E-05
 2.99833995E-05
 2.99833997E-05
 2.99833999E-05
 2.99834000E-05
 2.99834002E-05
 2.99834004E-05
 2.99834006E-05
 2.99834007E-05
 2.99834009E-05
 2.99834011E-05
 2.99834012E-05
 2.99834014E-05
 2.99834016E-05
 2.99834019E-05
 2.99834020E-05
 2.99834020E-05
 2.99834018E-05
 2.99834017E-05
 2.99834016E-05
 2.99834014E-05
 2.99834012E-05
 2.99834011E-05
 2.99834010E-05
 2.99834009E-05
 2.99834008E-05
 2.99834007E-05
 2.99834006E-05
 2.99834006E-05
 2.99834005E-05
 2.99834004E-05
 2.99834004E-05
 2.99834004E-05
 2.99834003E-05
 2.99834003E-05
 2.99834003E-05
 2.99834004E-05
 2.99834004E-05
 2.99834005E-05
 2.99834006E-05
 2.99834007E-05
 2.99834008E-05
 2.99834010E-05
 2.99834011E-05
 2.99834013E-05
 2.99834016E-05
 2.99834019E-05
 2.99834033E-05
 2.99834072E-05
 2.99834112E-05
 2.99834152E-05
 2.99833778E-05
 2.99833843E-05
 2.99833912E-05
 2.99833984E-05
 2.99834019E-05
 2.99834012E-05
 2.99834011E-05
 2.99834017E-05
 8.52066324E-05
 2.87183709E-04
 7.09235699E-04
 1.24422198E-04
 4.63409892E-05
 5.54486309E-05
 5.32224105E-05
 3.60471422E-05
 4.52676890E-05
 5.24932214E-05
 4.96853368E-05
 3.19138597E-05
 4.41298633E-05
 4.96519236E-05
 4.63076896E-05
 2.80220290E-05
 8.12551999E-02
 1.70463733E-01
 4.10791069E-01
 0.00000000E+00
 0.00000000E+00
 0.00000000E+00
 0.00000000E+00
 0.00000000E+00
 0.00000000E+00
 0.00000000E+00
 0.00000000E+00
 0.00000000E+00
 0.00000000E+00
 0.00000000E+00
 0.00000000E+00
 0.00000000E+00
 0.00000000E+00
 0.00000000E+00
 0.00000000E+00
 0.00000000E+00
 0.00000000E+00
 0.00000000E+00
 0.00000000E+00
 0.00000000E+00
 0.00000000E+00
 0.00000000E+00
 0.00000000E+00
 0.00000000E+00
 0.00000000E+00
 0.00000000E+00
 0.00000000E+00
 0.00000000E+00
 0.00000000E+00
 0.00000000E+00
 0.00000000E+00
 0.00000000E+00
 0.00000000E+00
 0.00000000E+00
 0.00000000E+00
 0.00000000E+00
 0.00000000E+00
 0.00000000E+00
 0.00000000E+00
 0.00000000E+00
 0.00000000E+00
 0.00000000E+00
 0.00000000E+00
 0.00000000E+00
 0.00000000E+00
 0.00000000E+00
 0.00000000E+00
 0.00000000E+00
 0.00000000E+00
 0.00000000E+00
 0.00000000E+00
 0.00000000E+00
 0.00000000E+00
 0.00000000E+00
 0.00000000E+00
 0.00000000E+00
 0.00000000E+00
 0.00000000E+00
 0.00000000E+00
 0.00000000E+00
 0.00000000E+00
 0.00000000E+00
 0.00000000E+00
 0.00000000E+00
 0.00000000E+00
 0.00000000E+00
 0.00000000E+00
 0.00000000E+00
 0.00000000E+00
 0.00000000E+00
 0.00000000E+00
 0.00000000E+00
 0.00000000E+00
 0.00000000E+00
 0.00000000E+00
 0.00000000E+00
 0.00000000E+00
 0.00000000E+00
 0.00000000E+00
 0.00000000E+00
 0.00000000E+00
 0.00000000E+00
 0.00000000E+00
 0.00000000E+00
 0.00000000E+00
 0.00000000E+00
 0.00000000E+00
 0.00000000E+00
 0.00000000E+00
 0.00000000E+00
 0.00000000E+00
 0.00000000E+00
 0.00000000E+00
 0.00000000E+00
 0.00000000E+00
 0.00000000E+00
 0.00000000E+00
 0.00000000E+00
 0.00000000E+00
 0.00000000E+00
 0.00000000E+00
 0.00000000E+00
 0.00000000E+00
 0.00000000E+00
 0.00000000E+00
 0.00000000E+00
 0.00000000E+00
 0.00000000E+00
 0.00000000E+00
 0.00000000E+00
 0.00000000E+00
 0.00000000E+00
 0.00000000E+00
 0.00000000E+00
 0.00000000E+00
 0.00000000E+00
 0.00000000E+00
 0.00000000E+00
 0.00000000E+00
 0.00000000E+00
 0.00000000E+00
 0.00000000E+00
 0.00000000E+00
 0.00000000E+00
 0.00000000E+00
 0.00000000E+00
 0.00000000E+00
 0.00000000E+00
 0.00000000E+00
 0.00000000E+00
 0.00000000E+00
 0.00000000E+00
 0.00000000E+00
 0.00000000E+00
 0.00000000E+00
 0.00000000E+00
 0.00000000E+00
 0.00000000E+00
 0.00000000E+00
 0.00000000E+00
 0.00000000E+00
 0.00000000E+00
 0.00000000E+00
 0.00000000E+00
 0.00000000E+00
 0.00000000E+00
 0.00000000E+00
 0.00000000E+00
 0.00000000E+00
 0.00000000E+00
 0.00000000E+00
 0.00000000E+00
 0.00000000E+00
 0.00000000E+00
 0.00000000E+00
 0.00000000E+00
 0.00000000E+00
 0.00000000E+00
 0.00000000E+00
 0.00000000E+00
 0.00000000E+00
 0.00000000E+00
 0.00000000E+00
 0.00000000E+00
 0.00000000E+00
 5.43226998E-01
 3.68176267E-01
 1.40538502E-01
 1.10143019E-01
 1.09461819E-01
 1.96731996E-02
 3.19391671E-05
 3.19391678E-05
 1.47478924E-01
 2.37375838E-02
 3.19391716E-05
 3.19391739E-05
 3.19391753E-05
 3.19391322E-05
 3.19391361E-05
 3.19391403E-05
 3.19391441E-05
 3.19391486E-05
 3.19391523E-05
 3.19391576E-05
 3.19391616E-05
 3.19391655E-05
 2.89029486E-02
 3.19391658E-05
 3.19391668E-05
 3.19391667E-05
 3.19391672E-05
 3.19391682E-05
 3.19391690E-05
 3.19391692E-05
 3.19391696E-05
 3.19391709E-05
 3.19391710E-05
 3.19391711E-05
 3.19391718E-05
 3.19391723E-05
 3.19391735E-05
 3.19391745E-05
 3.19391768E-05
 3.19391789E-05
 3.19391807E-05
 3.19391830E-05
 3.19391851E-05
 3.19391877E-05
 3.19391896E-05
 3.19391921E-05
 3.19391945E-05
 3.19391532E-05
 3.19391542E-05
 3.19391558E-05
 3.19391562E-05
 3.19391583E-05
 3.19391590E-05
 3.19391592E-05
 3.19391590E-05
 3.19391596E-05
 3.19391600E-05
 3.19391595E-05
 3.19391603E-05
 3.19391605E-05
 3.19391604E-05
 3.19391612E-05
 3.19391614E-05
 3.19391610E-05
 3.19391612E-05
 3.19391620E-05
 3.19391619E-05
 3.19391623E-05
 3.19391621E-05
 3.19391623E-05
 3.19391621E-05
 3.19391626E-05
 3.19391631E-05
 3.19391628E-05
 3.19391632E-05
 3.19391633E-05
 3.19391636E-05
 3.19391638E-05
 3.19391640E-05
 3.19391643E-05
 3.19391648E-05
 3.19391651E-05
 3.19391648E-05
 3.19391654E-05
 3.19391654E-05
 3.19391667E-05
 3.19391675E-05
 3.19391681E-05
 3.19391690E-05
 3.19391697E-05
 3.19391703E-05
 3.19391714E-05
 3.19391721E-05
 3.19391730E-05
 3.19391740E-05
 3.19391745E-05
 3.19391755E-05
 3.19391759E-05
 3.19391772E-05
 3.19391775E-05
 3.19391788E-05
 3.19391795E-05
 3.19391805E-05
 3.19391812E-05
 3.19391819E-05
 3.19391829E-05
 3.19391838E-05
 3.19391847E-05
 3.19391852E-05
 3.19391864E-05
 3.19391869E-05
 3.19391885E-05
 3.19391892E-05
 3.19391902E-05
 3.19391908E-05
 3.19391915E-05
 3.19391928E-05
 3.19391934E-05
 3.19391944E-05
 3.19391952E-05
 3.19391962E-05
 3.19391973E-05
 3.19391979E-05
 3.19391989E-05
 3.19391994E-05
 3.19392007E-05
 3.19392011E-05
 3.19392023E-05
 3.19392035E-05
 3.19392041E-05
 3.19392053E-05
 3.19392062E-05
 3.19392073E-05
 3.19392076E-05
 3.19392085E-05
 3.19392100E-05
 3.19392109E-05
 3.19392116E-05
 3.19392126E-05
 3.19391709E-05
 3.19391718E-05
 3.19391723E-05
 3.19391728E-05
 3.19391730E-05
 3.19391738E-05
 3.19391741E-05
 3.19391750E-05
 3.19391753E-05
 3.19391761E-05
 3.19391764E-05
 3.19391773E-05
 3.19391774E-05
 3.19391780E-05
 3.19391785E-05
 3.19391794E-05
 3.19391797E-05
 3.19391803E-05
 3.19391807E-05
 3.19391815E-05
 3.19391821E-05
 3.19391825E-05
 3.19391831E-05
 3.19391836E-05
 3.19391843E-05
 3.19391847E-05
 3.19391853E-05
 3.19391857E-05
 3.19391862E-05
 3.19391870E-05
 3.19391875E-05
 3.19391882E-05
 3.19391885E-05
 3.19391891E-05
 3.19391897E-05
 3.19391902E-05
 3.19391909E-05
 3.19391912E-05
 3.19391922E-05
 3.19391925E-05
 3.19391933E-05
 3.19391936E-05
 3.19391945E-05
 3.19391948E-05
 3.19391954E-05
 3.19391962E-05
 3.19391965E-05
 3.19391972E-05
 3.19391981E-05
 3.19391987E-05
 3.19391989E-05
 3.19391996E-05
 3.19392005E-05
 3.19392011E-05
 3.19392015E-05
 3.19392023E-05
 3.19392027E-05
 3.19392036E-05
 3.19392038E-05
 3.19392048E-05
 3.19392053E-05
 3.19392060E-05
 3.19392066E-05
 3.19392073E-05
 3.19392078E-05
 3.19391411E-05
 3.19391323E-05
 3.19391269E-05
 3.19391229E-05
 3.19391656E-05
 3.19391651E-05
 3.19391648E-05
 3.19391642E-05
 3.19391637E-05
 3.19391634E-05
 3.19391632E-05
 3.19391630E-05
 3.19391625E-05
 3.19391625E-05
 3.19391623E-05
 3.19391619E-05
 3.19391619E-05
 3.19391616E-05
 3.19391615E-05
 3.19391616E-05
 3.19391613E-05
 3.19391613E-05
 3.19391614E-05
 3.19391612E-05
 3.19391611E-05
 3.19391610E-05
 3.19391612E-05
 3.19391612E-05
 3.19391610E-05
 3.19391610E-05
 3.19391611E-05
 3.19391613E-05
 3.19391612E-05
 3.19391612E-05
 3.19391612E-05
 3.19391613E-05
 3.19391614E-05
 3.19391614E-05
 3.19391616E-05
 3.19391616E-05
 3.19391616E-05
 3.19391617E-05
 3.19391618E-05
 3.19391618E-05
 3.19391621E-05
 3.19391620E-05
 3.19391622E-05
 3.19391623E-05
 3.19391624E-05
 3.19391625E-05
 3.19391627E-05
 3.19391627E-05
 3.19391629E-05
 3.19391631E-05
 3.19391632E-05
 3.19391633E-05
 3.19391635E-05
 3.19391636E-05
 3.19391638E-05
 3.19391639E-05
 3.19391641E-05
 3.19391644E-05
 3.19391645E-05
 3.19391647E-05
 3.19391649E-05
 3.19391651E-05
 3.19391653E-05
 3.19391656E-05
 3.19391655E-05
 3.19391653E-05
 3.19391651E-05
 3.19391651E-05
 3.19391649E-05
 3.19391648E-05
 3.19391646E-05
 3.19391645E-05
 3.19391644E-05
 3.19391643E-05
 3.19391642E-05
 3.19391641E-05
 3.19391640E-05
 3.19391640E-05
 3.19391639E-05
 3.19391639E-05
 3.19391638E-05
 3.19391638E-05
 3.19391638E-05
 3.19391638E-05
 3.19391638E-05
 3.19391639E-05
 3.19391640E-05
 3.19391640E-05
 3.19391641E-05
 3.19391643E-05
 3.19391644E-05
 3.19391646E-05
 3.19391648E-05
 3.19391650E-05
 3.19391653E-05
 3.19391668E-05
 3.19391707E-05
 3.19391747E-05
 3.19391788E-05
 3.19391410E-05
 3.19391476E-05
 3.19391546E-05
 3.19391619E-05
 3.19391653E-05
 3.19391647E-05
 3.19391646E-05
 3.19391652E-05
 7.80696121E-05
 2.70961745E-04
 6.89246301E-04
 1.16871817E-04
 4.82668321E-05
 5.72554656E-05
 5.50399400E-05
 3.79137290E-05
 4.70770241E-05
 5.41885733E-05
 5.14072831E-05
 3.36801499E-05
 4.58316641E-05
 5.12444271E-05
 4.79407706E-05
 2.96953064E-05
 7.75984809E-02
 1.62796433E-01
 4.02748141E-01
 0.00000000E+00
 0.00000000E+00
 0.00000000E+00
 0.00000000E+00
 0.00000000E+00
 0.00000000E+00
 0.00000000E+00
 0.00000000E+00
 0.00000000E+00
 0.00000000E+00
 0.00000000E+00
 0.00000000E+00
 0.00000000E+00
 0.00000000E+00
 0.00000000E+00
 0.00000000E+00
 0.00000000E+00
 0.00000000E+00
 0.00000000E+00
 0.00000000E+00
 0.00000000E+00
 0.00000000E+00
 0.00000000E+00
 0.00000000E+00
 0.00000000E+00
 0.00000000E+00
 0.00000000E+00
 0.00000000E+00
 0.00000000E+00
 0.00000000E+00
 0.00000000E+00
 0.00000000E+00
 0.00000000E+00
 0.00000000E+00
 0.00000000E+00
 0.00000000E+00
 0.00000000E+00
 0.00000000E+00
 0.00000000E+00
 0.00000000E+00
 0.00000000E+00
 0.00000000E+00
 0.00000000E+00
 0.00000000E+00
 0.00000000E+00
 0.00000000E+00
 0.00000000E+00
 0.00000000E+00
 0.00000000E+00
 0.00000000E+00
 0.00000000E+00
 0.00000000E+00
 0.00000000E+00
 0.00000000E+00
 0.00000000E+00
 0.00000000E+00
 0.00000000E+00
 0.00000000E+00
 0.00000000E+00
 0.00000000E+00
 0.00000000E+00
 0.00000000E+00
 0.00000000E+00
 0.00000000E+00
 0.00000000E+00
 0.00000000E+00
 0.00000000E+00
 0.00000000E+00
 0.00000000E+00
 0.00000000E+00
 0.00000000E+00
 0.00000000E+00
 0.00000000E+00
 0.00000000E+00
 0.00000000E+00
 0.00000000E+00
 0.00000000E+00
 0.00000000E+00
 0.00000000E+00
 0.00000000E+00
 0.00000000E+00
 0.00000000E+00
 0.00000000E+00
 0.00000000E+00
 0.00000000E+00
 0.00000000E+00
 0.00000000E+00
 0.00000000E+00
 0.00000000E+00
 0.00000000E+00
 0.00000000E+00
 0.00000000E+00
 0.00000000E+00
 0.00000000E+00
 0.00000000E+00
 0.00000000E+00
 0.00000000E+00
 0.00000000E+00
 0.00000000E+00
 0.00000000E+00
 0.00000000E+00
 0.00000000E+00
 0.00000000E+00
 0.00000000E+00
 0.00000000E+00
 0.00000000E+00
 0.00000000E+00
 0.00000000E+00
 0.00000000E+00
 0.00000000E+00
 0.00000000E+00
 0.00000000E+00
 0.00000000E+00
 0.00000000E+00
 0.00000000E+00
 0.00000000E+00
 0.00000000E+00
 0.00000000E+00
 0.00000000E+00
 0.00000000E+00
 0.00000000E+00
 0.00000000E+00
 0.00000000E+00
 0.00000000E+00
 0.00000000E+00
 0.00000000E+00
 0.00000000E+00
 0.00000000E+00
 0.00000000E+00
 0.00000000E+00
 0.00000000E+00
 0.00000000E+00
 0.00000000E+00
 0.00000000E+00
 0.00000000E+00
 0.00000000E+00
 0.00000000E+00
 0.00000000E+00
 0.00000000E+00
 0.00000000E+00
 0.00000000E+00
 0.00000000E+00
 0.00000000E+00
 0.00000000E+00
 0.00000000E+00
 0.00000000E+00
 0.00000000E+00
 0.00000000E+00
 0.00000000E+00
 0.00000000E+00
 0.00000000E+00
 0.00000000E+00
 0.00000000E+00
 0.00000000E+00
 0.00000000E+00
 0.00000000E+00
 0.00000000E+00
 0.00000000E+00
 0.00000000E+00
 0.00000000E+00
 0.00000000E+00
 0.00000000E+00
 0.00000000E+00
 0.00000000E+00
 0.00000000E+00
 0.00000000E+00
 5.64705350E-01
 3.97885843E-01
 1.64244531E-01
 9.86782469E-02
 1.04317863E-01
 1.87512783E-02
 3.35880093E-05
 3.35880113E-05
 1.50951654E-01
 2.42957875E-02
 3.35880142E-05
 3.35880159E-05
 3.35880177E-05
 3.35879736E-05
 3.35879784E-05
 3.35879824E-05
 3.35879867E-05
 3.35879912E-05
 3.35879958E-05
 3.35879998E-05
 3.35880041E-05
 3.35880077E-05
 2.95846072E-02
 3.35880088E-05
 3.35880090E-05
 3.35880096E-05
 3.35880106E-05
 3.35880104E-05
 3.35880109E-05
 3.35880116E-05
 3.35880123E-05
 3.35880124E-05
 3.35880128E-05
 3.35880139E-05
 3.35880145E-05
 3.35880153E-05
 3.35880152E-05
 3.35880169E-05
 3.35880193E-05
 3.35880209E-05
 3.35880236E-05
 3.35880251E-05
 3.35880275E-05
 3.35880298E-05
 3.35880320E-05
 3.35880346E-05
 3.35879943E-05
 3.35879954E-05
 3.35879967E-05
 3.35879976E-05
 3.35879991E-05
 3.35880005E-05
 3.35880011E-05
 3.35880019E-05
 3.35880022E-05
 3.35880018E-05
 3.35880026E-05
 3.35880023E-05
 3.35880025E-05
 3.35880028E-05
 3.35880035E-05
 3.35880035E-05
 3.35880034E-05
 3.35880035E-05
 3.35880034E-05
 3.35880037E-05
 3.35880039E-05
 3.35880043E-05
 3.35880043E-05
 3.35880050E-05
 3.35880046E-05
 3.35880049E-05
 3.35880051E-05
 3.35880059E-05
 3.35880057E-05
 3.35880059E-05
 3.35880063E-05
 3.35880063E-05
 3.35880064E-05
 3.35880065E-05
 3.35880065E-05
 3.35880070E-05
 3.35880074E-05
 3.35880075E-05
 3.35880080E-05
 3.35880091E-05
 3.35880096E-05
 3.35880108E-05
 3.35880111E-05
 3.35880120E-05
 3.35880133E-05
 3.35880136E-05
 3.35880149E-05
 3.35880155E-05
 3.35880162E-05
 3.35880174E-05
 3.35880179E-05
 3.35880188E-05
 3.35880193E-05
 3.35880201E-05
 3.35880211E-05
 3.35880222E-05
 3.35880231E-05
 3.35880238E-05
 3.35880245E-05
 3.35880259E-05
 3.35880265E-05
 3.35880270E-05
 3.35880277E-05
 3.35880289E-05
 3.35880298E-05
 3.35880306E-05
 3.35880316E-05
 3.35880323E-05
 3.35880335E-05
 3.35880341E-05
 3.35880347E-05
 3.35880363E-05
 3.35880369E-05
 3.35880378E-05
 3.35880388E-05
 3.35880399E-05
 3.35880402E-05
 3.35880411E-05
 3.35880422E-05
 3.35880435E-05
 3.35880439E-05
 3.35880449E-05
 3.35880458E-05
 3.35880473E-05
 3.35880479E-05
 3.35880487E-05
 3.35880498E-05
 3.35880509E-05
 3.35880514E-05
 3.35880524E-05
 3.35880538E-05
 3.35880542E-05
 3.35880556E-05
 3.35880140E-05
 3.35880142E-05
 3.35880150E-05
 3.35880149E-05
 3.35880159E-05
 3.35880163E-05
 3.35880169E-05
 3.35880174E-05
 3.35880179E-05
 3.35880183E-05
 3.35880188E-05
 3.35880196E-05
 3.35880199E-05
 3.35880205E-05
 3.35880210E-05
 3.35880219E-05
 3.35880225E-05
 3.35880230E-05
 3.35880232E-05
 3.35880238E-05
 3.35880242E-05
 3.35880248E-05
 3.35880256E-05
 3.35880262E-05
 3.35880265E-05
 3.35880270E-05
 3.35880277E-05
 3.35880286E-05
 3.35880291E-05
 3.35880294E-05
 3.35880298E-05
 3.35880308E-05
 3.35880310E-05
 3.35880319E-05
 3.35880324E-05
 3.35880331E-05
 3.35880334E-05
 3.35880339E-05
 3.35880346E-05
 3.35880354E-05
 3.35880359E-05
 3.35880362E-05
 3.35880370E-05
 3.35880373E-05
 3.35880383E-05
 3.35880385E-05
 3.35880395E-05
 3.35880400E-05
 3.35880404E-05
 3.35880412E-05
 3.35880416E-05
 3.35880424E-05
 3.35880430E-05
 3.35880436E-05
 3.35880442E-05
 3.35880449E-05
 3.35880454E-05
 3.35880463E-05
 3.35880469E-05
 3.35880474E-05
 3.35880478E-05
 3.35880488E-05
 3.35880494E-05
 3.35880499E-05
 3.35880506E-05
 3.35879850E-05
 3.35879751E-05
 3.35879692E-05
 3.35879652E-05
 3.35880081E-05
 3.35880076E-05
 3.35880069E-05
 3.35880066E-05
 3.35880062E-05
 3.35880058E-05
 3.35880056E-05
 3.35880051E-05
 3.35880049E-05
 3.35880048E-05
 3.35880046E-05
 3.35880043E-05
 3.35880041E-05
 3.35880041E-05
 3.35880040E-05
 3.35880039E-05
 3.35880038E-05
 3.35880038E-05
 3.35880035E-05
 3.35880035E-05
 3.35880035E-05
 3.35880034E-05
 3.35880036E-05
 3.35880034E-05
 3.35880034E-05
 3.35880034E-05
 3.35880035E-05
 3.35880035E-05
 3.35880035E-05
 3.35880036E-05
 3.35880037E-05
 3.35880036E-05
 3.35880037E-05
 3.35880038E-05
 3.35880038E-05
 3.35880039E-05
 3.35880040E-05
 3.35880041E-05
 3.35880042E-05
 3.35880042E-05
 3.35880043E-05
 3.35880044E-05
 3.35880046E-05
 3.35880047E-05
 3.35880047E-05
 3.35880049E-05
 3.35880050E-05
 3.35880052E-05
 3.35880052E-05
 3.35880054E-05
 3.35880056E-05
 3.35880057E-05
 3.35880058E-05
 3.35880061E-05
 3.35880062E-05
 3.35880063E-05
 3.35880065E-05
 3.35880067E-05
 3.35880069E-05
 3.35880071E-05
 3.35880073E-05
 3.35880075E-05
 3.35880077E-05
 3.35880079E-05
 3.35880079E-05
 3.35880078E-05
 3.35880076E-05
 3.35880074E-05
 3.35880074E-05
 3.35880071E-05
 3.35880071E-05
 3.35880069E-05
 3.35880068E-05
 3.35880067E-05
 3.35880066E-05
 3.35880065E-05
 3.35880065E-05
 3.35880064E-05
 3.35880063E-05
 3.35880063E-05
 3.35880062E-05
 3.35880062E-05
 3.35880062E-05
 3.35880062E-05
 3.35880062E-05
 3.35880063E-05
 3.35880064E-05
 3.35880064E-05
 3.35880066E-05
 3.35880067E-05
 3.35880068E-05
 3.35880070E-05
 3.35880072E-05
 3.35880075E-05
 3.35880078E-05
 3.35880092E-05
 3.35880132E-05
 3.35880172E-05
 3.35880213E-05
 3.35879832E-05
 3.35879899E-05
 3.35879969E-05
 3.35880043E-05
 3.35880078E-05
 3.35880071E-05
 3.35880070E-05
 3.35880076E-05
 7.12479435E-05
 2.55069916E-04
 6.69593065E-04
 1.09644011E-04
 4.98838857E-05
 5.87581925E-05
 5.65577427E-05
 3.94848234E-05
 4.85951810E-05
 5.55970698E-05
 5.28463900E-05
 3.51675131E-05
 4.72585413E-05
 5.25660090E-05
 4.93066200E-05
 3.11049760E-05
 7.39478516E-02
 1.55141592E-01
 3.94718185E-01
 0.00000000E+00
 0.00000000E+00
 0.00000000E+00
 0.00000000E+00
 0.00000000E+00
 0.00000000E+00
 0.00000000E+00
 0.00000000E+00
 0.00000000E+00
 0.00000000E+00
 0.00000000E+00
 0.00000000E+00
 0.00000000E+00
 0.00000000E+00
 0.00000000E+00
 0.00000000E+00
 0.00000000E+00
 0.00000000E+00
 0.00000000E+00
 0.00000000E+00
 0.00000000E+00
 0.00000000E+00
 0.00000000E+00
 0.00000000E+00
 0.00000000E+00
 0.00000000E+00
 0.00000000E+00
 0.00000000E+00
 0.00000000E+00
 0.00000000E+00
 0.00000000E+00
 0.00000000E+00
 0.00000000E+00
 0.00000000E+00
 0.00000000E+00
 0.00000000E+00
 0.00000000E+00
 0.00000000E+00
 0.00000000E+00
 0.00000000E+00
 0.00000000E+00
 0.00000000E+00
 0.00000000E+00
 0.00000000E+00
 0.00000000E+00
 0.00000000E+00
 0.00000000E+00
 0.00000000E+00
 0.00000000E+00
 0.00000000E+00
 0.00000000E+00
 0.00000000E+00
 0.00000000E+00
 0.00000000E+00
 0.00000000E+00
 0.00000000E+00
 0.00000000E+00
 0.00000000E+00
 0.00000000E+00
 0.00000000E+00
 0.00000000E+00
 0.00000000E+00
 0.00000000E+00
 0.00000000E+00
 0.00000000E+00
 0.00000000E+00
 0.00000000E+00
 0.00000000E+00
 0.00000000E+00
 0.00000000E+00
 0.00000000E+00
 0.00000000E+00
 0.00000000E+00
 0.00000000E+00
 0.00000000E+00
 0.00000000E+00
 0.00000000E+00
 0.00000000E+00
 0.00000000E+00
 0.00000000E+00
 0.00000000E+00
 0.00000000E+00
 0.00000000E+00
 0.00000000E+00
 0.00000000E+00
 0.00000000E+00
 0.00000000E+00
 0.00000000E+00
 0.00000000E+00
 0.00000000E+00
 0.00000000E+00
 0.00000000E+00
 0.00000000E+00
 0.00000000E+00
 0.00000000E+00
 0.00000000E+00
 0.00000000E+00
 0.00000000E+00
 0.00000000E+00
 0.00000000E+00
 0.00000000E+00
 0.00000000E+00
 0.00000000E+00
 0.00000000E+00
 0.00000000E+00
 0.00000000E+00
 0.00000000E+00
 0.00000000E+00
 0.00000000E+00
 0.00000000E+00
 0.00000000E+00
 0.00000000E+00
 0.00000000E+00
 0.00000000E+00
 0.00000000E+00
 0.00000000E+00
 0.00000000E+00
 0.00000000E+00
 0.00000000E+00
 0.00000000E+00
 0.00000000E+00
 0.00000000E+00
 0.00000000E+00
 0.00000000E+00
 0.00000000E+00
 0.00000000E+00
 0.00000000E+00
 0.00000000E+00
 0.00000000E+00
 0.00000000E+00
 0.00000000E+00
 0.00000000E+00
 0.00000000E+00
 0.00000000E+00
 0.00000000E+00
 0.00000000E+00
 0.00000000E+00
 0.00000000E+00
 0.00000000E+00
 0.00000000E+00
 0.00000000E+00
 0.00000000E+00
 0.00000000E+00
 0.00000000E+00
 0.00000000E+00
 0.00000000E+00
 0.00000000E+00
 0.00000000E+00
 0.00000000E+00
 0.00000000E+00
 0.00000000E+00
 0.00000000E+00
 0.00000000E+00
 0.00000000E+00
 0.00000000E+00
 0.00000000E+00
 0.00000000E+00
 0.00000000E+00
 0.00000000E+00
 0.00000000E+00
 0.00000000E+00
 0.00000000E+00
 0.00000000E+00
 0.00000000E+00
 0.00000000E+00
 0.00000000E+00
 5.86148762E-01
 4.27547090E-01
 1.87912104E-01
 8.72318618E-02
 9.91819706E-02
 1.78305530E-02
 3.49304435E-05
 3.49304442E-05
 1.54418972E-01
 2.48533761E-02
 3.49304479E-05
 3.49304494E-05
 3.49304505E-05
 3.49304080E-05
 3.49304121E-05
 3.49304162E-05
 3.49304204E-05
 3.49304247E-05
 3.49304285E-05
 3.49304334E-05
 3.49304374E-05
 3.49304416E-05
 3.02648401E-02
 3.49304427E-05
 3.49304432E-05
 3.49304430E-05
 3.49304438E-05
 3.49304443E-05
 3.49304450E-05
 3.49304456E-05
 3.49304457E-05
 3.49304470E-05
 3.49304474E-05
 3.49304472E-05
 3.49304481E-05
 3.49304487E-05
 3.49304490E-05
 3.49304509E-05
 3.49304526E-05
 3.49304555E-05
 3.49304575E-05
 3.49304593E-05
 3.49304617E-05
 3.49304636E-05
 3.49304656E-05
 3.49304687E-05
 3.49304281E-05
 3.49304293E-05
 3.49304300E-05
 3.49304319E-05
 3.49304330E-05
 3.49304342E-05
 3.49304356E-05
 3.49304358E-05
 3.49304359E-05
 3.49304356E-05
 3.49304365E-05
 3.49304364E-05
 3.49304365E-05
 3.49304369E-05
 3.49304365E-05
 3.49304369E-05
 3.49304374E-05
 3.49304376E-05
 3.49304376E-05
 3.49304373E-05
 3.49304375E-05
 3.49304377E-05
 3.49304383E-05
 3.49304383E-05
 3.49304382E-05
 3.49304388E-05
 3.49304391E-05
 3.49304392E-05
 3.49304390E-05
 3.49304398E-05
 3.49304400E-05
 3.49304403E-05
 3.49304400E-05
 3.49304410E-05
 3.49304411E-05
 3.49304411E-05
 3.49304413E-05
 3.49304413E-05
 3.49304415E-05
 3.49304429E-05
 3.49304436E-05
 3.49304443E-05
 3.49304453E-05
 3.49304461E-05
 3.49304466E-05
 3.49304473E-05
 3.49304488E-05
 3.49304495E-05
 3.49304497E-05
 3.49304509E-05
 3.49304519E-05
 3.49304526E-05
 3.49304535E-05
 3.49304546E-05
 3.49304551E-05
 3.49304559E-05
 3.49304568E-05
 3.49304575E-05
 3.49304590E-05
 3.49304595E-05
 3.49304607E-05
 3.49304613E-05
 3.49304624E-05
 3.49304627E-05
 3.49304635E-05
 3.49304645E-05
 3.49304655E-05
 3.49304668E-05
 3.49304673E-05
 3.49304684E-05
 3.49304692E-05
 3.49304703E-05
 3.49304710E-05
 3.49304718E-05
 3.49304726E-05
 3.49304734E-05
 3.49304746E-05
 3.49304754E-05
 3.49304765E-05
 3.49304772E-05
 3.49304779E-05
 3.49304791E-05
 3.49304801E-05
 3.49304809E-05
 3.49304819E-05
 3.49304830E-05
 3.49304837E-05
 3.49304850E-05
 3.49304860E-05
 3.49304868E-05
 3.49304879E-05
 3.49304887E-05
 3.49304467E-05
 3.49304474E-05
 3.49304482E-05
 3.49304487E-05
 3.49304492E-05
 3.49304497E-05
 3.49304502E-05
 3.49304506E-05
 3.49304511E-05
 3.49304515E-05
 3.49304523E-05
 3.49304526E-05
 3.49304532E-05
 3.49304542E-05
 3.49304546E-05
 3.49304553E-05
 3.49304557E-05
 3.49304561E-05
 3.49304566E-05
 3.49304574E-05
 3.49304581E-05
 3.49304584E-05
 3.49304591E-05
 3.49304593E-05
 3.49304598E-05
 3.49304608E-05
 3.49304612E-05
 3.49304617E-05
 3.49304623E-05
 3.49304631E-05
 3.49304635E-05
 3.49304641E-05
 3.49304648E-05
 3.49304650E-05
 3.49304659E-05
 3.49304665E-05
 3.49304671E-05
 3.49304674E-05
 3.49304682E-05
 3.49304687E-05
 3.49304694E-05
 3.49304697E-05
 3.49304707E-05
 3.49304709E-05
 3.49304717E-05
 3.49304724E-05
 3.49304727E-05
 3.49304734E-05
 3.49304739E-05
 3.49304747E-05
 3.49304755E-05
 3.49304758E-05
 3.49304765E-05
 3.49304770E-05
 3.49304776E-05
 3.49304783E-05
 3.49304789E-05
 3.49304795E-05
 3.49304802E-05
 3.49304810E-05
 3.49304816E-05
 3.49304821E-05
 3.49304828E-05
 3.49304833E-05
 3.49304843E-05
 3.49304846E-05
 3.49304203E-05
 3.49304092E-05
 3.49304031E-05
 3.49303987E-05
 3.49304419E-05
 3.49304414E-05
 3.49304410E-05
 3.49304404E-05
 3.49304401E-05
 3.49304396E-05
 3.49304392E-05
 3.49304390E-05
 3.49304386E-05
 3.49304384E-05
 3.49304382E-05
 3.49304381E-05
 3.49304380E-05
 3.49304379E-05
 3.49304376E-05
 3.49304377E-05
 3.49304376E-05
 3.49304376E-05
 3.49304374E-05
 3.49304375E-05
 3.49304372E-05
 3.49304372E-05
 3.49304371E-05
 3.49304373E-05
 3.49304372E-05
 3.49304371E-05
 3.49304373E-05
 3.49304372E-05
 3.49304373E-05
 3.49304372E-05
 3.49304374E-05
 3.49304374E-05
 3.49304375E-05
 3.49304375E-05
 3.49304377E-05
 3.49304377E-05
 3.49304376E-05
 3.49304379E-05
 3.49304379E-05
 3.49304381E-05
 3.49304382E-05
 3.49304382E-05
 3.49304383E-05
 3.49304384E-05
 3.49304386E-05
 3.49304387E-05
 3.49304389E-05
 3.49304390E-05
 3.49304391E-05
 3.49304392E-05
 3.49304393E-05
 3.49304396E-05
 3.49304397E-05
 3.49304399E-05
 3.49304400E-05
 3.49304402E-05
 3.49304404E-05
 3.49304406E-05
 3.49304408E-05
 3.49304410E-05
 3.49304412E-05
 3.49304414E-05
 3.49304416E-05
 3.49304418E-05
 3.49304418E-05
 3.49304416E-05
 3.49304415E-05
 3.49304413E-05
 3.49304411E-05
 3.49304410E-05
 3.49304408E-05
 3.49304408E-05
 3.49304407E-05
 3.49304405E-05
 3.49304404E-05
 3.49304403E-05
 3.49304403E-05
 3.49304402E-05
 3.49304402E-05
 3.49304401E-05
 3.49304401E-05
 3.49304401E-05
 3.49304400E-05
 3.49304401E-05
 3.49304401E-05
 3.49304401E-05
 3.49304402E-05
 3.49304403E-05
 3.49304404E-05
 3.49304405E-05
 3.49304407E-05
 3.49304409E-05
 3.49304411E-05
 3.49304413E-05
 3.49304416E-05
 3.49304431E-05
 3.49304471E-05
 3.49304512E-05
 3.49304553E-05
 3.49304169E-05
 3.49304237E-05
 3.49304307E-05
 3.49304381E-05
 3.49304416E-05
 3.49304410E-05
 3.49304409E-05
 3.49304414E-05
 6.47410980E-05
 2.39507664E-04
 6.50275422E-04
 1.02738214E-04
 5.11926919E-05
 5.99573470E-05
 5.77763483E-05
 4.07609494E-05
 4.98226777E-05
 5.67192230E-05
 5.40031640E-05
 3.63764506E-05
 4.84109903E-05
 5.36171588E-05
 5.04057222E-05
 3.22515171E-05
 7.03033002E-02
 1.47499187E-01
 3.86701175E-01
 0.00000000E+00
 0.00000000E+00
 0.00000000E+00
 0.00000000E+00
 0.00000000E+00
 0.00000000E+00
 0.00000000E+00
 0.00000000E+00
 0.00000000E+00
 0.00000000E+00
 0.00000000E+00
 0.00000000E+00
 0.00000000E+00
 0.00000000E+00
 0.00000000E+00
 0.00000000E+00
 0.00000000E+00
 0.00000000E+00
 0.00000000E+00
 0.00000000E+00
 0.00000000E+00
 0.00000000E+00
 0.00000000E+00
 0.00000000E+00
 0.00000000E+00
 0.00000000E+00
 0.00000000E+00
 0.00000000E+00
 0.00000000E+00
 0.00000000E+00
 0.00000000E+00
 0.00000000E+00
 0.00000000E+00
 0.00000000E+00
 0.00000000E+00
 0.00000000E+00
 0.00000000E+00
 0.00000000E+00
 0.00000000E+00
 0.00000000E+00
 0.00000000E+00
 0.00000000E+00
 0.00000000E+00
 0.00000000E+00
 0.00000000E+00
 0.00000000E+00
 0.00000000E+00
 0.00000000E+00
 0.00000000E+00
 0.00000000E+00
 0.00000000E+00
 0.00000000E+00
 0.00000000E+00
 0.00000000E+00
 0.00000000E+00
 0.00000000E+00
 0.00000000E+00
 0.00000000E+00
 0.00000000E+00
 0.00000000E+00
 0.00000000E+00
 0.00000000E+00
 0.00000000E+00
 0.00000000E+00
 0.00000000E+00
 0.00000000E+00
 0.00000000E+00
 0.00000000E+00
 0.00000000E+00
 0.00000000E+00
 0.00000000E+00
 0.00000000E+00
 0.00000000E+00
 0.00000000E+00
 0.00000000E+00
 0.00000000E+00
 0.00000000E+00
 0.00000000E+00
 0.00000000E+00
 0.00000000E+00
 0.00000000E+00
 0.00000000E+00
 0.00000000E+00
 0.00000000E+00
 0.00000000E+00
 0.00000000E+00
 0.00000000E+00
 0.00000000E+00
 0.00000000E+00
 0.00000000E+00
 0.00000000E+00
 0.00000000E+00
 0.00000000E+00
 0.00000000E+00
 0.00000000E+00
 0.00000000E+00
 0.00000000E+00
 0.00000000E+00
 0.00000000E+00
 0.00000000E+00
 0.00000000E+00
 0.00000000E+00
 0.00000000E+00
 0.00000000E+00
 0.00000000E+00
 0.00000000E+00
 0.00000000E+00
 0.00000000E+00
 0.00000000E+00
 0.00000000E+00
 0.00000000E+00
 0.00000000E+00
 0.00000000E+00
 0.00000000E+00
 0.00000000E+00
 0.00000000E+00
 0.00000000E+00
 0.00000000E+00
 0.00000000E+00
 0.00000000E+00
 0.00000000E+00
 0.00000000E+00
 0.00000000E+00
 0.00000000E+00
 0.00000000E+00
 0.00000000E+00
 0.00000000E+00
 0.00000000E+00
 0.00000000E+00
 0.00000000E+00
 0.00000000E+00
 0.00000000E+00
 0.00000000E+00
 0.00000000E+00
 0.00000000E+00
 0.00000000E+00
 0.00000000E+00
 0.00000000E+00
 0.00000000E+00
 0.00000000E+00
 0.00000000E+00
 0.00000000E+00
 0.00000000E+00
 0.00000000E+00
 0.00000000E+00
 0.00000000E+00
 0.00000000E+00
 0.00000000E+00
 0.00000000E+00
 0.00000000E+00
 0.00000000E+00
 0.00000000E+00
 0.00000000E+00
 0.00000000E+00
 0.00000000E+00
 0.00000000E+00
 0.00000000E+00
 0.00000000E+00
 0.00000000E+00
 0.00000000E+00
 0.00000000E+00
 0.00000000E+00
 0.00000000E+00
 0.00000000E+00
 0.00000000E+00
 0.00000000E+00
 6.07557303E-01
 4.57160101E-01
 2.11541297E-01
 7.58038285E-02
 9.40541270E-02
 1.69110213E-02
 3.59669795E-05
 3.59669807E-05
 1.57880887E-01
 2.54103507E-02
 3.59669846E-05
 3.59669853E-05
 3.59669861E-05
 3.59669432E-05
 3.59669474E-05
 3.59669522E-05
 3.59669559E-05
 3.59669603E-05
 3.59669650E-05
 3.59669696E-05
 3.59669741E-05
 3.59669781E-05
 3.09436499E-02
 3.59669790E-05
 3.59669795E-05
 3.59669800E-05
 3.59669802E-05
 3.59669807E-05
 3.59669812E-05
 3.59669812E-05
 3.59669817E-05
 3.59669827E-05
 3.59669834E-05
 3.59669841E-05
 3.59669842E-05
 3.59669844E-05
 3.59669854E-05
 3.59669872E-05
 3.59669886E-05
 3.59669914E-05
 3.59669932E-05
 3.59669962E-05
 3.59669979E-05
 3.59670003E-05
 3.59670027E-05
 3.59670050E-05
 3.59669640E-05
 3.59669651E-05
 3.59669667E-05
 3.59669684E-05
 3.59669694E-05
 3.59669703E-05
 3.59669718E-05
 3.59669725E-05
 3.59669726E-05
 3.59669725E-05
 3.59669728E-05
 3.59669726E-05
 3.59669731E-05
 3.59669731E-05
 3.59669732E-05
 3.59669732E-05
 3.59669738E-05
 3.59669742E-05
 3.59669743E-05
 3.59669739E-05
 3.59669740E-05
 3.59669747E-05
 3.59669742E-05
 3.59669751E-05
 3.59669752E-05
 3.59669753E-05
 3.59669756E-05
 3.59669757E-05
 3.59669759E-05
 3.59669757E-05
 3.59669763E-05
 3.59669763E-05
 3.59669768E-05
 3.59669765E-05
 3.59669774E-05
 3.59669770E-05
 3.59669771E-05
 3.59669773E-05
 3.59669779E-05
 3.59669787E-05
 3.59669795E-05
 3.59669808E-05
 3.59669817E-05
 3.59669823E-05
 3.59669832E-05
 3.59669840E-05
 3.59669850E-05
 3.59669858E-05
 3.59669864E-05
 3.59669870E-05
 3.59669883E-05
 3.59669887E-05
 3.59669897E-05
 3.59669908E-05
 3.59669912E-05
 3.59669927E-05
 3.59669933E-05
 3.59669942E-05
 3.59669952E-05
 3.59669958E-05
 3.59669969E-05
 3.59669980E-05
 3.59669984E-05
 3.59669995E-05
 3.59670004E-05
 3.59670008E-05
 3.59670019E-05
 3.59670029E-05
 3.59670038E-05
 3.59670044E-05
 3.59670059E-05
 3.59670065E-05
 3.59670076E-05
 3.59670082E-05
 3.59670093E-05
 3.59670102E-05
 3.59670113E-05
 3.59670122E-05
 3.59670130E-05
 3.59670140E-05
 3.59670147E-05
 3.59670160E-05
 3.59670170E-05
 3.59670176E-05
 3.59670189E-05
 3.59670196E-05
 3.59670209E-05
 3.59670215E-05
 3.59670224E-05
 3.59670234E-05
 3.59670246E-05
 3.59669828E-05
 3.59669833E-05
 3.59669836E-05
 3.59669843E-05
 3.59669851E-05
 3.59669854E-05
 3.59669862E-05
 3.59669865E-05
 3.59669872E-05
 3.59669878E-05
 3.59669884E-05
 3.59669884E-05
 3.59669892E-05
 3.59669900E-05
 3.59669904E-05
 3.59669908E-05
 3.59669915E-05
 3.59669920E-05
 3.59669927E-05
 3.59669931E-05
 3.59669938E-05
 3.59669942E-05
 3.59669949E-05
 3.59669952E-05
 3.59669957E-05
 3.59669963E-05
 3.59669970E-05
 3.59669975E-05
 3.59669980E-05
 3.59669987E-05
 3.59669994E-05
 3.59669998E-05
 3.59670002E-05
 3.59670013E-05
 3.59670014E-05
 3.59670021E-05
 3.59670029E-05
 3.59670037E-05
 3.59670037E-05
 3.59670047E-05
 3.59670049E-05
 3.59670057E-05
 3.59670064E-05
 3.59670070E-05
 3.59670076E-05
 3.59670080E-05
 3.59670085E-05
 3.59670092E-05
 3.59670101E-05
 3.59670105E-05
 3.59670111E-05
 3.59670116E-05
 3.59670126E-05
 3.59670130E-05
 3.59670135E-05
 3.59670142E-05
 3.59670151E-05
 3.59670157E-05
 3.59670163E-05
 3.59670169E-05
 3.59670176E-05
 3.59670181E-05
 3.59670186E-05
 3.59670196E-05
 3.59670200E-05
 3.59670208E-05
 3.59670214E-05
 3.59669588E-05
 3.59669460E-05
 3.59669397E-05
 3.59669351E-05
 3.59669784E-05
 3.59669776E-05
 3.59669771E-05
 3.59669767E-05
 3.59669764E-05
 3.59669757E-05
 3.59669757E-05
 3.59669751E-05
 3.59669749E-05
 3.59669746E-05
 3.59669745E-05
 3.59669743E-05
 3.59669743E-05
 3.59669741E-05
 3.59669740E-05
 3.59669738E-05
 3.59669739E-05
 3.59669737E-05
 3.59669735E-05
 3.59669735E-05
 3.59669735E-05
 3.59669734E-05
 3.59669736E-05
 3.59669736E-05
 3.59669736E-05
 3.59669735E-05
 3.59669736E-05
 3.59669736E-05
 3.59669734E-05
 3.59669735E-05
 3.59669737E-05
 3.59669738E-05
 3.59669737E-05
 3.59669737E-05
 3.59669739E-05
 3.59669740E-05
 3.59669740E-05
 3.59669741E-05
 3.59669742E-05
 3.59669743E-05
 3.59669743E-05
 3.59669746E-05
 3.59669747E-05
 3.59669747E-05
 3.59669749E-05
 3.59669750E-05
 3.59669751E-05
 3.59669752E-05
 3.59669754E-05
 3.59669755E-05
 3.59669757E-05
 3.59669759E-05
 3.59669759E-05
 3.59669761E-05
 3.59669763E-05
 3.59669766E-05
 3.59669767E-05
 3.59669768E-05
 3.59669771E-05
 3.59669772E-05
 3.59669775E-05
 3.59669776E-05
 3.59669779E-05
 3.59669781E-05
 3.59669781E-05
 3.59669779E-05
 3.59669778E-05
 3.59669776E-05
 3.59669774E-05
 3.59669773E-05
 3.59669772E-05
 3.59669770E-05
 3.59669770E-05
 3.59669768E-05
 3.59669767E-05
 3.59669767E-05
 3.59669766E-05
 3.59669765E-05
 3.59669765E-05
 3.59669764E-05
 3.59669764E-05
 3.59669764E-05
 3.59669764E-05
 3.59669764E-05
 3.59669764E-05
 3.59669765E-05
 3.59669765E-05
 3.59669766E-05
 3.59669767E-05
 3.59669768E-05
 3.59669770E-05
 3.59669772E-05
 3.59669774E-05
 3.59669777E-05
 3.59669779E-05
 3.59669794E-05
 3.59669835E-05
 3.59669876E-05
 3.59669917E-05
 3.59669530E-05
 3.59669598E-05
 3.59669669E-05
 3.59669744E-05
 3.59669780E-05
 3.59669773E-05
 3.59669772E-05
 3.59669778E-05
 5.85485487E-05
 2.24274435E-04
 6.31292807E-04
 9.61538644E-05
 5.21937909E-05
 6.08534633E-05
 5.86962849E-05
 4.17426297E-05
 5.07600310E-05
 5.75555437E-05
 5.48781104E-05
 3.73074621E-05
 4.92895052E-05
 5.43983651E-05
 5.12385602E-05
 3.31354076E-05
 6.66648151E-02
 1.39869193E-01
 3.78697087E-01
 0.00000000E+00
 0.00000000E+00
 0.00000000E+00
 0.00000000E+00
 0.00000000E+00
 0.00000000E+00
 0.00000000E+00
 0.00000000E+00
 0.00000000E+00
 0.00000000E+00
 0.00000000E+00
 0.00000000E+00
 0.00000000E+00
 0.00000000E+00
 0.00000000E+00
 0.00000000E+00
 0.00000000E+00
 0.00000000E+00
 0.00000000E+00
 0.00000000E+00
 0.00000000E+00
 0.00000000E+00
 0.00000000E+00
 0.00000000E+00
 0.00000000E+00
 0.00000000E+00
 0.00000000E+00
 0.00000000E+00
 0.00000000E+00
 0.00000000E+00
 0.00000000E+00
 0.00000000E+00
 0.00000000E+00
 0.00000000E+00
 0.00000000E+00
 0.00000000E+00
 0.00000000E+00
 0.00000000E+00
 0.00000000E+00
 0.00000000E+00
 0.00000000E+00
 0.00000000E+00
 0.00000000E+00
 0.00000000E+00
 0.00000000E+00
 0.00000000E+00
 0.00000000E+00
 0.00000000E+00
 0.00000000E+00
 0.00000000E+00
 0.00000000E+00
 0.00000000E+00
 0.00000000E+00
 0.00000000E+00
 0.00000000E+00
 0.00000000E+00
 0.00000000E+00
 0.00000000E+00
 0.00000000E+00
 0.00000000E+00
 0.00000000E+00
 0.00000000E+00
 0.00000000E+00
 0.00000000E+00
 0.00000000E+00
 0.00000000E+00
 0.00000000E+00
 0.00000000E+00
 0.00000000E+00
 0.00000000E+00
 0.00000000E+00
 0.00000000E+00
 0.00000000E+00
 0.00000000E+00
 0.00000000E+00
 0.00000000E+00
 0.00000000E+00
 0.00000000E+00
 0.00000000E+00
 0.00000000E+00
 0.00000000E+00
 0.00000000E+00
 0.00000000E+00
 0.00000000E+00
 0.00000000E+00
 0.00000000E+00
 0.00000000E+00
 0.00000000E+00
 0.00000000E+00
 0.00000000E+00
 0.00000000E+00
 0.00000000E+00
 0.00000000E+00
 0.00000000E+00
 0.00000000E+00
 0.00000000E+00
 0.00000000E+00
 0.00000000E+00
 0.00000000E+00
 0.00000000E+00
 0.00000000E+00
 0.00000000E+00
 0.00000000E+00
 0.00000000E+00
 0.00000000E+00
 0.00000000E+00
 0.00000000E+00
 0.00000000E+00
 0.00000000E+00
 0.00000000E+00
 0.00000000E+00
 0.00000000E+00
 0.00000000E+00
 0.00000000E+00
 0.00000000E+00
 0.00000000E+00
 0.00000000E+00
 0.00000000E+00
 0.00000000E+00
 0.00000000E+00
 0.00000000E+00
 0.00000000E+00
 0.00000000E+00
 0.00000000E+00
 0.00000000E+00
 0.00000000E+00
 0.00000000E+00
 0.00000000E+00
 0.00000000E+00
 0.00000000E+00
 0.00000000E+00
 0.00000000E+00
 0.00000000E+00
 0.00000000E+00
 0.00000000E+00
 0.00000000E+00
 0.00000000E+00
 0.00000000E+00
 0.00000000E+00
 0.00000000E+00
 0.00000000E+00
 0.00000000E+00
 0.00000000E+00
 0.00000000E+00
 0.00000000E+00
 0.00000000E+00
 0.00000000E+00
 0.00000000E+00
 0.00000000E+00
 0.00000000E+00
 0.00000000E+00
 0.00000000E+00
 0.00000000E+00
 0.00000000E+00
 0.00000000E+00
 0.00000000E+00
 0.00000000E+00
 0.00000000E+00
 0.00000000E+00
 0.00000000E+00
 0.00000000E+00
 0.00000000E+00
 0.00000000E+00
 0.00000000E+00
 0.00000000E+00
 0.00000000E+00
 6.28931036E-01
 4.86724966E-01
 2.35132179E-01
 6.43941121E-02
 8.89343167E-02
 1.59926809E-02
 3.66981276E-05
 3.66981292E-05
 1.61337410E-01
 2.59667127E-02
 3.66981322E-05
 3.66981333E-05
 3.66981342E-05
 3.66980915E-05
 3.66980954E-05
 3.66980996E-05
 3.66981044E-05
 3.66981096E-05
 3.66981138E-05
 3.66981177E-05
 3.66981219E-05
 3.66981267E-05
 3.16210392E-02
 3.66981269E-05
 3.66981271E-05
 3.66981287E-05
 3.66981281E-05
 3.66981294E-05
 3.66981299E-05
 3.66981301E-05
 3.66981311E-05
 3.66981316E-05
 3.66981316E-05
 3.66981321E-05
 3.66981333E-05
 3.66981333E-05
 3.66981336E-05
 3.66981348E-05
 3.66981377E-05
 3.66981395E-05
 3.66981417E-05
 3.66981437E-05
 3.66981470E-05
 3.66981488E-05
 3.66981511E-05
 3.66981529E-05
 3.66981123E-05
 3.66981137E-05
 3.66981150E-05
 3.66981164E-05
 3.66981178E-05
 3.66981191E-05
 3.66981203E-05
 3.66981203E-05
 3.66981214E-05
 3.66981212E-05
 3.66981213E-05
 3.66981215E-05
 3.66981218E-05
 3.66981216E-05
 3.66981220E-05
 3.66981222E-05
 3.66981221E-05
 3.66981218E-05
 3.66981226E-05
 3.66981228E-05
 3.66981232E-05
 3.66981230E-05
 3.66981228E-05
 3.66981239E-05
 3.66981233E-05
 3.66981240E-05
 3.66981237E-05
 3.66981243E-05
 3.66981243E-05
 3.66981243E-05
 3.66981246E-05
 3.66981245E-05
 3.66981252E-05
 3.66981255E-05
 3.66981254E-05
 3.66981257E-05
 3.66981261E-05
 3.66981259E-05
 3.66981266E-05
 3.66981276E-05
 3.66981283E-05
 3.66981293E-05
 3.66981300E-05
 3.66981310E-05
 3.66981314E-05
 3.66981323E-05
 3.66981334E-05
 3.66981341E-05
 3.66981346E-05
 3.66981360E-05
 3.66981364E-05
 3.66981375E-05
 3.66981387E-05
 3.66981391E-05
 3.66981399E-05
 3.66981412E-05
 3.66981420E-05
 3.66981431E-05
 3.66981436E-05
 3.66981447E-05
 3.66981457E-05
 3.66981459E-05
 3.66981471E-05
 3.66981484E-05
 3.66981493E-05
 3.66981496E-05
 3.66981506E-05
 3.66981519E-05
 3.66981524E-05
 3.66981537E-05
 3.66981547E-05
 3.66981550E-05
 3.66981560E-05
 3.66981573E-05
 3.66981580E-05
 3.66981589E-05
 3.66981599E-05
 3.66981606E-05
 3.66981618E-05
 3.66981622E-05
 3.66981637E-05
 3.66981643E-05
 3.66981656E-05
 3.66981664E-05
 3.66981674E-05
 3.66981682E-05
 3.66981692E-05
 3.66981702E-05
 3.66981713E-05
 3.66981719E-05
 3.66981732E-05
 3.66981315E-05
 3.66981318E-05
 3.66981323E-05
 3.66981328E-05
 3.66981337E-05
 3.66981342E-05
 3.66981346E-05
 3.66981349E-05
 3.66981357E-05
 3.66981363E-05
 3.66981369E-05
 3.66981373E-05
 3.66981381E-05
 3.66981387E-05
 3.66981391E-05
 3.66981397E-05
 3.66981401E-05
 3.66981408E-05
 3.66981413E-05
 3.66981419E-05
 3.66981422E-05
 3.66981428E-05
 3.66981434E-05
 3.66981438E-05
 3.66981443E-05
 3.66981453E-05
 3.66981455E-05
 3.66981464E-05
 3.66981468E-05
 3.66981473E-05
 3.66981482E-05
 3.66981484E-05
 3.66981491E-05
 3.66981497E-05
 3.66981501E-05
 3.66981509E-05
 3.66981513E-05
 3.66981521E-05
 3.66981526E-05
 3.66981531E-05
 3.66981537E-05
 3.66981543E-05
 3.66981550E-05
 3.66981554E-05
 3.66981563E-05
 3.66981568E-05
 3.66981575E-05
 3.66981579E-05
 3.66981586E-05
 3.66981595E-05
 3.66981601E-05
 3.66981606E-05
 3.66981612E-05
 3.66981615E-05
 3.66981625E-05
 3.66981630E-05
 3.66981637E-05
 3.66981642E-05
 3.66981650E-05
 3.66981655E-05
 3.66981664E-05
 3.66981670E-05
 3.66981677E-05
 3.66981680E-05
 3.66981689E-05
 3.66981693E-05
 3.66981703E-05
 3.66981119E-05
 3.66980951E-05
 3.66980882E-05
 3.66980838E-05
 3.66981267E-05
 3.66981262E-05
 3.66981256E-05
 3.66981250E-05
 3.66981248E-05
 3.66981242E-05
 3.66981241E-05
 3.66981235E-05
 3.66981235E-05
 3.66981230E-05
 3.66981231E-05
 3.66981226E-05
 3.66981227E-05
 3.66981226E-05
 3.66981224E-05
 3.66981223E-05
 3.66981221E-05
 3.66981220E-05
 3.66981219E-05
 3.66981219E-05
 3.66981219E-05
 3.66981219E-05
 3.66981218E-05
 3.66981218E-05
 3.66981217E-05
 3.66981218E-05
 3.66981220E-05
 3.66981220E-05
 3.66981220E-05
 3.66981221E-05
 3.66981220E-05
 3.66981220E-05
 3.66981222E-05
 3.66981221E-05
 3.66981221E-05
 3.66981222E-05
 3.66981224E-05
 3.66981226E-05
 3.66981226E-05
 3.66981228E-05
 3.66981227E-05
 3.66981229E-05
 3.66981231E-05
 3.66981232E-05
 3.66981233E-05
 3.66981234E-05
 3.66981235E-05
 3.66981236E-05
 3.66981238E-05
 3.66981239E-05
 3.66981242E-05
 3.66981242E-05
 3.66981244E-05
 3.66981246E-05
 3.66981247E-05
 3.66981250E-05
 3.66981252E-05
 3.66981253E-05
 3.66981255E-05
 3.66981257E-05
 3.66981259E-05
 3.66981262E-05
 3.66981264E-05
 3.66981266E-05
 3.66981266E-05
 3.66981264E-05
 3.66981263E-05
 3.66981261E-05
 3.66981259E-05
 3.66981258E-05
 3.66981257E-05
 3.66981255E-05
 3.66981254E-05
 3.66981253E-05
 3.66981252E-05
 3.66981251E-05
 3.66981250E-05
 3.66981250E-05
 3.66981249E-05
 3.66981249E-05
 3.66981248E-05
 3.66981248E-05
 3.66981248E-05
 3.66981248E-05
 3.66981249E-05
 3.66981249E-05
 3.66981250E-05
 3.66981251E-05
 3.66981252E-05
 3.66981253E-05
 3.66981255E-05
 3.66981256E-05
 3.66981259E-05
 3.66981261E-05
 3.66981264E-05
 3.66981279E-05
 3.66981320E-05
 3.66981361E-05
 3.66981403E-05
 3.66981446E-05
 3.66981081E-05
 3.66981153E-05
 3.66981229E-05
 3.66981264E-05
 3.66981257E-05
 3.66981257E-05
 3.66981262E-05
 5.26697702E-05
 2.09369675E-04
 6.12644654E-04
 8.98903982E-05
 5.28877218E-05
 6.14470740E-05
 5.93180796E-05
 4.24303855E-05
 5.14077562E-05
 5.81065412E-05
 5.54717330E-05
 3.79610461E-05
 4.98945788E-05
 5.49101149E-05
 5.18056162E-05
 3.37571242E-05
 6.30323847E-02
 1.32251587E-01
 3.70705895E-01
 0.00000000E+00
 0.00000000E+00
 0.00000000E+00
 0.00000000E+00
 0.00000000E+00
 0.00000000E+00
 0.00000000E+00
 0.00000000E+00
 0.00000000E+00
 0.00000000E+00
 0.00000000E+00
 0.00000000E+00
 0.00000000E+00
 0.00000000E+00
 0.00000000E+00
 0.00000000E+00
 0.00000000E+00
 0.00000000E+00
 0.00000000E+00
 0.00000000E+00
 0.00000000E+00
 0.00000000E+00
 0.00000000E+00
 0.00000000E+00
 0.00000000E+00
 0.00000000E+00
 0.00000000E+00
 0.00000000E+00
 0.00000000E+00
 0.00000000E+00
 0.00000000E+00
 0.00000000E+00
 0.00000000E+00
 0.00000000E+00
 0.00000000E+00
 0.00000000E+00
 0.00000000E+00
 0.00000000E+00
 0.00000000E+00
 0.00000000E+00
 0.00000000E+00
 0.00000000E+00
 0.00000000E+00
 0.00000000E+00
 0.00000000E+00
 0.00000000E+00
 0.00000000E+00
 0.00000000E+00
 0.00000000E+00
 0.00000000E+00
 0.00000000E+00
 0.00000000E+00
 0.00000000E+00
 0.00000000E+00
 0.00000000E+00
 0.00000000E+00
 0.00000000E+00
 0.00000000E+00
 0.00000000E+00
 0.00000000E+00
 0.00000000E+00
 0.00000000E+00
 0.00000000E+00
 0.00000000E+00
 0.00000000E+00
 0.00000000E+00
 0.00000000E+00
 0.00000000E+00
 0.00000000E+00
 0.00000000E+00
 0.00000000E+00
 0.00000000E+00
 0.00000000E+00
 0.00000000E+00
 0.00000000E+00
 0.00000000E+00
 0.00000000E+00
 0.00000000E+00
 0.00000000E+00
 0.00000000E+00
 0.00000000E+00
 0.00000000E+00
 0.00000000E+00
 0.00000000E+00
 0.00000000E+00
 0.00000000E+00
 0.00000000E+00
 0.00000000E+00
 0.00000000E+00
 0.00000000E+00
 0.00000000E+00
 0.00000000E+00
 0.00000000E+00
 0.00000000E+00
 0.00000000E+00
 0.00000000E+00
 0.00000000E+00
 0.00000000E+00
 0.00000000E+00
 0.00000000E+00
 0.00000000E+00
 0.00000000E+00
 0.00000000E+00
 0.00000000E+00
 0.00000000E+00
 0.00000000E+00
 0.00000000E+00
 0.00000000E+00
 0.00000000E+00
 0.00000000E+00
 0.00000000E+00
 0.00000000E+00
 0.00000000E+00
 0.00000000E+00
 0.00000000E+00
 0.00000000E+00
 0.00000000E+00
 0.00000000E+00
 0.00000000E+00
 0.00000000E+00
 0.00000000E+00
 0.00000000E+00
 0.00000000E+00
 0.00000000E+00
 0.00000000E+00
 0.00000000E+00
 0.00000000E+00
 0.00000000E+00
 0.00000000E+00
 0.00000000E+00
 0.00000000E+00
 0.00000000E+00
 0.00000000E+00
 0.00000000E+00
 0.00000000E+00
 0.00000000E+00
 0.00000000E+00
 0.00000000E+00
 0.00000000E+00
 0.00000000E+00
 0.00000000E+00
 0.00000000E+00
 0.00000000E+00
 0.00000000E+00
 0.00000000E+00
 0.00000000E+00
 0.00000000E+00
 0.00000000E+00
 0.00000000E+00
 0.00000000E+00
 0.00000000E+00
 0.00000000E+00
 0.00000000E+00
 0.00000000E+00
 0.00000000E+00
 0.00000000E+00
 0.00000000E+00
 0.00000000E+00
 0.00000000E+00
 0.00000000E+00
 0.00000000E+00
 0.00000000E+00
 0.00000000E+00
 0.00000000E+00
 0.00000000E+00
 0.00000000E+00
 6.50270028E-01
 5.16241776E-01
 2.58684825E-01
 5.30026781E-02
 8.38225245E-02
 1.50755295E-02
 3.71243966E-05
 3.71243978E-05
 1.64788552E-01
 2.65224633E-02
 3.71244006E-05
 3.71244015E-05
 3.71244032E-05
 3.71243600E-05
 3.71243643E-05
 3.71243687E-05
 3.71243735E-05
 3.71243773E-05
 3.71243827E-05
 3.71243873E-05
 3.71243913E-05
 3.71243953E-05
 3.22970106E-02
 3.71243962E-05
 3.71243967E-05
 3.71243974E-05
 3.71243973E-05
 3.71243980E-05
 3.71243987E-05
 3.71243987E-05
 3.71243992E-05
 3.71243997E-05
 3.71244002E-05
 3.71244013E-05
 3.71244015E-05
 3.71244023E-05
 3.71244028E-05
 3.71244040E-05
 3.71244067E-05
 3.71244082E-05
 3.71244111E-05
 3.71244128E-05
 3.71244155E-05
 3.71244181E-05
 3.71244201E-05
 3.71244220E-05
 3.71243814E-05
 3.71243831E-05
 3.71243842E-05
 3.71243854E-05
 3.71243864E-05
 3.71243880E-05
 3.71243895E-05
 3.71243897E-05
 3.71243899E-05
 3.71243897E-05
 3.71243896E-05
 3.71243898E-05
 3.71243906E-05
 3.71243906E-05
 3.71243911E-05
 3.71243908E-05
 3.71243908E-05
 3.71243913E-05
 3.71243912E-05
 3.71243912E-05
 3.71243919E-05
 3.71243921E-05
 3.71243921E-05
 3.71243927E-05
 3.71243929E-05
 3.71243928E-05
 3.71243930E-05
 3.71243926E-05
 3.71243930E-05
 3.71243934E-05
 3.71243938E-05
 3.71243939E-05
 3.71243938E-05
 3.71243941E-05
 3.71243945E-05
 3.71243945E-05
 3.71243951E-05
 3.71243950E-05
 3.71243953E-05
 3.71243968E-05
 3.71243974E-05
 3.71243976E-05
 3.71243988E-05
 3.71243993E-05
 3.71244004E-05
 3.71244015E-05
 3.71244025E-05
 3.71244030E-05
 3.71244040E-05
 3.71244050E-05
 3.71244057E-05
 3.71244062E-05
 3.71244074E-05
 3.71244083E-05
 3.71244089E-05
 3.71244099E-05
 3.71244109E-05
 3.71244121E-05
 3.71244126E-05
 3.71244136E-05
 3.71244143E-05
 3.71244155E-05
 3.71244162E-05
 3.71244171E-05
 3.71244179E-05
 3.71244187E-05
 3.71244199E-05
 3.71244209E-05
 3.71244215E-05
 3.71244222E-05
 3.71244237E-05
 3.71244239E-05
 3.71244251E-05
 3.71244260E-05
 3.71244268E-05
 3.71244281E-05
 3.71244286E-05
 3.71244300E-05
 3.71244307E-05
 3.71244319E-05
 3.71244327E-05
 3.71244337E-05
 3.71244347E-05
 3.71244352E-05
 3.71244362E-05
 3.71244374E-05
 3.71244385E-05
 3.71244396E-05
 3.71244403E-05
 3.71244410E-05
 3.71243998E-05
 3.71244003E-05
 3.71244007E-05
 3.71244012E-05
 3.71244017E-05
 3.71244027E-05
 3.71244030E-05
 3.71244034E-05
 3.71244037E-05
 3.71244044E-05
 3.71244054E-05
 3.71244058E-05
 3.71244065E-05
 3.71244070E-05
 3.71244073E-05
 3.71244079E-05
 3.71244082E-05
 3.71244088E-05
 3.71244095E-05
 3.71244101E-05
 3.71244107E-05
 3.71244109E-05
 3.71244115E-05
 3.71244125E-05
 3.71244128E-05
 3.71244135E-05
 3.71244140E-05
 3.71244144E-05
 3.71244155E-05
 3.71244156E-05
 3.71244162E-05
 3.71244169E-05
 3.71244177E-05
 3.71244184E-05
 3.71244186E-05
 3.71244193E-05
 3.71244200E-05
 3.71244204E-05
 3.71244211E-05
 3.71244219E-05
 3.71244222E-05
 3.71244230E-05
 3.71244234E-05
 3.71244242E-05
 3.71244247E-05
 3.71244253E-05
 3.71244259E-05
 3.71244266E-05
 3.71244270E-05
 3.71244276E-05
 3.71244284E-05
 3.71244290E-05
 3.71244294E-05
 3.71244302E-05
 3.71244309E-05
 3.71244315E-05
 3.71244322E-05
 3.71244327E-05
 3.71244334E-05
 3.71244339E-05
 3.71244347E-05
 3.71244353E-05
 3.71244360E-05
 3.71244366E-05
 3.71244373E-05
 3.71244382E-05
 3.71244386E-05
 3.71244395E-05
 3.71244400E-05
 3.71243645E-05
 3.71243575E-05
 3.71243524E-05
 3.71243957E-05
 3.71243951E-05
 3.71243945E-05
 3.71243939E-05
 3.71243936E-05
 3.71243930E-05
 3.71243926E-05
 3.71243924E-05
 3.71243920E-05
 3.71243918E-05
 3.71243917E-05
 3.71243915E-05
 3.71243913E-05
 3.71243912E-05
 3.71243913E-05
 3.71243912E-05
 3.71243911E-05
 3.71243907E-05
 3.71243907E-05
 3.71243909E-05
 3.71243908E-05
 3.71243907E-05
 3.71243906E-05
 3.71243907E-05
 3.71243905E-05
 3.71243907E-05
 3.71243908E-05
 3.71243906E-05
 3.71243906E-05
 3.71243906E-05
 3.71243909E-05
 3.71243909E-05
 3.71243908E-05
 3.71243910E-05
 3.71243911E-05
 3.71243910E-05
 3.71243912E-05
 3.71243913E-05
 3.71243914E-05
 3.71243915E-05
 3.71243915E-05
 3.71243916E-05
 3.71243917E-05
 3.71243919E-05
 3.71243921E-05
 3.71243921E-05
 3.71243924E-05
 3.71243925E-05
 3.71243925E-05
 3.71243927E-05
 3.71243929E-05
 3.71243931E-05
 3.71243932E-05
 3.71243934E-05
 3.71243937E-05
 3.71243937E-05
 3.71243940E-05
 3.71243942E-05
 3.71243944E-05
 3.71243946E-05
 3.71243947E-05
 3.71243950E-05
 3.71243952E-05
 3.71243955E-05
 3.71243955E-05
 3.71243953E-05
 3.71243951E-05
 3.71243950E-05
 3.71243948E-05
 3.71243946E-05
 3.71243945E-05
 3.71243944E-05
 3.71243943E-05
 3.71243942E-05
 3.71243941E-05
 3.71243940E-05
 3.71243939E-05
 3.71243938E-05
 3.71243937E-05
 3.71243937E-05
 3.71243937E-05
 3.71243936E-05
 3.71243937E-05
 3.71243937E-05
 3.71243937E-05
 3.71243937E-05
 3.71243938E-05
 3.71243939E-05
 3.71243940E-05
 3.71243941E-05
 3.71243943E-05
 3.71243945E-05
 3.71243947E-05
 3.71243950E-05
 3.71243952E-05
 3.71243967E-05
 3.71244009E-05
 3.71244051E-05
 3.71244093E-05
 3.71244136E-05
 3.71243769E-05
 3.71243841E-05
 3.71243917E-05
 3.71243952E-05
 3.71243946E-05
 3.71243945E-05
 3.71243951E-05
 4.71042382E-05
 1.94792833E-04
 5.94330400E-04
 8.39472549E-05
 5.32750222E-05
 6.17387105E-05
 5.96422578E-05
 4.28247368E-05
 5.17663674E-05
 5.83727236E-05
 5.57845344E-05
 3.83376998E-05
 5.02267027E-05
 5.51528941E-05
 5.21073706E-05
 3.41171425E-05
 5.94059976E-02
 1.24646345E-01
 3.62727576E-01
 0.00000000E+00
 0.00000000E+00
 0.00000000E+00
 0.00000000E+00
 0.00000000E+00
 0.00000000E+00
 0.00000000E+00
 0.00000000E+00
 0.00000000E+00
 0.00000000E+00
 0.00000000E+00
 0.00000000E+00
 0.00000000E+00
 0.00000000E+00
 0.00000000E+00
 0.00000000E+00
 0.00000000E+00
 0.00000000E+00
 0.00000000E+00
 0.00000000E+00
 0.00000000E+00
 0.00000000E+00
 0.00000000E+00
 0.00000000E+00
 0.00000000E+00
 0.00000000E+00
 0.00000000E+00
 0.00000000E+00
 0.00000000E+00
 0.00000000E+00
 0.00000000E+00
 0.00000000E+00
 0.00000000E+00
 0.00000000E+00
 0.00000000E+00
 0.00000000E+00
 0.00000000E+00
 0.00000000E+00
 0.00000000E+00
 0.00000000E+00
 0.00000000E+00
 0.00000000E+00
 0.00000000E+00
 0.00000000E+00
 0.00000000E+00
 0.00000000E+00
 0.00000000E+00
 0.00000000E+00
 0.00000000E+00
 0.00000000E+00
 0.00000000E+00
 0.00000000E+00
 0.00000000E+00
 0.00000000E+00
 0.00000000E+00
 0.00000000E+00
 0.00000000E+00
 0.00000000E+00
 0.00000000E+00
 0.00000000E+00
 0.00000000E+00
 0.00000000E+00
 0.00000000E+00
 0.00000000E+00
 0.00000000E+00
 0.00000000E+00
 0.00000000E+00
 0.00000000E+00
 0.00000000E+00
 0.00000000E+00
 0.00000000E+00
 0.00000000E+00
 0.00000000E+00
 0.00000000E+00
 0.00000000E+00
 0.00000000E+00
 0.00000000E+00
 0.00000000E+00
 0.00000000E+00
 0.00000000E+00
 0.00000000E+00
 0.00000000E+00
 0.00000000E+00
 0.00000000E+00
 0.00000000E+00
 0.00000000E+00
 0.00000000E+00
 0.00000000E+00
 0.00000000E+00
 0.00000000E+00
 0.00000000E+00
 0.00000000E+00
 0.00000000E+00
 0.00000000E+00
 0.00000000E+00
 0.00000000E+00
 0.00000000E+00
 0.00000000E+00
 0.00000000E+00
 0.00000000E+00
 0.00000000E+00
 0.00000000E+00
 0.00000000E+00
 0.00000000E+00
 0.00000000E+00
 0.00000000E+00
 0.00000000E+00
 0.00000000E+00
 0.00000000E+00
 0.00000000E+00
 0.00000000E+00
 0.00000000E+00
 0.00000000E+00
 0.00000000E+00
 0.00000000E+00
 0.00000000E+00
 0.00000000E+00
 0.00000000E+00
 0.00000000E+00
 0.00000000E+00
 0.00000000E+00
 0.00000000E+00
 0.00000000E+00
 0.00000000E+00
 0.00000000E+00
 0.00000000E+00
 0.00000000E+00
 0.00000000E+00
 0.00000000E+00
 0.00000000E+00
 0.00000000E+00
 0.00000000E+00
 0.00000000E+00
 0.00000000E+00
 0.00000000E+00
 0.00000000E+00
 0.00000000E+00
 0.00000000E+00
 0.00000000E+00
 0.00000000E+00
 0.00000000E+00
 0.00000000E+00
 0.00000000E+00
 0.00000000E+00
 0.00000000E+00
 0.00000000E+00
 0.00000000E+00
 0.00000000E+00
 0.00000000E+00
 0.00000000E+00
 0.00000000E+00
 0.00000000E+00
 0.00000000E+00
 0.00000000E+00
 0.00000000E+00
 0.00000000E+00
 0.00000000E+00
 0.00000000E+00
 0.00000000E+00
 0.00000000E+00
 0.00000000E+00
 0.00000000E+00
 0.00000000E+00
 0.00000000E+00
 0.00000000E+00
 0.00000000E+00
 6.71574345E-01
 5.45710622E-01
 2.82199307E-01
 4.16294918E-02
 7.87187351E-02
 1.41595648E-02
 3.72462934E-05
 3.72462934E-05
 1.68234322E-01
 2.70776036E-02
 3.72462966E-05
 3.72462974E-05
 3.72462989E-05
 3.72462553E-05
 3.72462598E-05
 3.72462650E-05
 3.72462684E-05
 3.72462733E-05
 3.72462780E-05
 3.72462833E-05
 3.72462877E-05
 3.72462918E-05
 3.29715668E-02
 3.72462929E-05
 3.72462924E-05
 3.72462930E-05
 3.72462934E-05
 3.72462941E-05
 3.72462948E-05
 3.72462952E-05
 3.72462958E-05
 3.72462955E-05
 3.72462964E-05
 3.72462973E-05
 3.72462976E-05
 3.72462978E-05
 3.72462984E-05
 3.72462996E-05
 3.72463027E-05
 3.72463042E-05
 3.72463070E-05
 3.72463090E-05
 3.72463116E-05
 3.72463140E-05
 3.72463162E-05
 3.72463190E-05
 3.72462772E-05
 3.72462789E-05
 3.72462800E-05
 3.72462815E-05
 3.72462830E-05
 3.72462843E-05
 3.72462852E-05
 3.72462853E-05
 3.72462857E-05
 3.72462863E-05
 3.72462861E-05
 3.72462859E-05
 3.72462863E-05
 3.72462868E-05
 3.72462869E-05
 3.72462867E-05
 3.72462867E-05
 3.72462871E-05
 3.72462877E-05
 3.72462875E-05
 3.72462880E-05
 3.72462877E-05
 3.72462880E-05
 3.72462886E-05
 3.72462890E-05
 3.72462889E-05
 3.72462888E-05
 3.72462889E-05
 3.72462892E-05
 3.72462896E-05
 3.72462896E-05
 3.72462897E-05
 3.72462903E-05
 3.72462904E-05
 3.72462906E-05
 3.72462903E-05
 3.72462912E-05
 3.72462908E-05
 3.72462916E-05
 3.72462925E-05
 3.72462930E-05
 3.72462944E-05
 3.72462952E-05
 3.72462959E-05
 3.72462967E-05
 3.72462976E-05
 3.72462986E-05
 3.72462991E-05
 3.72462996E-05
 3.72463011E-05
 3.72463018E-05
 3.72463031E-05
 3.72463035E-05
 3.72463043E-05
 3.72463053E-05
 3.72463065E-05
 3.72463072E-05
 3.72463077E-05
 3.72463089E-05
 3.72463098E-05
 3.72463103E-05
 3.72463116E-05
 3.72463125E-05
 3.72463129E-05
 3.72463143E-05
 3.72463154E-05
 3.72463158E-05
 3.72463169E-05
 3.72463177E-05
 3.72463190E-05
 3.72463197E-05
 3.72463208E-05
 3.72463216E-05
 3.72463227E-05
 3.72463235E-05
 3.72463243E-05
 3.72463249E-05
 3.72463261E-05
 3.72463270E-05
 3.72463281E-05
 3.72463289E-05
 3.72463303E-05
 3.72463310E-05
 3.72463321E-05
 3.72463325E-05
 3.72463337E-05
 3.72463351E-05
 3.72463359E-05
 3.72463367E-05
 3.72463379E-05
 3.72462957E-05
 3.72462966E-05
 3.72462972E-05
 3.72462971E-05
 3.72462981E-05
 3.72462984E-05
 3.72462992E-05
 3.72462994E-05
 3.72463000E-05
 3.72463009E-05
 3.72463011E-05
 3.72463017E-05
 3.72463025E-05
 3.72463027E-05
 3.72463036E-05
 3.72463038E-05
 3.72463046E-05
 3.72463051E-05
 3.72463058E-05
 3.72463063E-05
 3.72463068E-05
 3.72463075E-05
 3.72463078E-05
 3.72463087E-05
 3.72463091E-05
 3.72463097E-05
 3.72463103E-05
 3.72463108E-05
 3.72463115E-05
 3.72463121E-05
 3.72463128E-05
 3.72463130E-05
 3.72463136E-05
 3.72463143E-05
 3.72463150E-05
 3.72463156E-05
 3.72463161E-05
 3.72463167E-05
 3.72463171E-05
 3.72463180E-05
 3.72463185E-05
 3.72463190E-05
 3.72463199E-05
 3.72463204E-05
 3.72463208E-05
 3.72463214E-05
 3.72463223E-05
 3.72463226E-05
 3.72463233E-05
 3.72463242E-05
 3.72463248E-05
 3.72463252E-05
 3.72463258E-05
 3.72463267E-05
 3.72463271E-05
 3.72463278E-05
 3.72463286E-05
 3.72463291E-05
 3.72463297E-05
 3.72463303E-05
 3.72463311E-05
 3.72463316E-05
 3.72463322E-05
 3.72463331E-05
 3.72463337E-05
 3.72463343E-05
 3.72463350E-05
 3.72463357E-05
 3.72463363E-05
 3.72462613E-05
 3.72462537E-05
 3.72462487E-05
 3.72462916E-05
 3.72462912E-05
 3.72462905E-05
 3.72462901E-05
 3.72462894E-05
 3.72462892E-05
 3.72462888E-05
 3.72462884E-05
 3.72462882E-05
 3.72462879E-05
 3.72462876E-05
 3.72462874E-05
 3.72462875E-05
 3.72462873E-05
 3.72462870E-05
 3.72462870E-05
 3.72462869E-05
 3.72462867E-05
 3.72462869E-05
 3.72462867E-05
 3.72462866E-05
 3.72462867E-05
 3.72462866E-05
 3.72462865E-05
 3.72462867E-05
 3.72462867E-05
 3.72462868E-05
 3.72462867E-05
 3.72462867E-05
 3.72462868E-05
 3.72462867E-05
 3.72462869E-05
 3.72462868E-05
 3.72462871E-05
 3.72462872E-05
 3.72462872E-05
 3.72462872E-05
 3.72462872E-05
 3.72462874E-05
 3.72462875E-05
 3.72462876E-05
 3.72462878E-05
 3.72462878E-05
 3.72462879E-05
 3.72462882E-05
 3.72462883E-05
 3.72462884E-05
 3.72462885E-05
 3.72462887E-05
 3.72462888E-05
 3.72462890E-05
 3.72462892E-05
 3.72462893E-05
 3.72462894E-05
 3.72462897E-05
 3.72462898E-05
 3.72462901E-05
 3.72462902E-05
 3.72462904E-05
 3.72462907E-05
 3.72462909E-05
 3.72462911E-05
 3.72462914E-05
 3.72462916E-05
 3.72462915E-05
 3.72462914E-05
 3.72462912E-05
 3.72462911E-05
 3.72462909E-05
 3.72462907E-05
 3.72462906E-05
 3.72462905E-05
 3.72462904E-05
 3.72462902E-05
 3.72462902E-05
 3.72462901E-05
 3.72462900E-05
 3.72462899E-05
 3.72462898E-05
 3.72462898E-05
 3.72462898E-05
 3.72462897E-05
 3.72462897E-05
 3.72462898E-05
 3.72462898E-05
 3.72462898E-05
 3.72462899E-05
 3.72462900E-05
 3.72462901E-05
 3.72462902E-05
 3.72462904E-05
 3.72462906E-05
 3.72462908E-05
 3.72462911E-05
 3.72462914E-05
 3.72462929E-05
 3.72462971E-05
 3.72463013E-05
 3.72463056E-05
 3.72463099E-05
 3.72462728E-05
 3.72462801E-05
 3.72462878E-05
 3.72462913E-05
 3.72462907E-05
 3.72462906E-05
 3.72462911E-05
 4.18514302E-05
 1.80543358E-04
 5.76349484E-04
 7.83238752E-05
 5.33562280E-05
 6.17289026E-05
 5.96693436E-05
 4.29262019E-05
 5.18363772E-05
 5.83545976E-05
 5.58170158E-05
 3.84379191E-05
 5.02863672E-05
 5.51271872E-05
 5.21443029E-05
 3.42159366E-05
 5.57856420E-02
 1.17053444E-01
 3.54762104E-01
 0.00000000E+00
 0.00000000E+00
 0.00000000E+00
 0.00000000E+00
 0.00000000E+00
 0.00000000E+00
 0.00000000E+00
 0.00000000E+00
 0.00000000E+00
 0.00000000E+00
 0.00000000E+00
 0.00000000E+00
 0.00000000E+00
 0.00000000E+00
 0.00000000E+00
 0.00000000E+00
 0.00000000E+00
 0.00000000E+00
 0.00000000E+00
 0.00000000E+00
 0.00000000E+00
 0.00000000E+00
 0.00000000E+00
 0.00000000E+00
 0.00000000E+00
 0.00000000E+00
 0.00000000E+00
 0.00000000E+00
 0.00000000E+00
 0.00000000E+00
 0.00000000E+00
 0.00000000E+00
 0.00000000E+00
 0.00000000E+00
 0.00000000E+00
 0.00000000E+00
 0.00000000E+00
 0.00000000E+00
 0.00000000E+00
 0.00000000E+00
 0.00000000E+00
 0.00000000E+00
 0.00000000E+00
 0.00000000E+00
 0.00000000E+00
 0.00000000E+00
 0.00000000E+00
 0.00000000E+00
 0.00000000E+00
 0.00000000E+00
 0.00000000E+00
 0.00000000E+00
 0.00000000E+00
 0.00000000E+00
 0.00000000E+00
 0.00000000E+00
 0.00000000E+00
 0.00000000E+00
 0.00000000E+00
 0.00000000E+00
 0.00000000E+00
 0.00000000E+00
 0.00000000E+00
 0.00000000E+00
 0.00000000E+00
 0.00000000E+00
 0.00000000E+00
 0.00000000E+00
 0.00000000E+00
 0.00000000E+00
 0.00000000E+00
 0.00000000E+00
 0.00000000E+00
 0.00000000E+00
 0.00000000E+00
 0.00000000E+00
 0.00000000E+00
 0.00000000E+00
 0.00000000E+00
 0.00000000E+00
 0.00000000E+00
 0.00000000E+00
 0.00000000E+00
 0.00000000E+00
 0.00000000E+00
 0.00000000E+00
 0.00000000E+00
 0.00000000E+00
 0.00000000E+00
 0.00000000E+00
 0.00000000E+00
 0.00000000E+00
 0.00000000E+00
 0.00000000E+00
 0.00000000E+00
 0.00000000E+00
 0.00000000E+00
 0.00000000E+00
 0.00000000E+00
 0.00000000E+00
 0.00000000E+00
 0.00000000E+00
 0.00000000E+00
 0.00000000E+00
 0.00000000E+00
 0.00000000E+00
 0.00000000E+00
 0.00000000E+00
 0.00000000E+00
 0.00000000E+00
 0.00000000E+00
 0.00000000E+00
 0.00000000E+00
 0.00000000E+00
 0.00000000E+00
 0.00000000E+00
 0.00000000E+00
 0.00000000E+00
 0.00000000E+00
 0.00000000E+00
 0.00000000E+00
 0.00000000E+00
 0.00000000E+00
 0.00000000E+00
 0.00000000E+00
 0.00000000E+00
 0.00000000E+00
 0.00000000E+00
 0.00000000E+00
 0.00000000E+00
 0.00000000E+00
 0.00000000E+00
 0.00000000E+00
 0.00000000E+00
 0.00000000E+00
 0.00000000E+00
 0.00000000E+00
 0.00000000E+00
 0.00000000E+00
 0.00000000E+00
 0.00000000E+00
 0.00000000E+00
 0.00000000E+00
 0.00000000E+00
 0.00000000E+00
 0.00000000E+00
 0.00000000E+00
 0.00000000E+00
 0.00000000E+00
 0.00000000E+00
 0.00000000E+00
 0.00000000E+00
 0.00000000E+00
 0.00000000E+00
 0.00000000E+00
 0.00000000E+00
 0.00000000E+00
 0.00000000E+00
 0.00000000E+00
 0.00000000E+00
 0.00000000E+00
 0.00000000E+00
 0.00000000E+00
 0.00000000E+00
 0.00000000E+00
 0.00000000E+00
 0.00000000E+00
 5.75131594E-01
 3.05675695E-01
 3.02745188E-02
 7.36229335E-02
 1.32447844E-02
 3.70643218E-05
 3.70643223E-05
 1.71674731E-01
 2.76321349E-02
 3.70643253E-05
 3.70643262E-05
 3.70643269E-05
 3.70642835E-05
 3.70642880E-05
 3.70642930E-05
 3.70642979E-05
 3.70643021E-05
 3.70643074E-05
 3.70643115E-05
 3.70643162E-05
 3.70643202E-05
 3.36447102E-02
 3.70643211E-05
 3.70643216E-05
 3.70643219E-05
 3.70643225E-05
 3.70643232E-05
 3.70643228E-05
 3.70643232E-05
 3.70643240E-05
 3.70643249E-05
 3.70643252E-05
 3.70643256E-05
 3.70643262E-05
 3.70643270E-05
 3.70643274E-05
 3.70643281E-05
 3.70643308E-05
 3.70643329E-05
 3.70643353E-05
 3.70643382E-05
 3.70643401E-05
 3.70643427E-05
 3.70643451E-05
 3.70643049E-05
 3.70643066E-05
 3.70643075E-05
 3.70643084E-05
 3.70643098E-05
 3.70643111E-05
 3.70643133E-05
 3.70643138E-05
 3.70643144E-05
 3.70643146E-05
 3.70643145E-05
 3.70643150E-05
 3.70643153E-05
 3.70643157E-05
 3.70643157E-05
 3.70643161E-05
 3.70643161E-05
 3.70643162E-05
 3.70643160E-05
 3.70643163E-05
 3.70643169E-05
 3.70643163E-05
 3.70643171E-05
 3.70643168E-05
 3.70643171E-05
 3.70643175E-05
 3.70643174E-05
 3.70643179E-05
 3.70643178E-05
 3.70643184E-05
 3.70643187E-05
 3.70643180E-05
 3.70643191E-05
 3.70643190E-05
 3.70643190E-05
 3.70643191E-05
 3.70643190E-05
 3.70643196E-05
 3.70643200E-05
 3.70643204E-05
 3.70643213E-05
 3.70643223E-05
 3.70643228E-05
 3.70643240E-05
 3.70643250E-05
 3.70643252E-05
 3.70643264E-05
 3.70643272E-05
 3.70643282E-05
 3.70643286E-05
 3.70643298E-05
 3.70643307E-05
 3.70643313E-05
 3.70643324E-05
 3.70643331E-05
 3.70643339E-05
 3.70643354E-05
 3.70643363E-05
 3.70643369E-05
 3.70643379E-05
 3.70643388E-05
 3.70643396E-05
 3.70643407E-05
 3.70643417E-05
 3.70643426E-05
 3.70643434E-05
 3.70643437E-05
 3.70643451E-05
 3.70643459E-05
 3.70643466E-05
 3.70643480E-05
 3.70643487E-05
 3.70643494E-05
 3.70643507E-05
 3.70643513E-05
 3.70643525E-05
 3.70643532E-05
 3.70643542E-05
 3.70643551E-05
 3.70643562E-05
 3.70643573E-05
 3.70643579E-05
 3.70643590E-05
 3.70643601E-05
 3.70643608E-05
 3.70643624E-05
 3.70643628E-05
 3.70643639E-05
 3.70643650E-05
 3.70643659E-05
 3.70643241E-05
 3.70643245E-05
 3.70643255E-05
 3.70643258E-05
 3.70643266E-05
 3.70643269E-05
 3.70643276E-05
 3.70643281E-05
 3.70643285E-05
 3.70643288E-05
 3.70643298E-05
 3.70643303E-05
 3.70643310E-05
 3.70643314E-05
 3.70643320E-05
 3.70643324E-05
 3.70643331E-05
 3.70643338E-05
 3.70643342E-05
 3.70643349E-05
 3.70643351E-05
 3.70643355E-05
 3.70643364E-05
 3.70643368E-05
 3.70643375E-05
 3.70643381E-05
 3.70643387E-05
 3.70643394E-05
 3.70643396E-05
 3.70643406E-05
 3.70643408E-05
 3.70643414E-05
 3.70643420E-05
 3.70643429E-05
 3.70643434E-05
 3.70643439E-05
 3.70643446E-05
 3.70643450E-05
 3.70643457E-05
 3.70643463E-05
 3.70643468E-05
 3.70643474E-05
 3.70643483E-05
 3.70643488E-05
 3.70643492E-05
 3.70643500E-05
 3.70643509E-05
 3.70643512E-05
 3.70643518E-05
 3.70643527E-05
 3.70643529E-05
 3.70643537E-05
 3.70643546E-05
 3.70643548E-05
 3.70643555E-05
 3.70643563E-05
 3.70643570E-05
 3.70643577E-05
 3.70643582E-05
 3.70643588E-05
 3.70643595E-05
 3.70643603E-05
 3.70643610E-05
 3.70643615E-05
 3.70643622E-05
 3.70643628E-05
 3.70643637E-05
 3.70643641E-05
 3.70643649E-05
 3.70643657E-05
 3.70642906E-05
 3.70642826E-05
 3.70642775E-05
 3.70643205E-05
 3.70643198E-05
 3.70643192E-05
 3.70643186E-05
 3.70643181E-05
 3.70643179E-05
 3.70643176E-05
 3.70643171E-05
 3.70643170E-05
 3.70643168E-05
 3.70643164E-05
 3.70643163E-05
 3.70643161E-05
 3.70643159E-05
 3.70643158E-05
 3.70643157E-05
 3.70643158E-05
 3.70643156E-05
 3.70643154E-05
 3.70643155E-05
 3.70643153E-05
 3.70643154E-05
 3.70643154E-05
 3.70643153E-05
 3.70643154E-05
 3.70643153E-05
 3.70643154E-05
 3.70643154E-05
 3.70643155E-05
 3.70643155E-05
 3.70643155E-05
 3.70643155E-05
 3.70643157E-05
 3.70643157E-05
 3.70643157E-05
 3.70643159E-05
 3.70643159E-05
 3.70643161E-05
 3.70643163E-05
 3.70643162E-05
 3.70643164E-05
 3.70643165E-05
 3.70643166E-05
 3.70643168E-05
 3.70643169E-05
 3.70643170E-05
 3.70643172E-05
 3.70643172E-05
 3.70643175E-05
 3.70643176E-05
 3.70643178E-05
 3.70643179E-05
 3.70643181E-05
 3.70643183E-05
 3.70643184E-05
 3.70643186E-05
 3.70643189E-05
 3.70643190E-05
 3.70643192E-05
 3.70643195E-05
 3.70643197E-05
 3.70643199E-05
 3.70643202E-05
 3.70643204E-05
 3.70643204E-05
 3.70643202E-05
 3.70643200E-05
 3.70643198E-05
 3.70643197E-05
 3.70643195E-05
 3.70643194E-05
 3.70643193E-05
 3.70643192E-05
 3.70643191E-05
 3.70643189E-05
 3.70643188E-05
 3.70643188E-05
 3.70643187E-05
 3.70643186E-05
 3.70643186E-05
 3.70643186E-05
 3.70643185E-05
 3.70643186E-05
 3.70643186E-05
 3.70643186E-05
 3.70643186E-05
 3.70643187E-05
 3.70643188E-05
 3.70643189E-05
 3.70643190E-05
 3.70643192E-05
 3.70643194E-05
 3.70643196E-05
 3.70643199E-05
 3.70643202E-05
 3.70643217E-05
 3.70643259E-05
 3.70643301E-05
 3.70643345E-05
 3.70643389E-05
 3.70643015E-05
 3.70643088E-05
 3.70643165E-05
 3.70643202E-05
 3.70643195E-05
 3.70643194E-05
 3.70643200E-05
 3.69108249E-05
 1.66620701E-04
 5.58701345E-04
 7.30197012E-05
 5.31318741E-05
 6.14181788E-05
 5.93998598E-05
 4.27352983E-05
 5.16182970E-05
 5.80526686E-05
 5.55696773E-05
 3.82621986E-05
 5.00740613E-05
 5.48334777E-05
 5.19168913E-05
 3.40539798E-05
 5.21713066E-02
 1.09472859E-01
 3.46809455E-01
 0.00000000E+00
 0.00000000E+00
 0.00000000E+00
 0.00000000E+00
 0.00000000E+00
 0.00000000E+00
 0.00000000E+00
 0.00000000E+00
 0.00000000E+00
 0.00000000E+00
 0.00000000E+00
 0.00000000E+00
 0.00000000E+00
 0.00000000E+00
 0.00000000E+00
 0.00000000E+00
 0.00000000E+00
 0.00000000E+00
 0.00000000E+00
 0.00000000E+00
 0.00000000E+00
 0.00000000E+00
 0.00000000E+00
 0.00000000E+00
 0.00000000E+00
 0.00000000E+00
 0.00000000E+00
 0.00000000E+00
 0.00000000E+00
 0.00000000E+00
 0.00000000E+00
 0.00000000E+00
 0.00000000E+00
 0.00000000E+00
 0.00000000E+00
 0.00000000E+00
 0.00000000E+00
 0.00000000E+00
 0.00000000E+00
 0.00000000E+00
 0.00000000E+00
 0.00000000E+00
 0.00000000E+00
 0.00000000E+00
 0.00000000E+00
 0.00000000E+00
 0.00000000E+00
 0.00000000E+00
 0.00000000E+00
 0.00000000E+00
 0.00000000E+00
 0.00000000E+00
 0.00000000E+00
 0.00000000E+00
 0.00000000E+00
 0.00000000E+00
 0.00000000E+00
 0.00000000E+00
 0.00000000E+00
 0.00000000E+00
 0.00000000E+00
 0.00000000E+00
 0.00000000E+00
 0.00000000E+00
 0.00000000E+00
 0.00000000E+00
 0.00000000E+00
 0.00000000E+00
 0.00000000E+00
 0.00000000E+00
 0.00000000E+00
 0.00000000E+00
 0.00000000E+00
 0.00000000E+00
 0.00000000E+00
 0.00000000E+00
 0.00000000E+00
 0.00000000E+00
 0.00000000E+00
 0.00000000E+00
 0.00000000E+00
 0.00000000E+00
 0.00000000E+00
 0.00000000E+00
 0.00000000E+00
 0.00000000E+00
 0.00000000E+00
 0.00000000E+00
 0.00000000E+00
 0.00000000E+00
 0.00000000E+00
 0.00000000E+00
 0.00000000E+00
 0.00000000E+00
 0.00000000E+00
 0.00000000E+00
 0.00000000E+00
 0.00000000E+00
 0.00000000E+00
 0.00000000E+00
 0.00000000E+00
 0.00000000E+00
 0.00000000E+00
 0.00000000E+00
 0.00000000E+00
 0.00000000E+00
 0.00000000E+00
 0.00000000E+00
 0.00000000E+00
 0.00000000E+00
 0.00000000E+00
 0.00000000E+00
 0.00000000E+00
 0.00000000E+00
 0.00000000E+00
 0.00000000E+00
 0.00000000E+00
 0.00000000E+00
 0.00000000E+00
 0.00000000E+00
 0.00000000E+00
 0.00000000E+00
 0.00000000E+00
 0.00000000E+00
 0.00000000E+00
 0.00000000E+00
 0.00000000E+00
 0.00000000E+00
 0.00000000E+00
 0.00000000E+00
 0.00000000E+00
 0.00000000E+00
 0.00000000E+00
 0.00000000E+00
 0.00000000E+00
 0.00000000E+00
 0.00000000E+00
 0.00000000E+00
 0.00000000E+00
 0.00000000E+00
 0.00000000E+00
 0.00000000E+00
 0.00000000E+00
 0.00000000E+00
 0.00000000E+00
 0.00000000E+00
 0.00000000E+00
 0.00000000E+00
 0.00000000E+00
 0.00000000E+00
 0.00000000E+00
 0.00000000E+00
 0.00000000E+00
 0.00000000E+00
 0.00000000E+00
 0.00000000E+00
 0.00000000E+00
 0.00000000E+00
 0.00000000E+00
 0.00000000E+00
 0.00000000E+00
 0.00000000E+00
 0.00000000E+00
 0.00000000E+00
 0.00000000E+00
 0.00000000E+00
 0.00000000E+00
 6.04504782E-01
 3.29114063E-01
 1.89377247E-02
 6.85351045E-02
 1.23311861E-02
 3.65789874E-05
 3.65789882E-05
 1.75109788E-01
 2.81860583E-02
 3.65789907E-05
 3.65789907E-05
 3.65789926E-05
 3.65789491E-05
 3.65789537E-05
 3.65789583E-05
 3.65789634E-05
 3.65789679E-05
 3.65789729E-05
 3.65789765E-05
 3.65789815E-05
 3.65789853E-05
 3.43164436E-02
 3.65789868E-05
 3.65789872E-05
 3.65789870E-05
 3.65789878E-05
 3.65789885E-05
 3.65789885E-05
 3.65789894E-05
 3.65789898E-05
 3.65789905E-05
 3.65789910E-05
 3.65789911E-05
 3.65789913E-05
 3.65789923E-05
 3.65789927E-05
 3.65789938E-05
 3.65789965E-05
 3.65789985E-05
 3.65790013E-05
 3.65790036E-05
 3.65790060E-05
 3.65790088E-05
 3.65790112E-05
 3.65789707E-05
 3.65789718E-05
 3.65789729E-05
 3.65789743E-05
 3.65789757E-05
 3.65789776E-05
 3.65789789E-05
 3.65789797E-05
 3.65789805E-05
 3.65789803E-05
 3.65789810E-05
 3.65789808E-05
 3.65789811E-05
 3.65789812E-05
 3.65789817E-05
 3.65789818E-05
 3.65789814E-05
 3.65789818E-05
 3.65789816E-05
 3.65789820E-05
 3.65789824E-05
 3.65789825E-05
 3.65789824E-05
 3.65789826E-05
 3.65789829E-05
 3.65789835E-05
 3.65789834E-05
 3.65789833E-05
 3.65789831E-05
 3.65789842E-05
 3.65789842E-05
 3.65789845E-05
 3.65789843E-05
 3.65789843E-05
 3.65789850E-05
 3.65789850E-05
 3.65789849E-05
 3.65789852E-05
 3.65789857E-05
 3.65789863E-05
 3.65789873E-05
 3.65789877E-05
 3.65789888E-05
 3.65789896E-05
 3.65789905E-05
 3.65789908E-05
 3.65789922E-05
 3.65789930E-05
 3.65789938E-05
 3.65789947E-05
 3.65789956E-05
 3.65789967E-05
 3.65789977E-05
 3.65789981E-05
 3.65789993E-05
 3.65790000E-05
 3.65790006E-05
 3.65790016E-05
 3.65790025E-05
 3.65790035E-05
 3.65790048E-05
 3.65790050E-05
 3.65790063E-05
 3.65790075E-05
 3.65790080E-05
 3.65790093E-05
 3.65790097E-05
 3.65790108E-05
 3.65790117E-05
 3.65790126E-05
 3.65790135E-05
 3.65790145E-05
 3.65790158E-05
 3.65790167E-05
 3.65790175E-05
 3.65790182E-05
 3.65790194E-05
 3.65790202E-05
 3.65790213E-05
 3.65790220E-05
 3.65790232E-05
 3.65790238E-05
 3.65790247E-05
 3.65790260E-05
 3.65790269E-05
 3.65790278E-05
 3.65790288E-05
 3.65790297E-05
 3.65790310E-05
 3.65789892E-05
 3.65789896E-05
 3.65789904E-05
 3.65789907E-05
 3.65789914E-05
 3.65789919E-05
 3.65789925E-05
 3.65789930E-05
 3.65789937E-05
 3.65789942E-05
 3.65789947E-05
 3.65789954E-05
 3.65789958E-05
 3.65789965E-05
 3.65789970E-05
 3.65789977E-05
 3.65789980E-05
 3.65789985E-05
 3.65789991E-05
 3.65790000E-05
 3.65790003E-05
 3.65790008E-05
 3.65790014E-05
 3.65790020E-05
 3.65790027E-05
 3.65790033E-05
 3.65790040E-05
 3.65790047E-05
 3.65790049E-05
 3.65790055E-05
 3.65790061E-05
 3.65790067E-05
 3.65790076E-05
 3.65790080E-05
 3.65790087E-05
 3.65790090E-05
 3.65790096E-05
 3.65790102E-05
 3.65790110E-05
 3.65790114E-05
 3.65790121E-05
 3.65790127E-05
 3.65790132E-05
 3.65790141E-05
 3.65790148E-05
 3.65790151E-05
 3.65790158E-05
 3.65790164E-05
 3.65790171E-05
 3.65790178E-05
 3.65790185E-05
 3.65790192E-05
 3.65790197E-05
 3.65790202E-05
 3.65790210E-05
 3.65790215E-05
 3.65790223E-05
 3.65790230E-05
 3.65790236E-05
 3.65790240E-05
 3.65790248E-05
 3.65790254E-05
 3.65790260E-05
 3.65790269E-05
 3.65790275E-05
 3.65790283E-05
 3.65790287E-05
 3.65790296E-05
 3.65790301E-05
 3.65790309E-05
 3.65790314E-05
 3.65789573E-05
 3.65789487E-05
 3.65789431E-05
 3.65789863E-05
 3.65789855E-05
 3.65789850E-05
 3.65789842E-05
 3.65789841E-05
 3.65789834E-05
 3.65789832E-05
 3.65789829E-05
 3.65789825E-05
 3.65789824E-05
 3.65789821E-05
 3.65789819E-05
 3.65789816E-05
 3.65789815E-05
 3.65789815E-05
 3.65789812E-05
 3.65789813E-05
 3.65789811E-05
 3.65789810E-05
 3.65789810E-05
 3.65789810E-05
 3.65789810E-05
 3.65789808E-05
 3.65789810E-05
 3.65789809E-05
 3.65789810E-05
 3.65789808E-05
 3.65789810E-05
 3.65789810E-05
 3.65789811E-05
 3.65789811E-05
 3.65789812E-05
 3.65789813E-05
 3.65789813E-05
 3.65789815E-05
 3.65789815E-05
 3.65789815E-05
 3.65789817E-05
 3.65789818E-05
 3.65789818E-05
 3.65789820E-05
 3.65789820E-05
 3.65789822E-05
 3.65789824E-05
 3.65789825E-05
 3.65789826E-05
 3.65789827E-05
 3.65789829E-05
 3.65789830E-05
 3.65789832E-05
 3.65789834E-05
 3.65789835E-05
 3.65789837E-05
 3.65789838E-05
 3.65789841E-05
 3.65789842E-05
 3.65789845E-05
 3.65789847E-05
 3.65789848E-05
 3.65789850E-05
 3.65789853E-05
 3.65789856E-05
 3.65789857E-05
 3.65789860E-05
 3.65789859E-05
 3.65789858E-05
 3.65789856E-05
 3.65789854E-05
 3.65789853E-05
 3.65789852E-05
 3.65789850E-05
 3.65789849E-05
 3.65789848E-05
 3.65789847E-05
 3.65789846E-05
 3.65789845E-05
 3.65789844E-05
 3.65789843E-05
 3.65789842E-05
 3.65789842E-05
 3.65789842E-05
 3.65789841E-05
 3.65789841E-05
 3.65789842E-05
 3.65789842E-05
 3.65789842E-05
 3.65789843E-05
 3.65789844E-05
 3.65789845E-05
 3.65789846E-05
 3.65789848E-05
 3.65789850E-05
 3.65789852E-05
 3.65789855E-05
 3.65789858E-05
 3.65789873E-05
 3.65789916E-05
 3.65789959E-05
 3.65790002E-05
 3.65790046E-05
 3.65789669E-05
 3.65789744E-05
 3.65789821E-05
 3.65789858E-05
 3.65789851E-05
 3.65789850E-05
 3.65789856E-05
 3.22819026E-05
 1.53024315E-04
 5.41385426E-04
 6.80341763E-05
 5.26024937E-05
 6.08070664E-05
 5.88343278E-05
 4.22525416E-05
 5.11126370E-05
 5.74674408E-05
 5.50430175E-05
 3.78110317E-05
 4.95902727E-05
 5.42722475E-05
 5.14256126E-05
 3.36317438E-05
 4.85629798E-02
 1.01904567E-01
 3.38869604E-01
 0.00000000E+00
 0.00000000E+00
 0.00000000E+00
 0.00000000E+00
 0.00000000E+00
 0.00000000E+00
 0.00000000E+00
 0.00000000E+00
 0.00000000E+00
 0.00000000E+00
 0.00000000E+00
 0.00000000E+00
 0.00000000E+00
 0.00000000E+00
 0.00000000E+00
 0.00000000E+00
 0.00000000E+00
 0.00000000E+00
 0.00000000E+00
 0.00000000E+00
 0.00000000E+00
 0.00000000E+00
 0.00000000E+00
 0.00000000E+00
 0.00000000E+00
 0.00000000E+00
 0.00000000E+00
 0.00000000E+00
 0.00000000E+00
 0.00000000E+00
 0.00000000E+00
 0.00000000E+00
 0.00000000E+00
 0.00000000E+00
 0.00000000E+00
 0.00000000E+00
 0.00000000E+00
 0.00000000E+00
 0.00000000E+00
 0.00000000E+00
 0.00000000E+00
 0.00000000E+00
 0.00000000E+00
 0.00000000E+00
 0.00000000E+00
 0.00000000E+00
 0.00000000E+00
 0.00000000E+00
 0.00000000E+00
 0.00000000E+00
 0.00000000E+00
 0.00000000E+00
 0.00000000E+00
 0.00000000E+00
 0.00000000E+00
 0.00000000E+00
 0.00000000E+00
 0.00000000E+00
 0.00000000E+00
 0.00000000E+00
 0.00000000E+00
 0.00000000E+00
 0.00000000E+00
 0.00000000E+00
 0.00000000E+00
 0.00000000E+00
 0.00000000E+00
 0.00000000E+00
 0.00000000E+00
 0.00000000E+00
 0.00000000E+00
 0.00000000E+00
 0.00000000E+00
 0.00000000E+00
 0.00000000E+00
 0.00000000E+00
 0.00000000E+00
 0.00000000E+00
 0.00000000E+00
 0.00000000E+00
 0.00000000E+00
 0.00000000E+00
 0.00000000E+00
 0.00000000E+00
 0.00000000E+00
 0.00000000E+00
 0.00000000E+00
 0.00000000E+00
 0.00000000E+00
 0.00000000E+00
 0.00000000E+00
 0.00000000E+00
 0.00000000E+00
 0.00000000E+00
 0.00000000E+00
 0.00000000E+00
 0.00000000E+00
 0.00000000E+00
 0.00000000E+00
 0.00000000E+00
 0.00000000E+00
 0.00000000E+00
 0.00000000E+00
 0.00000000E+00
 0.00000000E+00
 0.00000000E+00
 0.00000000E+00
 0.00000000E+00
 0.00000000E+00
 0.00000000E+00
 0.00000000E+00
 0.00000000E+00
 0.00000000E+00
 0.00000000E+00
 0.00000000E+00
 0.00000000E+00
 0.00000000E+00
 0.00000000E+00
 0.00000000E+00
 0.00000000E+00
 0.00000000E+00
 0.00000000E+00
 0.00000000E+00
 0.00000000E+00
 0.00000000E+00
 0.00000000E+00
 0.00000000E+00
 0.00000000E+00
 0.00000000E+00
 0.00000000E+00
 0.00000000E+00
 0.00000000E+00
 0.00000000E+00
 0.00000000E+00
 0.00000000E+00
 0.00000000E+00
 0.00000000E+00
 0.00000000E+00
 0.00000000E+00
 0.00000000E+00
 0.00000000E+00
 0.00000000E+00
 0.00000000E+00
 0.00000000E+00
 0.00000000E+00
 0.00000000E+00
 0.00000000E+00
 0.00000000E+00
 0.00000000E+00
 0.00000000E+00
 0.00000000E+00
 0.00000000E+00
 0.00000000E+00
 0.00000000E+00
 0.00000000E+00
 0.00000000E+00
 0.00000000E+00
 0.00000000E+00
 0.00000000E+00
 0.00000000E+00
 0.00000000E+00
 0.00000000E+00
 0.00000000E+00
 0.00000000E+00
 0.00000000E+00
 0.00000000E+00
 0.00000000E+00
 6.33830277E-01
 3.52514482E-01
 7.61907521E-03
 6.34552329E-02
 1.14187676E-02
 3.57907920E-05
 3.57907931E-05
 1.78539504E-01
 2.87393752E-02
 3.57907953E-05
 3.57907959E-05
 3.57907966E-05
 3.57907535E-05
 3.57907579E-05
 3.57907633E-05
 3.57907679E-05
 3.57907725E-05
 3.57907774E-05
 3.57907823E-05
 3.57907873E-05
 3.57907911E-05
 3.49867695E-02
 3.57907921E-05
 3.57907925E-05
 3.57907927E-05
 3.57907930E-05
 3.57907934E-05
 3.57907938E-05
 3.57907941E-05
 3.57907953E-05
 3.57907955E-05
 3.57907954E-05
 3.57907962E-05
 3.57907968E-05
 3.57907970E-05
 3.57907980E-05
 3.57907997E-05
 3.57908016E-05
 3.57908042E-05
 3.57908064E-05
 3.57908088E-05
 3.57908117E-05
 3.57908139E-05
 3.57908161E-05
 3.57907755E-05
 3.57907770E-05
 3.57907781E-05
 3.57907800E-05
 3.57907806E-05
 3.57907825E-05
 3.57907836E-05
 3.57907850E-05
 3.57907854E-05
 3.57907857E-05
 3.57907857E-05
 3.57907858E-05
 3.57907862E-05
 3.57907864E-05
 3.57907867E-05
 3.57907866E-05
 3.57907866E-05
 3.57907873E-05
 3.57907866E-05
 3.57907873E-05
 3.57907877E-05
 3.57907880E-05
 3.57907877E-05
 3.57907883E-05
 3.57907884E-05
 3.57907879E-05
 3.57907881E-05
 3.57907888E-05
 3.57907885E-05
 3.57907888E-05
 3.57907894E-05
 3.57907894E-05
 3.57907896E-05
 3.57907898E-05
 3.57907899E-05
 3.57907899E-05
 3.57907903E-05
 3.57907903E-05
 3.57907908E-05
 3.57907910E-05
 3.57907921E-05
 3.57907927E-05
 3.57907938E-05
 3.57907945E-05
 3.57907956E-05
 3.57907964E-05
 3.57907973E-05
 3.57907978E-05
 3.57907993E-05
 3.57907995E-05
 3.57908008E-05
 3.57908016E-05
 3.57908021E-05
 3.57908033E-05
 3.57908040E-05
 3.57908053E-05
 3.57908062E-05
 3.57908070E-05
 3.57908075E-05
 3.57908087E-05
 3.57908100E-05
 3.57908107E-05
 3.57908111E-05
 3.57908121E-05
 3.57908133E-05
 3.57908140E-05
 3.57908150E-05
 3.57908159E-05
 3.57908172E-05
 3.57908178E-05
 3.57908188E-05
 3.57908197E-05
 3.57908210E-05
 3.57908216E-05
 3.57908226E-05
 3.57908235E-05
 3.57908247E-05
 3.57908255E-05
 3.57908264E-05
 3.57908278E-05
 3.57908286E-05
 3.57908298E-05
 3.57908306E-05
 3.57908316E-05
 3.57908327E-05
 3.57908332E-05
 3.57908346E-05
 3.57908355E-05
 3.57908365E-05
 3.57907943E-05
 3.57907950E-05
 3.57907957E-05
 3.57907957E-05
 3.57907963E-05
 3.57907972E-05
 3.57907974E-05
 3.57907980E-05
 3.57907990E-05
 3.57907992E-05
 3.57907997E-05
 3.57908006E-05
 3.57908010E-05
 3.57908018E-05
 3.57908022E-05
 3.57908027E-05
 3.57908035E-05
 3.57908038E-05
 3.57908044E-05
 3.57908050E-05
 3.57908056E-05
 3.57908063E-05
 3.57908071E-05
 3.57908074E-05
 3.57908081E-05
 3.57908084E-05
 3.57908091E-05
 3.57908098E-05
 3.57908105E-05
 3.57908110E-05
 3.57908115E-05
 3.57908119E-05
 3.57908127E-05
 3.57908134E-05
 3.57908139E-05
 3.57908144E-05
 3.57908151E-05
 3.57908158E-05
 3.57908163E-05
 3.57908171E-05
 3.57908173E-05
 3.57908180E-05
 3.57908188E-05
 3.57908192E-05
 3.57908199E-05
 3.57908204E-05
 3.57908210E-05
 3.57908219E-05
 3.57908223E-05
 3.57908230E-05
 3.57908239E-05
 3.57908243E-05
 3.57908248E-05
 3.57908258E-05
 3.57908261E-05
 3.57908270E-05
 3.57908274E-05
 3.57908283E-05
 3.57908289E-05
 3.57908294E-05
 3.57908301E-05
 3.57908309E-05
 3.57908316E-05
 3.57908323E-05
 3.57908330E-05
 3.57908335E-05
 3.57908340E-05
 3.57908350E-05
 3.57908355E-05
 3.57908364E-05
 3.57908371E-05
 3.57907633E-05
 3.57907542E-05
 3.57907485E-05
 3.57907915E-05
 3.57907908E-05
 3.57907902E-05
 3.57907894E-05
 3.57907890E-05
 3.57907885E-05
 3.57907883E-05
 3.57907878E-05
 3.57907876E-05
 3.57907873E-05
 3.57907872E-05
 3.57907870E-05
 3.57907868E-05
 3.57907866E-05
 3.57907866E-05
 3.57907863E-05
 3.57907864E-05
 3.57907863E-05
 3.57907862E-05
 3.57907860E-05
 3.57907861E-05
 3.57907860E-05
 3.57907861E-05
 3.57907861E-05
 3.57907858E-05
 3.57907860E-05
 3.57907861E-05
 3.57907860E-05
 3.57907860E-05
 3.57907861E-05
 3.57907863E-05
 3.57907863E-05
 3.57907862E-05
 3.57907863E-05
 3.57907864E-05
 3.57907865E-05
 3.57907866E-05
 3.57907867E-05
 3.57907868E-05
 3.57907870E-05
 3.57907870E-05
 3.57907871E-05
 3.57907873E-05
 3.57907874E-05
 3.57907875E-05
 3.57907877E-05
 3.57907879E-05
 3.57907879E-05
 3.57907881E-05
 3.57907883E-05
 3.57907885E-05
 3.57907887E-05
 3.57907888E-05
 3.57907890E-05
 3.57907891E-05
 3.57907893E-05
 3.57907895E-05
 3.57907897E-05
 3.57907900E-05
 3.57907902E-05
 3.57907904E-05
 3.57907906E-05
 3.57907908E-05
 3.57907911E-05
 3.57907911E-05
 3.57907909E-05
 3.57907908E-05
 3.57907906E-05
 3.57907904E-05
 3.57907903E-05
 3.57907901E-05
 3.57907900E-05
 3.57907899E-05
 3.57907897E-05
 3.57907897E-05
 3.57907896E-05
 3.57907895E-05
 3.57907894E-05
 3.57907894E-05
 3.57907893E-05
 3.57907893E-05
 3.57907893E-05
 3.57907893E-05
 3.57907893E-05
 3.57907893E-05
 3.57907894E-05
 3.57907894E-05
 3.57907895E-05
 3.57907896E-05
 3.57907898E-05
 3.57907899E-05
 3.57907901E-05
 3.57907904E-05
 3.57907906E-05
 3.57907909E-05
 3.57907925E-05
 3.57907967E-05
 3.57908011E-05
 3.57908055E-05
 3.57908099E-05
 3.57907719E-05
 3.57907794E-05
 3.57907872E-05
 3.57907909E-05
 3.57907902E-05
 3.57907901E-05
 3.57907907E-05
 2.79641447E-05
 1.39753654E-04
 5.24401168E-04
 6.33667456E-05
 5.17686189E-05
 5.98960911E-05
 5.79732677E-05
 4.14784464E-05
 5.03199056E-05
 5.65994169E-05
 5.42375338E-05
 3.70849104E-05
 4.88354880E-05
 5.34439775E-05
 5.06709427E-05
 3.29496993E-05
 4.49606502E-02
 9.43485458E-02
 3.30942528E-01
 0.00000000E+00
 0.00000000E+00
 0.00000000E+00
 0.00000000E+00
 0.00000000E+00
 0.00000000E+00
 0.00000000E+00
 0.00000000E+00
 0.00000000E+00
 0.00000000E+00
 0.00000000E+00
 0.00000000E+00
 0.00000000E+00
 0.00000000E+00
 0.00000000E+00
 0.00000000E+00
 0.00000000E+00
 0.00000000E+00
 0.00000000E+00
 0.00000000E+00
 0.00000000E+00
 0.00000000E+00
 0.00000000E+00
 0.00000000E+00
 0.00000000E+00
 0.00000000E+00
 0.00000000E+00
 0.00000000E+00
 0.00000000E+00
 0.00000000E+00
 0.00000000E+00
 0.00000000E+00
 0.00000000E+00
 0.00000000E+00
 0.00000000E+00
 0.00000000E+00
 0.00000000E+00
 0.00000000E+00
 0.00000000E+00
 0.00000000E+00
 0.00000000E+00
 0.00000000E+00
 0.00000000E+00
 0.00000000E+00
 0.00000000E+00
 0.00000000E+00
 0.00000000E+00
 0.00000000E+00
 0.00000000E+00
 0.00000000E+00
 0.00000000E+00
 0.00000000E+00
 0.00000000E+00
 0.00000000E+00
 0.00000000E+00
 0.00000000E+00
 0.00000000E+00
 0.00000000E+00
 0.00000000E+00
 0.00000000E+00
 0.00000000E+00
 0.00000000E+00
 0.00000000E+00
 0.00000000E+00
 0.00000000E+00
 0.00000000E+00
 0.00000000E+00
 0.00000000E+00
 0.00000000E+00
 0.00000000E+00
 0.00000000E+00
 0.00000000E+00
 0.00000000E+00
 0.00000000E+00
 0.00000000E+00
 0.00000000E+00
 0.00000000E+00
 0.00000000E+00
 0.00000000E+00
 0.00000000E+00
 0.00000000E+00
 0.00000000E+00
 0.00000000E+00
 0.00000000E+00
 0.00000000E+00
 0.00000000E+00
 0.00000000E+00
 0.00000000E+00
 0.00000000E+00
 0.00000000E+00
 0.00000000E+00
 0.00000000E+00
 0.00000000E+00
 0.00000000E+00
 0.00000000E+00
 0.00000000E+00
 0.00000000E+00
 0.00000000E+00
 0.00000000E+00
 0.00000000E+00
 0.00000000E+00
 0.00000000E+00
 0.00000000E+00
 0.00000000E+00
 0.00000000E+00
 0.00000000E+00
 0.00000000E+00
 0.00000000E+00
 0.00000000E+00
 0.00000000E+00
 0.00000000E+00
 0.00000000E+00
 0.00000000E+00
 0.00000000E+00
 0.00000000E+00
 0.00000000E+00
 0.00000000E+00
 0.00000000E+00
 0.00000000E+00
 0.00000000E+00
 0.00000000E+00
 0.00000000E+00
 0.00000000E+00
 0.00000000E+00
 0.00000000E+00
 0.00000000E+00
 0.00000000E+00
 0.00000000E+00
 0.00000000E+00
 0.00000000E+00
 0.00000000E+00
 0.00000000E+00
 0.00000000E+00
 0.00000000E+00
 0.00000000E+00
 0.00000000E+00
 0.00000000E+00
 0.00000000E+00
 0.00000000E+00
 0.00000000E+00
 0.00000000E+00
 0.00000000E+00
 0.00000000E+00
 0.00000000E+00
 0.00000000E+00
 0.00000000E+00
 0.00000000E+00
 0.00000000E+00
 0.00000000E+00
 0.00000000E+00
 0.00000000E+00
 0.00000000E+00
 0.00000000E+00
 0.00000000E+00
 0.00000000E+00
 0.00000000E+00
 0.00000000E+00
 0.00000000E+00
 0.00000000E+00
 0.00000000E+00
 0.00000000E+00
 0.00000000E+00
 0.00000000E+00
 0.00000000E+00
 0.00000000E+00
 0.00000000E+00
 0.00000000E+00
 6.63108169E-01
 3.75877023E-01
 3.68146392E-03
 5.83833038E-02
 1.05075265E-02
 3.47002387E-05
 3.47002387E-05
 1.81963889E-01
 2.92920867E-02
 3.47002408E-05
 3.47002415E-05
 3.47002423E-05
 3.47001992E-05
 3.47002039E-05
 3.47002090E-05
 3.47002131E-05
 3.47002186E-05
 3.47002233E-05
 3.47002280E-05
 3.47002331E-05
 3.47002368E-05
 3.56556904E-02
 3.47002377E-05
 3.47002379E-05
 3.47002386E-05
 3.47002392E-05
 3.47002394E-05
 3.47002404E-05
 3.47002408E-05
 3.47002411E-05
 3.47002409E-05
 3.47002418E-05
 3.47002417E-05
 3.47002427E-05
 3.47002430E-05
 3.47002438E-05
 3.47002450E-05
 3.47002478E-05
 3.47002504E-05
 3.47002522E-05
 3.47002553E-05
 3.47002571E-05
 3.47002596E-05
 3.47002626E-05
 3.47002210E-05
 3.47002231E-05
 3.47002247E-05
 3.47002261E-05
 3.47002268E-05
 3.47002282E-05
 3.47002302E-05
 3.47002308E-05
 3.47002319E-05
 3.47002321E-05
 3.47002318E-05
 3.47002321E-05
 3.47002321E-05
 3.47002325E-05
 3.47002322E-05
 3.47002328E-05
 3.47002327E-05
 3.47002333E-05
 3.47002330E-05
 3.47002332E-05
 3.47002333E-05
 3.47002336E-05
 3.47002333E-05
 3.47002340E-05
 3.47002340E-05
 3.47002346E-05
 3.47002345E-05
 3.47002348E-05
 3.47002347E-05
 3.47002351E-05
 3.47002349E-05
 3.47002349E-05
 3.47002355E-05
 3.47002355E-05
 3.47002359E-05
 3.47002360E-05
 3.47002358E-05
 3.47002359E-05
 3.47002369E-05
 3.47002376E-05
 3.47002376E-05
 3.47002384E-05
 3.47002396E-05
 3.47002405E-05
 3.47002416E-05
 3.47002423E-05
 3.47002429E-05
 3.47002441E-05
 3.47002453E-05
 3.47002455E-05
 3.47002467E-05
 3.47002475E-05
 3.47002489E-05
 3.47002492E-05
 3.47002500E-05
 3.47002513E-05
 3.47002518E-05
 3.47002529E-05
 3.47002544E-05
 3.47002547E-05
 3.47002560E-05
 3.47002568E-05
 3.47002572E-05
 3.47002585E-05
 3.47002593E-05
 3.47002604E-05
 3.47002614E-05
 3.47002622E-05
 3.47002629E-05
 3.47002643E-05
 3.47002650E-05
 3.47002660E-05
 3.47002673E-05
 3.47002677E-05
 3.47002691E-05
 3.47002697E-05
 3.47002709E-05
 3.47002717E-05
 3.47002731E-05
 3.47002737E-05
 3.47002747E-05
 3.47002754E-05
 3.47002767E-05
 3.47002776E-05
 3.47002790E-05
 3.47002798E-05
 3.47002808E-05
 3.47002815E-05
 3.47002397E-05
 3.47002403E-05
 3.47002410E-05
 3.47002415E-05
 3.47002420E-05
 3.47002428E-05
 3.47002430E-05
 3.47002435E-05
 3.47002443E-05
 3.47002449E-05
 3.47002453E-05
 3.47002460E-05
 3.47002462E-05
 3.47002473E-05
 3.47002475E-05
 3.47002484E-05
 3.47002489E-05
 3.47002491E-05
 3.47002499E-05
 3.47002506E-05
 3.47002510E-05
 3.47002514E-05
 3.47002524E-05
 3.47002528E-05
 3.47002532E-05
 3.47002541E-05
 3.47002545E-05
 3.47002552E-05
 3.47002560E-05
 3.47002566E-05
 3.47002570E-05
 3.47002574E-05
 3.47002582E-05
 3.47002588E-05
 3.47002592E-05
 3.47002600E-05
 3.47002606E-05
 3.47002611E-05
 3.47002618E-05
 3.47002624E-05
 3.47002629E-05
 3.47002635E-05
 3.47002641E-05
 3.47002650E-05
 3.47002656E-05
 3.47002662E-05
 3.47002666E-05
 3.47002673E-05
 3.47002680E-05
 3.47002686E-05
 3.47002695E-05
 3.47002700E-05
 3.47002705E-05
 3.47002710E-05
 3.47002720E-05
 3.47002723E-05
 3.47002732E-05
 3.47002739E-05
 3.47002743E-05
 3.47002752E-05
 3.47002760E-05
 3.47002764E-05
 3.47002770E-05
 3.47002778E-05
 3.47002786E-05
 3.47002791E-05
 3.47002797E-05
 3.47002806E-05
 3.47002812E-05
 3.47002821E-05
 3.47002826E-05
 3.47002834E-05
 3.47002107E-05
 3.47002002E-05
 3.47001944E-05
 3.47002374E-05
 3.47002367E-05
 3.47002359E-05
 3.47002354E-05
 3.47002349E-05
 3.47002345E-05
 3.47002339E-05
 3.47002336E-05
 3.47002336E-05
 3.47002332E-05
 3.47002331E-05
 3.47002328E-05
 3.47002328E-05
 3.47002323E-05
 3.47002322E-05
 3.47002322E-05
 3.47002322E-05
 3.47002319E-05
 3.47002320E-05
 3.47002318E-05
 3.47002319E-05
 3.47002318E-05
 3.47002320E-05
 3.47002318E-05
 3.47002318E-05
 3.47002319E-05
 3.47002319E-05
 3.47002319E-05
 3.47002320E-05
 3.47002319E-05
 3.47002320E-05
 3.47002322E-05
 3.47002322E-05
 3.47002323E-05
 3.47002324E-05
 3.47002323E-05
 3.47002325E-05
 3.47002326E-05
 3.47002326E-05
 3.47002328E-05
 3.47002328E-05
 3.47002330E-05
 3.47002332E-05
 3.47002333E-05
 3.47002335E-05
 3.47002336E-05
 3.47002337E-05
 3.47002339E-05
 3.47002340E-05
 3.47002342E-05
 3.47002343E-05
 3.47002345E-05
 3.47002347E-05
 3.47002349E-05
 3.47002351E-05
 3.47002353E-05
 3.47002355E-05
 3.47002357E-05
 3.47002359E-05
 3.47002361E-05
 3.47002364E-05
 3.47002366E-05
 3.47002369E-05
 3.47002371E-05
 3.47002370E-05
 3.47002368E-05
 3.47002367E-05
 3.47002365E-05
 3.47002364E-05
 3.47002362E-05
 3.47002361E-05
 3.47002360E-05
 3.47002358E-05
 3.47002357E-05
 3.47002356E-05
 3.47002355E-05
 3.47002354E-05
 3.47002353E-05
 3.47002353E-05
 3.47002353E-05
 3.47002352E-05
 3.47002352E-05
 3.47002352E-05
 3.47002352E-05
 3.47002352E-05
 3.47002353E-05
 3.47002354E-05
 3.47002355E-05
 3.47002356E-05
 3.47002357E-05
 3.47002359E-05
 3.47002361E-05
 3.47002363E-05
 3.47002366E-05
 3.47002369E-05
 3.47002384E-05
 3.47002428E-05
 3.47002471E-05
 3.47002515E-05
 3.47002560E-05
 3.47002177E-05
 3.47002252E-05
 3.47002332E-05
 3.47002369E-05
 3.47002361E-05
 3.47002361E-05
 3.47002367E-05
 2.39570345E-05
 1.26808174E-04
 5.07748016E-04
 5.90168557E-05
 5.06307801E-05
 5.86857771E-05
 5.68171981E-05
 4.04135258E-05
 4.92406105E-05
 5.54490985E-05
 5.31537222E-05
 3.60843255E-05
 4.78101924E-05
 5.23491474E-05
 4.96533560E-05
 3.20083156E-05
 4.13643065E-02
 8.68047706E-02
 3.23028201E-01
 0.00000000E+00
 0.00000000E+00
 0.00000000E+00
 0.00000000E+00
 0.00000000E+00
 0.00000000E+00
 0.00000000E+00
 0.00000000E+00
 0.00000000E+00
 0.00000000E+00
 0.00000000E+00
 0.00000000E+00
 0.00000000E+00
 0.00000000E+00
 0.00000000E+00
 0.00000000E+00
 0.00000000E+00
 0.00000000E+00
 0.00000000E+00
 0.00000000E+00
 0.00000000E+00
 0.00000000E+00
 0.00000000E+00
 0.00000000E+00
 0.00000000E+00
 0.00000000E+00
 0.00000000E+00
 0.00000000E+00
 0.00000000E+00
 0.00000000E+00
 0.00000000E+00
 0.00000000E+00
 0.00000000E+00
 0.00000000E+00
 0.00000000E+00
 0.00000000E+00
 0.00000000E+00
 0.00000000E+00
 0.00000000E+00
 0.00000000E+00
 0.00000000E+00
 0.00000000E+00
 0.00000000E+00
 0.00000000E+00
 0.00000000E+00
 0.00000000E+00
 0.00000000E+00
 0.00000000E+00
 0.00000000E+00
 0.00000000E+00
 0.00000000E+00
 0.00000000E+00
 0.00000000E+00
 0.00000000E+00
 0.00000000E+00
 0.00000000E+00
 0.00000000E+00
 0.00000000E+00
 0.00000000E+00
 0.00000000E+00
 0.00000000E+00
 0.00000000E+00
 0.00000000E+00
 0.00000000E+00
 0.00000000E+00
 0.00000000E+00
 0.00000000E+00
 0.00000000E+00
 0.00000000E+00
 0.00000000E+00
 0.00000000E+00
 0.00000000E+00
 0.00000000E+00
 0.00000000E+00
 0.00000000E+00
 0.00000000E+00
 0.00000000E+00
 0.00000000E+00
 0.00000000E+00
 0.00000000E+00
 0.00000000E+00
 0.00000000E+00
 0.00000000E+00
 0.00000000E+00
 0.00000000E+00
 0.00000000E+00
 0.00000000E+00
 0.00000000E+00
 0.00000000E+00
 0.00000000E+00
 0.00000000E+00
 0.00000000E+00
 0.00000000E+00
 0.00000000E+00
 0.00000000E+00
 0.00000000E+00
 0.00000000E+00
 0.00000000E+00
 0.00000000E+00
 0.00000000E+00
 0.00000000E+00
 0.00000000E+00
 0.00000000E+00
 0.00000000E+00
 0.00000000E+00
 0.00000000E+00
 0.00000000E+00
 0.00000000E+00
 0.00000000E+00
 0.00000000E+00
 0.00000000E+00
 0.00000000E+00
 0.00000000E+00
 0.00000000E+00
 0.00000000E+00
 0.00000000E+00
 0.00000000E+00
 0.00000000E+00
 0.00000000E+00
 0.00000000E+00
 0.00000000E+00
 0.00000000E+00
 0.00000000E+00
 0.00000000E+00
 0.00000000E+00
 0.00000000E+00
 0.00000000E+00
 0.00000000E+00
 0.00000000E+00
 0.00000000E+00
 0.00000000E+00
 0.00000000E+00
 0.00000000E+00
 0.00000000E+00
 0.00000000E+00
 0.00000000E+00
 0.00000000E+00
 0.00000000E+00
 0.00000000E+00
 0.00000000E+00
 0.00000000E+00
 0.00000000E+00
 0.00000000E+00
 0.00000000E+00
 0.00000000E+00
 0.00000000E+00
 0.00000000E+00
 0.00000000E+00
 0.00000000E+00
 0.00000000E+00
 0.00000000E+00
 0.00000000E+00
 0.00000000E+00
 0.00000000E+00
 0.00000000E+00
 0.00000000E+00
 0.00000000E+00
 0.00000000E+00
 0.00000000E+00
 0.00000000E+00
 0.00000000E+00
 0.00000000E+00
 0.00000000E+00
 0.00000000E+00
 0.00000000E+00
 0.00000000E+00
 0.00000000E+00
 6.92338546E-01
 3.99201758E-01
 1.49639268E-02
 5.33193022E-02
 9.59746066E-03
 3.33078243E-05
 3.33078249E-05
 1.85382954E-01
 2.98441941E-02
 3.33078271E-05
 3.33078276E-05
 3.33078286E-05
 3.33077862E-05
 3.33077909E-05
 3.33077950E-05
 3.33077995E-05
 3.33078044E-05
 3.33078092E-05
 3.33078144E-05
 3.33078198E-05
 3.33078237E-05
 3.63232090E-02
 3.33078244E-05
 3.33078254E-05
 3.33078251E-05
 3.33078258E-05
 3.33078261E-05
 3.33078268E-05
 3.33078266E-05
 3.33078279E-05
 3.33078282E-05
 3.33078283E-05
 3.33078291E-05
 3.33078290E-05
 3.33078302E-05
 3.33078309E-05
 3.33078319E-05
 3.33078341E-05
 3.33078362E-05
 3.33078392E-05
 3.33078418E-05
 3.33078440E-05
 3.33078470E-05
 3.33078490E-05
 3.33078076E-05
 3.33078096E-05
 3.33078113E-05
 3.33078125E-05
 3.33078140E-05
 3.33078148E-05
 3.33078172E-05
 3.33078181E-05
 3.33078186E-05
 3.33078187E-05
 3.33078192E-05
 3.33078185E-05
 3.33078191E-05
 3.33078190E-05
 3.33078191E-05
 3.33078192E-05
 3.33078201E-05
 3.33078200E-05
 3.33078197E-05
 3.33078204E-05
 3.33078202E-05
 3.33078202E-05
 3.33078201E-05
 3.33078203E-05
 3.33078211E-05
 3.33078209E-05
 3.33078214E-05
 3.33078215E-05
 3.33078214E-05
 3.33078219E-05
 3.33078218E-05
 3.33078220E-05
 3.33078219E-05
 3.33078225E-05
 3.33078226E-05
 3.33078232E-05
 3.33078233E-05
 3.33078228E-05
 3.33078232E-05
 3.33078237E-05
 3.33078246E-05
 3.33078252E-05
 3.33078267E-05
 3.33078271E-05
 3.33078283E-05
 3.33078291E-05
 3.33078302E-05
 3.33078306E-05
 3.33078321E-05
 3.33078326E-05
 3.33078339E-05
 3.33078341E-05
 3.33078355E-05
 3.33078362E-05
 3.33078368E-05
 3.33078377E-05
 3.33078387E-05
 3.33078400E-05
 3.33078407E-05
 3.33078415E-05
 3.33078424E-05
 3.33078433E-05
 3.33078445E-05
 3.33078452E-05
 3.33078460E-05
 3.33078473E-05
 3.33078479E-05
 3.33078489E-05
 3.33078501E-05
 3.33078509E-05
 3.33078518E-05
 3.33078533E-05
 3.33078539E-05
 3.33078550E-05
 3.33078558E-05
 3.33078567E-05
 3.33078576E-05
 3.33078591E-05
 3.33078598E-05
 3.33078610E-05
 3.33078618E-05
 3.33078627E-05
 3.33078636E-05
 3.33078645E-05
 3.33078657E-05
 3.33078668E-05
 3.33078675E-05
 3.33078688E-05
 3.33078262E-05
 3.33078274E-05
 3.33078279E-05
 3.33078283E-05
 3.33078286E-05
 3.33078293E-05
 3.33078298E-05
 3.33078306E-05
 3.33078312E-05
 3.33078314E-05
 3.33078325E-05
 3.33078328E-05
 3.33078332E-05
 3.33078338E-05
 3.33078345E-05
 3.33078349E-05
 3.33078355E-05
 3.33078365E-05
 3.33078366E-05
 3.33078373E-05
 3.33078380E-05
 3.33078387E-05
 3.33078393E-05
 3.33078395E-05
 3.33078406E-05
 3.33078411E-05
 3.33078416E-05
 3.33078424E-05
 3.33078426E-05
 3.33078431E-05
 3.33078441E-05
 3.33078444E-05
 3.33078451E-05
 3.33078455E-05
 3.33078462E-05
 3.33078468E-05
 3.33078476E-05
 3.33078482E-05
 3.33078487E-05
 3.33078493E-05
 3.33078498E-05
 3.33078505E-05
 3.33078511E-05
 3.33078519E-05
 3.33078525E-05
 3.33078529E-05
 3.33078536E-05
 3.33078546E-05
 3.33078551E-05
 3.33078554E-05
 3.33078561E-05
 3.33078570E-05
 3.33078577E-05
 3.33078582E-05
 3.33078588E-05
 3.33078595E-05
 3.33078599E-05
 3.33078609E-05
 3.33078613E-05
 3.33078620E-05
 3.33078630E-05
 3.33078633E-05
 3.33078641E-05
 3.33078647E-05
 3.33078656E-05
 3.33078661E-05
 3.33078668E-05
 3.33078678E-05
 3.33078684E-05
 3.33078689E-05
 3.33078698E-05
 3.33078706E-05
 3.33077991E-05
 3.33077875E-05
 3.33077812E-05
 3.33078242E-05
 3.33078236E-05
 3.33078228E-05
 3.33078223E-05
 3.33078215E-05
 3.33078212E-05
 3.33078207E-05
 3.33078206E-05
 3.33078202E-05
 3.33078198E-05
 3.33078195E-05
 3.33078196E-05
 3.33078193E-05
 3.33078192E-05
 3.33078189E-05
 3.33078188E-05
 3.33078189E-05
 3.33078187E-05
 3.33078186E-05
 3.33078187E-05
 3.33078187E-05
 3.33078185E-05
 3.33078185E-05
 3.33078185E-05
 3.33078184E-05
 3.33078186E-05
 3.33078185E-05
 3.33078184E-05
 3.33078187E-05
 3.33078187E-05
 3.33078186E-05
 3.33078188E-05
 3.33078188E-05
 3.33078189E-05
 3.33078190E-05
 3.33078191E-05
 3.33078190E-05
 3.33078192E-05
 3.33078193E-05
 3.33078194E-05
 3.33078196E-05
 3.33078197E-05
 3.33078198E-05
 3.33078199E-05
 3.33078201E-05
 3.33078202E-05
 3.33078204E-05
 3.33078205E-05
 3.33078208E-05
 3.33078208E-05
 3.33078211E-05
 3.33078212E-05
 3.33078215E-05
 3.33078216E-05
 3.33078218E-05
 3.33078220E-05
 3.33078222E-05
 3.33078224E-05
 3.33078227E-05
 3.33078229E-05
 3.33078230E-05
 3.33078233E-05
 3.33078236E-05
 3.33078239E-05
 3.33078238E-05
 3.33078236E-05
 3.33078234E-05
 3.33078233E-05
 3.33078231E-05
 3.33078229E-05
 3.33078228E-05
 3.33078227E-05
 3.33078226E-05
 3.33078224E-05
 3.33078224E-05
 3.33078222E-05
 3.33078222E-05
 3.33078221E-05
 3.33078220E-05
 3.33078220E-05
 3.33078219E-05
 3.33078219E-05
 3.33078219E-05
 3.33078219E-05
 3.33078220E-05
 3.33078220E-05
 3.33078221E-05
 3.33078222E-05
 3.33078223E-05
 3.33078224E-05
 3.33078226E-05
 3.33078228E-05
 3.33078230E-05
 3.33078233E-05
 3.33078236E-05
 3.33078252E-05
 3.33078296E-05
 3.33078339E-05
 3.33078384E-05
 3.33078429E-05
 3.33078043E-05
 3.33078119E-05
 3.33078198E-05
 3.33078236E-05
 3.33078229E-05
 3.33078228E-05
 3.33078234E-05
 2.02600563E-05
 1.14187332E-04
 4.91425417E-04
 5.49839543E-05
 4.91895065E-05
 5.71766477E-05
 5.53666365E-05
 3.90582917E-05
 4.78752575E-05
 5.40169857E-05
 5.17920776E-05
 3.48097666E-05
 4.65148698E-05
 5.09882356E-05
 4.83733258E-05
 3.08080610E-05
 3.77739371E-02
 7.92732186E-02
 3.15126599E-01
 0.00000000E+00
 0.00000000E+00
 0.00000000E+00
 0.00000000E+00
 0.00000000E+00
 0.00000000E+00
 0.00000000E+00
 0.00000000E+00
 0.00000000E+00
 0.00000000E+00
 0.00000000E+00
 0.00000000E+00
 0.00000000E+00
 0.00000000E+00
 0.00000000E+00
 0.00000000E+00
 0.00000000E+00
 0.00000000E+00
 0.00000000E+00
 0.00000000E+00
 0.00000000E+00
 0.00000000E+00
 0.00000000E+00
 0.00000000E+00
 0.00000000E+00
 0.00000000E+00
 0.00000000E+00
 0.00000000E+00
 0.00000000E+00
 0.00000000E+00
 0.00000000E+00
 0.00000000E+00
 0.00000000E+00
 0.00000000E+00
 0.00000000E+00
 0.00000000E+00
 0.00000000E+00
 0.00000000E+00
 0.00000000E+00
 0.00000000E+00
 0.00000000E+00
 0.00000000E+00
 0.00000000E+00
 0.00000000E+00
 0.00000000E+00
 0.00000000E+00
 0.00000000E+00
 0.00000000E+00
 0.00000000E+00
 0.00000000E+00
 0.00000000E+00
 0.00000000E+00
 0.00000000E+00
 0.00000000E+00
 0.00000000E+00
 0.00000000E+00
 0.00000000E+00
 0.00000000E+00
 0.00000000E+00
 0.00000000E+00
 0.00000000E+00
 0.00000000E+00
 0.00000000E+00
 0.00000000E+00
 0.00000000E+00
 0.00000000E+00
 0.00000000E+00
 0.00000000E+00
 0.00000000E+00
 0.00000000E+00
 0.00000000E+00
 0.00000000E+00
 0.00000000E+00
 0.00000000E+00
 0.00000000E+00
 0.00000000E+00
 0.00000000E+00
 0.00000000E+00
 0.00000000E+00
 0.00000000E+00
 0.00000000E+00
 0.00000000E+00
 0.00000000E+00
 0.00000000E+00
 0.00000000E+00
 0.00000000E+00
 0.00000000E+00
 0.00000000E+00
 0.00000000E+00
 0.00000000E+00
 0.00000000E+00
 0.00000000E+00
 0.00000000E+00
 0.00000000E+00
 0.00000000E+00
 0.00000000E+00
 0.00000000E+00
 0.00000000E+00
 0.00000000E+00
 0.00000000E+00
 0.00000000E+00
 0.00000000E+00
 0.00000000E+00
 0.00000000E+00
 0.00000000E+00
 0.00000000E+00
 0.00000000E+00
 0.00000000E+00
 0.00000000E+00
 0.00000000E+00
 0.00000000E+00
 0.00000000E+00
