 9.62945622E-01
 9.34094987E-01
 9.09181116E-01
 8.84651971E-01
 8.63873309E-01
 8.43123946E-01
 8.22403840E-01
 8.02410174E-01
 7.85801691E-01
 7.69216636E-01
 7.52654974E-01
 7.36116670E-01
 7.19601690E-01
 7.03109997E-01
 6.86641555E-01
 6.71582838E-01
 6.59190466E-01
 6.46815580E-01
 6.34458151E-01
 6.22118150E-01
 6.09795548E-01
 5.97490316E-01
 5.85202424E-01
 5.72931839E-01
 5.60678531E-01
 5.48442474E-01
 5.36223637E-01
 5.24021990E-01
 5.11837501E-01
 4.99670140E-01
 4.87519875E-01
 4.78128317E-01
 4.69995295E-01
 4.61873716E-01
 4.53763555E-01
 4.45664790E-01
 4.37577397E-01
 4.29501353E-01
 4.21436633E-01
 4.13383213E-01
 4.05341070E-01
 3.97310179E-01
 3.89290515E-01
 3.81282053E-01
 3.73284768E-01
 3.65298635E-01
 3.57323625E-01
 3.49359635E-01
 3.41406720E-01
 3.33464853E-01
 3.25534008E-01
 3.17614157E-01
 3.09705274E-01
 3.01807332E-01
 2.93920302E-01
 2.86044158E-01
 2.78178872E-01
 2.70324415E-01
 2.62480758E-01
 2.54647873E-01
 2.46825731E-01
 2.39014302E-01
 2.32678253E-01
 2.28790336E-01
 2.24907699E-01
 2.21030324E-01
 2.17158191E-01
 2.13291281E-01
 2.09429576E-01
 2.05573056E-01
 2.01721701E-01
 1.97875491E-01
 1.94034408E-01
 1.90198430E-01
 1.86367538E-01
 1.82541711E-01
 1.78720928E-01
 1.74905168E-01
 1.71094672E-01
 1.67289259E-01
 1.63488805E-01
 1.59693288E-01
 1.55902686E-01
 1.52116978E-01
 1.48336141E-01
 1.44560152E-01
 1.40789050E-01
 1.37022759E-01
 1.33261247E-01
 1.29504490E-01
 1.25752466E-01
 1.22005149E-01
 1.18262516E-01
 1.14524678E-01
 1.10793507E-01
 1.07066944E-01
 1.03344962E-01
 9.96275355E-02
 9.59146399E-02
 9.22062487E-02
 8.85023357E-02
 8.48029304E-02
 8.11081330E-02
 7.74177331E-02
 7.37317033E-02
 7.00500160E-02
 6.63726433E-02
 6.26995570E-02
 5.90307284E-02
 5.53664910E-02
 5.17069818E-02
 4.80516419E-02
 4.44004415E-02
 4.07533505E-02
 3.71103385E-02
 3.34713748E-02
 2.98364284E-02
 2.62056735E-02
 2.25790225E-02
 1.89562930E-02
 1.53374527E-02
 1.17224686E-02
 8.11130777E-03
 4.50393654E-03
 9.00321050E-04
 2.21232693E-04
 5.15129120E-04
 8.07776488E-04
 1.09915912E-03
 1.38928430E-03
 1.67811737E-03
 1.96563757E-03
 2.25182850E-03
 2.53705594E-03
 2.82095262E-03
 3.10346915E-03
 3.38458936E-03
 3.66442663E-03
 3.94283140E-03
 4.21978589E-03
 4.49542493E-03
 4.77105388E-03
 5.04517588E-03
 5.31777226E-03
 5.58883784E-03
 5.85840229E-03
 6.12638368E-03
 6.39276245E-03
 6.65767306E-03
 6.92136727E-03
 7.18339797E-03
 7.44374460E-03
 7.70241715E-03
 7.95942046E-03
 8.21467638E-03
 8.46816331E-03
 8.76163947E-03
 9.10693983E-03
 9.45029386E-03
 9.79167948E-03
 1.01311267E-02
 1.04050753E-02
 1.01728643E-02
 9.94071385E-03
 9.72730830E-03
 9.52591879E-03
 9.32438827E-03
 9.12297109E-03
 8.92366709E-03
 8.72528912E-03
 8.52792879E-03
 8.33092923E-03
 8.14156763E-03
 7.95434468E-03
 7.76581308E-03
 7.57968804E-03
 7.39267610E-03
 7.20545334E-03
 7.01810814E-03
 6.83087799E-03
 6.64364831E-03
 6.45641867E-03
 6.26918904E-03
 6.08195942E-03
 5.89472967E-03
 5.70749994E-03
 5.52027022E-03
 5.34575304E-03
 5.26013477E-03
 5.17469413E-03
 5.08916468E-03
 5.00363525E-03
 4.91810584E-03
 4.83257643E-03
 4.74704704E-03
 4.66151766E-03
 4.57598830E-03
 4.49045894E-03
 4.40492960E-03
 4.31940027E-03
 4.23387096E-03
 4.14834166E-03
 4.06281237E-03
 3.97728314E-03
 3.89175398E-03
 3.80622483E-03
 3.72069569E-03
 3.63516657E-03
 3.54963746E-03
 3.46410837E-03
 3.37857929E-03
 3.29305022E-03
 3.20752117E-03
 3.12199214E-03
 3.03646311E-03
 2.95093411E-03
 2.86540512E-03
 2.77987614E-03
 2.69434718E-03
 2.60881818E-03
 2.52328918E-03
 2.43763985E-03
 2.35210857E-03
 2.26657730E-03
 2.18104603E-03
 2.09551476E-03
 2.00998350E-03
 1.92445224E-03
 1.83892099E-03
 1.75338974E-03
 1.66785850E-03
 1.58232726E-03
 1.49679602E-03
 1.41126479E-03
 1.32573356E-03
 1.24020234E-03
 1.15467112E-03
 1.06913990E-03
 9.83608693E-04
 8.98077487E-04
 8.12546285E-04
 7.27015088E-04
 6.41483896E-04
 5.55952708E-04
 4.70421525E-04
 3.84890346E-04
 2.99359172E-04
 2.13828003E-04
 1.28296839E-04
 4.27656791E-05
 1.39559901E-09
 3.98773989E-09
 6.58456186E-09
 9.18619403E-09
 1.17927013E-08
 1.44045148E-08
 1.70205752E-08
 1.96421126E-08
 2.22684651E-08
 2.49000694E-08
 2.75365873E-08
 3.01785760E-08
 3.28256599E-08
 3.54779803E-08
 3.81355826E-08
 4.07985316E-08
 4.34669877E-08
 4.61409896E-08
 4.88206975E-08
 5.15052334E-08
 5.41961190E-08
 5.68920675E-08
 5.95944985E-08
 6.23022382E-08
 6.50153263E-08
 6.77347536E-08
 7.04606991E-08
 7.31918737E-08
 7.59292888E-08
 7.86730829E-08
 8.14228405E-08
 8.41787370E-08
 8.69413467E-08
 8.97102959E-08
 9.24851969E-08
 9.52667190E-08
 9.80554625E-08
 1.00850012E-07
 1.03652044E-07
 1.06460178E-07
 1.09276020E-07
 1.12098229E-07
 1.14927411E-07
 1.17763731E-07
 1.20607308E-07
 1.23458312E-07
 1.26316813E-07
 1.29182512E-07
 1.32055525E-07
 1.34936517E-07
 1.37825127E-07
 1.40721496E-07
 1.43625252E-07
 1.46537626E-07
 1.49458216E-07
 1.52386660E-07
 1.55323653E-07
 1.58268891E-07
 1.61222982E-07
 1.64185045E-07
 1.67156376E-07
 1.70136618E-07
 1.73125340E-07
 1.76123829E-07
 1.79131241E-07
 1.82148217E-07
 1.85174516E-07
 1.88210740E-07
 1.91256691E-07
 1.94312383E-07
 1.97378169E-07
 2.00454813E-07
 2.03541323E-07
 2.06638457E-07
 2.09746543E-07
 2.12865730E-07
 2.15995654E-07
 2.19137173E-07
 2.22290582E-07
 2.25455386E-07
 2.28631876E-07
 2.31820959E-07
 1.15543905E-07
 1.17619223E-07
 1.19697202E-07
 1.21778715E-07
 1.23863711E-07
 1.25952326E-07
 1.28043854E-07
 1.30139210E-07
 1.32238339E-07
 1.34341383E-07
 1.36448429E-07
 1.38558750E-07
 1.40673238E-07
 1.42791899E-07
 1.44914907E-07
 1.47042273E-07
 1.49173403E-07
 1.51309769E-07
 1.53450795E-07
 1.55596491E-07
 1.57746258E-07
 1.59901774E-07
 1.62063012E-07
 1.64228487E-07
 1.66399989E-07
 1.68577585E-07
 1.70760426E-07
 1.72949620E-07
 1.75145150E-07
 1.77347161E-07
 1.79555628E-07
 1.81770793E-07
 1.83993586E-07
 1.86224805E-07
 5.07933974E-08
 3.72905833E-08
 2.82382331E-08
 2.14075561E-08
 1.59678609E-08
 1.14998998E-08
 7.75957861E-09
 4.58934299E-09
 1.87940178E-09
 9.76022404E-04
 4.88011183E-03
 8.78420155E-03
 1.26884089E-02
 1.65925008E-02
 2.04965928E-02
 2.44006849E-02
 2.83047769E-02
 3.22088691E-02
 3.61129612E-02
 4.00170534E-02
 4.39211457E-02
 4.78252379E-02
 5.17293302E-02
 5.56334225E-02
 5.95375148E-02
 6.34416072E-02
 6.73456995E-02
 7.12497919E-02
 7.51538843E-02
 7.90579768E-02
 8.29620692E-02
 8.68661617E-02
 9.07702541E-02
 9.46743466E-02
 9.85784391E-02
 1.02482532E-01
 1.06386624E-01
 1.10290717E-01
 1.14194809E-01
 1.18098902E-01
 1.22002994E-01
 1.25907087E-01
 1.29811180E-01
 1.33715272E-01
 1.37619365E-01
 1.41523457E-01
 1.45427550E-01
 1.49331643E-01
 1.53235735E-01
 1.57139828E-01
 1.61043921E-01
 1.64948013E-01
 1.68852106E-01
 1.72756199E-01
 1.76660291E-01
 1.80564384E-01
 1.84468477E-01
 1.88372570E-01
 1.92276662E-01
 1.96180755E-01
 2.00084848E-01
 2.03988941E-01
 2.07893033E-01
 2.11797126E-01
 2.15701219E-01
 2.19605312E-01
 2.23509404E-01
 2.27413497E-01
 2.31317590E-01
 2.35221683E-01
 2.39125776E-01
 2.43029869E-01
 2.49483575E-01
 2.57467049E-01
 2.65450523E-01
 2.73433997E-01
 2.81417472E-01
 2.89400946E-01
 2.97384420E-01
 3.05367894E-01
 3.13351369E-01
 3.21334843E-01
 3.29318317E-01
 3.37301792E-01
 3.45285266E-01
 3.53268740E-01
 3.61252215E-01
 3.69235689E-01
 3.77219163E-01
 3.85202638E-01
 3.93186112E-01
 4.01169586E-01
 4.09153061E-01
 4.17136535E-01
 4.25120009E-01
 4.33103484E-01
 4.41086958E-01
 4.49070433E-01
 4.57053843E-01
 4.65037320E-01
 4.73020797E-01
 4.81004274E-01
 4.88987751E-01
 4.99520841E-01
 5.15663080E-01
 5.31805318E-01
 5.47947557E-01
 5.64089795E-01
 5.80232034E-01
 5.96374272E-01
 6.12516511E-01
 6.30634704E-01
 6.50856333E-01
 6.71077961E-01
 6.91299590E-01
 7.13847734E-01
 7.38148800E-01
 7.64951750E-01
 0.00000000E+00
 0.00000000E+00
 0.00000000E+00
 0.00000000E+00
 0.00000000E+00
 0.00000000E+00
 0.00000000E+00
 0.00000000E+00
 0.00000000E+00
 0.00000000E+00
 0.00000000E+00
 0.00000000E+00
 0.00000000E+00
 0.00000000E+00
 0.00000000E+00
 0.00000000E+00
 9.34754895E-01
 8.85904725E-01
 8.44915578E-01
 8.04683424E-01
 7.71939769E-01
 7.39242289E-01
 7.06590919E-01
 6.75380037E-01
 6.50927124E-01
 6.26508717E-01
 6.02124763E-01
 5.77775211E-01
 5.53460009E-01
 5.29179104E-01
 5.04932442E-01
 4.83492979E-01
 4.67373965E-01
 4.51277720E-01
 4.35204206E-01
 4.19153385E-01
 4.03125220E-01
 3.87119671E-01
 3.71136700E-01
 3.55176258E-01
 3.39238308E-01
 3.23322817E-01
 3.07429746E-01
 2.91559052E-01
 2.75710697E-01
 2.59884638E-01
 2.44080834E-01
 2.33782507E-01
 2.25989350E-01
 2.18207205E-01
 2.10436048E-01
 2.02675855E-01
 1.94926602E-01
 1.87188264E-01
 1.79460817E-01
 1.71744236E-01
 1.64038495E-01
 1.56343569E-01
 1.48659432E-01
 1.40986060E-01
 1.33323425E-01
 1.25671501E-01
 1.18030257E-01
 1.10399511E-01
 1.02779396E-01
 9.51698848E-02
 8.75709503E-02
 7.99825646E-02
 7.24046997E-02
 6.48373274E-02
 5.72804191E-02
 4.97339461E-02
 4.21978793E-02
 3.46721896E-02
 2.71568472E-02
 1.96518225E-02
 1.21570852E-02
 4.67260505E-03
 1.86546087E-06
 6.80025621E-06
 1.16701800E-05
 1.64662292E-05
 2.11793147E-05
 2.58002614E-05
 3.03198060E-05
 3.47285967E-05
 3.90171918E-05
 4.31760586E-05
 4.71955723E-05
 5.10660150E-05
 5.47775743E-05
 5.83203423E-05
 6.16843144E-05
 6.48593878E-05
 6.83583120E-05
 7.18516215E-05
 7.51241430E-05
 7.81653720E-05
 8.09646997E-05
 8.35114117E-05
 8.57946865E-05
 8.78035944E-05
 8.96515401E-05
 9.12180343E-05
 9.24765213E-05
 9.34156243E-05
 9.40238510E-05
 9.42895919E-05
 9.42011190E-05
 9.40178349E-05
 9.75222116E-05
 1.00630706E-04
 1.03331116E-04
 1.05611115E-04
 1.07458245E-04
 1.08859922E-04
 1.09803429E-04
 1.10388057E-04
 1.10854629E-04
 1.10823442E-04
 1.10281236E-04
 1.09214611E-04
 1.07610025E-04
 1.05453788E-04
 1.02732066E-04
 1.00155103E-04
 9.80413922E-05
 9.53174832E-05
 9.19689425E-05
 8.79811798E-05
 8.33394453E-05
 7.80288282E-05
 7.20342539E-05
 6.57519368E-05
 5.90545437E-05
 5.16260541E-05
 4.34507185E-05
 3.45126115E-05
 2.47956298E-05
 1.42834893E-05
 2.95972261E-06
 1.04992130E-04
 2.44072637E-04
 3.82099390E-04
 5.19055934E-04
 6.54971870E-04
 7.89793131E-04
 9.23493606E-04
 1.05605607E-03
 1.18822784E-03
 1.31929037E-03
 1.44916097E-03
 1.57782368E-03
 1.70552173E-03
 1.83197276E-03
 1.95715810E-03
 2.08136452E-03
 2.20722008E-03
 2.33174857E-03
 2.45493042E-03
 2.57677320E-03
 2.69735444E-03
 2.81652870E-03
 2.93427543E-03
 3.05088242E-03
 3.16687228E-03
 3.28137009E-03
 3.39435430E-03
 3.50586466E-03
 3.61593094E-03
 3.72441710E-03
 3.83130049E-03
 4.02011780E-03
 4.31455984E-03
 4.60710765E-03
 4.89773871E-03
 5.18653498E-03
 5.47190553E-03
 5.18633696E-03
 4.90065413E-03
 4.65256835E-03
 4.42851282E-03
 4.20431787E-03
 3.98023439E-03
 3.76037693E-03
 3.54237135E-03
 3.32640086E-03
 3.11115183E-03
 2.91117758E-03
 2.71548030E-03
 2.51716586E-03
 2.32366415E-03
 2.12838874E-03
 1.93269165E-03
 1.73687153E-03
 1.54116698E-03
 1.34546334E-03
 1.14975976E-03
 9.54056193E-04
 7.58352627E-04
 5.62648810E-04
 3.66945005E-04
 1.71241214E-04
 7.26351947E-10
 1.74315633E-07
 5.86859275E-09
 8.45710488E-09
 1.10577149E-08
 1.36695592E-08
 1.62935862E-08
 1.89304180E-08
 2.15786662E-08
 2.42378499E-08
 2.69097858E-08
 2.95946229E-08
 3.22920317E-08
 3.50028935E-08
 3.77263521E-08
 4.04633563E-08
 4.33034537E-08
 4.62594193E-08
 4.92288690E-08
 5.22117076E-08
 5.52083790E-08
 5.82184981E-08
 6.12425112E-08
 6.42803098E-08
 6.73323549E-08
 7.03982698E-08
 7.34785017E-08
 7.65732540E-08
 7.96821257E-08
 8.28055711E-08
 8.59435247E-08
 8.90964560E-08
 9.21616982E-08
 2.37071819E-08
 2.29483513E-08
 2.21853072E-08
 2.14185802E-08
 2.06481046E-08
 1.98735915E-08
 1.90952121E-08
 1.83129751E-08
 1.75265038E-08
 1.67360227E-08
 1.59414863E-08
 1.51431774E-08
 1.43404062E-08
 1.35337134E-08
 1.27227905E-08
 1.19074754E-08
 1.10881423E-08
 1.02646579E-08
 9.43664739E-09
 8.60437778E-09
 7.76746610E-09
 6.92654414E-09
 6.08080505E-09
 5.23088681E-09
 4.37643225E-09
 3.51731551E-09
 2.65347858E-09
 1.78485524E-09
 9.12113137E-10
 3.44355241E-11
 1.70904878E-09
 4.31759522E-09
 6.93134024E-09
 9.54953772E-09
 1.21730726E-08
 1.48012201E-08
 1.74348786E-08
 2.00733215E-08
 2.27166133E-08
 2.53648906E-08
 2.80189742E-08
 3.06777770E-08
 3.33417802E-08
 3.60114769E-08
 3.86866054E-08
 4.13667742E-08
 4.40524867E-08
 4.67434287E-08
 4.94405445E-08
 5.21426886E-08
 5.48511844E-08
 5.75648646E-08
 6.02842973E-08
 6.30095295E-08
 6.57410921E-08
 6.84782620E-08
 7.12215742E-08
 7.39706634E-08
 7.67256594E-08
 7.94875438E-08
 8.22550990E-08
 8.50293549E-08
 8.78094666E-08
 9.05965286E-08
 9.33901654E-08
 9.61900415E-08
 9.89962498E-08
 1.01809386E-07
 1.04629658E-07
 1.07456629E-07
 1.10290410E-07
 1.13131203E-07
 1.15979124E-07
 1.18834292E-07
 1.21696302E-07
 1.24565894E-07
 1.27443087E-07
 1.30327640E-07
 1.33219615E-07
 1.36119786E-07
 1.39027102E-07
 1.41942875E-07
 1.44866214E-07
 1.47797744E-07
 1.50737103E-07
 1.53684990E-07
 1.56641042E-07
 1.59606082E-07
 1.62579530E-07
 1.65561130E-07
 1.68552706E-07
 1.71552221E-07
 1.74560931E-07
 1.77579006E-07
 1.80606731E-07
 1.83643685E-07
 1.86690038E-07
 1.89745964E-07
 1.92812312E-07
 1.95888660E-07
 1.98975200E-07
 2.02071622E-07
 2.05179302E-07
 2.08297265E-07
 2.11425638E-07
 2.14565321E-07
 2.17716608E-07
 2.20879072E-07
 2.24052928E-07
 2.27239000E-07
 2.30437056E-07
 1.14477441E-07
 1.16562456E-07
 1.18650122E-07
 1.20741995E-07
 1.22836643E-07
 1.24934252E-07
 1.27036164E-07
 1.29141180E-07
 1.31249943E-07
 1.33362666E-07
 1.35478579E-07
 1.37598606E-07
 1.39722698E-07
 1.41850950E-07
 1.43982833E-07
 1.46119041E-07
 1.48259745E-07
 1.50404959E-07
 1.52554783E-07
 1.54709320E-07
 1.56868601E-07
 1.59032878E-07
 1.61202108E-07
 1.63376321E-07
 1.65556600E-07
 1.67741290E-07
 1.69932874E-07
 1.72130007E-07
 1.74333409E-07
 1.76542387E-07
 1.78758840E-07
 1.80981836E-07
 1.83211612E-07
 1.85449096E-07
 1.87693511E-07
 5.32953350E-08
 3.88432455E-08
 2.93782160E-08
 2.23005090E-08
 1.66900338E-08
 1.20947452E-08
 8.25527356E-09
 5.00313355E-09
 2.22659725E-09
 9.70261876E-10
 6.27547608E-09
 1.12943157E-08
 1.03474520E-07
 1.01166909E-07
 9.89071460E-08
 9.66924818E-08
 9.45168081E-08
 9.23786046E-08
 9.02722096E-08
 8.81977908E-08
 8.61507450E-08
 8.41301167E-08
 8.21338438E-08
 8.01604199E-08
 7.82079300E-08
 7.62766505E-08
 7.43643660E-08
 7.24697856E-08
 7.05925107E-08
 6.87319875E-08
 6.68877397E-08
 6.50577061E-08
 6.32422434E-08
 6.14404458E-08
 5.96523223E-08
 5.78768777E-08
 5.61140202E-08
 5.43637549E-08
 5.26246783E-08
 5.08964693E-08
 4.91803701E-08
 4.74746191E-08
 4.57803257E-08
 4.40958289E-08
 4.24219711E-08
 4.07582821E-08
 3.91043450E-08
 3.74609898E-08
 3.58262753E-08
 3.42017428E-08
 3.25867270E-08
 3.09807092E-08
 2.93850936E-08
 2.77985381E-08
 2.62218444E-08
 2.46534611E-08
 2.30957088E-08
 2.15470284E-08
 2.00075560E-08
 1.84779291E-08
 1.69582449E-08
 1.54483931E-08
 1.39484187E-08
 1.24592218E-08
 1.09789453E-08
 9.51037993E-09
 8.05243168E-09
 6.60429846E-09
 5.16786789E-09
 3.74318913E-09
 2.33025054E-09
 9.29129622E-10
 4.87977769E-03
 1.26874213E-02
 2.04950650E-02
 2.83027087E-02
 3.61103524E-02
 4.39179961E-02
 5.17256398E-02
 5.95332835E-02
 6.73409273E-02
 7.51485710E-02
 8.29562148E-02
 9.07638585E-02
 9.85715023E-02
 1.06379146E-01
 1.14186790E-01
 1.21994434E-01
 1.29802078E-01
 1.37609721E-01
 1.45417365E-01
 1.53225009E-01
 1.61032653E-01
 1.68840297E-01
 1.76647941E-01
 1.84455585E-01
 1.92263229E-01
 2.00070873E-01
 2.07878423E-01
 2.15686070E-01
 2.23493718E-01
 2.31301365E-01
 2.39109012E-01
 2.52015529E-01
 2.76139559E-01
 3.00263588E-01
 3.24387618E-01
 3.48511647E-01
 3.72635677E-01
 3.96759707E-01
 4.20883736E-01
 4.48959399E-01
 4.81241638E-01
 5.13523877E-01
 5.45806115E-01
 5.82741076E-01
 6.23181611E-01
 6.68625614E-01
 0.00000000E+00
 0.00000000E+00
 0.00000000E+00
 0.00000000E+00
 0.00000000E+00
 0.00000000E+00
 0.00000000E+00
 0.00000000E+00
 0.00000000E+00
 0.00000000E+00
 0.00000000E+00
 0.00000000E+00
 0.00000000E+00
 0.00000000E+00
 0.00000000E+00
 0.00000000E+00
 9.10467261E-01
 8.45515087E-01
 7.92342676E-01
 7.40294035E-01
 6.99466404E-01
 6.58696354E-01
 6.17983805E-01
 5.79420331E-01
 5.50982142E-01
 5.22584096E-01
 4.94226133E-01
 4.65908193E-01
 4.37630214E-01
 4.09392136E-01
 3.81193895E-01
 3.57194926E-01
 3.41165107E-01
 3.25157968E-01
 3.09173469E-01
 2.93211573E-01
 2.77272240E-01
 2.61355432E-01
 2.45461109E-01
 2.29589219E-01
 2.13739722E-01
 1.97912590E-01
 1.82107783E-01
 1.66325258E-01
 1.50564975E-01
 1.34826892E-01
 1.19110967E-01
 1.11642018E-01
 1.07919624E-01
 1.04202584E-01
 1.00490884E-01
 9.67845091E-02
 9.30834432E-02
 8.93876713E-02
 8.56971779E-02
 8.20119474E-02
 7.83319640E-02
 7.46572118E-02
 7.09876748E-02
 6.73233368E-02
 6.36641814E-02
 6.00101923E-02
 5.63613449E-02
 5.27173900E-02
 4.90785513E-02
 4.54448117E-02
 4.18161541E-02
 3.81925611E-02
 3.45740150E-02
 3.09604983E-02
 2.73519930E-02
 2.37484811E-02
 2.01499445E-02
 1.65563648E-02
 1.29677234E-02
 9.38400172E-03
 5.80518080E-03
 2.23124163E-03
 1.18980229E-06
 4.32433210E-06
 7.39660378E-06
 1.03976098E-05
 1.33182571E-05
 1.61493658E-05
 1.88816684E-05
 2.15058086E-05
 2.40123402E-05
 2.63917260E-05
 2.86343366E-05
 3.07304495E-05
 3.26702477E-05
 3.44438185E-05
 3.60411527E-05
 3.74521427E-05
 3.94510049E-05
 4.15486897E-05
 4.34276359E-05
 4.50773352E-05
 4.64871751E-05
 4.76464375E-05
 4.85442970E-05
 4.91698203E-05
 4.96986293E-05
 4.99555624E-05
 4.99064139E-05
 4.95398032E-05
 4.88442344E-05
 4.78080942E-05
 4.64196509E-05
 4.50739262E-05
 4.94505793E-05
 5.34303699E-05
 5.70011010E-05
 6.01504493E-05
 6.28659634E-05
 6.51350620E-05
 6.69450324E-05
 6.84512444E-05
 7.00214235E-05
 7.10925871E-05
 7.16514814E-05
 7.16847116E-05
 7.11787406E-05
 7.01198867E-05
 6.84943216E-05
 6.73744001E-05
 6.72449349E-05
 6.65029080E-05
 6.51338966E-05
 6.31233206E-05
 6.04564411E-05
 5.71183579E-05
 5.30940072E-05
 4.89853386E-05
 4.46090688E-05
 3.94989707E-05
 3.36393078E-05
 2.70141681E-05
 1.96074617E-05
 1.14029180E-05
 2.38408319E-06
 5.43114843E-05
 1.25892476E-04
 1.96505024E-04
 2.66132333E-04
 3.34826784E-04
 4.02515344E-04
 4.69167009E-04
 5.34764198E-04
 6.00436246E-04
 6.65113768E-04
 7.28681294E-04
 7.91123529E-04
 8.52814063E-04
 9.13338231E-04
 9.72676964E-04
 1.03126951E-03
 1.09306708E-03
 1.15361469E-03
 1.21289238E-03
 1.27092103E-03
 1.32782652E-03
 1.38340045E-03
 1.43762188E-03
 1.49093246E-03
 1.54412619E-03
 1.59590094E-03
 1.64623473E-03
 1.69519768E-03
 1.74284507E-03
 1.78898358E-03
 1.83359011E-03
 2.00197982E-03
 2.32969982E-03
 2.65548412E-03
 2.97931037E-03
 3.30131312E-03
 3.62145510E-03
 3.42876740E-03
 3.17520120E-03
 2.97796022E-03
 2.81676199E-03
 2.65542649E-03
 2.49420013E-03
 2.33931235E-03
 2.18720216E-03
 2.03814437E-03
 1.89016866E-03
 1.76510351E-03
 1.64645334E-03
 1.52387767E-03
 1.40852057E-03
 1.29050308E-03
 1.17185308E-03
 1.05308005E-03
 9.34422548E-04
 8.15766420E-04
 6.97110371E-04
 5.78454334E-04
 4.59798293E-04
 3.41141867E-04
 2.22485454E-04
 1.03829054E-04
 5.03084671E-09
 2.58820705E-07
 1.01237602E-08
 1.26874393E-08
 1.52632086E-08
 1.78496041E-08
 2.04485642E-08
 2.30599846E-08
 2.56828123E-08
 2.83157593E-08
 3.09613722E-08
 3.36197866E-08
 3.62911669E-08
 3.89758985E-08
 4.16736510E-08
 4.43845790E-08
 4.72441472E-08
 5.02708325E-08
 5.33106404E-08
 5.63642774E-08
 5.94316389E-08
 6.25128990E-08
 6.56079306E-08
 6.87169386E-08
 7.18400860E-08
 7.49775518E-08
 7.81292446E-08
 8.12953269E-08
 8.44757123E-08
 8.76711969E-08
 9.08810390E-08
 9.41057458E-08
 9.71914006E-08
 1.92425007E-08
 1.84891731E-08
 1.77321573E-08
 1.69711231E-08
 1.62063142E-08
 1.54376614E-08
 1.46648199E-08
 1.38880425E-08
 1.31075789E-08
 1.23227557E-08
 1.15338251E-08
 1.07407597E-08
 9.94376856E-09
 9.14251956E-09
 8.33690236E-09
 7.52720835E-09
 6.71309493E-09
 5.89474382E-09
 5.07215907E-09
 4.24493032E-09
 3.41365477E-09
 2.57756719E-09
 1.73735076E-09
 8.92537133E-10
 4.26904582E-11
 8.11076788E-10
 1.66968726E-09
 2.53317383E-09
 3.40157364E-09
 4.27424711E-09
 6.02321644E-09
 8.64892640E-09
 1.12794872E-08
 1.39146339E-08
 1.65547868E-08
 1.92004171E-08
 2.18504344E-08
 2.45061373E-08
 2.71663957E-08
 2.98320789E-08
 3.25028956E-08
 3.51792918E-08
 3.78605881E-08
 4.05472715E-08
 4.32394175E-08
 4.59371434E-08
 4.86404923E-08
 5.13487973E-08
 5.40629173E-08
 5.67829810E-08
 5.95086721E-08
 6.22400744E-08
 6.49773114E-08
 6.77204310E-08
 7.04691508E-08
 7.32244603E-08
 7.59855088E-08
 7.87524568E-08
 8.15254436E-08
 8.43054521E-08
 8.70907524E-08
 8.98833183E-08
 9.26813973E-08
 9.54865628E-08
 9.82983552E-08
 1.01116522E-07
 1.03941660E-07
 1.06772887E-07
 1.09611297E-07
 1.12457053E-07
 1.15309311E-07
 1.18168636E-07
 1.21035196E-07
 1.23909150E-07
 1.26790157E-07
 1.29678231E-07
 1.32574165E-07
 1.35478039E-07
 1.38389027E-07
 1.41307733E-07
 1.44234826E-07
 1.47169464E-07
 1.50111729E-07
 1.53062402E-07
 1.56021579E-07
 1.58988963E-07
 1.61964577E-07
 1.64948741E-07
 1.67942114E-07
 1.70943769E-07
 1.73954379E-07
 1.76974268E-07
 1.80002966E-07
 1.83041221E-07
 1.86088077E-07
 1.89145486E-07
 1.92212495E-07
 1.95288676E-07
 1.98374872E-07
 2.01471825E-07
 2.04578560E-07
 2.07695939E-07
 2.10824119E-07
 2.13962784E-07
 2.17112136E-07
 2.20272971E-07
 2.23444916E-07
 2.26628263E-07
 2.29823822E-07
 2.33031235E-07
 2.36250749E-07
 1.19485220E-07
 1.21583208E-07
 1.23684702E-07
 1.25788954E-07
 1.27897539E-07
 1.30008386E-07
 1.32123651E-07
 1.34242010E-07
 1.36364236E-07
 1.38489767E-07
 1.40619248E-07
 1.42752910E-07
 1.44890032E-07
 1.47032105E-07
 1.49177876E-07
 1.51327282E-07
 1.53481993E-07
 1.55640524E-07
 1.57803796E-07
 1.59971841E-07
 1.62144768E-07
 1.64323392E-07
 1.66506320E-07
 1.68694464E-07
 1.70888576E-07
 1.73088066E-07
 1.75292890E-07
 1.77504071E-07
 1.79721764E-07
 1.81945104E-07
 1.84175913E-07
 1.86412656E-07
 1.88657026E-07
 1.90908327E-07
 1.93167509E-07
 6.00195359E-08
 4.44666399E-08
 3.45557321E-08
 2.72165430E-08
 2.14275094E-08
 1.66999253E-08
 1.27574056E-08
 9.42302281E-09
 6.57816556E-09
 3.31930746E-09
 2.05120638E-09
 7.12882638E-09
 1.08289925E-07
 1.05964586E-07
 1.03689618E-07
 1.01459406E-07
 9.92691960E-08
 9.71164717E-08
 9.49977164E-08
 9.29091422E-08
 9.08501702E-08
 8.88171202E-08
 8.68088130E-08
 8.48247617E-08
 8.28612891E-08
 8.09195964E-08
 7.89963675E-08
 7.70921122E-08
 7.52052299E-08
 7.33348069E-08
 7.14807275E-08
 6.96411691E-08
 6.78170502E-08
 6.60062702E-08
 6.42088524E-08
 6.24250262E-08
 6.06535433E-08
 5.88943351E-08
 5.71472215E-08
 5.54122247E-08
 5.36876337E-08
 5.19746630E-08
 5.02721905E-08
 4.85805847E-08
 4.68987793E-08
 4.52277323E-08
 4.35661002E-08
 4.19157291E-08
 4.02737290E-08
 3.86424988E-08
 3.70199679E-08
 3.54083394E-08
 3.38056267E-08
 3.22125982E-08
 3.06284669E-08
 2.90540804E-08
 2.74902115E-08
 2.59346245E-08
 2.43897016E-08
 2.28544536E-08
 2.13282836E-08
 1.98127640E-08
 1.83070158E-08
 1.68119588E-08
 1.53266176E-08
 1.38520115E-08
 1.23880655E-08
 1.09347821E-08
 9.49313227E-09
 8.06308839E-09
 6.64494711E-09
 5.23855671E-09
 2.33018542E-03
 6.05847455E-03
 9.78676369E-03
 1.35150529E-02
 1.72433420E-02
 2.09716312E-02
 2.46999204E-02
 2.84282096E-02
 3.21564988E-02
 3.58847881E-02
 3.96130773E-02
 4.33413666E-02
 4.70696559E-02
 5.07979452E-02
 5.45262345E-02
 5.82545239E-02
 6.19828132E-02
 6.57111026E-02
 6.94393920E-02
 7.31676815E-02
 7.68959709E-02
 8.06242604E-02
 8.43525499E-02
 8.80808395E-02
 9.18091291E-02
 9.55374187E-02
 9.92657084E-02
 1.02993893E-01
 1.06722186E-01
 1.10450479E-01
 1.14178772E-01
 1.25554835E-01
 1.53755990E-01
 1.81957145E-01
 2.10158300E-01
 2.38359455E-01
 2.66560610E-01
 2.94761766E-01
 3.22962921E-01
 3.57091111E-01
 3.97528725E-01
 4.37966338E-01
 4.78403952E-01
 5.25820175E-01
 5.78494369E-01
 6.38673245E-01
 0.00000000E+00
 0.00000000E+00
 0.00000000E+00
 0.00000000E+00
 0.00000000E+00
 0.00000000E+00
 0.00000000E+00
 0.00000000E+00
 0.00000000E+00
 0.00000000E+00
 0.00000000E+00
 0.00000000E+00
 0.00000000E+00
 0.00000000E+00
 0.00000000E+00
 0.00000000E+00
 8.86530089E-01
 8.05825818E-01
 7.40819526E-01
 6.77303290E-01
 6.28740053E-01
 5.80245314E-01
 5.31818976E-01
 4.86249806E-01
 4.54172722E-01
 4.22140931E-01
 3.90154365E-01
 3.58212956E-01
 3.26316635E-01
 2.94465332E-01
 2.62658977E-01
 2.36443471E-01
 2.20845314E-01
 2.05269264E-01
 1.89715283E-01
 1.74183333E-01
 1.58673375E-01
 1.43185370E-01
 1.27719280E-01
 1.12275048E-01
 9.68526341E-02
 8.14520151E-02
 6.60731504E-02
 5.07159990E-02
 3.53805197E-02
 2.00666709E-02
 4.77441068E-03
 1.13078354E-06
 2.61597611E-06
 3.91801466E-06
 5.04370097E-06
 5.99989660E-06
 6.79352354E-06
 7.43156488E-06
 7.92106550E-06
 8.26913282E-06
 8.48293744E-06
 8.56971390E-06
 8.53676140E-06
 8.39144455E-06
 8.14119410E-06
 7.79350771E-06
 7.36629894E-06
 7.17741116E-06
 6.91353149E-06
 6.58243395E-06
 6.19196346E-06
 5.75003662E-06
 5.26464262E-06
 4.74384404E-06
 4.19577774E-06
 3.62865571E-06
 3.05076599E-06
 2.47047357E-06
 1.89622127E-06
 1.33653072E-06
 8.00003247E-07
 2.95320886E-07
 5.65445594E-07
 2.03691495E-06
 3.44855178E-06
 4.79134466E-06
 6.05619654E-06
 7.23392365E-06
 8.31525450E-06
 9.29082873E-06
 1.01511961E-05
 1.08868153E-05
 1.14880529E-05
 1.19451822E-05
 1.22483819E-05
 1.23877352E-05
 1.23532286E-05
 1.21347502E-05
 1.27679812E-05
 1.36042899E-05
 1.42237285E-05
 1.46157857E-05
 1.47698457E-05
 1.46751871E-05
 1.43209814E-05
 1.36962916E-05
 1.30389573E-05
 1.21191452E-05
 1.08950003E-05
 9.35513905E-06
 7.48806206E-06
 5.28215303E-06
 2.72567696E-06
 3.32465230E-07
 5.44421268E-06
 1.01583014E-05
 1.44625383E-05
 1.83446041E-05
 2.17920515E-05
 2.47923033E-05
 2.73326509E-05
 2.96245392E-05
 3.21625972E-05
 3.42005627E-05
 3.57251870E-05
 3.67230809E-05
 3.71807128E-05
 3.70844063E-05
 3.64203391E-05
 3.66229737E-05
 3.83434379E-05
 3.94491525E-05
 3.99257044E-05
 3.97585234E-05
 3.89328807E-05
 3.74338863E-05
 3.52464865E-05
 3.31783631E-05
 3.09902827E-05
 2.80658128E-05
 2.43892295E-05
 1.99446333E-05
 1.47159470E-05
 8.68691301E-06
 1.84109059E-06
 7.89394422E-06
 1.76536944E-05
 2.65231648E-05
 3.44852484E-05
 4.16151343E-05
 4.78208546E-05
 5.30665429E-05
 5.73342920E-05
 6.21354724E-05
 6.60499110E-05
 6.89293792E-05
 7.07592825E-05
 7.20436041E-05
 7.22353947E-05
 7.13152385E-05
 6.98748705E-05
 7.31886913E-05
 7.53229826E-05
 7.62574232E-05
 7.60262338E-05
 7.48037109E-05
 7.23185221E-05
 6.85493460E-05
 6.40917304E-05
 6.00111238E-05
 5.45782207E-05
 4.77706479E-05
 3.96889364E-05
 3.04138943E-05
 1.96949704E-05
 7.50865837E-06
 1.56067971E-04
 5.11391229E-04
 8.64744176E-04
 1.21610461E-03
 1.56565962E-03
 1.91336731E-03
 1.80974967E-03
 1.58273543E-03
 1.43077178E-03
 1.32686171E-03
 1.22281656E-03
 1.11887819E-03
 1.02339064E-03
 9.31606284E-04
 8.43891481E-04
 7.57619354E-04
 7.01892467E-04
 6.54718280E-04
 6.02310449E-04
 5.59526684E-04
 5.13195957E-04
 4.66021932E-04
 4.18724879E-04
 3.71543315E-04
 3.24363574E-04
 2.77183933E-04
 2.30004305E-04
 1.82824667E-04
 1.35644512E-04
 8.84643690E-05
 4.12842386E-05
 1.94807872E-09
 3.50700076E-07
 6.99210566E-09
 9.53126832E-09
 1.20820644E-08
 1.46430979E-08
 1.72168513E-08
 1.98032157E-08
 2.24009563E-08
 2.50072744E-08
 2.76266627E-08
 3.02592623E-08
 3.29047182E-08
 3.55631781E-08
 3.82353394E-08
 4.09205592E-08
 4.37996820E-08
 4.68966735E-08
 5.00074761E-08
 5.31320049E-08
 5.62701538E-08
 5.94223525E-08
 6.25885313E-08
 6.57688498E-08
 6.89634645E-08
 7.21720391E-08
 7.53952923E-08
 7.86331201E-08
 8.18854353E-08
 8.51524236E-08
 8.84342974E-08
 9.17309040E-08
 9.48376956E-08
 2.21631519E-08
 2.14157500E-08
 2.06643000E-08
 1.99093623E-08
 1.91499658E-08
 1.83870149E-08
 1.76201010E-08
 1.68488987E-08
 1.60736332E-08
 1.52945806E-08
 1.45110369E-08
 1.37235873E-08
 1.29322100E-08
 1.21361290E-08
 1.13359917E-08
 1.05317204E-08
 9.72289090E-09
 8.90981961E-09
 8.09245627E-09
 7.27069192E-09
 6.44446394E-09
 5.61372064E-09
 4.77840107E-09
 3.93844746E-09
 3.09413548E-09
 2.24500978E-09
 1.39140831E-09
 5.32804617E-10
 3.30362611E-10
 1.19790202E-09
 2.95299851E-09
 5.59575792E-09
 8.24304599E-09
 1.08949870E-08
 1.35524339E-08
 1.62146675E-08
 1.88817544E-08
 2.15545975E-08
 2.42320652E-08
 2.69146631E-08
 2.96028363E-08
 3.22963624E-08
 3.49952406E-08
 3.76991665E-08
 4.04086685E-08
 4.31234377E-08
 4.58443272E-08
 4.85702227E-08
 5.13020878E-08
 5.40395414E-08
 5.67827429E-08
 5.95317352E-08
 6.22870929E-08
 6.50475632E-08
 6.78146161E-08
 7.05874451E-08
 7.33661735E-08
 7.61513544E-08
 7.89426628E-08
 8.17401969E-08
 8.45440443E-08
 8.73543116E-08
 9.01707458E-08
 9.29938358E-08
 9.58241691E-08
 9.86605402E-08
 1.01503972E-07
 1.04354093E-07
 1.07211045E-07
 1.10074993E-07
 1.12945996E-07
 1.15823761E-07
 1.18709368E-07
 1.21601506E-07
 1.24501780E-07
 1.27408812E-07
 1.30323815E-07
 1.33246441E-07
 1.36176193E-07
 1.39114357E-07
 1.42060586E-07
 1.45014482E-07
 1.47976173E-07
 1.50946345E-07
 1.53924693E-07
 1.56911869E-07
 1.59906953E-07
 1.62910709E-07
 1.65923284E-07
 1.68944841E-07
 1.71975647E-07
 1.75015181E-07
 1.78063652E-07
 1.81121927E-07
 1.84189591E-07
 1.87266702E-07
 1.90353664E-07
 1.93450546E-07
 1.96557592E-07
 1.99674436E-07
 2.02801760E-07
 2.05940006E-07
 2.09088634E-07
 2.12248475E-07
 2.15418590E-07
 2.18600406E-07
 2.21793561E-07
 2.24998278E-07
 2.28214782E-07
 2.31443378E-07
 1.15001087E-07
 1.17109238E-07
 1.19220077E-07
 1.21334468E-07
 1.23452418E-07
 1.25574068E-07
 1.27698658E-07
 1.29826390E-07
 1.31958028E-07
 1.34093591E-07
 1.36233157E-07
 1.38376094E-07
 1.40523263E-07
 1.42673960E-07
 1.44828983E-07
 1.46988436E-07
 1.49151667E-07
 1.51319499E-07
 1.53492047E-07
 1.55669330E-07
 1.57851458E-07
 1.60037824E-07
 1.62229948E-07
 1.64426529E-07
 1.66629018E-07
 1.68836916E-07
 1.71050172E-07
 1.73269734E-07
 1.75494996E-07
 1.77726673E-07
 1.79964230E-07
 1.82208416E-07
 1.84460386E-07
 1.86719131E-07
 1.88984973E-07
 1.91258778E-07
 5.96330154E-08
 4.27794690E-08
 3.23851107E-08
 2.47681720E-08
 1.87926980E-08
 1.39287236E-08
 9.87925238E-09
 6.45946734E-09
 3.54432759E-09
 2.22122614E-10
 5.21463585E-09
 1.03519821E-08
 1.05718375E-07
 1.03375328E-07
 1.01083125E-07
 9.88374127E-08
 9.66325936E-08
 9.44662205E-08
 9.23329339E-08
 9.02320135E-08
 8.81600727E-08
 8.61153717E-08
 8.40958614E-08
 8.21000309E-08
 8.01264205E-08
 7.81729306E-08
 7.62396537E-08
 7.43254500E-08
 7.24288228E-08
 7.05482031E-08
 6.86841008E-08
 6.68358997E-08
 6.50022653E-08
 6.31827989E-08
 6.13769875E-08
 5.95845161E-08
 5.78046447E-08
 5.60367959E-08
 5.42815537E-08
 5.25379491E-08
 5.08059958E-08
 4.90853158E-08
 4.73743106E-08
 4.56753340E-08
 4.39866299E-08
 4.23077259E-08
 4.06395371E-08
 3.89809795E-08
 3.73327354E-08
 3.56944662E-08
 3.40654376E-08
 3.24457398E-08
 3.08361815E-08
 2.92369459E-08
 2.76465474E-08
 2.60665058E-08
 2.44954121E-08
 2.29339462E-08
 2.13830366E-08
 1.98410080E-08
 1.83095469E-08
 1.67877953E-08
 1.52766460E-08
 1.37752157E-08
 1.22843680E-08
 1.08040902E-08
 9.33446294E-09
 7.87634711E-09
 6.42995562E-09
 4.99511653E-09
 3.57204608E-09
 2.16083011E-09
 3.53613395E-09
 6.58759361E-09
 9.65434116E-09
 1.27335439E-08
 1.58274920E-08
 1.89365761E-08
 2.20622190E-08
 2.52038050E-08
 2.83618167E-08
 3.15380581E-08
 3.47331306E-08
 3.79466269E-08
 4.11820748E-08
 4.44390791E-08
 4.77191237E-08
 5.10234741E-08
 5.43530889E-08
 5.77105778E-08
 6.10973641E-08
 6.45151639E-08
 6.79660748E-08
 7.14525577E-08
 7.49783975E-08
 7.85447731E-08
 8.21564921E-08
 8.58160288E-08
 8.95291840E-08
 2.43996688E-08
 1.77254256E-08
 1.07805312E-08
 3.53488185E-09
 9.97725559E-03
 4.19044683E-02
 7.38316810E-02
 1.05758894E-01
 1.37686107E-01
 1.69613320E-01
 2.01540533E-01
 2.33467746E-01
 2.73297119E-01
 3.21538470E-01
 3.69779820E-01
 4.18021170E-01
 4.75566694E-01
 5.40122339E-01
 6.14683529E-01
 0.00000000E+00
 0.00000000E+00
 0.00000000E+00
 0.00000000E+00
 0.00000000E+00
 0.00000000E+00
 0.00000000E+00
 0.00000000E+00
 0.00000000E+00
 0.00000000E+00
 0.00000000E+00
 0.00000000E+00
 0.00000000E+00
 0.00000000E+00
 0.00000000E+00
 0.00000000E+00
 8.66318773E-01
 7.73582952E-01
 7.00458054E-01
 6.29184256E-01
 5.76590190E-01
 5.24070317E-01
 4.71624530E-01
 4.22738792E-01
 3.90706715E-01
 3.58719889E-01
 3.26778246E-01
 2.94881717E-01
 2.63030232E-01
 2.31223723E-01
 1.99462119E-01
 1.74677785E-01
 1.63153839E-01
 1.51646299E-01
 1.40155134E-01
 1.28680316E-01
 1.17221813E-01
 1.05779596E-01
 9.43536346E-02
 8.29438759E-02
 7.15502905E-02
 6.01728672E-02
 4.88115743E-02
 3.74663799E-02
 2.61372520E-02
 1.48241581E-02
 3.52706546E-03
 1.10302543E-06
 2.54823389E-06
 3.81023060E-06
 4.89581646E-06
 5.81185216E-06
 6.56525879E-06
 7.16301854E-06
 7.61217540E-06
 7.91983584E-06
 8.09316955E-06
 8.13941011E-06
 8.06585578E-06
 7.87987019E-06
 7.58888312E-06
 7.20039124E-06
 6.73489410E-06
 6.58778473E-06
 6.36549702E-06
 6.07580416E-06
 5.72655023E-06
 5.32565101E-06
 4.88109483E-06
 4.40094342E-06
 3.89333275E-06
 3.36647395E-06
 2.82865416E-06
 2.28823745E-06
 1.75366573E-06
 1.23345970E-06
 7.36219755E-07
 2.70626958E-07
 4.89254862E-07
 1.75687186E-06
 2.96508340E-06
 4.10487859E-06
 5.16716087E-06
 6.14274702E-06
 7.02236607E-06
 7.79665823E-06
 8.45617379E-06
 8.99137203E-06
 9.39262007E-06
 9.65019178E-06
 9.75426654E-06
 9.69492813E-06
 9.46216352E-06
 9.04586163E-06
 9.74317080E-06
 1.07458837E-05
 1.15316722E-05
 1.20900270E-05
 1.24103342E-05
 1.24818743E-05
 1.22938207E-05
 1.18352387E-05
 1.14061897E-05
 1.07221751E-05
 9.73369603E-06
 8.42937125E-06
 6.79770389E-06
 4.82708003E-06
 2.50576716E-06
 2.87628604E-07
 4.67545157E-06
 8.66677409E-06
 1.22494021E-05
 1.54110151E-05
 1.81391646E-05
 2.04212725E-05
 2.22446291E-05
 2.38767479E-05
 2.59391553E-05
 2.75023055E-05
 2.85529498E-05
 2.90776987E-05
 2.90630206E-05
 2.84952390E-05
 2.73605313E-05
 2.74554582E-05
 2.95974548E-05
 3.11243807E-05
 3.20218263E-05
 3.22752255E-05
 3.18698535E-05
 3.07908242E-05
 2.90230880E-05
 2.75800498E-05
 2.61665205E-05
 2.40158577E-05
 2.11123432E-05
 1.74400837E-05
 1.29830081E-05
 7.72486495E-06
 1.64921973E-06
 6.81802206E-06
 1.51442824E-05
 2.25823424E-05
 2.91150906E-05
 3.48408336E-05
 3.96489828E-05
 4.34991262E-05
 4.63733523E-05
 5.01653858E-05
 5.31045980E-05
 5.50103345E-05
 5.58690364E-05
 5.63154179E-05
 5.56705920E-05
 5.39151411E-05
 5.17936385E-05
 5.59040096E-05
 5.88341826E-05
 6.05638437E-05
 6.11409181E-05
 6.07884858E-05
 5.91726584E-05
 5.62721229E-05
 5.28367129E-05
 5.02037000E-05
 4.62170044E-05
 4.08542657E-05
 3.42468219E-05
 2.65014280E-05
 1.73107149E-05
 6.65119003E-06
 1.41727855E-04
 4.64299782E-04
 7.84939829E-04
 1.10362557E-03
 1.42059627E-03
 1.73580503E-03
 1.66202657E-03
 1.40242300E-03
 1.23659254E-03
 1.13082482E-03
 1.02492440E-03
 9.19128243E-04
 8.23894853E-04
 7.33290118E-04
 6.47771961E-04
 5.64057011E-04
 5.18520933E-04
 4.83674970E-04
 4.42287400E-04
 4.12929059E-04
 3.79137314E-04
 3.44291509E-04
 3.09322750E-04
 2.74469364E-04
 2.39618254E-04
 2.04767266E-04
 1.69916291E-04
 1.35065301E-04
 1.00213662E-04
 6.53620349E-05
 3.05104200E-05
 1.55780168E-08
 4.25854862E-07
 2.05730154E-08
 2.30871307E-08
 2.56128766E-08
 2.81489683E-08
 3.06974344E-08
 3.32586587E-08
 3.58307717E-08
 3.84111426E-08
 4.10042386E-08
 4.36104306E-08
 4.62299019E-08
 4.88628027E-08
 5.15087662E-08
 5.41682142E-08
 5.70668306E-08
 6.02345850E-08
 6.34160319E-08
 6.66113760E-08
 6.98205291E-08
 7.30436103E-08
 7.62808452E-08
 7.95323953E-08
 8.27981534E-08
 8.60783012E-08
 8.93730424E-08
 9.26822692E-08
 9.60061449E-08
 9.93451810E-08
 1.02698696E-07
 1.06067456E-07
 1.09195322E-07
 8.37428045E-09
 7.63275656E-09
 6.88744732E-09
 6.13797062E-09
 5.38463892E-09
 4.62733778E-09
 3.86601612E-09
 3.10068014E-09
 2.33152796E-09
 1.55788638E-09
 7.80026873E-10
 1.82112148E-12
 7.87984678E-10
 1.57823674E-09
 2.37293986E-09
 3.17154371E-09
 3.97505179E-09
 4.78256670E-09
 5.59481008E-09
 6.41113840E-09
 7.23198363E-09
 8.05743493E-09
 8.88752078E-09
 9.72230404E-09
 1.05615684E-08
 1.14057126E-08
 1.22540225E-08
 1.31073335E-08
 1.39653983E-08
 1.48286297E-08
 1.65896358E-08
 1.92489328E-08
 2.19132081E-08
 2.45826340E-08
 2.72568124E-08
 2.99362773E-08
 3.26207028E-08
 3.53101537E-08
 3.80051053E-08
 4.07048884E-08
 4.34103583E-08
 4.61212151E-08
 4.88371221E-08
 5.15586048E-08
 5.42857379E-08
 5.70181867E-08
 5.97565249E-08
 6.25003309E-08
 6.52493290E-08
 6.80045038E-08
 7.07654689E-08
 7.35323490E-08
 7.63052312E-08
 7.90837995E-08
 8.18681760E-08
 8.46593162E-08
 8.74559925E-08
 9.02592517E-08
 9.30682622E-08
 9.58840485E-08
 9.87062939E-08
 1.01534659E-07
 1.04369674E-07
 1.07211535E-07
 1.10059773E-07
 1.12914670E-07
 1.15776194E-07
 1.18645081E-07
 1.21520411E-07
 1.24402829E-07
 1.27293007E-07
 1.30189502E-07
 1.33093992E-07
 1.36005165E-07
 1.38924069E-07
 1.41850409E-07
 1.44784356E-07
 1.47725940E-07
 1.50674910E-07
 1.53632403E-07
 1.56597600E-07
 1.59570520E-07
 1.62551949E-07
 1.65541538E-07
 1.68539925E-07
 1.71546259E-07
 1.74561187E-07
 1.77584964E-07
 1.80617075E-07
 1.83658976E-07
 1.86709052E-07
 1.89768672E-07
 1.92837424E-07
 1.95916062E-07
 1.99003690E-07
 2.02101024E-07
 2.05208286E-07
 2.08325735E-07
 2.11453429E-07
 2.14591134E-07
 2.17739036E-07
 2.20897886E-07
 2.24067334E-07
 2.27247638E-07
 2.30439583E-07
 2.33642235E-07
 2.36856976E-07
 2.40082919E-07
 2.43320823E-07
 1.27203554E-07
 1.29321481E-07
 1.31442877E-07
 1.33567075E-07
 1.35694884E-07
 1.37825679E-07
 1.39960774E-07
 1.42098377E-07
 1.44240432E-07
 1.46385118E-07
 1.48534487E-07
 1.50687210E-07
 1.52843422E-07
 1.55003847E-07
 1.57168654E-07
 1.59337128E-07
 1.61510081E-07
 1.63686938E-07
 1.65869156E-07
 1.68054700E-07
 1.70245805E-07
 1.72441815E-07
 1.74642137E-07
 1.76848356E-07
 1.79059026E-07
 1.81274966E-07
 1.83497167E-07
 1.85724809E-07
 1.87958090E-07
 1.90197055E-07
 1.92443425E-07
 1.94695678E-07
 1.96953950E-07
 1.99219924E-07
 2.01492912E-07
 2.03773862E-07
 2.06062073E-07
 7.63139421E-08
 5.78869076E-08
 4.69644722E-08
 3.90531437E-08
 3.28826820E-08
 2.78757540E-08
 2.37164014E-08
 2.02090316E-08
 1.72207347E-08
 1.38346662E-08
 8.33085486E-09
 1.22274674E-07
 1.19854826E-07
 1.17494978E-07
 1.15186535E-07
 1.12924297E-07
 1.10705763E-07
 1.08524578E-07
 1.06378695E-07
 1.04264331E-07
 1.02180324E-07
 1.00123804E-07
 9.80923767E-08
 9.60852323E-08
 9.41000796E-08
 9.21368147E-08
 9.01932856E-08
 8.82683376E-08
 8.63615855E-08
 8.44722142E-08
 8.25990823E-08
 8.07408688E-08
 7.88985552E-08
 7.70700273E-08
 7.52555577E-08
 7.34540532E-08
 7.16668041E-08
 6.98906731E-08
 6.81274752E-08
 6.63757332E-08
 6.46352787E-08
 6.29066274E-08
 6.11893617E-08
 5.94825768E-08
 5.77865193E-08
 5.61001016E-08
 5.44249372E-08
 5.27598527E-08
 5.11042761E-08
 4.94591898E-08
 4.78231335E-08
 4.61978380E-08
 4.45810428E-08
 4.29751957E-08
 4.13787619E-08
 3.97918440E-08
 3.82144753E-08
 3.66474877E-08
 3.50900666E-08
 3.35431324E-08
 3.20050046E-08
 3.04781602E-08
 2.89610453E-08
 2.74534703E-08
 2.59582975E-08
 2.44726665E-08
 2.29976625E-08
 2.15341728E-08
 2.00831958E-08
 1.86419335E-08
 1.72142991E-08
 1.57985370E-08
 1.71865828E-08
 2.02623562E-08
 2.33513143E-08
 2.64548809E-08
 2.95732695E-08
 3.27056955E-08
 3.58548192E-08
 3.90198750E-08
 4.22025293E-08
 4.54035379E-08
 4.86223670E-08
 5.18609067E-08
 5.51215630E-08
 5.84027463E-08
 6.17083563E-08
 6.50377938E-08
 6.83935683E-08
 7.17766664E-08
 7.51893473E-08
 7.86334347E-08
 8.21109880E-08
 8.56245461E-08
 8.91779217E-08
 9.27723737E-08
 9.64110938E-08
 1.00099139E-07
 1.03840582E-07
 1.09475166E-08
 4.22482469E-09
 2.77122641E-09
 1.00692773E-08
 9.97657249E-03
 4.19015556E-02
 7.38265388E-02
 1.05751522E-01
 1.37676505E-01
 1.69601489E-01
 2.01526472E-01
 2.33451456E-01
 2.75253449E-01
 3.27569680E-01
 3.79885909E-01
 4.32202139E-01
 4.96147789E-01
 5.68855455E-01
 6.54069182E-01
 0.00000000E+00
 0.00000000E+00
 0.00000000E+00
 0.00000000E+00
 0.00000000E+00
 0.00000000E+00
 0.00000000E+00
 0.00000000E+00
 0.00000000E+00
 0.00000000E+00
 0.00000000E+00
 0.00000000E+00
 0.00000000E+00
 0.00000000E+00
 0.00000000E+00
 0.00000000E+00
 8.46107610E-01
 7.41340329E-01
 6.60096886E-01
 5.81065586E-01
 5.24440724E-01
 4.67895747E-01
 4.11430544E-01
 3.59228265E-01
 3.27241197E-01
 2.95299337E-01
 2.63402618E-01
 2.31550970E-01
 1.99744324E-01
 1.67982610E-01
 1.36265757E-01
 1.12912586E-01
 1.05462821E-01
 9.80237589E-02
 9.05953798E-02
 8.31776618E-02
 7.57705833E-02
 6.83741227E-02
 6.09882581E-02
 5.36129416E-02
 4.62481525E-02
 3.88938927E-02
 3.15501393E-02
 2.42168695E-02
 1.68940603E-02
 9.58168839E-03
 2.27973038E-03
 1.07548875E-06
 2.48071470E-06
 3.70267117E-06
 4.74815821E-06
 5.62403561E-06
 6.33722359E-06
 6.89470342E-06
 7.30351820E-06
 7.57077346E-06
 7.70363796E-06
 7.70934436E-06
 7.59518993E-06
 7.36853736E-06
 7.03681545E-06
 6.60751987E-06
 6.10373615E-06
 5.99840629E-06
 5.81771164E-06
 5.56942457E-06
 5.26138833E-06
 4.90151787E-06
 4.49780067E-06
 4.05829759E-06
 3.59114375E-06
 3.10454937E-06
 2.60680071E-06
 2.10626093E-06
 1.61137103E-06
 1.13065078E-06
 6.72699612E-07
 2.46197657E-07
 4.12798788E-07
 1.47656367E-06
 2.48135017E-06
 3.41814789E-06
 4.27786081E-06
 5.05130623E-06
 5.72921371E-06
 6.30222400E-06
 6.76088796E-06
 7.09566543E-06
 7.29692412E-06
 7.35493846E-06
 7.25988844E-06
 7.00185845E-06
 6.57083607E-06
 5.95671085E-06
 6.71809571E-06
 7.88720929E-06
 8.83934427E-06
 9.56399308E-06
 1.00505438E-05
 1.02882789E-05
 1.02663740E-05
 9.97389606E-06
 9.77312795E-06
 9.32490631E-06
 8.57208852E-06
 7.50329568E-06
 6.10703334E-06
 4.37169001E-06
 2.28553565E-06
 2.42466171E-07
 3.90637009E-06
 7.17493191E-06
 1.00359565E-05
 1.24771222E-05
 1.44859795E-05
 1.60499491E-05
 1.71563201E-05
 1.81286746E-05
 1.97154344E-05
 2.08037723E-05
 2.13804396E-05
 2.14320467E-05
 2.09450616E-05
 1.99058079E-05
 1.83004629E-05
 1.82876811E-05
 2.08512032E-05
 2.27993331E-05
 2.41176653E-05
 2.47916376E-05
 2.48065289E-05
 2.41474573E-05
 2.27993771E-05
 2.19814143E-05
 2.13424243E-05
 1.99655565E-05
 1.78350989E-05
 1.49351640E-05
 1.12496868E-05
 6.76242209E-06
 1.45694158E-06
 5.74170023E-06
 1.26344851E-05
 1.86411493E-05
 2.37445768E-05
 2.80661913E-05
 3.14767839E-05
 3.39313972E-05
 3.54121149E-05
 3.81950114E-05
 4.01590070E-05
 4.10910214E-05
 4.09785317E-05
 4.05869812E-05
 3.91055469E-05
 3.65148095E-05
 3.37121787E-05
 3.86190868E-05
 4.23451282E-05
 4.48699964E-05
 4.62553206E-05
 4.67729642E-05
 4.60264832E-05
 4.39945732E-05
 4.15813515E-05
 4.03959088E-05
 3.78553972E-05
 3.39374686E-05
 2.88042678E-05
 2.25884967E-05
 1.49259684E-05
 5.79320463E-06
 1.27387409E-04
 4.17208473E-04
 7.05136089E-04
 9.91147616E-04
 1.27553448E-03
 1.55824479E-03
 1.51431405E-03
 1.22212581E-03
 1.04243048E-03
 9.34805358E-04
 8.27049971E-04
 7.19396276E-04
 6.24417010E-04
 5.34991732E-04
 4.51669913E-04
 3.70511783E-04
 3.35165089E-04
 3.12645629E-04
 2.82276779E-04
 2.66341987E-04
 2.45087472E-04
 2.22568164E-04
 1.99925981E-04
 1.77399051E-04
 1.54874848E-04
 1.32350791E-04
 1.09826746E-04
 8.73026807E-05
 6.47778343E-05
 4.22529999E-05
 1.97281778E-05
 1.92764428E-08
 5.10928741E-07
 2.42224729E-08
 2.67118144E-08
 2.92130342E-08
 3.17237462E-08
 3.42472086E-08
 3.67835813E-08
 3.93303445E-08
 4.18843286E-08
 4.44514119E-08
 4.70317787E-08
 4.96250587E-08
 5.22321660E-08
 5.48525158E-08
 5.74862510E-08
 6.04043859E-08
 6.36429008E-08
 6.68953147E-08
 7.01612494E-08
 7.34416789E-08
 7.67359716E-08
 8.00442957E-08
 8.33671122E-08
 8.67043174E-08
 9.00558247E-08
 9.34223762E-08
 9.68033120E-08
 1.00199086E-07
 1.03609632E-07
 1.07035422E-07
 1.10476356E-07
 1.13624751E-07
 4.51466243E-09
 3.77921720E-09
 3.03931038E-09
 2.29610160E-09
 1.54868031E-09
 7.96891612E-10
 4.13757992E-11
 7.18234779E-10
 1.48206394E-09
 2.25008657E-09
 3.02207407E-09
 3.79843613E-09
 4.57919821E-09
 5.36407590E-09
 6.15320598E-09
 6.94658084E-09
 7.74425358E-09
 8.54668352E-09
 9.35355552E-09
 1.01645958E-08
 1.09802469E-08
 1.18005322E-08
 1.26255759E-08
 1.34550156E-08
 1.42889965E-08
 1.51278865E-08
 1.59714385E-08
 1.68197172E-08
 1.76731591E-08
 1.85310758E-08
 2.02981930E-08
 2.29745106E-08
 2.56559765E-08
 2.83422032E-08
 3.10333197E-08
 3.37297901E-08
 3.64316886E-08
 3.91383565E-08
 4.18505980E-08
 4.45677111E-08
 4.72902076E-08
 5.00186137E-08
 5.27517289E-08
 5.54909123E-08
 5.82354469E-08
 6.09857939E-08
 6.37412598E-08
 6.65027747E-08
 6.92695633E-08
 7.20425740E-08
 7.48214963E-08
 7.76060188E-08
 8.03962204E-08
 8.31930824E-08
 8.59958038E-08
 8.88045531E-08
 9.16193796E-08
 9.44404577E-08
 9.72678450E-08
 1.00101677E-07
 1.02942052E-07
 1.05789116E-07
 1.08642020E-07
 1.11502340E-07
 1.14368740E-07
 1.17242772E-07
 1.20122701E-07
 1.23010089E-07
 1.25904517E-07
 1.28805645E-07
 1.31713671E-07
 1.34629676E-07
 1.37552769E-07
 1.40483167E-07
 1.43420985E-07
 1.46366301E-07
 1.49319385E-07
 1.52279790E-07
 1.55248168E-07
 1.58225193E-07
 1.61209549E-07
 1.64202394E-07
 1.67202727E-07
 1.70211933E-07
 1.73229569E-07
 1.76255826E-07
 1.79290803E-07
 1.82334251E-07
 1.85386270E-07
 1.88447579E-07
 1.91518405E-07
 1.94597806E-07
 1.97687060E-07
 2.00785276E-07
 2.03893748E-07
 2.07011525E-07
 2.10139443E-07
 2.13277020E-07
 2.16425171E-07
 2.19583475E-07
 2.22752684E-07
 2.25931881E-07
 2.29122508E-07
 2.32324149E-07
 2.35537026E-07
 2.38760774E-07
 2.41996182E-07
 2.45243606E-07
 1.29454635E-07
 1.31582741E-07
 1.33713636E-07
 1.35848593E-07
 1.37985859E-07
 1.40127394E-07
 1.42271291E-07
 1.44419604E-07
 1.46570405E-07
 1.48725918E-07
 1.50884617E-07
 1.53046711E-07
 1.55212980E-07
 1.57382804E-07
 1.59556900E-07
 1.61734778E-07
 1.63917034E-07
 1.66103910E-07
 1.68294687E-07
 1.70490196E-07
 1.72690621E-07
 1.74895148E-07
 1.77104714E-07
 1.79318657E-07
 1.81538557E-07
 1.83763691E-07
 1.85994322E-07
 1.88229610E-07
 1.90471286E-07
 1.92718676E-07
 1.94972569E-07
 1.97232441E-07
 1.99499029E-07
 2.01772555E-07
 2.04052258E-07
 2.06339901E-07
 2.08635589E-07
 2.10938541E-07
 8.35591730E-08
 6.31586203E-08
 5.16566983E-08
 4.34332830E-08
 3.70570246E-08
 3.19025888E-08
 2.76303609E-08
 2.40313897E-08
 2.09688199E-08
 1.75162931E-08
 1.19445236E-08
 1.26498634E-07
 1.24059639E-07
 1.21681790E-07
 1.19356789E-07
 1.17079524E-07
 1.14845931E-07
 1.12650619E-07
 1.10490749E-07
 1.08363517E-07
 1.06266856E-07
 1.04198140E-07
 1.02155314E-07
 1.00137286E-07
 9.81412320E-08
 9.61676259E-08
 9.42133145E-08
 9.22781758E-08
 9.03619543E-08
 8.84621251E-08
 8.65792315E-08
 8.47126796E-08
 8.28605155E-08
 8.10242087E-08
 7.92003684E-08
 7.73910783E-08
 7.55944985E-08
 7.38105929E-08
 7.20393226E-08
 7.02799805E-08
 6.85317448E-08
 6.67956227E-08
 6.50700497E-08
 6.33560666E-08
 6.16519669E-08
 5.99585944E-08
 5.82763303E-08
 5.66039882E-08
 5.49416689E-08
 5.32896874E-08
 5.16473321E-08
 5.00147952E-08
 4.83921251E-08
 4.67795195E-08
 4.51769738E-08
 4.35838247E-08
 4.20008281E-08
 4.04274366E-08
 3.88642386E-08
 3.73105934E-08
 3.57673714E-08
 3.42336421E-08
 3.27111799E-08
 3.11991870E-08
 2.96967789E-08
 2.82066401E-08
 2.67270071E-08
 2.52579516E-08
 2.38013241E-08
 2.23563324E-08
 2.09229798E-08
 1.95024149E-08
 2.09031502E-08
 2.40030457E-08
 2.71151239E-08
 3.02417720E-08
 3.33832872E-08
 3.65399999E-08
 3.97134146E-08
 4.29028720E-08
 4.61089296E-08
 4.93345411E-08
 5.25781148E-08
 5.58415352E-08
 5.91265177E-08
 6.24335593E-08
 6.57631869E-08
 6.91189170E-08
 7.24997881E-08
 7.59090222E-08
 7.93474440E-08
 8.28182844E-08
 8.63222436E-08
 8.98633849E-08
 9.34432846E-08
 9.70646945E-08
 1.00732658E-07
 1.04448902E-07
 1.08218474E-07
 1.12047378E-07
 6.63852965E-10
 6.38340834E-09
 1.37349009E-08
 9.97587965E-03
 4.18986338E-02
 7.38213880E-02
 1.05744142E-01
 1.37666897E-01
 1.69589651E-01
 2.01512406E-01
 2.33435160E-01
 2.77209499E-01
 3.33600040E-01
 3.89990581E-01
 4.46381121E-01
 5.16726003E-01
 5.97584551E-01
 6.93449328E-01
 0.00000000E+00
 0.00000000E+00
 0.00000000E+00
 0.00000000E+00
 0.00000000E+00
 0.00000000E+00
 0.00000000E+00
 0.00000000E+00
 0.00000000E+00
 0.00000000E+00
 0.00000000E+00
 0.00000000E+00
 0.00000000E+00
 0.00000000E+00
 0.00000000E+00
 0.00000000E+00
 8.25896597E-01
 7.09097948E-01
 6.19736022E-01
 5.32947280E-01
 4.72291653E-01
 4.11721606E-01
 3.51237019E-01
 2.95718225E-01
 2.63776167E-01
 2.31879275E-01
 2.00027480E-01
 1.68220715E-01
 1.36458909E-01
 1.04741991E-01
 7.30698915E-02
 5.11478731E-02
 4.77722579E-02
 4.44016444E-02
 4.10360199E-02
 3.76753714E-02
 3.43196858E-02
 3.09689500E-02
 2.76231507E-02
 2.42822446E-02
 2.09462200E-02
 1.76150915E-02
 1.42888454E-02
 1.09674677E-02
 7.65094457E-03
 4.33926188E-03
 1.03240543E-03
 1.04817346E-06
 2.41341850E-06
 3.59533634E-06
 4.60072619E-06
 5.43644694E-06
 6.10941791E-06
 6.62661950E-06
 6.99509387E-06
 7.22194565E-06
 7.31434266E-06
 7.27951661E-06
 7.12476384E-06
 6.85744605E-06
 6.48499106E-06
 6.01489358E-06
 5.47282505E-06
 5.40927580E-06
 5.27017531E-06
 5.06329515E-06
 4.79647774E-06
 4.47763718E-06
 4.11476011E-06
 3.71590653E-06
 3.28921069E-06
 2.84288192E-06
 2.38520560E-06
 1.92454398E-06
 1.46933714E-06
 1.02810390E-06
 6.09442786E-07
 2.22032949E-07
 3.36077409E-07
 1.19599042E-06
 1.99735211E-06
 2.73115261E-06
 3.38829640E-06
 3.95960130E-06
 4.43579743E-06
 4.80752607E-06
 5.06533864E-06
 5.19969554E-06
 5.20096507E-06
 5.05942223E-06
 4.76524761E-06
 4.30852622E-06
 3.67924624E-06
 2.86729786E-06
 3.69275595E-06
 5.02826676E-06
 6.14674464E-06
 7.03768389E-06
 7.69047459E-06
 8.09440117E-06
 8.23864112E-06
 8.11226359E-06
 8.13977204E-06
 7.92733889E-06
 7.41017785E-06
 6.57691239E-06
 5.41605046E-06
 3.91598302E-06
 2.06498247E-06
 1.96977974E-07
 3.13696828E-06
 5.68277488E-06
 7.82220147E-06
 9.54292543E-06
 1.08324961E-05
 1.16783329E-05
 1.20677240E-05
 1.23803193E-05
 1.34914344E-05
 1.41049632E-05
 1.42076565E-05
 1.37861248E-05
 1.28268359E-05
 1.13161133E-05
 9.24013398E-06
 9.11964255E-06
 1.21046830E-05
 1.44740098E-05
 1.62132215E-05
 1.73077595E-05
 1.77429069E-05
 1.75037855E-05
 1.65753541E-05
 1.63824565E-05
 1.65179940E-05
 1.59149094E-05
 1.45574966E-05
 1.24298741E-05
 9.51598316E-06
 5.79958448E-06
 1.26425621E-06
 4.66497880E-06
 1.01243027E-05
 1.46995857E-05
 1.83737070E-05
 2.12912076E-05
 2.33042581E-05
 2.43633558E-05
 2.44505799E-05
 2.62243494E-05
 2.72131379E-05
 2.71714401E-05
 2.60877684E-05
 2.48582941E-05
 2.25402596E-05
 1.91142439E-05
 1.56304911E-05
 2.13339231E-05
 2.58558193E-05
 2.91758812E-05
 3.13694415E-05
 3.27571462E-05
 3.28799966E-05
 3.17166971E-05
 3.03256462E-05
 3.05877504E-05
 2.94933990E-05
 2.70202567E-05
 2.33612744E-05
 1.86751003E-05
 1.25407311E-05
 4.93470225E-06
 1.13046634E-04
 3.70117302E-04
 6.25332958E-04
 8.78670744E-04
 1.13047426E-03
 1.38068660E-03
 1.36661209E-03
 1.04184383E-03
 8.48285563E-04
 7.38803304E-04
 6.29193234E-04
 5.19682261E-04
 4.24957082E-04
 3.36711097E-04
 2.55585308E-04
 1.76983641E-04
 1.51824907E-04
 1.41630227E-04
 1.22278557E-04
 1.19765439E-04
 1.11046403E-04
 1.00851871E-04
 9.05345472E-05
 8.03323500E-05
 7.01333331E-05
 5.99344839E-05
 4.97356467E-05
 3.95367841E-05
 2.93370078E-05
 1.91372440E-05
 8.93749248E-06
 1.30245768E-08
 6.05940034E-07
 1.79218878E-08
 2.03869419E-08
 2.28634072E-08
 2.53489765E-08
 2.78476889E-08
 3.03589773E-08
 3.28804146E-08
 3.54084883E-08
 3.79495840E-08
 4.05038667E-08
 4.30717188E-08
 4.56530590E-08
 4.82475300E-08
 5.08560726E-08
 5.37937483E-08
 5.71030379E-08
 6.04261417E-08
 6.37634472E-08
 6.71149092E-08
 7.04803903E-08
 7.38600818E-08
 7.72544434E-08
 8.06630925E-08
 8.40862262E-08
 8.75242981E-08
 9.09772278E-08
 9.44448920E-08
 9.79278412E-08
 1.01425588E-07
 1.04938711E-07
 1.13289512E-08
 1.06030182E-08
 9.87355541E-09
 9.13987788E-09
 8.40195313E-09
 7.66031570E-09
 6.91428735E-09
 6.16450346E-09
 5.41049961E-09
 4.65197282E-09
 3.88977310E-09
 3.12322545E-09
 2.35258225E-09
 1.57748611E-09
 7.98163707E-10
 1.42521686E-11
 7.73995996E-10
 1.56628519E-09
 2.36339042E-09
 3.16499406E-09
 3.97088410E-09
 4.78138766E-09
 5.59664882E-09
 6.41597588E-09
 7.24054388E-09
 8.06968814E-09
 8.90347047E-09
 9.74197693E-09
 1.05856497E-08
 1.14338326E-08
 1.22869657E-08
 1.40598607E-08
 1.67533800E-08
 1.94516995E-08
 2.21553022E-08
 2.48638374E-08
 2.75774346E-08
 3.02961330E-08
 3.30200708E-08
 3.57492824E-08
 3.84842523E-08
 4.12243114E-08
 4.39695331E-08
 4.67208158E-08
 4.94769984E-08
 5.22390221E-08
 5.50069734E-08
 5.77801617E-08
 6.05594444E-08
 6.33441226E-08
 6.61347058E-08
 6.89313230E-08
 7.17340253E-08
 7.45420898E-08
 7.73569410E-08
 8.01772868E-08
 8.30041977E-08
 8.58373599E-08
 8.86763250E-08
 9.15222303E-08
 9.43746757E-08
 9.72328685E-08
 1.00097840E-07
 1.02969737E-07
 1.05848188E-07
 1.08733345E-07
 1.11625312E-07
 1.14524195E-07
 1.17430198E-07
 1.20343386E-07
 1.23263425E-07
 1.26190423E-07
 1.29125097E-07
 1.32066961E-07
 1.35016237E-07
 1.37973090E-07
 1.40937598E-07
 1.43909939E-07
 1.46889764E-07
 1.49877785E-07
 1.52873502E-07
 1.55877735E-07
 1.58889497E-07
 1.61910061E-07
 1.64938527E-07
 1.67976091E-07
 1.71021907E-07
 1.74076672E-07
 1.77139933E-07
 1.80211942E-07
 1.83293487E-07
 1.86384105E-07
 1.89484017E-07
 1.92593446E-07
 1.95711922E-07
 1.98840313E-07
 2.01978745E-07
 2.05127460E-07
 2.08285506E-07
 2.11454263E-07
 2.14633326E-07
 2.17823505E-07
 2.21023887E-07
 2.24235235E-07
 2.27457812E-07
 2.30691847E-07
 2.33936911E-07
 2.37193927E-07
 2.40463075E-07
 1.23873437E-07
 1.26015217E-07
 1.28159185E-07
 1.30307449E-07
 1.32457954E-07
 1.34612769E-07
 1.36770068E-07
 1.38931833E-07
 1.41096141E-07
 1.43264516E-07
 1.45436897E-07
 1.47612732E-07
 1.49792092E-07
 1.51975773E-07
 1.54163789E-07
 1.56354918E-07
 1.58551289E-07
 1.60751610E-07
 1.62955884E-07
 1.65164951E-07
 1.67378997E-07
 1.69597275E-07
 1.71821441E-07
 1.74049273E-07
 1.76283138E-07
 1.78522370E-07
 1.80766305E-07
 1.83016561E-07
 1.85272562E-07
 1.87533532E-07
 1.89801975E-07
 1.92076404E-07
 1.94356865E-07
 1.96645110E-07
 1.98939689E-07
 2.01241442E-07
 2.03551309E-07
 2.05868613E-07
 8.16036721E-08
 5.85887482E-08
 4.64472851E-08
 3.78912649E-08
 3.13000987E-08
 2.59909342E-08
 2.16012489E-08
 1.79093187E-08
 1.47703366E-08
 1.12497011E-08
 5.60693832E-09
 1.20771867E-07
 1.18314703E-07
 1.15918949E-07
 1.13576873E-07
 1.11283835E-07
 1.09035042E-07
 1.06825116E-07
 1.04651517E-07
 1.02511972E-07
 1.00402068E-07
 9.83214928E-08
 9.62672944E-08
 9.42371076E-08
 9.22306054E-08
 9.02459958E-08
 8.82812433E-08
 8.63363709E-08
 8.44099401E-08
 8.25005817E-08
 8.06083958E-08
 7.87321534E-08
 7.68716362E-08
 7.50255524E-08
 7.31934352E-08
 7.13748629E-08
 6.95704954E-08
 6.77786779E-08
 6.59991333E-08
 6.42307340E-08
 6.24756262E-08
 6.07311473E-08
 5.89983044E-08
 5.72768977E-08
 5.55657666E-08
 5.38652799E-08
 5.21756732E-08
 5.04957759E-08
 4.88263911E-08
 4.71671943E-08
 4.55189538E-08
 4.38795910E-08
 4.22507846E-08
 4.06310822E-08
 3.90220700E-08
 3.74223873E-08
 3.58334694E-08
 3.42540429E-08
 3.26847563E-08
 3.11249138E-08
 2.95761473E-08
 2.80377078E-08
 2.65095911E-08
 2.49910306E-08
 2.34845536E-08
 2.19885428E-08
 2.05030170E-08
 1.90289029E-08
 1.75672215E-08
 1.61170292E-08
 1.46795330E-08
 1.32538713E-08
 1.46677767E-08
 1.77902808E-08
 2.09260521E-08
 2.40764447E-08
 2.72416729E-08
 3.04232118E-08
 3.36193827E-08
 3.68327798E-08
 4.00639756E-08
 4.33124672E-08
 4.65813595E-08
 4.98703462E-08
 5.31791753E-08
 5.65114928E-08
 5.98672630E-08
 6.32466689E-08
 6.66540807E-08
 7.00888140E-08
 7.35537762E-08
 7.70507248E-08
 8.05819341E-08
 8.41500224E-08
 8.77565159E-08
 9.14058074E-08
 9.51014899E-08
 9.88460971E-08
 1.02644702E-07
 1.06502659E-07
 7.06063971E-09
 3.93349030E-11
 7.44378253E-09
 9.97517705E-03
 4.18957029E-02
 7.38162288E-02
 1.05736755E-01
 1.37657281E-01
 1.69577807E-01
 2.01498333E-01
 2.33418859E-01
 2.79165268E-01
 3.39629551E-01
 4.00093834E-01
 4.60558116E-01
 5.37301337E-01
 6.26309629E-01
 7.32823969E-01
 0.00000000E+00
 0.00000000E+00
 0.00000000E+00
 0.00000000E+00
 0.00000000E+00
 0.00000000E+00
 0.00000000E+00
 0.00000000E+00
 0.00000000E+00
 0.00000000E+00
 0.00000000E+00
 0.00000000E+00
 0.00000000E+00
 0.00000000E+00
 0.00000000E+00
 0.00000000E+00
 8.06386365E-01
 6.78256078E-01
 5.81474386E-01
 4.87625931E-01
 4.23636257E-01
 3.59736875E-01
 2.95927658E-01
 2.37786122E-01
 2.06581840E-01
 1.75421706E-01
 1.44305653E-01
 1.13233612E-01
 8.22055149E-02
 5.12212929E-02
 2.02808761E-02
 6.61004004E-07
 2.39324588E-06
 3.84570412E-06
 5.02429884E-06
 5.93500019E-06
 6.58382897E-06
 6.97685711E-06
 7.12020826E-06
 7.05429196E-06
 6.78319175E-06
 6.28100857E-06
 5.55407878E-06
 4.60879331E-06
 3.45159833E-06
 2.08899581E-06
 5.27544149E-07
 1.02085629E-06
 2.34612052E-06
 3.48799988E-06
 4.45329267E-06
 5.24885692E-06
 5.88161108E-06
 6.35853461E-06
 6.68666879E-06
 6.87311733E-06
 6.92504709E-06
 6.84968887E-06
 6.65433802E-06
 6.34635531E-06
 5.93316757E-06
 5.42226851E-06
 4.84191551E-06
 4.82014651E-06
 4.72263984E-06
 4.55716625E-06
 4.33156735E-06
 4.05375639E-06
 3.73171917E-06
 3.37351482E-06
 2.98727672E-06
 2.58121333E-06
 2.16360912E-06
 1.74282544E-06
 1.32730146E-06
 9.25555065E-07
 5.46183837E-07
 1.97865974E-07
 2.72440885E-07
 9.63355819E-07
 1.59609876E-06
 2.16166043E-06
 2.65094596E-06
 3.05477379E-06
 3.36387469E-06
 3.56889059E-06
 3.66037358E-06
 3.62878474E-06
 3.46449304E-06
 3.15777420E-06
 2.69880952E-06
 2.07768471E-06
 1.28438870E-06
 3.08812421E-07
 1.18288761E-06
 2.64996286E-06
 3.89999794E-06
 4.92248898E-06
 5.70682786E-06
 6.24230087E-06
 6.51808737E-06
 6.52325841E-06
 6.74453738E-06
 6.73343289E-06
 6.41751494E-06
 5.78540925E-06
 4.82562605E-06
 3.52655860E-06
 1.87648165E-06
 1.57967038E-07
 2.47756063E-06
 4.40399148E-06
 5.92506259E-06
 7.02845062E-06
 7.70170417E-06
 7.93224209E-06
 7.70735173E-06
 7.46275058E-06
 8.20064744E-06
 8.44165917E-06
 8.17253702E-06
 7.37989168E-06
 6.05019134E-06
 4.16975979E-06
 1.72477438E-06
 1.51478736E-06
 4.81789589E-06
 7.50510466E-06
 9.56201535E-06
 1.09740731E-05
 1.17265643E-05
 1.18046144E-05
 1.11931856E-05
 1.15228375E-05
 1.23305169E-05
 1.23989614E-05
 1.17124702E-05
 1.02551677E-05
 8.01100048E-06
 4.96373505E-06
 1.09695528E-06
 3.73915414E-06
 7.96598562E-06
 1.13106028E-05
 1.37558813E-05
 1.54694799E-05
 1.62849501E-05
 1.61482451E-05
 1.50414404E-05
 1.60052962E-05
 1.62178447E-05
 1.54011568E-05
 1.35447820E-05
 1.16756183E-05
 8.71897695E-06
 4.65543603E-06
 6.50703997E-07
 6.94957501E-06
 1.20664898E-05
 1.59811564E-05
 1.87826098E-05
 2.08402769E-05
 2.16326042E-05
 2.11383032E-05
 2.05700510E-05
 2.20805644E-05
 2.22334747E-05
 2.10064581E-05
 1.86232700E-05
 1.52685034E-05
 1.04643378E-05
 4.18732153E-06
 9.96359686E-05
 3.26080414E-04
 5.50705819E-04
 7.73489125E-04
 9.94826115E-04
 1.21465489E-03
 1.23255932E-03
 8.77334248E-04
 6.72033528E-04
 5.62812937E-04
 4.53467019E-04
 3.44217573E-04
 2.51864992E-04
 1.66916679E-04
 9.01051602E-05
 1.61781426E-05
 1.47417524E-08
 2.51857469E-08
 1.04287768E-05
 1.64003170E-06
 5.67253902E-08
 6.73124169E-08
 4.47991224E-08
 4.19195789E-08
 3.54073603E-08
 2.87052029E-08
 2.19908363E-08
 1.53073528E-08
 9.66965164E-09
 4.01956200E-09
 1.64283019E-09
 6.90938386E-09
 7.00802576E-07
 1.17583014E-08
 1.41985066E-08
 1.66505892E-08
 1.91111793E-08
 2.15848331E-08
 2.40711998E-08
 2.65679318E-08
 2.90697870E-08
 3.15848142E-08
 3.41134254E-08
 3.66555120E-08
 3.92112490E-08
 4.17802824E-08
 4.43633067E-08
 4.73206652E-08
 5.07009223E-08
 5.40951294E-08
 5.75031998E-08
 6.09258389E-08
 6.43626733E-08
 6.78139324E-08
 7.12794612E-08
 7.47597401E-08
 7.82549561E-08
 8.17647419E-08
 8.52892825E-08
 8.88290351E-08
 9.23839476E-08
 9.59538925E-08
 9.95393868E-08
 1.72748018E-08
 1.65549329E-08
 1.58308634E-08
 1.51031463E-08
 1.43711092E-08
 1.36353103E-08
 1.28950941E-08
 1.21506753E-08
 1.14023258E-08
 1.06497008E-08
 9.89302586E-09
 9.13227584E-09
 8.36673881E-09
 7.59694117E-09
 6.82322397E-09
 6.04486284E-09
 5.26208063E-09
 4.47519983E-09
 3.68344713E-09
 2.88708026E-09
 2.08641910E-09
 1.28102817E-09
 4.71173909E-10
 3.43528080E-10
 1.16280983E-09
 1.98676325E-09
 2.81544487E-09
 3.64891708E-09
 4.48761819E-09
 5.33092894E-09
 6.17887588E-09
 7.95835595E-09
 1.06687417E-08
 1.33843782E-08
 1.61049831E-08
 1.88306195E-08
 2.15613907E-08
 2.42977658E-08
 2.70390563E-08
 2.97856961E-08
 3.25378304E-08
 3.52955034E-08
 3.80584512E-08
 4.08267114E-08
 4.36008117E-08
 4.63804164E-08
 4.91656438E-08
 5.19565679E-08
 5.47533175E-08
 5.75559282E-08
 6.03646154E-08
 6.31789404E-08
 6.59994754E-08
 6.88259403E-08
 7.16583478E-08
 7.44968646E-08
 7.73420351E-08
 8.01935525E-08
 8.30510461E-08
 8.59146067E-08
 8.87853013E-08
 9.16623479E-08
 9.45458023E-08
 9.74358030E-08
 1.00332973E-07
 1.03236468E-07
 1.06147399E-07
 1.09064908E-07
 1.11989146E-07
 1.14921160E-07
 1.17860177E-07
 1.20806263E-07
 1.23759665E-07
 1.26720929E-07
 1.29689200E-07
 1.32665162E-07
 1.35648937E-07
 1.38640185E-07
 1.41639554E-07
 1.44646760E-07
 1.47661824E-07
 1.50685470E-07
 1.53716870E-07
 1.56757191E-07
 1.59805543E-07
 1.62862671E-07
 1.65928177E-07
 1.69002703E-07
 1.72086011E-07
 1.75178206E-07
 1.78280013E-07
 1.81390570E-07
 1.84510547E-07
 1.87640235E-07
 1.90779169E-07
 1.93928156E-07
 1.97087332E-07
 2.00256456E-07
 2.03435053E-07
 2.06624572E-07
 2.09824540E-07
 2.13035227E-07
 2.16256889E-07
 2.19489796E-07
 2.22733411E-07
 2.25988068E-07
 2.29255250E-07
 2.32533339E-07
 1.16278035E-07
 1.18429626E-07
 1.20584646E-07
 1.22741968E-07
 1.24902834E-07
 1.27067394E-07
 1.29235103E-07
 1.31406575E-07
 1.33580645E-07
 1.35758693E-07
 1.37940718E-07
 1.40126248E-07
 1.42315987E-07
 1.44509316E-07
 1.46706306E-07
 1.48907759E-07
 1.51113044E-07
 1.53322973E-07
 1.55536832E-07
 1.57754854E-07
 1.59977739E-07
 1.62205584E-07
 1.64437803E-07
 1.66675204E-07
 1.68917808E-07
 1.71165818E-07
 1.73418560E-07
 1.75676855E-07
 1.77940751E-07
 1.80211260E-07
 1.82486824E-07
 1.84769116E-07
 1.87057543E-07
 1.89352832E-07
 1.91655308E-07
 1.93964885E-07
 1.96280950E-07
 1.98605295E-07
 2.00937944E-07
 8.11357086E-08
 5.42760731E-08
 4.14241772E-08
 3.25118116E-08
 2.56952557E-08
 2.02264217E-08
 1.57145906E-08
 1.19265829E-08
 8.70913394E-09
 5.11952973E-09
 5.94378905E-10
 1.15180907E-07
 1.12703378E-07
 1.10289163E-07
 1.07930626E-07
 1.05622035E-07
 1.03357523E-07
 1.01133309E-07
 9.89465825E-08
 9.67938801E-08
 9.46721846E-08
 9.25785669E-08
 9.05127461E-08
 8.84708796E-08
 8.64531259E-08
 8.44578477E-08
 8.24829962E-08
 8.05274328E-08
 7.85911788E-08
 7.66726248E-08
 7.47713773E-08
 7.28857824E-08
 7.10161620E-08
 6.91604797E-08
 6.73203517E-08
 6.54934159E-08
 6.36799058E-08
 6.18797045E-08
 6.00922810E-08
 5.83169291E-08
 5.65539916E-08
 5.48015141E-08
 5.30610952E-08
 5.13318119E-08
 4.96140622E-08
 4.79066292E-08
 4.62092804E-08
 4.45228375E-08
 4.28467514E-08
 4.11805899E-08
 3.95253623E-08
 3.78795503E-08
 3.62434047E-08
 3.46184439E-08
 3.30032846E-08
 3.13972755E-08
 2.98012918E-08
 2.82160803E-08
 2.66410358E-08
 2.50760127E-08
 2.35212782E-08
 2.19767532E-08
 2.04425015E-08
 1.89193971E-08
 1.74065843E-08
 1.59059324E-08
 1.44157686E-08
 1.29368973E-08
 1.14704486E-08
 1.00146184E-08
 8.57229678E-09
 7.14275202E-09
 8.56931931E-09
 1.17149061E-08
 1.48748317E-08
 1.80482967E-08
 2.12377337E-08
 2.44424301E-08
 2.76629419E-08
 3.09006970E-08
 3.41563492E-08
 3.74294163E-08
 4.07230052E-08
 4.40355829E-08
 4.73705699E-08
 5.07279729E-08
 5.41090941E-08
 5.75153483E-08
 6.09472713E-08
 6.44079916E-08
 6.78999964E-08
 7.14229385E-08
 7.49812096E-08
 7.85752846E-08
 8.22105639E-08
 8.58868205E-08
 8.96107868E-08
 9.33843632E-08
 9.72118762E-08
 1.01098608E-07
 1.33214590E-08
 6.17067695E-09
 1.28886709E-09
 9.75547439E-03
 4.09729713E-02
 7.21904683E-02
 1.03407965E-01
 1.34625462E-01
 1.65842960E-01
 1.97060457E-01
 2.28277954E-01
 2.75295357E-01
 3.39132013E-01
 4.02968668E-01
 4.66805322E-01
 5.49245188E-01
 6.45701286E-01
 7.62162902E-01
 0.00000000E+00
 0.00000000E+00
 0.00000000E+00
 0.00000000E+00
 0.00000000E+00
 0.00000000E+00
 0.00000000E+00
 0.00000000E+00
 0.00000000E+00
 0.00000000E+00
 0.00000000E+00
 0.00000000E+00
 0.00000000E+00
 0.00000000E+00
 0.00000000E+00
 0.00000000E+00
 7.90252019E-01
 6.54161164E-01
 5.53325993E-01
 4.55779365E-01
 3.91812416E-01
 3.27935741E-01
 2.64149211E-01
 2.06727524E-01
 1.79598873E-01
 1.52508647E-01
 1.25456785E-01
 9.84432289E-02
 7.14679172E-02
 4.45307895E-02
 1.76317845E-02
 6.59185932E-07
 2.38797984E-06
 3.83689517E-06
 5.01185139E-06
 5.91881802E-06
 6.56381516E-06
 6.95291409E-06
 7.09223776E-06
 7.02647407E-06
 6.75943772E-06
 6.26120643E-06
 5.53811587E-06
 4.59655626E-06
 3.44297307E-06
 2.08386754E-06
 5.25797335E-07
 9.92684764E-07
 2.27796265E-06
 3.37979799E-06
 4.30498823E-06
 5.06039052E-06
 5.65292241E-06
 6.08956247E-06
 6.37735106E-06
 6.52339096E-06
 6.53484814E-06
 6.41895241E-06
 6.18299820E-06
 5.83434529E-06
 5.38041955E-06
 4.82871369E-06
 4.21007101E-06
 4.23007636E-06
 4.17415763E-06
 4.05008476E-06
 3.86569853E-06
 3.62891136E-06
 3.34770819E-06
 3.03014730E-06
 2.68436120E-06
 2.31855747E-06
 1.94101967E-06
 1.56010827E-06
 1.18426149E-06
 8.21996316E-07
 4.81909367E-07
 1.72677898E-07
 2.72862045E-07
 9.62708768E-07
 1.59453278E-06
 2.15932593E-06
 2.64799447E-06
 3.05135800E-06
 3.36014845E-06
 3.56500894E-06
 3.65649275E-06
 3.62506217E-06
 3.46108740E-06
 3.15484540E-06
 2.69651873E-06
 2.07619439E-06
 1.28386259E-06
 3.09415588E-07
 1.15764714E-06
 2.58847054E-06
 3.80247370E-06
 4.78915399E-06
 5.53790457E-06
 6.03801302E-06
 6.27866001E-06
 6.24891792E-06
 6.49772885E-06
 6.52193761E-06
 6.24146994E-06
 5.64495323E-06
 4.72089941E-06
 3.45770343E-06
 1.84364178E-06
 1.51408174E-07
 2.34934378E-06
 4.15447535E-06
 5.55460712E-06
 6.53741697E-06
 7.09045476E-06
 7.20114063E-06
 6.85676321E-06
 6.54910899E-06
 7.40728049E-06
 7.76862178E-06
 7.61988650E-06
 6.94768771E-06
 5.73849606E-06
 3.97863779E-06
 1.65429276E-06
 1.44257170E-06
 4.56533694E-06
 7.07266768E-06
 8.95016690E-06
 1.01832811E-05
 1.07572980E-05
 1.06573444E-05
 9.86838405E-06
 1.02266873E-05
 1.12132451E-05
 1.14605893E-05
 1.09530224E-05
 9.67467180E-06
 7.60948753E-06
 4.74123945E-06
 1.05351479E-06
 3.54189687E-06
 7.50447546E-06
 1.05854462E-05
 1.27676860E-05
 1.42419761E-05
 1.48232543E-05
 1.44529347E-05
 1.31130944E-05
 1.42268349E-05
 1.46217567E-05
 1.39875129E-05
 1.23146951E-05
 1.07609321E-05
 8.11961086E-06
 4.37131435E-06
 6.17168481E-07
 6.54267379E-06
 1.12870004E-05
 1.48298573E-05
 1.72739766E-05
 1.90375598E-05
 1.95364937E-05
 1.87494918E-05
 1.80435015E-05
 1.98430407E-05
 2.02849828E-05
 1.93470096E-05
 1.72836746E-05
 1.43055091E-05
 9.87787046E-06
 3.97731337E-06
 9.07079509E-05
 2.96758946E-04
 5.01014983E-04
 7.03452867E-04
 9.04520634E-04
 1.10415148E-03
 1.16433177E-03
 7.88753476E-04
 5.81918763E-04
 4.83166628E-04
 3.84291690E-04
 2.85510562E-04
 2.05737072E-04
 1.34292798E-04
 7.20017721E-05
 1.29555775E-05
 4.72123532E-08
 5.74717894E-08
 1.17039099E-05
 1.81876187E-06
 8.84509433E-08
 9.88495586E-08
 1.33404138E-08
 1.06923987E-08
 3.95904228E-09
 2.98642474E-09
 9.94422618E-09
 1.68659092E-08
 2.26098039E-08
 2.83660061E-08
 3.41346378E-08
 3.94910018E-08
 7.56955571E-07
 4.42912949E-08
 4.67070286E-08
 4.91341769E-08
 5.15696984E-08
 5.40181658E-08
 5.64797716E-08
 5.89509867E-08
 6.14267865E-08
 6.39158898E-08
 6.64184996E-08
 6.89344900E-08
 7.14642739E-08
 7.40080527E-08
 7.65651912E-08
 7.95421734E-08
 8.29932796E-08
 8.64582568E-08
 8.99375268E-08
 9.34307364E-08
 9.69388660E-08
 1.00461287E-07
 1.03998176E-07
 1.07549998E-07
 1.11116410E-07
 1.14697824E-07
 1.18294177E-07
 1.21905665E-07
 1.25532481E-07
 1.29174545E-07
 1.32832057E-07
 1.54695076E-08
 1.61833361E-08
 1.69011262E-08
 1.76232170E-08
 1.83491002E-08
 1.90790896E-08
 1.98132827E-08
 2.05517080E-08
 2.12940868E-08
 2.20408722E-08
 2.27917152E-08
 2.35470415E-08
 2.43066001E-08
 2.50704217E-08
 2.58389200E-08
 2.66111610E-08
 2.73885017E-08
 2.81700599E-08
 2.89562037E-08
 2.97466736E-08
 3.05418745E-08
 3.13418628E-08
 3.21463791E-08
 3.29558373E-08
 3.37696078E-08
 3.45884136E-08
 3.54120792E-08
 3.62402312E-08
 3.70737048E-08
 3.79118598E-08
 3.87546805E-08
 4.05402748E-08
 4.32679456E-08
 4.60005872E-08
 4.87382595E-08
 5.14810332E-08
 5.42294430E-08
 5.69831344E-08
 5.97418111E-08
 6.25059853E-08
 6.52756933E-08
 6.80506029E-08
 7.08313125E-08
 7.36174480E-08
 7.64090508E-08
 7.92063110E-08
 8.20092663E-08
 8.48180447E-08
 8.76326878E-08
 9.04533958E-08
 9.32797468E-08
 9.61122971E-08
 9.89503023E-08
 1.01795165E-07
 1.04645696E-07
 1.07502423E-07
 1.10365937E-07
 1.13234970E-07
 1.16110985E-07
 1.18993667E-07
 1.21882187E-07
 1.24777660E-07
 1.27679632E-07
 1.30588768E-07
 1.33504264E-07
 1.36426666E-07
 1.39356116E-07
 1.42292292E-07
 1.45235785E-07
 1.48186715E-07
 1.51144257E-07
 1.54109560E-07
 1.57082200E-07
 1.60061933E-07
 1.63049756E-07
 1.66044961E-07
 1.69048096E-07
 1.72058815E-07
 1.75077302E-07
 1.78104209E-07
 1.81139201E-07
 1.84181880E-07
 1.87233504E-07
 1.90293141E-07
 1.93361476E-07
 1.96438218E-07
 1.99523957E-07
 2.02618456E-07
 2.05721817E-07
 2.08834245E-07
 2.11955907E-07
 2.15087020E-07
 2.18227230E-07
 2.21377232E-07
 2.24536672E-07
 2.27706314E-07
 2.30885810E-07
 2.34075391E-07
 2.37275195E-07
 2.40485529E-07
 2.43707134E-07
 2.46938450E-07
 2.50181570E-07
 2.53434789E-07
 2.56700183E-07
 2.59976911E-07
 2.63265001E-07
 1.47346720E-07
 1.49508141E-07
 1.51672968E-07
 1.53840745E-07
 1.56012060E-07
 1.58186446E-07
 1.60363901E-07
 1.62545165E-07
 1.64729627E-07
 1.66918115E-07
 1.69109252E-07
 1.71305190E-07
 1.73503916E-07
 1.75706975E-07
 1.77913676E-07
 1.80124813E-07
 1.82339829E-07
 1.84558654E-07
 1.86782259E-07
 1.89009858E-07
 1.91242425E-07
 1.93479171E-07
 1.95721019E-07
 1.97967313E-07
 2.00218769E-07
 2.02474884E-07
 2.04737167E-07
 2.07004261E-07
 2.09276257E-07
 2.11554727E-07
 2.13839078E-07
 2.16129367E-07
 2.18425723E-07
 2.20729035E-07
 2.23038548E-07
 2.25355233E-07
 2.27679264E-07
 2.30010640E-07
 2.32349520E-07
 2.34696877E-07
 1.23569437E-07
 8.87917718E-08
 7.51438730E-08
 6.58509598E-08
 5.87967795E-08
 5.31608142E-08
 4.85223936E-08
 4.46351600E-08
 4.13371550E-08
 3.76759987E-08
 3.18899064E-08
 1.48275444E-07
 1.45779629E-07
 1.43347171E-07
 1.40971688E-07
 1.38647732E-07
 1.36368700E-07
 1.34130778E-07
 1.31930362E-07
 1.29764140E-07
 1.27629090E-07
 1.25525008E-07
 1.23447049E-07
 1.21394459E-07
 1.19366489E-07
 1.17359892E-07
 1.15375380E-07
 1.13409783E-07
 1.11464090E-07
 1.09536209E-07
 1.07625321E-07
 1.05731278E-07
 1.03852932E-07
 1.01989442E-07
 1.00139815E-07
 9.83056541E-08
 9.64839420E-08
 9.46759113E-08
 9.28802866E-08
 9.10971186E-08
 8.93268843E-08
 8.75674159E-08
 8.58197744E-08
 8.40837177E-08
 8.23582899E-08
 8.06437493E-08
 7.89397024E-08
 7.72470510E-08
 7.55647457E-08
 7.38921592E-08
 7.22301678E-08
 7.05783190E-08
 6.89366833E-08
 6.73053497E-08
 6.56836875E-08
 6.40725964E-08
 6.24706336E-08
 6.08801271E-08
 5.92996011E-08
 5.77283716E-08
 5.61688364E-08
 5.46185701E-08
 5.30794002E-08
 5.15512888E-08
 5.00342628E-08
 4.85275968E-08
 4.70330733E-08
 4.55490468E-08
 4.40772842E-08
 4.26179806E-08
 4.11712558E-08
 3.97372334E-08
 4.11771111E-08
 4.43464843E-08
 4.75312682E-08
 5.07296573E-08
 5.39430002E-08
 5.71727582E-08
 6.04182529E-08
 6.36811696E-08
 6.69620795E-08
 7.02604532E-08
 7.35794569E-08
 7.69176810E-08
 8.02783895E-08
 8.36616735E-08
 8.70688756E-08
 9.05014994E-08
 9.39598820E-08
 9.74488842E-08
 1.00966605E-07
 1.04517010E-07
 1.08103191E-07
 1.11725523E-07
 1.15388043E-07
 1.19093638E-07
 1.22845904E-07
 1.26649273E-07
 1.30506464E-07
 1.34423729E-07
 1.38406878E-07
 2.63441424E-08
 3.38589647E-08
 8.48073121E-03
 3.56189457E-02
 6.27571602E-02
 8.98953749E-02
 1.17033590E-01
 1.44171805E-01
 1.71310020E-01
 1.98448235E-01
 2.43360103E-01
 3.07192309E-01
 3.71024515E-01
 4.34856720E-01
 5.19616080E-01
 6.20142595E-01
 7.43173748E-01
 0.00000000E+00
 0.00000000E+00
 0.00000000E+00
 0.00000000E+00
 0.00000000E+00
 0.00000000E+00
 0.00000000E+00
 0.00000000E+00
 0.00000000E+00
 0.00000000E+00
 0.00000000E+00
 0.00000000E+00
 0.00000000E+00
 0.00000000E+00
 0.00000000E+00
 0.00000000E+00
 7.74117795E-01
 6.30066431E-01
 5.25177812E-01
 4.23933040E-01
 3.59988818E-01
 2.96134850E-01
 2.32371007E-01
 1.75669163E-01
 1.52616113E-01
 1.29595764E-01
 1.06608064E-01
 8.36529607E-02
 6.07304031E-02
 3.78403384E-02
 1.49827135E-02
 6.57570200E-07
 2.38291726E-06
 3.82829082E-06
 4.99960971E-06
 5.90284276E-06
 6.54400944E-06
 6.92918033E-06
 7.06447770E-06
 6.99886779E-06
 6.73589645E-06
 6.24161821E-06
 5.52236804E-06
 4.58453548E-06
 3.43456526E-06
 2.07895792E-06
 5.24270384E-07
 9.64734573E-07
 2.21002771E-06
 3.27182065E-06
 4.15690996E-06
 4.87215193E-06
 5.42446319E-06
 5.82082144E-06
 6.06826613E-06
 6.17389911E-06
 6.14488540E-06
 5.98845389E-06
 5.71189806E-06
 5.32257671E-06
 4.82791474E-06
 4.23540388E-06
 3.57847329E-06
 3.64025407E-06
 3.62592439E-06
 3.54325336E-06
 3.40008093E-06
 3.20431869E-06
 2.96395073E-06
 2.68703448E-06
 2.38170155E-06
 2.05615867E-06
 1.71868849E-06
 1.37765058E-06
 1.04148225E-06
 7.18699535E-07
 4.17898131E-07
 1.47754332E-07
 2.73017270E-07
 9.61794122E-07
 1.59269753E-06
 2.15672046E-06
 2.64477030E-06
 3.04766781E-06
 3.35614606E-06
 3.56084938E-06
 3.65233221E-06
 3.62105809E-06
 3.45739842E-06
 3.15163141E-06
 2.69394090E-06
 2.07441514E-06
 1.28304565E-06
 3.09725998E-07
 1.13211225E-06
 2.52668221E-06
 3.70465183E-06
 4.65551975E-06
 5.36868039E-06
 5.83342261E-06
 6.03892841E-06
 5.97427149E-06
 6.25061203E-06
 6.31013155E-06
 6.06511167E-06
 5.50418143E-06
 4.61585442E-06
 3.38852734E-06
 1.81047838E-06
 1.44523260E-07
 2.22079991E-06
 3.90463121E-06
 5.18382261E-06
 6.04605326E-06
 6.47887425E-06
 6.46970700E-06
 6.00584144E-06
 5.63513243E-06
 6.61357481E-06
 7.09524188E-06
 7.06688962E-06
 6.51513352E-06
 5.42644664E-06
 3.78715770E-06
 1.58344906E-06
 1.36999130E-06
 4.31241262E-06
 6.63986467E-06
 8.33795175E-06
 9.39212167E-06
 9.78766356E-06
 9.50970565E-06
 8.54321297E-06
 8.93016446E-06
 1.00955956E-05
 1.05218345E-05
 1.01931866E-05
 9.09378283E-06
 7.20757632E-06
 4.51834032E-06
 1.00966543E-06
 3.34422942E-06
 7.04255514E-06
 9.85987944E-06
 1.17790806E-05
 1.30140619E-05
 1.33611477E-05
 1.27572130E-05
 1.11843367E-05
 1.24479565E-05
 1.30252459E-05
 1.25734404E-05
 1.10841737E-05
 9.84580375E-06
 7.51979480E-06
 4.08673481E-06
 5.83168009E-07
 6.13530869E-06
 1.05070481E-05
 1.36780965E-05
 1.57648825E-05
 1.72343817E-05
 1.74399223E-05
 1.63602194E-05
 1.55164888E-05
 1.76050458E-05
 1.83360115E-05
 1.76870734E-05
 1.59435827E-05
 1.33420086E-05
 9.29088710E-06
 3.76677928E-06
 8.17795271E-05
 2.67437361E-04
 4.51324320E-04
 6.33417076E-04
 8.14215917E-04
 9.93649118E-04
 1.09594750E-03
 7.00175027E-04
 4.91806534E-04
 4.03521392E-04
 3.15116003E-04
 2.26801730E-04
 1.59605576E-04
 1.01663454E-04
 5.38908926E-05
 9.72344329E-06
 6.96594062E-08
 7.97344637E-08
 1.29888831E-05
 2.00748503E-06
 1.10154701E-07
 1.20365099E-07
 8.10289624E-09
 1.05197521E-08
 1.74739294E-08
 2.46632219E-08
 3.18643423E-08
 3.90243249E-08
 4.48743129E-08
 5.07369669E-08
 5.66119632E-08
 6.20584970E-08
 8.23110625E-07
 6.68100143E-08
 6.92011844E-08
 7.16037780E-08
 7.40141230E-08
 7.64378195E-08
 7.88745516E-08
 8.13204130E-08
 8.37702897E-08
 8.62333974E-08
 8.87101536E-08
 9.12004547E-08
 9.37047291E-08
 9.62226145E-08
 9.87543008E-08
 1.01751056E-07
 1.05272906E-07
 1.08808781E-07
 1.12359141E-07
 1.15923617E-07
 1.19502915E-07
 1.23096405E-07
 1.26705087E-07
 1.30328361E-07
 1.33966348E-07
 1.37619585E-07
 1.41287934E-07
 1.44971317E-07
 1.48669944E-07
 1.52384269E-07
 1.56114261E-07
 3.82014915E-08
 3.89092308E-08
 3.96212923E-08
 4.03371337E-08
 4.10571074E-08
 4.17809495E-08
 4.25093360E-08
 4.32417123E-08
 4.39784731E-08
 4.47193192E-08
 4.54646547E-08
 4.62142031E-08
 4.69680160E-08
 4.77261996E-08
 4.84887527E-08
 4.92558094E-08
 5.00273727E-08
 5.08035297E-08
 5.15840125E-08
 5.23692586E-08
 5.31589169E-08
 5.39534553E-08
 5.47526112E-08
 5.55567711E-08
 5.63649452E-08
 5.71786112E-08
 5.79968314E-08
 5.88199758E-08
 5.96485434E-08
 6.04814778E-08
 6.13195642E-08
 6.31112126E-08
 6.58557259E-08
 6.86056583E-08
 7.13607655E-08
 7.41210427E-08
 7.68866018E-08
 7.96575802E-08
 8.24339839E-08
 8.52155942E-08
 8.80028104E-08
 9.07954147E-08
 9.35934116E-08
 9.63973185E-08
 9.92068512E-08
 1.02022122E-07
 1.04842752E-07
 1.07669703E-07
 1.10502256E-07
 1.13340450E-07
 1.16184876E-07
 1.19035191E-07
 1.21891918E-07
 1.24754315E-07
 1.27623347E-07
 1.30498222E-07
 1.33380012E-07
 1.36267412E-07
 1.39161928E-07
 1.42062745E-07
 1.44969996E-07
 1.47883827E-07
 1.50804770E-07
 1.53732030E-07
 1.56666267E-07
 1.59607500E-07
 1.62555453E-07
 1.65510665E-07
 1.68473395E-07
 1.71442726E-07
 1.74419266E-07
 1.77403675E-07
 1.80395622E-07
 1.83394680E-07
 1.86401570E-07
 1.89415855E-07
 1.92438330E-07
 1.95468974E-07
 1.98507082E-07
 2.01553200E-07
 2.04607521E-07
 2.07670229E-07
 2.10741469E-07
 2.13820843E-07
 2.16908653E-07
 2.20005984E-07
 2.23111499E-07
 2.26225847E-07
 2.29349239E-07
 2.32481881E-07
 2.35623894E-07
 2.38775552E-07
 2.41936393E-07
 2.45106700E-07
 2.48287223E-07
 2.51477511E-07
 2.54677312E-07
 2.57887890E-07
 2.61108896E-07
 2.64339978E-07
 2.67581997E-07
 2.70835096E-07
 2.74098930E-07
 2.77374328E-07
 2.80660308E-07
 2.83958346E-07
 2.87268038E-07
 1.70552341E-07
 1.72726936E-07
 1.74905050E-07
 1.77086093E-07
 1.79270855E-07
 1.81458612E-07
 1.83649617E-07
 1.85844416E-07
 1.88042541E-07
 1.90244060E-07
 1.92448967E-07
 1.94658032E-07
 1.96870707E-07
 1.99087004E-07
 2.01307779E-07
 2.03532334E-07
 2.05761540E-07
 2.07993973E-07
 2.10231169E-07
 2.12473306E-07
 2.14718841E-07
 2.16969507E-07
 2.19225267E-07
 2.21485543E-07
 2.23751125E-07
 2.26021430E-07
 2.28297268E-07
 2.30578690E-07
 2.32865888E-07
 2.35158116E-07
 2.37457110E-07
 2.39761297E-07
 2.42072450E-07
 2.44389819E-07
 2.46714365E-07
 2.49045340E-07
 2.51383731E-07
 2.53729552E-07
 2.56083820E-07
 2.58445793E-07
 2.60815456E-07
 1.13460143E-07
 9.89102155E-08
 8.92084421E-08
 8.19042078E-08
 7.60938749E-08
 7.13254387E-08
 6.73349688E-08
 6.39540815E-08
 6.02195321E-08
 1.73947924E-07
 1.71356045E-07
 1.68840234E-07
 1.66389830E-07
 1.63998506E-07
 1.61657373E-07
 1.59363814E-07
 1.57111236E-07
 1.54897207E-07
 1.52718363E-07
 1.50571091E-07
 1.48454472E-07
 1.46365295E-07
 1.44302024E-07
 1.42262800E-07
 1.40245873E-07
 1.38250629E-07
 1.36275990E-07
 1.34320696E-07
 1.32383516E-07
 1.30462814E-07
 1.28560351E-07
 1.26673199E-07
 1.24800510E-07
 1.22943319E-07
 1.21099890E-07
 1.19271003E-07
 1.17455036E-07
 1.15651852E-07
 1.13861419E-07
 1.12082364E-07
 1.10315795E-07
 1.08561482E-07
 1.06817922E-07
 1.05086051E-07
 1.03364225E-07
 1.01654066E-07
 9.99543816E-08
 9.82655431E-08
 9.65863334E-08
 9.49182936E-08
 9.32601453E-08
 9.16120685E-08
 8.99749724E-08
 8.83474277E-08
 8.67303298E-08
 8.51228923E-08
 8.35269259E-08
 8.19400157E-08
 8.03637812E-08
 7.87984488E-08
 7.72431827E-08
 7.56996479E-08
 7.41654717E-08
 7.26431609E-08
 7.11320152E-08
 6.96320886E-08
 6.81443530E-08
 6.66679770E-08
 6.52040485E-08
 6.37527027E-08
 6.23140031E-08
 6.37677525E-08
 6.69617991E-08
 7.01711543E-08
 7.33942492E-08
 7.66322173E-08
 7.98867253E-08
 8.31570641E-08
 8.64448213E-08
 8.97505925E-08
 9.30740735E-08
 9.64182319E-08
 9.97828176E-08
 1.03168970E-07
 1.06577861E-07
 1.10012085E-07
 1.13470633E-07
 1.16956628E-07
 1.20470722E-07
 1.24016572E-07
 1.27594079E-07
 1.31207758E-07
 1.34857994E-07
 1.38548904E-07
 1.42283412E-07
 1.46065251E-07
 1.49897161E-07
 1.53784456E-07
 1.57731802E-07
 1.61745068E-07
 4.88369159E-08
 5.64058911E-08
 7.20615608E-03
 3.02656579E-02
 5.33251598E-02
 7.63846619E-02
 9.94441642E-02
 1.22503667E-01
 1.45563169E-01
 1.68622673E-01
 2.11429300E-01
 2.75257058E-01
 3.39084816E-01
 4.02912574E-01
 4.89991103E-01
 5.94587470E-01
 7.24187242E-01
 0.00000000E+00
 0.00000000E+00
 0.00000000E+00
 0.00000000E+00
 0.00000000E+00
 0.00000000E+00
 0.00000000E+00
 0.00000000E+00
 0.00000000E+00
 0.00000000E+00
 0.00000000E+00
 0.00000000E+00
 0.00000000E+00
 0.00000000E+00
 0.00000000E+00
 0.00000000E+00
 7.57983691E-01
 6.05971879E-01
 4.97029844E-01
 3.92086956E-01
 3.28165461E-01
 2.64334200E-01
 2.00593046E-01
 1.44611041E-01
 1.25633561E-01
 1.06683058E-01
 8.77594879E-02
 6.88628074E-02
 4.99929726E-02
 3.11499394E-02
 1.23336632E-02
 6.56156787E-07
 2.37805812E-06
 3.81989106E-06
 4.98757375E-06
 5.88707440E-06
 6.52441178E-06
 6.90565581E-06
 7.03692808E-06
 6.97147312E-06
 6.71256792E-06
 6.22224389E-06
 5.50683529E-06
 4.57273094E-06
 3.42637488E-06
 2.07426692E-06
 5.22963270E-07
 9.37005689E-07
 2.14231568E-06
 3.16406782E-06
 4.00905783E-06
 4.68414110E-06
 5.19623340E-06
 5.55231152E-06
 5.75941397E-06
 5.82464172E-06
 5.75515884E-06
 5.55819329E-06
 5.24103757E-06
 4.81104954E-06
 4.27565312E-06
 3.64233904E-06
 2.94712233E-06
 3.05067964E-06
 3.07794010E-06
 3.03667203E-06
 2.93471453E-06
 2.77997836E-06
 2.58044677E-06
 2.34417631E-06
 2.07929774E-06
 1.79401690E-06
 1.49661555E-06
 1.19545235E-06
 8.98963694E-07
 6.15664693E-07
 3.54150098E-07
 1.23095243E-07
 2.72906597E-07
 9.60611918E-07
 1.59059304E-06
 2.15384406E-06
 2.64127349E-06
 3.04370324E-06
 3.35186755E-06
 3.55641192E-06
 3.64789200E-06
 3.61677252E-06
 3.45342613E-06
 3.14813228E-06
 2.69107606E-06
 2.07234700E-06
 1.28193792E-06
 3.09743694E-07
 1.10628296E-06
 2.46459791E-06
 3.60653239E-06
 4.52158631E-06
 5.19915535E-06
 5.62852970E-06
 5.79889262E-06
 5.69931915E-06
 6.00318693E-06
 6.09801475E-06
 5.88844017E-06
 5.36309387E-06
 4.51049115E-06
 3.31903038E-06
 1.77699150E-06
 1.37312340E-07
 2.09192905E-06
 3.65445909E-06
 4.81270912E-06
 5.55435953E-06
 5.86696268E-06
 5.73794124E-06
 5.15458647E-06
 4.72082095E-06
 5.81953046E-06
 6.42151951E-06
 6.51354644E-06
 6.08222915E-06
 5.11404313E-06
 3.59531957E-06
 1.51224332E-06
 1.29704622E-06
 4.05912299E-06
 6.20669570E-06
 7.72536997E-06
 8.60059495E-06
 8.81766113E-06
 8.36169813E-06
 7.21767239E-06
 7.63326890E-06
 8.97756845E-06
 9.58269688E-06
 9.43296303E-06
 8.51250086E-06
 6.80526690E-06
 4.29503771E-06
 9.65407270E-07
 3.14615185E-06
 6.58022473E-06
 9.13390260E-06
 1.07900651E-05
 1.17857372E-05
 1.18986303E-05
 1.10610802E-05
 9.25516742E-06
 1.06686613E-05
 1.14283125E-05
 1.11589394E-05
 9.85321781E-06
 8.93023322E-06
 6.91952881E-06
 3.80169750E-06
 5.48702657E-07
 5.72747976E-06
 9.72663300E-06
 1.25258739E-05
 1.42553275E-05
 1.54307428E-05
 1.53428900E-05
 1.39704860E-05
 1.29890130E-05
 1.53665797E-05
 1.63865608E-05
 1.60266495E-05
 1.46029943E-05
 1.23780021E-05
 8.70338784E-06
 3.55571936E-06
 7.28506972E-05
 2.38115658E-04
 4.01633831E-04
 5.63381752E-04
 7.23911964E-04
 8.83147822E-04
 1.02760254E-03
 6.11716076E-04
 4.01696817E-04
 3.23877206E-04
 2.46057775E-04
 1.68091055E-04
 1.13470479E-04
 6.90286252E-05
 3.57725021E-05
 6.48172084E-06
 8.20641646E-08
 9.19553870E-08
 1.42837158E-05
 2.20622024E-06
 1.21817207E-07
 1.31839958E-07
 1.95120530E-08
 2.16976684E-08
 2.88731587E-08
 3.63059287E-08
 4.37506602E-08
 5.11488009E-08
 5.71051906E-08
 6.30741554E-08
 6.90558376E-08
 7.45924026E-08
 8.99286551E-07
 7.92956039E-08
 8.16623084E-08
 8.40404729E-08
 8.64260071E-08
 8.88245650E-08
 9.12365523E-08
 9.36576525E-08
 9.60814937E-08
 9.85187082E-08
 1.00969730E-07
 1.03434477E-07
 1.05913089E-07
 1.08405491E-07
 1.10912110E-07
 1.13928494E-07
 1.17521198E-07
 1.21128369E-07
 1.24749678E-07
 1.28385499E-07
 1.32036101E-07
 1.35701057E-07
 1.39381122E-07
 1.43076208E-07
 1.46785951E-07
 1.50511091E-07
 1.54251284E-07
 1.58006682E-07
 1.61777813E-07
 1.65564270E-07
 5.00743296E-08
 5.09022697E-08
 5.16041642E-08
 5.23101261E-08
 5.30198986E-08
 5.37341868E-08
 5.44521106E-08
 5.51746328E-08
 5.59012233E-08
 5.66319046E-08
 5.73673953E-08
 5.81067834E-08
 5.88504658E-08
 5.95988236E-08
 6.03512242E-08
 6.11081309E-08
 6.18698839E-08
 6.26355800E-08
 6.34062638E-08
 6.41813662E-08
 6.49612369E-08
 6.57456372E-08
 6.65346578E-08
 6.73286824E-08
 6.81274161E-08
 6.89306213E-08
 6.97390811E-08
 7.05521303E-08
 7.13701990E-08
 7.21933538E-08
 7.30213512E-08
 7.38545971E-08
 7.56521956E-08
 7.84142448E-08
 8.11814021E-08
 8.39537661E-08
 8.67314446E-08
 8.95144709E-08
 9.23030304E-08
 9.50966879E-08
 9.78960257E-08
 1.00700679E-07
 1.03511165E-07
 1.06326823E-07
 1.09148436E-07
 1.11975369E-07
 1.14808498E-07
 1.17647104E-07
 1.20491767E-07
 1.23342035E-07
 1.26198572E-07
 1.29060956E-07
 1.31929789E-07
 1.34804249E-07
 1.37685343E-07
 1.40572319E-07
 1.43465670E-07
 1.46365617E-07
 1.49271721E-07
 1.52184161E-07
 1.55103492E-07
 1.58029353E-07
 1.60961895E-07
 1.63901213E-07
 1.66847460E-07
 1.69800267E-07
 1.72760260E-07
 1.75727553E-07
 1.78701287E-07
 1.81682638E-07
 1.84671187E-07
 1.87667592E-07
 1.90670983E-07
 1.93681565E-07
 1.96699913E-07
 1.99726210E-07
 2.02760111E-07
 2.05801747E-07
 2.08851198E-07
 2.11909266E-07
 2.14974994E-07
 2.18049091E-07
 2.21131698E-07
 2.24222426E-07
 2.27322052E-07
 2.30430193E-07
 2.33546992E-07
 2.36672651E-07
 2.39807273E-07
 2.42950615E-07
 2.46103860E-07
 2.49266149E-07
 2.52437647E-07
 2.55619091E-07
 2.58810200E-07
 2.62011030E-07
 2.65221874E-07
 2.68443514E-07
 2.71674407E-07
 2.74916534E-07
 2.78168348E-07
 2.81431796E-07
 2.84705937E-07
 2.87991020E-07
 2.91287264E-07
 2.94595512E-07
 2.97915417E-07
 1.81542811E-07
 1.83727628E-07
 1.85915948E-07
 1.88107255E-07
 1.90301472E-07
 1.92499457E-07
 1.94700616E-07
 1.96905618E-07
 1.99113250E-07
 2.01324869E-07
 2.03539926E-07
 2.05759194E-07
 2.07981298E-07
 2.10207757E-07
 2.12437971E-07
 2.14672003E-07
 2.16910518E-07
 2.19153102E-07
 2.21399693E-07
 2.23650452E-07
 2.25906134E-07
 2.28166097E-07
 2.30431192E-07
 2.32700843E-07
 2.34974993E-07
 2.37254602E-07
 2.39538919E-07
 2.41828916E-07
 2.44124646E-07
 2.46425348E-07
 2.48732755E-07
 2.51045469E-07
 2.53364188E-07
 2.55690027E-07
 2.58021417E-07
 2.60360811E-07
 2.62706803E-07
 2.65059370E-07
 2.67420381E-07
 2.69789069E-07
 2.72165543E-07
 2.74550754E-07
 1.28292100E-07
 1.12711620E-07
 1.02567774E-07
 9.50002095E-08
 8.90079119E-08
 8.41041668E-08
 8.00082308E-08
 7.65414108E-08
 7.27324019E-08
 1.87017102E-07
 1.84403906E-07
 1.81868223E-07
 1.79399813E-07
 1.76989851E-07
 1.74633433E-07
 1.72324303E-07
 1.70058054E-07
 1.67830273E-07
 1.65637912E-07
 1.63478158E-07
 1.61349905E-07
 1.59248371E-07
 1.57173702E-07
 1.55124022E-07
 1.53097276E-07
 1.51091621E-07
 1.49107143E-07
 1.47142187E-07
 1.45194821E-07
 1.43265823E-07
 1.41353555E-07
 1.39457365E-07
 1.37576489E-07
 1.35711293E-07
 1.33859588E-07
 1.32022832E-07
 1.30198572E-07
 1.28387472E-07
 1.26588854E-07
 1.24803206E-07
 1.23029933E-07
 1.21267358E-07
 1.19516562E-07
 1.17777291E-07
 1.16049203E-07
 1.14331879E-07
 1.12626279E-07
 1.10930664E-07
 1.09245122E-07
 1.07569945E-07
 1.05906650E-07
 1.04252576E-07
 1.02608513E-07
 1.00975457E-07
 9.93526640E-08
 9.77394819E-08
 9.61368304E-08
 9.45454870E-08
 9.29632110E-08
 9.13924053E-08
 8.98324857E-08
 8.82825493E-08
 8.67443383E-08
 8.52172420E-08
 8.37011519E-08
 8.21961996E-08
 8.07034263E-08
 7.92229415E-08
 7.77548584E-08
 7.62992964E-08
 7.48564001E-08
 7.63226496E-08
 7.95417050E-08
 8.27741191E-08
 8.60223296E-08
 8.92844717E-08
 9.25641757E-08
 9.58597858E-08
 9.91717752E-08
 1.02503093E-07
 1.05852090E-07
 1.09221904E-07
 1.12612451E-07
 1.16024573E-07
 1.19459617E-07
 1.22918956E-07
 1.26404139E-07
 1.29916944E-07
 1.33458122E-07
 1.37030803E-07
 1.40636861E-07
 1.44277213E-07
 1.47956110E-07
 1.51674623E-07
 1.55438853E-07
 1.59248581E-07
 1.63110705E-07
 1.67028154E-07
 1.71005629E-07
 1.75049965E-07
 6.12885829E-08
 6.89130176E-08
 5.93174890E-03
 2.49131076E-02
 4.38944665E-02
 6.28758256E-02
 8.18571850E-02
 1.00838545E-01
 1.19819905E-01
 1.38801265E-01
 1.79502946E-01
 2.43326258E-01
 3.07149569E-01
 3.70972880E-01
 4.60370257E-01
 5.69035907E-01
 7.05203384E-01
 0.00000000E+00
 0.00000000E+00
 0.00000000E+00
 0.00000000E+00
 0.00000000E+00
 0.00000000E+00
 0.00000000E+00
 0.00000000E+00
 0.00000000E+00
 0.00000000E+00
 0.00000000E+00
 0.00000000E+00
 0.00000000E+00
 0.00000000E+00
 0.00000000E+00
 0.00000000E+00
 7.41849708E-01
 5.81877508E-01
 4.68882088E-01
 3.60241112E-01
 2.96342345E-01
 2.32533793E-01
 1.68815327E-01
 1.13553157E-01
 9.86512169E-02
 8.37705290E-02
 6.89110581E-02
 5.40727689E-02
 3.92556257E-02
 2.44595926E-02
 9.68463337E-03
 6.54945669E-07
 2.37340241E-06
 3.81169586E-06
 4.97574351E-06
 5.87151290E-06
 6.50502215E-06
 6.88234050E-06
 7.00958887E-06
 6.94429002E-06
 6.68945212E-06
 6.20308344E-06
 5.49151757E-06
 4.56114262E-06
 3.41840191E-06
 2.06979453E-06
 5.21875971E-07
 9.09498089E-07
 2.07482652E-06
 3.05653948E-06
 3.86143181E-06
 4.49635803E-06
 4.96823301E-06
 5.28403265E-06
 5.45079456E-06
 5.47561877E-06
 5.36566844E-06
 5.12817056E-06
 4.77041671E-06
 4.29976376E-06
 3.72363465E-06
 3.04951914E-06
 2.31601809E-06
 2.46135302E-06
 2.53020474E-06
 2.53034073E-06
 2.46959929E-06
 2.35589034E-06
 2.19719626E-06
 2.00157276E-06
 1.77714974E-06
 1.53213212E-06
 1.27480081E-06
 1.01351354E-06
 7.56705795E-07
 5.12891757E-07
 2.90665229E-07
 9.87005989E-08
 2.72530053E-07
 9.59162184E-07
 1.58821935E-06
 2.15069676E-06
 2.63750407E-06
 3.03946433E-06
 3.34731295E-06
 3.55169661E-06
 3.64317216E-06
 3.61220552E-06
 3.44917059E-06
 3.14434805E-06
 2.68792425E-06
 2.06999001E-06
 1.28053944E-06
 3.09468711E-07
 1.08015933E-06
 2.40221767E-06
 3.50811541E-06
 4.38735370E-06
 5.02932951E-06
 5.42333430E-06
 5.55855266E-06
 5.42406096E-06
 5.75545361E-06
 5.88558727E-06
 5.71145548E-06
 5.22169060E-06
 4.40480961E-06
 3.24921258E-06
 1.74318119E-06
 1.29775462E-07
 1.96273125E-06
 3.40395903E-06
 4.44126669E-06
 5.06233584E-06
 5.25472009E-06
 5.00584341E-06
 4.30299833E-06
 3.80617459E-06
 5.02514747E-06
 5.74745471E-06
 5.95985701E-06
 5.64897466E-06
 4.80128559E-06
 3.40312344E-06
 1.44067559E-06
 1.22373651E-06
 3.80546809E-06
 5.77316081E-06
 7.11242160E-06
 7.80870095E-06
 7.84729072E-06
 7.21332190E-06
 5.89176237E-06
 6.33600071E-06
 7.85916365E-06
 8.64317662E-06
 8.67235167E-06
 7.93082597E-06
 6.40255934E-06
 4.07133168E-06
 9.20740366E-07
 2.94766423E-06
 6.11748429E-06
 8.40751574E-06
 9.80063951E-06
 1.05570023E-05
 1.04357021E-05
 9.36453628E-06
 7.32558657E-06
 8.88894923E-06
 9.83095645E-06
 9.74400994E-06
 8.62182759E-06
 8.01422063E-06
 6.31881299E-06
 3.51620248E-06
 5.13772501E-07
 5.31918710E-06
 8.94575525E-06
 1.13731897E-05
 1.27453117E-05
 1.36266431E-05
 1.32453969E-05
 1.15802918E-05
 1.04610742E-05
 1.31276425E-05
 1.44366309E-05
 1.43657382E-05
 1.32619097E-05
 1.14134895E-05
 8.11537275E-06
 3.34413370E-06
 6.39214613E-05
 2.08793838E-04
 3.51943515E-04
 4.93346897E-04
 6.33608774E-04
 7.72647588E-04
 9.09866112E-04
 5.23130158E-04
 3.11589585E-04
 2.44234047E-04
 1.76878688E-04
 1.09378513E-04
 6.73317621E-05
 3.63882913E-05
 1.76465804E-05
 3.23039096E-06
 8.44077570E-08
 9.41154895E-08
 1.55884266E-05
 2.41498604E-06
 1.23420087E-07
 1.33255532E-07
 2.08679948E-08
 2.28226967E-08
 3.02195444E-08
 3.78956175E-08
 4.55844232E-08
 5.32207594E-08
 5.92836121E-08
 6.53591834E-08
 7.14471663E-08
 7.70740600E-08
 9.85502273E-07
 8.17290890E-08
 8.40714335E-08
 8.64252374E-08
 8.87860429E-08
 9.11600283E-08
 9.35473558E-08
 9.59433066E-08
 9.83414268E-08
 1.00753085E-07
 1.03178477E-07
 1.05617739E-07
 1.08071037E-07
 1.10538049E-07
 1.13019426E-07
 1.16055790E-07
 1.19719444E-07
 1.23397722E-07
 1.27090295E-07
 1.30797592E-07
 1.34519559E-07
 1.38256340E-07
 1.42007857E-07
 1.45774594E-07
 1.49556441E-07
 1.53353322E-07
 1.57165694E-07
 1.60993528E-07
 1.64836662E-07
 1.68695611E-07
 5.27194430E-08
 5.35531614E-08
 5.42487650E-08
 5.49487917E-08
 5.56527222E-08
 5.63608918E-08
 5.70733748E-08
 5.77899287E-08
 5.85108994E-08
 5.92360171E-08
 5.99653811E-08
 6.06990434E-08
 6.14373583E-08
 6.21797736E-08
 6.29269800E-08
 6.36783929E-08
 6.44343991E-08
 6.51950868E-08
 6.59598266E-08
 6.67297026E-08
 6.75041165E-08
 6.82831232E-08
 6.90671653E-08
 6.98555638E-08
 7.06488226E-08
 7.14472777E-08
 7.22503263E-08
 7.30583960E-08
 7.38712458E-08
 7.46896169E-08
 7.55125280E-08
 7.63407894E-08
 7.81445675E-08
 8.09239678E-08
 8.37081960E-08
 8.64985061E-08
 8.92933970E-08
 9.20937718E-08
 9.48996822E-08
 9.77112675E-08
 1.00528176E-07
 1.03350511E-07
 1.06178388E-07
 1.09011845E-07
 1.11851411E-07
 1.14696379E-07
 1.17547279E-07
 1.20403740E-07
 1.23266263E-07
 1.26135014E-07
 1.29009263E-07
 1.31889874E-07
 1.34776583E-07
 1.37669485E-07
 1.40568705E-07
 1.43473898E-07
 1.46385634E-07
 1.49303977E-07
 1.52228654E-07
 1.55159760E-07
 1.58097433E-07
 1.61041689E-07
 1.63992802E-07
 1.66950789E-07
 1.69915849E-07
 1.72887567E-07
 1.75866573E-07
 1.78852545E-07
 1.81845548E-07
 1.84845827E-07
 1.87853455E-07
 1.90868552E-07
 1.93891328E-07
 1.96921316E-07
 1.99959279E-07
 2.03004836E-07
 2.06057557E-07
 2.09119197E-07
 2.12188357E-07
 2.15265677E-07
 2.18351348E-07
 2.21444983E-07
 2.24547349E-07
 2.27657953E-07
 2.30777641E-07
 2.33905419E-07
 2.37042584E-07
 2.40188135E-07
 2.43342942E-07
 2.46507108E-07
 2.49680235E-07
 2.52863166E-07
 2.56055445E-07
 2.59257296E-07
 2.62468890E-07
 2.65690524E-07
 2.68922316E-07
 2.72163919E-07
 2.75416713E-07
 2.78679700E-07
 2.81953185E-07
 2.85237310E-07
 2.88532333E-07
 2.91839081E-07
 2.95157210E-07
 2.98486318E-07
 1.82460466E-07
 1.84655873E-07
 1.86854191E-07
 1.89056009E-07
 1.91260858E-07
 1.93468803E-07
 1.95679909E-07
 1.97894767E-07
 2.00112317E-07
 2.02333891E-07
 2.04558827E-07
 2.06787944E-07
 2.09019951E-07
 2.11256289E-07
 2.13496360E-07
 2.15740227E-07
 2.17987916E-07
 2.20240354E-07
 2.22496777E-07
 2.24757344E-07
 2.27022072E-07
 2.29291121E-07
 2.31565327E-07
 2.33843978E-07
 2.36127928E-07
 2.38415766E-07
 2.40709886E-07
 2.43008102E-07
 2.45312769E-07
 2.47622449E-07
 2.49937263E-07
 2.52258918E-07
 2.54585806E-07
 2.56919744E-07
 2.59259251E-07
 2.61605943E-07
 2.63959150E-07
 2.66319862E-07
 2.68687239E-07
 2.71063229E-07
 2.73446124E-07
 2.75837660E-07
 2.78238124E-07
 1.33314107E-07
 1.16534338E-07
 1.05913962E-07
 9.80673482E-08
 9.18847133E-08
 8.68407648E-08
 8.26363465E-08
 7.90803702E-08
 7.51958151E-08
 1.90034648E-07
 1.87399204E-07
 1.84843653E-07
 1.82356328E-07
 1.79929407E-07
 1.77556661E-07
 1.75232228E-07
 1.72950625E-07
 1.70709945E-07
 1.68504653E-07
 1.66332234E-07
 1.64191624E-07
 1.62078568E-07
 1.59992689E-07
 1.57931263E-07
 1.55894275E-07
 1.53878940E-07
 1.51883775E-07
 1.49908245E-07
 1.47952583E-07
 1.46013834E-07
 1.44092455E-07
 1.42188054E-07
 1.40298529E-07
 1.38424384E-07
 1.36564578E-07
 1.34719443E-07
 1.32887745E-07
 1.31068257E-07
 1.29262926E-07
 1.27469741E-07
 1.25687899E-07
 1.23919225E-07
 1.22160767E-07
 1.20414896E-07
 1.18680048E-07
 1.16955741E-07
 1.15242994E-07
 1.13540719E-07
 1.11849093E-07
 1.10168358E-07
 1.08497224E-07
 1.06837302E-07
 1.05187288E-07
 1.03548844E-07
 1.01918979E-07
 1.00301020E-07
 9.86933659E-08
 9.70954136E-08
 9.55080376E-08
 9.39320388E-08
 9.23668270E-08
 9.08123488E-08
 8.92687107E-08
 8.77360159E-08
 8.62151973E-08
 8.47055021E-08
 8.32078360E-08
 8.17224429E-08
 8.02503432E-08
 7.87898798E-08
 7.73430073E-08
 7.88239198E-08
 8.20662539E-08
 8.53230000E-08
 8.85954418E-08
 9.18830200E-08
 9.51870629E-08
 9.85071652E-08
 1.01844783E-07
 1.05200605E-07
 1.08575466E-07
 1.11971284E-07
 1.15386690E-07
 1.18825052E-07
 1.22286535E-07
 1.25771209E-07
 1.29283259E-07
 1.32822574E-07
 1.36390540E-07
 1.39990224E-07
 1.43623616E-07
 1.47292535E-07
 1.50998917E-07
 1.54746911E-07
 1.58538058E-07
 1.62377652E-07
 1.66268701E-07
 1.70216690E-07
 1.74224653E-07
 1.78299551E-07
 6.36793570E-08
 7.13601157E-08
 4.65750958E-03
 1.95612945E-02
 3.44650797E-02
 4.93688651E-02
 6.42726509E-02
 7.91764371E-02
 9.40802236E-02
 1.08984011E-01
 1.47581040E-01
 2.11399906E-01
 2.75218772E-01
 3.39037637E-01
 4.30753540E-01
 5.43487906E-01
 6.86222172E-01
 0.00000000E+00
 0.00000000E+00
 0.00000000E+00
 0.00000000E+00
 0.00000000E+00
 0.00000000E+00
 0.00000000E+00
 0.00000000E+00
 0.00000000E+00
 0.00000000E+00
 0.00000000E+00
 0.00000000E+00
 0.00000000E+00
 0.00000000E+00
 0.00000000E+00
 0.00000000E+00
 7.25715846E-01
 5.57783318E-01
 4.40734544E-01
 3.28395510E-01
 2.64519471E-01
 2.00733628E-01
 1.37037851E-01
 8.24955108E-02
 7.16690798E-02
 6.08581765E-02
 5.00627740E-02
 3.92828451E-02
 2.85183623E-02
 1.77692979E-02
 7.03562419E-03
 6.53936824E-07
 2.36895010E-06
 3.80370520E-06
 4.96411895E-06
 5.85615825E-06
 6.48584054E-06
 6.85923439E-06
 6.98246004E-06
 6.91731846E-06
 6.66654900E-06
 6.18413684E-06
 5.47641486E-06
 4.54977048E-06
 3.41064631E-06
 2.06554072E-06
 5.21008458E-07
 8.82211745E-07
 2.00756021E-06
 2.94923559E-06
 3.71403187E-06
 4.30880268E-06
 4.74046200E-06
 5.01598483E-06
 5.14240788E-06
 5.12683025E-06
 4.97641417E-06
 4.69838569E-06
 4.30003544E-06
 3.78871932E-06
 3.17185930E-06
 2.45694415E-06
 1.68516055E-06
 1.87227419E-06
 1.98271827E-06
 2.02425944E-06
 2.00473519E-06
 1.93205459E-06
 1.81419918E-06
 1.65922381E-06
 1.47525750E-06
 1.27050432E-06
 1.05324425E-06
 8.31834128E-07
 6.14708526E-07
 4.10380694E-07
 2.27443497E-07
 7.45703678E-08
 2.71887679E-07
 9.57444960E-07
 1.58557649E-06
 2.14727860E-06
 2.63346207E-06
 3.03495112E-06
 3.34248230E-06
 3.54670348E-06
 3.63817270E-06
 3.60735711E-06
 3.44463181E-06
 3.14027874E-06
 2.68448551E-06
 2.06734420E-06
 1.27885024E-06
 3.08901089E-07
 1.05374138E-06
 2.33954153E-06
 3.40940092E-06
 4.25282196E-06
 4.85920290E-06
 5.21783648E-06
 5.31790860E-06
 5.14849695E-06
 5.50741211E-06
 5.67284913E-06
 5.53415764E-06
 5.07997167E-06
 4.29880986E-06
 3.17907401E-06
 1.70904749E-06
 1.21912669E-07
 1.83320656E-06
 3.15313110E-06
 4.06949537E-06
 4.56998222E-06
 4.64214653E-06
 4.27341354E-06
 3.45107708E-06
 2.89119340E-06
 4.23042591E-06
 5.07304754E-06
 5.40582137E-06
 5.21537009E-06
 4.48817406E-06
 3.21056938E-06
 1.36874593E-06
 1.15006222E-06
 3.55144797E-06
 5.33926005E-06
 6.49910669E-06
 7.01643973E-06
 6.87655239E-06
 6.06457703E-06
 4.56548296E-06
 5.03835995E-06
 6.74038129E-06
 7.70327376E-06
 7.91135259E-06
 7.34875820E-06
 5.99945369E-06
 3.84722230E-06
 8.75664783E-07
 2.74876661E-06
 5.65433388E-06
 7.68071892E-06
 8.81080399E-06
 9.32785706E-06
 8.97236337E-06
 7.66758128E-06
 5.39559425E-06
 7.10882038E-06
 8.23317786E-06
 8.32865209E-06
 7.39000306E-06
 7.09776605E-06
 5.71764740E-06
 3.23024984E-06
 4.78377616E-07
 4.91043078E-06
 8.16441490E-06
 1.02200439E-05
 1.12348353E-05
 1.18220827E-05
 1.11474431E-05
 9.18963687E-06
 7.93267247E-06
 1.08882343E-05
 1.24862219E-05
 1.27043394E-05
 1.19203288E-05
 1.04484710E-05
 7.52684193E-06
 3.13202237E-06
 5.49918194E-05
 1.79471900E-04
 3.02253374E-04
 4.23312508E-04
 5.43306348E-04
 6.62148416E-04
 7.79193624E-04
 4.34546385E-04
 2.21484816E-04
 1.64591890E-04
 1.07699143E-04
 5.06640843E-05
 2.11894022E-05
 3.74243123E-06
 4.86892252E-07
 3.05653182E-08
 7.66712235E-08
 8.61955686E-08
 1.69030347E-05
 2.63380171E-06
 1.14944257E-07
 1.24592507E-07
 1.21519718E-08
 1.38760415E-08
 2.14942559E-08
 2.94140663E-08
 3.73463225E-08
 4.52215129E-08
 5.13906540E-08
 5.75726421E-08
 6.37674066E-08
 6.94848859E-08
 1.08177665E-06
 7.40918617E-08
 7.64101362E-08
 7.87396137E-08
 8.10755205E-08
 8.34249849E-08
 8.57879389E-08
 8.81590244E-08
 9.05314975E-08
 9.29176687E-08
 9.53174750E-08
 9.77313126E-08
 1.00159107E-07
 1.02601286E-07
 1.05057222E-07
 1.08113891E-07
 1.11848774E-07
 1.15598221E-07
 1.19362124E-07
 1.23140945E-07
 1.26934583E-07
 1.30742976E-07
 1.34566551E-07
 1.38404972E-07
 1.42258689E-07
 1.46127914E-07
 1.50012269E-07
 1.53912233E-07
 1.57828028E-07
 1.61759544E-07
 4.52953969E-08
 4.61350370E-08
 4.68247792E-08
 4.75190402E-08
 4.82169539E-08
 4.89194679E-08
 4.96257469E-08
 5.03367561E-08
 5.10519430E-08
 5.17713566E-08
 5.24950487E-08
 5.32231201E-08
 5.39555732E-08
 5.46928415E-08
 5.54340182E-08
 5.61800978E-08
 5.69308624E-08
 5.76856844E-08
 5.84456723E-08
 5.92098302E-08
 5.99792788E-08
 6.07530663E-08
 6.15312439E-08
 6.23149335E-08
 6.31031353E-08
 6.38963262E-08
 6.46941789E-08
 6.54971152E-08
 6.63048957E-08
 6.71179287E-08
 6.79363091E-08
 6.87597398E-08
 7.05695118E-08
 7.33660654E-08
 7.61683169E-08
 7.89755728E-08
 8.17882513E-08
 8.46061395E-08
 8.74300255E-08
 9.02589074E-08
 9.30931836E-08
 9.59333992E-08
 9.87792372E-08
 1.01630325E-07
 1.04487635E-07
 1.07350465E-07
 1.10219270E-07
 1.13093756E-07
 1.15974462E-07
 1.18861056E-07
 1.21753582E-07
 1.24652241E-07
 1.27557045E-07
 1.30468167E-07
 1.33385737E-07
 1.36309367E-07
 1.39239633E-07
 1.42176191E-07
 1.45119211E-07
 1.48069167E-07
 1.51025372E-07
 1.53988345E-07
 1.56958221E-07
 1.59935120E-07
 1.62918713E-07
 1.65909111E-07
 1.68907373E-07
 1.71911834E-07
 1.74924393E-07
 1.77943366E-07
 1.80970281E-07
 1.84004815E-07
 1.87046692E-07
 1.90095937E-07
 1.93153263E-07
 1.96218253E-07
 1.99290615E-07
 2.02371549E-07
 2.05460581E-07
 2.08557479E-07
 2.11662892E-07
 2.14776336E-07
 2.17898688E-07
 2.21029459E-07
 2.24168353E-07
 2.27316653E-07
 2.30473873E-07
 2.33639715E-07
 2.36814890E-07
 2.39999109E-07
 2.43192989E-07
 2.46396240E-07
 2.49609033E-07
 2.52831648E-07
 2.56064158E-07
 2.59306260E-07
 2.62559254E-07
 2.65821743E-07
 2.69095506E-07
 2.72379185E-07
 2.75673461E-07
 2.78979191E-07
 2.82296047E-07
 2.85624171E-07
 2.88963907E-07
 2.92314842E-07
 1.75493249E-07
 1.77701814E-07
 1.79913921E-07
 1.82128404E-07
 1.84346551E-07
 1.86567847E-07
 1.88792350E-07
 1.91020791E-07
 1.93251909E-07
 1.95487103E-07
 1.97725719E-07
 1.99967950E-07
 2.02213817E-07
 2.04464069E-07
 2.06717417E-07
 2.08975323E-07
 2.11237177E-07
 2.13502416E-07
 2.15772410E-07
 2.18047333E-07
 2.20325825E-07
 2.22609440E-07
 2.24897466E-07
 2.27190081E-07
 2.29487298E-07
 2.31790065E-07
 2.34097582E-07
 2.36410871E-07
 2.38729140E-07
 2.41053275E-07
 2.43382619E-07
 2.45718081E-07
 2.48059804E-07
 2.50407770E-07
 2.52762201E-07
 2.55123072E-07
 2.57491457E-07
 2.59866513E-07
 2.62248397E-07
 2.64638966E-07
 2.67037311E-07
 2.69443691E-07
 2.71859082E-07
 1.28569020E-07
 1.10368961E-07
 9.92298573E-08
 9.10870703E-08
 8.47072175E-08
 7.95172480E-08
 7.51994991E-08
 7.15538777E-08
 6.75900659E-08
 1.82981611E-07
 1.80323937E-07
 1.77747443E-07
 1.75241778E-07
 1.72797954E-07
 1.70408456E-07
 1.68068565E-07
 1.65772208E-07
 1.63517275E-07
 1.61298322E-07
 1.59113367E-07
 1.56959887E-07
 1.54835835E-07
 1.52738477E-07
 1.50666339E-07
 1.48618175E-07
 1.46592181E-07
 1.44587501E-07
 1.42603051E-07
 1.40637007E-07
 1.38689544E-07
 1.36758684E-07
 1.34845456E-07
 1.32946814E-07
 1.31064312E-07
 1.29197097E-07
 1.27342958E-07
 1.25503209E-07
 1.23676691E-07
 1.21863329E-07
 1.20061914E-07
 1.18273563E-07
 1.16496756E-07
 1.14731937E-07
 1.12978185E-07
 1.11237272E-07
 1.09506003E-07
 1.07786116E-07
 1.06077919E-07
 1.04379435E-07
 1.02692427E-07
 1.01015545E-07
 9.93490710E-08
 9.76931060E-08
 9.60477465E-08
 9.44132251E-08
 9.27887940E-08
 9.11746643E-08
 8.95724673E-08
 8.79791204E-08
 8.63978559E-08
 8.48272772E-08
 8.32673991E-08
 8.17182510E-08
 8.01808235E-08
 7.86552760E-08
 7.71416700E-08
 7.56391856E-08
 7.41488330E-08
 7.26718180E-08
 7.12072822E-08
 6.97563544E-08
 7.12499068E-08
 7.45174727E-08
 7.77984716E-08
 8.10952016E-08
 8.44081297E-08
 8.77365911E-08
 9.10810161E-08
 9.44441707E-08
 9.78257316E-08
 1.01226308E-07
 1.04645707E-07
 1.08088317E-07
 1.11551663E-07
 1.15039562E-07
 1.18550870E-07
 1.22089111E-07
 1.25655463E-07
 1.29250132E-07
 1.32877490E-07
 1.36537604E-07
 1.40233472E-07
 1.43968803E-07
 1.47744665E-07
 1.51565820E-07
 1.55434500E-07
 1.59354419E-07
 1.63332046E-07
 1.67370512E-07
 1.71476844E-07
 1.75656888E-07
 6.37282956E-08
 3.38343802E-03
 1.42102183E-02
 2.50369988E-02
 3.58637797E-02
 4.66905610E-02
 5.75173427E-02
 6.83441249E-02
 7.91709077E-02
 1.15663579E-01
 1.79478001E-01
 2.43292423E-01
 3.07106844E-01
 4.01140949E-01
 5.17943466E-01
 6.67243605E-01
 0.00000000E+00
 0.00000000E+00
 0.00000000E+00
 0.00000000E+00
 0.00000000E+00
 0.00000000E+00
 0.00000000E+00
 0.00000000E+00
 0.00000000E+00
 0.00000000E+00
 0.00000000E+00
 0.00000000E+00
 0.00000000E+00
 0.00000000E+00
 0.00000000E+00
 0.00000000E+00
 7.09582105E-01
 5.33689309E-01
 4.12587212E-01
 2.96550148E-01
 2.32696838E-01
 1.68933705E-01
 1.05260618E-01
 5.14381027E-02
 4.46871501E-02
 3.79460007E-02
 3.12146358E-02
 2.44930360E-02
 1.77811824E-02
 1.10790554E-02
 4.38663560E-03
 6.53130230E-07
 2.36470117E-06
 3.79591905E-06
 4.95270006E-06
 5.84101042E-06
 6.46686692E-06
 6.83633745E-06
 6.95554157E-06
 6.89055844E-06
 6.64385856E-06
 6.16540407E-06
 5.46152714E-06
 4.53861452E-06
 3.40310807E-06
 2.06150546E-06
 5.20360709E-07
 8.55146633E-07
 1.94051673E-06
 2.84215615E-06
 3.56685799E-06
 4.12147503E-06
 4.51292034E-06
 4.74816802E-06
 4.83425389E-06
 4.77827611E-06
 4.58739599E-06
 4.26883865E-06
 3.82989374E-06
 3.27791621E-06
 2.62032706E-06
 1.86461406E-06
 1.05454968E-06
 1.28344312E-06
 1.43548065E-06
 1.51842813E-06
 1.54012219E-06
 1.50847108E-06
 1.43145549E-06
 1.31712942E-06
 1.17362101E-06
 1.00913345E-06
 8.31945824E-07
 6.50414072E-07
 4.72971848E-07
 3.08131472E-07
 1.64484867E-07
 5.07045134E-08
 2.70979502E-07
 9.55460276E-07
 1.58266450E-06
 2.14358961E-06
 2.62914754E-06
 3.03016364E-06
 3.33737564E-06
 3.54143257E-06
 3.63289369E-06
 3.60222734E-06
 3.43980985E-06
 3.13592440E-06
 2.68075987E-06
 2.06440962E-06
 1.27687035E-06
 3.08040865E-07
 1.02702916E-06
 2.27656953E-06
 3.31038897E-06
 4.11799114E-06
 4.68877556E-06
 5.01203626E-06
 5.07696045E-06
 4.87262715E-06
 5.25906247E-06
 5.45980038E-06
 5.35654671E-06
 4.93793712E-06
 4.19249195E-06
 3.10861468E-06
 1.67459045E-06
 1.13724005E-07
 1.70335503E-06
 2.90197532E-06
 3.69739519E-06
 4.07729872E-06
 4.02924205E-06
 3.54065168E-06
 2.59882276E-06
 1.97587743E-06
 3.43536581E-06
 4.39829805E-06
 4.85143958E-06
 4.78141550E-06
 4.17470859E-06
 3.01765743E-06
 1.29645439E-06
 1.07602341E-06
 3.29706270E-06
 4.90499348E-06
 5.88542531E-06
 6.22381135E-06
 5.90544618E-06
 4.91546357E-06
 3.23883421E-06
 3.74034667E-06
 5.62122142E-06
 6.76298834E-06
 7.14996585E-06
 6.76629761E-06
 5.59595002E-06
 3.62270963E-06
 8.30180582E-07
 2.54945906E-06
 5.19077357E-06
 6.95351221E-06
 7.82055857E-06
 8.09830163E-06
 7.50861401E-06
 5.97021529E-06
 3.46519051E-06
 5.32827482E-06
 6.63497678E-06
 6.91286593E-06
 6.15774431E-06
 6.18086955E-06
 5.11603211E-06
 2.94383963E-06
 4.42518074E-07
 4.50121087E-06
 7.38261203E-06
 9.06643668E-06
 9.72389820E-06
 1.00170617E-05
 9.04902861E-06
 6.79852123E-06
 5.40380787E-06
 8.64835515E-06
 1.05353337E-05
 1.10424532E-05
 1.05782517E-05
 9.48294664E-06
 6.93779545E-06
 2.91938548E-06
 4.60617717E-05
 1.50149845E-04
 2.52563405E-04
 3.53278588E-04
 4.53004685E-04
 5.51650305E-04
 6.48522499E-04
 3.45964732E-04
 1.31382484E-04
 8.49507110E-05
 3.85191175E-05
 8.05225565E-06
 2.49566219E-05
 2.89089759E-05
 1.86279362E-05
 3.30116705E-06
 5.88356632E-08
 6.81772854E-08
 1.82275592E-05
 2.86268603E-06
 9.63707148E-08
 1.05832260E-07
 6.65470710E-09
 5.16142877E-09
 2.67835960E-09
 1.08416915E-08
 1.90180151E-08
 2.71316302E-08
 3.34072674E-08
 3.96961120E-08
 4.59976579E-08
 5.18055149E-08
 1.18812839E-06
 5.63649336E-08
 5.86591410E-08
 6.09643503E-08
 6.32760617E-08
 6.56007955E-08
 6.79394001E-08
 7.02859181E-08
 7.26327437E-08
 7.49934566E-08
 7.73679518E-08
 7.97564057E-08
 8.21592248E-08
 8.45760660E-08
 8.70073703E-08
 9.00838239E-08
 9.38902320E-08
 9.77108463E-08
 1.01546631E-07
 1.05396957E-07
 1.09262041E-07
 1.13142302E-07
 1.17037687E-07
 1.20948087E-07
 1.24874254E-07
 1.28815289E-07
 1.32772195E-07
 1.36744621E-07
 1.40732781E-07
 1.44737176E-07
 2.77835501E-08
 2.86291990E-08
 2.93132350E-08
 3.00012114E-08
 3.06937919E-08
 3.13901648E-08
 3.20909361E-08
 3.27959081E-08
 3.35054040E-08
 3.42192088E-08
 3.49373710E-08
 3.56599713E-08
 3.63870120E-08
 3.71186281E-08
 3.78545128E-08
 3.85950785E-08
 3.93400202E-08
 4.00897888E-08
 4.08441002E-08
 4.16033297E-08
 4.23672767E-08
 4.31355956E-08
 4.39090685E-08
 4.46870875E-08
 4.54704225E-08
 4.62584250E-08
 4.70511825E-08
 4.78494892E-08
 4.86523456E-08
 4.94605171E-08
 5.02737363E-08
 5.10921317E-08
 5.29084135E-08
 5.57222672E-08
 5.85418888E-08
 6.13669708E-08
 6.41968412E-08
 6.70327742E-08
 6.98736030E-08
 7.27203275E-08
 7.55728864E-08
 7.84302951E-08
 8.12938376E-08
 8.41631567E-08
 8.70383685E-08
 8.99191805E-08
 9.28060528E-08
 9.56983407E-08
 9.85972794E-08
 1.01501839E-07
 1.04412454E-07
 1.07329682E-07
 1.10252356E-07
 1.13182304E-07
 1.16117914E-07
 1.19059711E-07
 1.22008237E-07
 1.24963627E-07
 1.27925127E-07
 1.30893286E-07
 1.33868617E-07
 1.36850438E-07
 1.39838800E-07
 1.42834790E-07
 1.45837107E-07
 1.48846371E-07
 1.51863167E-07
 1.54887177E-07
 1.57918473E-07
 1.60957303E-07
 1.64002765E-07
 1.67056935E-07
 1.70117567E-07
 1.73186215E-07
 1.76263064E-07
 1.79347273E-07
 1.82439991E-07
 1.85540377E-07
 1.88649026E-07
 1.91765705E-07
 1.94890975E-07
 1.98024500E-07
 2.01166527E-07
 2.04317194E-07
 2.07476600E-07
 2.10644998E-07
 2.13821950E-07
 2.17008309E-07
 2.20203580E-07
 2.23408592E-07
 2.26622888E-07
 2.29846701E-07
 2.33079731E-07
 2.36323246E-07
 2.39576320E-07
 2.42839727E-07
 2.46113055E-07
 2.49397200E-07
 2.52691704E-07
 2.55996822E-07
 2.59312749E-07
 2.62639744E-07
 2.65978082E-07
 2.69327295E-07
 2.72688276E-07
 1.56220304E-07
 1.58439330E-07
 1.60661252E-07
 1.62886248E-07
 1.65114249E-07
 1.67346026E-07
 1.69581006E-07
 1.71818588E-07
 1.74060818E-07
 1.76305785E-07
 1.78554216E-07
 1.80806238E-07
 1.83061877E-07
 1.85321881E-07
 1.87585651E-07
 1.89852566E-07
 1.92124168E-07
 1.94399773E-07
 1.96679472E-07
 1.98962694E-07
 2.01250901E-07
 2.03544121E-07
 2.05841136E-07
 2.08143439E-07
 2.10449575E-07
 2.12761965E-07
 2.15078388E-07
 2.17400462E-07
 2.19727613E-07
 2.22059813E-07
 2.24398024E-07
 2.26742304E-07
 2.29091997E-07
 2.31447940E-07
 2.33810360E-07
 2.36179237E-07
 2.38554727E-07
 2.40937717E-07
 2.43327632E-07
 2.45725224E-07
 2.48129897E-07
 2.50542507E-07
 2.52964096E-07
 2.55394718E-07
 1.14130441E-07
 9.42046980E-08
 8.24997875E-08
 7.40441662E-08
 6.74562492E-08
 6.21155337E-08
 5.76805675E-08
 5.39412761E-08
 4.98969633E-08
 1.65840108E-07
 1.63159847E-07
 1.60562219E-07
 1.58037105E-07
 1.55574848E-07
 1.53169321E-07
 1.50813077E-07
 1.48503015E-07
 1.46233341E-07
 1.44001162E-07
 1.41803237E-07
 1.39638481E-07
 1.37501460E-07
 1.35393423E-07
 1.33310129E-07
 1.31251261E-07
 1.29213995E-07
 1.27199762E-07
 1.25205222E-07
 1.23229173E-07
 1.21272477E-07
 1.19333094E-07
 1.17410888E-07
 1.15503572E-07
 1.13612727E-07
 1.11736716E-07
 1.09874681E-07
 1.08026784E-07
 1.06192420E-07
 1.04371025E-07
 1.02562488E-07
 1.00766778E-07
 9.89823806E-08
 9.72103903E-08
 9.54505982E-08
 9.37013740E-08
 9.19636783E-08
 9.02370989E-08
 8.85213884E-08
 8.68173358E-08
 8.51231528E-08
 8.34404153E-08
 8.17678352E-08
 8.01056804E-08
 7.84547775E-08
 7.68145187E-08
 7.51842920E-08
 7.35649783E-08
 7.19567445E-08
 7.03588154E-08
 6.87712817E-08
 6.71951404E-08
 6.56295851E-08
 6.40764068E-08
 6.25340657E-08
 6.10034978E-08
 5.94838876E-08
 5.79771359E-08
 5.64825948E-08
 5.50012601E-08
 5.35324198E-08
 5.20771365E-08
 5.35850247E-08
 5.68765621E-08
 6.01825346E-08
 6.35033182E-08
 6.68401823E-08
 7.01936526E-08
 7.35632485E-08
 7.69506065E-08
 8.03574448E-08
 8.37835030E-08
 8.72295695E-08
 9.06967157E-08
 9.41858878E-08
 9.76998061E-08
 1.01238558E-07
 1.04802588E-07
 1.08395020E-07
 1.12018015E-07
 1.15671294E-07
 1.19359713E-07
 1.23083665E-07
 1.26846744E-07
 1.30650881E-07
 1.34500794E-07
 1.38398014E-07
 1.42348068E-07
 1.46355671E-07
 1.50425014E-07
 1.54562333E-07
 1.58773506E-07
 4.59990809E-08
 2.10953413E-03
 8.85987856E-03
 1.56102233E-02
 2.23605685E-02
 2.91109142E-02
 3.58612603E-02
 4.26116070E-02
 4.93619544E-02
 8.37505614E-02
 1.47560541E-01
 2.11370520E-01
 2.75180498E-01
 3.71532482E-01
 4.92402584E-01
 6.48267682E-01
 0.00000000E+00
 0.00000000E+00
 0.00000000E+00
 0.00000000E+00
 0.00000000E+00
 0.00000000E+00
 0.00000000E+00
 0.00000000E+00
 0.00000000E+00
 0.00000000E+00
 0.00000000E+00
 0.00000000E+00
 0.00000000E+00
 0.00000000E+00
 0.00000000E+00
 0.00000000E+00
 6.93448485E-01
 5.09595481E-01
 3.84440092E-01
 2.64705027E-01
 2.00874447E-01
 1.37134024E-01
 7.34836274E-02
 2.03809325E-02
 1.77054278E-02
 1.50340017E-02
 1.23666433E-02
 9.70334178E-03
 7.04408607E-03
 4.38886508E-03
 1.73766762E-03
 6.52525864E-07
 2.36065560E-06
 3.78833740E-06
 4.94148680E-06
 5.82606939E-06
 6.44810127E-06
 6.81364966E-06
 6.92883343E-06
 6.86400991E-06
 6.62138076E-06
 6.14688509E-06
 5.44685439E-06
 4.52767469E-06
 3.39578716E-06
 2.05768873E-06
 5.19932695E-07
 8.28302727E-07
 1.87369605E-06
 2.73530112E-06
 3.41991015E-06
 3.93437504E-06
 4.28560799E-06
 4.48058221E-06
 4.52633256E-06
 4.42995634E-06
 4.19861390E-06
 3.83952940E-06
 3.35999157E-06
 2.76735440E-06
 2.06903788E-06
 1.27252882E-06
 4.24185439E-07
 6.94859776E-07
 8.88491869E-07
 1.01284676E-06
 1.07576026E-06
 1.08513979E-06
 1.04896518E-06
 9.75289567E-07
 8.72240234E-07
 7.48019477E-07
 6.10905509E-07
 4.69253346E-07
 3.31495733E-07
 2.06144059E-07
 1.01789308E-07
 2.71030053E-08
 2.69805556E-07
 9.53208166E-07
 1.57948340E-06
 2.13962983E-06
 2.62456050E-06
 3.02510193E-06
 3.33199299E-06
 3.53588392E-06
 3.62733514E-06
 3.59681622E-06
 3.43470472E-06
 3.13128507E-06
 2.67674738E-06
 2.06118630E-06
 1.27459983E-06
 3.06888078E-07
 1.00002270E-06
 2.21330170E-06
 3.21107959E-06
 3.98286127E-06
 4.51804752E-06
 4.80593369E-06
 4.83570827E-06
 4.59645162E-06
 5.01040472E-06
 5.24644107E-06
 5.17862271E-06
 4.79558699E-06
 4.08585590E-06
 3.03783466E-06
 1.63981010E-06
 1.05209515E-07
 1.57317669E-06
 2.65049175E-06
 3.32496621E-06
 3.58428539E-06
 3.41600669E-06
 2.80755789E-06
 1.74623542E-06
 1.06022673E-06
 2.63996722E-06
 3.72320628E-06
 4.29671169E-06
 4.34711093E-06
 3.86088923E-06
 2.82438765E-06
 1.22380102E-06
 1.00162012E-06
 3.04231232E-06
 4.47036116E-06
 5.27137750E-06
 5.43081585E-06
 4.93397216E-06
 3.76598157E-06
 1.91181619E-06
 2.44196094E-06
 4.50168410E-06
 5.82232042E-06
 6.38819151E-06
 6.18344427E-06
 5.19204838E-06
 3.39779373E-06
 7.84287827E-07
 2.34974165E-06
 4.72680342E-06
 6.22589567E-06
 6.82990332E-06
 6.86833605E-06
 6.04445413E-06
 4.27243837E-06
 1.53437543E-06
 3.54731261E-06
 5.03635330E-06
 5.49665152E-06
 4.92505140E-06
 5.26353119E-06
 4.51396719E-06
 2.65697194E-06
 4.06193955E-07
 4.09152745E-06
 6.60034670E-06
 7.91236803E-06
 8.21250056E-06
 8.21158010E-06
 6.95015356E-06
 4.40694497E-06
 2.87448050E-06
 6.40800517E-06
 8.58396647E-06
 9.38007976E-06
 9.23567860E-06
 8.51691653E-06
 6.34823342E-06
 2.70622312E-06
 3.71313182E-05
 1.20827673E-04
 2.02873611E-04
 2.83245135E-04
 3.62703786E-04
 4.41153255E-04
 5.17852736E-04
 2.57385174E-04
 4.12825652E-05
 5.31048670E-06
 3.06614120E-05
 6.67705285E-05
 7.11063323E-05
 6.15659508E-05
 3.67765716E-05
 6.58143359E-06
 3.08818808E-08
 4.00410255E-08
 1.95620190E-05
 3.10165809E-06
 6.76803544E-08
 7.69556450E-08
 3.55712384E-08
 3.43083082E-08
 2.62471927E-08
 1.78397701E-08
 9.41983433E-09
 1.06762405E-09
 5.31492524E-09
 1.17103987E-08
 1.81187037E-08
 2.40173496E-08
 1.30457657E-06
 2.85294280E-08
 3.07995779E-08
 3.30809631E-08
 3.53680253E-08
 3.76687195E-08
 3.99827428E-08
 4.23046521E-08
 4.46260976E-08
 4.69615662E-08
 4.93107480E-08
 5.16743081E-08
 5.40518758E-08
 5.64439079E-08
 5.88500530E-08
 6.19470546E-08
 6.58247021E-08
 6.97169992E-08
 7.36240929E-08
 7.75461920E-08
 8.14832326E-08
 8.54353607E-08
 8.94027820E-08
 9.33854230E-08
 9.73834574E-08
 1.01397383E-07
 1.05426560E-07
 1.09471449E-07
 1.13532522E-07
 1.17609463E-07
 1.65153809E-10
 1.01660803E-09
 1.69466635E-09
 2.37732789E-09
 3.06377359E-09
 3.75463796E-09
 4.44968972E-09
 5.14929056E-09
 5.85288770E-09
 6.56084392E-09
 7.27353698E-09
 7.99070084E-09
 8.71208765E-09
 9.43810292E-09
 1.01687779E-08
 1.09038627E-08
 1.16434404E-08
 1.23878713E-08
 1.31369101E-08
 1.38906679E-08
 1.46494639E-08
 1.54127531E-08
 1.61812647E-08
 1.69540619E-08
 1.77322384E-08
 1.85151766E-08
 1.93032715E-08
 2.00962831E-08
 2.08943089E-08
 2.16977206E-08
 2.25059068E-08
 2.33193055E-08
 2.51421643E-08
 2.79737971E-08
 3.08105050E-08
 3.36531603E-08
 3.65006461E-08
 3.93539117E-08
 4.22130026E-08
 4.50772061E-08
 4.79473886E-08
 5.08229044E-08
 5.37042249E-08
 5.65914388E-08
 5.94846249E-08
 6.23831173E-08
 6.52881612E-08
 6.81987483E-08
 7.11152231E-08
 7.40382479E-08
 7.69674996E-08
 7.99025495E-08
 8.28440781E-08
 8.57916196E-08
 8.87458253E-08
 9.17063171E-08
 9.46736647E-08
 9.76470801E-08
 1.00627639E-07
 1.03614498E-07
 1.06607794E-07
 1.09608547E-07
 1.12615945E-07
 1.15630687E-07
 1.18652330E-07
 1.21680550E-07
 1.24716449E-07
 1.27759233E-07
 1.30809881E-07
 1.33867252E-07
 1.36932820E-07
 1.40005737E-07
 1.43086311E-07
 1.46174465E-07
 1.49270524E-07
 1.52374567E-07
 1.55486722E-07
 1.58606709E-07
 1.61734613E-07
 1.64871178E-07
 1.68016455E-07
 1.71170213E-07
 1.74332068E-07
 1.77502686E-07
 1.80682276E-07
 1.83870936E-07
 1.87068382E-07
 1.90274769E-07
 1.93490861E-07
 1.96716270E-07
 1.99951161E-07
 2.03195192E-07
 2.06449720E-07
 2.09713733E-07
 2.12987507E-07
 2.16271810E-07
 2.19566240E-07
 2.22871644E-07
 2.26187021E-07
 2.29513159E-07
 2.32850981E-07
 2.36198828E-07
 2.39558778E-07
 2.42929830E-07
 1.26818385E-07
 1.29047336E-07
 1.31279921E-07
 1.33515513E-07
 1.35753527E-07
 1.37995301E-07
 1.40240195E-07
 1.42488401E-07
 1.44739917E-07
 1.46994876E-07
 1.49253887E-07
 1.51515813E-07
 1.53781393E-07
 1.56051322E-07
 1.58324304E-07
 1.60601858E-07
 1.62882622E-07
 1.65168133E-07
 1.67457000E-07
 1.69750797E-07
 1.72048111E-07
 1.74350479E-07
 1.76657342E-07
 1.78968647E-07
 1.81284642E-07
 1.83605359E-07
 1.85930889E-07
 1.88262027E-07
 1.90598208E-07
 1.92939390E-07
 1.95285836E-07
 1.97638362E-07
 1.99997040E-07
 2.02361198E-07
 2.04731772E-07
 2.07108737E-07
 2.09492410E-07
 2.11882770E-07
 2.14279974E-07
 2.16684851E-07
 2.19096810E-07
 2.21516709E-07
 2.23944712E-07
 2.26380933E-07
 2.28826261E-07
 9.01378209E-08
 6.80342602E-08
 5.57084422E-08
 4.69196543E-08
 4.01141974E-08
 3.46155785E-08
 3.00605030E-08
 2.62244541E-08
 1.41392751E-07
 1.38589895E-07
 1.35886063E-07
 1.33267802E-07
 1.30722856E-07
 1.28243694E-07
 1.25820682E-07
 1.23448939E-07
 1.21123186E-07
 1.18840156E-07
 1.16593710E-07
 1.14383665E-07
 1.12205920E-07
 1.10057297E-07
 1.07936932E-07
 1.05842772E-07
 1.03772501E-07
 1.01726489E-07
 9.97007722E-08
 9.76965458E-08
 9.57114649E-08
 9.37452787E-08
 9.17965073E-08
 8.98645976E-08
 8.79489684E-08
 8.60499637E-08
 8.41655763E-08
 8.22947812E-08
 8.04389741E-08
 7.85971420E-08
 7.67679582E-08
 7.49513944E-08
 7.31486425E-08
 7.13570264E-08
 6.95775292E-08
 6.78100349E-08
 6.60542430E-08
 6.43097033E-08
 6.25768842E-08
 6.08547207E-08
 5.91439968E-08
 5.74437233E-08
 5.57546998E-08
 5.40757378E-08
 5.24077714E-08
 5.07508464E-08
 4.91037267E-08
 4.74680636E-08
 4.58431287E-08
 4.42291571E-08
 4.26254403E-08
 4.10336696E-08
 3.94515183E-08
 3.78815491E-08
 3.63221981E-08
 3.47752625E-08
 3.32391929E-08
 3.17158059E-08
 3.02043688E-08
 2.87060059E-08
 2.72189670E-08
 2.57462560E-08
 2.42861468E-08
 2.58077455E-08
 2.91237022E-08
 3.24530902E-08
 3.57992823E-08
 3.91606425E-08
 4.25386644E-08
 4.59338458E-08
 4.93469090E-08
 5.27784881E-08
 5.62293786E-08
 5.97015269E-08
 6.31936068E-08
 6.67092626E-08
 7.02484956E-08
 7.38140521E-08
 7.74051349E-08
 8.10248165E-08
 8.46740696E-08
 8.83552897E-08
 9.20699253E-08
 9.58225628E-08
 9.96125890E-08
 1.03445606E-07
 1.07324276E-07
 1.11251681E-07
 1.15230914E-07
 1.19268519E-07
 1.23367805E-07
 1.27536924E-07
 1.31780129E-07
 1.81533721E-08
 8.35797809E-04
 3.51027503E-03
 6.18475265E-03
 8.85923074E-03
 1.15337093E-02
 1.42081885E-02
 1.68826684E-02
 1.95571489E-02
 5.18419858E-02
 1.15647524E-01
 1.79453061E-01
 2.43258598E-01
 3.41928139E-01
 4.66865258E-01
 6.29294402E-01
 0.00000000E+00
 0.00000000E+00
 0.00000000E+00
 0.00000000E+00
 0.00000000E+00
 0.00000000E+00
 0.00000000E+00
 0.00000000E+00
 0.00000000E+00
 0.00000000E+00
 0.00000000E+00
 0.00000000E+00
 0.00000000E+00
 0.00000000E+00
 0.00000000E+00
 0.00000000E+00
 6.78716270E-01
 4.88302428E-01
 3.60491114E-01
 2.38453443E-01
 1.76038992E-01
 1.13712714E-01
 5.14744814E-02
 2.05662306E-07
 1.21437786E-06
 1.90139050E-06
 2.27222748E-06
 2.33246190E-06
 2.08771324E-06
 1.54364782E-06
 7.05979348E-07
 6.51307687E-07
 2.35599258E-06
 3.78013469E-06
 4.92964890E-06
 5.81050013E-06
 6.42870382E-06
 6.79032653E-06
 6.90148644E-06
 6.83681898E-06
 6.59825700E-06
 6.12771662E-06
 5.43152862E-06
 4.51607834E-06
 3.38780623E-06
 2.05320851E-06
 5.18837749E-07
 8.15256292E-07
 1.84168877E-06
 2.68424608E-06
 3.34971964E-06
 3.84496052E-06
 4.17688007E-06
 4.35245064E-06
 4.37870628E-06
 4.26274338E-06
 4.01172143E-06
 3.63286371E-06
 3.13345803E-06
 2.52085748E-06
 1.80248114E-06
 9.85814874E-07
 1.18501061E-07
 4.09914081E-07
 6.24127657E-07
 7.68905964E-07
 8.52083933E-07
 8.81568084E-07
 8.65337363E-07
 8.11443987E-07
 7.28014306E-07
 6.23249685E-07
 5.05427382E-07
 3.82901456E-07
 2.64103676E-07
 1.57544445E-07
 7.18137450E-08
 1.55820909E-08
 2.69438361E-07
 9.51768418E-07
 1.57712025E-06
 2.13649355E-06
 2.62080250E-06
 3.02087475E-06
 3.32745037E-06
 3.53118073E-06
 3.62262748E-06
 3.59226138E-06
 3.43046124E-06
 3.12751270E-06
 2.67360715E-06
 2.05884052E-06
 1.27321209E-06
 3.06623287E-07
 9.73910681E-07
 2.15093522E-06
 3.11267842E-06
 3.84864645E-06
 4.34824135E-06
 4.60075976E-06
 4.59539148E-06
 4.32121820E-06
 4.76269514E-06
 5.03403584E-06
 5.00165870E-06
 4.65420269E-06
 3.98019152E-06
 2.96803208E-06
 1.60601294E-06
 1.00285135E-07
 1.48818432E-06
 2.48573472E-06
 3.08074926E-06
 3.26091463E-06
 3.01378965E-06
 2.32680355E-06
 1.18725421E-06
 4.59989403E-07
 2.11841221E-06
 3.28044300E-06
 3.93285179E-06
 4.06226827E-06
 3.65517993E-06
 2.69793011E-06
 1.17671599E-06
 9.53433952E-07
 2.87553651E-06
 4.18538066E-06
 4.86857887E-06
 4.91058726E-06
 4.29670339E-06
 3.01206409E-06
 1.04164316E-06
 1.59052909E-06
 3.76737709E-06
 5.20523856E-06
 5.88843801E-06
 5.80112532E-06
 4.92727313E-06
 3.25067438E-06
 7.54939672E-07
 2.21571183E-06
 4.41435096E-06
 5.73551870E-06
 6.16210174E-06
 6.04673060E-06
 5.07405387E-06
 3.15371413E-06
 2.67800074E-07
 2.35806191E-06
 3.94365534E-06
 4.50068356E-06
 4.02703227E-06
 4.59539823E-06
 4.07574476E-06
 2.44868884E-06
 3.82054574E-07
 3.80888333E-06
 6.05983525E-06
 7.11462852E-06
 7.17186847E-06
 6.99116167E-06
 5.55050198E-06
 2.82861589E-06
 1.21153353E-06
 4.91923814E-06
 7.26952277E-06
 8.24010766E-06
 8.30112081E-06
 7.84465081E-06
 5.93831997E-06
 2.55872791E-06
 3.06264197E-05
 9.94668499E-05
 1.66674526E-04
 2.32225352E-04
 2.96933157E-04
 3.60696754E-04
 4.22727517E-04
 2.09859532E-04
 8.96742196E-06
 3.99955617E-05
 7.10235211E-05
 1.02186103E-04
 9.94693933E-05
 8.19524540E-05
 4.81710541E-05
 8.62391639E-06
 3.40044986E-08
 4.29788771E-08
 2.08652250E-05
 3.30953113E-06
 7.00576081E-08
 7.91443604E-08
 3.34181090E-08
 3.23882514E-08
 2.41079838E-08
 1.54592460E-08
 6.79765423E-09
 1.79076595E-09
 8.27744485E-09
 1.47771785E-08
 2.12901218E-08
 2.72770512E-08
 1.38996460E-06
 3.17416733E-08
 3.39874713E-08
 3.62447524E-08
 3.85073315E-08
 4.07834853E-08
 4.30733458E-08
 4.53703741E-08
 4.76663641E-08
 4.99763204E-08
 5.23001543E-08
 5.46385043E-08
 5.69908076E-08
 5.93577267E-08
 6.17391943E-08
 6.48562039E-08
 6.88052922E-08
 7.27689590E-08
 7.67476172E-08
 8.07411781E-08
 8.47498600E-08
 8.87738129E-08
 9.28129869E-08
 9.68675513E-08
 1.00937982E-07
 1.05023682E-07
 1.09125341E-07
 1.13242639E-07
 1.17376364E-07
 1.91667481E-09
 3.58937657E-09
 4.44638242E-09
 5.11853406E-09
 5.79478070E-09
 6.47542965E-09
 7.16031222E-09
 7.84939032E-09
 8.54312106E-09
 9.24087696E-09
 9.94307515E-09
 1.06500677E-08
 1.13612910E-08
 1.20771458E-08
 1.27973070E-08
 1.35222371E-08
 1.42519714E-08
 1.49859228E-08
 1.57248183E-08
 1.64687509E-08
 1.72170710E-08
 1.79698833E-08
 1.87279429E-08
 1.94909404E-08
 2.02586119E-08
 2.10314309E-08
 2.18090481E-08
 2.25919461E-08
 2.33798324E-08
 2.41727684E-08
 2.49711905E-08
 2.57744893E-08
 2.65827341E-08
 2.84009071E-08
 3.12276422E-08
 3.40599401E-08
 3.68974607E-08
 3.97407228E-08
 4.25890609E-08
 4.54432644E-08
 4.83031176E-08
 5.11686317E-08
 5.40399902E-08
 5.69168008E-08
 5.97996532E-08
 6.26881452E-08
 6.55828139E-08
 6.84834013E-08
 7.13899567E-08
 7.43021763E-08
 7.72209588E-08
 8.01460816E-08
 8.30776030E-08
 8.60147898E-08
 8.89585530E-08
 9.19090701E-08
 9.48655605E-08
 9.78290390E-08
 1.00799129E-07
 1.03775553E-07
 1.06758869E-07
 1.09749218E-07
 1.12746204E-07
 1.15750440E-07
 1.18761611E-07
 1.21779398E-07
 1.24804809E-07
 1.27837095E-07
 1.30877280E-07
 1.33924572E-07
 1.36979173E-07
 1.40041596E-07
 1.43111613E-07
 1.46188802E-07
 1.49274279E-07
 1.52367726E-07
 1.55468815E-07
 1.58578735E-07
 1.61696051E-07
 1.64821497E-07
 1.67956147E-07
 1.71098266E-07
 1.74249457E-07
 1.77409397E-07
 1.80578287E-07
 1.83755250E-07
 1.86941952E-07
 1.90137629E-07
 1.93342434E-07
 1.96556526E-07
 1.99779566E-07
 2.03012782E-07
 2.06255895E-07
 2.09508574E-07
 2.12770934E-07
 2.16043779E-07
 2.19326719E-07
 2.22620001E-07
 2.25923862E-07
 2.29237911E-07
 2.32563471E-07
 2.35900338E-07
 2.39247441E-07
 2.42606814E-07
 1.26833294E-07
 1.29050066E-07
 1.31270388E-07
 1.33493698E-07
 1.35720066E-07
 1.37949477E-07
 1.40182185E-07
 1.42418059E-07
 1.44657950E-07
 1.46900618E-07
 1.49146653E-07
 1.51396981E-07
 1.53650151E-07
 1.55907096E-07
 1.58168444E-07
 1.60432978E-07
 1.62701385E-07
 1.64973810E-07
 1.67250340E-07
 1.69531068E-07
 1.71816643E-07
 1.74105952E-07
 1.76399652E-07
 1.78697901E-07
 1.81000739E-07
 1.83308255E-07
 1.85620618E-07
 1.87938553E-07
 1.90261493E-07
 1.92588770E-07
 1.94922031E-07
 1.97261261E-07
 1.99605952E-07
 2.01956076E-07
 2.04312546E-07
 2.06675510E-07
 2.09044300E-07
 2.11420520E-07
 2.13802782E-07
 2.16192707E-07
 2.18589721E-07
 2.20994747E-07
 2.23406864E-07
 2.25827267E-07
 2.28256827E-07
 2.30694731E-07
 9.54093570E-08
 7.03670674E-08
 5.73333403E-08
 4.81677673E-08
 4.11110437E-08
 3.54270767E-08
 3.07240226E-08
 2.67674718E-08
 1.42417320E-07
 1.39633105E-07
 1.36951242E-07
 1.34356989E-07
 1.31837701E-07
 1.29384154E-07
 1.26990023E-07
 1.24647223E-07
 1.22352066E-07
 1.20099086E-07
 1.17884760E-07
 1.15705739E-07
 1.13560447E-07
 1.11445460E-07
 1.09358008E-07
 1.07297332E-07
 1.05261886E-07
 1.03250235E-07
 1.01259479E-07
 9.92902228E-08
 9.73407163E-08
 9.54097828E-08
 9.34968916E-08
 9.16011087E-08
 8.97222731E-08
 8.78592401E-08
 8.60116378E-08
 8.41779732E-08
 8.23590384E-08
 8.05536363E-08
 7.87618895E-08
 7.69837997E-08
 7.52173363E-08
 7.34643300E-08
 7.17226626E-08
 6.99925830E-08
 6.82754616E-08
 6.65694271E-08
 6.48741991E-08
 6.31907434E-08
 6.15186517E-08
 5.98567321E-08
 5.82059604E-08
 5.65664746E-08
 5.49370884E-08
 5.33187394E-08
 5.17114774E-08
 5.01148348E-08
 4.85295874E-08
 4.69552002E-08
 4.53908084E-08
 4.38376098E-08
 4.22962982E-08
 4.07663105E-08
 3.92468391E-08
 3.77405706E-08
 3.62442727E-08
 3.47614636E-08
 3.32906110E-08
 3.18318193E-08
 3.03861607E-08
 2.89529295E-08
 2.75351655E-08
 2.90299672E-08
 3.22786197E-08
 3.55427385E-08
 3.88216939E-08
 4.21168585E-08
 4.54287461E-08
 4.87579497E-08
 5.21049631E-08
 5.54717477E-08
 5.88568074E-08
 6.22632362E-08
 6.56909611E-08
 6.91423968E-08
 7.26163927E-08
 7.61169016E-08
 7.96430585E-08
 8.31981635E-08
 8.67844235E-08
 9.04016409E-08
 9.40539979E-08
 9.77433976E-08
 1.01470562E-07
 1.05241263E-07
 1.09057301E-07
 1.12922745E-07
 1.16842389E-07
 1.20818650E-07
 1.24858318E-07
 1.28967049E-07
 1.33151895E-07
 1.85759337E-08
 2.36386458E-08
 2.22544345E-08
 2.13150634E-08
 2.08730818E-08
 2.09887323E-08
 2.17353033E-08
 2.31976431E-08
 2.54780812E-08
 3.02251590E-02
 9.26254311E-02
 1.55025703E-01
 2.17425975E-01
 3.17011927E-01
 4.44614672E-01
 6.12206122E-01
 0.00000000E+00
 0.00000000E+00
 0.00000000E+00
 0.00000000E+00
 0.00000000E+00
 0.00000000E+00
 0.00000000E+00
 0.00000000E+00
 0.00000000E+00
 0.00000000E+00
 0.00000000E+00
 0.00000000E+00
 0.00000000E+00
 0.00000000E+00
 0.00000000E+00
 0.00000000E+00
 6.66659335E-01
 4.72356102E-01
 3.44556517E-01
 2.22880128E-01
 1.64541911E-01
 1.06286132E-01
 4.81126722E-02
 2.04372544E-07
 1.21338927E-06
 1.90060906E-06
 2.27155855E-06
 2.33181026E-06
 2.08698306E-06
 1.54274267E-06
 7.04802176E-07
 6.48733850E-07
 2.34996595E-06
 3.77056044E-06
 4.91643155E-06
 5.79354354E-06
 6.40791119E-06
 6.76560038E-06
 6.87272861E-06
 6.80820939E-06
 6.57370675E-06
 6.10711384E-06
 5.41476076E-06
 4.50303214E-06
 3.37836772E-06
 2.04726300E-06
 5.16269815E-07
 8.28349165E-07
 1.87594031E-06
 2.73951339E-06
 3.42585912E-06
 3.94182783E-06
 4.29433013E-06
 4.49033763E-06
 4.53688361E-06
 4.44106370E-06
 4.21003662E-06
 3.85102486E-06
 3.37131543E-06
 2.77826062E-06
 2.07927869E-06
 1.28185468E-06
 4.32430255E-07
 7.04409816E-07
 8.99088340E-07
 1.02422903E-06
 1.08766584E-06
 1.09730429E-06
 1.06112232E-06
 9.87171126E-07
 8.83576028E-07
 7.58537344E-07
 6.20331274E-07
 4.77310806E-07
 3.37906619E-07
 2.10628025E-07
 1.04063888E-07
 2.68835959E-08
 2.70852918E-07
 9.52122647E-07
 1.57656327E-06
 2.13517559E-06
 2.61887492E-06
 3.01849008E-06
 3.32476228E-06
 3.52834408E-06
 3.61979832E-06
 3.58959698E-06
 3.42812007E-06
 3.12565451E-06
 2.67239292E-06
 2.05843251E-06
 1.27377387E-06
 3.08319711E-07
 9.49773687E-07
 2.09055838E-06
 3.01628147E-06
 3.71645038E-06
 4.18046843E-06
 4.39763353E-06
 4.35713682E-06
 4.04806128E-06
 4.51707573E-06
 4.82373437E-06
 4.82681196E-06
 4.51494915E-06
 3.87667131E-06
 2.90038704E-06
 1.57438665E-06
 1.02510738E-07
 1.48975222E-06
 2.48684276E-06
 3.08159695E-06
 3.26170321E-06
 3.01472208E-06
 2.32808455E-06
 1.18909029E-06
 4.62202431E-07
 2.11995128E-06
 3.28152209E-06
 3.93368675E-06
 4.06307688E-06
 3.65618188E-06
 2.69934706E-06
 1.17877160E-06
 9.55629395E-07
 2.87704209E-06
 4.18642827E-06
 4.86940250E-06
 4.91142304E-06
 4.29778961E-06
 3.01364126E-06
 1.04395401E-06
 1.59270117E-06
 3.76884399E-06
 5.20625209E-06
 5.88925236E-06
 5.80199706E-06
 4.92846130E-06
 3.25244046E-06
 7.57547678E-07
 2.20745664E-06
 4.39152848E-06
 5.69842048E-06
 6.11102189E-06
 6.00508466E-06
 5.04664675E-06
 3.14081344E-06
 2.69676309E-07
 2.29880635E-06
 3.81718663E-06
 4.30738307E-06
 3.76832210E-06
 4.40341638E-06
 3.95071709E-06
 2.39084472E-06
 3.81598993E-07
 3.76918690E-06
 5.98126809E-06
 6.99756389E-06
 7.03037696E-06
 6.88808526E-06
 5.48613172E-06
 2.80324670E-06
 1.20298306E-06
 4.86571915E-06
 7.17144219E-06
 8.09787599E-06
 8.14594121E-06
 7.73365972E-06
 5.87183571E-06
 2.53707317E-06
 2.87524272E-05
 9.33048518E-05
 1.56229893E-04
 2.17503432E-04
 2.77991652E-04
 3.37588566E-04
 3.95457801E-04
 2.40696455E-04
 1.68466807E-05
 1.97647711E-05
 5.63760413E-05
 9.31193019E-05
 9.38776218E-05
 7.89117961E-05
 4.66661880E-05
 8.29491322E-06
 1.05639747E-07
 1.14424744E-07
 2.20997455E-05
 3.44887549E-06
 1.40929628E-07
 1.49823423E-07
 3.72271709E-08
 3.80195262E-08
 4.65140439E-08
 5.53995988E-08
 6.42979388E-08
 7.31176678E-08
 7.97040246E-08
 8.63033551E-08
 9.29160309E-08
 9.89873513E-08
 1.40689046E-06
 1.03403439E-07
 1.05624791E-07
 1.07857666E-07
 1.10095227E-07
 1.12346518E-07
 1.14611662E-07
 1.16883746E-07
 1.19153767E-07
 1.21437892E-07
 1.23736060E-07
 1.26048673E-07
 1.28375665E-07
 1.30716930E-07
 1.33073159E-07
 1.36210121E-07
 1.40229857E-07
 1.44264582E-07
 1.48314478E-07
 1.52379209E-07
 1.56459226E-07
 1.60554463E-07
 1.64665328E-07
 1.68791552E-07
 1.72933532E-07
 1.77091243E-07
 1.81264859E-07
 1.85454296E-07
 1.89660065E-07
 7.37219732E-08
 7.54508476E-08
 7.63132087E-08
 7.69789844E-08
 7.76489070E-08
 7.83233105E-08
 7.90016767E-08
 7.96843367E-08
 8.03716767E-08
 8.10634437E-08
 8.17593927E-08
 8.24598945E-08
 8.31650048E-08
 8.38748070E-08
 8.45890022E-08
 8.53080292E-08
 8.60312812E-08
 8.67594768E-08
 8.74923438E-08
 8.82302808E-08
 8.89724051E-08
 8.97197485E-08
 9.04720277E-08
 9.12290170E-08
 9.19911267E-08
 9.27584236E-08
 9.35302883E-08
 9.43074702E-08
 9.50897334E-08
 9.58771167E-08
 9.66701197E-08
 9.74676681E-08
 9.82709747E-08
 1.00062220E-07
 1.02841815E-07
 1.05626632E-07
 1.08416874E-07
 1.11212867E-07
 1.14014439E-07
 1.16821596E-07
 1.19634448E-07
 1.22452709E-07
 1.25276892E-07
 1.28107045E-07
 1.30942433E-07
 1.33784437E-07
 1.36632360E-07
 1.39485834E-07
 1.42345770E-07
 1.45211503E-07
 1.48083918E-07
 1.50961872E-07
 1.53846817E-07
 1.56737472E-07
 1.59635309E-07
 1.62539122E-07
 1.65449437E-07
 1.68366432E-07
 1.71290170E-07
 1.74220786E-07
 1.77157942E-07
 1.80101766E-07
 1.83053289E-07
 1.86010860E-07
 1.88976350E-07
 1.91948134E-07
 1.94928160E-07
 1.97914653E-07
 2.00908758E-07
 2.03910597E-07
 2.06919327E-07
 2.09936516E-07
 2.12960969E-07
 2.15993157E-07
 2.19032844E-07
 2.22081161E-07
 2.25137236E-07
 2.28201293E-07
 2.31273881E-07
 2.34354725E-07
 2.37443958E-07
 2.40541299E-07
 2.43647842E-07
 2.46762780E-07
 2.49886844E-07
 2.53019595E-07
 2.56161298E-07
 2.59312097E-07
 2.62472649E-07
 2.65642183E-07
 2.68821357E-07
 2.72010398E-07
 2.75208861E-07
 2.78417646E-07
 2.81636320E-07
 2.84865047E-07
 2.88104131E-07
 2.91353705E-07
 2.94614018E-07
 2.97884725E-07
 3.01166569E-07
 3.04459869E-07
 3.07764239E-07
 3.11079880E-07
 1.94451511E-07
 1.96616925E-07
 1.98786001E-07
 2.00957490E-07
 2.03132080E-07
 2.05310459E-07
 2.07491555E-07
 2.09675860E-07
 2.11864231E-07
 2.14055368E-07
 2.16250718E-07
 2.18449024E-07
 2.20651019E-07
 2.22856718E-07
 2.25066939E-07
 2.27280405E-07
 2.29497870E-07
 2.31718722E-07
 2.33944439E-07
 2.36174410E-07
 2.38407947E-07
 2.40646623E-07
 2.42889835E-07
 2.45136945E-07
 2.47388697E-07
 2.49646006E-07
 2.51907427E-07
 2.54174549E-07
 2.56445987E-07
 2.58723436E-07
 2.61006028E-07
 2.63294810E-07
 2.65588344E-07
 2.67888963E-07
 2.70194430E-07
 2.72507341E-07
 2.74826082E-07
 2.77151604E-07
 2.79483239E-07
 2.81823526E-07
 2.84170083E-07
 2.86524725E-07
 2.88887480E-07
 2.91257760E-07
 2.93637209E-07
 2.96025163E-07
 1.65704336E-07
 1.36202997E-07
 1.22343104E-07
 1.12733031E-07
 1.05371512E-07
 9.94530209E-08
 9.45566740E-08
 9.04320543E-08
 2.06549984E-07
 2.03869191E-07
 2.01294700E-07
 1.98809972E-07
 1.96401553E-07
 1.94061026E-07
 1.91780984E-07
 1.89552833E-07
 1.87373128E-07
 1.85236278E-07
 1.83140153E-07
 1.81079476E-07
 1.79051560E-07
 1.77055298E-07
 1.75088100E-07
 1.73146866E-07
 1.71231305E-07
 1.69340165E-07
 1.67470314E-07
 1.65622084E-07
 1.63793728E-07
 1.61984609E-07
 1.60193700E-07
 1.58420015E-07
 1.56663097E-07
 1.54921950E-07
 1.53197218E-07
 1.51486657E-07
 1.49790512E-07
 1.48108247E-07
 1.46439379E-07
 1.44784503E-07
 1.43141585E-07
 1.41511934E-07
 1.39894597E-07
 1.38288806E-07
 1.36695554E-07
 1.35113349E-07
 1.33542994E-07
 1.31983618E-07
 1.30436094E-07
 1.28898533E-07
 1.27372694E-07
 1.25858073E-07
 1.24354111E-07
 1.22860991E-07
 1.21378817E-07
 1.19907871E-07
 1.18446736E-07
 1.16997850E-07
 1.15558923E-07
 1.14132598E-07
 1.12716539E-07
 1.11311603E-07
 1.09918876E-07
 1.08537581E-07
 1.07168760E-07
 1.05811620E-07
 1.04467269E-07
 1.03134901E-07
 1.01815672E-07
 1.00509701E-07
 9.92174044E-08
 1.00610087E-07
 1.03619011E-07
 1.06643453E-07
 1.09682714E-07
 1.12738238E-07
 1.15810475E-07
 1.18901226E-07
 1.22008848E-07
 1.25136182E-07
 1.28281890E-07
 1.31450364E-07
 1.34639079E-07
 1.37851565E-07
 1.41088068E-07
 1.44349999E-07
 1.47639123E-07
 1.50957516E-07
 1.54305985E-07
 1.57686374E-07
 1.61101600E-07
 1.64554239E-07
 1.68045830E-07
 1.71580749E-07
 1.75161576E-07
 1.78792378E-07
 1.82476460E-07
 1.86218743E-07
 1.90025387E-07
 1.93900242E-07
 1.97852274E-07
 2.01887730E-07
 8.73976509E-08
 8.70634942E-08
 8.71765619E-08
 8.77913618E-08
 8.89668740E-08
 9.07787813E-08
 9.33123132E-08
 9.66690449E-08
 2.82493753E-02
 8.65704624E-02
 1.44891549E-01
 2.03212636E-01
 3.01040841E-01
 4.28634642E-01
 5.98713564E-01
 0.00000000E+00
 0.00000000E+00
 0.00000000E+00
 0.00000000E+00
 0.00000000E+00
 0.00000000E+00
 0.00000000E+00
 0.00000000E+00
 0.00000000E+00
 0.00000000E+00
 0.00000000E+00
 0.00000000E+00
 0.00000000E+00
 0.00000000E+00
 0.00000000E+00
 0.00000000E+00
 6.54602490E-01
 4.56409896E-01
 3.28622039E-01
 2.07306930E-01
 1.53044917E-01
 9.88596068E-02
 4.47508884E-02
 2.03276476E-07
 1.21259542E-06
 1.90002338E-06
 2.27108643E-06
 2.33135648E-06
 2.08645180E-06
 1.54203752E-06
 7.03826084E-07
 6.46362193E-07
 2.34414263E-06
 3.76119064E-06
 4.90341980E-06
 5.77679370E-06
 6.38732648E-06
 6.74108332E-06
 6.84418106E-06
 6.77981126E-06
 6.54936909E-06
 6.08672481E-06
 5.39820781E-06
 4.49020203E-06
 3.36914648E-06
 2.04153596E-06
 5.13921565E-07
 8.41662837E-07
 1.91041373E-06
 2.79500368E-06
 3.50222269E-06
 4.03892033E-06
 4.41200651E-06
 4.62845208E-06
 4.69528955E-06
 4.61961380E-06
 4.40858276E-06
 4.06941814E-06
 3.60940616E-06
 3.03589829E-06
 2.35631200E-06
 1.57813148E-06
 7.46597702E-07
 9.99145403E-07
 1.17429049E-06
 1.27979520E-06
 1.32349249E-06
 1.31328690E-06
 1.25715536E-06
 1.16314804E-06
 1.03938923E-06
 8.94078211E-07
 7.35490117E-07
 5.71976865E-07
 4.11968054E-07
 2.63971890E-07
 1.36576128E-07
 3.84490303E-08
 2.72001777E-07
 9.52209517E-07
 1.57573725E-06
 2.13358690E-06
 2.61667491E-06
 3.01583125E-06
 3.32179828E-06
 3.52522976E-06
 3.61668971E-06
 3.58665132E-06
 3.42549584E-06
 3.12351140E-06
 2.67089191E-06
 2.05773584E-06
 1.27404508E-06
 3.09723649E-07
 9.25342540E-07
 2.02988580E-06
 2.91958718E-06
 3.58395535E-06
 4.01239491E-06
 4.19420504E-06
 4.11857820E-06
 3.77459870E-06
 4.27114832E-06
 4.61312242E-06
 4.65165224E-06
 4.37538011E-06
 3.77283306E-06
 2.83242140E-06
 1.54243716E-06
 1.04410526E-07
 1.49099204E-06
 2.48762042E-06
 3.08211196E-06
 3.26215677E-06
 3.01531713E-06
 2.32902577E-06
 1.19058415E-06
 4.64070799E-07
 2.12114322E-06
 3.28225156E-06
 3.93416958E-06
 4.06353079E-06
 3.65682656E-06
 2.70040413E-06
 1.18046468E-06
 9.57459644E-07
 2.87817979E-06
 4.18710528E-06
 4.86985278E-06
 4.91188268E-06
 4.29849688E-06
 3.01483662E-06
 1.04588016E-06
 1.59448564E-06
 3.76992033E-06
 5.20687210E-06
 5.88967018E-06
 5.80246922E-06
 4.92924679E-06
 3.25380074E-06
 7.59746713E-07
 2.19878941E-06
 4.36829093E-06
 5.66090408E-06
 6.05952074E-06
 5.96301396E-06
 5.01881131E-06
 3.12748081E-06
 2.71116962E-07
 2.23911246E-06
 3.69027691E-06
 4.11363885E-06
 3.50916541E-06
 4.21098349E-06
 3.82523379E-06
 2.33254034E-06
 3.80678572E-07
 3.72902229E-06
 5.90222936E-06
 6.88002424E-06
 6.88840674E-06
 6.78452557E-06
 5.42127357E-06
 2.77738491E-06
 1.19393555E-06
 4.81169945E-06
 7.07285721E-06
 7.95513615E-06
 7.99024919E-06
 7.62215112E-06
 5.80482875E-06
 2.51489048E-06
 2.68779286E-05
 8.71424044E-05
 1.45784869E-04
 2.02781177E-04
 2.59049872E-04
 3.14480159E-04
 3.68187924E-04
 2.71518761E-04
 4.26469695E-05
 4.52984180E-07
 4.17408183E-05
 8.40639493E-05
 8.82968138E-05
 7.58817457E-05
 4.51717150E-05
 7.97613840E-06
 1.67082763E-07
 1.75679312E-07
 2.33442753E-05
 3.59838150E-06
 2.01611093E-07
 2.10312311E-07
 9.76892162E-08
 9.82440238E-08
 1.06952891E-07
 1.16075144E-07
 1.25210117E-07
 1.34261674E-07
 1.40947598E-07
 1.47646638E-07
 1.54359161E-07
 1.60514989E-07
 1.43398606E-06
 1.64882810E-07
 1.67080109E-07
 1.69288468E-07
 1.71501161E-07
 1.73727719E-07
 1.75968311E-07
 1.78215594E-07
 1.80459777E-07
 1.82718227E-07
 1.84990639E-07
 1.87277900E-07
 1.89579472E-07
 1.91895748E-07
 1.94226647E-07
 1.97383199E-07
 2.01474215E-07
 2.05580156E-07
 2.09700913E-07
 2.13837226E-07
 2.17988740E-07
 2.22155645E-07
 2.26337868E-07
 2.30536144E-07
 2.34749825E-07
 2.38979428E-07
 2.43225422E-07
 2.47486880E-07
 2.51764870E-07
 1.35346991E-07
 1.37132581E-07
 1.38000272E-07
 1.38659323E-07
 1.39322878E-07
 1.39990682E-07
 1.40662810E-07
 1.41339290E-07
 1.42020216E-07
 1.42705940E-07
 1.43395587E-07
 1.44090191E-07
 1.44789140E-07
 1.45492813E-07
 1.46201018E-07
 1.46913758E-07
 1.47631112E-07
 1.48353502E-07
 1.49080314E-07
 1.49812258E-07
 1.50548764E-07
 1.51290238E-07
 1.52036772E-07
 1.52788050E-07
 1.53544515E-07
 1.54305907E-07
 1.55072649E-07
 1.55844088E-07
 1.56620709E-07
 1.57402851E-07
 1.58189945E-07
 1.58982461E-07
 1.59780062E-07
 1.61545009E-07
 1.64277445E-07
 1.67014830E-07
 1.69758029E-07
 1.72507160E-07
 1.75261489E-07
 1.78021153E-07
 1.80787015E-07
 1.83558368E-07
 1.86335685E-07
 1.89118686E-07
 1.91907890E-07
 1.94702564E-07
 1.97503611E-07
 2.00310747E-07
 2.03123635E-07
 2.05943240E-07
 2.08768385E-07
 2.11600473E-07
 2.14438314E-07
 2.17283289E-07
 2.20134278E-07
 2.22991765E-07
 2.25855888E-07
 2.28726785E-07
 2.31604521E-07
 2.34488824E-07
 2.37379800E-07
 2.40277550E-07
 2.43183131E-07
 2.46094818E-07
 2.49014194E-07
 2.51940812E-07
 2.54874452E-07
 2.57815654E-07
 2.60764098E-07
 2.63720386E-07
 2.66683719E-07
 2.69655177E-07
 2.72633964E-07
 2.75621179E-07
 2.78615565E-07
 2.81618692E-07
 2.84629696E-07
 2.87648802E-07
 2.90676144E-07
 2.93711857E-07
 2.96756132E-07
 2.99809164E-07
 3.02870521E-07
 3.05940924E-07
 3.09020103E-07
 3.12108692E-07
 3.15205821E-07
 3.18312232E-07
 3.21428586E-07
 3.24553507E-07
 3.27688763E-07
 3.30833519E-07
 3.33987945E-07
 3.37152787E-07
 3.40327712E-07
 3.43512385E-07
 3.46707500E-07
 3.49913313E-07
 3.53130067E-07
 3.56357437E-07
 3.59596161E-07
 3.62845903E-07
 3.66106872E-07
 2.49780868E-07
 2.51892002E-07
 2.54005496E-07
 2.56122691E-07
 2.58242915E-07
 2.60366352E-07
 2.62493058E-07
 2.64623039E-07
 2.66755778E-07
 2.68892562E-07
 2.71032948E-07
 2.73176222E-07
 2.75323823E-07
 2.77474515E-07
 2.79629094E-07
 2.81787504E-07
 2.83949894E-07
 2.86116348E-07
 2.88286316E-07
 2.90461214E-07
 2.92639651E-07
 2.94822561E-07
 2.97009967E-07
 2.99201895E-07
 3.01398578E-07
 3.03599977E-07
 3.05805526E-07
 3.08016734E-07
 3.10233046E-07
 3.12454499E-07
 3.14681202E-07
 3.16912581E-07
 3.19150834E-07
 3.21394709E-07
 3.23643454E-07
 3.25899575E-07
 3.28161467E-07
 3.30430232E-07
 3.32705050E-07
 3.34987699E-07
 3.37276537E-07
 3.39573540E-07
 3.41877803E-07
 3.44191190E-07
 3.46511262E-07
 3.48841542E-07
 3.51179557E-07
 2.32574349E-07
 1.92009742E-07
 1.77230903E-07
 1.67150876E-07
 1.59471881E-07
 1.53310730E-07
 1.48215767E-07
 1.43920948E-07
 2.60501260E-07
 2.57925227E-07
 2.55457608E-07
 2.53081666E-07
 2.50784529E-07
 2.48556044E-07
 2.46389289E-07
 2.44275963E-07
 2.42212613E-07
 2.40192062E-07
 2.38212117E-07
 2.36269740E-07
 2.34360341E-07
 2.32482808E-07
 2.30634615E-07
 2.28813845E-07
 2.27018255E-07
 2.25246287E-07
 2.23497463E-07
 2.21770162E-07
 2.20062861E-07
 2.18375453E-07
 2.16706426E-07
 2.15054795E-07
 2.13419413E-07
 2.11800852E-07
 2.10198161E-07
 2.08610643E-07
 2.07037137E-07
 2.05478527E-07
 2.03932994E-07
 2.02401078E-07
 2.00882291E-07
 1.99376477E-07
 1.97882063E-07
 1.96400981E-07
 1.94930897E-07
 1.93473578E-07
 1.92026671E-07
 1.90592516E-07
 1.89168690E-07
 1.87756780E-07
 1.86355740E-07
 1.84964949E-07
 1.83586169E-07
 1.82218037E-07
 1.80860788E-07
 1.79515404E-07
 1.78179657E-07
 1.76856038E-07
 1.75543141E-07
 1.74241919E-07
 1.72951607E-07
 1.71673317E-07
 1.70405338E-07
 1.69150433E-07
 1.67907914E-07
 1.66677149E-07
 1.65458079E-07
 1.64252852E-07
 1.63059757E-07
 1.61880879E-07
 1.60715630E-07
 1.62005932E-07
 1.64774955E-07
 1.67559457E-07
 1.70358751E-07
 1.73175433E-07
 1.76007825E-07
 1.78858715E-07
 1.81727690E-07
 1.84615414E-07
 1.87522709E-07
 1.90451639E-07
 1.93403392E-07
 1.96376693E-07
 1.99375371E-07
 2.02399776E-07
 2.05451614E-07
 2.08531549E-07
 2.11643232E-07
 2.14786465E-07
 2.17965638E-07
 2.21181179E-07
 2.24436844E-07
 2.27736362E-07
 2.31082379E-07
 2.34477334E-07
 2.37927119E-07
 2.41435919E-07
 2.45008208E-07
 2.48650591E-07
 2.52370393E-07
 2.56174924E-07
 1.40967356E-07
 1.41682985E-07
 1.42849323E-07
 1.44520682E-07
 1.46757076E-07
 1.49634252E-07
 1.53237662E-07
 1.57670696E-07
 2.62738572E-02
 8.05163282E-02
 1.34758799E-01
 1.89001270E-01
 2.85071892E-01
 4.12656834E-01
 5.85222882E-01
 0.00000000E+00
 0.00000000E+00
 0.00000000E+00
 0.00000000E+00
 0.00000000E+00
 0.00000000E+00
 0.00000000E+00
 0.00000000E+00
 0.00000000E+00
 0.00000000E+00
 0.00000000E+00
 0.00000000E+00
 0.00000000E+00
 0.00000000E+00
 0.00000000E+00
 0.00000000E+00
 6.42545735E-01
 4.40463810E-01
 3.12687681E-01
 1.91733850E-01
 1.41548010E-01
 9.14331378E-02
 4.13891302E-02
 2.02374080E-07
 1.21199626E-06
 1.89963344E-06
 2.27081109E-06
 2.33110053E-06
 2.08611945E-06
 1.54153234E-06
 7.03051049E-07
 6.44192696E-07
 2.33852260E-06
 3.75202525E-06
 4.89061361E-06
 5.76025059E-06
 6.36694966E-06
 6.71677534E-06
 6.81584378E-06
 6.75162455E-06
 6.52524400E-06
 6.06654950E-06
 5.38186976E-06
 4.47758798E-06
 3.36014250E-06
 2.03602737E-06
 5.11792973E-07
 8.55197287E-07
 1.94510901E-06
 2.85071693E-06
 3.57881030E-06
 4.13623801E-06
 4.52990919E-06
 4.76679396E-06
 4.85392407E-06
 4.79839364E-06
 4.60735981E-06
 4.28804352E-06
 3.84773018E-06
 3.29377048E-06
 2.63358104E-06
 1.87464525E-06
 1.06100337E-06
 1.29412081E-06
 1.44973408E-06
 1.53560443E-06
 1.55956385E-06
 1.52951588E-06
 1.45343644E-06
 1.33937470E-06
 1.19545389E-06
 1.02987226E-06
 8.50903882E-07
 6.66899608E-07
 4.86287948E-07
 3.17576007E-07
 1.69350433E-07
 5.02783587E-08
 2.72884971E-07
 9.52029066E-07
 1.57464224E-06
 2.13172752E-06
 2.61420251E-06
 3.01289829E-06
 3.31855841E-06
 3.52183781E-06
 3.61330168E-06
 3.58342444E-06
 3.42258855E-06
 3.12108340E-06
 2.66910415E-06
 2.05675055E-06
 1.27402577E-06
 3.10835144E-07
 9.00617274E-07
 1.96891752E-06
 2.82259559E-06
 3.45116139E-06
 3.84402081E-06
 3.99047432E-06
 3.87971567E-06
 3.50083051E-06
 4.02491293E-06
 4.40220003E-06
 4.47617960E-06
 4.23549562E-06
 3.66867681E-06
 2.76413519E-06
 1.51016450E-06
 1.05984547E-07
 1.49190382E-06
 2.48806777E-06
 3.08229434E-06
 3.26227536E-06
 3.01557483E-06
 2.32962725E-06
 1.19173584E-06
 4.65594553E-07
 2.12198809E-06
 3.28263147E-06
 3.93430033E-06
 4.06363008E-06
 3.65711402E-06
 2.70110137E-06
 1.18179529E-06
 9.58924755E-07
 2.87894967E-06
 4.18741175E-06
 4.86992977E-06
 4.91196624E-06
 4.29882525E-06
 3.01565023E-06
 1.04742166E-06
 1.59588255E-06
 3.77060619E-06
 5.20709864E-06
 5.88969151E-06
 5.80254186E-06
 4.92962966E-06
 3.25475528E-06
 7.61536843E-07
 2.18971022E-06
 4.34463836E-06
 5.62296959E-06
 6.00759836E-06
 5.92051856E-06
 4.99054762E-06
 3.11371633E-06
 2.72122100E-07
 2.17898034E-06
 3.56292625E-06
 3.91945096E-06
 3.24956228E-06
 4.01809964E-06
 3.69929494E-06
 2.27377576E-06
 3.79293388E-07
 3.68838957E-06
 5.82271912E-06
 6.76200965E-06
 6.74595791E-06
 6.68048270E-06
 5.35592761E-06
 2.75103061E-06
 1.18439107E-06
 4.75717916E-06
 6.97376792E-06
 7.81188824E-06
 7.83404486E-06
 7.51012509E-06
 5.73729920E-06
 2.49217995E-06
 2.50029239E-05
 8.09795078E-05
 1.35339452E-04
 1.88058589E-04
 2.40107815E-04
 2.91371534E-04
 3.40917887E-04
 3.02396561E-04
 6.84334264E-05
 2.06576860E-05
 2.71178704E-05
 7.50200634E-05
 8.27269881E-05
 7.28623218E-05
 4.36876536E-05
 7.66761076E-06
 2.18315036E-07
 2.26722915E-07
 2.45988340E-05
 3.75806851E-06
 2.52083021E-07
 2.60591824E-07
 1.47948570E-07
 1.48266160E-07
 1.57189656E-07
 1.66548683E-07
 1.75920565E-07
 1.85203602E-07
 1.91989388E-07
 1.98788451E-07
 2.05600710E-07
 2.11840904E-07
 1.47127093E-06
 2.16160904E-07
 2.18334025E-07
 2.20518214E-07
 2.22706139E-07
 2.24908338E-07
 2.27124244E-07
 2.29346593E-07
 2.31565284E-07
 2.33797941E-07
 2.36045199E-07
 2.38307003E-07
 2.40583259E-07
 2.42874406E-07
 2.45180351E-07
 2.48356868E-07
 2.52519031E-07
 2.56696030E-07
 2.60888310E-07
 2.65096301E-07
 2.69319152E-07
 2.73557857E-07
 2.77811794E-07
 2.82081993E-07
 2.86367794E-07
 2.90669408E-07
 2.94987345E-07
 2.99321502E-07
 3.03671814E-07
 1.86772470E-07
 1.88614704E-07
 1.89487923E-07
 1.90140494E-07
 1.90797879E-07
 1.91459310E-07
 1.92125120E-07
 1.92795336E-07
 1.93470082E-07
 1.94149387E-07
 1.94833287E-07
 1.95521561E-07
 1.96214588E-07
 1.96911799E-07
 1.97613873E-07
 1.98320894E-07
 1.99032291E-07
 1.99748756E-07
 2.00470073E-07
 2.01195932E-07
 2.01926762E-07
 2.02662650E-07
 2.03403291E-07
 2.04148796E-07
 2.04899905E-07
 2.05655300E-07
 2.06416465E-07
 2.07182428E-07
 2.07953609E-07
 2.08730446E-07
 2.09511970E-07
 2.10298950E-07
 2.11091458E-07
 2.12830458E-07
 2.15515233E-07
 2.18205855E-07
 2.20901956E-07
 2.23603323E-07
 2.26310767E-07
 2.29023630E-07
 2.31742339E-07
 2.34467085E-07
 2.37197479E-07
 2.39933672E-07
 2.42675743E-07
 2.45424180E-07
 2.48178294E-07
 2.50938575E-07
 2.53705151E-07
 2.56478148E-07
 2.59256777E-07
 2.62042005E-07
 2.64833969E-07
 2.67632297E-07
 2.70437202E-07
 2.73248265E-07
 2.76066091E-07
 2.78890789E-07
 2.81722455E-07
 2.84560386E-07
 2.87405941E-07
 2.90257960E-07
 2.93117084E-07
 2.95983290E-07
 2.98856819E-07
 3.01737360E-07
 3.04625405E-07
 3.07520732E-07
 3.10423840E-07
 3.13334511E-07
 3.16252818E-07
 3.19178438E-07
 3.22112473E-07
 3.25053670E-07
 3.28003588E-07
 3.30961370E-07
 3.33927237E-07
 3.36901324E-07
 3.39883769E-07
 3.42874807E-07
 3.45874011E-07
 3.48882093E-07
 3.51899206E-07
 3.54924540E-07
 3.57959252E-07
 3.61003017E-07
 3.64055991E-07
 3.67118447E-07
 3.70189938E-07
 3.73271228E-07
 3.76361995E-07
 3.79462910E-07
 3.82573129E-07
 3.85694011E-07
 3.88825129E-07
 3.91966082E-07
 3.95117745E-07
 3.98280316E-07
 4.01453402E-07
 4.04637319E-07
 4.07832740E-07
 4.11038802E-07
 2.95019414E-07
 2.97075492E-07
 2.99134529E-07
 3.01197197E-07
 3.03262948E-07
 3.05331269E-07
 3.07403477E-07
 3.09478375E-07
 3.11557233E-07
 3.13638906E-07
 3.15724096E-07
 3.17812870E-07
 3.19905306E-07
 3.22000871E-07
 3.24100843E-07
 3.26204087E-07
 3.28311287E-07
 3.30422528E-07
 3.32537886E-07
 3.34657516E-07
 3.36780744E-07
 3.38908415E-07
 3.41040479E-07
 3.43177180E-07
 3.45317809E-07
 3.47463915E-07
 3.49614148E-07
 3.51769336E-07
 3.53929581E-07
 3.56094922E-07
 3.58265542E-07
 3.60441489E-07
 3.62623645E-07
 3.64810587E-07
 3.67003923E-07
 3.69203078E-07
 3.71408029E-07
 3.73619775E-07
 3.75838395E-07
 3.78063152E-07
 3.80295008E-07
 3.82534944E-07
 3.84781320E-07
 3.87035960E-07
 3.89299052E-07
 3.91569683E-07
 3.93848973E-07
 3.96137827E-07
 3.98436365E-07
 2.37794749E-07
 2.21983403E-07
 2.11403090E-07
 2.03393989E-07
 1.96983209E-07
 1.91684644E-07
 1.87216439E-07
 3.04254731E-07
 3.01781849E-07
 2.99420489E-07
 2.97153485E-07
 2.94966672E-07
 2.92850333E-07
 2.90796952E-07
 2.88798327E-07
 2.86849366E-07
 2.84945997E-07
 2.83083171E-07
 2.81257938E-07
 2.79466893E-07
 2.77708011E-07
 2.75978652E-07
 2.74277153E-07
 2.72601788E-07
 2.70950545E-07
 2.69322449E-07
 2.67715980E-07
 2.66130040E-07
 2.64563568E-07
 2.63016134E-07
 2.61486327E-07
 2.59973595E-07
 2.58477179E-07
 2.56997620E-07
 2.55531553E-07
 2.54081764E-07
 2.52645802E-07
 2.51223932E-07
 2.49814837E-07
 2.48419848E-07
 2.47036822E-07
 2.45666450E-07
 2.44308978E-07
 2.42963772E-07
 2.41629720E-07
 2.40307178E-07
 2.38996575E-07
 2.37698161E-07
 2.36410136E-07
 2.35133429E-07
 2.33868373E-07
 2.32614381E-07
 2.31370896E-07
 2.30139002E-07
 2.28918715E-07
 2.27708790E-07
 2.26510075E-07
 2.25322781E-07
 2.24146970E-07
 2.22982870E-07
 2.21829851E-07
 2.20688760E-07
 2.19559860E-07
 2.18442351E-07
 2.17338232E-07
 2.16245809E-07
 2.15166368E-07
 2.14100805E-07
 2.13048524E-07
 2.12009745E-07
 2.13197317E-07
 2.15726888E-07
 2.18270880E-07
 2.20830822E-07
 2.23408137E-07
 2.26001252E-07
 2.28612943E-07
 2.31242725E-07
 2.33891365E-07
 2.36560794E-07
 2.39250976E-07
 2.41963348E-07
 2.44698736E-07
 2.47458980E-07
 2.50246449E-07
 2.53060291E-07
 2.55902545E-07
 2.58776778E-07
 2.61683660E-07
 2.64625351E-07
 2.67605983E-07
 2.70625852E-07
 2.73689159E-07
 2.76799595E-07
 2.79959631E-07
 2.83175141E-07
 2.86449650E-07
 2.89789403E-07
 2.93198492E-07
 2.96686109E-07
 3.00258770E-07
 1.84329766E-07
 1.86095437E-07
 1.88314331E-07
 1.91042650E-07
 1.94340400E-07
 1.98283406E-07
 2.02957388E-07
 2.08467555E-07
 2.42986045E-02
 7.44630283E-02
 1.24627452E-01
 1.74791876E-01
 2.69105162E-01
 3.96681245E-01
 5.71734076E-01
 0.00000000E+00
 0.00000000E+00
 0.00000000E+00
 0.00000000E+00
 0.00000000E+00
 0.00000000E+00
 0.00000000E+00
 0.00000000E+00
 0.00000000E+00
 0.00000000E+00
 0.00000000E+00
 0.00000000E+00
 0.00000000E+00
 0.00000000E+00
 0.00000000E+00
 0.00000000E+00
 6.30489070E-01
 4.24517843E-01
 2.96753443E-01
 1.76160888E-01
 1.30051190E-01
 8.40067251E-02
 3.80273975E-02
 2.01665337E-07
 1.21159178E-06
 1.89943920E-06
 2.27073250E-06
 2.33104240E-06
 2.08598597E-06
 1.54122711E-06
 7.02477050E-07
 6.42225334E-07
 2.33310582E-06
 3.74306427E-06
 4.87801296E-06
 5.74391418E-06
 6.34678071E-06
 6.69267640E-06
 6.78771673E-06
 6.72364924E-06
 6.50133146E-06
 6.04658790E-06
 5.36574656E-06
 4.46518997E-06
 3.35135574E-06
 2.03073720E-06
 5.09884012E-07
 8.68952486E-07
 1.98002612E-06
 2.90665309E-06
 3.65562195E-06
 4.23378083E-06
 4.64803814E-06
 4.90536325E-06
 5.01278715E-06
 4.97740319E-06
 4.80636775E-06
 4.50690097E-06
 4.08628748E-06
 3.55187714E-06
 2.91108578E-06
 2.17139596E-06
 1.37564724E-06
 1.58933601E-06
 1.72541907E-06
 1.79165669E-06
 1.79587989E-06
 1.74599121E-06
 1.64996555E-06
 1.51585106E-06
 1.35176997E-06
 1.16591945E-06
 9.66572538E-07
 7.62079000E-07
 5.60866264E-07
 3.71440344E-07
 2.02386770E-07
 6.23715485E-08
 2.73502533E-07
 9.51581325E-07
 1.57327826E-06
 2.12959749E-06
 2.61145773E-06
 3.00969124E-06
 3.31504271E-06
 3.51816825E-06
 3.60963427E-06
 3.57991638E-06
 3.41939827E-06
 3.11837057E-06
 2.66702969E-06
 2.05547667E-06
 1.27371597E-06
 3.11654231E-07
 8.75597930E-07
 1.90765358E-06
 2.72530673E-06
 3.31806855E-06
 3.67534619E-06
 3.78644141E-06
 3.64054927E-06
 3.22675674E-06
 3.77836961E-06
 4.19096724E-06
 4.30039407E-06
 4.09529573E-06
 3.56420262E-06
 2.69552845E-06
 1.47756871E-06
 1.07232842E-07
 1.49248762E-06
 2.48818485E-06
 3.08214413E-06
 3.26205902E-06
 3.01549524E-06
 2.32988904E-06
 1.19254542E-06
 4.66773744E-07
 2.12248594E-06
 3.28266186E-06
 3.93407903E-06
 4.06337477E-06
 3.65704432E-06
 2.70143883E-06
 1.18276348E-06
 9.60024778E-07
 2.87935177E-06
 4.18734773E-06
 4.86963351E-06
 4.91167377E-06
 4.29877477E-06
 3.01608213E-06
 1.04857858E-06
 1.59689196E-06
 3.77090161E-06
 5.20693177E-06
 5.88931643E-06
 5.80221503E-06
 4.92960998E-06
 3.25530414E-06
 7.62918126E-07
 2.18021912E-06
 4.32057084E-06
 5.58461705E-06
 5.95525480E-06
 5.87759854E-06
 4.96185574E-06
 3.09952004E-06
 2.72691792E-07
 2.11841004E-06
 3.43513474E-06
 3.72481949E-06
 2.98951279E-06
 3.82476488E-06
 3.57290061E-06
 2.21455106E-06
 3.77443515E-07
 3.64728881E-06
 5.74273746E-06
 6.64352019E-06
 6.60303054E-06
 6.57595671E-06
 5.29009390E-06
 2.72418388E-06
 1.17434973E-06
 4.70215833E-06
 6.87417440E-06
 7.66813234E-06
 7.67732829E-06
 7.39758172E-06
 5.66924714E-06
 2.46894166E-06
 2.31274132E-05
 7.48161621E-05
 1.24893644E-04
 1.73335666E-04
 2.21165482E-04
 2.68262690E-04
 3.13647690E-04
 3.33216132E-04
 9.42060338E-05
 4.08493160E-05
 1.25072160E-05
 6.59876629E-05
 7.71681639E-05
 6.98535436E-05
 4.22140233E-05
 7.36934964E-06
 2.59317010E-07
 2.67536730E-07
 2.58634403E-05
 3.92795519E-06
 2.92326141E-07
 3.00643050E-07
 1.87986480E-07
 1.88066960E-07
 1.97205122E-07
 2.06800968E-07
 2.16409808E-07
 2.25924569E-07
 2.32810292E-07
 2.39709218E-07
 2.46621490E-07
 2.52946354E-07
 1.51876410E-06
 2.57218703E-07
 2.59367720E-07
 2.61527590E-07
 2.63691303E-07
 2.65868742E-07
 2.68060525E-07
 2.70258274E-07
 2.72451345E-07
 2.74658535E-07
 2.76880475E-07
 2.79117151E-07
 2.81368213E-07
 2.83634310E-07
 2.85915136E-07
 2.89112226E-07
 2.93345352E-07
 2.97594023E-07
 3.01857880E-07
 3.06137125E-07
 3.10431672E-07
 3.14742003E-07
 3.19068273E-07
 3.23410182E-07
 3.27768190E-07
 3.32142189E-07
 3.36532158E-07
 3.40938544E-07
 2.26085624E-07
 2.27979928E-07
 2.29878372E-07
 2.30757301E-07
 2.31403557E-07
 2.32054401E-07
 2.32709629E-07
 2.33369312E-07
 2.34033484E-07
 2.34701909E-07
 2.35374947E-07
 2.36052685E-07
 2.36735151E-07
 2.37421836E-07
 2.38113361E-07
 2.38809537E-07
 2.39510724E-07
 2.40216042E-07
 2.40926488E-07
 2.41642182E-07
 2.42362174E-07
 2.43087540E-07
 2.43817346E-07
 2.44552686E-07
 2.45292580E-07
 2.46037499E-07
 2.46787832E-07
 2.47543321E-07
 2.48304006E-07
 2.49070011E-07
 2.49841045E-07
 2.50617568E-07
 2.51399252E-07
 2.52186570E-07
 2.53898702E-07
 2.56536473E-07
 2.59180133E-07
 2.61829067E-07
 2.64483661E-07
 2.67143667E-07
 2.69809983E-07
 2.72481870E-07
 2.75159440E-07
 2.77842810E-07
 2.80532418E-07
 2.83228029E-07
 2.85929311E-07
 2.88636759E-07
 2.91350875E-07
 2.94070577E-07
 2.96796784E-07
 2.99529588E-07
 3.02268665E-07
 3.05013753E-07
 3.07765757E-07
 3.10524392E-07
 3.13289356E-07
 3.16061181E-07
 3.18839927E-07
 3.21625380E-07
 3.24417640E-07
 3.27216806E-07
 3.30022985E-07
 3.32836283E-07
 3.35656937E-07
 3.38484512E-07
 3.41319666E-07
 3.44162007E-07
 3.47012212E-07
 3.49869441E-07
 3.52734772E-07
 3.55607454E-07
 3.58488004E-07
 3.61376195E-07
 3.64272593E-07
 3.67177433E-07
 3.70090253E-07
 3.73010823E-07
 3.75939729E-07
 3.78877664E-07
 3.81823807E-07
 3.84778296E-07
 3.87741833E-07
 3.90714003E-07
 3.93695097E-07
 3.96685175E-07
 3.99685027E-07
 4.02693737E-07
 4.05711513E-07
 4.08739064E-07
 4.11776060E-07
 4.14823167E-07
 4.17879610E-07
 4.20946066E-07
 4.24023275E-07
 4.27110408E-07
 4.30208156E-07
 4.33316190E-07
 4.36434758E-07
 4.39564580E-07
 4.42705448E-07
 4.45856855E-07
 4.49020310E-07
 3.32148751E-07
 3.34153101E-07
 3.36161062E-07
 3.38172157E-07
 3.40186435E-07
 3.42203281E-07
 3.44224062E-07
 3.46247582E-07
 3.48274536E-07
 3.50305575E-07
 3.52339673E-07
 3.54376693E-07
 3.56418143E-07
 3.58462725E-07
 3.60511159E-07
 3.62563604E-07
 3.64619384E-07
 3.66680009E-07
 3.68744125E-07
 3.70812575E-07
 3.72884679E-07
 3.74961217E-07
 3.77042425E-07
 3.79128185E-07
 3.81218737E-07
 3.83313458E-07
 3.85413025E-07
 3.87517614E-07
 3.89627411E-07
 3.91741701E-07
 3.93861942E-07
 3.95987730E-07
 3.98118194E-07
 4.00255143E-07
 4.02397770E-07
 4.04547086E-07
 4.06701556E-07
 4.08862910E-07
 4.11031140E-07
 4.13206559E-07
 4.15388272E-07
 4.17577322E-07
 4.19774636E-07
 4.21978634E-07
 4.24191926E-07
 4.26413023E-07
 4.28642792E-07
 4.30882301E-07
 4.33130637E-07
 2.73570874E-07
 2.56588517E-07
 2.45473119E-07
 2.37119586E-07
 2.30450838E-07
 2.24943573E-07
 2.20299012E-07
 3.37789814E-07
 3.35420479E-07
 3.33164589E-07
 3.31005594E-07
 3.28929217E-07
 3.26924921E-07
 3.24984810E-07
 3.23100772E-07
 3.21267076E-07
 3.19478691E-07
 3.17732773E-07
 3.16025611E-07
 3.14352598E-07
 3.12712037E-07
 3.11102385E-07
 3.09519886E-07
 3.07964434E-07
 3.06433121E-07
 3.04925374E-07
 3.03439293E-07
 3.01975056E-07
 3.00529632E-07
 2.99104143E-07
 2.97695748E-07
 2.96305148E-07
 2.94931776E-07
 2.93573702E-07
 2.92231111E-07
 2.90903295E-07
 2.89590324E-07
 2.88291657E-07
 2.87006146E-07
 2.85733842E-07
 2.84475207E-07
 2.83228948E-07
 2.81994797E-07
 2.80772537E-07
 2.79563263E-07
 2.78365398E-07
 2.77179196E-07
 2.76005031E-07
 2.74841021E-07
 2.73689645E-07
 2.72548981E-07
 2.71419990E-07
 2.70302126E-07
 2.69194954E-07
 2.68099252E-07
 2.67014501E-07
 2.65941656E-07
 2.64880175E-07
 2.63829177E-07
 2.62790734E-07
 2.61763982E-07
 2.60748276E-07
 2.59745593E-07
 2.58755056E-07
 2.57776083E-07
 2.56810615E-07
 2.55858005E-07
 2.54918321E-07
 2.53992894E-07
 2.53080899E-07
 2.54165959E-07
 2.56455304E-07
 2.58760289E-07
 2.61080081E-07
 2.63417294E-07
 2.65771372E-07
 2.68144116E-07
 2.70535061E-07
 2.72944968E-07
 2.75374606E-07
 2.77826213E-07
 2.80300859E-07
 2.82798602E-07
 2.85320842E-07
 2.87869174E-07
 2.90445462E-07
 2.93051707E-07
 2.95688927E-07
 2.98358394E-07
 3.01064438E-07
 3.03807744E-07
 3.06592145E-07
 3.09419785E-07
 3.12295053E-07
 3.15220608E-07
 3.18201554E-07
 3.21242288E-07
 3.24348296E-07
 3.27525558E-07
 3.30780670E-07
 3.34122091E-07
 2.17464122E-07
 2.20279619E-07
 2.23553021E-07
 2.27337036E-07
 2.31697201E-07
 2.36704789E-07
 2.42450600E-07
 2.49037368E-07
 2.23236169E-02
 6.84105623E-02
 1.14497508E-01
 1.60584453E-01
 2.53140648E-01
 3.80707877E-01
 5.58247144E-01
 0.00000000E+00
 0.00000000E+00
 0.00000000E+00
 0.00000000E+00
 0.00000000E+00
 0.00000000E+00
 0.00000000E+00
 0.00000000E+00
 0.00000000E+00
 0.00000000E+00
 0.00000000E+00
 0.00000000E+00
 0.00000000E+00
 0.00000000E+00
 0.00000000E+00
 0.00000000E+00
 6.18432496E-01
 4.08571997E-01
 2.80819326E-01
 1.60588044E-01
 1.18554458E-01
 7.65803689E-02
 3.46656903E-02
 2.01150227E-07
 1.21138196E-06
 1.89944067E-06
 2.27085066E-06
 2.33118206E-06
 2.08605135E-06
 1.54112181E-06
 7.02104063E-07
 6.40460086E-07
 2.32789229E-06
 3.73430766E-06
 4.86561784E-06
 5.72778445E-06
 6.32681961E-06
 6.66878649E-06
 6.75979990E-06
 6.69588531E-06
 6.47763144E-06
 6.02683997E-06
 5.34983821E-06
 4.45300798E-06
 3.34278618E-06
 2.02566543E-06
 5.08194662E-07
 8.82928413E-07
 2.01516503E-06
 2.96281216E-06
 3.73265760E-06
 4.33154877E-06
 4.76639334E-06
 5.04415992E-06
 5.17187877E-06
 5.15664244E-06
 5.00560656E-06
 4.72599047E-06
 4.32507802E-06
 3.81021826E-06
 3.18882620E-06
 2.46838357E-06
 1.69052927E-06
 1.88479098E-06
 2.00134544E-06
 2.04795197E-06
 2.03244059E-06
 1.96271285E-06
 1.84674265E-06
 1.69257711E-06
 1.50833744E-06
 1.30221976E-06
 1.08249605E-06
 8.57515010E-07
 6.35702978E-07
 4.25564871E-07
 2.35685106E-07
 7.47285683E-08
 2.73854495E-07
 9.50866331E-07
 1.57164535E-06
 2.12719683E-06
 2.60844063E-06
 3.00621013E-06
 3.31125120E-06
 3.51422112E-06
 3.60568751E-06
 3.57612716E-06
 3.41592501E-06
 3.11537292E-06
 2.66466856E-06
 2.05391425E-06
 1.27311572E-06
 3.12180948E-07
 8.50284548E-07
 1.84609402E-06
 2.62772064E-06
 3.18467686E-06
 3.50637108E-06
 3.58210635E-06
 3.40107905E-06
 2.95237745E-06
 3.53151840E-06
 3.97942409E-06
 4.12429570E-06
 3.95478047E-06
 3.45941052E-06
 2.62660124E-06
 1.44464985E-06
 1.08155457E-07
 1.49274349E-06
 2.48797169E-06
 3.08166138E-06
 3.26150780E-06
 3.01507840E-06
 2.32981118E-06
 1.19301293E-06
 4.67608421E-07
 2.12263681E-06
 3.28234279E-06
 3.93350575E-06
 4.06276494E-06
 3.65661749E-06
 2.70141657E-06
 1.18336930E-06
 9.60759764E-07
 2.87938616E-06
 4.18691327E-06
 4.86896406E-06
 4.91100533E-06
 4.29834550E-06
 3.01613239E-06
 1.04935096E-06
 1.59751393E-06
 3.77080665E-06
 5.20637156E-06
 5.88854498E-06
 5.80148879E-06
 4.92918782E-06
 3.25544737E-06
 7.63890627E-07
 2.17031618E-06
 4.29608843E-06
 5.54584654E-06
 5.90249015E-06
 5.83425395E-06
 4.93273573E-06
 3.08489204E-06
 2.72826109E-07
 2.05740163E-06
 3.30690243E-06
 3.52974450E-06
 2.72901699E-06
 3.63097931E-06
 3.44605088E-06
 2.15486631E-06
 3.75129028E-07
 3.60572010E-06
 5.66228444E-06
 6.52455594E-06
 6.45962470E-06
 6.47094770E-06
 5.22377253E-06
 2.69684480E-06
 1.16381159E-06
 4.64663706E-06
 6.77407673E-06
 7.52386854E-06
 7.52009957E-06
 7.28452111E-06
 5.60067265E-06
 2.44517570E-06
 2.12513966E-05
 6.86523673E-05
 1.14447445E-04
 1.58612410E-04
 2.02222873E-04
 2.45153628E-04
 2.86377332E-04
 3.25868516E-04
 1.20076523E-04
 6.10278562E-05
 2.09112622E-06
 5.69667665E-05
 7.16203596E-05
 6.68554296E-05
 4.07508431E-05
 7.08137411E-06
 2.90069584E-07
 2.98101441E-07
 2.71381139E-05
 4.10806093E-06
 3.22321246E-07
 3.30446576E-07
 2.17783850E-07
 2.17627107E-07
 2.26979964E-07
 2.36812840E-07
 2.46658865E-07
 2.56405376E-07
 2.63390868E-07
 2.70389907E-07
 2.77402443E-07
 2.83812018E-07
 1.57648423E-06
 2.88037047E-07
 2.90162021E-07
 2.92298099E-07
 2.94436969E-07
 2.96590179E-07
 2.98757888E-07
 3.00931096E-07
 3.03098594E-07
 3.05280854E-07
 3.07477575E-07
 3.09688917E-07
 3.11915072E-07
 3.14156197E-07
 3.16412243E-07
 3.19629673E-07
 3.23934090E-07
 3.28254218E-07
 3.32589700E-07
 3.36940504E-07
 3.41307069E-07
 3.45689334E-07
 3.50087478E-07
 3.54501432E-07
 3.58931660E-07
 3.63378136E-07
 3.67840725E-07
 3.72319976E-07
 2.56999196E-07
 2.58949806E-07
 2.60905200E-07
 2.61789119E-07
 2.62429174E-07
 2.63073938E-07
 2.63722815E-07
 2.64376227E-07
 2.65034468E-07
 2.65696757E-07
 2.66363719E-07
 2.67035439E-07
 2.67711651E-07
 2.68392435E-07
 2.69077848E-07
 2.69768268E-07
 2.70463462E-07
 2.71163179E-07
 2.71867780E-07
 2.72577357E-07
 2.73291971E-07
 2.74011368E-07
 2.74735957E-07
 2.75465486E-07
 2.76199666E-07
 2.76939579E-07
 2.77684329E-07
 2.78434275E-07
 2.79189542E-07
 2.79949837E-07
 2.80715624E-07
 2.81486573E-07
 2.82263154E-07
 2.83045475E-07
 2.84731696E-07
 2.87322294E-07
 2.89918855E-07
 2.92520348E-07
 2.95128060E-07
 2.97741619E-07
 3.00360789E-07
 3.02985639E-07
 3.05616286E-07
 3.08253211E-07
 3.10896097E-07
 3.13545027E-07
 3.16199754E-07
 3.18860764E-07
 3.21528154E-07
 3.24201631E-07
 3.26881281E-07
 3.29567658E-07
 3.32259966E-07
 3.34959267E-07
 3.37664723E-07
 3.40377367E-07
 3.43096437E-07
 3.45822024E-07
 3.48554309E-07
 3.51293791E-07
 3.54040183E-07
 3.56793576E-07
 3.59554127E-07
 3.62321526E-07
 3.65096296E-07
 3.67878685E-07
 3.70667784E-07
 3.73465155E-07
 3.76269551E-07
 3.79081600E-07
 3.81900996E-07
 3.84728722E-07
 3.87564035E-07
 3.90407642E-07
 3.93258589E-07
 3.96118041E-07
 3.98985728E-07
 4.01861740E-07
 4.04745803E-07
 4.07639022E-07
 4.10540053E-07
 4.13450116E-07
 4.16369360E-07
 4.19296944E-07
 4.22233532E-07
 4.25179335E-07
 4.28134506E-07
 4.31098721E-07
 4.34072679E-07
 4.37056061E-07
 4.40049023E-07
 4.43051848E-07
 4.46064594E-07
 4.49087560E-07
 4.52120406E-07
 4.55164397E-07
 4.58218129E-07
 4.61282872E-07
 4.64358358E-07
 4.67444735E-07
 4.70542317E-07
 4.73651249E-07
 3.57092172E-07
 3.59042746E-07
 3.60995771E-07
 3.62952465E-07
 3.64911725E-07
 3.66874216E-07
 3.68839939E-07
 3.70809088E-07
 3.72781658E-07
 3.74757720E-07
 3.76736700E-07
 3.78719364E-07
 3.80705724E-07
 3.82695855E-07
 3.84689231E-07
 3.86686588E-07
 3.88688012E-07
 3.90692831E-07
 3.92701869E-07
 3.94715141E-07
 3.96732121E-07
 3.98753575E-07
 4.00779529E-07
 4.02810218E-07
 4.04844820E-07
 4.06884343E-07
 4.08928029E-07
 4.10977428E-07
 4.13031260E-07
 4.15090295E-07
 4.17154565E-07
 4.19223584E-07
 4.21298899E-07
 4.23379737E-07
 4.25465591E-07
 4.27558058E-07
 4.29656495E-07
 4.31760964E-07
 4.33872319E-07
 4.35990792E-07
 4.38114834E-07
 4.40246957E-07
 4.42386513E-07
 4.44533595E-07
 4.46688367E-07
 4.48850844E-07
 4.51022823E-07
 4.53202801E-07
 4.55392527E-07
 4.57591349E-07
 2.99368220E-07
 2.81033140E-07
 2.69345633E-07
 2.60629926E-07
 2.53695487E-07
 2.47975524E-07
 2.43148891E-07
 3.61088109E-07
 3.58820614E-07
 3.56671123E-07
 3.54619308E-07
 3.52653104E-07
 3.50760852E-07
 3.48932803E-07
 3.47163112E-07
 3.45444345E-07
 3.43772739E-07
 3.42143433E-07
 3.40552781E-07
 3.38997608E-07
 3.37476036E-07
 3.35984622E-07
 3.34521684E-07
 3.33086367E-07
 3.31675003E-07
 3.30288294E-07
 3.28923301E-07
 3.27579024E-07
 3.26255508E-07
 3.24951289E-07
 3.23665016E-07
 3.22396125E-07
 3.21144100E-07
 3.19909277E-07
 3.18688547E-07
 3.17484559E-07
 3.16293975E-07
 3.15117919E-07
 3.13955517E-07
 3.12807191E-07
 3.11672294E-07
 3.10548915E-07
 3.09438614E-07
 3.08341470E-07
 3.07255763E-07
 3.06181104E-07
 3.05120061E-07
 3.04069401E-07
 3.03030246E-07
 3.02003510E-07
 3.00987275E-07
 2.99983307E-07
 2.98990344E-07
 2.98008646E-07
 2.97038291E-07
 2.96078834E-07
 2.95131082E-07
 2.94194577E-07
 2.93270150E-07
 2.92356442E-07
 2.91455215E-07
 2.90566667E-07
 2.89689243E-07
 2.88823986E-07
 2.87971929E-07
 2.87132550E-07
 2.86306722E-07
 2.85493914E-07
 2.84694336E-07
 2.83910161E-07
 2.84892639E-07
 2.86942010E-07
 2.89006826E-07
 2.91087622E-07
 2.93184765E-07
 2.95299988E-07
 2.97432778E-07
 2.99584970E-07
 3.01756159E-07
 3.03948395E-07
 3.06160374E-07
 3.08396717E-07
 3.10656295E-07
 3.12940635E-07
 3.15251236E-07
 3.17589945E-07
 3.19958961E-07
 3.22359190E-07
 3.24792075E-07
 3.27261201E-07
 3.29768645E-07
 3.32316907E-07
 3.34908959E-07
 3.37549223E-07
 3.40240398E-07
 3.42987740E-07
 3.45793920E-07
 3.48667205E-07
 3.51611865E-07
 3.54634590E-07
 3.57743955E-07
 3.59793482E-07
 2.44218885E-07
 2.48545041E-07
 2.53386347E-07
 2.58807140E-07
 2.64881130E-07
 2.71698269E-07
 2.79362476E-07
 2.03488945E-02
 6.23589298E-02
 1.04368965E-01
 1.46379001E-01
 2.37178351E-01
 3.64736726E-01
 5.44762087E-01
 0.00000000E+00
 0.00000000E+00
 0.00000000E+00
 0.00000000E+00
 0.00000000E+00
 0.00000000E+00
 0.00000000E+00
 0.00000000E+00
 0.00000000E+00
 0.00000000E+00
 0.00000000E+00
 0.00000000E+00
 0.00000000E+00
 0.00000000E+00
 0.00000000E+00
 0.00000000E+00
 6.06376012E-01
 3.92626269E-01
 2.64885328E-01
 1.45015317E-01
 1.07057812E-01
 6.91540690E-02
 3.13040086E-02
 2.00828726E-07
 1.21136677E-06
 1.89963780E-06
 2.27116553E-06
 2.33151950E-06
 2.08631556E-06
 1.54121642E-06
 7.01932067E-07
 6.38896928E-07
 2.32288198E-06
 3.72575541E-06
 4.85342823E-06
 5.71186138E-06
 6.30706633E-06
 6.64510559E-06
 6.73209326E-06
 6.66833274E-06
 6.45414392E-06
 6.00730569E-06
 5.33414468E-06
 4.44104198E-06
 3.33443380E-06
 2.02081204E-06
 5.06724895E-07
 8.97125040E-07
 2.05052574E-06
 3.01919410E-06
 3.80991723E-06
 4.42954180E-06
 4.88497475E-06
 5.18318395E-06
 5.33119888E-06
 5.33611135E-06
 5.20507620E-06
 4.94531200E-06
 4.56410178E-06
 4.06879380E-06
 3.46680226E-06
 2.76560807E-06
 2.00564944E-06
 2.18048569E-06
 2.27751317E-06
 2.30449023E-06
 2.26924591E-06
 2.17968077E-06
 2.04376770E-06
 1.86955282E-06
 1.66515627E-06
 1.43877316E-06
 1.19867440E-06
 9.53207606E-07
 7.10798053E-07
 4.79949552E-07
 2.69245410E-07
 8.73493829E-08
 2.73940895E-07
 9.49884113E-07
 1.56974355E-06
 2.12452559E-06
 2.60515123E-06
 3.00245500E-06
 3.30718392E-06
 3.50999647E-06
 3.60146143E-06
 3.57205683E-06
 3.41216882E-06
 3.11209049E-06
 2.66202080E-06
 2.05206331E-06
 1.27222506E-06
 3.12415334E-07
 8.24677162E-07
 1.78423887E-06
 2.52983737E-06
 3.05098636E-06
 3.33709552E-06
 3.37746918E-06
 3.16130503E-06
 2.67769267E-06
 3.28435934E-06
 3.76757064E-06
 3.94788452E-06
 3.81394990E-06
 3.35430055E-06
 2.55735360E-06
 1.41140796E-06
 1.08752437E-07
 1.49267145E-06
 2.48742835E-06
 3.08084614E-06
 3.26062174E-06
 3.01432435E-06
 2.32939372E-06
 1.19313842E-06
 4.68098629E-07
 2.12244074E-06
 3.28167429E-06
 3.93258053E-06
 4.06180061E-06
 3.65583361E-06
 2.70103463E-06
 1.18361280E-06
 9.61129770E-07
 2.87905288E-06
 4.18610842E-06
 4.86792148E-06
 4.90996098E-06
 4.29753750E-06
 3.01580107E-06
 1.04973887E-06
 1.59774852E-06
 3.77032137E-06
 5.20541805E-06
 5.88737724E-06
 5.80036320E-06
 4.92836321E-06
 3.25518506E-06
 7.64454406E-07
 2.16000147E-06
 4.27119120E-06
 5.50665812E-06
 5.84930445E-06
 5.79048487E-06
 4.90318767E-06
 3.06983237E-06
 2.72525112E-07
 1.99595519E-06
 3.17822940E-06
 3.33422606E-06
 2.46807496E-06
 3.43674297E-06
 3.31874581E-06
 2.09472159E-06
 3.72350002E-07
 3.56368350E-06
 5.58136016E-06
 6.40511697E-06
 6.31574048E-06
 6.36545573E-06
 5.15696358E-06
 2.66901345E-06
 1.15277674E-06
 4.59061544E-06
 6.67347500E-06
 7.37909692E-06
 7.36235879E-06
 7.17094332E-06
 5.53157583E-06
 2.42088217E-06
 1.93748741E-05
 6.24881236E-05
 1.04000854E-04
 1.43888821E-04
 1.83279988E-04
 2.22044347E-04
 2.59106813E-04
 2.94441894E-04
 1.45808737E-04
 8.11932887E-05
 1.66771379E-05
 4.78388235E-05
 6.60835942E-05
 6.38679992E-05
 3.92981318E-05
 6.80370352E-06
 3.10553537E-07
 3.18397995E-07
 2.84228740E-05
 4.29840485E-06
 3.42049024E-07
 3.49983444E-07
 2.37321289E-07
 2.36927787E-07
 2.46495327E-07
 2.56565458E-07
 2.66648443E-07
 2.76626919E-07
 2.83712600E-07
 2.90811780E-07
 2.97924378E-07
 3.04418896E-07
 1.64445102E-06
 3.08596674E-07
 3.10697869E-07
 3.12809955E-07
 3.14924929E-07
 3.17053701E-07
 3.19197155E-07
 3.21346087E-07
 3.23488276E-07
 3.25645400E-07
 3.27816917E-07
 3.30003479E-07
 3.32204523E-07
 3.34421205E-07
 3.36652479E-07
 3.39890067E-07
 3.44266275E-07
 3.48657869E-07
 3.53065034E-07
 3.57487690E-07
 3.61926299E-07
 3.66380508E-07
 3.70850806E-07
 3.75337092E-07
 3.79839887E-07
 3.84358528E-07
 3.88893804E-07
 3.93445660E-07
 2.77655753E-07
 2.79663323E-07
 2.81674893E-07
 2.82564498E-07
 2.83198519E-07
 2.83836983E-07
 2.84479659E-07
 2.85127189E-07
 2.85779060E-07
 2.86435296E-07
 2.87096312E-07
 2.87761803E-07
 2.88432213E-07
 2.89106909E-07
 2.89786643E-07
 2.90471150E-07
 2.91160461E-07
 2.91854691E-07
 2.92553257E-07
 2.93257168E-07
 2.93965895E-07
 2.94680127E-07
 2.95398615E-07
 2.96122794E-07
 2.96851697E-07
 2.97585756E-07
 2.98325042E-07
 2.99069651E-07
 2.99819264E-07
 3.00574696E-07
 3.01334996E-07
 3.02100929E-07
 3.02872567E-07
 3.03649277E-07
 3.05309374E-07
 3.07852931E-07
 3.10402529E-07
 3.12957585E-07
 3.15518136E-07
 3.18084648E-07
 3.20656877E-07
 3.23235263E-07
 3.25819133E-07
 3.28409358E-07
 3.31005263E-07
 3.33607769E-07
 3.36216117E-07
 3.38830432E-07
 3.41451279E-07
 3.44078264E-07
 3.46711969E-07
 3.49351644E-07
 3.51998271E-07
 3.54651046E-07
 3.57310615E-07
 3.59976566E-07
 3.62649501E-07
 3.65329092E-07
 3.68015875E-07
 3.70709600E-07
 3.73409876E-07
 3.76117300E-07
 3.78831977E-07
 3.81554063E-07
 3.84283250E-07
 3.87020115E-07
 3.89763843E-07
 3.92515567E-07
 3.95274378E-07
 3.98040995E-07
 4.00815542E-07
 4.03597666E-07
 4.06387973E-07
 4.09186149E-07
 4.11992368E-07
 4.14806761E-07
 4.17629456E-07
 4.20460695E-07
 4.23300104E-07
 4.26148332E-07
 4.29005010E-07
 4.31870378E-07
 4.34744583E-07
 4.37627774E-07
 4.40520630E-07
 4.43421881E-07
 4.46332627E-07
 4.49252553E-07
 4.52182465E-07
 4.55121934E-07
 4.58071185E-07
 4.61029829E-07
 4.63999212E-07
 4.66978448E-07
 4.69967718E-07
 4.72967767E-07
 4.75978279E-07
 4.78999437E-07
 4.82031552E-07
 4.85074766E-07
 4.88128696E-07
 3.71887946E-07
 3.73783789E-07
 3.75682077E-07
 3.77584076E-07
 3.79488627E-07
 3.81396961E-07
 3.83307956E-07
 3.85222363E-07
 3.87140178E-07
 3.89061467E-07
 3.90985664E-07
 3.92913531E-07
 3.94845139E-07
 3.96780501E-07
 3.98719096E-07
 4.00661651E-07
 4.02607518E-07
 4.04558168E-07
 4.06511740E-07
 4.08470203E-07
 4.10432282E-07
 4.12398880E-07
 4.14369330E-07
 4.16344411E-07
 4.18323511E-07
 4.20307359E-07
 4.22296201E-07
 4.24289275E-07
 4.26288128E-07
 4.28291487E-07
 4.30299451E-07
 4.32313468E-07
 4.34332307E-07
 4.36356765E-07
 4.38386955E-07
 4.40422863E-07
 4.42464767E-07
 4.44513501E-07
 4.46567563E-07
 4.48628665E-07
 4.50696160E-07
 4.52770925E-07
 4.54853049E-07
 4.56942698E-07
 4.59039200E-07
 4.61144235E-07
 4.63257997E-07
 4.65379663E-07
 4.67510271E-07
 4.69649944E-07
 4.71799601E-07
 3.15234345E-07
 2.95306255E-07
 2.83002514E-07
 2.73909252E-07
 2.66698989E-07
 2.60759915E-07
 2.55749278E-07
 3.74130933E-07
 3.71965406E-07
 3.69919420E-07
 3.67976469E-07
 3.66119389E-07
 3.64337909E-07
 3.62622602E-07
 3.60966941E-07
 3.59363762E-07
 3.57807376E-07
 3.56294254E-07
 3.54820915E-07
 3.53384059E-07
 3.51980882E-07
 3.50608278E-07
 3.49264487E-07
 3.47948138E-07
 3.46657333E-07
 3.45390039E-07
 3.44146036E-07
 3.42923527E-07
 3.41721134E-07
 3.40537651E-07
 3.39372846E-07
 3.38226136E-07
 3.37097086E-07
 3.35983737E-07
 3.34886587E-07
 3.33804552E-07
 3.32736776E-07
 3.31684017E-07
 3.30645115E-07
 3.29620036E-07
 3.28607587E-07
 3.27608212E-07
 3.26621803E-07
 3.25648236E-07
 3.24686501E-07
 3.23737118E-07
 3.22798941E-07
 3.21873897E-07
 3.20958715E-07
 3.20056444E-07
 3.19165964E-07
 3.18286186E-07
 3.17417244E-07
 3.16560831E-07
 3.15715701E-07
 3.14881343E-07
 3.14058557E-07
 3.13247639E-07
 3.12448761E-07
 3.11661330E-07
 3.10886285E-07
 3.10122963E-07
 3.09371530E-07
 3.08632236E-07
 3.07907038E-07
 3.07193383E-07
 3.06493326E-07
 3.05807165E-07
 3.05135128E-07
 3.04476644E-07
 3.05357411E-07
 3.07166528E-07
 3.08992159E-07
 3.10833762E-07
 3.12691781E-07
 3.14567881E-07
 3.16461637E-07
 3.18373757E-07
 3.20306090E-07
 3.22259591E-07
 3.24234084E-07
 3.26231914E-07
 3.28253133E-07
 3.30299294E-07
 3.32373221E-07
 3.34474207E-07
 3.36605746E-07
 3.38768852E-07
 3.40964855E-07
 3.43198179E-07
 3.45469620E-07
 3.47781516E-07
 3.50138538E-07
 3.52544310E-07
 3.55000084E-07
 3.57512670E-07
 3.60086678E-07
 3.62726101E-07
 3.65437844E-07
 3.68228850E-07
 3.71107872E-07
 3.73316440E-07
 2.57892780E-07
 2.63271607E-07
 2.69171292E-07
 2.75652750E-07
 2.82793239E-07
 2.90681877E-07
 2.99424469E-07
 1.83744370E-02
 5.63081305E-02
 9.42418243E-02
 1.32175518E-01
 2.21218269E-01
 3.48767794E-01
 5.31278960E-01
 0.00000000E+00
 0.00000000E+00
 0.00000000E+00
 0.00000000E+00
 0.00000000E+00
 0.00000000E+00
 0.00000000E+00
 0.00000000E+00
 0.00000000E+00
 0.00000000E+00
 0.00000000E+00
 0.00000000E+00
 0.00000000E+00
 0.00000000E+00
 0.00000000E+00
 0.00000000E+00
 5.94319618E-01
 3.76680662E-01
 2.48951450E-01
 1.29442707E-01
 9.55612534E-02
 6.17278254E-02
 2.79423523E-02
 2.00700815E-07
 1.21154620E-06
 1.90003059E-06
 2.27167710E-06
 2.33205468E-06
 2.08677859E-06
 1.54151092E-06
 7.01961040E-07
 6.37535840E-07
 2.31807486E-06
 3.71740749E-06
 4.84144409E-06
 5.69614494E-06
 6.28752086E-06
 6.62163366E-06
 6.70459679E-06
 6.64099150E-06
 6.43086887E-06
 5.98798504E-06
 5.31866593E-06
 4.42929195E-06
 3.32629858E-06
 2.01617700E-06
 5.05474684E-07
 9.11542341E-07
 2.08610819E-06
 3.07579889E-06
 3.88740081E-06
 4.52775990E-06
 5.00378236E-06
 5.32243530E-06
 5.49074747E-06
 5.51580990E-06
 5.40477666E-06
 5.16486552E-06
 4.80335873E-06
 4.32760375E-06
 3.74501394E-06
 3.06306941E-06
 2.32100771E-06
 2.47642010E-06
 2.55392221E-06
 2.56127143E-06
 2.50629582E-06
 2.39689494E-06
 2.24104069E-06
 2.04677814E-06
 1.82222643E-06
 1.57557961E-06
 1.31510753E-06
 1.04915676E-06
 7.86151460E-07
 5.34594359E-07
 3.03067650E-07
 1.00233962E-07
 2.73761761E-07
 9.48634709E-07
 1.56757289E-06
 2.12158380E-06
 2.60158957E-06
 2.99842588E-06
 3.30284092E-06
 3.50549432E-06
 3.59695608E-06
 3.56770543E-06
 3.40812973E-06
 3.10852333E-06
 2.65908644E-06
 2.04992389E-06
 1.27104403E-06
 3.12357427E-07
 7.98775815E-07
 1.72208817E-06
 2.43165695E-06
 2.91699709E-06
 3.16751955E-06
 3.17252995E-06
 2.92122726E-06
 2.40270244E-06
 3.03689247E-06
 3.55540691E-06
 3.77116057E-06
 3.67280405E-06
 3.24887277E-06
 2.48778556E-06
 1.37784308E-06
 1.09023827E-07
 1.49227156E-06
 2.48655488E-06
 3.07969844E-06
 3.25940089E-06
 3.01323315E-06
 2.32863671E-06
 1.19292194E-06
 4.68244417E-07
 2.12189781E-06
 3.28065643E-06
 3.93130343E-06
 4.06048185E-06
 3.65469270E-06
 2.70029306E-06
 1.18349404E-06
 9.61134845E-07
 2.87835198E-06
 4.18493325E-06
 4.86650583E-06
 4.90854077E-06
 4.29635082E-06
 3.01508821E-06
 1.04974236E-06
 1.59759578E-06
 3.76944584E-06
 5.20407131E-06
 5.88581326E-06
 5.79883833E-06
 4.92713624E-06
 3.25451724E-06
 7.64609526E-07
 2.14927504E-06
 4.24587920E-06
 5.46705184E-06
 5.79569778E-06
 5.74629135E-06
 4.87321162E-06
 3.05434112E-06
 2.71788876E-07
 1.93407077E-06
 3.04911571E-06
 3.13826424E-06
 2.20668678E-06
 3.24205596E-06
 3.19098547E-06
 2.03411697E-06
 3.69106510E-07
 3.52117910E-06
 5.49996468E-06
 6.28520338E-06
 6.17137795E-06
 6.25948089E-06
 5.08966714E-06
 2.64068992E-06
 1.14124526E-06
 4.53409354E-06
 6.57236929E-06
 7.23381756E-06
 7.20410603E-06
 7.05684847E-06
 5.46195676E-06
 2.39606115E-06
 1.74978459E-05
 5.63234311E-05
 9.35538710E-05
 1.29164898E-04
 1.64336828E-04
 1.98934847E-04
 2.31836134E-04
 2.63015169E-04
 1.71526942E-04
 1.01345595E-04
 3.12508002E-05
 3.88438034E-05
 6.05578866E-05
 6.08912712E-05
 3.78559090E-05
 6.53635680E-06
 3.20749722E-07
 3.28407037E-07
 2.97177397E-05
 4.49900655E-06
 3.51490631E-07
 3.59234201E-07
 2.46579881E-07
 2.45949859E-07
 2.55732070E-07
 2.66039203E-07
 2.76359547E-07
 2.86569952E-07
 2.93755834E-07
 3.00955131E-07
 3.08168218E-07
 3.14747889E-07
 1.72268337E-06
 3.18878425E-07
 3.20956068E-07
 3.23044393E-07
 3.25135010E-07
 3.27240074E-07
 3.29359259E-07
 3.31483922E-07
 3.33601056E-07
 3.35733064E-07
 3.37879856E-07
 3.40041383E-07
 3.42218055E-07
 3.44409813E-07
 3.46616577E-07
 3.49874813E-07
 3.54322565E-07
 3.58785902E-07
 3.63264980E-07
 3.67759723E-07
 3.72270100E-07
 3.76796799E-07
 3.81338972E-07
 3.85897884E-07
 3.90472943E-07
 3.95064331E-07
 3.99672271E-07
 4.04296975E-07
 2.88036949E-07
 2.90101023E-07
 2.92169419E-07
 2.93064489E-07
 2.93692250E-07
 2.94324507E-07
 2.94961341E-07
 2.95602209E-07
 2.96248375E-07
 2.96898683E-07
 2.97553492E-07
 2.98213195E-07
 2.98877513E-07
 2.99546573E-07
 3.00220383E-07
 3.00899051E-07
 3.01582589E-07
 3.02270799E-07
 3.02964051E-07
 3.03662430E-07
 3.04365328E-07
 3.05073504E-07
 3.05787004E-07
 3.06505257E-07
 3.07228993E-07
 3.07957607E-07
 3.08691574E-07
 3.09430876E-07
 3.10175340E-07
 3.10925337E-07
 3.11680605E-07
 3.12441242E-07
 3.13207322E-07
 3.13978914E-07
 3.15613354E-07
 3.18109970E-07
 3.20612389E-07
 3.23120340E-07
 3.25634216E-07
 3.28153811E-07
 3.30679595E-07
 3.33211223E-07
 3.35748452E-07
 3.38291756E-07
 3.40841620E-07
 3.43396962E-07
 3.45958672E-07
 3.48526838E-07
 3.51101628E-07
 3.53682307E-07
 3.56269375E-07
 3.58862922E-07
 3.61463124E-07
 3.64069995E-07
 3.66683360E-07
 3.69303631E-07
 3.71930595E-07
 3.74564307E-07
 3.77204908E-07
 3.79852501E-07
 3.82507277E-07
 3.85168893E-07
 3.87838272E-07
 3.90514335E-07
 3.93198064E-07
 3.95889153E-07
 3.98587676E-07
 4.01293790E-07
 4.04007274E-07
 4.06729063E-07
 4.09458462E-07
 4.12195556E-07
 4.14940549E-07
 4.17693520E-07
 4.20454653E-07
 4.23224615E-07
 4.26002106E-07
 4.28788709E-07
 4.31583100E-07
 4.34386986E-07
 4.37199037E-07
 4.40019907E-07
 4.42849740E-07
 4.45688688E-07
 4.48536535E-07
 4.51393905E-07
 4.54260917E-07
 4.57136814E-07
 4.60022292E-07
 4.62918063E-07
 4.65823205E-07
 4.68738495E-07
 4.71663607E-07
 4.74599278E-07
 4.77545132E-07
 4.80501457E-07
 4.83468449E-07
 4.86446825E-07
 4.89435797E-07
 4.92435440E-07
 4.95446662E-07
 3.78356806E-07
 3.80200540E-07
 3.82047974E-07
 3.83898566E-07
 3.85751760E-07
 3.87608291E-07
 3.89468025E-07
 3.91331283E-07
 3.93198009E-07
 3.95067687E-07
 3.96940963E-07
 3.98817965E-07
 4.00697473E-07
 4.02582084E-07
 4.04469396E-07
 4.06360658E-07
 4.08256084E-07
 4.10154951E-07
 4.12058143E-07
 4.13964927E-07
 4.15876201E-07
 4.17791998E-07
 4.19711074E-07
 4.21635472E-07
 4.23564670E-07
 4.25497335E-07
 4.27435053E-07
 4.29378514E-07
 4.31325792E-07
 4.33278223E-07
 4.35236144E-07
 4.37199515E-07
 4.39167714E-07
 4.41141671E-07
 4.43122133E-07
 4.45107777E-07
 4.47099418E-07
 4.49097182E-07
 4.51101215E-07
 4.53112370E-07
 4.55129934E-07
 4.57155007E-07
 4.59186717E-07
 4.61226766E-07
 4.63273857E-07
 4.65328730E-07
 4.67392338E-07
 4.69464955E-07
 4.71545762E-07
 4.73636511E-07
 4.75736556E-07
 3.21250936E-07
 2.99399278E-07
 2.86428643E-07
 2.76938573E-07
 2.69443721E-07
 2.63279315E-07
 3.77510184E-07
 3.76898382E-07
 3.74833036E-07
 3.72892457E-07
 3.71056253E-07
 3.69308948E-07
 3.67638840E-07
 3.66035785E-07
 3.64493733E-07
 3.63004704E-07
 3.61564193E-07
 3.60167728E-07
 3.58810934E-07
 3.57491797E-07
 3.56206611E-07
 3.54953171E-07
 3.53728434E-07
 3.52531962E-07
 3.51361031E-07
 3.50214019E-07
 3.49089926E-07
 3.47988249E-07
 3.46906393E-07
 3.45845161E-07
 3.44802188E-07
 3.43778133E-07
 3.42770137E-07
 3.41779233E-07
 3.40804125E-07
 3.39844524E-07
 3.38900040E-07
 3.37970890E-07
 3.37054699E-07
 3.36152714E-07
 3.35263637E-07
 3.34388105E-07
 3.33525243E-07
 3.32675661E-07
 3.31837109E-07
 3.31011863E-07
 3.30198557E-07
 3.29397329E-07
 3.28607177E-07
 3.27829137E-07
 3.27062709E-07
 3.26308283E-07
 3.25564426E-07
 3.24832325E-07
 3.24112925E-07
 3.23404044E-07
 3.22706688E-07
 3.22021090E-07
 3.21347401E-07
 3.20685809E-07
 3.20035792E-07
 3.19398160E-07
 3.18773273E-07
 3.18160448E-07
 3.17560663E-07
 3.16974304E-07
 3.16400559E-07
 3.15840635E-07
 3.15294833E-07
 3.14763495E-07
 3.15541212E-07
 3.17111651E-07
 3.18696674E-07
 3.20298660E-07
 3.21918272E-07
 3.23553801E-07
 3.25209170E-07
 3.26883018E-07
 3.28575987E-07
 3.30291470E-07
 3.32028031E-07
 3.33786943E-07
 3.35570558E-07
 3.37379338E-07
 3.39214801E-07
 3.41078933E-07
 3.42972456E-07
 3.44899210E-07
 3.46859212E-07
 3.48855615E-07
 3.50890386E-07
 3.52967650E-07
 3.55089019E-07
 3.57259741E-07
 3.59481062E-07
 3.61760002E-07
 3.64099451E-07
 3.66506047E-07
 3.68985207E-07
 3.71544749E-07
 3.74192680E-07
 3.76561534E-07
 2.61281248E-07
 2.67714346E-07
 2.74670731E-07
 2.82214657E-07
 2.90421196E-07
 2.99382185E-07
 3.09202847E-07
 1.64002443E-02
 5.02581639E-02
 8.41160839E-02
 1.17974004E-01
 2.05260401E-01
 3.32801078E-01
 5.17797652E-01
 0.00000000E+00
 0.00000000E+00
 0.00000000E+00
 0.00000000E+00
 0.00000000E+00
 0.00000000E+00
 0.00000000E+00
 0.00000000E+00
 0.00000000E+00
 0.00000000E+00
 0.00000000E+00
 0.00000000E+00
 0.00000000E+00
 0.00000000E+00
 0.00000000E+00
 0.00000000E+00
 5.82263315E-01
 3.60735174E-01
 2.33017693E-01
 1.13870216E-01
 8.40647819E-02
 5.43016383E-02
 2.45807216E-02
 2.00766471E-07
 1.21192023E-06
 1.90061901E-06
 2.27238535E-06
 2.33278759E-06
 2.08744041E-06
 1.54200528E-06
 7.02190960E-07
 6.36376799E-07
 2.31347091E-06
 3.70926388E-06
 4.82966540E-06
 5.68063512E-06
 6.26818316E-06
 6.59837069E-06
 6.67731046E-06
 6.61386156E-06
 6.40780628E-06
 5.96887800E-06
 5.30340195E-06
 4.41775786E-06
 3.31838048E-06
 2.01176028E-06
 5.04444009E-07
 9.26180293E-07
 2.12191238E-06
 3.13262650E-06
 3.96510831E-06
 4.62620303E-06
 5.12281613E-06
 5.46191396E-06
 5.65052451E-06
 5.69573806E-06
 5.60470789E-06
 5.38465100E-06
 5.04284884E-06
 4.58664806E-06
 4.02346122E-06
 3.36076759E-06
 2.63660407E-06
 2.77259419E-06
 2.83057254E-06
 2.81829556E-06
 2.74359030E-06
 2.61435534E-06
 2.43856157E-06
 2.22425306E-06
 1.97954790E-06
 1.71263909E-06
 1.43179544E-06
 1.14536243E-06
 8.61763167E-07
 5.89499258E-07
 3.37151791E-07
 1.13382272E-07
 2.73317126E-07
 9.47118146E-07
 1.56513339E-06
 2.11837149E-06
 2.59775568E-06
 2.99412281E-06
 3.29822221E-06
 3.50071471E-06
 3.59217149E-06
 3.56307298E-06
 3.40380778E-06
 3.10467147E-06
 2.65586552E-06
 2.04749604E-06
 1.26957266E-06
 3.12007265E-07
 7.72580542E-07
 1.65964197E-06
 2.33317942E-06
 2.78270910E-06
 2.99764321E-06
 2.96728868E-06
 2.68084579E-06
 2.12740680E-06
 2.78911783E-06
 3.34293295E-06
 3.59412391E-06
 3.53134296E-06
 3.14312721E-06
 2.41789718E-06
 1.34395525E-06
 1.08969668E-07
 1.49154387E-06
 2.48535131E-06
 3.07821834E-06
 3.25784529E-06
 3.01180483E-06
 2.32754020E-06
 1.19236353E-06
 4.68045835E-07
 2.12100804E-06
 3.27928925E-06
 3.92967449E-06
 4.05880870E-06
 3.65319484E-06
 2.69919192E-06
 1.18301306E-06
 9.60775041E-07
 2.87728353E-06
 4.18338780E-06
 4.86471714E-06
 4.90674474E-06
 4.29478551E-06
 3.01399388E-06
 1.04936149E-06
 1.59705577E-06
 3.76818010E-06
 5.20233140E-06
 5.88385310E-06
 5.79691423E-06
 4.92550696E-06
 3.25344400E-06
 7.64356048E-07
 2.13813695E-06
 4.22015251E-06
 5.42702778E-06
 5.74167019E-06
 5.70167347E-06
 4.84280765E-06
 3.03841833E-06
 2.70617466E-07
 1.87174846E-06
 2.91956143E-06
 2.94185911E-06
 1.94485251E-06
 3.04691834E-06
 3.06276995E-06
 1.97305253E-06
 3.65398628E-07
 3.47820697E-06
 5.41809807E-06
 6.16481522E-06
 6.02653720E-06
 6.15302326E-06
 5.02188328E-06
 2.61187428E-06
 1.12921724E-06
 4.47707145E-06
 6.47075970E-06
 7.08803056E-06
 7.04534139E-06
 6.94223662E-06
 5.39181554E-06
 2.37071273E-06
 1.56203121E-05
 5.01582897E-05
 8.31064969E-05
 1.14440641E-04
 1.45393391E-04
 1.75825130E-04
 2.04565295E-04
 2.31588343E-04
 1.97231120E-04
 1.21484756E-04
 4.58120946E-05
 2.98603746E-05
 5.50432559E-05
 5.79252650E-05
 3.64241935E-05
 6.27935355E-06
 3.20638703E-07
 3.28109470E-07
 3.10227305E-05
 4.70988479E-06
 3.50626528E-07
 3.58179478E-07
 2.45540393E-07
 2.44673667E-07
 2.54670906E-07
 2.65215204E-07
 2.75773058E-07
 2.86215340E-07
 2.93501591E-07
 3.00801199E-07
 3.08114733E-07
 3.14779310E-07
 1.81120058E-06
 3.18863459E-07
 3.20917307E-07
 3.22982087E-07
 3.25048568E-07
 3.27129631E-07
 3.29225248E-07
 3.31325627E-07
 3.33417922E-07
 3.35525016E-07
 3.37646598E-07
 3.39783808E-07
 3.41935601E-07
 3.44102893E-07
 3.46285373E-07
 3.49564217E-07
 3.54084003E-07
 3.58619038E-07
 3.63169980E-07
 3.67736809E-07
 3.72319432E-07
 3.76918330E-07
 3.81533138E-07
 3.86164366E-07
 3.90811898E-07
 3.95476284E-07
 4.00157121E-07
 4.04854662E-07
 2.88123214E-07
 2.90243803E-07
 2.92369059E-07
 2.93269673E-07
 2.93891215E-07
 2.94517333E-07
 2.95148080E-07
 2.95783229E-07
 2.96422811E-07
 2.97067229E-07
 2.97716525E-07
 2.98370173E-07
 2.99028834E-07
 2.99691957E-07
 3.00359915E-07
 3.01032792E-07
 3.01710627E-07
 3.02393199E-07
 3.03080876E-07
 3.03773438E-07
 3.04470917E-07
 3.05173747E-07
 3.05881305E-07
 3.06594371E-07
 3.07312670E-07
 3.08035949E-07
 3.08764618E-07
 3.09498367E-07
 3.10237706E-07
 3.10982316E-07
 3.11732633E-07
 3.12488028E-07
 3.13249338E-07
 3.14015866E-07
 3.15623990E-07
 3.18073793E-07
 3.20529474E-07
 3.22990352E-07
 3.25457713E-07
 3.27930457E-07
 3.30409465E-07
 3.32894077E-07
 3.35385124E-07
 3.37881571E-07
 3.40385059E-07
 3.42894114E-07
 3.45409692E-07
 3.47930999E-07
 3.50459047E-07
 3.52993861E-07
 3.55534781E-07
 3.58082307E-07
 3.60636155E-07
 3.63196841E-07
 3.65764466E-07
 3.68338739E-07
 3.70919362E-07
 3.73507307E-07
 3.76102279E-07
 3.78704344E-07
 3.81313246E-07
 3.83929538E-07
 3.86552877E-07
 3.89183455E-07
 3.91821844E-07
 3.94467194E-07
 3.97120591E-07
 3.99781355E-07
 4.02449935E-07
 4.05126116E-07
 4.07810019E-07
 4.10502198E-07
 4.13201959E-07
 4.15910348E-07
 4.18627019E-07
 4.21351699E-07
 4.24085021E-07
 4.26826125E-07
 4.29576185E-07
 4.32335363E-07
 4.35102880E-07
 4.37879291E-07
 4.40664896E-07
 4.43459323E-07
 4.46263256E-07
 4.49076321E-07
 4.51899262E-07
 4.54731226E-07
 4.57572961E-07
 4.60424589E-07
 4.63285781E-07
 4.66157318E-07
 4.69039379E-07
 4.71931086E-07
 4.74833737E-07
 4.77746511E-07
 4.80670615E-07
 4.83605277E-07
 4.86551155E-07
 4.89508039E-07
 3.72742414E-07
 3.74532324E-07
 3.76325328E-07
 3.78120873E-07
 3.79919678E-07
 3.81721682E-07
 3.83527073E-07
 3.85335911E-07
 3.87147515E-07
 3.88962752E-07
 3.90780940E-07
 3.92602829E-07
 3.94428565E-07
 3.96258028E-07
 3.98090835E-07
 3.99927044E-07
 4.01767266E-07
 4.03611707E-07
 4.05459649E-07
 4.07311976E-07
 4.09168094E-07
 4.11028017E-07
 4.12892507E-07
 4.14761667E-07
 4.16635032E-07
 4.18513180E-07
 4.20395580E-07
 4.22282379E-07
 4.24175063E-07
 4.26072215E-07
 4.27974081E-07
 4.29881436E-07
 4.31793564E-07
 4.33712164E-07
 4.35635778E-07
 4.37565354E-07
 4.39500882E-07
 4.41441705E-07
 4.43389587E-07
 4.45343826E-07
 4.47304477E-07
 4.49272487E-07
 4.51247145E-07
 4.53229487E-07
 4.55218702E-07
 4.57216529E-07
 4.59222333E-07
 4.61235435E-07
 4.63258321E-07
 4.65290347E-07
 4.67330864E-07
 4.69382338E-07
 3.17571210E-07
 2.93304060E-07
 2.79609430E-07
 2.69701426E-07
 2.61910401E-07
 2.55514638E-07
 3.70022543E-07
 3.69371779E-07
 3.67407423E-07
 3.65570145E-07
 3.63840355E-07
 3.62202470E-07
 3.60642269E-07
 3.59152141E-07
 3.57723080E-07
 3.56348580E-07
 3.55023192E-07
 3.53743740E-07
 3.52503961E-07
 3.51301855E-07
 3.50134912E-07
 3.49000014E-07
 3.47894590E-07
 3.46816690E-07
 3.45765415E-07
 3.44739038E-07
 3.43736121E-07
 3.42754598E-07
 3.41794566E-07
 3.40854835E-07
 3.39932824E-07
 3.39030481E-07
 3.38144972E-07
 3.37275602E-07
 3.36422841E-07
 3.35585908E-07
 3.34764970E-07
 3.33957767E-07
 3.33164534E-07
 3.32386531E-07
 3.31621085E-07
 3.30868327E-07
 3.30129382E-07
 3.29403353E-07
 3.28689495E-07
 3.27988211E-07
 3.27298446E-07
 3.26621356E-07
 3.25956573E-07
 3.25302231E-07
 3.24660884E-07
 3.24030512E-07
 3.23412217E-07
 3.22805348E-07
 3.22210345E-07
 3.21626501E-07
 3.21054861E-07
 3.20494858E-07
 3.19946667E-07
 3.19410521E-07
 3.18886551E-07
 3.18375010E-07
 3.17875241E-07
 3.17389137E-07
 3.16915239E-07
 3.16454599E-07
 3.16007485E-07
 3.15574127E-07
 3.15154911E-07
 3.14751010E-07
 3.15426001E-07
 3.16756292E-07
 3.18102072E-07
 3.19464969E-07
 3.20844322E-07
 3.22241828E-07
 3.23657138E-07
 3.25091963E-07
 3.26547323E-07
 3.28022837E-07
 3.29521933E-07
 3.31042329E-07
 3.32587673E-07
 3.34159511E-07
 3.35757061E-07
 3.37383386E-07
 3.39040833E-07
 3.40730453E-07
 3.42453668E-07
 3.44213520E-07
 3.46013009E-07
 3.47853973E-07
 3.49741045E-07
 3.51676552E-07
 3.53664195E-07
 3.55708463E-07
 3.57814022E-07
 3.59988581E-07
 3.62234958E-07
 3.64562896E-07
 3.66978625E-07
 3.69509573E-07
 2.54366776E-07
 2.61854199E-07
 2.69868543E-07
 2.78473978E-07
 2.87746814E-07
 2.97779231E-07
 3.08678352E-07
 1.44263163E-02
 4.42090296E-02
 7.39917435E-02
 1.03774458E-01
 1.89304746E-01
 3.16836578E-01
 5.04318215E-01
 0.00000000E+00
 0.00000000E+00
 0.00000000E+00
 0.00000000E+00
 0.00000000E+00
 0.00000000E+00
 0.00000000E+00
 0.00000000E+00
 0.00000000E+00
 0.00000000E+00
 0.00000000E+00
 0.00000000E+00
 0.00000000E+00
 0.00000000E+00
 0.00000000E+00
 0.00000000E+00
 5.70207101E-01
 3.44789806E-01
 2.17084055E-01
 9.82978417E-02
 7.25683974E-02
 4.68755075E-02
 2.12191164E-02
 2.01025676E-07
 1.21248883E-06
 1.90140304E-06
 2.27329024E-06
 2.33371821E-06
 2.08830100E-06
 1.54269948E-06
 7.02621805E-07
 6.35419783E-07
 2.30907011E-06
 3.70132455E-06
 4.81809215E-06
 5.66533188E-06
 6.24905322E-06
 6.57531665E-06
 6.65023425E-06
 6.58694292E-06
 6.38495611E-06
 5.94998453E-06
 5.28835272E-06
 4.40643968E-06
 3.31067948E-06
 2.00756186E-06
 5.03632839E-07
 9.41038869E-07
 2.15793828E-06
 3.18967691E-06
 4.04303972E-06
 4.72487119E-06
 5.24207603E-06
 5.60161989E-06
 5.81052998E-06
 5.87589581E-06
 5.80486988E-06
 5.60466842E-06
 5.28257209E-06
 4.84592671E-06
 4.30214406E-06
 3.65870255E-06
 2.95243849E-06
 3.06900793E-06
 3.10746414E-06
 3.07556257E-06
 2.98112932E-06
 2.83206194E-06
 2.63633033E-06
 2.40197754E-06
 2.13712062E-06
 1.84995156E-06
 1.54873808E-06
 1.24182460E-06
 9.37633139E-07
 6.44664216E-07
 3.71497803E-07
 1.26794281E-07
 2.72607026E-07
 9.45334463E-07
 1.56242511E-06
 2.11488869E-06
 2.59364960E-06
 2.98954581E-06
 3.29332784E-06
 3.49565768E-06
 3.58710769E-06
 3.55815952E-06
 3.39920300E-06
 3.10053495E-06
 2.65235808E-06
 2.04477979E-06
 1.26781099E-06
 3.11364886E-07
 7.46091382E-07
 1.59690029E-06
 2.23440482E-06
 2.64812241E-06
 2.82746654E-06
 2.76174543E-06
 2.44016065E-06
 1.85180580E-06
 2.54103547E-06
 3.13014880E-06
 3.41677458E-06
 3.38956668E-06
 3.03706391E-06
 2.34768849E-06
 1.30974452E-06
 1.08590010E-07
 1.49048842E-06
 2.48381769E-06
 3.07640588E-06
 3.25595500E-06
 3.01003946E-06
 2.32610424E-06
 1.19146324E-06
 4.67502931E-07
 2.11977148E-06
 3.27757280E-06
 3.92769376E-06
 4.05678122E-06
 3.65134006E-06
 2.69773126E-06
 1.18216992E-06
 9.60050413E-07
 2.87584756E-06
 4.18147213E-06
 4.86255549E-06
 4.90457297E-06
 4.29284164E-06
 3.01251813E-06
 1.04859632E-06
 1.59612855E-06
 3.76652421E-06
 5.20019837E-06
 5.88149681E-06
 5.79459096E-06
 4.92347542E-06
 3.25196537E-06
 7.63694035E-07
 2.12658728E-06
 4.19401118E-06
 5.38658601E-06
 5.68722176E-06
 5.65663129E-06
 4.81197583E-06
 3.02206409E-06
 2.69010949E-07
 1.80898831E-06
 2.78956665E-06
 2.74501074E-06
 1.68257222E-06
 2.85133017E-06
 2.93409931E-06
 1.91152832E-06
 3.61226430E-07
 3.43476718E-06
 5.33576043E-06
 6.04395258E-06
 5.88121829E-06
 6.04608292E-06
 4.95361208E-06
 2.58256662E-06
 1.11669275E-06
 4.41954925E-06
 6.36864629E-06
 6.94173600E-06
 6.88606494E-06
 6.82710788E-06
 5.32115225E-06
 2.34483701E-06
 1.37422727E-05
 4.39926996E-05
 7.26587315E-05
 9.97160509E-05
 1.26449679E-04
 1.52715194E-04
 1.77294296E-04
 2.00161415E-04
 2.22921253E-04
 1.41610755E-04
 6.03610027E-05
 2.08885559E-05
 4.95397208E-05
 5.49699997E-05
 3.50030051E-05
 6.03271289E-06
 3.10201292E-07
 3.17485722E-07
 3.23378659E-05
 4.93105941E-06
 3.39437441E-07
 3.46800374E-07
 2.34183474E-07
 2.33080244E-07
 2.43292841E-07
 2.54074230E-07
 2.64869528E-07
 2.75543830E-07
 2.82930387E-07
 2.90330669E-07
 2.97744823E-07
 3.04494676E-07
 1.91002180E-06
 3.08532364E-07
 3.10562600E-07
 3.12603782E-07
 3.14646546E-07
 3.16703835E-07
 3.18775578E-07
 3.20852089E-07
 3.22919274E-07
 3.25001397E-07
 3.27098678E-07
 3.29211042E-07
 3.31338639E-07
 3.33481424E-07
 3.35639833E-07
 3.38939497E-07
 3.43530984E-07
 3.48137901E-07
 3.52760915E-07
 3.57400007E-07
 3.62055084E-07
 3.66726090E-07
 3.71413488E-07
 3.76117488E-07
 3.80837754E-07
 3.85575033E-07
 3.90328730E-07
 2.75722102E-07
 2.77895384E-07
 2.80072510E-07
 2.82254632E-07
 2.83160781E-07
 2.83776438E-07
 2.84396406E-07
 2.85021105E-07
 2.85650242E-07
 2.86283915E-07
 2.86922461E-07
 2.87565654E-07
 2.88213572E-07
 2.88866249E-07
 2.89523790E-07
 2.90185910E-07
 2.90853334E-07
 2.91525154E-07
 2.92202125E-07
 2.92884240E-07
 2.93571332E-07
 2.94263437E-07
 2.94960589E-07
 2.95662937E-07
 2.96370516E-07
 2.97083396E-07
 2.97801323E-07
 2.98524711E-07
 2.99253306E-07
 2.99987533E-07
 3.00726778E-07
 3.01471824E-07
 3.02222393E-07
 3.02978242E-07
 3.03740125E-07
 3.05322330E-07
 3.07725338E-07
 3.10133927E-07
 3.12548581E-07
 3.14968654E-07
 3.17394953E-07
 3.19827249E-07
 3.22265225E-07
 3.24709752E-07
 3.27160165E-07
 3.29616540E-07
 3.32079400E-07
 3.34548434E-07
 3.37023760E-07
 3.39505885E-07
 3.41994110E-07
 3.44488905E-07
 3.46990021E-07
 3.49498005E-07
 3.52012922E-07
 3.54534446E-07
 3.57062358E-07
 3.59597583E-07
 3.62139789E-07
 3.64688683E-07
 3.67245292E-07
 3.69808394E-07
 3.72379434E-07
 3.74957259E-07
 3.77542384E-07
 3.80134967E-07
 3.82735161E-07
 3.85343091E-07
 3.87958873E-07
 3.90581820E-07
 3.93212858E-07
 3.95852252E-07
 3.98499130E-07
 4.01154225E-07
 4.03817587E-07
 4.06489389E-07
 4.09169323E-07
 4.11858017E-07
 4.14554710E-07
 4.17260491E-07
 4.19974547E-07
 4.22698083E-07
 4.25430182E-07
 4.28171132E-07
 4.30921561E-07
 4.33681098E-07
 4.36450535E-07
 4.39228924E-07
 4.42017055E-07
 4.44815100E-07
 4.47622631E-07
 4.50440584E-07
 4.53268419E-07
 4.56106419E-07
 4.58955389E-07
 4.61814339E-07
 4.64684178E-07
 4.67564419E-07
 4.70455885E-07
 4.73358897E-07
 3.56922477E-07
 3.58657503E-07
 3.60395546E-07
 3.62137316E-07
 3.63881745E-07
 3.65629364E-07
 3.67379741E-07
 3.69133552E-07
 3.70890860E-07
 3.72651666E-07
 3.74415478E-07
 3.76182981E-07
 3.77953615E-07
 3.79728081E-07
 3.81506451E-07
 3.83287574E-07
 3.85073396E-07
 3.86862703E-07
 3.88655623E-07
 3.90452832E-07
 3.92253745E-07
 3.94059258E-07
 3.95868633E-07
 3.97682648E-07
 3.99500776E-07
 4.01323094E-07
 4.03150333E-07
 4.04981881E-07
 4.06818620E-07
 4.08659938E-07
 4.10506593E-07
 4.12357954E-07
 4.14215545E-07
 4.16077395E-07
 4.17945041E-07
 4.19818524E-07
 4.21697978E-07
 4.23582766E-07
 4.25473776E-07
 4.27371937E-07
 4.29275745E-07
 4.31186844E-07
 4.33104598E-07
 4.35029148E-07
 4.36961397E-07
 4.38901505E-07
 4.40848750E-07
 4.42804795E-07
 4.44769091E-07
 4.46742497E-07
 4.48724292E-07
 4.50716313E-07
 4.52717827E-07
 3.04508556E-07
 2.77015851E-07
 2.62527129E-07
 2.52179301E-07
 2.44082004E-07
 2.37448324E-07
 3.52223537E-07
 3.51531132E-07
 3.49666752E-07
 3.47933347E-07
 3.46309706E-07
 3.44779772E-07
 3.43330870E-07
 3.41952891E-07
 3.40636309E-07
 3.39376616E-07
 3.38166733E-07
 3.37002607E-07
 3.35879994E-07
 3.34795177E-07
 3.33746730E-07
 3.32729456E-07
 3.31742950E-07
 3.30785563E-07
 3.29854002E-07
 3.28946877E-07
 3.28064762E-07
 3.27204610E-07
 3.26364356E-07
 3.25546198E-07
 3.24746444E-07
 3.23964808E-07
 3.23200714E-07
 3.22454817E-07
 3.21724032E-07
 3.21009857E-07
 3.20311332E-07
 3.19626960E-07
 3.18957381E-07
 3.18301560E-07
 3.17659318E-07
 3.17031388E-07
 3.16415701E-07
 3.15813487E-07
 3.15223136E-07
 3.14645751E-07
 3.14080479E-07
 3.13527610E-07
 3.12986216E-07
 3.12457894E-07
 3.11940214E-07
 3.11434781E-07
 3.10941292E-07
 3.10459216E-07
 3.09989447E-07
 3.09530790E-07
 3.09084195E-07
 3.08649865E-07
 3.08227375E-07
 3.07816680E-07
 3.07418109E-07
 3.07031867E-07
 3.06658159E-07
 3.06298090E-07
 3.05950973E-07
 3.05616201E-07
 3.05295888E-07
 3.04989264E-07
 3.04696639E-07
 3.04418444E-07
 3.04991968E-07
 3.06082255E-07
 3.07189022E-07
 3.08311842E-07
 3.09452310E-07
 3.10609913E-07
 3.11787454E-07
 3.12983595E-07
 3.14199134E-07
 3.15437274E-07
 3.16696836E-07
 3.17980120E-07
 3.19287374E-07
 3.20620643E-07
 3.21981106E-07
 3.23370642E-07
 3.24790179E-07
 3.26242923E-07
 3.27730906E-07
 3.29254649E-07
 3.30817642E-07
 3.32424075E-07
 3.34074927E-07
 3.35775491E-07
 3.37528855E-07
 3.39338742E-07
 3.41212560E-07
 3.43152773E-07
 3.45167631E-07
 3.47263411E-07
 3.49449278E-07
 3.52139666E-07
 2.37129081E-07
 2.45670372E-07
 2.54742257E-07
 2.64409959E-07
 2.74749976E-07
 2.85854847E-07
 2.97832304E-07
 1.24526528E-02
 3.81607274E-02
 6.38688026E-02
 8.95768786E-02
 1.73351303E-01
 3.00874292E-01
 4.90840649E-01
 0.00000000E+00
 0.00000000E+00
 0.00000000E+00
 0.00000000E+00
 0.00000000E+00
 0.00000000E+00
 0.00000000E+00
 0.00000000E+00
 0.00000000E+00
 0.00000000E+00
 0.00000000E+00
 0.00000000E+00
 0.00000000E+00
 0.00000000E+00
 0.00000000E+00
 0.00000000E+00
 5.58150978E-01
 3.28844558E-01
 2.01150537E-01
 8.27255852E-02
 6.10721000E-02
 3.94494330E-02
 1.78575366E-02
 2.01478408E-07
 1.21325198E-06
 1.90238265E-06
 2.27439177E-06
 2.33484651E-06
 2.08936034E-06
 1.54359350E-06
 7.03253551E-07
 6.34664771E-07
 2.30487245E-06
 3.69358949E-06
 4.80672430E-06
 5.65023521E-06
 6.23013101E-06
 6.55247152E-06
 6.62336814E-06
 6.56023553E-06
 6.36231834E-06
 5.93130462E-06
 5.27351820E-06
 4.39533740E-06
 3.30319556E-06
 2.00358172E-06
 5.03041153E-07
 9.56118045E-07
 2.19418585E-06
 3.24695010E-06
 4.12119500E-06
 4.82376432E-06
 5.36156206E-06
 5.74155307E-06
 5.97076384E-06
 6.05628311E-06
 6.00526260E-06
 5.82491775E-06
 5.52252844E-06
 5.10543968E-06
 4.58106243E-06
 3.95687429E-06
 3.26851092E-06
 3.36566129E-06
 3.38459698E-06
 3.33307245E-06
 3.21891283E-06
 3.05001470E-06
 2.83434692E-06
 2.57995154E-06
 2.29494459E-06
 1.98751699E-06
 1.66593542E-06
 1.33854323E-06
 1.01376135E-06
 7.00089203E-07
 4.06105653E-07
 1.40469955E-07
 2.71631494E-07
 9.43283694E-07
 1.55944806E-06
 2.11113544E-06
 2.58927136E-06
 2.98469494E-06
 3.28815785E-06
 3.49032325E-06
 3.58176471E-06
 3.55296510E-06
 3.39431543E-06
 3.09611380E-06
 2.64856416E-06
 2.04177518E-06
 1.26575906E-06
 3.10430327E-07
 7.19308375E-07
 1.53386319E-06
 2.13533319E-06
 2.51323707E-06
 2.65698958E-06
 2.55590022E-06
 2.19917188E-06
 1.57589947E-06
 2.29264543E-06
 2.91705451E-06
 3.23911260E-06
 3.24747525E-06
 2.93068292E-06
 2.27715954E-06
 1.27521094E-06
 1.07884893E-07
 1.48910524E-06
 2.48195408E-06
 3.07426110E-06
 3.25373006E-06
 3.00793706E-06
 2.32432886E-06
 1.19022113E-06
 4.66615753E-07
 2.11818820E-06
 3.27550713E-06
 3.92536130E-06
 4.05439946E-06
 3.64912842E-06
 2.69591113E-06
 1.18096467E-06
 9.58961013E-07
 2.87404415E-06
 4.17918629E-06
 4.86002092E-06
 4.90202550E-06
 4.29051926E-06
 3.01066101E-06
 1.04744689E-06
 1.59481417E-06
 3.76447824E-06
 5.19767229E-06
 5.87874447E-06
 5.79186859E-06
 4.92104170E-06
 3.25008144E-06
 7.62623548E-07
 2.11462608E-06
 4.16745528E-06
 5.34572658E-06
 5.63235255E-06
 5.61116487E-06
 4.78071621E-06
 3.00527846E-06
 2.66969394E-07
 1.74579040E-06
 2.65913141E-06
 2.54771920E-06
 1.41984598E-06
 2.65529155E-06
 2.80497363E-06
 1.84954445E-06
 3.56589993E-07
 3.39085981E-06
 5.25295182E-06
 5.92261555E-06
 5.73542131E-06
 5.93865994E-06
 4.88485362E-06
 2.55276702E-06
 1.10367188E-06
 4.36152703E-06
 6.26602917E-06
 6.79493396E-06
 6.72627677E-06
 6.71146232E-06
 5.24996698E-06
 2.31843407E-06
 1.18637277E-05
 3.78266609E-05
 6.22105748E-05
 8.49911274E-05
 1.07505691E-04
 1.29605040E-04
 1.50023136E-04
 1.68734385E-04
 2.48597322E-04
 1.61723573E-04
 7.48975054E-05
 1.19283663E-05
 4.40473007E-05
 5.20254941E-05
 3.35923623E-05
 5.79645394E-06
 2.89418190E-07
 2.96516661E-07
 3.36631651E-05
 5.16254920E-06
 3.17904174E-07
 3.25077287E-07
 2.12489868E-07
 2.11150497E-07
 2.21577965E-07
 2.32596958E-07
 2.43629598E-07
 2.54536454E-07
 2.62023240E-07
 2.69524122E-07
 2.77039020E-07
 2.83874083E-07
 2.01916609E-06
 2.87865618E-07
 2.89872621E-07
 2.91890590E-07
 2.93909326E-07
 2.95942986E-07
 2.97991268E-07
 3.00043619E-07
 3.02086073E-07
 3.04143910E-07
 3.06216560E-07
 3.08304236E-07
 3.10407571E-07
 3.12526273E-07
 3.14660287E-07
 3.17980934E-07
 3.22644296E-07
 3.27323772E-07
 3.32018775E-07
 3.36730296E-07
 3.41457743E-07
 3.46201315E-07
 3.50961459E-07
 3.55738145E-07
 3.60531282E-07
 3.65341389E-07
 3.70168099E-07
 2.55104424E-07
 2.57333859E-07
 2.59568350E-07
 2.61806769E-07
 2.62718751E-07
 2.63328463E-07
 2.63942310E-07
 2.64561224E-07
 2.65184357E-07
 2.65812388E-07
 2.66444760E-07
 2.67082146E-07
 2.67724005E-07
 2.68371021E-07
 2.69022619E-07
 2.69679552E-07
 2.70340884E-07
 2.71007321E-07
 2.71678981E-07
 2.72355240E-07
 2.73036844E-07
 2.73723528E-07
 2.74415042E-07
 2.75112130E-07
 2.75814205E-07
 2.76521991E-07
 2.77234577E-07
 2.77952692E-07
 2.78676116E-07
 2.79405245E-07
 2.80139493E-07
 2.80879589E-07
 2.81624942E-07
 2.82376023E-07
 2.83132904E-07
 2.84689208E-07
 2.87045378E-07
 2.89407238E-07
 2.91774897E-07
 2.94148817E-07
 2.96528312E-07
 2.98913880E-07
 3.01305636E-07
 3.03703278E-07
 3.06107242E-07
 3.08517290E-07
 3.10933949E-07
 3.13356864E-07
 3.15786165E-07
 3.18221605E-07
 3.20663608E-07
 3.23112306E-07
 3.25567872E-07
 3.28029562E-07
 3.30498274E-07
 3.32974192E-07
 3.35456555E-07
 3.37945899E-07
 3.40442004E-07
 3.42945731E-07
 3.45456390E-07
 3.47974129E-07
 3.50499051E-07
 3.53031762E-07
 3.55571468E-07
 3.58118778E-07
 3.60673810E-07
 3.63236682E-07
 3.65807094E-07
 3.68385257E-07
 3.70971238E-07
 3.73565165E-07
 3.76167256E-07
 3.78777639E-07
 3.81396008E-07
 3.84022937E-07
 3.86658160E-07
 3.89302316E-07
 3.91954544E-07
 3.94615577E-07
 3.97285516E-07
 3.99964557E-07
 4.02652385E-07
 4.05349200E-07
 4.08055623E-07
 4.10771393E-07
 4.13496619E-07
 4.16231035E-07
 4.18975334E-07
 4.21729146E-07
 4.24493283E-07
 4.27267882E-07
 4.30052069E-07
 4.32846626E-07
 4.35651742E-07
 4.38467596E-07
 4.41294503E-07
 4.44131510E-07
 4.46980477E-07
 4.49839992E-07
 3.32557433E-07
 3.34241134E-07
 3.35927953E-07
 3.37617952E-07
 3.39311196E-07
 3.41007802E-07
 3.42706614E-07
 3.44409519E-07
 3.46115294E-07
 3.47824679E-07
 3.49537181E-07
 3.51253429E-07
 3.52973427E-07
 3.54696750E-07
 3.56423447E-07
 3.58154184E-07
 3.59888371E-07
 3.61626886E-07
 3.63368941E-07
 3.65115483E-07
 3.66865120E-07
 3.68620020E-07
 3.70378233E-07
 3.72141218E-07
 3.73908996E-07
 3.75681040E-07
 3.77457436E-07
 3.79238282E-07
 3.81024312E-07
 3.82814991E-07
 3.84611142E-07
 3.86412815E-07
 3.88218643E-07
 3.90030963E-07
 3.91848406E-07
 3.93671082E-07
 3.95499802E-07
 3.97334770E-07
 3.99175972E-07
 4.01023701E-07
 4.02877874E-07
 4.04738706E-07
 4.06606354E-07
 4.08481695E-07
 4.10364012E-07
 4.12254199E-07
 4.14151688E-07
 4.16058160E-07
 4.17972885E-07
 4.19896832E-07
 4.21829339E-07
 4.23771388E-07
 4.25723812E-07
 2.82905432E-07
 2.50530764E-07
 2.35168742E-07
 2.24354464E-07
 2.15938927E-07
 2.09060051E-07
 3.24092230E-07
 3.23359177E-07
 3.21593622E-07
 3.19962865E-07
 3.18445738E-07
 3.17024198E-07
 3.15684973E-07
 3.14418552E-07
 3.13215656E-07
 3.12069050E-07
 3.10974843E-07
 3.09926073E-07
 3.08919906E-07
 3.07953479E-07
 3.07021477E-07
 3.06123042E-07
 3.05255600E-07
 3.04416587E-07
 3.03604910E-07
 3.02818693E-07
 3.02056284E-07
 3.01316497E-07
 3.00597753E-07
 2.99900025E-07
 2.99222546E-07
 2.98562826E-07
 2.97920277E-07
 2.97296107E-07
 2.96688361E-07
 2.96096327E-07
 2.95520276E-07
 2.94958677E-07
 2.94411545E-07
 2.93879120E-07
 2.93361346E-07
 2.92855713E-07
 2.92363947E-07
 2.91885472E-07
 2.91419247E-07
 2.90965817E-07
 2.90524981E-07
 2.90095661E-07
 2.89679624E-07
 2.89274450E-07
 2.88881848E-07
 2.88501474E-07
 2.88132705E-07
 2.87775281E-07
 2.87430008E-07
 2.87096438E-07
 2.86775613E-07
 2.86466188E-07
 2.86169222E-07
 2.85883950E-07
 2.85611606E-07
 2.85351499E-07
 2.85103765E-07
 2.84868759E-07
 2.84647561E-07
 2.84440392E-07
 2.84245767E-07
 2.84065844E-07
 2.83899858E-07
 2.83748318E-07
 2.84219235E-07
 2.85069443E-07
 2.85937207E-07
 2.86820031E-07
 2.87721462E-07
 2.88641275E-07
 2.89578855E-07
 2.90536294E-07
 2.91514253E-07
 2.92512684E-07
 2.93533759E-07
 2.94578772E-07
 2.95649026E-07
 2.96745030E-07
 2.97868392E-07
 2.99019748E-07
 3.00202739E-07
 3.01418469E-07
 3.02669877E-07
 3.03957369E-07
 3.05285273E-07
 3.06655687E-07
 3.08072504E-07
 3.09537342E-07
 3.11056400E-07
 3.12633618E-07
 3.14273029E-07
 3.15980651E-07
 3.17763951E-07
 3.19628532E-07
 3.21582606E-07
 3.24434421E-07
 3.29150581E-07
 2.19144693E-07
 2.29274360E-07
 2.40004668E-07
 2.51412295E-07
 2.63588865E-07
 2.76645273E-07
 1.04792537E-02
 3.21132567E-02
 5.37472605E-02
 7.53812652E-02
 1.57400071E-01
 2.84914221E-01
 4.77364953E-01
 0.00000000E+00
 0.00000000E+00
 0.00000000E+00
 0.00000000E+00
 0.00000000E+00
 0.00000000E+00
 0.00000000E+00
 0.00000000E+00
 0.00000000E+00
 0.00000000E+00
 0.00000000E+00
 0.00000000E+00
 0.00000000E+00
 0.00000000E+00
 0.00000000E+00
 0.00000000E+00
 5.46094945E-01
 3.12899429E-01
 1.85217139E-01
 6.71534463E-02
 4.95758897E-02
 3.20234149E-02
 1.44959823E-02
 2.02124645E-07
 1.21420967E-06
 1.90355784E-06
 2.27568991E-06
 2.33617248E-06
 2.09061840E-06
 1.54468733E-06
 7.04086179E-07
 6.34111735E-07
 2.30087788E-06
 3.68605867E-06
 4.79556185E-06
 5.63534508E-06
 6.21141651E-06
 6.52983528E-06
 6.59671210E-06
 6.53373938E-06
 6.33989296E-06
 5.91283824E-06
 5.25889838E-06
 4.38445099E-06
 3.29592870E-06
 1.99981982E-06
 5.02668925E-07
 9.71417794E-07
 2.23065508E-06
 3.30444602E-06
 4.19957413E-06
 4.92288243E-06
 5.48127416E-06
 5.88171348E-06
 6.13122607E-06
 6.23689993E-06
 6.20588602E-06
 6.04539897E-06
 5.76271787E-06
 5.36518694E-06
 4.86021631E-06
 4.25528277E-06
 3.58482136E-06
 3.66255425E-06
 3.66197102E-06
 3.59082516E-06
 3.45694083E-06
 3.26821359E-06
 3.03261133E-06
 2.75817505E-06
 2.45301977E-06
 2.12533535E-06
 1.78338743E-06
 1.43551828E-06
 1.09014776E-06
 7.55774184E-07
 4.40975308E-07
 1.54409262E-07
 2.70390561E-07
 9.40965866E-07
 1.55620228E-06
 2.10711178E-06
 2.58462100E-06
 2.97957022E-06
 3.28271226E-06
 3.48471147E-06
 3.57614261E-06
 3.54748974E-06
 3.38914512E-06
 3.09140806E-06
 2.64448378E-06
 2.03848224E-06
 1.26341691E-06
 3.09203627E-07
 6.92231557E-07
 1.47053069E-06
 2.03596457E-06
 2.37805312E-06
 2.48621238E-06
 2.34975311E-06
 1.95787953E-06
 1.29968786E-06
 2.04394774E-06
 2.70365011E-06
 3.06113804E-06
 3.10506871E-06
 2.82398428E-06
 2.20631038E-06
 1.24035454E-06
 1.06854364E-07
 1.48739440E-06
 2.47976050E-06
 3.07178406E-06
 3.25117052E-06
 3.00549770E-06
 2.32221412E-06
 1.18863723E-06
 4.65384347E-07
 2.11625823E-06
 3.27309228E-06
 3.92267714E-06
 4.05166346E-06
 3.64655997E-06
 2.69373158E-06
 1.17939736E-06
 9.57506891E-07
 2.87187333E-06
 4.17653033E-06
 4.85711349E-06
 4.89910238E-06
 4.28781841E-06
 3.00842259E-06
 1.04591328E-06
 1.59311270E-06
 3.76204224E-06
 5.19475321E-06
 5.87559612E-06
 5.78874717E-06
 4.91820584E-06
 3.24779226E-06
 7.61144652E-07
 2.10225341E-06
 4.14048487E-06
 5.30444955E-06
 5.57706263E-06
 5.56527429E-06
 4.74902887E-06
 2.98806151E-06
 2.64492869E-07
 1.68215479E-06
 2.52825580E-06
 2.34998457E-06
 1.15667388E-06
 2.45880252E-06
 2.67539297E-06
 1.78710096E-06
 3.51489390E-07
 3.34648494E-06
 5.16967232E-06
 5.80080418E-06
 5.58914633E-06
 5.83075440E-06
 4.81560799E-06
 2.52247556E-06
 1.09015471E-06
 4.30300486E-06
 6.16290840E-06
 6.64762453E-06
 6.56597698E-06
 6.59530004E-06
 5.17825982E-06
 2.29150401E-06
 9.98467745E-06
 3.16601737E-05
 5.17620269E-05
 7.02658706E-05
 8.85614269E-05
 1.06494668E-04
 1.22751816E-04
 1.37307253E-04
 2.74259308E-04
 1.81823191E-04
 8.94215846E-05
 2.97982478E-06
 3.85660143E-05
 4.90917678E-05
 3.21922848E-05
 5.57059640E-06
 2.58270179E-07
 2.65182852E-07
 3.49986475E-05
 5.40437404E-06
 2.86007232E-07
 2.92990887E-07
 1.80440379E-07
 1.78865025E-07
 1.89507653E-07
 2.00764142E-07
 2.12034426E-07
 2.23173496E-07
 2.30761066E-07
 2.38362436E-07
 2.45977984E-07
 2.52898569E-07
 2.13865309E-06
 2.56843977E-07
 2.58827893E-07
 2.60822570E-07
 2.62817868E-07
 2.64827801E-07
 2.66852535E-07
 2.68881317E-07
 2.70899192E-07
 2.72932380E-07
 2.74980570E-07
 2.77044197E-07
 2.79123160E-07
 2.81217672E-07
 2.83327931E-07
 2.86669463E-07
 2.91405067E-07
 2.96156480E-07
 3.00924122E-07
 3.05707956E-07
 3.10507915E-07
 3.15324444E-07
 3.20157221E-07
 3.25006738E-07
 3.29872926E-07
 3.34755990E-07
 3.39656141E-07
 2.24133955E-07
 2.26420376E-07
 2.28711309E-07
 2.31006557E-07
 2.31924583E-07
 2.32528094E-07
 2.33136054E-07
 2.33748837E-07
 2.34365916E-07
 2.34988258E-07
 2.35615004E-07
 2.36246226E-07
 2.36882630E-07
 2.37523915E-07
 2.38169895E-07
 2.38820921E-07
 2.39476760E-07
 2.40137769E-07
 2.40803765E-07
 2.41474420E-07
 2.42150515E-07
 2.42831727E-07
 2.43518231E-07
 2.44210010E-07
 2.44906873E-07
 2.45608854E-07
 2.46316366E-07
 2.47029540E-07
 2.47747713E-07
 2.48471688E-07
 2.49200855E-07
 2.49936008E-07
 2.50676492E-07
 2.51422747E-07
 2.52174543E-07
 2.53705229E-07
 2.56014580E-07
 2.58329699E-07
 2.60650693E-07
 2.62978062E-07
 2.65311087E-07
 2.67650303E-07
 2.69995333E-07
 2.72346789E-07
 2.74704329E-07
 2.77068404E-07
 2.79438406E-07
 2.81815158E-07
 2.84198007E-07
 2.86587459E-07
 2.88983639E-07
 2.91386230E-07
 2.93795362E-07
 2.96211508E-07
 2.98634468E-07
 3.01064260E-07
 3.03501064E-07
 3.05944550E-07
 3.08395296E-07
 3.10852923E-07
 3.13318106E-07
 3.15790427E-07
 3.18270076E-07
 3.20757166E-07
 3.23251899E-07
 3.25753800E-07
 3.28263659E-07
 3.30781003E-07
 3.33306505E-07
 3.35839352E-07
 3.38380218E-07
 3.40929619E-07
 3.43486872E-07
 3.46052532E-07
 3.48626299E-07
 3.51208346E-07
 3.53799256E-07
 3.56398819E-07
 3.59006627E-07
 3.61623319E-07
 3.64248633E-07
 3.66883173E-07
 3.69527190E-07
 3.72180332E-07
 3.74842227E-07
 3.77513600E-07
 3.80195191E-07
 3.82886060E-07
 3.85586522E-07
 3.88296695E-07
 3.91017287E-07
 3.93748035E-07
 3.96489075E-07
 3.99240638E-07
 4.02001905E-07
 4.04774672E-07
 4.07558028E-07
 4.10352262E-07
 4.13158158E-07
 2.96212514E-07
 2.97841766E-07
 2.99474660E-07
 3.01109666E-07
 3.02748495E-07
 3.04390071E-07
 3.06034996E-07
 3.07683393E-07
 3.09334721E-07
 3.10989022E-07
 3.12647604E-07
 3.14308737E-07
 3.15974299E-07
 3.17642527E-07
 3.19314698E-07
 3.20990884E-07
 3.22670583E-07
 3.24353933E-07
 3.26040799E-07
 3.27732128E-07
 3.29427936E-07
 3.31126901E-07
 3.32830580E-07
 3.34538319E-07
 3.36250828E-07
 3.37967638E-07
 3.39688780E-07
 3.41414339E-07
 3.43145050E-07
 3.44880447E-07
 3.46620491E-07
 3.48366804E-07
 3.50117324E-07
 3.51872806E-07
 3.53634852E-07
 3.55401421E-07
 3.57174732E-07
 3.58953566E-07
 3.60738582E-07
 3.62529285E-07
 3.64326523E-07
 3.66131139E-07
 3.67941800E-07
 3.69759191E-07
 3.71584441E-07
 3.73416830E-07
 3.75258004E-07
 3.77105753E-07
 3.78962574E-07
 3.80827746E-07
 3.82701547E-07
 3.84585543E-07
 3.86478337E-07
 3.88381697E-07
 3.90294898E-07
 2.13852679E-07
 1.97519684E-07
 1.86211400E-07
 1.77463826E-07
 1.70332987E-07
 2.85610389E-07
 2.84834889E-07
 2.83167853E-07
 2.81640257E-07
 2.80228186E-07
 2.78914330E-07
 2.77685197E-07
 2.76529475E-07
 2.75439360E-07
 2.74407849E-07
 2.73427380E-07
 2.72495167E-07
 2.71605418E-07
 2.70755461E-07
 2.69941013E-07
 2.69161264E-07
 2.68412936E-07
 2.67693384E-07
 2.67000382E-07
 2.66333885E-07
 2.65692346E-07
 2.65072836E-07
 2.64475470E-07
 2.63898102E-07
 2.63341804E-07
 2.62803890E-07
 2.62283874E-07
 2.61781223E-07
 2.61295300E-07
 2.60826536E-07
 2.60372854E-07
 2.59933856E-07
 2.59510338E-07
 2.59100568E-07
 2.58705161E-07
 2.58323560E-07
 2.57954972E-07
 2.57599979E-07
 2.57257739E-07
 2.56928123E-07
 2.56611502E-07
 2.56306953E-07
 2.56014811E-07
 2.55733967E-07
 2.55466279E-07
 2.55210678E-07
 2.54965778E-07
 2.54734240E-07
 2.54514032E-07
 2.54306185E-07
 2.54110161E-07
 2.53925471E-07
 2.53753720E-07
 2.53594597E-07
 2.53447318E-07
 2.53313085E-07
 2.53191194E-07
 2.53082762E-07
 2.52987149E-07
 2.52906466E-07
 2.52837388E-07
 2.52783787E-07
 2.52745104E-07
 2.52720824E-07
 2.53089020E-07
 2.53699934E-07
 2.54327408E-07
 2.54971993E-07
 2.55634297E-07
 2.56313808E-07
 2.57012380E-07
 2.57731806E-07
 2.58470811E-07
 2.59231589E-07
 2.60015158E-07
 2.60821549E-07
 2.61653413E-07
 2.62512399E-07
 2.63397681E-07
 2.64312579E-07
 2.65259377E-07
 2.66237852E-07
 2.67252347E-07
 2.68304739E-07
 2.69396498E-07
 2.70531221E-07
 2.71712912E-07
 2.72943273E-07
 2.74228466E-07
 2.75571776E-07
 2.76977241E-07
 2.78453656E-07
 2.80004171E-07
 2.81636156E-07
 2.83360922E-07
 2.86372673E-07
 2.92109920E-07
 1.82257200E-07
 1.93445545E-07
 2.05237129E-07
 2.17712209E-07
 2.30962939E-07
 2.45098374E-07
 8.50611891E-03
 2.60666173E-02
 4.36271166E-02
 6.11876169E-02
 1.41451050E-01
 2.68956362E-01
 4.63891126E-01
 0.00000000E+00
 0.00000000E+00
 0.00000000E+00
 0.00000000E+00
 0.00000000E+00
 0.00000000E+00
 0.00000000E+00
 0.00000000E+00
 0.00000000E+00
 0.00000000E+00
 0.00000000E+00
 0.00000000E+00
 0.00000000E+00
 0.00000000E+00
 0.00000000E+00
 0.00000000E+00
 5.34039002E-01
 2.96954420E-01
 1.69283861E-01
 5.15814250E-02
 3.80797664E-02
 2.45974531E-02
 1.11344535E-02
 2.02964367E-07
 1.21536186E-06
 1.90492856E-06
 2.27718464E-06
 2.33769609E-06
 2.09207517E-06
 1.54598092E-06
 7.05119665E-07
 6.33760661E-07
 2.29708640E-06
 3.67873207E-06
 4.78460475E-06
 5.62066147E-06
 6.19290970E-06
 6.50740790E-06
 6.57026612E-06
 6.50745444E-06
 6.31767992E-06
 5.89458537E-06
 5.24449323E-06
 4.37378042E-06
 3.28887887E-06
 1.99627615E-06
 5.02516130E-07
 9.86938092E-07
 2.26734593E-06
 3.36216467E-06
 4.27817708E-06
 5.02222546E-06
 5.60121233E-06
 6.02210108E-06
 6.29191665E-06
 6.41774627E-06
 6.40674011E-06
 6.26611205E-06
 6.00314036E-06
 5.62516846E-06
 5.13960567E-06
 4.55392795E-06
 3.90136976E-06
 3.95968677E-06
 3.93958623E-06
 3.84882068E-06
 3.69521327E-06
 3.48665859E-06
 3.23112351E-06
 2.93664803E-06
 2.61134612E-06
 2.26340661E-06
 1.90109408E-06
 1.53274974E-06
 1.16679234E-06
 8.11719128E-07
 4.76106735E-07
 1.68612168E-07
 2.68884258E-07
 9.38381018E-07
 1.55268781E-06
 2.10281773E-06
 2.57969855E-06
 2.97417168E-06
 3.27699111E-06
 3.47882237E-06
 3.57024141E-06
 3.54173348E-06
 3.38369208E-06
 3.08641776E-06
 2.64011700E-06
 2.03490101E-06
 1.26078458E-06
 3.07684824E-07
 6.64860969E-07
 1.40690285E-06
 1.93629899E-06
 2.24257060E-06
 2.31513496E-06
 2.14330413E-06
 1.71628362E-06
 1.02317099E-06
 1.79494244E-06
 2.48993565E-06
 2.88285092E-06
 2.96234711E-06
 2.71696804E-06
 2.13514104E-06
 1.20517537E-06
 1.05498465E-07
 1.48535593E-06
 2.47723702E-06
 3.06897480E-06
 3.24827641E-06
 3.00272142E-06
 2.31976007E-06
 1.18671160E-06
 4.63808765E-07
 2.11398163E-06
 3.27032832E-06
 3.91964135E-06
 4.04857327E-06
 3.64363476E-06
 2.69119266E-06
 1.17746805E-06
 9.55688103E-07
 2.86933516E-06
 4.17350432E-06
 4.85383325E-06
 4.89580368E-06
 4.28473917E-06
 3.00580292E-06
 1.04399553E-06
 1.59102418E-06
 3.75921627E-06
 5.19144119E-06
 5.87205182E-06
 5.78522677E-06
 4.91496792E-06
 3.24509789E-06
 7.59257405E-07
 2.08946935E-06
 4.11310002E-06
 5.26275500E-06
 5.52135205E-06
 5.51895960E-06
 4.71691387E-06
 2.97041330E-06
 2.61581442E-07
 1.61808156E-06
 2.39693988E-06
 2.15180690E-06
 8.93055964E-07
 2.26186318E-06
 2.54535742E-06
 1.72419795E-06
 3.45924694E-07
 3.30164264E-06
 5.08592200E-06
 5.67851857E-06
 5.44239344E-06
 5.72236639E-06
 4.74587526E-06
 2.49169231E-06
 1.07614133E-06
 4.24398284E-06
 6.05928408E-06
 6.49980779E-06
 6.40516564E-06
 6.47862113E-06
 5.10603086E-06
 2.26404691E-06
 8.10512184E-06
 2.54932379E-05
 4.13130879E-05
 5.55402805E-05
 6.96168875E-05
 8.33840771E-05
 9.54803364E-05
 1.05880020E-04
 2.99988907E-04
 2.01909591E-04
 1.03933221E-04
 5.95704937E-06
 3.30958809E-05
 4.61688397E-05
 3.08027919E-05
 5.35515940E-06
 2.16737546E-07
 2.23464940E-07
 3.63443328E-05
 5.65655316E-06
 2.43727198E-07
 2.50522125E-07
 2.57369134E-07
 1.36204502E-07
 1.47062361E-07
 1.58556414E-07
 1.70064200E-07
 1.81435774E-07
 1.89123976E-07
 1.96826355E-07
 2.04542641E-07
 2.11548644E-07
 2.26850192E-06
 2.15448594E-07
 2.17409526E-07
 2.19381014E-07
 2.21352779E-07
 2.23339335E-07
 2.25340611E-07
 2.27345714E-07
 2.29339140E-07
 2.31348028E-07
 2.33371864E-07
 2.35411311E-07
 2.37466291E-07
 2.39536733E-07
 2.41623104E-07
 2.44985863E-07
 2.49793865E-07
 2.54617576E-07
 2.59457705E-07
 2.64313970E-07
 2.69186535E-07
 2.74075884E-07
 2.78981684E-07
 2.83904166E-07
 2.88843483E-07
 2.93799924E-07
 2.98773359E-07
 1.82791458E-07
 1.85134766E-07
 1.87482394E-07
 1.89834641E-07
 1.90758381E-07
 1.91355852E-07
 1.91958150E-07
 1.92565054E-07
 1.93176311E-07
 1.93792585E-07
 1.94413366E-07
 1.95039283E-07
 1.95669793E-07
 1.96305610E-07
 1.96945868E-07
 1.97591263E-07
 1.98241504E-07
 1.98897059E-07
 1.99557255E-07
 2.00222919E-07
 2.00893731E-07
 2.01569421E-07
 2.02250468E-07
 2.02936885E-07
 2.03628453E-07
 2.04325556E-07
 2.05027971E-07
 2.05735741E-07
 2.06448959E-07
 2.07167701E-07
 2.07892062E-07
 2.08622154E-07
 2.09357653E-07
 2.10099024E-07
 2.10846044E-07
 2.12351068E-07
 2.14613859E-07
 2.16882494E-07
 2.19156780E-07
 2.21437446E-07
 2.23723917E-07
 2.26016695E-07
 2.28315404E-07
 2.30620591E-07
 2.32931948E-07
 2.35249196E-07
 2.37573258E-07
 2.39903790E-07
 2.42240514E-07
 2.44583922E-07
 2.46934190E-07
 2.49290961E-07
 2.51653986E-07
 2.54024578E-07
 2.56401616E-07
 2.58785621E-07
 2.61176344E-07
 2.63574316E-07
 2.65979606E-07
 2.68392003E-07
 2.70811532E-07
 2.73238386E-07
 2.75672671E-07
 2.78114544E-07
 2.80563665E-07
 2.83020692E-07
 2.85485193E-07
 2.87957842E-07
 2.90438296E-07
 2.92926296E-07
 2.95422385E-07
 2.97926694E-07
 3.00439493E-07
 3.02959897E-07
 3.05489009E-07
 3.08027011E-07
 3.10573114E-07
 3.13127937E-07
 3.15691180E-07
 3.18263523E-07
 3.20845584E-07
 3.23435580E-07
 3.26035642E-07
 3.28644025E-07
 3.31262334E-07
 3.33890311E-07
 3.36527588E-07
 3.39174387E-07
 3.41831447E-07
 3.44498365E-07
 3.47175357E-07
 3.49862660E-07
 3.52560009E-07
 3.55267968E-07
 3.57986902E-07
 3.60715923E-07
 3.63456302E-07
 3.66208234E-07
 2.49603102E-07
 2.51178395E-07
 2.52756154E-07
 2.54337724E-07
 2.55921390E-07
 2.57508928E-07
 2.59099325E-07
 2.60693123E-07
 2.62289838E-07
 2.63890192E-07
 2.65493523E-07
 2.67100634E-07
 2.68710965E-07
 2.70325150E-07
 2.71942056E-07
 2.73563597E-07
 2.75188697E-07
 2.76817302E-07
 2.78449547E-07
 2.80086230E-07
 2.81726644E-07
 2.83370991E-07
 2.85019227E-07
 2.86672241E-07
 2.88329379E-07
 2.89990797E-07
 2.91656510E-07
 2.93327316E-07
 2.95002607E-07
 2.96682487E-07
 2.98367769E-07
 3.00057905E-07
 3.01752869E-07
 3.03452834E-07
 3.05158645E-07
 3.06869685E-07
 3.08586741E-07
 3.10309114E-07
 3.12037841E-07
 3.13772986E-07
 3.15513827E-07
 3.17261283E-07
 3.19015505E-07
 3.20776558E-07
 3.22544593E-07
 3.24319696E-07
 3.26102835E-07
 3.27893293E-07
 3.29691982E-07
 3.31499094E-07
 3.33314728E-07
 3.35139777E-07
 3.36973582E-07
 3.38817135E-07
 3.40671353E-07
 3.42535520E-07
 1.66988452E-07
 1.49565758E-07
 1.37731111E-07
 1.28638519E-07
 1.21247335E-07
 2.36758848E-07
 2.35939965E-07
 2.34370225E-07
 2.32944289E-07
 2.31637567E-07
 2.30431661E-07
 2.29311603E-07
 2.28267692E-07
 2.27289485E-07
 2.26371157E-07
 2.25506449E-07
 2.24689702E-07
 2.23916302E-07
 2.23182678E-07
 2.22486696E-07
 2.21824637E-07
 2.21194181E-07
 2.20593819E-07
 2.20021626E-07
 2.19474136E-07
 2.18952151E-07
 2.18453776E-07
 2.17977190E-07
 2.17521185E-07
 2.17085711E-07
 2.16669349E-07
 2.16271060E-07
 2.15891044E-07
 2.15526721E-07
 2.15180383E-07
 2.14848735E-07
 2.14533378E-07
 2.14231890E-07
 2.13945751E-07
 2.13673795E-07
 2.13415328E-07
 2.13170892E-07
 2.12939135E-07
 2.12720633E-07
 2.12515208E-07
 2.12322542E-07
 2.12141719E-07
 2.11973785E-07
 2.11818459E-07
 2.11673989E-07
 2.11542667E-07
 2.11423620E-07
 2.11316136E-07
 2.11221457E-07
 2.11138152E-07
 2.11067265E-07
 2.11008404E-07
 2.10962520E-07
 2.10928165E-07
 2.10907378E-07
 2.10898545E-07
 2.10902013E-07
 2.10919790E-07
 2.10950306E-07
 2.10994812E-07
 2.11053478E-07
 2.11125839E-07
 2.11213102E-07
 2.11315608E-07
 2.11582462E-07
 2.11953713E-07
 2.12341569E-07
 2.12746424E-07
 2.13170101E-07
 2.13611087E-07
 2.14071233E-07
 2.14551126E-07
 2.15051912E-07
 2.15574448E-07
 2.16118718E-07
 2.16688455E-07
 2.17282643E-07
 2.17902792E-07
 2.18550791E-07
 2.19229899E-07
 2.19938511E-07
 2.20681923E-07
 2.21459571E-07
 2.22275466E-07
 2.23131242E-07
 2.24031921E-07
 2.24977865E-07
 2.25974565E-07
 2.27025237E-07
 2.28133953E-07
 2.29307334E-07
 2.30550008E-07
 2.31868742E-07
 2.33270192E-07
 2.34763911E-07
 2.37936753E-07
 2.44695097E-07
 1.34989445E-07
 1.47235812E-07
 1.60090365E-07
 1.73633563E-07
 1.87956692E-07
 2.03171988E-07
 6.53324821E-03
 2.00208087E-02
 3.35083702E-02
 4.69959330E-02
 1.25504238E-01
 2.53000714E-01
 4.50419168E-01
 0.00000000E+00
 0.00000000E+00
 0.00000000E+00
 0.00000000E+00
 0.00000000E+00
 0.00000000E+00
 0.00000000E+00
 0.00000000E+00
 0.00000000E+00
 0.00000000E+00
 0.00000000E+00
 0.00000000E+00
 0.00000000E+00
 0.00000000E+00
 0.00000000E+00
 0.00000000E+00
 5.21983150E-01
 2.81009531E-01
 1.53350703E-01
 3.60095212E-02
 2.65837301E-02
 1.71715476E-02
 7.77295023E-03
 2.03997552E-07
 1.21670855E-06
 1.90649481E-06
 2.27887594E-06
 2.33941732E-06
 2.09373063E-06
 1.54747428E-06
 7.06353986E-07
 6.33611521E-07
 2.29349798E-06
 3.67160966E-06
 4.77385300E-06
 5.60618436E-06
 6.17461055E-06
 6.48518936E-06
 6.54403015E-06
 6.48138070E-06
 6.29567922E-06
 5.87654598E-06
 5.23030273E-06
 4.36332567E-06
 3.28204604E-06
 1.99295069E-06
 5.02582741E-07
 1.00267891E-06
 2.30425839E-06
 3.42010601E-06
 4.35700382E-06
 5.12179341E-06
 5.72137653E-06
 6.16271585E-06
 6.45283555E-06
 6.59882208E-06
 6.60782485E-06
 6.48705695E-06
 6.24379586E-06
 5.88538421E-06
 5.41923048E-06
 4.85280983E-06
 4.21815609E-06
 4.25705882E-06
 4.21744259E-06
 4.10705897E-06
 3.93373012E-06
 3.70534966E-06
 3.42988344E-06
 3.11537044E-06
 2.76992362E-06
 2.40173074E-06
 2.01905534E-06
 1.63023756E-06
 1.24369507E-06
 8.67924005E-07
 5.11499904E-07
 1.83078642E-07
 2.67112624E-07
 9.35529181E-07
 1.54890468E-06
 2.09825333E-06
 2.57450404E-06
 2.96849936E-06
 3.27099444E-06
 3.47265599E-06
 3.56406114E-06
 3.53569636E-06
 3.37795637E-06
 3.08114295E-06
 2.63546384E-06
 2.03103153E-06
 1.25786209E-06
 3.05873954E-07
 6.37196646E-07
 1.34297969E-06
 1.83633650E-06
 2.10678954E-06
 2.14375737E-06
 1.93655332E-06
 1.47438421E-06
 7.46348930E-07
 1.54562959E-06
 2.27591117E-06
 2.70425130E-06
 2.81931048E-06
 2.60963423E-06
 2.06365157E-06
 1.16967347E-06
 1.03817242E-07
 1.48298988E-06
 2.47438367E-06
 3.06583336E-06
 3.24504780E-06
 2.99960825E-06
 2.31696675E-06
 1.18444428E-06
 4.61889052E-07
 2.11135844E-06
 3.26721528E-06
 3.91625397E-06
 4.04512895E-06
 3.64035284E-06
 2.68829443E-06
 1.17517678E-06
 9.53504699E-07
 2.86642970E-06
 4.17010829E-06
 4.85018026E-06
 4.89212944E-06
 4.28128158E-06
 3.00280206E-06
 1.04169370E-06
 1.58854868E-06
 3.75600038E-06
 5.18773629E-06
 5.86811164E-06
 5.78130743E-06
 4.91132799E-06
 3.24199839E-06
 7.56961870E-07
 2.07627394E-06
 4.08530078E-06
 5.22064298E-06
 5.46522089E-06
 5.47222087E-06
 4.68437128E-06
 2.95233390E-06
 2.58235181E-07
 1.55357077E-06
 2.26518372E-06
 1.95318628E-06
 6.28992317E-07
 2.06447358E-06
 2.41486704E-06
 1.66083547E-06
 3.39895983E-07
 3.25633298E-06
 5.00170095E-06
 5.55575879E-06
 5.29516272E-06
 5.61349599E-06
 4.67565552E-06
 2.46041738E-06
 1.06163182E-06
 4.18446104E-06
 5.95515629E-06
 6.35148384E-06
 6.24384285E-06
 6.36142566E-06
 5.03328019E-06
 2.23606287E-06
 6.22506102E-06
 1.93258538E-05
 3.08637579E-05
 4.08143572E-05
 5.06720725E-05
 6.02732685E-05
 6.82086963E-05
 7.44526857E-05
 3.25685836E-04
 2.21982755E-04
 1.18432396E-04
 1.48822373E-05
 2.76369193E-05
 4.32567293E-05
 2.94239028E-05
 5.15016255E-06
 1.64800842E-07
 1.71343453E-07
 3.77002403E-05
 5.91910569E-06
 1.91044721E-07
 1.97650843E-07
 2.04309729E-07
 8.31492915E-08
 9.42226334E-08
 1.05954290E-07
 1.17699825E-07
 1.29303944E-07
 1.37093075E-07
 1.44896111E-07
 1.52713622E-07
 1.59805105E-07
 2.40873219E-06
 1.63659785E-07
 1.65597583E-07
 1.67546197E-07
 1.69494495E-07
 1.71457762E-07
 1.73435920E-07
 1.75417688E-07
 1.77386733E-07
 1.79371186E-07
 1.81371006E-07
 1.83386355E-07
 1.85417432E-07
 1.87464155E-07
 1.89526480E-07
 1.92910843E-07
 1.97791026E-07
 2.02687395E-07
 2.07600114E-07
 2.12528882E-07
 2.17474411E-07
 2.22436401E-07
 2.27415581E-07
 2.32411085E-07
 2.37423667E-07
 2.42453555E-07
 2.47500368E-07
 1.31057820E-07
 1.33457950E-07
 1.35862396E-07
 1.38271578E-07
 1.39201204E-07
 1.39792854E-07
 1.40389091E-07
 1.40989990E-07
 1.41595626E-07
 1.42206343E-07
 1.42821629E-07
 1.43441515E-07
 1.44066706E-07
 1.44696317E-07
 1.45331386E-07
 1.45971013E-07
 1.46615898E-07
 1.47265810E-07
 1.47920839E-07
 1.48581016E-07
 1.49246100E-07
 1.49916852E-07
 1.50592641E-07
 1.51273582E-07
 1.51960430E-07
 1.52652222E-07
 1.53349370E-07
 1.54052320E-07
 1.54760471E-07
 1.55474217E-07
 1.56193688E-07
 1.56918961E-07
 1.57649752E-07
 1.58386128E-07
 1.59128195E-07
 1.60607804E-07
 1.62823545E-07
 1.65045617E-07
 1.67273760E-07
 1.69507711E-07
 1.71747895E-07
 1.73994438E-07
 1.76246709E-07
 1.78505505E-07
 1.80770230E-07
 1.83041692E-07
 1.85319659E-07
 1.87603812E-07
 1.89894688E-07
 1.92192380E-07
 1.94496613E-07
 1.96807023E-07
 1.99125032E-07
 2.01449101E-07
 2.03780555E-07
 2.06119110E-07
 2.08464485E-07
 2.10816777E-07
 2.13176524E-07
 2.15543041E-07
 2.17917310E-07
 2.20298966E-07
 2.22687798E-07
 2.25084278E-07
 2.27488195E-07
 2.29900083E-07
 2.32319642E-07
 2.34746996E-07
 2.37182306E-07
 2.39625695E-07
 2.42077386E-07
 2.44536507E-07
 2.47004660E-07
 2.49480593E-07
 2.51965443E-07
 2.54458326E-07
 2.56960410E-07
 2.59470902E-07
 2.61989981E-07
 2.64518247E-07
 2.67055488E-07
 2.69601759E-07
 2.72157307E-07
 2.74722242E-07
 2.77296345E-07
 2.79880775E-07
 2.82474175E-07
 2.85077280E-07
 2.87690741E-07
 2.90314255E-07
 2.92947555E-07
 2.95591852E-07
 2.98245799E-07
 3.00910618E-07
 3.03586005E-07
 3.06272757E-07
 3.08969952E-07
 3.11678457E-07
 1.94230954E-07
 1.95755122E-07
 1.97281931E-07
 1.98811421E-07
 2.00344232E-07
 2.01880374E-07
 2.03419428E-07
 2.04961928E-07
 2.06507451E-07
 2.08056613E-07
 2.09608920E-07
 2.11165060E-07
 2.12723793E-07
 2.14287054E-07
 2.15853164E-07
 2.17423384E-07
 2.18997799E-07
 2.20575131E-07
 2.22156942E-07
 2.23742464E-07
 2.25331906E-07
 2.26925280E-07
 2.28523404E-07
 2.30125567E-07
 2.31732054E-07
 2.33342813E-07
 2.34957938E-07
 2.36577590E-07
 2.38202499E-07
 2.39832128E-07
 2.41466523E-07
 2.43105764E-07
 2.44750700E-07
 2.46400715E-07
 2.48055986E-07
 2.49717236E-07
 2.51383829E-07
 2.53056048E-07
 2.54734543E-07
 2.56419531E-07
 2.58110378E-07
 2.59807925E-07
 2.61512315E-07
 2.63223625E-07
 2.64941292E-07
 2.66666907E-07
 2.68399843E-07
 2.70141004E-07
 2.71890576E-07
 2.73647754E-07
 2.75414467E-07
 2.77189849E-07
 2.78975035E-07
 2.80769122E-07
 2.82573981E-07
 2.84388974E-07
 1.09955297E-07
 9.12934689E-08
 7.88983137E-08
 6.94445084E-08
 6.17850444E-08
 1.77518250E-07
 1.76654884E-07
 1.75181994E-07
 1.73858169E-07
 1.72655102E-07
 1.71556300E-07
 1.70545523E-07
 1.69612478E-07
 1.68747017E-07
 1.67941889E-07
 1.67191834E-07
 1.66489423E-07
 1.65833181E-07
 1.65216714E-07
 1.64638020E-07
 1.64094370E-07
 1.63582191E-07
 1.63100320E-07
 1.62647476E-07
 1.62219929E-07
 1.61818244E-07
 1.61439692E-07
 1.61083537E-07
 1.60749130E-07
 1.60434697E-07
 1.60139641E-07
 1.59863358E-07
 1.59604926E-07
 1.59363005E-07
 1.59138762E-07
 1.58930102E-07
 1.58737358E-07
 1.58558898E-07
 1.58395337E-07
 1.58246341E-07
 1.58111175E-07
 1.57989908E-07
 1.57882414E-07
 1.57787135E-07
 1.57705377E-07
 1.57636903E-07
 1.57580752E-07
 1.57537340E-07
 1.57505583E-07
 1.57485931E-07
 1.57479341E-07
 1.57485511E-07
 1.57502410E-07
 1.57532610E-07
 1.57574188E-07
 1.57628777E-07
 1.57695275E-07
 1.57773729E-07
 1.57866165E-07
 1.57970309E-07
 1.58087292E-07
 1.58217283E-07
 1.58360607E-07
 1.58517548E-07
 1.58688338E-07
 1.58872419E-07
 1.59071914E-07
 1.59285382E-07
 1.59515068E-07
 1.59679038E-07
 1.59810929E-07
 1.59959470E-07
 1.60125064E-07
 1.60309466E-07
 1.60511235E-07
 1.60732164E-07
 1.60974049E-07
 1.61236970E-07
 1.61520593E-07
 1.61827280E-07
 1.62158303E-07
 1.62515172E-07
 1.62898224E-07
 1.63309351E-07
 1.63750608E-07
 1.64222891E-07
 1.64728894E-07
 1.65271625E-07
 1.65851647E-07
 1.66471945E-07
 1.67136079E-07
 1.67848335E-07
 1.68610413E-07
 1.69427222E-07
 1.70302772E-07
 1.71242187E-07
 1.72252696E-07
 1.73339431E-07
 1.74510151E-07
 1.75772593E-07
 1.79107264E-07
 1.86886362E-07
 7.73212464E-08
 9.06256171E-08
 1.04544334E-07
 1.19154574E-07
 1.34551560E-07
 1.50847043E-07
 4.56064150E-03
 1.39758306E-02
 2.33910208E-02
 3.28062124E-02
 1.09559634E-01
 2.37047278E-01
 4.36949077E-01
 0.00000000E+00
 0.00000000E+00
 0.00000000E+00
 0.00000000E+00
 0.00000000E+00
 0.00000000E+00
 0.00000000E+00
 0.00000000E+00
 0.00000000E+00
 0.00000000E+00
 0.00000000E+00
 0.00000000E+00
 0.00000000E+00
 0.00000000E+00
 0.00000000E+00
 0.00000000E+00
 5.09927387E-01
 2.65064761E-01
 1.37417665E-01
 2.04377350E-02
 1.50877808E-02
 9.74569853E-03
 4.41147240E-03
 2.05224183E-07
 1.21824970E-06
 1.90825657E-06
 2.28076379E-06
 2.34133616E-06
 2.09558474E-06
 1.54916737E-06
 7.07789123E-07
 6.33664294E-07
 2.29011260E-06
 3.66469143E-06
 4.76330657E-06
 5.59191372E-06
 6.15651904E-06
 6.46317964E-06
 6.51800419E-06
 6.45551812E-06
 6.27389083E-06
 5.85872005E-06
 5.21632685E-06
 4.35308672E-06
 3.27543019E-06
 1.98984339E-06
 5.02868736E-07
 1.01864023E-06
 2.34139243E-06
 3.47827003E-06
 4.43605434E-06
 5.22158624E-06
 5.84176674E-06
 6.30355776E-06
 6.61398273E-06
 6.78012733E-06
 6.80914021E-06
 6.70823366E-06
 6.48468437E-06
 6.14583416E-06
 5.69909071E-06
 5.15192835E-06
 4.53518035E-06
 4.55467039E-06
 4.49554007E-06
 4.36554000E-06
 4.17249137E-06
 3.92428678E-06
 3.62889109E-06
 3.29434227E-06
 2.92875223E-06
 2.54030771E-06
 2.13727118E-06
 1.72798171E-06
 1.32085590E-06
 9.24388782E-07
 5.47154779E-07
 1.97808651E-07
 2.65075688E-07
 9.32410387E-07
 1.54485293E-06
 2.09341862E-06
 2.56903751E-06
 2.96255329E-06
 3.26472228E-06
 3.46621236E-06
 3.55760184E-06
 3.52937841E-06
 3.37193801E-06
 3.07558366E-06
 2.63052435E-06
 2.02687384E-06
 1.25464950E-06
 3.03771059E-07
 6.09238630E-07
 1.27876125E-06
 1.73607714E-06
 1.97071000E-06
 1.97207964E-06
 1.72950072E-06
 1.23218134E-06
 4.69221703E-07
 1.29600922E-06
 2.06157670E-06
 2.52533920E-06
 2.67595888E-06
 2.50198291E-06
 1.99184201E-06
 1.13384890E-06
 1.01810739E-07
 1.48029629E-06
 2.47120050E-06
 3.06235979E-06
 3.24148471E-06
 2.99615827E-06
 2.31383421E-06
 1.18183532E-06
 4.59625257E-07
 2.10838871E-06
 3.26375322E-06
 3.91251505E-06
 4.04133055E-06
 3.63671426E-06
 2.68503693E-06
 1.17252361E-06
 9.50956735E-07
 2.86315699E-06
 4.16634231E-06
 4.84615456E-06
 4.88807973E-06
 4.27744569E-06
 2.99942005E-06
 1.03900785E-06
 1.58568626E-06
 3.75239464E-06
 5.18363857E-06
 5.86377564E-06
 5.77698923E-06
 4.90728611E-06
 3.23849382E-06
 7.54258110E-07
 2.06266725E-06
 4.05708723E-06
 5.17811356E-06
 5.40866920E-06
 5.42505817E-06
 4.65140117E-06
 2.93382337E-06
 2.54454154E-07
 1.48862249E-06
 2.13298739E-06
 1.75412276E-06
 3.64483009E-07
 1.86663381E-06
 2.28392191E-06
 1.59701361E-06
 3.33403331E-07
 3.21055605E-06
 4.91700923E-06
 5.43252491E-06
 5.14745423E-06
 5.50414327E-06
 4.60494883E-06
 2.42865082E-06
 1.04662625E-06
 4.12443955E-06
 5.85052512E-06
 6.20265275E-06
 6.08200868E-06
 6.24371373E-06
 4.96000789E-06
 2.20755197E-06
 4.34449506E-06
 1.31580214E-05
 2.04140369E-05
 2.60881009E-05
 3.17269821E-05
 3.71622419E-05
 4.09368961E-05
 4.30252494E-05
 3.24331898E-04
 2.42161252E-04
 1.32919091E-04
 2.37957197E-05
 2.21891488E-05
 4.03554559E-05
 2.80556372E-05
 4.95562500E-06
 1.02440868E-07
 1.08798988E-07
 3.90663897E-05
 6.19205166E-06
 1.27940344E-07
 1.34358354E-07
 1.40829222E-07
 1.96804335E-08
 3.09692771E-08
 4.29385719E-08
 5.49220950E-08
 6.67585784E-08
 7.46484661E-08
 8.25528303E-08
 9.04714065E-08
 9.76486427E-08
 2.55936307E-06
 1.01458165E-07
 1.03373132E-07
 1.05298933E-07
 1.07223844E-07
 1.09164125E-07
 1.11119223E-07
 1.13077460E-07
 1.15022210E-07
 1.16982537E-07
 1.18958397E-07
 1.20949981E-07
 1.22957212E-07
 1.24980050E-07
 1.27019152E-07
 1.30424919E-07
 1.35377615E-07
 1.40346674E-07
 1.45331784E-07
 1.50333648E-07
 1.55351955E-07
 1.60387174E-07
 1.65439259E-07
 1.70508143E-07
 1.75594292E-07
 1.80697418E-07
 1.85817996E-07
 6.89135490E-08
 7.13705949E-08
 7.38320769E-08
 7.62983128E-08
 7.72337023E-08
 7.78194044E-08
 7.84097524E-08
 7.90048186E-08
 7.96049879E-08
 8.02097318E-08
 8.08190591E-08
 8.14337120E-08
 8.20531105E-08
 8.26773329E-08
 8.33067288E-08
 8.39410963E-08
 8.45804916E-08
 8.52249772E-08
 8.58746433E-08
 8.65295530E-08
 8.71894390E-08
 8.78547509E-08
 8.85255041E-08
 8.92011709E-08
 8.98824368E-08
 9.05694366E-08
 9.12615448E-08
 9.19595266E-08
 9.26627882E-08
 9.33714168E-08
 9.40861739E-08
 9.48064495E-08
 9.55323457E-08
 9.62639344E-08
 9.70020315E-08
 9.84553335E-08
 1.00624623E-07
 1.02800324E-07
 1.04981867E-07
 1.07169611E-07
 1.09363392E-07
 1.11563223E-07
 1.13769610E-07
 1.15981894E-07
 1.18200947E-07
 1.20426069E-07
 1.22658217E-07
 1.24896279E-07
 1.27141114E-07
 1.29392518E-07
 1.31650924E-07
 1.33915680E-07
 1.36187669E-07
 1.38466697E-07
 1.40751976E-07
 1.43044490E-07
 1.45344733E-07
 1.47651649E-07
 1.49965683E-07
 1.52287027E-07
 1.54615823E-07
 1.56952151E-07
 1.59295760E-07
 1.61647616E-07
 1.64006118E-07
 1.66373189E-07
 1.68748004E-07
 1.71129934E-07
 1.73520854E-07
 1.75919042E-07
 1.78325635E-07
 1.80740816E-07
 1.83163718E-07
 1.85595473E-07
 1.88035345E-07
 1.90484396E-07
 1.92941790E-07
 1.95407759E-07
 1.97882989E-07
 2.00367036E-07
 2.02860186E-07
 2.05362592E-07
 2.07873900E-07
 2.10394825E-07
 2.12925471E-07
 2.15465691E-07
 2.18016020E-07
 2.20575723E-07
 2.23145444E-07
 2.25725411E-07
 2.28315361E-07
 2.30915914E-07
 2.33527360E-07
 2.36148788E-07
 2.38781037E-07
 2.41424809E-07
 2.44079238E-07
 1.26981122E-07
 1.28450354E-07
 1.29923248E-07
 1.31398303E-07
 1.32876725E-07
 1.34358411E-07
 1.35843592E-07
 1.37331076E-07
 1.38822178E-07
 1.40316896E-07
 1.41814755E-07
 1.43316374E-07
 1.44820639E-07
 1.46328915E-07
 1.47840525E-07
 1.49356229E-07
 1.50875538E-07
 1.52398396E-07
 1.53925059E-07
 1.55456069E-07
 1.56990320E-07
 1.58529143E-07
 1.60072034E-07
 1.61619066E-07
 1.63170327E-07
 1.64726523E-07
 1.66286447E-07
 1.67851487E-07
 1.69420505E-07
 1.70994775E-07
 1.72573906E-07
 1.74157860E-07
 1.75747468E-07
 1.77341467E-07
 1.78941341E-07
 1.80546557E-07
 1.82157076E-07
 1.83773838E-07
 1.85395477E-07
 1.87024307E-07
 1.88659021E-07
 1.90299599E-07
 1.91947734E-07
 1.93602095E-07
 1.95263468E-07
 1.96931279E-07
 1.98607932E-07
 2.00291280E-07
 2.01982942E-07
 2.03682281E-07
 2.05390980E-07
 2.07107740E-07
 2.08834008E-07
 2.10569414E-07
 2.12314597E-07
 2.14069957E-07
 2.15836344E-07
 4.27812377E-08
 2.26917881E-08
 9.69488126E-09
 1.36082047E-10
 8.07298467E-09
 1.07869142E-07
 1.06960231E-07
 1.05583842E-07
 1.04360406E-07
 1.03262170E-07
 1.02269519E-07
 1.01367913E-07
 1.00545708E-07
 9.97919902E-08
 9.91007508E-08
 9.84640557E-08
 9.78778379E-08
 9.73364919E-08
 9.68369694E-08
 9.63752275E-08
 9.59497489E-08
 9.55564667E-08
 9.51938368E-08
 9.48590447E-08
 9.45520185E-08
 9.42703704E-08
 9.40123924E-08
 9.37761234E-08
 9.35628620E-08
 9.33692387E-08
 9.31960884E-08
 9.30408086E-08
 9.29041390E-08
 9.27853904E-08
 9.26827578E-08
 9.25965932E-08
 9.25259358E-08
 9.24711357E-08
 9.24309913E-08
 9.24044303E-08
 9.23928074E-08
 9.23947669E-08
 9.24101883E-08
 9.24390550E-08
 9.24817815E-08
 9.25368692E-08
 9.26041604E-08
 9.26846647E-08
 9.27780508E-08
 9.28833345E-08
 9.30007978E-08
 9.31307842E-08
 9.32736560E-08
 9.34282140E-08
 9.35954470E-08
 9.37748460E-08
 9.39667574E-08
 9.41714157E-08
 9.43882078E-08
 9.46183323E-08
 9.48611927E-08
 9.51169701E-08
 9.53859946E-08
 9.56685212E-08
 9.59657818E-08
 9.62771336E-08
 9.66021087E-08
 9.69428858E-08
 9.72987908E-08
 9.73600470E-08
 9.72527883E-08
 9.71621531E-08
 9.70886155E-08
 9.70339604E-08
 9.69967370E-08
 9.69797113E-08
 9.69828010E-08
 9.70056999E-08
 9.70517294E-08
 9.71209882E-08
 9.72148419E-08
 9.73333786E-08
 9.74783521E-08
 9.76528175E-08
 9.78570210E-08
 9.80925593E-08
 9.83628186E-08
 9.86687551E-08
 9.90123427E-08
 9.93974161E-08
 9.98268549E-08
 1.00304141E-07
 1.00831934E-07
 1.01414259E-07
 1.02056108E-07
 1.02763540E-07
 1.03541323E-07
 1.04396456E-07
 1.05335848E-07
 1.06368385E-07
 1.09863205E-07
 1.18663269E-07
 9.23390225E-09
 2.35969734E-08
 3.85783134E-08
 5.42564215E-08
 7.07269542E-08
 8.81024066E-08
 2.58829864E-03
 7.93168254E-03
 1.32750677E-02
 1.86184543E-02
 9.36172375E-02
 2.21096051E-01
 4.23480852E-01
 0.00000000E+00
 0.00000000E+00
 0.00000000E+00
 0.00000000E+00
 0.00000000E+00
 0.00000000E+00
 0.00000000E+00
 0.00000000E+00
 0.00000000E+00
 0.00000000E+00
 0.00000000E+00
 0.00000000E+00
 0.00000000E+00
 0.00000000E+00
 0.00000000E+00
 0.00000000E+00
 4.97871715E-01
 2.49120111E-01
 1.21484747E-01
 4.86606630E-03
 3.59191856E-03
 2.31990574E-03
 1.05002004E-03
 2.06644233E-07
 1.21998530E-06
 1.91021380E-06
 2.28284816E-06
 2.34345256E-06
 2.09763749E-06
 1.55106017E-06
 7.09425051E-07
 6.33918958E-07
 2.28693024E-06
 3.65797735E-06
 4.75296543E-06
 5.57784954E-06
 6.13863514E-06
 6.44137870E-06
 6.49218822E-06
 6.42986668E-06
 6.25231472E-06
 5.84110755E-06
 5.20256556E-06
 4.34306354E-06
 3.26903129E-06
 1.98695425E-06
 5.03374088E-07
 1.03482203E-06
 2.37874803E-06
 3.53665668E-06
 4.51532860E-06
 5.32160392E-06
 5.96238294E-06
 6.44462679E-06
 6.77535817E-06
 6.96166201E-06
 7.01068616E-06
 6.92964214E-06
 6.72580584E-06
 6.40651829E-06
 5.97918634E-06
 5.45128351E-06
 4.85244248E-06
 4.85252143E-06
 4.77387864E-06
 4.62426375E-06
 4.41149697E-06
 4.14346991E-06
 3.82814644E-06
 3.47356348E-06
 3.08783193E-06
 2.67913749E-06
 2.25574157E-06
 1.82598217E-06
 1.39827481E-06
 9.81113426E-07
 5.83071331E-07
 2.12802162E-07
 2.62773482E-07
 9.29024673E-07
 1.54053258E-06
 2.08831363E-06
 2.56329899E-06
 2.95633351E-06
 3.25817467E-06
 3.45949151E-06
 3.55086355E-06
 3.52277967E-06
 3.36563704E-06
 3.06973992E-06
 2.62529855E-06
 2.02242797E-06
 1.25114683E-06
 3.01376174E-07
 5.80986957E-07
 1.21424757E-06
 1.63552094E-06
 1.83433199E-06
 1.80010183E-06
 1.52214638E-06
 9.89675042E-07
 1.91789352E-07
 1.04608137E-06
 1.84693230E-06
 2.34611469E-06
 2.53229233E-06
 2.39401411E-06
 1.91971241E-06
 1.09770168E-06
 9.94790022E-08
 1.47727521E-06
 2.46768756E-06
 3.05855414E-06
 3.23758721E-06
 2.99237149E-06
 2.31036249E-06
 1.17888478E-06
 4.57017431E-07
 2.10507249E-06
 3.25994219E-06
 3.90842465E-06
 4.03717812E-06
 3.63271907E-06
 2.68142022E-06
 1.16950859E-06
 9.48044258E-07
 2.85951710E-06
 4.16220643E-06
 4.84175623E-06
 4.88365459E-06
 4.27323157E-06
 2.99565697E-06
 1.03593804E-06
 1.58243697E-06
 3.74839910E-06
 5.17914809E-06
 5.85904386E-06
 5.77227222E-06
 4.90284235E-06
 3.23458425E-06
 7.51146186E-07
 2.04864936E-06
 4.02845942E-06
 5.13516681E-06
 5.35169706E-06
 5.37747156E-06
 4.61800360E-06
 2.91488179E-06
 2.50238428E-07
 1.42323679E-06
 2.00035096E-06
 1.55461643E-06
 9.95281083E-08
 1.66834392E-06
 2.15252210E-06
 1.53273245E-06
 3.26446810E-07
 3.16431192E-06
 4.83184693E-06
 5.30881702E-06
 4.99926806E-06
 5.39430830E-06
 4.53375530E-06
 2.39639273E-06
 1.03112471E-06
 4.06391846E-06
 5.74539064E-06
 6.05331460E-06
 5.91966324E-06
 6.12548543E-06
 4.88621406E-06
 2.17851430E-06
 2.46342407E-06
 6.98974077E-06
 9.96392499E-06
 1.13615115E-05
 1.27816162E-05
 1.40509973E-05
 1.36649359E-05
 1.15977117E-05
 2.87918202E-04
 2.62194753E-04
 1.47393287E-04
 3.26974776E-05
 1.67525887E-05
 3.74650385E-05
 2.66980139E-05
 4.77156658E-06
 2.96379548E-08
 3.58118524E-08
 4.04428003E-05
 6.47541007E-06
 5.43946786E-08
 6.06246594E-08
 6.69079860E-08
 5.42217618E-08
 4.27173931E-08
 3.05100545E-08
 1.82887487E-08
 6.21947266E-09
 1.77140697E-09
 9.77671065E-09
 1.77965880E-08
 2.50598235E-08
 2.72041378E-06
 2.88242730E-08
 3.07166710E-08
 3.26197038E-08
 3.45215061E-08
 3.64385913E-08
 3.83709228E-08
 4.03059037E-08
 4.22266297E-08
 4.41628840E-08
 4.61150778E-08
 4.80826873E-08
 5.00661361E-08
 5.20658634E-08
 5.40812873E-08
 5.75085027E-08
 6.25340070E-08
 6.75755329E-08
 7.26338433E-08
 7.77085788E-08
 8.27999543E-08
 8.79081892E-08
 9.30334541E-08
 9.81760157E-08
 1.03335533E-07
 1.08512497E-07
 6.16985724E-09
 3.66046704E-09
 1.14692670E-09
 1.37165755E-09
 3.89480425E-09
 4.83609469E-09
 5.41597319E-09
 6.00085234E-09
 6.59023535E-09
 7.18447651E-09
 7.78337544E-09
 8.38753185E-09
 8.99648557E-09
 9.61021982E-09
 1.02288645E-08
 1.08527697E-08
 1.14817128E-08
 1.21157460E-08
 1.27549665E-08
 1.33991022E-08
 1.40485453E-08
 1.47037256E-08
 1.53637359E-08
 1.60292824E-08
 1.66997818E-08
 1.73760385E-08
 1.80580393E-08
 1.87452820E-08
 1.94377722E-08
 2.01363110E-08
 2.08402982E-08
 2.15498321E-08
 2.22656468E-08
 2.29868303E-08
 2.37138170E-08
 2.44470174E-08
 2.58749110E-08
 2.79979433E-08
 3.01270922E-08
 3.22621944E-08
 3.44035805E-08
 3.65510865E-08
 3.87047612E-08
 4.08647211E-08
 4.30310573E-08
 4.52038536E-08
 4.73832735E-08
 4.95690100E-08
 5.17611158E-08
 5.39601918E-08
 5.61658578E-08
 5.83782453E-08
 6.05975231E-08
 6.28233764E-08
 6.50567387E-08
 6.72968732E-08
 6.95439559E-08
 7.17980494E-08
 7.40597722E-08
 7.63283235E-08
 7.86047588E-08
 8.08882816E-08
 8.31790756E-08
 8.54781034E-08
 8.77842248E-08
 9.00979959E-08
 9.24200020E-08
 9.47495270E-08
 9.70871092E-08
 9.94329170E-08
 1.01786658E-07
 1.04148409E-07
 1.06518906E-07
 1.08897287E-07
 1.11284690E-07
 1.13680285E-07
 1.16084739E-07
 1.18497757E-07
 1.20919969E-07
 1.23351072E-07
 1.25790717E-07
 1.28239543E-07
 1.30698313E-07
 1.33166173E-07
 1.35643269E-07
 1.38129859E-07
 1.40626574E-07
 1.43133119E-07
 1.45649179E-07
 1.48175448E-07
 1.50712158E-07
 1.53258955E-07
 1.55816659E-07
 1.58384864E-07
 1.60963259E-07
 1.63552575E-07
 1.66153685E-07
 1.68765040E-07
 5.08240662E-08
 5.22417124E-08
 5.36632416E-08
 5.50868612E-08
 5.65144269E-08
 5.79448886E-08
 5.93782452E-08
 6.08151461E-08
 6.22551172E-08
 6.36982168E-08
 6.51450483E-08
 6.65951981E-08
 6.80492253E-08
 6.95060778E-08
 7.09670079E-08
 7.24314600E-08
 7.39001435E-08
 7.53719873E-08
 7.68475652E-08
 7.83276071E-08
 7.98116126E-08
 8.12996582E-08
 8.27917669E-08
 8.42881442E-08
 8.57887543E-08
 8.72937438E-08
 8.88038924E-08
 9.03179296E-08
 9.18366912E-08
 9.33601467E-08
 9.48890981E-08
 9.64223819E-08
 9.79613832E-08
 9.95055708E-08
 1.01054980E-07
 1.02609805E-07
 1.04170085E-07
 1.05736685E-07
 1.07308990E-07
 1.08887130E-07
 1.10471922E-07
 1.12062744E-07
 1.13660417E-07
 1.15265195E-07
 1.16877144E-07
 1.18495622E-07
 1.20122245E-07
 1.21756370E-07
 1.23398253E-07
 1.25048658E-07
 1.26707019E-07
 1.28374946E-07
 1.30051910E-07
 1.31738014E-07
 1.33434091E-07
 1.35141232E-07
 1.36858727E-07
 3.44806871E-08
 5.62505938E-08
 6.98938784E-08
 8.01202535E-08
 8.83441113E-08
 2.77928137E-08
 2.68381524E-08
 2.55568306E-08
 2.44331206E-08
 2.34378653E-08
 2.25523552E-08
 2.17589439E-08
 2.10472622E-08
 2.04050462E-08
 1.98265451E-08
 1.93040574E-08
 1.88335547E-08
 1.84078489E-08
 1.80248614E-08
 1.76807287E-08
 1.73719272E-08
 1.70976580E-08
 1.68533130E-08
 1.66382536E-08
 1.64502966E-08
 1.62881065E-08
 1.61501032E-08
 1.60355100E-08
 1.59424330E-08
 1.58706373E-08
 1.58184099E-08
 1.57852786E-08
 1.57703482E-08
 1.57730281E-08
 1.57931785E-08
 1.58289063E-08
 1.58809757E-08
 1.59486470E-08
 1.60312606E-08
 1.61284952E-08
 1.62396980E-08
 1.63654989E-08
 1.65045157E-08
 1.66567960E-08
 1.68233117E-08
 1.70020709E-08
 1.71933779E-08
 1.73983977E-08
 1.76155346E-08
 1.78456865E-08
 1.80879388E-08
 1.83424983E-08
 1.86097909E-08
 1.88893442E-08
 1.91815000E-08
 1.94856259E-08
 1.98030001E-08
 2.01329360E-08
 2.04757210E-08
 2.08309699E-08
 2.11995544E-08
 2.15810876E-08
 2.19765821E-08
 2.23855850E-08
 2.28083285E-08
 2.32451356E-08
 2.36972791E-08
 2.41642986E-08
 2.46464527E-08
 2.46069198E-08
 2.42595259E-08
 2.39297256E-08
 2.36180590E-08
 2.33233096E-08
 2.30469565E-08
 2.27909512E-08
 2.25562021E-08
 2.23413990E-08
 2.21487039E-08
 2.19805548E-08
 2.18358070E-08
 2.17172575E-08
 2.16253629E-08
 2.15619034E-08
 2.15289843E-08
 2.15284720E-08
 2.15623176E-08
 2.16314725E-08
 2.17400042E-08
 2.18898128E-08
 2.20844773E-08
 2.23260390E-08
 2.26194601E-08
 2.29681375E-08
 2.33771614E-08
 2.38517576E-08
 2.43968133E-08
 2.50203146E-08
 2.57283836E-08
 2.65309950E-08
 3.01859466E-08
 4.00078948E-08
 6.92930449E-08
 5.38710603E-08
 3.78268002E-08
 2.10792368E-08
 3.53462268E-09
 1.49214429E-08
 6.16219484E-04
 1.88836417E-03
 3.16051024E-03
 4.43265795E-03
 7.76770473E-02
 2.05147034E-01
 4.10014494E-01
 0.00000000E+00
 0.00000000E+00
 0.00000000E+00
 0.00000000E+00
 0.00000000E+00
 0.00000000E+00
 0.00000000E+00
 0.00000000E+00
 0.00000000E+00
 0.00000000E+00
 0.00000000E+00
 0.00000000E+00
 0.00000000E+00
 0.00000000E+00
 0.00000000E+00
 0.00000000E+00
 4.88618576E-01
 2.38776515E-01
 1.13947427E-01
 5.40713781E-08
 5.18646347E-07
 6.41060904E-07
 4.26650827E-07
 2.05136506E-07
 1.21877705E-06
 1.90921114E-06
 2.28195661E-06
 2.34257709E-06
 2.09668242E-06
 1.54992923E-06
 7.08021373E-07
 6.31117474E-07
 2.28067388E-06
 3.64817145E-06
 4.73951471E-06
 5.56065803E-06
 6.11760623E-06
 6.41641509E-06
 6.46319193E-06
 6.40101731E-06
 6.22752307E-06
 5.82026194E-06
 5.18555362E-06
 4.32977220E-06
 3.25934678E-06
 1.98076207E-06
 5.00559008E-07
 1.03319494E-06
 2.37725336E-06
 3.53518110E-06
 4.51375799E-06
 5.31982339E-06
 5.96027680E-06
 6.44207858E-06
 6.77225060E-06
 6.95787697E-06
 7.00610473E-06
 6.92414455E-06
 6.71927149E-06
 6.39882570E-06
 5.97021318E-06
 5.44090655E-06
 4.84063946E-06
 4.84232190E-06
 4.76515216E-06
 4.61687894E-06
 4.40532153E-06
 4.13837062E-06
 3.82398911E-06
 3.47021298E-06
 3.08515213E-06
 2.67699130E-06
 2.25399089E-06
 1.82448789E-06
 1.39689679E-06
 9.79710490E-07
 5.81501263E-07
 2.10921672E-07
 2.64487020E-07
 9.29682040E-07
 1.54028259E-06
 2.08730623E-06
 2.56168524E-06
 2.95426561E-06
 3.25580600E-06
 3.45697660E-06
 3.54835813E-06
 3.52044069E-06
 3.36362266E-06
 3.06820953E-06
 2.62441282E-06
 2.02234882E-06
 1.25203747E-06
 3.03401133E-07
 5.88152758E-07
 1.22821800E-06
 1.65645724E-06
 1.86239683E-06
 1.83545927E-06
 1.56496192E-06
 1.04011564E-06
 2.50023441E-07
 1.09815020E-06
 1.89129224E-06
 2.38295984E-06
 2.56181832E-06
 2.41641806E-06
 1.93519301E-06
 1.10645916E-06
 1.02069456E-07
 1.47921207E-06
 2.46916823E-06
 3.05977770E-06
 3.23875444E-06
 2.99368490E-06
 2.31202633E-06
 1.18110507E-06
 4.59616538E-07
 2.10700206E-06
 3.26141571E-06
 3.90965748E-06
 4.03838754E-06
 3.63412426E-06
 2.68324233E-06
 1.17197075E-06
 9.50648918E-07
 2.86143666E-06
 4.16367224E-06
 4.84300172E-06
 4.88491533E-06
 4.27474530E-06
 2.99766360E-06
 1.03867973E-06
 1.58504355E-06
 3.75030563E-06
 5.18060578E-06
 5.86030628E-06
 5.77359532E-06
 4.90448450E-06
 3.23680632E-06
 7.54211532E-07
 2.04085824E-06
 4.00610913E-06
 5.09854822E-06
 5.30110361E-06
 5.33631379E-06
 4.59108484E-06
 2.90246891E-06
 2.52601165E-07
 1.43894512E-06
 2.02953818E-06
 1.59756323E-06
 1.56296451E-07
 1.71106735E-06
 2.18152539E-06
 1.54834346E-06
 3.26510618E-07
 3.12514980E-06
 4.75382823E-06
 5.19231417E-06
 4.85834809E-06
 5.29179973E-06
 4.46994821E-06
 2.37158102E-06
 1.02313160E-06
 4.01097392E-06
 5.64790073E-06
 5.91168889E-06
 5.76509753E-06
 6.01510325E-06
 4.82033261E-06
 2.15745511E-06
 1.86555514E-06
 5.01692604E-06
 6.61815259E-06
 6.64476460E-06
 6.74824454E-06
 6.75056745E-06
 5.09930096E-06
 1.76872033E-06
 2.70510571E-04
 2.95125024E-04
 1.68672084E-04
 4.23115555E-05
 1.22281154E-05
 3.51533296E-05
 2.55858611E-05
 4.49979010E-06
 1.17429291E-07
 1.23407776E-07
 4.16584589E-05
 6.59817905E-06
 1.41397766E-07
 1.47428923E-07
 1.53513526E-07
 3.23983688E-08
 4.41068140E-08
 5.65403519E-08
 6.89882197E-08
 8.12786380E-08
 8.93590975E-08
 9.74539252E-08
 1.05563487E-07
 1.12902394E-07
 2.72102197E-06
 1.16619906E-07
 1.18488363E-07
 1.20367706E-07
 1.22245458E-07
 1.24138446E-07
 1.26046602E-07
 1.27957441E-07
 1.29852983E-07
 1.31764475E-07
 1.33691612E-07
 1.35634344E-07
 1.37593350E-07
 1.39568304E-07
 1.41559169E-07
 1.45006917E-07
 1.50104039E-07
 1.55217426E-07
 1.60347220E-07
 1.65493931E-07
 1.70657481E-07
 1.75837808E-07
 1.81035403E-07
 1.86250210E-07
 1.91482179E-07
 1.96731804E-07
 8.16011372E-08
 8.41661599E-08
 8.67359458E-08
 8.93102993E-08
 9.18892757E-08
 9.28354121E-08
 9.34083874E-08
 9.39861471E-08
 9.45687924E-08
 9.51560796E-08
 9.57483164E-08
 9.63456613E-08
 9.69478165E-08
 9.75548636E-08
 9.81671746E-08
 9.87842315E-08
 9.94066753E-08
 1.00033985E-07
 1.00666865E-07
 1.01304733E-07
 1.01947702E-07
 1.02596471E-07
 1.03250114E-07
 1.03909415E-07
 1.04573743E-07
 1.05243869E-07
 1.05919523E-07
 1.06600491E-07
 1.07287126E-07
 1.07979914E-07
 1.08677551E-07
 1.09381491E-07
 1.10091131E-07
 1.10806578E-07
 1.11527873E-07
 1.12255160E-07
 1.13677977E-07
 1.15795758E-07
 1.17920481E-07
 1.20050868E-07
 1.22187307E-07
 1.24330292E-07
 1.26479184E-07
 1.28634832E-07
 1.30796552E-07
 1.32964925E-07
 1.35139938E-07
 1.37320955E-07
 1.39509342E-07
 1.41703914E-07
 1.43905239E-07
 1.46113823E-07
 1.48328572E-07
 1.50550816E-07
 1.52780251E-07
 1.55016211E-07
 1.57259603E-07
 1.59510187E-07
 1.61767638E-07
 1.64032924E-07
 1.66305288E-07
 1.68585359E-07
 1.70872809E-07
 1.73167747E-07
 1.75470822E-07
 1.77781169E-07
 1.80099940E-07
 1.82426302E-07
 1.84760920E-07
 1.87103418E-07
 1.89454004E-07
 1.91812760E-07
 1.94179908E-07
 1.96556009E-07
 1.98940342E-07
 2.01333566E-07
 2.03735241E-07
 2.06145648E-07
 2.08564930E-07
 2.10993229E-07
 2.13430693E-07
 2.15877573E-07
 2.18334026E-07
 2.20799238E-07
 2.23274382E-07
 2.25759159E-07
 2.28254211E-07
 2.30758280E-07
 2.33273062E-07
 2.35797724E-07
 2.38332493E-07
 2.40877488E-07
 2.43433596E-07
 2.46000353E-07
 2.48577508E-07
 2.51165854E-07
 2.53765538E-07
 1.36223105E-07
 1.37628469E-07
 1.39037071E-07
 1.40448405E-07
 1.41863087E-07
 1.43280604E-07
 1.44701064E-07
 1.46125051E-07
 1.47552105E-07
 1.48982870E-07
 1.50416767E-07
 1.51853965E-07
 1.53294467E-07
 1.54738960E-07
 1.56186895E-07
 1.57638402E-07
 1.59093493E-07
 1.60552353E-07
 1.62015520E-07
 1.63481973E-07
 1.64952363E-07
 1.66427362E-07
 1.67905807E-07
 1.69389162E-07
 1.70876729E-07
 1.72368048E-07
 1.73864492E-07
 1.75364800E-07
 1.76870429E-07
 1.78380093E-07
 1.79895292E-07
 1.81414791E-07
 1.82939967E-07
 1.84469643E-07
 1.86005228E-07
 1.87546185E-07
 1.89092560E-07
 1.90643877E-07
 1.92202257E-07
 1.93765675E-07
 1.95335841E-07
 1.96911979E-07
 1.98494991E-07
 2.00084254E-07
 2.01680621E-07
 2.03284327E-07
 2.04895455E-07
 2.06513211E-07
 2.08139444E-07
 2.09773444E-07
 2.11416224E-07
 2.13066895E-07
 2.14727413E-07
 2.16396205E-07
 2.18075020E-07
 2.19763991E-07
 2.21463268E-07
 2.23173879E-07
 5.40358813E-08
 3.02782148E-08
 1.59773523E-08
 5.37706989E-09
 3.10212834E-09
 1.13257808E-07
 1.12266302E-07
 1.10998044E-07
 1.09892924E-07
 1.08919275E-07
 1.08058453E-07
 1.07291614E-07
 1.06608025E-07
 1.05996689E-07
 1.05450188E-07
 1.04960116E-07
 1.04521667E-07
 1.04130802E-07
 1.03783556E-07
 1.03475169E-07
 1.03203334E-07
 1.02965171E-07
 1.02758281E-07
 1.02580967E-07
 1.02431167E-07
 1.02307650E-07
 1.02208842E-07
 1.02132976E-07
 1.02079079E-07
 1.02046112E-07
 1.02034387E-07
 1.02040905E-07
 1.02066924E-07
 1.02110083E-07
 1.02171094E-07
 1.02247767E-07
 1.02340614E-07
 1.02449802E-07
 1.02574436E-07
 1.02713250E-07
 1.02866479E-07
 1.03033997E-07
 1.03215204E-07
 1.03409931E-07
 1.03618199E-07
 1.03839678E-07
 1.04074958E-07
 1.04321703E-07
 1.04581581E-07
 1.04855247E-07
 1.05139987E-07
 1.05438386E-07
 1.05748554E-07
 1.06071595E-07
 1.06407838E-07
 1.06755984E-07
 1.07117202E-07
 1.07490920E-07
 1.07877291E-07
 1.08276840E-07
 1.08689771E-07
 1.09116277E-07
 1.09555842E-07
 1.10009717E-07
 1.10477250E-07
 1.10959767E-07
 1.11456704E-07
 1.11968365E-07
 1.12496130E-07
 1.12424226E-07
 1.12000248E-07
 1.11592903E-07
 1.11202844E-07
 1.10831548E-07
 1.10478823E-07
 1.10146544E-07
 1.09833389E-07
 1.09543597E-07
 1.09274922E-07
 1.09029674E-07
 1.08809325E-07
 1.08615208E-07
 1.08447955E-07
 1.08309449E-07
 1.08201749E-07
 1.08125969E-07
 1.08084850E-07
 1.08080151E-07
 1.08115308E-07
 1.08191370E-07
 1.08312825E-07
 1.08481720E-07
 1.08702303E-07
 1.08979646E-07
 1.09316454E-07
 1.09720576E-07
 1.10195293E-07
 1.10748660E-07
 1.11388759E-07
 1.12122004E-07
 1.15849319E-07
 1.26049686E-07
 1.36377944E-07
 3.20697244E-08
 4.85360522E-08
 6.57087471E-08
 8.36855149E-08
 1.02581672E-07
 1.11524961E-07
 1.09975841E-07
 1.09857436E-07
 1.11426920E-07
 7.10967835E-02
 1.95759374E-01
 4.00310580E-01
 0.00000000E+00
 0.00000000E+00
 0.00000000E+00
 0.00000000E+00
 0.00000000E+00
 0.00000000E+00
 0.00000000E+00
 0.00000000E+00
 0.00000000E+00
 0.00000000E+00
 0.00000000E+00
 0.00000000E+00
 0.00000000E+00
 0.00000000E+00
 0.00000000E+00
 0.00000000E+00
 4.80639339E-01
 2.30978865E-01
 1.10226277E-01
 5.13491874E-08
 5.16034541E-07
 6.38468728E-07
 4.23986963E-07
 2.02403469E-07
 1.21633673E-06
 1.90696969E-06
 2.27981958E-06
 2.34044943E-06
 2.09446850E-06
 1.54753280E-06
 7.05345574E-07
 6.27036951E-07
 2.27313098E-06
 3.63707154E-06
 4.72476252E-06
 5.54215761E-06
 6.09526100E-06
 6.39012778E-06
 6.43286459E-06
 6.37082951E-06
 6.20138560E-06
 5.79806315E-06
 5.16718116E-06
 4.31511303E-06
 3.24828713E-06
 1.97318748E-06
 4.96354286E-07
 1.02359331E-06
 2.35822071E-06
 3.50661743E-06
 4.47556255E-06
 5.27189460E-06
 5.90251229E-06
 6.37437514E-06
 6.69450420E-06
 6.86998274E-06
 6.90795695E-06
 6.81563663E-06
 6.60029597E-06
 6.26927424E-06
 5.82997655E-06
 5.28987463E-06
 4.67939464E-06
 4.69223331E-06
 4.62607613E-06
 4.48867093E-06
 4.28783609E-06
 4.03146138E-06
 3.72750878E-06
 3.38401333E-06
 3.00908401E-06
 2.61090456E-06
 2.19773441E-06
 1.77790960E-06
 1.35984359E-06
 9.52028287E-07
 5.63034933E-07
 2.01515057E-07
 2.67881204E-07
 9.32031581E-07
 1.54173627E-06
 2.08801394E-06
 2.56179802E-06
 2.95393563E-06
 3.25518658E-06
 3.45622226E-06
 3.54762457E-06
 3.51988481E-06
 3.36340257E-06
 3.06848461E-06
 2.62534368E-06
 2.02409735E-06
 1.25476685E-06
 3.07275847E-07
 6.11256859E-07
 1.27770107E-06
 1.73245406E-06
 1.96504364E-06
 1.96489380E-06
 1.72132339E-06
 1.22354481E-06
 4.60662599E-07
 1.28731878E-06
 2.05320914E-06
 2.51784539E-06
 2.66989426E-06
 2.49790759E-06
 1.99032079E-06
 1.13545136E-06
 1.06719869E-07
 1.48322390E-06
 2.47273884E-06
 3.06310612E-06
 3.24204140E-06
 2.99713286E-06
 2.31583950E-06
 1.18548943E-06
 4.64394782E-07
 2.11112708E-06
 3.26510095E-06
 3.91311825E-06
 4.04184104E-06
 3.63778965E-06
 2.68734069E-06
 1.17672517E-06
 9.55562545E-07
 2.86568296E-06
 4.16748249E-06
 4.84660932E-06
 4.88855579E-06
 4.27865628E-06
 3.00208497E-06
 1.04385359E-06
 1.59010086E-06
 3.75468230E-06
 5.18455295E-06
 5.86407744E-06
 5.77744637E-06
 4.90867377E-06
 3.24159459E-06
 7.59862092E-07
 2.03567318E-06
 3.98638630E-06
 5.06457842E-06
 5.25318022E-06
 5.29784699E-06
 4.56687784E-06
 2.89278849E-06
 2.57717003E-07
 1.49127462E-06
 2.13203912E-06
 1.75047076E-06
 3.59054604E-07
 1.86309304E-06
 2.28318872E-06
 1.60001739E-06
 3.29512459E-07
 3.08895194E-06
 4.67879991E-06
 5.07882778E-06
 4.72047037E-06
 5.19235828E-06
 4.40923303E-06
 2.34988591E-06
 1.01828088E-06
 3.96120075E-06
 5.55361108E-06
 5.77329225E-06
 5.61378919E-06
 5.90800583E-06
 4.75776320E-06
 2.13973515E-06
 1.85066210E-06
 4.95082317E-06
 6.50128681E-06
 6.47758684E-06
 6.58358048E-06
 6.63646892E-06
 5.03611629E-06
 1.75680285E-06
 2.61741698E-04
 3.33907935E-04
 1.93035871E-04
 5.22428667E-05
 8.00533578E-06
 3.31105246E-05
 2.45910810E-05
 4.19390475E-06
 2.72462304E-07
 2.78240510E-07
 4.28067048E-05
 6.65369204E-06
 2.95623272E-07
 3.01450175E-07
 3.07331209E-07
 1.86233244E-07
 1.98140454E-07
 2.10795076E-07
 2.23464179E-07
 2.35970432E-07
 2.44135178E-07
 2.52314645E-07
 2.60508583E-07
 2.67918460E-07
 2.65444453E-06
 2.71588197E-07
 2.73432839E-07
 2.75287956E-07
 2.77141131E-07
 2.79009481E-07
 2.80893404E-07
 2.82779535E-07
 2.84649619E-07
 2.86535576E-07
 2.88437372E-07
 2.90355164E-07
 2.92288932E-07
 2.94238849E-07
 2.96205106E-07
 2.99672839E-07
 3.04840812E-07
 3.10025728E-07
 3.15227004E-07
 3.20445115E-07
 3.25680283E-07
 3.30932449E-07
 3.36201798E-07
 3.41488582E-07
 3.46792720E-07
 3.52114464E-07
 2.36534397E-07
 2.39154606E-07
 2.41779632E-07
 2.44409015E-07
 2.47043345E-07
 2.47993858E-07
 2.48559470E-07
 2.49129969E-07
 2.49705114E-07
 2.50285263E-07
 2.50870167E-07
 2.51460193E-07
 2.52055139E-07
 2.52655327E-07
 2.53260267E-07
 2.53870306E-07
 2.54485505E-07
 2.55105979E-07
 2.55731767E-07
 2.56362962E-07
 2.56998948E-07
 2.57640520E-07
 2.58287729E-07
 2.58939969E-07
 2.59598009E-07
 2.60261267E-07
 2.60930498E-07
 2.61605059E-07
 2.62285103E-07
 2.62970669E-07
 2.63662536E-07
 2.64360110E-07
 2.65063131E-07
 2.65772031E-07
 2.66487253E-07
 2.67208181E-07
 2.68634890E-07
 2.70767121E-07
 2.72905733E-07
 2.75050016E-07
 2.77201227E-07
 2.79358345E-07
 2.81521867E-07
 2.83691814E-07
 2.85867988E-07
 2.88050869E-07
 2.90240148E-07
 2.92436323E-07
 2.94639154E-07
 2.96848300E-07
 2.99064695E-07
 3.01287702E-07
 3.03517749E-07
 3.05754978E-07
 3.07999190E-07
 3.10250370E-07
 3.12508310E-07
 3.14773961E-07
 3.17047011E-07
 3.19327612E-07
 3.21615037E-07
 3.23910671E-07
 3.26213792E-07
 3.28524147E-07
 3.30842706E-07
 3.33168732E-07
 3.35502831E-07
 3.37845180E-07
 3.40195352E-07
 3.42553602E-07
 3.44920524E-07
 3.47295314E-07
 3.49678659E-07
 3.52070601E-07
 3.54471419E-07
 3.56880288E-07
 3.59298305E-07
 3.61725135E-07
 3.64161014E-07
 3.66606091E-07
 3.69060015E-07
 3.71523532E-07
 3.73996247E-07
 3.76478873E-07
 3.78971114E-07
 3.81472613E-07
 3.83984149E-07
 3.86505843E-07
 3.89037391E-07
 3.91579012E-07
 3.94131422E-07
 3.96694265E-07
 3.99267832E-07
 4.01851765E-07
 4.04446797E-07
 4.07052621E-07
 2.89933507E-07
 2.91345034E-07
 2.92759286E-07
 2.94176763E-07
 2.95597584E-07
 2.97021292E-07
 2.98447876E-07
 2.99878036E-07
 3.01311251E-07
 3.02747575E-07
 3.04188211E-07
 3.05630940E-07
 3.07077564E-07
 3.08528227E-07
 3.09981642E-07
 3.11439294E-07
 3.12900514E-07
 3.14365440E-07
 3.15833502E-07
 3.17305976E-07
 3.18782444E-07
 3.20262910E-07
 3.21747463E-07
 3.23236177E-07
 3.24729216E-07
 3.26225914E-07
 3.27727710E-07
 3.29233410E-07
 3.30744330E-07
 3.32259405E-07
 3.33779904E-07
 3.35304678E-07
 3.36835234E-07
 3.38370125E-07
 3.39910308E-07
 3.41455819E-07
 3.43006775E-07
 3.44563293E-07
 3.46126164E-07
 3.47694107E-07
 3.49268657E-07
 3.50849283E-07
 3.52435965E-07
 3.54029605E-07
 3.55629666E-07
 3.57236990E-07
 3.58850875E-07
 3.60472978E-07
 3.62102045E-07
 3.63738718E-07
 3.65384145E-07
 3.67037626E-07
 3.68700005E-07
 3.70371409E-07
 3.72052041E-07
 3.73742117E-07
 3.75442362E-07
 3.77153895E-07
 3.78875210E-07
 2.12579609E-07
 1.86339344E-07
 1.71338216E-07
 1.60361981E-07
 1.51635233E-07
 2.68220805E-07
 2.67197074E-07
 2.65904368E-07
 2.64779036E-07
 2.63790040E-07
 2.62915890E-07
 2.62139334E-07
 2.61447479E-07
 2.60828681E-07
 2.60275811E-07
 2.59781669E-07
 2.59339819E-07
 2.58946271E-07
 2.58596294E-07
 2.58286210E-07
 2.58013752E-07
 2.57775096E-07
 2.57569099E-07
 2.57391974E-07
 2.57243829E-07
 2.57121356E-07
 2.57024111E-07
 2.56950245E-07
 2.56899026E-07
 2.56869336E-07
 2.56859971E-07
 2.56870119E-07
 2.56898689E-07
 2.56945845E-07
 2.57010441E-07
 2.57091576E-07
 2.57188555E-07
 2.57302165E-07
 2.57430886E-07
 2.57574152E-07
 2.57732771E-07
 2.57904874E-07
 2.58090899E-07
 2.58291736E-07
 2.58505067E-07
 2.58732129E-07
 2.58972745E-07
 2.59225247E-07
 2.59492241E-07
 2.59770541E-07
 2.60062782E-07
 2.60366914E-07
 2.60684254E-07
 2.61013506E-07
 2.61355802E-07
 2.61710662E-07
 2.62079204E-07
 2.62459375E-07
 2.62852972E-07
 2.63260351E-07
 2.63680144E-07
 2.64113473E-07
 2.64561595E-07
 2.65022984E-07
 2.65498007E-07
 2.65988783E-07
 2.66493996E-07
 2.67013865E-07
 2.67549859E-07
 2.67478343E-07
 2.67049991E-07
 2.66639323E-07
 2.66245866E-07
 2.65871310E-07
 2.65515342E-07
 2.65178804E-07
 2.64863619E-07
 2.64569650E-07
 2.64298130E-07
 2.64051281E-07
 2.63828245E-07
 2.63631671E-07
 2.63462162E-07
 2.63322827E-07
 2.63213249E-07
 2.63137310E-07
 2.63094990E-07
 2.63089418E-07
 2.63124078E-07
 2.63200814E-07
 2.63322001E-07
 2.63491916E-07
 2.63714162E-07
 2.63993113E-07
 2.64332273E-07
 2.64738833E-07
 2.65216954E-07
 2.65774842E-07
 2.66418898E-07
 2.67157499E-07
 2.70916846E-07
 2.81203080E-07
 2.91620322E-07
 1.86532251E-07
 2.03128397E-07
 2.20437611E-07
 2.38555717E-07
 2.57598674E-07
 2.66608024E-07
 2.65036830E-07
 2.64907113E-07
 2.66478941E-07
 6.87706383E-02
 1.89354236E-01
 3.92317243E-01
 0.00000000E+00
 0.00000000E+00
 0.00000000E+00
 0.00000000E+00
 0.00000000E+00
 0.00000000E+00
 0.00000000E+00
 0.00000000E+00
 0.00000000E+00
 0.00000000E+00
 0.00000000E+00
 0.00000000E+00
 0.00000000E+00
 0.00000000E+00
 0.00000000E+00
 0.00000000E+00
 4.72660162E-01
 2.23181275E-01
 1.06505155E-01
 4.88163659E-08
 5.13613095E-07
 6.36067913E-07
 4.21515473E-07
 1.99863827E-07
 1.21409084E-06
 1.90492369E-06
 2.27787904E-06
 2.33851932E-06
 2.09245319E-06
 1.54533605E-06
 7.02870541E-07
 6.23158291E-07
 2.26579106E-06
 3.62617576E-06
 4.71021559E-06
 5.52386362E-06
 6.07312336E-06
 6.36404923E-06
 6.40274719E-06
 6.34085283E-06
 6.17546038E-06
 5.77607776E-06
 5.14902326E-06
 4.30066959E-06
 3.23744442E-06
 1.96583102E-06
 4.92368890E-07
 1.01421230E-06
 2.33941000E-06
 3.47827706E-06
 4.43759177E-06
 5.22419185E-06
 5.84497520E-06
 6.30690052E-06
 6.61698803E-06
 6.78232017E-06
 6.81004225E-06
 6.70736325E-06
 6.48155645E-06
 6.13996027E-06
 5.68997891E-06
 5.13908319E-06
 4.51839181E-06
 4.54238806E-06
 4.48724481E-06
 4.36070900E-06
 4.17059811E-06
 3.92480100E-06
 3.63127872E-06
 3.29806538E-06
 2.93326901E-06
 2.54507239E-06
 2.14173399E-06
 1.73158884E-06
 1.32304943E-06
 9.24606637E-07
 5.44830688E-07
 1.92372077E-07
 2.71010162E-07
 9.34114240E-07
 1.54292140E-06
 2.08845142E-06
 2.56163886E-06
 2.95333198E-06
 3.25429176E-06
 3.45519076E-06
 3.54661206E-06
 3.51904817E-06
 3.36289992E-06
 3.06847529E-06
 2.62598828E-06
 2.02555774E-06
 1.25720620E-06
 3.10858618E-07
 6.34066902E-07
 1.32688788E-06
 1.80815239E-06
 2.06738971E-06
 2.09402531E-06
 1.87737954E-06
 1.40666633E-06
 6.70991757E-07
 1.47617548E-06
 2.21481234E-06
 2.65241537E-06
 2.77765276E-06
 2.57907778E-06
 2.04512731E-06
 1.16412036E-06
 1.11045098E-07
 1.48690830E-06
 2.47597973E-06
 3.06610251E-06
 3.24499400E-06
 3.00024410E-06
 2.31931356E-06
 1.18953225E-06
 4.68829048E-07
 2.11490567E-06
 3.26843727E-06
 3.91622759E-06
 4.04494058E-06
 3.64109849E-06
 2.69107990E-06
 1.18111779E-06
 9.60111721E-07
 2.86956213E-06
 4.17092291E-06
 4.84984433E-06
 4.89182088E-06
 4.28218908E-06
 3.00612532E-06
 1.04864354E-06
 1.59477136E-06
 3.75866923E-06
 5.18810741E-06
 5.86745291E-06
 5.78089869E-06
 4.91246122E-06
 3.24597792E-06
 7.65104557E-07
 2.03007697E-06
 3.96624929E-06
 5.03019135E-06
 5.20483644E-06
 5.25895636E-06
 4.54224346E-06
 2.88267709E-06
 2.62398215E-07
 1.54316540E-06
 2.23409715E-06
 1.90293115E-06
 5.61361347E-07
 2.01466431E-06
 2.38439455E-06
 1.65123071E-06
 3.32050512E-07
 3.05228697E-06
 4.60330110E-06
 4.96486745E-06
 4.58211506E-06
 5.09243468E-06
 4.34803108E-06
 2.32769935E-06
 1.01293428E-06
 3.91092807E-06
 5.45881821E-06
 5.63438865E-06
 5.46196965E-06
 5.80039214E-06
 4.69467236E-06
 2.12148853E-06
 1.83523769E-06
 4.88418495E-06
 6.38388163E-06
 6.30986557E-06
 6.41836798E-06
 6.52181626E-06
 4.97237170E-06
 1.74431957E-06
 2.52972385E-04
 3.72674800E-04
 2.17385725E-04
 6.21622496E-05
 3.91553502E-06
 3.10785191E-05
 2.36069545E-05
 3.89857670E-06
 4.16959211E-07
 4.22537351E-07
 4.39653056E-05
 6.71971065E-06
 4.39314100E-07
 4.44937549E-07
 4.50615036E-07
 3.29541904E-07
 3.41648038E-07
 3.54523904E-07
 3.67413993E-07
 3.80136436E-07
 3.88385636E-07
 3.96649725E-07
 4.04928437E-07
 4.12409470E-07
 2.59837990E-06
 4.16031602E-07
 4.17852190E-07
 4.19683293E-07
 4.21511865E-07
 4.23356012E-07
 4.25215677E-07
 4.27077332E-07
 4.28922156E-07
 4.30782792E-07
 4.32659449E-07
 4.34552066E-07
 4.36460818E-07
 4.38385903E-07
 4.40327276E-07
 4.43815720E-07
 4.49055001E-07
 4.54310898E-07
 4.59583886E-07
 4.64873634E-07
 4.70180655E-07
 4.75504574E-07
 4.80846191E-07
 4.86204904E-07
 4.91581198E-07
 4.96975292E-07
 3.80944441E-07
 3.83619870E-07
 3.86300169E-07
 3.88985152E-07
 3.91674894E-07
 3.92629561E-07
 3.93187896E-07
 3.93750882E-07
 3.94319174E-07
 3.94891931E-07
 3.95469527E-07
 3.96052328E-07
 3.96640398E-07
 3.97233202E-07
 3.97831132E-07
 3.98434520E-07
 3.99042551E-07
 3.99656214E-07
 4.00274966E-07
 4.00898887E-07
 4.01528347E-07
 4.02163441E-07
 4.02803603E-07
 4.03449200E-07
 4.04100693E-07
 4.04757141E-07
 4.05419629E-07
 4.06087577E-07
 4.06761050E-07
 4.07440824E-07
 4.08125981E-07
 4.08816913E-07
 4.09513729E-07
 4.10216503E-07
 4.10925377E-07
 4.11640369E-07
 4.13071029E-07
 4.15217466E-07
 4.17370328E-07
 4.19529017E-07
 4.21694335E-07
 4.23866058E-07
 4.26043820E-07
 4.28228195E-07
 4.30418885E-07
 4.32616365E-07
 4.34820377E-07
 4.37031005E-07
 4.39248746E-07
 4.41472970E-07
 4.43703726E-07
 4.45942001E-07
 4.48187007E-07
 4.50438986E-07
 4.52697965E-07
 4.54964508E-07
 4.57237913E-07
 4.59518747E-07
 4.61807081E-07
 4.64102633E-07
 4.66406026E-07
 4.68716460E-07
 4.71034963E-07
 4.73361214E-07
 4.75694964E-07
 4.78037193E-07
 4.80386746E-07
 4.82745072E-07
 4.85111009E-07
 4.87485093E-07
 4.89868007E-07
 4.92258955E-07
 4.94658578E-07
 4.97066490E-07
 4.99483443E-07
 5.01909008E-07
 5.04343457E-07
 5.06786403E-07
 5.09239015E-07
 5.11700463E-07
 5.14170982E-07
 5.16651176E-07
 5.19141310E-07
 5.21640478E-07
 5.24148979E-07
 5.26667857E-07
 5.29196443E-07
 5.31735331E-07
 5.34284322E-07
 5.36843542E-07
 5.39413210E-07
 5.41992976E-07
 5.44584155E-07
 5.47185911E-07
 5.49798425E-07
 5.52422497E-07
 4.34524189E-07
 4.35945227E-07
 4.37369035E-07
 4.38795553E-07
 4.40225571E-07
 4.41658468E-07
 4.43094869E-07
 4.44533793E-07
 4.45976344E-07
 4.47422652E-07
 4.48871646E-07
 4.50324527E-07
 4.51780823E-07
 4.53240534E-07
 4.54703791E-07
 4.56171220E-07
 4.57641774E-07
 4.59116026E-07
 4.60594161E-07
 4.62076202E-07
 4.63562229E-07
 4.65052965E-07
 4.66547268E-07
 4.68045197E-07
 4.69548035E-07
 4.71055340E-07
 4.72566530E-07
 4.74083046E-07
 4.75603556E-07
 4.77128905E-07
 4.78659126E-07
 4.80194394E-07
 4.81734732E-07
 4.83279624E-07
 4.84829869E-07
 4.86386173E-07
 4.87947419E-07
 4.89514232E-07
 4.91087474E-07
 4.92665936E-07
 4.94251095E-07
 4.95842411E-07
 4.97439866E-07
 4.99043755E-07
 5.00654838E-07
 5.02273200E-07
 5.03898297E-07
 5.05530269E-07
 5.07170730E-07
 5.08819062E-07
 5.10475348E-07
 5.12139709E-07
 5.13813221E-07
 5.15495860E-07
 5.17187906E-07
 5.18890183E-07
 5.20601986E-07
 5.22324386E-07
 5.24057464E-07
 3.61570615E-07
 3.32000899E-07
 3.16229906E-07
 3.04853435E-07
 2.95867884E-07
 4.12663546E-07
 4.11605532E-07
 4.10286851E-07
 4.09141306E-07
 4.08136717E-07
 4.07249061E-07
 4.06461596E-07
 4.05761051E-07
 4.05135314E-07
 4.04576509E-07
 4.04076885E-07
 4.03632040E-07
 4.03235295E-07
 4.02882888E-07
 4.02571397E-07
 4.02297662E-07
 4.02058952E-07
 4.01853101E-07
 4.01676565E-07
 4.01529252E-07
 4.01408210E-07
 4.01312762E-07
 4.01241337E-07
 4.01192045E-07
 4.01164856E-07
 4.01158715E-07
 4.01171538E-07
 4.01203655E-07
 4.01253810E-07
 4.01322262E-07
 4.01407024E-07
 4.01508408E-07
 4.01626722E-07
 4.01759807E-07
 4.01907886E-07
 4.02070930E-07
 4.02247785E-07
 4.02439842E-07
 4.02645540E-07
 4.02864295E-07
 4.03096530E-07
 4.03342731E-07
 4.03602083E-07
 4.03874321E-07
 4.04159161E-07
 4.04456105E-07
 4.04767161E-07
 4.05091158E-07
 4.05426996E-07
 4.05776396E-07
 4.06137572E-07
 4.06512216E-07
 4.06899924E-07
 4.07300958E-07
 4.07714877E-07
 4.08142744E-07
 4.08583260E-07
 4.09038460E-07
 4.09507712E-07
 4.09991518E-07
 4.10489148E-07
 4.11002058E-07
 4.11530587E-07
 4.12075111E-07
 4.12004307E-07
 4.11572995E-07
 4.11157317E-07
 4.10760954E-07
 4.10381443E-07
 4.10022637E-07
 4.09683367E-07
 4.09365480E-07
 4.09067874E-07
 4.08794989E-07
 4.08544669E-07
 4.08319421E-07
 4.08120914E-07
 4.07950226E-07
 4.07808753E-07
 4.07697857E-07
 4.07620957E-07
 4.07577929E-07
 4.07572081E-07
 4.07606103E-07
 4.07682697E-07
 4.07804978E-07
 4.07975057E-07
 4.08199650E-07
 4.08479240E-07
 4.08821469E-07
 4.09230318E-07
 4.09712561E-07
 4.10273052E-07
 4.10921869E-07
 4.11666685E-07
 4.15456966E-07
 4.25831003E-07
 4.36335008E-07
 3.30463500E-07
 3.47189812E-07
 3.64634760E-07
 3.82893413E-07
 4.02085007E-07
 4.11161166E-07
 4.09568100E-07
 4.09428945E-07
 4.11001387E-07
 6.64448065E-02
 1.82949979E-01
 3.84325011E-01
 0.00000000E+00
 0.00000000E+00
 0.00000000E+00
 0.00000000E+00
 0.00000000E+00
 0.00000000E+00
 0.00000000E+00
 0.00000000E+00
 0.00000000E+00
 0.00000000E+00
 0.00000000E+00
 0.00000000E+00
 0.00000000E+00
 0.00000000E+00
 0.00000000E+00
 0.00000000E+00
 4.64681044E-01
 2.15383742E-01
 1.02784060E-01
 4.64728922E-08
 5.11381992E-07
 6.33858443E-07
 4.19236338E-07
 1.97517559E-07
 1.21203934E-06
 1.90307312E-06
 2.27613498E-06
 2.33678674E-06
 2.09063647E-06
 1.54333896E-06
 7.00596245E-07
 6.19481468E-07
 2.25865411E-06
 3.61548407E-06
 4.69587390E-06
 5.50577603E-06
 6.05119328E-06
 6.33817941E-06
 6.37283972E-06
 6.31108723E-06
 6.14974739E-06
 5.75430575E-06
 5.13107991E-06
 4.28644187E-06
 3.22681860E-06
 1.95869265E-06
 4.88602794E-07
 1.00505188E-06
 2.32082121E-06
 3.45015997E-06
 4.39984562E-06
 5.17671510E-06
 5.78766549E-06
 6.23965468E-06
 6.53970206E-06
 6.69488922E-06
 6.71236062E-06
 6.59932438E-06
 6.36305292E-06
 6.01088376E-06
 5.55022022E-06
 4.98853221E-06
 4.35763097E-06
 4.39278613E-06
 4.34865816E-06
 4.23299310E-06
 4.05360754E-06
 3.81838943E-06
 3.53529888E-06
 3.21236908E-06
 2.85770710E-06
 2.47949477E-06
 2.08598959E-06
 1.68552559E-06
 1.28651427E-06
 8.97445510E-07
 5.26888500E-07
 1.83492700E-07
 2.73873924E-07
 9.35930053E-07
 1.54383801E-06
 2.08861869E-06
 2.56120778E-06
 2.95245470E-06
 3.25312157E-06
 3.45388212E-06
 3.54532063E-06
 3.51793083E-06
 3.36211474E-06
 3.06818160E-06
 2.62634666E-06
 2.02673005E-06
 1.25935556E-06
 3.14149484E-07
 6.56582924E-07
 1.37577846E-06
 1.88355226E-06
 2.16943507E-06
 2.22285383E-06
 2.03313041E-06
 1.58948024E-06
 8.81010956E-07
 1.66472036E-06
 2.37610187E-06
 2.78666984E-06
 2.88509387E-06
 2.65992868E-06
 2.09961263E-06
 1.19246621E-06
 1.15045189E-07
 1.49026530E-06
 2.47889094E-06
 3.06876692E-06
 3.24761229E-06
 3.00301866E-06
 2.32244854E-06
 1.19323359E-06
 4.72919383E-07
 2.11833788E-06
 3.27142472E-06
 3.91898555E-06
 4.04768619E-06
 3.64405083E-06
 2.69446000E-06
 1.18514868E-06
 9.64296500E-07
 2.87307422E-06
 4.17399354E-06
 4.85270682E-06
 4.89471066E-06
 4.28534377E-06
 3.00978471E-06
 1.05304964E-06
 1.59905512E-06
 3.76226649E-06
 5.19126925E-06
 5.87043274E-06
 5.78395233E-06
 4.91584691E-06
 3.24995638E-06
 7.69938990E-07
 2.02406969E-06
 3.94569815E-06
 4.99538709E-06
 5.15607234E-06
 5.21964195E-06
 4.51718175E-06
 2.87213477E-06
 2.66644874E-07
 1.59461753E-06
 2.33571236E-06
 2.05494448E-06
 7.63216753E-07
 2.16578121E-06
 2.48514296E-06
 1.70198349E-06
 3.34124853E-07
 3.01515494E-06
 4.52733186E-06
 4.85043327E-06
 4.44328222E-06
 4.99202901E-06
 4.28634244E-06
 2.30502143E-06
 1.00709187E-06
 3.86015594E-06
 5.36352222E-06
 5.49497818E-06
 5.30963901E-06
 5.69226224E-06
 4.63106016E-06
 2.10271533E-06
 1.81928200E-06
 4.81701147E-06
 6.26593715E-06
 6.14160089E-06
 6.25260714E-06
 6.40660955E-06
 4.90806728E-06
 1.73127062E-06
 2.44202630E-04
 4.11425601E-04
 2.41721629E-04
 7.20696847E-05
 1.63127690E-07
 2.90573330E-05
 2.26335011E-05
 3.61382566E-06
 5.50900444E-07
 5.56279091E-07
 4.51342810E-05
 6.79625507E-06
 5.72450806E-07
 5.77871004E-07
 5.83345542E-07
 4.62304619E-07
 4.74609805E-07
 4.87707047E-07
 5.00818670E-07
 5.13757236E-07
 5.22091048E-07
 5.30439490E-07
 5.38802928E-07
 5.46355277E-07
 2.55284805E-06
 5.49930390E-07
 5.51727117E-07
 5.53534367E-07
 5.55338531E-07
 5.57158663E-07
 5.58994036E-07
 5.60831158E-07
 5.62650911E-07
 5.64486429E-07
 5.66337896E-07
 5.68205519E-07
 5.70089694E-07
 5.71989926E-07
 5.73906855E-07
 5.77415474E-07
 5.82726246E-07
 5.88053832E-07
 5.93398452E-07
 5.98760043E-07
 6.04138565E-07
 6.09534756E-07
 6.14948296E-07
 6.20379137E-07
 6.25828028E-07
 6.31294415E-07
 5.14812201E-07
 5.17543124E-07
 5.20278755E-07
 5.23019106E-07
 5.25764253E-07
 5.26723657E-07
 5.27274447E-07
 5.27829968E-07
 5.28390850E-07
 5.28956539E-07
 5.29527178E-07
 5.30102755E-07
 5.30683710E-07
 5.31269443E-07
 5.31860388E-07
 5.32456540E-07
 5.33058060E-07
 5.33664644E-07
 5.34276729E-07
 5.34893703E-07
 5.35516334E-07
 5.36144669E-07
 5.36778141E-07
 5.37417146E-07
 5.38062095E-07
 5.38712125E-07
 5.39367928E-07
 5.40029260E-07
 5.40696571E-07
 5.41369557E-07
 5.42048350E-07
 5.42733058E-07
 5.43423696E-07
 5.44120401E-07
 5.44823259E-07
 5.45531675E-07
 5.46966346E-07
 5.49127350E-07
 5.51294182E-07
 5.53467644E-07
 5.55647095E-07
 5.57833453E-07
 5.60025586E-07
 5.62224806E-07
 5.64430040E-07
 5.66642192E-07
 5.68860926E-07
 5.71086444E-07
 5.73318803E-07
 5.75557695E-07
 5.77803692E-07
 5.80056453E-07
 5.82316520E-07
 5.84583661E-07
 5.86857900E-07
 5.89139421E-07
 5.91428327E-07
 5.93723954E-07
 5.96027643E-07
 5.98338696E-07
 6.00657218E-07
 6.02983806E-07
 6.05317732E-07
 6.07659560E-07
 6.10008992E-07
 6.12367013E-07
 6.14732518E-07
 6.17106492E-07
 6.19488192E-07
 6.21878661E-07
 6.24277192E-07
 6.26684341E-07
 6.29099810E-07
 6.31524257E-07
 6.33957345E-07
 6.36399302E-07
 6.38850186E-07
 6.41310274E-07
 6.43779176E-07
 6.46257139E-07
 6.48744803E-07
 6.51241777E-07
 6.53748372E-07
 6.56264228E-07
 6.58790484E-07
 6.61326379E-07
 6.63872079E-07
 6.66427852E-07
 6.68994292E-07
 6.71570682E-07
 6.74158206E-07
 6.76756037E-07
 6.79363915E-07
 6.81984101E-07
 6.84614164E-07
 5.67147327E-07
 5.68574712E-07
 5.70004307E-07
 5.71437164E-07
 5.72872944E-07
 5.74312163E-07
 5.75754941E-07
 5.77200178E-07
 5.78649033E-07
 5.80101102E-07
 5.81556443E-07
 5.83015064E-07
 5.84477623E-07
 5.85943045E-07
 5.87412607E-07
 5.88885156E-07
 5.90361994E-07
 5.91841949E-07
 5.93326343E-07
 5.94814060E-07
 5.96306313E-07
 5.97802102E-07
 5.99302016E-07
 6.00806194E-07
 6.02314007E-07
 6.03826926E-07
 6.05343703E-07
 6.06865778E-07
 6.08391827E-07
 6.09922691E-07
 6.11457846E-07
 6.12997935E-07
 6.14543137E-07
 6.16093484E-07
 6.17649230E-07
 6.19210352E-07
 6.20776232E-07
 6.22348514E-07
 6.23925856E-07
 6.25508970E-07
 6.27098124E-07
 6.28694050E-07
 6.30295465E-07
 6.31903944E-07
 6.33518860E-07
 6.35140370E-07
 6.36769317E-07
 6.38405005E-07
 6.40048538E-07
 6.41699776E-07
 6.43359050E-07
 6.45026461E-07
 6.46702859E-07
 6.48387621E-07
 6.50081766E-07
 6.51784423E-07
 6.53498330E-07
 6.55221179E-07
 6.56956291E-07
 6.58701422E-07
 5.01869864E-07
 4.67263091E-07
 4.50636598E-07
 4.38834360E-07
 4.29576922E-07
 5.46566010E-07
 5.45471597E-07
 5.44128073E-07
 5.42961403E-07
 5.41939300E-07
 5.41038652E-07
 5.40239897E-07
 5.39529263E-07
 5.38895965E-07
 5.38331752E-07
 5.37826996E-07
 5.37377541E-07
 5.36977809E-07
 5.36623282E-07
 5.36310800E-07
 5.36036006E-07
 5.35796485E-07
 5.35590107E-07
 5.35414236E-07
 5.35268161E-07
 5.35148530E-07
 5.35054146E-07
 5.34985355E-07
 5.34938163E-07
 5.34913664E-07
 5.34909756E-07
 5.34926141E-07
 5.34961269E-07
 5.35015450E-07
 5.35087396E-07
 5.35175852E-07
 5.35281826E-07
 5.35403820E-07
 5.35541516E-07
 5.35694470E-07
 5.35862233E-07
 5.36044768E-07
 5.36240836E-07
 5.36451759E-07
 5.36676005E-07
 5.36914320E-07
 5.37165702E-07
 5.37430655E-07
 5.37708317E-07
 5.37999696E-07
 5.38303164E-07
 5.38620459E-07
 5.38950618E-07
 5.39292394E-07
 5.39648436E-07
 5.40016777E-07
 5.40398469E-07
 5.40793110E-07
 5.41201019E-07
 5.41622543E-07
 5.42057909E-07
 5.42505755E-07
 5.42968247E-07
 5.43445600E-07
 5.43936513E-07
 5.44443082E-07
 5.44963860E-07
 5.45500253E-07
 5.46053707E-07
 5.45982874E-07
 5.45546754E-07
 5.45128344E-07
 5.44727155E-07
 5.44346050E-07
 5.43983608E-07
 5.43640710E-07
 5.43319356E-07
 5.43019361E-07
 5.42743151E-07
 5.42490744E-07
 5.42263665E-07
 5.42063443E-07
 5.41890624E-07
 5.41747238E-07
 5.41635418E-07
 5.41556381E-07
 5.41513028E-07
 5.41507159E-07
 5.41540886E-07
 5.41616953E-07
 5.41739848E-07
 5.41911988E-07
 5.42136897E-07
 5.42419117E-07
 5.42763202E-07
 5.43174728E-07
 5.43659814E-07
 5.44225125E-07
 5.44878229E-07
 5.45628790E-07
 5.49449466E-07
 5.59911829E-07
 5.70504230E-07
 4.63842064E-07
 4.80699550E-07
 4.98280171E-07
 5.16681905E-07
 5.36021014E-07
 5.45162856E-07
 5.43551102E-07
 5.43400912E-07
 5.44977182E-07
 6.41192878E-02
 1.76546602E-01
 3.76333881E-01
 0.00000000E+00
 0.00000000E+00
 0.00000000E+00
 0.00000000E+00
 0.00000000E+00
 0.00000000E+00
 0.00000000E+00
 0.00000000E+00
 0.00000000E+00
 0.00000000E+00
 0.00000000E+00
 0.00000000E+00
 0.00000000E+00
 0.00000000E+00
 0.00000000E+00
 0.00000000E+00
 4.56701986E-01
 2.07586268E-01
 9.90629934E-02
 4.43187444E-08
 5.09341210E-07
 6.31840296E-07
 4.17149536E-07
 1.95364643E-07
 1.21018222E-06
 1.90141797E-06
 2.27458737E-06
 2.33525166E-06
 2.08901831E-06
 1.54154151E-06
 6.98522672E-07
 6.16006464E-07
 2.25172010E-06
 3.60499645E-06
 4.68173744E-06
 5.48789481E-06
 6.02947074E-06
 6.31251832E-06
 6.34314214E-06
 6.28153269E-06
 6.12424660E-06
 5.73274709E-06
 5.11335108E-06
 4.27242984E-06
 3.21640965E-06
 1.95177235E-06
 4.85055973E-07
 9.96112021E-07
 2.30245433E-06
 3.42226612E-06
 4.36232408E-06
 5.12946433E-06
 5.73058316E-06
 6.17263761E-06
 6.46264627E-06
 6.60768987E-06
 6.61491203E-06
 6.49152000E-06
 6.24478534E-06
 5.88204468E-06
 5.41070046E-06
 4.83822167E-06
 4.19711207E-06
 4.24342748E-06
 4.21031615E-06
 4.10552322E-06
 3.93686437E-06
 3.71222665E-06
 3.43956925E-06
 3.12692441E-06
 2.78239826E-06
 2.41417167E-06
 2.03050117E-06
 1.63971981E-06
 1.25023809E-06
 8.70544874E-07
 5.09208333E-07
 1.74876893E-07
 2.76472527E-07
 9.37479051E-07
 1.54448614E-06
 2.08851579E-06
 2.56050483E-06
 2.95130382E-06
 3.25167603E-06
 3.45229637E-06
 3.54375033E-06
 3.51653281E-06
 3.36104707E-06
 3.06760359E-06
 2.62641886E-06
 2.02761430E-06
 1.26121497E-06
 3.17148481E-07
 6.78804965E-07
 1.42437285E-06
 1.95865372E-06
 2.27117976E-06
 2.35137941E-06
 2.18857603E-06
 1.77198658E-06
 1.09072024E-06
 1.85295345E-06
 2.53707779E-06
 2.92060884E-06
 2.99221763E-06
 2.74046033E-06
 2.15377678E-06
 1.22048894E-06
 1.18720186E-07
 1.49329495E-06
 2.48147252E-06
 3.07109939E-06
 3.24989629E-06
 3.00545658E-06
 2.32524450E-06
 1.19659349E-06
 4.76665839E-07
 2.12142375E-06
 3.27406336E-06
 3.92139217E-06
 4.05007793E-06
 3.64664672E-06
 2.69748106E-06
 1.18881788E-06
 9.68116933E-07
 2.87621930E-06
 4.17669444E-06
 4.85519683E-06
 4.89722520E-06
 4.28812040E-06
 3.01306319E-06
 1.05707196E-06
 1.60295220E-06
 3.76547413E-06
 5.19403849E-06
 5.87301698E-06
 5.78660734E-06
 4.91883091E-06
 3.25353002E-06
 7.74365452E-07
 2.01765138E-06
 3.92473296E-06
 4.96016569E-06
 5.10688799E-06
 5.17990385E-06
 4.49169280E-06
 2.86116161E-06
 2.70457041E-07
 1.64563108E-06
 2.43688480E-06
 2.20651081E-06
 9.64620893E-07
 2.31644382E-06
 2.58543400E-06
 1.75227579E-06
 3.35735559E-07
 2.97755595E-06
 4.45089227E-06
 4.73552531E-06
 4.30397195E-06
 4.89114134E-06
 4.22416720E-06
 2.28185222E-06
 1.00075375E-06
 3.80888447E-06
 5.26772319E-06
 5.35506091E-06
 5.15679734E-06
 5.58361624E-06
 4.56692669E-06
 2.08341563E-06
 1.80279513E-06
 4.74930282E-06
 6.14745347E-06
 5.97279290E-06
 6.08629805E-06
 6.29084889E-06
 4.84320313E-06
 1.71765607E-06
 2.35432436E-04
 4.50160321E-04
 2.66043564E-04
 8.19651527E-05
 4.23063275E-06
 2.70469854E-05
 2.16707405E-05
 3.33967130E-06
 6.74266505E-07
 6.79445838E-07
 4.63136504E-05
 6.88334431E-06
 6.95013822E-07
 7.00230950E-07
 7.05503110E-07
 5.84502128E-07
 5.97006491E-07
 6.10325018E-07
 6.23658282E-07
 6.36812889E-07
 6.45231461E-07
 6.53664809E-07
 6.62113115E-07
 6.69736937E-07
 2.51786818E-06
 6.73264903E-07
 6.75037917E-07
 6.76821272E-07
 6.78601412E-07
 6.80397463E-07
 6.82208941E-07
 6.84021936E-07
 6.85816085E-07
 6.87626657E-07
 6.89453361E-07
 6.91296382E-07
 6.93155691E-07
 6.95031463E-07
 6.96923908E-07
 7.00453366E-07
 7.05835544E-07
 7.11234732E-07
 7.16651152E-07
 7.22084515E-07
 7.27535243E-07
 7.33003330E-07
 7.38489236E-07
 7.43992663E-07
 7.49513817E-07
 6.35336478E-07
 6.38117932E-07
 6.40904379E-07
 6.43695269E-07
 6.46491263E-07
 6.49291869E-07
 6.50255422E-07
 6.50799271E-07
 6.51347874E-07
 6.51901353E-07
 6.52459717E-07
 6.53023370E-07
 6.53592054E-07
 6.54165564E-07
 6.54744556E-07
 6.55328490E-07
 6.55917773E-07
 6.56512146E-07
 6.57112290E-07
 6.57717384E-07
 6.58327762E-07
 6.58943869E-07
 6.59565116E-07
 6.60192229E-07
 6.60824309E-07
 6.61462426E-07
 6.62106349E-07
 6.62755807E-07
 6.63410556E-07
 6.64071702E-07
 6.64738252E-07
 6.65410744E-07
 6.66089523E-07
 6.66773657E-07
 6.67464300E-07
 6.68160869E-07
 6.68863415E-07
 6.70302063E-07
 6.72477327E-07
 6.74658847E-07
 6.76846360E-07
 6.79040358E-07
 6.81240965E-07
 6.83447818E-07
 6.85661493E-07
 6.87881697E-07
 6.90108517E-07
 6.92342045E-07
 6.94582014E-07
 6.96828985E-07
 6.99083389E-07
 7.01344187E-07
 7.03612289E-07
 7.05887046E-07
 7.08169309E-07
 7.10458430E-07
 7.12755350E-07
 7.15059410E-07
 7.17370679E-07
 7.19689731E-07
 7.22016248E-07
 7.24350382E-07
 7.26692288E-07
 7.29042086E-07
 7.31399486E-07
 7.33764608E-07
 7.36138466E-07
 7.38519969E-07
 7.40910012E-07
 7.43307568E-07
 7.45713964E-07
 7.48129052E-07
 7.50552410E-07
 7.52984261E-07
 7.55424778E-07
 7.57874101E-07
 7.60332377E-07
 7.62799838E-07
 7.65276101E-07
 7.67761842E-07
 7.70256777E-07
 7.72761094E-07
 7.75274915E-07
 7.77798532E-07
 7.80331503E-07
 7.82874601E-07
 7.85427525E-07
 7.87990974E-07
 7.90564062E-07
 7.93147547E-07
 7.95741653E-07
 7.98346620E-07
 8.00961989E-07
 8.03588163E-07
 8.06225266E-07
 6.89194749E-07
 6.90627406E-07
 6.92063875E-07
 6.93503159E-07
 6.94945251E-07
 6.96390829E-07
 6.97838811E-07
 6.99290969E-07
 7.00745579E-07
 7.02204035E-07
 7.03665108E-07
 7.05130040E-07
 7.06598359E-07
 7.08070074E-07
 7.09545371E-07
 7.11024251E-07
 7.12506791E-07
 7.13993058E-07
 7.15483121E-07
 7.16976495E-07
 7.18474446E-07
 7.19975851E-07
 7.21481418E-07
 7.22991237E-07
 7.24505323E-07
 7.26023833E-07
 7.27546254E-07
 7.29073211E-07
 7.30604921E-07
 7.32140665E-07
 7.33681356E-07
 7.35227027E-07
 7.36777707E-07
 7.38332943E-07
 7.39893473E-07
 7.41459404E-07
 7.43030847E-07
 7.44607130E-07
 7.46189891E-07
 7.47777792E-07
 7.49371622E-07
 7.50971577E-07
 7.52577635E-07
 7.54190025E-07
 7.55808866E-07
 7.57434241E-07
 7.59066981E-07
 7.60706627E-07
 7.62353894E-07
 7.64008157E-07
 7.65670452E-07
 7.67340795E-07
 7.69019380E-07
 7.70707123E-07
 7.72402502E-07
 7.74108117E-07
 7.75823349E-07
 7.77548266E-07
 7.79282903E-07
 7.81029312E-07
 7.82786541E-07
 6.40640758E-07
 5.92127121E-07
 5.74544223E-07
 5.62286545E-07
 5.52744050E-07
 6.69909082E-07
 6.68777970E-07
 6.67405996E-07
 6.66218255E-07
 6.65179294E-07
 6.64264274E-07
 6.63453787E-07
 6.62733456E-07
 6.62093077E-07
 6.61521794E-07
 6.61012209E-07
 6.60559327E-07
 6.60155941E-07
 6.59798601E-07
 6.59484115E-07
 6.59208631E-07
 6.58968419E-07
 6.58762069E-07
 6.58586598E-07
 6.58440777E-07
 6.58322926E-07
 6.58230176E-07
 6.58162454E-07
 6.58117986E-07
 6.58095852E-07
 6.58094806E-07
 6.58113653E-07
 6.58152656E-07
 6.58210172E-07
 6.58285138E-07
 6.58378602E-07
 6.58488002E-07
 6.58614389E-07
 6.58756144E-07
 6.58914156E-07
 6.59086611E-07
 6.59273559E-07
 6.59475066E-07
 6.59691183E-07
 6.59920479E-07
 6.60164165E-07
 6.60421464E-07
 6.60692088E-07
 6.60975854E-07
 6.61272566E-07
 6.61583234E-07
 6.61906221E-07
 6.62242538E-07
 6.62591816E-07
 6.62954457E-07
 6.63329258E-07
 6.63717411E-07
 6.64119870E-07
 6.64534602E-07
 6.64962895E-07
 6.65404909E-07
 6.65861089E-07
 6.66331766E-07
 6.66816410E-07
 6.67314428E-07
 6.67829007E-07
 6.68357789E-07
 6.68903086E-07
 6.69464351E-07
 6.69394549E-07
 6.68954800E-07
 6.68532653E-07
 6.68127786E-07
 6.67741991E-07
 6.67375904E-07
 6.67030531E-07
 6.66706760E-07
 6.66404564E-07
 6.66125055E-07
 6.65870652E-07
 6.65640547E-07
 6.65438703E-07
 6.65263775E-07
 6.65118492E-07
 6.65005762E-07
 6.64926120E-07
 6.64881809E-07
 6.64875292E-07
 6.64909562E-07
 6.64985863E-07
 6.65109560E-07
 6.65282284E-07
 6.65507646E-07
 6.65792597E-07
 6.66138573E-07
 6.66552939E-07
 6.67041860E-07
 6.67611296E-07
 6.68268847E-07
 6.69024347E-07
 6.72877604E-07
 6.83426409E-07
 6.94108521E-07
 5.86649195E-07
 6.03637336E-07
 6.21354340E-07
 6.39898712E-07
 6.59387578E-07
 6.68596262E-07
 6.66964392E-07
 6.66804671E-07
 6.68384209E-07
 6.17940820E-02
 1.70144106E-01
 3.68343855E-01
 0.00000000E+00
 0.00000000E+00
 0.00000000E+00
 0.00000000E+00
 0.00000000E+00
 0.00000000E+00
 0.00000000E+00
 0.00000000E+00
 0.00000000E+00
 0.00000000E+00
 0.00000000E+00
 0.00000000E+00
 0.00000000E+00
 0.00000000E+00
 0.00000000E+00
 0.00000000E+00
 4.48722987E-01
 1.99788853E-01
 9.53419546E-02
 4.23539062E-08
 5.07490727E-07
 6.30013450E-07
 4.15255047E-07
 1.93405058E-07
 1.20851946E-06
 1.89995820E-06
 2.27323619E-06
 2.33391407E-06
 2.08759870E-06
 1.53994368E-06
 6.96649794E-07
 6.12733254E-07
 2.24498901E-06
 3.59471289E-06
 4.66780617E-06
 5.47021995E-06
 6.00795572E-06
 6.28706591E-06
 6.31365445E-06
 6.25218919E-06
 6.09895800E-06
 5.71140177E-06
 5.09583673E-06
 4.25863347E-06
 3.20621755E-06
 1.94507009E-06
 4.81728402E-07
 9.87392703E-07
 2.28430932E-06
 3.39459550E-06
 4.32502711E-06
 5.08243952E-06
 5.67372815E-06
 6.10584928E-06
 6.38582062E-06
 6.52072208E-06
 6.51769644E-06
 6.38395008E-06
 6.12675368E-06
 5.75344301E-06
 5.27141959E-06
 4.68815153E-06
 4.03683509E-06
 4.09431210E-06
 4.07221875E-06
 3.97829931E-06
 3.82036857E-06
 3.60631263E-06
 3.34408978E-06
 3.04173133E-06
 2.70734245E-06
 2.34910306E-06
 1.97526871E-06
 1.59417148E-06
 1.21422085E-06
 8.43904696E-07
 4.91790157E-07
 1.66524624E-07
 2.78806001E-07
 9.38761267E-07
 1.54486581E-06
 2.08814276E-06
 2.55953004E-06
 2.94987937E-06
 3.24995518E-06
 3.45043357E-06
 3.54190118E-06
 3.51485415E-06
 3.35969695E-06
 3.06674128E-06
 2.62620492E-06
 2.02821052E-06
 1.26278447E-06
 3.19855649E-07
 7.00733063E-07
 1.47267109E-06
 2.03345680E-06
 2.37262382E-06
 2.47960208E-06
 2.34371644E-06
 1.95418539E-06
 1.30011964E-06
 2.04087479E-06
 2.69774012E-06
 3.05423240E-06
 3.09902408E-06
 2.82067278E-06
 2.20761980E-06
 1.24818861E-06
 1.22070133E-07
 1.49599729E-06
 2.48372452E-06
 3.07309997E-06
 3.25184608E-06
 3.00755792E-06
 2.32770149E-06
 1.19961199E-06
 4.80068464E-07
 2.12416333E-06
 3.27635323E-06
 3.92344752E-06
 4.05211584E-06
 3.64888622E-06
 2.70014311E-06
 1.19212544E-06
 9.71573074E-07
 2.87899740E-06
 4.17902567E-06
 4.85731442E-06
 4.89936453E-06
 4.29051902E-06
 3.01596082E-06
 1.06071055E-06
 1.60646263E-06
 3.76829222E-06
 5.19641522E-06
 5.87520570E-06
 5.78886380E-06
 4.92141326E-06
 3.25669890E-06
 7.78384004E-07
 2.01082212E-06
 3.90335377E-06
 4.92452721E-06
 5.05728345E-06
 5.13974210E-06
 4.46577665E-06
 2.84975766E-06
 2.73834790E-07
 1.69620612E-06
 2.53761456E-06
 2.35763023E-06
 1.16557384E-06
 2.46665221E-06
 2.68526776E-06
 1.80210771E-06
 3.36882703E-07
 2.93949006E-06
 4.37398240E-06
 4.62014365E-06
 4.16418431E-06
 4.78977175E-06
 4.16150542E-06
 2.25819180E-06
 9.93920002E-07
 3.75711372E-06
 5.17142120E-06
 5.21463695E-06
 5.00344474E-06
 5.47445422E-06
 4.50227206E-06
 2.06358954E-06
 1.78577717E-06
 4.68105910E-06
 6.02843066E-06
 5.80344169E-06
 5.91944081E-06
 6.17453439E-06
 4.77777937E-06
 1.70347604E-06
 2.26661801E-04
 4.88972792E-04
 2.90351511E-04
 9.18486345E-05
 8.28696064E-06
 2.50474963E-05
 2.07186924E-05
 3.07613337E-06
 7.87037415E-07
 7.92017960E-07
 4.75034340E-05
 6.98099843E-06
 8.06983273E-07
 8.11997883E-07
 8.17067825E-07
 6.96114840E-07
 7.08818282E-07
 7.22358402E-07
 7.35913000E-07
 7.49283957E-07
 7.57787391E-07
 7.66305789E-07
 7.74839072E-07
 7.82534276E-07
 2.49346004E-06
 7.86015592E-07
 7.87765050E-07
 7.89524642E-07
 7.91280902E-07
 7.93052798E-07
 7.94840738E-07
 7.96629307E-07
 7.98398941E-07
 8.00184469E-07
 8.01986323E-07
 8.03804678E-07
 8.05639510E-07
 8.07490997E-07
 8.09359080E-07
 8.12909023E-07
 8.18363010E-07
 8.23834223E-07
 8.29322348E-07
 8.34827848E-07
 8.40350703E-07
 8.45891106E-07
 8.51449271E-07
 8.57025177E-07
 8.62619030E-07
 7.48005454E-07
 7.50842342E-07
 7.53684241E-07
 7.56530703E-07
 7.59381737E-07
 7.62238013E-07
 7.63206295E-07
 7.63742846E-07
 7.64284275E-07
 7.64830595E-07
 7.65381910E-07
 7.65938557E-07
 7.66500015E-07
 7.67066691E-07
 7.67638605E-07
 7.68215843E-07
 7.68798177E-07
 7.69386015E-07
 7.69978757E-07
 7.70577129E-07
 7.71181231E-07
 7.71790482E-07
 7.72405272E-07
 7.73025671E-07
 7.73651468E-07
 7.74283067E-07
 7.74920204E-07
 7.75563291E-07
 7.76211770E-07
 7.76866695E-07
 7.77526841E-07
 7.78193297E-07
 7.78865824E-07
 7.79543786E-07
 7.80228362E-07
 7.80918585E-07
 7.81615596E-07
 7.83058562E-07
 7.85247686E-07
 7.87443858E-07
 7.89645802E-07
 7.91854316E-07
 7.94069489E-07
 7.96291102E-07
 7.98519204E-07
 8.00753956E-07
 8.02995373E-07
 8.05243699E-07
 8.07498919E-07
 8.09761237E-07
 8.12029951E-07
 8.14305960E-07
 8.16588958E-07
 8.18879162E-07
 8.21176558E-07
 8.23481367E-07
 8.25793314E-07
 8.28112426E-07
 8.30439308E-07
 8.32773730E-07
 8.35116113E-07
 8.37465439E-07
 8.39823033E-07
 8.42188269E-07
 8.44561658E-07
 8.46942885E-07
 8.49332148E-07
 8.51729617E-07
 8.54135326E-07
 8.56549538E-07
 8.58971878E-07
 8.61402982E-07
 8.63842608E-07
 8.66290847E-07
 8.68747880E-07
 8.71213848E-07
 8.73688506E-07
 8.76172912E-07
 8.78665856E-07
 8.81167924E-07
 8.83679850E-07
 8.86200854E-07
 8.88732038E-07
 8.91272100E-07
 8.93822771E-07
 8.96382735E-07
 8.98953138E-07
 9.01533263E-07
 9.04124224E-07
 9.06725257E-07
 9.09337110E-07
 9.11959394E-07
 9.14592444E-07
 9.17236341E-07
 9.19891382E-07
 8.02085887E-07
 8.03528113E-07
 8.04973701E-07
 8.06421588E-07
 8.07873449E-07
 8.09328286E-07
 8.10786203E-07
 8.12247141E-07
 8.13711330E-07
 8.15178657E-07
 8.16649884E-07
 8.18123906E-07
 8.19601959E-07
 8.21082922E-07
 8.22568065E-07
 8.24056242E-07
 8.25548188E-07
 8.27043914E-07
 8.28544187E-07
 8.30047765E-07
 8.31554849E-07
 8.33066589E-07
 8.34582046E-07
 8.36101688E-07
 8.37625202E-07
 8.39153131E-07
 8.40686292E-07
 8.42222853E-07
 8.43764840E-07
 8.45310394E-07
 8.46861576E-07
 8.48417115E-07
 8.49978503E-07
 8.51543827E-07
 8.53114512E-07
 8.54690670E-07
 8.56272418E-07
 8.57859152E-07
 8.59452513E-07
 8.61051026E-07
 8.62654807E-07
 8.64265606E-07
 8.65882604E-07
 8.67505329E-07
 8.69135278E-07
 8.70771851E-07
 8.72415262E-07
 8.74065519E-07
 8.75723636E-07
 8.77388834E-07
 8.79062160E-07
 8.80744441E-07
 8.82434253E-07
 8.84132508E-07
 8.85840229E-07
 8.87556709E-07
 8.89283579E-07
 8.91019475E-07
 8.92766225E-07
 8.94523732E-07
 8.96293291E-07
 8.98073873E-07
 7.06601596E-07
 6.87940063E-07
 6.75193096E-07
 6.65350773E-07
 7.82672457E-07
 7.81503453E-07
 7.80103292E-07
 7.78893338E-07
 7.77836234E-07
 7.76906538E-07
 7.76084654E-07
 7.75354086E-07
 7.74705952E-07
 7.74127792E-07
 7.73612569E-07
 7.73155504E-07
 7.72748621E-07
 7.72389575E-07
 7.72072298E-07
 7.71796060E-07
 7.71555311E-07
 7.71348152E-07
 7.71173106E-07
 7.71028555E-07
 7.70911507E-07
 7.70820402E-07
 7.70754347E-07
 7.70712149E-07
 7.70692289E-07
 7.70694214E-07
 7.70715528E-07
 7.70758352E-07
 7.70818650E-07
 7.70898355E-07
 7.70994481E-07
 7.71108604E-07
 7.71238738E-07
 7.71385112E-07
 7.71546769E-07
 7.71723879E-07
 7.71916552E-07
 7.72123535E-07
 7.72344194E-07
 7.72579096E-07
 7.72828839E-07
 7.73091187E-07
 7.73367524E-07
 7.73657431E-07
 7.73959986E-07
 7.74275725E-07
 7.74605670E-07
 7.74948109E-07
 7.75304067E-07
 7.75673311E-07
 7.76054522E-07
 7.76449678E-07
 7.76858262E-07
 7.77281481E-07
 7.77717266E-07
 7.78166735E-07
 7.78629322E-07
 7.79108056E-07
 7.79599902E-07
 7.80106792E-07
 7.80628399E-07
 7.81165926E-07
 7.81719030E-07
 7.82288104E-07
 7.82220174E-07
 7.81775560E-07
 7.81349594E-07
 7.80941994E-07
 7.80552352E-07
 7.80183710E-07
 7.79834647E-07
 7.79507257E-07
 7.79202598E-07
 7.78920857E-07
 7.78663114E-07
 7.78431012E-07
 7.78227361E-07
 7.78050292E-07
 7.77904226E-07
 7.77790417E-07
 7.77708648E-07
 7.77664554E-07
 7.77657276E-07
 7.77690446E-07
 7.77768309E-07
 7.77891847E-07
 7.78065748E-07
 7.78293747E-07
 7.78578836E-07
 7.78928231E-07
 7.79345240E-07
 7.79837827E-07
 7.80411157E-07
 7.81073929E-07
 7.81835167E-07
 7.85719863E-07
 7.96356028E-07
 8.07126572E-07
 6.98865453E-07
 7.15985682E-07
 7.33839431E-07
 7.52525646E-07
 7.72164812E-07
 7.81441008E-07
 7.79789166E-07
 7.79621752E-07
 7.81204347E-07
 5.94691891E-02
 1.63742490E-01
 3.60354930E-01
 0.00000000E+00
 0.00000000E+00
 0.00000000E+00
 0.00000000E+00
 0.00000000E+00
 0.00000000E+00
 0.00000000E+00
 0.00000000E+00
 0.00000000E+00
 0.00000000E+00
 0.00000000E+00
 0.00000000E+00
 0.00000000E+00
 0.00000000E+00
 0.00000000E+00
 0.00000000E+00
 4.40744048E-01
 1.91991496E-01
 9.16209436E-02
 4.05783522E-08
 5.05830525E-07
 6.28377886E-07
 4.13552850E-07
 1.91638784E-07
 1.20705103E-06
 1.89869381E-06
 2.27208142E-06
 2.33277394E-06
 2.08637762E-06
 1.53854544E-06
 6.94977591E-07
 6.09661819E-07
 2.23846081E-06
 3.58463336E-06
 4.65408008E-06
 5.45275141E-06
 5.98664819E-06
 6.26182218E-06
 6.28437661E-06
 6.22305671E-06
 6.07388155E-06
 5.69026975E-06
 5.07853686E-06
 4.24505275E-06
 3.19624228E-06
 1.93858585E-06
 4.78620054E-07
 9.78893901E-07
 2.26638616E-06
 3.36714807E-06
 4.28795471E-06
 5.03564063E-06
 5.61710047E-06
 6.03928966E-06
 6.30922510E-06
 6.43398585E-06
 6.42071384E-06
 6.27661459E-06
 6.00895792E-06
 5.62507871E-06
 5.13237759E-06
 4.53832176E-06
 3.87680000E-06
 3.94543994E-06
 3.93436594E-06
 3.85132136E-06
 3.70412009E-06
 3.50064733E-06
 3.24886045E-06
 2.95678981E-06
 2.63253965E-06
 2.28428891E-06
 1.92029218E-06
 1.54888055E-06
 1.17846252E-06
 8.17524943E-07
 4.74633938E-07
 1.58435858E-07
 2.80874377E-07
 9.39776737E-07
 1.54497707E-06
 2.08749961E-06
 2.55828344E-06
 2.94818139E-06
 3.24795907E-06
 3.44829373E-06
 3.53977323E-06
 3.51289488E-06
 3.35806440E-06
 3.06559473E-06
 2.62570487E-06
 2.02851877E-06
 1.26406409E-06
 3.22271025E-07
 7.22367256E-07
 1.52067323E-06
 2.10796153E-06
 2.47376729E-06
 2.60752188E-06
 2.49855169E-06
 2.13607672E-06
 1.50920921E-06
 2.22848442E-06
 2.85808892E-06
 3.18754058E-06
 3.20551327E-06
 2.90056606E-06
 2.26114174E-06
 1.27556525E-06
 1.25095074E-07
 1.49837238E-06
 2.48564698E-06
 3.07476870E-06
 3.25346168E-06
 3.00932271E-06
 2.32981954E-06
 1.20228915E-06
 4.83127302E-07
 2.12655667E-06
 3.27829437E-06
 3.92515163E-06
 4.05379998E-06
 3.65076937E-06
 2.70244621E-06
 1.19507143E-06
 9.74664975E-07
 2.88140859E-06
 4.18098726E-06
 4.85905965E-06
 4.90112873E-06
 4.29253968E-06
 3.01847765E-06
 1.06396547E-06
 1.60958650E-06
 3.77072080E-06
 5.19839949E-06
 5.87699896E-06
 5.79072175E-06
 4.92359404E-06
 3.25946310E-06
 7.81994708E-07
 2.00358196E-06
 3.88156065E-06
 4.88847173E-06
 5.00725878E-06
 5.09915678E-06
 4.43943339E-06
 2.83792301E-06
 2.76778188E-07
 1.74634271E-06
 2.63790169E-06
 2.50830280E-06
 1.36607566E-06
 2.61640646E-06
 2.78464431E-06
 1.85147930E-06
 3.37566358E-07
 2.90095735E-06
 4.29660234E-06
 4.50428836E-06
 4.02391938E-06
 4.68792033E-06
 4.09835719E-06
 2.23404026E-06
 9.86590697E-07
 3.70484379E-06
 5.07461633E-06
 5.07370636E-06
 4.84958130E-06
 5.36477626E-06
 4.43709633E-06
 2.04323713E-06
 1.76822819E-06
 4.61228040E-06
 5.90886883E-06
 5.63354734E-06
 5.75203552E-06
 6.05766613E-06
 4.71179607E-06
 1.68873062E-06
 2.17890725E-04
 5.27621636E-04
 3.14645452E-04
 1.01720111E-04
 1.23320915E-05
 2.30588847E-05
 1.97773764E-05
 2.82323123E-06
 8.89193624E-07
 8.93975720E-07
 4.87036510E-05
 7.08923720E-06
 9.08339360E-07
 9.13151970E-07
 9.18020241E-07
 7.97122866E-07
 8.10025868E-07
 8.23787458E-07
 8.37563677E-07
 8.51151279E-07
 8.59739482E-07
 8.68342808E-07
 8.76961180E-07
 8.84728084E-07
 2.47964329E-06
 8.88163003E-07
 8.89888794E-07
 8.91625203E-07
 8.93357265E-07
 8.95105584E-07
 8.96869664E-07
 8.98634381E-07
 9.00378920E-07
 9.02140025E-07
 9.03917390E-07
 9.05711215E-07
 9.07521695E-07
 9.09348784E-07
 9.11192678E-07
 9.14763476E-07
 9.20289158E-07
 9.25832247E-07
 9.31392449E-07
 9.36969988E-07
 9.42565347E-07
 9.48178197E-07
 9.53808752E-07
 9.59457260E-07
 9.65123926E-07
 8.50073438E-07
 8.52965667E-07
 8.55863026E-07
 8.58764946E-07
 8.61671824E-07
 8.64583451E-07
 8.65556391E-07
 8.66085639E-07
 8.66619804E-07
 8.67159240E-07
 8.67703736E-07
 8.68253049E-07
 8.68807560E-07
 8.69367308E-07
 8.69932407E-07
 8.70502920E-07
 8.71078286E-07
 8.71659193E-07
 8.72245761E-07
 8.72837419E-07
 8.73434198E-07
 8.74037170E-07
 8.74645450E-07
 8.75259135E-07
 8.75878568E-07
 8.76503932E-07
 8.77134545E-07
 8.77771236E-07
 8.78413709E-07
 8.79062073E-07
 8.79716080E-07
 8.80376476E-07
 8.81042667E-07
 8.81714759E-07
 8.82393218E-07
 8.83077738E-07
 8.83768425E-07
 8.85215715E-07
 8.87419352E-07
 8.89629812E-07
 8.91846435E-07
 8.94069441E-07
 8.96299156E-07
 8.98535433E-07
 9.00778284E-07
 9.03027880E-07
 9.05284339E-07
 9.07547330E-07
 9.09817382E-07
 9.12094621E-07
 9.14378354E-07
 9.16669511E-07
 9.18967794E-07
 9.21272934E-07
 9.23585474E-07
 9.25905487E-07
 9.28232739E-07
 9.30567721E-07
 9.32910237E-07
 9.35259887E-07
 9.37617724E-07
 9.39983002E-07
 9.42356264E-07
 9.44737274E-07
 9.47126149E-07
 9.49523498E-07
 9.51928961E-07
 9.54342334E-07
 9.56764060E-07
 9.59194453E-07
 9.61633184E-07
 9.64080328E-07
 9.66536074E-07
 9.69000640E-07
 9.71474125E-07
 9.73956759E-07
 9.76448603E-07
 9.78949018E-07
 9.81458583E-07
 9.83977936E-07
 9.86506351E-07
 9.89044869E-07
 9.91592352E-07
 9.94150362E-07
 9.96717651E-07
 9.99294882E-07
 1.00188280E-06
 1.00448053E-06
 1.00708836E-06
 1.00970740E-06
 1.01233641E-06
 1.01497658E-06
 1.01762762E-06
 1.02028929E-06
 9.02928227E-07
 9.04377259E-07
 9.05829097E-07
 9.07283231E-07
 9.08741329E-07
 9.10201828E-07
 9.11665963E-07
 9.13133166E-07
 9.14603506E-07
 9.16077087E-07
 9.17554500E-07
 9.19034760E-07
 9.20518977E-07
 9.22006163E-07
 9.23496905E-07
 9.24991278E-07
 9.26489411E-07
 9.27991311E-07
 9.29496498E-07
 9.31006280E-07
 9.32519495E-07
 9.34036141E-07
 9.35557760E-07
 9.37082961E-07
 9.38612543E-07
 9.40145992E-07
 9.41684645E-07
 9.43227284E-07
 9.44774052E-07
 9.46325704E-07
 9.47882280E-07
 9.49443263E-07
 9.51008670E-07
 9.52580063E-07
 9.54156092E-07
 9.55736928E-07
 9.57323382E-07
 9.58915424E-07
 9.60513329E-07
 9.62116417E-07
 9.63725536E-07
 9.65340151E-07
 9.66961646E-07
 9.68588901E-07
 9.70222562E-07
 9.71862937E-07
 9.73510778E-07
 9.75164782E-07
 9.76826494E-07
 9.78495377E-07
 9.80172313E-07
 9.81856598E-07
 9.83549209E-07
 9.85250248E-07
 9.86959912E-07
 9.88679051E-07
 9.90407147E-07
 9.92145742E-07
 9.93893463E-07
 9.95652157E-07
 9.97421897E-07
 9.99202678E-07
 1.00099484E-06
 8.10702900E-07
 7.90809320E-07
 7.77537108E-07
 7.67378454E-07
 8.84837646E-07
 8.83629422E-07
 8.82199412E-07
 8.80966144E-07
 8.79890571E-07
 8.78945745E-07
 8.78111972E-07
 8.77371328E-07
 8.76714681E-07
 8.76129821E-07
 8.75609116E-07
 8.75147068E-07
 8.74737192E-07
 8.74374968E-07
 8.74056009E-07
 8.73778093E-07
 8.73536751E-07
 8.73329174E-07
 8.73155117E-07
 8.73010889E-07
 8.72894417E-07
 8.72804382E-07
 8.72740593E-07
 8.72699954E-07
 8.72682910E-07
 8.72687077E-07
 8.72712554E-07
 8.72757305E-07
 8.72821508E-07
 8.72904185E-07
 8.73005153E-07
 8.73122584E-07
 8.73256992E-07
 8.73407233E-07
 8.73573698E-07
 8.73756014E-07
 8.73952964E-07
 8.74164488E-07
 8.74390919E-07
 8.74631225E-07
 8.74886121E-07
 8.75154916E-07
 8.75436631E-07
 8.75731738E-07
 8.76040788E-07
 8.76363475E-07
 8.76698868E-07
 8.77047905E-07
 8.77409672E-07
 8.77785217E-07
 8.78174189E-07
 8.78576922E-07
 8.78992234E-07
 8.79421284E-07
 8.79864289E-07
 8.80320943E-07
 8.80792346E-07
 8.81277249E-07
 8.81777682E-07
 8.82292325E-07
 8.82821605E-07
 8.83367659E-07
 8.83929239E-07
 8.84506812E-07
 8.84438488E-07
 8.83990720E-07
 8.83560702E-07
 8.83148945E-07
 8.82756330E-07
 8.82383571E-07
 8.82031549E-07
 8.81701387E-07
 8.81394008E-07
 8.81109587E-07
 8.80849401E-07
 8.80616228E-07
 8.80409103E-07
 8.80231322E-07
 8.80083607E-07
 8.79968323E-07
 8.79886714E-07
 8.79840389E-07
 8.79834003E-07
 8.79867161E-07
 8.79943976E-07
 8.80069253E-07
 8.80243867E-07
 8.80472494E-07
 8.80760541E-07
 8.81112045E-07
 8.81532084E-07
 8.82028761E-07
 8.82606492E-07
 8.83274041E-07
 8.84040528E-07
 8.87957199E-07
 8.98680168E-07
 9.09539724E-07
 9.20548929E-07
 8.17721706E-07
 8.35713254E-07
 8.54542512E-07
 8.74332029E-07
 8.83675933E-07
 8.82005862E-07
 8.81831332E-07
 8.83418586E-07
 5.71446089E-02
 1.57341753E-01
 3.52367108E-01
 0.00000000E+00
 0.00000000E+00
 0.00000000E+00
 0.00000000E+00
 0.00000000E+00
 0.00000000E+00
 0.00000000E+00
 0.00000000E+00
 0.00000000E+00
 0.00000000E+00
 0.00000000E+00
 0.00000000E+00
 0.00000000E+00
 0.00000000E+00
 0.00000000E+00
 0.00000000E+00
 4.32765169E-01
 1.84194197E-01
 8.78999605E-02
 3.89920669E-08
 5.04360581E-07
 6.26933584E-07
 4.12042924E-07
 1.90065801E-07
 1.20577692E-06
 1.89762475E-06
 2.27112305E-06
 2.33183125E-06
 2.08535504E-06
 1.53734678E-06
 6.93506039E-07
 6.06792133E-07
 2.23213550E-06
 3.57475784E-06
 4.64055914E-06
 5.43548917E-06
 5.96554813E-06
 6.23678709E-06
 6.25530861E-06
 6.19413522E-06
 6.04901723E-06
 5.66935102E-06
 5.06145143E-06
 4.23168764E-06
 3.18648381E-06
 1.93231961E-06
 4.75730908E-07
 9.70615586E-07
 2.24868483E-06
 3.33992381E-06
 4.25110683E-06
 4.98906764E-06
 5.56070006E-06
 5.97295872E-06
 6.23285966E-06
 6.34748113E-06
 6.32396419E-06
 6.16951351E-06
 5.89139804E-06
 5.49695175E-06
 4.99357442E-06
 4.38873234E-06
 3.71700677E-06
 3.79681099E-06
 3.79675768E-06
 3.72458933E-06
 3.58811892E-06
 3.39523074E-06
 3.15388123E-06
 2.87209983E-06
 2.55798981E-06
 2.21972918E-06
 1.86557155E-06
 1.50384701E-06
 1.14296307E-06
 7.91405584E-07
 4.57739642E-07
 1.50610566E-07
 2.82677693E-07
 9.40525492E-07
 1.54481994E-06
 2.08658640E-06
 2.55676506E-06
 2.94620992E-06
 3.24568772E-06
 3.44587690E-06
 3.53736650E-06
 3.51065505E-06
 3.35614948E-06
 3.06416395E-06
 2.62491875E-06
 2.02853907E-06
 1.26505387E-06
 3.24394648E-07
 7.43707582E-07
 1.56837929E-06
 2.18216797E-06
 2.57461021E-06
 2.73513886E-06
 2.65308182E-06
 2.31766060E-06
 1.71798899E-06
 2.41578239E-06
 3.01812423E-06
 3.32053340E-06
 3.31168523E-06
 2.98014023E-06
 2.31434265E-06
 1.30261892E-06
 1.27795056E-07
 1.50042025E-06
 2.48723994E-06
 3.07610562E-06
 3.25474314E-06
 3.01075101E-06
 2.33159872E-06
 1.20462501E-06
 4.85842405E-07
 2.12860383E-06
 3.27988685E-06
 3.92650455E-06
 4.05513039E-06
 3.65229622E-06
 2.70439042E-06
 1.19765587E-06
 9.77392688E-07
 2.88345291E-06
 4.18257929E-06
 4.86043256E-06
 4.90251784E-06
 4.29418245E-06
 3.02061374E-06
 1.06683677E-06
 1.61232384E-06
 3.77275994E-06
 5.19999135E-06
 5.87839681E-06
 5.79218126E-06
 4.92537330E-06
 3.26182266E-06
 7.85197628E-07
 1.99593097E-06
 3.85935366E-06
 4.85199930E-06
 4.95681404E-06
 5.05814795E-06
 4.41266307E-06
 2.82565770E-06
 2.79287297E-07
 1.79604093E-06
 2.73774627E-06
 2.65852858E-06
 1.56612643E-06
 2.76570663E-06
 2.88356373E-06
 1.90039065E-06
 3.37786600E-07
 2.86195790E-06
 4.21875216E-06
 4.38795952E-06
 3.88317725E-06
 4.58558715E-06
 4.03472260E-06
 2.20939768E-06
 9.78765923E-07
 3.65207475E-06
 4.97730867E-06
 4.93226924E-06
 4.69520709E-06
 5.25458247E-06
 4.37139961E-06
 2.02235850E-06
 1.75014831E-06
 4.54296680E-06
 5.78876808E-06
 5.46310997E-06
 5.58408226E-06
 5.94024422E-06
 4.64525334E-06
 1.67341992E-06
 2.09119210E-04
 5.50491749E-04
 3.38925368E-04
 1.11579562E-04
 1.63660057E-05
 2.10811708E-05
 1.88468122E-05
 2.58098486E-06
 9.80715479E-07
 9.85299435E-07
 4.99143217E-05
 7.20808018E-06
 9.99062726E-07
 1.00367367E-06
 1.00834040E-06
 8.87506975E-07
 9.00609206E-07
 9.14592334E-07
 9.28590449E-07
 9.42394540E-07
 9.51067807E-07
 9.59756149E-07
 9.68459698E-07
 9.76298598E-07
 2.47643728E-06
 9.79687330E-07
 9.81389786E-07
 9.83102668E-07
 9.84811301E-07
 9.86535707E-07
 9.88276268E-07
 9.90017246E-07
 9.91737279E-07
 9.93473344E-07
 9.95226333E-07
 9.96995728E-07
 9.98781994E-07
 1.00058502E-06
 1.00240483E-06
 1.00599661E-06
 1.01159433E-06
 1.01720940E-06
 1.02284181E-06
 1.02849175E-06
 1.03415943E-06
 1.03984482E-06
 1.04554816E-06
 1.05126966E-06
 1.05700900E-06
 9.41520540E-07
 9.44468355E-07
 9.47421319E-07
 9.50378682E-07
 9.53341043E-07
 9.56308480E-07
 9.57285739E-07
 9.57807908E-07
 9.58335033E-07
 9.58867516E-07
 9.59404823E-07
 9.59947309E-07
 9.60495084E-07
 9.61048189E-07
 9.61606403E-07
 9.62169785E-07
 9.62738709E-07
 9.63312666E-07
 9.63892347E-07
 9.64477480E-07
 9.65067832E-07
 9.65664150E-07
 9.66265847E-07
 9.66873349E-07
 9.67486400E-07
 9.68105090E-07
 9.68729464E-07
 9.69359992E-07
 9.69996069E-07
 9.70638106E-07
 9.71286214E-07
 9.71940499E-07
 9.72600629E-07
 9.73266443E-07
 9.73939031E-07
 9.74617428E-07
 9.75302474E-07
 9.76753971E-07
 9.78972402E-07
 9.81197028E-07
 9.83428311E-07
 9.85665996E-07
 9.87910615E-07
 9.90161433E-07
 9.92418986E-07
 9.94683755E-07
 9.96954705E-07
 9.99232705E-07
 1.00151785E-06
 1.00380993E-06
 1.00610903E-06
 1.00841524E-06
 1.01072872E-06
 1.01304915E-06
 1.01537708E-06
 1.01771221E-06
 1.02005514E-06
 1.02240551E-06
 1.02476349E-06
 1.02712878E-06
 1.02950194E-06
 1.03188351E-06
 1.03427238E-06
 1.03666912E-06
 1.03907431E-06
 1.04148716E-06
 1.04390877E-06
 1.04633790E-06
 1.04877610E-06
 1.05122257E-06
 1.05367750E-06
 1.05614106E-06
 1.05861338E-06
 1.06109461E-06
 1.06358449E-06
 1.06608366E-06
 1.06859172E-06
 1.07110901E-06
 1.07363553E-06
 1.07617159E-06
 1.07871733E-06
 1.08127241E-06
 1.08383755E-06
 1.08641245E-06
 1.08899676E-06
 1.09159167E-06
 1.09419648E-06
 1.09681229E-06
 1.09943782E-06
 1.10207429E-06
 1.10472089E-06
 1.10737885E-06
 1.11004795E-06
 9.93136070E-07
 9.94591261E-07
 9.96049694E-07
 9.97510480E-07
 9.98974165E-07
 1.00044136E-06
 1.00191157E-06
 1.00338484E-06
 1.00486129E-06
 1.00634097E-06
 1.00782447E-06
 1.00931081E-06
 1.01080109E-06
 1.01229434E-06
 1.01379113E-06
 1.01529154E-06
 1.01679569E-06
 1.01830366E-06
 1.01981491E-06
 1.02133005E-06
 1.02284929E-06
 1.02437265E-06
 1.02589957E-06
 1.02743012E-06
 1.02896572E-06
 1.03050512E-06
 1.03204852E-06
 1.03359713E-06
 1.03514991E-06
 1.03670676E-06
 1.03826863E-06
 1.03983488E-06
 1.04140622E-06
 1.04298213E-06
 1.04456347E-06
 1.04614945E-06
 1.04774107E-06
 1.04933833E-06
 1.05094069E-06
 1.05254826E-06
 1.05416247E-06
 1.05578148E-06
 1.05740738E-06
 1.05903892E-06
 1.06067772E-06
 1.06232234E-06
 1.06397301E-06
 1.06563121E-06
 1.06729722E-06
 1.06896963E-06
 1.07064924E-06
 1.07233697E-06
 1.07403303E-06
 1.07573663E-06
 1.07744973E-06
 1.07917067E-06
 1.08090119E-06
 1.08264076E-06
 1.08439018E-06
 1.08615052E-06
 1.08792025E-06
 1.08970198E-06
 1.09149497E-06
 1.09329945E-06
 9.04462402E-07
 8.83139904E-07
 8.69301181E-07
 8.58810160E-07
 9.76385049E-07
 9.75135681E-07
 9.73675787E-07
 9.72418145E-07
 9.71323732E-07
 9.70363169E-07
 9.69516660E-07
 9.68766222E-07
 9.68100259E-07
 9.67507868E-07
 9.66981819E-07
 9.66515628E-07
 9.66101870E-07
 9.65736570E-07
 9.65415847E-07
 9.65136044E-07
 9.64893040E-07
 9.64686106E-07
 9.64511903E-07
 9.64367763E-07
 9.64252944E-07
 9.64163946E-07
 9.64101596E-07
 9.64064081E-07
 9.64048547E-07
 9.64055383E-07
 9.64083074E-07
 9.64131912E-07
 9.64198668E-07
 9.64285133E-07
 9.64389631E-07
 9.64511436E-07
 9.64649856E-07
 9.64804982E-07
 9.64976188E-07
 9.65162061E-07
 9.65364273E-07
 9.65580941E-07
 9.65812735E-07
 9.66057590E-07
 9.66318099E-07
 9.66592268E-07
 9.66879109E-07
 9.67180613E-07
 9.67496504E-07
 9.67824475E-07
 9.68166337E-07
 9.68521008E-07
 9.68890432E-07
 9.69272016E-07
 9.69667666E-07
 9.70076880E-07
 9.70499353E-07
 9.70935366E-07
 9.71385363E-07
 9.71850532E-07
 9.72328636E-07
 9.72821002E-07
 9.73328796E-07
 9.73851606E-07
 9.74389067E-07
 9.74943228E-07
 9.75512915E-07
 9.76098533E-07
 9.76031260E-07
 9.75579022E-07
 9.75145350E-07
 9.74730159E-07
 9.74335002E-07
 9.73958808E-07
 9.73603428E-07
 9.73269921E-07
 9.72960444E-07
 9.72672923E-07
 9.72410872E-07
 9.72174803E-07
 9.71966271E-07
 9.71787223E-07
 9.71637219E-07
 9.71521110E-07
 9.71437790E-07
 9.71391357E-07
 9.71383919E-07
 9.71417760E-07
 9.71495823E-07
 9.71619857E-07
 9.71796885E-07
 9.72027016E-07
 9.72317341E-07
 9.72671142E-07
 9.73094321E-07
 9.73593477E-07
 9.74175688E-07
 9.74849057E-07
 9.75621994E-07
 9.79568783E-07
 9.90380856E-07
 1.00132860E-06
 1.01242853E-06
 9.08828821E-07
 9.26957733E-07
 9.45930889E-07
 9.65870435E-07
 9.75283193E-07
 9.73595577E-07
 9.73413278E-07
 9.75007031E-07
 5.48203412E-02
 1.50941895E-01
 3.44380387E-01
 0.00000000E+00
 0.00000000E+00
 0.00000000E+00
 0.00000000E+00
 0.00000000E+00
 0.00000000E+00
 0.00000000E+00
 0.00000000E+00
 0.00000000E+00
 0.00000000E+00
 0.00000000E+00
 0.00000000E+00
 0.00000000E+00
 0.00000000E+00
 0.00000000E+00
 0.00000000E+00
 4.24786349E-01
 1.76396957E-01
 8.41790052E-02
 3.75950286E-08
 5.03080879E-07
 6.25680522E-07
 4.10725250E-07
 1.88686086E-07
 1.20469710E-06
 1.89675103E-06
 2.27036104E-06
 2.33108598E-06
 2.08453094E-06
 1.53634766E-06
 6.92235121E-07
 6.04124177E-07
 2.22601303E-06
 3.56508631E-06
 4.62724333E-06
 5.41843323E-06
 5.94465552E-06
 6.21196062E-06
 6.22645041E-06
 6.16542471E-06
 6.02436503E-06
 5.64864555E-06
 5.04458042E-06
 4.21853813E-06
 3.17694211E-06
 1.92627133E-06
 4.73060936E-07
 9.62557736E-07
 2.23120529E-06
 3.31292269E-06
 4.21448346E-06
 4.94272053E-06
 5.50452692E-06
 5.90685643E-06
 6.15672430E-06
 6.26120790E-06
 6.22744747E-06
 6.06264680E-06
 5.77407399E-06
 5.36906212E-06
 4.85501007E-06
 4.23938323E-06
 3.55745537E-06
 3.64842521E-06
 3.65939395E-06
 3.59810319E-06
 3.47236502E-06
 3.29006282E-06
 3.05915209E-06
 2.78766135E-06
 2.48369292E-06
 2.15542385E-06
 1.81110678E-06
 1.45907081E-06
 1.10772247E-06
 7.65546588E-07
 4.41107241E-07
 1.43048711E-07
 2.84215980E-07
 9.41007567E-07
 1.54439447E-06
 2.08540315E-06
 2.55497494E-06
 2.94396498E-06
 3.24314116E-06
 3.44318311E-06
 3.53468103E-06
 3.50813469E-06
 3.35395220E-06
 3.06244900E-06
 2.62384659E-06
 2.02827146E-06
 1.26575385E-06
 3.26226555E-07
 7.64754081E-07
 1.61578932E-06
 2.25607615E-06
 2.67515261E-06
 2.86245306E-06
 2.80730687E-06
 2.49893707E-06
 1.92645901E-06
 2.60276873E-06
 3.17784608E-06
 3.45321093E-06
 3.41754002E-06
 3.05939533E-06
 2.36722256E-06
 1.32934965E-06
 1.30170119E-07
 1.50214094E-06
 2.48850345E-06
 3.07711080E-06
 3.25569052E-06
 3.01184286E-06
 2.33303905E-06
 1.20661962E-06
 4.88213819E-07
 2.13030485E-06
 3.28113070E-06
 3.92750635E-06
 4.05610713E-06
 3.65346683E-06
 2.70597578E-06
 1.19987885E-06
 9.79756266E-07
 2.88513042E-06
 4.18380180E-06
 4.86143321E-06
 4.90353191E-06
 4.29544739E-06
 3.02236915E-06
 1.06932450E-06
 1.61467473E-06
 3.77440970E-06
 5.20119086E-06
 5.87939932E-06
 5.79324239E-06
 4.92675110E-06
 3.26377765E-06
 7.87992824E-07
 1.98786921E-06
 3.83673287E-06
 4.81510999E-06
 4.90594931E-06
 5.01671568E-06
 4.38546576E-06
 2.81296182E-06
 2.81362194E-07
 1.84530084E-06
 2.83714837E-06
 2.80830766E-06
 1.76572622E-06
 2.91455281E-06
 2.98202607E-06
 1.94884182E-06
 3.37543502E-07
 2.82249178E-06
 4.14043193E-06
 4.27115721E-06
 3.74195799E-06
 4.48277229E-06
 3.97060171E-06
 2.18426414E-06
 9.70445763E-07
 3.59880670E-06
 4.87949830E-06
 4.79032567E-06
 4.54032220E-06
 5.14387291E-06
 4.30518198E-06
 2.00095374E-06
 1.73153761E-06
 4.47311841E-06
 5.66812848E-06
 5.29212965E-06
 5.41558115E-06
 5.82226876E-06
 4.57815128E-06
 1.65754402E-06
 2.00347254E-04
 5.27331349E-04
 3.63303336E-04
 1.21426969E-04
 2.03886835E-05
 1.91143739E-05
 1.79270195E-05
 2.34941420E-06
 1.06158302E-06
 1.06596949E-06
 5.11354659E-05
 7.33754702E-06
 1.07913335E-06
 1.08354312E-06
 1.08800880E-06
 9.67246838E-07
 9.80548747E-07
 9.94753851E-07
 1.00897371E-06
 1.02299434E-06
 1.03175275E-06
 1.04052638E-06
 1.04931539E-06
 1.05722594E-06
 2.48386216E-06
 1.06056887E-06
 1.06224830E-06
 1.06393797E-06
 1.06562281E-06
 1.06732383E-06
 1.06904074E-06
 1.07075805E-06
 1.07245343E-06
 1.07416527E-06
 1.07589398E-06
 1.07763930E-06
 1.07940115E-06
 1.08118026E-06
 1.08297629E-06
 1.08658917E-06
 1.09225899E-06
 1.09794615E-06
 1.10365083E-06
 1.10937350E-06
 1.11511362E-06
 1.12087169E-06
 1.12664761E-06
 1.13244218E-06
 1.13825454E-06
 1.02232765E-06
 1.02533092E-06
 1.02833913E-06
 1.03135209E-06
 1.03437012E-06
 1.03739302E-06
 1.03837538E-06
 1.03889032E-06
 1.03941063E-06
 1.03993607E-06
 1.04046640E-06
 1.04100199E-06
 1.04154292E-06
 1.04208898E-06
 1.04264049E-06
 1.04319698E-06
 1.04375906E-06
 1.04432657E-06
 1.04489988E-06
 1.04547839E-06
 1.04606225E-06
 1.04665212E-06
 1.04724716E-06
 1.04784838E-06
 1.04845491E-06
 1.04906716E-06
 1.04968554E-06
 1.05030980E-06
 1.05093972E-06
 1.05157568E-06
 1.05221781E-06
 1.05286551E-06
 1.05351949E-06
 1.05417993E-06
 1.05484654E-06
 1.05551911E-06
 1.05619801E-06
 1.05765430E-06
 1.05988671E-06
 1.06212648E-06
 1.06437230E-06
 1.06662463E-06
 1.06888397E-06
 1.07114966E-06
 1.07342215E-06
 1.07570156E-06
 1.07798731E-06
 1.08028095E-06
 1.08258076E-06
 1.08488795E-06
 1.08720226E-06
 1.08952342E-06
 1.09185234E-06
 1.09418794E-06
 1.09653160E-06
 1.09888214E-06
 1.10124019E-06
 1.10360623E-06
 1.10597958E-06
 1.10836078E-06
 1.11074960E-06
 1.11314694E-06
 1.11555170E-06
 1.11796443E-06
 1.12038533E-06
 1.12281453E-06
 1.12525166E-06
 1.12769743E-06
 1.13015187E-06
 1.13261434E-06
 1.13508539E-06
 1.13756564E-06
 1.14005441E-06
 1.14255216E-06
 1.14505879E-06
 1.14757430E-06
 1.15009946E-06
 1.15263340E-06
 1.15517733E-06
 1.15772996E-06
 1.16029289E-06
 1.16286490E-06
 1.16544706E-06
 1.16803921E-06
 1.17064092E-06
 1.17325347E-06
 1.17587551E-06
 1.17850873E-06
 1.18115189E-06
 1.18380618E-06
 1.18647075E-06
 1.18914642E-06
 1.19183332E-06
 1.07415140E-06
 1.07561531E-06
 1.07708256E-06
 1.07855275E-06
 1.08002640E-06
 1.08150254E-06
 1.08298231E-06
 1.08446524E-06
 1.08595085E-06
 1.08744030E-06
 1.08893305E-06
 1.09042868E-06
 1.09192838E-06
 1.09343108E-06
 1.09493798E-06
 1.09644802E-06
 1.09796180E-06
 1.09947890E-06
 1.10099995E-06
 1.10252557E-06
 1.10405417E-06
 1.10558687E-06
 1.10712390E-06
 1.10866468E-06
 1.11020987E-06
 1.11175964E-06
 1.11331341E-06
 1.11487121E-06
 1.11643390E-06
 1.11800086E-06
 1.11957277E-06
 1.12114988E-06
 1.12273085E-06
 1.12431716E-06
 1.12590889E-06
 1.12750548E-06
 1.12910766E-06
 1.13071498E-06
 1.13232819E-06
 1.13394598E-06
 1.13557055E-06
 1.13720065E-06
 1.13883708E-06
 1.14047996E-06
 1.14212870E-06
 1.14378418E-06
 1.14544646E-06
 1.14711501E-06
 1.14879136E-06
 1.15047499E-06
 1.15216597E-06
 1.15386519E-06
 1.15557203E-06
 1.15728739E-06
 1.15901147E-06
 1.16074357E-06
 1.16248542E-06
 1.16423718E-06
 1.16599891E-06
 1.16777007E-06
 1.16955242E-06
 1.17134518E-06
 1.17315015E-06
 1.17496674E-06
 9.87930592E-07
 9.64921949E-07
 9.50469087E-07
 9.39626831E-07
 1.05729606E-06
 1.05600322E-06
 1.05451188E-06
 1.05322959E-06
 1.05211581E-06
 1.05113892E-06
 1.05027906E-06
 1.04951808E-06
 1.04884281E-06
 1.04824395E-06
 1.04771135E-06
 1.04723971E-06
 1.04682195E-06
 1.04645383E-06
 1.04613115E-06
 1.04584959E-06
 1.04560580E-06
 1.04539823E-06
 1.04522358E-06
 1.04508051E-06
 1.04496602E-06
 1.04487884E-06
 1.04481883E-06
 1.04478203E-06
 1.04476879E-06
 1.04477815E-06
 1.04480897E-06
 1.04486098E-06
 1.04493169E-06
 1.04502117E-06
 1.04512948E-06
 1.04525411E-06
 1.04539734E-06
 1.04555717E-06
 1.04573258E-06
 1.04592379E-06
 1.04612964E-06
 1.04635165E-06
 1.04658848E-06
 1.04683881E-06
 1.04710460E-06
 1.04738368E-06
 1.04767744E-06
 1.04798414E-06
 1.04830584E-06
 1.04864001E-06
 1.04898797E-06
 1.04934929E-06
 1.04972528E-06
 1.05011395E-06
 1.05051575E-06
 1.05093104E-06
 1.05136100E-06
 1.05180440E-06
 1.05226167E-06
 1.05273307E-06
 1.05321915E-06
 1.05371925E-06
 1.05423485E-06
 1.05476537E-06
 1.05531131E-06
 1.05587309E-06
 1.05645017E-06
 1.05704518E-06
 1.05697845E-06
 1.05652301E-06
 1.05608525E-06
 1.05566585E-06
 1.05526661E-06
 1.05488839E-06
 1.05453009E-06
 1.05419363E-06
 1.05388024E-06
 1.05359115E-06
 1.05332661E-06
 1.05308814E-06
 1.05287737E-06
 1.05269630E-06
 1.05254574E-06
 1.05242814E-06
 1.05234426E-06
 1.05229760E-06
 1.05228961E-06
 1.05232337E-06
 1.05240173E-06
 1.05252669E-06
 1.05270364E-06
 1.05293595E-06
 1.05322836E-06
 1.05358508E-06
 1.05401131E-06
 1.05451455E-06
 1.05510111E-06
 1.05577925E-06
 1.05655749E-06
 1.06053728E-06
 1.07143626E-06
 1.08247203E-06
 1.09366255E-06
 9.89286226E-07
 1.00755284E-06
 1.02667033E-06
 1.04676049E-06
 1.05624279E-06
 1.05453706E-06
 1.05434807E-06
 1.05594970E-06
 5.24963858E-02
 1.44542916E-01
 3.36394767E-01
 0.00000000E+00
 0.00000000E+00
 0.00000000E+00
 0.00000000E+00
 0.00000000E+00
 0.00000000E+00
 0.00000000E+00
 0.00000000E+00
 0.00000000E+00
 0.00000000E+00
 0.00000000E+00
 0.00000000E+00
 0.00000000E+00
 0.00000000E+00
 0.00000000E+00
 0.00000000E+00
 4.16807589E-01
 1.68599775E-01
 8.04580778E-02
 3.63872141E-08
 5.01991394E-07
 6.24618682E-07
 4.09599806E-07
 1.87499619E-07
 1.20381155E-06
 1.89607261E-06
 2.26979538E-06
 2.33053811E-06
 2.08390529E-06
 1.53554808E-06
 6.91164811E-07
 6.01657927E-07
 2.22009339E-06
 3.55561873E-06
 4.61413262E-06
 5.40158354E-06
 5.92397033E-06
 6.18734275E-06
 6.19780199E-06
 6.13692513E-06
 5.99992491E-06
 5.62815331E-06
 5.02792381E-06
 4.20560418E-06
 3.16761716E-06
 1.92044100E-06
 4.70610113E-07
 9.54720326E-07
 2.21394752E-06
 3.28614470E-06
 4.17808456E-06
 4.89659926E-06
 5.44858101E-06
 5.84098278E-06
 6.08081897E-06
 6.17516613E-06
 6.13116364E-06
 5.95601445E-06
 5.65698575E-06
 5.24140978E-06
 4.71668450E-06
 4.09027442E-06
 3.39814578E-06
 3.50028257E-06
 3.52227471E-06
 3.47186292E-06
 3.35685837E-06
 3.18514353E-06
 2.96467300E-06
 2.70347434E-06
 2.40964894E-06
 2.09137289E-06
 1.75689784E-06
 1.41455193E-06
 1.07274068E-06
 7.39947921E-07
 4.24736699E-07
 1.35750265E-07
 2.85489269E-07
 9.41222992E-07
 1.54370068E-06
 2.08394990E-06
 2.55291312E-06
 2.94144661E-06
 3.24031944E-06
 3.44021239E-06
 3.53171687E-06
 3.50533383E-06
 3.35147262E-06
 3.06044989E-06
 2.62248843E-06
 2.02771598E-06
 1.26616406E-06
 3.27766781E-07
 7.85506787E-07
 1.66290336E-06
 2.32968611E-06
 2.77539455E-06
 2.98946451E-06
 2.96122687E-06
 2.67990618E-06
 2.13461932E-06
 2.78944349E-06
 3.33725451E-06
 3.58557318E-06
 3.52307767E-06
 3.13833139E-06
 2.41978152E-06
 1.35575749E-06
 1.32220310E-07
 1.50353452E-06
 2.48943756E-06
 3.07778426E-06
 3.25630386E-06
 3.01259831E-06
 2.33414061E-06
 1.20827303E-06
 4.90241594E-07
 2.13165977E-06
 3.28202598E-06
 3.92815706E-06
 4.05673024E-06
 3.65428125E-06
 2.70720234E-06
 1.20174039E-06
 9.81755760E-07
 2.88644118E-06
 4.18465484E-06
 4.86206166E-06
 4.90417101E-06
 4.29633453E-06
 3.02374393E-06
 1.07142873E-06
 1.61663921E-06
 3.77567012E-06
 5.20199808E-06
 5.88000654E-06
 5.79390520E-06
 4.92772751E-06
 3.26532813E-06
 7.90380358E-07
 1.97939674E-06
 3.81369833E-06
 4.77780386E-06
 4.85466464E-06
 4.97486003E-06
 4.35784153E-06
 2.79983542E-06
 2.83002940E-07
 1.89412251E-06
 2.93610806E-06
 2.95764009E-06
 1.96487510E-06
 3.06294506E-06
 3.08003143E-06
 1.99683289E-06
 3.36837142E-07
 2.78255907E-06
 4.06164174E-06
 4.15388151E-06
 3.60026168E-06
 4.37947583E-06
 3.90599462E-06
 2.15863972E-06
 9.61630296E-07
 3.54503971E-06
 4.78118531E-06
 4.64787573E-06
 4.38492673E-06
 5.03264768E-06
 4.23844353E-06
 1.97902294E-06
 1.71239617E-06
 4.40273531E-06
 5.54695014E-06
 5.12060650E-06
 5.24653226E-06
 5.70373983E-06
 4.51048999E-06
 1.64110304E-06
 1.91574858E-04
 5.04170719E-04
 3.87541390E-04
 1.31262312E-04
 2.44001050E-05
 1.71585139E-05
 1.70180179E-05
 2.12853875E-06
 1.13177672E-06
 1.13596582E-06
 5.23671035E-05
 7.47765785E-06
 1.14853183E-06
 1.15274033E-06
 1.15700544E-06
 1.03632338E-06
 1.04982480E-06
 1.06425172E-06
 1.07869375E-06
 1.09293097E-06
 1.10177477E-06
 1.11063353E-06
 1.11950806E-06
 1.12749073E-06
 2.50193729E-06
 1.13078800E-06
 1.13244424E-06
 1.13411099E-06
 1.13577235E-06
 1.13744982E-06
 1.13914359E-06
 1.14083734E-06
 1.14250838E-06
 1.14419582E-06
 1.14590031E-06
 1.14762161E-06
 1.14935965E-06
 1.15111487E-06
 1.15288700E-06
 1.15652125E-06
 1.16226327E-06
 1.16802281E-06
 1.17380010E-06
 1.17959506E-06
 1.18540794E-06
 1.19123869E-06
 1.19708782E-06
 1.20295500E-06
 1.20884072E-06
 1.09247432E-06
 1.09553323E-06
 1.09859686E-06
 1.10166585E-06
 1.10473915E-06
 1.10781795E-06
 1.10880497E-06
 1.10931321E-06
 1.10982629E-06
 1.11034455E-06
 1.11086838E-06
 1.11139694E-06
 1.11193095E-06
 1.11247041E-06
 1.11301483E-06
 1.11356488E-06
 1.11412064E-06
 1.11468157E-06
 1.11524775E-06
 1.11581987E-06
 1.11639738E-06
 1.11698072E-06
 1.11756959E-06
 1.11816440E-06
 1.11876463E-06
 1.11937065E-06
 1.11998290E-06
 1.12060078E-06
 1.12122472E-06
 1.12185450E-06
 1.12249047E-06
 1.12313249E-06
 1.12378056E-06
 1.12443481E-06
 1.12509534E-06
 1.12576257E-06
 1.12643558E-06
 1.12789621E-06
 1.13014349E-06
 1.13239755E-06
 1.13465816E-06
 1.13692535E-06
 1.13919927E-06
 1.14148002E-06
 1.14376730E-06
 1.14606166E-06
 1.14836277E-06
 1.15067080E-06
 1.15298620E-06
 1.15530836E-06
 1.15763813E-06
 1.15997449E-06
 1.16231874E-06
 1.16466978E-06
 1.16702859E-06
 1.16939480E-06
 1.17176864E-06
 1.17415022E-06
 1.17653921E-06
 1.17893617E-06
 1.18134085E-06
 1.18375381E-06
 1.18617430E-06
 1.18860339E-06
 1.19103985E-06
 1.19348515E-06
 1.19593858E-06
 1.19840077E-06
 1.20087135E-06
 1.20335007E-06
 1.20583799E-06
 1.20833437E-06
 1.21083980E-06
 1.21335400E-06
 1.21587716E-06
 1.21840991E-06
 1.22095147E-06
 1.22350290E-06
 1.22606306E-06
 1.22863355E-06
 1.23121301E-06
 1.23380224E-06
 1.23640184E-06
 1.23901098E-06
 1.24163047E-06
 1.24425994E-06
 1.24690056E-06
 1.24955109E-06
 1.25221169E-06
 1.25488358E-06
 1.25756654E-06
 1.26026022E-06
 1.14303723E-06
 1.14450738E-06
 1.14598092E-06
 1.14745740E-06
 1.14893732E-06
 1.15041974E-06
 1.15190577E-06
 1.15339440E-06
 1.15488681E-06
 1.15638194E-06
 1.15788098E-06
 1.15938284E-06
 1.16088881E-06
 1.16239777E-06
 1.16391034E-06
 1.16542602E-06
 1.16694603E-06
 1.16846935E-06
 1.16999661E-06
 1.17152725E-06
 1.17306204E-06
 1.17460097E-06
 1.17614358E-06
 1.17769050E-06
 1.17924124E-06
 1.18079653E-06
 1.18235587E-06
 1.18391986E-06
 1.18548808E-06
 1.18706047E-06
 1.18863793E-06
 1.19021981E-06
 1.19180695E-06
 1.19339864E-06
 1.19499519E-06
 1.19659717E-06
 1.19820409E-06
 1.19981680E-06
 1.20143395E-06
 1.20305778E-06
 1.20468634E-06
 1.20632176E-06
 1.20796208E-06
 1.20960953E-06
 1.21126286E-06
 1.21292213E-06
 1.21458897E-06
 1.21626203E-06
 1.21794144E-06
 1.21962874E-06
 1.22132420E-06
 1.22302632E-06
 1.22473599E-06
 1.22645425E-06
 1.22818120E-06
 1.22991609E-06
 1.23166072E-06
 1.23341358E-06
 1.23517736E-06
 1.23694963E-06
 1.23873312E-06
 1.24052697E-06
 1.24233221E-06
 1.24414908E-06
 1.24597840E-06
 1.06119464E-06
 1.03614586E-06
 1.02102379E-06
 1.00981018E-06
 1.12754979E-06
 1.12621249E-06
 1.12468780E-06
 1.12338052E-06
 1.12224602E-06
 1.12125303E-06
 1.12037903E-06
 1.11960658E-06
 1.11892312E-06
 1.11831565E-06
 1.11777758E-06
 1.11730129E-06
 1.11687933E-06
 1.11650836E-06
 1.11618266E-06
 1.11589888E-06
 1.11565510E-06
 1.11544663E-06
 1.11527147E-06
 1.11512908E-06
 1.11501573E-06
 1.11493013E-06
 1.11486994E-06
 1.11483570E-06
 1.11482560E-06
 1.11483764E-06
 1.11487061E-06
 1.11492437E-06
 1.11499871E-06
 1.11509195E-06
 1.11520366E-06
 1.11533319E-06
 1.11547970E-06
 1.11564362E-06
 1.11582293E-06
 1.11601883E-06
 1.11623054E-06
 1.11645739E-06
 1.11669877E-06
 1.11695545E-06
 1.11722534E-06
 1.11751106E-06
 1.11780975E-06
 1.11812263E-06
 1.11844956E-06
 1.11879025E-06
 1.11914439E-06
 1.11951263E-06
 1.11989378E-06
 1.12028901E-06
 1.12069789E-06
 1.12112101E-06
 1.12155706E-06
 1.12200806E-06
 1.12247276E-06
 1.12295154E-06
 1.12344484E-06
 1.12395219E-06
 1.12447575E-06
 1.12501415E-06
 1.12556788E-06
 1.12613738E-06
 1.12672320E-06
 1.12732586E-06
 1.12725999E-06
 1.12680059E-06
 1.12635986E-06
 1.12593654E-06
 1.12553448E-06
 1.12515137E-06
 1.12479027E-06
 1.12445126E-06
 1.12413530E-06
 1.12384378E-06
 1.12357697E-06
 1.12333640E-06
 1.12312489E-06
 1.12294088E-06
 1.12278947E-06
 1.12267003E-06
 1.12258589E-06
 1.12253798E-06
 1.12252979E-06
 1.12256377E-06
 1.12264215E-06
 1.12276909E-06
 1.12294640E-06
 1.12318125E-06
 1.12347453E-06
 1.12383462E-06
 1.12426435E-06
 1.12477036E-06
 1.12536178E-06
 1.12604426E-06
 1.12682928E-06
 1.13084063E-06
 1.14182810E-06
 1.15295255E-06
 1.16423322E-06
 1.05907358E-06
 1.07747784E-06
 1.09674093E-06
 1.11698180E-06
 1.12653392E-06
 1.12481195E-06
 1.12461763E-06
 1.12622567E-06
 5.01727426E-02
 1.38144815E-01
 3.28410247E-01
 0.00000000E+00
 0.00000000E+00
 0.00000000E+00
 0.00000000E+00
 0.00000000E+00
 0.00000000E+00
 0.00000000E+00
 0.00000000E+00
 0.00000000E+00
 0.00000000E+00
 0.00000000E+00
 0.00000000E+00
 0.00000000E+00
 0.00000000E+00
 0.00000000E+00
 0.00000000E+00
 4.08828889E-01
 1.60802651E-01
 7.67371782E-02
 3.53686084E-08
 5.01092108E-07
 6.23748040E-07
 4.08666570E-07
 1.86506380E-07
 1.20312025E-06
 1.89558948E-06
 2.26942604E-06
 2.33018762E-06
 2.08347809E-06
 1.53494800E-06
 6.90295087E-07
 5.99393361E-07
 2.21437656E-06
 3.54635510E-06
 4.60122700E-06
 5.38494009E-06
 5.90349255E-06
 6.16293346E-06
 6.16936334E-06
 6.10863648E-06
 5.97569685E-06
 5.60787428E-06
 5.01148157E-06
 4.19288578E-06
 3.15850894E-06
 1.91482859E-06
 4.68378415E-07
 9.47103326E-07
 2.19691151E-06
 3.25958979E-06
 4.14191012E-06
 4.85070382E-06
 5.39286231E-06
 5.77533773E-06
 6.00514366E-06
 6.08935580E-06
 6.03511269E-06
 5.84961642E-06
 5.54013330E-06
 5.11399470E-06
 4.57859769E-06
 3.94140586E-06
 3.23907795E-06
 3.35238304E-06
 3.38539994E-06
 3.34586848E-06
 3.24159893E-06
 3.08047286E-06
 2.87044393E-06
 2.61953878E-06
 2.33585784E-06
 2.02757625E-06
 1.70294470E-06
 1.37029033E-06
 1.03801768E-06
 7.14609550E-07
 4.08627985E-07
 1.28715192E-07
 2.86497595E-07
 9.41171804E-07
 1.54273860E-06
 2.08222668E-06
 2.55057963E-06
 2.93865486E-06
 3.23722259E-06
 3.43696479E-06
 3.52847404E-06
 3.50225250E-06
 3.34871076E-06
 3.05816669E-06
 2.62084432E-06
 2.02687267E-06
 1.26628455E-06
 3.29015371E-07
 8.05965743E-07
 1.70972143E-06
 2.40299789E-06
 2.87533606E-06
 3.11617326E-06
 3.11484187E-06
 2.86056796E-06
 2.34246996E-06
 2.97580672E-06
 3.49634958E-06
 3.71762022E-06
 3.62829823E-06
 3.21694846E-06
 2.47201958E-06
 1.38184248E-06
 1.33945673E-07
 1.50460101E-06
 2.49004230E-06
 3.07812606E-06
 3.25658320E-06
 3.01301741E-06
 2.33490342E-06
 1.20958528E-06
 4.91925776E-07
 2.13266865E-06
 3.28257273E-06
 3.92845674E-06
 4.05699979E-06
 3.65473952E-06
 2.70807016E-06
 1.20324055E-06
 9.83391223E-07
 2.88738523E-06
 4.18513847E-06
 4.86231795E-06
 4.90443518E-06
 4.29684395E-06
 3.02473814E-06
 1.07314951E-06
 1.61821735E-06
 3.77654128E-06
 5.20241307E-06
 5.88021853E-06
 5.79416974E-06
 4.92830258E-06
 3.26647417E-06
 7.92360291E-07
 1.97051363E-06
 3.79025012E-06
 4.74008098E-06
 4.80296011E-06
 4.93258107E-06
 4.32979045E-06
 2.78627858E-06
 2.84209602E-07
 1.94250601E-06
 3.03462540E-06
 3.10652596E-06
 2.16357314E-06
 3.21088344E-06
 3.17757987E-06
 2.04436394E-06
 3.35667590E-07
 2.74215984E-06
 3.98238165E-06
 4.03613250E-06
 3.45808839E-06
 4.27569785E-06
 3.84090140E-06
 2.13252451E-06
 9.52319606E-07
 3.49077386E-06
 4.68236979E-06
 4.50491952E-06
 4.22902075E-06
 4.92090687E-06
 4.17118434E-06
 1.95656618E-06
 1.69272409E-06
 4.33181759E-06
 5.42523315E-06
 4.94854059E-06
 5.07693570E-06
 5.58465754E-06
 4.44226956E-06
 1.62409708E-06
 1.82802022E-04
 4.81009860E-04
 4.11765250E-04
 1.41085572E-04
 2.84002506E-05
 1.52136104E-05
 1.61198275E-05
 1.91837831E-06
 1.19127656E-06
 1.19526854E-06
 5.36092539E-05
 7.62843238E-06
 1.20723771E-06
 1.21124578E-06
 1.21531060E-06
 1.09471661E-06
 1.10841757E-06
 1.12306652E-06
 1.13773054E-06
 1.15218456E-06
 1.16111357E-06
 1.17005814E-06
 1.17901821E-06
 1.18707305E-06
 2.53068243E-06
 1.19032476E-06
 1.19195830E-06
 1.19360195E-06
 1.19523987E-06
 1.19689432E-06
 1.19856502E-06
 1.20023524E-06
 1.20188197E-06
 1.20354554E-06
 1.20522590E-06
 1.20692299E-06
 1.20863726E-06
 1.21036867E-06
 1.21211766E-06
 1.21577310E-06
 1.22158736E-06
 1.22741958E-06
 1.23326923E-06
 1.23913707E-06
 1.24502275E-06
 1.25092653E-06
 1.25684862E-06
 1.26278899E-06
 1.14883182E-06
 1.15194144E-06
 1.15505582E-06
 1.15817529E-06
 1.16129961E-06
 1.16442887E-06
 1.16756344E-06
 1.16855501E-06
 1.16905611E-06
 1.16956267E-06
 1.17007392E-06
 1.17059082E-06
 1.17111283E-06
 1.17164003E-06
 1.17217248E-06
 1.17271057E-06
 1.17325407E-06
 1.17380304E-06
 1.17435756E-06
 1.17491743E-06
 1.17548299E-06
 1.17605403E-06
 1.17663095E-06
 1.17721322E-06
 1.17780182E-06
 1.17839590E-06
 1.17899588E-06
 1.17960149E-06
 1.18021351E-06
 1.18083133E-06
 1.18145506E-06
 1.18208512E-06
 1.18272128E-06
 1.18336361E-06
 1.18401223E-06
 1.18466685E-06
 1.18532792E-06
 1.18599556E-06
 1.18746039E-06
 1.18972242E-06
 1.19199131E-06
 1.19426648E-06
 1.19654874E-06
 1.19883746E-06
 1.20113271E-06
 1.20343541E-06
 1.20574445E-06
 1.20806083E-06
 1.21038418E-06
 1.21271429E-06
 1.21505200E-06
 1.21739670E-06
 1.21974888E-06
 1.22210826E-06
 1.22447496E-06
 1.22684909E-06
 1.22923084E-06
 1.23162031E-06
 1.23401759E-06
 1.23642205E-06
 1.23883501E-06
 1.24125584E-06
 1.24368463E-06
 1.24612110E-06
 1.24856588E-06
 1.25101902E-06
 1.25348029E-06
 1.25595025E-06
 1.25842822E-06
 1.26091519E-06
 1.26341089E-06
 1.26591458E-06
 1.26842780E-06
 1.27094975E-06
 1.27348064E-06
 1.27602061E-06
 1.27857034E-06
 1.28112902E-06
 1.28369689E-06
 1.28627404E-06
 1.28886166E-06
 1.29145848E-06
 1.29406522E-06
 1.29668146E-06
 1.29930849E-06
 1.30194552E-06
 1.30459266E-06
 1.30725018E-06
 1.30991878E-06
 1.31259766E-06
 1.31528699E-06
 1.31798813E-06
 1.32069955E-06
 1.20270522E-06
 1.20418533E-06
 1.20566783E-06
 1.20715432E-06
 1.20864280E-06
 1.21013488E-06
 1.21163007E-06
 1.21312852E-06
 1.21463018E-06
 1.21613524E-06
 1.21764363E-06
 1.21915501E-06
 1.22067049E-06
 1.22218903E-06
 1.22371121E-06
 1.22523663E-06
 1.22676590E-06
 1.22829913E-06
 1.22983636E-06
 1.23137703E-06
 1.23292191E-06
 1.23447038E-06
 1.23602265E-06
 1.23757929E-06
 1.23914051E-06
 1.24070570E-06
 1.24227495E-06
 1.24384832E-06
 1.24542663E-06
 1.24700992E-06
 1.24859761E-06
 1.25018919E-06
 1.25178678E-06
 1.25338838E-06
 1.25499552E-06
 1.25660756E-06
 1.25822535E-06
 1.25984826E-06
 1.26147646E-06
 1.26310999E-06
 1.26474977E-06
 1.26639577E-06
 1.26804682E-06
 1.26970509E-06
 1.27136858E-06
 1.27303966E-06
 1.27471615E-06
 1.27640044E-06
 1.27809188E-06
 1.27978993E-06
 1.28149613E-06
 1.28320918E-06
 1.28493074E-06
 1.28666019E-06
 1.28839828E-06
 1.29014464E-06
 1.29190076E-06
 1.29366523E-06
 1.29543997E-06
 1.29722489E-06
 1.29902039E-06
 1.30082552E-06
 1.30264299E-06
 1.30447223E-06
 1.30631333E-06
 1.12441074E-06
 1.09680347E-06
 1.08095102E-06
 1.06934251E-06
 1.18712732E-06
 1.18574354E-06
 1.18418558E-06
 1.18285127E-06
 1.18169541E-06
 1.18068561E-06
 1.17979759E-06
 1.17901457E-06
 1.17832083E-06
 1.17770579E-06
 1.17716110E-06
 1.17667945E-06
 1.17625364E-06
 1.17587844E-06
 1.17555040E-06
 1.17526532E-06
 1.17501973E-06
 1.17481055E-06
 1.17463659E-06
 1.17449354E-06
 1.17438085E-06
 1.17429644E-06
 1.17423783E-06
 1.17420589E-06
 1.17419737E-06
 1.17421167E-06
 1.17424745E-06
 1.17430480E-06
 1.17438175E-06
 1.17447831E-06
 1.17459347E-06
 1.17472738E-06
 1.17487793E-06
 1.17504552E-06
 1.17522997E-06
 1.17543027E-06
 1.17564651E-06
 1.17587768E-06
 1.17612447E-06
 1.17638622E-06
 1.17666234E-06
 1.17695262E-06
 1.17725699E-06
 1.17757616E-06
 1.17790908E-06
 1.17825561E-06
 1.17861624E-06
 1.17898984E-06
 1.17937852E-06
 1.17978036E-06
 1.18019578E-06
 1.18062523E-06
 1.18106904E-06
 1.18152603E-06
 1.18199832E-06
 1.18248453E-06
 1.18298521E-06
 1.18350066E-06
 1.18403132E-06
 1.18457772E-06
 1.18513936E-06
 1.18571676E-06
 1.18631129E-06
 1.18692269E-06
 1.18685768E-06
 1.18639345E-06
 1.18594894E-06
 1.18552284E-06
 1.18511589E-06
 1.18473117E-06
 1.18436640E-06
 1.18402476E-06
 1.18370532E-06
 1.18341151E-06
 1.18314248E-06
 1.18289988E-06
 1.18268537E-06
 1.18250091E-06
 1.18234755E-06
 1.18222762E-06
 1.18214262E-06
 1.18209432E-06
 1.18208604E-06
 1.18211898E-06
 1.18219894E-06
 1.18232652E-06
 1.18250588E-06
 1.18274107E-06
 1.18303706E-06
 1.18339905E-06
 1.18383155E-06
 1.18434316E-06
 1.18493878E-06
 1.18562678E-06
 1.18641791E-06
 1.19046111E-06
 1.20153532E-06
 1.21274979E-06
 1.22411985E-06
 1.11817096E-06
 1.13671485E-06
 1.15612196E-06
 1.17651589E-06
 1.18613772E-06
 1.18439952E-06
 1.18420010E-06
 1.18581651E-06
 4.78494115E-02
 1.31747592E-01
 3.20426827E-01
 0.00000000E+00
 0.00000000E+00
 0.00000000E+00
 0.00000000E+00
 0.00000000E+00
 0.00000000E+00
 0.00000000E+00
 0.00000000E+00
 0.00000000E+00
 0.00000000E+00
 0.00000000E+00
 0.00000000E+00
 0.00000000E+00
 0.00000000E+00
 0.00000000E+00
 0.00000000E+00
 4.00850248E-01
 1.53005586E-01
 7.30163065E-02
 3.45391870E-08
 5.00383000E-07
 6.23068577E-07
 4.07925524E-07
 1.85706349E-07
 1.20262319E-06
 1.89530161E-06
 2.26925301E-06
 2.33003449E-06
 2.08324930E-06
 1.53454741E-06
 6.89625929E-07
 5.97330457E-07
 2.20886252E-06
 3.53729539E-06
 4.58852644E-06
 5.36850285E-06
 5.88322214E-06
 6.13873272E-06
 6.14113442E-06
 6.08055873E-06
 5.95168082E-06
 5.58780845E-06
 4.99525367E-06
 4.18038290E-06
 3.14961742E-06
 1.90943407E-06
 4.66365817E-07
 9.39706718E-07
 2.18009721E-06
 3.23325796E-06
 4.10596010E-06
 4.80503418E-06
 5.33737079E-06
 5.70992125E-06
 5.92969833E-06
 6.00377688E-06
 5.93929459E-06
 5.74345268E-06
 5.42351661E-06
 4.98681685E-06
 4.44074960E-06
 3.79277754E-06
 3.08025188E-06
 3.20472660E-06
 3.24876961E-06
 3.22011984E-06
 3.12658668E-06
 2.97605076E-06
 2.77646484E-06
 2.53585462E-06
 2.26231959E-06
 1.96403392E-06
 1.64924733E-06
 1.32628599E-06
 1.00355343E-06
 6.89531447E-07
 3.92781066E-07
 1.21943461E-07
 2.87240991E-07
 9.40854033E-07
 1.54150828E-06
 2.08023353E-06
 2.54797450E-06
 2.93558974E-06
 3.23385064E-06
 3.43344033E-06
 3.52495258E-06
 3.49889076E-06
 3.34566666E-06
 3.05559941E-06
 2.61891428E-06
 2.02574156E-06
 1.26611535E-06
 3.29972357E-07
 8.26130985E-07
 1.75624360E-06
 2.47601152E-06
 2.97497717E-06
 3.24257934E-06
 3.26815191E-06
 3.04092246E-06
 2.55001097E-06
 3.16185844E-06
 3.65513132E-06
 3.84935208E-06
 3.73320173E-06
 3.29524659E-06
 2.52393677E-06
 1.40760467E-06
 1.35346254E-07
 1.50534047E-06
 2.49031774E-06
 3.07813624E-06
 3.25652859E-06
 3.01310020E-06
 2.33532754E-06
 1.21055643E-06
 4.93266414E-07
 2.13333153E-06
 3.28277101E-06
 3.92840543E-06
 4.05691581E-06
 3.65484170E-06
 2.70857929E-06
 1.20437939E-06
 9.84662706E-07
 2.88796263E-06
 4.18525274E-06
 4.86220216E-06
 4.90432449E-06
 4.29697569E-06
 3.02535184E-06
 1.07448690E-06
 1.61940919E-06
 3.77702322E-06
 5.20243589E-06
 5.88003536E-06
 5.79403609E-06
 4.92847638E-06
 3.26721581E-06
 7.93932685E-07
 1.96121994E-06
 3.76638828E-06
 4.70194140E-06
 4.75083577E-06
 4.88987886E-06
 4.30131257E-06
 2.77229136E-06
 2.84982253E-07
 1.99045142E-06
 3.13270047E-06
 3.25496533E-06
 2.36182042E-06
 3.35836805E-06
 3.27467146E-06
 2.09143503E-06
 3.34034925E-07
 2.70129417E-06
 3.90265174E-06
 3.91791024E-06
 3.31543821E-06
 4.17143843E-06
 3.77532213E-06
 2.10591857E-06
 9.42513777E-07
 3.43600925E-06
 4.58305180E-06
 4.36145711E-06
 4.07260435E-06
 4.80865057E-06
 4.10340451E-06
 1.93358356E-06
 1.67252147E-06
 4.26036536E-06
 5.30297760E-06
 4.77593203E-06
 4.90679157E-06
 5.46502198E-06
 4.37349010E-06
 1.60652622E-06
 1.74028746E-04
 4.57848772E-04
 4.35974899E-04
 1.50896729E-04
 3.23891003E-05
 1.32796831E-05
 1.52324678E-05
 1.71895280E-06
 1.24006262E-06
 1.24385828E-06
 5.48619376E-05
 7.78989043E-06
 1.25523154E-06
 1.25903945E-06
 1.26290461E-06
 1.14240644E-06
 1.15630733E-06
 1.17117832E-06
 1.18606453E-06
 1.20073556E-06
 1.20975022E-06
 1.21878019E-06
 1.22782605E-06
 1.23595307E-06
 2.57011765E-06
 1.23915971E-06
 1.24077038E-06
 1.24239142E-06
 1.24400616E-06
 1.24563738E-06
 1.24728504E-06
 1.24893199E-06
 1.25055472E-06
 1.25219397E-06
 1.25385044E-06
 1.25552409E-06
 1.25721462E-06
 1.25892250E-06
 1.26064792E-06
 1.26432483E-06
 1.27021183E-06
 1.27611626E-06
 1.28203884E-06
 1.28797953E-06
 1.29393807E-06
 1.29991513E-06
 1.30591050E-06
 1.31192408E-06
 1.19754371E-06
 1.20070888E-06
 1.20387913E-06
 1.20705397E-06
 1.21023405E-06
 1.21341913E-06
 1.21660927E-06
 1.21760582E-06
 1.21810016E-06
 1.21859979E-06
 1.21910419E-06
 1.21961426E-06
 1.22012955E-06
 1.22065008E-06
 1.22117627E-06
 1.22170756E-06
 1.22224431E-06
 1.22278664E-06
 1.22333461E-06
 1.22388830E-06
 1.22444745E-06
 1.22501219E-06
 1.22558255E-06
 1.22615894E-06
 1.22674114E-06
 1.22732891E-06
 1.22792268E-06
 1.22852249E-06
 1.22912844E-06
 1.22973997E-06
 1.23035786E-06
 1.23098181E-06
 1.23161228E-06
 1.23224834E-06
 1.23289111E-06
 1.23354033E-06
 1.23419578E-06
 1.23485786E-06
 1.23632737E-06
 1.23860396E-06
 1.24088754E-06
 1.24317781E-06
 1.24547456E-06
 1.24777825E-06
 1.25008895E-06
 1.25240644E-06
 1.25473042E-06
 1.25706183E-06
 1.25940070E-06
 1.26174607E-06
 1.26409878E-06
 1.26645893E-06
 1.26882630E-06
 1.27120099E-06
 1.27358353E-06
 1.27597330E-06
 1.27837071E-06
 1.28077596E-06
 1.28318839E-06
 1.28560934E-06
 1.28803770E-06
 1.29047442E-06
 1.29291887E-06
 1.29537197E-06
 1.29783303E-06
 1.30030220E-06
 1.30277965E-06
 1.30526547E-06
 1.30776036E-06
 1.31026347E-06
 1.31277546E-06
 1.31529607E-06
 1.31782588E-06
 1.32036458E-06
 1.32291240E-06
 1.32546943E-06
 1.32803544E-06
 1.33061105E-06
 1.33319599E-06
 1.33579083E-06
 1.33839540E-06
 1.34100931E-06
 1.34363331E-06
 1.34626751E-06
 1.34891170E-06
 1.35156601E-06
 1.35423114E-06
 1.35690630E-06
 1.35959223E-06
 1.36228914E-06
 1.36499672E-06
 1.36771567E-06
 1.25019030E-06
 1.25167621E-06
 1.25316499E-06
 1.25465720E-06
 1.25615249E-06
 1.25765083E-06
 1.25915231E-06
 1.26065701E-06
 1.26216496E-06
 1.26367625E-06
 1.26519040E-06
 1.26670856E-06
 1.26822972E-06
 1.26975392E-06
 1.27128240E-06
 1.27281404E-06
 1.27434959E-06
 1.27588896E-06
 1.27743183E-06
 1.27897815E-06
 1.28052857E-06
 1.28208332E-06
 1.28364172E-06
 1.28520460E-06
 1.28677136E-06
 1.28834150E-06
 1.28991688E-06
 1.29149644E-06
 1.29308027E-06
 1.29466839E-06
 1.29626160E-06
 1.29785936E-06
 1.29946168E-06
 1.30106947E-06
 1.30268135E-06
 1.30429877E-06
 1.30592130E-06
 1.30754960E-06
 1.30918253E-06
 1.31082146E-06
 1.31246580E-06
 1.31411654E-06
 1.31577214E-06
 1.31743505E-06
 1.31910314E-06
 1.32077795E-06
 1.32245975E-06
 1.32414781E-06
 1.32584301E-06
 1.32754476E-06
 1.32925398E-06
 1.33097144E-06
 1.33269592E-06
 1.33442893E-06
 1.33616994E-06
 1.33791905E-06
 1.33967726E-06
 1.34144460E-06
 1.34322121E-06
 1.34500730E-06
 1.34680384E-06
 1.34861098E-06
 1.35042872E-06
 1.35225824E-06
 1.35409868E-06
 1.35595276E-06
 1.17789414E-06
 1.14688991E-06
 1.13023335E-06
 1.11820662E-06
 1.23600956E-06
 1.23457723E-06
 1.23298329E-06
 1.23162244E-06
 1.23044471E-06
 1.22941735E-06
 1.22851538E-06
 1.22771987E-06
 1.22701676E-06
 1.22639395E-06
 1.22584252E-06
 1.22535465E-06
 1.22492424E-06
 1.22454609E-06
 1.22421585E-06
 1.22392805E-06
 1.22368120E-06
 1.22347111E-06
 1.22329673E-06
 1.22315367E-06
 1.22304230E-06
 1.22295863E-06
 1.22290234E-06
 1.22287085E-06
 1.22286463E-06
 1.22288176E-06
 1.22291991E-06
 1.22298035E-06
 1.22306044E-06
 1.22316096E-06
 1.22327916E-06
 1.22341674E-06
 1.22357128E-06
 1.22374321E-06
 1.22393165E-06
 1.22413683E-06
 1.22435835E-06
 1.22459380E-06
 1.22484594E-06
 1.22511218E-06
 1.22539376E-06
 1.22568998E-06
 1.22600023E-06
 1.22632484E-06
 1.22666304E-06
 1.22701613E-06
 1.22738236E-06
 1.22776292E-06
 1.22815759E-06
 1.22856603E-06
 1.22898864E-06
 1.22942428E-06
 1.22987509E-06
 1.23033972E-06
 1.23081862E-06
 1.23131231E-06
 1.23182029E-06
 1.23234374E-06
 1.23288158E-06
 1.23343587E-06
 1.23400541E-06
 1.23459148E-06
 1.23519383E-06
 1.23581387E-06
 1.23574869E-06
 1.23528154E-06
 1.23483306E-06
 1.23440305E-06
 1.23399436E-06
 1.23360472E-06
 1.23323835E-06
 1.23289304E-06
 1.23257108E-06
 1.23227488E-06
 1.23200371E-06
 1.23175897E-06
 1.23154253E-06
 1.23135650E-06
 1.23120162E-06
 1.23108052E-06
 1.23099468E-06
 1.23094580E-06
 1.23093747E-06
 1.23097066E-06
 1.23104994E-06
 1.23117885E-06
 1.23136014E-06
 1.23159717E-06
 1.23189580E-06
 1.23225958E-06
 1.23269657E-06
 1.23321111E-06
 1.23381081E-06
 1.23450518E-06
 1.23530141E-06
 1.23937739E-06
 1.25053932E-06
 1.26184274E-06
 1.27330326E-06
 1.16656008E-06
 1.18524286E-06
 1.20479580E-06
 1.22534217E-06
 1.23503453E-06
 1.23328112E-06
 1.23307785E-06
 1.23470267E-06
 4.55263922E-02
 1.25351247E-01
 3.12444506E-01
 0.00000000E+00
 0.00000000E+00
 0.00000000E+00
 0.00000000E+00
 0.00000000E+00
 0.00000000E+00
 0.00000000E+00
 0.00000000E+00
 0.00000000E+00
 0.00000000E+00
 0.00000000E+00
 0.00000000E+00
 0.00000000E+00
 0.00000000E+00
 0.00000000E+00
 0.00000000E+00
 3.92871666E-01
 1.45208579E-01
 6.92954626E-02
 3.38989316E-08
 4.99864049E-07
 6.22580272E-07
 4.07376646E-07
 1.85099502E-07
 1.20232033E-06
 1.89520898E-06
 2.26927627E-06
 2.33007868E-06
 2.08321891E-06
 1.53434628E-06
 6.89157312E-07
 5.95469193E-07
 2.20355123E-06
 3.52843957E-06
 4.57603092E-06
 5.35227181E-06
 5.86315909E-06
 6.11474051E-06
 6.11311522E-06
 6.05269186E-06
 5.92787681E-06
 5.56795577E-06
 4.97924010E-06
 4.16809551E-06
 3.14094258E-06
 1.90425743E-06
 4.64572293E-07
 9.32530471E-07
 2.16350461E-06
 3.20714916E-06
 4.07023448E-06
 4.75959031E-06
 5.28210642E-06
 5.64473333E-06
 5.85448296E-06
 5.91842934E-06
 5.84370930E-06
 5.63752320E-06
 5.30713565E-06
 4.85987622E-06
 4.30314021E-06
 3.64438942E-06
 2.92166752E-06
 3.05731322E-06
 3.11238369E-06
 3.09461698E-06
 3.01182158E-06
 2.87187721E-06
 2.68273572E-06
 2.45242185E-06
 2.18903416E-06
 1.90074586E-06
 1.59580570E-06
 1.28253886E-06
 9.69347892E-07
 6.64713576E-07
 3.77195911E-07
 1.15435039E-07
 2.87719489E-07
 9.40269716E-07
 1.54000974E-06
 2.07797048E-06
 2.54509776E-06
 2.93225130E-06
 3.23020363E-06
 3.42963905E-06
 3.52115253E-06
 3.49524863E-06
 3.34234036E-06
 3.05274809E-06
 2.61669835E-06
 2.02432269E-06
 1.26565649E-06
 3.30637778E-07
 8.46002553E-07
 1.80246988E-06
 2.54872705E-06
 3.07431793E-06
 3.36868280E-06
 3.42115702E-06
 3.22096972E-06
 2.75724239E-06
 3.34759871E-06
 3.81359978E-06
 3.98076881E-06
 3.83778823E-06
 3.37322582E-06
 2.57553314E-06
 1.43304410E-06
 1.36422094E-07
 1.50575294E-06
 2.49026390E-06
 3.07781484E-06
 3.25614008E-06
 3.01284673E-06
 2.33541301E-06
 1.21118652E-06
 4.94263558E-07
 2.13364847E-06
 3.28262087E-06
 3.92800319E-06
 4.05647835E-06
 3.65458784E-06
 2.70872978E-06
 1.20515696E-06
 9.85570265E-07
 2.88817343E-06
 4.18499771E-06
 4.86171432E-06
 4.90383898E-06
 4.29672980E-06
 3.02558507E-06
 1.07544096E-06
 1.62021481E-06
 3.77711601E-06
 5.20206660E-06
 5.87945707E-06
 5.79350428E-06
 4.92824896E-06
 3.26755314E-06
 7.95097604E-07
 1.95151573E-06
 3.74211290E-06
 4.66338520E-06
 4.69829169E-06
 4.84675347E-06
 4.27240797E-06
 2.75787383E-06
 2.85320956E-07
 2.03795879E-06
 3.23033334E-06
 3.40295827E-06
 2.55961700E-06
 3.50539894E-06
 3.37130628E-06
 2.13804625E-06
 3.31939217E-07
 2.65996213E-06
 3.82245209E-06
 3.79921482E-06
 3.17231121E-06
 4.06669764E-06
 3.70925689E-06
 2.07882200E-06
 9.32212887E-07
 3.38074594E-06
 4.48323145E-06
 4.21748860E-06
 3.91567763E-06
 4.69587885E-06
 4.03510413E-06
 1.91007517E-06
 1.65178839E-06
 4.18837869E-06
 5.18018359E-06
 4.60278090E-06
 4.73609995E-06
 5.34483325E-06
 4.30415170E-06
 1.58839058E-06
 1.65255030E-04
 4.34687455E-04
 4.60170317E-04
 1.60695764E-04
 3.63666345E-05
 1.12379695E-05
 1.43559589E-05
 1.53028225E-06
 1.27811520E-06
 1.28171460E-06
 5.61251745E-05
 7.96205191E-06
 1.29249321E-06
 1.29610157E-06
 1.29976732E-06
 1.17937362E-06
 1.19347443E-06
 1.20856744E-06
 1.22367604E-06
 1.23856406E-06
 1.24766418E-06
 1.25677997E-06
 1.26591159E-06
 1.27411103E-06
 2.62026248E-06
 1.27727287E-06
 1.27886090E-06
 1.28045912E-06
 1.28205092E-06
 1.28365917E-06
 1.28528403E-06
 1.28690798E-06
 1.28850668E-06
 1.29012213E-06
 1.29175474E-06
 1.29340448E-06
 1.29507177E-06
 1.29675638E-06
 1.29845824E-06
 1.30215687E-06
 1.30811663E-06
 1.31409380E-06
 1.32008931E-06
 1.32610261E-06
 1.33213450E-06
 1.33818462E-06
 1.34425325E-06
 1.35034058E-06
 1.23553638E-06
 1.23875719E-06
 1.24198286E-06
 1.24521348E-06
 1.24844937E-06
 1.25169035E-06
 1.25493621E-06
 1.25593753E-06
 1.25642498E-06
 1.25691776E-06
 1.25741566E-06
 1.25791906E-06
 1.25842745E-06
 1.25894146E-06
 1.25946087E-06
 1.25998577E-06
 1.26051594E-06
 1.26105174E-06
 1.26159325E-06
 1.26214057E-06
 1.26269342E-06
 1.26325164E-06
 1.26381620E-06
 1.26438594E-06
 1.26496187E-06
 1.26554377E-06
 1.26613144E-06
 1.26672522E-06
 1.26732495E-06
 1.26793101E-06
 1.26854280E-06
 1.26916110E-06
 1.26978534E-06
 1.27041630E-06
 1.27105300E-06
 1.27169668E-06
 1.27234661E-06
 1.27300295E-06
 1.27447690E-06
 1.27676859E-06
 1.27906694E-06
 1.28137176E-06
 1.28368353E-06
 1.28600230E-06
 1.28832785E-06
 1.29066032E-06
 1.29299976E-06
 1.29534633E-06
 1.29770015E-06
 1.30006127E-06
 1.30242911E-06
 1.30480492E-06
 1.30718766E-06
 1.30957786E-06
 1.31197603E-06
 1.31438106E-06
 1.31679436E-06
 1.31921522E-06
 1.32164375E-06
 1.32408053E-06
 1.32652486E-06
 1.32897725E-06
 1.33143832E-06
 1.33390695E-06
 1.33638408E-06
 1.33886992E-06
 1.34136372E-06
 1.34386604E-06
 1.34637711E-06
 1.34889705E-06
 1.35142509E-06
 1.35396278E-06
 1.35650892E-06
 1.35906459E-06
 1.36162904E-06
 1.36420287E-06
 1.36678585E-06
 1.36937858E-06
 1.37198080E-06
 1.37459263E-06
 1.37721437E-06
 1.37984559E-06
 1.38248704E-06
 1.38513893E-06
 1.38780040E-06
 1.39047275E-06
 1.39315510E-06
 1.39584864E-06
 1.39855264E-06
 1.40126732E-06
 1.40399282E-06
 1.28694096E-06
 1.28843335E-06
 1.28992910E-06
 1.29142736E-06
 1.29292859E-06
 1.29443339E-06
 1.29594085E-06
 1.29745200E-06
 1.29896591E-06
 1.30048313E-06
 1.30200372E-06
 1.30352838E-06
 1.30505550E-06
 1.30658612E-06
 1.30812054E-06
 1.30965865E-06
 1.31119999E-06
 1.31274527E-06
 1.31429398E-06
 1.31584677E-06
 1.31740306E-06
 1.31896365E-06
 1.32052788E-06
 1.32209658E-06
 1.32366914E-06
 1.32524569E-06
 1.32682632E-06
 1.32841161E-06
 1.33000123E-06
 1.33159511E-06
 1.33319347E-06
 1.33479694E-06
 1.33640502E-06
 1.33801713E-06
 1.33963539E-06
 1.34125795E-06
 1.34288544E-06
 1.34451811E-06
 1.34615731E-06
 1.34780053E-06
 1.34945053E-06
 1.35110540E-06
 1.35276602E-06
 1.35443301E-06
 1.35610603E-06
 1.35778570E-06
 1.35947159E-06
 1.36116375E-06
 1.36286232E-06
 1.36456887E-06
 1.36628207E-06
 1.36800283E-06
 1.36973047E-06
 1.37146669E-06
 1.37321092E-06
 1.37496316E-06
 1.37672361E-06
 1.37849325E-06
 1.38027221E-06
 1.38206064E-06
 1.38385856E-06
 1.38566713E-06
 1.38748634E-06
 1.38931558E-06
 1.39115747E-06
 1.39301042E-06
 1.39487625E-06
 1.22243549E-06
 1.18640287E-06
 1.16885545E-06
 1.15638281E-06
 1.27417637E-06
 1.27269434E-06
 1.27106370E-06
 1.26967406E-06
 1.26847382E-06
 1.26742895E-06
 1.26651112E-06
 1.26570407E-06
 1.26499044E-06
 1.26435960E-06
 1.26380104E-06
 1.26330787E-06
 1.26287245E-06
 1.26249087E-06
 1.26215708E-06
 1.26186810E-06
 1.26161920E-06
 1.26140912E-06
 1.26123394E-06
 1.26109136E-06
 1.26097982E-06
 1.26089737E-06
 1.26084168E-06
 1.26081244E-06
 1.26080787E-06
 1.26082726E-06
 1.26086837E-06
 1.26093121E-06
 1.26101553E-06
 1.26111882E-06
 1.26124044E-06
 1.26138118E-06
 1.26154035E-06
 1.26171709E-06
 1.26190939E-06
 1.26211875E-06
 1.26234480E-06
 1.26258585E-06
 1.26284261E-06
 1.26311444E-06
 1.26340148E-06
 1.26370221E-06
 1.26401805E-06
 1.26434882E-06
 1.26469293E-06
 1.26505169E-06
 1.26542487E-06
 1.26581224E-06
 1.26621273E-06
 1.26662761E-06
 1.26705652E-06
 1.26749920E-06
 1.26795751E-06
 1.26842883E-06
 1.26891516E-06
 1.26941516E-06
 1.26993112E-06
 1.27046252E-06
 1.27100817E-06
 1.27157017E-06
 1.27214740E-06
 1.27274209E-06
 1.27335198E-06
 1.27398045E-06
 1.27391687E-06
 1.27344566E-06
 1.27299308E-06
 1.27255998E-06
 1.27214723E-06
 1.27175464E-06
 1.27138425E-06
 1.27103722E-06
 1.27071258E-06
 1.27041374E-06
 1.27014008E-06
 1.26989303E-06
 1.26967568E-06
 1.26948767E-06
 1.26933115E-06
 1.26920858E-06
 1.26912161E-06
 1.26907329E-06
 1.26906446E-06
 1.26909772E-06
 1.26917892E-06
 1.26930739E-06
 1.26948956E-06
 1.26972894E-06
 1.27002989E-06
 1.27039684E-06
 1.27083629E-06
 1.27135517E-06
 1.27196049E-06
 1.27265910E-06
 1.27346200E-06
 1.27756945E-06
 1.28882082E-06
 1.30021288E-06
 1.31176358E-06
 1.20421960E-06
 1.22304255E-06
 1.24274023E-06
 1.26343927E-06
 1.27320389E-06
 1.27143587E-06
 1.27122801E-06
 1.27286297E-06
 4.32036846E-02
 1.18955778E-01
 3.04463284E-01
 0.00000000E+00
 0.00000000E+00
 0.00000000E+00
 0.00000000E+00
 0.00000000E+00
 0.00000000E+00
 0.00000000E+00
 0.00000000E+00
 0.00000000E+00
 0.00000000E+00
 0.00000000E+00
 0.00000000E+00
 0.00000000E+00
 0.00000000E+00
 0.00000000E+00
 0.00000000E+00
 3.84893144E-01
 1.37411630E-01
 6.55746466E-02
 3.34478220E-08
 4.99535235E-07
 6.22283105E-07
 4.07019915E-07
 1.84685820E-07
 1.20221166E-06
 1.89531157E-06
 2.26949578E-06
 2.33032019E-06
 2.08338689E-06
 1.53434460E-06
 6.88889218E-07
 5.93809547E-07
 2.19844269E-06
 3.51978762E-06
 4.56374041E-06
 5.33624693E-06
 5.84330337E-06
 6.09095680E-06
 6.08530570E-06
 6.02503583E-06
 5.90428479E-06
 5.54831623E-06
 4.96344083E-06
 4.15602359E-06
 3.13248439E-06
 1.89929863E-06
 4.62997820E-07
 9.25574562E-07
 2.14713368E-06
 3.18126339E-06
 4.03473324E-06
 4.71437218E-06
 5.22706918E-06
 5.57977393E-06
 5.77949752E-06
 5.83331315E-06
 5.74835680E-06
 5.53182797E-06
 5.19099039E-06
 4.73317276E-06
 4.16576950E-06
 3.49624148E-06
 2.76332485E-06
 2.91014286E-06
 2.97624214E-06
 2.96935986E-06
 2.89730360E-06
 2.76795219E-06
 2.58925652E-06
 2.36924043E-06
 2.11600151E-06
 1.83771204E-06
 1.54261977E-06
 1.23904893E-06
 9.35401046E-07
 6.40155907E-07
 3.61872486E-07
 1.09189893E-07
 2.87933123E-07
 9.39418882E-07
 1.53824302E-06
 2.07543756E-06
 2.54194946E-06
 2.92863957E-06
 3.22628159E-06
 3.42556098E-06
 3.51707391E-06
 3.49132614E-06
 3.33873190E-06
 3.04961278E-06
 2.61419657E-06
 2.02261610E-06
 1.26490803E-06
 3.31011673E-07
 8.65580482E-07
 1.84840033E-06
 2.62114451E-06
 3.17335837E-06
 3.49448366E-06
 3.57385725E-06
 3.40070977E-06
 2.96416427E-06
 3.53302756E-06
 3.97175499E-06
 4.11187044E-06
 3.94205776E-06
 3.45088618E-06
 2.62680874E-06
 1.45816081E-06
 1.37173237E-07
 1.50583846E-06
 2.48988084E-06
 3.07716192E-06
 3.25541771E-06
 3.01225704E-06
 2.33515988E-06
 1.21147560E-06
 4.94917252E-07
 2.13361951E-06
 3.28212235E-06
 3.92725007E-06
 4.05568748E-06
 3.65397799E-06
 2.70852167E-06
 1.20557331E-06
 9.86113949E-07
 2.88801768E-06
 4.18437343E-06
 4.86085448E-06
 4.90297871E-06
 4.29610636E-06
 3.02543790E-06
 1.07601173E-06
 1.62063424E-06
 3.77681970E-06
 5.20130525E-06
 5.87848374E-06
 5.79257440E-06
 4.92762038E-06
 3.26748619E-06
 7.95855108E-07
 1.94140106E-06
 3.71742403E-06
 4.62441244E-06
 4.64532794E-06
 4.80320497E-06
 4.24307671E-06
 2.74302605E-06
 2.85225781E-07
 2.08502819E-06
 3.32752407E-06
 3.55050485E-06
 2.75696295E-06
 3.65197619E-06
 3.46748439E-06
 2.18419766E-06
 3.29380543E-07
 2.61816381E-06
 3.74178278E-06
 3.68004631E-06
 3.02870747E-06
 3.96147557E-06
 3.64270576E-06
 2.05123487E-06
 9.21417022E-07
 3.32498403E-06
 4.38290881E-06
 4.07301406E-06
 3.75824065E-06
 4.58259182E-06
 3.96628328E-06
 1.88604110E-06
 1.63052494E-06
 4.11585768E-06
 5.05685120E-06
 4.42908731E-06
 4.56486094E-06
 5.22409146E-06
 4.23425446E-06
 1.56969024E-06
 1.56480875E-04
 4.11525908E-04
 4.84351484E-04
 1.70482657E-04
 4.03328329E-05
 9.32927565E-06
 1.34903207E-05
 1.35238644E-06
 1.30541430E-06
 1.30881784E-06
 5.73989846E-05
 8.14493672E-06
 1.31900322E-06
 1.32241207E-06
 1.32587882E-06
 1.20559781E-06
 1.21989872E-06
 1.23521412E-06
 1.25054486E-06
 1.26564985E-06
 1.27483582E-06
 1.28403763E-06
 1.29325525E-06
 1.30152708E-06
 2.68113704E-06
 1.30464454E-06
 1.30621016E-06
 1.30778557E-06
 1.30935466E-06
 1.31093991E-06
 1.31254200E-06
 1.31414293E-06
 1.31571762E-06
 1.31730950E-06
 1.31891871E-06
 1.32054502E-06
 1.32218861E-06
 1.32384995E-06
 1.32552897E-06
 1.32924958E-06
 1.33528160E-06
 1.34133196E-06
 1.34740038E-06
 1.35348708E-06
 1.35959178E-06
 1.36571547E-06
 1.37185761E-06
 1.37801871E-06
 1.26278973E-06
 1.26606622E-06
 1.26934768E-06
 1.27263414E-06
 1.27592569E-06
 1.27922237E-06
 1.28252426E-06
 1.28353076E-06
 1.28401109E-06
 1.28449713E-06
 1.28498837E-06
 1.28548489E-06
 1.28598676E-06
 1.28649430E-06
 1.28700706E-06
 1.28752538E-06
 1.28804934E-06
 1.28857901E-06
 1.28911385E-06
 1.28965460E-06
 1.29020098E-06
 1.29075339E-06
 1.29131162E-06
 1.29187510E-06
 1.29244520E-06
 1.29302072E-06
 1.29360269E-06
 1.29419027E-06
 1.29478418E-06
 1.29538418E-06
 1.29599034E-06
 1.29660280E-06
 1.29722126E-06
 1.29784619E-06
 1.29847768E-06
 1.29911547E-06
 1.29975968E-06
 1.30041075E-06
 1.30188928E-06
 1.30419575E-06
 1.30650904E-06
 1.30882889E-06
 1.31115578E-06
 1.31348942E-06
 1.31583035E-06
 1.31817790E-06
 1.32053252E-06
 1.32289440E-06
 1.32526363E-06
 1.32763953E-06
 1.33002341E-06
 1.33241424E-06
 1.33481245E-06
 1.33721867E-06
 1.33963219E-06
 1.34205311E-06
 1.34448200E-06
 1.34691856E-06
 1.34936335E-06
 1.35181569E-06
 1.35427612E-06
 1.35674519E-06
 1.35922180E-06
 1.36170652E-06
 1.36419988E-06
 1.36670208E-06
 1.36921235E-06
 1.37173091E-06
 1.37425877E-06
 1.37679477E-06
 1.37933990E-06
 1.38189444E-06
 1.38445752E-06
 1.38702940E-06
 1.38961112E-06
 1.39220194E-06
 1.39480205E-06
 1.39741207E-06
 1.40003124E-06
 1.40266074E-06
 1.40529927E-06
 1.40794849E-06
 1.41060714E-06
 1.41327638E-06
 1.41595588E-06
 1.41864592E-06
 1.42134620E-06
 1.42405732E-06
 1.42677909E-06
 1.42951221E-06
 1.43225584E-06
 1.31443714E-06
 1.31593907E-06
 1.31744392E-06
 1.31895181E-06
 1.32046223E-06
 1.32197633E-06
 1.32349363E-06
 1.32501417E-06
 1.32653752E-06
 1.32806429E-06
 1.32959443E-06
 1.33112817E-06
 1.33266494E-06
 1.33420538E-06
 1.33574956E-06
 1.33729702E-06
 1.33884840E-06
 1.34040314E-06
 1.34196196E-06
 1.34352431E-06
 1.34509095E-06
 1.34666123E-06
 1.34823534E-06
 1.34981389E-06
 1.35139644E-06
 1.35298242E-06
 1.35457379E-06
 1.35616870E-06
 1.35776857E-06
 1.35937289E-06
 1.36098106E-06
 1.36259505E-06
 1.36421313E-06
 1.36583605E-06
 1.36746445E-06
 1.36909722E-06
 1.37073575E-06
 1.37237885E-06
 1.37402794E-06
 1.37568244E-06
 1.37734248E-06
 1.37900815E-06
 1.38067967E-06
 1.38235773E-06
 1.38404110E-06
 1.38573134E-06
 1.38742781E-06
 1.38913145E-06
 1.39084153E-06
 1.39255825E-06
 1.39428254E-06
 1.39601448E-06
 1.39775408E-06
 1.39950177E-06
 1.40125661E-06
 1.40302051E-06
 1.40479279E-06
 1.40657430E-06
 1.40836443E-06
 1.41016494E-06
 1.41197432E-06
 1.41379446E-06
 1.41562533E-06
 1.41746805E-06
 1.41932100E-06
 1.42118692E-06
 1.42306419E-06
 1.26236538E-06
 1.21534428E-06
 1.19680410E-06
 1.18385423E-06
 1.30160917E-06
 1.30007387E-06
 1.29840549E-06
 1.29698683E-06
 1.29576327E-06
 1.29469927E-06
 1.29376640E-06
 1.29294676E-06
 1.29222233E-06
 1.29158322E-06
 1.29101709E-06
 1.29051865E-06
 1.29007835E-06
 1.28969254E-06
 1.28935616E-06
 1.28906453E-06
 1.28881507E-06
 1.28860338E-06
 1.28842792E-06
 1.28828526E-06
 1.28817405E-06
 1.28809220E-06
 1.28803876E-06
 1.28801116E-06
 1.28800872E-06
 1.28802965E-06
 1.28807298E-06
 1.28813864E-06
 1.28822544E-06
 1.28833184E-06
 1.28845811E-06
 1.28860309E-06
 1.28876533E-06
 1.28894619E-06
 1.28914352E-06
 1.28935755E-06
 1.28958735E-06
 1.28983300E-06
 1.29009489E-06
 1.29037157E-06
 1.29066448E-06
 1.29097082E-06
 1.29129204E-06
 1.29162805E-06
 1.29197856E-06
 1.29234350E-06
 1.29272268E-06
 1.29311591E-06
 1.29352278E-06
 1.29394462E-06
 1.29437962E-06
 1.29483044E-06
 1.29529449E-06
 1.29577305E-06
 1.29626643E-06
 1.29677428E-06
 1.29729705E-06
 1.29783610E-06
 1.29839011E-06
 1.29895958E-06
 1.29954510E-06
 1.30014701E-06
 1.30076607E-06
 1.30140277E-06
 1.30133938E-06
 1.30086475E-06
 1.30040772E-06
 1.29997121E-06
 1.29955505E-06
 1.29916021E-06
 1.29878652E-06
 1.29843629E-06
 1.29810959E-06
 1.29780779E-06
 1.29753123E-06
 1.29728383E-06
 1.29706394E-06
 1.29687419E-06
 1.29671740E-06
 1.29659305E-06
 1.29650576E-06
 1.29645620E-06
 1.29644652E-06
 1.29648210E-06
 1.29656192E-06
 1.29669241E-06
 1.29687571E-06
 1.29711692E-06
 1.29741967E-06
 1.29779007E-06
 1.29823309E-06
 1.29875582E-06
 1.29936527E-06
 1.30007030E-06
 1.30087932E-06
 1.30501866E-06
 1.31635782E-06
 1.32784000E-06
 1.33948138E-06
 1.35130193E-06
 1.25009261E-06
 1.26993733E-06
 1.29079030E-06
 1.30062593E-06
 1.29884345E-06
 1.29863441E-06
 1.30027862E-06
 4.08812886E-02
 1.12561187E-01
 2.96483161E-01
 0.00000000E+00
 0.00000000E+00
 0.00000000E+00
 0.00000000E+00
 0.00000000E+00
 0.00000000E+00
 0.00000000E+00
 0.00000000E+00
 0.00000000E+00
 0.00000000E+00
 0.00000000E+00
 0.00000000E+00
 0.00000000E+00
 0.00000000E+00
 0.00000000E+00
 0.00000000E+00
 3.76914682E-01
 1.29614740E-01
 6.18538584E-02
 3.31858354E-08
 4.99396540E-07
 6.22177055E-07
 4.06855310E-07
 1.84465283E-07
 1.20229716E-06
 1.89560936E-06
 2.26991154E-06
 2.33075899E-06
 2.08375321E-06
 1.53454233E-06
 6.88821622E-07
 5.92351496E-07
 2.19353687E-06
 3.51133953E-06
 4.55165490E-06
 5.32042820E-06
 5.82365496E-06
 6.06738158E-06
 6.05770586E-06
 5.99759063E-06
 5.88090474E-06
 5.52888981E-06
 4.94785584E-06
 4.14416711E-06
 3.12424283E-06
 1.89455765E-06
 4.61642370E-07
 9.18838965E-07
 2.13098440E-06
 3.15560060E-06
 3.99945634E-06
 4.66937977E-06
 5.17225904E-06
 5.51504302E-06
 5.70474199E-06
 5.74842830E-06
 5.65323707E-06
 5.42636695E-06
 5.07508081E-06
 4.60670645E-06
 4.02863742E-06
 3.34833368E-06
 2.60522384E-06
 2.76321550E-06
 2.84034495E-06
 2.84434846E-06
 2.78303272E-06
 2.66427565E-06
 2.49602721E-06
 2.28631032E-06
 2.04322163E-06
 1.77493242E-06
 1.48968953E-06
 1.19581616E-06
 9.01712856E-07
 6.15858407E-07
 3.46810760E-07
 1.03207990E-07
 2.87881924E-07
 9.38301568E-07
 1.53620815E-06
 2.07263480E-06
 2.53852962E-06
 2.92475459E-06
 3.22208456E-06
 3.42120617E-06
 3.51271677E-06
 3.48712333E-06
 3.33484130E-06
 3.04619350E-06
 2.61140898E-06
 2.02062182E-06
 1.26386998E-06
 3.31094080E-07
 8.84864814E-07
 1.89403497E-06
 2.69326395E-06
 3.27209855E-06
 3.61998199E-06
 3.72625264E-06
 3.58014266E-06
 3.17077664E-06
 3.71814504E-06
 4.12959700E-06
 4.24265702E-06
 4.04601038E-06
 3.52822773E-06
 2.67776360E-06
 1.48295485E-06
 1.37599731E-07
 1.50559707E-06
 2.48916860E-06
 3.07617752E-06
 3.25436153E-06
 3.01133118E-06
 2.33456820E-06
 1.21142371E-06
 4.95227547E-07
 2.13324470E-06
 3.28127550E-06
 3.92614610E-06
 4.05454323E-06
 3.65301219E-06
 2.70795503E-06
 1.20562849E-06
 9.86293812E-07
 2.88749544E-06
 4.18337995E-06
 4.85962272E-06
 4.90174373E-06
 4.29510540E-06
 3.02491038E-06
 1.07619928E-06
 1.62066756E-06
 3.77613436E-06
 5.20015191E-06
 5.87711541E-06
 5.79124649E-06
 4.92659071E-06
 3.26701504E-06
 7.96205258E-07
 1.93087599E-06
 3.69232172E-06
 4.58502318E-06
 4.59194457E-06
 4.75923341E-06
 4.21331886E-06
 2.72774809E-06
 2.84696796E-07
 2.13165970E-06
 3.42427273E-06
 3.69760515E-06
 2.95385835E-06
 3.79809987E-06
 3.56320588E-06
 2.22988934E-06
 3.26358976E-07
 2.57589926E-06
 3.66064388E-06
 3.56040480E-06
 2.88462707E-06
 3.85577230E-06
 3.57566882E-06
 2.02315727E-06
 9.10126264E-07
 3.26872361E-06
 4.28208397E-06
 3.92803358E-06
 3.60029352E-06
 4.46878955E-06
 3.89694205E-06
 1.86148143E-06
 1.60873121E-06
 4.04280243E-06
 4.93298054E-06
 4.25485134E-06
 4.39307465E-06
 5.10279668E-06
 4.16379848E-06
 1.55042532E-06
 1.47706280E-04
 3.88364131E-04
 5.08624969E-04
 1.80257388E-04
 4.42876757E-05
 7.43165179E-06
 1.26355727E-05
 1.18528528E-06
 1.32193982E-06
 1.32514806E-06
 5.86833875E-05
 8.33856500E-06
 1.33474122E-06
 1.33795114E-06
 1.34121910E-06
 1.22105934E-06
 1.23556030E-06
 1.25109804E-06
 1.26665129E-06
 1.28197382E-06
 1.29124541E-06
 1.30053301E-06
 1.30983678E-06
 1.31818141E-06
 2.75276113E-06
 1.32125448E-06
 1.32279767E-06
 1.32435091E-06
 1.32589706E-06
 1.32745978E-06
 1.32903927E-06
 1.33061740E-06
 1.33216855E-06
 1.33373683E-06
 1.33532242E-06
 1.33692527E-06
 1.33854586E-06
 1.34018391E-06
 1.34183984E-06
 1.34558240E-06
 1.35168739E-06
 1.35781091E-06
 1.36395222E-06
 1.37011228E-06
 1.37629056E-06
 1.38248751E-06
 1.38870340E-06
 1.39493822E-06
 1.27928404E-06
 1.28261604E-06
 1.28595333E-06
 1.28929569E-06
 1.29264322E-06
 1.29599567E-06
 1.29935338E-06
 1.30036482E-06
 1.30083871E-06
 1.30131806E-06
 1.30180273E-06
 1.30229270E-06
 1.30278782E-06
 1.30328871E-06
 1.30379489E-06
 1.30430699E-06
 1.30482451E-06
 1.30534751E-06
 1.30587641E-06
 1.30641095E-06
 1.30695093E-06
 1.30749700E-06
 1.30804897E-06
 1.30860659E-06
 1.30917031E-06
 1.30974014E-06
 1.31031590E-06
 1.31089799E-06
 1.31148584E-06
 1.31207987E-06
 1.31268016E-06
 1.31328683E-06
 1.31389996E-06
 1.31451929E-06
 1.31514495E-06
 1.31577733E-06
 1.31641591E-06
 1.31706145E-06
 1.31854500E-06
 1.32086604E-06
 1.32319434E-06
 1.32552968E-06
 1.32787140E-06
 1.33022040E-06
 1.33257602E-06
 1.33493874E-06
 1.33730866E-06
 1.33968597E-06
 1.34207030E-06
 1.34446186E-06
 1.34686110E-06
 1.34926780E-06
 1.35168165E-06
 1.35410320E-06
 1.35653256E-06
 1.35896944E-06
 1.36141405E-06
 1.36386644E-06
 1.36632720E-06
 1.36879563E-06
 1.37127229E-06
 1.37375684E-06
 1.37624996E-06
 1.37875129E-06
 1.38126104E-06
 1.38377929E-06
 1.38630578E-06
 1.38884112E-06
 1.39138548E-06
 1.39393855E-06
 1.39650001E-06
 1.39907146E-06
 1.40165121E-06
 1.40424035E-06
 1.40683899E-06
 1.40944648E-06
 1.41206429E-06
 1.41469082E-06
 1.41732764E-06
 1.41997395E-06
 1.42263044E-06
 1.42529680E-06
 1.42797327E-06
 1.43066052E-06
 1.43335769E-06
 1.43606512E-06
 1.43878336E-06
 1.44151227E-06
 1.44425246E-06
 1.44700369E-06
 1.32966793E-06
 1.33117613E-06
 1.33268730E-06
 1.33420144E-06
 1.33571872E-06
 1.33723853E-06
 1.33876212E-06
 1.34028889E-06
 1.34181902E-06
 1.34335201E-06
 1.34488791E-06
 1.34642785E-06
 1.34797087E-06
 1.34951755E-06
 1.35106796E-06
 1.35262164E-06
 1.35417923E-06
 1.35574018E-06
 1.35730464E-06
 1.35887318E-06
 1.36044538E-06
 1.36202193E-06
 1.36360216E-06
 1.36518574E-06
 1.36677445E-06
 1.36836658E-06
 1.36996346E-06
 1.37156455E-06
 1.37316930E-06
 1.37477971E-06
 1.37639401E-06
 1.37801286E-06
 1.37963637E-06
 1.38126469E-06
 1.38289859E-06
 1.38453677E-06
 1.38618006E-06
 1.38782919E-06
 1.38948298E-06
 1.39114213E-06
 1.39280753E-06
 1.39447786E-06
 1.39615468E-06
 1.39783664E-06
 1.39952530E-06
 1.40122007E-06
 1.40292116E-06
 1.40462855E-06
 1.40634314E-06
 1.40806440E-06
 1.40979232E-06
 1.41152790E-06
 1.41327132E-06
 1.41502180E-06
 1.41678029E-06
 1.41854705E-06
 1.42032211E-06
 1.42210638E-06
 1.42389925E-06
 1.42570174E-06
 1.42751309E-06
 1.42933506E-06
 1.43116707E-06
 1.43301003E-06
 1.43486401E-06
 1.43672926E-06
 1.43860761E-06
 1.44049743E-06
 1.44240147E-06
 1.23372331E-06
 1.21406355E-06
 1.20060485E-06
 1.31828755E-06
 1.31669722E-06
 1.31498938E-06
 1.31354028E-06
 1.31229285E-06
 1.31120967E-06
 1.31026176E-06
 1.30942814E-06
 1.30869372E-06
 1.30804498E-06
 1.30747199E-06
 1.30696676E-06
 1.30652215E-06
 1.30613249E-06
 1.30579212E-06
 1.30549830E-06
 1.30524656E-06
 1.30503484E-06
 1.30485839E-06
 1.30471511E-06
 1.30460449E-06
 1.30452377E-06
 1.30447131E-06
 1.30444500E-06
 1.30444515E-06
 1.30446800E-06
 1.30451402E-06
 1.30458297E-06
 1.30467260E-06
 1.30478262E-06
 1.30491131E-06
 1.30505962E-06
 1.30522677E-06
 1.30541075E-06
 1.30561216E-06
 1.30583122E-06
 1.30606579E-06
 1.30631660E-06
 1.30658319E-06
 1.30686506E-06
 1.30716294E-06
 1.30747541E-06
 1.30780247E-06
 1.30814393E-06
 1.30849991E-06
 1.30887142E-06
 1.30925553E-06
 1.30965493E-06
 1.31006937E-06
 1.31049717E-06
 1.31093935E-06
 1.31139573E-06
 1.31186757E-06
 1.31235285E-06
 1.31285294E-06
 1.31336909E-06
 1.31389914E-06
 1.31444536E-06
 1.31500649E-06
 1.31558395E-06
 1.31617816E-06
 1.31678792E-06
 1.31741562E-06
 1.31805995E-06
 1.31799740E-06
 1.31751879E-06
 1.31705884E-06
 1.31661846E-06
 1.31619944E-06
 1.31580070E-06
 1.31542435E-06
 1.31507149E-06
 1.31474115E-06
 1.31443690E-06
 1.31415921E-06
 1.31390851E-06
 1.31368791E-06
 1.31349710E-06
 1.31333822E-06
 1.31321392E-06
 1.31312576E-06
 1.31307566E-06
 1.31306580E-06
 1.31310024E-06
 1.31318228E-06
 1.31331334E-06
 1.31349870E-06
 1.31374098E-06
 1.31404636E-06
 1.31441951E-06
 1.31486618E-06
 1.31539285E-06
 1.31600740E-06
 1.31671807E-06
 1.31753332E-06
 1.32170466E-06
 1.33313282E-06
 1.34470318E-06
 1.35643534E-06
 1.36834871E-06
 1.26637588E-06
 1.28636716E-06
 1.30737364E-06
 1.31728127E-06
 1.31548565E-06
 1.31527386E-06
 1.31692990E-06
 3.85592040E-02
 1.06167471E-01
 2.88504135E-01
 0.00000000E+00
 0.00000000E+00
 0.00000000E+00
 0.00000000E+00
 0.00000000E+00
 0.00000000E+00
 0.00000000E+00
 0.00000000E+00
 0.00000000E+00
 0.00000000E+00
 0.00000000E+00
 0.00000000E+00
 0.00000000E+00
 0.00000000E+00
 0.00000000E+00
 0.00000000E+00
 3.68936280E-01
 1.21817908E-01
 5.81330980E-02
 3.31129562E-08
 4.99447940E-07
 6.22262104E-07
 4.06882811E-07
 1.84437866E-07
 1.20257680E-06
 1.89610233E-06
 2.27052351E-06
 2.33139506E-06
 2.08431787E-06
 1.53493946E-06
 6.88954503E-07
 5.91095021E-07
 2.18883374E-06
 3.50309526E-06
 4.53977436E-06
 5.30481560E-06
 5.80421384E-06
 6.04401481E-06
 6.03031566E-06
 5.97035623E-06
 5.85773663E-06
 5.50967648E-06
 4.93248509E-06
 4.13252606E-06
 3.11621787E-06
 1.89003446E-06
 4.60505922E-07
 9.12323657E-07
 2.11505673E-06
 3.13016078E-06
 3.96440377E-06
 4.62461305E-06
 5.11767597E-06
 5.45054059E-06
 5.63021634E-06
 5.66377474E-06
 5.55835007E-06
 5.32114012E-06
 4.95940687E-06
 4.48047727E-06
 3.89174396E-06
 3.20066600E-06
 2.44736446E-06
 2.61653111E-06
 2.70469208E-06
 2.71958275E-06
 2.66900891E-06
 2.56084757E-06
 2.40304778E-06
 2.20363151E-06
 1.97069447E-06
 1.71240699E-06
 1.43701492E-06
 1.15284051E-06
 8.68283292E-07
 5.91821044E-07
 3.32010700E-07
 9.74892985E-08
 2.87565926E-07
 9.36917805E-07
 1.53390516E-06
 2.06956225E-06
 2.53483828E-06
 2.92059638E-06
 3.21761257E-06
 3.41657464E-06
 3.50808115E-06
 3.48264024E-06
 3.33066861E-06
 3.04249030E-06
 2.60833561E-06
 2.01833990E-06
 1.26254240E-06
 3.30885035E-07
 9.03855585E-07
 1.93937386E-06
 2.76508541E-06
 3.37053849E-06
 3.74517781E-06
 3.87834323E-06
 3.75926844E-06
 3.37707954E-06
 3.90295119E-06
 4.28712586E-06
 4.37312859E-06
 4.14964611E-06
 3.60525051E-06
 2.72839778E-06
 1.50742626E-06
 1.37701619E-07
 1.50502883E-06
 2.48812723E-06
 3.07486168E-06
 3.25297158E-06
 3.01006921E-06
 2.33363802E-06
 1.21103091E-06
 4.95194490E-07
 2.13252410E-06
 3.28008037E-06
 3.92469136E-06
 4.05304565E-06
 3.65169051E-06
 2.70702989E-06
 1.20532255E-06
 9.86109905E-07
 2.88660676E-06
 4.18201733E-06
 4.85801907E-06
 4.90013411E-06
 4.29372699E-06
 3.02400256E-06
 1.07600367E-06
 1.62031482E-06
 3.77506003E-06
 5.19860662E-06
 5.87535215E-06
 5.78952062E-06
 4.92516001E-06
 3.26613975E-06
 7.96148117E-07
 1.91994059E-06
 3.66680606E-06
 4.54521749E-06
 4.53814166E-06
 4.71483887E-06
 4.18313449E-06
 2.71204002E-06
 2.83734066E-07
 2.17785339E-06
 3.52057940E-06
 3.84425922E-06
 3.15030327E-06
 3.94377006E-06
 3.65847082E-06
 2.27512137E-06
 3.22874593E-07
 2.53316858E-06
 3.57903547E-06
 3.44029035E-06
 2.74007008E-06
 3.74958790E-06
 3.50814615E-06
 1.99458927E-06
 8.98340691E-07
 3.21196474E-06
 4.18075701E-06
 3.78254725E-06
 3.44183632E-06
 4.35447213E-06
 3.82708054E-06
 1.83639626E-06
 1.58640730E-06
 3.96921302E-06
 4.80857169E-06
 4.08007310E-06
 4.22074116E-06
 4.98094902E-06
 4.09278385E-06
 1.53059591E-06
 1.38931245E-04
 3.65202126E-04
 5.32722249E-04
 1.90019939E-04
 4.82311429E-05
 5.54511839E-06
 1.17917354E-05
 1.02899879E-06
 1.32767173E-06
 1.33068522E-06
 5.99784039E-05
 8.54295667E-06
 1.33968728E-06
 1.34269866E-06
 1.34576841E-06
 1.22573839E-06
 1.24043955E-06
 1.25619959E-06
 1.27197570E-06
 1.28751530E-06
 1.29687308E-06
 1.30624664E-06
 1.31563653E-06
 1.32405393E-06
 2.83515446E-06
 1.32708297E-06
 1.32860415E-06
 1.33013519E-06
 1.33165858E-06
 1.33319874E-06
 1.33475584E-06
 1.33631115E-06
 1.33783871E-06
 1.33938382E-06
 1.34094597E-06
 1.34252561E-06
 1.34412315E-06
 1.34573837E-06
 1.34737143E-06
 1.35113614E-06
 1.35731404E-06
 1.36351071E-06
 1.36972535E-06
 1.37595872E-06
 1.38221052E-06
 1.38848122E-06
 1.39477082E-06
 1.40107928E-06
 1.28499950E-06
 1.28838732E-06
 1.29178047E-06
 1.29517852E-06
 1.29858176E-06
 1.30199029E-06
 1.30540417E-06
 1.30642061E-06
 1.30688780E-06
 1.30736024E-06
 1.30783835E-06
 1.30832188E-06
 1.30881061E-06
 1.30930487E-06
 1.30980481E-06
 1.31031045E-06
 1.31082162E-06
 1.31133834E-06
 1.31186070E-06
 1.31238910E-06
 1.31292302E-06
 1.31346315E-06
 1.31400892E-06
 1.31456045E-06
 1.31511811E-06
 1.31568202E-06
 1.31625195E-06
 1.31682796E-06
 1.31741012E-06
 1.31799828E-06
 1.31859309E-06
 1.31919406E-06
 1.31980122E-06
 1.32041504E-06
 1.32103527E-06
 1.32166234E-06
 1.32229534E-06
 1.32293572E-06
 1.32442371E-06
 1.32676007E-06
 1.32910345E-06
 1.33145321E-06
 1.33381026E-06
 1.33617430E-06
 1.33854540E-06
 1.34092342E-06
 1.34330869E-06
 1.34570147E-06
 1.34810145E-06
 1.35050831E-06
 1.35292301E-06
 1.35534487E-06
 1.35777483E-06
 1.36021219E-06
 1.36265709E-06
 1.36510965E-06
 1.36757042E-06
 1.37003916E-06
 1.37251551E-06
 1.37500012E-06
 1.37749309E-06
 1.37999372E-06
 1.38250297E-06
 1.38502103E-06
 1.38754676E-06
 1.39008119E-06
 1.39262486E-06
 1.39517665E-06
 1.39773758E-06
 1.40030694E-06
 1.40288577E-06
 1.40547333E-06
 1.40807028E-06
 1.41067630E-06
 1.41329199E-06
 1.41591713E-06
 1.41855192E-06
 1.42119599E-06
 1.42385001E-06
 1.42651375E-06
 1.42918782E-06
 1.43187145E-06
 1.43456588E-06
 1.43727024E-06
 1.43998575E-06
 1.44271114E-06
 1.44544707E-06
 1.44819434E-06
 1.45095258E-06
 1.45372154E-06
 1.33562025E-06
 1.33713727E-06
 1.33865778E-06
 1.34018190E-06
 1.34170807E-06
 1.34323801E-06
 1.34477065E-06
 1.34630712E-06
 1.34784644E-06
 1.34938868E-06
 1.35093505E-06
 1.35248438E-06
 1.35403686E-06
 1.35559362E-06
 1.35715306E-06
 1.35871693E-06
 1.36028368E-06
 1.36185446E-06
 1.36342876E-06
 1.36500726E-06
 1.36658948E-06
 1.36817544E-06
 1.36976588E-06
 1.37135966E-06
 1.37295808E-06
 1.37456061E-06
 1.37616733E-06
 1.37777838E-06
 1.37939380E-06
 1.38101372E-06
 1.38263818E-06
 1.38426792E-06
 1.38590186E-06
 1.38754063E-06
 1.38918430E-06
 1.39083314E-06
 1.39248717E-06
 1.39414643E-06
 1.39581117E-06
 1.39748068E-06
 1.39915651E-06
 1.40083803E-06
 1.40252473E-06
 1.40421814E-06
 1.40591770E-06
 1.40762337E-06
 1.40933473E-06
 1.41105394E-06
 1.41277911E-06
 1.41451096E-06
 1.41625039E-06
 1.41799758E-06
 1.41975186E-06
 1.42151345E-06
 1.42328393E-06
 1.42506192E-06
 1.42684839E-06
 1.42864425E-06
 1.43044882E-06
 1.43226303E-06
 1.43408630E-06
 1.43592030E-06
 1.43776446E-06
 1.43961891E-06
 1.44148535E-06
 1.44336319E-06
 1.44525339E-06
 1.44715605E-06
 1.44907226E-06
 1.24155541E-06
 1.22062225E-06
 1.20661478E-06
 1.32419286E-06
 1.32254474E-06
 1.32079579E-06
 1.31931491E-06
 1.31804376E-06
 1.31693949E-06
 1.31597542E-06
 1.31512870E-06
 1.31438291E-06
 1.31372509E-06
 1.31314487E-06
 1.31263338E-06
 1.31218286E-06
 1.31178933E-06
 1.31144674E-06
 1.31115020E-06
 1.31089660E-06
 1.31068312E-06
 1.31050508E-06
 1.31036300E-06
 1.31025292E-06
 1.31017243E-06
 1.31012121E-06
 1.31009673E-06
 1.31009743E-06
 1.31012267E-06
 1.31017147E-06
 1.31024292E-06
 1.31033567E-06
 1.31044835E-06
 1.31058171E-06
 1.31073303E-06
 1.31090406E-06
 1.31109162E-06
 1.31129739E-06
 1.31152055E-06
 1.31176011E-06
 1.31201636E-06
 1.31228746E-06
 1.31257475E-06
 1.31287715E-06
 1.31319458E-06
 1.31352775E-06
 1.31387522E-06
 1.31423677E-06
 1.31461376E-06
 1.31500459E-06
 1.31541050E-06
 1.31583059E-06
 1.31626522E-06
 1.31671424E-06
 1.31717726E-06
 1.31765559E-06
 1.31814889E-06
 1.31865597E-06
 1.31917900E-06
 1.31971667E-06
 1.32027047E-06
 1.32084000E-06
 1.32142479E-06
 1.32202630E-06
 1.32264514E-06
 1.32327997E-06
 1.32393334E-06
 1.32387197E-06
 1.32338887E-06
 1.32292539E-06
 1.32248147E-06
 1.32205898E-06
 1.32165791E-06
 1.32127809E-06
 1.32092194E-06
 1.32058947E-06
 1.32028332E-06
 1.32000258E-06
 1.31975024E-06
 1.31952699E-06
 1.31933490E-06
 1.31917506E-06
 1.31905010E-06
 1.31896019E-06
 1.31891008E-06
 1.31890127E-06
 1.31893589E-06
 1.31901785E-06
 1.31915014E-06
 1.31933721E-06
 1.31958124E-06
 1.31988999E-06
 1.32026564E-06
 1.32071592E-06
 1.32124630E-06
 1.32186588E-06
 1.32258198E-06
 1.32340429E-06
 1.32760852E-06
 1.33912451E-06
 1.35078506E-06
 1.36260799E-06
 1.37461297E-06
 1.27186958E-06
 1.29200777E-06
 1.31316951E-06
 1.32314983E-06
 1.32134186E-06
 1.32112851E-06
 1.32279612E-06
 3.62374306E-02
 9.97746314E-02
 2.80526206E-01
 0.00000000E+00
 0.00000000E+00
 0.00000000E+00
 0.00000000E+00
 0.00000000E+00
 0.00000000E+00
 0.00000000E+00
 0.00000000E+00
 0.00000000E+00
 0.00000000E+00
 0.00000000E+00
 0.00000000E+00
 0.00000000E+00
 0.00000000E+00
 0.00000000E+00
 0.00000000E+00
 3.60957936E-01
 1.14021135E-01
 5.44123655E-02
 3.32291593E-08
 4.99689417E-07
 6.22538227E-07
 4.07102397E-07
 1.84603554E-07
 1.20305057E-06
 1.89679045E-06
 2.27133168E-06
 2.33222838E-06
 2.08508084E-06
 1.53553597E-06
 6.89287838E-07
 5.90040093E-07
 2.18433328E-06
 3.49505480E-06
 4.52809876E-06
 5.28940909E-06
 5.78497998E-06
 6.02085649E-06
 6.00313507E-06
 5.94333262E-06
 5.83478043E-06
 5.49067621E-06
 4.91732857E-06
 4.12110041E-06
 3.10840949E-06
 1.88572905E-06
 4.59588447E-07
 9.06028611E-07
 2.09935067E-06
 3.10494390E-06
 3.92957550E-06
 4.58007200E-06
 5.06331995E-06
 5.38626660E-06
 5.55592055E-06
 5.57935246E-06
 5.46369578E-06
 5.21614744E-06
 4.84396855E-06
 4.35448519E-06
 3.75508908E-06
 3.05323841E-06
 2.28974669E-06
 2.47008966E-06
 2.56928350E-06
 2.59506269E-06
 2.55523213E-06
 2.45766792E-06
 2.31031818E-06
 2.12120395E-06
 1.89842000E-06
 1.65013570E-06
 1.38459594E-06
 1.11012196E-06
 8.35112319E-07
 5.68043786E-07
 3.17472273E-07
 9.20337856E-08
 2.86985164E-07
 9.35267628E-07
 1.53133409E-06
 2.06621993E-06
 2.53087547E-06
 2.91616499E-06
 3.21286565E-06
 3.41166644E-06
 3.50316707E-06
 3.47787691E-06
 3.32621386E-06
 3.03850321E-06
 2.60497650E-06
 2.01577036E-06
 1.26092531E-06
 3.30384578E-07
 9.22552833E-07
 1.98441701E-06
 2.83660891E-06
 3.46867823E-06
 3.87007116E-06
 4.03012906E-06
 3.93808713E-06
 3.58307302E-06
 4.08744604E-06
 4.44434159E-06
 4.50328519E-06
 4.25296500E-06
 3.68195455E-06
 2.77871130E-06
 1.53157509E-06
 1.37478944E-07
 1.50413378E-06
 2.48675677E-06
 3.07321445E-06
 3.25124791E-06
 3.00847116E-06
 2.33236937E-06
 1.21029724E-06
 4.94818132E-07
 2.13145773E-06
 3.27853701E-06
 3.92288588E-06
 4.05119481E-06
 3.65001298E-06
 2.70574633E-06
 1.20465555E-06
 9.85562282E-07
 2.88535169E-06
 4.18028561E-06
 4.85604360E-06
 4.89814988E-06
 4.29197118E-06
 3.02271452E-06
 1.07542494E-06
 1.61957608E-06
 3.77359678E-06
 5.19666946E-06
 5.87319402E-06
 5.78739684E-06
 4.92332834E-06
 3.26486038E-06
 7.95683744E-07
 1.90859492E-06
 3.64087709E-06
 4.50499542E-06
 4.48391927E-06
 4.67002141E-06
 4.15252365E-06
 2.69590191E-06
 2.82337662E-07
 2.22360931E-06
 3.61644415E-06
 3.99046715E-06
 3.34629778E-06
 4.08898682E-06
 3.75327927E-06
 2.31989380E-06
 3.18927467E-07
 2.48997182E-06
 3.49695762E-06
 3.31970305E-06
 2.59503659E-06
 3.64292245E-06
 3.44013784E-06
 1.96553097E-06
 8.86060388E-07
 3.15470752E-06
 4.07892802E-06
 3.63655515E-06
 3.28286913E-06
 4.23963966E-06
 3.75669882E-06
 1.81078568E-06
 1.56355329E-06
 3.89508955E-06
 4.68362475E-06
 3.90475267E-06
 4.04786057E-06
 4.85854858E-06
 4.02121068E-06
 1.51020211E-06
 1.30155771E-04
 3.42039891E-04
 5.51924551E-04
 1.99770289E-04
 5.21632148E-05
 3.66969531E-06
 1.09588284E-05
 8.83547269E-07
 1.32259039E-06
 1.32540915E-06
 6.12840536E-05
 8.75813178E-06
 1.33382138E-06
 1.33663458E-06
 1.33950669E-06
 1.21961485E-06
 1.23451634E-06
 1.25049901E-06
 1.26649750E-06
 1.28225471E-06
 1.29169844E-06
 1.30115851E-06
 1.31063469E-06
 1.31912500E-06
 2.92833690E-06
 1.32211037E-06
 1.32360927E-06
 1.32511829E-06
 1.32661911E-06
 1.32813688E-06
 1.32967201E-06
 1.33120469E-06
 1.33270885E-06
 1.33423029E-06
 1.33576943E-06
 1.33732624E-06
 1.33890071E-06
 1.34049302E-06
 1.34210341E-06
 1.34589048E-06
 1.35214172E-06
 1.35841147E-06
 1.36469966E-06
 1.37100627E-06
 1.37733202E-06
 1.38367641E-06
 1.39003990E-06
 1.27647732E-06
 1.27991586E-06
 1.28335978E-06
 1.28680883E-06
 1.29026284E-06
 1.29372212E-06
 1.29718622E-06
 1.30065628E-06
 1.30167772E-06
 1.30213827E-06
 1.30260442E-06
 1.30307571E-06
 1.30355252E-06
 1.30403486E-06
 1.30452287E-06
 1.30501631E-06
 1.30551553E-06
 1.30602035E-06
 1.30653110E-06
 1.30704731E-06
 1.30756929E-06
 1.30809752E-06
 1.30863108E-06
 1.30917105E-06
 1.30971681E-06
 1.31026849E-06
 1.31082650E-06
 1.31139031E-06
 1.31196061E-06
 1.31253683E-06
 1.31311944E-06
 1.31370884E-06
 1.31430376E-06
 1.31490570E-06
 1.31551405E-06
 1.31612889E-06
 1.31675037E-06
 1.31737818E-06
 1.31801280E-06
 1.31950591E-06
 1.32185729E-06
 1.32421544E-06
 1.32658085E-06
 1.32895284E-06
 1.33133196E-06
 1.33371865E-06
 1.33611194E-06
 1.33851268E-06
 1.34092059E-06
 1.34333620E-06
 1.34575883E-06
 1.34818904E-06
 1.35062694E-06
 1.35307224E-06
 1.35552544E-06
 1.35798634E-06
 1.36045463E-06
 1.36293123E-06
 1.36541594E-06
 1.36790846E-06
 1.37040927E-06
 1.37291820E-06
 1.37543533E-06
 1.37796081E-06
 1.38049482E-06
 1.38303749E-06
 1.38558902E-06
 1.38814858E-06
 1.39071732E-06
 1.39329492E-06
 1.39588108E-06
 1.39847682E-06
 1.40108156E-06
 1.40369527E-06
 1.40631872E-06
 1.40895115E-06
 1.41159357E-06
 1.41424535E-06
 1.41690702E-06
 1.41957839E-06
 1.42225963E-06
 1.42495138E-06
 1.42765288E-06
 1.43036479E-06
 1.43308736E-06
 1.43581974E-06
 1.43856375E-06
 1.44131795E-06
 1.44408314E-06
 1.44685954E-06
 1.32925110E-06
 1.33077505E-06
 1.33230149E-06
 1.33383152E-06
 1.33536419E-06
 1.33690051E-06
 1.33843957E-06
 1.33998198E-06
 1.34152772E-06
 1.34307692E-06
 1.34462858E-06
 1.34618432E-06
 1.34774319E-06
 1.34930581E-06
 1.35087169E-06
 1.35244140E-06
 1.35401451E-06
 1.35559111E-06
 1.35717181E-06
 1.35875609E-06
 1.36034468E-06
 1.36193701E-06
 1.36353265E-06
 1.36513283E-06
 1.36673696E-06
 1.36834525E-06
 1.36995770E-06
 1.37157447E-06
 1.37319621E-06
 1.37482124E-06
 1.37645199E-06
 1.37808684E-06
 1.37972639E-06
 1.38137020E-06
 1.38301956E-06
 1.38467399E-06
 1.38633297E-06
 1.38799783E-06
 1.38966745E-06
 1.39134256E-06
 1.39302328E-06
 1.39470971E-06
 1.39640128E-06
 1.39809944E-06
 1.39980378E-06
 1.40151361E-06
 1.40322965E-06
 1.40495298E-06
 1.40668280E-06
 1.40841865E-06
 1.41016278E-06
 1.41191317E-06
 1.41367064E-06
 1.41543688E-06
 1.41721041E-06
 1.41899152E-06
 1.42078110E-06
 1.42257918E-06
 1.42438676E-06
 1.42620315E-06
 1.42802865E-06
 1.42986404E-06
 1.43170954E-06
 1.43356605E-06
 1.43543298E-06
 1.43731134E-06
 1.43920114E-06
 1.44110426E-06
 1.44301921E-06
 1.44494773E-06
 1.23887129E-06
 1.21646703E-06
 1.20186903E-06
 1.31930437E-06
 1.31759688E-06
 1.31580513E-06
 1.31429203E-06
 1.31299453E-06
 1.31187006E-06
 1.31088869E-06
 1.31002854E-06
 1.30927102E-06
 1.30860363E-06
 1.30801567E-06
 1.30749739E-06
 1.30704233E-06
 1.30664428E-06
 1.30629794E-06
 1.30599882E-06
 1.30574279E-06
 1.30552782E-06
 1.30535048E-06
 1.30520732E-06
 1.30509745E-06
 1.30501761E-06
 1.30496730E-06
 1.30494433E-06
 1.30494697E-06
 1.30497474E-06
 1.30502561E-06
 1.30509966E-06
 1.30519465E-06
 1.30531080E-06
 1.30544733E-06
 1.30560304E-06
 1.30577691E-06
 1.30596946E-06
 1.30617984E-06
 1.30640665E-06
 1.30665088E-06
 1.30691073E-06
 1.30718709E-06
 1.30748019E-06
 1.30778735E-06
 1.30811066E-06
 1.30844881E-06
 1.30880160E-06
 1.30916981E-06
 1.30955249E-06
 1.30994952E-06
 1.31036216E-06
 1.31078801E-06
 1.31122907E-06
 1.31168430E-06
 1.31215499E-06
 1.31264006E-06
 1.31313988E-06
 1.31365505E-06
 1.31418520E-06
 1.31472996E-06
 1.31529153E-06
 1.31586866E-06
 1.31646111E-06
 1.31707111E-06
 1.31769735E-06
 1.31834060E-06
 1.31900226E-06
 1.31894135E-06
 1.31845496E-06
 1.31798825E-06
 1.31754108E-06
 1.31711430E-06
 1.31671004E-06
 1.31632721E-06
 1.31596799E-06
 1.31563372E-06
 1.31532469E-06
 1.31504253E-06
 1.31478883E-06
 1.31456322E-06
 1.31436904E-06
 1.31420851E-06
 1.31408185E-06
 1.31399196E-06
 1.31394219E-06
 1.31393210E-06
 1.31396725E-06
 1.31405022E-06
 1.31418408E-06
 1.31437187E-06
 1.31461890E-06
 1.31492893E-06
 1.31530853E-06
 1.31576193E-06
 1.31629658E-06
 1.31692168E-06
 1.31764287E-06
 1.31847187E-06
 1.32270857E-06
 1.33431198E-06
 1.34606230E-06
 1.35797662E-06
 1.37007393E-06
 1.26655503E-06
 1.28684145E-06
 1.30815735E-06
 1.31821201E-06
 1.31639224E-06
 1.31617799E-06
 1.31785816E-06
 3.39159682E-02
 9.33826672E-02
 2.72549375E-01
 0.00000000E+00
 0.00000000E+00
 0.00000000E+00
 0.00000000E+00
 0.00000000E+00
 0.00000000E+00
 0.00000000E+00
 0.00000000E+00
 0.00000000E+00
 0.00000000E+00
 0.00000000E+00
 0.00000000E+00
 0.00000000E+00
 0.00000000E+00
 0.00000000E+00
 0.00000000E+00
 3.52979653E-01
 1.06224420E-01
 5.06916608E-02
 3.35344288E-08
 5.00120948E-07
 6.23005408E-07
 4.07514049E-07
 1.84962323E-07
 1.20371844E-06
 1.89767371E-06
 2.27233603E-06
 2.33325893E-06
 2.08604209E-06
 1.53633183E-06
 6.89821607E-07
 5.89186695E-07
 2.18003548E-06
 3.48721812E-06
 4.51662809E-06
 5.27420866E-06
 5.76595336E-06
 5.99790657E-06
 5.97616409E-06
 5.91651976E-06
 5.81203614E-06
 5.47188899E-06
 4.90238626E-06
 4.10989012E-06
 3.10081766E-06
 1.88164139E-06
 4.58889923E-07
 8.99953802E-07
 2.08386617E-06
 3.07994993E-06
 3.89497149E-06
 4.53575659E-06
 5.00919096E-06
 5.32222103E-06
 5.48185457E-06
 5.49516142E-06
 5.36927418E-06
 5.11138889E-06
 4.72876583E-06
 4.22873017E-06
 3.61867276E-06
 2.90605088E-06
 2.13237048E-06
 2.32389112E-06
 2.43411918E-06
 2.47078826E-06
 2.44170236E-06
 2.35473667E-06
 2.21783839E-06
 2.03902763E-06
 1.82639820E-06
 1.58811853E-06
 1.33243253E-06
 1.06766047E-06
 8.02199906E-07
 5.44526602E-07
 3.03195447E-07
 8.68414182E-08
 2.86139666E-07
 9.33351065E-07
 1.52849498E-06
 2.06260788E-06
 2.52664123E-06
 2.91146045E-06
 3.20784385E-06
 3.40648159E-06
 3.49797457E-06
 3.47283337E-06
 3.32147709E-06
 3.03423227E-06
 2.60133169E-06
 2.01291325E-06
 1.25901876E-06
 3.29592746E-07
 9.40956597E-07
 2.02916449E-06
 2.90783451E-06
 3.56651781E-06
 3.99466208E-06
 4.18161017E-06
 4.11659878E-06
 3.78875711E-06
 4.27162965E-06
 4.60124424E-06
 4.63312687E-06
 4.35596710E-06
 3.75833991E-06
 2.82870423E-06
 1.55540138E-06
 1.36931750E-07
 1.50291196E-06
 2.48505727E-06
 3.07123588E-06
 3.24919057E-06
 3.00653708E-06
 2.33076232E-06
 1.20922274E-06
 4.94098516E-07
 2.13004567E-06
 3.27664548E-06
 3.92072971E-06
 4.04899074E-06
 3.64797967E-06
 2.70410437E-06
 1.20362753E-06
 9.84650992E-07
 2.88373029E-06
 4.17818486E-06
 4.85369636E-06
 4.89579112E-06
 4.28983803E-06
 3.02104628E-06
 1.07446317E-06
 1.61845138E-06
 3.77174466E-06
 5.19434047E-06
 5.87064107E-06
 5.78487522E-06
 4.92109574E-06
 3.26317698E-06
 7.94812205E-07
 1.89683905E-06
 3.61453489E-06
 4.46435705E-06
 4.42927746E-06
 4.62478109E-06
 4.12148642E-06
 2.67933382E-06
 2.80507649E-07
 2.26892755E-06
 3.71186703E-06
 4.13622901E-06
 3.54184195E-06
 4.23375023E-06
 3.84763131E-06
 2.36420673E-06
 3.14517670E-07
 2.44630908E-06
 3.41441042E-06
 3.19864296E-06
 2.44952667E-06
 3.53577603E-06
 3.37164395E-06
 1.93598243E-06
 8.73285439E-07
 3.09695202E-06
 3.97659707E-06
 3.49005737E-06
 3.12339204E-06
 4.12429221E-06
 3.68579699E-06
 1.78464977E-06
 1.54016928E-06
 3.82043211E-06
 4.55813981E-06
 3.72889015E-06
 3.87443297E-06
 4.73559546E-06
 3.94907906E-06
 1.48924401E-06
 1.21379858E-04
 3.18877428E-04
 5.14392250E-04
 2.09627491E-04
 5.60838709E-05
 1.80540253E-06
 1.01368718E-05
 7.48950447E-07
 1.30667536E-06
 1.30929990E-06
 6.26003566E-05
 8.98411027E-06
 1.31712354E-06
 1.31973912E-06
 1.32241357E-06
 1.20266867E-06
 1.21777061E-06
 1.23397602E-06
 1.25019722E-06
 1.26617195E-06
 1.27570197E-06
 1.28524850E-06
 1.29481109E-06
 1.30337447E-06
 3.03232881E-06
 1.30631628E-06
 1.30779328E-06
 1.30928045E-06
 1.31075886E-06
 1.31225440E-06
 1.31376727E-06
 1.31527747E-06
 1.31675841E-06
 1.31825681E-06
 1.31977288E-06
 1.32130682E-06
 1.32285862E-06
 1.32442822E-06
 1.32601610E-06
 1.32982545E-06
 1.33614998E-06
 1.34249321E-06
 1.34885484E-06
 1.35523537E-06
 1.36163476E-06
 1.36805301E-06
 1.37449058E-06
 1.26051923E-06
 1.26401382E-06
 1.26751355E-06
 1.27101825E-06
 1.27452823E-06
 1.27804326E-06
 1.28156375E-06
 1.28508974E-06
 1.28611622E-06
 1.28657039E-06
 1.28702969E-06
 1.28749478E-06
 1.28796515E-06
 1.28844118E-06
 1.28892263E-06
 1.28940987E-06
 1.28990299E-06
 1.29040148E-06
 1.29090600E-06
 1.29141604E-06
 1.29193196E-06
 1.29245387E-06
 1.29298184E-06
 1.29351564E-06
 1.29405539E-06
 1.29460111E-06
 1.29515327E-06
 1.29571161E-06
 1.29627621E-06
 1.29684650E-06
 1.29742360E-06
 1.29800692E-06
 1.29859691E-06
 1.29919328E-06
 1.29979582E-06
 1.30040531E-06
 1.30102149E-06
 1.30164417E-06
 1.30227341E-06
 1.30377135E-06
 1.30613776E-06
 1.30851141E-06
 1.31089170E-06
 1.31327910E-06
 1.31567366E-06
 1.31807560E-06
 1.32048421E-06
 1.32290040E-06
 1.32532389E-06
 1.32775479E-06
 1.33019323E-06
 1.33263896E-06
 1.33509248E-06
 1.33755395E-06
 1.34002269E-06
 1.34249960E-06
 1.34498444E-06
 1.34747698E-06
 1.34997765E-06
 1.35248631E-06
 1.35500300E-06
 1.35752873E-06
 1.36006200E-06
 1.36260378E-06
 1.36515459E-06
 1.36771339E-06
 1.37028156E-06
 1.37285798E-06
 1.37544329E-06
 1.37803758E-06
 1.38064101E-06
 1.38325337E-06
 1.38587477E-06
 1.38850581E-06
 1.39114627E-06
 1.39379633E-06
 1.39645565E-06
 1.39912492E-06
 1.40180384E-06
 1.40449303E-06
 1.40719179E-06
 1.40990125E-06
 1.41262066E-06
 1.41535018E-06
 1.41809051E-06
 1.42084139E-06
 1.42360300E-06
 1.42637556E-06
 1.42915874E-06
 1.31204903E-06
 1.31357943E-06
 1.31511238E-06
 1.31664885E-06
 1.31818796E-06
 1.31973029E-06
 1.32127578E-06
 1.32282461E-06
 1.32437628E-06
 1.32593145E-06
 1.32749007E-06
 1.32905176E-06
 1.33061708E-06
 1.33218558E-06
 1.33375789E-06
 1.33533346E-06
 1.33691303E-06
 1.33849605E-06
 1.34008262E-06
 1.34167271E-06
 1.34326720E-06
 1.34486535E-06
 1.34646734E-06
 1.34807332E-06
 1.34968329E-06
 1.35129740E-06
 1.35291565E-06
 1.35453815E-06
 1.35616565E-06
 1.35779700E-06
 1.35943290E-06
 1.36107344E-06
 1.36271809E-06
 1.36436821E-06
 1.36602268E-06
 1.36768277E-06
 1.36934740E-06
 1.37101726E-06
 1.37269186E-06
 1.37437259E-06
 1.37605821E-06
 1.37774957E-06
 1.37944674E-06
 1.38114913E-06
 1.38285763E-06
 1.38457301E-06
 1.38629391E-06
 1.38802133E-06
 1.38975525E-06
 1.39149581E-06
 1.39324325E-06
 1.39499763E-06
 1.39675979E-06
 1.39852921E-06
 1.40030599E-06
 1.40209104E-06
 1.40388364E-06
 1.40568481E-06
 1.40749475E-06
 1.40931420E-06
 1.41114194E-06
 1.41297954E-06
 1.41482723E-06
 1.41668431E-06
 1.41855269E-06
 1.42043152E-06
 1.42232265E-06
 1.42422467E-06
 1.42614004E-06
 1.42806745E-06
 1.43000935E-06
 1.22571815E-06
 1.20158589E-06
 1.18634964E-06
 1.30360305E-06
 1.30183295E-06
 1.29999652E-06
 1.29844995E-06
 1.29712532E-06
 1.29598065E-06
 1.29498172E-06
 1.29410679E-06
 1.29333809E-06
 1.29266070E-06
 1.29206433E-06
 1.29153968E-06
 1.29107938E-06
 1.29067670E-06
 1.29032629E-06
 1.29002506E-06
 1.28976669E-06
 1.28955052E-06
 1.28937210E-06
 1.28922858E-06
 1.28911852E-06
 1.28903949E-06
 1.28899041E-06
 1.28896791E-06
 1.28897274E-06
 1.28900209E-06
 1.28905628E-06
 1.28913200E-06
 1.28923046E-06
 1.28934963E-06
 1.28948933E-06
 1.28964796E-06
 1.28982605E-06
 1.29002247E-06
 1.29023640E-06
 1.29046829E-06
 1.29071720E-06
 1.29098213E-06
 1.29126336E-06
 1.29156092E-06
 1.29187365E-06
 1.29220298E-06
 1.29254613E-06
 1.29290452E-06
 1.29327866E-06
 1.29366718E-06
 1.29407055E-06
 1.29448862E-06
 1.29492195E-06
 1.29536876E-06
 1.29583107E-06
 1.29630798E-06
 1.29679987E-06
 1.29730719E-06
 1.29782891E-06
 1.29836633E-06
 1.29891910E-06
 1.29948765E-06
 1.30007259E-06
 1.30067369E-06
 1.30129133E-06
 1.30192522E-06
 1.30257785E-06
 1.30324804E-06
 1.30318778E-06
 1.30269713E-06
 1.30222628E-06
 1.30177603E-06
 1.30134625E-06
 1.30093785E-06
 1.30055321E-06
 1.30019105E-06
 1.29985411E-06
 1.29954239E-06
 1.29925770E-06
 1.29900162E-06
 1.29877505E-06
 1.29858008E-06
 1.29841788E-06
 1.29828980E-06
 1.29820006E-06
 1.29814944E-06
 1.29814035E-06
 1.29817555E-06
 1.29825898E-06
 1.29839391E-06
 1.29858267E-06
 1.29883207E-06
 1.29914453E-06
 1.29952734E-06
 1.29998418E-06
 1.30052429E-06
 1.30115340E-06
 1.30188094E-06
 1.30271700E-06
 1.30698554E-06
 1.31867781E-06
 1.33051830E-06
 1.34252232E-06
 1.35471242E-06
 1.25041282E-06
 1.27084724E-06
 1.29231847E-06
 1.30244745E-06
 1.30061600E-06
 1.30040113E-06
 1.30209599E-06
 3.15948168E-02
 8.69915780E-02
 2.64573640E-01
 0.00000000E+00
 0.00000000E+00
 0.00000000E+00
 0.00000000E+00
 0.00000000E+00
 0.00000000E+00
 0.00000000E+00
 0.00000000E+00
 0.00000000E+00
 0.00000000E+00
 0.00000000E+00
 0.00000000E+00
 0.00000000E+00
 0.00000000E+00
 0.00000000E+00
 0.00000000E+00
 3.45001429E-01
 9.84277629E-02
 4.69709839E-02
 3.40287412E-08
 5.00742517E-07
 6.23663623E-07
 4.08117744E-07
 1.85514152E-07
 1.20458039E-06
 1.89875209E-06
 2.27353654E-06
 2.33448668E-06
 2.08720160E-06
 1.53732703E-06
 6.90555785E-07
 5.88534806E-07
 2.17594030E-06
 3.47958520E-06
 4.50536233E-06
 5.25921428E-06
 5.74713395E-06
 5.97516505E-06
 5.94940267E-06
 5.88991763E-06
 5.78950371E-06
 5.45331479E-06
 4.88765812E-06
 4.09889519E-06
 3.09344236E-06
 1.87777144E-06
 4.58410324E-07
 8.94099204E-07
 2.06860321E-06
 3.05517885E-06
 3.86059173E-06
 4.49166679E-06
 4.95528896E-06
 5.25840385E-06
 5.40801840E-06
 5.41120161E-06
 5.27508522E-06
 5.00686445E-06
 4.61379867E-06
 4.10321219E-06
 3.48249497E-06
 2.75910338E-06
 1.97523582E-06
 2.17793546E-06
 2.29919909E-06
 2.34675943E-06
 2.32841957E-06
 2.25205379E-06
 2.12560838E-06
 1.95710250E-06
 1.75462903E-06
 1.52635545E-06
 1.28052467E-06
 1.02545601E-06
 7.69546022E-07
 5.21269459E-07
 2.89180192E-07
 8.19121621E-08
 2.85029470E-07
 9.31168157E-07
 1.52538785E-06
 2.05872613E-06
 2.52213559E-06
 2.90648279E-06
 3.20254720E-06
 3.40102013E-06
 3.49250369E-06
 3.46750965E-06
 3.31645834E-06
 3.02967751E-06
 2.59740121E-06
 2.00976861E-06
 1.25682279E-06
 3.28509577E-07
 9.59066914E-07
 2.07361632E-06
 2.97876223E-06
 3.66405728E-06
 4.11895062E-06
 4.33278660E-06
 4.29480343E-06
 3.99413187E-06
 4.45550204E-06
 4.75783387E-06
 4.76265367E-06
 4.45865244E-06
 3.83440663E-06
 2.87837660E-06
 1.57890517E-06
 1.36060083E-07
 1.50136342E-06
 2.48302877E-06
 3.06892600E-06
 3.24679961E-06
 3.00426701E-06
 2.32881690E-06
 1.20780748E-06
 4.93035694E-07
 2.12828795E-06
 3.27440581E-06
 3.91822290E-06
 4.04643350E-06
 3.64559062E-06
 2.70210408E-06
 1.20223855E-06
 9.83376092E-07
 2.88174260E-06
 4.17571513E-06
 4.85097740E-06
 4.89305787E-06
 4.28732759E-06
 3.01899793E-06
 1.07311839E-06
 1.61694080E-06
 3.76950373E-06
 5.19161972E-06
 5.86769337E-06
 5.78195581E-06
 4.91846230E-06
 3.26108963E-06
 7.93533557E-07
 1.88467302E-06
 3.58777951E-06
 4.42330243E-06
 4.37421630E-06
 4.57911798E-06
 4.09002287E-06
 2.66233582E-06
 2.78244096E-07
 2.31380816E-06
 3.80684813E-06
 4.28154485E-06
 3.73693586E-06
 4.37806036E-06
 3.94152702E-06
 2.40806022E-06
 3.09645280E-07
 2.40218042E-06
 3.33139392E-06
 3.07711018E-06
 2.30354040E-06
 3.42814873E-06
 3.30266458E-06
 1.90594374E-06
 8.60015921E-07
 3.03869834E-06
 3.87376426E-06
 3.34305399E-06
 2.96340513E-06
 4.00842988E-06
 3.61437513E-06
 1.75798863E-06
 1.51625535E-06
 3.74524078E-06
 4.43211696E-06
 3.55248564E-06
 3.70045847E-06
 4.61208975E-06
 3.87638909E-06
 1.46772173E-06
 1.12603505E-04
 2.95714735E-04
 4.76859933E-04
 2.19339089E-04
 5.99930913E-05
 4.77391795E-08
 9.32588565E-06
 6.25228505E-07
 1.27990678E-06
 1.28233744E-06
 6.39273334E-05
 9.22091242E-06
 1.28957370E-06
 1.29199180E-06
 1.29446950E-06
 1.17488009E-06
 1.19018259E-06
 1.20661064E-06
 1.22305484E-06
 1.23924721E-06
 1.24886364E-06
 1.25849635E-06
 1.26814549E-06
 1.27678205E-06
 3.14715009E-06
 1.27968081E-06
 1.28113605E-06
 1.28260129E-06
 1.28405766E-06
 1.28553114E-06
 1.28702190E-06
 1.28851000E-06
 1.28996763E-06
 1.29144316E-06
 1.29293654E-06
 1.29444754E-06
 1.29597659E-06
 1.29752389E-06
 1.29908920E-06
 1.30292096E-06
 1.30931917E-06
 1.31573579E-06
 1.32217129E-06
 1.32862564E-06
 1.33509882E-06
 1.34159134E-06
 1.34810316E-06
 1.23372250E-06
 1.23727283E-06
 1.24082841E-06
 1.24438897E-06
 1.24795519E-06
 1.25152627E-06
 1.25510286E-06
 1.25868474E-06
 1.25971655E-06
 1.26016407E-06
 1.26061709E-06
 1.26107567E-06
 1.26153964E-06
 1.26200930E-06
 1.26248449E-06
 1.26296555E-06
 1.26345227E-06
 1.26394445E-06
 1.26444303E-06
 1.26494690E-06
 1.26545675E-06
 1.26597264E-06
 1.26649471E-06
 1.26702239E-06
 1.26755640E-06
 1.26809682E-06
 1.26864309E-06
 1.26919531E-06
 1.26975424E-06
 1.27031927E-06
 1.27089053E-06
 1.27146845E-06
 1.27205278E-06
 1.27264359E-06
 1.27324105E-06
 1.27384520E-06
 1.27445580E-06
 1.27507333E-06
 1.27569749E-06
 1.27720061E-06
 1.27958208E-06
 1.28197089E-06
 1.28436642E-06
 1.28676920E-06
 1.28917892E-06
 1.29159605E-06
 1.29402038E-06
 1.29645236E-06
 1.29889104E-06
 1.30133800E-06
 1.30379187E-06
 1.30625355E-06
 1.30872313E-06
 1.31119999E-06
 1.31368500E-06
 1.31617755E-06
 1.31867818E-06
 1.32118697E-06
 1.32370409E-06
 1.32622886E-06
 1.32876185E-06
 1.33130360E-06
 1.33385386E-06
 1.33641232E-06
 1.33897916E-06
 1.34155496E-06
 1.34413939E-06
 1.34673266E-06
 1.34933454E-06
 1.35194598E-06
 1.35456626E-06
 1.35719566E-06
 1.35983418E-06
 1.36248260E-06
 1.36514011E-06
 1.36780736E-06
 1.37048404E-06
 1.37317082E-06
 1.37586742E-06
 1.37857357E-06
 1.38129040E-06
 1.38401710E-06
 1.38675442E-06
 1.38950204E-06
 1.39226018E-06
 1.39502952E-06
 1.39780884E-06
 1.40059971E-06
 1.40340147E-06
 1.28553066E-06
 1.28707007E-06
 1.28861253E-06
 1.29015863E-06
 1.29170737E-06
 1.29325884E-06
 1.29481416E-06
 1.29637233E-06
 1.29793334E-06
 1.29949844E-06
 1.30106661E-06
 1.30263778E-06
 1.30421275E-06
 1.30579090E-06
 1.30737297E-06
 1.30895841E-06
 1.31054728E-06
 1.31214027E-06
 1.31373683E-06
 1.31533708E-06
 1.31694109E-06
 1.31854899E-06
 1.32016073E-06
 1.32177712E-06
 1.32339702E-06
 1.32502161E-06
 1.32664993E-06
 1.32828261E-06
 1.32991967E-06
 1.33156134E-06
 1.33320762E-06
 1.33485863E-06
 1.33651380E-06
 1.33817394E-06
 1.33983915E-06
 1.34150940E-06
 1.34318432E-06
 1.34486455E-06
 1.34655020E-06
 1.34824084E-06
 1.34993781E-06
 1.35163985E-06
 1.35334722E-06
 1.35506122E-06
 1.35678072E-06
 1.35850654E-06
 1.36023869E-06
 1.36197671E-06
 1.36372213E-06
 1.36547364E-06
 1.36723194E-06
 1.36899819E-06
 1.37077156E-06
 1.37255153E-06
 1.37434046E-06
 1.37613626E-06
 1.37794131E-06
 1.37975356E-06
 1.38157531E-06
 1.38340613E-06
 1.38524598E-06
 1.38709507E-06
 1.38895436E-06
 1.39082407E-06
 1.39270427E-06
 1.39459596E-06
 1.39649924E-06
 1.39841352E-06
 1.40034137E-06
 1.40228129E-06
 1.40423513E-06
 1.20218063E-06
 1.17597064E-06
 1.16003988E-06
 1.27706976E-06
 1.27523374E-06
 1.27335116E-06
 1.27176968E-06
 1.27041815E-06
 1.26925114E-06
 1.26823447E-06
 1.26734539E-06
 1.26656399E-06
 1.26587709E-06
 1.26527171E-06
 1.26473994E-06
 1.26427381E-06
 1.26386667E-06
 1.26351254E-06
 1.26320820E-06
 1.26294781E-06
 1.26272959E-06
 1.26255020E-06
 1.26240695E-06
 1.26229648E-06
 1.26221831E-06
 1.26216942E-06
 1.26214868E-06
 1.26215579E-06
 1.26218683E-06
 1.26224218E-06
 1.26232143E-06
 1.26242284E-06
 1.26254463E-06
 1.26268709E-06
 1.26284976E-06
 1.26303216E-06
 1.26323246E-06
 1.26345067E-06
 1.26368644E-06
 1.26393944E-06
 1.26420963E-06
 1.26449561E-06
 1.26479776E-06
 1.26511612E-06
 1.26545013E-06
 1.26579918E-06
 1.26616381E-06
 1.26654336E-06
 1.26693764E-06
 1.26734667E-06
 1.26777161E-06
 1.26821089E-06
 1.26866426E-06
 1.26913298E-06
 1.26961683E-06
 1.27011558E-06
 1.27062964E-06
 1.27115957E-06
 1.27170426E-06
 1.27226425E-06
 1.27284071E-06
 1.27343266E-06
 1.27404155E-06
 1.27466682E-06
 1.27531019E-06
 1.27597045E-06
 1.27664900E-06
 1.27658935E-06
 1.27609466E-06
 1.27561971E-06
 1.27516636E-06
 1.27473347E-06
 1.27432214E-06
 1.27393450E-06
 1.27356954E-06
 1.27322975E-06
 1.27291662E-06
 1.27262939E-06
 1.27237102E-06
 1.27214348E-06
 1.27194654E-06
 1.27178261E-06
 1.27165437E-06
 1.27156351E-06
 1.27151278E-06
 1.27150400E-06
 1.27153921E-06
 1.27162391E-06
 1.27175924E-06
 1.27195121E-06
 1.27220234E-06
 1.27251727E-06
 1.27290263E-06
 1.27336382E-06
 1.27390768E-06
 1.27454270E-06
 1.27527578E-06
 1.27611796E-06
 1.28041947E-06
 1.29220070E-06
 1.30413047E-06
 1.31622654E-06
 1.32850854E-06
 1.22342157E-06
 1.24400466E-06
 1.26563201E-06
 1.27583631E-06
 1.27399298E-06
 1.27377895E-06
 1.27548860E-06
 2.92739761E-02
 8.06013634E-02
 2.56599000E-01
 0.00000000E+00
 0.00000000E+00
 0.00000000E+00
 0.00000000E+00
 0.00000000E+00
 0.00000000E+00
 0.00000000E+00
 0.00000000E+00
 0.00000000E+00
 0.00000000E+00
 0.00000000E+00
 0.00000000E+00
 0.00000000E+00
 0.00000000E+00
 0.00000000E+00
 0.00000000E+00
 3.37023264E-01
 9.06311644E-02
 4.32503349E-02
 3.47120784E-08
 5.01554100E-07
 6.24512852E-07
 4.08913462E-07
 1.86259021E-07
 1.20563641E-06
 1.90002556E-06
 2.27493317E-06
 2.33591161E-06
 2.08855936E-06
 1.53852153E-06
 6.91490353E-07
 5.88084399E-07
 2.17204773E-06
 3.47215602E-06
 4.49430144E-06
 5.24442594E-06
 5.72852174E-06
 5.95263189E-06
 5.92285081E-06
 5.86352622E-06
 5.76718313E-06
 5.43495359E-06
 4.87314413E-06
 4.08811558E-06
 3.08628356E-06
 1.87411919E-06
 4.58149623E-07
 8.88464794E-07
 2.05356178E-06
 3.03063063E-06
 3.82643619E-06
 4.44780258E-06
 4.90161393E-06
 5.19481503E-06
 5.33441200E-06
 5.32747299E-06
 5.18112890E-06
 4.90257408E-06
 4.49906704E-06
 3.97793122E-06
 3.34655567E-06
 2.61239589E-06
 1.81834268E-06
 2.03222266E-06
 2.16452321E-06
 2.22297617E-06
 2.21538372E-06
 2.14961925E-06
 2.03362811E-06
 1.87542854E-06
 1.68311247E-06
 1.46484642E-06
 1.22887234E-06
 9.83508556E-07
 7.37150636E-07
 4.98272323E-07
 2.75426471E-07
 7.72459880E-08
 2.83654607E-07
 9.28718933E-07
 1.52201274E-06
 2.05457472E-06
 2.51735859E-06
 2.90123205E-06
 3.19697572E-06
 3.39528210E-06
 3.48675447E-06
 3.46190579E-06
 3.31115763E-06
 3.02483897E-06
 2.59318510E-06
 2.00633646E-06
 1.25433742E-06
 3.27135107E-07
 9.76883824E-07
 2.11777253E-06
 3.04939213E-06
 3.76129668E-06
 4.24293681E-06
 4.48365838E-06
 4.47270113E-06
 4.19919733E-06
 4.63906327E-06
 4.91411049E-06
 4.89186562E-06
 4.56102108E-06
 3.91015474E-06
 2.92772845E-06
 1.60208651E-06
 1.34863986E-07
 1.49948820E-06
 2.48067131E-06
 3.06628488E-06
 3.24407506E-06
 3.00166102E-06
 2.32653317E-06
 1.20605148E-06
 4.91629712E-07
 2.12618463E-06
 3.27181806E-06
 3.91536551E-06
 4.04352314E-06
 3.64284588E-06
 2.69974551E-06
 1.20048866E-06
 9.81737631E-07
 2.87938869E-06
 4.17287646E-06
 4.84788677E-06
 4.88995019E-06
 4.28443991E-06
 3.01656950E-06
 1.07139067E-06
 1.61504438E-06
 3.76687405E-06
 5.18850727E-06
 5.86435097E-06
 5.77863868E-06
 4.91542806E-06
 3.25859837E-06
 7.91847866E-07
 1.87209692E-06
 3.56061102E-06
 4.38183164E-06
 4.31873585E-06
 4.53303215E-06
 4.05813305E-06
 2.64490797E-06
 2.75547071E-07
 2.35825122E-06
 3.90138751E-06
 4.42641476E-06
 3.93157956E-06
 4.52191728E-06
 4.03496646E-06
 2.45145435E-06
 3.04310369E-07
 2.35758593E-06
 3.24790823E-06
 2.95510478E-06
 2.15707785E-06
 3.32004061E-06
 3.23319979E-06
 1.87541498E-06
 8.46251919E-07
 2.97994654E-06
 3.77042967E-06
 3.19554509E-06
 2.80290849E-06
 3.89205275E-06
 3.54243334E-06
 1.73080234E-06
 1.49181161E-06
 3.66951568E-06
 4.30555630E-06
 3.37553922E-06
 3.52593715E-06
 4.48803154E-06
 3.80314087E-06
 1.44563536E-06
 1.03826713E-04
 2.72551813E-04
 4.39327600E-04
 2.29038311E-04
 6.38908558E-05
 1.88971013E-06
 8.52589017E-06
 5.12401573E-07
 1.24226415E-06
 1.24450161E-06
 6.52650040E-05
 9.46855825E-06
 1.25115164E-06
 1.25337278E-06
 1.25565387E-06
 1.13622881E-06
 1.15173196E-06
 1.16838294E-06
 1.18505024E-06
 1.20146014E-06
 1.21116310E-06
 1.22088249E-06
 1.23061831E-06
 1.23932818E-06
 3.27282075E-06
 1.24218415E-06
 1.24361777E-06
 1.24506122E-06
 1.24649546E-06
 1.24794701E-06
 1.24941581E-06
 1.25088173E-06
 1.25231665E-06
 1.25376944E-06
 1.25523982E-06
 1.25672848E-06
 1.25823493E-06
 1.25975983E-06
 1.26130295E-06
 1.26515754E-06
 1.27162908E-06
 1.27811946E-06
 1.28462895E-06
 1.29115702E-06
 1.29770466E-06
 1.30427133E-06
 1.31085727E-06
 1.19606701E-06
 1.19967306E-06
 1.20328443E-06
 1.20690114E-06
 1.21052330E-06
 1.21415066E-06
 1.21778305E-06
 1.22142136E-06
 1.22245818E-06
 1.22289930E-06
 1.22334603E-06
 1.22379812E-06
 1.22425591E-06
 1.22471922E-06
 1.22518841E-06
 1.22566298E-06
 1.22614358E-06
 1.22662971E-06
 1.22712203E-06
 1.22762004E-06
 1.22812408E-06
 1.22863399E-06
 1.22915014E-06
 1.22967198E-06
 1.23020023E-06
 1.23073436E-06
 1.23127504E-06
 1.23182180E-06
 1.23237503E-06
 1.23293445E-06
 1.23350054E-06
 1.23407300E-06
 1.23465168E-06
 1.23523728E-06
 1.23582925E-06
 1.23642803E-06
 1.23703373E-06
 1.23764607E-06
 1.23826482E-06
 1.23977274E-06
 1.24216999E-06
 1.24457392E-06
 1.24698471E-06
 1.24940280E-06
 1.25182799E-06
 1.25426069E-06
 1.25670073E-06
 1.25914778E-06
 1.26160237E-06
 1.26406501E-06
 1.26653466E-06
 1.26901224E-06
 1.27149709E-06
 1.27399048E-06
 1.27649141E-06
 1.27899998E-06
 1.28151711E-06
 1.28404181E-06
 1.28657453E-06
 1.28911625E-06
 1.29166551E-06
 1.29422365E-06
 1.29679045E-06
 1.29936518E-06
 1.30194888E-06
 1.30454118E-06
 1.30714232E-06
 1.30975245E-06
 1.31237173E-06
 1.31499945E-06
 1.31763702E-06
 1.32028343E-06
 1.32293914E-06
 1.32560487E-06
 1.32827942E-06
 1.33096430E-06
 1.33365837E-06
 1.33636266E-06
 1.33907650E-06
 1.34180098E-06
 1.34453537E-06
 1.34728031E-06
 1.35003509E-06
 1.35280081E-06
 1.35557675E-06
 1.35836404E-06
 1.36116200E-06
 1.36397127E-06
 1.24660893E-06
 1.24815481E-06
 1.24970368E-06
 1.25125570E-06
 1.25281089E-06
 1.25436880E-06
 1.25593051E-06
 1.25749511E-06
 1.25906261E-06
 1.26063359E-06
 1.26220812E-06
 1.26378576E-06
 1.26536718E-06
 1.26695123E-06
 1.26853969E-06
 1.27013094E-06
 1.27172623E-06
 1.27332559E-06
 1.27492798E-06
 1.27653411E-06
 1.27814450E-06
 1.27975872E-06
 1.28137630E-06
 1.28299845E-06
 1.28462469E-06
 1.28625452E-06
 1.28788915E-06
 1.28952757E-06
 1.29117037E-06
 1.29281773E-06
 1.29446976E-06
 1.29612643E-06
 1.29778731E-06
 1.29945313E-06
 1.30112399E-06
 1.30279921E-06
 1.30447980E-06
 1.30616561E-06
 1.30785627E-06
 1.30955249E-06
 1.31125432E-06
 1.31296134E-06
 1.31467419E-06
 1.31639238E-06
 1.31811672E-06
 1.31984735E-06
 1.32158432E-06
 1.32332712E-06
 1.32507655E-06
 1.32683273E-06
 1.32859516E-06
 1.33036529E-06
 1.33214265E-06
 1.33392729E-06
 1.33571864E-06
 1.33751905E-06
 1.33932642E-06
 1.34114245E-06
 1.34296734E-06
 1.34480027E-06
 1.34664237E-06
 1.34849449E-06
 1.35035597E-06
 1.35222702E-06
 1.35410853E-06
 1.35600146E-06
 1.35790527E-06
 1.35982002E-06
 1.36174750E-06
 1.36368697E-06
 1.36564044E-06
 1.36760702E-06
 1.16840348E-06
 1.13961321E-06
 1.12292446E-06
 1.23968514E-06
 1.23778026E-06
 1.23584990E-06
 1.23423130E-06
 1.23285190E-06
 1.23166172E-06
 1.23062784E-06
 1.22972318E-06
 1.22892866E-06
 1.22823151E-06
 1.22761746E-06
 1.22707890E-06
 1.22660622E-06
 1.22619484E-06
 1.22583712E-06
 1.22552897E-06
 1.22526652E-06
 1.22504738E-06
 1.22486619E-06
 1.22472234E-06
 1.22461195E-06
 1.22453423E-06
 1.22448563E-06
 1.22446675E-06
 1.22447445E-06
 1.22450776E-06
 1.22456549E-06
 1.22464710E-06
 1.22475040E-06
 1.22487651E-06
 1.22502225E-06
 1.22518786E-06
 1.22537338E-06
 1.22557762E-06
 1.22579999E-06
 1.22604091E-06
 1.22629814E-06
 1.22657267E-06
 1.22686418E-06
 1.22717093E-06
 1.22749486E-06
 1.22783355E-06
 1.22818829E-06
 1.22855849E-06
 1.22894331E-06
 1.22934413E-06
 1.22975941E-06
 1.23018981E-06
 1.23063579E-06
 1.23109563E-06
 1.23157148E-06
 1.23206230E-06
 1.23256777E-06
 1.23308848E-06
 1.23362498E-06
 1.23417688E-06
 1.23474470E-06
 1.23532823E-06
 1.23592795E-06
 1.23654533E-06
 1.23717827E-06
 1.23782913E-06
 1.23849775E-06
 1.23918475E-06
 1.23912649E-06
 1.23862861E-06
 1.23815046E-06
 1.23769287E-06
 1.23725587E-06
 1.23684245E-06
 1.23645067E-06
 1.23608385E-06
 1.23574229E-06
 1.23542525E-06
 1.23513655E-06
 1.23487693E-06
 1.23464714E-06
 1.23444933E-06
 1.23428488E-06
 1.23415505E-06
 1.23406430E-06
 1.23401193E-06
 1.23400331E-06
 1.23403986E-06
 1.23412500E-06
 1.23426204E-06
 1.23445491E-06
 1.23470831E-06
 1.23502638E-06
 1.23541493E-06
 1.23587954E-06
 1.23642877E-06
 1.23706779E-06
 1.23780720E-06
 1.23865640E-06
 1.24299075E-06
 1.25486086E-06
 1.26687982E-06
 1.27906673E-06
 1.29144167E-06
 1.18556278E-06
 1.20629497E-06
 1.22807899E-06
 1.23835797E-06
 1.23650361E-06
 1.23629299E-06
 1.23801742E-06
 2.69534460E-02
 7.42120230E-02
 2.48625456E-01
 0.00000000E+00
 0.00000000E+00
 0.00000000E+00
 0.00000000E+00
 0.00000000E+00
 0.00000000E+00
 0.00000000E+00
 0.00000000E+00
 0.00000000E+00
 0.00000000E+00
 0.00000000E+00
 0.00000000E+00
 0.00000000E+00
 0.00000000E+00
 0.00000000E+00
 0.00000000E+00
 3.29045159E-01
 8.28346242E-02
 3.95297137E-02
 3.55844195E-08
 5.02555678E-07
 6.25553076E-07
 4.09901183E-07
 1.87196909E-07
 1.20688647E-06
 1.90149410E-06
 2.27652592E-06
 2.33753371E-06
 2.09011534E-06
 1.53991533E-06
 6.92625288E-07
 5.87835459E-07
 2.16835775E-06
 3.46493055E-06
 4.48344541E-06
 5.22984360E-06
 5.71011670E-06
 5.93030707E-06
 5.89650847E-06
 5.83734549E-06
 5.74507437E-06
 5.41680535E-06
 4.85884428E-06
 4.07755127E-06
 3.07934125E-06
 1.87068461E-06
 4.58107798E-07
 8.83050545E-07
 2.03874183E-06
 3.00630525E-06
 3.79250484E-06
 4.40416393E-06
 4.84816585E-06
 5.13145456E-06
 5.26103534E-06
 5.24397553E-06
 5.08740517E-06
 4.79851776E-06
 4.38457093E-06
 3.85288723E-06
 3.21085486E-06
 2.46592837E-06
 1.66169102E-06
 1.88675268E-06
 2.03009150E-06
 2.09943844E-06
 2.10259480E-06
 2.04743302E-06
 1.94189756E-06
 1.79400572E-06
 1.61184848E-06
 1.40359141E-06
 1.17747549E-06
 9.41818070E-07
 7.05013714E-07
 4.75535167E-07
 2.61934257E-07
 7.28428604E-08
 2.82015109E-07
 9.26003425E-07
 1.51836968E-06
 2.05015368E-06
 2.51231026E-06
 2.89570826E-06
 3.19112946E-06
 3.38926753E-06
 3.48072693E-06
 3.45602183E-06
 3.30557501E-06
 3.01971669E-06
 2.58868340E-06
 2.00261685E-06
 1.25156270E-06
 3.25469376E-07
 9.94407366E-07
 2.16163319E-06
 3.11972423E-06
 3.85823603E-06
 4.36662070E-06
 4.63422557E-06
 4.65029191E-06
 4.40395352E-06
 4.82231338E-06
 5.07007417E-06
 5.02076278E-06
 4.66307305E-06
 3.98558429E-06
 2.97675983E-06
 1.62494544E-06
 1.33343503E-07
 1.49728634E-06
 2.47798495E-06
 3.06331254E-06
 3.24101698E-06
 2.99871913E-06
 2.32391116E-06
 1.20395481E-06
 4.89880618E-07
 2.12373574E-06
 3.26888227E-06
 3.91215758E-06
 4.04025970E-06
 3.63974551E-06
 2.69702870E-06
 1.19837791E-06
 9.79735661E-07
 2.87666860E-06
 4.16966892E-06
 4.84442453E-06
 4.88646813E-06
 4.28117506E-06
 3.01376106E-06
 1.06928007E-06
 1.61276219E-06
 3.76385568E-06
 5.18500317E-06
 5.86061393E-06
 5.77492388E-06
 4.91199309E-06
 3.25570328E-06
 7.89755191E-07
 1.85911079E-06
 3.53302948E-06
 4.33994472E-06
 4.26283617E-06
 4.48652366E-06
 4.02581703E-06
 2.62705035E-06
 2.72416639E-07
 2.40225680E-06
 3.99548524E-06
 4.57083881E-06
 4.12577314E-06
 4.66532106E-06
 4.12794971E-06
 2.49438919E-06
 2.98513011E-07
 2.31252566E-06
 3.16395339E-06
 2.83262682E-06
 2.01013911E-06
 3.21145176E-06
 3.16324968E-06
 1.84439623E-06
 8.31993516E-07
 2.92069673E-06
 3.66659337E-06
 3.04753076E-06
 2.64190221E-06
 3.77516091E-06
 3.46997169E-06
 1.70309099E-06
 1.46683813E-06
 3.59325687E-06
 4.17845791E-06
 3.19805099E-06
 3.35086911E-06
 4.36342094E-06
 3.72933450E-06
 1.42298499E-06
 9.50494814E-05
 2.49388663E-04
 4.01795249E-04
 2.38725135E-04
 6.77771446E-05
 3.72048968E-06
 7.73690537E-06
 4.10489719E-07
 1.19372792E-06
 1.19577230E-06
 6.66133887E-05
 9.72706808E-06
 1.20183723E-06
 1.20386192E-06
 1.20594671E-06
 1.08669481E-06
 1.10239869E-06
 1.11927288E-06
 1.13616317E-06
 1.15279108E-06
 1.16258066E-06
 1.17238665E-06
 1.18220924E-06
 1.19099252E-06
 3.40936072E-06
 1.19380594E-06
 1.19521785E-06
 1.19664006E-06
 1.19805231E-06
 1.19948205E-06
 1.20092922E-06
 1.20237333E-06
 1.20378520E-06
 1.20521515E-06
 1.20666314E-06
 1.20812912E-06
 1.20961357E-06
 1.21111597E-06
 1.21263703E-06
 1.21651456E-06
 1.22306003E-06
 1.22962435E-06
 1.23620745E-06
 1.24280986E-06
 1.24943157E-06
 1.25607252E-06
 1.26273324E-06
 1.14753251E-06
 1.15119454E-06
 1.15486191E-06
 1.15853472E-06
 1.16221276E-06
 1.16589636E-06
 1.16958480E-06
 1.17327920E-06
 1.17432156E-06
 1.17475628E-06
 1.17519638E-06
 1.17564249E-06
 1.17609382E-06
 1.17655103E-06
 1.17701391E-06
 1.17748252E-06
 1.17795666E-06
 1.17843700E-06
 1.17892333E-06
 1.17941514E-06
 1.17991337E-06
 1.18041753E-06
 1.18092773E-06
 1.18144401E-06
 1.18196616E-06
 1.18249492E-06
 1.18302969E-06
 1.18357093E-06
 1.18411870E-06
 1.18467250E-06
 1.18523304E-06
 1.18580005E-06
 1.18637369E-06
 1.18695368E-06
 1.18754050E-06
 1.18813387E-06
 1.18873425E-06
 1.18934176E-06
 1.18995577E-06
 1.19146884E-06
 1.19388101E-06
 1.19630040E-06
 1.19872639E-06
 1.20116020E-06
 1.20360079E-06
 1.20604901E-06
 1.20850433E-06
 1.21096756E-06
 1.21343765E-06
 1.21591590E-06
 1.21840133E-06
 1.22089514E-06
 1.22339598E-06
 1.22590510E-06
 1.22842227E-06
 1.23094721E-06
 1.23348010E-06
 1.23602099E-06
 1.23857051E-06
 1.24112831E-06
 1.24369426E-06
 1.24626878E-06
 1.24885165E-06
 1.25144343E-06
 1.25404390E-06
 1.25665275E-06
 1.25927098E-06
 1.26189791E-06
 1.26453370E-06
 1.26717897E-06
 1.26983339E-06
 1.27249673E-06
 1.27517008E-06
 1.27785263E-06
 1.28054508E-06
 1.28324713E-06
 1.28595897E-06
 1.28868033E-06
 1.29141230E-06
 1.29415412E-06
 1.29690651E-06
 1.29966921E-06
 1.30244233E-06
 1.30522614E-06
 1.30802034E-06
 1.31082558E-06
 1.31364215E-06
 1.31646928E-06
 1.19834667E-06
 1.19990146E-06
 1.20145986E-06
 1.20302145E-06
 1.20458626E-06
 1.20615384E-06
 1.20772479E-06
 1.20929863E-06
 1.21087595E-06
 1.21245691E-06
 1.21404039E-06
 1.21562806E-06
 1.21721903E-06
 1.21881329E-06
 1.22041094E-06
 1.22201257E-06
 1.22361768E-06
 1.22522588E-06
 1.22683883E-06
 1.22845500E-06
 1.23007498E-06
 1.23169884E-06
 1.23332676E-06
 1.23495925E-06
 1.23659478E-06
 1.23823514E-06
 1.23987977E-06
 1.24152833E-06
 1.24318193E-06
 1.24483962E-06
 1.24650129E-06
 1.24816841E-06
 1.24983982E-06
 1.25151624E-06
 1.25319713E-06
 1.25488324E-06
 1.25657400E-06
 1.25827018E-06
 1.25997189E-06
 1.26167864E-06
 1.26339109E-06
 1.26510878E-06
 1.26683247E-06
 1.26856157E-06
 1.27029692E-06
 1.27203863E-06
 1.27378614E-06
 1.27553957E-06
 1.27730042E-06
 1.27906820E-06
 1.28084224E-06
 1.28262277E-06
 1.28441118E-06
 1.28620714E-06
 1.28801065E-06
 1.28982181E-06
 1.29164164E-06
 1.29346869E-06
 1.29530540E-06
 1.29715041E-06
 1.29900383E-06
 1.30086818E-06
 1.30274128E-06
 1.30462487E-06
 1.30651822E-06
 1.30842329E-06
 1.31033916E-06
 1.31226619E-06
 1.31420606E-06
 1.31615900E-06
 1.31812426E-06
 1.32010370E-06
 1.12467064E-06
 1.09250642E-06
 1.07498671E-06
 1.19142883E-06
 1.18945143E-06
 1.18747080E-06
 1.18581467E-06
 1.18440671E-06
 1.18319304E-06
 1.18213975E-06
 1.18121909E-06
 1.18041276E-06
 1.17970478E-06
 1.17908233E-06
 1.17853515E-06
 1.17805704E-06
 1.17763967E-06
 1.17727839E-06
 1.17696749E-06
 1.17670226E-06
 1.17648072E-06
 1.17629921E-06
 1.17615368E-06
 1.17604346E-06
 1.17596622E-06
 1.17591903E-06
 1.17590078E-06
 1.17591031E-06
 1.17594482E-06
 1.17600524E-06
 1.17608929E-06
 1.17619505E-06
 1.17632312E-06
 1.17647330E-06
 1.17664231E-06
 1.17683145E-06
 1.17703965E-06
 1.17726612E-06
 1.17751071E-06
 1.17777329E-06
 1.17805229E-06
 1.17834786E-06
 1.17866035E-06
 1.17898852E-06
 1.17933306E-06
 1.17969348E-06
 1.18006911E-06
 1.18045982E-06
 1.18086637E-06
 1.18128782E-06
 1.18172490E-06
 1.18217588E-06
 1.18264357E-06
 1.18312486E-06
 1.18362248E-06
 1.18413461E-06
 1.18466258E-06
 1.18520624E-06
 1.18576524E-06
 1.18634082E-06
 1.18693202E-06
 1.18753930E-06
 1.18816415E-06
 1.18880631E-06
 1.18946455E-06
 1.19014139E-06
 1.19083655E-06
 1.19077954E-06
 1.19027725E-06
 1.18979565E-06
 1.18933467E-06
 1.18889524E-06
 1.18847853E-06
 1.18808453E-06
 1.18771350E-06
 1.18736885E-06
 1.18705106E-06
 1.18675949E-06
 1.18649833E-06
 1.18626602E-06
 1.18606712E-06
 1.18590177E-06
 1.18577140E-06
 1.18568039E-06
 1.18562827E-06
 1.18561946E-06
 1.18565633E-06
 1.18574231E-06
 1.18588007E-06
 1.18607497E-06
 1.18633038E-06
 1.18665123E-06
 1.18704355E-06
 1.18751293E-06
 1.18806548E-06
 1.18870994E-06
 1.18945533E-06
 1.19031123E-06
 1.19467910E-06
 1.20663775E-06
 1.21874661E-06
 1.23102517E-06
 1.24349274E-06
 1.13681480E-06
 1.15769618E-06
 1.17963705E-06
 1.18999237E-06
 1.18812893E-06
 1.18791955E-06
 1.18966120E-06
 2.46332263E-02
 6.78235563E-02
 2.40653007E-01
 0.00000000E+00
 0.00000000E+00
 0.00000000E+00
 0.00000000E+00
 0.00000000E+00
 0.00000000E+00
 0.00000000E+00
 0.00000000E+00
 0.00000000E+00
 0.00000000E+00
 0.00000000E+00
 0.00000000E+00
 0.00000000E+00
 0.00000000E+00
 0.00000000E+00
 0.00000000E+00
 3.21067114E-01
 7.50381424E-02
 3.58091203E-02
 3.66457457E-08
 5.03747229E-07
 6.26784274E-07
 4.11080885E-07
 1.88327794E-07
 1.20833055E-06
 1.90315769E-06
 2.27831476E-06
 2.33935294E-06
 2.09186952E-06
 1.54150839E-06
 6.93960567E-07
 5.87787956E-07
 2.16487032E-06
 3.45790878E-06
 4.47279421E-06
 5.21546725E-06
 5.69191881E-06
 5.90819058E-06
 5.87037564E-06
 5.81137542E-06
 5.72317741E-06
 5.39887006E-06
 4.84475853E-06
 4.06720223E-06
 3.07261539E-06
 1.86746768E-06
 4.58284822E-07
 8.77856431E-07
 2.02414335E-06
 2.98220268E-06
 3.75879766E-06
 4.36075082E-06
 4.79494468E-06
 5.06832239E-06
 5.18788841E-06
 5.16070922E-06
 4.99391402E-06
 4.69469545E-06
 4.27031029E-06
 3.72808020E-06
 3.07539248E-06
 2.31970080E-06
 1.50528082E-06
 1.74152549E-06
 1.89590394E-06
 1.97614623E-06
 1.99005276E-06
 1.94549507E-06
 1.85041669E-06
 1.71283400E-06
 1.54083703E-06
 1.34259039E-06
 1.12633411E-06
 9.00384522E-07
 6.73135227E-07
 4.53057954E-07
 2.48703514E-07
 6.87027488E-08
 2.80111008E-07
 9.23021668E-07
 1.51445870E-06
 2.04546304E-06
 2.50699063E-06
 2.88991146E-06
 3.18500845E-06
 3.38297645E-06
 3.47442112E-06
 3.44985781E-06
 3.29971051E-06
 3.01431070E-06
 2.58389614E-06
 1.99860982E-06
 1.24849867E-06
 3.23512421E-07
 1.01163757E-06
 2.20519830E-06
 3.18975858E-06
 3.95487539E-06
 4.49000231E-06
 4.78448820E-06
 4.82757581E-06
 4.60840050E-06
 5.00525240E-06
 5.22572494E-06
 5.14934519E-06
 4.76480839E-06
 4.06069533E-06
 3.02547078E-06
 1.64748200E-06
 1.31498681E-07
 1.49475790E-06
 2.47496973E-06
 3.06000905E-06
 3.23762541E-06
 2.99544141E-06
 2.32095094E-06
 1.20151751E-06
 4.87788461E-07
 2.12094135E-06
 3.26559851E-06
 3.90859916E-06
 4.03664324E-06
 3.63628954E-06
 2.69395371E-06
 1.19590635E-06
 9.77370236E-07
 2.87358239E-06
 4.16609255E-06
