 0.00000000E+00
 0.00000000E+00
 0.00000000E+00
 0.00000000E+00
 0.00000000E+00
 0.00000000E+00
 0.00000000E+00
 0.00000000E+00
 0.00000000E+00
 0.00000000E+00
 0.00000000E+00
 0.00000000E+00
 0.00000000E+00
 0.00000000E+00
 0.00000000E+00
 0.00000000E+00
 0.00000000E+00
 0.00000000E+00
 0.00000000E+00
 0.00000000E+00
 0.00000000E+00
 0.00000000E+00
 0.00000000E+00
 0.00000000E+00
 0.00000000E+00
 0.00000000E+00
 0.00000000E+00
 0.00000000E+00
 0.00000000E+00
 0.00000000E+00
 0.00000000E+00
 0.00000000E+00
 0.00000000E+00
 0.00000000E+00
 0.00000000E+00
 0.00000000E+00
 0.00000000E+00
 0.00000000E+00
 0.00000000E+00
 0.00000000E+00
 0.00000000E+00
 0.00000000E+00
 0.00000000E+00
 0.00000000E+00
 0.00000000E+00
 0.00000000E+00
 0.00000000E+00
 0.00000000E+00
 0.00000000E+00
 0.00000000E+00
 0.00000000E+00
 0.00000000E+00
 0.00000000E+00
 0.00000000E+00
 0.00000000E+00
 0.00000000E+00
 0.00000000E+00
 0.00000000E+00
 0.00000000E+00
 0.00000000E+00
 0.00000000E+00
 0.00000000E+00
 0.00000000E+00
 0.00000000E+00
 0.00000000E+00
 0.00000000E+00
 0.00000000E+00
 0.00000000E+00
 0.00000000E+00
 0.00000000E+00
 0.00000000E+00
 0.00000000E+00
 0.00000000E+00
 0.00000000E+00
 0.00000000E+00
 0.00000000E+00
 0.00000000E+00
 0.00000000E+00
 0.00000000E+00
 0.00000000E+00
 0.00000000E+00
 0.00000000E+00
 0.00000000E+00
 0.00000000E+00
 0.00000000E+00
 0.00000000E+00
 0.00000000E+00
 0.00000000E+00
 0.00000000E+00
 0.00000000E+00
 0.00000000E+00
 0.00000000E+00
 0.00000000E+00
 0.00000000E+00
 0.00000000E+00
 0.00000000E+00
 0.00000000E+00
 0.00000000E+00
 0.00000000E+00
 0.00000000E+00
 0.00000000E+00
 0.00000000E+00
 0.00000000E+00
 0.00000000E+00
 0.00000000E+00
 0.00000000E+00
 0.00000000E+00
 0.00000000E+00
 0.00000000E+00
 0.00000000E+00
 0.00000000E+00
 0.00000000E+00
 0.00000000E+00
 0.00000000E+00
 0.00000000E+00
 0.00000000E+00
 0.00000000E+00
 0.00000000E+00
 0.00000000E+00
 0.00000000E+00
 0.00000000E+00
 0.00000000E+00
 0.00000000E+00
 0.00000000E+00
 0.00000000E+00
 0.00000000E+00
 0.00000000E+00
 0.00000000E+00
 0.00000000E+00
 0.00000000E+00
 0.00000000E+00
 0.00000000E+00
 0.00000000E+00
 0.00000000E+00
 0.00000000E+00
 0.00000000E+00
 0.00000000E+00
 0.00000000E+00
 0.00000000E+00
 0.00000000E+00
 0.00000000E+00
 0.00000000E+00
 0.00000000E+00
 0.00000000E+00
 0.00000000E+00
 0.00000000E+00
 0.00000000E+00
 0.00000000E+00
 0.00000000E+00
 0.00000000E+00
 0.00000000E+00
 0.00000000E+00
 0.00000000E+00
 0.00000000E+00
 0.00000000E+00
 0.00000000E+00
 0.00000000E+00
 0.00000000E+00
 0.00000000E+00
 0.00000000E+00
 0.00000000E+00
 6.17851239E-01
 5.93547589E-01
 5.69243940E-01
 5.47426326E-01
 5.27202325E-01
 5.06978323E-01
 4.86754322E-01
 4.69366992E-01
 4.53222699E-01
 4.43105527E-01
 4.35124952E-01
 4.23954525E-01
 4.11890940E-01
 4.03193281E-01
 3.88306146E-01
 3.75700183E-01
 3.63636598E-01
 3.51573012E-01
 3.39509426E-01
 3.27445841E-01
 3.15382255E-01
 3.03318670E-01
 2.91255084E-01
 2.79191499E-01
 2.67127913E-01
 2.55064328E-01
 2.44020649E-01
 2.39517669E-01
 2.36211988E-01
 2.32307658E-01
 2.28403327E-01
 2.24498997E-01
 2.20594667E-01
 2.16690336E-01
 2.12786006E-01
 2.08881675E-01
 2.04977345E-01
 2.01073015E-01
 1.97168684E-01
 1.93264354E-01
 1.89360024E-01
 1.85455693E-01
 1.81551363E-01
 1.77647032E-01
 1.73742702E-01
 1.69838372E-01
 1.65934041E-01
 1.62029711E-01
 1.58125381E-01
 1.54221050E-01
 1.50316720E-01
 1.46412389E-01
 1.42508059E-01
 1.38603729E-01
 1.34699398E-01
 1.30795068E-01
 1.26890738E-01
 1.22986407E-01
 1.19082077E-01
 1.15177746E-01
 1.11273416E-01
 1.07369086E-01
 1.03464755E-01
 9.95604248E-02
 9.56560945E-02
 9.17517641E-02
 8.78474337E-02
 8.39431033E-02
 8.00387730E-02
 7.61344426E-02
 7.22301122E-02
 6.83257818E-02
 6.44214515E-02
 6.05171211E-02
 5.66127907E-02
 5.27084603E-02
 4.88041299E-02
 4.48997996E-02
 4.09954692E-02
 3.70911388E-02
 3.31868084E-02
 2.92824781E-02
 2.53781477E-02
 2.14738173E-02
 1.75694869E-02
 1.36651565E-02
 9.76082616E-03
 5.85649579E-03
 1.95216541E-03
 2.20930825E-10
 2.22230747E-10
 2.23041819E-10
 2.23972862E-10
 2.25019625E-10
 2.27015359E-10
 2.27129355E-10
 2.28480874E-10
 2.29387210E-10
 2.30676675E-10
 2.31219764E-10
 2.32725154E-10
 2.33772952E-10
 2.34938997E-10
 2.35938186E-10
 2.36758451E-10
 2.37976323E-10
 2.39297274E-10
 2.41287262E-10
 2.41189699E-10
 2.43124642E-10
 2.43543049E-10
 2.45684495E-10
 2.46870191E-10
 2.46834107E-10
 2.47708613E-10
 2.50025534E-10
 2.50607350E-10
 2.51568617E-10
 2.53176856E-10
 2.54104567E-10
 2.54895529E-10
 2.56582255E-10
 2.58121775E-10
 2.58486057E-10
 2.59235764E-10
 2.61385254E-10
 2.61606007E-10
 2.63477057E-10
 2.63949129E-10
 2.66046907E-10
 2.67013230E-10
 2.67844067E-10
 2.68803495E-10
 2.69886227E-10
 2.71340250E-10
 2.72909533E-10
 2.74110283E-10
 2.74942844E-10
 2.76390546E-10
 2.77714485E-10
 2.78921440E-10
 2.79287101E-10
 2.80744916E-10
 2.82324656E-10
 2.83310170E-10
 2.84658011E-10
 2.85899671E-10
 2.87498487E-10
 2.88044679E-10
 2.89429408E-10
 2.90944107E-10
 2.91644975E-10
 2.93174842E-10
 2.94372489E-10
 2.95690797E-10
 2.96916024E-10
 2.98265129E-10
 2.99744778E-10
 3.00667203E-10
 3.01720057E-10
 3.03587085E-10
 3.04678091E-10
 3.05671419E-10
 3.07023052E-10
 3.08500862E-10
 3.09441904E-10
 3.10737803E-10
 3.12614485E-10
 3.13947962E-10
 3.14970248E-10
 3.16567570E-10
 2.68320736E-10
 2.69606983E-10
 2.70049407E-10
 2.70958731E-10
 2.71903220E-10
 2.73098798E-10
 2.73459977E-10
 2.74287252E-10
 2.75151300E-10
 2.76259543E-10
 2.77610372E-10
 2.78140821E-10
 2.78918912E-10
 2.79728146E-10
 2.80782838E-10
 2.81868098E-10
 2.82350742E-10
 2.83495873E-10
 2.84675478E-10
 2.85670300E-10
 2.85865656E-10
 2.86920233E-10
 2.88419648E-10
 2.88714750E-10
 2.89647173E-10
 2.91017422E-10
 2.91604065E-10
 2.92620950E-10
 2.93664956E-10
 2.94729990E-10
 2.95416035E-10
 2.95928097E-10
 2.96859830E-10
 2.98417736E-10
 2.41170968E-10
 2.35359587E-10
 2.32235156E-10
 2.29170480E-10
 2.26965371E-10
 2.24891265E-10
 2.23357491E-10
 2.22494362E-10
 2.21263849E-10
 9.76082814E-04
 4.88041319E-03
 8.78474357E-03
 1.26890740E-02
 1.65934044E-02
 2.04977347E-02
 2.44020651E-02
 2.83063955E-02
 3.22107259E-02
 3.61150563E-02
 4.00193866E-02
 4.39237170E-02
 4.78280474E-02
 5.17323778E-02
 5.56367081E-02
 5.95410385E-02
 6.34453689E-02
 6.73496993E-02
 7.12540297E-02
 7.51583600E-02
 7.90626904E-02
 8.29670208E-02
 8.68713512E-02
 9.07756815E-02
 9.46800119E-02
 9.85843423E-02
 1.02488673E-01
 1.06393003E-01
 1.10297333E-01
 1.14201664E-01
 1.18105994E-01
 1.22010325E-01
 1.25914655E-01
 1.29818985E-01
 1.33723316E-01
 1.37627646E-01
 1.41531976E-01
 1.45436307E-01
 1.49340637E-01
 1.53244968E-01
 1.57149298E-01
 1.61053628E-01
 1.64957959E-01
 1.68862289E-01
 1.72766619E-01
 1.76670950E-01
 1.80575280E-01
 1.84479611E-01
 1.88383941E-01
 1.92288271E-01
 1.96192602E-01
 2.00096932E-01
 2.04001262E-01
 2.07905593E-01
 2.11809923E-01
 2.15714254E-01
 2.19618584E-01
 2.23522914E-01
 2.27427245E-01
 2.31331575E-01
 2.35235905E-01
 2.39140236E-01
 2.43044566E-01
 2.49498664E-01
 2.57482621E-01
 2.65466579E-01
 2.73450536E-01
 2.81434493E-01
 2.89418451E-01
 2.97402408E-01
 3.05386366E-01
 3.13370323E-01
 3.21354281E-01
 3.29338238E-01
 3.37322196E-01
 3.45306153E-01
 3.53290111E-01
 3.61274068E-01
 3.69258026E-01
 3.77241983E-01
 3.85225941E-01
 3.93209898E-01
 4.01193856E-01
 4.09177813E-01
 4.17161770E-01
 4.25145728E-01
 4.33129685E-01
 4.41113643E-01
 4.49097600E-01
 4.57081558E-01
 4.65065515E-01
 4.73049473E-01
 4.81033430E-01
 4.89017388E-01
 4.98272752E-01
 5.10325212E-01
 5.22377672E-01
 5.34430132E-01
 5.46482592E-01
 5.58535052E-01
 5.70587512E-01
 5.82639972E-01
 5.94687050E-01
 6.06728400E-01
 6.18769750E-01
 6.30811100E-01
 6.42846148E-01
 6.54876449E-01
 6.66900115E-01
 6.79555826E-01
 6.94795982E-01
 7.11347277E-01
 7.27830739E-01
 7.44246785E-01
 7.60595825E-01
 7.76878272E-01
 7.93094529E-01
 8.09245000E-01
 8.28756431E-01
 8.48898719E-01
 8.68959788E-01
 8.88940128E-01
 9.12591760E-01
 9.36500596E-01
 9.64225973E-01
 0.00000000E+00
 0.00000000E+00
 0.00000000E+00
 0.00000000E+00
 0.00000000E+00
 0.00000000E+00
 0.00000000E+00
 0.00000000E+00
 0.00000000E+00
 0.00000000E+00
 0.00000000E+00
 0.00000000E+00
 0.00000000E+00
 0.00000000E+00
 0.00000000E+00
 0.00000000E+00
 0.00000000E+00
 0.00000000E+00
 0.00000000E+00
 0.00000000E+00
 0.00000000E+00
 0.00000000E+00
 0.00000000E+00
 0.00000000E+00
 0.00000000E+00
 0.00000000E+00
 0.00000000E+00
 0.00000000E+00
 0.00000000E+00
 0.00000000E+00
 0.00000000E+00
 0.00000000E+00
 0.00000000E+00
 0.00000000E+00
 0.00000000E+00
 0.00000000E+00
 0.00000000E+00
 0.00000000E+00
 0.00000000E+00
 0.00000000E+00
 0.00000000E+00
 0.00000000E+00
 0.00000000E+00
 0.00000000E+00
 0.00000000E+00
 0.00000000E+00
 0.00000000E+00
 0.00000000E+00
 0.00000000E+00
 0.00000000E+00
 0.00000000E+00
 0.00000000E+00
 0.00000000E+00
 0.00000000E+00
 0.00000000E+00
 0.00000000E+00
 0.00000000E+00
 0.00000000E+00
 0.00000000E+00
 0.00000000E+00
 0.00000000E+00
 0.00000000E+00
 0.00000000E+00
 0.00000000E+00
 0.00000000E+00
 0.00000000E+00
 0.00000000E+00
 0.00000000E+00
 0.00000000E+00
 0.00000000E+00
 0.00000000E+00
 0.00000000E+00
 0.00000000E+00
 0.00000000E+00
 0.00000000E+00
 0.00000000E+00
 0.00000000E+00
 0.00000000E+00
 0.00000000E+00
 0.00000000E+00
 0.00000000E+00
 0.00000000E+00
 0.00000000E+00
 0.00000000E+00
 0.00000000E+00
 0.00000000E+00
 0.00000000E+00
 0.00000000E+00
 0.00000000E+00
 0.00000000E+00
 0.00000000E+00
 0.00000000E+00
 0.00000000E+00
 0.00000000E+00
 0.00000000E+00
 0.00000000E+00
 0.00000000E+00
 0.00000000E+00
 0.00000000E+00
 0.00000000E+00
 0.00000000E+00
 0.00000000E+00
 0.00000000E+00
 0.00000000E+00
 0.00000000E+00
 0.00000000E+00
 0.00000000E+00
 0.00000000E+00
 0.00000000E+00
 0.00000000E+00
 0.00000000E+00
 0.00000000E+00
 0.00000000E+00
 0.00000000E+00
 0.00000000E+00
 0.00000000E+00
 0.00000000E+00
 0.00000000E+00
 0.00000000E+00
 0.00000000E+00
 0.00000000E+00
 0.00000000E+00
 0.00000000E+00
 0.00000000E+00
 0.00000000E+00
 0.00000000E+00
 0.00000000E+00
 0.00000000E+00
 0.00000000E+00
 0.00000000E+00
 0.00000000E+00
 0.00000000E+00
 0.00000000E+00
 0.00000000E+00
 0.00000000E+00
 0.00000000E+00
 0.00000000E+00
 0.00000000E+00
 0.00000000E+00
 0.00000000E+00
 0.00000000E+00
 0.00000000E+00
 0.00000000E+00
 0.00000000E+00
 0.00000000E+00
 0.00000000E+00
 0.00000000E+00
 0.00000000E+00
 0.00000000E+00
 0.00000000E+00
 0.00000000E+00
 0.00000000E+00
 0.00000000E+00
 0.00000000E+00
 0.00000000E+00
 0.00000000E+00
 0.00000000E+00
 0.00000000E+00
 0.00000000E+00
 0.00000000E+00
 0.00000000E+00
 5.35559398E-01
 4.95111731E-01
 4.54664064E-01
 4.19188422E-01
 3.86899975E-01
 3.54611527E-01
 3.22323080E-01
 2.95707925E-01
 2.71578818E-01
 2.59503840E-01
 2.51702017E-01
 2.37520550E-01
 2.21552782E-01
 2.12316805E-01
 1.90701990E-01
 1.73649478E-01
 1.57681710E-01
 1.41713942E-01
 1.25746174E-01
 1.09778406E-01
 9.38106379E-02
 7.78428699E-02
 6.18751019E-02
 4.59073339E-02
 2.99395659E-02
 1.39717979E-02
 8.79781978E-10
 1.19728604E-03
 8.81689898E-10
 8.82465569E-10
 8.84007028E-10
 8.85154331E-10
 8.85208916E-10
 8.87161997E-10
 8.87281163E-10
 8.88540278E-10
 8.89813987E-10
 8.91476336E-10
 8.91746959E-10
 8.94208421E-10
 8.94172453E-10
 8.96371336E-10
 8.96080948E-10
 8.97721923E-10
 8.99387719E-10
 9.00402756E-10
 9.02541425E-10
 9.03321692E-10
 9.04521511E-10
 9.05088383E-10
 9.06756592E-10
 9.07475151E-10
 9.08603149E-10
 9.10836966E-10
 9.11792478E-10
 9.12804872E-10
 9.13592723E-10
 9.15468468E-10
 9.17374665E-10
 8.69580125E-10
 8.69088981E-10
 8.69999906E-10
 8.70374641E-10
 8.70566203E-10
 8.70817061E-10
 8.71220295E-10
 8.71071711E-10
 8.71656969E-10
 8.72366334E-10
 8.73191993E-10
 8.72863108E-10
 8.73568107E-10
 8.73786214E-10
 8.73764610E-10
 8.74825958E-10
 8.74729200E-10
 8.74461450E-10
 8.74922371E-10
 8.75197590E-10
 8.76175395E-10
 8.75747570E-10
 8.76656311E-10
 8.76790991E-10
 8.76719859E-10
 8.77074369E-10
 8.77838778E-10
 8.79009294E-10
 8.78526540E-10
 8.78753036E-10
 8.80344023E-10
 8.80645673E-10
 8.82242291E-10
 8.82505214E-10
 8.84041272E-10
 8.84543792E-10
 8.86600642E-10
 8.87919857E-10
 8.88502701E-10
 8.88944891E-10
 8.90898663E-10
 8.91576082E-10
 8.92104802E-10
 8.93579266E-10
 8.95472363E-10
 8.96378001E-10
 8.97400623E-10
 8.97729852E-10
 8.99545037E-10
 9.00137305E-10
 9.02198865E-10
 9.03033602E-10
 9.04010947E-10
 9.04843616E-10
 9.06592380E-10
 9.07679009E-10
 9.09159219E-10
 9.09973960E-10
 9.10401211E-10
 9.12258799E-10
 9.12944607E-10
 9.14543983E-10
 9.14975946E-10
 9.16577160E-10
 9.18303861E-10
 9.19399453E-10
 9.19855547E-10
 9.20702120E-10
 9.22456975E-10
 9.23827902E-10
 9.24825242E-10
 9.25964386E-10
 9.27242117E-10
 9.28654413E-10
 9.29201864E-10
 9.30396627E-10
 9.31710901E-10
 9.32929911E-10
 9.33789814E-10
 9.35779783E-10
 9.36433300E-10
 9.38198037E-10
 9.39384871E-10
 9.40706270E-10
 9.41444478E-10
 9.42565237E-10
 9.43351939E-10
 9.45245840E-10
 9.46554598E-10
 9.47065851E-10
 9.49369766E-10
 9.50171982E-10
 9.51118530E-10
 9.52206653E-10
 9.53908992E-10
 9.55290491E-10
 9.56353332E-10
 9.57106135E-10
 9.58692525E-10
 9.60192156E-10
 9.61608933E-10
 9.62495036E-10
 9.64430651E-10
 9.65836167E-10
 9.66485892E-10
 9.67508054E-10
 9.69128459E-10
 9.70450776E-10
 9.71475926E-10
 9.72867307E-10
 9.74406813E-10
 9.27165929E-10
 9.28177059E-10
 9.28351614E-10
 9.29879398E-10
 9.30568654E-10
 9.30857203E-10
 9.32059206E-10
 9.32860617E-10
 9.33701330E-10
 9.35004112E-10
 9.35492038E-10
 9.36437897E-10
 9.37419609E-10
 9.38444988E-10
 9.39075752E-10
 9.39745587E-10
 9.40665015E-10
 9.41618688E-10
 9.42605572E-10
 9.43624401E-10
 9.44475800E-10
 9.45563923E-10
 9.46476571E-10
 9.47010118E-10
 9.48400580E-10
 9.48591912E-10
 9.49843557E-10
 9.50911110E-10
 9.52008771E-10
 9.52329956E-10
 9.53687208E-10
 9.54672252E-10
 9.55481018E-10
 9.56707383E-10
 9.57356303E-10
 9.00911252E-10
 8.94718870E-10
 8.90851433E-10
 8.88082460E-10
 8.86003547E-10
 8.83781796E-10
 8.82566693E-10
 8.80679343E-10
 8.79487682E-10
 8.78198575E-10
 8.75995555E-10
 8.74542924E-10
 9.22319883E-10
 9.21823683E-10
 9.20340141E-10
 9.19750516E-10
 9.18402687E-10
 9.18061622E-10
 9.16669436E-10
 9.16364454E-10
 9.15462952E-10
 9.14585352E-10
 9.13730276E-10
 9.12920590E-10
 9.11644238E-10
 9.11026345E-10
 9.10324104E-10
 9.09380429E-10
 9.08485362E-10
 9.07745544E-10
 9.07445618E-10
 9.06585485E-10
 9.05817858E-10
 9.04971745E-10
 9.04240431E-10
 9.03435457E-10
 9.02670588E-10
 9.02215068E-10
 9.01445373E-10
 9.00282441E-10
 8.99714765E-10
 8.98768217E-10
 8.98254895E-10
 8.97446474E-10
 8.96808815E-10
 8.96167479E-10
 8.95436280E-10
 8.95058672E-10
 8.94154297E-10
 8.93521120E-10
 8.92822326E-10
 8.91952885E-10
 8.91461397E-10
 8.90810294E-10
 8.90358681E-10
 8.89408915E-10
 8.88933400E-10
 8.88237479E-10
 8.87470657E-10
 8.86752788E-10
 8.86152821E-10
 8.85514702E-10
 8.84842339E-10
 8.84457377E-10
 8.83536569E-10
 8.83154250E-10
 8.82676781E-10
 8.81825612E-10
 8.81197835E-10
 8.80706692E-10
 8.80197622E-10
 8.79590531E-10
 4.88036849E-03
 1.26889567E-02
 2.04975448E-02
 2.83061330E-02
 3.61147212E-02
 4.39233093E-02
 5.17318975E-02
 5.95404857E-02
 6.73490739E-02
 7.51576620E-02
 8.29662502E-02
 9.07748384E-02
 9.85834265E-02
 1.06392015E-01
 1.14200603E-01
 1.22009191E-01
 1.29817779E-01
 1.37626367E-01
 1.45434956E-01
 1.53243544E-01
 1.61052132E-01
 1.68860720E-01
 1.76669308E-01
 1.84477896E-01
 1.92286485E-01
 2.00095073E-01
 2.07903661E-01
 2.15712249E-01
 2.23520837E-01
 2.31329425E-01
 2.39138014E-01
 2.49489392E-01
 2.65434909E-01
 2.81380426E-01
 2.97325943E-01
 3.13271460E-01
 3.29216977E-01
 3.45162493E-01
 3.61108010E-01
 3.77042765E-01
 3.92966062E-01
 4.08889359E-01
 4.24812656E-01
 4.40723350E-01
 4.56624549E-01
 4.72512480E-01
 4.89397987E-01
 5.11484079E-01
 5.36226923E-01
 5.60868362E-01
 5.85409018E-01
 6.09849508E-01
 6.34190444E-01
 6.58432434E-01
 6.82576078E-01
 7.13474667E-01
 7.45667796E-01
 7.77731114E-01
 8.09665404E-01
 8.48974511E-01
 8.88830069E-01
 9.36350556E-01
 0.00000000E+00
 0.00000000E+00
 0.00000000E+00
 0.00000000E+00
 0.00000000E+00
 0.00000000E+00
 0.00000000E+00
 0.00000000E+00
 0.00000000E+00
 0.00000000E+00
 0.00000000E+00
 0.00000000E+00
 0.00000000E+00
 0.00000000E+00
 0.00000000E+00
 0.00000000E+00
 0.00000000E+00
 0.00000000E+00
 0.00000000E+00
 0.00000000E+00
 0.00000000E+00
 0.00000000E+00
 0.00000000E+00
 0.00000000E+00
 0.00000000E+00
 0.00000000E+00
 0.00000000E+00
 0.00000000E+00
 0.00000000E+00
 0.00000000E+00
 0.00000000E+00
 0.00000000E+00
 0.00000000E+00
 0.00000000E+00
 0.00000000E+00
 0.00000000E+00
 0.00000000E+00
 0.00000000E+00
 0.00000000E+00
 0.00000000E+00
 0.00000000E+00
 0.00000000E+00
 0.00000000E+00
 0.00000000E+00
 0.00000000E+00
 0.00000000E+00
 0.00000000E+00
 0.00000000E+00
 0.00000000E+00
 0.00000000E+00
 0.00000000E+00
 0.00000000E+00
 0.00000000E+00
 0.00000000E+00
 0.00000000E+00
 0.00000000E+00
 0.00000000E+00
 0.00000000E+00
 0.00000000E+00
 0.00000000E+00
 0.00000000E+00
 0.00000000E+00
 0.00000000E+00
 0.00000000E+00
 0.00000000E+00
 0.00000000E+00
 0.00000000E+00
 0.00000000E+00
 0.00000000E+00
 0.00000000E+00
 0.00000000E+00
 0.00000000E+00
 0.00000000E+00
 0.00000000E+00
 0.00000000E+00
 0.00000000E+00
 0.00000000E+00
 0.00000000E+00
 0.00000000E+00
 0.00000000E+00
 0.00000000E+00
 0.00000000E+00
 0.00000000E+00
 0.00000000E+00
 0.00000000E+00
 0.00000000E+00
 0.00000000E+00
 0.00000000E+00
 0.00000000E+00
 0.00000000E+00
 0.00000000E+00
 0.00000000E+00
 0.00000000E+00
 0.00000000E+00
 0.00000000E+00
 0.00000000E+00
 0.00000000E+00
 0.00000000E+00
 0.00000000E+00
 0.00000000E+00
 0.00000000E+00
 0.00000000E+00
 0.00000000E+00
 0.00000000E+00
 0.00000000E+00
 0.00000000E+00
 0.00000000E+00
 0.00000000E+00
 0.00000000E+00
 0.00000000E+00
 0.00000000E+00
 0.00000000E+00
 0.00000000E+00
 0.00000000E+00
 0.00000000E+00
 0.00000000E+00
 0.00000000E+00
 0.00000000E+00
 0.00000000E+00
 0.00000000E+00
 0.00000000E+00
 0.00000000E+00
 0.00000000E+00
 0.00000000E+00
 0.00000000E+00
 0.00000000E+00
 0.00000000E+00
 0.00000000E+00
 0.00000000E+00
 0.00000000E+00
 0.00000000E+00
 0.00000000E+00
 0.00000000E+00
 0.00000000E+00
 0.00000000E+00
 0.00000000E+00
 0.00000000E+00
 0.00000000E+00
 0.00000000E+00
 0.00000000E+00
 0.00000000E+00
 0.00000000E+00
 0.00000000E+00
 0.00000000E+00
 0.00000000E+00
 0.00000000E+00
 0.00000000E+00
 0.00000000E+00
 0.00000000E+00
 0.00000000E+00
 0.00000000E+00
 0.00000000E+00
 0.00000000E+00
 0.00000000E+00
 0.00000000E+00
 0.00000000E+00
 0.00000000E+00
 0.00000000E+00
 0.00000000E+00
 0.00000000E+00
 0.00000000E+00
 0.00000000E+00
 5.44063436E-01
 4.91376311E-01
 4.46147153E-01
 4.05698743E-01
 3.65250332E-01
 3.24801922E-01
 2.92863370E-01
 2.64653857E-01
 2.54525366E-01
 2.50806551E-01
 2.37518357E-01
 2.21550737E-01
 2.15680709E-01
 1.91242597E-01
 1.73647877E-01
 1.57680257E-01
 1.41712637E-01
 1.25745017E-01
 1.09777397E-01
 9.38097773E-02
 7.78421574E-02
 6.18745375E-02
 4.59069175E-02
 2.99392976E-02
 1.39716776E-02
 1.01874320E-08
 1.79590343E-03
 1.01883275E-08
 1.01894769E-08
 1.01913952E-08
 1.01922405E-08
 1.01935228E-08
 1.01941058E-08
 1.01947869E-08
 1.01966176E-08
 1.01978005E-08
 1.01983160E-08
 1.01989386E-08
 1.02006965E-08
 1.02018268E-08
 1.02027020E-08
 1.02033523E-08
 1.02055768E-08
 1.02057657E-08
 1.02071359E-08
 1.02086120E-08
 1.02105437E-08
 1.02115027E-08
 1.02126016E-08
 1.02138075E-08
 1.02154660E-08
 1.02169103E-08
 1.02181183E-08
 1.02184385E-08
 1.02212918E-08
 1.02222127E-08
 1.02232648E-08
 1.02237427E-08
 1.01762636E-08
 1.01770662E-08
 1.01773441E-08
 1.01780512E-08
 1.01782256E-08
 1.01782151E-08
 1.01789579E-08
 1.01794983E-08
 1.01788969E-08
 1.01793686E-08
 1.01799658E-08
 1.01803368E-08
 1.01802375E-08
 1.01802463E-08
 1.01810232E-08
 1.01813079E-08
 1.01816789E-08
 1.01822131E-08
 1.01822456E-08
 1.01829997E-08
 1.01826792E-08
 1.01837059E-08
 1.01833335E-08
 1.01834057E-08
 1.01851097E-08
 1.01842146E-08
 1.01843782E-08
 1.01852687E-08
 1.01865605E-08
 1.01865192E-08
 1.01866896E-08
 1.01882282E-08
 1.01895971E-08
 1.01902475E-08
 1.01910269E-08
 1.01930769E-08
 1.01932580E-08
 1.01952874E-08
 1.01957558E-08
 1.01969213E-08
 1.01979442E-08
 1.01996495E-08
 1.02003802E-08
 1.02012568E-08
 1.02022636E-08
 1.02036904E-08
 1.02052416E-08
 1.02055823E-08
 1.02063275E-08
 1.02077545E-08
 1.02090552E-08
 1.02102214E-08
 1.02115363E-08
 1.02127130E-08
 1.02132388E-08
 1.02152400E-08
 1.02163101E-08
 1.02169996E-08
 1.02175830E-08
 1.02198783E-08
 1.02199688E-08
 1.02220231E-08
 1.02221501E-08
 1.02237292E-08
 1.02251776E-08
 1.02262650E-08
 1.02280188E-08
 1.02283897E-08
 1.02294194E-08
 1.02313561E-08
 1.02324374E-08
 1.02334104E-08
 1.02345375E-08
 1.02360659E-08
 1.02372542E-08
 1.02375924E-08
 1.02388371E-08
 1.02407212E-08
 1.02417846E-08
 1.02427553E-08
 1.02446091E-08
 1.02458889E-08
 1.02463547E-08
 1.02474626E-08
 1.02489690E-08
 1.02503982E-08
 1.02512559E-08
 1.02522827E-08
 1.02541790E-08
 1.02552827E-08
 1.02563077E-08
 1.02579665E-08
 1.02590851E-08
 1.02605938E-08
 1.02608697E-08
 1.02627001E-08
 1.02644587E-08
 1.02652231E-08
 1.02661586E-08
 1.02679403E-08
 1.02689703E-08
 1.02703879E-08
 1.02719718E-08
 1.02732665E-08
 1.02742709E-08
 1.02756704E-08
 1.02767781E-08
 1.02778346E-08
 1.02794979E-08
 1.02810996E-08
 1.02826483E-08
 1.02341190E-08
 1.02348457E-08
 1.02360554E-08
 1.02364251E-08
 1.02381483E-08
 1.02383878E-08
 1.02397549E-08
 1.02405135E-08
 1.02415286E-08
 1.02421556E-08
 1.02428222E-08
 1.02439595E-08
 1.02444940E-08
 1.02459267E-08
 1.02469678E-08
 1.02472027E-08
 1.02485328E-08
 1.02490661E-08
 1.02498439E-08
 1.02506613E-08
 1.02515209E-08
 1.02530415E-08
 1.02537610E-08
 1.02545247E-08
 1.02557301E-08
 1.02567702E-08
 1.02572317E-08
 1.02581304E-08
 1.02594750E-08
 1.02600357E-08
 1.02614358E-08
 1.02620552E-08
 1.02631089E-08
 1.02637888E-08
 1.02646952E-08
 1.02090550E-08
 1.02024214E-08
 1.01980711E-08
 1.01954788E-08
 1.01931114E-08
 1.01907236E-08
 1.01893317E-08
 1.01880136E-08
 1.01870252E-08
 1.01853648E-08
 1.01831003E-08
 1.01812430E-08
 1.02294094E-08
 1.02285809E-08
 1.02279169E-08
 1.02271083E-08
 1.02258500E-08
 1.02251379E-08
 1.02244749E-08
 1.02233083E-08
 1.02226462E-08
 1.02215643E-08
 1.02204707E-08
 1.02199685E-08
 1.02187436E-08
 1.02183330E-08
 1.02172576E-08
 1.02166447E-08
 1.02158775E-08
 1.02150453E-08
 1.02144493E-08
 1.02134506E-08
 1.02129790E-08
 1.02121262E-08
 1.02111010E-08
 1.02104406E-08
 1.02096178E-08
 1.02088155E-08
 1.02080558E-08
 1.02076817E-08
 1.02067322E-08
 1.02061837E-08
 1.02054286E-08
 1.02048231E-08
 1.02039276E-08
 1.02033572E-08
 1.02023537E-08
 1.02021162E-08
 1.02010894E-08
 1.02005891E-08
 1.01996459E-08
 1.01992496E-08
 1.01985942E-08
 1.01980277E-08
 1.01971448E-08
 1.01963648E-08
 1.01959629E-08
 1.01950527E-08
 1.01946006E-08
 1.01940252E-08
 1.01932122E-08
 1.01926949E-08
 1.01920463E-08
 1.01916051E-08
 1.01908763E-08
 1.01902686E-08
 1.01896238E-08
 1.01888612E-08
 1.01882411E-08
 1.01876046E-08
 1.01870838E-08
 1.01863848E-08
 2.33061296E-03
 6.05957740E-03
 9.78854183E-03
 1.35175063E-02
 1.72464707E-02
 2.09754351E-02
 2.47043996E-02
 2.84333640E-02
 3.21623285E-02
 3.58912929E-02
 3.96202573E-02
 4.33492218E-02
 4.70781862E-02
 5.08071506E-02
 5.45361151E-02
 5.82650795E-02
 6.19940440E-02
 6.57230084E-02
 6.94519728E-02
 7.31809373E-02
 7.69099017E-02
 8.06388661E-02
 8.43678306E-02
 8.80967950E-02
 9.18257595E-02
 9.55547239E-02
 9.92836883E-02
 1.03012653E-01
 1.06741617E-01
 1.10470582E-01
 1.14199546E-01
 1.21742660E-01
 1.37676904E-01
 1.53611147E-01
 1.69545391E-01
 1.85479635E-01
 2.01413878E-01
 2.17348122E-01
 2.33282366E-01
 2.49200465E-01
 2.65101379E-01
 2.81002294E-01
 2.96903208E-01
 3.12785218E-01
 3.28652986E-01
 3.44500850E-01
 3.61584203E-01
 3.86499465E-01
 4.15433588E-01
 4.44249129E-01
 4.72946814E-01
 5.01527366E-01
 5.29991501E-01
 5.58339927E-01
 5.86573350E-01
 6.24971504E-01
 6.65343590E-01
 7.05552885E-01
 7.45600371E-01
 7.96741624E-01
 8.48733906E-01
 9.12254746E-01
 0.00000000E+00
 0.00000000E+00
 0.00000000E+00
 0.00000000E+00
 0.00000000E+00
 0.00000000E+00
 0.00000000E+00
 0.00000000E+00
 0.00000000E+00
 0.00000000E+00
 0.00000000E+00
 0.00000000E+00
 0.00000000E+00
 0.00000000E+00
 0.00000000E+00
 0.00000000E+00
 0.00000000E+00
 0.00000000E+00
 0.00000000E+00
 0.00000000E+00
 0.00000000E+00
 0.00000000E+00
 0.00000000E+00
 0.00000000E+00
 0.00000000E+00
 0.00000000E+00
 0.00000000E+00
 0.00000000E+00
 0.00000000E+00
 0.00000000E+00
 0.00000000E+00
 0.00000000E+00
 0.00000000E+00
 0.00000000E+00
 0.00000000E+00
 0.00000000E+00
 0.00000000E+00
 0.00000000E+00
 0.00000000E+00
 0.00000000E+00
 0.00000000E+00
 0.00000000E+00
 0.00000000E+00
 0.00000000E+00
 0.00000000E+00
 0.00000000E+00
 0.00000000E+00
 0.00000000E+00
 0.00000000E+00
 0.00000000E+00
 0.00000000E+00
 0.00000000E+00
 0.00000000E+00
 0.00000000E+00
 0.00000000E+00
 0.00000000E+00
 0.00000000E+00
 0.00000000E+00
 0.00000000E+00
 0.00000000E+00
 0.00000000E+00
 0.00000000E+00
 0.00000000E+00
 0.00000000E+00
 0.00000000E+00
 0.00000000E+00
 0.00000000E+00
 0.00000000E+00
 0.00000000E+00
 0.00000000E+00
 0.00000000E+00
 0.00000000E+00
 0.00000000E+00
 0.00000000E+00
 0.00000000E+00
 0.00000000E+00
 0.00000000E+00
 0.00000000E+00
 0.00000000E+00
 0.00000000E+00
 0.00000000E+00
 0.00000000E+00
 0.00000000E+00
 0.00000000E+00
 0.00000000E+00
 0.00000000E+00
 0.00000000E+00
 0.00000000E+00
 0.00000000E+00
 0.00000000E+00
 0.00000000E+00
 0.00000000E+00
 0.00000000E+00
 0.00000000E+00
 0.00000000E+00
 0.00000000E+00
 0.00000000E+00
 0.00000000E+00
 0.00000000E+00
 0.00000000E+00
 0.00000000E+00
 0.00000000E+00
 0.00000000E+00
 0.00000000E+00
 0.00000000E+00
 0.00000000E+00
 0.00000000E+00
 0.00000000E+00
 0.00000000E+00
 0.00000000E+00
 0.00000000E+00
 0.00000000E+00
 0.00000000E+00
 0.00000000E+00
 0.00000000E+00
 0.00000000E+00
 0.00000000E+00
 0.00000000E+00
 0.00000000E+00
 0.00000000E+00
 0.00000000E+00
 0.00000000E+00
 0.00000000E+00
 0.00000000E+00
 0.00000000E+00
 0.00000000E+00
 0.00000000E+00
 0.00000000E+00
 0.00000000E+00
 0.00000000E+00
 0.00000000E+00
 0.00000000E+00
 0.00000000E+00
 0.00000000E+00
 0.00000000E+00
 0.00000000E+00
 0.00000000E+00
 0.00000000E+00
 0.00000000E+00
 0.00000000E+00
 0.00000000E+00
 0.00000000E+00
 0.00000000E+00
 0.00000000E+00
 0.00000000E+00
 0.00000000E+00
 0.00000000E+00
 0.00000000E+00
 0.00000000E+00
 0.00000000E+00
 0.00000000E+00
 0.00000000E+00
 0.00000000E+00
 0.00000000E+00
 0.00000000E+00
 0.00000000E+00
 0.00000000E+00
 0.00000000E+00
 0.00000000E+00
 0.00000000E+00
 0.00000000E+00
 0.00000000E+00
 5.84293464E-01
 5.19717692E-01
 4.65085782E-01
 4.16828143E-01
 3.68570504E-01
 3.20312866E-01
 2.83401599E-01
 2.51462337E-01
 2.43630882E-01
 2.44345580E-01
 2.32301226E-01
 2.16684337E-01
 2.14530780E-01
 1.87620006E-01
 1.69833670E-01
 1.54216782E-01
 1.38599893E-01
 1.22983004E-01
 1.07366115E-01
 9.17492259E-02
 7.61323369E-02
 6.05154480E-02
 4.48985591E-02
 2.92816702E-02
 1.36647813E-02
 3.50241233E-09
 2.39452568E-03
 3.50444868E-09
 3.50694825E-09
 3.50799774E-09
 3.50799774E-09
 3.50928671E-09
 3.51029851E-09
 3.51250390E-09
 3.51221237E-09
 3.51319223E-09
 3.51539015E-09
 3.51623303E-09
 3.51610927E-09
 3.51868100E-09
 3.51956445E-09
 3.52064301E-09
 3.52125193E-09
 3.52270074E-09
 3.52430652E-09
 3.52500484E-09
 3.52618936E-09
 3.52755750E-09
 3.52908112E-09
 3.53072792E-09
 3.53120711E-09
 3.53287253E-09
 3.53468699E-09
 3.53599699E-09
 3.53714611E-09
 3.53883313E-09
 3.53932863E-09
 3.54094349E-09
 3.49270226E-09
 3.49287520E-09
 3.49384770E-09
 3.49333577E-09
 3.49490696E-09
 3.49464358E-09
 3.49454602E-09
 3.49519528E-09
 3.49598840E-09
 3.49564205E-09
 3.49669729E-09
 3.49694516E-09
 3.49605562E-09
 3.49720532E-09
 3.49753937E-09
 3.49739469E-09
 3.49833318E-09
 3.49877904E-09
 3.49873215E-09
 3.49883879E-09
 3.49909930E-09
 3.49950057E-09
 3.50003606E-09
 3.50069830E-09
 3.50060200E-09
 3.50125815E-09
 3.50115393E-09
 3.50240945E-09
 3.50258182E-09
 3.50175078E-09
 3.50231293E-09
 3.50456199E-09
 3.50548473E-09
 3.50570237E-09
 3.50751281E-09
 3.50860528E-09
 3.50898139E-09
 3.51121574E-09
 3.51189050E-09
 3.51244231E-09
 3.51368934E-09
 3.51539130E-09
 3.51694572E-09
 3.51753682E-09
 3.51856563E-09
 3.51920799E-09
 3.52107945E-09
 3.52146705E-09
 3.52283599E-09
 3.52380620E-09
 3.52494428E-09
 3.52595976E-09
 3.52820583E-09
 3.52845875E-09
 3.53020392E-09
 3.53130926E-09
 3.53204390E-09
 3.53346662E-09
 3.53478627E-09
 3.53600652E-09
 3.53711761E-09
 3.53812481E-09
 3.53879268E-09
 3.53961913E-09
 3.54162182E-09
 3.54251652E-09
 3.54408679E-09
 3.54530911E-09
 3.54643525E-09
 3.54773824E-09
 3.54894091E-09
 3.54956661E-09
 3.55135372E-09
 3.55181750E-09
 3.55369000E-09
 3.55423824E-09
 3.55570371E-09
 3.55734190E-09
 3.55767032E-09
 3.55915096E-09
 3.56104540E-09
 3.56238240E-09
 3.56316220E-09
 3.56435705E-09
 3.56548629E-09
 3.56726548E-09
 3.56802171E-09
 3.56896089E-09
 3.57007289E-09
 3.57136175E-09
 3.57330089E-09
 3.57446862E-09
 3.57510604E-09
 3.57662989E-09
 3.57810065E-09
 3.57904258E-09
 3.58040199E-09
 3.58170854E-09
 3.58319229E-09
 3.58417157E-09
 3.58509454E-09
 3.58688947E-09
 3.58817947E-09
 3.58987304E-09
 3.59061928E-09
 3.59200363E-09
 3.59334063E-09
 3.59463557E-09
 3.59588421E-09
 3.59732026E-09
 3.54975127E-09
 3.55087511E-09
 3.55116250E-09
 3.55194069E-09
 3.55298133E-09
 3.55450530E-09
 3.55519971E-09
 3.55550871E-09
 3.55629586E-09
 3.55734592E-09
 3.55865144E-09
 3.55936343E-09
 3.56054415E-09
 3.56113549E-09
 3.56197607E-09
 3.56307590E-09
 3.56359116E-09
 3.56435395E-09
 3.56537437E-09
 3.56643696E-09
 3.56754333E-09
 3.56806009E-09
 3.56924667E-09
 3.56985307E-09
 3.57090853E-09
 3.57200755E-09
 3.57273161E-09
 3.57390820E-09
 3.57491391E-09
 3.57595719E-09
 3.57662104E-09
 3.57712964E-09
 3.57867073E-09
 3.57964300E-09
 3.58044348E-09
 3.58146964E-09
 3.52633403E-09
 3.51874708E-09
 3.51469723E-09
 3.51138845E-09
 3.50924776E-09
 3.50742031E-09
 3.50547450E-09
 3.50409659E-09
 3.50321522E-09
 3.50142064E-09
 3.49913182E-09
 3.49705616E-09
 3.54595756E-09
 3.54497667E-09
 3.54368587E-09
 3.54293515E-09
 3.54184095E-09
 3.54142578E-09
 3.54003247E-09
 3.53923578E-09
 3.53830821E-09
 3.53748636E-09
 3.53670243E-09
 3.53589713E-09
 3.53527269E-09
 3.53411519E-09
 3.53329058E-09
 3.53280703E-09
 3.53221569E-09
 3.53107944E-09
 3.53015658E-09
 3.52954778E-09
 3.52887853E-09
 3.52818457E-09
 3.52738410E-09
 3.52674105E-09
 3.52592632E-09
 3.52492659E-09
 3.52430422E-09
 3.52353477E-09
 3.52296630E-09
 3.52243483E-09
 3.52123469E-09
 3.52078837E-09
 3.52021669E-09
 3.51935117E-09
 3.51873582E-09
 3.51798866E-09
 3.51733975E-09
 3.51683965E-09
 3.51607273E-09
 3.51512643E-09
 3.51436916E-09
 3.51395708E-09
 3.51320314E-09
 3.51273189E-09
 3.51200277E-09
 3.51121390E-09
 3.51078907E-09
 3.50996136E-09
 3.50941645E-09
 3.50873467E-09
 3.50825147E-09
 3.50754591E-09
 3.50688574E-09
 3.50618466E-09
 3.50543900E-09
 3.50482801E-09
 3.50441915E-09
 3.50391170E-09
 3.50336817E-09
 3.50271018E-09
 3.50333806E-09
 3.50432021E-09
 3.50586842E-09
 3.50697445E-09
 3.50815805E-09
 3.50940404E-09
 3.51089766E-09
 3.51229488E-09
 3.51352628E-09
 3.51490798E-09
 3.51630531E-09
 3.51738319E-09
 3.51885843E-09
 3.52021358E-09
 3.52164240E-09
 3.52305364E-09
 3.52433697E-09
 3.52575522E-09
 3.52720495E-09
 3.52861940E-09
 3.52999881E-09
 3.53135098E-09
 3.53291102E-09
 3.53434949E-09
 3.53588989E-09
 3.53734295E-09
 3.53902021E-09
 3.49141892E-09
 3.49431631E-09
 3.49710075E-09
 3.50026094E-09
 4.86637461E-03
 2.04387622E-02
 3.60111497E-02
 5.15835373E-02
 6.71559248E-02
 8.27283124E-02
 9.83006999E-02
 1.13873087E-01
 1.29423950E-01
 1.44951899E-01
 1.60479848E-01
 1.76007796E-01
 1.91510540E-01
 2.06994294E-01
 2.22451510E-01
 2.39368663E-01
 2.66752406E-01
 2.99518600E-01
 3.32150506E-01
 3.64648948E-01
 3.97014743E-01
 4.29248703E-01
 4.61351629E-01
 4.93324321E-01
 5.38872952E-01
 5.87076314E-01
 6.35085308E-01
 6.82901107E-01
 7.45531007E-01
 8.09317891E-01
 8.88498330E-01
 0.00000000E+00
 0.00000000E+00
 0.00000000E+00
 0.00000000E+00
 0.00000000E+00
 0.00000000E+00
 0.00000000E+00
 0.00000000E+00
 0.00000000E+00
 0.00000000E+00
 0.00000000E+00
 0.00000000E+00
 0.00000000E+00
 0.00000000E+00
 0.00000000E+00
 0.00000000E+00
 0.00000000E+00
 0.00000000E+00
 0.00000000E+00
 0.00000000E+00
 0.00000000E+00
 0.00000000E+00
 0.00000000E+00
 0.00000000E+00
 0.00000000E+00
 0.00000000E+00
 0.00000000E+00
 0.00000000E+00
 0.00000000E+00
 0.00000000E+00
 0.00000000E+00
 0.00000000E+00
 0.00000000E+00
 0.00000000E+00
 0.00000000E+00
 0.00000000E+00
 0.00000000E+00
 0.00000000E+00
 0.00000000E+00
 0.00000000E+00
 0.00000000E+00
 0.00000000E+00
 0.00000000E+00
 0.00000000E+00
 0.00000000E+00
 0.00000000E+00
 0.00000000E+00
 0.00000000E+00
 0.00000000E+00
 0.00000000E+00
 0.00000000E+00
 0.00000000E+00
 0.00000000E+00
 0.00000000E+00
 0.00000000E+00
 0.00000000E+00
 0.00000000E+00
 0.00000000E+00
 0.00000000E+00
 0.00000000E+00
 0.00000000E+00
 0.00000000E+00
 0.00000000E+00
 0.00000000E+00
 0.00000000E+00
 0.00000000E+00
 0.00000000E+00
 0.00000000E+00
 0.00000000E+00
 0.00000000E+00
 0.00000000E+00
 0.00000000E+00
 0.00000000E+00
 0.00000000E+00
 0.00000000E+00
 0.00000000E+00
 0.00000000E+00
 0.00000000E+00
 0.00000000E+00
 0.00000000E+00
 0.00000000E+00
 0.00000000E+00
 0.00000000E+00
 0.00000000E+00
 0.00000000E+00
 0.00000000E+00
 0.00000000E+00
 0.00000000E+00
 0.00000000E+00
 0.00000000E+00
 0.00000000E+00
 0.00000000E+00
 0.00000000E+00
 0.00000000E+00
 0.00000000E+00
 0.00000000E+00
 0.00000000E+00
 0.00000000E+00
 0.00000000E+00
 0.00000000E+00
 0.00000000E+00
 0.00000000E+00
 0.00000000E+00
 0.00000000E+00
 0.00000000E+00
 0.00000000E+00
 0.00000000E+00
 0.00000000E+00
 0.00000000E+00
 0.00000000E+00
 0.00000000E+00
 0.00000000E+00
 0.00000000E+00
 0.00000000E+00
 0.00000000E+00
 0.00000000E+00
 0.00000000E+00
 0.00000000E+00
 0.00000000E+00
 0.00000000E+00
 0.00000000E+00
 0.00000000E+00
 0.00000000E+00
 0.00000000E+00
 0.00000000E+00
 0.00000000E+00
 0.00000000E+00
 0.00000000E+00
 0.00000000E+00
 0.00000000E+00
 0.00000000E+00
 0.00000000E+00
 0.00000000E+00
 0.00000000E+00
 0.00000000E+00
 0.00000000E+00
 0.00000000E+00
 0.00000000E+00
 0.00000000E+00
 0.00000000E+00
 0.00000000E+00
 0.00000000E+00
 0.00000000E+00
 0.00000000E+00
 0.00000000E+00
 0.00000000E+00
 0.00000000E+00
 0.00000000E+00
 0.00000000E+00
 0.00000000E+00
 0.00000000E+00
 0.00000000E+00
 0.00000000E+00
 0.00000000E+00
 0.00000000E+00
 0.00000000E+00
 0.00000000E+00
 0.00000000E+00
 0.00000000E+00
 0.00000000E+00
 0.00000000E+00
 0.00000000E+00
 5.31766482E-01
 4.59031179E-01
 3.98725588E-01
 3.46387762E-01
 2.94049936E-01
 2.41712110E-01
 2.03557117E-01
 1.71617073E-01
 1.69811507E-01
 1.78688533E-01
 1.71616892E-01
 1.60079624E-01
 1.65371364E-01
 1.39716872E-01
 1.25467821E-01
 1.13930553E-01
 1.02393285E-01
 9.08560171E-02
 7.93187492E-02
 6.77814814E-02
 5.62442135E-02
 4.47069456E-02
 3.31696778E-02
 2.16324099E-02
 1.00951421E-02
 3.26801456E-08
 2.99310099E-03
 3.26827226E-08
 3.26836317E-08
 3.26835421E-08
 3.26858741E-08
 3.26864661E-08
 3.26872155E-08
 3.26884975E-08
 3.26902761E-08
 3.26907705E-08
 3.26910348E-08
 3.26922421E-08
 3.26943439E-08
 3.26947913E-08
 3.26954172E-08
 3.26970634E-08
 3.26986603E-08
 3.26996830E-08
 3.27012683E-08
 3.27027336E-08
 3.27032911E-08
 3.27044375E-08
 3.27061312E-08
 3.27073391E-08
 3.27084044E-08
 3.27100409E-08
 3.27112223E-08
 3.27119268E-08
 3.27142059E-08
 3.27147172E-08
 3.27161220E-08
 3.27186378E-08
 3.26694311E-08
 3.26699143E-08
 3.26698881E-08
 3.26710047E-08
 3.26712420E-08
 3.26716552E-08
 3.26722293E-08
 3.26722680E-08
 3.26715258E-08
 3.26722083E-08
 3.26730186E-08
 3.26733713E-08
 3.26738484E-08
 3.26738539E-08
 3.26743055E-08
 3.26737036E-08
 3.26747719E-08
 3.26747784E-08
 3.26758520E-08
 3.26755364E-08
 3.26753790E-08
 3.26756957E-08
 3.26761529E-08
 3.26767438E-08
 3.26772217E-08
 3.26784531E-08
 3.26777370E-08
 3.26777691E-08
 3.26779815E-08
 3.26792265E-08
 3.26795302E-08
 3.26806819E-08
 3.26816790E-08
 3.26834370E-08
 3.26841812E-08
 3.26856713E-08
 3.26867505E-08
 3.26874205E-08
 3.26888111E-08
 3.26892504E-08
 3.26906939E-08
 3.26922977E-08
 3.26929463E-08
 3.26940506E-08
 3.26955890E-08
 3.26964633E-08
 3.26983411E-08
 3.26995455E-08
 3.26995605E-08
 3.27008472E-08
 3.27020245E-08
 3.27033712E-08
 3.27048792E-08
 3.27057592E-08
 3.27062894E-08
 3.27083127E-08
 3.27089154E-08
 3.27104901E-08
 3.27109214E-08
 3.27123141E-08
 3.27138826E-08
 3.27148483E-08
 3.27159870E-08
 3.27178266E-08
 3.27187923E-08
 3.27199580E-08
 3.27205200E-08
 3.27222935E-08
 3.27229718E-08
 3.27238324E-08
 3.27261392E-08
 3.27266099E-08
 3.27285145E-08
 3.27293616E-08
 3.27306335E-08
 3.27318452E-08
 3.27332462E-08
 3.27343280E-08
 3.27348722E-08
 3.27365765E-08
 3.27379899E-08
 3.27386051E-08
 3.27398992E-08
 3.27411446E-08
 3.27430548E-08
 3.27441959E-08
 3.27452881E-08
 3.27468140E-08
 3.27473377E-08
 3.27494813E-08
 3.27501568E-08
 3.27515024E-08
 3.27525729E-08
 3.27543003E-08
 3.27552886E-08
 3.27562454E-08
 3.27573959E-08
 3.27589788E-08
 3.27605154E-08
 3.27617967E-08
 3.27628209E-08
 3.27642639E-08
 3.27654542E-08
 3.27666158E-08
 3.27684214E-08
 3.27695258E-08
 3.27712782E-08
 3.27725532E-08
 3.27738069E-08
 3.27261954E-08
 3.27268100E-08
 3.27279146E-08
 3.27284094E-08
 3.27294009E-08
 3.27299991E-08
 3.27315194E-08
 3.27320029E-08
 3.27334049E-08
 3.27337714E-08
 3.27352661E-08
 3.27361669E-08
 3.27366892E-08
 3.27374713E-08
 3.27387298E-08
 3.27394024E-08
 3.27403299E-08
 3.27408833E-08
 3.27423355E-08
 3.27425660E-08
 3.27436853E-08
 3.27448501E-08
 3.27454367E-08
 3.27468962E-08
 3.27475731E-08
 3.27480932E-08
 3.27494737E-08
 3.27504881E-08
 3.27513375E-08
 3.27518191E-08
 3.27533639E-08
 3.27543307E-08
 3.27547256E-08
 3.27557680E-08
 3.27566419E-08
 3.27579520E-08
 3.27588848E-08
 3.27044577E-08
 3.26966693E-08
 3.26924996E-08
 3.26885717E-08
 3.26867374E-08
 3.26843836E-08
 3.26824244E-08
 3.26812652E-08
 3.26797258E-08
 3.26785619E-08
 3.26763935E-08
 3.27243610E-08
 3.27230187E-08
 3.27224905E-08
 3.27213482E-08
 3.27198844E-08
 3.27195356E-08
 3.27184628E-08
 3.27176778E-08
 3.27164756E-08
 3.27158464E-08
 3.27150861E-08
 3.27140381E-08
 3.27132907E-08
 3.27121388E-08
 3.27115342E-08
 3.27107586E-08
 3.27098222E-08
 3.27089536E-08
 3.27083328E-08
 3.27077027E-08
 3.27066275E-08
 3.27061238E-08
 3.27052035E-08
 3.27044256E-08
 3.27034325E-08
 3.27032276E-08
 3.27021973E-08
 3.27016178E-08
 3.27007761E-08
 3.26997743E-08
 3.26991359E-08
 3.26986300E-08
 3.26979727E-08
 3.26973603E-08
 3.26963475E-08
 3.26958323E-08
 3.26952825E-08
 3.26944460E-08
 3.26939340E-08
 3.26929737E-08
 3.26925221E-08
 3.26914535E-08
 3.26909873E-08
 3.26903517E-08
 3.26896343E-08
 3.26888396E-08
 3.26883101E-08
 3.26876345E-08
 3.26872238E-08
 3.26863269E-08
 3.26858821E-08
 3.26852843E-08
 3.26843059E-08
 3.26841070E-08
 3.26833765E-08
 3.26825816E-08
 3.26819171E-08
 3.26816331E-08
 3.26806439E-08
 3.26802091E-08
 3.26796439E-08
 3.26802318E-08
 3.26815620E-08
 3.26827233E-08
 3.26840995E-08
 3.26855408E-08
 3.26866424E-08
 3.26880538E-08
 3.26892993E-08
 3.26906395E-08
 3.26921237E-08
 3.26933534E-08
 3.26945320E-08
 3.26961037E-08
 3.26972945E-08
 3.26988162E-08
 3.27001362E-08
 3.27016087E-08
 3.27029685E-08
 3.27043690E-08
 3.27057978E-08
 3.27072009E-08
 3.27086098E-08
 3.27102472E-08
 3.27117987E-08
 3.27131766E-08
 3.27146964E-08
 3.27162868E-08
 3.26685138E-08
 3.26713091E-08
 3.26741128E-08
 3.26771750E-08
 3.58804570E-03
 1.50696874E-02
 2.65513291E-02
 3.80329707E-02
 4.95146124E-02
 6.09962541E-02
 7.24778958E-02
 8.39595375E-02
 9.54142731E-02
 1.06840367E-01
 1.18266461E-01
 1.29692554E-01
 1.41087142E-01
 1.52457992E-01
 1.63795671E-01
 1.76698083E-01
 2.02713884E-01
 2.35491481E-01
 2.68134743E-01
 3.00644495E-01
 3.33021554E-01
 3.65266731E-01
 3.97380830E-01
 4.29364649E-01
 4.78350707E-01
 5.30687301E-01
 5.82812859E-01
 6.34728657E-01
 7.05193623E-01
 7.77136171E-01
 8.68351828E-01
 0.00000000E+00
 0.00000000E+00
 0.00000000E+00
 0.00000000E+00
 0.00000000E+00
 0.00000000E+00
 0.00000000E+00
 0.00000000E+00
 0.00000000E+00
 0.00000000E+00
 0.00000000E+00
 0.00000000E+00
 0.00000000E+00
 0.00000000E+00
 0.00000000E+00
 0.00000000E+00
 0.00000000E+00
 0.00000000E+00
 0.00000000E+00
 0.00000000E+00
 0.00000000E+00
 0.00000000E+00
 0.00000000E+00
 0.00000000E+00
 0.00000000E+00
 0.00000000E+00
 0.00000000E+00
 0.00000000E+00
 0.00000000E+00
 0.00000000E+00
 0.00000000E+00
 0.00000000E+00
 0.00000000E+00
 0.00000000E+00
 0.00000000E+00
 0.00000000E+00
 0.00000000E+00
 0.00000000E+00
 0.00000000E+00
 0.00000000E+00
 0.00000000E+00
 0.00000000E+00
 0.00000000E+00
 0.00000000E+00
 0.00000000E+00
 0.00000000E+00
 0.00000000E+00
 0.00000000E+00
 0.00000000E+00
 0.00000000E+00
 0.00000000E+00
 0.00000000E+00
 0.00000000E+00
 0.00000000E+00
 0.00000000E+00
 0.00000000E+00
 0.00000000E+00
 0.00000000E+00
 0.00000000E+00
 0.00000000E+00
 0.00000000E+00
 0.00000000E+00
 0.00000000E+00
 0.00000000E+00
 0.00000000E+00
 0.00000000E+00
 0.00000000E+00
 0.00000000E+00
 0.00000000E+00
 0.00000000E+00
 0.00000000E+00
 0.00000000E+00
 0.00000000E+00
 0.00000000E+00
 0.00000000E+00
 0.00000000E+00
 0.00000000E+00
 0.00000000E+00
 0.00000000E+00
 0.00000000E+00
 0.00000000E+00
 0.00000000E+00
 0.00000000E+00
 0.00000000E+00
 0.00000000E+00
 0.00000000E+00
 0.00000000E+00
 0.00000000E+00
 0.00000000E+00
 0.00000000E+00
 0.00000000E+00
 0.00000000E+00
 0.00000000E+00
 0.00000000E+00
 0.00000000E+00
 0.00000000E+00
 0.00000000E+00
 0.00000000E+00
 0.00000000E+00
 0.00000000E+00
 0.00000000E+00
 0.00000000E+00
 0.00000000E+00
 0.00000000E+00
 0.00000000E+00
 0.00000000E+00
 0.00000000E+00
 0.00000000E+00
 0.00000000E+00
 0.00000000E+00
 0.00000000E+00
 0.00000000E+00
 0.00000000E+00
 0.00000000E+00
 0.00000000E+00
 0.00000000E+00
 0.00000000E+00
 0.00000000E+00
 0.00000000E+00
 0.00000000E+00
 0.00000000E+00
 0.00000000E+00
 0.00000000E+00
 0.00000000E+00
 0.00000000E+00
 0.00000000E+00
 0.00000000E+00
 0.00000000E+00
 0.00000000E+00
 0.00000000E+00
 0.00000000E+00
 0.00000000E+00
 0.00000000E+00
 0.00000000E+00
 0.00000000E+00
 0.00000000E+00
 0.00000000E+00
 0.00000000E+00
 0.00000000E+00
 0.00000000E+00
 0.00000000E+00
 0.00000000E+00
 0.00000000E+00
 0.00000000E+00
 0.00000000E+00
 0.00000000E+00
 0.00000000E+00
 0.00000000E+00
 0.00000000E+00
 0.00000000E+00
 0.00000000E+00
 0.00000000E+00
 0.00000000E+00
 0.00000000E+00
 0.00000000E+00
 0.00000000E+00
 0.00000000E+00
 0.00000000E+00
 0.00000000E+00
 0.00000000E+00
 0.00000000E+00
 0.00000000E+00
 4.79240465E-01
 3.98345781E-01
 3.32366613E-01
 2.75948674E-01
 2.19530736E-01
 1.63112797E-01
 1.23714100E-01
 9.17732732E-02
 9.59934841E-02
 1.13032687E-01
 1.10933667E-01
 1.03475944E-01
 1.16212843E-01
 9.18146084E-02
 8.11027759E-02
 7.36450531E-02
 6.61873303E-02
 5.87296075E-02
 5.12718847E-02
 4.38141619E-02
 3.63564391E-02
 2.88987164E-02
 2.14409936E-02
 1.39832708E-02
 6.52554800E-03
 4.05567002E-08
 3.59168655E-03
 4.05580741E-08
 4.05584860E-08
 4.05598671E-08
 4.05610431E-08
 4.05620129E-08
 4.05635659E-08
 4.05645729E-08
 4.05654257E-08
 4.05660885E-08
 4.05677381E-08
 4.05674098E-08
 4.05694610E-08
 4.05706677E-08
 4.05710112E-08
 4.05724156E-08
 4.05738127E-08
 4.05758130E-08
 4.05759406E-08
 4.05784137E-08
 4.05797267E-08
 4.05802475E-08
 4.05817237E-08
 4.05831026E-08
 4.05837290E-08
 4.05863185E-08
 4.05874719E-08
 4.05885324E-08
 4.05892237E-08
 4.05908604E-08
 4.05924285E-08
 4.05931667E-08
 4.05456996E-08
 4.05452633E-08
 4.05469518E-08
 4.05462087E-08
 4.05459100E-08
 4.05474360E-08
 4.05474850E-08
 4.05473532E-08
 4.05480697E-08
 4.05485848E-08
 4.05483125E-08
 4.05488565E-08
 4.05498616E-08
 4.05500658E-08
 4.05504737E-08
 4.05504123E-08
 4.05498820E-08
 4.05507671E-08
 4.05514950E-08
 4.05511658E-08
 4.05513290E-08
 4.05516464E-08
 4.05527516E-08
 4.05527916E-08
 4.05527292E-08
 4.05531162E-08
 4.05533854E-08
 4.05535328E-08
 4.05547274E-08
 4.05546155E-08
 4.05553715E-08
 4.05563674E-08
 4.05581368E-08
 4.05589057E-08
 4.05592837E-08
 4.05604169E-08
 4.05622901E-08
 4.05632192E-08
 4.05648769E-08
 4.05652903E-08
 4.05658913E-08
 4.05680797E-08
 4.05682043E-08
 4.05698988E-08
 4.05712279E-08
 4.05729932E-08
 4.05735790E-08
 4.05751708E-08
 4.05755814E-08
 4.05769867E-08
 4.05785686E-08
 4.05795370E-08
 4.05798885E-08
 4.05817637E-08
 4.05830113E-08
 4.05841922E-08
 4.05850230E-08
 4.05860560E-08
 4.05870133E-08
 4.05881616E-08
 4.05894948E-08
 4.05912824E-08
 4.05914420E-08
 4.05933509E-08
 4.05939047E-08
 4.05961841E-08
 4.05966230E-08
 4.05982802E-08
 4.05998701E-08
 4.06006394E-08
 4.06011118E-08
 4.06030414E-08
 4.06044052E-08
 4.06057233E-08
 4.06069966E-08
 4.06079655E-08
 4.06093915E-08
 4.06100357E-08
 4.06108826E-08
 4.06128992E-08
 4.06139134E-08
 4.06156157E-08
 4.06158179E-08
 4.06172022E-08
 4.06185546E-08
 4.06201098E-08
 4.06216221E-08
 4.06228739E-08
 4.06236260E-08
 4.06248198E-08
 4.06266967E-08
 4.06276049E-08
 4.06291933E-08
 4.06300590E-08
 4.06318319E-08
 4.06328849E-08
 4.06343900E-08
 4.06351735E-08
 4.06366414E-08
 4.06378613E-08
 4.06395221E-08
 4.06402596E-08
 4.06418944E-08
 4.06435122E-08
 4.06451210E-08
 4.06460460E-08
 4.06469605E-08
 4.06483142E-08
 4.06012968E-08
 4.06021654E-08
 4.06026432E-08
 4.06040590E-08
 4.06044290E-08
 4.06059532E-08
 4.06062137E-08
 4.06076209E-08
 4.06077784E-08
 4.06095141E-08
 4.06104318E-08
 4.06109717E-08
 4.06119940E-08
 4.06126475E-08
 4.06135651E-08
 4.06143261E-08
 4.06151367E-08
 4.06164238E-08
 4.06171320E-08
 4.06180995E-08
 4.06195388E-08
 4.06201896E-08
 4.06210984E-08
 4.06214381E-08
 4.06226525E-08
 4.06237151E-08
 4.06250256E-08
 4.06253528E-08
 4.06263471E-08
 4.06271812E-08
 4.06282654E-08
 4.06291822E-08
 4.06301477E-08
 4.06313466E-08
 4.06317836E-08
 4.06328606E-08
 4.06343717E-08
 4.06353130E-08
 4.05816262E-08
 4.05730562E-08
 4.05685873E-08
 4.05649362E-08
 4.05620873E-08
 4.05602040E-08
 4.05587342E-08
 4.05568014E-08
 4.05553304E-08
 4.05539295E-08
 4.05523327E-08
 4.06003009E-08
 4.05988704E-08
 4.05981331E-08
 4.05970640E-08
 4.05959750E-08
 4.05955295E-08
 4.05944802E-08
 4.05934515E-08
 4.05923332E-08
 4.05915426E-08
 4.05907587E-08
 4.05898305E-08
 4.05893460E-08
 4.05882248E-08
 4.05878044E-08
 4.05867974E-08
 4.05857894E-08
 4.05851853E-08
 4.05840603E-08
 4.05831833E-08
 4.05826573E-08
 4.05816700E-08
 4.05814327E-08
 4.05802187E-08
 4.05796792E-08
 4.05789164E-08
 4.05781220E-08
 4.05774933E-08
 4.05768532E-08
 4.05759334E-08
 4.05753797E-08
 4.05744880E-08
 4.05739688E-08
 4.05730306E-08
 4.05721329E-08
 4.05716328E-08
 4.05709889E-08
 4.05702368E-08
 4.05697000E-08
 4.05689670E-08
 4.05682139E-08
 4.05674462E-08
 4.05668344E-08
 4.05663087E-08
 4.05656048E-08
 4.05649961E-08
 4.05643675E-08
 4.05637690E-08
 4.05630054E-08
 4.05624182E-08
 4.05615159E-08
 4.05609843E-08
 4.05604674E-08
 4.05595543E-08
 4.05591830E-08
 4.05585974E-08
 4.05577872E-08
 4.05572768E-08
 4.05567213E-08
 4.05559727E-08
 4.05553500E-08
 4.05559462E-08
 4.05575457E-08
 4.05586278E-08
 4.05598528E-08
 4.05611407E-08
 4.05624131E-08
 4.05639195E-08
 4.05652581E-08
 4.05664198E-08
 4.05679851E-08
 4.05692984E-08
 4.05705509E-08
 4.05719743E-08
 4.05733998E-08
 4.05746137E-08
 4.05761716E-08
 4.05775008E-08
 4.05789488E-08
 4.05803029E-08
 4.05818261E-08
 4.05831964E-08
 4.05847470E-08
 4.05862677E-08
 4.05877009E-08
 4.05893429E-08
 4.05908308E-08
 4.05923528E-08
 4.05940566E-08
 4.05470295E-08
 4.05498427E-08
 4.05529177E-08
 2.30971930E-03
 9.70069129E-03
 1.70916633E-02
 2.44826353E-02
 3.18736073E-02
 3.92645792E-02
 4.66555512E-02
 5.40465232E-02
 6.14052083E-02
 6.87295234E-02
 7.60538385E-02
 8.33781535E-02
 9.06646617E-02
 9.79226853E-02
 1.05140904E-01
 1.14027503E-01
 1.38675362E-01
 1.71464362E-01
 2.04118980E-01
 2.36640042E-01
 2.69028365E-01
 3.01284760E-01
 3.33410032E-01
 3.65404977E-01
 4.17828463E-01
 4.74298287E-01
 5.30540410E-01
 5.86556207E-01
 6.64856239E-01
 7.44954451E-01
 8.48205325E-01
 0.00000000E+00
 0.00000000E+00
 0.00000000E+00
 0.00000000E+00
 0.00000000E+00
 0.00000000E+00
 0.00000000E+00
 0.00000000E+00
 0.00000000E+00
 0.00000000E+00
 0.00000000E+00
 0.00000000E+00
 0.00000000E+00
 0.00000000E+00
 0.00000000E+00
 0.00000000E+00
 0.00000000E+00
 0.00000000E+00
 0.00000000E+00
 0.00000000E+00
 0.00000000E+00
 0.00000000E+00
 0.00000000E+00
 0.00000000E+00
 0.00000000E+00
 0.00000000E+00
 0.00000000E+00
 0.00000000E+00
 0.00000000E+00
 0.00000000E+00
 0.00000000E+00
 0.00000000E+00
 0.00000000E+00
 0.00000000E+00
 0.00000000E+00
 0.00000000E+00
 0.00000000E+00
 0.00000000E+00
 0.00000000E+00
 0.00000000E+00
 0.00000000E+00
 0.00000000E+00
 0.00000000E+00
 0.00000000E+00
 0.00000000E+00
 0.00000000E+00
 0.00000000E+00
 0.00000000E+00
 0.00000000E+00
 0.00000000E+00
 0.00000000E+00
 0.00000000E+00
 0.00000000E+00
 0.00000000E+00
 0.00000000E+00
 0.00000000E+00
 0.00000000E+00
 0.00000000E+00
 0.00000000E+00
 0.00000000E+00
 0.00000000E+00
 0.00000000E+00
 0.00000000E+00
 0.00000000E+00
 0.00000000E+00
 0.00000000E+00
 0.00000000E+00
 0.00000000E+00
 0.00000000E+00
 0.00000000E+00
 0.00000000E+00
 0.00000000E+00
 0.00000000E+00
 0.00000000E+00
 0.00000000E+00
 0.00000000E+00
 0.00000000E+00
 0.00000000E+00
 0.00000000E+00
 0.00000000E+00
 0.00000000E+00
 0.00000000E+00
 0.00000000E+00
 0.00000000E+00
 0.00000000E+00
 0.00000000E+00
 0.00000000E+00
 0.00000000E+00
 0.00000000E+00
 0.00000000E+00
 0.00000000E+00
 0.00000000E+00
 0.00000000E+00
 0.00000000E+00
 0.00000000E+00
 0.00000000E+00
 0.00000000E+00
 0.00000000E+00
 0.00000000E+00
 0.00000000E+00
 0.00000000E+00
 0.00000000E+00
 0.00000000E+00
 0.00000000E+00
 0.00000000E+00
 0.00000000E+00
 0.00000000E+00
 0.00000000E+00
 0.00000000E+00
 0.00000000E+00
 0.00000000E+00
 0.00000000E+00
 0.00000000E+00
 0.00000000E+00
 0.00000000E+00
 0.00000000E+00
 0.00000000E+00
 0.00000000E+00
 0.00000000E+00
 0.00000000E+00
 0.00000000E+00
 0.00000000E+00
 0.00000000E+00
 0.00000000E+00
 0.00000000E+00
 0.00000000E+00
 0.00000000E+00
 0.00000000E+00
 0.00000000E+00
 0.00000000E+00
 0.00000000E+00
 0.00000000E+00
 0.00000000E+00
 0.00000000E+00
 0.00000000E+00
 0.00000000E+00
 0.00000000E+00
 0.00000000E+00
 0.00000000E+00
 0.00000000E+00
 0.00000000E+00
 0.00000000E+00
 0.00000000E+00
 0.00000000E+00
 0.00000000E+00
 0.00000000E+00
 0.00000000E+00
 0.00000000E+00
 0.00000000E+00
 0.00000000E+00
 0.00000000E+00
 0.00000000E+00
 0.00000000E+00
 0.00000000E+00
 0.00000000E+00
 0.00000000E+00
 0.00000000E+00
 0.00000000E+00
 0.00000000E+00
 0.00000000E+00
 0.00000000E+00
 0.00000000E+00
 4.26715410E-01
 3.37661494E-01
 2.66008853E-01
 2.05510876E-01
 1.45012899E-01
 8.45149221E-02
 4.38725436E-02
 1.19309329E-02
 2.21768095E-02
 4.73780386E-02
 5.02515470E-02
 4.68732936E-02
 6.70552145E-02
 4.39132129E-02
 3.67385333E-02
 3.33602799E-02
 2.99820264E-02
 2.66037729E-02
 2.32255195E-02
 1.98472661E-02
 1.64690126E-02
 1.30907592E-02
 9.71250578E-03
 6.33425235E-03
 2.95599892E-03
 2.71647396E-08
 4.19028237E-03
 2.71652525E-08
 2.71676350E-08
 2.71683538E-08
 2.71688863E-08
 2.71711461E-08
 2.71714093E-08
 2.71719768E-08
 2.71734805E-08
 2.71741326E-08
 2.71747271E-08
 2.71762883E-08
 2.71781144E-08
 2.71776684E-08
 2.71796677E-08
 2.71806578E-08
 2.71816825E-08
 2.71826884E-08
 2.71842919E-08
 2.71865766E-08
 2.71877283E-08
 2.71884804E-08
 2.71905831E-08
 2.71915935E-08
 2.71922527E-08
 2.71938933E-08
 2.71958585E-08
 2.71967590E-08
 2.71993894E-08
 2.71999171E-08
 2.72014957E-08
 2.71540011E-08
 2.71547750E-08
 2.71537336E-08
 2.71538663E-08
 2.71547982E-08
 2.71546169E-08
 2.71559141E-08
 2.71553962E-08
 2.71557428E-08
 2.71571848E-08
 2.71569057E-08
 2.71571182E-08
 2.71568898E-08
 2.71571329E-08
 2.71572585E-08
 2.71581695E-08
 2.71589449E-08
 2.71583465E-08
 2.71591733E-08
 2.71598454E-08
 2.71601217E-08
 2.71602402E-08
 2.71611649E-08
 2.71601509E-08
 2.71611335E-08
 2.71616917E-08
 2.71618284E-08
 2.71618581E-08
 2.71629526E-08
 2.71630612E-08
 2.71633577E-08
 2.71630541E-08
 2.71647884E-08
 2.71658384E-08
 2.71676579E-08
 2.71687875E-08
 2.71698313E-08
 2.71704825E-08
 2.71713471E-08
 2.71721111E-08
 2.71739000E-08
 2.71750467E-08
 2.71755557E-08
 2.71776468E-08
 2.71779825E-08
 2.71790686E-08
 2.71808993E-08
 2.71818406E-08
 2.71835098E-08
 2.71842907E-08
 2.71852732E-08
 2.71867291E-08
 2.71883764E-08
 2.71886171E-08
 2.71906715E-08
 2.71910438E-08
 2.71924241E-08
 2.71940167E-08
 2.71942141E-08
 2.71959453E-08
 2.71978723E-08
 2.71981815E-08
 2.71989595E-08
 2.72004678E-08
 2.72016621E-08
 2.72028108E-08
 2.72039133E-08
 2.72049681E-08
 2.72064978E-08
 2.72082288E-08
 2.72094146E-08
 2.72100548E-08
 2.72116764E-08
 2.72127422E-08
 2.72137843E-08
 2.72150452E-08
 2.72162696E-08
 2.72177122E-08
 2.72186332E-08
 2.72202750E-08
 2.72211433E-08
 2.72229708E-08
 2.72235569E-08
 2.72250959E-08
 2.72258916E-08
 2.72276254E-08
 2.72288722E-08
 2.72305771E-08
 2.72315484E-08
 2.72322724E-08
 2.72339423E-08
 2.72353591E-08
 2.72367665E-08
 2.72384036E-08
 2.72390981E-08
 2.72402599E-08
 2.72416475E-08
 2.72434917E-08
 2.72441887E-08
 2.72455747E-08
 2.72467324E-08
 2.72485758E-08
 2.72497413E-08
 2.72509128E-08
 2.72523145E-08
 2.72539510E-08
 2.72549181E-08
 2.72563410E-08
 2.72579998E-08
 2.72097596E-08
 2.72111625E-08
 2.72112983E-08
 2.72130408E-08
 2.72133038E-08
 2.72147176E-08
 2.72150995E-08
 2.72166283E-08
 2.72169076E-08
 2.72179046E-08
 2.72191725E-08
 2.72200638E-08
 2.72205865E-08
 2.72216004E-08
 2.72228775E-08
 2.72231522E-08
 2.72245437E-08
 2.72255685E-08
 2.72260187E-08
 2.72267350E-08
 2.72279307E-08
 2.72285471E-08
 2.72302673E-08
 2.72305783E-08
 2.72317758E-08
 2.72330197E-08
 2.72334977E-08
 2.72346390E-08
 2.72358331E-08
 2.72360496E-08
 2.72375392E-08
 2.72386668E-08
 2.72392310E-08
 2.72406532E-08
 2.72415044E-08
 2.72421956E-08
 2.72433244E-08
 2.72440907E-08
 2.71920053E-08
 2.71824355E-08
 2.71775978E-08
 2.71741762E-08
 2.71713107E-08
 2.71686916E-08
 2.71673326E-08
 2.71657434E-08
 2.71642273E-08
 2.71626072E-08
 2.71602049E-08
 2.72086493E-08
 2.72079621E-08
 2.72072560E-08
 2.72059203E-08
 2.72050378E-08
 2.72043457E-08
 2.72031442E-08
 2.72019234E-08
 2.72014734E-08
 2.72001748E-08
 2.71995768E-08
 2.71989713E-08
 2.71978430E-08
 2.71971467E-08
 2.71965516E-08
 2.71955201E-08
 2.71948274E-08
 2.71940419E-08
 2.71929843E-08
 2.71922371E-08
 2.71914483E-08
 2.71908257E-08
 2.71900890E-08
 2.71891840E-08
 2.71881994E-08
 2.71877124E-08
 2.71871596E-08
 2.71864002E-08
 2.71852355E-08
 2.71847920E-08
 2.71838795E-08
 2.71831510E-08
 2.71826887E-08
 2.71818882E-08
 2.71811080E-08
 2.71805302E-08
 2.71796310E-08
 2.71787927E-08
 2.71780685E-08
 2.71777517E-08
 2.71768808E-08
 2.71763287E-08
 2.71754058E-08
 2.71748212E-08
 2.71740385E-08
 2.71735334E-08
 2.71729136E-08
 2.71723030E-08
 2.71714409E-08
 2.71709305E-08
 2.71704346E-08
 2.71698775E-08
 2.71689782E-08
 2.71685481E-08
 2.71679641E-08
 2.71671579E-08
 2.71663792E-08
 2.71658916E-08
 2.71652054E-08
 2.71647169E-08
 2.71640158E-08
 2.71647221E-08
 2.71660912E-08
 2.71672763E-08
 2.71685923E-08
 2.71698904E-08
 2.71714355E-08
 2.71726181E-08
 2.71739514E-08
 2.71753698E-08
 2.71765329E-08
 2.71780353E-08
 2.71795320E-08
 2.71807116E-08
 2.71822180E-08
 2.71836740E-08
 2.71848277E-08
 2.71863475E-08
 2.71877209E-08
 2.71891960E-08
 2.71906619E-08
 2.71921665E-08
 2.71937343E-08
 2.71951260E-08
 2.71966013E-08
 2.71982240E-08
 2.71997391E-08
 2.72012873E-08
 2.72029825E-08
 2.71555821E-08
 2.71586352E-08
 2.71615800E-08
 1.03139536E-03
 4.33177358E-03
 7.63215180E-03
 1.09325300E-02
 1.42329082E-02
 1.75332865E-02
 2.08336647E-02
 2.41340429E-02
 2.73967534E-02
 3.06193659E-02
 3.38419785E-02
 3.70645910E-02
 4.02430959E-02
 4.33883691E-02
 4.64872034E-02
 5.13569229E-02
 7.46368395E-02
 1.07437242E-01
 1.40103218E-01
 1.72635589E-01
 2.05035176E-01
 2.37302789E-01
 2.69439233E-01
 3.01445305E-01
 3.57306218E-01
 4.17909273E-01
 4.78267961E-01
 5.38383756E-01
 6.24518854E-01
 7.12772731E-01
 8.28058822E-01
 0.00000000E+00
 0.00000000E+00
 0.00000000E+00
 0.00000000E+00
 0.00000000E+00
 0.00000000E+00
 0.00000000E+00
 0.00000000E+00
 0.00000000E+00
 0.00000000E+00
 0.00000000E+00
 0.00000000E+00
 0.00000000E+00
 0.00000000E+00
 0.00000000E+00
 0.00000000E+00
 0.00000000E+00
 0.00000000E+00
 0.00000000E+00
 0.00000000E+00
 0.00000000E+00
 0.00000000E+00
 0.00000000E+00
 0.00000000E+00
 0.00000000E+00
 0.00000000E+00
 0.00000000E+00
 0.00000000E+00
 0.00000000E+00
 0.00000000E+00
 0.00000000E+00
 0.00000000E+00
 0.00000000E+00
 0.00000000E+00
 0.00000000E+00
 0.00000000E+00
 0.00000000E+00
 0.00000000E+00
 0.00000000E+00
 0.00000000E+00
 0.00000000E+00
 0.00000000E+00
 0.00000000E+00
 0.00000000E+00
 0.00000000E+00
 0.00000000E+00
 0.00000000E+00
 0.00000000E+00
 0.00000000E+00
 0.00000000E+00
 0.00000000E+00
 0.00000000E+00
 0.00000000E+00
 0.00000000E+00
 0.00000000E+00
 0.00000000E+00
 0.00000000E+00
 0.00000000E+00
 0.00000000E+00
 0.00000000E+00
 0.00000000E+00
 0.00000000E+00
 0.00000000E+00
 0.00000000E+00
 0.00000000E+00
 0.00000000E+00
 0.00000000E+00
 0.00000000E+00
 0.00000000E+00
 0.00000000E+00
 0.00000000E+00
 0.00000000E+00
 0.00000000E+00
 0.00000000E+00
 0.00000000E+00
 0.00000000E+00
 0.00000000E+00
 0.00000000E+00
 0.00000000E+00
 0.00000000E+00
 0.00000000E+00
 0.00000000E+00
 0.00000000E+00
 0.00000000E+00
 0.00000000E+00
 0.00000000E+00
 0.00000000E+00
 0.00000000E+00
 0.00000000E+00
 0.00000000E+00
 0.00000000E+00
 0.00000000E+00
 0.00000000E+00
 0.00000000E+00
 0.00000000E+00
 0.00000000E+00
 0.00000000E+00
 0.00000000E+00
 0.00000000E+00
 0.00000000E+00
 0.00000000E+00
 0.00000000E+00
 0.00000000E+00
 0.00000000E+00
 0.00000000E+00
 0.00000000E+00
 0.00000000E+00
 0.00000000E+00
 0.00000000E+00
 0.00000000E+00
 0.00000000E+00
 0.00000000E+00
 0.00000000E+00
 0.00000000E+00
 0.00000000E+00
 0.00000000E+00
 0.00000000E+00
 0.00000000E+00
 0.00000000E+00
 0.00000000E+00
 0.00000000E+00
 0.00000000E+00
 0.00000000E+00
 0.00000000E+00
 0.00000000E+00
 0.00000000E+00
 0.00000000E+00
 0.00000000E+00
 0.00000000E+00
 0.00000000E+00
 0.00000000E+00
 0.00000000E+00
 0.00000000E+00
 0.00000000E+00
 0.00000000E+00
 0.00000000E+00
 0.00000000E+00
 0.00000000E+00
 0.00000000E+00
 0.00000000E+00
 0.00000000E+00
 0.00000000E+00
 0.00000000E+00
 0.00000000E+00
 0.00000000E+00
 0.00000000E+00
 0.00000000E+00
 0.00000000E+00
 0.00000000E+00
 0.00000000E+00
 0.00000000E+00
 0.00000000E+00
 0.00000000E+00
 0.00000000E+00
 0.00000000E+00
 0.00000000E+00
 0.00000000E+00
 0.00000000E+00
 0.00000000E+00
 0.00000000E+00
 0.00000000E+00
 0.00000000E+00
 3.78704914E-01
 2.82193056E-01
 2.05568187E-01
 1.41691388E-01
 7.78145891E-02
 1.39377899E-02
 2.72471063E-02
 5.84883596E-02
 4.15157868E-02
 7.45154007E-03
 1.38975365E-08
 1.39013725E-08
 2.69256790E-02
 4.33874667E-03
 1.39156307E-08
 1.39200759E-08
 1.38732655E-08
 1.38754511E-08
 1.38779402E-08
 1.38795052E-08
 1.38825587E-08
 1.38854405E-08
 1.38869862E-08
 1.38896103E-08
 1.38921311E-08
 1.38958609E-08
 4.78886709E-03
 1.38974849E-08
 1.38975873E-08
 1.38991076E-08
 1.38997584E-08
 1.39014820E-08
 1.39012176E-08
 1.39038533E-08
 1.39041885E-08
 1.39041127E-08
 1.39054604E-08
 1.39067287E-08
 1.39086707E-08
 1.39087600E-08
 1.39106486E-08
 1.39111763E-08
 1.39129433E-08
 1.39143181E-08
 1.39146365E-08
 1.39166905E-08
 1.39180081E-08
 1.39200876E-08
 1.39207457E-08
 1.39221048E-08
 1.39244955E-08
 1.39258858E-08
 1.39266319E-08
 1.39280614E-08
 1.39298891E-08
 1.39307381E-08
 1.39326512E-08
 1.38851683E-08
 1.38851529E-08
 1.38859595E-08
 1.38853163E-08
 1.38858340E-08
 1.38852441E-08
 1.38857960E-08
 1.38868711E-08
 1.38871750E-08
 1.38876455E-08
 1.38876844E-08
 1.38869497E-08
 1.38879663E-08
 1.38892068E-08
 1.38887439E-08
 1.38890770E-08
 1.38896178E-08
 1.38887918E-08
 1.38893963E-08
 1.38905120E-08
 1.38905813E-08
 1.38911496E-08
 1.38913184E-08
 1.38919678E-08
 1.38922089E-08
 1.38923609E-08
 1.38924153E-08
 1.38923681E-08
 1.38933966E-08
 1.38937562E-08
 1.38931386E-08
 1.38942714E-08
 1.38954334E-08
 1.38970746E-08
 1.38983394E-08
 1.38992290E-08
 1.39000416E-08
 1.39019145E-08
 1.39028624E-08
 1.39037168E-08
 1.39050731E-08
 1.39066250E-08
 1.39078351E-08
 1.39084122E-08
 1.39097572E-08
 1.39107516E-08
 1.39116904E-08
 1.39125605E-08
 1.39136524E-08
 1.39146678E-08
 1.39164634E-08
 1.39173744E-08
 1.39187696E-08
 1.39201239E-08
 1.39208780E-08
 1.39215896E-08
 1.39233158E-08
 1.39252661E-08
 1.39263756E-08
 1.39266508E-08
 1.39284587E-08
 1.39299731E-08
 1.39309227E-08
 1.39315775E-08
 1.39332317E-08
 1.39338258E-08
 1.39356753E-08
 1.39367258E-08
 1.39372503E-08
 1.39390034E-08
 1.39404875E-08
 1.39414347E-08
 1.39426249E-08
 1.39445413E-08
 1.39454351E-08
 1.39465680E-08
 1.39479305E-08
 1.39487883E-08
 1.39501261E-08
 1.39514702E-08
 1.39523055E-08
 1.39538578E-08
 1.39546872E-08
 1.39564763E-08
 1.39575379E-08
 1.39590854E-08
 1.39601565E-08
 1.39614580E-08
 1.39627674E-08
 1.39638472E-08
 1.39656377E-08
 1.39667354E-08
 1.39678360E-08
 1.39694204E-08
 1.39703191E-08
 1.39716926E-08
 1.39733091E-08
 1.39749420E-08
 1.39754432E-08
 1.39768882E-08
 1.39781119E-08
 1.39793602E-08
 1.39808593E-08
 1.39828346E-08
 1.39839229E-08
 1.39845916E-08
 1.39866305E-08
 1.39875781E-08
 1.39396684E-08
 1.39408104E-08
 1.39422347E-08
 1.39426199E-08
 1.39432833E-08
 1.39444561E-08
 1.39454731E-08
 1.39467659E-08
 1.39470364E-08
 1.39478103E-08
 1.39488579E-08
 1.39497565E-08
 1.39511462E-08
 1.39521646E-08
 1.39528181E-08
 1.39539609E-08
 1.39547420E-08
 1.39560055E-08
 1.39566960E-08
 1.39572373E-08
 1.39580563E-08
 1.39591412E-08
 1.39598615E-08
 1.39608573E-08
 1.39619059E-08
 1.39632198E-08
 1.39639695E-08
 1.39647732E-08
 1.39654307E-08
 1.39669558E-08
 1.39675159E-08
 1.39685326E-08
 1.39693966E-08
 1.39703096E-08
 1.39716724E-08
 1.39728770E-08
 1.39733200E-08
 1.39744022E-08
 1.39757268E-08
 1.39255260E-08
 1.39137713E-08
 1.39087245E-08
 1.39047423E-08
 1.39020669E-08
 1.39000048E-08
 1.38981439E-08
 1.38967708E-08
 1.38953920E-08
 1.38940951E-08
 1.38917731E-08
 1.39403094E-08
 1.39389700E-08
 1.39378835E-08
 1.39370048E-08
 1.39363001E-08
 1.39351140E-08
 1.39339262E-08
 1.39332055E-08
 1.39326308E-08
 1.39319023E-08
 1.39306842E-08
 1.39301621E-08
 1.39288714E-08
 1.39279934E-08
 1.39274440E-08
 1.39266116E-08
 1.39254451E-08
 1.39247833E-08
 1.39240107E-08
 1.39234360E-08
 1.39225965E-08
 1.39219816E-08
 1.39207064E-08
 1.39202222E-08
 1.39192881E-08
 1.39184450E-08
 1.39177227E-08
 1.39171251E-08
 1.39164692E-08
 1.39159747E-08
 1.39149071E-08
 1.39141837E-08
 1.39134514E-08
 1.39130654E-08
 1.39123512E-08
 1.39114574E-08
 1.39107717E-08
 1.39100326E-08
 1.39091516E-08
 1.39087362E-08
 1.39079384E-08
 1.39070151E-08
 1.39065910E-08
 1.39060553E-08
 1.39051534E-08
 1.39043096E-08
 1.39037313E-08
 1.39032187E-08
 1.39025527E-08
 1.39019598E-08
 1.39012873E-08
 1.39005382E-08
 1.38999755E-08
 1.38991851E-08
 1.38988317E-08
 1.38982388E-08
 1.38975289E-08
 1.38970892E-08
 1.38961797E-08
 1.38956510E-08
 1.38951644E-08
 1.38958166E-08
 1.38970612E-08
 1.38984423E-08
 1.38995499E-08
 1.39009682E-08
 1.39022879E-08
 1.39035727E-08
 1.39049376E-08
 1.39063817E-08
 1.39075688E-08
 1.39090898E-08
 1.39102787E-08
 1.39117360E-08
 1.39131988E-08
 1.39146697E-08
 1.39161078E-08
 1.39173769E-08
 1.39187175E-08
 1.39203533E-08
 1.39217195E-08
 1.39232717E-08
 1.39246279E-08
 1.39263017E-08
 1.39276498E-08
 1.39292923E-08
 1.39308800E-08
 1.39324387E-08
 1.39340181E-08
 1.38864434E-08
 1.38893382E-08
 1.38924867E-08
 2.66033649E-05
 1.11778596E-04
 1.96953826E-04
 2.82129057E-04
 3.67304287E-04
 4.52479517E-04
 5.37654747E-04
 6.22829976E-04
 7.51053659E-04
 9.25103116E-04
 1.09915257E-03
 1.27320203E-03
 1.49765979E-03
 1.76009630E-03
 2.07560528E-03
 5.39805137E-04
 2.11305783E-02
 5.32200486E-02
 8.51780046E-02
 1.17005253E-01
 1.48702595E-01
 1.80270823E-01
 2.11710725E-01
 2.43023082E-01
 3.01619433E-01
 3.65656566E-01
 4.29435484E-01
 4.92957746E-01
 5.86237164E-01
 6.81958728E-01
 8.08594810E-01
 0.00000000E+00
 0.00000000E+00
 0.00000000E+00
 0.00000000E+00
 0.00000000E+00
 0.00000000E+00
 0.00000000E+00
 0.00000000E+00
 0.00000000E+00
 0.00000000E+00
 0.00000000E+00
 0.00000000E+00
 0.00000000E+00
 0.00000000E+00
 0.00000000E+00
 0.00000000E+00
 0.00000000E+00
 0.00000000E+00
 0.00000000E+00
 0.00000000E+00
 0.00000000E+00
 0.00000000E+00
 0.00000000E+00
 0.00000000E+00
 0.00000000E+00
 0.00000000E+00
 0.00000000E+00
 0.00000000E+00
 0.00000000E+00
 0.00000000E+00
 0.00000000E+00
 0.00000000E+00
 0.00000000E+00
 0.00000000E+00
 0.00000000E+00
 0.00000000E+00
 0.00000000E+00
 0.00000000E+00
 0.00000000E+00
 0.00000000E+00
 0.00000000E+00
 0.00000000E+00
 0.00000000E+00
 0.00000000E+00
 0.00000000E+00
 0.00000000E+00
 0.00000000E+00
 0.00000000E+00
 0.00000000E+00
 0.00000000E+00
 0.00000000E+00
 0.00000000E+00
 0.00000000E+00
 0.00000000E+00
 0.00000000E+00
 0.00000000E+00
 0.00000000E+00
 0.00000000E+00
 0.00000000E+00
 0.00000000E+00
 0.00000000E+00
 0.00000000E+00
 0.00000000E+00
 0.00000000E+00
 0.00000000E+00
 0.00000000E+00
 0.00000000E+00
 0.00000000E+00
 0.00000000E+00
 0.00000000E+00
 0.00000000E+00
 0.00000000E+00
 0.00000000E+00
 0.00000000E+00
 0.00000000E+00
 0.00000000E+00
 0.00000000E+00
 0.00000000E+00
 0.00000000E+00
 0.00000000E+00
 0.00000000E+00
 0.00000000E+00
 0.00000000E+00
 0.00000000E+00
 0.00000000E+00
 0.00000000E+00
 0.00000000E+00
 0.00000000E+00
 0.00000000E+00
 0.00000000E+00
 0.00000000E+00
 0.00000000E+00
 0.00000000E+00
 0.00000000E+00
 0.00000000E+00
 0.00000000E+00
 0.00000000E+00
 0.00000000E+00
 0.00000000E+00
 0.00000000E+00
 0.00000000E+00
 0.00000000E+00
 0.00000000E+00
 0.00000000E+00
 0.00000000E+00
 0.00000000E+00
 0.00000000E+00
 0.00000000E+00
 0.00000000E+00
 0.00000000E+00
 0.00000000E+00
 0.00000000E+00
 0.00000000E+00
 0.00000000E+00
 0.00000000E+00
 0.00000000E+00
 0.00000000E+00
 0.00000000E+00
 0.00000000E+00
 0.00000000E+00
 0.00000000E+00
 0.00000000E+00
 0.00000000E+00
 0.00000000E+00
 0.00000000E+00
 0.00000000E+00
 0.00000000E+00
 0.00000000E+00
 0.00000000E+00
 0.00000000E+00
 0.00000000E+00
 0.00000000E+00
 0.00000000E+00
 0.00000000E+00
 0.00000000E+00
 0.00000000E+00
 0.00000000E+00
 0.00000000E+00
 0.00000000E+00
 0.00000000E+00
 0.00000000E+00
 0.00000000E+00
 0.00000000E+00
 0.00000000E+00
 0.00000000E+00
 0.00000000E+00
 0.00000000E+00
 0.00000000E+00
 0.00000000E+00
 0.00000000E+00
 0.00000000E+00
 0.00000000E+00
 0.00000000E+00
 0.00000000E+00
 0.00000000E+00
 0.00000000E+00
 0.00000000E+00
 0.00000000E+00
 0.00000000E+00
 0.00000000E+00
 0.00000000E+00
 0.00000000E+00
 3.52442438E-01
 2.51850972E-01
 1.73632163E-01
 1.09754800E-01
 4.58774372E-02
 1.79999257E-02
 5.63491327E-02
 8.35118444E-02
 5.64345012E-02
 1.01292019E-02
 8.23231882E-08
 8.23278146E-08
 3.02911767E-02
 4.88111175E-03
 8.23393931E-08
 8.23440107E-08
 8.22976455E-08
 8.22986650E-08
 8.23017829E-08
 8.23032824E-08
 8.23062735E-08
 8.23095500E-08
 8.23119350E-08
 8.23142635E-08
 8.23165079E-08
 8.23188544E-08
 5.38735918E-03
 8.23215821E-08
 8.23231071E-08
 8.23234169E-08
 8.23248176E-08
 8.23253654E-08
 8.23266973E-08
 8.23279418E-08
 8.23292122E-08
 8.23296690E-08
 8.23309046E-08
 8.23310061E-08
 8.23318205E-08
 8.23344867E-08
 8.23346304E-08
 8.23356812E-08
 8.23380045E-08
 8.23393057E-08
 8.23409802E-08
 8.23409440E-08
 8.23433878E-08
 8.23448291E-08
 8.23456342E-08
 8.23475307E-08
 8.23488509E-08
 8.23501914E-08
 8.23512780E-08
 8.23524495E-08
 8.23540407E-08
 8.23554029E-08
 8.23568748E-08
 8.23093047E-08
 8.23095211E-08
 8.23096078E-08
 8.23105114E-08
 8.23106691E-08
 8.23106766E-08
 8.23112275E-08
 8.23119593E-08
 8.23115845E-08
 8.23124176E-08
 8.23121348E-08
 8.23126977E-08
 8.23131607E-08
 8.23131854E-08
 8.23143547E-08
 8.23132500E-08
 8.23141821E-08
 8.23144110E-08
 8.23148424E-08
 8.23145692E-08
 8.23148095E-08
 8.23155530E-08
 8.23159033E-08
 8.23170605E-08
 8.23169333E-08
 8.23172810E-08
 8.23181737E-08
 8.23177811E-08
 8.23187827E-08
 8.23191293E-08
 8.23181901E-08
 8.23196345E-08
 8.23211166E-08
 8.23222359E-08
 8.23229880E-08
 8.23233743E-08
 8.23251449E-08
 8.23268364E-08
 8.23276098E-08
 8.23289024E-08
 8.23304008E-08
 8.23309786E-08
 8.23326467E-08
 8.23339759E-08
 8.23346782E-08
 8.23356278E-08
 8.23365230E-08
 8.23376537E-08
 8.23387252E-08
 8.23405895E-08
 8.23415803E-08
 8.23430650E-08
 8.23431696E-08
 8.23451154E-08
 8.23459608E-08
 8.23467716E-08
 8.23488830E-08
 8.23491095E-08
 8.23506273E-08
 8.23526389E-08
 8.23530484E-08
 8.23544986E-08
 8.23553917E-08
 8.23573028E-08
 8.23584265E-08
 8.23595327E-08
 8.23608756E-08
 8.23617045E-08
 8.23630278E-08
 8.23648415E-08
 8.23653875E-08
 8.23669419E-08
 8.23682283E-08
 8.23690298E-08
 8.23705630E-08
 8.23718615E-08
 8.23734013E-08
 8.23744469E-08
 8.23752614E-08
 8.23768137E-08
 8.23783775E-08
 8.23789774E-08
 8.23808070E-08
 8.23819202E-08
 8.23832852E-08
 8.23844376E-08
 8.23858334E-08
 8.23872583E-08
 8.23884623E-08
 8.23896902E-08
 8.23909428E-08
 8.23924563E-08
 8.23935301E-08
 8.23948627E-08
 8.23957601E-08
 8.23971536E-08
 8.23983511E-08
 8.23995773E-08
 8.24006142E-08
 8.24019198E-08
 8.24041668E-08
 8.24048618E-08
 8.24069610E-08
 8.24075106E-08
 8.24092294E-08
 8.24109942E-08
 8.24121230E-08
 8.23643584E-08
 8.23650561E-08
 8.23660405E-08
 8.23668789E-08
 8.23679995E-08
 8.23689717E-08
 8.23695715E-08
 8.23706791E-08
 8.23714137E-08
 8.23728763E-08
 8.23730982E-08
 8.23746863E-08
 8.23750466E-08
 8.23761222E-08
 8.23768368E-08
 8.23780468E-08
 8.23791101E-08
 8.23795957E-08
 8.23807881E-08
 8.23814145E-08
 8.23827352E-08
 8.23834901E-08
 8.23847271E-08
 8.23856080E-08
 8.23865497E-08
 8.23871412E-08
 8.23886243E-08
 8.23895493E-08
 8.23899091E-08
 8.23909491E-08
 8.23920462E-08
 8.23929966E-08
 8.23937922E-08
 8.23950506E-08
 8.23957577E-08
 8.23967111E-08
 8.23979163E-08
 8.23989658E-08
 8.23998524E-08
 8.24011819E-08
 8.23539690E-08
 8.23395319E-08
 8.23343745E-08
 8.23305078E-08
 8.23276058E-08
 8.23253914E-08
 8.23229296E-08
 8.23215776E-08
 8.23204647E-08
 8.23187795E-08
 8.23163925E-08
 8.23649473E-08
 8.23643938E-08
 8.23630030E-08
 8.23619000E-08
 8.23614414E-08
 8.23605934E-08
 8.23596694E-08
 8.23587497E-08
 8.23577290E-08
 8.23562982E-08
 8.23560346E-08
 8.23550843E-08
 8.23539893E-08
 8.23534334E-08
 8.23522461E-08
 8.23516651E-08
 8.23504288E-08
 8.23498527E-08
 8.23490486E-08
 8.23482127E-08
 8.23475664E-08
 8.23469271E-08
 8.23461367E-08
 8.23448651E-08
 8.23445506E-08
 8.23435911E-08
 8.23429111E-08
 8.23419846E-08
 8.23411632E-08
 8.23408280E-08
 8.23399172E-08
 8.23391537E-08
 8.23385489E-08
 8.23377472E-08
 8.23369452E-08
 8.23360491E-08
 8.23355287E-08
 8.23350107E-08
 8.23341698E-08
 8.23334553E-08
 8.23327699E-08
 8.23321218E-08
 8.23315300E-08
 8.23307346E-08
 8.23301671E-08
 8.23292185E-08
 8.23287888E-08
 8.23282515E-08
 8.23273561E-08
 8.23269743E-08
 8.23260857E-08
 8.23254452E-08
 8.23249058E-08
 8.23243863E-08
 8.23236166E-08
 8.23231321E-08
 8.23223156E-08
 8.23216191E-08
 8.23210430E-08
 8.23205082E-08
 8.23199270E-08
 8.23205579E-08
 8.23216414E-08
 8.23231817E-08
 8.23244412E-08
 8.23256730E-08
 8.23271331E-08
 8.23284157E-08
 8.23298436E-08
 8.23313401E-08
 8.23325212E-08
 8.23340216E-08
 8.23352590E-08
 8.23366992E-08
 8.23381386E-08
 8.23395924E-08
 8.23410703E-08
 8.23422739E-08
 8.23439790E-08
 8.23453212E-08
 8.23467207E-08
 8.23483670E-08
 8.23497763E-08
 8.23512774E-08
 8.23527842E-08
 8.23543177E-08
 8.23559958E-08
 8.23575418E-08
 8.23591797E-08
 8.23609431E-08
 8.23141507E-08
 8.23173668E-08
 2.30581870E-05
 9.71078080E-05
 1.71157429E-04
 2.45207049E-04
 3.19256670E-04
 3.93306290E-04
 4.67355910E-04
 5.41405529E-04
 6.63884214E-04
 8.37916419E-04
 1.01194862E-03
 1.18598083E-03
 1.41672185E-03
 1.69018858E-03
 2.02336128E-03
 5.26154968E-04
 1.83706661E-02
 4.62688586E-02
 7.40527142E-02
 1.01722934E-01
 1.29280215E-01
 1.56725246E-01
 1.84058712E-01
 2.11281291E-01
 2.69230769E-01
 3.33333333E-01
 3.97177419E-01
 4.60764588E-01
 5.57860183E-01
 6.57734631E-01
 7.92419162E-01
 0.00000000E+00
 0.00000000E+00
 0.00000000E+00
 0.00000000E+00
 0.00000000E+00
 0.00000000E+00
 0.00000000E+00
 0.00000000E+00
 0.00000000E+00
 0.00000000E+00
 0.00000000E+00
 0.00000000E+00
 0.00000000E+00
 0.00000000E+00
 0.00000000E+00
 0.00000000E+00
 0.00000000E+00
 0.00000000E+00
 0.00000000E+00
 0.00000000E+00
 0.00000000E+00
 0.00000000E+00
 0.00000000E+00
 0.00000000E+00
 0.00000000E+00
 0.00000000E+00
 0.00000000E+00
 0.00000000E+00
 0.00000000E+00
 0.00000000E+00
 0.00000000E+00
 0.00000000E+00
 0.00000000E+00
 0.00000000E+00
 0.00000000E+00
 0.00000000E+00
 0.00000000E+00
 0.00000000E+00
 0.00000000E+00
 0.00000000E+00
 0.00000000E+00
 0.00000000E+00
 0.00000000E+00
 0.00000000E+00
 0.00000000E+00
 0.00000000E+00
 0.00000000E+00
 0.00000000E+00
 0.00000000E+00
 0.00000000E+00
 0.00000000E+00
 0.00000000E+00
 0.00000000E+00
 0.00000000E+00
 0.00000000E+00
 0.00000000E+00
 0.00000000E+00
 0.00000000E+00
 0.00000000E+00
 0.00000000E+00
 0.00000000E+00
 0.00000000E+00
 0.00000000E+00
 0.00000000E+00
 0.00000000E+00
 0.00000000E+00
 0.00000000E+00
 0.00000000E+00
 0.00000000E+00
 0.00000000E+00
 0.00000000E+00
 0.00000000E+00
 0.00000000E+00
 0.00000000E+00
 0.00000000E+00
 0.00000000E+00
 0.00000000E+00
 0.00000000E+00
 0.00000000E+00
 0.00000000E+00
 0.00000000E+00
 0.00000000E+00
 0.00000000E+00
 0.00000000E+00
 0.00000000E+00
 0.00000000E+00
 0.00000000E+00
 0.00000000E+00
 0.00000000E+00
 0.00000000E+00
 0.00000000E+00
 0.00000000E+00
 0.00000000E+00
 0.00000000E+00
 0.00000000E+00
 0.00000000E+00
 0.00000000E+00
 0.00000000E+00
 0.00000000E+00
 0.00000000E+00
 0.00000000E+00
 0.00000000E+00
 0.00000000E+00
 0.00000000E+00
 0.00000000E+00
 0.00000000E+00
 0.00000000E+00
 0.00000000E+00
 0.00000000E+00
 0.00000000E+00
 0.00000000E+00
 0.00000000E+00
 0.00000000E+00
 0.00000000E+00
 0.00000000E+00
 0.00000000E+00
 0.00000000E+00
 0.00000000E+00
 0.00000000E+00
 0.00000000E+00
 0.00000000E+00
 0.00000000E+00
 0.00000000E+00
 0.00000000E+00
 0.00000000E+00
 0.00000000E+00
 0.00000000E+00
 0.00000000E+00
 0.00000000E+00
 0.00000000E+00
 0.00000000E+00
 0.00000000E+00
 0.00000000E+00
 0.00000000E+00
 0.00000000E+00
 0.00000000E+00
 0.00000000E+00
 0.00000000E+00
 0.00000000E+00
 0.00000000E+00
 0.00000000E+00
 0.00000000E+00
 0.00000000E+00
 0.00000000E+00
 0.00000000E+00
 0.00000000E+00
 0.00000000E+00
 0.00000000E+00
 0.00000000E+00
 0.00000000E+00
 0.00000000E+00
 0.00000000E+00
 0.00000000E+00
 0.00000000E+00
 0.00000000E+00
 0.00000000E+00
 0.00000000E+00
 0.00000000E+00
 0.00000000E+00
 0.00000000E+00
 0.00000000E+00
 0.00000000E+00
 3.26180431E-01
 2.21509430E-01
 1.41696708E-01
 7.78187804E-02
 1.39408525E-02
 4.99370753E-02
 8.54506461E-02
 1.08534892E-01
 7.13529636E-02
 1.28068359E-02
 1.29579940E-07
 1.29583322E-07
 3.36565919E-02
 5.42344579E-03
 1.29597261E-07
 1.29600512E-07
 1.29554553E-07
 1.29556077E-07
 1.29557084E-07
 1.29561326E-07
 1.29562698E-07
 1.29566415E-07
 1.29568099E-07
 1.29571764E-07
 1.29573778E-07
 1.29576759E-07
 5.98586155E-03
 1.29578453E-07
 1.29579912E-07
 1.29580590E-07
 1.29580847E-07
 1.29582621E-07
 1.29583679E-07
 1.29583999E-07
 1.29585849E-07
 1.29586232E-07
 1.29587411E-07
 1.29587872E-07
 1.29589854E-07
 1.29590406E-07
 1.29590702E-07
 1.29592323E-07
 1.29594221E-07
 1.29595118E-07
 1.29597179E-07
 1.29597931E-07
 1.29600157E-07
 1.29600394E-07
 1.29602787E-07
 1.29604645E-07
 1.29605205E-07
 1.29607297E-07
 1.29609147E-07
 1.29610112E-07
 1.29610905E-07
 1.29612473E-07
 1.29614892E-07
 1.29566059E-07
 1.29566066E-07
 1.29567266E-07
 1.29567372E-07
 1.29567686E-07
 1.29566913E-07
 1.29567636E-07
 1.29567605E-07
 1.29568453E-07
 1.29568536E-07
 1.29569476E-07
 1.29569987E-07
 1.29570068E-07
 1.29570393E-07
 1.29570280E-07
 1.29570731E-07
 1.29571070E-07
 1.29571619E-07
 1.29571471E-07
 1.29572181E-07
 1.29571863E-07
 1.29572381E-07
 1.29572837E-07
 1.29574106E-07
 1.29572901E-07
 1.29573694E-07
 1.29573846E-07
 1.29573912E-07
 1.29575693E-07
 1.29575637E-07
 1.29575793E-07
 1.29577169E-07
 1.29577430E-07
 1.29578501E-07
 1.29579829E-07
 1.29580791E-07
 1.29581694E-07
 1.29583138E-07
 1.29584505E-07
 1.29585566E-07
 1.29586842E-07
 1.29588098E-07
 1.29588740E-07
 1.29590171E-07
 1.29591569E-07
 1.29593217E-07
 1.29593719E-07
 1.29595557E-07
 1.29596824E-07
 1.29597235E-07
 1.29598446E-07
 1.29599364E-07
 1.29601059E-07
 1.29601670E-07
 1.29603327E-07
 1.29603894E-07
 1.29606051E-07
 1.29606332E-07
 1.29608188E-07
 1.29609501E-07
 1.29610542E-07
 1.29611587E-07
 1.29613398E-07
 1.29614168E-07
 1.29615469E-07
 1.29616753E-07
 1.29617536E-07
 1.29618565E-07
 1.29620635E-07
 1.29621438E-07
 1.29622000E-07
 1.29623583E-07
 1.29625428E-07
 1.29626280E-07
 1.29627653E-07
 1.29628289E-07
 1.29629956E-07
 1.29631866E-07
 1.29633078E-07
 1.29634060E-07
 1.29635073E-07
 1.29636358E-07
 1.29637912E-07
 1.29638765E-07
 1.29639671E-07
 1.29641800E-07
 1.29643006E-07
 1.29644012E-07
 1.29645061E-07
 1.29646384E-07
 1.29647749E-07
 1.29649630E-07
 1.29650843E-07
 1.29651877E-07
 1.29653655E-07
 1.29655014E-07
 1.29655735E-07
 1.29657198E-07
 1.29658708E-07
 1.29659588E-07
 1.29660987E-07
 1.29662665E-07
 1.29663946E-07
 1.29665739E-07
 1.29666462E-07
 1.29667922E-07
 1.29669221E-07
 1.29621754E-07
 1.29622260E-07
 1.29623285E-07
 1.29623938E-07
 1.29625328E-07
 1.29626128E-07
 1.29627002E-07
 1.29628165E-07
 1.29629183E-07
 1.29630060E-07
 1.29630573E-07
 1.29631588E-07
 1.29632462E-07
 1.29632979E-07
 1.29634217E-07
 1.29635093E-07
 1.29636678E-07
 1.29637056E-07
 1.29637931E-07
 1.29639514E-07
 1.29639684E-07
 1.29640558E-07
 1.29641710E-07
 1.29642515E-07
 1.29643592E-07
 1.29644320E-07
 1.29645321E-07
 1.29646391E-07
 1.29647724E-07
 1.29648295E-07
 1.29649753E-07
 1.29650242E-07
 1.29651407E-07
 1.29652226E-07
 1.29653499E-07
 1.29654221E-07
 1.29655190E-07
 1.29656016E-07
 1.29657482E-07
 1.29658596E-07
 1.29658951E-07
 1.29597908E-07
 1.29591317E-07
 1.29587750E-07
 1.29584805E-07
 1.29582283E-07
 1.29580243E-07
 1.29578267E-07
 1.29577283E-07
 1.29575220E-07
 1.29623335E-07
 1.29621933E-07
 1.29621028E-07
 1.29619899E-07
 1.29619534E-07
 1.29618163E-07
 1.29617659E-07
 1.29616417E-07
 1.29615486E-07
 1.29614585E-07
 1.29613383E-07
 1.29612728E-07
 1.29611910E-07
 1.29611164E-07
 1.29610354E-07
 1.29609164E-07
 1.29608251E-07
 1.29607569E-07
 1.29606890E-07
 1.29606202E-07
 1.29604915E-07
 1.29604605E-07
 1.29603916E-07
 1.29602691E-07
 1.29602029E-07
 1.29601052E-07
 1.29600505E-07
 1.29599837E-07
 1.29599076E-07
 1.29598420E-07
 1.29597326E-07
 1.29596545E-07
 1.29596069E-07
 1.29595288E-07
 1.29594744E-07
 1.29593738E-07
 1.29593163E-07
 1.29592418E-07
 1.29591853E-07
 1.29590936E-07
 1.29590391E-07
 1.29589625E-07
 1.29588795E-07
 1.29588346E-07
 1.29587600E-07
 1.29586988E-07
 1.29586091E-07
 1.29585767E-07
 1.29584903E-07
 1.29584123E-07
 1.29583579E-07
 1.29582848E-07
 1.29582472E-07
 1.29581572E-07
 1.29580951E-07
 1.29580332E-07
 1.29579646E-07
 1.29579143E-07
 1.29578422E-07
 1.29577802E-07
 1.29577211E-07
 1.29576501E-07
 1.29577195E-07
 1.29578473E-07
 1.29580063E-07
 1.29581430E-07
 1.29582636E-07
 1.29584120E-07
 1.29585427E-07
 1.29586806E-07
 1.29588190E-07
 1.29589372E-07
 1.29590814E-07
 1.29592189E-07
 1.29593566E-07
 1.29594943E-07
 1.29596594E-07
 1.29597951E-07
 1.29599414E-07
 1.29600743E-07
 1.29602299E-07
 1.29603655E-07
 1.29605293E-07
 1.29606708E-07
 1.29608249E-07
 1.29609816E-07
 1.29611480E-07
 1.29613016E-07
 1.29614605E-07
 1.29616209E-07
 1.29617881E-07
 1.29570977E-07
 1.29574055E-07
 1.95342417E-05
 8.24584590E-05
 1.45382676E-04
 2.08306893E-04
 2.71231110E-04
 3.34155327E-04
 3.97079543E-04
 4.60003759E-04
 5.76737553E-04
 7.50752510E-04
 9.24767466E-04
 1.09878242E-03
 1.33580659E-03
 1.62030334E-03
 1.97113946E-03
 5.12504798E-04
 1.56107538E-02
 3.93176686E-02
 6.29274238E-02
 8.64406157E-02
 1.09857835E-01
 1.33179669E-01
 1.56406699E-01
 1.79539501E-01
 2.36842105E-01
 3.01010101E-01
 3.64919355E-01
 4.28571429E-01
 5.29483202E-01
 6.33510534E-01
 7.76243513E-01
 0.00000000E+00
 0.00000000E+00
 0.00000000E+00
 0.00000000E+00
 0.00000000E+00
 0.00000000E+00
 0.00000000E+00
 0.00000000E+00
 0.00000000E+00
 0.00000000E+00
 0.00000000E+00
 0.00000000E+00
 0.00000000E+00
 0.00000000E+00
 0.00000000E+00
 0.00000000E+00
 0.00000000E+00
 0.00000000E+00
 0.00000000E+00
 0.00000000E+00
 0.00000000E+00
 0.00000000E+00
 0.00000000E+00
 0.00000000E+00
 0.00000000E+00
 0.00000000E+00
 0.00000000E+00
 0.00000000E+00
 0.00000000E+00
 0.00000000E+00
 0.00000000E+00
 0.00000000E+00
 0.00000000E+00
 0.00000000E+00
 0.00000000E+00
 0.00000000E+00
 0.00000000E+00
 0.00000000E+00
 0.00000000E+00
 0.00000000E+00
 0.00000000E+00
 0.00000000E+00
 0.00000000E+00
 0.00000000E+00
 0.00000000E+00
 0.00000000E+00
 0.00000000E+00
 0.00000000E+00
 0.00000000E+00
 0.00000000E+00
 0.00000000E+00
 0.00000000E+00
 0.00000000E+00
 0.00000000E+00
 0.00000000E+00
 0.00000000E+00
 0.00000000E+00
 0.00000000E+00
 0.00000000E+00
 0.00000000E+00
 0.00000000E+00
 0.00000000E+00
 0.00000000E+00
 0.00000000E+00
 0.00000000E+00
 0.00000000E+00
 0.00000000E+00
 0.00000000E+00
 0.00000000E+00
 0.00000000E+00
 0.00000000E+00
 0.00000000E+00
 0.00000000E+00
 0.00000000E+00
 0.00000000E+00
 0.00000000E+00
 0.00000000E+00
 0.00000000E+00
 0.00000000E+00
 0.00000000E+00
 0.00000000E+00
 0.00000000E+00
 0.00000000E+00
 0.00000000E+00
 0.00000000E+00
 0.00000000E+00
 0.00000000E+00
 0.00000000E+00
 0.00000000E+00
 0.00000000E+00
 0.00000000E+00
 0.00000000E+00
 0.00000000E+00
 0.00000000E+00
 0.00000000E+00
 0.00000000E+00
 0.00000000E+00
 0.00000000E+00
 0.00000000E+00
 0.00000000E+00
 0.00000000E+00
 0.00000000E+00
 0.00000000E+00
 0.00000000E+00
 0.00000000E+00
 0.00000000E+00
 0.00000000E+00
 0.00000000E+00
 0.00000000E+00
 0.00000000E+00
 0.00000000E+00
 0.00000000E+00
 0.00000000E+00
 0.00000000E+00
 0.00000000E+00
 0.00000000E+00
 0.00000000E+00
 0.00000000E+00
 0.00000000E+00
 0.00000000E+00
 0.00000000E+00
 0.00000000E+00
 0.00000000E+00
 0.00000000E+00
 0.00000000E+00
 0.00000000E+00
 0.00000000E+00
 0.00000000E+00
 0.00000000E+00
 0.00000000E+00
 0.00000000E+00
 0.00000000E+00
 0.00000000E+00
 0.00000000E+00
 0.00000000E+00
 0.00000000E+00
 0.00000000E+00
 0.00000000E+00
 0.00000000E+00
 0.00000000E+00
 0.00000000E+00
 0.00000000E+00
 0.00000000E+00
 0.00000000E+00
 0.00000000E+00
 0.00000000E+00
 0.00000000E+00
 0.00000000E+00
 0.00000000E+00
 0.00000000E+00
 0.00000000E+00
 0.00000000E+00
 0.00000000E+00
 0.00000000E+00
 0.00000000E+00
 0.00000000E+00
 0.00000000E+00
 0.00000000E+00
 0.00000000E+00
 0.00000000E+00
 0.00000000E+00
 0.00000000E+00
 2.99918892E-01
 1.91168429E-01
 1.09761822E-01
 4.58833274E-02
 1.79951668E-02
 8.18736611E-02
 1.14551648E-01
 1.33557504E-01
 8.62711748E-02
 1.54844421E-02
 1.55702412E-07
 1.55705691E-07
 3.70219249E-02
 5.96574886E-03
 1.55718219E-07
 1.55722172E-07
 1.55677333E-07
 1.55677180E-07
 1.55679203E-07
 1.55683319E-07
 1.55685017E-07
 1.55687924E-07
 1.55690399E-07
 1.55693280E-07
 1.55696966E-07
 1.55698498E-07
 6.58437419E-03
 1.55700947E-07
 1.55701818E-07
 1.55703188E-07
 1.55704145E-07
 1.55704025E-07
 1.55705139E-07
 1.55707015E-07
 1.55708274E-07
 1.55708086E-07
 1.55709118E-07
 1.55710256E-07
 1.55711466E-07
 1.55712065E-07
 1.55713861E-07
 1.55714536E-07
 1.55715928E-07
 1.55718142E-07
 1.55719474E-07
 1.55720168E-07
 1.55722478E-07
 1.55722814E-07
 1.55724702E-07
 1.55727080E-07
 1.55727921E-07
 1.55729945E-07
 1.55731495E-07
 1.55732185E-07
 1.55734437E-07
 1.55735520E-07
 1.55687698E-07
 1.55688422E-07
 1.55689338E-07
 1.55690124E-07
 1.55689469E-07
 1.55690696E-07
 1.55689883E-07
 1.55690572E-07
 1.55690860E-07
 1.55690400E-07
 1.55692092E-07
 1.55692090E-07
 1.55692010E-07
 1.55693114E-07
 1.55692527E-07
 1.55692525E-07
 1.55693667E-07
 1.55692885E-07
 1.55693561E-07
 1.55693878E-07
 1.55694396E-07
 1.55694545E-07
 1.55694649E-07
 1.55695583E-07
 1.55696130E-07
 1.55695733E-07
 1.55696782E-07
 1.55696876E-07
 1.55697206E-07
 1.55697762E-07
 1.55697990E-07
 1.55698741E-07
 1.55699556E-07
 1.55700737E-07
 1.55701576E-07
 1.55702370E-07
 1.55703426E-07
 1.55704425E-07
 1.55706275E-07
 1.55706921E-07
 1.55708402E-07
 1.55709279E-07
 1.55710970E-07
 1.55711822E-07
 1.55713179E-07
 1.55713693E-07
 1.55715284E-07
 1.55716028E-07
 1.55717601E-07
 1.55718038E-07
 1.55719581E-07
 1.55720552E-07
 1.55722608E-07
 1.55723296E-07
 1.55725052E-07
 1.55726006E-07
 1.55726945E-07
 1.55728702E-07
 1.55729652E-07
 1.55730354E-07
 1.55731851E-07
 1.55733088E-07
 1.55734342E-07
 1.55735600E-07
 1.55737134E-07
 1.55737907E-07
 1.55739216E-07
 1.55741055E-07
 1.55741373E-07
 1.55742746E-07
 1.55743886E-07
 1.55746058E-07
 1.55747243E-07
 1.55747968E-07
 1.55748970E-07
 1.55750513E-07
 1.55751840E-07
 1.55752958E-07
 1.55753610E-07
 1.55755545E-07
 1.55756536E-07
 1.55757820E-07
 1.55759386E-07
 1.55760269E-07
 1.55761927E-07
 1.55763402E-07
 1.55764682E-07
 1.55766019E-07
 1.55767162E-07
 1.55767901E-07
 1.55769641E-07
 1.55770971E-07
 1.55771892E-07
 1.55773340E-07
 1.55774866E-07
 1.55775977E-07
 1.55777159E-07
 1.55779334E-07
 1.55779962E-07
 1.55781815E-07
 1.55782368E-07
 1.55784135E-07
 1.55785522E-07
 1.55786752E-07
 1.55787838E-07
 1.55789683E-07
 1.55791599E-07
 1.55743598E-07
 1.55744159E-07
 1.55745244E-07
 1.55746190E-07
 1.55746538E-07
 1.55747634E-07
 1.55748589E-07
 1.55750060E-07
 1.55750508E-07
 1.55751475E-07
 1.55752296E-07
 1.55753849E-07
 1.55754182E-07
 1.55755234E-07
 1.55756156E-07
 1.55756934E-07
 1.55758001E-07
 1.55759149E-07
 1.55759942E-07
 1.55760601E-07
 1.55761759E-07
 1.55762563E-07
 1.55763867E-07
 1.55765032E-07
 1.55765638E-07
 1.55766741E-07
 1.55767284E-07
 1.55768314E-07
 1.55769621E-07
 1.55770165E-07
 1.55771605E-07
 1.55772488E-07
 1.55773033E-07
 1.55774453E-07
 1.55774920E-07
 1.55776455E-07
 1.55777642E-07
 1.55778078E-07
 1.55779373E-07
 1.55780510E-07
 1.55781300E-07
 1.55782326E-07
 1.55720767E-07
 1.55714644E-07
 1.55710105E-07
 1.55707504E-07
 1.55704859E-07
 1.55702669E-07
 1.55700915E-07
 1.55699667E-07
 1.55697756E-07
 1.55745952E-07
 1.55744866E-07
 1.55743927E-07
 1.55743013E-07
 1.55741571E-07
 1.55740754E-07
 1.55739934E-07
 1.55739241E-07
 1.55738218E-07
 1.55737133E-07
 1.55735898E-07
 1.55735522E-07
 1.55734173E-07
 1.55733320E-07
 1.55732732E-07
 1.55732077E-07
 1.55731024E-07
 1.55730353E-07
 1.55729723E-07
 1.55728517E-07
 1.55727778E-07
 1.55726978E-07
 1.55726140E-07
 1.55725189E-07
 1.55724704E-07
 1.55723687E-07
 1.55723338E-07
 1.55722412E-07
 1.55721555E-07
 1.55720594E-07
 1.55719919E-07
 1.55719515E-07
 1.55718509E-07
 1.55717635E-07
 1.55716894E-07
 1.55716205E-07
 1.55715409E-07
 1.55715047E-07
 1.55714399E-07
 1.55713493E-07
 1.55712591E-07
 1.55712327E-07
 1.55711563E-07
 1.55710650E-07
 1.55710114E-07
 1.55709538E-07
 1.55708661E-07
 1.55707914E-07
 1.55707498E-07
 1.55706535E-07
 1.55705906E-07
 1.55705419E-07
 1.55704592E-07
 1.55704029E-07
 1.55703531E-07
 1.55702875E-07
 1.55702071E-07
 1.55701441E-07
 1.55700914E-07
 1.55700408E-07
 1.55699846E-07
 1.55699153E-07
 1.55699537E-07
 1.55701024E-07
 1.55702225E-07
 1.55703787E-07
 1.55704912E-07
 1.55706516E-07
 1.55707928E-07
 1.55709082E-07
 1.55710625E-07
 1.55711835E-07
 1.55713306E-07
 1.55714829E-07
 1.55716228E-07
 1.55717627E-07
 1.55719040E-07
 1.55720480E-07
 1.55721972E-07
 1.55723333E-07
 1.55724880E-07
 1.55726494E-07
 1.55727902E-07
 1.55729465E-07
 1.55730878E-07
 1.55732654E-07
 1.55734112E-07
 1.55735791E-07
 1.55737435E-07
 1.55739012E-07
 1.55740721E-07
 1.55693419E-07
 1.55696497E-07
 1.60314947E-05
 6.78305141E-05
 1.19629533E-04
 1.71428552E-04
 2.23227571E-04
 2.75026589E-04
 3.26825607E-04
 3.78624625E-04
 4.89613636E-04
 6.63611349E-04
 8.37609062E-04
 1.01160677E-03
 1.25491398E-03
 1.55044056E-03
 1.91893976E-03
 4.98854628E-04
 1.28508415E-02
 3.23664785E-02
 5.18021334E-02
 7.11582969E-02
 9.04354556E-02
 1.09634092E-01
 1.28754686E-01
 1.47797711E-01
 2.04453441E-01
 2.68686869E-01
 3.32661290E-01
 3.96378270E-01
 5.01106221E-01
 6.09286437E-01
 7.60067864E-01
 0.00000000E+00
 0.00000000E+00
 0.00000000E+00
 0.00000000E+00
 0.00000000E+00
 0.00000000E+00
 0.00000000E+00
 0.00000000E+00
 0.00000000E+00
 0.00000000E+00
 0.00000000E+00
 0.00000000E+00
 0.00000000E+00
 0.00000000E+00
 0.00000000E+00
 0.00000000E+00
 0.00000000E+00
 0.00000000E+00
 0.00000000E+00
 0.00000000E+00
 0.00000000E+00
 0.00000000E+00
 0.00000000E+00
 0.00000000E+00
 0.00000000E+00
 0.00000000E+00
 0.00000000E+00
 0.00000000E+00
 0.00000000E+00
 0.00000000E+00
 0.00000000E+00
 0.00000000E+00
 0.00000000E+00
 0.00000000E+00
 0.00000000E+00
 0.00000000E+00
 0.00000000E+00
 0.00000000E+00
 0.00000000E+00
 0.00000000E+00
 0.00000000E+00
 0.00000000E+00
 0.00000000E+00
 0.00000000E+00
 0.00000000E+00
 0.00000000E+00
 0.00000000E+00
 0.00000000E+00
 0.00000000E+00
 0.00000000E+00
 0.00000000E+00
 0.00000000E+00
 0.00000000E+00
 0.00000000E+00
 0.00000000E+00
 0.00000000E+00
 0.00000000E+00
 0.00000000E+00
 0.00000000E+00
 0.00000000E+00
 0.00000000E+00
 0.00000000E+00
 0.00000000E+00
 0.00000000E+00
 0.00000000E+00
 0.00000000E+00
 0.00000000E+00
 0.00000000E+00
 0.00000000E+00
 0.00000000E+00
 0.00000000E+00
 0.00000000E+00
 0.00000000E+00
 0.00000000E+00
 0.00000000E+00
 0.00000000E+00
 0.00000000E+00
 0.00000000E+00
 0.00000000E+00
 0.00000000E+00
 0.00000000E+00
 0.00000000E+00
 0.00000000E+00
 0.00000000E+00
 0.00000000E+00
 0.00000000E+00
 0.00000000E+00
 0.00000000E+00
 0.00000000E+00
 0.00000000E+00
 0.00000000E+00
 0.00000000E+00
 0.00000000E+00
 0.00000000E+00
 0.00000000E+00
 0.00000000E+00
 0.00000000E+00
 0.00000000E+00
 0.00000000E+00
 0.00000000E+00
 0.00000000E+00
 0.00000000E+00
 0.00000000E+00
 0.00000000E+00
 0.00000000E+00
 0.00000000E+00
 0.00000000E+00
 0.00000000E+00
 0.00000000E+00
 0.00000000E+00
 0.00000000E+00
 0.00000000E+00
 0.00000000E+00
 0.00000000E+00
 0.00000000E+00
 0.00000000E+00
 0.00000000E+00
 0.00000000E+00
 0.00000000E+00
 0.00000000E+00
 0.00000000E+00
 0.00000000E+00
 0.00000000E+00
 0.00000000E+00
 0.00000000E+00
 0.00000000E+00
 0.00000000E+00
 0.00000000E+00
 0.00000000E+00
 0.00000000E+00
 0.00000000E+00
 0.00000000E+00
 0.00000000E+00
 0.00000000E+00
 0.00000000E+00
 0.00000000E+00
 0.00000000E+00
 0.00000000E+00
 0.00000000E+00
 0.00000000E+00
 0.00000000E+00
 0.00000000E+00
 0.00000000E+00
 0.00000000E+00
 0.00000000E+00
 0.00000000E+00
 0.00000000E+00
 0.00000000E+00
 0.00000000E+00
 0.00000000E+00
 0.00000000E+00
 0.00000000E+00
 0.00000000E+00
 0.00000000E+00
 0.00000000E+00
 0.00000000E+00
 0.00000000E+00
 0.00000000E+00
 0.00000000E+00
 0.00000000E+00
 0.00000000E+00
 0.00000000E+00
 0.00000000E+00
 1.60827966E-01
 7.78275007E-02
 1.39484388E-02
 4.99306230E-02
 1.13809685E-01
 1.43652142E-01
 1.58579681E-01
 1.01189136E-01
 1.81620207E-02
 1.60723648E-07
 1.60728004E-07
 4.03871761E-02
 6.50802102E-03
 1.60739650E-07
 1.60744061E-07
 1.60697555E-07
 1.60697999E-07
 1.60700781E-07
 1.60702902E-07
 1.60707430E-07
 1.60708825E-07
 1.60711832E-07
 1.60715690E-07
 1.60717663E-07
 1.60719494E-07
 7.18289712E-03
 1.60721343E-07
 1.60722250E-07
 1.60723653E-07
 1.60725079E-07
 1.60725851E-07
 1.60726776E-07
 1.60727399E-07
 1.60728920E-07
 1.60729411E-07
 1.60730469E-07
 1.60731646E-07
 1.60733316E-07
 1.60733733E-07
 1.60735369E-07
 1.60736311E-07
 1.60737356E-07
 1.60739251E-07
 1.60740285E-07
 1.60741852E-07
 1.60743653E-07
 1.60745273E-07
 1.60746057E-07
 1.60748120E-07
 1.60750035E-07
 1.60751159E-07
 1.60752827E-07
 1.60755125E-07
 1.60755935E-07
 1.60757315E-07
 1.60710064E-07
 1.60710643E-07
 1.60710094E-07
 1.60710745E-07
 1.60710671E-07
 1.60710827E-07
 1.60711548E-07
 1.60711882E-07
 1.60712759E-07
 1.60712889E-07
 1.60712964E-07
 1.60712977E-07
 1.60713845E-07
 1.60713710E-07
 1.60714748E-07
 1.60714779E-07
 1.60715051E-07
 1.60715887E-07
 1.60714808E-07
 1.60715515E-07
 1.60715862E-07
 1.60715846E-07
 1.60717006E-07
 1.60716579E-07
 1.60716752E-07
 1.60717740E-07
 1.60717784E-07
 1.60718080E-07
 1.60718064E-07
 1.60719461E-07
 1.60719359E-07
 1.60720104E-07
 1.60720917E-07
 1.60722110E-07
 1.60722119E-07
 1.60724706E-07
 1.60724951E-07
 1.60725761E-07
 1.60726828E-07
 1.60728739E-07
 1.60730055E-07
 1.60731074E-07
 1.60732094E-07
 1.60732812E-07
 1.60734629E-07
 1.60735613E-07
 1.60737155E-07
 1.60737865E-07
 1.60738835E-07
 1.60740633E-07
 1.60741364E-07
 1.60742626E-07
 1.60743894E-07
 1.60745171E-07
 1.60746731E-07
 1.60747502E-07
 1.60748824E-07
 1.60750417E-07
 1.60751769E-07
 1.60752879E-07
 1.60754024E-07
 1.60754644E-07
 1.60755839E-07
 1.60757050E-07
 1.60758821E-07
 1.60759837E-07
 1.60761401E-07
 1.60762746E-07
 1.60763607E-07
 1.60764778E-07
 1.60765990E-07
 1.60767242E-07
 1.60769051E-07
 1.60769886E-07
 1.60771533E-07
 1.60772981E-07
 1.60772991E-07
 1.60775035E-07
 1.60776153E-07
 1.60777322E-07
 1.60778799E-07
 1.60779603E-07
 1.60781212E-07
 1.60782142E-07
 1.60784119E-07
 1.60784954E-07
 1.60786823E-07
 1.60787554E-07
 1.60788852E-07
 1.60790457E-07
 1.60791422E-07
 1.60793183E-07
 1.60794544E-07
 1.60795754E-07
 1.60796810E-07
 1.60798195E-07
 1.60799659E-07
 1.60800517E-07
 1.60802617E-07
 1.60804112E-07
 1.60805468E-07
 1.60806459E-07
 1.60807323E-07
 1.60808963E-07
 1.60810695E-07
 1.60811624E-07
 1.60763878E-07
 1.60764952E-07
 1.60765880E-07
 1.60767117E-07
 1.60768208E-07
 1.60769160E-07
 1.60769979E-07
 1.60771092E-07
 1.60771414E-07
 1.60772478E-07
 1.60773188E-07
 1.60774629E-07
 1.60775071E-07
 1.60776240E-07
 1.60777279E-07
 1.60778179E-07
 1.60778737E-07
 1.60780232E-07
 1.60781375E-07
 1.60782382E-07
 1.60783051E-07
 1.60783588E-07
 1.60784836E-07
 1.60785741E-07
 1.60787139E-07
 1.60787362E-07
 1.60788912E-07
 1.60789293E-07
 1.60790785E-07
 1.60791722E-07
 1.60792119E-07
 1.60793611E-07
 1.60794154E-07
 1.60795578E-07
 1.60796253E-07
 1.60797398E-07
 1.60798200E-07
 1.60799464E-07
 1.60799984E-07
 1.60801565E-07
 1.60802188E-07
 1.60803069E-07
 1.60804392E-07
 1.60743316E-07
 1.60736269E-07
 1.60732247E-07
 1.60729387E-07
 1.60726207E-07
 1.60724191E-07
 1.60723071E-07
 1.60720908E-07
 1.60719791E-07
 1.60767739E-07
 1.60766459E-07
 1.60765729E-07
 1.60764681E-07
 1.60763376E-07
 1.60762562E-07
 1.60761662E-07
 1.60760413E-07
 1.60760079E-07
 1.60759061E-07
 1.60757807E-07
 1.60757346E-07
 1.60756149E-07
 1.60755303E-07
 1.60754206E-07
 1.60753748E-07
 1.60753039E-07
 1.60751924E-07
 1.60750811E-07
 1.60750300E-07
 1.60749294E-07
 1.60748389E-07
 1.60747962E-07
 1.60746951E-07
 1.60746179E-07
 1.60745235E-07
 1.60744741E-07
 1.60744109E-07
 1.60742892E-07
 1.60742456E-07
 1.60741824E-07
 1.60740741E-07
 1.60740377E-07
 1.60739233E-07
 1.60738666E-07
 1.60738040E-07
 1.60737118E-07
 1.60736524E-07
 1.60735815E-07
 1.60735097E-07
 1.60734548E-07
 1.60733573E-07
 1.60732954E-07
 1.60732102E-07
 1.60731790E-07
 1.60730651E-07
 1.60730230E-07
 1.60729694E-07
 1.60728856E-07
 1.60728063E-07
 1.60727515E-07
 1.60727025E-07
 1.60726436E-07
 1.60725759E-07
 1.60724991E-07
 1.60724392E-07
 1.60723628E-07
 1.60722885E-07
 1.60722228E-07
 1.60721852E-07
 1.60721141E-07
 1.60720557E-07
 1.60721306E-07
 1.60722492E-07
 1.60723714E-07
 1.60725161E-07
 1.60726554E-07
 1.60728020E-07
 1.60729361E-07
 1.60730698E-07
 1.60732031E-07
 1.60733415E-07
 1.60735052E-07
 1.60736359E-07
 1.60737859E-07
 1.60739358E-07
 1.60740552E-07
 1.60742097E-07
 1.60743590E-07
 1.60744961E-07
 1.60746466E-07
 1.60748047E-07
 1.60749666E-07
 1.60751139E-07
 1.60752769E-07
 1.60754239E-07
 1.60755845E-07
 1.60757444E-07
 1.60759217E-07
 1.60760800E-07
 1.60762460E-07
 1.60714773E-07
 1.60718013E-07
 1.25499128E-05
 5.32239388E-05
 9.38979646E-05
 1.34571990E-04
 1.75246015E-04
 2.15920040E-04
 2.56594065E-04
 2.97268090E-04
 4.02512425E-04
 5.76492899E-04
 7.50473372E-04
 9.24453844E-04
 1.17404398E-03
 1.48060018E-03
 1.86676216E-03
 4.85204459E-04
 1.00909293E-02
 2.54152885E-02
 4.06768430E-02
 5.58759781E-02
 7.10130759E-02
 8.60885154E-02
 1.01102673E-01
 1.16055921E-01
 1.72064777E-01
 2.36363636E-01
 3.00403226E-01
 3.64185111E-01
 4.72729240E-01
 5.85062340E-01
 7.43892216E-01
 0.00000000E+00
 0.00000000E+00
 0.00000000E+00
 0.00000000E+00
 0.00000000E+00
 0.00000000E+00
 0.00000000E+00
 0.00000000E+00
 0.00000000E+00
 0.00000000E+00
 0.00000000E+00
 0.00000000E+00
 0.00000000E+00
 0.00000000E+00
 0.00000000E+00
 0.00000000E+00
 0.00000000E+00
 0.00000000E+00
 0.00000000E+00
 0.00000000E+00
 0.00000000E+00
 0.00000000E+00
 0.00000000E+00
 0.00000000E+00
 0.00000000E+00
 0.00000000E+00
 0.00000000E+00
 0.00000000E+00
 0.00000000E+00
 0.00000000E+00
 0.00000000E+00
 0.00000000E+00
 0.00000000E+00
 0.00000000E+00
 0.00000000E+00
 0.00000000E+00
 0.00000000E+00
 0.00000000E+00
 0.00000000E+00
 0.00000000E+00
 0.00000000E+00
 0.00000000E+00
 0.00000000E+00
 0.00000000E+00
 0.00000000E+00
 0.00000000E+00
 0.00000000E+00
 0.00000000E+00
 0.00000000E+00
 0.00000000E+00
 0.00000000E+00
 0.00000000E+00
 0.00000000E+00
 0.00000000E+00
 0.00000000E+00
 0.00000000E+00
 0.00000000E+00
 0.00000000E+00
 0.00000000E+00
 0.00000000E+00
 0.00000000E+00
 0.00000000E+00
 0.00000000E+00
 0.00000000E+00
 0.00000000E+00
 0.00000000E+00
 0.00000000E+00
 0.00000000E+00
 0.00000000E+00
 0.00000000E+00
 0.00000000E+00
 0.00000000E+00
 0.00000000E+00
 0.00000000E+00
 0.00000000E+00
 0.00000000E+00
 0.00000000E+00
 0.00000000E+00
 0.00000000E+00
 0.00000000E+00
 0.00000000E+00
 0.00000000E+00
 0.00000000E+00
 0.00000000E+00
 0.00000000E+00
 0.00000000E+00
 0.00000000E+00
 0.00000000E+00
 0.00000000E+00
 0.00000000E+00
 0.00000000E+00
 0.00000000E+00
 0.00000000E+00
 0.00000000E+00
 0.00000000E+00
 0.00000000E+00
 0.00000000E+00
 0.00000000E+00
 0.00000000E+00
 0.00000000E+00
 0.00000000E+00
 0.00000000E+00
 0.00000000E+00
 0.00000000E+00
 0.00000000E+00
 0.00000000E+00
 0.00000000E+00
 0.00000000E+00
 0.00000000E+00
 0.00000000E+00
 0.00000000E+00
 0.00000000E+00
 0.00000000E+00
 0.00000000E+00
 0.00000000E+00
 0.00000000E+00
 0.00000000E+00
 0.00000000E+00
 0.00000000E+00
 0.00000000E+00
 0.00000000E+00
 0.00000000E+00
 0.00000000E+00
 0.00000000E+00
 0.00000000E+00
 0.00000000E+00
 0.00000000E+00
 0.00000000E+00
 0.00000000E+00
 0.00000000E+00
 0.00000000E+00
 0.00000000E+00
 0.00000000E+00
 0.00000000E+00
 0.00000000E+00
 0.00000000E+00
 0.00000000E+00
 0.00000000E+00
 0.00000000E+00
 0.00000000E+00
 0.00000000E+00
 0.00000000E+00
 0.00000000E+00
 0.00000000E+00
 0.00000000E+00
 0.00000000E+00
 0.00000000E+00
 0.00000000E+00
 0.00000000E+00
 0.00000000E+00
 0.00000000E+00
 0.00000000E+00
 0.00000000E+00
 0.00000000E+00
 0.00000000E+00
 0.00000000E+00
 0.00000000E+00
 0.00000000E+00
 0.00000000E+00
 0.00000000E+00
 0.00000000E+00
 0.00000000E+00
 0.00000000E+00
 1.30488039E-01
 4.58937437E-02
 1.79858871E-02
 8.18655180E-02
 1.45745149E-01
 1.72752127E-01
 1.83601426E-01
 1.16106848E-01
 2.08395719E-02
 1.44677965E-07
 1.44680871E-07
 4.37523455E-02
 7.05026235E-03
 1.44693809E-07
 1.44697128E-07
 1.44650377E-07
 1.44652172E-07
 1.44654849E-07
 1.44657328E-07
 1.44659920E-07
 1.44663735E-07
 1.44665725E-07
 1.44668596E-07
 1.44671608E-07
 1.44674457E-07
 7.78143033E-03
 1.44675345E-07
 1.44677409E-07
 1.44677621E-07
 1.44678034E-07
 1.44679320E-07
 1.44680766E-07
 1.44680845E-07
 1.44682660E-07
 1.44683863E-07
 1.44684173E-07
 1.44685036E-07
 1.44685745E-07
 1.44688125E-07
 1.44687795E-07
 1.44690483E-07
 1.44691477E-07
 1.44693088E-07
 1.44693861E-07
 1.44695954E-07
 1.44697908E-07
 1.44699456E-07
 1.44701572E-07
 1.44702593E-07
 1.44703871E-07
 1.44706123E-07
 1.44706951E-07
 1.44708071E-07
 1.44710179E-07
 1.44711891E-07
 1.44663891E-07
 1.44664841E-07
 1.44664295E-07
 1.44665675E-07
 1.44665017E-07
 1.44665897E-07
 1.44665103E-07
 1.44666168E-07
 1.44666843E-07
 1.44667124E-07
 1.44667008E-07
 1.44667180E-07
 1.44666946E-07
 1.44668243E-07
 1.44667626E-07
 1.44668177E-07
 1.44669306E-07
 1.44668522E-07
 1.44669874E-07
 1.44669315E-07
 1.44670855E-07
 1.44671143E-07
 1.44670185E-07
 1.44671607E-07
 1.44671771E-07
 1.44672528E-07
 1.44672350E-07
 1.44672428E-07
 1.44672205E-07
 1.44672544E-07
 1.44673739E-07
 1.44674611E-07
 1.44674712E-07
 1.44675207E-07
 1.44677146E-07
 1.44678206E-07
 1.44679233E-07
 1.44679996E-07
 1.44682152E-07
 1.44683193E-07
 1.44683655E-07
 1.44685255E-07
 1.44686860E-07
 1.44687052E-07
 1.44688651E-07
 1.44689720E-07
 1.44691065E-07
 1.44691878E-07
 1.44693535E-07
 1.44694937E-07
 1.44695795E-07
 1.44696966E-07
 1.44697870E-07
 1.44699081E-07
 1.44700863E-07
 1.44701866E-07
 1.44703429E-07
 1.44704492E-07
 1.44705603E-07
 1.44707259E-07
 1.44708180E-07
 1.44709147E-07
 1.44710414E-07
 1.44711986E-07
 1.44713087E-07
 1.44713723E-07
 1.44715942E-07
 1.44716445E-07
 1.44718511E-07
 1.44718867E-07
 1.44720294E-07
 1.44722025E-07
 1.44723582E-07
 1.44724441E-07
 1.44726121E-07
 1.44727359E-07
 1.44727685E-07
 1.44729330E-07
 1.44730786E-07
 1.44731838E-07
 1.44733461E-07
 1.44734167E-07
 1.44735947E-07
 1.44737312E-07
 1.44737803E-07
 1.44739597E-07
 1.44741225E-07
 1.44742227E-07
 1.44743557E-07
 1.44744753E-07
 1.44746269E-07
 1.44747649E-07
 1.44748890E-07
 1.44750472E-07
 1.44751919E-07
 1.44752767E-07
 1.44754646E-07
 1.44755483E-07
 1.44757340E-07
 1.44758390E-07
 1.44759096E-07
 1.44760596E-07
 1.44762215E-07
 1.44763710E-07
 1.44765552E-07
 1.44766829E-07
 1.44718638E-07
 1.44719557E-07
 1.44721008E-07
 1.44721428E-07
 1.44722377E-07
 1.44723196E-07
 1.44723886E-07
 1.44725322E-07
 1.44725746E-07
 1.44726914E-07
 1.44727735E-07
 1.44728639E-07
 1.44729421E-07
 1.44730929E-07
 1.44731451E-07
 1.44732700E-07
 1.44733822E-07
 1.44734177E-07
 1.44735043E-07
 1.44736630E-07
 1.44737241E-07
 1.44738573E-07
 1.44739559E-07
 1.44740425E-07
 1.44740949E-07
 1.44742185E-07
 1.44742878E-07
 1.44744268E-07
 1.44745120E-07
 1.44746252E-07
 1.44746845E-07
 1.44747717E-07
 1.44748868E-07
 1.44749885E-07
 1.44750975E-07
 1.44751723E-07
 1.44753148E-07
 1.44754030E-07
 1.44754372E-07
 1.44755772E-07
 1.44756831E-07
 1.44757738E-07
 1.44759087E-07
 1.44699031E-07
 1.44691068E-07
 1.44686683E-07
 1.44683002E-07
 1.44680802E-07
 1.44678473E-07
 1.44676970E-07
 1.44675517E-07
 1.44674024E-07
 1.44721900E-07
 1.44720800E-07
 1.44719684E-07
 1.44718875E-07
 1.44718234E-07
 1.44717029E-07
 1.44716198E-07
 1.44714829E-07
 1.44714290E-07
 1.44713084E-07
 1.44711965E-07
 1.44711012E-07
 1.44710296E-07
 1.44709497E-07
 1.44708499E-07
 1.44707720E-07
 1.44706823E-07
 1.44706054E-07
 1.44705435E-07
 1.44704446E-07
 1.44703684E-07
 1.44702609E-07
 1.44702174E-07
 1.44700939E-07
 1.44700203E-07
 1.44699804E-07
 1.44698762E-07
 1.44698086E-07
 1.44697349E-07
 1.44696659E-07
 1.44695662E-07
 1.44695092E-07
 1.44694242E-07
 1.44693493E-07
 1.44692497E-07
 1.44692314E-07
 1.44691298E-07
 1.44690494E-07
 1.44690105E-07
 1.44689166E-07
 1.44688649E-07
 1.44687872E-07
 1.44687084E-07
 1.44686306E-07
 1.44685551E-07
 1.44684984E-07
 1.44684200E-07
 1.44683360E-07
 1.44683076E-07
 1.44682061E-07
 1.44681542E-07
 1.44680989E-07
 1.44680325E-07
 1.44679484E-07
 1.44678800E-07
 1.44678280E-07
 1.44677834E-07
 1.44677064E-07
 1.44676233E-07
 1.44675731E-07
 1.44675088E-07
 1.44674555E-07
 1.44675025E-07
 1.44676525E-07
 1.44677719E-07
 1.44679125E-07
 1.44680735E-07
 1.44682150E-07
 1.44683300E-07
 1.44684769E-07
 1.44686294E-07
 1.44687739E-07
 1.44688909E-07
 1.44690592E-07
 1.44691884E-07
 1.44693499E-07
 1.44694808E-07
 1.44696306E-07
 1.44697858E-07
 1.44699189E-07
 1.44700790E-07
 1.44702271E-07
 1.44703720E-07
 1.44705399E-07
 1.44706931E-07
 1.44708640E-07
 1.44710261E-07
 1.44711742E-07
 1.44713472E-07
 1.44715092E-07
 1.44716821E-07
 1.44718560E-07
 1.44671991E-07
 9.08946223E-06
 3.86386989E-05
 6.81879353E-05
 9.77371715E-05
 1.27286408E-04
 1.56835643E-04
 1.86384879E-04
 2.15934114E-04
 3.15433882E-04
 4.89397119E-04
 6.63360356E-04
 8.37323593E-04
 1.09319654E-03
 1.41078218E-03
 1.81460662E-03
 4.71554289E-04
 7.33101698E-03
 1.84640985E-02
 2.95515526E-02
 4.05936593E-02
 5.15906962E-02
 6.25429386E-02
 7.34506597E-02
 8.43141304E-02
 1.39676113E-01
 2.04040404E-01
 2.68145161E-01
 3.31991952E-01
 4.44352259E-01
 5.60838243E-01
 7.27716567E-01
 0.00000000E+00
 0.00000000E+00
 0.00000000E+00
 0.00000000E+00
 0.00000000E+00
 0.00000000E+00
 0.00000000E+00
 0.00000000E+00
 0.00000000E+00
 0.00000000E+00
 0.00000000E+00
 0.00000000E+00
 0.00000000E+00
 0.00000000E+00
 0.00000000E+00
 0.00000000E+00
 0.00000000E+00
 0.00000000E+00
 0.00000000E+00
 0.00000000E+00
 0.00000000E+00
 0.00000000E+00
 0.00000000E+00
 0.00000000E+00
 0.00000000E+00
 0.00000000E+00
 0.00000000E+00
 0.00000000E+00
 0.00000000E+00
 0.00000000E+00
 0.00000000E+00
 0.00000000E+00
 0.00000000E+00
 0.00000000E+00
 0.00000000E+00
 0.00000000E+00
 0.00000000E+00
 0.00000000E+00
 0.00000000E+00
 0.00000000E+00
 0.00000000E+00
 0.00000000E+00
 0.00000000E+00
 0.00000000E+00
 0.00000000E+00
 0.00000000E+00
 0.00000000E+00
 0.00000000E+00
 0.00000000E+00
 0.00000000E+00
 0.00000000E+00
 0.00000000E+00
 0.00000000E+00
 0.00000000E+00
 0.00000000E+00
 0.00000000E+00
 0.00000000E+00
 0.00000000E+00
 0.00000000E+00
 0.00000000E+00
 0.00000000E+00
 0.00000000E+00
 0.00000000E+00
 0.00000000E+00
 0.00000000E+00
 0.00000000E+00
 0.00000000E+00
 0.00000000E+00
 0.00000000E+00
 0.00000000E+00
 0.00000000E+00
 0.00000000E+00
 0.00000000E+00
 0.00000000E+00
 0.00000000E+00
 0.00000000E+00
 0.00000000E+00
 0.00000000E+00
 0.00000000E+00
 0.00000000E+00
 0.00000000E+00
 0.00000000E+00
 0.00000000E+00
 0.00000000E+00
 0.00000000E+00
 0.00000000E+00
 0.00000000E+00
 0.00000000E+00
 0.00000000E+00
 0.00000000E+00
 0.00000000E+00
 0.00000000E+00
 0.00000000E+00
 0.00000000E+00
 0.00000000E+00
 0.00000000E+00
 0.00000000E+00
 0.00000000E+00
 0.00000000E+00
 0.00000000E+00
 0.00000000E+00
 0.00000000E+00
 0.00000000E+00
 0.00000000E+00
 0.00000000E+00
 0.00000000E+00
 0.00000000E+00
 0.00000000E+00
 0.00000000E+00
 0.00000000E+00
 0.00000000E+00
 0.00000000E+00
 0.00000000E+00
 0.00000000E+00
 0.00000000E+00
 0.00000000E+00
 0.00000000E+00
 0.00000000E+00
 0.00000000E+00
 0.00000000E+00
 0.00000000E+00
 0.00000000E+00
 0.00000000E+00
 0.00000000E+00
 0.00000000E+00
 0.00000000E+00
 0.00000000E+00
 0.00000000E+00
 0.00000000E+00
 0.00000000E+00
 0.00000000E+00
 0.00000000E+00
 0.00000000E+00
 0.00000000E+00
 0.00000000E+00
 0.00000000E+00
 0.00000000E+00
 0.00000000E+00
 0.00000000E+00
 0.00000000E+00
 0.00000000E+00
 0.00000000E+00
 0.00000000E+00
 0.00000000E+00
 0.00000000E+00
 0.00000000E+00
 0.00000000E+00
 0.00000000E+00
 0.00000000E+00
 0.00000000E+00
 0.00000000E+00
 0.00000000E+00
 0.00000000E+00
 0.00000000E+00
 0.00000000E+00
 0.00000000E+00
 0.00000000E+00
 0.00000000E+00
 0.00000000E+00
 0.00000000E+00
 0.00000000E+00
 0.00000000E+00
 0.00000000E+00
 1.00148647E-01
 1.39605486E-02
 4.99196526E-02
 1.13799854E-01
 1.77680055E-01
 2.01851607E-01
 2.08622740E-01
 1.31024311E-01
 2.35170957E-02
 1.07598381E-07
 1.07602626E-07
 4.71174335E-02
 7.59247292E-03
 1.07613566E-07
 1.07616901E-07
 1.07570168E-07
 1.07570671E-07
 1.07574750E-07
 1.07575875E-07
 1.07579890E-07
 1.07583272E-07
 1.07584415E-07
 1.07588463E-07
 1.07591517E-07
 1.07593731E-07
 8.37997383E-03
 1.07595267E-07
 1.07597123E-07
 1.07596880E-07
 1.07599037E-07
 1.07598807E-07
 1.07600261E-07
 1.07601597E-07
 1.07602373E-07
 1.07603779E-07
 1.07604311E-07
 1.07604745E-07
 1.07606512E-07
 1.07607056E-07
 1.07608595E-07
 1.07609268E-07
 1.07611547E-07
 1.07612000E-07
 1.07614856E-07
 1.07616217E-07
 1.07617227E-07
 1.07618862E-07
 1.07620836E-07
 1.07621735E-07
 1.07624659E-07
 1.07625209E-07
 1.07627095E-07
 1.07628296E-07
 1.07629531E-07
 1.07632464E-07
 1.07583287E-07
 1.07584629E-07
 1.07585197E-07
 1.07584695E-07
 1.07585746E-07
 1.07585483E-07
 1.07585446E-07
 1.07585390E-07
 1.07585890E-07
 1.07586354E-07
 1.07586767E-07
 1.07587472E-07
 1.07587769E-07
 1.07588681E-07
 1.07588603E-07
 1.07589120E-07
 1.07588643E-07
 1.07589083E-07
 1.07589187E-07
 1.07589850E-07
 1.07590825E-07
 1.07590230E-07
 1.07590826E-07
 1.07590503E-07
 1.07591668E-07
 1.07591905E-07
 1.07591537E-07
 1.07592941E-07
 1.07592859E-07
 1.07593340E-07
 1.07593515E-07
 1.07594005E-07
 1.07594903E-07
 1.07595035E-07
 1.07596623E-07
 1.07598495E-07
 1.07598657E-07
 1.07600843E-07
 1.07601020E-07
 1.07602667E-07
 1.07604562E-07
 1.07604526E-07
 1.07605930E-07
 1.07607341E-07
 1.07609050E-07
 1.07610234E-07
 1.07611707E-07
 1.07612133E-07
 1.07613935E-07
 1.07614974E-07
 1.07615770E-07
 1.07617681E-07
 1.07617751E-07
 1.07620281E-07
 1.07621252E-07
 1.07621732E-07
 1.07622795E-07
 1.07624698E-07
 1.07625603E-07
 1.07626572E-07
 1.07628361E-07
 1.07629700E-07
 1.07630315E-07
 1.07632553E-07
 1.07633298E-07
 1.07633859E-07
 1.07635260E-07
 1.07636734E-07
 1.07638009E-07
 1.07639882E-07
 1.07640059E-07
 1.07642573E-07
 1.07642920E-07
 1.07643843E-07
 1.07645606E-07
 1.07646457E-07
 1.07648388E-07
 1.07649669E-07
 1.07651032E-07
 1.07652258E-07
 1.07653814E-07
 1.07654975E-07
 1.07656247E-07
 1.07657625E-07
 1.07658852E-07
 1.07660428E-07
 1.07661148E-07
 1.07662705E-07
 1.07663653E-07
 1.07665432E-07
 1.07666837E-07
 1.07668124E-07
 1.07668831E-07
 1.07670597E-07
 1.07671776E-07
 1.07673316E-07
 1.07674272E-07
 1.07676060E-07
 1.07677503E-07
 1.07678845E-07
 1.07680088E-07
 1.07681459E-07
 1.07683196E-07
 1.07684155E-07
 1.07685477E-07
 1.07637809E-07
 1.07638990E-07
 1.07639817E-07
 1.07640744E-07
 1.07641312E-07
 1.07642637E-07
 1.07643834E-07
 1.07644018E-07
 1.07645838E-07
 1.07646649E-07
 1.07647334E-07
 1.07648110E-07
 1.07648767E-07
 1.07650165E-07
 1.07651433E-07
 1.07651718E-07
 1.07652954E-07
 1.07654063E-07
 1.07655051E-07
 1.07655279E-07
 1.07656237E-07
 1.07657703E-07
 1.07658416E-07
 1.07659845E-07
 1.07660103E-07
 1.07661916E-07
 1.07662559E-07
 1.07663701E-07
 1.07664716E-07
 1.07665202E-07
 1.07666182E-07
 1.07667444E-07
 1.07668174E-07
 1.07668978E-07
 1.07670065E-07
 1.07671019E-07
 1.07671849E-07
 1.07673146E-07
 1.07674308E-07
 1.07675538E-07
 1.07676223E-07
 1.07676773E-07
 1.07677971E-07
 1.07679427E-07
 1.07619739E-07
 1.07611481E-07
 1.07606949E-07
 1.07603498E-07
 1.07601012E-07
 1.07599026E-07
 1.07597034E-07
 1.07595321E-07
 1.07593979E-07
 1.07642666E-07
 1.07641479E-07
 1.07640085E-07
 1.07639027E-07
 1.07637810E-07
 1.07637055E-07
 1.07635793E-07
 1.07635158E-07
 1.07634121E-07
 1.07633002E-07
 1.07631887E-07
 1.07631640E-07
 1.07630247E-07
 1.07629855E-07
 1.07628831E-07
 1.07628069E-07
 1.07626596E-07
 1.07626222E-07
 1.07625413E-07
 1.07624114E-07
 1.07623455E-07
 1.07622736E-07
 1.07622176E-07
 1.07620958E-07
 1.07620398E-07
 1.07619700E-07
 1.07618788E-07
 1.07618041E-07
 1.07617297E-07
 1.07616490E-07
 1.07615717E-07
 1.07615174E-07
 1.07614162E-07
 1.07613407E-07
 1.07612925E-07
 1.07612005E-07
 1.07611198E-07
 1.07610345E-07
 1.07609524E-07
 1.07609029E-07
 1.07608147E-07
 1.07607599E-07
 1.07606794E-07
 1.07605968E-07
 1.07605422E-07
 1.07604886E-07
 1.07604111E-07
 1.07603454E-07
 1.07602991E-07
 1.07602316E-07
 1.07601440E-07
 1.07600777E-07
 1.07599913E-07
 1.07599466E-07
 1.07598823E-07
 1.07598248E-07
 1.07597339E-07
 1.07596690E-07
 1.07596035E-07
 1.07595559E-07
 1.07594929E-07
 1.07594334E-07
 1.07595064E-07
 1.07596492E-07
 1.07597870E-07
 1.07599187E-07
 1.07600566E-07
 1.07602009E-07
 1.07603246E-07
 1.07604533E-07
 1.07606067E-07
 1.07607587E-07
 1.07609024E-07
 1.07610446E-07
 1.07611734E-07
 1.07613351E-07
 1.07614918E-07
 1.07616258E-07
 1.07617712E-07
 1.07619344E-07
 1.07620695E-07
 1.07622328E-07
 1.07623861E-07
 1.07625479E-07
 1.07627016E-07
 1.07628721E-07
 1.07630226E-07
 1.07631845E-07
 1.07633557E-07
 1.07635237E-07
 1.07636976E-07
 1.07638652E-07
 1.07591809E-07
 5.65010933E-06
 2.40747600E-05
 4.24994106E-05
 6.09240609E-05
 7.93487111E-05
 9.77733608E-05
 1.16198010E-04
 1.34622660E-04
 2.28377966E-04
 4.02323972E-04
 5.76269977E-04
 7.50215981E-04
 1.01237164E-03
 1.34098652E-03
 1.76247311E-03
 4.57904119E-04
 4.57110470E-03
 1.15129085E-02
 1.84262622E-02
 2.53113405E-02
 3.21683164E-02
 3.89973617E-02
 4.57986466E-02
 5.25723401E-02
 1.07287449E-01
 1.71717172E-01
 2.35887097E-01
 2.99798793E-01
 4.15975278E-01
 5.36614146E-01
 7.11540918E-01
 0.00000000E+00
 0.00000000E+00
 0.00000000E+00
 0.00000000E+00
 0.00000000E+00
 0.00000000E+00
 0.00000000E+00
 0.00000000E+00
 0.00000000E+00
 0.00000000E+00
 0.00000000E+00
 0.00000000E+00
 0.00000000E+00
 0.00000000E+00
 0.00000000E+00
 0.00000000E+00
 0.00000000E+00
 0.00000000E+00
 0.00000000E+00
 0.00000000E+00
 0.00000000E+00
 0.00000000E+00
 0.00000000E+00
 0.00000000E+00
 0.00000000E+00
 0.00000000E+00
 0.00000000E+00
 0.00000000E+00
 0.00000000E+00
 0.00000000E+00
 0.00000000E+00
 0.00000000E+00
 0.00000000E+00
 0.00000000E+00
 0.00000000E+00
 0.00000000E+00
 0.00000000E+00
 0.00000000E+00
 0.00000000E+00
 0.00000000E+00
 0.00000000E+00
 0.00000000E+00
 0.00000000E+00
 0.00000000E+00
 0.00000000E+00
 0.00000000E+00
 0.00000000E+00
 0.00000000E+00
 0.00000000E+00
 0.00000000E+00
 0.00000000E+00
 0.00000000E+00
 0.00000000E+00
 0.00000000E+00
 0.00000000E+00
 0.00000000E+00
 0.00000000E+00
 0.00000000E+00
 0.00000000E+00
 0.00000000E+00
 0.00000000E+00
 0.00000000E+00
 0.00000000E+00
 0.00000000E+00
 0.00000000E+00
 0.00000000E+00
 0.00000000E+00
 0.00000000E+00
 0.00000000E+00
 0.00000000E+00
 0.00000000E+00
 0.00000000E+00
 0.00000000E+00
 0.00000000E+00
 0.00000000E+00
 0.00000000E+00
 0.00000000E+00
 0.00000000E+00
 0.00000000E+00
 0.00000000E+00
 0.00000000E+00
 0.00000000E+00
 0.00000000E+00
 0.00000000E+00
 0.00000000E+00
 0.00000000E+00
 0.00000000E+00
 0.00000000E+00
 0.00000000E+00
 0.00000000E+00
 0.00000000E+00
 0.00000000E+00
 0.00000000E+00
 0.00000000E+00
 0.00000000E+00
 0.00000000E+00
 0.00000000E+00
 0.00000000E+00
 0.00000000E+00
 0.00000000E+00
 0.00000000E+00
 0.00000000E+00
 0.00000000E+00
 0.00000000E+00
 0.00000000E+00
 0.00000000E+00
 0.00000000E+00
 0.00000000E+00
 0.00000000E+00
 0.00000000E+00
 0.00000000E+00
 0.00000000E+00
 0.00000000E+00
 0.00000000E+00
 0.00000000E+00
 0.00000000E+00
 0.00000000E+00
 0.00000000E+00
 0.00000000E+00
 0.00000000E+00
 0.00000000E+00
 0.00000000E+00
 0.00000000E+00
 0.00000000E+00
 0.00000000E+00
 0.00000000E+00
 0.00000000E+00
 0.00000000E+00
 0.00000000E+00
 0.00000000E+00
 0.00000000E+00
 0.00000000E+00
 0.00000000E+00
 0.00000000E+00
 0.00000000E+00
 0.00000000E+00
 0.00000000E+00
 0.00000000E+00
 0.00000000E+00
 0.00000000E+00
 0.00000000E+00
 0.00000000E+00
 0.00000000E+00
 0.00000000E+00
 0.00000000E+00
 0.00000000E+00
 0.00000000E+00
 0.00000000E+00
 0.00000000E+00
 0.00000000E+00
 0.00000000E+00
 0.00000000E+00
 0.00000000E+00
 0.00000000E+00
 0.00000000E+00
 0.00000000E+00
 0.00000000E+00
 0.00000000E+00
 0.00000000E+00
 0.00000000E+00
 0.00000000E+00
 0.00000000E+00
 0.00000000E+00
 6.98097874E-02
 1.79720865E-02
 8.18528594E-02
 1.45733632E-01
 2.09614405E-01
 2.30950583E-01
 2.33643624E-01
 1.45941527E-01
 2.61945924E-02
 4.95165530E-08
 4.95209694E-08
 5.04824403E-02
 8.13465278E-03
 4.95316277E-08
 4.95354819E-08
 4.94883304E-08
 4.94900772E-08
 4.94927895E-08
 4.94953355E-08
 4.94973120E-08
 4.95007245E-08
 4.95034890E-08
 4.95068886E-08
 4.95093120E-08
 4.95124609E-08
 8.97852763E-03
 4.95144117E-08
 4.95158073E-08
 4.95166525E-08
 4.95177067E-08
 4.95189899E-08
 4.95187125E-08
 4.95194265E-08
 4.95208215E-08
 4.95224568E-08
 4.95225728E-08
 4.95244755E-08
 4.95248009E-08
 4.95261788E-08
 4.95260847E-08
 4.95280352E-08
 4.95295563E-08
 4.95310788E-08
 4.95321910E-08
 4.95340226E-08
 4.95358975E-08
 4.95373953E-08
 4.95392579E-08
 4.95408194E-08
 4.95420546E-08
 4.95450455E-08
 4.95464055E-08
 4.95474769E-08
 4.95495813E-08
 4.95514513E-08
 4.95022641E-08
 4.95033075E-08
 4.95032115E-08
 4.95046871E-08
 4.95044928E-08
 4.95048927E-08
 4.95049307E-08
 4.95058878E-08
 4.95055323E-08
 4.95051472E-08
 4.95060031E-08
 4.95068040E-08
 4.95066256E-08
 4.95070721E-08
 4.95077860E-08
 4.95078529E-08
 4.95076043E-08
 4.95079413E-08
 4.95079518E-08
 4.95082949E-08
 4.95091904E-08
 4.95091771E-08
 4.95103563E-08
 4.95097375E-08
 4.95106175E-08
 4.95108975E-08
 4.95114531E-08
 4.95117230E-08
 4.95120231E-08
 4.95128894E-08
 4.95125958E-08
 4.95123172E-08
 4.95139321E-08
 4.95150997E-08
 4.95154168E-08
 4.95174876E-08
 4.95175469E-08
 4.95188102E-08
 4.95209511E-08
 4.95216899E-08
 4.95232949E-08
 4.95241007E-08
 4.95252289E-08
 4.95266730E-08
 4.95284197E-08
 4.95288432E-08
 4.95306646E-08
 4.95317459E-08
 4.95320149E-08
 4.95337191E-08
 4.95357609E-08
 4.95364714E-08
 4.95380795E-08
 4.95386434E-08
 4.95400924E-08
 4.95410634E-08
 4.95428923E-08
 4.95434621E-08
 4.95454353E-08
 4.95464222E-08
 4.95467001E-08
 4.95483583E-08
 4.95493026E-08
 4.95513857E-08
 4.95530196E-08
 4.95534473E-08
 4.95549949E-08
 4.95558740E-08
 4.95575809E-08
 4.95581396E-08
 4.95600479E-08
 4.95612794E-08
 4.95628927E-08
 4.95638222E-08
 4.95651230E-08
 4.95665298E-08
 4.95680307E-08
 4.95691546E-08
 4.95696523E-08
 4.95710059E-08
 4.95727010E-08
 4.95745160E-08
 4.95754847E-08
 4.95765723E-08
 4.95780281E-08
 4.95795964E-08
 4.95808121E-08
 4.95816809E-08
 4.95833963E-08
 4.95850041E-08
 4.95865028E-08
 4.95871943E-08
 4.95892030E-08
 4.95904026E-08
 4.95912778E-08
 4.95927677E-08
 4.95939285E-08
 4.95959367E-08
 4.95969281E-08
 4.95978357E-08
 4.96000442E-08
 4.96005758E-08
 4.96023958E-08
 4.96036878E-08
 4.95560621E-08
 4.95565838E-08
 4.95581124E-08
 4.95595110E-08
 4.95598902E-08
 4.95610346E-08
 4.95618264E-08
 4.95627237E-08
 4.95634915E-08
 4.95643636E-08
 4.95657683E-08
 4.95663925E-08
 4.95671180E-08
 4.95685963E-08
 4.95690805E-08
 4.95705257E-08
 4.95709937E-08
 4.95724164E-08
 4.95728621E-08
 4.95742602E-08
 4.95746827E-08
 4.95758459E-08
 4.95771005E-08
 4.95780198E-08
 4.95790349E-08
 4.95799359E-08
 4.95807180E-08
 4.95820034E-08
 4.95831733E-08
 4.95838078E-08
 4.95843280E-08
 4.95853432E-08
 4.95866524E-08
 4.95874260E-08
 4.95884889E-08
 4.95894247E-08
 4.95906461E-08
 4.95917359E-08
 4.95926956E-08
 4.95939317E-08
 4.95948271E-08
 4.95957969E-08
 4.95968206E-08
 4.95977044E-08
 4.95988436E-08
 4.95405628E-08
 4.95312976E-08
 4.95263940E-08
 4.95227066E-08
 4.95202485E-08
 4.95176328E-08
 4.95159989E-08
 4.95139576E-08
 4.95627522E-08
 4.95618251E-08
 4.95603829E-08
 4.95592226E-08
 4.95578485E-08
 4.95574168E-08
 4.95561741E-08
 4.95550876E-08
 4.95539431E-08
 4.95534573E-08
 4.95518573E-08
 4.95513304E-08
 4.95506572E-08
 4.95495287E-08
 4.95485940E-08
 4.95477316E-08
 4.95466106E-08
 4.95462315E-08
 4.95449623E-08
 4.95443209E-08
 4.95434258E-08
 4.95426898E-08
 4.95417694E-08
 4.95407830E-08
 4.95398519E-08
 4.95394636E-08
 4.95388089E-08
 4.95375643E-08
 4.95368276E-08
 4.95363369E-08
 4.95354889E-08
 4.95344831E-08
 4.95341364E-08
 4.95332036E-08
 4.95322595E-08
 4.95314676E-08
 4.95307607E-08
 4.95298997E-08
 4.95293169E-08
 4.95285785E-08
 4.95279799E-08
 4.95272423E-08
 4.95266659E-08
 4.95257967E-08
 4.95250894E-08
 4.95244776E-08
 4.95235169E-08
 4.95229087E-08
 4.95222466E-08
 4.95216875E-08
 4.95208990E-08
 4.95204989E-08
 4.95195410E-08
 4.95189709E-08
 4.95181241E-08
 4.95176000E-08
 4.95167922E-08
 4.95162391E-08
 4.95155945E-08
 4.95151939E-08
 4.95142966E-08
 4.95138252E-08
 4.95130468E-08
 4.95137940E-08
 4.95152984E-08
 4.95164088E-08
 4.95179807E-08
 4.95193466E-08
 4.95207651E-08
 4.95221659E-08
 4.95236149E-08
 4.95250410E-08
 4.95264463E-08
 4.95280306E-08
 4.95292144E-08
 4.95307048E-08
 4.95321408E-08
 4.95338489E-08
 4.95353323E-08
 4.95368738E-08
 4.95383635E-08
 4.95398690E-08
 4.95412715E-08
 4.95429749E-08
 4.95443822E-08
 4.95459870E-08
 4.95477206E-08
 4.95494294E-08
 4.95509600E-08
 4.95526866E-08
 4.95542739E-08
 4.95561169E-08
 4.95578525E-08
 4.95106471E-08
 2.23182057E-06
 9.53208812E-06
 1.68323553E-05
 2.41326224E-05
 3.14328893E-05
 3.87331558E-05
 4.60334222E-05
 5.33336881E-05
 1.41344639E-04
 3.15273417E-04
 4.89202194E-04
 6.63130971E-04
 9.31569230E-04
 1.27121315E-03
 1.71036158E-03
 4.44253950E-04
 1.81119243E-03
 4.56171845E-03
 7.30097183E-03
 1.00290217E-02
 1.27459367E-02
 1.54517848E-02
 1.81466336E-02
 2.08305499E-02
 7.48987854E-02
 1.39393939E-01
 2.03629032E-01
 2.67605634E-01
 3.87598297E-01
 5.12390050E-01
 6.95365269E-01
 0.00000000E+00
 0.00000000E+00
 0.00000000E+00
 0.00000000E+00
 0.00000000E+00
 0.00000000E+00
 0.00000000E+00
 0.00000000E+00
 0.00000000E+00
 0.00000000E+00
 0.00000000E+00
 0.00000000E+00
 0.00000000E+00
 0.00000000E+00
 0.00000000E+00
 0.00000000E+00
 0.00000000E+00
 0.00000000E+00
 0.00000000E+00
 0.00000000E+00
 0.00000000E+00
 0.00000000E+00
 0.00000000E+00
 0.00000000E+00
 0.00000000E+00
 0.00000000E+00
 0.00000000E+00
 0.00000000E+00
 0.00000000E+00
 0.00000000E+00
 0.00000000E+00
 0.00000000E+00
 0.00000000E+00
 0.00000000E+00
 0.00000000E+00
 0.00000000E+00
 0.00000000E+00
 0.00000000E+00
 0.00000000E+00
 0.00000000E+00
 0.00000000E+00
 0.00000000E+00
 0.00000000E+00
 0.00000000E+00
 0.00000000E+00
 0.00000000E+00
 0.00000000E+00
 0.00000000E+00
 0.00000000E+00
 0.00000000E+00
 0.00000000E+00
 0.00000000E+00
 0.00000000E+00
 0.00000000E+00
 0.00000000E+00
 0.00000000E+00
 0.00000000E+00
 0.00000000E+00
 0.00000000E+00
 0.00000000E+00
 0.00000000E+00
 0.00000000E+00
 0.00000000E+00
 0.00000000E+00
 0.00000000E+00
 0.00000000E+00
 0.00000000E+00
 0.00000000E+00
 0.00000000E+00
 0.00000000E+00
 0.00000000E+00
 0.00000000E+00
 0.00000000E+00
 0.00000000E+00
 0.00000000E+00
 0.00000000E+00
 0.00000000E+00
 0.00000000E+00
 0.00000000E+00
 0.00000000E+00
 0.00000000E+00
 0.00000000E+00
 0.00000000E+00
 0.00000000E+00
 0.00000000E+00
 0.00000000E+00
 0.00000000E+00
 0.00000000E+00
 0.00000000E+00
 0.00000000E+00
 0.00000000E+00
 0.00000000E+00
 0.00000000E+00
 0.00000000E+00
 0.00000000E+00
 0.00000000E+00
 0.00000000E+00
 0.00000000E+00
 0.00000000E+00
 0.00000000E+00
 0.00000000E+00
 0.00000000E+00
 0.00000000E+00
 0.00000000E+00
 0.00000000E+00
 0.00000000E+00
 0.00000000E+00
 0.00000000E+00
 0.00000000E+00
 0.00000000E+00
 0.00000000E+00
 0.00000000E+00
 0.00000000E+00
 0.00000000E+00
 0.00000000E+00
 0.00000000E+00
 0.00000000E+00
 0.00000000E+00
 0.00000000E+00
 0.00000000E+00
 0.00000000E+00
 0.00000000E+00
 0.00000000E+00
 0.00000000E+00
 0.00000000E+00
 0.00000000E+00
 0.00000000E+00
 0.00000000E+00
 0.00000000E+00
 0.00000000E+00
 0.00000000E+00
 0.00000000E+00
 0.00000000E+00
 0.00000000E+00
 0.00000000E+00
 0.00000000E+00
 0.00000000E+00
 0.00000000E+00
 0.00000000E+00
 0.00000000E+00
 0.00000000E+00
 0.00000000E+00
 0.00000000E+00
 0.00000000E+00
 0.00000000E+00
 0.00000000E+00
 0.00000000E+00
 0.00000000E+00
 0.00000000E+00
 0.00000000E+00
 0.00000000E+00
 0.00000000E+00
 0.00000000E+00
 0.00000000E+00
 0.00000000E+00
 0.00000000E+00
 0.00000000E+00
 0.00000000E+00
 0.00000000E+00
 0.00000000E+00
 0.00000000E+00
 0.00000000E+00
 0.00000000E+00
 7.07635658E-02
 1.95324065E-02
 8.76210837E-02
 1.55709761E-01
 2.23798438E-01
 2.46506625E-01
 2.49328980E-01
 1.55730727E-01
 2.79516241E-02
 5.46851486E-08
 5.46893601E-08
 5.38474503E-02
 8.67688622E-03
 5.46991272E-08
 5.47031330E-08
 5.46563409E-08
 5.46568695E-08
 5.46601455E-08
 5.46625670E-08
 5.46660313E-08
 5.46693346E-08
 5.46713084E-08
 5.46739386E-08
 5.46780453E-08
 5.46797640E-08
 9.57700751E-03
 5.46831533E-08
 5.46828657E-08
 5.46839962E-08
 5.46853437E-08
 5.46866819E-08
 5.46875570E-08
 5.46872689E-08
 5.46887607E-08
 5.46902535E-08
 5.46906478E-08
 5.46924450E-08
 5.46924332E-08
 5.46934900E-08
 5.46949256E-08
 5.46963546E-08
 5.46984250E-08
 5.46998838E-08
 5.47017235E-08
 5.47028879E-08
 5.47045018E-08
 5.47061478E-08
 5.47075495E-08
 5.47086745E-08
 5.47112414E-08
 5.47126009E-08
 5.47143393E-08
 5.47151944E-08
 5.47182035E-08
 5.46703695E-08
 5.46715471E-08
 5.46717043E-08
 5.46720513E-08
 5.46720608E-08
 5.46723183E-08
 5.46729361E-08
 5.46724871E-08
 5.46736706E-08
 5.46731920E-08
 5.46730406E-08
 5.46741302E-08
 5.46742481E-08
 5.46750020E-08
 5.46744390E-08
 5.46748373E-08
 5.46758403E-08
 5.46752874E-08
 5.46756627E-08
 5.46772783E-08
 5.46773329E-08
 5.46764962E-08
 5.46772019E-08
 5.46778892E-08
 5.46776721E-08
 5.46784003E-08
 5.46782161E-08
 5.46789553E-08
 5.46794185E-08
 5.46795979E-08
 5.46806686E-08
 5.46808983E-08
 5.46802936E-08
 5.46824380E-08
 5.46832935E-08
 5.46847691E-08
 5.46853923E-08
 5.46869246E-08
 5.46873735E-08
 5.46884152E-08
 5.46898042E-08
 5.46909369E-08
 5.46927016E-08
 5.46933777E-08
 5.46949717E-08
 5.46957678E-08
 5.46971704E-08
 5.46986517E-08
 5.46999134E-08
 5.47001512E-08
 5.47012588E-08
 5.47029996E-08
 5.47050765E-08
 5.47056141E-08
 5.47064815E-08
 5.47082382E-08
 5.47087401E-08
 5.47103966E-08
 5.47118592E-08
 5.47126265E-08
 5.47137502E-08
 5.47154967E-08
 5.47165366E-08
 5.47181905E-08
 5.47196833E-08
 5.47202511E-08
 5.47216874E-08
 5.47224693E-08
 5.47243667E-08
 5.47256050E-08
 5.47267173E-08
 5.47281790E-08
 5.47297704E-08
 5.47302177E-08
 5.47315304E-08
 5.47329645E-08
 5.47337774E-08
 5.47362060E-08
 5.47370277E-08
 5.47377417E-08
 5.47397937E-08
 5.47402902E-08
 5.47416428E-08
 5.47431328E-08
 5.47450062E-08
 5.47455755E-08
 5.47472404E-08
 5.47488157E-08
 5.47502976E-08
 5.47516888E-08
 5.47522868E-08
 5.47537393E-08
 5.47555797E-08
 5.47571132E-08
 5.47580998E-08
 5.47597100E-08
 5.47610093E-08
 5.47622449E-08
 5.47636449E-08
 5.47642912E-08
 5.47657862E-08
 5.47679197E-08
 5.47686185E-08
 5.47706243E-08
 5.47233006E-08
 5.47237325E-08
 5.47249432E-08
 5.47260259E-08
 5.47269924E-08
 5.47276060E-08
 5.47285554E-08
 5.47291572E-08
 5.47307504E-08
 5.47315649E-08
 5.47320378E-08
 5.47337129E-08
 5.47341709E-08
 5.47349556E-08
 5.47364945E-08
 5.47372683E-08
 5.47379272E-08
 5.47386849E-08
 5.47395469E-08
 5.47405158E-08
 5.47420017E-08
 5.47429540E-08
 5.47437936E-08
 5.47447261E-08
 5.47455539E-08
 5.47462686E-08
 5.47470767E-08
 5.47484034E-08
 5.47496182E-08
 5.47498822E-08
 5.47508637E-08
 5.47521500E-08
 5.47533139E-08
 5.47539514E-08
 5.47548818E-08
 5.47561032E-08
 5.47567954E-08
 5.47581800E-08
 5.47588362E-08
 5.47599726E-08
 5.47609836E-08
 5.47624633E-08
 5.47630114E-08
 5.47638293E-08
 5.47652946E-08
 5.47662292E-08
 5.47096481E-08
 5.46993910E-08
 5.46939640E-08
 5.46902407E-08
 5.46873048E-08
 5.46850025E-08
 5.46825404E-08
 5.46812360E-08
 5.47297900E-08
 5.47286613E-08
 5.47275475E-08
 5.47266076E-08
 5.47254623E-08
 5.47240660E-08
 5.47234551E-08
 5.47223032E-08
 5.47215718E-08
 5.47206424E-08
 5.47196494E-08
 5.47183437E-08
 5.47177558E-08
 5.47170369E-08
 5.47157053E-08
 5.47147554E-08
 5.47139804E-08
 5.47135222E-08
 5.47124016E-08
 5.47116886E-08
 5.47108796E-08
 5.47099982E-08
 5.47090900E-08
 5.47081811E-08
 5.47074840E-08
 5.47068404E-08
 5.47062697E-08
 5.47052554E-08
 5.47045451E-08
 5.47036255E-08
 5.47028630E-08
 5.47024516E-08
 5.47014337E-08
 5.47009793E-08
 5.47001173E-08
 5.46989764E-08
 5.46986009E-08
 5.46979555E-08
 5.46970542E-08
 5.46964300E-08
 5.46959272E-08
 5.46950223E-08
 5.46942509E-08
 5.46936311E-08
 5.46927206E-08
 5.46919690E-08
 5.46913071E-08
 5.46906308E-08
 5.46901485E-08
 5.46896801E-08
 5.46887354E-08
 5.46879684E-08
 5.46874263E-08
 5.46869212E-08
 5.46860470E-08
 5.46857444E-08
 5.46848117E-08
 5.46843789E-08
 5.46838448E-08
 5.46831373E-08
 5.46825132E-08
 5.46816469E-08
 5.46813847E-08
 5.46820137E-08
 5.46832378E-08
 5.46846570E-08
 5.46859306E-08
 5.46872602E-08
 5.46886308E-08
 5.46900451E-08
 5.46913687E-08
 5.46929905E-08
 5.46942635E-08
 5.46957102E-08
 5.46970755E-08
 5.46986960E-08
 5.46999854E-08
 5.47015540E-08
 5.47028392E-08
 5.47042750E-08
 5.47059232E-08
 5.47073308E-08
 5.47089069E-08
 5.47105559E-08
 5.47118942E-08
 5.47134955E-08
 5.47150590E-08
 5.47166947E-08
 5.47184916E-08
 5.47200845E-08
 5.47217296E-08
 5.47234448E-08
 5.47252716E-08
 5.46776284E-08
 5.46797253E-08
 5.46790854E-08
 5.46786886E-08
 5.46785414E-08
 5.46785411E-08
 5.46788795E-08
 5.46794783E-08
 5.46804149E-08
 8.23367303E-05
 2.52435128E-04
 4.22533525E-04
 5.92631921E-04
 8.63539515E-04
 1.21039914E-03
 1.66339593E-03
 4.31912105E-04
 0.00000000E+00
 1.14213909E-16
 0.00000000E+00
 0.00000000E+00
 0.00000000E+00
 1.13283449E-16
 0.00000000E+00
 0.00000000E+00
 5.24659184E-02
 1.15587008E-01
 1.78453577E-01
 2.41067161E-01
 3.63453815E-01
 4.90981964E-01
 6.80594810E-01
 0.00000000E+00
 0.00000000E+00
 0.00000000E+00
 0.00000000E+00
 0.00000000E+00
 0.00000000E+00
 0.00000000E+00
 0.00000000E+00
 0.00000000E+00
 0.00000000E+00
 0.00000000E+00
 0.00000000E+00
 0.00000000E+00
 0.00000000E+00
 0.00000000E+00
 0.00000000E+00
 0.00000000E+00
 0.00000000E+00
 0.00000000E+00
 0.00000000E+00
 0.00000000E+00
 0.00000000E+00
 0.00000000E+00
 0.00000000E+00
 0.00000000E+00
 0.00000000E+00
 0.00000000E+00
 0.00000000E+00
 0.00000000E+00
 0.00000000E+00
 0.00000000E+00
 0.00000000E+00
 0.00000000E+00
 0.00000000E+00
 0.00000000E+00
 0.00000000E+00
 0.00000000E+00
 0.00000000E+00
 0.00000000E+00
 0.00000000E+00
 0.00000000E+00
 0.00000000E+00
 0.00000000E+00
 0.00000000E+00
 0.00000000E+00
 0.00000000E+00
 0.00000000E+00
 0.00000000E+00
 0.00000000E+00
 0.00000000E+00
 0.00000000E+00
 0.00000000E+00
 0.00000000E+00
 0.00000000E+00
 0.00000000E+00
 0.00000000E+00
 0.00000000E+00
 0.00000000E+00
 0.00000000E+00
 0.00000000E+00
 0.00000000E+00
 0.00000000E+00
 0.00000000E+00
 0.00000000E+00
 0.00000000E+00
 0.00000000E+00
 0.00000000E+00
 0.00000000E+00
 0.00000000E+00
 0.00000000E+00
 0.00000000E+00
 0.00000000E+00
 0.00000000E+00
 0.00000000E+00
 0.00000000E+00
 0.00000000E+00
 0.00000000E+00
 0.00000000E+00
 0.00000000E+00
 0.00000000E+00
 0.00000000E+00
 0.00000000E+00
 0.00000000E+00
 0.00000000E+00
 0.00000000E+00
 0.00000000E+00
 0.00000000E+00
 0.00000000E+00
 0.00000000E+00
 0.00000000E+00
 0.00000000E+00
 0.00000000E+00
 0.00000000E+00
 0.00000000E+00
 0.00000000E+00
 0.00000000E+00
 0.00000000E+00
 0.00000000E+00
 0.00000000E+00
 0.00000000E+00
 0.00000000E+00
 0.00000000E+00
 0.00000000E+00
 0.00000000E+00
 0.00000000E+00
 0.00000000E+00
 0.00000000E+00
 0.00000000E+00
 0.00000000E+00
 0.00000000E+00
 0.00000000E+00
 0.00000000E+00
 0.00000000E+00
 0.00000000E+00
 0.00000000E+00
 0.00000000E+00
 0.00000000E+00
 0.00000000E+00
 0.00000000E+00
 0.00000000E+00
 0.00000000E+00
 0.00000000E+00
 0.00000000E+00
 0.00000000E+00
 0.00000000E+00
 0.00000000E+00
 0.00000000E+00
 0.00000000E+00
 0.00000000E+00
 0.00000000E+00
 0.00000000E+00
 0.00000000E+00
 0.00000000E+00
 0.00000000E+00
 0.00000000E+00
 0.00000000E+00
 0.00000000E+00
 0.00000000E+00
 0.00000000E+00
 0.00000000E+00
 0.00000000E+00
 0.00000000E+00
 0.00000000E+00
 0.00000000E+00
 0.00000000E+00
 0.00000000E+00
 0.00000000E+00
 0.00000000E+00
 0.00000000E+00
 0.00000000E+00
 0.00000000E+00
 0.00000000E+00
 0.00000000E+00
 0.00000000E+00
 0.00000000E+00
 0.00000000E+00
 0.00000000E+00
 0.00000000E+00
 0.00000000E+00
 0.00000000E+00
 0.00000000E+00
 0.00000000E+00
 0.00000000E+00
 1.31456244E-01
 3.68892023E-02
 4.34394100E-02
 1.23768022E-01
 2.04096635E-01
 2.36208912E-01
 2.47192683E-01
 1.55730485E-01
 2.79514616E-02
 1.99693808E-07
 1.99696339E-07
 5.72125405E-02
 9.21924988E-03
 1.99706789E-07
 1.99710697E-07
 1.99664096E-07
 1.99665215E-07
 1.99667621E-07
 1.99671256E-07
 1.99674788E-07
 1.99677031E-07
 1.99680421E-07
 1.99682899E-07
 1.99686866E-07
 1.99689310E-07
 1.01753369E-02
 1.99691807E-07
 1.99691109E-07
 1.99693102E-07
 1.99693810E-07
 1.99694944E-07
 1.99695624E-07
 1.99695995E-07
 1.99697489E-07
 1.99698590E-07
 1.99699018E-07
 1.99700208E-07
 1.99701469E-07
 1.99701314E-07
 1.99703000E-07
 1.99705106E-07
 1.99706225E-07
 1.99707782E-07
 1.99710117E-07
 1.99711165E-07
 1.99712679E-07
 1.99714009E-07
 1.99715735E-07
 1.99717337E-07
 1.99719022E-07
 1.99720898E-07
 1.99722920E-07
 1.99724083E-07
 1.99726438E-07
 1.99678961E-07
 1.99678939E-07
 1.99679210E-07
 1.99680035E-07
 1.99680522E-07
 1.99681613E-07
 1.99681406E-07
 1.99680850E-07
 1.99681580E-07
 1.99682294E-07
 1.99682051E-07
 1.99682127E-07
 1.99682511E-07
 1.99683535E-07
 1.99683589E-07
 1.99684601E-07
 1.99684069E-07
 1.99684475E-07
 1.99684575E-07
 1.99685592E-07
 1.99684826E-07
 1.99685290E-07
 1.99685755E-07
 1.99685648E-07
 1.99686179E-07
 1.99687333E-07
 1.99687030E-07
 1.99687338E-07
 1.99687693E-07
 1.99687776E-07
 1.99689389E-07
 1.99688678E-07
 1.99689480E-07
 1.99690161E-07
 1.99691564E-07
 1.99692128E-07
 1.99693086E-07
 1.99694347E-07
 1.99695978E-07
 1.99697367E-07
 1.99698808E-07
 1.99699474E-07
 1.99700786E-07
 1.99702434E-07
 1.99702182E-07
 1.99703965E-07
 1.99705839E-07
 1.99706402E-07
 1.99707856E-07
 1.99708585E-07
 1.99710480E-07
 1.99710553E-07
 1.99712639E-07
 1.99712906E-07
 1.99715156E-07
 1.99716160E-07
 1.99716989E-07
 1.99718200E-07
 1.99719510E-07
 1.99721181E-07
 1.99722170E-07
 1.99722745E-07
 1.99724993E-07
 1.99725289E-07
 1.99727238E-07
 1.99727514E-07
 1.99729964E-07
 1.99730475E-07
 1.99731630E-07
 1.99733424E-07
 1.99733823E-07
 1.99735857E-07
 1.99737289E-07
 1.99738331E-07
 1.99738771E-07
 1.99740603E-07
 1.99741827E-07
 1.99742957E-07
 1.99744468E-07
 1.99745883E-07
 1.99747198E-07
 1.99747944E-07
 1.99749565E-07
 1.99750613E-07
 1.99752311E-07
 1.99753437E-07
 1.99754496E-07
 1.99755479E-07
 1.99757093E-07
 1.99758172E-07
 1.99759420E-07
 1.99761079E-07
 1.99761956E-07
 1.99763725E-07
 1.99765201E-07
 1.99766380E-07
 1.99767750E-07
 1.99769064E-07
 1.99770564E-07
 1.99771555E-07
 1.99772734E-07
 1.99774559E-07
 1.99776124E-07
 1.99777414E-07
 1.99729357E-07
 1.99730039E-07
 1.99731734E-07
 1.99732405E-07
 1.99732965E-07
 1.99734296E-07
 1.99735082E-07
 1.99735519E-07
 1.99736954E-07
 1.99737389E-07
 1.99738815E-07
 1.99739471E-07
 1.99740235E-07
 1.99740889E-07
 1.99742518E-07
 1.99743388E-07
 1.99744361E-07
 1.99744584E-07
 1.99745776E-07
 1.99747069E-07
 1.99747402E-07
 1.99748688E-07
 1.99750081E-07
 1.99750732E-07
 1.99751275E-07
 1.99752761E-07
 1.99753303E-07
 1.99754570E-07
 1.99754897E-07
 1.99756158E-07
 1.99756892E-07
 1.99758344E-07
 1.99758856E-07
 1.99760493E-07
 1.99760786E-07
 1.99762399E-07
 1.99763280E-07
 1.99764248E-07
 1.99764490E-07
 1.99766227E-07
 1.99766838E-07
 1.99767920E-07
 1.99769078E-07
 1.99769703E-07
 1.99770794E-07
 1.99771545E-07
 1.99717027E-07
 1.99704946E-07
 1.99699643E-07
 1.99695175E-07
 1.99692047E-07
 1.99690196E-07
 1.99688200E-07
 1.99686083E-07
 1.99735343E-07
 1.99733568E-07
 1.99732531E-07
 1.99731834E-07
 1.99730380E-07
 1.99729470E-07
 1.99729019E-07
 1.99727722E-07
 1.99726920E-07
 1.99725652E-07
 1.99725374E-07
 1.99724502E-07
 1.99723163E-07
 1.99722372E-07
 1.99721843E-07
 1.99720712E-07
 1.99719801E-07
 1.99719524E-07
 1.99718463E-07
 1.99717768E-07
 1.99716934E-07
 1.99716266E-07
 1.99715538E-07
 1.99714687E-07
 1.99714005E-07
 1.99713008E-07
 1.99712680E-07
 1.99711893E-07
 1.99711119E-07
 1.99710280E-07
 1.99709395E-07
 1.99708945E-07
 1.99707956E-07
 1.99707414E-07
 1.99706820E-07
 1.99705998E-07
 1.99705501E-07
 1.99704793E-07
 1.99704181E-07
 1.99703472E-07
 1.99703046E-07
 1.99702042E-07
 1.99701410E-07
 1.99700912E-07
 1.99700294E-07
 1.99699655E-07
 1.99699003E-07
 1.99698516E-07
 1.99697593E-07
 1.99697194E-07
 1.99696308E-07
 1.99696034E-07
 1.99695369E-07
 1.99694571E-07
 1.99694067E-07
 1.99693447E-07
 1.99693047E-07
 1.99692458E-07
 1.99692023E-07
 1.99691326E-07
 1.99690706E-07
 1.99690022E-07
 1.99689410E-07
 1.99690107E-07
 1.99691328E-07
 1.99692737E-07
 1.99693926E-07
 1.99695159E-07
 1.99696361E-07
 1.99697928E-07
 1.99699137E-07
 1.99700513E-07
 1.99701535E-07
 1.99703111E-07
 1.99704280E-07
 1.99705639E-07
 1.99706994E-07
 1.99708305E-07
 1.99709654E-07
 1.99711183E-07
 1.99712616E-07
 1.99713940E-07
 1.99715337E-07
 1.99716820E-07
 1.99718158E-07
 1.99719672E-07
 1.99721188E-07
 1.99722769E-07
 1.99724297E-07
 1.99725804E-07
 1.99727465E-07
 1.99728943E-07
 1.99730600E-07
 1.99732241E-07
 1.99684809E-07
 1.99684662E-07
 1.99684631E-07
 1.99684977E-07
 1.99685331E-07
 1.99686119E-07
 1.99687268E-07
 1.99688653E-07
 7.68103624E-05
 2.35798856E-04
 3.94787349E-04
 5.53775842E-04
 8.19873087E-04
 1.16666873E-03
 1.62623406E-03
 4.22067973E-04
 0.00000000E+00
 2.28427817E-16
 1.13979864E-16
 0.00000000E+00
 1.13514640E-16
 0.00000000E+00
 2.26106396E-16
 0.00000000E+00
 4.90395727E-02
 1.08038469E-01
 1.66799466E-01
 2.25324000E-01
 3.47389558E-01
 4.74949900E-01
 6.68506986E-01
 0.00000000E+00
 0.00000000E+00
 0.00000000E+00
 0.00000000E+00
 0.00000000E+00
 0.00000000E+00
 0.00000000E+00
 0.00000000E+00
 0.00000000E+00
 0.00000000E+00
 0.00000000E+00
 0.00000000E+00
 0.00000000E+00
 0.00000000E+00
 0.00000000E+00
 0.00000000E+00
 0.00000000E+00
 0.00000000E+00
 0.00000000E+00
 0.00000000E+00
 0.00000000E+00
 0.00000000E+00
 0.00000000E+00
 0.00000000E+00
 0.00000000E+00
 0.00000000E+00
 0.00000000E+00
 0.00000000E+00
 0.00000000E+00
 0.00000000E+00
 0.00000000E+00
 0.00000000E+00
 0.00000000E+00
 0.00000000E+00
 0.00000000E+00
 0.00000000E+00
 0.00000000E+00
 0.00000000E+00
 0.00000000E+00
 0.00000000E+00
 0.00000000E+00
 0.00000000E+00
 0.00000000E+00
 0.00000000E+00
 0.00000000E+00
 0.00000000E+00
 0.00000000E+00
 0.00000000E+00
 0.00000000E+00
 0.00000000E+00
 0.00000000E+00
 0.00000000E+00
 0.00000000E+00
 0.00000000E+00
 0.00000000E+00
 0.00000000E+00
 0.00000000E+00
 0.00000000E+00
 0.00000000E+00
 0.00000000E+00
 0.00000000E+00
 0.00000000E+00
 0.00000000E+00
 0.00000000E+00
 0.00000000E+00
 0.00000000E+00
 0.00000000E+00
 0.00000000E+00
 0.00000000E+00
 0.00000000E+00
 0.00000000E+00
 0.00000000E+00
 0.00000000E+00
 0.00000000E+00
 0.00000000E+00
 0.00000000E+00
 0.00000000E+00
 0.00000000E+00
 0.00000000E+00
 0.00000000E+00
 0.00000000E+00
 0.00000000E+00
 0.00000000E+00
 0.00000000E+00
 0.00000000E+00
 0.00000000E+00
 0.00000000E+00
 0.00000000E+00
 0.00000000E+00
 0.00000000E+00
 0.00000000E+00
 0.00000000E+00
 0.00000000E+00
 0.00000000E+00
 0.00000000E+00
 0.00000000E+00
 0.00000000E+00
 0.00000000E+00
 0.00000000E+00
 0.00000000E+00
 0.00000000E+00
 0.00000000E+00
 0.00000000E+00
 0.00000000E+00
 0.00000000E+00
 0.00000000E+00
 0.00000000E+00
 0.00000000E+00
 0.00000000E+00
 0.00000000E+00
 0.00000000E+00
 0.00000000E+00
 0.00000000E+00
 0.00000000E+00
 0.00000000E+00
 0.00000000E+00
 0.00000000E+00
 0.00000000E+00
 0.00000000E+00
 0.00000000E+00
 0.00000000E+00
 0.00000000E+00
 0.00000000E+00
 0.00000000E+00
 0.00000000E+00
 0.00000000E+00
 0.00000000E+00
 0.00000000E+00
 0.00000000E+00
 0.00000000E+00
 0.00000000E+00
 0.00000000E+00
 0.00000000E+00
 0.00000000E+00
 0.00000000E+00
 0.00000000E+00
 0.00000000E+00
 0.00000000E+00
 0.00000000E+00
 0.00000000E+00
 0.00000000E+00
 0.00000000E+00
 0.00000000E+00
 0.00000000E+00
 0.00000000E+00
 0.00000000E+00
 0.00000000E+00
 0.00000000E+00
 0.00000000E+00
 0.00000000E+00
 0.00000000E+00
 0.00000000E+00
 0.00000000E+00
 0.00000000E+00
 0.00000000E+00
 0.00000000E+00
 0.00000000E+00
 0.00000000E+00
 0.00000000E+00
 0.00000000E+00
 0.00000000E+00
 0.00000000E+00
 0.00000000E+00
 1.92147809E-01
 9.33097722E-02
 7.41444167E-04
 9.18268838E-02
 1.84395212E-01
 2.25911410E-01
 2.45056451E-01
 1.55730267E-01
 2.79513207E-02
 3.23794018E-07
 3.23799482E-07
 6.05775501E-02
 9.76158303E-03
 3.23808326E-07
 3.23812176E-07
 3.23766794E-07
 3.23766894E-07
 3.23768921E-07
 3.23772195E-07
 3.23774687E-07
 3.23779074E-07
 3.23781893E-07
 3.23784251E-07
 3.23788119E-07
 3.23791331E-07
 1.07736766E-02
 3.23793006E-07
 3.23794306E-07
 3.23795253E-07
 3.23795771E-07
 3.23796318E-07
 3.23797679E-07
 3.23798731E-07
 3.23799846E-07
 3.23800997E-07
 3.23800437E-07
 3.23802118E-07
 3.23803227E-07
 3.23804789E-07
 3.23805712E-07
 3.23806068E-07
 3.23808332E-07
 3.23810402E-07
 3.23810843E-07
 3.23813216E-07
 3.23815059E-07
 3.23816729E-07
 3.23817566E-07
 3.23820302E-07
 3.23821147E-07
 3.23822581E-07
 3.23825920E-07
 3.23826442E-07
 3.23828554E-07
 3.23781139E-07
 3.23782127E-07
 3.23782424E-07
 3.23781957E-07
 3.23782475E-07
 3.23782660E-07
 3.23782857E-07
 3.23782703E-07
 3.23782905E-07
 3.23784378E-07
 3.23783618E-07
 3.23784806E-07
 3.23785031E-07
 3.23785558E-07
 3.23786146E-07
 3.23786109E-07
 3.23785782E-07
 3.23786738E-07
 3.23786488E-07
 3.23787161E-07
 3.23786955E-07
 3.23787096E-07
 3.23787895E-07
 3.23787802E-07
 3.23788356E-07
 3.23788661E-07
 3.23789912E-07
 3.23789707E-07
 3.23789886E-07
 3.23790657E-07
 3.23790610E-07
 3.23791235E-07
 3.23791035E-07
 3.23791568E-07
 3.23793446E-07
 3.23793648E-07
 3.23794784E-07
 3.23797146E-07
 3.23798135E-07
 3.23798362E-07
 3.23800095E-07
 3.23801053E-07
 3.23802366E-07
 3.23803205E-07
 3.23804978E-07
 3.23805452E-07
 3.23806846E-07
 3.23808336E-07
 3.23808819E-07
 3.23810772E-07
 3.23810918E-07
 3.23812808E-07
 3.23813177E-07
 3.23815261E-07
 3.23816400E-07
 3.23817370E-07
 3.23818460E-07
 3.23819940E-07
 3.23821526E-07
 3.23822710E-07
 3.23823498E-07
 3.23823890E-07
 3.23826239E-07
 3.23826369E-07
 3.23827954E-07
 3.23829390E-07
 3.23830468E-07
 3.23831940E-07
 3.23833040E-07
 3.23834794E-07
 3.23835429E-07
 3.23836965E-07
 3.23837652E-07
 3.23839490E-07
 3.23839998E-07
 3.23841909E-07
 3.23843222E-07
 3.23844457E-07
 3.23845612E-07
 3.23846684E-07
 3.23847927E-07
 3.23849592E-07
 3.23850446E-07
 3.23851713E-07
 3.23852930E-07
 3.23854805E-07
 3.23855660E-07
 3.23856701E-07
 3.23858638E-07
 3.23859103E-07
 3.23860701E-07
 3.23862018E-07
 3.23863060E-07
 3.23864767E-07
 3.23866432E-07
 3.23867373E-07
 3.23868273E-07
 3.23869378E-07
 3.23870918E-07
 3.23872207E-07
 3.23873931E-07
 3.23875400E-07
 3.23876625E-07
 3.23828715E-07
 3.23829954E-07
 3.23830180E-07
 3.23831422E-07
 3.23832318E-07
 3.23833334E-07
 3.23834460E-07
 3.23835470E-07
 3.23835714E-07
 3.23836729E-07
 3.23838085E-07
 3.23838452E-07
 3.23839803E-07
 3.23840396E-07
 3.23841325E-07
 3.23842144E-07
 3.23843075E-07
 3.23844120E-07
 3.23844632E-07
 3.23846118E-07
 3.23846635E-07
 3.23847484E-07
 3.23848443E-07
 3.23849298E-07
 3.23850475E-07
 3.23851545E-07
 3.23851884E-07
 3.23852959E-07
 3.23854142E-07
 3.23855219E-07
 3.23856190E-07
 3.23856440E-07
 3.23857824E-07
 3.23859103E-07
 3.23859240E-07
 3.23860713E-07
 3.23861457E-07
 3.23862703E-07
 3.23863228E-07
 3.23864650E-07
 3.23864946E-07
 3.23866130E-07
 3.23866791E-07
 3.23868524E-07
 3.23868735E-07
 3.23870411E-07
 3.23870952E-07
 3.23821434E-07
 3.23804350E-07
 3.23798666E-07
 3.23794482E-07
 3.23790880E-07
 3.23788602E-07
 3.23786407E-07
 3.23784424E-07
 3.23833349E-07
 3.23832332E-07
 3.23831404E-07
 3.23830582E-07
 3.23829588E-07
 3.23828410E-07
 3.23827742E-07
 3.23826677E-07
 3.23826387E-07
 3.23825141E-07
 3.23824233E-07
 3.23823797E-07
 3.23822713E-07
 3.23821933E-07
 3.23821259E-07
 3.23820681E-07
 3.23819880E-07
 3.23818760E-07
 3.23818089E-07
 3.23817386E-07
 3.23816502E-07
 3.23816021E-07
 3.23815453E-07
 3.23814726E-07
 3.23813607E-07
 3.23812925E-07
 3.23812288E-07
 3.23811785E-07
 3.23810905E-07
 3.23810486E-07
 3.23809726E-07
 3.23809030E-07
 3.23808479E-07
 3.23808093E-07
 3.23807102E-07
 3.23806759E-07
 3.23805916E-07
 3.23805574E-07
 3.23804674E-07
 3.23804387E-07
 3.23803653E-07
 3.23803205E-07
 3.23802683E-07
 3.23801763E-07
 3.23801318E-07
 3.23800678E-07
 3.23800006E-07
 3.23799741E-07
 3.23798872E-07
 3.23798433E-07
 3.23797826E-07
 3.23797404E-07
 3.23796762E-07
 3.23796387E-07
 3.23795463E-07
 3.23795013E-07
 3.23794695E-07
 3.23794249E-07
 3.23793459E-07
 3.23793071E-07
 3.23792341E-07
 3.23791866E-07
 3.23791381E-07
 3.23792033E-07
 3.23793211E-07
 3.23794497E-07
 3.23795490E-07
 3.23796845E-07
 3.23797833E-07
 3.23799115E-07
 3.23800361E-07
 3.23801507E-07
 3.23802552E-07
 3.23803768E-07
 3.23805220E-07
 3.23806271E-07
 3.23807580E-07
 3.23808905E-07
 3.23810268E-07
 3.23811440E-07
 3.23812863E-07
 3.23814031E-07
 3.23815458E-07
 3.23816694E-07
 3.23817957E-07
 3.23819434E-07
 3.23820956E-07
 3.23822250E-07
 3.23823717E-07
 3.23825221E-07
 3.23826642E-07
 3.23828095E-07
 3.23829683E-07
 3.23831345E-07
 3.23783417E-07
 3.23783724E-07
 3.23784159E-07
 3.23784929E-07
 3.23785746E-07
 3.23786982E-07
 3.23788477E-07
 3.23790288E-07
 7.13049996E-05
 2.19183793E-04
 3.67062587E-04
 5.14941380E-04
 7.76228417E-04
 1.12296005E-03
 1.58909379E-03
 4.12223841E-04
 1.14448917E-16
 1.14213909E-16
 1.13979864E-16
 1.13746776E-16
 0.00000000E+00
 1.13283449E-16
 0.00000000E+00
 1.12823881E-16
 4.56132270E-02
 1.00489929E-01
 1.55145354E-01
 2.09580838E-01
 3.31325301E-01
 4.58917836E-01
 6.56419162E-01
 0.00000000E+00
 0.00000000E+00
 0.00000000E+00
 0.00000000E+00
 0.00000000E+00
 0.00000000E+00
 0.00000000E+00
 0.00000000E+00
 0.00000000E+00
 0.00000000E+00
 0.00000000E+00
 0.00000000E+00
 0.00000000E+00
 0.00000000E+00
 0.00000000E+00
 0.00000000E+00
 0.00000000E+00
 0.00000000E+00
 0.00000000E+00
 0.00000000E+00
 0.00000000E+00
 0.00000000E+00
 0.00000000E+00
 0.00000000E+00
 0.00000000E+00
 0.00000000E+00
 0.00000000E+00
 0.00000000E+00
 0.00000000E+00
 0.00000000E+00
 0.00000000E+00
 0.00000000E+00
 0.00000000E+00
 0.00000000E+00
 0.00000000E+00
 0.00000000E+00
 0.00000000E+00
 0.00000000E+00
 0.00000000E+00
 0.00000000E+00
 0.00000000E+00
 0.00000000E+00
 0.00000000E+00
 0.00000000E+00
 0.00000000E+00
 0.00000000E+00
 0.00000000E+00
 0.00000000E+00
 0.00000000E+00
 0.00000000E+00
 0.00000000E+00
 0.00000000E+00
 0.00000000E+00
 0.00000000E+00
 0.00000000E+00
 0.00000000E+00
 0.00000000E+00
 0.00000000E+00
 0.00000000E+00
 0.00000000E+00
 0.00000000E+00
 0.00000000E+00
 0.00000000E+00
 0.00000000E+00
 0.00000000E+00
 0.00000000E+00
 0.00000000E+00
 0.00000000E+00
 0.00000000E+00
 0.00000000E+00
 0.00000000E+00
 0.00000000E+00
 0.00000000E+00
 0.00000000E+00
 0.00000000E+00
 0.00000000E+00
 0.00000000E+00
 0.00000000E+00
 0.00000000E+00
 0.00000000E+00
 0.00000000E+00
 0.00000000E+00
 0.00000000E+00
 0.00000000E+00
 0.00000000E+00
 0.00000000E+00
 0.00000000E+00
 0.00000000E+00
 0.00000000E+00
 0.00000000E+00
 0.00000000E+00
 0.00000000E+00
 0.00000000E+00
 0.00000000E+00
 0.00000000E+00
 0.00000000E+00
 0.00000000E+00
 0.00000000E+00
 0.00000000E+00
 0.00000000E+00
 0.00000000E+00
 0.00000000E+00
 0.00000000E+00
 0.00000000E+00
 0.00000000E+00
 0.00000000E+00
 0.00000000E+00
 0.00000000E+00
 0.00000000E+00
 0.00000000E+00
 0.00000000E+00
 0.00000000E+00
 0.00000000E+00
 0.00000000E+00
 0.00000000E+00
 0.00000000E+00
 0.00000000E+00
 0.00000000E+00
 0.00000000E+00
 0.00000000E+00
 0.00000000E+00
 0.00000000E+00
 0.00000000E+00
 0.00000000E+00
 0.00000000E+00
 0.00000000E+00
 0.00000000E+00
 0.00000000E+00
 0.00000000E+00
 0.00000000E+00
 0.00000000E+00
 0.00000000E+00
 0.00000000E+00
 0.00000000E+00
 0.00000000E+00
 0.00000000E+00
 0.00000000E+00
 0.00000000E+00
 0.00000000E+00
 0.00000000E+00
 0.00000000E+00
 0.00000000E+00
 0.00000000E+00
 0.00000000E+00
 0.00000000E+00
 0.00000000E+00
 0.00000000E+00
 0.00000000E+00
 0.00000000E+00
 0.00000000E+00
 0.00000000E+00
 0.00000000E+00
 0.00000000E+00
 0.00000000E+00
 0.00000000E+00
 0.00000000E+00
 0.00000000E+00
 0.00000000E+00
 0.00000000E+00
 0.00000000E+00
 0.00000000E+00
 0.00000000E+00
 0.00000000E+00
 2.52838263E-01
 1.49729307E-01
 4.49214816E-02
 5.98863435E-02
 1.64694169E-01
 2.15614120E-01
 2.42920283E-01
 1.55730073E-01
 2.79512012E-02
 4.27023157E-07
 4.27026871E-07
 6.39424796E-02
 1.03038857E-02
 4.27036673E-07
 4.27039648E-07
 4.26993720E-07
 4.26994335E-07
 4.26997487E-07
 4.27000742E-07
 4.27003215E-07
 4.27006913E-07
 4.27010194E-07
 4.27013894E-07
 4.27016858E-07
 4.27018749E-07
 1.13720267E-02
 4.27020950E-07
 4.27022613E-07
 4.27023942E-07
 4.27023764E-07
 4.27025961E-07
 4.27025981E-07
 4.27026141E-07
 4.27027861E-07
 4.27027916E-07
 4.27028800E-07
 4.27030226E-07
 4.27030705E-07
 4.27032447E-07
 4.27033968E-07
 4.27033916E-07
 4.27036207E-07
 4.27037299E-07
 4.27038975E-07
 4.27042206E-07
 4.27042894E-07
 4.27045204E-07
 4.27045695E-07
 4.27048869E-07
 4.27050543E-07
 4.27051456E-07
 4.27053685E-07
 4.27055826E-07
 4.27057251E-07
 4.27008558E-07
 4.27010368E-07
 4.27011099E-07
 4.27010464E-07
 4.27011420E-07
 4.27011448E-07
 4.27011494E-07
 4.27011201E-07
 4.27011616E-07
 4.27012374E-07
 4.27013116E-07
 4.27013254E-07
 4.27014057E-07
 4.27013326E-07
 4.27013247E-07
 4.27014139E-07
 4.27013837E-07
 4.27014487E-07
 4.27015506E-07
 4.27015319E-07
 4.27015492E-07
 4.27016341E-07
 4.27016309E-07
 4.27016056E-07
 4.27017655E-07
 4.27016610E-07
 4.27017717E-07
 4.27017703E-07
 4.27017754E-07
 4.27019044E-07
 4.27018661E-07
 4.27018642E-07
 4.27018976E-07
 4.27020664E-07
 4.27021065E-07
 4.27022727E-07
 4.27023868E-07
 4.27024265E-07
 4.27025887E-07
 4.27026755E-07
 4.27027696E-07
 4.27029609E-07
 4.27030754E-07
 4.27031734E-07
 4.27032543E-07
 4.27034282E-07
 4.27035027E-07
 4.27035883E-07
 4.27037133E-07
 4.27039061E-07
 4.27039187E-07
 4.27039981E-07
 4.27041718E-07
 4.27043020E-07
 4.27044741E-07
 4.27045242E-07
 4.27046150E-07
 4.27047466E-07
 4.27049171E-07
 4.27049719E-07
 4.27051698E-07
 4.27052514E-07
 4.27053764E-07
 4.27054617E-07
 4.27055891E-07
 4.27056820E-07
 4.27057887E-07
 4.27058878E-07
 4.27060262E-07
 4.27061826E-07
 4.27063295E-07
 4.27063923E-07
 4.27065726E-07
 4.27066213E-07
 4.27068115E-07
 4.27069437E-07
 4.27070695E-07
 4.27071886E-07
 4.27073013E-07
 4.27074584E-07
 4.27075353E-07
 4.27076563E-07
 4.27078204E-07
 4.27078837E-07
 4.27080147E-07
 4.27081415E-07
 4.27082635E-07
 4.27084313E-07
 4.27085235E-07
 4.27086599E-07
 4.27087706E-07
 4.27089252E-07
 4.27089837E-07
 4.27091585E-07
 4.27093313E-07
 4.27094081E-07
 4.27095312E-07
 4.27096997E-07
 4.27098208E-07
 4.27099427E-07
 4.27101088E-07
 4.27101841E-07
 4.27055126E-07
 4.27055669E-07
 4.27056103E-07
 4.27057331E-07
 4.27058449E-07
 4.27058788E-07
 4.27060143E-07
 4.27060723E-07
 4.27062086E-07
 4.27062680E-07
 4.27063397E-07
 4.27064227E-07
 4.27065181E-07
 4.27065596E-07
 4.27066783E-07
 4.27067435E-07
 4.27068205E-07
 4.27069096E-07
 4.27070098E-07
 4.27071434E-07
 4.27072031E-07
 4.27072960E-07
 4.27073785E-07
 4.27074946E-07
 4.27075365E-07
 4.27076750E-07
 4.27077404E-07
 4.27078174E-07
 4.27079052E-07
 4.27079835E-07
 4.27080725E-07
 4.27081522E-07
 4.27083047E-07
 4.27083636E-07
 4.27084749E-07
 4.27085760E-07
 4.27086260E-07
 4.27087265E-07
 4.27088568E-07
 4.27089153E-07
 4.27089836E-07
 4.27091410E-07
 4.27091867E-07
 4.27092808E-07
 4.27094226E-07
 4.27094719E-07
 4.27095285E-07
 4.27096320E-07
 4.27097604E-07
 4.27030934E-07
 4.27023857E-07
 4.27019761E-07
 4.27016400E-07
 4.27013997E-07
 4.27011655E-07
 4.27009739E-07
 4.27058781E-07
 4.27057529E-07
 4.27056664E-07
 4.27056067E-07
 4.27054910E-07
 4.27053790E-07
 4.27053217E-07
 4.27052316E-07
 4.27051323E-07
 4.27050794E-07
 4.27050035E-07
 4.27049290E-07
 4.27048392E-07
 4.27047719E-07
 4.27046827E-07
 4.27046142E-07
 4.27045579E-07
 4.27044810E-07
 4.27044270E-07
 4.27043648E-07
 4.27042903E-07
 4.27042165E-07
 4.27041570E-07
 4.27040879E-07
 4.27040208E-07
 4.27039418E-07
 4.27039265E-07
 4.27038054E-07
 4.27037789E-07
 4.27037160E-07
 4.27036709E-07
 4.27035838E-07
 4.27035541E-07
 4.27034699E-07
 4.27034011E-07
 4.27033523E-07
 4.27033222E-07
 4.27032519E-07
 4.27031695E-07
 4.27031107E-07
 4.27030857E-07
 4.27030172E-07
 4.27029505E-07
 4.27029107E-07
 4.27028656E-07
 4.27027913E-07
 4.27027466E-07
 4.27027176E-07
 4.27026597E-07
 4.27026013E-07
 4.27025516E-07
 4.27025030E-07
 4.27024649E-07
 4.27024111E-07
 4.27023605E-07
 4.27023221E-07
 4.27022542E-07
 4.27022256E-07
 4.27021609E-07
 4.27021090E-07
 4.27020742E-07
 4.27020302E-07
 4.27019706E-07
 4.27020275E-07
 4.27021498E-07
 4.27022423E-07
 4.27023442E-07
 4.27024743E-07
 4.27025679E-07
 4.27026897E-07
 4.27028004E-07
 4.27029009E-07
 4.27030170E-07
 4.27031300E-07
 4.27032376E-07
 4.27033433E-07
 4.27034529E-07
 4.27035960E-07
 4.27037112E-07
 4.27038134E-07
 4.27039380E-07
 4.27040595E-07
 4.27041731E-07
 4.27043135E-07
 4.27044367E-07
 4.27045587E-07
 4.27046951E-07
 4.27048157E-07
 4.27049536E-07
 4.27050891E-07
 4.27052355E-07
 4.27053644E-07
 4.27055134E-07
 4.27056639E-07
 4.27008550E-07
 4.27009286E-07
 4.27010089E-07
 4.27011320E-07
 4.27012636E-07
 4.27014338E-07
 4.27016253E-07
 4.27018530E-07
 6.58206088E-05
 2.02589906E-04
 3.39359203E-04
 4.76128499E-04
 7.32605421E-04
 1.07927305E-03
 1.55197510E-03
 4.02379709E-04
 1.14448917E-16
 1.14213909E-16
 2.27959728E-16
 2.27493552E-16
 0.00000000E+00
 0.00000000E+00
 1.13053198E-16
 2.25647763E-16
 4.21868813E-02
 9.29413899E-02
 1.43491243E-01
 1.93837677E-01
 3.15261044E-01
 4.42885772E-01
 6.44331337E-01
 0.00000000E+00
 0.00000000E+00
 0.00000000E+00
 0.00000000E+00
 0.00000000E+00
 0.00000000E+00
 0.00000000E+00
 0.00000000E+00
 0.00000000E+00
 0.00000000E+00
 0.00000000E+00
 0.00000000E+00
 0.00000000E+00
 0.00000000E+00
 0.00000000E+00
 0.00000000E+00
 0.00000000E+00
 0.00000000E+00
 0.00000000E+00
 0.00000000E+00
 0.00000000E+00
 0.00000000E+00
 0.00000000E+00
 0.00000000E+00
 0.00000000E+00
 0.00000000E+00
 0.00000000E+00
 0.00000000E+00
 0.00000000E+00
 0.00000000E+00
 0.00000000E+00
 0.00000000E+00
 0.00000000E+00
 0.00000000E+00
 0.00000000E+00
 0.00000000E+00
 0.00000000E+00
 0.00000000E+00
 0.00000000E+00
 0.00000000E+00
 0.00000000E+00
 0.00000000E+00
 0.00000000E+00
 0.00000000E+00
 0.00000000E+00
 0.00000000E+00
 0.00000000E+00
 0.00000000E+00
 0.00000000E+00
 0.00000000E+00
 0.00000000E+00
 0.00000000E+00
 0.00000000E+00
 0.00000000E+00
 0.00000000E+00
 0.00000000E+00
 0.00000000E+00
 0.00000000E+00
 0.00000000E+00
 0.00000000E+00
 0.00000000E+00
 0.00000000E+00
 0.00000000E+00
 0.00000000E+00
 0.00000000E+00
 0.00000000E+00
 0.00000000E+00
 0.00000000E+00
 0.00000000E+00
 0.00000000E+00
 0.00000000E+00
 0.00000000E+00
 0.00000000E+00
 0.00000000E+00
 0.00000000E+00
 0.00000000E+00
 0.00000000E+00
 0.00000000E+00
 0.00000000E+00
 0.00000000E+00
 0.00000000E+00
 0.00000000E+00
 0.00000000E+00
 0.00000000E+00
 0.00000000E+00
 0.00000000E+00
 0.00000000E+00
 0.00000000E+00
 0.00000000E+00
 0.00000000E+00
 0.00000000E+00
 0.00000000E+00
 0.00000000E+00
 0.00000000E+00
 0.00000000E+00
 0.00000000E+00
 0.00000000E+00
 0.00000000E+00
 0.00000000E+00
 0.00000000E+00
 0.00000000E+00
 0.00000000E+00
 0.00000000E+00
 0.00000000E+00
 0.00000000E+00
 0.00000000E+00
 0.00000000E+00
 0.00000000E+00
 0.00000000E+00
 0.00000000E+00
 0.00000000E+00
 0.00000000E+00
 0.00000000E+00
 0.00000000E+00
 0.00000000E+00
 0.00000000E+00
 0.00000000E+00
 0.00000000E+00
 0.00000000E+00
 0.00000000E+00
 0.00000000E+00
 0.00000000E+00
 0.00000000E+00
 0.00000000E+00
 0.00000000E+00
 0.00000000E+00
 0.00000000E+00
 0.00000000E+00
 0.00000000E+00
 0.00000000E+00
 0.00000000E+00
 0.00000000E+00
 0.00000000E+00
 0.00000000E+00
 0.00000000E+00
 0.00000000E+00
 0.00000000E+00
 0.00000000E+00
 0.00000000E+00
 0.00000000E+00
 0.00000000E+00
 0.00000000E+00
 0.00000000E+00
 0.00000000E+00
 0.00000000E+00
 0.00000000E+00
 0.00000000E+00
 0.00000000E+00
 0.00000000E+00
 0.00000000E+00
 0.00000000E+00
 0.00000000E+00
 0.00000000E+00
 0.00000000E+00
 0.00000000E+00
 0.00000000E+00
 0.00000000E+00
 0.00000000E+00
 0.00000000E+00
 0.00000000E+00
 0.00000000E+00
 0.00000000E+00
 0.00000000E+00
 3.13527611E-01
 2.06147810E-01
 8.91007052E-02
 2.79463994E-02
 1.44993504E-01
 2.05317040E-01
 2.40784180E-01
 1.55729903E-01
 2.79511031E-02
 5.09410502E-07
 5.09413892E-07
 6.73073291E-02
 1.08461581E-02
 5.09424368E-07
 5.09426945E-07
 5.09381030E-07
 5.09381438E-07
 5.09385011E-07
 5.09388004E-07
 5.09390678E-07
 5.09394136E-07
 5.09398076E-07
 5.09401323E-07
 5.09404277E-07
 5.09406599E-07
 1.19703870E-02
 5.09408853E-07
 5.09410232E-07
 5.09410192E-07
 5.09412105E-07
 5.09412310E-07
 5.09413777E-07
 5.09414306E-07
 5.09415752E-07
 5.09415542E-07
 5.09416190E-07
 5.09418205E-07
 5.09418629E-07
 5.09419938E-07
 5.09420411E-07
 5.09422607E-07
 5.09423285E-07
 5.09426026E-07
 5.09427939E-07
 5.09429786E-07
 5.09430512E-07
 5.09432262E-07
 5.09434596E-07
 5.09436246E-07
 5.09438554E-07
 5.09440116E-07
 5.09441039E-07
 5.09442283E-07
 5.09395873E-07
 5.09396796E-07
 5.09397052E-07
 5.09398882E-07
 5.09398373E-07
 5.09398506E-07
 5.09398671E-07
 5.09399214E-07
 5.09399772E-07
 5.09399398E-07
 5.09399377E-07
 5.09400050E-07
 5.09401047E-07
 5.09400868E-07
 5.09401002E-07
 5.09401213E-07
 5.09402401E-07
 5.09401491E-07
 5.09401545E-07
 5.09403210E-07
 5.09402776E-07
 5.09403933E-07
 5.09403328E-07
 5.09404617E-07
 5.09404142E-07
 5.09403773E-07
 5.09404380E-07
 5.09405067E-07
 5.09405508E-07
 5.09406340E-07
 5.09406371E-07
 5.09407092E-07
 5.09407008E-07
 5.09407600E-07
 5.09407220E-07
 5.09408193E-07
 5.09410121E-07
 5.09411307E-07
 5.09412287E-07
 5.09412527E-07
 5.09414600E-07
 5.09415919E-07
 5.09416790E-07
 5.09417510E-07
 5.09418892E-07
 5.09420405E-07
 5.09420935E-07
 5.09421590E-07
 5.09423466E-07
 5.09423838E-07
 5.09424903E-07
 5.09426645E-07
 5.09427969E-07
 5.09428374E-07
 5.09429720E-07
 5.09431213E-07
 5.09432060E-07
 5.09433327E-07
 5.09434722E-07
 5.09436022E-07
 5.09437231E-07
 5.09438335E-07
 5.09439338E-07
 5.09440234E-07
 5.09441838E-07
 5.09442568E-07
 5.09443993E-07
 5.09444811E-07
 5.09446586E-07
 5.09447263E-07
 5.09448880E-07
 5.09449934E-07
 5.09450906E-07
 5.09451582E-07
 5.09452694E-07
 5.09454766E-07
 5.09456262E-07
 5.09456979E-07
 5.09457642E-07
 5.09459497E-07
 5.09460823E-07
 5.09461626E-07
 5.09463128E-07
 5.09464104E-07
 5.09465307E-07
 5.09466236E-07
 5.09468351E-07
 5.09469719E-07
 5.09470597E-07
 5.09471941E-07
 5.09473040E-07
 5.09474590E-07
 5.09475444E-07
 5.09476298E-07
 5.09478081E-07
 5.09479411E-07
 5.09480972E-07
 5.09482072E-07
 5.09482961E-07
 5.09484317E-07
 5.09485932E-07
 5.09486413E-07
 5.09488062E-07
 5.09440523E-07
 5.09440738E-07
 5.09441754E-07
 5.09442896E-07
 5.09444156E-07
 5.09444419E-07
 5.09445701E-07
 5.09446212E-07
 5.09446849E-07
 5.09448270E-07
 5.09449380E-07
 5.09449504E-07
 5.09450855E-07
 5.09451456E-07
 5.09452173E-07
 5.09453241E-07
 5.09453560E-07
 5.09455087E-07
 5.09455867E-07
 5.09456986E-07
 5.09457369E-07
 5.09457875E-07
 5.09458938E-07
 5.09459902E-07
 5.09461196E-07
 5.09461976E-07
 5.09462665E-07
 5.09463471E-07
 5.09464608E-07
 5.09465027E-07
 5.09465972E-07
 5.09467239E-07
 5.09467378E-07
 5.09468462E-07
 5.09469233E-07
 5.09470737E-07
 5.09471108E-07
 5.09471998E-07
 5.09472989E-07
 5.09474484E-07
 5.09475064E-07
 5.09475735E-07
 5.09477102E-07
 5.09477351E-07
 5.09478683E-07
 5.09479496E-07
 5.09480184E-07
 5.09481536E-07
 5.09482155E-07
 5.09415426E-07
 5.09408810E-07
 5.09404016E-07
 5.09401067E-07
 5.09398215E-07
 5.09395558E-07
 5.09394171E-07
 5.09442795E-07
 5.09442191E-07
 5.09441096E-07
 5.09440231E-07
 5.09439362E-07
 5.09438364E-07
 5.09437955E-07
 5.09437280E-07
 5.09436390E-07
 5.09435108E-07
 5.09434451E-07
 5.09434289E-07
 5.09433339E-07
 5.09432544E-07
 5.09432205E-07
 5.09431278E-07
 5.09430789E-07
 5.09429952E-07
 5.09429302E-07
 5.09428430E-07
 5.09428219E-07
 5.09427252E-07
 5.09427021E-07
 5.09426118E-07
 5.09425491E-07
 5.09425249E-07
 5.09424616E-07
 5.09423902E-07
 5.09423205E-07
 5.09422730E-07
 5.09422345E-07
 5.09421692E-07
 5.09421056E-07
 5.09420740E-07
 5.09420302E-07
 5.09419678E-07
 5.09418884E-07
 5.09418563E-07
 5.09418086E-07
 5.09417574E-07
 5.09417302E-07
 5.09416403E-07
 5.09416119E-07
 5.09415579E-07
 5.09415237E-07
 5.09414838E-07
 5.09414291E-07
 5.09413810E-07
 5.09413211E-07
 5.09412862E-07
 5.09412571E-07
 5.09411788E-07
 5.09411503E-07
 5.09411161E-07
 5.09410503E-07
 5.09410283E-07
 5.09409954E-07
 5.09409323E-07
 5.09408989E-07
 5.09408630E-07
 5.09408091E-07
 5.09407790E-07
 5.09407243E-07
 5.09407758E-07
 5.09408726E-07
 5.09409849E-07
 5.09410588E-07
 5.09411609E-07
 5.09412517E-07
 5.09413701E-07
 5.09414770E-07
 5.09415727E-07
 5.09416513E-07
 5.09417520E-07
 5.09418700E-07
 5.09419766E-07
 5.09420768E-07
 5.09421760E-07
 5.09422850E-07
 5.09424068E-07
 5.09425231E-07
 5.09426207E-07
 5.09427405E-07
 5.09428509E-07
 5.09429719E-07
 5.09430830E-07
 5.09432070E-07
 5.09433224E-07
 5.09434470E-07
 5.09435742E-07
 5.09437049E-07
 5.09438395E-07
 5.09439739E-07
 5.09441173E-07
 5.09392642E-07
 5.09393796E-07
 5.09395210E-07
 5.09396702E-07
 5.09398632E-07
 5.09400623E-07
 5.09403083E-07
 5.09405736E-07
 6.03571569E-05
 1.86017160E-04
 3.11677163E-04
 4.37337165E-04
 6.89004063E-04
 1.03560769E-03
 1.51487795E-03
 3.92535576E-04
 0.00000000E+00
 1.14213909E-16
 2.27959728E-16
 1.13746776E-16
 0.00000000E+00
 1.13283449E-16
 0.00000000E+00
 1.12823881E-16
 3.87605356E-02
 8.53928507E-02
 1.31837132E-01
 1.78094515E-01
 2.99196787E-01
 4.26853707E-01
 6.32243513E-01
 0.00000000E+00
 0.00000000E+00
 0.00000000E+00
 0.00000000E+00
 0.00000000E+00
 0.00000000E+00
 0.00000000E+00
 0.00000000E+00
 0.00000000E+00
 0.00000000E+00
 0.00000000E+00
 0.00000000E+00
 0.00000000E+00
 0.00000000E+00
 0.00000000E+00
 0.00000000E+00
 0.00000000E+00
 0.00000000E+00
 0.00000000E+00
 0.00000000E+00
 0.00000000E+00
 0.00000000E+00
 0.00000000E+00
 0.00000000E+00
 0.00000000E+00
 0.00000000E+00
 0.00000000E+00
 0.00000000E+00
 0.00000000E+00
 0.00000000E+00
 0.00000000E+00
 0.00000000E+00
 0.00000000E+00
 0.00000000E+00
 0.00000000E+00
 0.00000000E+00
 0.00000000E+00
 0.00000000E+00
 0.00000000E+00
 0.00000000E+00
 0.00000000E+00
 0.00000000E+00
 0.00000000E+00
 0.00000000E+00
 0.00000000E+00
 0.00000000E+00
 0.00000000E+00
 0.00000000E+00
 0.00000000E+00
 0.00000000E+00
 0.00000000E+00
 0.00000000E+00
 0.00000000E+00
 0.00000000E+00
 0.00000000E+00
 0.00000000E+00
 0.00000000E+00
 0.00000000E+00
 0.00000000E+00
 0.00000000E+00
 0.00000000E+00
 0.00000000E+00
 0.00000000E+00
 0.00000000E+00
 0.00000000E+00
 0.00000000E+00
 0.00000000E+00
 0.00000000E+00
 0.00000000E+00
 0.00000000E+00
 0.00000000E+00
 0.00000000E+00
 0.00000000E+00
 0.00000000E+00
 0.00000000E+00
 0.00000000E+00
 0.00000000E+00
 0.00000000E+00
 0.00000000E+00
 0.00000000E+00
 0.00000000E+00
 0.00000000E+00
 0.00000000E+00
 0.00000000E+00
 0.00000000E+00
 0.00000000E+00
 0.00000000E+00
 0.00000000E+00
 0.00000000E+00
 0.00000000E+00
 0.00000000E+00
 0.00000000E+00
 0.00000000E+00
 0.00000000E+00
 0.00000000E+00
 0.00000000E+00
 0.00000000E+00
 0.00000000E+00
 0.00000000E+00
 0.00000000E+00
 0.00000000E+00
 0.00000000E+00
 0.00000000E+00
 0.00000000E+00
 0.00000000E+00
 0.00000000E+00
 0.00000000E+00
 0.00000000E+00
 0.00000000E+00
 0.00000000E+00
 0.00000000E+00
 0.00000000E+00
 0.00000000E+00
 0.00000000E+00
 0.00000000E+00
 0.00000000E+00
 0.00000000E+00
 0.00000000E+00
 0.00000000E+00
 0.00000000E+00
 0.00000000E+00
 0.00000000E+00
 0.00000000E+00
 0.00000000E+00
 0.00000000E+00
 0.00000000E+00
 0.00000000E+00
 0.00000000E+00
 0.00000000E+00
 0.00000000E+00
 0.00000000E+00
 0.00000000E+00
 0.00000000E+00
 0.00000000E+00
 0.00000000E+00
 0.00000000E+00
 0.00000000E+00
 0.00000000E+00
 0.00000000E+00
 0.00000000E+00
 0.00000000E+00
 0.00000000E+00
 0.00000000E+00
 0.00000000E+00
 0.00000000E+00
 0.00000000E+00
 0.00000000E+00
 0.00000000E+00
 0.00000000E+00
 0.00000000E+00
 0.00000000E+00
 0.00000000E+00
 0.00000000E+00
 0.00000000E+00
 0.00000000E+00
 0.00000000E+00
 0.00000000E+00
 0.00000000E+00
 0.00000000E+00
 0.00000000E+00
 0.00000000E+00
 0.00000000E+00
 0.00000000E+00
 0.00000000E+00
 2.62565285E-01
 1.33279118E-01
 3.99295077E-03
 1.25293216E-01
 1.95020169E-01
 2.38648140E-01
 1.55729757E-01
 2.79510264E-02
 5.70989749E-07
 5.70992425E-07
 7.06720988E-02
 1.13884001E-02
 5.71003135E-07
 5.71005849E-07
 5.70960315E-07
 5.70958988E-07
 5.70963068E-07
 5.70966124E-07
 5.70969772E-07
 5.70973067E-07
 5.70976173E-07
 5.70979730E-07
 5.70983447E-07
 5.70985830E-07
 1.25687577E-02
 5.70988526E-07
 5.70989265E-07
 5.70990543E-07
 5.70990088E-07
 5.70990959E-07
 5.70993105E-07
 5.70993655E-07
 5.70994083E-07
 5.70995811E-07
 5.70996689E-07
 5.70997087E-07
 5.70997782E-07
 5.70998729E-07
 5.70999651E-07
 5.71001540E-07
 5.71002114E-07
 5.71004756E-07
 5.71006599E-07
 5.71007763E-07
 5.71009619E-07
 5.71011493E-07
 5.71013354E-07
 5.71014558E-07
 5.71016438E-07
 5.71019095E-07
 5.71020388E-07
 5.71023122E-07
 5.70975981E-07
 5.70975890E-07
 5.70977805E-07
 5.70977651E-07
 5.70977097E-07
 5.70978262E-07
 5.70977795E-07
 5.70978074E-07
 5.70979309E-07
 5.70979031E-07
 5.70979112E-07
 5.70979888E-07
 5.70980072E-07
 5.70980006E-07
 5.70979693E-07
 5.70980375E-07
 5.70981126E-07
 5.70981033E-07
 5.70981000E-07
 5.70981354E-07
 5.70982083E-07
 5.70982282E-07
 5.70983172E-07
 5.70983850E-07
 5.70983106E-07
 5.70984230E-07
 5.70984573E-07
 5.70984689E-07
 5.70985209E-07
 5.70984943E-07
 5.70985390E-07
 5.70985042E-07
 5.70985385E-07
 5.70986721E-07
 5.70987083E-07
 5.70987945E-07
 5.70989769E-07
 5.70989408E-07
 5.70990922E-07
 5.70992528E-07
 5.70993705E-07
 5.70994443E-07
 5.70995045E-07
 5.70996627E-07
 5.70998056E-07
 5.70999329E-07
 5.70999922E-07
 5.71000945E-07
 5.71002390E-07
 5.71003439E-07
 5.71004089E-07
 5.71005722E-07
 5.71005866E-07
 5.71007550E-07
 5.71008029E-07
 5.71010024E-07
 5.71011380E-07
 5.71012097E-07
 5.71012745E-07
 5.71014087E-07
 5.71015347E-07
 5.71016512E-07
 5.71017861E-07
 5.71018621E-07
 5.71019557E-07
 5.71021484E-07
 5.71021779E-07
 5.71023807E-07
 5.71024749E-07
 5.71025898E-07
 5.71026506E-07
 5.71028053E-07
 5.71029052E-07
 5.71031034E-07
 5.71031455E-07
 5.71032588E-07
 5.71033947E-07
 5.71035270E-07
 5.71036084E-07
 5.71038098E-07
 5.71038613E-07
 5.71039857E-07
 5.71041810E-07
 5.71042787E-07
 5.71043751E-07
 5.71044957E-07
 5.71046399E-07
 5.71047364E-07
 5.71048808E-07
 5.71050029E-07
 5.71051015E-07
 5.71052266E-07
 5.71053280E-07
 5.71054559E-07
 5.71055391E-07
 5.71057412E-07
 5.71058300E-07
 5.71059677E-07
 5.71061087E-07
 5.71062302E-07
 5.71063789E-07
 5.71065308E-07
 5.71016606E-07
 5.71017910E-07
 5.71018432E-07
 5.71019759E-07
 5.71020315E-07
 5.71021001E-07
 5.71021584E-07
 5.71022532E-07
 5.71023602E-07
 5.71024800E-07
 5.71025238E-07
 5.71026033E-07
 5.71026953E-07
 5.71027999E-07
 5.71028522E-07
 5.71029393E-07
 5.71030616E-07
 5.71031093E-07
 5.71031916E-07
 5.71032863E-07
 5.71033301E-07
 5.71034081E-07
 5.71034983E-07
 5.71036444E-07
 5.71036962E-07
 5.71038033E-07
 5.71038383E-07
 5.71039700E-07
 5.71040510E-07
 5.71041444E-07
 5.71042284E-07
 5.71042626E-07
 5.71043918E-07
 5.71044911E-07
 5.71045198E-07
 5.71046217E-07
 5.71047141E-07
 5.71047767E-07
 5.71048711E-07
 5.71050164E-07
 5.71050295E-07
 5.71051343E-07
 5.71052485E-07
 5.71053523E-07
 5.71054446E-07
 5.71054859E-07
 5.71056153E-07
 5.71056725E-07
 5.71057767E-07
 5.71058479E-07
 5.70992477E-07
 5.70985325E-07
 5.70980687E-07
 5.70976395E-07
 5.70973944E-07
 5.70971938E-07
 5.70969355E-07
 5.71018716E-07
 5.71017829E-07
 5.71017502E-07
 5.71016187E-07
 5.71015439E-07
 5.71014944E-07
 5.71013934E-07
 5.71013477E-07
 5.71012502E-07
 5.71011962E-07
 5.71011305E-07
 5.71010492E-07
 5.71009646E-07
 5.71009268E-07
 5.71008530E-07
 5.71007719E-07
 5.71007637E-07
 5.71006708E-07
 5.71006477E-07
 5.71005877E-07
 5.71004985E-07
 5.71004569E-07
 5.71004137E-07
 5.71003535E-07
 5.71002814E-07
 5.71002174E-07
 5.71002034E-07
 5.71001042E-07
 5.71000962E-07
 5.71000267E-07
 5.70999634E-07
 5.70999064E-07
 5.70998772E-07
 5.70998600E-07
 5.70997835E-07
 5.70997230E-07
 5.70997140E-07
 5.70996697E-07
 5.70995749E-07
 5.70995723E-07
 5.70995041E-07
 5.70994409E-07
 5.70994208E-07
 5.70993571E-07
 5.70993372E-07
 5.70993025E-07
 5.70992698E-07
 5.70992335E-07
 5.70991837E-07
 5.70991413E-07
 5.70990959E-07
 5.70990672E-07
 5.70990039E-07
 5.70989673E-07
 5.70989579E-07
 5.70989084E-07
 5.70988535E-07
 5.70988200E-07
 5.70987890E-07
 5.70987655E-07
 5.70987300E-07
 5.70986768E-07
 5.70986648E-07
 5.70987003E-07
 5.70987886E-07
 5.70988712E-07
 5.70989543E-07
 5.70990253E-07
 5.70991232E-07
 5.70992086E-07
 5.70993148E-07
 5.70994026E-07
 5.70995057E-07
 5.70995659E-07
 5.70996748E-07
 5.70997697E-07
 5.70998637E-07
 5.70999536E-07
 5.71000476E-07
 5.71001613E-07
 5.71002662E-07
 5.71003588E-07
 5.71004614E-07
 5.71005661E-07
 5.71006693E-07
 5.71007691E-07
 5.71008865E-07
 5.71009972E-07
 5.71011244E-07
 5.71012257E-07
 5.71013563E-07
 5.71014817E-07
 5.71016000E-07
 5.71017234E-07
 5.71018182E-07
 5.70970198E-07
 5.70971940E-07
 5.70973898E-07
 5.70976186E-07
 5.70978674E-07
 5.70981579E-07
 5.70984678E-07
 5.49146112E-05
 1.69465522E-04
 2.84016433E-04
 3.98567342E-04
 6.45424309E-04
 9.91963948E-04
 1.47780230E-03
 3.82691444E-04
 0.00000000E+00
 1.14213909E-16
 1.13979864E-16
 1.13746776E-16
 1.13514640E-16
 0.00000000E+00
 2.26106396E-16
 1.12823881E-16
 3.53341899E-02
 7.78443114E-02
 1.20183021E-01
 1.62351354E-01
 2.83132530E-01
 4.10821643E-01
 6.20155689E-01
 0.00000000E+00
 0.00000000E+00
 0.00000000E+00
 0.00000000E+00
 0.00000000E+00
 0.00000000E+00
 0.00000000E+00
 0.00000000E+00
 0.00000000E+00
 0.00000000E+00
 0.00000000E+00
 0.00000000E+00
 0.00000000E+00
 0.00000000E+00
 0.00000000E+00
 0.00000000E+00
 0.00000000E+00
 0.00000000E+00
 0.00000000E+00
 0.00000000E+00
 0.00000000E+00
 0.00000000E+00
 0.00000000E+00
 0.00000000E+00
 0.00000000E+00
 0.00000000E+00
 0.00000000E+00
 0.00000000E+00
 0.00000000E+00
 0.00000000E+00
 0.00000000E+00
 0.00000000E+00
 0.00000000E+00
 0.00000000E+00
 0.00000000E+00
 0.00000000E+00
 0.00000000E+00
 0.00000000E+00
 0.00000000E+00
 0.00000000E+00
 0.00000000E+00
 0.00000000E+00
 0.00000000E+00
 0.00000000E+00
 0.00000000E+00
 0.00000000E+00
 0.00000000E+00
 0.00000000E+00
 0.00000000E+00
 0.00000000E+00
 0.00000000E+00
 0.00000000E+00
 0.00000000E+00
 0.00000000E+00
 0.00000000E+00
 0.00000000E+00
 0.00000000E+00
 0.00000000E+00
 0.00000000E+00
 0.00000000E+00
 0.00000000E+00
 0.00000000E+00
 0.00000000E+00
 0.00000000E+00
 0.00000000E+00
 0.00000000E+00
 0.00000000E+00
 0.00000000E+00
 0.00000000E+00
 0.00000000E+00
 0.00000000E+00
 0.00000000E+00
 0.00000000E+00
 0.00000000E+00
 0.00000000E+00
 0.00000000E+00
 0.00000000E+00
 0.00000000E+00
 0.00000000E+00
 0.00000000E+00
 0.00000000E+00
 0.00000000E+00
 0.00000000E+00
 0.00000000E+00
 0.00000000E+00
 0.00000000E+00
 0.00000000E+00
 0.00000000E+00
 0.00000000E+00
 0.00000000E+00
 0.00000000E+00
 0.00000000E+00
 0.00000000E+00
 0.00000000E+00
 0.00000000E+00
 0.00000000E+00
 0.00000000E+00
 0.00000000E+00
 0.00000000E+00
 0.00000000E+00
 0.00000000E+00
 0.00000000E+00
 0.00000000E+00
 0.00000000E+00
 0.00000000E+00
 0.00000000E+00
 0.00000000E+00
 0.00000000E+00
 0.00000000E+00
 0.00000000E+00
 0.00000000E+00
 0.00000000E+00
 0.00000000E+00
 0.00000000E+00
 0.00000000E+00
 0.00000000E+00
 0.00000000E+00
 0.00000000E+00
 0.00000000E+00
 0.00000000E+00
 0.00000000E+00
 0.00000000E+00
 0.00000000E+00
 0.00000000E+00
 0.00000000E+00
 0.00000000E+00
 0.00000000E+00
 0.00000000E+00
 0.00000000E+00
 0.00000000E+00
 0.00000000E+00
 0.00000000E+00
 0.00000000E+00
 0.00000000E+00
 0.00000000E+00
 0.00000000E+00
 0.00000000E+00
 0.00000000E+00
 0.00000000E+00
 0.00000000E+00
 0.00000000E+00
 0.00000000E+00
 0.00000000E+00
 0.00000000E+00
 0.00000000E+00
 0.00000000E+00
 0.00000000E+00
 0.00000000E+00
 0.00000000E+00
 0.00000000E+00
 0.00000000E+00
 0.00000000E+00
 0.00000000E+00
 0.00000000E+00
 0.00000000E+00
 0.00000000E+00
 0.00000000E+00
 0.00000000E+00
 0.00000000E+00
 0.00000000E+00
 0.00000000E+00
 0.00000000E+00
 0.00000000E+00
 0.00000000E+00
 3.18981735E-01
 1.77456722E-01
 3.59317089E-02
 1.05593304E-01
 1.84723508E-01
 2.36512165E-01
 1.55729636E-01
 2.79509711E-02
 6.11793035E-07
 6.11795654E-07
 7.40367890E-02
 1.19306119E-02
 6.11805013E-07
 6.11809691E-07
 6.11762813E-07
 6.11762011E-07
 6.11765173E-07
 6.11770292E-07
 6.11772374E-07
 6.11776590E-07
 6.11780179E-07
 6.11783983E-07
 6.11786400E-07
 6.11789482E-07
 1.31671388E-02
 6.11791659E-07
 6.11792806E-07
 6.11793406E-07
 6.11795310E-07
 6.11794446E-07
 6.11796137E-07
 6.11797326E-07
 6.11797328E-07
 6.11799068E-07
 6.11799315E-07
 6.11800971E-07
 6.11800428E-07
 6.11803055E-07
 6.11803184E-07
 6.11804082E-07
 6.11805768E-07
 6.11807481E-07
 6.11809597E-07
 6.11811044E-07
 6.11813582E-07
 6.11814775E-07
 6.11816735E-07
 6.11818057E-07
 6.11821208E-07
 6.11822050E-07
 6.11824028E-07
 6.11826495E-07
 6.11778503E-07
 6.11779784E-07
 6.11779809E-07
 6.11780415E-07
 6.11780968E-07
 6.11781572E-07
 6.11781262E-07
 6.11782288E-07
 6.11782752E-07
 6.11782293E-07
 6.11782901E-07
 6.11782581E-07
 6.11783648E-07
 6.11782853E-07
 6.11783424E-07
 6.11784076E-07
 6.11784466E-07
 6.11785263E-07
 6.11784313E-07
 6.11784665E-07
 6.11784836E-07
 6.11786601E-07
 6.11785730E-07
 6.11787092E-07
 6.11787033E-07
 6.11787088E-07
 6.11787255E-07
 6.11787844E-07
 6.11787335E-07
 6.11788416E-07
 6.11788172E-07
 6.11788635E-07
 6.11789790E-07
 6.11789612E-07
 6.11789943E-07
 6.11790774E-07
 6.11792574E-07
 6.11793959E-07
 6.11794624E-07
 6.11795701E-07
 6.11796664E-07
 6.11798326E-07
 6.11798733E-07
 6.11800125E-07
 6.11800560E-07
 6.11802561E-07
 6.11803588E-07
 6.11803951E-07
 6.11805331E-07
 6.11806036E-07
 6.11807738E-07
 6.11808249E-07
 6.11810031E-07
 6.11810613E-07
 6.11811947E-07
 6.11812376E-07
 6.11813534E-07
 6.11814351E-07
 6.11815879E-07
 6.11817617E-07
 6.11818221E-07
 6.11819030E-07
 6.11820035E-07
 6.11821503E-07
 6.11822666E-07
 6.11824554E-07
 6.11825097E-07
 6.11826894E-07
 6.11827353E-07
 6.11828303E-07
 6.11829731E-07
 6.11830625E-07
 6.11831991E-07
 6.11833082E-07
 6.11834158E-07
 6.11835215E-07
 6.11836252E-07
 6.11837788E-07
 6.11838824E-07
 6.11840349E-07
 6.11841372E-07
 6.11842406E-07
 6.11843454E-07
 6.11844508E-07
 6.11846530E-07
 6.11847383E-07
 6.11848481E-07
 6.11849122E-07
 6.11850758E-07
 6.11852176E-07
 6.11853626E-07
 6.11854157E-07
 6.11855910E-07
 6.11857230E-07
 6.11858130E-07
 6.11859536E-07
 6.11860761E-07
 6.11861797E-07
 6.11863132E-07
 6.11864516E-07
 6.11865033E-07
 6.11818362E-07
 6.11819257E-07
 6.11819376E-07
 6.11820544E-07
 6.11820936E-07
 6.11822140E-07
 6.11822570E-07
 6.11823375E-07
 6.11824307E-07
 6.11825369E-07
 6.11825677E-07
 6.11826350E-07
 6.11827376E-07
 6.11828536E-07
 6.11829171E-07
 6.11830158E-07
 6.11830410E-07
 6.11831881E-07
 6.11832192E-07
 6.11833499E-07
 6.11834070E-07
 6.11835208E-07
 6.11835840E-07
 6.11836816E-07
 6.11837286E-07
 6.11837887E-07
 6.11839047E-07
 6.11839493E-07
 6.11840905E-07
 6.11841815E-07
 6.11842229E-07
 6.11843394E-07
 6.11844060E-07
 6.11844855E-07
 6.11845765E-07
 6.11846387E-07
 6.11847134E-07
 6.11848609E-07
 6.11848971E-07
 6.11849857E-07
 6.11850446E-07
 6.11851345E-07
 6.11852353E-07
 6.11853465E-07
 6.11853862E-07
 6.11854762E-07
 6.11856151E-07
 6.11856826E-07
 6.11857579E-07
 6.11858209E-07
 6.11859113E-07
 6.11794489E-07
 6.11785570E-07
 6.11780869E-07
 6.11776875E-07
 6.11773897E-07
 6.11771913E-07
 6.11769678E-07
 6.11819349E-07
 6.11818744E-07
 6.11817220E-07
 6.11816953E-07
 6.11815881E-07
 6.11815071E-07
 6.11814161E-07
 6.11813855E-07
 6.11813468E-07
 6.11812480E-07
 6.11811642E-07
 6.11811115E-07
 6.11810680E-07
 6.11810269E-07
 6.11809608E-07
 6.11808810E-07
 6.11808319E-07
 6.11807850E-07
 6.11807101E-07
 6.11806700E-07
 6.11806488E-07
 6.11805994E-07
 6.11805170E-07
 6.11804504E-07
 6.11803968E-07
 6.11803845E-07
 6.11803277E-07
 6.11803005E-07
 6.11802536E-07
 6.11801800E-07
 6.11801449E-07
 6.11801055E-07
 6.11800740E-07
 6.11800152E-07
 6.11799597E-07
 6.11799173E-07
 6.11798979E-07
 6.11798515E-07
 6.11798230E-07
 6.11797533E-07
 6.11797562E-07
 6.11796758E-07
 6.11796541E-07
 6.11796410E-07
 6.11796001E-07
 6.11795339E-07
 6.11795139E-07
 6.11794881E-07
 6.11794390E-07
 6.11793878E-07
 6.11793507E-07
 6.11793290E-07
 6.11792972E-07
 6.11792825E-07
 6.11792524E-07
 6.11792074E-07
 6.11791551E-07
 6.11791564E-07
 6.11791039E-07
 6.11790645E-07
 6.11790390E-07
 6.11790199E-07
 6.11789814E-07
 6.11790334E-07
 6.11790971E-07
 6.11791873E-07
 6.11792706E-07
 6.11793406E-07
 6.11794302E-07
 6.11795067E-07
 6.11795710E-07
 6.11796485E-07
 6.11797412E-07
 6.11798161E-07
 6.11799077E-07
 6.11799847E-07
 6.11800610E-07
 6.11801650E-07
 6.11802417E-07
 6.11803384E-07
 6.11804322E-07
 6.11805089E-07
 6.11806119E-07
 6.11807106E-07
 6.11807902E-07
 6.11808892E-07
 6.11810049E-07
 6.11810924E-07
 6.11811983E-07
 6.11813174E-07
 6.11814270E-07
 6.11815350E-07
 6.11816475E-07
 6.11817765E-07
 6.11818564E-07
 6.11770812E-07
 6.11772867E-07
 6.11775406E-07
 6.11778024E-07
 6.11781001E-07
 6.11784320E-07
 6.11787942E-07
 4.94929386E-05
 1.52934958E-04
 2.56376978E-04
 3.59818996E-04
 6.01866121E-04
 9.48341780E-04
 1.44074807E-03
 3.72847312E-04
 1.14448917E-16
 2.28427817E-16
 2.27959728E-16
 1.13746776E-16
 0.00000000E+00
 0.00000000E+00
 1.13053198E-16
 1.12823881E-16
 3.19078442E-02
 7.02957721E-02
 1.08528910E-01
 1.46608192E-01
 2.67068273E-01
 3.94789579E-01
 6.08067864E-01
 0.00000000E+00
 0.00000000E+00
 0.00000000E+00
 0.00000000E+00
 0.00000000E+00
 0.00000000E+00
 0.00000000E+00
 0.00000000E+00
 0.00000000E+00
 0.00000000E+00
 0.00000000E+00
 0.00000000E+00
 0.00000000E+00
 0.00000000E+00
 0.00000000E+00
 0.00000000E+00
 0.00000000E+00
 0.00000000E+00
 0.00000000E+00
 0.00000000E+00
 0.00000000E+00
 0.00000000E+00
 0.00000000E+00
 0.00000000E+00
 0.00000000E+00
 0.00000000E+00
 0.00000000E+00
 0.00000000E+00
 0.00000000E+00
 0.00000000E+00
 0.00000000E+00
 0.00000000E+00
 0.00000000E+00
 0.00000000E+00
 0.00000000E+00
 0.00000000E+00
 0.00000000E+00
 0.00000000E+00
 0.00000000E+00
 0.00000000E+00
 0.00000000E+00
 0.00000000E+00
 0.00000000E+00
 0.00000000E+00
 0.00000000E+00
 0.00000000E+00
 0.00000000E+00
 0.00000000E+00
 0.00000000E+00
 0.00000000E+00
 0.00000000E+00
 0.00000000E+00
 0.00000000E+00
 0.00000000E+00
 0.00000000E+00
 0.00000000E+00
 0.00000000E+00
 0.00000000E+00
 0.00000000E+00
 0.00000000E+00
 0.00000000E+00
 0.00000000E+00
 0.00000000E+00
 0.00000000E+00
 0.00000000E+00
 0.00000000E+00
 0.00000000E+00
 0.00000000E+00
 0.00000000E+00
 0.00000000E+00
 0.00000000E+00
 0.00000000E+00
 0.00000000E+00
 0.00000000E+00
 0.00000000E+00
 0.00000000E+00
 0.00000000E+00
 0.00000000E+00
 0.00000000E+00
 0.00000000E+00
 0.00000000E+00
 0.00000000E+00
 0.00000000E+00
 0.00000000E+00
 0.00000000E+00
 0.00000000E+00
 0.00000000E+00
 0.00000000E+00
 0.00000000E+00
 0.00000000E+00
 0.00000000E+00
 0.00000000E+00
 0.00000000E+00
 0.00000000E+00
 0.00000000E+00
 0.00000000E+00
 0.00000000E+00
 0.00000000E+00
 0.00000000E+00
 0.00000000E+00
 0.00000000E+00
 0.00000000E+00
 0.00000000E+00
 0.00000000E+00
 0.00000000E+00
 0.00000000E+00
 0.00000000E+00
 0.00000000E+00
 0.00000000E+00
 0.00000000E+00
 0.00000000E+00
 0.00000000E+00
 0.00000000E+00
 0.00000000E+00
 0.00000000E+00
 0.00000000E+00
 0.00000000E+00
 0.00000000E+00
 0.00000000E+00
 0.00000000E+00
 0.00000000E+00
 0.00000000E+00
 0.00000000E+00
 0.00000000E+00
 0.00000000E+00
 0.00000000E+00
 0.00000000E+00
 0.00000000E+00
 0.00000000E+00
 0.00000000E+00
 0.00000000E+00
 0.00000000E+00
 0.00000000E+00
 0.00000000E+00
 0.00000000E+00
 0.00000000E+00
 0.00000000E+00
 0.00000000E+00
 0.00000000E+00
 0.00000000E+00
 0.00000000E+00
 0.00000000E+00
 0.00000000E+00
 0.00000000E+00
 0.00000000E+00
 0.00000000E+00
 0.00000000E+00
 0.00000000E+00
 0.00000000E+00
 0.00000000E+00
 0.00000000E+00
 0.00000000E+00
 0.00000000E+00
 0.00000000E+00
 0.00000000E+00
 0.00000000E+00
 0.00000000E+00
 0.00000000E+00
 0.00000000E+00
 0.00000000E+00
 0.00000000E+00
 0.00000000E+00
 0.00000000E+00
 0.00000000E+00
 3.75397165E-01
 2.21633521E-01
 6.78698770E-02
 8.58937668E-02
 1.74427055E-01
 2.34376254E-01
 1.55729538E-01
 2.79509371E-02
 6.31853045E-07
 6.31855404E-07
 7.74014000E-02
 1.24727936E-02
 6.31864955E-07
 6.31869317E-07
 6.31822634E-07
 6.31822880E-07
 6.31824933E-07
 6.31828982E-07
 6.31832049E-07
 6.31836120E-07
 6.31840454E-07
 6.31843012E-07
 6.31846633E-07
 6.31850914E-07
 1.37655301E-02
 6.31850928E-07
 6.31852979E-07
 6.31853398E-07
 6.31854043E-07
 6.31855787E-07
 6.31855599E-07
 6.31856841E-07
 6.31857321E-07
 6.31858896E-07
 6.31860055E-07
 6.31860524E-07
 6.31861728E-07
 6.31862971E-07
 6.31863184E-07
 6.31864598E-07
 6.31865801E-07
 6.31867849E-07
 6.31870303E-07
 6.31872111E-07
 6.31873391E-07
 6.31876130E-07
 6.31876272E-07
 6.31878929E-07
 6.31881071E-07
 6.31882666E-07
 6.31884436E-07
 6.31886714E-07
 6.31839011E-07
 6.31840059E-07
 6.31840818E-07
 6.31840813E-07
 6.31841127E-07
 6.31841491E-07
 6.31842262E-07
 6.31841179E-07
 6.31843077E-07
 6.31843113E-07
 6.31842585E-07
 6.31843115E-07
 6.31843067E-07
 6.31843476E-07
 6.31843641E-07
 6.31844240E-07
 6.31844580E-07
 6.31844431E-07
 6.31844690E-07
 6.31845678E-07
 6.31844931E-07
 6.31845233E-07
 6.31846237E-07
 6.31846159E-07
 6.31847090E-07
 6.31846935E-07
 6.31847548E-07
 6.31847940E-07
 6.31848206E-07
 6.31848885E-07
 6.31849102E-07
 6.31849176E-07
 6.31849103E-07
 6.31848874E-07
 6.31850314E-07
 6.31851090E-07
 6.31852311E-07
 6.31853132E-07
 6.31854078E-07
 6.31854920E-07
 6.31856789E-07
 6.31858227E-07
 6.31858723E-07
 6.31859396E-07
 6.31861350E-07
 6.31861536E-07
 6.31862179E-07
 6.31863268E-07
 6.31865380E-07
 6.31866306E-07
 6.31867153E-07
 6.31867903E-07
 6.31869145E-07
 6.31870281E-07
 6.31871379E-07
 6.31872654E-07
 6.31873886E-07
 6.31874780E-07
 6.31875623E-07
 6.31876406E-07
 6.31877687E-07
 6.31878407E-07
 6.31880099E-07
 6.31880733E-07
 6.31882115E-07
 6.31883471E-07
 6.31884525E-07
 6.31885551E-07
 6.31886329E-07
 6.31888089E-07
 6.31889587E-07
 6.31890564E-07
 6.31891547E-07
 6.31892266E-07
 6.31892989E-07
 6.31894964E-07
 6.31895465E-07
 6.31897206E-07
 6.31897478E-07
 6.31899491E-07
 6.31900550E-07
 6.31901636E-07
 6.31902745E-07
 6.31903871E-07
 6.31904810E-07
 6.31906264E-07
 6.31907984E-07
 6.31908798E-07
 6.31909666E-07
 6.31911534E-07
 6.31912492E-07
 6.31913746E-07
 6.31914589E-07
 6.31915965E-07
 6.31916931E-07
 6.31917969E-07
 6.31919083E-07
 6.31920958E-07
 6.31922455E-07
 6.31923095E-07
 6.31924284E-07
 6.31876972E-07
 6.31876931E-07
 6.31877948E-07
 6.31879106E-07
 6.31879495E-07
 6.31880260E-07
 6.31880694E-07
 6.31881735E-07
 6.31882913E-07
 6.31883557E-07
 6.31884343E-07
 6.31885492E-07
 6.31885239E-07
 6.31886886E-07
 6.31887359E-07
 6.31887968E-07
 6.31889160E-07
 6.31889613E-07
 6.31890649E-07
 6.31890953E-07
 6.31891831E-07
 6.31893068E-07
 6.31893159E-07
 6.31894235E-07
 6.31895667E-07
 6.31895744E-07
 6.31896389E-07
 6.31898011E-07
 6.31898504E-07
 6.31898918E-07
 6.31899894E-07
 6.31900992E-07
 6.31901394E-07
 6.31902136E-07
 6.31903619E-07
 6.31904406E-07
 6.31905112E-07
 6.31905733E-07
 6.31906274E-07
 6.31907340E-07
 6.31907914E-07
 6.31909205E-07
 6.31909801E-07
 6.31911102E-07
 6.31911906E-07
 6.31912403E-07
 6.31913201E-07
 6.31914484E-07
 6.31915055E-07
 6.31916101E-07
 6.31916823E-07
 6.31852653E-07
 6.31843011E-07
 6.31837652E-07
 6.31833706E-07
 6.31830841E-07
 6.31828614E-07
 6.31876768E-07
 6.31876197E-07
 6.31875021E-07
 6.31874328E-07
 6.31873756E-07
 6.31873107E-07
 6.31872624E-07
 6.31871500E-07
 6.31871212E-07
 6.31870524E-07
 6.31869882E-07
 6.31869292E-07
 6.31868361E-07
 6.31868002E-07
 6.31867587E-07
 6.31867238E-07
 6.31866483E-07
 6.31866186E-07
 6.31865753E-07
 6.31864993E-07
 6.31864336E-07
 6.31864034E-07
 6.31863299E-07
 6.31863032E-07
 6.31862518E-07
 6.31862547E-07
 6.31861873E-07
 6.31861451E-07
 6.31860939E-07
 6.31860467E-07
 6.31860063E-07
 6.31860114E-07
 6.31859556E-07
 6.31859233E-07
 6.31858628E-07
 6.31858290E-07
 6.31857811E-07
 6.31857719E-07
 6.31856979E-07
 6.31856685E-07
 6.31856462E-07
 6.31856268E-07
 6.31855752E-07
 6.31855459E-07
 6.31855139E-07
 6.31855062E-07
 6.31854471E-07
 6.31854057E-07
 6.31854171E-07
 6.31853801E-07
 6.31853391E-07
 6.31853034E-07
 6.31852732E-07
 6.31852500E-07
 6.31852164E-07
 6.31851844E-07
 6.31851698E-07
 6.31851389E-07
 6.31851124E-07
 6.31851047E-07
 6.31850681E-07
 6.31850371E-07
 6.31850114E-07
 6.31849910E-07
 6.31850174E-07
 6.31851018E-07
 6.31851520E-07
 6.31852205E-07
 6.31853144E-07
 6.31853548E-07
 6.31854406E-07
 6.31855130E-07
 6.31855600E-07
 6.31856598E-07
 6.31857356E-07
 6.31858011E-07
 6.31858779E-07
 6.31859544E-07
 6.31860265E-07
 6.31861089E-07
 6.31861736E-07
 6.31862684E-07
 6.31863467E-07
 6.31864313E-07
 6.31865040E-07
 6.31865963E-07
 6.31866779E-07
 6.31867826E-07
 6.31868590E-07
 6.31869636E-07
 6.31870557E-07
 6.31871569E-07
 6.31872567E-07
 6.31873649E-07
 6.31874837E-07
 6.31875671E-07
 6.31827914E-07
 6.31830492E-07
 6.31833373E-07
 6.31836537E-07
 6.31839897E-07
 6.31843731E-07
 6.31847795E-07
 4.40921064E-05
 1.36425436E-04
 2.28758764E-04
 3.21092092E-04
 5.58329467E-04
 9.04741153E-04
 1.40371532E-03
 3.63003179E-04
 0.00000000E+00
 1.14213909E-16
 1.13979864E-16
 0.00000000E+00
 0.00000000E+00
 0.00000000E+00
 1.13053198E-16
 0.00000000E+00
 2.84814985E-02
 6.27472328E-02
 9.68747988E-02
 1.30865031E-01
 2.51004016E-01
 3.78757515E-01
 5.95980040E-01
 0.00000000E+00
 0.00000000E+00
 0.00000000E+00
 0.00000000E+00
 0.00000000E+00
 0.00000000E+00
 0.00000000E+00
 0.00000000E+00
 0.00000000E+00
 0.00000000E+00
 0.00000000E+00
 0.00000000E+00
 0.00000000E+00
 0.00000000E+00
 0.00000000E+00
 0.00000000E+00
 0.00000000E+00
 0.00000000E+00
 0.00000000E+00
 0.00000000E+00
 0.00000000E+00
 0.00000000E+00
 0.00000000E+00
 0.00000000E+00
 0.00000000E+00
 0.00000000E+00
 0.00000000E+00
 0.00000000E+00
 0.00000000E+00
 0.00000000E+00
 0.00000000E+00
 0.00000000E+00
 0.00000000E+00
 0.00000000E+00
 0.00000000E+00
 0.00000000E+00
 0.00000000E+00
 0.00000000E+00
 0.00000000E+00
 0.00000000E+00
 0.00000000E+00
 0.00000000E+00
 0.00000000E+00
 0.00000000E+00
 0.00000000E+00
 0.00000000E+00
 0.00000000E+00
 0.00000000E+00
 0.00000000E+00
 0.00000000E+00
 0.00000000E+00
 0.00000000E+00
 0.00000000E+00
 0.00000000E+00
 0.00000000E+00
 0.00000000E+00
 0.00000000E+00
 0.00000000E+00
 0.00000000E+00
 0.00000000E+00
 0.00000000E+00
 0.00000000E+00
 0.00000000E+00
 0.00000000E+00
 0.00000000E+00
 0.00000000E+00
 0.00000000E+00
 0.00000000E+00
 0.00000000E+00
 0.00000000E+00
 0.00000000E+00
 0.00000000E+00
 0.00000000E+00
 0.00000000E+00
 0.00000000E+00
 0.00000000E+00
 0.00000000E+00
 0.00000000E+00
 0.00000000E+00
 0.00000000E+00
 0.00000000E+00
 0.00000000E+00
 0.00000000E+00
 0.00000000E+00
 0.00000000E+00
 0.00000000E+00
 0.00000000E+00
 0.00000000E+00
 0.00000000E+00
 0.00000000E+00
 0.00000000E+00
 0.00000000E+00
 0.00000000E+00
 0.00000000E+00
 0.00000000E+00
 0.00000000E+00
 0.00000000E+00
 0.00000000E+00
 0.00000000E+00
 0.00000000E+00
 0.00000000E+00
 0.00000000E+00
 0.00000000E+00
 0.00000000E+00
 0.00000000E+00
 0.00000000E+00
 0.00000000E+00
 0.00000000E+00
 0.00000000E+00
 0.00000000E+00
 0.00000000E+00
 0.00000000E+00
 0.00000000E+00
 0.00000000E+00
 0.00000000E+00
 0.00000000E+00
 0.00000000E+00
 0.00000000E+00
 0.00000000E+00
 0.00000000E+00
 0.00000000E+00
 0.00000000E+00
 0.00000000E+00
 0.00000000E+00
 0.00000000E+00
 0.00000000E+00
 0.00000000E+00
 0.00000000E+00
 0.00000000E+00
 0.00000000E+00
 0.00000000E+00
 0.00000000E+00
 0.00000000E+00
 0.00000000E+00
 0.00000000E+00
 0.00000000E+00
 0.00000000E+00
 0.00000000E+00
 0.00000000E+00
 0.00000000E+00
 0.00000000E+00
 0.00000000E+00
 0.00000000E+00
 0.00000000E+00
 0.00000000E+00
 0.00000000E+00
 0.00000000E+00
 0.00000000E+00
 0.00000000E+00
 0.00000000E+00
 0.00000000E+00
 0.00000000E+00
 0.00000000E+00
 0.00000000E+00
 0.00000000E+00
 0.00000000E+00
 0.00000000E+00
 0.00000000E+00
 0.00000000E+00
 0.00000000E+00
 0.00000000E+00
 0.00000000E+00
 0.00000000E+00
 0.00000000E+00
 4.31811577E-01
 2.65809517E-01
 9.98074572E-02
 6.61946026E-02
 1.64130809E-01
 2.32240406E-01
 1.55729464E-01
 2.79509244E-02
 6.31201602E-07
 6.31204815E-07
 8.07659320E-02
 1.30149451E-02
 6.31213795E-07
 6.31216583E-07
 6.31171670E-07
 6.31170579E-07
 6.31173540E-07
 6.31177356E-07
 6.31181788E-07
 6.31184514E-07
 6.31189550E-07
 6.31192114E-07
 6.31195332E-07
 6.31198958E-07
 1.43639318E-02
 6.31200643E-07
 6.31201342E-07
 6.31202384E-07
 6.31202566E-07
 6.31203456E-07
 6.31205166E-07
 6.31205752E-07
 6.31207076E-07
 6.31208443E-07
 6.31207708E-07
 6.31210279E-07
 6.31210037E-07
 6.31211311E-07
 6.31211971E-07
 6.31212829E-07
 6.31215733E-07
 6.31217048E-07
 6.31218795E-07
 6.31221082E-07
 6.31222473E-07
 6.31225104E-07
 6.31226158E-07
 6.31228133E-07
 6.31229239E-07
 6.31232312E-07
 6.31234218E-07
 6.31236047E-07
 6.31188356E-07
 6.31188664E-07
 6.31190027E-07
 6.31190011E-07
 6.31189948E-07
 6.31190306E-07
 6.31191073E-07
 6.31191292E-07
 6.31190608E-07
 6.31191015E-07
 6.31192141E-07
 6.31192115E-07
 6.31193139E-07
 6.31193006E-07
 6.31192982E-07
 6.31193401E-07
 6.31193906E-07
 6.31193929E-07
 6.31194363E-07
 6.31194640E-07
 6.31194414E-07
 6.31195242E-07
 6.31194671E-07
 6.31195460E-07
 6.31196379E-07
 6.31196549E-07
 6.31197160E-07
 6.31196691E-07
 6.31197297E-07
 6.31197457E-07
 6.31198348E-07
 6.31197922E-07
 6.31198843E-07
 6.31198447E-07
 6.31198872E-07
 6.31200110E-07
 6.31201795E-07
 6.31201632E-07
 6.31203671E-07
 6.31204162E-07
 6.31205691E-07
 6.31206279E-07
 6.31207884E-07
 6.31207731E-07
 6.31209988E-07
 6.31210483E-07
 6.31212032E-07
 6.31211828E-07
 6.31212956E-07
 6.31214815E-07
 6.31215794E-07
 6.31216981E-07
 6.31217577E-07
 6.31218658E-07
 6.31220218E-07
 6.31221457E-07
 6.31221596E-07
 6.31222765E-07
 6.31224168E-07
 6.31225518E-07
 6.31226322E-07
 6.31227629E-07
 6.31228380E-07
 6.31229132E-07
 6.31230914E-07
 6.31231373E-07
 6.31232849E-07
 6.31234096E-07
 6.31235314E-07
 6.31236290E-07
 6.31237032E-07
 6.31238269E-07
 6.31238788E-07
 6.31240324E-07
 6.31241871E-07
 6.31242946E-07
 6.31244550E-07
 6.31244699E-07
 6.31245623E-07
 6.31247321E-07
 6.31248335E-07
 6.31249133E-07
 6.31250479E-07
 6.31251395E-07
 6.31252852E-07
 6.31253874E-07
 6.31255677E-07
 6.31256586E-07
 6.31257811E-07
 6.31259099E-07
 6.31259746E-07
 6.31260948E-07
 6.31262701E-07
 6.31263358E-07
 6.31264801E-07
 6.31265647E-07
 6.31267269E-07
 6.31268532E-07
 6.31269879E-07
 6.31271106E-07
 6.31223066E-07
 6.31223964E-07
 6.31225011E-07
 6.31225288E-07
 6.31225946E-07
 6.31226514E-07
 6.31227463E-07
 6.31228782E-07
 6.31229113E-07
 6.31230046E-07
 6.31230235E-07
 6.31230791E-07
 6.31231947E-07
 6.31233014E-07
 6.31233792E-07
 6.31234280E-07
 6.31234914E-07
 6.31236131E-07
 6.31236616E-07
 6.31237685E-07
 6.31238471E-07
 6.31238756E-07
 6.31239398E-07
 6.31240398E-07
 6.31241339E-07
 6.31242410E-07
 6.31242993E-07
 6.31243291E-07
 6.31244793E-07
 6.31245585E-07
 6.31246097E-07
 6.31246966E-07
 6.31247131E-07
 6.31248477E-07
 6.31249128E-07
 6.31250117E-07
 6.31251034E-07
 6.31251050E-07
 6.31252014E-07
 6.31252905E-07
 6.31253507E-07
 6.31254633E-07
 6.31255275E-07
 6.31256432E-07
 6.31256891E-07
 6.31258060E-07
 6.31259138E-07
 6.31259304E-07
 6.31260370E-07
 6.31261518E-07
 6.31261955E-07
 6.31263258E-07
 6.31199955E-07
 6.31189288E-07
 6.31184330E-07
 6.31180085E-07
 6.31176421E-07
 6.31174057E-07
 6.31222096E-07
 6.31222168E-07
 6.31221442E-07
 6.31220268E-07
 6.31219414E-07
 6.31219208E-07
 6.31218107E-07
 6.31217718E-07
 6.31217070E-07
 6.31216463E-07
 6.31215596E-07
 6.31215622E-07
 6.31214836E-07
 6.31214160E-07
 6.31213912E-07
 6.31213656E-07
 6.31213123E-07
 6.31212241E-07
 6.31211816E-07
 6.31211397E-07
 6.31211209E-07
 6.31210590E-07
 6.31210331E-07
 6.31210303E-07
 6.31209455E-07
 6.31209480E-07
 6.31209131E-07
 6.31208369E-07
 6.31207858E-07
 6.31207524E-07
 6.31207607E-07
 6.31207125E-07
 6.31206558E-07
 6.31206726E-07
 6.31206250E-07
 6.31205568E-07
 6.31205338E-07
 6.31205139E-07
 6.31204801E-07
 6.31204609E-07
 6.31204061E-07
 6.31203863E-07
 6.31203858E-07
 6.31203194E-07
 6.31203172E-07
 6.31202789E-07
 6.31202642E-07
 6.31202333E-07
 6.31202195E-07
 6.31201816E-07
 6.31201644E-07
 6.31201424E-07
 6.31201173E-07
 6.31200972E-07
 6.31200765E-07
 6.31200628E-07
 6.31200242E-07
 6.31200207E-07
 6.31199937E-07
 6.31199695E-07
 6.31199485E-07
 6.31199246E-07
 6.31199051E-07
 6.31199092E-07
 6.31199157E-07
 6.31199803E-07
 6.31200288E-07
 6.31201022E-07
 6.31201534E-07
 6.31202165E-07
 6.31202648E-07
 6.31203189E-07
 6.31203921E-07
 6.31204400E-07
 6.31205290E-07
 6.31205745E-07
 6.31206377E-07
 6.31207229E-07
 6.31207779E-07
 6.31208347E-07
 6.31209146E-07
 6.31209935E-07
 6.31210588E-07
 6.31211229E-07
 6.31212006E-07
 6.31212699E-07
 6.31213585E-07
 6.31214466E-07
 6.31215309E-07
 6.31216125E-07
 6.31216863E-07
 6.31217935E-07
 6.31218763E-07
 6.31219768E-07
 6.31220685E-07
 6.31221821E-07
 6.31174064E-07
 6.31177150E-07
 6.31180508E-07
 6.31184067E-07
 6.31187821E-07
 6.31191997E-07
 6.31196532E-07
 3.87120821E-05
 1.19936920E-04
 2.01161757E-04
 2.82386594E-04
 5.14814309E-04
 8.61162031E-04
 1.36670398E-03
 3.53159047E-04
 1.14448917E-16
 1.14213909E-16
 1.13979864E-16
 0.00000000E+00
 1.13514640E-16
 1.13283449E-16
 1.13053198E-16
 0.00000000E+00
 2.50551529E-02
 5.51986935E-02
 8.52206877E-02
 1.15121869E-01
 2.34939759E-01
 3.62725451E-01
 5.83892216E-01
 0.00000000E+00
 0.00000000E+00
 0.00000000E+00
 0.00000000E+00
 0.00000000E+00
 0.00000000E+00
 0.00000000E+00
 0.00000000E+00
 0.00000000E+00
 0.00000000E+00
 0.00000000E+00
 0.00000000E+00
 0.00000000E+00
 0.00000000E+00
 0.00000000E+00
 0.00000000E+00
 0.00000000E+00
 0.00000000E+00
 0.00000000E+00
 0.00000000E+00
 0.00000000E+00
 0.00000000E+00
 0.00000000E+00
 0.00000000E+00
 0.00000000E+00
 0.00000000E+00
 0.00000000E+00
 0.00000000E+00
 0.00000000E+00
 0.00000000E+00
 0.00000000E+00
 0.00000000E+00
 0.00000000E+00
 0.00000000E+00
 0.00000000E+00
 0.00000000E+00
 0.00000000E+00
 0.00000000E+00
 0.00000000E+00
 0.00000000E+00
 0.00000000E+00
 0.00000000E+00
 0.00000000E+00
 0.00000000E+00
 0.00000000E+00
 0.00000000E+00
 0.00000000E+00
 0.00000000E+00
 0.00000000E+00
 0.00000000E+00
 0.00000000E+00
 0.00000000E+00
 0.00000000E+00
 0.00000000E+00
 0.00000000E+00
 0.00000000E+00
 0.00000000E+00
 0.00000000E+00
 0.00000000E+00
 0.00000000E+00
 0.00000000E+00
 0.00000000E+00
 0.00000000E+00
 0.00000000E+00
 0.00000000E+00
 0.00000000E+00
 0.00000000E+00
 0.00000000E+00
 0.00000000E+00
 0.00000000E+00
 0.00000000E+00
 0.00000000E+00
 0.00000000E+00
 0.00000000E+00
 0.00000000E+00
 0.00000000E+00
 0.00000000E+00
 0.00000000E+00
 0.00000000E+00
 0.00000000E+00
 0.00000000E+00
 0.00000000E+00
 0.00000000E+00
 0.00000000E+00
 0.00000000E+00
 0.00000000E+00
 0.00000000E+00
 0.00000000E+00
 0.00000000E+00
 0.00000000E+00
 0.00000000E+00
 0.00000000E+00
 0.00000000E+00
 0.00000000E+00
 0.00000000E+00
 0.00000000E+00
 0.00000000E+00
 0.00000000E+00
 0.00000000E+00
 0.00000000E+00
 0.00000000E+00
 0.00000000E+00
 0.00000000E+00
 0.00000000E+00
 0.00000000E+00
 0.00000000E+00
 0.00000000E+00
 0.00000000E+00
 0.00000000E+00
 0.00000000E+00
 0.00000000E+00
 0.00000000E+00
 0.00000000E+00
 0.00000000E+00
 0.00000000E+00
 0.00000000E+00
 0.00000000E+00
 0.00000000E+00
 0.00000000E+00
 0.00000000E+00
 0.00000000E+00
 0.00000000E+00
 0.00000000E+00
 0.00000000E+00
 0.00000000E+00
 0.00000000E+00
 0.00000000E+00
 0.00000000E+00
 0.00000000E+00
 0.00000000E+00
 0.00000000E+00
 0.00000000E+00
 0.00000000E+00
 0.00000000E+00
 0.00000000E+00
 0.00000000E+00
 0.00000000E+00
 0.00000000E+00
 0.00000000E+00
 0.00000000E+00
 0.00000000E+00
 0.00000000E+00
 0.00000000E+00
 0.00000000E+00
 0.00000000E+00
 0.00000000E+00
 0.00000000E+00
 0.00000000E+00
 0.00000000E+00
 0.00000000E+00
 0.00000000E+00
 0.00000000E+00
 0.00000000E+00
 0.00000000E+00
 0.00000000E+00
 0.00000000E+00
 0.00000000E+00
 0.00000000E+00
 0.00000000E+00
 0.00000000E+00
 0.00000000E+00
 0.00000000E+00
 0.00000000E+00
 0.00000000E+00
 4.88224975E-01
 3.09984713E-01
 1.31744451E-01
 4.64958103E-02
 1.53834771E-01
 2.30104621E-01
 1.55729414E-01
 2.79509329E-02
 6.09871345E-07
 6.09874456E-07
 8.41303852E-02
 1.35570666E-02
 6.09883640E-07
 6.09886729E-07
 6.09841217E-07
 6.09839517E-07
 6.09844798E-07
 6.09847042E-07
 6.09851962E-07
 6.09854049E-07
 6.09858469E-07
 6.09862441E-07
 6.09866386E-07
 6.09870296E-07
 1.49623439E-02
 6.09871937E-07
 6.09871552E-07
 6.09871951E-07
 6.09873434E-07
 6.09874959E-07
 6.09875420E-07
 6.09876674E-07
 6.09876960E-07
 6.09876908E-07
 6.09878114E-07
 6.09879470E-07
 6.09880539E-07
 6.09881048E-07
 6.09882795E-07
 6.09883741E-07
 6.09885738E-07
 6.09886579E-07
 6.09888253E-07
 6.09890882E-07
 6.09893013E-07
 6.09894008E-07
 6.09895605E-07
 6.09898138E-07
 6.09899584E-07
 6.09902640E-07
 6.09904315E-07
 6.09856972E-07
 6.09858882E-07
 6.09858581E-07
 6.09860309E-07
 6.09859676E-07
 6.09860683E-07
 6.09860436E-07
 6.09861325E-07
 6.09861314E-07
 6.09861112E-07
 6.09861653E-07
 6.09861989E-07
 6.09862458E-07
 6.09862709E-07
 6.09863423E-07
 6.09862990E-07
 6.09864259E-07
 6.09863461E-07
 6.09863779E-07
 6.09864174E-07
 6.09864752E-07
 6.09865168E-07
 6.09865083E-07
 6.09865491E-07
 6.09866048E-07
 6.09866744E-07
 6.09866696E-07
 6.09867101E-07
 6.09867079E-07
 6.09867818E-07
 6.09867252E-07
 6.09867746E-07
 6.09868113E-07
 6.09867803E-07
 6.09868523E-07
 6.09868896E-07
 6.09870389E-07
 6.09871193E-07
 6.09872755E-07
 6.09873094E-07
 6.09874178E-07
 6.09875478E-07
 6.09875851E-07
 6.09877547E-07
 6.09878612E-07
 6.09879047E-07
 6.09880258E-07
 6.09881124E-07
 6.09881942E-07
 6.09883803E-07
 6.09884795E-07
 6.09885721E-07
 6.09886069E-07
 6.09887213E-07
 6.09888849E-07
 6.09889893E-07
 6.09890136E-07
 6.09891425E-07
 6.09892680E-07
 6.09893125E-07
 6.09895151E-07
 6.09895586E-07
 6.09897579E-07
 6.09898537E-07
 6.09899227E-07
 6.09899923E-07
 6.09900899E-07
 6.09902143E-07
 6.09903646E-07
 6.09904176E-07
 6.09904960E-07
 6.09906796E-07
 6.09907389E-07
 6.09908545E-07
 6.09909729E-07
 6.09911197E-07
 6.09912213E-07
 6.09913766E-07
 6.09914395E-07
 6.09915815E-07
 6.09916311E-07
 6.09918100E-07
 6.09918962E-07
 6.09919665E-07
 6.09920930E-07
 6.09921777E-07
 6.09923678E-07
 6.09924448E-07
 6.09925551E-07
 6.09926984E-07
 6.09927540E-07
 6.09929172E-07
 6.09930170E-07
 6.09931035E-07
 6.09932950E-07
 6.09933794E-07
 6.09935228E-07
 6.09935836E-07
 6.09936788E-07
 6.09938565E-07
 6.09891242E-07
 6.09891590E-07
 6.09891854E-07
 6.09893179E-07
 6.09893979E-07
 6.09894689E-07
 6.09894877E-07
 6.09895449E-07
 6.09896404E-07
 6.09897499E-07
 6.09898080E-07
 6.09899033E-07
 6.09899473E-07
 6.09900289E-07
 6.09901469E-07
 6.09901494E-07
 6.09902759E-07
 6.09903523E-07
 6.09904005E-07
 6.09904853E-07
 6.09905201E-07
 6.09906360E-07
 6.09907015E-07
 6.09908034E-07
 6.09908777E-07
 6.09909243E-07
 6.09910074E-07
 6.09910413E-07
 6.09911328E-07
 6.09911969E-07
 6.09912970E-07
 6.09913480E-07
 6.09914972E-07
 6.09915350E-07
 6.09916089E-07
 6.09916960E-07
 6.09917970E-07
 6.09918295E-07
 6.09918755E-07
 6.09920172E-07
 6.09920692E-07
 6.09921747E-07
 6.09922522E-07
 6.09923013E-07
 6.09923830E-07
 6.09924958E-07
 6.09925397E-07
 6.09926340E-07
 6.09927190E-07
 6.09928330E-07
 6.09928769E-07
 6.09929892E-07
 6.09930691E-07
 6.09868265E-07
 6.09857469E-07
 6.09851069E-07
 6.09847289E-07
 6.09843686E-07
 6.09841257E-07
 6.09889490E-07
 6.09888673E-07
 6.09888192E-07
 6.09887292E-07
 6.09886412E-07
 6.09885745E-07
 6.09885318E-07
 6.09885045E-07
 6.09883972E-07
 6.09883761E-07
 6.09883166E-07
 6.09882785E-07
 6.09882262E-07
 6.09881569E-07
 6.09881781E-07
 6.09880984E-07
 6.09880415E-07
 6.09880439E-07
 6.09879955E-07
 6.09879121E-07
 6.09879223E-07
 6.09879035E-07
 6.09878063E-07
 6.09878287E-07
 6.09877926E-07
 6.09877398E-07
 6.09876749E-07
 6.09876825E-07
 6.09876211E-07
 6.09876032E-07
 6.09875967E-07
 6.09875578E-07
 6.09875348E-07
 6.09875034E-07
 6.09874581E-07
 6.09874624E-07
 6.09874210E-07
 6.09874152E-07
 6.09873678E-07
 6.09873430E-07
 6.09873146E-07
 6.09872951E-07
 6.09872571E-07
 6.09872660E-07
 6.09872246E-07
 6.09871980E-07
 6.09871855E-07
 6.09871619E-07
 6.09871569E-07
 6.09871264E-07
 6.09871060E-07
 6.09870983E-07
 6.09870932E-07
 6.09870688E-07
 6.09870416E-07
 6.09870133E-07
 6.09869844E-07
 6.09869890E-07
 6.09869877E-07
 6.09869543E-07
 6.09869565E-07
 6.09869472E-07
 6.09869263E-07
 6.09869023E-07
 6.09869362E-07
 6.09869812E-07
 6.09870356E-07
 6.09870742E-07
 6.09871292E-07
 6.09871623E-07
 6.09872326E-07
 6.09872818E-07
 6.09873102E-07
 6.09873781E-07
 6.09874274E-07
 6.09874864E-07
 6.09875355E-07
 6.09875884E-07
 6.09876429E-07
 6.09877022E-07
 6.09877501E-07
 6.09878190E-07
 6.09878984E-07
 6.09879569E-07
 6.09880110E-07
 6.09880897E-07
 6.09881502E-07
 6.09882245E-07
 6.09883000E-07
 6.09883617E-07
 6.09884578E-07
 6.09885297E-07
 6.09886148E-07
 6.09886981E-07
 6.09887950E-07
 6.09888966E-07
 6.09841335E-07
 6.09844831E-07
 6.09848608E-07
 6.09852629E-07
 6.09856848E-07
 6.09861487E-07
 6.09866423E-07
 3.33528330E-05
 1.03469379E-04
 1.73585924E-04
 2.43702469E-04
 4.71320615E-04
 8.17604380E-04
 1.32971399E-03
 3.43314915E-04
 1.14448917E-16
 1.14213909E-16
 1.13979864E-16
 1.13746776E-16
 1.13514640E-16
 2.26566898E-16
 1.13053198E-16
 0.00000000E+00
 2.16288072E-02
 4.76501542E-02
 7.35665765E-02
 9.93787074E-02
 2.18875502E-01
 3.46693387E-01
 5.71804391E-01
 0.00000000E+00
 0.00000000E+00
 0.00000000E+00
 0.00000000E+00
 0.00000000E+00
 0.00000000E+00
 0.00000000E+00
 0.00000000E+00
 0.00000000E+00
 0.00000000E+00
 0.00000000E+00
 0.00000000E+00
 0.00000000E+00
 0.00000000E+00
 0.00000000E+00
 0.00000000E+00
 0.00000000E+00
 0.00000000E+00
 0.00000000E+00
 0.00000000E+00
 0.00000000E+00
 0.00000000E+00
 0.00000000E+00
 0.00000000E+00
 0.00000000E+00
 0.00000000E+00
 0.00000000E+00
 0.00000000E+00
 0.00000000E+00
 0.00000000E+00
 0.00000000E+00
 0.00000000E+00
 0.00000000E+00
 0.00000000E+00
 0.00000000E+00
 0.00000000E+00
 0.00000000E+00
 0.00000000E+00
 0.00000000E+00
 0.00000000E+00
 0.00000000E+00
 0.00000000E+00
 0.00000000E+00
 0.00000000E+00
 0.00000000E+00
 0.00000000E+00
 0.00000000E+00
 0.00000000E+00
 0.00000000E+00
 0.00000000E+00
 0.00000000E+00
 0.00000000E+00
 0.00000000E+00
 0.00000000E+00
 0.00000000E+00
 0.00000000E+00
 0.00000000E+00
 0.00000000E+00
 0.00000000E+00
 0.00000000E+00
 0.00000000E+00
 0.00000000E+00
 0.00000000E+00
 0.00000000E+00
 0.00000000E+00
 0.00000000E+00
 0.00000000E+00
 0.00000000E+00
 0.00000000E+00
 0.00000000E+00
 0.00000000E+00
 0.00000000E+00
 0.00000000E+00
 0.00000000E+00
 0.00000000E+00
 0.00000000E+00
 0.00000000E+00
 0.00000000E+00
 0.00000000E+00
 0.00000000E+00
 0.00000000E+00
 0.00000000E+00
 0.00000000E+00
 0.00000000E+00
 0.00000000E+00
 0.00000000E+00
 0.00000000E+00
 0.00000000E+00
 0.00000000E+00
 0.00000000E+00
 0.00000000E+00
 0.00000000E+00
 0.00000000E+00
 0.00000000E+00
 0.00000000E+00
 0.00000000E+00
 0.00000000E+00
 0.00000000E+00
 0.00000000E+00
 0.00000000E+00
 0.00000000E+00
 0.00000000E+00
 0.00000000E+00
 0.00000000E+00
 0.00000000E+00
 0.00000000E+00
 0.00000000E+00
 0.00000000E+00
 0.00000000E+00
 0.00000000E+00
 0.00000000E+00
 0.00000000E+00
 0.00000000E+00
 0.00000000E+00
 0.00000000E+00
 0.00000000E+00
 0.00000000E+00
 0.00000000E+00
 0.00000000E+00
 0.00000000E+00
 0.00000000E+00
 0.00000000E+00
 0.00000000E+00
 0.00000000E+00
 0.00000000E+00
 0.00000000E+00
 0.00000000E+00
 0.00000000E+00
 0.00000000E+00
 0.00000000E+00
 0.00000000E+00
 0.00000000E+00
 0.00000000E+00
 0.00000000E+00
 0.00000000E+00
 0.00000000E+00
 0.00000000E+00
 0.00000000E+00
 0.00000000E+00
 0.00000000E+00
 0.00000000E+00
 0.00000000E+00
 0.00000000E+00
 0.00000000E+00
 0.00000000E+00
 0.00000000E+00
 0.00000000E+00
 0.00000000E+00
 0.00000000E+00
 0.00000000E+00
 0.00000000E+00
 0.00000000E+00
 0.00000000E+00
 0.00000000E+00
 0.00000000E+00
 0.00000000E+00
 0.00000000E+00
 0.00000000E+00
 0.00000000E+00
 0.00000000E+00
 0.00000000E+00
 0.00000000E+00
 0.00000000E+00
 0.00000000E+00
 5.44637363E-01
 3.54159112E-01
 1.63680862E-01
 2.67973888E-02
 1.43538938E-01
 2.27968900E-01
 1.55729388E-01
 2.79509627E-02
 5.67894281E-07
 5.67897884E-07
 8.74947598E-02
 1.40991581E-02
 5.67907153E-07
 5.67909486E-07
 5.67864040E-07
 5.67862574E-07
 5.67866410E-07
 5.67869976E-07
 5.67873951E-07
 5.67878714E-07
 5.67881074E-07
 5.67885473E-07
 5.67889838E-07
 5.67893505E-07
 1.55607663E-02
 5.67895403E-07
 5.67895592E-07
 5.67896571E-07
 5.67896477E-07
 5.67898378E-07
 5.67899630E-07
 5.67899556E-07
 5.67899599E-07
 5.67902020E-07
 5.67902365E-07
 5.67902244E-07
 5.67903710E-07
 5.67905031E-07
 5.67905538E-07
 5.67906714E-07
 5.67908354E-07
 5.67911274E-07
 5.67911997E-07
 5.67915094E-07
 5.67917091E-07
 5.67918359E-07
 5.67920242E-07
 5.67922467E-07
 5.67923629E-07
 5.67926198E-07
 5.67927404E-07
 5.67881544E-07
 5.67880784E-07
 5.67883173E-07
 5.67882990E-07
 5.67883095E-07
 5.67884107E-07
 5.67883642E-07
 5.67885269E-07
 5.67885047E-07
 5.67885939E-07
 5.67885350E-07
 5.67885846E-07
 5.67885208E-07
 5.67885985E-07
 5.67885616E-07
 5.67887318E-07
 5.67886954E-07
 5.67887036E-07
 5.67888232E-07
 5.67887707E-07
 5.67888274E-07
 5.67888685E-07
 5.67888046E-07
 5.67888795E-07
 5.67888817E-07
 5.67890194E-07
 5.67889953E-07
 5.67890177E-07
 5.67890303E-07
 5.67891194E-07
 5.67891109E-07
 5.67891770E-07
 5.67891453E-07
 5.67891642E-07
 5.67892329E-07
 5.67892669E-07
 5.67893817E-07
 5.67894595E-07
 5.67895310E-07
 5.67897092E-07
 5.67897655E-07
 5.67898440E-07
 5.67899745E-07
 5.67900434E-07
 5.67901318E-07
 5.67901885E-07
 5.67903536E-07
 5.67904845E-07
 5.67906113E-07
 5.67906825E-07
 5.67907483E-07
 5.67908379E-07
 5.67910084E-07
 5.67910422E-07
 5.67911267E-07
 5.67913185E-07
 5.67914014E-07
 5.67914835E-07
 5.67915426E-07
 5.67917050E-07
 5.67918150E-07
 5.67919007E-07
 5.67919616E-07
 5.67921296E-07
 5.67921953E-07
 5.67922900E-07
 5.67924135E-07
 5.67925645E-07
 5.67926674E-07
 5.67927767E-07
 5.67928644E-07
 5.67929303E-07
 5.67930282E-07
 5.67931565E-07
 5.67932416E-07
 5.67933568E-07
 5.67934543E-07
 5.67936333E-07
 5.67936946E-07
 5.67937897E-07
 5.67938920E-07
 5.67940272E-07
 5.67941224E-07
 5.67942034E-07
 5.67943415E-07
 5.67944899E-07
 5.67946228E-07
 5.67946951E-07
 5.67948022E-07
 5.67948483E-07
 5.67949784E-07
 5.67951672E-07
 5.67952490E-07
 5.67953439E-07
 5.67954519E-07
 5.67955716E-07
 5.67957526E-07
 5.67958071E-07
 5.67959909E-07
 5.67960729E-07
 5.67912809E-07
 5.67913240E-07
 5.67913823E-07
 5.67914559E-07
 5.67915450E-07
 5.67916725E-07
 5.67916578E-07
 5.67917722E-07
 5.67918116E-07
 5.67918891E-07
 5.67919386E-07
 5.67920262E-07
 5.67921282E-07
 5.67922028E-07
 5.67922490E-07
 5.67923333E-07
 5.67923665E-07
 5.67924828E-07
 5.67925264E-07
 5.67926515E-07
 5.67926407E-07
 5.67927755E-07
 5.67927965E-07
 5.67928767E-07
 5.67929933E-07
 5.67930827E-07
 5.67931449E-07
 5.67931807E-07
 5.67932527E-07
 5.67932982E-07
 5.67934010E-07
 5.67935398E-07
 5.67935466E-07
 5.67936730E-07
 5.67937516E-07
 5.67937825E-07
 5.67938283E-07
 5.67939089E-07
 5.67939829E-07
 5.67940912E-07
 5.67941722E-07
 5.67942457E-07
 5.67943125E-07
 5.67944322E-07
 5.67945037E-07
 5.67945868E-07
 5.67946213E-07
 5.67947273E-07
 5.67948036E-07
 5.67949106E-07
 5.67949669E-07
 5.67950318E-07
 5.67951247E-07
 5.67891652E-07
 5.67877898E-07
 5.67871588E-07
 5.67867209E-07
 5.67863773E-07
 5.67860954E-07
 5.67909497E-07
 5.67909307E-07
 5.67908627E-07
 5.67907533E-07
 5.67907115E-07
 5.67906647E-07
 5.67905831E-07
 5.67905552E-07
 5.67905081E-07
 5.67904192E-07
 5.67904116E-07
 5.67903306E-07
 5.67902811E-07
 5.67902902E-07
 5.67902140E-07
 5.67901782E-07
 5.67901402E-07
 5.67900902E-07
 5.67900664E-07
 5.67900492E-07
 5.67900190E-07
 5.67899917E-07
 5.67899369E-07
 5.67899154E-07
 5.67899323E-07
 5.67899013E-07
 5.67898264E-07
 5.67898215E-07
 5.67898002E-07
 5.67897645E-07
 5.67897550E-07
 5.67897198E-07
 5.67896721E-07
 5.67896577E-07
 5.67896807E-07
 5.67896350E-07
 5.67896138E-07
 5.67896165E-07
 5.67895854E-07
 5.67895657E-07
 5.67895589E-07
 5.67895147E-07
 5.67895220E-07
 5.67894775E-07
 5.67894614E-07
 5.67894649E-07
 5.67894486E-07
 5.67894195E-07
 5.67893984E-07
 5.67893694E-07
 5.67893754E-07
 5.67893577E-07
 5.67893593E-07
 5.67893328E-07
 5.67893353E-07
 5.67893275E-07
 5.67893030E-07
 5.67892769E-07
 5.67892767E-07
 5.67892957E-07
 5.67892750E-07
 5.67892819E-07
 5.67892689E-07
 5.67892515E-07
 5.67892674E-07
 5.67892872E-07
 5.67893489E-07
 5.67893607E-07
 5.67894078E-07
 5.67894711E-07
 5.67894994E-07
 5.67895446E-07
 5.67895885E-07
 5.67896121E-07
 5.67896438E-07
 5.67896904E-07
 5.67897475E-07
 5.67898034E-07
 5.67898555E-07
 5.67898804E-07
 5.67899294E-07
 5.67899775E-07
 5.67900456E-07
 5.67900907E-07
 5.67901487E-07
 5.67902086E-07
 5.67902781E-07
 5.67903237E-07
 5.67903884E-07
 5.67904626E-07
 5.67905293E-07
 5.67905957E-07
 5.67906792E-07
 5.67907586E-07
 5.67908310E-07
 5.67909513E-07
 5.67911411E-07
 5.67865816E-07
 5.67869999E-07
 5.67874506E-07
 5.67879230E-07
 5.67884198E-07
 5.67889567E-07
 2.80143265E-05
 8.70227786E-05
 1.46031230E-04
 2.05039681E-04
 4.27848348E-04
 7.74068166E-04
 1.29274534E-03
 3.33470782E-04
 2.28897833E-16
 0.00000000E+00
 1.13979864E-16
 1.13746776E-16
 0.00000000E+00
 1.13283449E-16
 0.00000000E+00
 0.00000000E+00
 1.82024615E-02
 4.01016150E-02
 6.19124654E-02
 8.36355458E-02
 2.02811245E-01
 3.30661323E-01
 5.59716567E-01
 0.00000000E+00
 0.00000000E+00
 0.00000000E+00
 0.00000000E+00
 0.00000000E+00
 0.00000000E+00
 0.00000000E+00
 0.00000000E+00
 0.00000000E+00
 0.00000000E+00
 0.00000000E+00
 0.00000000E+00
 0.00000000E+00
 0.00000000E+00
 0.00000000E+00
 0.00000000E+00
 0.00000000E+00
 0.00000000E+00
 0.00000000E+00
 0.00000000E+00
 0.00000000E+00
 0.00000000E+00
 0.00000000E+00
 0.00000000E+00
 0.00000000E+00
 0.00000000E+00
 0.00000000E+00
 0.00000000E+00
 0.00000000E+00
 0.00000000E+00
 0.00000000E+00
 0.00000000E+00
 0.00000000E+00
 0.00000000E+00
 0.00000000E+00
 0.00000000E+00
 0.00000000E+00
 0.00000000E+00
 0.00000000E+00
 0.00000000E+00
 0.00000000E+00
 0.00000000E+00
 0.00000000E+00
 0.00000000E+00
 0.00000000E+00
 0.00000000E+00
 0.00000000E+00
 0.00000000E+00
 0.00000000E+00
 0.00000000E+00
 0.00000000E+00
 0.00000000E+00
 0.00000000E+00
 0.00000000E+00
 0.00000000E+00
 0.00000000E+00
 0.00000000E+00
 0.00000000E+00
 0.00000000E+00
 0.00000000E+00
 0.00000000E+00
 0.00000000E+00
 0.00000000E+00
 0.00000000E+00
 0.00000000E+00
 0.00000000E+00
 0.00000000E+00
 0.00000000E+00
 0.00000000E+00
 0.00000000E+00
 0.00000000E+00
 0.00000000E+00
 0.00000000E+00
 0.00000000E+00
 0.00000000E+00
 0.00000000E+00
 0.00000000E+00
 0.00000000E+00
 0.00000000E+00
 0.00000000E+00
 0.00000000E+00
 0.00000000E+00
 0.00000000E+00
 0.00000000E+00
 0.00000000E+00
 0.00000000E+00
 0.00000000E+00
 0.00000000E+00
 0.00000000E+00
 0.00000000E+00
 0.00000000E+00
 0.00000000E+00
 0.00000000E+00
 0.00000000E+00
 0.00000000E+00
 0.00000000E+00
 0.00000000E+00
 0.00000000E+00
 0.00000000E+00
 0.00000000E+00
 0.00000000E+00
 0.00000000E+00
 0.00000000E+00
 0.00000000E+00
 0.00000000E+00
 0.00000000E+00
 0.00000000E+00
 0.00000000E+00
 0.00000000E+00
 0.00000000E+00
 0.00000000E+00
 0.00000000E+00
 0.00000000E+00
 0.00000000E+00
 0.00000000E+00
 0.00000000E+00
 0.00000000E+00
 0.00000000E+00
 0.00000000E+00
 0.00000000E+00
 0.00000000E+00
 0.00000000E+00
 0.00000000E+00
 0.00000000E+00
 0.00000000E+00
 0.00000000E+00
 0.00000000E+00
 0.00000000E+00
 0.00000000E+00
 0.00000000E+00
 0.00000000E+00
 0.00000000E+00
 0.00000000E+00
 0.00000000E+00
 0.00000000E+00
 0.00000000E+00
 0.00000000E+00
 0.00000000E+00
 0.00000000E+00
 0.00000000E+00
 0.00000000E+00
 0.00000000E+00
 0.00000000E+00
 0.00000000E+00
 0.00000000E+00
 0.00000000E+00
 0.00000000E+00
 0.00000000E+00
 0.00000000E+00
 0.00000000E+00
 0.00000000E+00
 0.00000000E+00
 0.00000000E+00
 0.00000000E+00
 0.00000000E+00
 0.00000000E+00
 0.00000000E+00
 0.00000000E+00
 0.00000000E+00
 0.00000000E+00
 0.00000000E+00
 0.00000000E+00
 0.00000000E+00
 0.00000000E+00
 6.01048744E-01
 3.98332717E-01
 1.95616690E-01
 7.09933668E-03
 1.33243312E-01
 2.25833241E-01
 1.55729386E-01
 2.79510136E-02
 5.05304433E-07
 5.05306364E-07
 9.08590562E-02
 1.46412197E-02
 5.05315671E-07
 5.05317258E-07
 5.05272102E-07
 5.05271352E-07
 5.05274907E-07
 5.05278671E-07
 5.05283294E-07
 5.05287141E-07
 5.05291508E-07
 5.05294331E-07
 5.05298035E-07
 5.05302156E-07
 1.61591990E-02
 5.05302403E-07
 5.05303631E-07
 5.05304565E-07
 5.05305520E-07
 5.05306307E-07
 5.05307318E-07
 5.05308082E-07
 5.05308325E-07
 5.05309900E-07
 5.05310239E-07
 5.05311579E-07
 5.05312026E-07
 5.05312750E-07
 5.05314517E-07
 5.05314919E-07
 5.05316854E-07
 5.05318444E-07
 5.05320676E-07
 5.05323264E-07
 5.05325166E-07
 5.05327742E-07
 5.05328953E-07
 5.05330909E-07
 5.05332581E-07
 5.05334316E-07
 5.05336449E-07
 5.05290336E-07
 5.05290850E-07
 5.05291480E-07
 5.05291611E-07
 5.05292605E-07
 5.05293319E-07
 5.05293155E-07
 5.05293778E-07
 5.05292923E-07
 5.05294485E-07
 5.05294564E-07
 5.05293521E-07
 5.05294260E-07
 5.05294790E-07
 5.05294878E-07
 5.05295435E-07
 5.05295536E-07
 5.05296086E-07
 5.05296847E-07
 5.05295901E-07
 5.05296391E-07
 5.05296396E-07
 5.05297249E-07
 5.05297939E-07
 5.05298236E-07
 5.05297811E-07
 5.05297865E-07
 5.05299037E-07
 5.05298598E-07
 5.05299255E-07
 5.05298949E-07
 5.05300034E-07
 5.05300145E-07
 5.05300449E-07
 5.05300412E-07
 5.05301189E-07
 5.05302245E-07
 5.05302938E-07
 5.05303574E-07
 5.05305597E-07
 5.05306404E-07
 5.05307748E-07
 5.05307879E-07
 5.05309137E-07
 5.05310084E-07
 5.05311533E-07
 5.05312146E-07
 5.05313544E-07
 5.05314099E-07
 5.05314916E-07
 5.05316276E-07
 5.05317084E-07
 5.05317623E-07
 5.05318684E-07
 5.05320047E-07
 5.05321124E-07
 5.05322489E-07
 5.05323068E-07
 5.05324208E-07
 5.05324557E-07
 5.05326017E-07
 5.05326960E-07
 5.05327942E-07
 5.05328962E-07
 5.05330568E-07
 5.05330883E-07
 5.05332325E-07
 5.05333027E-07
 5.05334556E-07
 5.05334865E-07
 5.05335518E-07
 5.05336977E-07
 5.05338020E-07
 5.05339383E-07
 5.05340323E-07
 5.05341106E-07
 5.05342457E-07
 5.05344166E-07
 5.05344973E-07
 5.05345871E-07
 5.05346391E-07
 5.05347254E-07
 5.05348963E-07
 5.05350543E-07
 5.05351017E-07
 5.05351618E-07
 5.05353550E-07
 5.05354629E-07
 5.05355617E-07
 5.05356264E-07
 5.05357513E-07
 5.05358907E-07
 5.05360199E-07
 5.05361635E-07
 5.05361828E-07
 5.05363333E-07
 5.05364291E-07
 5.05365180E-07
 5.05366929E-07
 5.05319340E-07
 5.05319659E-07
 5.05320816E-07
 5.05320777E-07
 5.05321815E-07
 5.05322331E-07
 5.05323003E-07
 5.05324068E-07
 5.05324623E-07
 5.05324663E-07
 5.05325988E-07
 5.05326143E-07
 5.05327575E-07
 5.05327837E-07
 5.05328488E-07
 5.05329514E-07
 5.05330267E-07
 5.05330976E-07
 5.05330958E-07
 5.05331776E-07
 5.05333186E-07
 5.05333237E-07
 5.05334106E-07
 5.05334708E-07
 5.05335685E-07
 5.05336609E-07
 5.05337271E-07
 5.05337668E-07
 5.05338434E-07
 5.05339152E-07
 5.05339398E-07
 5.05341060E-07
 5.05341620E-07
 5.05341709E-07
 5.05342998E-07
 5.05343195E-07
 5.05344367E-07
 5.05345280E-07
 5.05346129E-07
 5.05346504E-07
 5.05347033E-07
 5.05348308E-07
 5.05348912E-07
 5.05349038E-07
 5.05349907E-07
 5.05350501E-07
 5.05352025E-07
 5.05352256E-07
 5.05353209E-07
 5.05353873E-07
 5.05354443E-07
 5.05355703E-07
 5.05356266E-07
 5.05357310E-07
 5.05357836E-07
 5.05284407E-07
 5.05277627E-07
 5.05273144E-07
 5.05269229E-07
 5.05266654E-07
 5.05314852E-07
 5.05314618E-07
 5.05314014E-07
 5.05313557E-07
 5.05312868E-07
 5.05312257E-07
 5.05311834E-07
 5.05311004E-07
 5.05310575E-07
 5.05310537E-07
 5.05309668E-07
 5.05309555E-07
 5.05309086E-07
 5.05308834E-07
 5.05308024E-07
 5.05307917E-07
 5.05307901E-07
 5.05307695E-07
 5.05306863E-07
 5.05306598E-07
 5.05306797E-07
 5.05306419E-07
 5.05306189E-07
 5.05305522E-07
 5.05305738E-07
 5.05305620E-07
 5.05305309E-07
 5.05304942E-07
 5.05304555E-07
 5.05304724E-07
 5.05304576E-07
 5.05304150E-07
 5.05304110E-07
 5.05303763E-07
 5.05303580E-07
 5.05303494E-07
 5.05303181E-07
 5.05303105E-07
 5.05302931E-07
 5.05302760E-07
 5.05302795E-07
 5.05302699E-07
 5.05302664E-07
 5.05302192E-07
 5.05302247E-07
 5.05302395E-07
 5.05301900E-07
 5.05302054E-07
 5.05301924E-07
 5.05301956E-07
 5.05301898E-07
 5.05301586E-07
 5.05301486E-07
 5.05301578E-07
 5.05301384E-07
 5.05301403E-07
 5.05301236E-07
 5.05301233E-07
 5.05301061E-07
 5.05301407E-07
 5.05301004E-07
 5.05301054E-07
 5.05301229E-07
 5.05301274E-07
 5.05301284E-07
 5.05301462E-07
 5.05301713E-07
 5.05302045E-07
 5.05302463E-07
 5.05302577E-07
 5.05302783E-07
 5.05303289E-07
 5.05303515E-07
 5.05303864E-07
 5.05304277E-07
 5.05304454E-07
 5.05304797E-07
 5.05305390E-07
 5.05305622E-07
 5.05305962E-07
 5.05306518E-07
 5.05306751E-07
 5.05307216E-07
 5.05307780E-07
 5.05308162E-07
 5.05308581E-07
 5.05309158E-07
 5.05309568E-07
 5.05310167E-07
 5.05310775E-07
 5.05311210E-07
 5.05312032E-07
 5.05312667E-07
 5.05313178E-07
 5.05314023E-07
 5.05315173E-07
 5.05317523E-07
 5.05272015E-07
 5.05276706E-07
 5.05281495E-07
 5.05286680E-07
 5.05292238E-07
 5.05298023E-07
 2.26965307E-05
 7.05970867E-05
 1.18497642E-04
 1.66398197E-04
 3.84397473E-04
 7.30553352E-04
 1.25579798E-03
 3.23626650E-04
 0.00000000E+00
 0.00000000E+00
 1.13979864E-16
 1.13746776E-16
 2.27029280E-16
 1.13283449E-16
 0.00000000E+00
 0.00000000E+00
 1.47761158E-02
 3.25530757E-02
 5.02583543E-02
 6.78923842E-02
 1.86746988E-01
 3.14629259E-01
 5.47628743E-01
 0.00000000E+00
 0.00000000E+00
 0.00000000E+00
 0.00000000E+00
 0.00000000E+00
 0.00000000E+00
 0.00000000E+00
 0.00000000E+00
 0.00000000E+00
 0.00000000E+00
 0.00000000E+00
 0.00000000E+00
 0.00000000E+00
 0.00000000E+00
 0.00000000E+00
 0.00000000E+00
 0.00000000E+00
 0.00000000E+00
 0.00000000E+00
 0.00000000E+00
 0.00000000E+00
 0.00000000E+00
 0.00000000E+00
 0.00000000E+00
 0.00000000E+00
 0.00000000E+00
 0.00000000E+00
 0.00000000E+00
 0.00000000E+00
 0.00000000E+00
 0.00000000E+00
 0.00000000E+00
 0.00000000E+00
 0.00000000E+00
 0.00000000E+00
 0.00000000E+00
 0.00000000E+00
 0.00000000E+00
 0.00000000E+00
 0.00000000E+00
 0.00000000E+00
 0.00000000E+00
 0.00000000E+00
 0.00000000E+00
 0.00000000E+00
 0.00000000E+00
 0.00000000E+00
 0.00000000E+00
 0.00000000E+00
 0.00000000E+00
 0.00000000E+00
 0.00000000E+00
 0.00000000E+00
 0.00000000E+00
 0.00000000E+00
 0.00000000E+00
 0.00000000E+00
 0.00000000E+00
 0.00000000E+00
 0.00000000E+00
 0.00000000E+00
 0.00000000E+00
 0.00000000E+00
 0.00000000E+00
 0.00000000E+00
 0.00000000E+00
 0.00000000E+00
 0.00000000E+00
 0.00000000E+00
 0.00000000E+00
 0.00000000E+00
 0.00000000E+00
 0.00000000E+00
 0.00000000E+00
 0.00000000E+00
 0.00000000E+00
 0.00000000E+00
 0.00000000E+00
 0.00000000E+00
 0.00000000E+00
 0.00000000E+00
 0.00000000E+00
 0.00000000E+00
 0.00000000E+00
 0.00000000E+00
 0.00000000E+00
 0.00000000E+00
 0.00000000E+00
 0.00000000E+00
 0.00000000E+00
 0.00000000E+00
 0.00000000E+00
 0.00000000E+00
 0.00000000E+00
 0.00000000E+00
 0.00000000E+00
 0.00000000E+00
 0.00000000E+00
 0.00000000E+00
 0.00000000E+00
 0.00000000E+00
 0.00000000E+00
 0.00000000E+00
 0.00000000E+00
 0.00000000E+00
 0.00000000E+00
 0.00000000E+00
 0.00000000E+00
 0.00000000E+00
 0.00000000E+00
 0.00000000E+00
 0.00000000E+00
 0.00000000E+00
 0.00000000E+00
 0.00000000E+00
 0.00000000E+00
 0.00000000E+00
 0.00000000E+00
 0.00000000E+00
 0.00000000E+00
 0.00000000E+00
 0.00000000E+00
 0.00000000E+00
 0.00000000E+00
 0.00000000E+00
 0.00000000E+00
 0.00000000E+00
 0.00000000E+00
 0.00000000E+00
 0.00000000E+00
 0.00000000E+00
 0.00000000E+00
 0.00000000E+00
 0.00000000E+00
 0.00000000E+00
 0.00000000E+00
 0.00000000E+00
 0.00000000E+00
 0.00000000E+00
 0.00000000E+00
 0.00000000E+00
 0.00000000E+00
 0.00000000E+00
 0.00000000E+00
 0.00000000E+00
 0.00000000E+00
 0.00000000E+00
 0.00000000E+00
 0.00000000E+00
 0.00000000E+00
 0.00000000E+00
 0.00000000E+00
 0.00000000E+00
 0.00000000E+00
 0.00000000E+00
 0.00000000E+00
 0.00000000E+00
 0.00000000E+00
 0.00000000E+00
 0.00000000E+00
 0.00000000E+00
 0.00000000E+00
 0.00000000E+00
 0.00000000E+00
 6.57459122E-01
 4.42505530E-01
 2.27551939E-01
 1.25983473E-02
 1.22947890E-01
 2.23697646E-01
 1.55729407E-01
 2.79510857E-02
 4.22130376E-07
 4.22132176E-07
 9.42232745E-02
 1.51832514E-02
 4.22141114E-07
 4.22144611E-07
 4.22146479E-07
 4.22097530E-07
 4.22100708E-07
 4.22104576E-07
 4.22108174E-07
 4.22113036E-07
 4.22116414E-07
 4.22120724E-07
 4.22123672E-07
 4.22127487E-07
 1.67576421E-02
 4.22128964E-07
 4.22130701E-07
 4.22131068E-07
 4.22132314E-07
 4.22133409E-07
 4.22133247E-07
 4.22133696E-07
 4.22134468E-07
 4.22136171E-07
 4.22136007E-07
 4.22137276E-07
 4.22138474E-07
 4.22138527E-07
 4.22140035E-07
 4.22140225E-07
 4.22143563E-07
 4.22144765E-07
 4.22147014E-07
 4.22149023E-07
 4.22150370E-07
 4.22153186E-07
 4.22155032E-07
 4.22157031E-07
 4.22158390E-07
 4.22160960E-07
 4.22162590E-07
 4.22115777E-07
 4.22116660E-07
 4.22117060E-07
 4.22117568E-07
 4.22118329E-07
 4.22118448E-07
 4.22119364E-07
 4.22120118E-07
 4.22119405E-07
 4.22119820E-07
 4.22119471E-07
 4.22120219E-07
 4.22119845E-07
 4.22121237E-07
 4.22120922E-07
 4.22121431E-07
 4.22121150E-07
 4.22122347E-07
 4.22121498E-07
 4.22122446E-07
 4.22123254E-07
 4.22122691E-07
 4.22122988E-07
 4.22123461E-07
 4.22123553E-07
 4.22124136E-07
 4.22124651E-07
 4.22124762E-07
 4.22124796E-07
 4.22124745E-07
 4.22124921E-07
 4.22125636E-07
 4.22125388E-07
 4.22125661E-07
 4.22125915E-07
 4.22126982E-07
 4.22128323E-07
 4.22129304E-07
 4.22129717E-07
 4.22130903E-07
 4.22131506E-07
 4.22132959E-07
 4.22133509E-07
 4.22134892E-07
 4.22135971E-07
 4.22135931E-07
 4.22137296E-07
 4.22138639E-07
 4.22139152E-07
 4.22139933E-07
 4.22141562E-07
 4.22142643E-07
 4.22142673E-07
 4.22144608E-07
 4.22145481E-07
 4.22146373E-07
 4.22146780E-07
 4.22147768E-07
 4.22149041E-07
 4.22150377E-07
 4.22151211E-07
 4.22152107E-07
 4.22153053E-07
 4.22154327E-07
 4.22154877E-07
 4.22156295E-07
 4.22156985E-07
 4.22158527E-07
 4.22159880E-07
 4.22160569E-07
 4.22161338E-07
 4.22162182E-07
 4.22163905E-07
 4.22164206E-07
 4.22165110E-07
 4.22166861E-07
 4.22167733E-07
 4.22168709E-07
 4.22169068E-07
 4.22170049E-07
 4.22172369E-07
 4.22172619E-07
 4.22174449E-07
 4.22174726E-07
 4.22175863E-07
 4.22177386E-07
 4.22178324E-07
 4.22178938E-07
 4.22180430E-07
 4.22181590E-07
 4.22182666E-07
 4.22183905E-07
 4.22184858E-07
 4.22185716E-07
 4.22187231E-07
 4.22187750E-07
 4.22188920E-07
 4.22190717E-07
 4.22142448E-07
 4.22143482E-07
 4.22143512E-07
 4.22144872E-07
 4.22144794E-07
 4.22145797E-07
 4.22146522E-07
 4.22147407E-07
 4.22147785E-07
 4.22148786E-07
 4.22149047E-07
 4.22149939E-07
 4.22150553E-07
 4.22151554E-07
 4.22151397E-07
 4.22152519E-07
 4.22153589E-07
 4.22154166E-07
 4.22154474E-07
 4.22155620E-07
 4.22156272E-07
 4.22156880E-07
 4.22157004E-07
 4.22157953E-07
 4.22158638E-07
 4.22159281E-07
 4.22159661E-07
 4.22160638E-07
 4.22161353E-07
 4.22161812E-07
 4.22162862E-07
 4.22163862E-07
 4.22164392E-07
 4.22164671E-07
 4.22165533E-07
 4.22166136E-07
 4.22167103E-07
 4.22167396E-07
 4.22168262E-07
 4.22169492E-07
 4.22170040E-07
 4.22170741E-07
 4.22171592E-07
 4.22172381E-07
 4.22173104E-07
 4.22173560E-07
 4.22174552E-07
 4.22175069E-07
 4.22175712E-07
 4.22176478E-07
 4.22177155E-07
 4.22178145E-07
 4.22178635E-07
 4.22179225E-07
 4.22180296E-07
 4.22180854E-07
 4.22107918E-07
 4.22100922E-07
 4.22095687E-07
 4.22092059E-07
 4.22089188E-07
 4.22137564E-07
 4.22137331E-07
 4.22136437E-07
 4.22135844E-07
 4.22135456E-07
 4.22135259E-07
 4.22134441E-07
 4.22134161E-07
 4.22133350E-07
 4.22132979E-07
 4.22132967E-07
 4.22132834E-07
 4.22132435E-07
 4.22131781E-07
 4.22131606E-07
 4.22131309E-07
 4.22130844E-07
 4.22130696E-07
 4.22130861E-07
 4.22130072E-07
 4.22129958E-07
 4.22129973E-07
 4.22129889E-07
 4.22129505E-07
 4.22129434E-07
 4.22129346E-07
 4.22129037E-07
 4.22129175E-07
 4.22128530E-07
 4.22128781E-07
 4.22128341E-07
 4.22128487E-07
 4.22128003E-07
 4.22127992E-07
 4.22128033E-07
 4.22127886E-07
 4.22127936E-07
 4.22127669E-07
 4.22127549E-07
 4.22127590E-07
 4.22127643E-07
 4.22127379E-07
 4.22127338E-07
 4.22127451E-07
 4.22127019E-07
 4.22126961E-07
 4.22127084E-07
 4.22126909E-07
 4.22127117E-07
 4.22126965E-07
 4.22126895E-07
 4.22126816E-07
 4.22127007E-07
 4.22126799E-07
 4.22127047E-07
 4.22126929E-07
 4.22126608E-07
 4.22126771E-07
 4.22126680E-07
 4.22126752E-07
 4.22126851E-07
 4.22126797E-07
 4.22126850E-07
 4.22126959E-07
 4.22127183E-07
 4.22127242E-07
 4.22127370E-07
 4.22127433E-07
 4.22127896E-07
 4.22128050E-07
 4.22128288E-07
 4.22128424E-07
 4.22128667E-07
 4.22128901E-07
 4.22128871E-07
 4.22129311E-07
 4.22129594E-07
 4.22129740E-07
 4.22129910E-07
 4.22130447E-07
 4.22130561E-07
 4.22131059E-07
 4.22131284E-07
 4.22131618E-07
 4.22131862E-07
 4.22132446E-07
 4.22132781E-07
 4.22133232E-07
 4.22133653E-07
 4.22134004E-07
 4.22134520E-07
 4.22135044E-07
 4.22135621E-07
 4.22136161E-07
 4.22136846E-07
 4.22138124E-07
 4.22140897E-07
 4.22095453E-07
 4.22100541E-07
 4.22105815E-07
 4.22111511E-07
 4.22117410E-07
 4.22123670E-07
 1.73994130E-05
 5.41922696E-05
 9.09851258E-05
 1.27777981E-04
 3.40967957E-04
 6.87059905E-04
 1.21887189E-03
 3.13782518E-04
 1.14448917E-16
 1.14213909E-16
 1.13979864E-16
 1.13746776E-16
 0.00000000E+00
 1.13283449E-16
 1.13053198E-16
 1.12823881E-16
 1.13497701E-02
 2.50045364E-02
 3.86042431E-02
 5.21492227E-02
 1.70682731E-01
 2.98597194E-01
 5.35540918E-01
 0.00000000E+00
 0.00000000E+00
 0.00000000E+00
 0.00000000E+00
 0.00000000E+00
 0.00000000E+00
 0.00000000E+00
 0.00000000E+00
 0.00000000E+00
 0.00000000E+00
 0.00000000E+00
 0.00000000E+00
 0.00000000E+00
 0.00000000E+00
 0.00000000E+00
 0.00000000E+00
 0.00000000E+00
 0.00000000E+00
 0.00000000E+00
 0.00000000E+00
 0.00000000E+00
 0.00000000E+00
 0.00000000E+00
 0.00000000E+00
 0.00000000E+00
 0.00000000E+00
 0.00000000E+00
 0.00000000E+00
 0.00000000E+00
 0.00000000E+00
 0.00000000E+00
 0.00000000E+00
 0.00000000E+00
 0.00000000E+00
 0.00000000E+00
 0.00000000E+00
 0.00000000E+00
 0.00000000E+00
 0.00000000E+00
 0.00000000E+00
 0.00000000E+00
 0.00000000E+00
 0.00000000E+00
 0.00000000E+00
 0.00000000E+00
 0.00000000E+00
 0.00000000E+00
 0.00000000E+00
 0.00000000E+00
 0.00000000E+00
 0.00000000E+00
 0.00000000E+00
 0.00000000E+00
 0.00000000E+00
 0.00000000E+00
 0.00000000E+00
 0.00000000E+00
 0.00000000E+00
 0.00000000E+00
 0.00000000E+00
 0.00000000E+00
 0.00000000E+00
 0.00000000E+00
 0.00000000E+00
 0.00000000E+00
 0.00000000E+00
 0.00000000E+00
 0.00000000E+00
 0.00000000E+00
 0.00000000E+00
 0.00000000E+00
 0.00000000E+00
 0.00000000E+00
 0.00000000E+00
 0.00000000E+00
 0.00000000E+00
 0.00000000E+00
 0.00000000E+00
 0.00000000E+00
 0.00000000E+00
 0.00000000E+00
 0.00000000E+00
 0.00000000E+00
 0.00000000E+00
 0.00000000E+00
 0.00000000E+00
 0.00000000E+00
 0.00000000E+00
 0.00000000E+00
 0.00000000E+00
 0.00000000E+00
 0.00000000E+00
 0.00000000E+00
 0.00000000E+00
 0.00000000E+00
 0.00000000E+00
 0.00000000E+00
 0.00000000E+00
 0.00000000E+00
 0.00000000E+00
 0.00000000E+00
 0.00000000E+00
 0.00000000E+00
 0.00000000E+00
 0.00000000E+00
 0.00000000E+00
 0.00000000E+00
 0.00000000E+00
 0.00000000E+00
 0.00000000E+00
 0.00000000E+00
 0.00000000E+00
 0.00000000E+00
 0.00000000E+00
 0.00000000E+00
 0.00000000E+00
 0.00000000E+00
 0.00000000E+00
 0.00000000E+00
 0.00000000E+00
 0.00000000E+00
 0.00000000E+00
 0.00000000E+00
 0.00000000E+00
 0.00000000E+00
 0.00000000E+00
 0.00000000E+00
 0.00000000E+00
 0.00000000E+00
 0.00000000E+00
 0.00000000E+00
 0.00000000E+00
 0.00000000E+00
 0.00000000E+00
 0.00000000E+00
 0.00000000E+00
 0.00000000E+00
 0.00000000E+00
 0.00000000E+00
 0.00000000E+00
 0.00000000E+00
 0.00000000E+00
 0.00000000E+00
 0.00000000E+00
 0.00000000E+00
 0.00000000E+00
 0.00000000E+00
 0.00000000E+00
 0.00000000E+00
 0.00000000E+00
 0.00000000E+00
 0.00000000E+00
 0.00000000E+00
 0.00000000E+00
 0.00000000E+00
 0.00000000E+00
 0.00000000E+00
 0.00000000E+00
 0.00000000E+00
 0.00000000E+00
 0.00000000E+00
 0.00000000E+00
 0.00000000E+00
 0.00000000E+00
 7.13868500E-01
 4.86677555E-01
 2.59486609E-01
 3.22956643E-02
 1.12652673E-01
 2.21562114E-01
 1.55729453E-01
 2.79511790E-02
 3.18404381E-07
 3.18406984E-07
 9.75874150E-02
 1.57252534E-02
 3.18415492E-07
 3.18417384E-07
 3.18420260E-07
 3.18371044E-07
 3.18375250E-07
 3.18378553E-07
 3.18382061E-07
 3.18387301E-07
 3.18391939E-07
 3.18394831E-07
 3.18399061E-07
 3.18401919E-07
 1.73560956E-02
 3.18404667E-07
 3.18404771E-07
 3.18405898E-07
 3.18406405E-07
 3.18407620E-07
 3.18408008E-07
 3.18409853E-07
 3.18410131E-07
 3.18410718E-07
 3.18411330E-07
 3.18411940E-07
 3.18413300E-07
 3.18413931E-07
 3.18413578E-07
 3.18415596E-07
 3.18417555E-07
 3.18419996E-07
 3.18422484E-07
 3.18423352E-07
 3.18425365E-07
 3.18426857E-07
 3.18430554E-07
 3.18431665E-07
 3.18433296E-07
 3.18436163E-07
 3.18437130E-07
 3.18390443E-07
 3.18391797E-07
 3.18391563E-07
 3.18392548E-07
 3.18393399E-07
 3.18393971E-07
 3.18394034E-07
 3.18393948E-07
 3.18394061E-07
 3.18395298E-07
 3.18395773E-07
 3.18395137E-07
 3.18396288E-07
 3.18395397E-07
 3.18396613E-07
 3.18396130E-07
 3.18396464E-07
 3.18396695E-07
 3.18397152E-07
 3.18397487E-07
 3.18396803E-07
 3.18397885E-07
 3.18397934E-07
 3.18397618E-07
 3.18399350E-07
 3.18399487E-07
 3.18399238E-07
 3.18400124E-07
 3.18400064E-07
 3.18399925E-07
 3.18400348E-07
 3.18401313E-07
 3.18401636E-07
 3.18401318E-07
 3.18400677E-07
 3.18402643E-07
 3.18402570E-07
 3.18403617E-07
 3.18404933E-07
 3.18405673E-07
 3.18406667E-07
 3.18408212E-07
 3.18408652E-07
 3.18409625E-07
 3.18409796E-07
 3.18410788E-07
 3.18412080E-07
 3.18412549E-07
 3.18413601E-07
 3.18415223E-07
 3.18416603E-07
 3.18416356E-07
 3.18418333E-07
 3.18418468E-07
 3.18419719E-07
 3.18421278E-07
 3.18422363E-07
 3.18422966E-07
 3.18424150E-07
 3.18424357E-07
 3.18425694E-07
 3.18426816E-07
 3.18427516E-07
 3.18428276E-07
 3.18428881E-07
 3.18430089E-07
 3.18431132E-07
 3.18432009E-07
 3.18432985E-07
 3.18434058E-07
 3.18435760E-07
 3.18435789E-07
 3.18437450E-07
 3.18437979E-07
 3.18439646E-07
 3.18440174E-07
 3.18441826E-07
 3.18442871E-07
 3.18443563E-07
 3.18444633E-07
 3.18445870E-07
 3.18446753E-07
 3.18447794E-07
 3.18448733E-07
 3.18449364E-07
 3.18451364E-07
 3.18452086E-07
 3.18452747E-07
 3.18454051E-07
 3.18455289E-07
 3.18456009E-07
 3.18457849E-07
 3.18458473E-07
 3.18459516E-07
 3.18460288E-07
 3.18461960E-07
 3.18462663E-07
 3.18463817E-07
 3.18415525E-07
 3.18416783E-07
 3.18417530E-07
 3.18417764E-07
 3.18418402E-07
 3.18419209E-07
 3.18419746E-07
 3.18420448E-07
 3.18420878E-07
 3.18421708E-07
 3.18422265E-07
 3.18423451E-07
 3.18423246E-07
 3.18424322E-07
 3.18424481E-07
 3.18425256E-07
 3.18426645E-07
 3.18426662E-07
 3.18427752E-07
 3.18428348E-07
 3.18428912E-07
 3.18429216E-07
 3.18430345E-07
 3.18430996E-07
 3.18431832E-07
 3.18432407E-07
 3.18432728E-07
 3.18433017E-07
 3.18433906E-07
 3.18434749E-07
 3.18435350E-07
 3.18435688E-07
 3.18436626E-07
 3.18437310E-07
 3.18437954E-07
 3.18438974E-07
 3.18439527E-07
 3.18440046E-07
 3.18440720E-07
 3.18441761E-07
 3.18442341E-07
 3.18443079E-07
 3.18443962E-07
 3.18444790E-07
 3.18444955E-07
 3.18445667E-07
 3.18446114E-07
 3.18446898E-07
 3.18448013E-07
 3.18448251E-07
 3.18449399E-07
 3.18450068E-07
 3.18451242E-07
 3.18451517E-07
 3.18452287E-07
 3.18452742E-07
 3.18380779E-07
 3.18372797E-07
 3.18367791E-07
 3.18363717E-07
 3.18360802E-07
 3.18409303E-07
 3.18408875E-07
 3.18407860E-07
 3.18408043E-07
 3.18406935E-07
 3.18406777E-07
 3.18406147E-07
 3.18405937E-07
 3.18405418E-07
 3.18404981E-07
 3.18405152E-07
 3.18404330E-07
 3.18404639E-07
 3.18404219E-07
 3.18404005E-07
 3.18403963E-07
 3.18403484E-07
 3.18403071E-07
 3.18403202E-07
 3.18402676E-07
 3.18402687E-07
 3.18402406E-07
 3.18402253E-07
 3.18402309E-07
 3.18402094E-07
 3.18402000E-07
 3.18401921E-07
 3.18401894E-07
 3.18401426E-07
 3.18401628E-07
 3.18401554E-07
 3.18401694E-07
 3.18401433E-07
 3.18401188E-07
 3.18401148E-07
 3.18400994E-07
 3.18401004E-07
 3.18401201E-07
 3.18400836E-07
 3.18400791E-07
 3.18400999E-07
 3.18401049E-07
 3.18401211E-07
 3.18400996E-07
 3.18400751E-07
 3.18400849E-07
 3.18401216E-07
 3.18400917E-07
 3.18401091E-07
 3.18400964E-07
 3.18401084E-07
 3.18401097E-07
 3.18400870E-07
 3.18401250E-07
 3.18401233E-07
 3.18401249E-07
 3.18401237E-07
 3.18401277E-07
 3.18401384E-07
 3.18401501E-07
 3.18401368E-07
 3.18401587E-07
 3.18401572E-07
 3.18401926E-07
 3.18401892E-07
 3.18401886E-07
 3.18401936E-07
 3.18401913E-07
 3.18402215E-07
 3.18402198E-07
 3.18402192E-07
 3.18402404E-07
 3.18402719E-07
 3.18402686E-07
 3.18402715E-07
 3.18402825E-07
 3.18403097E-07
 3.18403235E-07
 3.18403389E-07
 3.18403657E-07
 3.18403767E-07
 3.18403940E-07
 3.18404361E-07
 3.18404627E-07
 3.18404794E-07
 3.18404993E-07
 3.18405460E-07
 3.18405771E-07
 3.18406152E-07
 3.18406461E-07
 3.18406727E-07
 3.18407211E-07
 3.18407661E-07
 3.18408184E-07
 3.18408644E-07
 3.18410137E-07
 3.18413312E-07
 3.18367855E-07
 3.18373312E-07
 3.18379182E-07
 3.18385219E-07
 3.18391612E-07
 3.18398354E-07
 1.21229414E-05
 3.78082950E-05
 6.34936480E-05
 8.91790005E-05
 2.97559765E-04
 6.43587789E-04
 1.18196702E-03
 3.03938385E-04
 0.00000000E+00
 1.14213909E-16
 1.13979864E-16
 2.27493552E-16
 1.13514640E-16
 1.13283449E-16
 3.39159595E-16
 1.12823881E-16
 7.92342441E-03
 1.74559971E-02
 2.69501320E-02
 3.64060611E-02
 1.54618474E-01
 2.82565130E-01
 5.23453094E-01
 0.00000000E+00
 0.00000000E+00
 0.00000000E+00
 0.00000000E+00
 0.00000000E+00
 0.00000000E+00
 0.00000000E+00
 0.00000000E+00
 0.00000000E+00
 0.00000000E+00
 0.00000000E+00
 0.00000000E+00
 0.00000000E+00
 0.00000000E+00
 0.00000000E+00
 0.00000000E+00
 0.00000000E+00
 0.00000000E+00
 0.00000000E+00
 0.00000000E+00
 0.00000000E+00
 0.00000000E+00
 0.00000000E+00
 0.00000000E+00
 0.00000000E+00
 0.00000000E+00
 0.00000000E+00
 0.00000000E+00
 0.00000000E+00
 0.00000000E+00
 0.00000000E+00
 0.00000000E+00
 0.00000000E+00
 0.00000000E+00
 0.00000000E+00
 0.00000000E+00
 0.00000000E+00
 0.00000000E+00
 0.00000000E+00
 0.00000000E+00
 0.00000000E+00
 0.00000000E+00
 0.00000000E+00
 0.00000000E+00
 0.00000000E+00
 0.00000000E+00
 0.00000000E+00
 0.00000000E+00
 0.00000000E+00
 0.00000000E+00
 0.00000000E+00
 0.00000000E+00
 0.00000000E+00
 0.00000000E+00
 0.00000000E+00
 0.00000000E+00
 0.00000000E+00
 0.00000000E+00
 0.00000000E+00
 0.00000000E+00
 0.00000000E+00
 0.00000000E+00
 0.00000000E+00
 0.00000000E+00
 0.00000000E+00
 0.00000000E+00
 0.00000000E+00
 0.00000000E+00
 0.00000000E+00
 0.00000000E+00
 0.00000000E+00
 0.00000000E+00
 0.00000000E+00
 0.00000000E+00
 0.00000000E+00
 0.00000000E+00
 0.00000000E+00
 0.00000000E+00
 0.00000000E+00
 0.00000000E+00
 0.00000000E+00
 0.00000000E+00
 0.00000000E+00
 0.00000000E+00
 0.00000000E+00
 0.00000000E+00
 0.00000000E+00
 0.00000000E+00
 0.00000000E+00
 0.00000000E+00
 0.00000000E+00
 0.00000000E+00
 0.00000000E+00
 0.00000000E+00
 0.00000000E+00
 0.00000000E+00
 0.00000000E+00
 0.00000000E+00
 0.00000000E+00
 0.00000000E+00
 0.00000000E+00
 0.00000000E+00
 0.00000000E+00
 0.00000000E+00
 0.00000000E+00
 0.00000000E+00
 0.00000000E+00
 0.00000000E+00
 0.00000000E+00
 0.00000000E+00
 0.00000000E+00
 0.00000000E+00
 0.00000000E+00
 0.00000000E+00
 0.00000000E+00
 0.00000000E+00
 0.00000000E+00
 0.00000000E+00
 0.00000000E+00
 0.00000000E+00
 0.00000000E+00
 0.00000000E+00
 0.00000000E+00
 0.00000000E+00
 0.00000000E+00
 0.00000000E+00
 0.00000000E+00
 0.00000000E+00
 0.00000000E+00
 0.00000000E+00
 0.00000000E+00
 0.00000000E+00
 0.00000000E+00
 0.00000000E+00
 0.00000000E+00
 0.00000000E+00
 0.00000000E+00
 0.00000000E+00
 0.00000000E+00
 0.00000000E+00
 0.00000000E+00
 0.00000000E+00
 0.00000000E+00
 0.00000000E+00
 0.00000000E+00
 0.00000000E+00
 0.00000000E+00
 0.00000000E+00
 0.00000000E+00
 0.00000000E+00
 0.00000000E+00
 0.00000000E+00
 0.00000000E+00
 0.00000000E+00
 0.00000000E+00
 0.00000000E+00
 0.00000000E+00
 0.00000000E+00
 0.00000000E+00
 0.00000000E+00
 0.00000000E+00
 0.00000000E+00
 0.00000000E+00
 0.00000000E+00
 0.00000000E+00
 5.30848793E-01
 2.91420704E-01
 5.19926156E-02
 1.02357659E-01
 2.19426644E-01
 1.55729522E-01
 2.79512933E-02
 1.94159540E-07
 1.94162542E-07
 1.00951478E-01
 1.62672257E-02
 1.94170642E-07
 1.94173363E-07
 1.94175707E-07
 1.94126756E-07
 1.94130749E-07
 1.94133625E-07
 1.94138309E-07
 1.94142012E-07
 1.94145588E-07
 1.94150562E-07
 1.94154641E-07
 1.94157791E-07
 1.79545595E-02
 1.94160317E-07
 1.94160437E-07
 1.94161589E-07
 1.94161474E-07
 1.94164012E-07
 1.94164233E-07
 1.94164857E-07
 1.94164773E-07
 1.94165424E-07
 1.94166122E-07
 1.94167636E-07
 1.94168476E-07
 1.94168375E-07
 1.94169769E-07
 1.94171505E-07
 1.94173619E-07
 1.94176234E-07
 1.94177280E-07
 1.94179532E-07
 1.94180925E-07
 1.94183210E-07
 1.94185722E-07
 1.94187437E-07
 1.94189684E-07
 1.94191221E-07
 1.94193365E-07
 1.94145845E-07
 1.94147166E-07
 1.94148010E-07
 1.94149335E-07
 1.94149550E-07
 1.94149858E-07
 1.94149664E-07
 1.94149327E-07
 1.94150494E-07
 1.94150911E-07
 1.94149871E-07
 1.94150998E-07
 1.94151362E-07
 1.94151308E-07
 1.94151753E-07
 1.94152111E-07
 1.94152379E-07
 1.94152548E-07
 1.94152952E-07
 1.94153578E-07
 1.94153191E-07
 1.94153683E-07
 1.94154374E-07
 1.94153817E-07
 1.94153778E-07
 1.94154903E-07
 1.94154770E-07
 1.94155775E-07
 1.94155841E-07
 1.94155299E-07
 1.94156182E-07
 1.94156437E-07
 1.94156386E-07
 1.94156019E-07
 1.94157659E-07
 1.94157576E-07
 1.94157773E-07
 1.94159097E-07
 1.94160171E-07
 1.94161204E-07
 1.94162284E-07
 1.94162789E-07
 1.94164152E-07
 1.94164417E-07
 1.94165824E-07
 1.94166126E-07
 1.94168149E-07
 1.94168549E-07
 1.94169245E-07
 1.94170016E-07
 1.94171358E-07
 1.94171670E-07
 1.94172831E-07
 1.94174621E-07
 1.94174584E-07
 1.94175168E-07
 1.94177136E-07
 1.94178138E-07
 1.94178668E-07
 1.94179292E-07
 1.94180280E-07
 1.94181349E-07
 1.94182009E-07
 1.94184054E-07
 1.94183877E-07
 1.94185624E-07
 1.94186940E-07
 1.94186870E-07
 1.94188961E-07
 1.94189117E-07
 1.94189920E-07
 1.94191629E-07
 1.94191948E-07
 1.94193160E-07
 1.94193786E-07
 1.94195553E-07
 1.94196460E-07
 1.94197033E-07
 1.94198528E-07
 1.94199424E-07
 1.94200498E-07
 1.94201745E-07
 1.94202190E-07
 1.94203068E-07
 1.94204103E-07
 1.94205356E-07
 1.94207018E-07
 1.94207925E-07
 1.94208781E-07
 1.94209839E-07
 1.94210638E-07
 1.94211637E-07
 1.94213320E-07
 1.94213801E-07
 1.94214515E-07
 1.94216145E-07
 1.94217069E-07
 1.94169179E-07
 1.94169586E-07
 1.94170843E-07
 1.94170914E-07
 1.94171633E-07
 1.94172287E-07
 1.94173584E-07
 1.94173465E-07
 1.94173997E-07
 1.94174923E-07
 1.94175586E-07
 1.94176651E-07
 1.94176556E-07
 1.94177326E-07
 1.94177601E-07
 1.94178501E-07
 1.94179370E-07
 1.94179754E-07
 1.94180330E-07
 1.94181298E-07
 1.94181360E-07
 1.94182037E-07
 1.94182689E-07
 1.94183305E-07
 1.94183889E-07
 1.94185082E-07
 1.94185386E-07
 1.94186289E-07
 1.94186533E-07
 1.94187161E-07
 1.94187973E-07
 1.94188531E-07
 1.94189693E-07
 1.94189980E-07
 1.94190860E-07
 1.94191710E-07
 1.94192098E-07
 1.94193073E-07
 1.94192978E-07
 1.94194087E-07
 1.94194946E-07
 1.94195144E-07
 1.94196319E-07
 1.94197038E-07
 1.94197710E-07
 1.94197722E-07
 1.94199092E-07
 1.94199601E-07
 1.94200448E-07
 1.94200823E-07
 1.94201931E-07
 1.94202566E-07
 1.94203311E-07
 1.94203971E-07
 1.94204336E-07
 1.94204799E-07
 1.94205545E-07
 1.94133518E-07
 1.94125717E-07
 1.94119909E-07
 1.94115901E-07
 1.94112798E-07
 1.94161597E-07
 1.94160933E-07
 1.94160280E-07
 1.94160181E-07
 1.94159760E-07
 1.94159131E-07
 1.94158741E-07
 1.94158843E-07
 1.94158170E-07
 1.94158175E-07
 1.94157614E-07
 1.94157629E-07
 1.94157166E-07
 1.94157001E-07
 1.94156573E-07
 1.94156801E-07
 1.94156694E-07
 1.94156593E-07
 1.94156040E-07
 1.94156069E-07
 1.94156204E-07
 1.94156178E-07
 1.94155513E-07
 1.94155742E-07
 1.94155465E-07
 1.94155644E-07
 1.94155257E-07
 1.94155244E-07
 1.94155477E-07
 1.94155363E-07
 1.94155391E-07
 1.94155250E-07
 1.94155488E-07
 1.94155539E-07
 1.94155148E-07
 1.94155235E-07
 1.94155199E-07
 1.94155077E-07
 1.94155062E-07
 1.94155362E-07
 1.94155376E-07
 1.94155202E-07
 1.94155304E-07
 1.94155533E-07
 1.94155545E-07
 1.94155457E-07
 1.94155455E-07
 1.94155723E-07
 1.94155750E-07
 1.94155907E-07
 1.94155950E-07
 1.94156053E-07
 1.94156241E-07
 1.94156187E-07
 1.94156393E-07
 1.94156536E-07
 1.94156564E-07
 1.94156563E-07
 1.94156533E-07
 1.94156829E-07
 1.94157054E-07
 1.94157025E-07
 1.94157341E-07
 1.94157543E-07
 1.94157314E-07
 1.94157312E-07
 1.94157288E-07
 1.94157174E-07
 1.94157381E-07
 1.94157257E-07
 1.94157334E-07
 1.94157427E-07
 1.94157157E-07
 1.94157192E-07
 1.94157282E-07
 1.94157507E-07
 1.94157477E-07
 1.94157376E-07
 1.94157552E-07
 1.94157684E-07
 1.94157686E-07
 1.94157917E-07
 1.94158082E-07
 1.94158107E-07
 1.94158251E-07
 1.94158468E-07
 1.94158786E-07
 1.94159040E-07
 1.94159205E-07
 1.94159378E-07
 1.94159714E-07
 1.94160042E-07
 1.94160440E-07
 1.94160830E-07
 1.94161272E-07
 1.94162712E-07
 1.94166323E-07
 1.94121023E-07
 1.94126922E-07
 1.94133175E-07
 1.94139630E-07
 1.94146435E-07
 1.94153580E-07
 6.86708376E-06
 2.14451299E-05
 3.60231755E-05
 5.06012204E-05
 2.54172862E-04
 6.00136972E-04
 1.14508334E-03
 2.94094253E-04
 2.28897833E-16
 0.00000000E+00
 1.13979864E-16
 1.13746776E-16
 2.27029280E-16
 1.13283449E-16
 1.13053198E-16
 1.12823881E-16
 4.49707872E-03
 9.90745781E-03
 1.52960209E-02
 2.06628996E-02
 1.38554217E-01
 2.66533066E-01
 5.11365269E-01
 0.00000000E+00
 0.00000000E+00
 0.00000000E+00
 0.00000000E+00
 0.00000000E+00
 0.00000000E+00
 0.00000000E+00
 0.00000000E+00
 0.00000000E+00
 0.00000000E+00
 0.00000000E+00
 0.00000000E+00
 0.00000000E+00
 0.00000000E+00
 0.00000000E+00
 0.00000000E+00
 0.00000000E+00
 0.00000000E+00
 0.00000000E+00
 0.00000000E+00
 0.00000000E+00
 0.00000000E+00
 0.00000000E+00
 0.00000000E+00
 0.00000000E+00
 0.00000000E+00
 0.00000000E+00
 0.00000000E+00
 0.00000000E+00
 0.00000000E+00
 0.00000000E+00
 0.00000000E+00
 0.00000000E+00
 0.00000000E+00
 0.00000000E+00
 0.00000000E+00
 0.00000000E+00
 0.00000000E+00
 0.00000000E+00
 0.00000000E+00
 0.00000000E+00
 0.00000000E+00
 0.00000000E+00
 0.00000000E+00
 0.00000000E+00
 0.00000000E+00
 0.00000000E+00
 0.00000000E+00
 0.00000000E+00
 0.00000000E+00
 0.00000000E+00
 0.00000000E+00
 0.00000000E+00
 0.00000000E+00
 0.00000000E+00
 0.00000000E+00
 0.00000000E+00
 0.00000000E+00
 0.00000000E+00
 0.00000000E+00
 0.00000000E+00
 0.00000000E+00
 0.00000000E+00
 0.00000000E+00
 0.00000000E+00
 0.00000000E+00
 0.00000000E+00
 0.00000000E+00
 0.00000000E+00
 0.00000000E+00
 0.00000000E+00
 0.00000000E+00
 0.00000000E+00
 0.00000000E+00
 0.00000000E+00
 0.00000000E+00
 0.00000000E+00
 0.00000000E+00
 0.00000000E+00
 0.00000000E+00
 0.00000000E+00
 0.00000000E+00
 0.00000000E+00
 0.00000000E+00
 0.00000000E+00
 0.00000000E+00
 0.00000000E+00
 0.00000000E+00
 0.00000000E+00
 0.00000000E+00
 0.00000000E+00
 0.00000000E+00
 0.00000000E+00
 0.00000000E+00
 0.00000000E+00
 0.00000000E+00
 0.00000000E+00
 0.00000000E+00
 0.00000000E+00
 0.00000000E+00
 0.00000000E+00
 0.00000000E+00
 0.00000000E+00
 0.00000000E+00
 0.00000000E+00
 0.00000000E+00
 0.00000000E+00
 0.00000000E+00
 0.00000000E+00
 0.00000000E+00
 0.00000000E+00
 0.00000000E+00
 0.00000000E+00
 0.00000000E+00
 0.00000000E+00
 0.00000000E+00
 0.00000000E+00
 0.00000000E+00
 0.00000000E+00
 0.00000000E+00
 0.00000000E+00
 0.00000000E+00
 0.00000000E+00
 0.00000000E+00
 0.00000000E+00
 0.00000000E+00
 0.00000000E+00
 0.00000000E+00
 0.00000000E+00
 0.00000000E+00
 0.00000000E+00
 0.00000000E+00
 0.00000000E+00
 0.00000000E+00
 0.00000000E+00
 0.00000000E+00
 0.00000000E+00
 0.00000000E+00
 0.00000000E+00
 0.00000000E+00
 0.00000000E+00
 0.00000000E+00
 0.00000000E+00
 0.00000000E+00
 0.00000000E+00
 0.00000000E+00
 0.00000000E+00
 0.00000000E+00
 0.00000000E+00
 0.00000000E+00
 0.00000000E+00
 0.00000000E+00
 0.00000000E+00
 0.00000000E+00
 0.00000000E+00
 0.00000000E+00
 0.00000000E+00
 0.00000000E+00
 0.00000000E+00
 0.00000000E+00
 0.00000000E+00
 0.00000000E+00
 0.00000000E+00
 0.00000000E+00
 0.00000000E+00
 5.75019248E-01
 3.23354225E-01
 7.16892025E-02
 9.20628478E-02
 2.17291236E-01
 1.55729614E-01
 2.79514287E-02
 4.94268464E-08
 4.94292646E-08
 1.04315463E-01
 1.68091683E-02
 4.94385325E-08
 4.94399525E-08
 4.94424456E-08
 4.93936515E-08
 4.93979083E-08
 4.94022133E-08
 4.94055937E-08
 4.94104948E-08
 4.94137012E-08
 4.94176474E-08
 4.94222716E-08
 4.94268284E-08
 1.85530337E-02
 4.94278766E-08
 4.94286975E-08
 4.94294718E-08
 4.94298323E-08
 4.94309406E-08
 4.94325083E-08
 4.94325871E-08
 4.94327976E-08
 4.94331184E-08
 4.94349581E-08
 4.94351334E-08
 4.94354657E-08
 4.94377568E-08
 4.94376466E-08
 4.94387233E-08
 4.94420387E-08
 4.94430402E-08
 4.94460929E-08
 4.94479520E-08
 4.94493645E-08
 4.94510743E-08
 4.94526588E-08
 4.94555977E-08
 4.94574953E-08
 4.94600607E-08
 4.94133194E-08
 4.94146138E-08
 4.94141075E-08
 4.94154389E-08
 4.94166607E-08
 4.94167582E-08
 4.94169487E-08
 4.94179517E-08
 4.94178660E-08
 4.94179898E-08
 4.94177325E-08
 4.94186003E-08
 4.94194178E-08
 4.94191297E-08
 4.94187862E-08
 4.94192934E-08
 4.94197229E-08
 4.94200662E-08
 4.94206573E-08
 4.94202449E-08
 4.94200724E-08
 4.94216901E-08
 4.94217317E-08
 4.94223143E-08
 4.94213258E-08
 4.94218568E-08
 4.94228957E-08
 4.94233396E-08
 4.94225353E-08
 4.94231953E-08
 4.94232471E-08
 4.94230103E-08
 4.94241918E-08
 4.94242147E-08
 4.94242491E-08
 4.94251317E-08
 4.94254535E-08
 4.94263665E-08
 4.94272601E-08
 4.94282254E-08
 4.94291584E-08
 4.94301452E-08
 4.94308758E-08
 4.94316491E-08
 4.94324609E-08
 4.94333006E-08
 4.94347621E-08
 4.94357273E-08
 4.94358955E-08
 4.94372577E-08
 4.94381092E-08
 4.94387414E-08
 4.94397433E-08
 4.94400147E-08
 4.94417184E-08
 4.94426813E-08
 4.94434830E-08
 4.94438304E-08
 4.94453615E-08
 4.94456512E-08
 4.94473829E-08
 4.94481525E-08
 4.94485287E-08
 4.94503147E-08
 4.94509309E-08
 4.94514130E-08
 4.94528008E-08
 4.94535641E-08
 4.94544571E-08
 4.94557461E-08
 4.94566799E-08
 4.94569801E-08
 4.94584723E-08
 4.94588568E-08
 4.94604148E-08
 4.94611266E-08
 4.94622606E-08
 4.94630800E-08
 4.94645759E-08
 4.94660030E-08
 4.94663862E-08
 4.94667036E-08
 4.94684510E-08
 4.94696652E-08
 4.94703440E-08
 4.94710013E-08
 4.94723425E-08
 4.94736562E-08
 4.94742300E-08
 4.94750209E-08
 4.94762762E-08
 4.94770455E-08
 4.94787670E-08
 4.94802405E-08
 4.94807804E-08
 4.94813194E-08
 4.94832862E-08
 4.94836204E-08
 4.94359563E-08
 4.94358183E-08
 4.94372660E-08
 4.94370457E-08
 4.94381592E-08
 4.94390080E-08
 4.94393562E-08
 4.94401180E-08
 4.94406147E-08
 4.94408563E-08
 4.94414993E-08
 4.94421187E-08
 4.94431414E-08
 4.94432433E-08
 4.94439807E-08
 4.94444612E-08
 4.94455686E-08
 4.94459980E-08
 4.94461716E-08
 4.94469687E-08
 4.94477386E-08
 4.94484784E-08
 4.94489725E-08
 4.94496578E-08
 4.94500988E-08
 4.94505128E-08
 4.94517566E-08
 4.94521213E-08
 4.94526766E-08
 4.94529887E-08
 4.94539058E-08
 4.94541684E-08
 4.94550364E-08
 4.94558751E-08
 4.94564702E-08
 4.94570425E-08
 4.94573778E-08
 4.94582999E-08
 4.94589817E-08
 4.94594284E-08
 4.94602492E-08
 4.94606276E-08
 4.94611621E-08
 4.94620739E-08
 4.94631395E-08
 4.94635449E-08
 4.94645125E-08
 4.94652207E-08
 4.94658718E-08
 4.94666657E-08
 4.94669906E-08
 4.94678390E-08
 4.94686153E-08
 4.94691018E-08
 4.94695039E-08
 4.94705949E-08
 4.94713756E-08
 4.93996588E-08
 4.93909120E-08
 4.93854365E-08
 4.93811232E-08
 4.93778919E-08
 4.94264186E-08
 4.94261816E-08
 4.94253724E-08
 4.94250193E-08
 4.94241633E-08
 4.94242202E-08
 4.94236825E-08
 4.94238998E-08
 4.94230541E-08
 4.94229207E-08
 4.94225477E-08
 4.94230046E-08
 4.94224849E-08
 4.94223464E-08
 4.94222364E-08
 4.94217527E-08
 4.94221788E-08
 4.94218669E-08
 4.94217864E-08
 4.94215857E-08
 4.94214438E-08
 4.94212674E-08
 4.94213193E-08
 4.94212966E-08
 4.94214608E-08
 4.94214942E-08
 4.94214667E-08
 4.94214235E-08
 4.94214086E-08
 4.94216427E-08
 4.94214549E-08
 4.94214232E-08
 4.94215758E-08
 4.94215956E-08
 4.94216800E-08
 4.94216013E-08
 4.94218277E-08
 4.94217681E-08
 4.94217031E-08
 4.94220272E-08
 4.94220326E-08
 4.94218486E-08
 4.94221087E-08
 4.94221974E-08
 4.94224202E-08
 4.94225169E-08
 4.94225150E-08
 4.94226803E-08
 4.94227777E-08
 4.94229786E-08
 4.94228982E-08
 4.94231913E-08
 4.94233989E-08
 4.94236071E-08
 4.94237260E-08
 4.94238797E-08
 4.94239684E-08
 4.94241988E-08
 4.94243894E-08
 4.94244831E-08
 4.94244933E-08
 4.94247541E-08
 4.94250183E-08
 4.94251557E-08
 4.94253503E-08
 4.94250368E-08
 4.94249499E-08
 4.94250271E-08
 4.94248272E-08
 4.94244816E-08
 4.94243952E-08
 4.94245794E-08
 4.94243922E-08
 4.94241784E-08
 4.94243423E-08
 4.94241900E-08
 4.94241974E-08
 4.94241281E-08
 4.94240144E-08
 4.94239603E-08
 4.94240309E-08
 4.94241714E-08
 4.94240957E-08
 4.94241474E-08
 4.94242218E-08
 4.94243878E-08
 4.94244034E-08
 4.94245393E-08
 4.94246538E-08
 4.94248495E-08
 4.94250826E-08
 4.94252375E-08
 4.94255491E-08
 4.94257893E-08
 4.94261814E-08
 4.94275692E-08
 4.94317775E-08
 4.93864284E-08
 4.93927742E-08
 4.93994320E-08
 4.94064680E-08
 4.94137263E-08
 4.94213113E-08
 1.63180818E-06
 5.10274168E-06
 8.57367463E-06
 1.20446068E-05
 2.10807214E-04
 5.56707417E-04
 1.10822083E-03
 2.84250121E-04
 0.00000000E+00
 2.28427817E-16
 0.00000000E+00
 1.13746776E-16
 0.00000000E+00
 2.26566898E-16
 1.13053198E-16
 0.00000000E+00
 1.07073303E-03
 2.35891853E-03
 3.64190973E-03
 4.91973799E-03
 1.22489960E-01
 2.50501002E-01
 4.99277445E-01
 0.00000000E+00
 0.00000000E+00
 0.00000000E+00
 0.00000000E+00
 0.00000000E+00
 0.00000000E+00
 0.00000000E+00
 0.00000000E+00
 0.00000000E+00
 0.00000000E+00
 0.00000000E+00
 0.00000000E+00
 0.00000000E+00
 0.00000000E+00
 0.00000000E+00
 0.00000000E+00
 0.00000000E+00
 0.00000000E+00
 0.00000000E+00
 0.00000000E+00
 0.00000000E+00
 0.00000000E+00
 0.00000000E+00
 0.00000000E+00
 0.00000000E+00
 0.00000000E+00
 0.00000000E+00
 0.00000000E+00
 0.00000000E+00
 0.00000000E+00
 0.00000000E+00
 0.00000000E+00
 0.00000000E+00
 0.00000000E+00
 0.00000000E+00
 0.00000000E+00
 0.00000000E+00
 0.00000000E+00
 0.00000000E+00
 0.00000000E+00
 0.00000000E+00
 0.00000000E+00
 0.00000000E+00
 0.00000000E+00
 0.00000000E+00
 0.00000000E+00
 0.00000000E+00
 0.00000000E+00
 0.00000000E+00
 0.00000000E+00
 0.00000000E+00
 0.00000000E+00
 0.00000000E+00
 0.00000000E+00
 0.00000000E+00
 0.00000000E+00
 0.00000000E+00
 0.00000000E+00
 0.00000000E+00
 0.00000000E+00
 0.00000000E+00
 0.00000000E+00
 0.00000000E+00
 0.00000000E+00
 0.00000000E+00
 0.00000000E+00
 0.00000000E+00
 0.00000000E+00
 0.00000000E+00
 0.00000000E+00
 0.00000000E+00
 0.00000000E+00
 0.00000000E+00
 0.00000000E+00
 0.00000000E+00
 0.00000000E+00
 0.00000000E+00
 0.00000000E+00
 0.00000000E+00
 0.00000000E+00
 0.00000000E+00
 0.00000000E+00
 0.00000000E+00
 0.00000000E+00
 0.00000000E+00
 0.00000000E+00
 0.00000000E+00
 0.00000000E+00
 0.00000000E+00
 0.00000000E+00
 0.00000000E+00
 0.00000000E+00
 0.00000000E+00
 0.00000000E+00
 0.00000000E+00
 0.00000000E+00
 0.00000000E+00
 0.00000000E+00
 0.00000000E+00
 0.00000000E+00
 0.00000000E+00
 0.00000000E+00
 0.00000000E+00
 0.00000000E+00
 0.00000000E+00
 0.00000000E+00
 0.00000000E+00
 0.00000000E+00
 0.00000000E+00
 0.00000000E+00
 0.00000000E+00
 0.00000000E+00
 0.00000000E+00
 0.00000000E+00
 0.00000000E+00
 0.00000000E+00
 0.00000000E+00
 0.00000000E+00
 0.00000000E+00
 0.00000000E+00
 0.00000000E+00
 0.00000000E+00
 0.00000000E+00
 0.00000000E+00
 0.00000000E+00
 0.00000000E+00
 0.00000000E+00
 0.00000000E+00
 0.00000000E+00
 0.00000000E+00
 0.00000000E+00
 0.00000000E+00
 0.00000000E+00
 0.00000000E+00
 0.00000000E+00
 0.00000000E+00
 0.00000000E+00
 0.00000000E+00
 0.00000000E+00
 0.00000000E+00
 0.00000000E+00
 0.00000000E+00
 0.00000000E+00
 0.00000000E+00
 0.00000000E+00
 0.00000000E+00
 0.00000000E+00
 0.00000000E+00
 0.00000000E+00
 0.00000000E+00
 0.00000000E+00
 0.00000000E+00
 0.00000000E+00
 0.00000000E+00
 0.00000000E+00
 0.00000000E+00
 0.00000000E+00
 0.00000000E+00
 0.00000000E+00
 0.00000000E+00
 0.00000000E+00
 0.00000000E+00
 0.00000000E+00
 0.00000000E+00
 0.00000000E+00
 5.97852620E-01
 3.47974636E-01
 9.80966518E-02
 7.27353553E-02
 2.08929238E-01
 1.52309309E-01
 2.73373944E-02
 2.11884848E-07
 2.11887227E-07
 1.07679700E-01
 1.73514090E-02
 2.11894100E-07
 2.11897557E-07
 2.11900272E-07
 2.11849670E-07
 2.11854333E-07
 2.11857906E-07
 2.11863077E-07
 2.11867727E-07
 2.11871588E-07
 2.11875080E-07
 2.11879703E-07
 2.11884268E-07
 1.91511907E-02
 2.11885431E-07
 2.11884919E-07
 2.11886311E-07
 2.11887311E-07
 2.11888401E-07
 2.11888481E-07
 2.11889829E-07
 2.11889430E-07
 2.11891045E-07
 2.11892081E-07
 2.11891879E-07
 2.11893704E-07
 2.11894616E-07
 2.11894364E-07
 2.11895335E-07
 2.11898581E-07
 2.11901113E-07
 2.11902108E-07
 2.11904516E-07
 2.11906879E-07
 2.11908171E-07
 2.11910502E-07
 2.11912843E-07
 2.11914542E-07
 2.11917311E-07
 2.11869792E-07
 2.11870648E-07
 2.11872016E-07
 2.11873288E-07
 2.11874458E-07
 2.11874853E-07
 2.11874974E-07
 2.11874966E-07
 2.11875547E-07
 2.11875397E-07
 2.11875101E-07
 2.11876061E-07
 2.11876278E-07
 2.11876094E-07
 2.11876784E-07
 2.11876493E-07
 2.11877044E-07
 2.11876609E-07
 2.11877679E-07
 2.11877750E-07
 2.11877503E-07
 2.11879054E-07
 2.11878702E-07
 2.11879568E-07
 2.11878867E-07
 2.11879362E-07
 2.11879824E-07
 2.11879705E-07
 2.11879541E-07
 2.11881166E-07
 2.11880139E-07
 2.11880878E-07
 2.11881328E-07
 2.11881801E-07
 2.11881971E-07
 2.11882469E-07
 2.11883254E-07
 2.11882964E-07
 2.11884963E-07
 2.11885892E-07
 2.11886276E-07
 2.11887553E-07
 2.11887759E-07
 2.11889142E-07
 2.11889448E-07
 2.11890701E-07
 2.11891980E-07
 2.11891667E-07
 2.11893674E-07
 2.11894082E-07
 2.11894585E-07
 2.11896269E-07
 2.11896150E-07
 2.11897482E-07
 2.11899169E-07
 2.11899630E-07
 2.11900728E-07
 2.11901955E-07
 2.11902241E-07
 2.11903707E-07
 2.11904225E-07
 2.11905418E-07
 2.11906222E-07
 2.11906636E-07
 2.11908260E-07
 2.11908443E-07
 2.11910096E-07
 2.11910859E-07
 2.11912310E-07
 2.11913147E-07
 2.11913912E-07
 2.11914329E-07
 2.11914941E-07
 2.11916473E-07
 2.11917445E-07
 2.11919121E-07
 2.11919961E-07
 2.11920766E-07
 2.11921532E-07
 2.11922254E-07
 2.11922925E-07
 2.11924068E-07
 2.11925671E-07
 2.11926037E-07
 2.11927114E-07
 2.11928180E-07
 2.11929949E-07
 2.11930281E-07
 2.11931809E-07
 2.11932862E-07
 2.11933696E-07
 2.11934056E-07
 2.11935637E-07
 2.11936984E-07
 2.11937659E-07
 2.11938845E-07
 2.11940288E-07
 2.11891420E-07
 2.11892072E-07
 2.11893140E-07
 2.11893714E-07
 2.11894704E-07
 2.11895193E-07
 2.11895428E-07
 2.11896077E-07
 2.11896474E-07
 2.11897513E-07
 2.11898066E-07
 2.11898596E-07
 2.11898870E-07
 2.11899786E-07
 2.11900448E-07
 2.11901085E-07
 2.11901477E-07
 2.11902070E-07
 2.11903069E-07
 2.11903395E-07
 2.11903699E-07
 2.11904629E-07
 2.11904669E-07
 2.11905776E-07
 2.11906636E-07
 2.11906835E-07
 2.11907872E-07
 2.11908036E-07
 2.11909032E-07
 2.11909150E-07
 2.11910103E-07
 2.11910405E-07
 2.11911314E-07
 2.11911571E-07
 2.11912440E-07
 2.11913283E-07
 2.11913891E-07
 2.11913861E-07
 2.11915044E-07
 2.11915165E-07
 2.11916094E-07
 2.11916578E-07
 2.11917438E-07
 2.11917851E-07
 2.11918438E-07
 2.11919399E-07
 2.11920514E-07
 2.11920574E-07
 2.11921394E-07
 2.11921956E-07
 2.11923068E-07
 2.11923312E-07
 2.11924495E-07
 2.11924797E-07
 2.11925426E-07
 2.11926162E-07
 2.11926801E-07
 2.11927925E-07
 2.11857323E-07
 2.11847275E-07
 2.11841634E-07
 2.11836781E-07
 2.11833519E-07
 2.11882615E-07
 2.11882271E-07
 2.11881295E-07
 2.11881410E-07
 2.11880429E-07
 2.11880524E-07
 2.11879754E-07
 2.11879612E-07
 2.11879347E-07
 2.11879619E-07
 2.11879133E-07
 2.11878590E-07
 2.11878465E-07
 2.11878802E-07
 2.11878692E-07
 2.11878689E-07
 2.11878665E-07
 2.11878493E-07
 2.11878393E-07
 2.11878199E-07
 2.11878194E-07
 2.11878276E-07
 2.11878172E-07
 2.11877954E-07
 2.11877691E-07
 2.11877999E-07
 2.11877742E-07
 2.11878065E-07
 2.11877936E-07
 2.11878292E-07
 2.11878021E-07
 2.11877867E-07
 2.11878059E-07
 2.11878441E-07
 2.11878427E-07
 2.11878483E-07
 2.11878566E-07
 2.11878598E-07
 2.11878536E-07
 2.11878640E-07
 2.11878697E-07
 2.11879149E-07
 2.11878964E-07
 2.11878884E-07
 2.11879417E-07
 2.11879216E-07
 2.11879502E-07
 2.11879436E-07
 2.11879539E-07
 2.11879919E-07
 2.11879985E-07
 2.11880261E-07
 2.11880430E-07
 2.11880429E-07
 2.11880580E-07
 2.11880827E-07
 2.11881106E-07
 2.11881172E-07
 2.11881449E-07
 2.11881541E-07
 2.11881864E-07
 2.11882095E-07
 2.11882173E-07
 2.11882440E-07
 2.11882322E-07
 2.11882258E-07
 2.11882078E-07
 2.11881858E-07
 2.11881742E-07
 2.11881536E-07
 2.11881577E-07
 2.11881236E-07
 2.11881428E-07
 2.11881261E-07
 2.11881081E-07
 2.11881030E-07
 2.11881010E-07
 2.11880915E-07
 2.11880835E-07
 2.11880820E-07
 2.11880704E-07
 2.11880673E-07
 2.11880644E-07
 2.11880807E-07
 2.11880791E-07
 2.11880926E-07
 2.11880935E-07
 2.11880949E-07
 2.11881144E-07
 2.11881160E-07
 2.11881449E-07
 2.11881584E-07
 2.11881811E-07
 2.11882189E-07
 2.11882400E-07
 2.11883904E-07
 2.11888202E-07
 2.11892441E-07
 2.11849261E-07
 2.11856131E-07
 2.11863151E-07
 2.11870547E-07
 2.11878451E-07
 2.11882077E-07
 2.11881493E-07
 2.11881428E-07
 2.11882031E-07
 1.92715710E-04
 5.30999738E-04
 1.08152781E-03
 2.76997605E-04
 0.00000000E+00
 0.00000000E+00
 0.00000000E+00
 0.00000000E+00
 0.00000000E+00
 0.00000000E+00
 0.00000000E+00
 0.00000000E+00
 0.00000000E+00
 0.00000000E+00
 2.24282958E-16
 0.00000000E+00
 1.14890701E-01
 2.40100960E-01
 4.90000000E-01
 0.00000000E+00
 0.00000000E+00
 0.00000000E+00
 0.00000000E+00
 0.00000000E+00
 0.00000000E+00
 0.00000000E+00
 0.00000000E+00
 0.00000000E+00
 0.00000000E+00
 0.00000000E+00
 0.00000000E+00
 0.00000000E+00
 0.00000000E+00
 0.00000000E+00
 0.00000000E+00
 0.00000000E+00
 0.00000000E+00
 0.00000000E+00
 0.00000000E+00
 0.00000000E+00
 0.00000000E+00
 0.00000000E+00
 0.00000000E+00
 0.00000000E+00
 0.00000000E+00
 0.00000000E+00
 0.00000000E+00
 0.00000000E+00
 0.00000000E+00
 0.00000000E+00
 0.00000000E+00
 0.00000000E+00
 0.00000000E+00
 0.00000000E+00
 0.00000000E+00
 0.00000000E+00
 0.00000000E+00
 0.00000000E+00
 0.00000000E+00
 0.00000000E+00
 0.00000000E+00
 0.00000000E+00
 0.00000000E+00
 0.00000000E+00
 0.00000000E+00
 0.00000000E+00
 0.00000000E+00
 0.00000000E+00
 0.00000000E+00
 0.00000000E+00
 0.00000000E+00
 0.00000000E+00
 0.00000000E+00
 0.00000000E+00
 0.00000000E+00
 0.00000000E+00
 0.00000000E+00
 0.00000000E+00
 0.00000000E+00
 0.00000000E+00
 0.00000000E+00
 0.00000000E+00
 0.00000000E+00
 0.00000000E+00
 0.00000000E+00
 0.00000000E+00
 0.00000000E+00
 0.00000000E+00
 0.00000000E+00
 0.00000000E+00
 0.00000000E+00
 0.00000000E+00
 0.00000000E+00
 0.00000000E+00
 0.00000000E+00
 0.00000000E+00
 0.00000000E+00
 0.00000000E+00
 0.00000000E+00
 0.00000000E+00
 0.00000000E+00
 0.00000000E+00
 0.00000000E+00
 0.00000000E+00
 0.00000000E+00
 0.00000000E+00
 0.00000000E+00
 0.00000000E+00
 0.00000000E+00
 0.00000000E+00
 0.00000000E+00
 0.00000000E+00
 0.00000000E+00
 0.00000000E+00
 0.00000000E+00
 0.00000000E+00
 0.00000000E+00
 0.00000000E+00
 0.00000000E+00
 0.00000000E+00
 0.00000000E+00
 0.00000000E+00
 0.00000000E+00
 0.00000000E+00
 0.00000000E+00
 0.00000000E+00
 0.00000000E+00
 0.00000000E+00
 0.00000000E+00
 0.00000000E+00
 0.00000000E+00
 0.00000000E+00
 0.00000000E+00
 0.00000000E+00
 0.00000000E+00
 0.00000000E+00
 0.00000000E+00
 0.00000000E+00
 0.00000000E+00
 0.00000000E+00
 0.00000000E+00
 0.00000000E+00
 0.00000000E+00
 0.00000000E+00
 0.00000000E+00
 0.00000000E+00
 0.00000000E+00
 0.00000000E+00
 0.00000000E+00
 0.00000000E+00
 0.00000000E+00
 0.00000000E+00
 0.00000000E+00
 0.00000000E+00
 0.00000000E+00
 0.00000000E+00
 0.00000000E+00
 0.00000000E+00
 0.00000000E+00
 0.00000000E+00
 0.00000000E+00
 0.00000000E+00
 0.00000000E+00
 0.00000000E+00
 0.00000000E+00
 0.00000000E+00
 0.00000000E+00
 0.00000000E+00
 0.00000000E+00
 0.00000000E+00
 0.00000000E+00
 0.00000000E+00
 0.00000000E+00
 0.00000000E+00
 0.00000000E+00
 0.00000000E+00
 0.00000000E+00
 0.00000000E+00
 0.00000000E+00
 0.00000000E+00
 0.00000000E+00
 0.00000000E+00
 0.00000000E+00
 0.00000000E+00
 6.10987350E-01
 3.69270751E-01
 1.27554153E-01
 4.93024010E-02
 1.97737138E-01
 1.47334363E-01
 2.64442167E-02
 5.02840051E-07
 5.02842824E-07
 1.11044008E-01
 1.78937690E-02
 5.02849788E-07
 5.02851284E-07
 5.02855120E-07
 5.02805180E-07
 5.02809122E-07
 5.02812468E-07
 5.02817852E-07
 5.02822059E-07
 5.02825941E-07
 5.02830576E-07
 5.02834125E-07
 5.02838069E-07
 1.97492091E-02
 5.02839664E-07
 5.02840902E-07
 5.02841879E-07
 5.02842887E-07
 5.02842946E-07
 5.02843918E-07
 5.02844682E-07
 5.02844974E-07
 5.02845803E-07
 5.02846911E-07
 5.02847837E-07
 5.02848723E-07
 5.02849529E-07
 5.02850607E-07
 5.02850498E-07
 5.02852485E-07
 5.02856207E-07
 5.02857784E-07
 5.02859393E-07
 5.02861764E-07
 5.02863846E-07
 5.02865613E-07
 5.02868172E-07
 5.02870113E-07
 5.02872542E-07
 5.02825892E-07
 5.02826646E-07
 5.02827914E-07
 5.02828132E-07
 5.02829217E-07
 5.02829879E-07
 5.02829902E-07
 5.02830529E-07
 5.02830437E-07
 5.02830925E-07
 5.02830686E-07
 5.02831004E-07
 5.02831290E-07
 5.02832108E-07
 5.02831958E-07
 5.02831753E-07
 5.02831487E-07
 5.02831843E-07
 5.02832459E-07
 5.02833663E-07
 5.02832636E-07
 5.02832866E-07
 5.02833995E-07
 5.02833562E-07
 5.02834341E-07
 5.02834225E-07
 5.02835619E-07
 5.02835777E-07
 5.02835684E-07
 5.02835008E-07
 5.02836116E-07
 5.02836943E-07
 5.02836636E-07
 5.02836365E-07
 5.02837285E-07
 5.02837377E-07
 5.02838089E-07
 5.02838569E-07
 5.02839987E-07
 5.02839725E-07
 5.02841520E-07
 5.02842249E-07
 5.02843354E-07
 5.02844209E-07
 5.02844606E-07
 5.02845656E-07
 5.02846235E-07
 5.02847449E-07
 5.02848776E-07
 5.02848816E-07
 5.02850058E-07
 5.02850892E-07
 5.02851814E-07
 5.02853113E-07
 5.02854572E-07
 5.02855312E-07
 5.02855129E-07
 5.02856165E-07
 5.02857329E-07
 5.02858909E-07
 5.02859063E-07
 5.02860669E-07
 5.02861900E-07
 5.02862261E-07
 5.02863569E-07
 5.02864003E-07
 5.02864881E-07
 5.02866469E-07
 5.02867177E-07
 5.02867832E-07
 5.02869447E-07
 5.02869979E-07
 5.02870987E-07
 5.02871917E-07
 5.02873573E-07
 5.02873943E-07
 5.02875027E-07
 5.02875820E-07
 5.02876851E-07
 5.02878113E-07
 5.02878615E-07
 5.02879859E-07
 5.02880599E-07
 5.02882068E-07
 5.02883545E-07
 5.02884055E-07
 5.02885085E-07
 5.02886367E-07
 5.02887190E-07
 5.02887810E-07
 5.02889178E-07
 5.02890335E-07
 5.02891776E-07
 5.02892562E-07
 5.02893627E-07
 5.02894278E-07
 5.02846804E-07
 5.02847328E-07
 5.02847605E-07
 5.02848063E-07
 5.02848950E-07
 5.02849585E-07
 5.02849724E-07
 5.02850524E-07
 5.02851072E-07
 5.02851366E-07
 5.02852985E-07
 5.02852779E-07
 5.02853224E-07
 5.02854552E-07
 5.02854500E-07
 5.02855554E-07
 5.02856360E-07
 5.02857150E-07
 5.02857040E-07
 5.02857564E-07
 5.02858303E-07
 5.02859022E-07
 5.02859721E-07
 5.02860403E-07
 5.02861298E-07
 5.02861303E-07
 5.02862163E-07
 5.02862366E-07
 5.02863189E-07
 5.02863584E-07
 5.02864593E-07
 5.02864955E-07
 5.02866367E-07
 5.02866699E-07
 5.02867235E-07
 5.02867753E-07
 5.02868258E-07
 5.02868744E-07
 5.02869839E-07
 5.02870086E-07
 5.02870931E-07
 5.02871756E-07
 5.02872145E-07
 5.02872916E-07
 5.02873460E-07
 5.02874383E-07
 5.02874660E-07
 5.02875710E-07
 5.02876321E-07
 5.02876485E-07
 5.02877407E-07
 5.02878076E-07
 5.02878884E-07
 5.02879633E-07
 5.02880311E-07
 5.02880917E-07
 5.02881432E-07
 5.02882654E-07
 5.02882980E-07
 5.02813840E-07
 5.02803378E-07
 5.02796908E-07
 5.02792173E-07
 5.02788616E-07
 5.02837401E-07
 5.02837545E-07
 5.02836721E-07
 5.02836266E-07
 5.02835644E-07
 5.02835375E-07
 5.02835114E-07
 5.02835236E-07
 5.02834661E-07
 5.02834454E-07
 5.02834281E-07
 5.02833915E-07
 5.02833838E-07
 5.02833743E-07
 5.02833482E-07
 5.02833608E-07
 5.02833363E-07
 5.02833636E-07
 5.02833255E-07
 5.02833458E-07
 5.02833238E-07
 5.02833236E-07
 5.02833007E-07
 5.02832977E-07
 5.02833039E-07
 5.02833078E-07
 5.02833146E-07
 5.02832950E-07
 5.02833081E-07
 5.02833306E-07
 5.02833312E-07
 5.02833144E-07
 5.02833381E-07
 5.02833518E-07
 5.02833406E-07
 5.02833707E-07
 5.02833642E-07
 5.02833436E-07
 5.02833886E-07
 5.02833792E-07
 5.02833892E-07
 5.02834194E-07
 5.02833942E-07
 5.02834461E-07
 5.02834290E-07
 5.02834737E-07
 5.02834723E-07
 5.02835018E-07
 5.02834964E-07
 5.02835086E-07
 5.02835142E-07
 5.02835573E-07
 5.02835533E-07
 5.02835646E-07
 5.02836008E-07
 5.02836030E-07
 5.02836072E-07
 5.02836558E-07
 5.02836754E-07
 5.02836745E-07
 5.02837149E-07
 5.02837446E-07
 5.02837503E-07
 5.02837740E-07
 5.02837573E-07
 5.02837380E-07
 5.02837384E-07
 5.02837210E-07
 5.02837189E-07
 5.02837009E-07
 5.02836743E-07
 5.02836669E-07
 5.02836473E-07
 5.02836304E-07
 5.02836371E-07
 5.02836186E-07
 5.02836085E-07
 5.02835912E-07
 5.02836016E-07
 5.02835857E-07
 5.02835992E-07
 5.02835888E-07
 5.02835792E-07
 5.02835897E-07
 5.02835995E-07
 5.02835996E-07
 5.02836043E-07
 5.02836137E-07
 5.02836332E-07
 5.02836369E-07
 5.02836632E-07
 5.02836797E-07
 5.02837118E-07
 5.02837397E-07
 5.02837608E-07
 5.02839251E-07
 5.02843405E-07
 5.02847785E-07
 5.02804184E-07
 5.02811063E-07
 5.02818294E-07
 5.02825784E-07
 5.02833626E-07
 5.02837361E-07
 5.02836703E-07
 5.02836620E-07
 5.02837339E-07
 1.86123453E-04
 5.13358624E-04
 1.05946856E-03
 2.70923096E-04
 1.14448917E-16
 1.14213909E-16
 1.13979864E-16
 0.00000000E+00
 1.13514640E-16
 1.13283449E-16
 0.00000000E+00
 0.00000000E+00
 0.00000000E+00
 1.12368027E-16
 0.00000000E+00
 0.00000000E+00
 1.11139167E-01
 2.32260929E-01
 4.82000000E-01
 0.00000000E+00
 0.00000000E+00
 0.00000000E+00
 0.00000000E+00
 0.00000000E+00
 0.00000000E+00
 0.00000000E+00
 0.00000000E+00
 0.00000000E+00
 0.00000000E+00
 0.00000000E+00
 0.00000000E+00
 0.00000000E+00
 0.00000000E+00
 0.00000000E+00
 0.00000000E+00
 0.00000000E+00
 0.00000000E+00
 0.00000000E+00
 0.00000000E+00
 0.00000000E+00
 0.00000000E+00
 0.00000000E+00
 0.00000000E+00
 0.00000000E+00
 0.00000000E+00
 0.00000000E+00
 0.00000000E+00
 0.00000000E+00
 0.00000000E+00
 0.00000000E+00
 0.00000000E+00
 0.00000000E+00
 0.00000000E+00
 0.00000000E+00
 0.00000000E+00
 0.00000000E+00
 0.00000000E+00
 0.00000000E+00
 0.00000000E+00
 0.00000000E+00
 0.00000000E+00
 0.00000000E+00
 0.00000000E+00
 0.00000000E+00
 0.00000000E+00
 0.00000000E+00
 0.00000000E+00
 0.00000000E+00
 0.00000000E+00
 0.00000000E+00
 0.00000000E+00
 0.00000000E+00
 0.00000000E+00
 0.00000000E+00
 0.00000000E+00
 0.00000000E+00
 0.00000000E+00
 0.00000000E+00
 0.00000000E+00
 0.00000000E+00
 0.00000000E+00
 0.00000000E+00
 0.00000000E+00
 0.00000000E+00
 0.00000000E+00
 0.00000000E+00
 0.00000000E+00
 0.00000000E+00
 0.00000000E+00
 0.00000000E+00
 0.00000000E+00
 0.00000000E+00
 0.00000000E+00
 0.00000000E+00
 0.00000000E+00
 0.00000000E+00
 0.00000000E+00
 0.00000000E+00
 0.00000000E+00
 0.00000000E+00
 0.00000000E+00
 0.00000000E+00
 0.00000000E+00
 0.00000000E+00
 0.00000000E+00
 0.00000000E+00
 0.00000000E+00
 0.00000000E+00
 0.00000000E+00
 0.00000000E+00
 0.00000000E+00
 0.00000000E+00
 0.00000000E+00
 0.00000000E+00
 0.00000000E+00
 0.00000000E+00
 0.00000000E+00
 0.00000000E+00
 0.00000000E+00
 0.00000000E+00
 0.00000000E+00
 0.00000000E+00
 0.00000000E+00
 0.00000000E+00
 0.00000000E+00
 0.00000000E+00
 0.00000000E+00
 0.00000000E+00
 0.00000000E+00
 0.00000000E+00
 0.00000000E+00
 0.00000000E+00
 0.00000000E+00
 0.00000000E+00
 0.00000000E+00
 0.00000000E+00
 0.00000000E+00
 0.00000000E+00
 0.00000000E+00
 0.00000000E+00
 0.00000000E+00
 0.00000000E+00
 0.00000000E+00
 0.00000000E+00
 0.00000000E+00
 0.00000000E+00
 0.00000000E+00
 0.00000000E+00
 0.00000000E+00
 0.00000000E+00
 0.00000000E+00
 0.00000000E+00
 0.00000000E+00
 0.00000000E+00
 0.00000000E+00
 0.00000000E+00
 0.00000000E+00
 0.00000000E+00
 0.00000000E+00
 0.00000000E+00
 0.00000000E+00
 0.00000000E+00
 0.00000000E+00
 0.00000000E+00
 0.00000000E+00
 0.00000000E+00
 0.00000000E+00
 0.00000000E+00
 0.00000000E+00
 0.00000000E+00
 0.00000000E+00
 0.00000000E+00
 0.00000000E+00
 0.00000000E+00
 0.00000000E+00
 0.00000000E+00
 0.00000000E+00
 0.00000000E+00
 0.00000000E+00
 0.00000000E+00
 0.00000000E+00
 0.00000000E+00
 0.00000000E+00
 0.00000000E+00
 6.24121843E-01
 3.90566484E-01
 1.57011124E-01
 2.58698758E-02
 1.86545257E-01
 1.42359527E-01
 2.55510755E-02
 7.73393111E-07
 7.73394958E-07
 1.14408239E-01
 1.84360997E-02
 7.73402561E-07
 7.73405685E-07
 7.73407266E-07
 7.73358627E-07
 7.73362706E-07
 7.73366646E-07
 7.73369921E-07
 7.73375202E-07
 7.73379034E-07
 7.73384522E-07
 7.73388927E-07
 7.73392622E-07
 2.03472379E-02
 7.73393409E-07
 7.73394161E-07
 7.73395518E-07
 7.73395425E-07
 7.73396310E-07
 7.73397055E-07
 7.73398448E-07
 7.73399365E-07
 7.73399787E-07
 7.73400914E-07
 7.73401649E-07
 7.73401954E-07
 7.73402606E-07
 7.73402930E-07
 7.73404944E-07
 7.73407042E-07
 7.73408470E-07
 7.73411386E-07
 7.73412937E-07
 7.73416050E-07
 7.73417121E-07
 7.73420432E-07
 7.73422188E-07
 7.73424114E-07
 7.73426544E-07
 7.73379060E-07
 7.73379589E-07
 7.73380641E-07
 7.73381610E-07
 7.73382855E-07
 7.73382709E-07
 7.73383243E-07
 7.73383074E-07
 7.73384799E-07
 7.73384507E-07
 7.73383857E-07
 7.73384125E-07
 7.73385294E-07
 7.73385152E-07
 7.73385320E-07
 7.73386351E-07
 7.73385498E-07
 7.73386183E-07
 7.73386229E-07
 7.73385979E-07
 7.73386322E-07
 7.73387577E-07
 7.73387619E-07
 7.73387336E-07
 7.73388603E-07
 7.73387765E-07
 7.73388455E-07
 7.73388577E-07
 7.73388125E-07
 7.73389480E-07
 7.73389707E-07
 7.73389671E-07
 7.73389685E-07
 7.73389739E-07
 7.73390466E-07
 7.73391212E-07
 7.73391745E-07
 7.73392376E-07
 7.73393636E-07
 7.73393850E-07
 7.73394985E-07
 7.73396512E-07
 7.73396673E-07
 7.73397519E-07
 7.73397915E-07
 7.73398972E-07
 7.73399870E-07
 7.73400600E-07
 7.73402262E-07
 7.73403238E-07
 7.73403234E-07
 7.73405017E-07
 7.73405806E-07
 7.73406778E-07
 7.73407336E-07
 7.73408850E-07
 7.73409446E-07
 7.73410481E-07
 7.73411664E-07
 7.73412206E-07
 7.73413736E-07
 7.73413854E-07
 7.73414940E-07
 7.73415938E-07
 7.73416360E-07
 7.73418007E-07
 7.73418308E-07
 7.73420086E-07
 7.73420798E-07
 7.73421196E-07
 7.73422834E-07
 7.73423677E-07
 7.73425003E-07
 7.73425525E-07
 7.73427057E-07
 7.73428049E-07
 7.73429297E-07
 7.73429541E-07
 7.73431025E-07
 7.73431768E-07
 7.73432288E-07
 7.73433303E-07
 7.73435325E-07
 7.73436134E-07
 7.73436516E-07
 7.73437633E-07
 7.73438565E-07
 7.73439763E-07
 7.73441029E-07
 7.73442107E-07
 7.73443239E-07
 7.73443479E-07
 7.73444972E-07
 7.73446072E-07
 7.73446774E-07
 7.73448262E-07
 7.73399986E-07
 7.73401025E-07
 7.73401810E-07
 7.73401860E-07
 7.73402824E-07
 7.73403302E-07
 7.73404200E-07
 7.73404178E-07
 7.73404582E-07
 7.73405648E-07
 7.73405794E-07
 7.73406596E-07
 7.73407390E-07
 7.73407933E-07
 7.73408468E-07
 7.73409648E-07
 7.73410155E-07
 7.73410425E-07
 7.73410909E-07
 7.73411381E-07
 7.73411846E-07
 7.73413169E-07
 7.73413836E-07
 7.73413841E-07
 7.73414485E-07
 7.73415337E-07
 7.73415539E-07
 7.73416813E-07
 7.73417213E-07
 7.73417824E-07
 7.73418427E-07
 7.73419239E-07
 7.73420032E-07
 7.73420197E-07
 7.73420564E-07
 7.73421548E-07
 7.73422110E-07
 7.73422451E-07
 7.73423402E-07
 7.73423719E-07
 7.73424645E-07
 7.73425559E-07
 7.73426035E-07
 7.73426501E-07
 7.73427353E-07
 7.73428377E-07
 7.73428973E-07
 7.73429130E-07
 7.73430067E-07
 7.73430967E-07
 7.73431615E-07
 7.73431825E-07
 7.73432578E-07
 7.73433278E-07
 7.73434106E-07
 7.73435259E-07
 7.73435743E-07
 7.73436330E-07
 7.73436628E-07
 7.73368983E-07
 7.73356770E-07
 7.73350764E-07
 7.73345787E-07
 7.73342276E-07
 7.73391086E-07
 7.73391091E-07
 7.73389953E-07
 7.73389400E-07
 7.73389198E-07
 7.73388808E-07
 7.73388513E-07
 7.73388751E-07
 7.73388452E-07
 7.73388160E-07
 7.73387545E-07
 7.73387738E-07
 7.73387533E-07
 7.73387198E-07
 7.73386969E-07
 7.73386851E-07
 7.73386834E-07
 7.73387076E-07
 7.73386781E-07
 7.73386819E-07
 7.73386735E-07
 7.73386738E-07
 7.73386813E-07
 7.73386585E-07
 7.73386587E-07
 7.73386882E-07
 7.73386635E-07
 7.73386619E-07
 7.73386359E-07
 7.73386609E-07
 7.73386518E-07
 7.73386493E-07
 7.73386935E-07
 7.73386976E-07
 7.73387013E-07
 7.73387089E-07
 7.73386865E-07
 7.73387256E-07
 7.73387420E-07
 7.73387363E-07
 7.73387301E-07
 7.73387527E-07
 7.73387786E-07
 7.73388008E-07
 7.73388124E-07
 7.73387830E-07
 7.73388167E-07
 7.73388550E-07
 7.73388561E-07
 7.73388835E-07
 7.73388756E-07
 7.73388879E-07
 7.73389040E-07
 7.73389261E-07
 7.73389367E-07
 7.73389648E-07
 7.73389593E-07
 7.73389892E-07
 7.73390144E-07
 7.73390516E-07
 7.73390538E-07
 7.73390705E-07
 7.73390954E-07
 7.73391223E-07
 7.73391076E-07
 7.73391214E-07
 7.73390818E-07
 7.73390889E-07
 7.73390444E-07
 7.73390423E-07
 7.73390307E-07
 7.73390306E-07
 7.73389920E-07
 7.73390072E-07
 7.73389874E-07
 7.73389680E-07
 7.73389635E-07
 7.73389611E-07
 7.73389603E-07
 7.73389437E-07
 7.73389622E-07
 7.73389519E-07
 7.73389487E-07
 7.73389477E-07
 7.73389526E-07
 7.73389650E-07
 7.73389569E-07
 7.73389870E-07
 7.73389852E-07
 7.73390040E-07
 7.73390218E-07
 7.73390492E-07
 7.73390591E-07
 7.73390897E-07
 7.73391234E-07
 7.73392854E-07
 7.73397127E-07
 7.73401326E-07
 7.73357581E-07
 7.73364480E-07
 7.73371761E-07
 7.73379193E-07
 7.73387161E-07
 7.73391019E-07
 7.73390252E-07
 7.73390271E-07
 7.73390867E-07
 1.79551711E-04
 4.95738224E-04
 1.03743011E-03
 2.64848588E-04
 1.14448917E-16
 1.14213909E-16
 2.27959728E-16
 1.13746776E-16
 1.13514640E-16
 1.13283449E-16
 2.26106396E-16
 1.12823881E-16
 1.12595493E-16
 0.00000000E+00
 1.12141479E-16
 0.00000000E+00
 1.07387634E-01
 2.24420898E-01
 4.74000000E-01
 0.00000000E+00
 0.00000000E+00
 0.00000000E+00
 0.00000000E+00
 0.00000000E+00
 0.00000000E+00
 0.00000000E+00
 0.00000000E+00
 0.00000000E+00
 0.00000000E+00
 0.00000000E+00
 0.00000000E+00
 0.00000000E+00
 0.00000000E+00
 0.00000000E+00
 0.00000000E+00
 0.00000000E+00
 0.00000000E+00
 0.00000000E+00
 0.00000000E+00
 0.00000000E+00
 0.00000000E+00
 0.00000000E+00
 0.00000000E+00
 0.00000000E+00
 0.00000000E+00
 0.00000000E+00
 0.00000000E+00
 0.00000000E+00
 0.00000000E+00
 0.00000000E+00
 0.00000000E+00
 0.00000000E+00
 0.00000000E+00
 0.00000000E+00
 0.00000000E+00
 0.00000000E+00
 0.00000000E+00
 0.00000000E+00
 0.00000000E+00
 0.00000000E+00
 0.00000000E+00
 0.00000000E+00
 0.00000000E+00
 0.00000000E+00
 0.00000000E+00
 0.00000000E+00
 0.00000000E+00
 0.00000000E+00
 0.00000000E+00
 0.00000000E+00
 0.00000000E+00
 0.00000000E+00
 0.00000000E+00
 0.00000000E+00
 0.00000000E+00
 0.00000000E+00
 0.00000000E+00
 0.00000000E+00
 0.00000000E+00
 0.00000000E+00
 0.00000000E+00
 0.00000000E+00
 0.00000000E+00
 0.00000000E+00
 0.00000000E+00
 0.00000000E+00
 0.00000000E+00
 0.00000000E+00
 0.00000000E+00
 0.00000000E+00
 0.00000000E+00
 0.00000000E+00
 0.00000000E+00
 0.00000000E+00
 0.00000000E+00
 0.00000000E+00
 0.00000000E+00
 0.00000000E+00
 0.00000000E+00
 0.00000000E+00
 0.00000000E+00
 0.00000000E+00
 0.00000000E+00
 0.00000000E+00
 0.00000000E+00
 0.00000000E+00
 0.00000000E+00
 0.00000000E+00
 0.00000000E+00
 0.00000000E+00
 0.00000000E+00
 0.00000000E+00
 0.00000000E+00
 0.00000000E+00
 0.00000000E+00
 0.00000000E+00
 0.00000000E+00
 0.00000000E+00
 0.00000000E+00
 0.00000000E+00
 0.00000000E+00
 0.00000000E+00
 0.00000000E+00
 0.00000000E+00
 0.00000000E+00
 0.00000000E+00
 0.00000000E+00
 0.00000000E+00
 0.00000000E+00
 0.00000000E+00
 0.00000000E+00
 0.00000000E+00
 0.00000000E+00
 0.00000000E+00
 0.00000000E+00
 0.00000000E+00
 0.00000000E+00
 0.00000000E+00
 0.00000000E+00
 0.00000000E+00
 0.00000000E+00
 0.00000000E+00
 0.00000000E+00
 0.00000000E+00
 0.00000000E+00
 0.00000000E+00
 0.00000000E+00
 0.00000000E+00
 0.00000000E+00
 0.00000000E+00
 0.00000000E+00
 0.00000000E+00
 0.00000000E+00
 0.00000000E+00
 0.00000000E+00
 0.00000000E+00
 0.00000000E+00
 0.00000000E+00
 0.00000000E+00
 0.00000000E+00
 0.00000000E+00
 0.00000000E+00
 0.00000000E+00
 0.00000000E+00
 0.00000000E+00
 0.00000000E+00
 0.00000000E+00
 0.00000000E+00
 0.00000000E+00
 0.00000000E+00
 0.00000000E+00
 0.00000000E+00
 0.00000000E+00
 0.00000000E+00
 0.00000000E+00
 0.00000000E+00
 0.00000000E+00
 0.00000000E+00
 0.00000000E+00
 0.00000000E+00
 0.00000000E+00
 0.00000000E+00
 0.00000000E+00
 0.00000000E+00
 6.37256101E-01
 4.11861834E-01
 1.86467567E-01
 2.43777803E-03
 1.75353595E-01
 1.37384801E-01
 2.46579706E-02
 1.02357613E-06
 1.02357892E-06
 1.17772394E-01
 1.89784009E-02
 1.02358520E-06
 1.02358855E-06
 1.02359018E-06
 1.02354029E-06
 1.02354433E-06
 1.02354917E-06
 1.02355380E-06
 1.02355885E-06
 1.02356291E-06
 1.02356641E-06
 1.02357085E-06
 1.02357458E-06
 2.09452771E-02
 1.02357710E-06
 1.02357807E-06
 1.02357924E-06
 1.02357872E-06
 1.02358071E-06
 1.02358042E-06
 1.02358081E-06
 1.02358263E-06
 1.02358334E-06
 1.02358329E-06
 1.02358370E-06
 1.02358515E-06
 1.02358528E-06
 1.02358614E-06
 1.02358708E-06
 1.02358956E-06
 1.02359178E-06
 1.02359449E-06
 1.02359664E-06
 1.02359759E-06
 1.02360046E-06
 1.02360283E-06
 1.02360405E-06
 1.02360683E-06
 1.02360855E-06
 1.02356214E-06
 1.02356320E-06
 1.02356457E-06
 1.02356548E-06
 1.02356631E-06
 1.02356742E-06
 1.02356694E-06
 1.02356613E-06
 1.02356723E-06
 1.02356726E-06
 1.02356765E-06
 1.02356731E-06
 1.02356859E-06
 1.02356821E-06
 1.02356850E-06
 1.02356840E-06
 1.02356929E-06
 1.02356920E-06
 1.02357008E-06
 1.02356908E-06
 1.02356936E-06
 1.02357057E-06
 1.02357057E-06
 1.02357058E-06
 1.02357182E-06
 1.02357162E-06
 1.02357175E-06
 1.02357132E-06
 1.02357185E-06
 1.02357181E-06
 1.02357185E-06
 1.02357227E-06
 1.02357243E-06
 1.02357295E-06
 1.02357383E-06
 1.02357337E-06
 1.02357388E-06
 1.02357533E-06
 1.02357574E-06
 1.02357709E-06
 1.02357740E-06
 1.02357956E-06
 1.02357953E-06
 1.02358133E-06
 1.02358155E-06
 1.02358275E-06
 1.02358350E-06
 1.02358469E-06
 1.02358602E-06
 1.02358637E-06
 1.02358744E-06
 1.02358783E-06
 1.02358892E-06
 1.02359019E-06
 1.02359107E-06
 1.02359212E-06
 1.02359333E-06
 1.02359316E-06
 1.02359449E-06
 1.02359548E-06
 1.02359612E-06
 1.02359775E-06
 1.02359854E-06
 1.02359954E-06
 1.02359998E-06
 1.02360164E-06
 1.02360225E-06
 1.02360359E-06
 1.02360389E-06
 1.02360518E-06
 1.02360595E-06
 1.02360696E-06
 1.02360745E-06
 1.02360870E-06
 1.02360970E-06
 1.02361097E-06
 1.02361199E-06
 1.02361354E-06
 1.02361434E-06
 1.02361496E-06
 1.02361634E-06
 1.02361725E-06
 1.02361847E-06
 1.02361901E-06
 1.02362055E-06
 1.02362168E-06
 1.02362239E-06
 1.02362318E-06
 1.02362450E-06
 1.02362520E-06
 1.02362692E-06
 1.02362802E-06
 1.02362804E-06
 1.02363027E-06
 1.02363048E-06
 1.02358278E-06
 1.02358403E-06
 1.02358410E-06
 1.02358437E-06
 1.02358464E-06
 1.02358534E-06
 1.02358672E-06
 1.02358693E-06
 1.02358758E-06
 1.02358821E-06
 1.02358885E-06
 1.02358924E-06
 1.02359028E-06
 1.02359042E-06
 1.02359146E-06
 1.02359159E-06
 1.02359261E-06
 1.02359273E-06
 1.02359372E-06
 1.02359406E-06
 1.02359504E-06
 1.02359559E-06
 1.02359614E-06
 1.02359690E-06
 1.02359678E-06
 1.02359776E-06
 1.02359809E-06
 1.02359949E-06
 1.02360002E-06
 1.02360077E-06
 1.02360111E-06
 1.02360143E-06
 1.02360198E-06
 1.02360251E-06
 1.02360348E-06
 1.02360444E-06
 1.02360455E-06
 1.02360572E-06
 1.02360625E-06
 1.02360657E-06
 1.02360710E-06
 1.02360823E-06
 1.02360853E-06
 1.02360944E-06
 1.02361012E-06
 1.02361060E-06
 1.02361145E-06
 1.02361168E-06
 1.02361250E-06
 1.02361308E-06
 1.02361383E-06
 1.02361455E-06
 1.02361562E-06
 1.02361625E-06
 1.02361722E-06
 1.02361714E-06
 1.02361837E-06
 1.02361855E-06
 1.02362002E-06
 1.02362061E-06
 1.02355501E-06
 1.02354070E-06
 1.02353392E-06
 1.02352932E-06
 1.02352548E-06
 1.02357432E-06
 1.02357352E-06
 1.02357367E-06
 1.02357286E-06
 1.02357214E-06
 1.02357220E-06
 1.02357186E-06
 1.02357143E-06
 1.02357101E-06
 1.02357135E-06
 1.02357064E-06
 1.02357041E-06
 1.02357022E-06
 1.02356997E-06
 1.02357028E-06
 1.02357006E-06
 1.02356984E-06
 1.02356981E-06
 1.02356954E-06
 1.02356990E-06
 1.02356973E-06
 1.02356947E-06
 1.02356998E-06
 1.02356967E-06
 1.02356973E-06
 1.02356968E-06
 1.02356977E-06
 1.02356952E-06
 1.02356969E-06
 1.02356980E-06
 1.02356955E-06
 1.02356978E-06
 1.02356990E-06
 1.02357005E-06
 1.02357017E-06
 1.02357029E-06
 1.02357046E-06
 1.02357024E-06
 1.02357047E-06
 1.02357040E-06
 1.02357064E-06
 1.02357069E-06
 1.02357086E-06
 1.02357089E-06
 1.02357116E-06
 1.02357108E-06
 1.02357136E-06
 1.02357167E-06
 1.02357142E-06
 1.02357176E-06
 1.02357183E-06
 1.02357200E-06
 1.02357212E-06
 1.02357228E-06
 1.02357257E-06
 1.02357294E-06
 1.02357280E-06
 1.02357300E-06
 1.02357341E-06
 1.02357351E-06
 1.02357391E-06
 1.02357397E-06
 1.02357409E-06
 1.02357463E-06
 1.02357426E-06
 1.02357409E-06
 1.02357404E-06
 1.02357372E-06
 1.02357386E-06
 1.02357375E-06
 1.02357348E-06
 1.02357338E-06
 1.02357308E-06
 1.02357306E-06
 1.02357295E-06
 1.02357289E-06
 1.02357292E-06
 1.02357281E-06
 1.02357271E-06
 1.02357268E-06
 1.02357257E-06
 1.02357260E-06
 1.02357266E-06
 1.02357261E-06
 1.02357254E-06
 1.02357265E-06
 1.02357282E-06
 1.02357291E-06
 1.02357305E-06
 1.02357318E-06
 1.02357333E-06
 1.02357353E-06
 1.02357375E-06
 1.02357398E-06
 1.02357437E-06
 1.02357585E-06
 1.02358032E-06
 1.02358456E-06
 1.02354049E-06
 1.02354747E-06
 1.02355476E-06
 1.02356239E-06
 1.02357030E-06
 1.02357409E-06
 1.02357351E-06
 1.02357339E-06
 1.02357409E-06
 1.73000453E-04
 4.78138505E-04
 1.01541243E-03
 2.58774079E-04
 2.28897833E-16
 1.14213909E-16
 0.00000000E+00
 1.13746776E-16
 1.13514640E-16
 0.00000000E+00
 0.00000000E+00
 0.00000000E+00
 1.12595493E-16
 1.12368027E-16
 1.12141479E-16
 0.00000000E+00
 1.03636101E-01
 2.16580866E-01
 4.66000000E-01
 0.00000000E+00
 0.00000000E+00
 0.00000000E+00
 0.00000000E+00
 0.00000000E+00
 0.00000000E+00
 0.00000000E+00
 0.00000000E+00
 0.00000000E+00
 0.00000000E+00
 0.00000000E+00
 0.00000000E+00
 0.00000000E+00
 0.00000000E+00
 0.00000000E+00
 0.00000000E+00
 0.00000000E+00
 0.00000000E+00
 0.00000000E+00
 0.00000000E+00
 0.00000000E+00
 0.00000000E+00
 0.00000000E+00
 0.00000000E+00
 0.00000000E+00
 0.00000000E+00
 0.00000000E+00
 0.00000000E+00
 0.00000000E+00
 0.00000000E+00
 0.00000000E+00
 0.00000000E+00
 0.00000000E+00
 0.00000000E+00
 0.00000000E+00
 0.00000000E+00
 0.00000000E+00
 0.00000000E+00
 0.00000000E+00
 0.00000000E+00
 0.00000000E+00
 0.00000000E+00
 0.00000000E+00
 0.00000000E+00
 0.00000000E+00
 0.00000000E+00
 0.00000000E+00
 0.00000000E+00
 0.00000000E+00
 0.00000000E+00
 0.00000000E+00
 0.00000000E+00
 0.00000000E+00
 0.00000000E+00
 0.00000000E+00
 0.00000000E+00
 0.00000000E+00
 0.00000000E+00
 0.00000000E+00
 0.00000000E+00
 0.00000000E+00
 0.00000000E+00
 0.00000000E+00
 0.00000000E+00
 0.00000000E+00
 0.00000000E+00
 0.00000000E+00
 0.00000000E+00
 0.00000000E+00
 0.00000000E+00
 0.00000000E+00
 0.00000000E+00
 0.00000000E+00
 0.00000000E+00
 0.00000000E+00
 0.00000000E+00
 0.00000000E+00
 0.00000000E+00
 0.00000000E+00
 0.00000000E+00
 0.00000000E+00
 0.00000000E+00
 0.00000000E+00
 0.00000000E+00
 0.00000000E+00
 0.00000000E+00
 0.00000000E+00
 0.00000000E+00
 0.00000000E+00
 0.00000000E+00
 0.00000000E+00
 0.00000000E+00
 0.00000000E+00
 0.00000000E+00
 0.00000000E+00
 0.00000000E+00
 0.00000000E+00
 0.00000000E+00
 0.00000000E+00
 0.00000000E+00
 0.00000000E+00
 0.00000000E+00
 0.00000000E+00
 0.00000000E+00
 0.00000000E+00
 0.00000000E+00
 0.00000000E+00
 0.00000000E+00
 0.00000000E+00
 0.00000000E+00
 0.00000000E+00
 0.00000000E+00
 0.00000000E+00
 0.00000000E+00
 0.00000000E+00
 0.00000000E+00
 0.00000000E+00
 0.00000000E+00
 0.00000000E+00
 0.00000000E+00
 0.00000000E+00
 0.00000000E+00
 0.00000000E+00
 0.00000000E+00
 0.00000000E+00
 0.00000000E+00
 0.00000000E+00
 0.00000000E+00
 0.00000000E+00
 0.00000000E+00
 0.00000000E+00
 0.00000000E+00
 0.00000000E+00
 0.00000000E+00
 0.00000000E+00
 0.00000000E+00
 0.00000000E+00
 0.00000000E+00
 0.00000000E+00
 0.00000000E+00
 0.00000000E+00
 0.00000000E+00
 0.00000000E+00
 0.00000000E+00
 0.00000000E+00
 0.00000000E+00
 0.00000000E+00
 0.00000000E+00
 0.00000000E+00
 0.00000000E+00
 0.00000000E+00
 0.00000000E+00
 0.00000000E+00
 0.00000000E+00
 0.00000000E+00
 0.00000000E+00
 0.00000000E+00
 0.00000000E+00
 0.00000000E+00
 0.00000000E+00
 0.00000000E+00
 0.00000000E+00
 0.00000000E+00
 0.00000000E+00
 0.00000000E+00
 6.50390124E-01
 4.33156804E-01
 2.15923483E-01
 2.09938937E-02
 1.64162150E-01
 1.32410184E-01
 2.37649020E-02
 1.25342126E-06
 1.25342297E-06
 1.21136473E-01
 1.95206727E-02
 1.25342989E-06
 1.25343147E-06
 1.25343441E-06
 1.25338375E-06
 1.25338839E-06
 1.25339225E-06
 1.25339796E-06
 1.25340184E-06
 1.25340678E-06
 1.25341070E-06
 1.25341535E-06
 1.25341973E-06
 2.15433268E-02
 1.25342084E-06
 1.25342178E-06
 1.25342227E-06
 1.25342262E-06
 1.25342439E-06
 1.25342475E-06
 1.25342578E-06
 1.25342469E-06
 1.25342585E-06
 1.25342669E-06
 1.25342759E-06
 1.25342828E-06
 1.25342870E-06
 1.25342964E-06
 1.25343212E-06
 1.25343374E-06
 1.25343551E-06
 1.25343820E-06
 1.25344012E-06
 1.25344186E-06
 1.25344355E-06
 1.25344652E-06
 1.25344874E-06
 1.25345057E-06
 1.25340481E-06
 1.25340520E-06
 1.25340726E-06
 1.25340753E-06
 1.25340944E-06
 1.25341067E-06
 1.25341011E-06
 1.25341133E-06
 1.25341149E-06
 1.25341167E-06
 1.25341115E-06
 1.25341193E-06
 1.25341235E-06
 1.25341183E-06
 1.25341257E-06
 1.25341236E-06
 1.25341281E-06
 1.25341265E-06
 1.25341403E-06
 1.25341422E-06
 1.25341378E-06
 1.25341464E-06
 1.25341429E-06
 1.25341521E-06
 1.25341403E-06
 1.25341443E-06
 1.25341550E-06
 1.25341602E-06
 1.25341511E-06
 1.25341637E-06
 1.25341586E-06
 1.25341610E-06
 1.25341726E-06
 1.25341645E-06
 1.25341719E-06
 1.25341777E-06
 1.25341786E-06
 1.25341777E-06
 1.25341926E-06
 1.25342056E-06
 1.25342083E-06
 1.25342153E-06
 1.25342294E-06
 1.25342331E-06
 1.25342469E-06
 1.25342594E-06
 1.25342705E-06
 1.25342801E-06
 1.25342802E-06
 1.25342879E-06
 1.25343078E-06
 1.25343131E-06
 1.25343256E-06
 1.25343292E-06
 1.25343398E-06
 1.25343416E-06
 1.25343560E-06
 1.25343673E-06
 1.25343725E-06
 1.25343851E-06
 1.25343943E-06
 1.25344032E-06
 1.25344142E-06
 1.25344275E-06
 1.25344353E-06
 1.25344376E-06
 1.25344552E-06
 1.25344650E-06
 1.25344796E-06
 1.25344817E-06
 1.25344912E-06
 1.25345085E-06
 1.25345182E-06
 1.25345255E-06
 1.25345331E-06
 1.25345411E-06
 1.25345493E-06
 1.25345630E-06
 1.25345696E-06
 1.25345815E-06
 1.25345916E-06
 1.25346022E-06
 1.25346110E-06
 1.25346255E-06
 1.25346308E-06
 1.25346418E-06
 1.25346512E-06
 1.25346689E-06
 1.25346753E-06
 1.25346827E-06
 1.25346936E-06
 1.25347104E-06
 1.25347185E-06
 1.25347281E-06
 1.25347364E-06
 1.25342659E-06
 1.25342626E-06
 1.25342732E-06
 1.25342812E-06
 1.25342844E-06
 1.25342945E-06
 1.25342929E-06
 1.25343074E-06
 1.25343078E-06
 1.25343197E-06
 1.25343202E-06
 1.25343273E-06
 1.25343344E-06
 1.25343392E-06
 1.25343463E-06
 1.25343533E-06
 1.25343604E-06
 1.25343673E-06
 1.25343743E-06
 1.25343747E-06
 1.25343839E-06
 1.25343866E-06
 1.25343915E-06
 1.25343987E-06
 1.25344058E-06
 1.25344152E-06
 1.25344204E-06
 1.25344256E-06
 1.25344352E-06
 1.25344362E-06
 1.25344417E-06
 1.25344493E-06
 1.25344570E-06
 1.25344604E-06
 1.25344662E-06
 1.25344741E-06
 1.25344841E-06
 1.25344857E-06
 1.25344979E-06
 1.25345038E-06
 1.25345098E-06
 1.25345178E-06
 1.25345237E-06
 1.25345297E-06
 1.25345356E-06
 1.25345394E-06
 1.25345471E-06
 1.25345548E-06
 1.25345643E-06
 1.25345676E-06
 1.25345747E-06
 1.25345815E-06
 1.25345880E-06
 1.25346002E-06
 1.25345999E-06
 1.25346092E-06
 1.25346198E-06
 1.25346279E-06
 1.25346292E-06
 1.25346417E-06
 1.25346492E-06
 1.25340511E-06
 1.25338536E-06
 1.25337768E-06
 1.25337335E-06
 1.25336943E-06
 1.25341857E-06
 1.25341780E-06
 1.25341696E-06
 1.25341665E-06
 1.25341632E-06
 1.25341603E-06
 1.25341560E-06
 1.25341499E-06
 1.25341513E-06
 1.25341499E-06
 1.25341457E-06
 1.25341477E-06
 1.25341431E-06
 1.25341386E-06
 1.25341387E-06
 1.25341408E-06
 1.25341376E-06
 1.25341372E-06
 1.25341346E-06
 1.25341349E-06
 1.25341375E-06
 1.25341350E-06
 1.25341350E-06
 1.25341346E-06
 1.25341356E-06
 1.25341351E-06
 1.25341328E-06
 1.25341347E-06
 1.25341352E-06
 1.25341330E-06
 1.25341366E-06
 1.25341349E-06
 1.25341373E-06
 1.25341369E-06
 1.25341412E-06
 1.25341418E-06
 1.25341408E-06
 1.25341403E-06
 1.25341423E-06
 1.25341408E-06
 1.25341424E-06
 1.25341446E-06
 1.25341461E-06
 1.25341468E-06
 1.25341471E-06
 1.25341507E-06
 1.25341516E-06
 1.25341537E-06
 1.25341552E-06
 1.25341582E-06
 1.25341576E-06
 1.25341585E-06
 1.25341631E-06
 1.25341631E-06
 1.25341641E-06
 1.25341651E-06
 1.25341676E-06
 1.25341717E-06
 1.25341744E-06
 1.25341725E-06
 1.25341767E-06
 1.25341773E-06
 1.25341811E-06
 1.25341841E-06
 1.25341820E-06
 1.25341817E-06
 1.25341811E-06
 1.25341777E-06
 1.25341755E-06
 1.25341733E-06
 1.25341727E-06
 1.25341731E-06
 1.25341721E-06
 1.25341699E-06
 1.25341700E-06
 1.25341674E-06
 1.25341688E-06
 1.25341666E-06
 1.25341646E-06
 1.25341654E-06
 1.25341654E-06
 1.25341653E-06
 1.25341653E-06
 1.25341665E-06
 1.25341656E-06
 1.25341672E-06
 1.25341680E-06
 1.25341672E-06
 1.25341701E-06
 1.25341705E-06
 1.25341720E-06
 1.25341747E-06
 1.25341771E-06
 1.25341789E-06
 1.25341818E-06
 1.25341984E-06
 1.25342419E-06
 1.25342867E-06
 1.25338417E-06
 1.25339112E-06
 1.25339848E-06
 1.25340621E-06
 1.25341424E-06
 1.25341805E-06
 1.25341740E-06
 1.25341725E-06
 1.25341794E-06
 1.66469646E-04
 4.60559436E-04
 9.93415489E-04
 2.52699570E-04
 1.14448917E-16
 2.28427817E-16
 1.13979864E-16
 1.13746776E-16
 1.13514640E-16
 0.00000000E+00
 1.13053198E-16
 1.12823881E-16
 0.00000000E+00
 0.00000000E+00
 0.00000000E+00
 0.00000000E+00
 9.98845682E-02
 2.08740835E-01
 4.58000000E-01
 0.00000000E+00
 0.00000000E+00
 0.00000000E+00
 0.00000000E+00
 0.00000000E+00
 0.00000000E+00
 0.00000000E+00
 0.00000000E+00
 0.00000000E+00
 0.00000000E+00
 0.00000000E+00
 0.00000000E+00
 0.00000000E+00
 0.00000000E+00
 0.00000000E+00
 0.00000000E+00
 0.00000000E+00
 0.00000000E+00
 0.00000000E+00
 0.00000000E+00
 0.00000000E+00
 0.00000000E+00
 0.00000000E+00
 0.00000000E+00
 0.00000000E+00
 0.00000000E+00
 0.00000000E+00
 0.00000000E+00
 0.00000000E+00
 0.00000000E+00
 0.00000000E+00
 0.00000000E+00
 0.00000000E+00
 0.00000000E+00
 0.00000000E+00
 0.00000000E+00
 0.00000000E+00
 0.00000000E+00
 0.00000000E+00
 0.00000000E+00
 0.00000000E+00
 0.00000000E+00
 0.00000000E+00
 0.00000000E+00
 0.00000000E+00
 0.00000000E+00
 0.00000000E+00
 0.00000000E+00
 0.00000000E+00
 0.00000000E+00
 0.00000000E+00
 0.00000000E+00
 0.00000000E+00
 0.00000000E+00
 0.00000000E+00
 0.00000000E+00
 0.00000000E+00
 0.00000000E+00
 0.00000000E+00
 0.00000000E+00
 0.00000000E+00
 0.00000000E+00
 0.00000000E+00
 0.00000000E+00
 0.00000000E+00
 0.00000000E+00
 0.00000000E+00
 0.00000000E+00
 0.00000000E+00
 0.00000000E+00
 0.00000000E+00
 0.00000000E+00
 0.00000000E+00
 0.00000000E+00
 0.00000000E+00
 0.00000000E+00
 0.00000000E+00
 0.00000000E+00
 0.00000000E+00
 0.00000000E+00
 0.00000000E+00
 0.00000000E+00
 0.00000000E+00
 0.00000000E+00
 0.00000000E+00
 0.00000000E+00
 0.00000000E+00
 0.00000000E+00
 0.00000000E+00
 0.00000000E+00
 0.00000000E+00
 0.00000000E+00
 0.00000000E+00
 0.00000000E+00
 0.00000000E+00
 0.00000000E+00
 0.00000000E+00
 0.00000000E+00
 0.00000000E+00
 0.00000000E+00
 0.00000000E+00
 0.00000000E+00
 0.00000000E+00
 0.00000000E+00
 0.00000000E+00
 0.00000000E+00
 0.00000000E+00
 0.00000000E+00
 0.00000000E+00
 0.00000000E+00
 0.00000000E+00
 0.00000000E+00
 0.00000000E+00
 0.00000000E+00
 0.00000000E+00
 0.00000000E+00
 0.00000000E+00
 0.00000000E+00
 0.00000000E+00
 0.00000000E+00
 0.00000000E+00
 0.00000000E+00
 0.00000000E+00
 0.00000000E+00
 0.00000000E+00
 0.00000000E+00
 0.00000000E+00
 0.00000000E+00
 0.00000000E+00
 0.00000000E+00
 0.00000000E+00
 0.00000000E+00
 0.00000000E+00
 0.00000000E+00
 0.00000000E+00
 0.00000000E+00
 0.00000000E+00
 0.00000000E+00
 0.00000000E+00
 0.00000000E+00
 0.00000000E+00
 0.00000000E+00
 0.00000000E+00
 0.00000000E+00
 0.00000000E+00
 0.00000000E+00
 0.00000000E+00
 0.00000000E+00
 0.00000000E+00
 0.00000000E+00
 0.00000000E+00
 0.00000000E+00
 0.00000000E+00
 0.00000000E+00
 0.00000000E+00
 0.00000000E+00
 0.00000000E+00
 0.00000000E+00
 0.00000000E+00
 0.00000000E+00
 0.00000000E+00
 0.00000000E+00
 0.00000000E+00
 0.00000000E+00
 0.00000000E+00
 6.63523914E-01
 4.54451394E-01
 2.45378875E-01
 4.44251410E-02
 1.52970922E-01
 1.27435676E-01
 2.28718696E-02
 1.46295667E-06
 1.46295848E-06
 1.24500476E-01
 2.00629153E-02
 1.46296560E-06
 1.46296705E-06
 1.46296922E-06
 1.46291943E-06
 1.46292316E-06
 1.46292819E-06
 1.46293190E-06
 1.46293629E-06
 1.46294129E-06
 1.46294707E-06
 1.46295113E-06
 1.46295471E-06
 2.21413868E-02
 1.46295612E-06
 1.46295755E-06
 1.46295704E-06
 1.46295832E-06
 1.46295889E-06
 1.46296063E-06
 1.46296028E-06
 1.46296183E-06
 1.46296165E-06
 1.46296201E-06
 1.46296284E-06
 1.46296389E-06
 1.46296510E-06
 1.46296540E-06
 1.46296667E-06
 1.46296893E-06
 1.46297215E-06
 1.46297389E-06
 1.46297589E-06
 1.46297790E-06
 1.46297987E-06
 1.46298216E-06
 1.46298449E-06
 1.46298682E-06
 1.46293992E-06
 1.46294092E-06
 1.46294284E-06
 1.46294410E-06
 1.46294397E-06
 1.46294582E-06
 1.46294623E-06
 1.46294674E-06
 1.46294728E-06
 1.46294713E-06
 1.46294701E-06
 1.46294783E-06
 1.46294736E-06
 1.46294760E-06
 1.46294783E-06
 1.46294838E-06
 1.46294833E-06
 1.46294929E-06
 1.46294838E-06
 1.46294845E-06
 1.46294983E-06
 1.46295001E-06
 1.46295024E-06
 1.46295051E-06
 1.46295026E-06
 1.46295070E-06
 1.46295060E-06
 1.46295117E-06
 1.46295066E-06
 1.46295198E-06
 1.46295135E-06
 1.46295199E-06
 1.46295303E-06
 1.46295211E-06
 1.46295307E-06
 1.46295272E-06
 1.46295420E-06
 1.46295435E-06
 1.46295442E-06
 1.46295630E-06
 1.46295663E-06
 1.46295739E-06
 1.46295858E-06
 1.46295965E-06
 1.46296031E-06
 1.46296115E-06
 1.46296156E-06
 1.46296275E-06
 1.46296380E-06
 1.46296560E-06
 1.46296595E-06
 1.46296703E-06
 1.46296774E-06
 1.46296897E-06
 1.46296982E-06
 1.46297117E-06
 1.46297221E-06
 1.46297238E-06
 1.46297330E-06
 1.46297449E-06
 1.46297613E-06
 1.46297619E-06
 1.46297726E-06
 1.46297808E-06
 1.46297941E-06
 1.46298020E-06
 1.46298100E-06
 1.46298209E-06
 1.46298290E-06
 1.46298427E-06
 1.46298487E-06
 1.46298601E-06
 1.46298721E-06
 1.46298819E-06
 1.46298921E-06
 1.46299027E-06
 1.46299091E-06
 1.46299284E-06
 1.46299359E-06
 1.46299392E-06
 1.46299532E-06
 1.46299608E-06
 1.46299789E-06
 1.46299808E-06
 1.46299984E-06
 1.46300049E-06
 1.46300171E-06
 1.46300235E-06
 1.46300381E-06
 1.46300467E-06
 1.46300615E-06
 1.46300703E-06
 1.46300807E-06
 1.46300876E-06
 1.46300961E-06
 1.46296253E-06
 1.46296271E-06
 1.46296359E-06
 1.46296329E-06
 1.46296437E-06
 1.46296522E-06
 1.46296607E-06
 1.46296644E-06
 1.46296706E-06
 1.46296721E-06
 1.46296826E-06
 1.46296842E-06
 1.46296948E-06
 1.46296964E-06
 1.46297070E-06
 1.46297088E-06
 1.46297128E-06
 1.46297169E-06
 1.46297322E-06
 1.46297387E-06
 1.46297409E-06
 1.46297497E-06
 1.46297566E-06
 1.46297612E-06
 1.46297640E-06
 1.46297668E-06
 1.46297805E-06
 1.46297814E-06
 1.46297933E-06
 1.46297924E-06
 1.46298024E-06
 1.46298061E-06
 1.46298205E-06
 1.46298224E-06
 1.46298265E-06
 1.46298329E-06
 1.46298414E-06
 1.46298438E-06
 1.46298589E-06
 1.46298656E-06
 1.46298642E-06
 1.46298753E-06
 1.46298844E-06
 1.46298874E-06
 1.46298965E-06
 1.46299035E-06
 1.46299105E-06
 1.46299134E-06
 1.46299224E-06
 1.46299250E-06
 1.46299317E-06
 1.46299461E-06
 1.46299522E-06
 1.46299560E-06
 1.46299655E-06
 1.46299705E-06
 1.46299809E-06
 1.46299829E-06
 1.46299902E-06
 1.46299947E-06
 1.46300081E-06
 1.46300127E-06
 1.46292188E-06
 1.46291431E-06
 1.46290904E-06
 1.46290498E-06
 1.46295400E-06
 1.46295349E-06
 1.46295279E-06
 1.46295253E-06
 1.46295197E-06
 1.46295160E-06
 1.46295153E-06
 1.46295065E-06
 1.46295104E-06
 1.46295066E-06
 1.46295003E-06
 1.46295032E-06
 1.46294983E-06
 1.46294998E-06
 1.46294936E-06
 1.46294987E-06
 1.46294965E-06
 1.46294927E-06
 1.46294905E-06
 1.46294934E-06
 1.46294950E-06
 1.46294930E-06
 1.46294918E-06
 1.46294926E-06
 1.46294924E-06
 1.46294938E-06
 1.46294885E-06
 1.46294944E-06
 1.46294911E-06
 1.46294948E-06
 1.46294922E-06
 1.46294947E-06
 1.46294947E-06
 1.46294953E-06
 1.46294942E-06
 1.46294944E-06
 1.46294980E-06
 1.46295000E-06
 1.46294991E-06
 1.46294989E-06
 1.46295034E-06
 1.46295022E-06
 1.46295042E-06
 1.46295064E-06
 1.46295054E-06
 1.46295048E-06
 1.46295085E-06
 1.46295096E-06
 1.46295118E-06
 1.46295152E-06
 1.46295133E-06
 1.46295145E-06
 1.46295159E-06
 1.46295218E-06
 1.46295238E-06
 1.46295254E-06
 1.46295235E-06
 1.46295291E-06
 1.46295304E-06
 1.46295322E-06
 1.46295334E-06
 1.46295360E-06
 1.46295383E-06
 1.46295398E-06
 1.46295418E-06
 1.46295382E-06
 1.46295375E-06
 1.46295371E-06
 1.46295332E-06
 1.46295339E-06
 1.46295315E-06
 1.46295301E-06
 1.46295297E-06
 1.46295287E-06
 1.46295261E-06
 1.46295240E-06
 1.46295259E-06
 1.46295232E-06
 1.46295226E-06
 1.46295239E-06
 1.46295212E-06
 1.46295233E-06
 1.46295226E-06
 1.46295216E-06
 1.46295236E-06
 1.46295236E-06
 1.46295247E-06
 1.46295263E-06
 1.46295258E-06
 1.46295282E-06
 1.46295292E-06
 1.46295322E-06
 1.46295340E-06
 1.46295363E-06
 1.46295394E-06
 1.46295559E-06
 1.46295998E-06
 1.46296446E-06
 1.46291972E-06
 1.46292679E-06
 1.46293419E-06
 1.46294185E-06
 1.46295002E-06
 1.46295386E-06
 1.46295312E-06
 1.46295304E-06
 1.46295362E-06
 1.59959260E-04
 4.43000984E-04
 9.71439252E-04
 2.46625062E-04
 1.14448917E-16
 1.14213909E-16
 0.00000000E+00
 0.00000000E+00
 0.00000000E+00
 2.26566898E-16
 0.00000000E+00
 0.00000000E+00
 2.25190986E-16
 0.00000000E+00
 1.12141479E-16
 0.00000000E+00
 9.61330351E-02
 2.00900804E-01
 4.50000000E-01
 0.00000000E+00
 0.00000000E+00
 0.00000000E+00
 0.00000000E+00
 0.00000000E+00
 0.00000000E+00
 0.00000000E+00
 0.00000000E+00
 0.00000000E+00
 0.00000000E+00
 0.00000000E+00
 0.00000000E+00
 0.00000000E+00
 0.00000000E+00
 0.00000000E+00
 0.00000000E+00
 0.00000000E+00
 0.00000000E+00
 0.00000000E+00
 0.00000000E+00
 0.00000000E+00
 0.00000000E+00
 0.00000000E+00
 0.00000000E+00
 0.00000000E+00
 0.00000000E+00
 0.00000000E+00
 0.00000000E+00
 0.00000000E+00
 0.00000000E+00
 0.00000000E+00
 0.00000000E+00
 0.00000000E+00
 0.00000000E+00
 0.00000000E+00
 0.00000000E+00
 0.00000000E+00
 0.00000000E+00
 0.00000000E+00
 0.00000000E+00
 0.00000000E+00
 0.00000000E+00
 0.00000000E+00
 0.00000000E+00
 0.00000000E+00
 0.00000000E+00
 0.00000000E+00
 0.00000000E+00
 0.00000000E+00
 0.00000000E+00
 0.00000000E+00
 0.00000000E+00
 0.00000000E+00
 0.00000000E+00
 0.00000000E+00
 0.00000000E+00
 0.00000000E+00
 0.00000000E+00
 0.00000000E+00
 0.00000000E+00
 0.00000000E+00
 0.00000000E+00
 0.00000000E+00
 0.00000000E+00
 0.00000000E+00
 0.00000000E+00
 0.00000000E+00
 0.00000000E+00
 0.00000000E+00
 0.00000000E+00
 0.00000000E+00
 0.00000000E+00
 0.00000000E+00
 0.00000000E+00
 0.00000000E+00
 0.00000000E+00
 0.00000000E+00
 0.00000000E+00
 0.00000000E+00
 0.00000000E+00
 0.00000000E+00
 0.00000000E+00
 0.00000000E+00
 0.00000000E+00
 0.00000000E+00
 0.00000000E+00
 0.00000000E+00
 0.00000000E+00
 0.00000000E+00
 0.00000000E+00
 0.00000000E+00
 0.00000000E+00
 0.00000000E+00
 0.00000000E+00
 0.00000000E+00
 0.00000000E+00
 0.00000000E+00
 0.00000000E+00
 0.00000000E+00
 0.00000000E+00
 0.00000000E+00
 0.00000000E+00
 0.00000000E+00
 0.00000000E+00
 0.00000000E+00
 0.00000000E+00
 0.00000000E+00
 0.00000000E+00
 0.00000000E+00
 0.00000000E+00
 0.00000000E+00
 0.00000000E+00
 0.00000000E+00
 0.00000000E+00
 0.00000000E+00
 0.00000000E+00
 0.00000000E+00
 0.00000000E+00
 0.00000000E+00
 0.00000000E+00
 0.00000000E+00
 0.00000000E+00
 0.00000000E+00
 0.00000000E+00
 0.00000000E+00
 0.00000000E+00
 0.00000000E+00
 0.00000000E+00
 0.00000000E+00
 0.00000000E+00
 0.00000000E+00
 0.00000000E+00
 0.00000000E+00
 0.00000000E+00
 0.00000000E+00
 0.00000000E+00
 0.00000000E+00
 0.00000000E+00
 0.00000000E+00
 0.00000000E+00
 0.00000000E+00
 0.00000000E+00
 0.00000000E+00
 0.00000000E+00
 0.00000000E+00
 0.00000000E+00
 0.00000000E+00
 0.00000000E+00
 0.00000000E+00
 0.00000000E+00
 0.00000000E+00
 0.00000000E+00
 0.00000000E+00
 0.00000000E+00
 0.00000000E+00
 0.00000000E+00
 0.00000000E+00
 0.00000000E+00
 0.00000000E+00
 0.00000000E+00
 0.00000000E+00
 0.00000000E+00
 0.00000000E+00
 0.00000000E+00
 0.00000000E+00
 6.76657470E-01
 4.75745607E-01
 2.74833743E-01
 6.78559651E-02
 1.41779911E-01
 1.22461276E-01
 2.19788734E-02
 1.65221443E-06
 1.65221672E-06
 1.27864404E-01
 2.06051287E-02
 1.65222279E-06
 1.65222426E-06
 1.65222767E-06
 1.65217695E-06
 1.65218251E-06
 1.65218664E-06
 1.65218993E-06
 1.65219638E-06
 1.65220030E-06
 1.65220547E-06
 1.65220939E-06
 1.65221327E-06
 2.27394573E-02
 1.65221497E-06
 1.65221494E-06
 1.65221644E-06
 1.65221607E-06
 1.65221800E-06
 1.65221856E-06
 1.65221896E-06
 1.65221874E-06
 1.65222057E-06
 1.65222147E-06
 1.65222224E-06
 1.65222324E-06
 1.65222379E-06
 1.65222426E-06
 1.65222533E-06
 1.65222722E-06
 1.65223010E-06
 1.65223190E-06
 1.65223337E-06
 1.65223666E-06
 1.65223892E-06
 1.65224052E-06
 1.65224258E-06
 1.65224505E-06
 1.65219862E-06
 1.65219903E-06
 1.65220148E-06
 1.65220216E-06
 1.65220352E-06
 1.65220459E-06
 1.65220516E-06
 1.65220523E-06
 1.65220500E-06
 1.65220574E-06
 1.65220650E-06
 1.65220599E-06
 1.65220585E-06
 1.65220571E-06
 1.65220627E-06
 1.65220750E-06
 1.65220688E-06
 1.65220693E-06
 1.65220831E-06
 1.65220852E-06
 1.65220722E-06
 1.65220845E-06
 1.65220884E-06
 1.65220873E-06
 1.65220865E-06
 1.65220993E-06
 1.65220914E-06
 1.65220970E-06
 1.65221004E-06
 1.65221049E-06
 1.65221018E-06
 1.65221116E-06
 1.65221137E-06
 1.65221112E-06
 1.65221190E-06
 1.65221223E-06
 1.65221239E-06
 1.65221303E-06
 1.65221329E-06
 1.65221483E-06
 1.65221537E-06
 1.65221614E-06
 1.65221702E-06
 1.65221811E-06
 1.65221879E-06
 1.65221967E-06
 1.65222105E-06
 1.65222148E-06
 1.65222239E-06
 1.65222406E-06
 1.65222429E-06
 1.65222556E-06
 1.65222677E-06
 1.65222712E-06
 1.65222798E-06
 1.65222906E-06
 1.65222986E-06
 1.65223114E-06
 1.65223270E-06
 1.65223289E-06
 1.65223441E-06
 1.65223513E-06
 1.65223609E-06
 1.65223683E-06
 1.65223732E-06
 1.65223888E-06
 1.65224019E-06
 1.65224104E-06
 1.65224163E-06
 1.65224305E-06
 1.65224428E-06
 1.65224504E-06
 1.65224559E-06
 1.65224648E-06
 1.65224743E-06
 1.65224897E-06
 1.65225056E-06
 1.65225126E-06
 1.65225181E-06
 1.65225319E-06
 1.65225394E-06
 1.65225550E-06
 1.65225599E-06
 1.65225779E-06
 1.65225851E-06
 1.65225911E-06
 1.65226082E-06
 1.65226169E-06
 1.65226225E-06
 1.65226388E-06
 1.65226449E-06
 1.65226572E-06
 1.65226688E-06
 1.65226751E-06
 1.65221965E-06
 1.65222080E-06
 1.65222170E-06
 1.65222144E-06
 1.65222256E-06
 1.65222253E-06
 1.65222343E-06
 1.65222409E-06
 1.65222453E-06
 1.65222497E-06
 1.65222610E-06
 1.65222656E-06
 1.65222770E-06
 1.65222818E-06
 1.65222866E-06
 1.65222915E-06
 1.65222989E-06
 1.65223063E-06
 1.65223072E-06
 1.65223194E-06
 1.65223251E-06
 1.65223220E-06
 1.65223348E-06
 1.65223387E-06
 1.65223451E-06
 1.65223473E-06
 1.65223606E-06
 1.65223675E-06
 1.65223704E-06
 1.65223778E-06
 1.65223875E-06
 1.65223932E-06
 1.65223926E-06
 1.65224051E-06
 1.65224113E-06
 1.65224136E-06
 1.65224203E-06
 1.65224272E-06
 1.65224384E-06
 1.65224435E-06
 1.65224509E-06
 1.65224543E-06
 1.65224641E-06
 1.65224699E-06
 1.65224736E-06
 1.65224796E-06
 1.65224917E-06
 1.65224957E-06
 1.65225038E-06
 1.65225098E-06
 1.65225198E-06
 1.65225236E-06
 1.65225293E-06
 1.65225348E-06
 1.65225401E-06
 1.65225490E-06
 1.65225556E-06
 1.65225676E-06
 1.65225712E-06
 1.65225801E-06
 1.65225902E-06
 1.65225955E-06
 1.65225979E-06
 1.65218075E-06
 1.65217312E-06
 1.65216779E-06
 1.65216285E-06
 1.65221239E-06
 1.65221211E-06
 1.65221110E-06
 1.65221062E-06
 1.65221007E-06
 1.65220969E-06
 1.65221004E-06
 1.65220909E-06
 1.65220937E-06
 1.65220906E-06
 1.65220851E-06
 1.65220854E-06
 1.65220839E-06
 1.65220821E-06
 1.65220788E-06
 1.65220820E-06
 1.65220809E-06
 1.65220754E-06
 1.65220783E-06
 1.65220798E-06
 1.65220776E-06
 1.65220731E-06
 1.65220761E-06
 1.65220732E-06
 1.65220762E-06
 1.65220748E-06
 1.65220772E-06
 1.65220759E-06
 1.65220759E-06
 1.65220770E-06
 1.65220797E-06
 1.65220781E-06
 1.65220791E-06
 1.65220768E-06
 1.65220771E-06
 1.65220801E-06
 1.65220810E-06
 1.65220801E-06
 1.65220829E-06
 1.65220830E-06
 1.65220857E-06
 1.65220893E-06
 1.65220893E-06
 1.65220882E-06
 1.65220899E-06
 1.65220928E-06
 1.65220936E-06
 1.65220952E-06
 1.65220951E-06
 1.65220970E-06
 1.65220995E-06
 1.65221034E-06
 1.65221037E-06
 1.65221051E-06
 1.65221067E-06
 1.65221079E-06
 1.65221114E-06
 1.65221121E-06
 1.65221162E-06
 1.65221180E-06
 1.65221183E-06
 1.65221225E-06
 1.65221255E-06
 1.65221276E-06
 1.65221259E-06
 1.65221246E-06
 1.65221233E-06
 1.65221209E-06
 1.65221190E-06
 1.65221168E-06
 1.65221147E-06
 1.65221142E-06
 1.65221141E-06
 1.65221126E-06
 1.65221100E-06
 1.65221112E-06
 1.65221087E-06
 1.65221085E-06
 1.65221080E-06
 1.65221086E-06
 1.65221086E-06
 1.65221069E-06
 1.65221089E-06
 1.65221081E-06
 1.65221073E-06
 1.65221098E-06
 1.65221099E-06
 1.65221099E-06
 1.65221115E-06
 1.65221131E-06
 1.65221141E-06
 1.65221180E-06
 1.65221202E-06
 1.65221224E-06
 1.65221245E-06
 1.65221420E-06
 1.65221849E-06
 1.65222307E-06
 1.65222752E-06
 1.65218501E-06
 1.65219254E-06
 1.65220024E-06
 1.65220851E-06
 1.65221235E-06
 1.65221163E-06
 1.65221161E-06
 1.65221216E-06
 1.53469263E-04
 4.25463117E-04
 9.49483686E-04
 2.40550553E-04
 1.14448917E-16
 1.14213909E-16
 2.27959728E-16
 0.00000000E+00
 1.13514640E-16
 0.00000000E+00
 0.00000000E+00
 0.00000000E+00
 1.12595493E-16
 1.12368027E-16
 0.00000000E+00
 0.00000000E+00
 9.23815021E-02
 1.93060772E-01
 4.42000000E-01
 0.00000000E+00
 0.00000000E+00
 0.00000000E+00
 0.00000000E+00
 0.00000000E+00
 0.00000000E+00
 0.00000000E+00
 0.00000000E+00
 0.00000000E+00
 0.00000000E+00
 0.00000000E+00
 0.00000000E+00
 0.00000000E+00
 0.00000000E+00
 0.00000000E+00
 0.00000000E+00
 0.00000000E+00
 0.00000000E+00
 0.00000000E+00
 0.00000000E+00
 0.00000000E+00
 0.00000000E+00
 0.00000000E+00
 0.00000000E+00
 0.00000000E+00
 0.00000000E+00
 0.00000000E+00
 0.00000000E+00
 0.00000000E+00
 0.00000000E+00
 0.00000000E+00
 0.00000000E+00
 0.00000000E+00
 0.00000000E+00
 0.00000000E+00
 0.00000000E+00
 0.00000000E+00
 0.00000000E+00
 0.00000000E+00
 0.00000000E+00
 0.00000000E+00
 0.00000000E+00
 0.00000000E+00
 0.00000000E+00
 0.00000000E+00
 0.00000000E+00
 0.00000000E+00
 0.00000000E+00
 0.00000000E+00
 0.00000000E+00
 0.00000000E+00
 0.00000000E+00
 0.00000000E+00
 0.00000000E+00
 0.00000000E+00
 0.00000000E+00
 0.00000000E+00
 0.00000000E+00
 0.00000000E+00
 0.00000000E+00
 0.00000000E+00
 0.00000000E+00
 0.00000000E+00
 0.00000000E+00
 0.00000000E+00
 0.00000000E+00
 0.00000000E+00
 0.00000000E+00
 0.00000000E+00
 0.00000000E+00
 0.00000000E+00
 0.00000000E+00
 0.00000000E+00
 0.00000000E+00
 0.00000000E+00
 0.00000000E+00
 0.00000000E+00
 0.00000000E+00
 0.00000000E+00
 0.00000000E+00
 0.00000000E+00
 0.00000000E+00
 0.00000000E+00
 0.00000000E+00
 0.00000000E+00
 0.00000000E+00
 0.00000000E+00
 0.00000000E+00
 0.00000000E+00
 0.00000000E+00
 0.00000000E+00
 0.00000000E+00
 0.00000000E+00
 0.00000000E+00
 0.00000000E+00
 0.00000000E+00
 0.00000000E+00
 0.00000000E+00
 0.00000000E+00
 0.00000000E+00
 0.00000000E+00
 0.00000000E+00
 0.00000000E+00
 0.00000000E+00
 0.00000000E+00
 0.00000000E+00
 0.00000000E+00
 0.00000000E+00
 0.00000000E+00
 0.00000000E+00
 0.00000000E+00
 0.00000000E+00
 0.00000000E+00
 0.00000000E+00
 0.00000000E+00
 0.00000000E+00
 0.00000000E+00
 0.00000000E+00
 0.00000000E+00
 0.00000000E+00
 0.00000000E+00
 0.00000000E+00
 0.00000000E+00
 0.00000000E+00
 0.00000000E+00
 0.00000000E+00
 0.00000000E+00
 0.00000000E+00
 0.00000000E+00
 0.00000000E+00
 0.00000000E+00
 0.00000000E+00
 0.00000000E+00
 0.00000000E+00
 0.00000000E+00
 0.00000000E+00
 0.00000000E+00
 0.00000000E+00
 0.00000000E+00
 0.00000000E+00
 0.00000000E+00
 0.00000000E+00
 0.00000000E+00
 0.00000000E+00
 0.00000000E+00
 0.00000000E+00
 0.00000000E+00
 0.00000000E+00
 0.00000000E+00
 0.00000000E+00
 0.00000000E+00
 0.00000000E+00
 0.00000000E+00
 0.00000000E+00
 0.00000000E+00
 0.00000000E+00
 0.00000000E+00
 0.00000000E+00
 0.00000000E+00
 0.00000000E+00
 0.00000000E+00
 0.00000000E+00
 0.00000000E+00
 0.00000000E+00
 0.00000000E+00
 0.00000000E+00
 4.97039443E-01
 3.04288091E-01
 9.12863677E-02
 1.30589115E-01
 1.17486985E-01
 2.10859132E-02
 1.82122694E-06
 1.82122854E-06
 1.31228255E-01
 2.11473130E-02
 1.82123436E-06
 1.82123656E-06
 1.82123891E-06
 1.82118990E-06
 1.82119399E-06
 1.82119758E-06
 1.82120193E-06
 1.82120787E-06
 1.82121220E-06
 1.82121667E-06
 1.82122035E-06
 1.82122554E-06
 2.33375382E-02
 1.82122733E-06
 1.82122726E-06
 1.82122765E-06
 1.82122921E-06
 1.82122985E-06
 1.82123063E-06
 1.82123167E-06
 1.82123252E-06
 1.82123146E-06
 1.82123284E-06
 1.82123306E-06
 1.82123474E-06
 1.82123518E-06
 1.82123535E-06
 1.82123655E-06
 1.82123900E-06
 1.82124145E-06
 1.82124363E-06
 1.82124589E-06
 1.82124820E-06
 1.82125029E-06
 1.82125290E-06
 1.82125597E-06
 1.82125752E-06
 1.82120989E-06
 1.82121127E-06
 1.82121394E-06
 1.82121462E-06
 1.82121562E-06
 1.82121729E-06
 1.82121653E-06
 1.82121698E-06
 1.82121675E-06
 1.82121787E-06
 1.82121771E-06
 1.82121759E-06
 1.82121819E-06
 1.82121915E-06
 1.82121952E-06
 1.82121933E-06
 1.82121981E-06
 1.82121914E-06
 1.82121982E-06
 1.82122023E-06
 1.82121949E-06
 1.82122039E-06
 1.82122046E-06
 1.82122125E-06
 1.82122153E-06
 1.82122163E-06
 1.82122122E-06
 1.82122215E-06
 1.82122201E-06
 1.82122199E-06
 1.82122241E-06
 1.82122358E-06
 1.82122366E-06
 1.82122277E-06
 1.82122378E-06
 1.82122348E-06
 1.82122452E-06
 1.82122487E-06
 1.82122601E-06
 1.82122647E-06
 1.82122738E-06
 1.82122791E-06
 1.82122980E-06
 1.82123016E-06
 1.82123074E-06
 1.82123265E-06
 1.82123281E-06
 1.82123348E-06
 1.82123462E-06
 1.82123574E-06
 1.82123681E-06
 1.82123785E-06
 1.82123912E-06
 1.82123955E-06
 1.82124051E-06
 1.82124090E-06
 1.82124238E-06
 1.82124359E-06
 1.82124479E-06
 1.82124521E-06
 1.82124590E-06
 1.82124793E-06
 1.82124867E-06
 1.82124919E-06
 1.82125081E-06
 1.82125114E-06
 1.82125283E-06
 1.82125276E-06
 1.82125431E-06
 1.82125540E-06
 1.82125631E-06
 1.82125731E-06
 1.82125839E-06
 1.82125954E-06
 1.82126030E-06
 1.82126166E-06
 1.82126235E-06
 1.82126344E-06
 1.82126412E-06
 1.82126518E-06
 1.82126662E-06
 1.82126744E-06
 1.82126889E-06
 1.82127025E-06
 1.82127053E-06
 1.82127168E-06
 1.82127253E-06
 1.82127450E-06
 1.82127519E-06
 1.82127653E-06
 1.82127687E-06
 1.82127809E-06
 1.82127976E-06
 1.82123106E-06
 1.82123214E-06
 1.82123342E-06
 1.82123378E-06
 1.82123391E-06
 1.82123475E-06
 1.82123536E-06
 1.82123574E-06
 1.82123614E-06
 1.82123655E-06
 1.82123765E-06
 1.82123809E-06
 1.82123921E-06
 1.82123968E-06
 1.82124016E-06
 1.82124065E-06
 1.82124139E-06
 1.82124237E-06
 1.82124271E-06
 1.82124306E-06
 1.82124388E-06
 1.82124495E-06
 1.82124537E-06
 1.82124516E-06
 1.82124630E-06
 1.82124680E-06
 1.82124712E-06
 1.82124833E-06
 1.82124935E-06
 1.82124952E-06
 1.82125038E-06
 1.82125084E-06
 1.82125153E-06
 1.82125183E-06
 1.82125280E-06
 1.82125294E-06
 1.82125375E-06
 1.82125479E-06
 1.82125544E-06
 1.82125570E-06
 1.82125682E-06
 1.82125692E-06
 1.82125787E-06
 1.82125823E-06
 1.82125963E-06
 1.82126022E-06
 1.82126023E-06
 1.82126085E-06
 1.82126230E-06
 1.82126294E-06
 1.82126318E-06
 1.82126382E-06
 1.82126487E-06
 1.82126509E-06
 1.82126651E-06
 1.82126691E-06
 1.82126768E-06
 1.82126821E-06
 1.82126871E-06
 1.82126995E-06
 1.82127014E-06
 1.82127125E-06
 1.82127209E-06
 1.82127263E-06
 1.82119401E-06
 1.82118511E-06
 1.82118004E-06
 1.82117512E-06
 1.82122436E-06
 1.82122429E-06
 1.82122363E-06
 1.82122278E-06
 1.82122247E-06
 1.82122190E-06
 1.82122208E-06
 1.82122163E-06
 1.82122141E-06
 1.82122076E-06
 1.82122063E-06
 1.82122092E-06
 1.82122070E-06
 1.82122050E-06
 1.82122042E-06
 1.82122034E-06
 1.82121972E-06
 1.82121987E-06
 1.82122004E-06
 1.82121982E-06
 1.82122008E-06
 1.82121949E-06
 1.82121961E-06
 1.82121999E-06
 1.82121980E-06
 1.82121970E-06
 1.82121956E-06
 1.82121999E-06
 1.82121961E-06
 1.82121977E-06
 1.82121995E-06
 1.82122004E-06
 1.82122008E-06
 1.82122012E-06
 1.82122038E-06
 1.82122001E-06
 1.82122029E-06
 1.82122036E-06
 1.82122070E-06
 1.82122038E-06
 1.82122075E-06
 1.82122102E-06
 1.82122072E-06
 1.82122092E-06
 1.82122146E-06
 1.82122141E-06
 1.82122156E-06
 1.82122145E-06
 1.82122192E-06
 1.82122189E-06
 1.82122215E-06
 1.82122238E-06
 1.82122251E-06
 1.82122255E-06
 1.82122268E-06
 1.82122327E-06
 1.82122333E-06
 1.82122335E-06
 1.82122363E-06
 1.82122391E-06
 1.82122403E-06
 1.82122446E-06
 1.82122475E-06
 1.82122486E-06
 1.82122478E-06
 1.82122452E-06
 1.82122438E-06
 1.82122425E-06
 1.82122428E-06
 1.82122402E-06
 1.82122376E-06
 1.82122358E-06
 1.82122375E-06
 1.82122347E-06
 1.82122333E-06
 1.82122323E-06
 1.82122316E-06
 1.82122325E-06
 1.82122298E-06
 1.82122310E-06
 1.82122294E-06
 1.82122289E-06
 1.82122296E-06
 1.82122301E-06
 1.82122312E-06
 1.82122296E-06
 1.82122325E-06
 1.82122323E-06
 1.82122345E-06
 1.82122359E-06
 1.82122368E-06
 1.82122387E-06
 1.82122413E-06
 1.82122447E-06
 1.82122480E-06
 1.82122630E-06
 1.82123086E-06
 1.82123540E-06
 1.82123999E-06
 1.82119707E-06
 1.82120462E-06
 1.82121242E-06
 1.82122070E-06
 1.82122459E-06
 1.82122389E-06
 1.82122379E-06
 1.82122442E-06
 1.46999624E-04
 4.07945803E-04
 9.27548761E-04
 2.34476044E-04
 1.14448917E-16
 1.14213909E-16
 0.00000000E+00
 1.13746776E-16
 0.00000000E+00
 0.00000000E+00
 0.00000000E+00
 0.00000000E+00
 0.00000000E+00
 1.12368027E-16
 1.12141479E-16
 0.00000000E+00
 8.86299690E-02
 1.85220741E-01
 4.34000000E-01
 0.00000000E+00
 0.00000000E+00
 0.00000000E+00
 0.00000000E+00
 0.00000000E+00
 0.00000000E+00
 0.00000000E+00
 0.00000000E+00
 0.00000000E+00
 0.00000000E+00
 0.00000000E+00
 0.00000000E+00
 0.00000000E+00
 0.00000000E+00
 0.00000000E+00
 0.00000000E+00
 0.00000000E+00
 0.00000000E+00
 0.00000000E+00
 0.00000000E+00
 0.00000000E+00
 0.00000000E+00
 0.00000000E+00
 0.00000000E+00
 0.00000000E+00
 0.00000000E+00
 0.00000000E+00
 0.00000000E+00
 0.00000000E+00
 0.00000000E+00
 0.00000000E+00
 0.00000000E+00
 0.00000000E+00
 0.00000000E+00
 0.00000000E+00
 0.00000000E+00
 0.00000000E+00
 0.00000000E+00
 0.00000000E+00
 0.00000000E+00
 0.00000000E+00
 0.00000000E+00
 0.00000000E+00
 0.00000000E+00
 0.00000000E+00
 0.00000000E+00
 0.00000000E+00
 0.00000000E+00
 0.00000000E+00
 0.00000000E+00
 0.00000000E+00
 0.00000000E+00
 0.00000000E+00
 0.00000000E+00
 0.00000000E+00
 0.00000000E+00
 0.00000000E+00
 0.00000000E+00
 0.00000000E+00
 0.00000000E+00
 0.00000000E+00
 0.00000000E+00
 0.00000000E+00
 0.00000000E+00
 0.00000000E+00
 0.00000000E+00
 0.00000000E+00
 0.00000000E+00
 0.00000000E+00
 0.00000000E+00
 0.00000000E+00
 0.00000000E+00
 0.00000000E+00
 0.00000000E+00
 0.00000000E+00
 0.00000000E+00
 0.00000000E+00
 0.00000000E+00
 0.00000000E+00
 0.00000000E+00
 0.00000000E+00
 0.00000000E+00
 0.00000000E+00
 0.00000000E+00
 0.00000000E+00
 0.00000000E+00
 0.00000000E+00
 0.00000000E+00
 0.00000000E+00
 0.00000000E+00
 0.00000000E+00
 0.00000000E+00
 0.00000000E+00
 0.00000000E+00
 0.00000000E+00
 0.00000000E+00
 0.00000000E+00
 0.00000000E+00
 0.00000000E+00
 0.00000000E+00
 0.00000000E+00
 0.00000000E+00
 0.00000000E+00
 0.00000000E+00
 0.00000000E+00
 0.00000000E+00
 0.00000000E+00
 0.00000000E+00
 0.00000000E+00
 0.00000000E+00
 0.00000000E+00
 0.00000000E+00
 0.00000000E+00
 0.00000000E+00
 0.00000000E+00
 0.00000000E+00
 0.00000000E+00
 0.00000000E+00
 0.00000000E+00
 0.00000000E+00
 0.00000000E+00
 0.00000000E+00
 0.00000000E+00
 0.00000000E+00
 0.00000000E+00
 0.00000000E+00
 0.00000000E+00
 0.00000000E+00
 0.00000000E+00
 0.00000000E+00
 0.00000000E+00
 0.00000000E+00
 0.00000000E+00
 0.00000000E+00
 0.00000000E+00
 0.00000000E+00
 0.00000000E+00
 0.00000000E+00
 0.00000000E+00
 0.00000000E+00
 0.00000000E+00
 0.00000000E+00
 0.00000000E+00
 0.00000000E+00
 0.00000000E+00
 0.00000000E+00
 0.00000000E+00
 0.00000000E+00
 0.00000000E+00
 0.00000000E+00
 0.00000000E+00
 0.00000000E+00
 0.00000000E+00
 0.00000000E+00
 0.00000000E+00
 0.00000000E+00
 0.00000000E+00
 0.00000000E+00
 0.00000000E+00
 0.00000000E+00
 0.00000000E+00
 0.00000000E+00
 0.00000000E+00
 0.00000000E+00
 0.00000000E+00
 0.00000000E+00
 5.18332903E-01
 3.33741920E-01
 1.14716350E-01
 1.19398533E-01
 1.12512801E-01
 2.01929889E-02
 1.97002284E-06
 1.97002582E-06
 1.34592032E-01
 2.16894682E-02
 1.97003046E-06
 1.97003333E-06
 1.97003504E-06
 1.96998461E-06
 1.96999023E-06
 1.96999492E-06
 1.96999854E-06
 1.97000378E-06
 1.97000878E-06
 1.97001303E-06
 1.97001783E-06
 1.97002149E-06
 2.39356295E-02
 1.97002412E-06
 1.97002491E-06
 1.97002552E-06
 1.97002580E-06
 1.97002712E-06
 1.97002645E-06
 1.97002756E-06
 1.97002784E-06
 1.97002812E-06
 1.97002979E-06
 1.97003114E-06
 1.97003026E-06
 1.97003165E-06
 1.97003196E-06
 1.97003351E-06
 1.97003557E-06
 1.97003782E-06
 1.97003982E-06
 1.97004332E-06
 1.97004527E-06
 1.97004780E-06
 1.97004911E-06
 1.97005306E-06
 1.97005450E-06
 1.97000779E-06
 1.97000875E-06
 1.97001006E-06
 1.97001074E-06
 1.97001211E-06
 1.97001319E-06
 1.97001448E-06
 1.97001359E-06
 1.97001445E-06
 1.97001534E-06
 1.97001498E-06
 1.97001500E-06
 1.97001540E-06
 1.97001560E-06
 1.97001615E-06
 1.97001556E-06
 1.97001531E-06
 1.97001553E-06
 1.97001709E-06
 1.97001716E-06
 1.97001674E-06
 1.97001764E-06
 1.97001717E-06
 1.97001831E-06
 1.97001807E-06
 1.97001766E-06
 1.97001828E-06
 1.97001905E-06
 1.97001908E-06
 1.97001924E-06
 1.97002017E-06
 1.97001949E-06
 1.97001925E-06
 1.97002007E-06
 1.97002076E-06
 1.97002080E-06
 1.97002069E-06
 1.97002224E-06
 1.97002176E-06
 1.97002374E-06
 1.97002451E-06
 1.97002491E-06
 1.97002668E-06
 1.97002755E-06
 1.97002833E-06
 1.97002933E-06
 1.97002922E-06
 1.97003152E-06
 1.97003190E-06
 1.97003306E-06
 1.97003420E-06
 1.97003450E-06
 1.97003615E-06
 1.97003617E-06
 1.97003811E-06
 1.97003840E-06
 1.97003903E-06
 1.97004045E-06
 1.97004110E-06
 1.97004205E-06
 1.97004281E-06
 1.97004489E-06
 1.97004571E-06
 1.97004631E-06
 1.97004727E-06
 1.97004855E-06
 1.97004885E-06
 1.97005003E-06
 1.97005152E-06
 1.97005210E-06
 1.97005251E-06
 1.97005405E-06
 1.97005520E-06
 1.97005617E-06
 1.97005730E-06
 1.97005777E-06
 1.97005939E-06
 1.97005989E-06
 1.97006178E-06
 1.97006209E-06
 1.97006378E-06
 1.97006441E-06
 1.97006542E-06
 1.97006687E-06
 1.97006726E-06
 1.97006905E-06
 1.97006933E-06
 1.97007100E-06
 1.97007167E-06
 1.97007326E-06
 1.97007385E-06
 1.97007490E-06
 1.97007616E-06
 1.97002858E-06
 1.97002871E-06
 1.97002930E-06
 1.97002992E-06
 1.97003100E-06
 1.97003117E-06
 1.97003204E-06
 1.97003293E-06
 1.97003293E-06
 1.97003386E-06
 1.97003456E-06
 1.97003461E-06
 1.97003559E-06
 1.97003592E-06
 1.97003717E-06
 1.97003776E-06
 1.97003838E-06
 1.97003858E-06
 1.97003904E-06
 1.97004040E-06
 1.97004070E-06
 1.97004102E-06
 1.97004182E-06
 1.97004220E-06
 1.97004284E-06
 1.97004395E-06
 1.97004466E-06
 1.97004474E-06
 1.97004552E-06
 1.97004590E-06
 1.97004653E-06
 1.97004784E-06
 1.97004790E-06
 1.97004842E-06
 1.97004940E-06
 1.97005000E-06
 1.97005083E-06
 1.97005150E-06
 1.97005261E-06
 1.97005251E-06
 1.97005348E-06
 1.97005406E-06
 1.97005488E-06
 1.97005593E-06
 1.97005639E-06
 1.97005708E-06
 1.97005779E-06
 1.97005790E-06
 1.97005865E-06
 1.97005941E-06
 1.97005998E-06
 1.97006096E-06
 1.97006153E-06
 1.97006230E-06
 1.97006326E-06
 1.97006341E-06
 1.97006414E-06
 1.97006524E-06
 1.97006630E-06
 1.97006672E-06
 1.97006768E-06
 1.97006798E-06
 1.97006880E-06
 1.97006933E-06
 1.96999192E-06
 1.96998200E-06
 1.96997665E-06
 1.96997181E-06
 1.97002160E-06
 1.97002087E-06
 1.97002043E-06
 1.97001961E-06
 1.97001953E-06
 1.97001873E-06
 1.97001871E-06
 1.97001851E-06
 1.97001791E-06
 1.97001798E-06
 1.97001726E-06
 1.97001725E-06
 1.97001697E-06
 1.97001687E-06
 1.97001694E-06
 1.97001690E-06
 1.97001643E-06
 1.97001644E-06
 1.97001622E-06
 1.97001645E-06
 1.97001635E-06
 1.97001607E-06
 1.97001663E-06
 1.97001629E-06
 1.97001608E-06
 1.97001606E-06
 1.97001615E-06
 1.97001660E-06
 1.97001656E-06
 1.97001646E-06
 1.97001672E-06
 1.97001623E-06
 1.97001655E-06
 1.97001692E-06
 1.97001696E-06
 1.97001704E-06
 1.97001669E-06
 1.97001699E-06
 1.97001727E-06
 1.97001704E-06
 1.97001739E-06
 1.97001729E-06
 1.97001763E-06
 1.97001750E-06
 1.97001803E-06
 1.97001797E-06
 1.97001809E-06
 1.97001810E-06
 1.97001867E-06
 1.97001883E-06
 1.97001883E-06
 1.97001878E-06
 1.97001914E-06
 1.97001931E-06
 1.97001948E-06
 1.97001959E-06
 1.97001991E-06
 1.97001995E-06
 1.97002030E-06
 1.97002057E-06
 1.97002084E-06
 1.97002115E-06
 1.97002109E-06
 1.97002157E-06
 1.97002145E-06
 1.97002139E-06
 1.97002118E-06
 1.97002083E-06
 1.97002070E-06
 1.97002079E-06
 1.97002060E-06
 1.97002037E-06
 1.97002021E-06
 1.97002018E-06
 1.97002004E-06
 1.97001986E-06
 1.97001970E-06
 1.97001971E-06
 1.97001965E-06
 1.97001971E-06
 1.97001964E-06
 1.97001968E-06
 1.97001967E-06
 1.97001972E-06
 1.97001979E-06
 1.97001967E-06
 1.97001971E-06
 1.97001984E-06
 1.97002006E-06
 1.97002025E-06
 1.97002035E-06
 1.97002060E-06
 1.97002084E-06
 1.97002113E-06
 1.97002136E-06
 1.97002308E-06
 1.97002755E-06
 1.97003201E-06
 1.97003672E-06
 1.96999361E-06
 1.97000117E-06
 1.97000906E-06
 1.97001734E-06
 1.97002132E-06
 1.97002053E-06
 1.97002039E-06
 1.97002115E-06
 1.40550311E-04
 3.90449010E-04
 9.05634443E-04
 2.28401536E-04
 3.43346750E-16
 1.14213909E-16
 1.13979864E-16
 0.00000000E+00
 0.00000000E+00
 0.00000000E+00
 1.13053198E-16
 1.12823881E-16
 1.12595493E-16
 2.24736055E-16
 0.00000000E+00
 1.11915842E-16
 8.48784359E-02
 1.77380710E-01
 4.26000000E-01
 0.00000000E+00
 0.00000000E+00
 0.00000000E+00
 0.00000000E+00
 0.00000000E+00
 0.00000000E+00
 0.00000000E+00
 0.00000000E+00
 0.00000000E+00
 0.00000000E+00
 0.00000000E+00
 0.00000000E+00
 0.00000000E+00
 0.00000000E+00
 0.00000000E+00
 0.00000000E+00
 0.00000000E+00
 0.00000000E+00
 0.00000000E+00
 0.00000000E+00
 0.00000000E+00
 0.00000000E+00
 0.00000000E+00
 0.00000000E+00
 0.00000000E+00
 0.00000000E+00
 0.00000000E+00
 0.00000000E+00
 0.00000000E+00
 0.00000000E+00
 0.00000000E+00
 0.00000000E+00
 0.00000000E+00
 0.00000000E+00
 0.00000000E+00
 0.00000000E+00
 0.00000000E+00
 0.00000000E+00
 0.00000000E+00
 0.00000000E+00
 0.00000000E+00
 0.00000000E+00
 0.00000000E+00
 0.00000000E+00
 0.00000000E+00
 0.00000000E+00
 0.00000000E+00
 0.00000000E+00
 0.00000000E+00
 0.00000000E+00
 0.00000000E+00
 0.00000000E+00
 0.00000000E+00
 0.00000000E+00
 0.00000000E+00
 0.00000000E+00
 0.00000000E+00
 0.00000000E+00
 0.00000000E+00
 0.00000000E+00
 0.00000000E+00
 0.00000000E+00
 0.00000000E+00
 0.00000000E+00
 0.00000000E+00
 0.00000000E+00
 0.00000000E+00
 0.00000000E+00
 0.00000000E+00
 0.00000000E+00
 0.00000000E+00
 0.00000000E+00
 0.00000000E+00
 0.00000000E+00
 0.00000000E+00
 0.00000000E+00
 0.00000000E+00
 0.00000000E+00
 0.00000000E+00
 0.00000000E+00
 0.00000000E+00
 0.00000000E+00
 0.00000000E+00
 0.00000000E+00
 0.00000000E+00
 0.00000000E+00
 0.00000000E+00
 0.00000000E+00
 0.00000000E+00
 0.00000000E+00
 0.00000000E+00
 0.00000000E+00
 0.00000000E+00
 0.00000000E+00
 0.00000000E+00
 0.00000000E+00
 0.00000000E+00
 0.00000000E+00
 0.00000000E+00
 0.00000000E+00
 0.00000000E+00
 0.00000000E+00
 0.00000000E+00
 0.00000000E+00
 0.00000000E+00
 0.00000000E+00
 0.00000000E+00
 0.00000000E+00
 0.00000000E+00
 0.00000000E+00
 0.00000000E+00
 0.00000000E+00
 0.00000000E+00
 0.00000000E+00
 0.00000000E+00
 0.00000000E+00
 0.00000000E+00
 0.00000000E+00
 0.00000000E+00
 0.00000000E+00
 0.00000000E+00
 0.00000000E+00
 0.00000000E+00
 0.00000000E+00
 0.00000000E+00
 0.00000000E+00
 0.00000000E+00
 0.00000000E+00
 0.00000000E+00
 0.00000000E+00
 0.00000000E+00
 0.00000000E+00
 0.00000000E+00
 0.00000000E+00
 0.00000000E+00
 0.00000000E+00
 0.00000000E+00
 0.00000000E+00
 0.00000000E+00
 0.00000000E+00
 0.00000000E+00
 0.00000000E+00
 0.00000000E+00
 0.00000000E+00
 0.00000000E+00
 0.00000000E+00
 0.00000000E+00
 0.00000000E+00
 0.00000000E+00
 0.00000000E+00
 0.00000000E+00
 0.00000000E+00
 0.00000000E+00
 0.00000000E+00
 0.00000000E+00
 0.00000000E+00
 0.00000000E+00
 0.00000000E+00
 0.00000000E+00
 0.00000000E+00
 0.00000000E+00
 0.00000000E+00
 0.00000000E+00
 0.00000000E+00
 0.00000000E+00
 0.00000000E+00
 5.39625990E-01
 3.63195232E-01
 1.38145914E-01
 1.08208166E-01
 1.07538725E-01
 1.93001005E-02
 2.09863513E-06
 2.09863790E-06
 1.37955733E-01
 2.22315943E-02
 2.09864343E-06
 2.09864379E-06
 2.09864559E-06
 2.09859667E-06
 2.09860102E-06
 2.09860584E-06
 2.09861118E-06
 2.09861544E-06
 2.09862104E-06
 2.09862413E-06
 2.09862934E-06
 2.09863341E-06
 2.45337313E-02
 2.09863588E-06
 2.09863577E-06
 2.09863742E-06
 2.09863809E-06
 2.09863790E-06
 2.09863808E-06
 2.09863941E-06
 2.09864034E-06
 2.09863982E-06
 2.09864112E-06
 2.09864254E-06
 2.09864296E-06
 2.09864381E-06
 2.09864340E-06
 2.09864529E-06
 2.09864750E-06
 2.09864993E-06
 2.09865291E-06
 2.09865500E-06
 2.09865736E-06
 2.09865894E-06
 2.09866185E-06
 2.09866369E-06
 2.09866580E-06
 2.09861860E-06
 2.09862021E-06
 2.09862083E-06
 2.09862348E-06
 2.09862320E-06
 2.09862531E-06
 2.09862590E-06
 2.09862675E-06
 2.09862634E-06
 2.09862600E-06
 2.09862735E-06
 2.09862652E-06
 2.09862679E-06
 2.09862742E-06
 2.09862658E-06
 2.09862679E-06
 2.09862805E-06
 2.09862816E-06
 2.09862747E-06
 2.09862814E-06
 2.09862799E-06
 2.09862895E-06
 2.09862908E-06
 2.09862996E-06
 2.09862979E-06
 2.09862946E-06
 2.09863051E-06
 2.09863051E-06
 2.09863097E-06
 2.09863103E-06
 2.09863122E-06
 2.09863165E-06
 2.09863166E-06
 2.09863156E-06
 2.09863167E-06
 2.09863283E-06
 2.09863249E-06
 2.09863380E-06
 2.09863394E-06
 2.09863488E-06
 2.09863608E-06
 2.09863691E-06
 2.09863799E-06
 2.09863931E-06
 2.09863974E-06
 2.09864099E-06
 2.09864166E-06
 2.09864233E-06
 2.09864380E-06
 2.09864445E-06
 2.09864619E-06
 2.09864631E-06
 2.09864808E-06
 2.09864824E-06
 2.09864953E-06
 2.09865027E-06
 2.09865135E-06
 2.09865274E-06
 2.09865338E-06
 2.09865432E-06
 2.09865508E-06
 2.09865670E-06
 2.09865707E-06
 2.09865885E-06
 2.09865861E-06
 2.09865977E-06
 2.09866051E-06
 2.09866214E-06
 2.09866334E-06
 2.09866364E-06
 2.09866509E-06
 2.09866590E-06
 2.09866709E-06
 2.09866792E-06
 2.09866865E-06
 2.09867028E-06
 2.09867106E-06
 2.09867273E-06
 2.09867309E-06
 2.09867513E-06
 2.09867558E-06
 2.09867625E-06
 2.09867783E-06
 2.09867837E-06
 2.09867962E-06
 2.09868035E-06
 2.09868247E-06
 2.09868362E-06
 2.09868379E-06
 2.09868489E-06
 2.09868648E-06
 2.09868759E-06
 2.09864022E-06
 2.09864012E-06
 2.09864074E-06
 2.09864140E-06
 2.09864251E-06
 2.09864272E-06
 2.09864365E-06
 2.09864367E-06
 2.09864463E-06
 2.09864471E-06
 2.09864572E-06
 2.09864584E-06
 2.09864714E-06
 2.09864779E-06
 2.09864846E-06
 2.09864848E-06
 2.09864943E-06
 2.09864997E-06
 2.09865077E-06
 2.09865093E-06
 2.09865159E-06
 2.09865249E-06
 2.09865299E-06
 2.09865374E-06
 2.09865409E-06
 2.09865493E-06
 2.09865559E-06
 2.09865651E-06
 2.09865725E-06
 2.09865738E-06
 2.09865821E-06
 2.09865865E-06
 2.09865978E-06
 2.09866029E-06
 2.09866087E-06
 2.09866169E-06
 2.09866212E-06
 2.09866324E-06
 2.09866313E-06
 2.09866433E-06
 2.09866452E-06
 2.09866579E-06
 2.09866585E-06
 2.09866699E-06
 2.09866774E-06
 2.09866791E-06
 2.09866914E-06
 2.09866978E-06
 2.09866984E-06
 2.09867053E-06
 2.09867205E-06
 2.09867257E-06
 2.09867270E-06
 2.09867345E-06
 2.09867460E-06
 2.09867495E-06
 2.09867608E-06
 2.09867620E-06
 2.09867769E-06
 2.09867777E-06
 2.09867879E-06
 2.09867936E-06
 2.09868008E-06
 2.09868092E-06
 2.09868186E-06
 2.09860493E-06
 2.09859445E-06
 2.09858808E-06
 2.09858353E-06
 2.09863331E-06
 2.09863278E-06
 2.09863180E-06
 2.09863138E-06
 2.09863108E-06
 2.09863056E-06
 2.09863006E-06
 2.09862964E-06
 2.09862987E-06
 2.09862904E-06
 2.09862892E-06
 2.09862926E-06
 2.09862879E-06
 2.09862901E-06
 2.09862874E-06
 2.09862825E-06
 2.09862851E-06
 2.09862826E-06
 2.09862785E-06
 2.09862821E-06
 2.09862835E-06
 2.09862833E-06
 2.09862780E-06
 2.09862788E-06
 2.09862821E-06
 2.09862833E-06
 2.09862805E-06
 2.09862781E-06
 2.09862804E-06
 2.09862809E-06
 2.09862818E-06
 2.09862829E-06
 2.09862821E-06
 2.09862842E-06
 2.09862824E-06
 2.09862829E-06
 2.09862856E-06
 2.09862877E-06
 2.09862875E-06
 2.09862908E-06
 2.09862882E-06
 2.09862931E-06
 2.09862928E-06
 2.09862935E-06
 2.09862956E-06
 2.09862975E-06
 2.09862978E-06
 2.09863010E-06
 2.09863011E-06
 2.09863030E-06
 2.09863041E-06
 2.09863079E-06
 2.09863079E-06
 2.09863120E-06
 2.09863143E-06
 2.09863159E-06
 2.09863177E-06
 2.09863174E-06
 2.09863219E-06
 2.09863247E-06
 2.09863267E-06
 2.09863281E-06
 2.09863298E-06
 2.09863320E-06
 2.09863319E-06
 2.09863309E-06
 2.09863310E-06
 2.09863263E-06
 2.09863269E-06
 2.09863231E-06
 2.09863217E-06
 2.09863209E-06
 2.09863197E-06
 2.09863195E-06
 2.09863182E-06
 2.09863166E-06
 2.09863176E-06
 2.09863146E-06
 2.09863153E-06
 2.09863144E-06
 2.09863151E-06
 2.09863140E-06
 2.09863141E-06
 2.09863149E-06
 2.09863150E-06
 2.09863162E-06
 2.09863150E-06
 2.09863179E-06
 2.09863176E-06
 2.09863210E-06
 2.09863226E-06
 2.09863233E-06
 2.09863265E-06
 2.09863281E-06
 2.09863318E-06
 2.09863485E-06
 2.09863945E-06
 2.09864393E-06
 2.09864867E-06
 2.09860523E-06
 2.09861276E-06
 2.09862083E-06
 2.09862909E-06
 2.09863311E-06
 2.09863236E-06
 2.09863227E-06
 2.09863294E-06
 1.34121294E-04
 3.72972707E-04
 8.83740700E-04
 2.22327027E-04
 2.28897833E-16
 0.00000000E+00
 1.13979864E-16
 1.13746776E-16
 1.13514640E-16
 0.00000000E+00
 2.26106396E-16
 1.12823881E-16
 1.12595493E-16
 1.12368027E-16
 0.00000000E+00
 1.11915842E-16
 8.11269028E-02
 1.69540678E-01
 4.18000000E-01
 0.00000000E+00
 0.00000000E+00
 0.00000000E+00
 0.00000000E+00
 0.00000000E+00
 0.00000000E+00
 0.00000000E+00
 0.00000000E+00
 0.00000000E+00
 0.00000000E+00
 0.00000000E+00
 0.00000000E+00
 0.00000000E+00
 0.00000000E+00
 0.00000000E+00
 0.00000000E+00
 0.00000000E+00
 0.00000000E+00
 0.00000000E+00
 0.00000000E+00
 0.00000000E+00
 0.00000000E+00
 0.00000000E+00
 0.00000000E+00
 0.00000000E+00
 0.00000000E+00
 0.00000000E+00
 0.00000000E+00
 0.00000000E+00
 0.00000000E+00
 0.00000000E+00
 0.00000000E+00
 0.00000000E+00
 0.00000000E+00
 0.00000000E+00
 0.00000000E+00
 0.00000000E+00
 0.00000000E+00
 0.00000000E+00
 0.00000000E+00
 0.00000000E+00
 0.00000000E+00
 0.00000000E+00
 0.00000000E+00
 0.00000000E+00
 0.00000000E+00
 0.00000000E+00
 0.00000000E+00
 0.00000000E+00
 0.00000000E+00
 0.00000000E+00
 0.00000000E+00
 0.00000000E+00
 0.00000000E+00
 0.00000000E+00
 0.00000000E+00
 0.00000000E+00
 0.00000000E+00
 0.00000000E+00
 0.00000000E+00
 0.00000000E+00
 0.00000000E+00
 0.00000000E+00
 0.00000000E+00
 0.00000000E+00
 0.00000000E+00
 0.00000000E+00
 0.00000000E+00
 0.00000000E+00
 0.00000000E+00
 0.00000000E+00
 0.00000000E+00
 0.00000000E+00
 0.00000000E+00
 0.00000000E+00
 0.00000000E+00
 0.00000000E+00
 0.00000000E+00
 0.00000000E+00
 0.00000000E+00
 0.00000000E+00
 0.00000000E+00
 0.00000000E+00
 0.00000000E+00
 0.00000000E+00
 0.00000000E+00
 0.00000000E+00
 0.00000000E+00
 0.00000000E+00
 0.00000000E+00
 0.00000000E+00
 0.00000000E+00
 0.00000000E+00
 0.00000000E+00
 0.00000000E+00
 0.00000000E+00
 0.00000000E+00
 0.00000000E+00
 0.00000000E+00
 0.00000000E+00
 0.00000000E+00
 0.00000000E+00
 0.00000000E+00
 0.00000000E+00
 0.00000000E+00
 0.00000000E+00
 0.00000000E+00
 0.00000000E+00
 0.00000000E+00
 0.00000000E+00
 0.00000000E+00
 0.00000000E+00
 0.00000000E+00
 0.00000000E+00
 0.00000000E+00
 0.00000000E+00
 0.00000000E+00
 0.00000000E+00
 0.00000000E+00
 0.00000000E+00
 0.00000000E+00
 0.00000000E+00
 0.00000000E+00
 0.00000000E+00
 0.00000000E+00
 0.00000000E+00
 0.00000000E+00
 0.00000000E+00
 0.00000000E+00
 0.00000000E+00
 0.00000000E+00
 0.00000000E+00
 0.00000000E+00
 0.00000000E+00
 0.00000000E+00
 0.00000000E+00
 0.00000000E+00
 0.00000000E+00
 0.00000000E+00
 0.00000000E+00
 0.00000000E+00
 0.00000000E+00
 0.00000000E+00
 0.00000000E+00
 0.00000000E+00
 0.00000000E+00
 0.00000000E+00
 0.00000000E+00
 0.00000000E+00
 0.00000000E+00
 0.00000000E+00
 0.00000000E+00
 0.00000000E+00
 0.00000000E+00
 0.00000000E+00
 0.00000000E+00
 0.00000000E+00
 0.00000000E+00
 0.00000000E+00
 0.00000000E+00
 0.00000000E+00
 0.00000000E+00
 0.00000000E+00
 0.00000000E+00
 0.00000000E+00
 0.00000000E+00
 5.60918704E-01
 3.92648027E-01
 1.61575060E-01
 9.70180117E-02
 1.02564757E-01
 1.84072479E-02
 2.20709286E-06
 2.20709347E-06
 1.41319360E-01
 2.27736915E-02
 2.20710008E-06
 2.20710092E-06
 2.20710189E-06
 2.20705463E-06
 2.20705779E-06
 2.20706304E-06
 2.20706771E-06
 2.20707220E-06
 2.20707649E-06
 2.20708184E-06
 2.20708666E-06
 2.20709122E-06
 2.51318435E-02
 2.20709241E-06
 2.20709364E-06
 2.20709405E-06
 2.20709392E-06
 2.20709573E-06
 2.20709641E-06
 2.20709677E-06
 2.20709719E-06
 2.20709845E-06
 2.20709947E-06
 2.20709916E-06
 2.20709975E-06
 2.20710016E-06
 2.20710176E-06
 2.20710265E-06
 2.20710470E-06
 2.20710799E-06
 2.20710945E-06
 2.20711302E-06
 2.20711507E-06
 2.20711715E-06
 2.20711960E-06
 2.20712138E-06
 2.20707508E-06
 2.20707643E-06
 2.20707754E-06
 2.20707938E-06
 2.20708022E-06
 2.20708117E-06
 2.20708354E-06
 2.20708308E-06
 2.20708324E-06
 2.20708440E-06
 2.20708338E-06
 2.20708443E-06
 2.20708459E-06
 2.20708456E-06
 2.20708400E-06
 2.20708451E-06
 2.20708516E-06
 2.20708559E-06
 2.20708614E-06
 2.20708625E-06
 2.20708646E-06
 2.20708622E-06
 2.20708675E-06
 2.20708626E-06
 2.20708740E-06
 2.20708751E-06
 2.20708780E-06
 2.20708705E-06
 2.20708800E-06
 2.20708822E-06
 2.20708806E-06
 2.20708869E-06
 2.20708922E-06
 2.20708968E-06
 2.20709035E-06
 2.20709007E-06
 2.20709000E-06
 2.20709045E-06
 2.20709121E-06
 2.20709163E-06
 2.20709286E-06
 2.20709323E-06
 2.20709500E-06
 2.20709588E-06
 2.20709589E-06
 2.20709788E-06
 2.20709786E-06
 2.20709928E-06
 2.20710042E-06
 2.20710075E-06
 2.20710219E-06
 2.20710312E-06
 2.20710463E-06
 2.20710562E-06
 2.20710639E-06
 2.20710692E-06
 2.20710780E-06
 2.20710903E-06
 2.20711029E-06
 2.20711032E-06
 2.20711173E-06
 2.20711325E-06
 2.20711458E-06
 2.20711496E-06
 2.20711601E-06
 2.20711713E-06
 2.20711786E-06
 2.20711921E-06
 2.20711969E-06
 2.20712106E-06
 2.20712256E-06
 2.20712243E-06
 2.20712399E-06
 2.20712493E-06
 2.20712579E-06
 2.20712657E-06
 2.20712852E-06
 2.20712965E-06
 2.20713048E-06
 2.20713075E-06
 2.20713270E-06
 2.20713362E-06
 2.20713477E-06
 2.20713488E-06
 2.20713644E-06
 2.20713776E-06
 2.20713856E-06
 2.20713936E-06
 2.20714113E-06
 2.20714219E-06
 2.20714254E-06
 2.20714459E-06
 2.20714498E-06
 2.20709663E-06
 2.20709772E-06
 2.20709790E-06
 2.20709950E-06
 2.20709950E-06
 2.20710022E-06
 2.20710073E-06
 2.20710151E-06
 2.20710207E-06
 2.20710290E-06
 2.20710352E-06
 2.20710374E-06
 2.20710489E-06
 2.20710540E-06
 2.20710594E-06
 2.20710608E-06
 2.20710648E-06
 2.20710738E-06
 2.20710853E-06
 2.20710906E-06
 2.20711007E-06
 2.20711046E-06
 2.20711068E-06
 2.20711116E-06
 2.20711236E-06
 2.20711316E-06
 2.20711357E-06
 2.20711360E-06
 2.20711433E-06
 2.20711554E-06
 2.20711636E-06
 2.20711616E-06
 2.20711752E-06
 2.20711764E-06
 2.20711846E-06
 2.20711890E-06
 2.20712002E-06
 2.20712077E-06
 2.20712136E-06
 2.20712157E-06
 2.20712247E-06
 2.20712361E-06
 2.20712377E-06
 2.20712499E-06
 2.20712502E-06
 2.20712634E-06
 2.20712625E-06
 2.20712722E-06
 2.20712822E-06
 2.20712864E-06
 2.20712969E-06
 2.20712996E-06
 2.20713086E-06
 2.20713156E-06
 2.20713227E-06
 2.20713279E-06
 2.20713390E-06
 2.20713401E-06
 2.20713489E-06
 2.20713575E-06
 2.20713697E-06
 2.20713696E-06
 2.20713788E-06
 2.20713892E-06
 2.20713969E-06
 2.20706358E-06
 2.20705236E-06
 2.20704637E-06
 2.20704113E-06
 2.20709066E-06
 2.20709019E-06
 2.20708981E-06
 2.20708895E-06
 2.20708836E-06
 2.20708800E-06
 2.20708746E-06
 2.20708762E-06
 2.20708722E-06
 2.20708667E-06
 2.20708642E-06
 2.20708665E-06
 2.20708648E-06
 2.20708602E-06
 2.20708588E-06
 2.20708587E-06
 2.20708577E-06
 2.20708543E-06
 2.20708597E-06
 2.20708571E-06
 2.20708572E-06
 2.20708577E-06
 2.20708526E-06
 2.20708574E-06
 2.20708571E-06
 2.20708576E-06
 2.20708547E-06
 2.20708562E-06
 2.20708557E-06
 2.20708556E-06
 2.20708549E-06
 2.20708592E-06
 2.20708586E-06
 2.20708579E-06
 2.20708595E-06
 2.20708601E-06
 2.20708611E-06
 2.20708602E-06
 2.20708622E-06
 2.20708647E-06
 2.20708664E-06
 2.20708666E-06
 2.20708659E-06
 2.20708694E-06
 2.20708715E-06
 2.20708724E-06
 2.20708749E-06
 2.20708734E-06
 2.20708781E-06
 2.20708800E-06
 2.20708810E-06
 2.20708830E-06
 2.20708861E-06
 2.20708856E-06
 2.20708899E-06
 2.20708917E-06
 2.20708936E-06
 2.20708951E-06
 2.20708971E-06
 2.20709006E-06
 2.20709024E-06
 2.20709034E-06
 2.20709065E-06
 2.20709099E-06
 2.20709102E-06
 2.20709062E-06
 2.20709063E-06
 2.20709042E-06
 2.20709000E-06
 2.20709012E-06
 2.20708981E-06
 2.20708975E-06
 2.20708945E-06
 2.20708951E-06
 2.20708938E-06
 2.20708922E-06
 2.20708906E-06
 2.20708901E-06
 2.20708898E-06
 2.20708902E-06
 2.20708906E-06
 2.20708902E-06
 2.20708904E-06
 2.20708888E-06
 2.20708913E-06
 2.20708920E-06
 2.20708925E-06
 2.20708926E-06
 2.20708934E-06
 2.20708954E-06
 2.20708961E-06
 2.20708999E-06
 2.20709026E-06
 2.20709047E-06
 2.20709083E-06
 2.20709252E-06
 2.20709698E-06
 2.20710163E-06
 2.20710631E-06
 2.20706252E-06
 2.20707020E-06
 2.20707823E-06
 2.20708668E-06
 2.20709066E-06
 2.20708989E-06
 2.20708977E-06
 2.20709048E-06
 1.27712541E-04
 3.55516862E-04
 8.61867501E-04
 2.16252519E-04
 2.28897833E-16
 1.14213909E-16
 2.27959728E-16
 1.13746776E-16
 2.27029280E-16
 1.13283449E-16
 0.00000000E+00
 1.12823881E-16
 0.00000000E+00
 2.24736055E-16
 0.00000000E+00
 1.11915842E-16
 7.73753697E-02
 1.61700647E-01
 4.10000000E-01
 0.00000000E+00
 0.00000000E+00
 0.00000000E+00
 0.00000000E+00
 0.00000000E+00
 0.00000000E+00
 0.00000000E+00
 0.00000000E+00
 0.00000000E+00
 0.00000000E+00
 0.00000000E+00
 0.00000000E+00
 0.00000000E+00
 0.00000000E+00
 0.00000000E+00
 0.00000000E+00
 0.00000000E+00
 0.00000000E+00
 0.00000000E+00
 0.00000000E+00
 0.00000000E+00
 0.00000000E+00
 0.00000000E+00
 0.00000000E+00
 0.00000000E+00
 0.00000000E+00
 0.00000000E+00
 0.00000000E+00
 0.00000000E+00
 0.00000000E+00
 0.00000000E+00
 0.00000000E+00
 0.00000000E+00
 0.00000000E+00
 0.00000000E+00
 0.00000000E+00
 0.00000000E+00
 0.00000000E+00
 0.00000000E+00
 0.00000000E+00
 0.00000000E+00
 0.00000000E+00
 0.00000000E+00
 0.00000000E+00
 0.00000000E+00
 0.00000000E+00
 0.00000000E+00
 0.00000000E+00
 0.00000000E+00
 0.00000000E+00
 0.00000000E+00
 0.00000000E+00
 0.00000000E+00
 0.00000000E+00
 0.00000000E+00
 0.00000000E+00
 0.00000000E+00
 0.00000000E+00
 0.00000000E+00
 0.00000000E+00
 0.00000000E+00
 0.00000000E+00
 0.00000000E+00
 0.00000000E+00
 0.00000000E+00
 0.00000000E+00
 0.00000000E+00
 0.00000000E+00
 0.00000000E+00
 0.00000000E+00
 0.00000000E+00
 0.00000000E+00
 0.00000000E+00
 0.00000000E+00
 0.00000000E+00
 0.00000000E+00
 0.00000000E+00
 0.00000000E+00
 0.00000000E+00
 0.00000000E+00
 0.00000000E+00
 0.00000000E+00
 0.00000000E+00
 0.00000000E+00
 0.00000000E+00
 0.00000000E+00
 0.00000000E+00
 0.00000000E+00
 0.00000000E+00
 0.00000000E+00
 0.00000000E+00
 0.00000000E+00
 0.00000000E+00
 0.00000000E+00
 0.00000000E+00
 0.00000000E+00
 0.00000000E+00
 0.00000000E+00
 0.00000000E+00
 0.00000000E+00
 0.00000000E+00
 0.00000000E+00
 0.00000000E+00
 0.00000000E+00
 0.00000000E+00
 0.00000000E+00
 0.00000000E+00
 0.00000000E+00
 0.00000000E+00
 0.00000000E+00
 0.00000000E+00
 0.00000000E+00
 0.00000000E+00
 0.00000000E+00
 0.00000000E+00
 0.00000000E+00
 0.00000000E+00
 0.00000000E+00
 0.00000000E+00
 0.00000000E+00
 0.00000000E+00
 0.00000000E+00
 0.00000000E+00
 0.00000000E+00
 0.00000000E+00
 0.00000000E+00
 0.00000000E+00
 0.00000000E+00
 0.00000000E+00
 0.00000000E+00
 0.00000000E+00
 0.00000000E+00
 0.00000000E+00
 0.00000000E+00
 0.00000000E+00
 0.00000000E+00
 0.00000000E+00
 0.00000000E+00
 0.00000000E+00
 0.00000000E+00
 0.00000000E+00
 0.00000000E+00
 0.00000000E+00
 0.00000000E+00
 0.00000000E+00
 0.00000000E+00
 0.00000000E+00
 0.00000000E+00
 0.00000000E+00
 0.00000000E+00
 0.00000000E+00
 0.00000000E+00
 0.00000000E+00
 0.00000000E+00
 0.00000000E+00
 0.00000000E+00
 0.00000000E+00
 0.00000000E+00
 0.00000000E+00
 0.00000000E+00
 0.00000000E+00
 0.00000000E+00
 0.00000000E+00
 0.00000000E+00
 0.00000000E+00
 0.00000000E+00
 5.82211046E-01
 4.22100310E-01
 1.85003791E-01
 8.58280703E-02
 9.75908947E-02
 1.75144310E-02
 2.29542607E-06
 2.29542843E-06
 1.44682912E-01
 2.33157598E-02
 2.29543314E-06
 2.29543434E-06
 2.29543621E-06
 2.29538643E-06
 2.29539070E-06
 2.29539593E-06
 2.29540106E-06
 2.29540601E-06
 2.29541166E-06
 2.29541570E-06
 2.29542122E-06
 2.29542496E-06
 2.57299661E-02
 2.29542619E-06
 2.29542681E-06
 2.29542856E-06
 2.29542871E-06
 2.29542931E-06
 2.29542965E-06
 2.29543013E-06
 2.29543149E-06
 2.29543079E-06
 2.29543175E-06
 2.29543366E-06
 2.29543359E-06
 2.29543418E-06
 2.29543536E-06
 2.29543586E-06
 2.29543898E-06
 2.29544032E-06
 2.29544306E-06
 2.29544614E-06
 2.29544830E-06
 2.29545110E-06
 2.29545407E-06
 2.29545503E-06
 2.29540872E-06
 2.29541009E-06
 2.29541219E-06
 2.29541234E-06
 2.29541395E-06
 2.29541531E-06
 2.29541640E-06
 2.29541707E-06
 2.29541725E-06
 2.29541823E-06
 2.29541740E-06
 2.29541793E-06
 2.29541828E-06
 2.29541811E-06
 2.29541938E-06
 2.29541918E-06
 2.29541878E-06
 2.29541888E-06
 2.29541945E-06
 2.29542049E-06
 2.29542074E-06
 2.29542088E-06
 2.29542056E-06
 2.29542101E-06
 2.29542166E-06
 2.29542129E-06
 2.29542145E-06
 2.29542178E-06
 2.29542261E-06
 2.29542187E-06
 2.29542226E-06
 2.29542226E-06
 2.29542337E-06
 2.29542237E-06
 2.29542278E-06
 2.29542341E-06
 2.29542373E-06
 2.29542425E-06
 2.29542542E-06
 2.29542543E-06
 2.29542657E-06
 2.29542768E-06
 2.29542823E-06
 2.29542937E-06
 2.29543076E-06
 2.29543188E-06
 2.29543163E-06
 2.29543283E-06
 2.29543485E-06
 2.29543529E-06
 2.29543603E-06
 2.29543707E-06
 2.29543792E-06
 2.29543855E-06
 2.29544006E-06
 2.29544114E-06
 2.29544199E-06
 2.29544319E-06
 2.29544318E-06
 2.29544485E-06
 2.29544531E-06
 2.29544666E-06
 2.29544736E-06
 2.29544922E-06
 2.29545041E-06
 2.29545122E-06
 2.29545192E-06
 2.29545223E-06
 2.29545402E-06
 2.29545465E-06
 2.29545572E-06
 2.29545645E-06
 2.29545787E-06
 2.29545896E-06
 2.29546025E-06
 2.29546146E-06
 2.29546213E-06
 2.29546326E-06
 2.29546412E-06
 2.29546541E-06
 2.29546694E-06
 2.29546747E-06
 2.29546849E-06
 2.29546974E-06
 2.29547076E-06
 2.29547155E-06
 2.29547306E-06
 2.29547363E-06
 2.29547448E-06
 2.29547585E-06
 2.29547678E-06
 2.29547822E-06
 2.29543097E-06
 2.29543128E-06
 2.29543138E-06
 2.29543196E-06
 2.29543283E-06
 2.29543348E-06
 2.29543417E-06
 2.29543489E-06
 2.29543565E-06
 2.29543644E-06
 2.29543658E-06
 2.29543768E-06
 2.29543813E-06
 2.29543795E-06
 2.29543894E-06
 2.29543930E-06
 2.29544017E-06
 2.29544107E-06
 2.29544180E-06
 2.29544191E-06
 2.29544229E-06
 2.29544339E-06
 2.29544387E-06
 2.29544507E-06
 2.29544589E-06
 2.29544567E-06
 2.29544658E-06
 2.29544734E-06
 2.29544794E-06
 2.29544817E-06
 2.29544909E-06
 2.29544986E-06
 2.29545026E-06
 2.29545158E-06
 2.29545167E-06
 2.29545223E-06
 2.29545287E-06
 2.29545398E-06
 2.29545431E-06
 2.29545511E-06
 2.29545554E-06
 2.29545688E-06
 2.29545680E-06
 2.29545823E-06
 2.29545847E-06
 2.29545896E-06
 2.29546012E-06
 2.29546071E-06
 2.29546154E-06
 2.29546180E-06
 2.29546230E-06
 2.29546344E-06
 2.29546401E-06
 2.29546501E-06
 2.29546582E-06
 2.29546624E-06
 2.29546708E-06
 2.29546792E-06
 2.29546855E-06
 2.29546897E-06
 2.29546977E-06
 2.29547074E-06
 2.29547127E-06
 2.29547235E-06
 2.29547257E-06
 2.29547388E-06
 2.29539953E-06
 2.29538687E-06
 2.29538044E-06
 2.29537548E-06
 2.29542451E-06
 2.29542393E-06
 2.29542294E-06
 2.29542270E-06
 2.29542206E-06
 2.29542172E-06
 2.29542154E-06
 2.29542117E-06
 2.29542108E-06
 2.29542079E-06
 2.29542060E-06
 2.29542015E-06
 2.29541988E-06
 2.29541983E-06
 2.29541998E-06
 2.29541948E-06
 2.29541937E-06
 2.29541909E-06
 2.29541942E-06
 2.29541906E-06
 2.29541945E-06
 2.29541935E-06
 2.29541944E-06
 2.29541902E-06
 2.29541920E-06
 2.29541951E-06
 2.29541907E-06
 2.29541939E-06
 2.29541928E-06
 2.29541962E-06
 2.29541931E-06
 2.29541958E-06
 2.29541949E-06
 2.29541954E-06
 2.29541952E-06
 2.29541973E-06
 2.29542013E-06
 2.29541970E-06
 2.29542005E-06
 2.29542000E-06
 2.29542019E-06
 2.29542041E-06
 2.29542056E-06
 2.29542070E-06
 2.29542060E-06
 2.29542097E-06
 2.29542096E-06
 2.29542113E-06
 2.29542140E-06
 2.29542163E-06
 2.29542193E-06
 2.29542181E-06
 2.29542220E-06
 2.29542239E-06
 2.29542255E-06
 2.29542286E-06
 2.29542301E-06
 2.29542328E-06
 2.29542333E-06
 2.29542369E-06
 2.29542387E-06
 2.29542415E-06
 2.29542435E-06
 2.29542477E-06
 2.29542452E-06
 2.29542442E-06
 2.29542433E-06
 2.29542400E-06
 2.29542410E-06
 2.29542368E-06
 2.29542381E-06
 2.29542353E-06
 2.29542326E-06
 2.29542334E-06
 2.29542329E-06
 2.29542307E-06
 2.29542287E-06
 2.29542289E-06
 2.29542277E-06
 2.29542279E-06
 2.29542284E-06
 2.29542276E-06
 2.29542286E-06
 2.29542270E-06
 2.29542271E-06
 2.29542288E-06
 2.29542306E-06
 2.29542308E-06
 2.29542325E-06
 2.29542327E-06
 2.29542356E-06
 2.29542376E-06
 2.29542394E-06
 2.29542431E-06
 2.29542453E-06
 2.29542634E-06
 2.29543081E-06
 2.29543548E-06
 2.29544020E-06
 2.29539616E-06
 2.29540386E-06
 2.29541200E-06
 2.29542050E-06
 2.29542449E-06
 2.29542373E-06
 2.29542365E-06
 2.29542431E-06
 1.21324022E-04
 3.38081443E-04
 8.40014814E-04
 2.10178010E-04
 0.00000000E+00
 1.14213909E-16
 0.00000000E+00
 3.41240328E-16
 2.27029280E-16
 0.00000000E+00
 1.13053198E-16
 1.12823881E-16
 1.12595493E-16
 3.37104082E-16
 1.12141479E-16
 1.11915842E-16
 7.36238367E-02
 1.53860615E-01
 4.02000000E-01
 0.00000000E+00
 0.00000000E+00
 0.00000000E+00
 0.00000000E+00
 0.00000000E+00
 0.00000000E+00
 0.00000000E+00
 0.00000000E+00
 0.00000000E+00
 0.00000000E+00
 0.00000000E+00
 0.00000000E+00
 0.00000000E+00
 0.00000000E+00
 0.00000000E+00
 0.00000000E+00
 0.00000000E+00
 0.00000000E+00
 0.00000000E+00
 0.00000000E+00
 0.00000000E+00
 0.00000000E+00
 0.00000000E+00
 0.00000000E+00
 0.00000000E+00
 0.00000000E+00
 0.00000000E+00
 0.00000000E+00
 0.00000000E+00
 0.00000000E+00
 0.00000000E+00
 0.00000000E+00
 0.00000000E+00
 0.00000000E+00
 0.00000000E+00
 0.00000000E+00
 0.00000000E+00
 0.00000000E+00
 0.00000000E+00
 0.00000000E+00
 0.00000000E+00
 0.00000000E+00
 0.00000000E+00
 0.00000000E+00
 0.00000000E+00
 0.00000000E+00
 0.00000000E+00
 0.00000000E+00
 0.00000000E+00
 0.00000000E+00
 0.00000000E+00
 0.00000000E+00
 0.00000000E+00
 0.00000000E+00
 0.00000000E+00
 0.00000000E+00
 0.00000000E+00
 0.00000000E+00
 0.00000000E+00
 0.00000000E+00
 0.00000000E+00
 0.00000000E+00
 0.00000000E+00
 0.00000000E+00
 0.00000000E+00
 0.00000000E+00
 0.00000000E+00
 0.00000000E+00
 0.00000000E+00
 0.00000000E+00
 0.00000000E+00
 0.00000000E+00
 0.00000000E+00
 0.00000000E+00
 0.00000000E+00
 0.00000000E+00
 0.00000000E+00
 0.00000000E+00
 0.00000000E+00
 0.00000000E+00
 0.00000000E+00
 0.00000000E+00
 0.00000000E+00
 0.00000000E+00
 0.00000000E+00
 0.00000000E+00
 0.00000000E+00
 0.00000000E+00
 0.00000000E+00
 0.00000000E+00
 0.00000000E+00
 0.00000000E+00
 0.00000000E+00
 0.00000000E+00
 0.00000000E+00
 0.00000000E+00
 0.00000000E+00
 0.00000000E+00
 0.00000000E+00
 0.00000000E+00
 0.00000000E+00
 0.00000000E+00
 0.00000000E+00
 0.00000000E+00
 0.00000000E+00
 0.00000000E+00
 0.00000000E+00
 0.00000000E+00
 0.00000000E+00
 0.00000000E+00
 0.00000000E+00
 0.00000000E+00
 0.00000000E+00
 0.00000000E+00
 0.00000000E+00
 0.00000000E+00
 0.00000000E+00
 0.00000000E+00
 0.00000000E+00
 0.00000000E+00
 0.00000000E+00
 0.00000000E+00
 0.00000000E+00
 0.00000000E+00
 0.00000000E+00
 0.00000000E+00
 0.00000000E+00
 0.00000000E+00
 0.00000000E+00
 0.00000000E+00
 0.00000000E+00
 0.00000000E+00
 0.00000000E+00
 0.00000000E+00
 0.00000000E+00
 0.00000000E+00
 0.00000000E+00
 0.00000000E+00
 0.00000000E+00
 0.00000000E+00
 0.00000000E+00
 0.00000000E+00
 0.00000000E+00
 0.00000000E+00
 0.00000000E+00
 0.00000000E+00
 0.00000000E+00
 0.00000000E+00
 0.00000000E+00
 0.00000000E+00
 0.00000000E+00
 0.00000000E+00
 0.00000000E+00
 0.00000000E+00
 0.00000000E+00
 0.00000000E+00
 0.00000000E+00
 0.00000000E+00
 0.00000000E+00
 0.00000000E+00
 0.00000000E+00
 0.00000000E+00
 0.00000000E+00
 0.00000000E+00
 0.00000000E+00
 0.00000000E+00
 6.03503019E-01
 4.51552080E-01
 2.08432108E-01
 7.46383406E-02
 9.26171394E-02
 1.66216497E-02
 2.36366702E-06
 2.36366831E-06
 1.48046390E-01
 2.38577993E-02
 2.36367213E-06
 2.36367442E-06
 2.36367650E-06
 2.36362742E-06
 2.36363180E-06
 2.36363601E-06
 2.36364218E-06
 2.36364706E-06
 2.36365153E-06
 2.36365598E-06
 2.36366081E-06
 2.36366519E-06
 2.63280992E-02
 2.36366652E-06
 2.36366710E-06
 2.36366776E-06
 2.36366876E-06
 2.36366957E-06
 2.36367015E-06
 2.36367170E-06
 2.36367227E-06
 2.36367205E-06
 2.36367244E-06
 2.36367278E-06
 2.36367406E-06
 2.36367537E-06
 2.36367524E-06
 2.36367590E-06
 2.36367962E-06
 2.36368137E-06
 2.36368452E-06
 2.36368564E-06
 2.36368904E-06
 2.36369111E-06
 2.36369338E-06
 2.36369580E-06
 2.36364978E-06
 2.36365122E-06
 2.36365207E-06
 2.36365268E-06
 2.36365440E-06
 2.36365623E-06
 2.36365722E-06
 2.36365703E-06
 2.36365746E-06
 2.36365798E-06
 2.36365798E-06
 2.36365876E-06
 2.36365846E-06
 2.36365891E-06
 2.36365918E-06
 2.36365962E-06
 2.36365930E-06
 2.36365914E-06
 2.36365945E-06
 2.36366059E-06
 2.36366094E-06
 2.36366030E-06
 2.36366167E-06
 2.36366081E-06
 2.36366105E-06
 2.36366149E-06
 2.36366159E-06
 2.36366187E-06
 2.36366212E-06
 2.36366319E-06
 2.36366269E-06
 2.36366332E-06
 2.36366303E-06
 2.36366417E-06
 2.36366321E-06
 2.36366461E-06
 2.36366507E-06
 2.36366522E-06
 2.36366570E-06
 2.36366683E-06
 2.36366763E-06
 2.36366789E-06
 2.36366876E-06
 2.36366990E-06
 2.36367079E-06
 2.36367174E-06
 2.36367244E-06
 2.36367348E-06
 2.36367486E-06
 2.36367626E-06
 2.36367638E-06
 2.36367821E-06
 2.36367875E-06
 2.36367940E-06
 2.36368121E-06
 2.36368095E-06
 2.36368243E-06
 2.36368348E-06
 2.36368411E-06
 2.36368566E-06
 2.36368630E-06
 2.36368678E-06
 2.36368872E-06
 2.36368926E-06
 2.36369019E-06
 2.36369208E-06
 2.36369283E-06
 2.36369348E-06
 2.36369459E-06
 2.36369614E-06
 2.36369608E-06
 2.36369776E-06
 2.36369836E-06
 2.36369994E-06
 2.36370072E-06
 2.36370171E-06
 2.36370244E-06
 2.36370365E-06
 2.36370486E-06
 2.36370580E-06
 2.36370726E-06
 2.36370773E-06
 2.36370870E-06
 2.36371044E-06
 2.36371074E-06
 2.36371230E-06
 2.36371294E-06
 2.36371457E-06
 2.36371578E-06
 2.36371683E-06
 2.36371746E-06
 2.36367040E-06
 2.36367096E-06
 2.36367201E-06
 2.36367241E-06
 2.36367260E-06
 2.36367352E-06
 2.36367380E-06
 2.36367480E-06
 2.36367516E-06
 2.36367556E-06
 2.36367600E-06
 2.36367763E-06
 2.36367795E-06
 2.36367807E-06
 2.36367895E-06
 2.36367986E-06
 2.36368014E-06
 2.36368093E-06
 2.36368133E-06
 2.36368223E-06
 2.36368252E-06
 2.36368354E-06
 2.36368394E-06
 2.36368507E-06
 2.36368582E-06
 2.36368641E-06
 2.36368686E-06
 2.36368756E-06
 2.36368834E-06
 2.36368875E-06
 2.36368923E-06
 2.36369020E-06
 2.36369102E-06
 2.36369083E-06
 2.36369221E-06
 2.36369281E-06
 2.36369303E-06
 2.36369333E-06
 2.36369496E-06
 2.36369497E-06
 2.36369630E-06
 2.36369665E-06
 2.36369706E-06
 2.36369774E-06
 2.36369848E-06
 2.36369948E-06
 2.36370034E-06
 2.36370083E-06
 2.36370098E-06
 2.36370219E-06
 2.36370283E-06
 2.36370373E-06
 2.36370384E-06
 2.36370481E-06
 2.36370581E-06
 2.36370643E-06
 2.36370667E-06
 2.36370733E-06
 2.36370820E-06
 2.36370907E-06
 2.36370953E-06
 2.36371058E-06
 2.36371159E-06
 2.36371179E-06
 2.36371311E-06
 2.36371359E-06
 2.36371439E-06
 2.36364281E-06
 2.36362783E-06
 2.36362058E-06
 2.36361576E-06
 2.36366477E-06
 2.36366467E-06
 2.36366375E-06
 2.36366304E-06
 2.36366238E-06
 2.36366243E-06
 2.36366147E-06
 2.36366168E-06
 2.36366130E-06
 2.36366123E-06
 2.36366086E-06
 2.36366078E-06
 2.36366018E-06
 2.36366020E-06
 2.36365991E-06
 2.36365999E-06
 2.36365959E-06
 2.36365986E-06
 2.36365990E-06
 2.36365973E-06
 2.36365968E-06
 2.36365971E-06
 2.36365933E-06
 2.36365929E-06
 2.36365923E-06
 2.36365954E-06
 2.36365940E-06
 2.36365943E-06
 2.36365990E-06
 2.36365996E-06
 2.36365953E-06
 2.36365953E-06
 2.36365985E-06
 2.36366021E-06
 2.36365992E-06
 2.36365992E-06
 2.36366026E-06
 2.36366027E-06
 2.36366042E-06
 2.36366051E-06
 2.36366081E-06
 2.36366058E-06
 2.36366071E-06
 2.36366108E-06
 2.36366100E-06
 2.36366120E-06
 2.36366154E-06
 2.36366194E-06
 2.36366192E-06
 2.36366210E-06
 2.36366224E-06
 2.36366229E-06
 2.36366285E-06
 2.36366293E-06
 2.36366322E-06
 2.36366308E-06
 2.36366343E-06
 2.36366388E-06
 2.36366395E-06
 2.36366424E-06
 2.36366434E-06
 2.36366484E-06
 2.36366478E-06
 2.36366518E-06
 2.36366524E-06
 2.36366509E-06
 2.36366486E-06
 2.36366465E-06
 2.36366454E-06
 2.36366422E-06
 2.36366404E-06
 2.36366410E-06
 2.36366383E-06
 2.36366385E-06
 2.36366373E-06
 2.36366345E-06
 2.36366348E-06
 2.36366336E-06
 2.36366320E-06
 2.36366312E-06
 2.36366309E-06
 2.36366325E-06
 2.36366324E-06
 2.36366308E-06
 2.36366336E-06
 2.36366325E-06
 2.36366334E-06
 2.36366348E-06
 2.36366366E-06
 2.36366374E-06
 2.36366389E-06
 2.36366414E-06
 2.36366449E-06
 2.36366468E-06
 2.36366496E-06
 2.36366669E-06
 2.36367140E-06
 2.36367602E-06
 2.36368075E-06
 2.36363637E-06
 2.36364420E-06
 2.36365227E-06
 2.36366080E-06
 2.36366492E-06
 2.36366417E-06
 2.36366399E-06
 2.36366471E-06
 1.14955706E-04
 3.20666419E-04
 8.18182607E-04
 2.04103501E-04
 1.14448917E-16
 2.28427817E-16
 1.13979864E-16
 2.27493552E-16
 0.00000000E+00
 0.00000000E+00
 0.00000000E+00
 0.00000000E+00
 0.00000000E+00
 1.12368027E-16
 0.00000000E+00
 0.00000000E+00
 6.98723036E-02
 1.46020584E-01
 3.94000000E-01
 0.00000000E+00
 0.00000000E+00
 0.00000000E+00
 0.00000000E+00
 0.00000000E+00
 0.00000000E+00
 0.00000000E+00
 0.00000000E+00
 0.00000000E+00
 0.00000000E+00
 0.00000000E+00
 0.00000000E+00
 0.00000000E+00
 0.00000000E+00
 0.00000000E+00
 0.00000000E+00
 0.00000000E+00
 0.00000000E+00
 0.00000000E+00
 0.00000000E+00
 0.00000000E+00
 0.00000000E+00
 0.00000000E+00
 0.00000000E+00
 0.00000000E+00
 0.00000000E+00
 0.00000000E+00
 0.00000000E+00
 0.00000000E+00
 0.00000000E+00
 0.00000000E+00
 0.00000000E+00
 0.00000000E+00
 0.00000000E+00
 0.00000000E+00
 0.00000000E+00
 0.00000000E+00
 0.00000000E+00
 0.00000000E+00
 0.00000000E+00
 0.00000000E+00
 0.00000000E+00
 0.00000000E+00
 0.00000000E+00
 0.00000000E+00
 0.00000000E+00
 0.00000000E+00
 0.00000000E+00
 0.00000000E+00
 0.00000000E+00
 0.00000000E+00
 0.00000000E+00
 0.00000000E+00
 0.00000000E+00
 0.00000000E+00
 0.00000000E+00
 0.00000000E+00
 0.00000000E+00
 0.00000000E+00
 0.00000000E+00
 0.00000000E+00
 0.00000000E+00
 0.00000000E+00
 0.00000000E+00
 0.00000000E+00
 0.00000000E+00
 0.00000000E+00
 0.00000000E+00
 0.00000000E+00
 0.00000000E+00
 0.00000000E+00
 0.00000000E+00
 0.00000000E+00
 0.00000000E+00
 0.00000000E+00
 0.00000000E+00
 0.00000000E+00
 0.00000000E+00
 0.00000000E+00
 0.00000000E+00
 0.00000000E+00
 0.00000000E+00
 0.00000000E+00
 0.00000000E+00
 0.00000000E+00
 0.00000000E+00
 0.00000000E+00
 0.00000000E+00
 0.00000000E+00
 0.00000000E+00
 0.00000000E+00
 0.00000000E+00
 0.00000000E+00
 0.00000000E+00
 0.00000000E+00
 0.00000000E+00
 0.00000000E+00
 0.00000000E+00
 0.00000000E+00
 0.00000000E+00
 0.00000000E+00
 0.00000000E+00
 0.00000000E+00
 0.00000000E+00
 0.00000000E+00
 0.00000000E+00
 0.00000000E+00
 0.00000000E+00
 0.00000000E+00
 0.00000000E+00
 0.00000000E+00
 0.00000000E+00
 0.00000000E+00
 0.00000000E+00
 0.00000000E+00
 0.00000000E+00
 0.00000000E+00
 0.00000000E+00
 0.00000000E+00
 0.00000000E+00
 0.00000000E+00
 0.00000000E+00
 0.00000000E+00
 0.00000000E+00
 0.00000000E+00
 0.00000000E+00
 0.00000000E+00
 0.00000000E+00
 0.00000000E+00
 0.00000000E+00
 0.00000000E+00
 0.00000000E+00
 0.00000000E+00
 0.00000000E+00
 0.00000000E+00
 0.00000000E+00
 0.00000000E+00
 0.00000000E+00
 0.00000000E+00
 0.00000000E+00
 0.00000000E+00
 0.00000000E+00
 0.00000000E+00
 0.00000000E+00
 0.00000000E+00
 0.00000000E+00
 0.00000000E+00
 0.00000000E+00
 0.00000000E+00
 0.00000000E+00
 0.00000000E+00
 0.00000000E+00
 0.00000000E+00
 0.00000000E+00
 0.00000000E+00
 0.00000000E+00
 0.00000000E+00
 0.00000000E+00
 0.00000000E+00
 0.00000000E+00
 0.00000000E+00
 0.00000000E+00
 0.00000000E+00
 0.00000000E+00
 0.00000000E+00
 0.00000000E+00
 6.24794623E-01
 4.81003340E-01
 2.31860011E-01
 6.34488222E-02
 8.76434903E-02
 1.57289039E-02
 2.41184473E-06
 2.41184535E-06
 1.51409794E-01
 2.43998100E-02
 2.41185017E-06
 2.41185162E-06
 2.41185340E-06
 2.41180389E-06
 2.41180889E-06
 2.41181420E-06
 2.41181875E-06
 2.41182251E-06
 2.41182788E-06
 2.41183370E-06
 2.41183923E-06
 2.41184233E-06
 2.69262427E-02
 2.41184475E-06
 2.41184579E-06
 2.41184476E-06
 2.41184710E-06
 2.41184628E-06
 2.41184693E-06
 2.41184817E-06
 2.41184780E-06
 2.41184854E-06
 2.41184991E-06
 2.41185061E-06
 2.41185019E-06
 2.41185168E-06
 2.41185277E-06
 2.41185447E-06
 2.41185582E-06
 2.41185904E-06
 2.41186169E-06
 2.41186449E-06
 2.41186544E-06
 2.41186863E-06
 2.41187104E-06
 2.41187439E-06
 2.41182714E-06
 2.41182829E-06
 2.41182960E-06
 2.41183069E-06
 2.41183192E-06
 2.41183328E-06
 2.41183475E-06
 2.41183576E-06
 2.41183440E-06
 2.41183517E-06
 2.41183544E-06
 2.41183556E-06
 2.41183553E-06
 2.41183626E-06
 2.41183625E-06
 2.41183641E-06
 2.41183710E-06
 2.41183792E-06
 2.41183708E-06
 2.41183742E-06
 2.41183733E-06
 2.41183804E-06
 2.41183899E-06
 2.41183771E-06
 2.41183911E-06
 2.41183861E-06
 2.41183952E-06
 2.41183922E-06
 2.41183976E-06
 2.41184027E-06
 2.41184040E-06
 2.41184114E-06
 2.41184065E-06
 2.41184074E-06
 2.41184140E-06
 2.41184146E-06
 2.41184154E-06
 2.41184249E-06
 2.41184262E-06
 2.41184342E-06
 2.41184452E-06
 2.41184510E-06
 2.41184628E-06
 2.41184693E-06
 2.41184877E-06
 2.41184956E-06
 2.41185010E-06
 2.41185131E-06
 2.41185285E-06
 2.41185283E-06
 2.41185454E-06
 2.41185528E-06
 2.41185554E-06
 2.41185729E-06
 2.41185835E-06
 2.41185872E-06
 2.41185976E-06
 2.41186040E-06
 2.41186198E-06
 2.41186265E-06
 2.41186348E-06
 2.41186550E-06
 2.41186612E-06
 2.41186641E-06
 2.41186738E-06
 2.41186933E-06
 2.41187014E-06
 2.41187041E-06
 2.41187216E-06
 2.41187260E-06
 2.41187349E-06
 2.41187564E-06
 2.41187648E-06
 2.41187681E-06
 2.41187838E-06
 2.41187944E-06
 2.41188026E-06
 2.41188183E-06
 2.41188242E-06
 2.41188428E-06
 2.41188443E-06
 2.41188611E-06
 2.41188661E-06
 2.41188789E-06
 2.41188897E-06
 2.41189036E-06
 2.41189136E-06
 2.41189241E-06
 2.41189331E-06
 2.41189502E-06
 2.41189562E-06
 2.41184747E-06
 2.41184837E-06
 2.41184907E-06
 2.41184982E-06
 2.41184967E-06
 2.41185052E-06
 2.41185140E-06
 2.41185233E-06
 2.41185262E-06
 2.41185319E-06
 2.41185357E-06
 2.41185448E-06
 2.41185475E-06
 2.41185530E-06
 2.41185614E-06
 2.41185659E-06
 2.41185755E-06
 2.41185790E-06
 2.41185875E-06
 2.41185922E-06
 2.41186044E-06
 2.41186104E-06
 2.41186149E-06
 2.41186244E-06
 2.41186324E-06
 2.41186302E-06
 2.41186441E-06
 2.41186454E-06
 2.41186541E-06
 2.41186635E-06
 2.41186629E-06
 2.41186757E-06
 2.41186808E-06
 2.41186867E-06
 2.41186975E-06
 2.41187005E-06
 2.41187106E-06
 2.41187131E-06
 2.41187226E-06
 2.41187306E-06
 2.41187373E-06
 2.41187425E-06
 2.41187486E-06
 2.41187594E-06
 2.41187605E-06
 2.41187686E-06
 2.41187731E-06
 2.41187844E-06
 2.41187902E-06
 2.41187924E-06
 2.41187993E-06
 2.41188088E-06
 2.41188165E-06
 2.41188289E-06
 2.41188294E-06
 2.41188384E-06
 2.41188456E-06
 2.41188551E-06
 2.41188586E-06
 2.41188703E-06
 2.41188719E-06
 2.41188796E-06
 2.41188869E-06
 2.41189018E-06
 2.41189045E-06
 2.41189164E-06
 2.41189179E-06
 2.41182501E-06
 2.41180557E-06
 2.41179841E-06
 2.41179270E-06
 2.41184239E-06
 2.41184178E-06
 2.41184102E-06
 2.41184062E-06
 2.41183974E-06
 2.41183960E-06
 2.41183875E-06
 2.41183908E-06
 2.41183835E-06
 2.41183861E-06
 2.41183778E-06
 2.41183818E-06
 2.41183751E-06
 2.41183731E-06
 2.41183724E-06
 2.41183703E-06
 2.41183734E-06
 2.41183713E-06
 2.41183732E-06
 2.41183704E-06
 2.41183698E-06
 2.41183676E-06
 2.41183705E-06
 2.41183707E-06
 2.41183712E-06
 2.41183694E-06
 2.41183662E-06
 2.41183661E-06
 2.41183680E-06
 2.41183674E-06
 2.41183702E-06
 2.41183735E-06
 2.41183709E-06
 2.41183751E-06
 2.41183762E-06
 2.41183773E-06
 2.41183762E-06
 2.41183742E-06
 2.41183769E-06
 2.41183768E-06
 2.41183823E-06
 2.41183805E-06
 2.41183804E-06
 2.41183823E-06
 2.41183840E-06
 2.41183865E-06
 2.41183894E-06
 2.41183918E-06
 2.41183917E-06
 2.41183951E-06
 2.41183946E-06
 2.41183999E-06
 2.41184008E-06
 2.41184026E-06
 2.41184048E-06
 2.41184058E-06
 2.41184068E-06
 2.41184119E-06
 2.41184148E-06
 2.41184165E-06
 2.41184186E-06
 2.41184199E-06
 2.41184229E-06
 2.41184268E-06
 2.41184251E-06
 2.41184252E-06
 2.41184205E-06
 2.41184189E-06
 2.41184177E-06
 2.41184175E-06
 2.41184147E-06
 2.41184142E-06
 2.41184130E-06
 2.41184119E-06
 2.41184088E-06
 2.41184105E-06
 2.41184088E-06
 2.41184072E-06
 2.41184078E-06
 2.41184056E-06
 2.41184060E-06
 2.41184058E-06
 2.41184043E-06
 2.41184071E-06
 2.41184060E-06
 2.41184071E-06
 2.41184073E-06
 2.41184087E-06
 2.41184096E-06
 2.41184114E-06
 2.41184130E-06
 2.41184153E-06
 2.41184178E-06
 2.41184212E-06
 2.41184237E-06
 2.41184408E-06
 2.41184876E-06
 2.41185354E-06
 2.41185833E-06
 2.41186315E-06
 2.41182135E-06
 2.41182957E-06
 2.41183822E-06
 2.41184227E-06
 2.41184149E-06
 2.41184147E-06
 2.41184208E-06
 1.08607562E-04
 3.03271759E-04
 7.96370848E-04
 1.98028993E-04
 0.00000000E+00
 2.28427817E-16
 1.13979864E-16
 0.00000000E+00
 0.00000000E+00
 0.00000000E+00
 0.00000000E+00
 1.12823881E-16
 0.00000000E+00
 1.12368027E-16
 0.00000000E+00
 0.00000000E+00
 6.61207705E-02
 1.38180553E-01
 3.86000000E-01
 0.00000000E+00
 0.00000000E+00
 0.00000000E+00
 0.00000000E+00
 0.00000000E+00
 0.00000000E+00
 0.00000000E+00
 0.00000000E+00
 0.00000000E+00
 0.00000000E+00
 0.00000000E+00
 0.00000000E+00
 0.00000000E+00
 0.00000000E+00
 0.00000000E+00
 0.00000000E+00
 0.00000000E+00
 0.00000000E+00
 0.00000000E+00
 0.00000000E+00
 0.00000000E+00
 0.00000000E+00
 0.00000000E+00
 0.00000000E+00
 0.00000000E+00
 0.00000000E+00
 0.00000000E+00
 0.00000000E+00
 0.00000000E+00
 0.00000000E+00
 0.00000000E+00
 0.00000000E+00
 0.00000000E+00
 0.00000000E+00
 0.00000000E+00
 0.00000000E+00
 0.00000000E+00
 0.00000000E+00
 0.00000000E+00
 0.00000000E+00
 0.00000000E+00
 0.00000000E+00
 0.00000000E+00
 0.00000000E+00
 0.00000000E+00
 0.00000000E+00
 0.00000000E+00
 0.00000000E+00
 0.00000000E+00
 0.00000000E+00
 0.00000000E+00
 0.00000000E+00
 0.00000000E+00
 0.00000000E+00
 0.00000000E+00
 0.00000000E+00
 0.00000000E+00
 0.00000000E+00
 0.00000000E+00
 0.00000000E+00
 0.00000000E+00
 0.00000000E+00
 0.00000000E+00
 0.00000000E+00
 0.00000000E+00
 0.00000000E+00
 0.00000000E+00
 0.00000000E+00
 0.00000000E+00
 0.00000000E+00
 0.00000000E+00
 0.00000000E+00
 0.00000000E+00
 0.00000000E+00
 0.00000000E+00
 0.00000000E+00
 0.00000000E+00
 0.00000000E+00
 0.00000000E+00
 0.00000000E+00
 0.00000000E+00
 0.00000000E+00
 0.00000000E+00
 0.00000000E+00
 0.00000000E+00
 0.00000000E+00
 0.00000000E+00
 0.00000000E+00
 0.00000000E+00
 0.00000000E+00
 0.00000000E+00
 0.00000000E+00
 0.00000000E+00
 0.00000000E+00
 0.00000000E+00
 0.00000000E+00
 0.00000000E+00
 0.00000000E+00
 0.00000000E+00
 0.00000000E+00
 0.00000000E+00
 0.00000000E+00
 0.00000000E+00
 0.00000000E+00
 0.00000000E+00
 0.00000000E+00
 0.00000000E+00
 0.00000000E+00
 0.00000000E+00
 0.00000000E+00
 0.00000000E+00
 0.00000000E+00
 0.00000000E+00
 0.00000000E+00
 0.00000000E+00
 0.00000000E+00
 0.00000000E+00
 0.00000000E+00
 0.00000000E+00
 0.00000000E+00
 0.00000000E+00
 0.00000000E+00
 0.00000000E+00
 0.00000000E+00
 0.00000000E+00
 0.00000000E+00
 0.00000000E+00
 0.00000000E+00
 0.00000000E+00
 0.00000000E+00
 0.00000000E+00
 0.00000000E+00
 0.00000000E+00
 0.00000000E+00
 0.00000000E+00
 0.00000000E+00
 0.00000000E+00
 0.00000000E+00
 0.00000000E+00
 0.00000000E+00
 0.00000000E+00
 0.00000000E+00
 0.00000000E+00
 0.00000000E+00
 0.00000000E+00
 0.00000000E+00
 0.00000000E+00
 0.00000000E+00
 0.00000000E+00
 0.00000000E+00
 0.00000000E+00
 0.00000000E+00
 0.00000000E+00
 0.00000000E+00
 0.00000000E+00
 0.00000000E+00
 0.00000000E+00
 0.00000000E+00
 0.00000000E+00
 0.00000000E+00
 0.00000000E+00
 0.00000000E+00
 0.00000000E+00
 0.00000000E+00
 0.00000000E+00
 0.00000000E+00
 6.46085859E-01
 5.10454093E-01
 2.55287503E-01
 5.22595143E-02
 8.26699470E-02
 1.48361936E-02
 2.43998898E-06
 2.43998994E-06
 1.54773124E-01
 2.49417920E-02
 2.43999460E-06
 2.43999621E-06
 2.43999639E-06
 2.43994788E-06
 2.43995235E-06
 2.43995762E-06
 2.43996213E-06
 2.43996834E-06
 2.43997192E-06
 2.43997686E-06
 2.43998264E-06
 2.43998730E-06
 2.75243967E-02
 2.43998863E-06
 2.43998903E-06
 2.43998934E-06
 2.43999087E-06
 2.43999117E-06
 2.43999148E-06
 2.43999279E-06
 2.43999337E-06
 2.43999401E-06
 2.43999467E-06
 2.43999428E-06
 2.43999546E-06
 2.43999569E-06
 2.43999637E-06
 2.43999808E-06
 2.43999989E-06
 2.44000359E-06
 2.44000512E-06
 2.44000863E-06
 2.44001067E-06
 2.44001261E-06
 2.44001556E-06
 2.44001887E-06
 2.43997119E-06
 2.43997177E-06
 2.43997350E-06
 2.43997500E-06
 2.43997701E-06
 2.43997783E-06
 2.43997877E-06
 2.43997962E-06
 2.43997976E-06
 2.43998036E-06
 2.43998119E-06
 2.43998115E-06
 2.43998041E-06
 2.43998079E-06
 2.43998044E-06
 2.43998155E-06
 2.43998190E-06
 2.43998150E-06
 2.43998231E-06
 2.43998269E-06
 2.43998210E-06
 2.43998233E-06
 2.43998280E-06
 2.43998228E-06
 2.43998267E-06
 2.43998328E-06
 2.43998355E-06
 2.43998468E-06
 2.43998460E-06
 2.43998449E-06
 2.43998435E-06
 2.43998483E-06
 2.43998558E-06
 2.43998575E-06
 2.43998565E-06
 2.43998612E-06
 2.43998579E-06
 2.43998665E-06
 2.43998754E-06
 2.43998744E-06
 2.43998880E-06
 2.43999078E-06
 2.43999110E-06
 2.43999265E-06
 2.43999315E-06
 2.43999373E-06
 2.43999439E-06
 2.43999602E-06
 2.43999659E-06
 2.43999731E-06
 2.43999867E-06
 2.44000017E-06
 2.44000069E-06
 2.44000164E-06
 2.44000299E-06
 2.44000366E-06
 2.44000452E-06
 2.44000499E-06
 2.44000670E-06
 2.44000752E-06
 2.44000879E-06
 2.44000916E-06
 2.44001054E-06
 2.44001158E-06
 2.44001285E-06
 2.44001405E-06
 2.44001443E-06
 2.44001529E-06
 2.44001691E-06
 2.44001825E-06
 2.44001829E-06
 2.44002063E-06
 2.44002118E-06
 2.44002227E-06
 2.44002359E-06
 2.44002396E-06
 2.44002583E-06
 2.44002601E-06
 2.44002749E-06
 2.44002826E-06
 2.44002959E-06
 2.44003048E-06
 2.44003145E-06
 2.44003348E-06
 2.44003435E-06
 2.44003510E-06
 2.44003592E-06
 2.44003688E-06
 2.44003841E-06
 2.44004005E-06
 2.43999143E-06
 2.43999219E-06
 2.43999299E-06
 2.43999360E-06
 2.43999451E-06
 2.43999428E-06
 2.43999529E-06
 2.43999609E-06
 2.43999720E-06
 2.43999766E-06
 2.43999750E-06
 2.43999831E-06
 2.43999873E-06
 2.43999945E-06
 2.44000044E-06
 2.44000105E-06
 2.44000219E-06
 2.44000270E-06
 2.44000307E-06
 2.44000373E-06
 2.44000424E-06
 2.44000550E-06
 2.44000614E-06
 2.44000600E-06
 2.44000724E-06
 2.44000746E-06
 2.44000842E-06
 2.44000924E-06
 2.44000904E-06
 2.44001044E-06
 2.44001107E-06
 2.44001155E-06
 2.44001189E-06
 2.44001232E-06
 2.44001370E-06
 2.44001408E-06
 2.44001455E-06
 2.44001573E-06
 2.44001615E-06
 2.44001643E-06
 2.44001764E-06
 2.44001788E-06
 2.44001903E-06
 2.44001922E-06
 2.44002010E-06
 2.44002086E-06
 2.44002170E-06
 2.44002218E-06
 2.44002315E-06
 2.44002398E-06
 2.44002426E-06
 2.44002500E-06
 2.44002622E-06
 2.44002668E-06
 2.44002717E-06
 2.44002793E-06
 2.44002852E-06
 2.44002955E-06
 2.44003020E-06
 2.44003127E-06
 2.44003156E-06
 2.44003245E-06
 2.44003313E-06
 2.44003401E-06
 2.44003465E-06
 2.44003506E-06
 2.44003641E-06
 2.44003670E-06
 2.44003789E-06
 2.43995104E-06
 2.43994281E-06
 2.43993784E-06
 2.43998681E-06
 2.43998622E-06
 2.43998548E-06
 2.43998500E-06
 2.43998425E-06
 2.43998422E-06
 2.43998397E-06
 2.43998339E-06
 2.43998331E-06
 2.43998303E-06
 2.43998256E-06
 2.43998237E-06
 2.43998224E-06
 2.43998207E-06
 2.43998150E-06
 2.43998142E-06
 2.43998129E-06
 2.43998181E-06
 2.43998166E-06
 2.43998111E-06
 2.43998108E-06
 2.43998117E-06
 2.43998135E-06
 2.43998110E-06
 2.43998165E-06
 2.43998126E-06
 2.43998114E-06
 2.43998146E-06
 2.43998158E-06
 2.43998176E-06
 2.43998135E-06
 2.43998149E-06
 2.43998189E-06
 2.43998170E-06
 2.43998170E-06
 2.43998211E-06
 2.43998209E-06
 2.43998213E-06
 2.43998219E-06
 2.43998220E-06
 2.43998264E-06
 2.43998286E-06
 2.43998297E-06
 2.43998293E-06
 2.43998300E-06
 2.43998349E-06
 2.43998322E-06
 2.43998342E-06
 2.43998393E-06
 2.43998409E-06
 2.43998420E-06
 2.43998426E-06
 2.43998473E-06
 2.43998470E-06
 2.43998477E-06
 2.43998530E-06
 2.43998531E-06
 2.43998565E-06
 2.43998575E-06
 2.43998603E-06
 2.43998646E-06
 2.43998654E-06
 2.43998695E-06
 2.43998705E-06
 2.43998696E-06
 2.43998690E-06
 2.43998667E-06
 2.43998642E-06
 2.43998645E-06
 2.43998618E-06
 2.43998604E-06
 2.43998604E-06
 2.43998564E-06
 2.43998552E-06
 2.43998550E-06
 2.43998532E-06
 2.43998544E-06
 2.43998541E-06
 2.43998528E-06
 2.43998528E-06
 2.43998528E-06
 2.43998523E-06
 2.43998504E-06
 2.43998502E-06
 2.43998524E-06
 2.43998524E-06
 2.43998543E-06
 2.43998539E-06
 2.43998551E-06
 2.43998569E-06
 2.43998586E-06
 2.43998608E-06
 2.43998636E-06
 2.43998673E-06
 2.43998695E-06
 2.43998862E-06
 2.43999346E-06
 2.43999811E-06
 2.44000295E-06
 2.44000791E-06
 2.43996587E-06
 2.43997413E-06
 2.43998279E-06
 2.43998682E-06
 2.43998606E-06
 2.43998599E-06
 2.43998665E-06
 1.02279559E-04
 2.85897431E-04
 7.74579506E-04
 1.91954484E-04
 0.00000000E+00
 1.14213909E-16
 1.13979864E-16
 0.00000000E+00
 1.13514640E-16
 0.00000000E+00
 0.00000000E+00
 0.00000000E+00
 2.25190986E-16
 0.00000000E+00
 1.12141479E-16
 0.00000000E+00
 6.23692374E-02
 1.30340521E-01
 3.78000000E-01
 0.00000000E+00
 0.00000000E+00
 0.00000000E+00
 0.00000000E+00
 0.00000000E+00
 0.00000000E+00
 0.00000000E+00
 0.00000000E+00
 0.00000000E+00
 0.00000000E+00
 0.00000000E+00
 0.00000000E+00
 0.00000000E+00
 0.00000000E+00
 0.00000000E+00
 0.00000000E+00
 0.00000000E+00
 0.00000000E+00
 0.00000000E+00
 0.00000000E+00
 0.00000000E+00
 0.00000000E+00
 0.00000000E+00
 0.00000000E+00
 0.00000000E+00
 0.00000000E+00
 0.00000000E+00
 0.00000000E+00
 0.00000000E+00
 0.00000000E+00
 0.00000000E+00
 0.00000000E+00
 0.00000000E+00
 0.00000000E+00
 0.00000000E+00
 0.00000000E+00
 0.00000000E+00
 0.00000000E+00
 0.00000000E+00
 0.00000000E+00
 0.00000000E+00
 0.00000000E+00
 0.00000000E+00
 0.00000000E+00
 0.00000000E+00
 0.00000000E+00
 0.00000000E+00
 0.00000000E+00
 0.00000000E+00
 0.00000000E+00
 0.00000000E+00
 0.00000000E+00
 0.00000000E+00
 0.00000000E+00
 0.00000000E+00
 0.00000000E+00
 0.00000000E+00
 0.00000000E+00
 0.00000000E+00
 0.00000000E+00
 0.00000000E+00
 0.00000000E+00
 0.00000000E+00
 0.00000000E+00
 0.00000000E+00
 0.00000000E+00
 0.00000000E+00
 0.00000000E+00
 0.00000000E+00
 0.00000000E+00
 0.00000000E+00
 0.00000000E+00
 0.00000000E+00
 0.00000000E+00
 0.00000000E+00
 0.00000000E+00
 0.00000000E+00
 0.00000000E+00
 0.00000000E+00
 0.00000000E+00
 0.00000000E+00
 0.00000000E+00
 0.00000000E+00
 0.00000000E+00
 0.00000000E+00
 0.00000000E+00
 0.00000000E+00
 0.00000000E+00
 0.00000000E+00
 0.00000000E+00
 0.00000000E+00
 0.00000000E+00
 0.00000000E+00
 0.00000000E+00
 0.00000000E+00
 0.00000000E+00
 0.00000000E+00
 0.00000000E+00
 0.00000000E+00
 0.00000000E+00
 0.00000000E+00
 0.00000000E+00
 0.00000000E+00
 0.00000000E+00
 0.00000000E+00
 0.00000000E+00
 0.00000000E+00
 0.00000000E+00
 0.00000000E+00
 0.00000000E+00
 0.00000000E+00
 0.00000000E+00
 0.00000000E+00
 0.00000000E+00
 0.00000000E+00
 0.00000000E+00
 0.00000000E+00
 0.00000000E+00
 0.00000000E+00
 0.00000000E+00
 0.00000000E+00
 0.00000000E+00
 0.00000000E+00
 0.00000000E+00
 0.00000000E+00
 0.00000000E+00
 0.00000000E+00
 0.00000000E+00
 0.00000000E+00
 0.00000000E+00
 0.00000000E+00
 0.00000000E+00
 0.00000000E+00
 0.00000000E+00
 0.00000000E+00
 0.00000000E+00
 0.00000000E+00
 0.00000000E+00
 0.00000000E+00
 0.00000000E+00
 0.00000000E+00
 0.00000000E+00
 0.00000000E+00
 0.00000000E+00
 0.00000000E+00
 0.00000000E+00
 0.00000000E+00
 0.00000000E+00
 0.00000000E+00
 0.00000000E+00
 0.00000000E+00
 0.00000000E+00
 0.00000000E+00
 0.00000000E+00
 0.00000000E+00
 0.00000000E+00
 0.00000000E+00
 0.00000000E+00
 0.00000000E+00
 0.00000000E+00
 0.00000000E+00
 0.00000000E+00
 0.00000000E+00
 0.00000000E+00
 0.00000000E+00
 0.00000000E+00
 6.67376729E-01
 5.39904338E-01
 2.78714585E-01
 4.10704161E-02
 7.76965093E-02
 1.39435186E-02
 2.44812962E-06
 2.44813235E-06
 1.58136381E-01
 2.54837453E-02
 2.44813564E-06
 2.44813718E-06
 2.44813760E-06
 2.44808994E-06
 2.44809424E-06
 2.44809823E-06
 2.44810510E-06
 2.44810984E-06
 2.44811466E-06
 2.44811863E-06
 2.44812391E-06
 2.44812852E-06
 2.81225612E-02
 2.44812945E-06
 2.44813153E-06
 2.44813200E-06
 2.44813263E-06
 2.44813291E-06
 2.44813321E-06
 2.44813390E-06
 2.44813430E-06
 2.44813624E-06
 2.44813612E-06
 2.44813621E-06
 2.44813706E-06
 2.44813821E-06
 2.44813879E-06
 2.44814045E-06
 2.44814164E-06
 2.44814554E-06
 2.44814728E-06
 2.44815042E-06
 2.44815251E-06
 2.44815491E-06
 2.44815773E-06
 2.44815959E-06
 2.44811336E-06
 2.44811422E-06
 2.44811584E-06
 2.44811703E-06
 2.44811800E-06
 2.44811949E-06
 2.44812147E-06
 2.44812238E-06
 2.44812222E-06
 2.44812160E-06
 2.44812251E-06
 2.44812329E-06
 2.44812299E-06
 2.44812255E-06
 2.44812302E-06
 2.44812367E-06
 2.44812429E-06
 2.44812416E-06
 2.44812364E-06
 2.44812431E-06
 2.44812401E-06
 2.44812521E-06
 2.44812508E-06
 2.44812467E-06
 2.44812449E-06
 2.44812521E-06
 2.44812594E-06
 2.44812633E-06
 2.44812638E-06
 2.44812621E-06
 2.44812688E-06
 2.44812731E-06
 2.44812685E-06
 2.44812732E-06
 2.44812752E-06
 2.44812862E-06
 2.44812777E-06
 2.44812895E-06
 2.44812915E-06
 2.44813003E-06
 2.44813155E-06
 2.44813142E-06
 2.44813254E-06
 2.44813377E-06
 2.44813478E-06
 2.44813567E-06
 2.44813634E-06
 2.44813800E-06
 2.44813951E-06
 2.44813948E-06
 2.44814070E-06
 2.44814097E-06
 2.44814277E-06
 2.44814390E-06
 2.44814466E-06
 2.44814505E-06
 2.44814643E-06
 2.44814800E-06
 2.44814840E-06
 2.44814957E-06
 2.44815119E-06
 2.44815145E-06
 2.44815244E-06
 2.44815444E-06
 2.44815459E-06
 2.44815526E-06
 2.44815718E-06
 2.44815782E-06
 2.44815922E-06
 2.44815961E-06
 2.44816103E-06
 2.44816170E-06
 2.44816292E-06
 2.44816367E-06
 2.44816495E-06
 2.44816628E-06
 2.44816794E-06
 2.44816865E-06
 2.44816967E-06
 2.44817054E-06
 2.44817198E-06
 2.44817227E-06
 2.44817391E-06
 2.44817467E-06
 2.44817675E-06
 2.44817750E-06
 2.44817788E-06
 2.44817938E-06
 2.44818076E-06
 2.44818158E-06
 2.44813380E-06
 2.44813371E-06
 2.44813437E-06
 2.44813604E-06
 2.44813587E-06
 2.44813696E-06
 2.44813715E-06
 2.44813834E-06
 2.44813889E-06
 2.44813882E-06
 2.44814022E-06
 2.44814074E-06
 2.44814088E-06
 2.44814223E-06
 2.44814229E-06
 2.44814355E-06
 2.44814376E-06
 2.44814450E-06
 2.44814487E-06
 2.44814576E-06
 2.44814651E-06
 2.44814688E-06
 2.44814801E-06
 2.44814811E-06
 2.44814897E-06
 2.44814969E-06
 2.44815026E-06
 2.44815094E-06
 2.44815147E-06
 2.44815210E-06
 2.44815260E-06
 2.44815383E-06
 2.44815451E-06
 2.44815506E-06
 2.44815547E-06
 2.44815620E-06
 2.44815702E-06
 2.44815771E-06
 2.44815871E-06
 2.44815874E-06
 2.44815970E-06
 2.44816053E-06
 2.44816061E-06
 2.44816162E-06
 2.44816272E-06
 2.44816347E-06
 2.44816348E-06
 2.44816480E-06
 2.44816539E-06
 2.44816563E-06
 2.44816635E-06
 2.44816756E-06
 2.44816821E-06
 2.44816852E-06
 2.44816970E-06
 2.44817012E-06
 2.44817059E-06
 2.44817170E-06
 2.44817244E-06
 2.44817341E-06
 2.44817381E-06
 2.44817481E-06
 2.44817561E-06
 2.44817600E-06
 2.44817697E-06
 2.44817771E-06
 2.44817859E-06
 2.44817922E-06
 2.44818016E-06
 2.44809353E-06
 2.44808514E-06
 2.44807926E-06
 2.44812907E-06
 2.44812804E-06
 2.44812735E-06
 2.44812658E-06
 2.44812663E-06
 2.44812566E-06
 2.44812551E-06
 2.44812521E-06
 2.44812490E-06
 2.44812467E-06
 2.44812459E-06
 2.44812439E-06
 2.44812370E-06
 2.44812376E-06
 2.44812382E-06
 2.44812368E-06
 2.44812348E-06
 2.44812364E-06
 2.44812293E-06
 2.44812322E-06
 2.44812338E-06
 2.44812306E-06
 2.44812329E-06
 2.44812332E-06
 2.44812306E-06
 2.44812292E-06
 2.44812290E-06
 2.44812317E-06
 2.44812339E-06
 2.44812326E-06
 2.44812357E-06
 2.44812333E-06
 2.44812374E-06
 2.44812337E-06
 2.44812341E-06
 2.44812366E-06
 2.44812380E-06
 2.44812423E-06
 2.44812412E-06
 2.44812422E-06
 2.44812429E-06
 2.44812428E-06
 2.44812467E-06
 2.44812486E-06
 2.44812474E-06
 2.44812502E-06
 2.44812503E-06
 2.44812531E-06
 2.44812555E-06
 2.44812578E-06
 2.44812602E-06
 2.44812602E-06
 2.44812634E-06
 2.44812674E-06
 2.44812671E-06
 2.44812706E-06
 2.44812713E-06
 2.44812750E-06
 2.44812788E-06
 2.44812795E-06
 2.44812815E-06
 2.44812857E-06
 2.44812857E-06
 2.44812891E-06
 2.44812897E-06
 2.44812871E-06
 2.44812853E-06
 2.44812826E-06
 2.44812824E-06
 2.44812825E-06
 2.44812791E-06
 2.44812779E-06
 2.44812751E-06
 2.44812756E-06
 2.44812726E-06
 2.44812718E-06
 2.44812708E-06
 2.44812708E-06
 2.44812704E-06
 2.44812714E-06
 2.44812686E-06
 2.44812691E-06
 2.44812696E-06
 2.44812692E-06
 2.44812699E-06
 2.44812706E-06
 2.44812724E-06
 2.44812718E-06
 2.44812751E-06
 2.44812755E-06
 2.44812777E-06
 2.44812788E-06
 2.44812822E-06
 2.44812853E-06
 2.44812885E-06
 2.44813062E-06
 2.44813541E-06
 2.44814019E-06
 2.44814508E-06
 2.44815000E-06
 2.44810754E-06
 2.44811583E-06
 2.44812464E-06
 2.44812867E-06
 2.44812796E-06
 2.44812787E-06
 2.44812849E-06
 9.59716679E-05
 2.68543403E-04
 7.52808549E-04
 1.85879975E-04
 1.14448917E-16
 1.14213909E-16
 0.00000000E+00
 1.13746776E-16
 1.13514640E-16
 2.26566898E-16
 0.00000000E+00
 1.12823881E-16
 0.00000000E+00
 1.12368027E-16
 1.12141479E-16
 1.11915842E-16
 5.86177044E-02
 1.22500490E-01
 3.70000000E-01
 0.00000000E+00
 0.00000000E+00
 0.00000000E+00
 0.00000000E+00
 0.00000000E+00
 0.00000000E+00
 0.00000000E+00
 0.00000000E+00
 0.00000000E+00
 0.00000000E+00
 0.00000000E+00
 0.00000000E+00
 0.00000000E+00
 0.00000000E+00
 0.00000000E+00
 0.00000000E+00
 0.00000000E+00
 0.00000000E+00
 0.00000000E+00
 0.00000000E+00
 0.00000000E+00
 0.00000000E+00
 0.00000000E+00
 0.00000000E+00
 0.00000000E+00
 0.00000000E+00
 0.00000000E+00
 0.00000000E+00
 0.00000000E+00
 0.00000000E+00
 0.00000000E+00
 0.00000000E+00
 0.00000000E+00
 0.00000000E+00
 0.00000000E+00
 0.00000000E+00
 0.00000000E+00
 0.00000000E+00
 0.00000000E+00
 0.00000000E+00
 0.00000000E+00
 0.00000000E+00
 0.00000000E+00
 0.00000000E+00
 0.00000000E+00
 0.00000000E+00
 0.00000000E+00
 0.00000000E+00
 0.00000000E+00
 0.00000000E+00
 0.00000000E+00
 0.00000000E+00
 0.00000000E+00
 0.00000000E+00
 0.00000000E+00
 0.00000000E+00
 0.00000000E+00
 0.00000000E+00
 0.00000000E+00
 0.00000000E+00
 0.00000000E+00
 0.00000000E+00
 0.00000000E+00
 0.00000000E+00
 0.00000000E+00
 0.00000000E+00
 0.00000000E+00
 0.00000000E+00
 0.00000000E+00
 0.00000000E+00
 0.00000000E+00
 0.00000000E+00
 0.00000000E+00
 0.00000000E+00
 0.00000000E+00
 0.00000000E+00
 0.00000000E+00
 0.00000000E+00
 0.00000000E+00
 0.00000000E+00
 0.00000000E+00
 0.00000000E+00
 0.00000000E+00
 0.00000000E+00
 0.00000000E+00
 0.00000000E+00
 0.00000000E+00
 0.00000000E+00
 0.00000000E+00
 0.00000000E+00
 0.00000000E+00
 0.00000000E+00
 0.00000000E+00
 0.00000000E+00
 0.00000000E+00
 0.00000000E+00
 0.00000000E+00
 0.00000000E+00
 0.00000000E+00
 0.00000000E+00
 0.00000000E+00
 0.00000000E+00
 0.00000000E+00
 0.00000000E+00
 0.00000000E+00
 0.00000000E+00
 0.00000000E+00
 0.00000000E+00
 0.00000000E+00
 0.00000000E+00
 0.00000000E+00
 0.00000000E+00
 0.00000000E+00
 0.00000000E+00
 0.00000000E+00
 0.00000000E+00
 0.00000000E+00
 0.00000000E+00
 0.00000000E+00
 0.00000000E+00
 0.00000000E+00
 0.00000000E+00
 0.00000000E+00
 0.00000000E+00
 0.00000000E+00
 0.00000000E+00
 0.00000000E+00
 0.00000000E+00
 0.00000000E+00
 0.00000000E+00
 0.00000000E+00
 0.00000000E+00
 0.00000000E+00
 0.00000000E+00
 0.00000000E+00
 0.00000000E+00
 0.00000000E+00
 0.00000000E+00
 0.00000000E+00
 0.00000000E+00
 0.00000000E+00
 0.00000000E+00
 0.00000000E+00
 0.00000000E+00
 0.00000000E+00
 0.00000000E+00
 0.00000000E+00
 0.00000000E+00
 0.00000000E+00
 0.00000000E+00
 0.00000000E+00
 0.00000000E+00
 0.00000000E+00
 0.00000000E+00
 0.00000000E+00
 0.00000000E+00
 0.00000000E+00
 0.00000000E+00
 0.00000000E+00
 0.00000000E+00
 0.00000000E+00
 0.00000000E+00
 0.00000000E+00
 0.00000000E+00
 0.00000000E+00
 0.00000000E+00
 0.00000000E+00
 5.69354079E-01
 3.02141259E-01
 2.98815270E-02
 7.27231768E-02
 1.30508789E-02
 2.43629942E-06
 2.43630121E-06
 1.61499563E-01
 2.60256701E-02
 2.43630428E-06
 2.43630544E-06
 2.43630694E-06
 2.43625884E-06
 2.43626326E-06
 2.43626784E-06
 2.43627262E-06
 2.43627844E-06
 2.43628256E-06
 2.43628851E-06
 2.43629356E-06
 2.43629839E-06
 2.87207361E-02
 2.43629948E-06
 2.43630004E-06
 2.43630095E-06
 2.43630140E-06
 2.43630151E-06
 2.43630356E-06
 2.43630432E-06
 2.43630437E-06
 2.43630433E-06
 2.43630516E-06
 2.43630580E-06
 2.43630639E-06
 2.43630648E-06
 2.43630724E-06
 2.43630992E-06
 2.43631176E-06
 2.43631472E-06
 2.43631733E-06
 2.43631897E-06
 2.43632237E-06
 2.43632449E-06
 2.43632707E-06
 2.43628058E-06
 2.43628134E-06
 2.43628364E-06
 2.43628573E-06
 2.43628701E-06
 2.43628845E-06
 2.43628851E-06
 2.43629133E-06
 2.43629140E-06
 2.43629150E-06
 2.43629207E-06
 2.43629158E-06
 2.43629170E-06
 2.43629133E-06
 2.43629188E-06
 2.43629172E-06
 2.43629211E-06
 2.43629246E-06
 2.43629334E-06
 2.43629327E-06
 2.43629280E-06
 2.43629421E-06
 2.43629340E-06
 2.43629444E-06
 2.43629449E-06
 2.43629425E-06
 2.43629492E-06
 2.43629473E-06
 2.43629542E-06
 2.43629491E-06
 2.43629505E-06
 2.43629670E-06
 2.43629542E-06
 2.43629627E-06
 2.43629687E-06
 2.43629723E-06
 2.43629796E-06
 2.43629759E-06
 2.43629759E-06
 2.43629829E-06
 2.43629916E-06
 2.43629986E-06
 2.43630151E-06
 2.43630184E-06
 2.43630259E-06
 2.43630457E-06
 2.43630502E-06
 2.43630616E-06
 2.43630689E-06
 2.43630860E-06
 2.43630907E-06
 2.43631000E-06
 2.43631139E-06
 2.43631214E-06
 2.43631332E-06
 2.43631443E-06
 2.43631440E-06
 2.43631537E-06
 2.43631685E-06
 2.43631774E-06
 2.43631882E-06
 2.43631990E-06
 2.43632068E-06
 2.43632144E-06
 2.43632246E-06
 2.43632373E-06
 2.43632580E-06
 2.43632603E-06
 2.43632734E-06
 2.43632867E-06
 2.43632901E-06
 2.43633038E-06
 2.43633186E-06
 2.43633233E-06
 2.43633389E-06
 2.43633453E-06
 2.43633597E-06
 2.43633702E-06
 2.43633814E-06
 2.43633912E-06
 2.43633997E-06
 2.43634166E-06
 2.43634249E-06
 2.43634343E-06
 2.43634501E-06
 2.43634500E-06
 2.43634712E-06
 2.43634792E-06
 2.43634887E-06
 2.43635025E-06
 2.43630222E-06
 2.43630304E-06
 2.43630296E-06
 2.43630390E-06
 2.43630421E-06
 2.43630527E-06
 2.43630570E-06
 2.43630644E-06
 2.43630724E-06
 2.43630833E-06
 2.43630813E-06
 2.43630890E-06
 2.43630931E-06
 2.43631025E-06
 2.43631082E-06
 2.43631168E-06
 2.43631217E-06
 2.43631253E-06
 2.43631342E-06
 2.43631394E-06
 2.43631522E-06
 2.43631613E-06
 2.43631625E-06
 2.43631713E-06
 2.43631764E-06
 2.43631826E-06
 2.43631874E-06
 2.43631933E-06
 2.43632066E-06
 2.43632057E-06
 2.43632186E-06
 2.43632261E-06
 2.43632323E-06
 2.43632332E-06
 2.43632413E-06
 2.43632505E-06
 2.43632542E-06
 2.43632653E-06
 2.43632710E-06
 2.43632777E-06
 2.43632854E-06
 2.43632939E-06
 2.43632951E-06
 2.43633034E-06
 2.43633149E-06
 2.43633189E-06
 2.43633196E-06
 2.43633317E-06
 2.43633403E-06
 2.43633417E-06
 2.43633562E-06
 2.43633613E-06
 2.43633630E-06
 2.43633777E-06
 2.43633848E-06
 2.43633886E-06
 2.43633951E-06
 2.43634000E-06
 2.43634114E-06
 2.43634192E-06
 2.43634254E-06
 2.43634318E-06
 2.43634384E-06
 2.43634490E-06
 2.43634556E-06
 2.43634640E-06
 2.43634683E-06
 2.43634818E-06
 2.43634869E-06
 2.43634933E-06
 2.43626430E-06
 2.43625495E-06
 2.43624873E-06
 2.43629811E-06
 2.43629754E-06
 2.43629689E-06
 2.43629633E-06
 2.43629575E-06
 2.43629504E-06
 2.43629446E-06
 2.43629445E-06
 2.43629393E-06
 2.43629357E-06
 2.43629368E-06
 2.43629328E-06
 2.43629313E-06
 2.43629301E-06
 2.43629293E-06
 2.43629272E-06
 2.43629231E-06
 2.43629235E-06
 2.43629253E-06
 2.43629232E-06
 2.43629247E-06
 2.43629223E-06
 2.43629230E-06
 2.43629245E-06
 2.43629227E-06
 2.43629241E-06
 2.43629226E-06
 2.43629244E-06
 2.43629234E-06
 2.43629238E-06
 2.43629266E-06
 2.43629278E-06
 2.43629263E-06
 2.43629281E-06
 2.43629302E-06
 2.43629288E-06
 2.43629312E-06
 2.43629293E-06
 2.43629296E-06
 2.43629352E-06
 2.43629332E-06
 2.43629356E-06
 2.43629372E-06
 2.43629368E-06
 2.43629399E-06
 2.43629416E-06
 2.43629422E-06
 2.43629472E-06
 2.43629464E-06
 2.43629486E-06
 2.43629491E-06
 2.43629532E-06
 2.43629559E-06
 2.43629576E-06
 2.43629610E-06
 2.43629637E-06
 2.43629634E-06
 2.43629679E-06
 2.43629708E-06
 2.43629711E-06
 2.43629751E-06
 2.43629764E-06
 2.43629774E-06
 2.43629802E-06
 2.43629801E-06
 2.43629792E-06
 2.43629789E-06
 2.43629769E-06
 2.43629734E-06
 2.43629733E-06
 2.43629704E-06
 2.43629681E-06
 2.43629675E-06
 2.43629662E-06
 2.43629659E-06
 2.43629664E-06
 2.43629636E-06
 2.43629623E-06
 2.43629629E-06
 2.43629617E-06
 2.43629608E-06
 2.43629627E-06
 2.43629605E-06
 2.43629607E-06
 2.43629620E-06
 2.43629634E-06
 2.43629636E-06
 2.43629652E-06
 2.43629657E-06
 2.43629684E-06
 2.43629694E-06
 2.43629706E-06
 2.43629749E-06
 2.43629769E-06
 2.43629804E-06
 2.43629982E-06
 2.43630450E-06
 2.43630937E-06
 2.43631435E-06
 2.43631932E-06
 2.43627655E-06
 2.43628498E-06
 2.43629376E-06
 2.43629789E-06
 2.43629722E-06
 2.43629710E-06
 2.43629769E-06
 8.96838572E-05
 2.51209646E-04
 7.31057946E-04
 1.79805467E-04
 0.00000000E+00
 1.14213909E-16
 0.00000000E+00
 1.13746776E-16
 2.27029280E-16
 0.00000000E+00
 1.13053198E-16
 0.00000000E+00
 0.00000000E+00
 0.00000000E+00
 0.00000000E+00
 1.11915842E-16
 5.48661713E-02
 1.14660459E-01
 3.62000000E-01
 0.00000000E+00
 0.00000000E+00
 0.00000000E+00
 0.00000000E+00
 0.00000000E+00
 0.00000000E+00
 0.00000000E+00
 0.00000000E+00
 0.00000000E+00
 0.00000000E+00
 0.00000000E+00
 0.00000000E+00
 0.00000000E+00
 0.00000000E+00
 0.00000000E+00
 0.00000000E+00
 0.00000000E+00
 0.00000000E+00
 0.00000000E+00
 0.00000000E+00
 0.00000000E+00
 0.00000000E+00
 0.00000000E+00
 0.00000000E+00
 0.00000000E+00
 0.00000000E+00
 0.00000000E+00
 0.00000000E+00
 0.00000000E+00
 0.00000000E+00
 0.00000000E+00
 0.00000000E+00
 0.00000000E+00
 0.00000000E+00
 0.00000000E+00
 0.00000000E+00
 0.00000000E+00
 0.00000000E+00
 0.00000000E+00
 0.00000000E+00
 0.00000000E+00
 0.00000000E+00
 0.00000000E+00
 0.00000000E+00
 0.00000000E+00
 0.00000000E+00
 0.00000000E+00
 0.00000000E+00
 0.00000000E+00
 0.00000000E+00
 0.00000000E+00
 0.00000000E+00
 0.00000000E+00
 0.00000000E+00
 0.00000000E+00
 0.00000000E+00
 0.00000000E+00
 0.00000000E+00
 0.00000000E+00
 0.00000000E+00
 0.00000000E+00
 0.00000000E+00
 0.00000000E+00
 0.00000000E+00
 0.00000000E+00
 0.00000000E+00
 0.00000000E+00
 0.00000000E+00
 0.00000000E+00
 0.00000000E+00
 0.00000000E+00
 0.00000000E+00
 0.00000000E+00
 0.00000000E+00
 0.00000000E+00
 0.00000000E+00
 0.00000000E+00
 0.00000000E+00
 0.00000000E+00
 0.00000000E+00
 0.00000000E+00
 0.00000000E+00
 0.00000000E+00
 0.00000000E+00
 0.00000000E+00
 0.00000000E+00
 0.00000000E+00
 0.00000000E+00
 0.00000000E+00
 0.00000000E+00
 0.00000000E+00
 0.00000000E+00
 0.00000000E+00
 0.00000000E+00
 0.00000000E+00
 0.00000000E+00
 0.00000000E+00
 0.00000000E+00
 0.00000000E+00
 0.00000000E+00
 0.00000000E+00
 0.00000000E+00
 0.00000000E+00
 0.00000000E+00
 0.00000000E+00
 0.00000000E+00
 0.00000000E+00
 0.00000000E+00
 0.00000000E+00
 0.00000000E+00
 0.00000000E+00
 0.00000000E+00
 0.00000000E+00
 0.00000000E+00
 0.00000000E+00
 0.00000000E+00
 0.00000000E+00
 0.00000000E+00
 0.00000000E+00
 0.00000000E+00
 0.00000000E+00
 0.00000000E+00
 0.00000000E+00
 0.00000000E+00
 0.00000000E+00
 0.00000000E+00
 0.00000000E+00
 0.00000000E+00
 0.00000000E+00
 0.00000000E+00
 0.00000000E+00
 0.00000000E+00
 0.00000000E+00
 0.00000000E+00
 0.00000000E+00
 0.00000000E+00
 0.00000000E+00
 0.00000000E+00
 0.00000000E+00
 0.00000000E+00
 0.00000000E+00
 0.00000000E+00
 0.00000000E+00
 0.00000000E+00
 0.00000000E+00
 0.00000000E+00
 0.00000000E+00
 0.00000000E+00
 0.00000000E+00
 0.00000000E+00
 0.00000000E+00
 0.00000000E+00
 0.00000000E+00
 0.00000000E+00
 0.00000000E+00
 0.00000000E+00
 0.00000000E+00
 0.00000000E+00
 0.00000000E+00
 0.00000000E+00
 0.00000000E+00
 0.00000000E+00
 0.00000000E+00
 0.00000000E+00
 0.00000000E+00
 0.00000000E+00
 0.00000000E+00
 5.98803317E-01
 3.25567525E-01
 1.86928462E-02
 6.77499491E-02
 1.21582743E-02
 2.40452576E-06
 2.40452690E-06
 1.64862673E-01
 2.65675663E-02
 2.40453018E-06
 2.40453264E-06
 2.40453205E-06
 2.40448435E-06
 2.40448866E-06
 2.40449405E-06
 2.40449853E-06
 2.40450407E-06
 2.40450881E-06
 2.40451584E-06
 2.40452044E-06
 2.40452571E-06
 2.93189215E-02
 2.40452584E-06
 2.40452661E-06
 2.40452817E-06
 2.40452821E-06
 2.40452835E-06
 2.40452982E-06
 2.40452959E-06
 2.40453036E-06
 2.40453062E-06
 2.40453117E-06
 2.40453234E-06
 2.40453349E-06
 2.40453313E-06
 2.40453387E-06
 2.40453594E-06
 2.40453803E-06
 2.40454126E-06
 2.40454316E-06
 2.40454589E-06
 2.40454841E-06
 2.40455047E-06
 2.40455301E-06
 2.40450658E-06
 2.40450853E-06
 2.40451028E-06
 2.40451162E-06
 2.40451313E-06
 2.40451348E-06
 2.40451509E-06
 2.40451758E-06
 2.40451729E-06
 2.40451798E-06
 2.40451727E-06
 2.40451812E-06
 2.40451791E-06
 2.40451829E-06
 2.40451797E-06
 2.40451822E-06
 2.40451937E-06
 2.40451923E-06
 2.40451998E-06
 2.40451978E-06
 2.40451954E-06
 2.40451994E-06
 2.40452061E-06
 2.40452066E-06
 2.40452077E-06
 2.40452025E-06
 2.40452099E-06
 2.40452174E-06
 2.40452251E-06
 2.40452122E-06
 2.40452179E-06
 2.40452183E-06
 2.40452282E-06
 2.40452327E-06
 2.40452262E-06
 2.40452324E-06
 2.40452392E-06
 2.40452415E-06
 2.40452391E-06
 2.40452439E-06
 2.40452506E-06
 2.40452671E-06
 2.40452735E-06
 2.40452843E-06
 2.40452933E-06
 2.40453126E-06
 2.40453137E-06
 2.40453250E-06
 2.40453351E-06
 2.40453442E-06
 2.40453550E-06
 2.40453596E-06
 2.40453689E-06
 2.40453857E-06
 2.40453912E-06
 2.40454040E-06
 2.40454192E-06
 2.40454288E-06
 2.40454377E-06
 2.40454467E-06
 2.40454502E-06
 2.40454719E-06
 2.40454754E-06
 2.40454816E-06
 2.40454983E-06
 2.40455023E-06
 2.40455221E-06
 2.40455292E-06
 2.40455397E-06
 2.40455506E-06
 2.40455619E-06
 2.40455717E-06
 2.40455770E-06
 2.40455880E-06
 2.40456001E-06
 2.40456158E-06
 2.40456223E-06
 2.40456351E-06
 2.40456440E-06
 2.40456590E-06
 2.40456656E-06
 2.40456834E-06
 2.40456954E-06
 2.40457015E-06
 2.40457141E-06
 2.40457261E-06
 2.40457372E-06
 2.40457503E-06
 2.40457556E-06
 2.40452810E-06
 2.40452898E-06
 2.40452924E-06
 2.40453025E-06
 2.40453064E-06
 2.40453135E-06
 2.40453187E-06
 2.40453271E-06
 2.40453292E-06
 2.40453370E-06
 2.40453453E-06
 2.40453499E-06
 2.40453576E-06
 2.40453616E-06
 2.40453710E-06
 2.40453743E-06
 2.40453855E-06
 2.40453930E-06
 2.40453991E-06
 2.40453993E-06
 2.40454119E-06
 2.40454184E-06
 2.40454238E-06
 2.40454301E-06
 2.40454353E-06
 2.40454415E-06
 2.40454464E-06
 2.40454501E-06
 2.40454637E-06
 2.40454695E-06
 2.40454763E-06
 2.40454842E-06
 2.40454844E-06
 2.40454944E-06
 2.40454990E-06
 2.40455110E-06
 2.40455177E-06
 2.40455254E-06
 2.40455278E-06
 2.40455398E-06
 2.40455443E-06
 2.40455520E-06
 2.40455607E-06
 2.40455621E-06
 2.40455666E-06
 2.40455805E-06
 2.40455850E-06
 2.40455925E-06
 2.40455989E-06
 2.40456042E-06
 2.40456104E-06
 2.40456156E-06
 2.40456256E-06
 2.40456344E-06
 2.40456400E-06
 2.40456504E-06
 2.40456533E-06
 2.40456590E-06
 2.40456673E-06
 2.40456801E-06
 2.40456854E-06
 2.40456931E-06
 2.40457031E-06
 2.40457053E-06
 2.40457157E-06
 2.40457201E-06
 2.40457323E-06
 2.40457364E-06
 2.40457479E-06
 2.40457530E-06
 2.40457651E-06
 2.40449152E-06
 2.40448132E-06
 2.40447533E-06
 2.40452430E-06
 2.40452390E-06
 2.40452289E-06
 2.40452265E-06
 2.40452150E-06
 2.40452164E-06
 2.40452082E-06
 2.40452035E-06
 2.40452033E-06
 2.40451981E-06
 2.40451970E-06
 2.40451961E-06
 2.40451959E-06
 2.40451941E-06
 2.40451896E-06
 2.40451934E-06
 2.40451867E-06
 2.40451889E-06
 2.40451897E-06
 2.40451875E-06
 2.40451862E-06
 2.40451857E-06
 2.40451885E-06
 2.40451842E-06
 2.40451859E-06
 2.40451848E-06
 2.40451892E-06
 2.40451858E-06
 2.40451880E-06
 2.40451876E-06
 2.40451891E-06
 2.40451876E-06
 2.40451886E-06
 2.40451898E-06
 2.40451892E-06
 2.40451917E-06
 2.40451944E-06
 2.40451942E-06
 2.40451950E-06
 2.40451973E-06
 2.40451971E-06
 2.40452027E-06
 2.40452013E-06
 2.40452011E-06
 2.40452042E-06
 2.40452057E-06
 2.40452076E-06
 2.40452094E-06
 2.40452138E-06
 2.40452127E-06
 2.40452148E-06
 2.40452168E-06
 2.40452191E-06
 2.40452228E-06
 2.40452238E-06
 2.40452265E-06
 2.40452286E-06
 2.40452305E-06
 2.40452339E-06
 2.40452372E-06
 2.40452399E-06
 2.40452398E-06
 2.40452444E-06
 2.40452480E-06
 2.40452478E-06
 2.40452446E-06
 2.40452426E-06
 2.40452420E-06
 2.40452399E-06
 2.40452364E-06
 2.40452371E-06
 2.40452339E-06
 2.40452335E-06
 2.40452311E-06
 2.40452297E-06
 2.40452289E-06
 2.40452281E-06
 2.40452281E-06
 2.40452278E-06
 2.40452256E-06
 2.40452265E-06
 2.40452269E-06
 2.40452270E-06
 2.40452265E-06
 2.40452269E-06
 2.40452281E-06
 2.40452273E-06
 2.40452294E-06
 2.40452298E-06
 2.40452325E-06
 2.40452330E-06
 2.40452363E-06
 2.40452389E-06
 2.40452419E-06
 2.40452461E-06
 2.40452628E-06
 2.40453107E-06
 2.40453603E-06
 2.40454089E-06
 2.40454593E-06
 2.40450291E-06
 2.40451139E-06
 2.40452020E-06
 2.40452439E-06
 2.40452370E-06
 2.40452352E-06
 2.40452420E-06
 8.34160967E-05
 2.33896127E-04
 7.09327666E-04
 1.73730958E-04
 0.00000000E+00
 2.28427817E-16
 1.13979864E-16
 1.13746776E-16
 1.13514640E-16
 0.00000000E+00
 1.13053198E-16
 1.12823881E-16
 2.25190986E-16
 0.00000000E+00
 0.00000000E+00
 1.11915842E-16
 5.11146382E-02
 1.06820427E-01
 3.54000000E-01
 0.00000000E+00
 0.00000000E+00
 0.00000000E+00
 0.00000000E+00
 0.00000000E+00
 0.00000000E+00
 0.00000000E+00
 0.00000000E+00
 0.00000000E+00
 0.00000000E+00
 0.00000000E+00
 0.00000000E+00
 0.00000000E+00
 0.00000000E+00
 0.00000000E+00
 0.00000000E+00
 0.00000000E+00
 0.00000000E+00
 0.00000000E+00
 0.00000000E+00
 0.00000000E+00
 0.00000000E+00
 0.00000000E+00
 0.00000000E+00
 0.00000000E+00
 0.00000000E+00
 0.00000000E+00
 0.00000000E+00
 0.00000000E+00
 0.00000000E+00
 0.00000000E+00
 0.00000000E+00
 0.00000000E+00
 0.00000000E+00
 0.00000000E+00
 0.00000000E+00
 0.00000000E+00
 0.00000000E+00
 0.00000000E+00
 0.00000000E+00
 0.00000000E+00
 0.00000000E+00
 0.00000000E+00
 0.00000000E+00
 0.00000000E+00
 0.00000000E+00
 0.00000000E+00
 0.00000000E+00
 0.00000000E+00
 0.00000000E+00
 0.00000000E+00
 0.00000000E+00
 0.00000000E+00
 0.00000000E+00
 0.00000000E+00
 0.00000000E+00
 0.00000000E+00
 0.00000000E+00
 0.00000000E+00
 0.00000000E+00
 0.00000000E+00
 0.00000000E+00
 0.00000000E+00
 0.00000000E+00
 0.00000000E+00
 0.00000000E+00
 0.00000000E+00
 0.00000000E+00
 0.00000000E+00
 0.00000000E+00
 0.00000000E+00
 0.00000000E+00
 0.00000000E+00
 0.00000000E+00
 0.00000000E+00
 0.00000000E+00
 0.00000000E+00
 0.00000000E+00
 0.00000000E+00
 0.00000000E+00
 0.00000000E+00
 0.00000000E+00
 0.00000000E+00
 0.00000000E+00
 0.00000000E+00
 0.00000000E+00
 0.00000000E+00
 0.00000000E+00
 0.00000000E+00
 0.00000000E+00
 0.00000000E+00
 0.00000000E+00
 0.00000000E+00
 0.00000000E+00
 0.00000000E+00
 0.00000000E+00
 0.00000000E+00
 0.00000000E+00
 0.00000000E+00
 0.00000000E+00
 0.00000000E+00
 0.00000000E+00
 0.00000000E+00
 0.00000000E+00
 0.00000000E+00
 0.00000000E+00
 0.00000000E+00
 0.00000000E+00
 0.00000000E+00
 0.00000000E+00
 0.00000000E+00
 0.00000000E+00
 0.00000000E+00
 0.00000000E+00
 0.00000000E+00
 0.00000000E+00
 0.00000000E+00
 0.00000000E+00
 0.00000000E+00
 0.00000000E+00
 0.00000000E+00
 0.00000000E+00
 0.00000000E+00
 0.00000000E+00
 0.00000000E+00
 0.00000000E+00
 0.00000000E+00
 0.00000000E+00
 0.00000000E+00
 0.00000000E+00
 0.00000000E+00
 0.00000000E+00
 0.00000000E+00
 0.00000000E+00
 0.00000000E+00
 0.00000000E+00
 0.00000000E+00
 0.00000000E+00
 0.00000000E+00
 0.00000000E+00
 0.00000000E+00
 0.00000000E+00
 0.00000000E+00
 0.00000000E+00
 0.00000000E+00
 0.00000000E+00
 0.00000000E+00
 0.00000000E+00
 0.00000000E+00
 0.00000000E+00
 0.00000000E+00
 0.00000000E+00
 0.00000000E+00
 0.00000000E+00
 0.00000000E+00
 0.00000000E+00
 0.00000000E+00
 0.00000000E+00
 0.00000000E+00
 0.00000000E+00
 0.00000000E+00
 0.00000000E+00
 0.00000000E+00
 0.00000000E+00
 0.00000000E+00
 0.00000000E+00
 0.00000000E+00
 6.28252054E-01
 3.48993386E-01
 7.50437302E-03
 6.27768260E-02
 1.12657049E-02
 2.35284009E-06
 2.35284057E-06
 1.68225710E-01
 2.71094341E-02
 2.35284376E-06
 2.35284496E-06
 2.35284620E-06
 2.35279790E-06
 2.35280269E-06
 2.35280700E-06
 2.35281244E-06
 2.35281784E-06
 2.35282291E-06
 2.35282806E-06
 2.35283279E-06
 2.35283821E-06
 2.99171174E-02
 2.35283922E-06
 2.35283990E-06
 2.35284076E-06
 2.35284161E-06
 2.35284235E-06
 2.35284295E-06
 2.35284378E-06
 2.35284310E-06
 2.35284423E-06
 2.35284564E-06
 2.35284565E-06
 2.35284605E-06
 2.35284722E-06
 2.35284705E-06
 2.35284788E-06
 2.35285136E-06
 2.35285359E-06
 2.35285671E-06
 2.35285929E-06
 2.35286108E-06
 2.35286419E-06
 2.35286721E-06
 2.35282058E-06
 2.35282166E-06
 2.35282370E-06
 2.35282420E-06
 2.35282697E-06
 2.35282761E-06
 2.35282953E-06
 2.35283100E-06
 2.35283138E-06
 2.35283142E-06
 2.35283174E-06
 2.35283195E-06
 2.35283184E-06
 2.35283197E-06
 2.35283176E-06
 2.35283248E-06
 2.35283284E-06
 2.35283229E-06
 2.35283387E-06
 2.35283327E-06
 2.35283298E-06
 2.35283299E-06
 2.35283397E-06
 2.35283345E-06
 2.35283388E-06
 2.35283524E-06
 2.35283543E-06
 2.35283477E-06
 2.35283569E-06
 2.35283575E-06
 2.35283528E-06
 2.35283581E-06
 2.35283613E-06
 2.35283623E-06
 2.35283676E-06
 2.35283736E-06
 2.35283721E-06
 2.35283778E-06
 2.35283757E-06
 2.35283872E-06
 2.35283924E-06
 2.35284075E-06
 2.35284127E-06
 2.35284255E-06
 2.35284314E-06
 2.35284417E-06
 2.35284511E-06
 2.35284677E-06
 2.35284673E-06
 2.35284879E-06
 2.35284915E-06
 2.35285029E-06
 2.35285190E-06
 2.35285240E-06
 2.35285365E-06
 2.35285407E-06
 2.35285504E-06
 2.35285625E-06
 2.35285797E-06
 2.35285837E-06
 2.35285880E-06
 2.35286030E-06
 2.35286210E-06
 2.35286313E-06
 2.35286369E-06
 2.35286508E-06
 2.35286598E-06
 2.35286696E-06
 2.35286753E-06
 2.35286919E-06
 2.35287014E-06
 2.35287123E-06
 2.35287162E-06
 2.35287342E-06
 2.35287432E-06
 2.35287560E-06
 2.35287625E-06
 2.35287753E-06
 2.35287872E-06
 2.35287908E-06
 2.35288060E-06
 2.35288128E-06
 2.35288264E-06
 2.35288369E-06
 2.35288470E-06
 2.35288662E-06
 2.35288707E-06
 2.35288843E-06
 2.35288954E-06
 2.35284181E-06
 2.35284221E-06
 2.35284268E-06
 2.35284418E-06
 2.35284480E-06
 2.35284479E-06
 2.35284604E-06
 2.35284668E-06
 2.35284645E-06
 2.35284772E-06
 2.35284862E-06
 2.35284865E-06
 2.35284949E-06
 2.35284972E-06
 2.35285074E-06
 2.35285140E-06
 2.35285170E-06
 2.35285278E-06
 2.35285350E-06
 2.35285409E-06
 2.35285456E-06
 2.35285515E-06
 2.35285538E-06
 2.35285662E-06
 2.35285708E-06
 2.35285807E-06
 2.35285852E-06
 2.35285908E-06
 2.35285952E-06
 2.35286031E-06
 2.35286120E-06
 2.35286220E-06
 2.35286244E-06
 2.35286303E-06
 2.35286394E-06
 2.35286474E-06
 2.35286524E-06
 2.35286585E-06
 2.35286656E-06
 2.35286698E-06
 2.35286836E-06
 2.35286899E-06
 2.35286933E-06
 2.35287040E-06
 2.35287095E-06
 2.35287183E-06
 2.35287260E-06
 2.35287286E-06
 2.35287405E-06
 2.35287453E-06
 2.35287467E-06
 2.35287596E-06
 2.35287693E-06
 2.35287696E-06
 2.35287831E-06
 2.35287852E-06
 2.35287982E-06
 2.35287998E-06
 2.35288082E-06
 2.35288192E-06
 2.35288266E-06
 2.35288305E-06
 2.35288369E-06
 2.35288455E-06
 2.35288524E-06
 2.35288632E-06
 2.35288739E-06
 2.35288766E-06
 2.35288887E-06
 2.35288926E-06
 2.35288996E-06
 2.35280666E-06
 2.35279536E-06
 2.35278872E-06
 2.35283783E-06
 2.35283713E-06
 2.35283629E-06
 2.35283605E-06
 2.35283531E-06
 2.35283497E-06
 2.35283428E-06
 2.35283424E-06
 2.35283373E-06
 2.35283374E-06
 2.35283314E-06
 2.35283291E-06
 2.35283283E-06
 2.35283280E-06
 2.35283243E-06
 2.35283258E-06
 2.35283211E-06
 2.35283204E-06
 2.35283209E-06
 2.35283230E-06
 2.35283197E-06
 2.35283210E-06
 2.35283193E-06
 2.35283181E-06
 2.35283240E-06
 2.35283212E-06
 2.35283196E-06
 2.35283224E-06
 2.35283247E-06
 2.35283224E-06
 2.35283214E-06
 2.35283225E-06
 2.35283265E-06
 2.35283268E-06
 2.35283275E-06
 2.35283276E-06
 2.35283276E-06
 2.35283313E-06
 2.35283306E-06
 2.35283311E-06
 2.35283332E-06
 2.35283356E-06
 2.35283368E-06
 2.35283392E-06
 2.35283410E-06
 2.35283412E-06
 2.35283415E-06
 2.35283459E-06
 2.35283484E-06
 2.35283478E-06
 2.35283493E-06
 2.35283516E-06
 2.35283539E-06
 2.35283567E-06
 2.35283617E-06
 2.35283642E-06
 2.35283658E-06
 2.35283688E-06
 2.35283698E-06
 2.35283732E-06
 2.35283744E-06
 2.35283791E-06
 2.35283818E-06
 2.35283845E-06
 2.35283839E-06
 2.35283803E-06
 2.35283770E-06
 2.35283775E-06
 2.35283757E-06
 2.35283731E-06
 2.35283733E-06
 2.35283701E-06
 2.35283684E-06
 2.35283691E-06
 2.35283662E-06
 2.35283646E-06
 2.35283655E-06
 2.35283640E-06
 2.35283621E-06
 2.35283616E-06
 2.35283613E-06
 2.35283622E-06
 2.35283629E-06
 2.35283613E-06
 2.35283628E-06
 2.35283626E-06
 2.35283646E-06
 2.35283661E-06
 2.35283663E-06
 2.35283679E-06
 2.35283696E-06
 2.35283717E-06
 2.35283756E-06
 2.35283781E-06
 2.35283812E-06
 2.35283986E-06
 2.35284474E-06
 2.35284966E-06
 2.35285470E-06
 2.35285969E-06
 2.35281630E-06
 2.35282485E-06
 2.35283375E-06
 2.35283803E-06
 2.35283722E-06
 2.35283706E-06
 2.35283778E-06
 7.71683562E-05
 2.16602817E-04
 6.87617677E-04
 1.67656450E-04
 2.28897833E-16
 1.14213909E-16
 0.00000000E+00
 0.00000000E+00
 2.27029280E-16
 1.13283449E-16
 1.13053198E-16
 1.12823881E-16
 2.25190986E-16
 1.12368027E-16
 1.12141479E-16
 1.11915842E-16
 4.73631051E-02
 9.89803959E-02
 3.46000000E-01
 0.00000000E+00
 0.00000000E+00
 0.00000000E+00
 0.00000000E+00
 0.00000000E+00
 0.00000000E+00
 0.00000000E+00
 0.00000000E+00
 0.00000000E+00
 0.00000000E+00
 0.00000000E+00
 0.00000000E+00
 0.00000000E+00
 0.00000000E+00
 0.00000000E+00
 0.00000000E+00
 0.00000000E+00
 0.00000000E+00
 0.00000000E+00
 0.00000000E+00
 0.00000000E+00
 0.00000000E+00
 0.00000000E+00
 0.00000000E+00
 0.00000000E+00
 0.00000000E+00
 0.00000000E+00
 0.00000000E+00
 0.00000000E+00
 0.00000000E+00
 0.00000000E+00
 0.00000000E+00
 0.00000000E+00
 0.00000000E+00
 0.00000000E+00
 0.00000000E+00
 0.00000000E+00
 0.00000000E+00
 0.00000000E+00
 0.00000000E+00
 0.00000000E+00
 0.00000000E+00
 0.00000000E+00
 0.00000000E+00
 0.00000000E+00
 0.00000000E+00
 0.00000000E+00
 0.00000000E+00
 0.00000000E+00
 0.00000000E+00
 0.00000000E+00
 0.00000000E+00
 0.00000000E+00
 0.00000000E+00
 0.00000000E+00
 0.00000000E+00
 0.00000000E+00
 0.00000000E+00
 0.00000000E+00
 0.00000000E+00
 0.00000000E+00
 0.00000000E+00
 0.00000000E+00
 0.00000000E+00
 0.00000000E+00
 0.00000000E+00
 0.00000000E+00
 0.00000000E+00
 0.00000000E+00
 0.00000000E+00
 0.00000000E+00
 0.00000000E+00
 0.00000000E+00
 0.00000000E+00
 0.00000000E+00
 0.00000000E+00
 0.00000000E+00
 0.00000000E+00
 0.00000000E+00
 0.00000000E+00
 0.00000000E+00
 0.00000000E+00
 0.00000000E+00
 0.00000000E+00
 0.00000000E+00
 0.00000000E+00
 0.00000000E+00
 0.00000000E+00
 0.00000000E+00
 0.00000000E+00
 0.00000000E+00
 0.00000000E+00
 0.00000000E+00
 0.00000000E+00
 0.00000000E+00
 0.00000000E+00
 0.00000000E+00
 0.00000000E+00
 0.00000000E+00
 0.00000000E+00
 0.00000000E+00
 0.00000000E+00
 0.00000000E+00
 0.00000000E+00
 0.00000000E+00
 0.00000000E+00
 0.00000000E+00
 0.00000000E+00
 0.00000000E+00
 0.00000000E+00
 0.00000000E+00
 0.00000000E+00
 0.00000000E+00
 0.00000000E+00
 0.00000000E+00
 0.00000000E+00
 0.00000000E+00
 0.00000000E+00
 0.00000000E+00
 0.00000000E+00
 0.00000000E+00
 0.00000000E+00
 0.00000000E+00
 0.00000000E+00
 0.00000000E+00
 0.00000000E+00
 0.00000000E+00
 0.00000000E+00
 0.00000000E+00
 0.00000000E+00
 0.00000000E+00
 0.00000000E+00
 0.00000000E+00
 0.00000000E+00
 0.00000000E+00
 0.00000000E+00
 0.00000000E+00
 0.00000000E+00
 0.00000000E+00
 0.00000000E+00
 0.00000000E+00
 0.00000000E+00
 0.00000000E+00
 0.00000000E+00
 0.00000000E+00
 0.00000000E+00
 0.00000000E+00
 0.00000000E+00
 0.00000000E+00
 0.00000000E+00
 0.00000000E+00
 0.00000000E+00
 0.00000000E+00
 0.00000000E+00
 0.00000000E+00
 0.00000000E+00
 0.00000000E+00
 0.00000000E+00
 0.00000000E+00
 0.00000000E+00
 0.00000000E+00
 0.00000000E+00
 0.00000000E+00
 0.00000000E+00
 0.00000000E+00
 0.00000000E+00
 0.00000000E+00
 6.57700291E-01
 3.72418842E-01
 3.68389319E-03
 5.78038071E-02
 1.03731705E-02
 2.28126920E-06
 2.28127130E-06
 1.71588674E-01
 2.76512735E-02
 2.28127388E-06
 2.28127490E-06
 2.28127580E-06
 2.28122757E-06
 2.28123201E-06
 2.28123690E-06
 2.28124340E-06
 2.28124760E-06
 2.28125307E-06
 2.28125864E-06
 2.28126359E-06
 2.28126922E-06
 3.05153238E-02
 2.28127037E-06
 2.28127105E-06
 2.28127128E-06
 2.28127150E-06
 2.28127250E-06
 2.28127232E-06
 2.28127281E-06
 2.28127370E-06
 2.28127535E-06
 2.28127524E-06
 2.28127662E-06
 2.28127637E-06
 2.28127731E-06
 2.28127733E-06
 2.28127919E-06
 2.28128133E-06
 2.28128365E-06
 2.28128727E-06
 2.28128878E-06
 2.28129268E-06
 2.28129516E-06
 2.28129698E-06
 2.28125159E-06
 2.28125182E-06
 2.28125303E-06
 2.28125443E-06
 2.28125714E-06
 2.28125867E-06
 2.28125921E-06
 2.28126196E-06
 2.28126132E-06
 2.28126131E-06
 2.28126231E-06
 2.28126227E-06
 2.28126248E-06
 2.28126237E-06
 2.28126321E-06
 2.28126279E-06
 2.28126329E-06
 2.28126288E-06
 2.28126372E-06
 2.28126397E-06
 2.28126419E-06
 2.28126417E-06
 2.28126512E-06
 2.28126459E-06
 2.28126501E-06
 2.28126461E-06
 2.28126514E-06
 2.28126518E-06
 2.28126592E-06
 2.28126581E-06
 2.28126672E-06
 2.28126709E-06
 2.28126674E-06
 2.28126736E-06
 2.28126724E-06
 2.28126754E-06
 2.28126858E-06
 2.28126885E-06
 2.28126784E-06
 2.28126822E-06
 2.28127058E-06
 2.28127165E-06
 2.28127205E-06
 2.28127292E-06
 2.28127373E-06
 2.28127498E-06
 2.28127647E-06
 2.28127676E-06
 2.28127728E-06
 2.28127942E-06
 2.28127985E-06
 2.28128108E-06
 2.28128121E-06
 2.28128321E-06
 2.28128439E-06
 2.28128476E-06
 2.28128646E-06
 2.28128715E-06
 2.28128730E-06
 2.28128933E-06
 2.28128957E-06
 2.28129090E-06
 2.28129282E-06
 2.28129322E-06
 2.28129449E-06
 2.28129529E-06
 2.28129617E-06
 2.28129742E-06
 2.28129903E-06
 2.28129921E-06
 2.28130076E-06
 2.28130171E-06
 2.28130224E-06
 2.28130420E-06
 2.28130454E-06
 2.28130628E-06
 2.28130694E-06
 2.28130825E-06
 2.28130875E-06
 2.28131043E-06
 2.28131156E-06
 2.28131312E-06
 2.28131368E-06
 2.28131492E-06
 2.28131542E-06
 2.28131686E-06
 2.28131807E-06
 2.28131975E-06
 2.28127171E-06
 2.28127229E-06
 2.28127269E-06
 2.28127342E-06
 2.28127423E-06
 2.28127442E-06
 2.28127563E-06
 2.28127647E-06
 2.28127670E-06
 2.28127725E-06
 2.28127812E-06
 2.28127863E-06
 2.28127995E-06
 2.28127973E-06
 2.28128099E-06
 2.28128098E-06
 2.28128176E-06
 2.28128310E-06
 2.28128340E-06
 2.28128384E-06
 2.28128482E-06
 2.28128568E-06
 2.28128576E-06
 2.28128663E-06
 2.28128760E-06
 2.28128781E-06
 2.28128879E-06
 2.28128924E-06
 2.28128957E-06
 2.28129025E-06
 2.28129127E-06
 2.28129219E-06
 2.28129257E-06
 2.28129330E-06
 2.28129437E-06
 2.28129446E-06
 2.28129535E-06
 2.28129613E-06
 2.28129661E-06
 2.28129743E-06
 2.28129836E-06
 2.28129901E-06
 2.28129976E-06
 2.28130001E-06
 2.28130059E-06
 2.28130150E-06
 2.28130253E-06
 2.28130304E-06
 2.28130368E-06
 2.28130442E-06
 2.28130467E-06
 2.28130563E-06
 2.28130670E-06
 2.28130767E-06
 2.28130771E-06
 2.28130907E-06
 2.28130930E-06
 2.28131003E-06
 2.28131124E-06
 2.28131151E-06
 2.28131206E-06
 2.28131327E-06
 2.28131412E-06
 2.28131463E-06
 2.28131517E-06
 2.28131633E-06
 2.28131731E-06
 2.28131769E-06
 2.28131865E-06
 2.28131898E-06
 2.28132025E-06
 2.28132087E-06
 2.28123838E-06
 2.28122685E-06
 2.28121955E-06
 2.28126857E-06
 2.28126785E-06
 2.28126731E-06
 2.28126637E-06
 2.28126584E-06
 2.28126518E-06
 2.28126531E-06
 2.28126488E-06
 2.28126398E-06
 2.28126405E-06
 2.28126344E-06
 2.28126351E-06
 2.28126308E-06
 2.28126344E-06
 2.28126331E-06
 2.28126300E-06
 2.28126259E-06
 2.28126302E-06
 2.28126264E-06
 2.28126288E-06
 2.28126257E-06
 2.28126273E-06
 2.28126225E-06
 2.28126257E-06
 2.28126254E-06
 2.28126247E-06
 2.28126248E-06
 2.28126268E-06
 2.28126244E-06
 2.28126293E-06
 2.28126280E-06
 2.28126266E-06
 2.28126276E-06
 2.28126282E-06
 2.28126290E-06
 2.28126339E-06
 2.28126331E-06
 2.28126341E-06
 2.28126374E-06
 2.28126363E-06
 2.28126401E-06
 2.28126396E-06
 2.28126412E-06
 2.28126436E-06
 2.28126429E-06
 2.28126462E-06
 2.28126469E-06
 2.28126488E-06
 2.28126530E-06
 2.28126522E-06
 2.28126560E-06
 2.28126595E-06
 2.28126605E-06
 2.28126617E-06
 2.28126649E-06
 2.28126672E-06
 2.28126696E-06
 2.28126714E-06
 2.28126728E-06
 2.28126782E-06
 2.28126786E-06
 2.28126810E-06
 2.28126838E-06
 2.28126872E-06
 2.28126883E-06
 2.28126868E-06
 2.28126848E-06
 2.28126826E-06
 2.28126787E-06
 2.28126790E-06
 2.28126755E-06
 2.28126750E-06
 2.28126752E-06
 2.28126714E-06
 2.28126703E-06
 2.28126705E-06
 2.28126699E-06
 2.28126695E-06
 2.28126693E-06
 2.28126668E-06
 2.28126681E-06
 2.28126655E-06
 2.28126664E-06
 2.28126668E-06
 2.28126674E-06
 2.28126680E-06
 2.28126688E-06
 2.28126703E-06
 2.28126714E-06
 2.28126728E-06
 2.28126739E-06
 2.28126776E-06
 2.28126794E-06
 2.28126827E-06
 2.28126861E-06
 2.28127038E-06
 2.28127532E-06
 2.28128018E-06
 2.28128520E-06
 2.28129029E-06
 2.28124669E-06
 2.28125529E-06
 2.28126428E-06
 2.28126851E-06
 2.28126762E-06
 2.28126764E-06
 2.28126830E-06
 7.09406057E-05
 1.99329684E-04
 6.65927948E-04
 1.61581941E-04
 1.14448917E-16
 0.00000000E+00
 0.00000000E+00
 1.13746776E-16
 1.13514640E-16
 0.00000000E+00
 0.00000000E+00
 1.12823881E-16
 1.12595493E-16
 1.12368027E-16
 1.12141479E-16
 0.00000000E+00
 4.36115720E-02
 9.11403646E-02
 3.38000000E-01
 0.00000000E+00
 0.00000000E+00
 0.00000000E+00
 0.00000000E+00
 0.00000000E+00
 0.00000000E+00
 0.00000000E+00
 0.00000000E+00
 0.00000000E+00
 0.00000000E+00
 0.00000000E+00
 0.00000000E+00
 0.00000000E+00
 0.00000000E+00
 0.00000000E+00
 0.00000000E+00
 0.00000000E+00
 0.00000000E+00
 0.00000000E+00
 0.00000000E+00
 0.00000000E+00
 0.00000000E+00
 0.00000000E+00
 0.00000000E+00
 0.00000000E+00
 0.00000000E+00
 0.00000000E+00
 0.00000000E+00
 0.00000000E+00
 0.00000000E+00
 0.00000000E+00
 0.00000000E+00
 0.00000000E+00
 0.00000000E+00
 0.00000000E+00
 0.00000000E+00
 0.00000000E+00
 0.00000000E+00
 0.00000000E+00
 0.00000000E+00
 0.00000000E+00
 0.00000000E+00
 0.00000000E+00
 0.00000000E+00
 0.00000000E+00
 0.00000000E+00
 0.00000000E+00
 0.00000000E+00
 0.00000000E+00
 0.00000000E+00
 0.00000000E+00
 0.00000000E+00
 0.00000000E+00
 0.00000000E+00
 0.00000000E+00
 0.00000000E+00
 0.00000000E+00
 0.00000000E+00
 0.00000000E+00
 0.00000000E+00
 0.00000000E+00
 0.00000000E+00
 0.00000000E+00
 0.00000000E+00
 0.00000000E+00
 0.00000000E+00
 0.00000000E+00
 0.00000000E+00
 0.00000000E+00
 0.00000000E+00
 0.00000000E+00
 0.00000000E+00
 0.00000000E+00
 0.00000000E+00
 0.00000000E+00
 0.00000000E+00
 0.00000000E+00
 0.00000000E+00
 0.00000000E+00
 0.00000000E+00
 0.00000000E+00
 0.00000000E+00
 0.00000000E+00
 0.00000000E+00
 0.00000000E+00
 0.00000000E+00
 0.00000000E+00
 0.00000000E+00
 0.00000000E+00
 0.00000000E+00
 0.00000000E+00
 0.00000000E+00
 0.00000000E+00
 0.00000000E+00
 0.00000000E+00
 0.00000000E+00
 0.00000000E+00
 0.00000000E+00
 0.00000000E+00
 0.00000000E+00
 0.00000000E+00
 0.00000000E+00
 0.00000000E+00
 0.00000000E+00
 0.00000000E+00
 0.00000000E+00
 0.00000000E+00
 0.00000000E+00
 0.00000000E+00
 0.00000000E+00
 0.00000000E+00
 0.00000000E+00
 0.00000000E+00
 0.00000000E+00
 0.00000000E+00
 0.00000000E+00
 0.00000000E+00
 0.00000000E+00
 0.00000000E+00
 0.00000000E+00
 0.00000000E+00
 0.00000000E+00
 0.00000000E+00
 0.00000000E+00
 0.00000000E+00
 0.00000000E+00
 0.00000000E+00
 0.00000000E+00
 0.00000000E+00
 0.00000000E+00
 0.00000000E+00
 0.00000000E+00
 0.00000000E+00
 0.00000000E+00
 0.00000000E+00
 0.00000000E+00
 0.00000000E+00
 0.00000000E+00
 0.00000000E+00
 0.00000000E+00
 0.00000000E+00
 0.00000000E+00
 0.00000000E+00
 0.00000000E+00
 0.00000000E+00
 0.00000000E+00
 0.00000000E+00
 0.00000000E+00
 0.00000000E+00
 0.00000000E+00
 0.00000000E+00
 0.00000000E+00
 0.00000000E+00
 0.00000000E+00
 0.00000000E+00
 0.00000000E+00
 0.00000000E+00
 0.00000000E+00
 0.00000000E+00
 0.00000000E+00
 0.00000000E+00
 0.00000000E+00
 0.00000000E+00
 0.00000000E+00
 0.00000000E+00
 0.00000000E+00
 0.00000000E+00
 6.87148031E-01
 3.95843896E-01
 1.48719532E-02
 5.28308921E-02
 9.48067101E-03
 2.18984776E-06
 2.18984869E-06
 1.74951566E-01
 2.81930845E-02
 2.18985088E-06
 2.18985178E-06
 2.18985219E-06
 2.18980309E-06
 2.18980765E-06
 2.18981428E-06
 2.18982025E-06
 2.18982553E-06
 2.18983096E-06
 2.18983584E-06
 2.18984058E-06
 2.18984600E-06
 3.11135407E-02
 2.18984733E-06
 2.18984695E-06
 2.18984870E-06
 2.18984875E-06
 2.18984961E-06
 2.18984971E-06
 2.18985135E-06
 2.18985045E-06
 2.18985119E-06
 2.18985247E-06
 2.18985237E-06
 2.18985394E-06
 2.18985324E-06
 2.18985348E-06
 2.18985560E-06
 2.18985883E-06
 2.18986205E-06
 2.18986380E-06
 2.18986624E-06
 2.18986951E-06
 2.18987138E-06
 2.18987476E-06
 2.18982853E-06
 2.18982924E-06
 2.18983015E-06
 2.18983203E-06
 2.18983350E-06
 2.18983590E-06
 2.18983598E-06
 2.18983827E-06
 2.18983848E-06
 2.18983874E-06
 2.18983835E-06
 2.18983988E-06
 2.18983945E-06
 2.18983999E-06
 2.18984020E-06
 2.18984044E-06
 2.18983942E-06
 2.18984003E-06
 2.18984098E-06
 2.18984046E-06
 2.18984116E-06
 2.18984161E-06
 2.18984217E-06
 2.18984246E-06
 2.18984162E-06
 2.18984240E-06
 2.18984203E-06
 2.18984239E-06
 2.18984311E-06
 2.18984281E-06
 2.18984352E-06
 2.18984371E-06
 2.18984437E-06
 2.18984397E-06
 2.18984434E-06
 2.18984398E-06
 2.18984436E-06
 2.18984579E-06
 2.18984563E-06
 2.18984634E-06
 2.18984727E-06
 2.18984869E-06
 2.18984864E-06
 2.18985050E-06
 2.18985088E-06
 2.18985202E-06
 2.18985260E-06
 2.18985453E-06
 2.18985446E-06
 2.18985603E-06
 2.18985651E-06
 2.18985860E-06
 2.18985881E-06
 2.18986009E-06
 2.18986167E-06
 2.18986273E-06
 2.18986357E-06
 2.18986390E-06
 2.18986536E-06
 2.18986658E-06
 2.18986766E-06
 2.18986877E-06
 2.18986944E-06
 2.18987071E-06
 2.18987210E-06
 2.18987256E-06
 2.18987415E-06
 2.18987508E-06
 2.18987564E-06
 2.18987712E-06
 2.18987820E-06
 2.18987843E-06
 2.18988010E-06
 2.18988090E-06
 2.18988240E-06
 2.18988357E-06
 2.18988467E-06
 2.18988499E-06
 2.18988650E-06
 2.18988722E-06
 2.18988866E-06
 2.18989010E-06
 2.18989126E-06
 2.18989267E-06
 2.18989335E-06
 2.18989428E-06
 2.18989596E-06
 2.18989673E-06
 2.18984927E-06
 2.18984888E-06
 2.18984954E-06
 2.18985054E-06
 2.18985161E-06
 2.18985207E-06
 2.18985286E-06
 2.18985304E-06
 2.18985355E-06
 2.18985489E-06
 2.18985468E-06
 2.18985572E-06
 2.18985666E-06
 2.18985724E-06
 2.18985770E-06
 2.18985873E-06
 2.18985939E-06
 2.18985929E-06
 2.18986064E-06
 2.18986122E-06
 2.18986168E-06
 2.18986203E-06
 2.18986275E-06
 2.18986401E-06
 2.18986385E-06
 2.18986470E-06
 2.18986544E-06
 2.18986589E-06
 2.18986711E-06
 2.18986803E-06
 2.18986797E-06
 2.18986913E-06
 2.18986977E-06
 2.18987076E-06
 2.18987123E-06
 2.18987205E-06
 2.18987236E-06
 2.18987301E-06
 2.18987401E-06
 2.18987471E-06
 2.18987554E-06
 2.18987608E-06
 2.18987696E-06
 2.18987734E-06
 2.18987806E-06
 2.18987912E-06
 2.18987967E-06
 2.18987973E-06
 2.18988074E-06
 2.18988208E-06
 2.18988271E-06
 2.18988285E-06
 2.18988349E-06
 2.18988447E-06
 2.18988535E-06
 2.18988591E-06
 2.18988719E-06
 2.18988734E-06
 2.18988859E-06
 2.18988932E-06
 2.18988932E-06
 2.18989079E-06
 2.18989132E-06
 2.18989230E-06
 2.18989252E-06
 2.18989378E-06
 2.18989444E-06
 2.18989473E-06
 2.18989560E-06
 2.18989683E-06
 2.18989724E-06
 2.18989798E-06
 2.18981730E-06
 2.18980400E-06
 2.18979690E-06
 2.18984547E-06
 2.18984462E-06
 2.18984393E-06
 2.18984306E-06
 2.18984312E-06
 2.18984228E-06
 2.18984199E-06
 2.18984127E-06
 2.18984120E-06
 2.18984120E-06
 2.18984099E-06
 2.18984011E-06
 2.18984020E-06
 2.18983998E-06
 2.18984012E-06
 2.18984012E-06
 2.18983961E-06
 2.18983964E-06
 2.18983977E-06
 2.18983931E-06
 2.18983924E-06
 2.18983954E-06
 2.18983949E-06
 2.18983943E-06
 2.18983968E-06
 2.18983930E-06
 2.18983948E-06
 2.18983979E-06
 2.18983944E-06
 2.18983940E-06
 2.18983996E-06
 2.18983975E-06
 2.18983983E-06
 2.18984000E-06
 2.18984007E-06
 2.18984017E-06
 2.18984055E-06
 2.18984063E-06
 2.18984057E-06
 2.18984082E-06
 2.18984084E-06
 2.18984101E-06
 2.18984129E-06
 2.18984145E-06
 2.18984144E-06
 2.18984173E-06
 2.18984184E-06
 2.18984222E-06
 2.18984204E-06
 2.18984254E-06
 2.18984246E-06
 2.18984284E-06
 2.18984287E-06
 2.18984308E-06
 2.18984340E-06
 2.18984360E-06
 2.18984398E-06
 2.18984419E-06
 2.18984428E-06
 2.18984467E-06
 2.18984515E-06
 2.18984514E-06
 2.18984541E-06
 2.18984565E-06
 2.18984591E-06
 2.18984556E-06
 2.18984541E-06
 2.18984522E-06
 2.18984504E-06
 2.18984501E-06
 2.18984485E-06
 2.18984440E-06
 2.18984428E-06
 2.18984432E-06
 2.18984399E-06
 2.18984409E-06
 2.18984380E-06
 2.18984385E-06
 2.18984385E-06
 2.18984368E-06
 2.18984385E-06
 2.18984373E-06
 2.18984370E-06
 2.18984369E-06
 2.18984374E-06
 2.18984371E-06
 2.18984383E-06
 2.18984394E-06
 2.18984405E-06
 2.18984431E-06
 2.18984458E-06
 2.18984472E-06
 2.18984494E-06
 2.18984524E-06
 2.18984556E-06
 2.18984746E-06
 2.18985241E-06
 2.18985729E-06
 2.18986241E-06
 2.18986750E-06
 2.18982351E-06
 2.18983215E-06
 2.18984118E-06
 2.18984549E-06
 2.18984465E-06
 2.18984457E-06
 2.18984534E-06
 6.47328151E-05
 1.82076697E-04
 6.44258449E-04
 1.55507432E-04
 1.14448917E-16
 1.14213909E-16
 0.00000000E+00
 1.13746776E-16
 0.00000000E+00
 0.00000000E+00
 0.00000000E+00
 0.00000000E+00
 2.25190986E-16
 1.12368027E-16
 0.00000000E+00
 0.00000000E+00
 3.98600390E-02
 8.33003332E-02
 3.30000000E-01
 0.00000000E+00
 0.00000000E+00
 0.00000000E+00
 0.00000000E+00
 0.00000000E+00
 0.00000000E+00
 0.00000000E+00
 0.00000000E+00
 0.00000000E+00
 0.00000000E+00
 0.00000000E+00
 0.00000000E+00
 0.00000000E+00
 0.00000000E+00
 0.00000000E+00
 0.00000000E+00
 0.00000000E+00
 0.00000000E+00
 0.00000000E+00
 0.00000000E+00
 0.00000000E+00
 0.00000000E+00
 0.00000000E+00
 0.00000000E+00
 0.00000000E+00
 0.00000000E+00
 0.00000000E+00
 0.00000000E+00
 0.00000000E+00
 0.00000000E+00
 0.00000000E+00
 0.00000000E+00
 0.00000000E+00
 0.00000000E+00
 0.00000000E+00
 0.00000000E+00
 0.00000000E+00
 0.00000000E+00
 0.00000000E+00
 0.00000000E+00
 0.00000000E+00
 0.00000000E+00
 0.00000000E+00
 0.00000000E+00
 0.00000000E+00
 0.00000000E+00
 0.00000000E+00
 0.00000000E+00
 0.00000000E+00
 0.00000000E+00
 0.00000000E+00
 0.00000000E+00
 0.00000000E+00
 0.00000000E+00
 0.00000000E+00
 0.00000000E+00
 0.00000000E+00
 0.00000000E+00
 0.00000000E+00
 0.00000000E+00
 0.00000000E+00
 0.00000000E+00
 0.00000000E+00
 0.00000000E+00
 0.00000000E+00
 0.00000000E+00
 0.00000000E+00
 0.00000000E+00
 0.00000000E+00
 0.00000000E+00
 0.00000000E+00
 0.00000000E+00
 0.00000000E+00
 0.00000000E+00
 0.00000000E+00
 0.00000000E+00
 0.00000000E+00
 0.00000000E+00
 0.00000000E+00
 0.00000000E+00
 0.00000000E+00
 0.00000000E+00
 0.00000000E+00
 0.00000000E+00
 0.00000000E+00
 0.00000000E+00
 0.00000000E+00
 0.00000000E+00
 0.00000000E+00
 0.00000000E+00
 0.00000000E+00
 0.00000000E+00
 0.00000000E+00
 0.00000000E+00
 0.00000000E+00
 0.00000000E+00
 0.00000000E+00
 0.00000000E+00
 0.00000000E+00
 0.00000000E+00
 0.00000000E+00
 0.00000000E+00
 0.00000000E+00
 0.00000000E+00
 0.00000000E+00
 0.00000000E+00
 0.00000000E+00
 0.00000000E+00
 0.00000000E+00
 0.00000000E+00
 0.00000000E+00
 0.00000000E+00
