   2
   7
   3
  89
 3.08217109E+02
 1.18846862E+00
 1.21797351E+00
 6.95312500E-01
 3.15636639E-05
-1.64419605E-04
-8.44518859E-06
 0.00000000E+00
 5.00000000E-01
 6.87500000E-01
 1.00000000E+00
 7.03125000E-01
 7.50000000E-01
 6.95312500E-01
   4
   3
  15
   3
 3.07413473E+02
 4.70003629E-01
 1.06800047E+00
 3.75000000E-01
 2.94457589E-02
-1.02054986E-02
-3.20236471E-03
 0.00000000E+00
 8.75000000E-01
 2.50000000E-01
 1.00000000E+00
 5.00000000E-01
 9.37500000E-01
 3.75000000E-01
   3
   7
   1
 107
 3.08848183E+02
 1.80750783E+00
 1.30337696E+00
 8.35937500E-01
 2.18369217E-05
-5.67537134E-04
-6.89150493E-06
 0.00000000E+00
 0.00000000E+00
 8.28125000E-01
 2.50000000E-01
 8.43750000E-01
 1.25000000E-01
 8.35937500E-01
   1
   9
   1
  93
 3.06946696E+02
 2.00453705E-01
 1.01636279E+00
 1.81640625E-01
 5.78134938E-05
-2.84802105E-06
-1.81670109E-06
 0.00000000E+00
 0.00000000E+00
 1.79687500E-01
 1.00000000E+00
 1.83593750E-01
 5.00000000E-01
 1.81640625E-01
   4
   6
   1
  47
 3.08741663E+02
 1.32566974E+00
 1.24068797E+00
 7.34375000E-01
 1.13199006E-04
-8.66551994E-04
-3.19598911E-05
 0.00000000E+00
 0.00000000E+00
 7.18750000E-01
 1.25000000E-01
 7.50000000E-01
 6.25000000E-02
 7.34375000E-01
   2
   8
   3
 235
 3.08536649E+02
 2.50065501E+00
 1.35744857E+00
 9.17968750E-01
 4.52697617E-06
-5.67537134E-04
-1.52507457E-06
 0.00000000E+00
 5.00000000E-01
 9.14062500E-01
 1.00000000E+00
 9.21875000E-01
 7.50000000E-01
 9.17968750E-01
   2
   7
   1
 125
 3.08945924E+02
 3.75341798E+00
 1.39773900E+00
 9.76562500E-01
 1.60005119E-05
-2.94457589E-02
-5.58787530E-06
 0.00000000E+00
 0.00000000E+00
 9.68750000E-01
 5.00000000E-01
 9.84375000E-01
 2.50000000E-01
 9.76562500E-01
   1
   8
   1
  67
 3.07326947E+02
 3.03430429E-01
 1.03368114E+00
 2.61718750E-01
 1.11395790E-04
-1.39975644E-05
-6.90763275E-06
 0.00000000E+00
 0.00000000E+00
 2.57812500E-01
 1.00000000E+00
 2.65625000E-01
 5.00000000E-01
 2.61718750E-01
   1
   9
   1
 343
 3.08343357E+02
 1.10842591E+00
 1.20365914E+00
 6.69921875E-01
 4.24994801E-06
-1.75066963E-05
-1.09375409E-06
 0.00000000E+00
 0.00000000E+00
 6.67968750E-01
 1.00000000E+00
 6.71875000E-01
 5.00000000E-01
 6.69921875E-01
   2
   8
   1
 253
 3.08960050E+02
 4.44656516E+00
 1.40595157E+00
 9.88281250E-01
 3.90573143E-06
-2.94457589E-02
-1.37261969E-06
 0.00000000E+00
 0.00000000E+00
 9.84375000E-01
 5.00000000E-01
 9.92187500E-01
 2.50000000E-01
 9.88281250E-01
   3
   4
   1
   1
 3.06109812E+02
 6.45385211E-02
 1.00195122E+00
 6.25000000E-02
 7.63722632E+01
-1.11358759E-03
 2.49030056E-01
 0.00000000E+00
 0.00000000E+00
 0.00000000E+00
 2.50000000E-01
 1.25000000E-01
 1.25000000E-01
 6.25000000E-02
   2
   8
   1
  15
 3.05960437E+02
 6.03805110E-02
 1.00171514E+00
 5.85937500E-02
 1.11358759E-03
-4.30437066E-06
-3.79512197E-06
 0.00000000E+00
 0.00000000E+00
 5.46875000E-02
 5.00000000E-01
 6.25000000E-02
 2.50000000E-01
 5.85937500E-02
   1
   7
   1
  39
 3.07487018E+02
 3.63393894E-01
 1.04538724E+00
 3.04687500E-01
 3.28839209E-04
-6.31273279E-05
-2.67125284E-05
 0.00000000E+00
 0.00000000E+00
 2.96875000E-01
 1.00000000E+00
 3.12500000E-01
 5.00000000E-01
 3.04687500E-01
   2
   5
   1
  25
 3.08686169E+02
 1.51982575E+00
 1.26899628E+00
 7.81250000E-01
 4.00320342E-04
-5.15482180E-03
-1.19486244E-04
 0.00000000E+00
 0.00000000E+00
 7.50000000E-01
 5.00000000E-01
 8.12500000E-01
 2.50000000E-01
 7.81250000E-01
   2
   3
   1
   5
 3.08433735E+02
 9.80829253E-01
 1.17924764E+00
 6.25000000E-01
 1.02054986E-02
-2.94457589E-02
-2.38467643E-03
 0.00000000E+00
 0.00000000E+00
 5.00000000E-01
 5.00000000E-01
 7.50000000E-01
 2.50000000E-01
 6.25000000E-01
   1
   9
   1
 105
 3.07072450E+02
 2.29511440E-01
 1.02081195E+00
 2.05078125E-01
 4.53535308E-05
-3.01843965E-06
-1.79305053E-06
 0.00000000E+00
 0.00000000E+00
 2.03125000E-01
 1.00000000E+00
 2.07031250E-01
 5.00000000E-01
 2.05078125E-01
   5
   5
  31
   1
 3.04843104E+02
 3.17486983E-02
 1.00048816E+00
 3.12500000E-02
 7.60307681E+01
-2.60281127E-04
 2.49756276E-01
 0.00000000E+00
 9.37500000E-01
 0.00000000E+00
 1.00000000E+00
 6.25000000E-02
 9.68750000E-01
 3.12500000E-02
   4
   6
  15
  37
 3.07884414E+02
 8.63046217E-01
 1.15508810E+00
 5.78125000E-01
 1.82681776E-04
-3.43170953E-04
-3.96040635E-05
 0.00000000E+00
 8.75000000E-01
 5.62500000E-01
 1.00000000E+00
 5.93750000E-01
 9.37500000E-01
 5.78125000E-01
   1
   8
   1
  91
 3.07650688E+02
 4.39231971E-01
 1.06130016E+00
 3.55468750E-01
 6.03828271E-05
-1.83658102E-05
-6.38226360E-06
 0.00000000E+00
 0.00000000E+00
 3.51562500E-01
 1.00000000E+00
 3.59375000E-01
 5.00000000E-01
 3.55468750E-01
   1
   9
   1
 355
 3.08382138E+02
 1.18207882E+00
 1.21685957E+00
 6.93359375E-01
 3.96748248E-06
-2.02852101E-05
-1.05854388E-06
 0.00000000E+00
 0.00000000E+00
 6.91406250E-01
 1.00000000E+00
 6.95312500E-01
 5.00000000E-01
 6.93359375E-01
   2
   8
   3
  21
 3.05964886E+02
 8.55919303E-02
 1.00335892E+00
 8.20312500E-02
 5.67537134E-04
-4.52697625E-06
-3.77650042E-06
 0.00000000E+00
 5.00000000E-01
 7.81250000E-02
 1.00000000E+00
 8.59375000E-02
 7.50000000E-01
 8.20312500E-02
   4
   5
   1
   1
 3.05452859E+02
 3.17486983E-02
 1.00048816E+00
 3.12500000E-02
 7.61989764E+01
-2.60281127E-04
 2.49756276E-01
 0.00000000E+00
 0.00000000E+00
 0.00000000E+00
 1.25000000E-01
 6.25000000E-02
 6.25000000E-02
 3.12500000E-02
   3
   7
   7
  35
 3.07120634E+02
 3.19430771E-01
 1.03671021E+00
 2.73437500E-01
 2.04164977E-04
-2.89067469E-05
-1.36944286E-05
 0.00000000E+00
 7.50000000E-01
 2.65625000E-01
 1.00000000E+00
 2.81250000E-01
 8.75000000E-01
 2.73437500E-01
   2
   8
   1
  39
 3.06933522E+02
 1.65280091E-01
 1.01153775E+00
 1.52343750E-01
 1.64419605E-04
-5.30915192E-06
-3.68563530E-06
 0.00000000E+00
 0.00000000E+00
 1.48437500E-01
 5.00000000E-01
 1.56250000E-01
 2.50000000E-01
 1.52343750E-01
   2
   3
   3
   7
 3.08480655E+02
 2.07944154E+00
 1.32876823E+00
 8.75000000E-01
 7.71225072E+01
 6.93147181E-01
 3.51884113E-01
 2.50000000E-01
 5.00000000E-01
 7.50000000E-01
 1.00000000E+00
 1.00000000E+00
 7.50000000E-01
 8.75000000E-01
   1
   7
   1
  87
 3.08359660E+02
 1.13845820E+00
 1.20912162E+00
 6.79687500E-01
 6.60632887E-05
-2.97530506E-04
-1.72640518E-05
 0.00000000E+00
 0.00000000E+00
 6.71875000E-01
 1.00000000E+00
 6.87500000E-01
 5.00000000E-01
 6.79687500E-01
   3
   6
   1
  25
 3.08003901E+02
 4.95321437E-01
 1.07358646E+00
 3.90625000E-01
 4.00320342E-04
-1.64419605E-04
-4.93243313E-05
 0.00000000E+00
 0.00000000E+00
 3.75000000E-01
 2.50000000E-01
 4.06250000E-01
 1.25000000E-01
 3.90625000E-01
   3
   4
   1
   5
 3.07766113E+02
 3.74693449E-01
 1.04769091E+00
 3.12500000E-01
 1.02054986E-02
-2.07470070E-03
-8.48761947E-04
 0.00000000E+00
 0.00000000E+00
 2.50000000E-01
 2.50000000E-01
 3.75000000E-01
 1.25000000E-01
 3.12500000E-01
   1
   9
   1
 117
 3.07185058E+02
 2.59438860E-01
 1.02577746E+00
 2.28515625E-01
 3.65270120E-05
-3.20462491E-06
-1.76713747E-06
 0.00000000E+00
 0.00000000E+00
 2.26562500E-01
 1.00000000E+00
 2.30468750E-01
 5.00000000E-01
 2.28515625E-01
   2
   6
   1
  61
 3.08917238E+02
 3.06027079E+00
 1.38146562E+00
 9.53125000E-01
 6.71952698E-05
-2.94457589E-02
-2.31514919E-05
 0.00000000E+00
 0.00000000E+00
 9.37500000E-01
 5.00000000E-01
 9.68750000E-01
 2.50000000E-01
 9.53125000E-01
   2
   5
   1
  27
 3.08774846E+02
 1.85629799E+00
 1.30840134E+00
 8.43750000E-01
 3.43170953E-04
-1.02054986E-02
-1.09014416E-04
 0.00000000E+00
 0.00000000E+00
 8.12500000E-01
 5.00000000E-01
 8.75000000E-01
 2.50000000E-01
 8.43750000E-01
   1
   8
   1
 115
 3.07902335E+02
 5.96417554E-01
 1.09626524E+00
 4.49218750E-01
 3.78086128E-05
-2.51502729E-05
-5.79085801E-06
 0.00000000E+00
 0.00000000E+00
 4.45312500E-01
 1.00000000E+00
 4.53125000E-01
 5.00000000E-01
 4.49218750E-01
   1
   9
   1
 367
 3.08419776E+02
 1.26159088E+00
 1.23036489E+00
 7.16796875E-01
 3.71226923E-06
-2.37817784E-05
-1.02406727E-06
 0.00000000E+00
 0.00000000E+00
 7.14843750E-01
 1.00000000E+00
 7.18750000E-01
 5.00000000E-01
 7.16796875E-01
   5
   5
  31
   3
 3.05953432E+02
 9.84400728E-02
 1.00438492E+00
 9.37500000E-02
 2.94457589E-02
-2.97442034E-04
-2.40901227E-04
 0.00000000E+00
 9.37500000E-01
 6.25000000E-02
 1.00000000E+00
 1.25000000E-01
 9.68750000E-01
 9.37500000E-02
   2
   8
   3
  45
 3.06744600E+02
 1.93319311E-01
 1.01533199E+00
 1.75781250E-01
 1.23487283E-04
-5.61539066E-06
-3.64447104E-06
 0.00000000E+00
 5.00000000E-01
 1.71875000E-01
 1.00000000E+00
 1.79687500E-01
 7.50000000E-01
 1.75781250E-01
   3
   7
   7
  83
 3.08054422E+02
 1.04536777E+00
 1.19183522E+00
 6.48437500E-01
 3.62923714E-05
-1.23487283E-04
-9.01308908E-06
 0.00000000E+00
 7.50000000E-01
 6.40625000E-01
 1.00000000E+00
 6.56250000E-01
 8.75000000E-01
 6.48437500E-01
   4
   6
   1
  49
 3.08789193E+02
 1.45083288E+00
 1.25943703E+00
 7.65625000E-01
 1.04144971E-04
-1.11358759E-03
-3.05537730E-05
 0.00000000E+00
 0.00000000E+00
 7.50000000E-01
 1.25000000E-01
 7.81250000E-01
 6.25000000E-02
 7.65625000E-01
   2
   8
   1
  63
 3.07430669E+02
 2.82487256E-01
 1.02983597E+00
 2.46093750E-01
 6.29960946E-05
-6.71167967E-06
-3.49264774E-06
 0.00000000E+00
 0.00000000E+00
 2.42187500E-01
 5.00000000E-01
 2.50000000E-01
 2.50000000E-01
 2.46093750E-01
   4
   5
   1
   3
 3.06563187E+02
 9.84400728E-02
 1.00438492E+00
 9.37500000E-02
 2.94457589E-02
-2.97442034E-04
-2.40901227E-04
 0.00000000E+00
 0.00000000E+00
 6.25000000E-02
 1.25000000E-01
 1.25000000E-01
 6.25000000E-02
 9.37500000E-02
   1
   9
   1
 129
 3.07287089E+02
 2.90289636E-01
 1.03125185E+00
 2.51953125E-01
 3.00471739E-05
-3.40858349E-06
-1.73914418E-06
 0.00000000E+00
 0.00000000E+00
 2.50000000E-01
 1.00000000E+00
 2.53906250E-01
 5.00000000E-01
 2.51953125E-01
   1
   8
   1
 139
 3.08109450E+02
 7.83003510E-01
 1.13789941E+00
 5.42968750E-01
 2.58792475E-05
-3.65270117E-05
-5.17819780E-06
 0.00000000E+00
 0.00000000E+00
 5.39062500E-01
 1.00000000E+00
 5.46875000E-01
 5.00000000E-01
 5.42968750E-01
   3
   7
   1
  13
 3.06602642E+02
 1.07098136E-01
 1.00514424E+00
 1.01562500E-01
 1.48368388E-03
-1.89043064E-05
-1.50254913E-05
 0.00000000E+00
 0.00000000E+00
 9.37500000E-02
 2.50000000E-01
 1.09375000E-01
 1.25000000E-01
 1.01562500E-01
   3
   4
   1
   9
 3.08400763E+02
 8.26678573E-01
 1.14734748E+00
 5.62500000E-01
 3.10563000E-03
-5.15482180E-03
-6.46665355E-04
 0.00000000E+00
 0.00000000E+00
 5.00000000E-01
 2.50000000E-01
 6.25000000E-01
 1.25000000E-01
 5.62500000E-01
   1
   9
   1
 379
 3.08456343E+02
 1.34797550E+00
 1.24416515E+00
 7.40234375E-01
 3.48091248E-06
-2.82669531E-05
-9.90367061E-07
 0.00000000E+00
 0.00000000E+00
 7.38281250E-01
 1.00000000E+00
 7.42187500E-01
 5.00000000E-01
 7.40234375E-01
   2
   7
   1
  31
 3.07413936E+02
 2.77319285E-01
 1.02890951E+00
 2.42187500E-01
 2.60281127E-04
-2.65717171E-05
-1.40082536E-05
 0.00000000E+00
 0.00000000E+00
 2.34375000E-01
 5.00000000E-01
 2.50000000E-01
 2.50000000E-01
 2.42187500E-01
   2
   5
   1
  29
 3.08858020E+02
 2.36712361E+00
 1.34955143E+00
 9.06250000E-01
 2.97442034E-04
-2.94457589E-02
-9.93447118E-05
 0.00000000E+00
 0.00000000E+00
 8.75000000E-01
 5.00000000E-01
 9.37500000E-01
 2.50000000E-01
 9.06250000E-01
   2
   8
   3
  69
 3.07189617E+02
 3.14068828E-01
 1.03568677E+00
 2.69531250E-01
 5.25154922E-05
-7.14929151E-06
-3.43379027E-06
 0.00000000E+00
 5.00000000E-01
 2.65625000E-01
 1.00000000E+00
 2.73437500E-01
 7.50000000E-01
 2.69531250E-01
   2
   8
   1
  87
 3.07771016E+02
 4.15278730E-01
 1.05616939E+00
 3.39843750E-01
 3.30316443E-05
-8.75334816E-06
-3.23786424E-06
 0.00000000E+00
 0.00000000E+00
 3.35937500E-01
 5.00000000E-01
 3.43750000E-01
 2.50000000E-01
 3.39843750E-01
   5
   5
  31
   5
 3.06475973E+02
 1.69899037E-01
 1.01213342E+00
 1.56250000E-01
 1.02054986E-02
-3.43170953E-04
-2.35415801E-04
 0.00000000E+00
 9.37500000E-01
 1.25000000E-01
 1.00000000E+00
 1.87500000E-01
 9.68750000E-01
 1.56250000E-01
   4
   6
  15
  39
 3.07942916E+02
 9.40007258E-01
 1.17104137E+00
 6.09375000E-01
 1.64419605E-04
-4.00320342E-04
-3.80075772E-05
 0.00000000E+00
 8.75000000E-01
 5.93750000E-01
 1.00000000E+00
 6.25000000E-01
 9.37500000E-01
 6.09375000E-01
   1
   9
   1
 141
 3.07380430E+02
 3.22122562E-01
 1.03722707E+00
 2.75390625E-01
 2.51502731E-05
-3.63265173E-06
-1.70926069E-06
 0.00000000E+00
 0.00000000E+00
 2.73437500E-01
 1.00000000E+00
 2.77343750E-01
 5.00000000E-01
 2.75390625E-01
   2
   7
   3
  43
 3.07422306E+02
 4.09379007E-01
 1.05491896E+00
 3.35937500E-01
 1.35244796E-04
-3.46044710E-05
-1.29975006E-05
 0.00000000E+00
 5.00000000E-01
 3.28125000E-01
 1.00000000E+00
 3.43750000E-01
 7.50000000E-01
 3.35937500E-01
   4
   5
   1
   5
 3.07085728E+02
 1.69899037E-01
 1.01213342E+00
 1.56250000E-01
 1.02054986E-02
-3.43170953E-04
-2.35415801E-04
 0.00000000E+00
 0.00000000E+00
 1.25000000E-01
 1.25000000E-01
 1.87500000E-01
 6.25000000E-02
 1.56250000E-01
   1
   8
   1
 163
 3.08286300E+02
 1.01257795E+00
 1.18550022E+00
 6.36718750E-01
 1.88192785E-05
-5.78134937E-05
-4.57915855E-06
 0.00000000E+00
 0.00000000E+00
 6.32812500E-01
 1.00000000E+00
 6.40625000E-01
 5.00000000E-01
 6.36718750E-01
   3
   7
   1
  61
 3.08218862E+02
 6.47337645E-01
 1.10775079E+00
 4.76562500E-01
 6.71952699E-05
-5.56978948E-05
-1.12251838E-05
 0.00000000E+00
 0.00000000E+00
 4.68750000E-01
 2.50000000E-01
 4.84375000E-01
 1.25000000E-01
 4.76562500E-01
   1
   9
   1
 391
 3.08491908E+02
 1.44253408E+00
 1.25825066E+00
 7.63671875E-01
 3.27052834E-06
-3.41518391E-05
-9.57477988E-07
 0.00000000E+00
 0.00000000E+00
 7.61718750E-01
 1.00000000E+00
 7.65625000E-01
 5.00000000E-01
 7.63671875E-01
   2
   7
   1
  79
 3.08419692E+02
 9.60209966E-01
 1.17512570E+00
 6.17187500E-01
 4.00608928E-05
-1.04144971E-04
-9.40305370E-06
 0.00000000E+00
 0.00000000E+00
 6.09375000E-01
 5.00000000E-01
 6.25000000E-01
 2.50000000E-01
 6.17187500E-01
   3
   4
   7
   3
 3.06727231E+02
 2.07639365E-01
 1.01742629E+00
 1.87500000E-01
 2.94457589E-02
-1.48368388E-03
-9.26512607E-04
 0.00000000E+00
 7.50000000E-01
 1.25000000E-01
 1.00000000E+00
 2.50000000E-01
 8.75000000E-01
 1.87500000E-01
   8
   1
 255
   1
 3.07685163E+02
 6.93147181E-01
 1.11803399E+00
 5.00000000E-01
 1.53841268E+02
 3.46573590E-01
 5.59016994E-01
 2.50000000E-01
 9.92187500E-01
 0.00000000E+00
 1.00000000E+00
 1.00000000E+00
 9.96093750E-01
 5.00000000E-01
   2
   8
   3
  93
 3.07505684E+02
 4.51427244E-01
 1.06394232E+00
 3.63281250E-01
 2.89067469E-05
-9.40963924E-06
-3.16741677E-06
 0.00000000E+00
 5.00000000E-01
 3.59375000E-01
 1.00000000E+00
 3.67187500E-01
 7.50000000E-01
 3.63281250E-01
   3
   6
   1
  27
 3.08086720E+02
 5.47965171E-01
 1.08534719E+00
 4.21875000E-01
 3.43170953E-04
-1.82681776E-04
-4.77384706E-05
 0.00000000E+00
 0.00000000E+00
 4.06250000E-01
 2.50000000E-01
 4.37500000E-01
 1.25000000E-01
 4.21875000E-01
   3
   4
   1
  13
 3.08815351E+02
 1.67397643E+00
 1.28847051E+00
 8.12500000E-01
 1.48368388E-03
-2.94457589E-02
-4.56802645E-04
 0.00000000E+00
 0.00000000E+00
 7.50000000E-01
 2.50000000E-01
 8.75000000E-01
 1.25000000E-01
 8.12500000E-01
   2
   6
   1
  63
 3.08955357E+02
 4.15888308E+00
 1.40320852E+00
 9.84375000E-01
 7.72856236E+01
 1.21300757E+00
 3.53531299E-01
 2.50000000E-01
 0.00000000E+00
 9.68750000E-01
 5.00000000E-01
 1.00000000E+00
 2.50000000E-01
 9.84375000E-01
   2
   8
   1
 111
 3.08032212E+02
 5.68443702E-01
 1.08995575E+00
 4.33593750E-01
 2.02913842E-05
-1.18908892E-05
-2.94600300E-06
 0.00000000E+00
 0.00000000E+00
 4.29687500E-01
 5.00000000E-01
 4.37500000E-01
 2.50000000E-01
 4.33593750E-01
   2
   5
   1
  31
 3.08936428E+02
 3.46573590E+00
 1.39229184E+00
 9.68750000E-01
 7.72858209E+01
 1.03972077E+00
 3.53462916E-01
 2.50000000E-01
 0.00000000E+00
 9.37500000E-01
 5.00000000E-01
 1.00000000E+00
 2.50000000E-01
 9.68750000E-01
   1
   9
   1
 153
 3.07466502E+02
 3.55002237E-01
 1.04369452E+00
 2.98828125E-01
 2.13597625E-05
-3.87956285E-06
-1.67768202E-06
 0.00000000E+00
 0.00000000E+00
 2.96875000E-01
 1.00000000E+00
 3.00781250E-01
 5.00000000E-01
 2.98828125E-01
   5
   5
  31
   7
 3.06824161E+02
 2.46860078E-01
 1.02364621E+00
 2.18750000E-01
 5.15482180E-03
-4.00320342E-04
-2.27568598E-04
 0.00000000E+00
 9.37500000E-01
 1.87500000E-01
 1.00000000E+00
 2.50000000E-01
 9.68750000E-01
 2.18750000E-01
   2
   7
   3
  91
 3.08242261E+02
 1.24111235E+00
 1.22696052E+00
 7.10937500E-01
 3.01914138E-05
-1.82681776E-04
-8.26097459E-06
 0.00000000E+00
 5.00000000E-01
 7.03125000E-01
 1.00000000E+00
 7.18750000E-01
 7.50000000E-01
 7.10937500E-01
   9
   1
   1
   1
 3.08354054E+02
 6.93147181E-01
 1.11803399E+00
 5.00000000E-01
 1.54177684E+02
 3.46573590E-01
 5.59016994E-01
 2.50000000E-01
 0.00000000E+00
 0.00000000E+00
 3.90625000E-03
 1.00000000E+00
 1.95312500E-03
 5.00000000E-01
   1
   8
   1
 187
 3.08441232E+02
 1.31107094E+00
 1.23837983E+00
 7.30468750E-01
 1.42985830E-05
-1.05030985E-04
-4.01725377E-06
 0.00000000E+00
 0.00000000E+00
 7.26562500E-01
 1.00000000E+00
 7.34375000E-01
 5.00000000E-01
 7.30468750E-01
   3
   7
   1
 109
 3.08869631E+02
 1.90759128E+00
 1.31345297E+00
 8.51562500E-01
 2.10428853E-05
-6.93481721E-04
-6.73411805E-06
 0.00000000E+00
 0.00000000E+00
 8.43750000E-01
 2.50000000E-01
 8.59375000E-01
 1.25000000E-01
 8.51562500E-01
   4
   6
   1
  51
 3.08835056E+02
 1.59393373E+00
 1.27867500E+00
 7.96875000E-01
 9.61353596E-05
-1.48368388E-03
-2.91954251E-05
 0.00000000E+00
 0.00000000E+00
 7.81250000E-01
 1.25000000E-01
 8.12500000E-01
 6.25000000E-02
 7.96875000E-01
   1
   9
   1
 403
 3.08526531E+02
 1.54697674E+00
 1.27261195E+00
 7.87109375E-01
 3.07865662E-06
-4.20857708E-05
-9.25427344E-07
 0.00000000E+00
 0.00000000E+00
 7.85156250E-01
 1.00000000E+00
 7.89062500E-01
 5.00000000E-01
 7.87109375E-01
   2
   7
   1
 127
 3.08964727E+02
 4.85203026E+00
 1.40870012E+00
 9.92187500E-01
 7.72855761E+01
 1.38629436E+00
 3.53547932E-01
 2.50000000E-01
 0.00000000E+00
 9.84375000E-01
 5.00000000E-01
 1.00000000E+00
 2.50000000E-01
 9.92187500E-01
   4
   5
   1
   7
 3.07433916E+02
 2.46860078E-01
 1.02364621E+00
 2.18750000E-01
 5.15482180E-03
-4.00320342E-04
-2.27568598E-04
 0.00000000E+00
 0.00000000E+00
 1.87500000E-01
 1.25000000E-01
 2.50000000E-01
 6.25000000E-02
 2.18750000E-01
   2
   8
   3
 117
 3.07752833E+02
 6.10703511E-01
 1.09948968E+00
 4.57031250E-01
 1.82635059E-05
-1.29396237E-05
-2.87002986E-06
 0.00000000E+00
 5.00000000E-01
 4.53125000E-01
 1.00000000E+00
 4.60937500E-01
 7.50000000E-01
 4.57031250E-01
   3
   4
   7
   7
 3.07621392E+02
 5.75364145E-01
 1.09151557E+00
 4.37500000E-01
 5.15482180E-03
-3.10563000E-03
-7.50826836E-04
 0.00000000E+00
 7.50000000E-01
 3.75000000E-01
 1.00000000E+00
 5.00000000E-01
 8.75000000E-01
 4.37500000E-01
   2
   8
   1
 135
 3.08245530E+02
 7.49386899E-01
 1.13052706E+00
 5.27343750E-01
 1.37177976E-05
-1.70759195E-05
-2.64008134E-06
 0.00000000E+00
 0.00000000E+00
 5.23437500E-01
 5.00000000E-01
 5.31250000E-01
 2.50000000E-01
 5.27343750E-01
   1
   7
   1
  41
 3.07539958E+02
 3.86122145E-01
 1.05004766E+00
 3.20312500E-01
 2.97530506E-04
-6.60632887E-05
-2.63584465E-05
 0.00000000E+00
 0.00000000E+00
 3.12500000E-01
 1.00000000E+00
 3.28125000E-01
 5.00000000E-01
 3.20312500E-01
   1
   9
   1
 165
 3.07546403E+02
 3.88999845E-01
 1.05064510E+00
 3.22265625E-01
 1.83658100E-05
-4.15253076E-06
-1.64460559E-06
 0.00000000E+00
 0.00000000E+00
 3.20312500E-01
 1.00000000E+00
 3.24218750E-01
 5.00000000E-01
 3.22265625E-01
   1
   8
   1
 211
 3.08579556E+02
 1.73851495E+00
 1.29589218E+00
 8.24218750E-01
 1.12307816E-05
-2.46974567E-04
-3.50577850E-06
 0.00000000E+00
 0.00000000E+00
 8.20312500E-01
 1.00000000E+00
 8.28125000E-01
 5.00000000E-01
 8.24218750E-01
   1
   9
   1
 415
 3.08560266E+02
 1.66361365E+00
 1.28723977E+00
 8.10546875E-01
 2.90318735E-06
-5.31434342E-05
-8.94235643E-07
 0.00000000E+00
 0.00000000E+00
 8.08593750E-01
 1.00000000E+00
 8.12500000E-01
 5.00000000E-01
 8.10546875E-01
   5
   5
  31
   9
 3.07087192E+02
 3.30241687E-01
 1.03879813E+00
 2.81250000E-01
 3.10563000E-03
-4.73037038E-04
-2.17763118E-04
 0.00000000E+00
 9.37500000E-01
 2.50000000E-01
 1.00000000E+00
 3.12500000E-01
 9.68750000E-01
 2.81250000E-01
   4
   6
  15
  41
 3.07998784E+02
 1.02338887E+00
 1.18760279E+00
 6.40625000E-01
 1.48765253E-04
-4.73037038E-04
-3.64397156E-05
 0.00000000E+00
 8.75000000E-01
 6.25000000E-01
 1.00000000E+00
 6.56250000E-01
 9.37500000E-01
 6.40625000E-01
   2
   8
   3
 141
 3.07956992E+02
 8.00245316E-01
 1.14164793E+00
 5.50781250E-01
 1.25751365E-05
-1.89043064E-05
-2.56367938E-06
 0.00000000E+00
 5.00000000E-01
 5.46875000E-01
 1.00000000E+00
 5.54687500E-01
 7.50000000E-01
 5.50781250E-01
   4
   5
   1
   9
 3.07696947E+02
 3.30241687E-01
 1.03879813E+00
 2.81250000E-01
 3.10563000E-03
-4.73037038E-04
-2.17763118E-04
 0.00000000E+00
 0.00000000E+00
 2.50000000E-01
 1.25000000E-01
 3.12500000E-01
 6.25000000E-02
 2.81250000E-01
   3
   7
   7
  37
 3.07179133E+02
 3.41170757E-01
 1.04094050E+00
 2.89062500E-01
 1.82681776E-04
-3.01914136E-05
-1.35281556E-05
 0.00000000E+00
 7.50000000E-01
 2.81250000E-01
 1.00000000E+00
 2.96875000E-01
 8.75000000E-01
 2.89062500E-01
   2
   8
   1
 159
 3.08426734E+02
 9.70466466E-01
 1.17718199E+00
 6.21093750E-01
 9.88904486E-06
-2.65717171E-05
-2.33845876E-06
 0.00000000E+00
 0.00000000E+00
 6.17187500E-01
 5.00000000E-01
 6.25000000E-01
 2.50000000E-01
 6.21093750E-01
   3
   4
   7
  11
 3.08120241E+02
 1.16315081E+00
 1.21353049E+00
 6.87500000E-01
 2.07470070E-03
-1.02054986E-02
-5.46665410E-04
 0.00000000E+00
 7.50000000E-01
 6.25000000E-01
 1.00000000E+00
 7.50000000E-01
 8.75000000E-01
 6.87500000E-01
   1
   7
   1
  89
 3.08385317E+02
 1.18846862E+00
 1.21797351E+00
 6.95312500E-01
 6.31273280E-05
-3.28839209E-04
-1.68903772E-05
 0.00000000E+00
 0.00000000E+00
 6.87500000E-01
 1.00000000E+00
 7.03125000E-01
 5.00000000E-01
 6.95312500E-01
   1
   9
   1
 177
 3.07621001E+02
 4.24194093E-01
 1.05806930E+00
 3.45703125E-01
 1.59599088E-05
-4.45535511E-06
-1.61022871E-06
 0.00000000E+00
 0.00000000E+00
 3.43750000E-01
 1.00000000E+00
 3.47656250E-01
 5.00000000E-01
 3.45703125E-01
   3
   6
   1
  29
 3.08164037E+02
 6.03535022E-01
 1.09787170E+00
 4.53125000E-01
 2.97442034E-04
-2.04164977E-04
-4.61234760E-05
 0.00000000E+00
 0.00000000E+00
 4.37500000E-01
 2.50000000E-01
 4.68750000E-01
 1.25000000E-01
 4.53125000E-01
   1
   8
   1
 235
 3.08704857E+02
 2.50065501E+00
 1.35744857E+00
 9.17968750E-01
 9.05395234E-06
-1.13507427E-03
-3.05014914E-06
 0.00000000E+00
 0.00000000E+00
 9.14062500E-01
 1.00000000E+00
 9.21875000E-01
 5.00000000E-01
 9.17968750E-01
   3
   1
   7
   1
 3.07766639E+02
 6.93147181E-01
 1.11803399E+00
 5.00000000E-01
 1.53841268E+02
 3.46573590E-01
 5.59016994E-01
 2.50000000E-01
 7.50000000E-01
 0.00000000E+00
 1.00000000E+00
 1.00000000E+00
 8.75000000E-01
 5.00000000E-01
   1
   9
   1
 427
 3.08593165E+02
 1.79567337E+00
 1.30212516E+00
 8.33984375E-01
 2.74230308E-06
-6.92089419E-05
-8.63917250E-07
 0.00000000E+00
 0.00000000E+00
 8.32031250E-01
 1.00000000E+00
 8.35937500E-01
 5.00000000E-01
 8.33984375E-01
   2
   8
   3
 165
 3.08131752E+02
 1.03431794E+00
 1.18971448E+00
 6.44531250E-01
 9.18290505E-06
-3.01914136E-05
-2.26533476E-06
 0.00000000E+00
 5.00000000E-01
 6.40625000E-01
 1.00000000E+00
 6.48437500E-01
 7.50000000E-01
 6.44531250E-01
   7
   1
 127
   1
 3.07687792E+02
 6.93147181E-01
 1.11803399E+00
 5.00000000E-01
 1.53841268E+02
 3.46573590E-01
 5.59016994E-01
 2.50000000E-01
 9.84375000E-01
 0.00000000E+00
 1.00000000E+00
 1.00000000E+00
 9.92187500E-01
 5.00000000E-01
   5
   5
  31
  11
 3.07299578E+02
 4.21213465E-01
 1.05743277E+00
 3.43750000E-01
 2.07470070E-03
-5.67537134E-04
-2.06460523E-04
 0.00000000E+00
 9.37500000E-01
 3.12500000E-01
 1.00000000E+00
 3.75000000E-01
 9.68750000E-01
 3.43750000E-01
   9
   1
 511
   1
 3.07683849E+02
 6.93147181E-01
 1.11803399E+00
 5.00000000E-01
 1.53841268E+02
 3.46573590E-01
 5.59016994E-01
 2.50000000E-01
 9.96093750E-01
 0.00000000E+00
 1.00000000E+00
 1.00000000E+00
 9.98046875E-01
 5.00000000E-01
   3
   7
   7
  85
 3.08081162E+02
 1.09083015E+00
 1.20040785E+00
 6.64062500E-01
 3.46044710E-05
-1.35244796E-04
-8.82136979E-06
 0.00000000E+00
 7.50000000E-01
 6.56250000E-01
 1.00000000E+00
 6.71875000E-01
 8.75000000E-01
 6.64062500E-01
   2
   8
   1
 183
 3.08584889E+02
 1.25471800E+00
 1.22922805E+00
 7.14843750E-01
 7.46524933E-06
-4.69175191E-05
-2.05382509E-06
 0.00000000E+00
 0.00000000E+00
 7.10937500E-01
 5.00000000E-01
 7.18750000E-01
 2.50000000E-01
 7.14843750E-01
   4
   6
   1
  53
 3.08879381E+02
 1.76098781E+00
 1.29838015E+00
 8.28125000E-01
 8.90154896E-05
-2.07470070E-03
-2.78862885E-05
 0.00000000E+00
 0.00000000E+00
 8.12500000E-01
 1.25000000E-01
 8.43750000E-01
 6.25000000E-02
 8.28125000E-01
   4
   5
   1
  11
 3.07909333E+02
 4.21213465E-01
 1.05743277E+00
 3.43750000E-01
 2.07470070E-03
-5.67537134E-04
-2.06460523E-04
 0.00000000E+00
 0.00000000E+00
 3.12500000E-01
 1.25000000E-01
 3.75000000E-01
 6.25000000E-02
 3.43750000E-01
   1
   9
   1
 189
 3.07690991E+02
 4.60672302E-01
 1.06595722E+00
 3.69140625E-01
 1.39975645E-05
-4.79255429E-06
-1.57474634E-06
 0.00000000E+00
 0.00000000E+00
 3.67187500E-01
 1.00000000E+00
 3.71093750E-01
 5.00000000E-01
 3.69140625E-01
   2
   2
   1
   3
 3.08639489E+02
 1.38629436E+00
 1.25000000E+00
 7.50000000E-01
 7.73150064E+01
 5.19860385E-01
 3.45491503E-01
 2.50000000E-01
 0.00000000E+00
 5.00000000E-01
 5.00000000E-01
 1.00000000E+00
 2.50000000E-01
 7.50000000E-01
   3
   4
   7
  15
 3.08477259E+02
 2.77258872E+00
 1.37073201E+00
 9.37500000E-01
 7.71184659E+01
 8.66433976E-01
 3.53173950E-01
 2.50000000E-01
 7.50000000E-01
 8.75000000E-01
 1.00000000E+00
 1.00000000E+00
 8.75000000E-01
 9.37500000E-01
   1
   9
   1
 439
 3.08625274E+02
 1.94786518E+00
 1.31725938E+00
 8.57421875E-01
 2.59443078E-06
-9.38350383E-05
-8.34480996E-07
 0.00000000E+00
 0.00000000E+00
 8.55468750E-01
 1.00000000E+00
 8.59375000E-01
 5.00000000E-01
 8.57421875E-01
   5
   2
  31
   1
 3.06963551E+02
 2.87682072E-01
 1.03077641E+00
 2.50000000E-01
 7.65506285E+01
-2.94457589E-02
 2.35879706E-01
 0.00000000E+00
 9.37500000E-01
 0.00000000E+00
 1.00000000E+00
 5.00000000E-01
 9.68750000E-01
 2.50000000E-01
   3
   7
   1
  15
 3.06748672E+02
 1.24642445E-01
 1.00684304E+00
 1.17187500E-01
 1.11358759E-03
-1.95794338E-05
-1.49495685E-05
 0.00000000E+00
 0.00000000E+00
 1.09375000E-01
 2.50000000E-01
 1.25000000E-01
 1.25000000E-01
 1.17187500E-01
   2
   8
   3
 189
 3.08285127E+02
 1.34048483E+00
 1.24300410E+00
 7.38281250E-01
 6.99878217E-06
-5.56978949E-05
-1.98629253E-06
 0.00000000E+00
 5.00000000E-01
 7.34375000E-01
 1.00000000E+00
 7.42187500E-01
 7.50000000E-01
 7.38281250E-01
   2
   7
   1
  33
 3.07479386E+02
 2.98153372E-01
 1.03269903E+00
 2.57812500E-01
 2.29673879E-04
-2.77023658E-05
-1.38546158E-05
 0.00000000E+00
 0.00000000E+00
 2.50000000E-01
 5.00000000E-01
 2.65625000E-01
 2.50000000E-01
 2.57812500E-01
   1
   8
   1
  21
 3.06133094E+02
 8.55919303E-02
 1.00335892E+00
 8.20312500E-02
 1.13507427E-03
-9.05395250E-06
-7.55300084E-06
 0.00000000E+00
 0.00000000E+00
 7.81250000E-02
 1.00000000E+00
 8.59375000E-02
 5.00000000E-01
 8.20312500E-02
   4
   2
   1
   1
 3.07573306E+02
 2.87682072E-01
 1.03077641E+00
 2.50000000E-01
 7.67188368E+01
-2.94457589E-02
 2.35879706E-01
 0.00000000E+00
 0.00000000E+00
 0.00000000E+00
 1.25000000E-01
 5.00000000E-01
 6.25000000E-02
 2.50000000E-01
   2
   8
   1
 207
 3.08725696E+02
 1.65335715E+00
 1.28601083E+00
 8.08593750E-01
 5.83450981E-06
-1.04144971E-04
-1.79360654E-06
 0.00000000E+00
 0.00000000E+00
 8.04687500E-01
 5.00000000E-01
 8.12500000E-01
 2.50000000E-01
 8.08593750E-01
   1
   3
   1
   7
 3.08648863E+02
 2.07944154E+00
 1.32876823E+00
 8.75000000E-01
 1.54413223E+02
 1.38629436E+00
 7.03768227E-01
 5.00000000E-01
 0.00000000E+00
 7.50000000E-01
 1.00000000E+00
 1.00000000E+00
 5.00000000E-01
 8.75000000E-01
   5
   5
  31
  13
 3.07478348E+02
 5.21296924E-01
 1.07936975E+00
 4.06250000E-01
 1.48368388E-03
-6.93481721E-04
-1.94134514E-04
 0.00000000E+00
 9.37500000E-01
 3.75000000E-01
 1.00000000E+00
 4.37500000E-01
 9.68750000E-01
 4.06250000E-01
   4
   6
  15
  43
 3.08052270E+02
 1.11436065E+00
 1.20474728E+00
 6.71875000E-01
 1.35244796E-04
-5.67537134E-04
-3.49061805E-05
 0.00000000E+00
 8.75000000E-01
 6.56250000E-01
 1.00000000E+00
 6.87500000E-01
 9.37500000E-01
 6.71875000E-01
   1
   9
   1
 201
 3.07756943E+02
 4.98531713E-01
 1.07429865E+00
 3.92578125E-01
 1.23760846E-05
-5.16953490E-06
-1.53834901E-06
 0.00000000E+00
 0.00000000E+00
 3.90625000E-01
 1.00000000E+00
 3.94531250E-01
 5.00000000E-01
 3.92578125E-01
   2
   7
   3
  45
 3.07470698E+02
 4.33189656E-01
 1.05999820E+00
 3.51562500E-01
 1.23487283E-04
-3.62923714E-05
-1.28115604E-05
 0.00000000E+00
 5.00000000E-01
 3.43750000E-01
 1.00000000E+00
 3.59375000E-01
 7.50000000E-01
 3.51562500E-01
   1
   9
   1
 451
 3.08656635E+02
 2.12745076E+00
 1.33263395E+00
 8.80859375E-01
 2.45820451E-06
-1.34390540E-04
-8.05930778E-07
 0.00000000E+00
 0.00000000E+00
 8.78906250E-01
 1.00000000E+00
 8.82812500E-01
 5.00000000E-01
 8.80859375E-01
   4
   5
   1
  13
 3.08088103E+02
 5.21296924E-01
 1.07936975E+00
 4.06250000E-01
 1.48368388E-03
-6.93481721E-04
-1.94134514E-04
 0.00000000E+00
 0.00000000E+00
 3.75000000E-01
 1.25000000E-01
 4.37500000E-01
 6.25000000E-02
 4.06250000E-01
   3
   7
   1
  63
 3.08254051E+02
 6.77642994E-01
 1.11456204E+00
 4.92187500E-01
 6.29960946E-05
-5.91786013E-05
-1.10206496E-05
 0.00000000E+00
 0.00000000E+00
 4.84375000E-01
 2.50000000E-01
 5.00000000E-01
 1.25000000E-01
 4.92187500E-01
   2
   8
   3
 213
 3.08422246E+02
 1.78397733E+00
 1.30087509E+00
 8.32031250E-01
 5.51043132E-06
-1.35244796E-04
-1.73282342E-06
 0.00000000E+00
 5.00000000E-01
 8.28125000E-01
 1.00000000E+00
 8.35937500E-01
 7.50000000E-01
 8.32031250E-01
   2
   7
   1
  81
 3.08447622E+02
 1.00188266E+00
 1.18340680E+00
 6.32812500E-01
 3.81068514E-05
-1.13199006E-04
-9.20703764E-06
 0.00000000E+00
 0.00000000E+00
 6.25000000E-01
 5.00000000E-01
 6.40625000E-01
 2.50000000E-01
 6.32812500E-01
   1
   8
   1
  45
 3.06912808E+02
 1.93319311E-01
 1.01533199E+00
 1.75781250E-01
 2.46974567E-04
-1.12307813E-05
-7.28894209E-06
 0.00000000E+00
 0.00000000E+00
 1.71875000E-01
 1.00000000E+00
 1.79687500E-01
 5.00000000E-01
 1.75781250E-01
   3
   6
   1
  31
 3.08236587E+02
 6.62375522E-01
 1.11113417E+00
 4.84375000E-01
 2.60281127E-04
-2.29673879E-04
-4.44917492E-05
 0.00000000E+00
 0.00000000E+00
 4.68750000E-01
 2.50000000E-01
 5.00000000E-01
 1.25000000E-01
 4.84375000E-01
   2
   8
   1
 231
 3.08852968E+02
 2.32630162E+00
 1.34693142E+00
 9.02343750E-01
 4.68511337E-06
-4.00320342E-04
-1.56107858E-06
 0.00000000E+00
 0.00000000E+00
 8.98437500E-01
 5.00000000E-01
 9.06250000E-01
 2.50000000E-01
 9.02343750E-01
   1
   9
   1
 213
 3.07819323E+02
 5.37881052E-01
 1.08308310E+00
 4.16015625E-01
 1.10208624E-05
-5.59280988E-06
-1.50122107E-06
 0.00000000E+00
 0.00000000E+00
 4.14062500E-01
 1.00000000E+00
 4.17968750E-01
 5.00000000E-01
 4.16015625E-01
   5
   5
  31
  15
 3.07633165E+02
 6.32522559E-01
 1.10441232E+00
 4.68750000E-01
 1.11358759E-03
-8.66551994E-04
-1.81233163E-04
 0.00000000E+00
 9.37500000E-01
 4.37500000E-01
 1.00000000E+00
 5.00000000E-01
 9.68750000E-01
 4.68750000E-01
   2
   7
   3
  93
 3.08266930E+02
 1.29668220E+00
 1.23607972E+00
 7.26562500E-01
 2.89067465E-05
-2.04164977E-04
-8.07948696E-06
 0.00000000E+00
 5.00000000E-01
 7.18750000E-01
 1.00000000E+00
 7.34375000E-01
 7.50000000E-01
 7.26562500E-01
   1
   9
   1
 463
 3.08687288E+02
 2.34650433E+00
 1.34824065E+00
 9.04296875E-01
 2.33243225E-06
-2.08289943E-04
-7.78266111E-07
 0.00000000E+00
 0.00000000E+00
 9.02343750E-01
 1.00000000E+00
 9.06250000E-01
 5.00000000E-01
 9.04296875E-01
   3
   7
   1
 111
 3.08890742E+02
 2.01881692E+00
 1.32363672E+00
 8.67187500E-01
 2.02913841E-05
-8.66551994E-04
-6.57988020E-06
 0.00000000E+00
 0.00000000E+00
 8.59375000E-01
 2.50000000E-01
 8.75000000E-01
 1.25000000E-01
 8.67187500E-01
   4
   6
   1
  55
 3.08922280E+02
 1.96165851E+00
 1.31853153E+00
 8.59375000E-01
 8.26582914E-05
-3.10563000E-03
-2.66272086E-05
 0.00000000E+00
 0.00000000E+00
 8.43750000E-01
 1.25000000E-01
 8.75000000E-01
 6.25000000E-02
 8.59375000E-01
   2
   8
   3
 237
 3.08546588E+02
 2.60073847E+00
 1.36274389E+00
 9.25781250E-01
 4.45089347E-06
-6.93481721E-04
-1.50736529E-06
 0.00000000E+00
 5.00000000E-01
 9.21875000E-01
 1.00000000E+00
 9.29687500E-01
 7.50000000E-01
 9.25781250E-01
   1
   8
   1
  69
 3.07357826E+02
 3.14068828E-01
 1.03568677E+00
 2.69531250E-01
 1.05030985E-04
-1.42985830E-05
-6.86758053E-06
 0.00000000E+00
 0.00000000E+00
 2.65625000E-01
 1.00000000E+00
 2.73437500E-01
 5.00000000E-01
 2.69531250E-01
   4
   5
   1
  15
 3.08242920E+02
 6.32522559E-01
 1.10441232E+00
 4.68750000E-01
 1.11358759E-03
-8.66551994E-04
-1.81233163E-04
 0.00000000E+00
 0.00000000E+00
 4.37500000E-01
 1.25000000E-01
 5.00000000E-01
 6.25000000E-02
 4.68750000E-01
   2
   8
   1
 255
 3.08969388E+02
 5.54517744E+00
 1.41145413E+00
 9.96093750E-01
 7.72855645E+01
 1.55958116E+00
 3.53552034E-01
 2.50000000E-01
 0.00000000E+00
 9.92187500E-01
 5.00000000E-01
 1.00000000E+00
 2.50000000E-01
 9.96093750E-01
   2
   8
   1
  17
 3.06087064E+02
 6.87138925E-02
 1.00220247E+00
 6.64062500E-02
 8.66551994E-04
-4.37671239E-06
-3.78958855E-06
 0.00000000E+00
 0.00000000E+00
 6.25000000E-02
 5.00000000E-01
 7.03125000E-02
 2.50000000E-01
 6.64062500E-02
   1
   7
   1
  43
 3.07590515E+02
 4.09379007E-01
 1.05491896E+00
 3.35937500E-01
 2.70489593E-04
-6.92089419E-05
-2.59950011E-05
 0.00000000E+00
 0.00000000E+00
 3.28125000E-01
 1.00000000E+00
 3.43750000E-01
 5.00000000E-01
 3.35937500E-01
   1
   9
   1
 475
 3.08717270E+02
 2.62740671E+00
 1.36407150E+00
 9.27734375E-01
 2.21607132E-06
-3.65363553E-04
-7.51482661E-07
 0.00000000E+00
 0.00000000E+00
 9.25781250E-01
 1.00000000E+00
 9.29687500E-01
 5.00000000E-01
 9.27734375E-01
   5
   5
  31
  17
 3.07770044E+02
 7.57685702E-01
 1.13235443E+00
 5.31250000E-01
 8.66551994E-04
-1.11358759E-03
-1.68151667E-04
 0.00000000E+00
 9.37500000E-01
 5.00000000E-01
 1.00000000E+00
 5.62500000E-01
 9.68750000E-01
 5.31250000E-01
   4
   6
  15
  45
 3.08103590E+02
 1.21444410E+00
 1.22245031E+00
 7.03125000E-01
 1.23487283E-04
-6.93481721E-04
-3.34116570E-05
 0.00000000E+00
 8.75000000E-01
 6.87500000E-01
 1.00000000E+00
 7.18750000E-01
 9.37500000E-01
 7.03125000E-01
   1
   8
   1
  93
 3.07673893E+02
 4.51427244E-01
 1.06394232E+00
 3.63281250E-01
 5.78134937E-05
-1.88192785E-05
-6.33483354E-06
 0.00000000E+00
 0.00000000E+00
 3.59375000E-01
 1.00000000E+00
 3.67187500E-01
 5.00000000E-01
 3.63281250E-01
   2
   8
   3
  23
 3.06057322E+02
 9.41389909E-02
 1.00402784E+00
 8.98437500E-02
 4.73037038E-04
-4.60502685E-06
-3.76895747E-06
 0.00000000E+00
 5.00000000E-01
 8.59375000E-02
 1.00000000E+00
 9.37500000E-02
 7.50000000E-01
 8.98437500E-02
   4
   5
   1
  17
 3.08379799E+02
 7.57685702E-01
 1.13235443E+00
 5.31250000E-01
 8.66551994E-04
-1.11358759E-03
-1.68151667E-04
 0.00000000E+00
 0.00000000E+00
 5.00000000E-01
 1.25000000E-01
 5.62500000E-01
 6.25000000E-02
 5.31250000E-01
   3
   7
   7
  39
 3.07234706E+02
 3.63393894E-01
 1.04538724E+00
 3.04687500E-01
 1.64419605E-04
-3.15636640E-05
-1.33562642E-05
 0.00000000E+00
 7.50000000E-01
 2.96875000E-01
 1.00000000E+00
 3.12500000E-01
 8.75000000E-01
 3.04687500E-01
   2
   8
   1
  41
 3.06984997E+02
 1.74539416E-01
 1.01274381E+00
 1.60156250E-01
 1.48765253E-04
-5.40838733E-06
-3.67248366E-06
 0.00000000E+00
 0.00000000E+00
 1.56250000E-01
 5.00000000E-01
 1.64062500E-01
 2.50000000E-01
 1.60156250E-01
   1
   7
   1
  91
 3.08410469E+02
 1.24111235E+00
 1.22696052E+00
 7.10937500E-01
 6.03828272E-05
-3.65363553E-04
-1.65219492E-05
 0.00000000E+00
 0.00000000E+00
 7.03125000E-01
 1.00000000E+00
 7.18750000E-01
 5.00000000E-01
 7.10937500E-01
   3
   6
   1
  33
 3.08304965E+02
 7.24895879E-01
 1.12510850E+00
 5.15625000E-01
 2.29673879E-04
-2.60281127E-04
-4.28546438E-05
 0.00000000E+00
 0.00000000E+00
 5.00000000E-01
 2.50000000E-01
 5.31250000E-01
 1.25000000E-01
 5.15625000E-01
   1
   9
   1
 487
 3.08746612E+02
 3.01944880E+00
 1.38011881E+00
 9.51171875E-01
 2.10820582E-06
-8.00640683E-04
-7.25572734E-07
 0.00000000E+00
 0.00000000E+00
 9.49218750E-01
 1.00000000E+00
 9.53125000E-01
 5.00000000E-01
 9.51171875E-01
   1
   8
   1
 117
 3.07921041E+02
 6.10703511E-01
 1.09948968E+00
 4.57031250E-01
 3.65270117E-05
-2.58792474E-05
-5.74005973E-06
 0.00000000E+00
 0.00000000E+00
 4.53125000E-01
 1.00000000E+00
 4.60937500E-01
 5.00000000E-01
 4.57031250E-01
   5
   5
  31
  19
 3.07892985E+02
 9.00786545E-01
 1.16298713E+00
 5.93750000E-01
 6.93481721E-04
-1.48368388E-03
-1.55216921E-04
 0.00000000E+00
 9.37500000E-01
 5.62500000E-01
 1.00000000E+00
 6.25000000E-01
 9.68750000E-01
 5.93750000E-01
   2
   8
   3
  47
 3.06789549E+02
 2.02843193E-01
 1.01671366E+00
 1.83593750E-01
 1.13199006E-04
-5.72337771E-06
-3.62963339E-06
 0.00000000E+00
 5.00000000E-01
 1.79687500E-01
 1.00000000E+00
 1.87500000E-01
 7.50000000E-01
 1.83593750E-01
   3
   7
   7
  87
 3.08107348E+02
 1.13845820E+00
 1.20912162E+00
 6.79687500E-01
 3.30316442E-05
-1.48765253E-04
-8.63202591E-06
 0.00000000E+00
 7.50000000E-01
 6.71875000E-01
 1.00000000E+00
 6.87500000E-01
 8.75000000E-01
 6.79687500E-01
   4
   6
   1
  57
 3.08963856E+02
 2.21297293E+00
 1.33910899E+00
 8.90625000E-01
 7.69585970E-05
-5.15482180E-03
-2.54185160E-05
 0.00000000E+00
 0.00000000E+00
 8.75000000E-01
 1.25000000E-01
 9.06250000E-01
 6.25000000E-02
 8.90625000E-01
   2
   8
   1
  65
 3.07463386E+02
 2.92904016E-01
 1.03173077E+00
 2.53906250E-01
 5.91786012E-05
-6.85297625E-06
-3.47344033E-06
 0.00000000E+00
 0.00000000E+00
 2.50000000E-01
 5.00000000E-01
 2.57812500E-01
 2.50000000E-01
 2.53906250E-01
   4
   5
   1
  19
 3.08502740E+02
 9.00786545E-01
 1.16298713E+00
 5.93750000E-01
 6.93481721E-04
-1.48368388E-03
-1.55216921E-04
 0.00000000E+00
 0.00000000E+00
 5.62500000E-01
 1.25000000E-01
 6.25000000E-01
 6.25000000E-02
 5.93750000E-01
   1
   9
   1
 499
 3.08775348E+02
 3.67337527E+00
 1.39637510E+00
 9.74609375E-01
 2.00802799E-06
-2.96736776E-03
-7.00525736E-07
 0.00000000E+00
 0.00000000E+00
 9.72656250E-01
 1.00000000E+00
 9.76562500E-01
 5.00000000E-01
 9.74609375E-01
   1
   8
   1
 141
 3.08125201E+02
 8.00245316E-01
 1.14164793E+00
 5.50781250E-01
 2.51502730E-05
-3.78086128E-05
-5.12735877E-06
 0.00000000E+00
 0.00000000E+00
 5.46875000E-01
 1.00000000E+00
 5.54687500E-01
 5.00000000E-01
 5.50781250E-01
   3
   7
   1
  17
 3.06876764E+02
 1.42500063E-01
 1.00878103E+00
 1.32812500E-01
 8.66551994E-04
-2.02913843E-05
-1.48635793E-05
 0.00000000E+00
 0.00000000E+00
 1.25000000E-01
 2.50000000E-01
 1.40625000E-01
 1.25000000E-01
 1.32812500E-01
   2
   7
   1
  35
 3.07541155E+02
 3.19430771E-01
 1.03671021E+00
 2.73437500E-01
 2.04164977E-04
-2.89067469E-05
-1.36944286E-05
 0.00000000E+00
 0.00000000E+00
 2.65625000E-01
 5.00000000E-01
 2.81250000E-01
 2.50000000E-01
 2.73437500E-01
   1
   9
   1
  11
 3.04781970E+02
 2.17185240E-02
 1.00023076E+00
 2.14843750E-02
 4.14940141E-03
-1.99202790E-06
-1.90602700E-06
 0.00000000E+00
 0.00000000E+00
 1.95312500E-02
 1.00000000E+00
 2.34375000E-02
 5.00000000E-01
 2.14843750E-02
   2
   8
   3
  71
 3.07219655E+02
 3.24821619E-01
 1.03774735E+00
 2.77343750E-01
 4.95982544E-05
-7.30470862E-06
-3.41337650E-06
 0.00000000E+00
 5.00000000E-01
 2.73437500E-01
 1.00000000E+00
 2.81250000E-01
 7.50000000E-01
 2.77343750E-01
   2
   8
   1
  89
 3.07795209E+02
 4.27183632E-01
 1.05870906E+00
 3.47656250E-01
 3.15636639E-05
-8.96426843E-06
-3.21461903E-06
 0.00000000E+00
 0.00000000E+00
 3.43750000E-01
 5.00000000E-01
 3.51562500E-01
 2.50000000E-01
 3.47656250E-01
   5
   5
  31
  21
 3.08004785E+02
 1.06784063E+00
 1.19610370E+00
 6.56250000E-01
 5.67537134E-04
-2.07470070E-03
-1.42682579E-04
 0.00000000E+00
 9.37500000E-01
 6.25000000E-01
 1.00000000E+00
 6.87500000E-01
 9.68750000E-01
 6.56250000E-01
   4
   6
  15
  47
 3.08152933E+02
 1.32566974E+00
 1.24068797E+00
 7.34375000E-01
 1.13199006E-04
-8.66551994E-04
-3.19598911E-05
 0.00000000E+00
 8.75000000E-01
 7.18750000E-01
 1.00000000E+00
 7.50000000E-01
 9.37500000E-01
 7.34375000E-01
   1
   9
   1
 511
 3.08803505E+02
 6.23832463E+00
 1.41283317E+00
 9.98046875E-01
 1.54402915E+02
 3.46573590E+00
 7.07106105E-01
 5.00000000E-01
 0.00000000E+00
 9.96093750E-01
 1.00000000E+00
 1.00000000E+00
 5.00000000E-01
 9.98046875E-01
   2
   7
   3
  47
 3.07517112E+02
 4.57581109E-01
 1.06528243E+00
 3.67187500E-01
 1.13199006E-04
-3.81068517E-05
-1.26218613E-05
 0.00000000E+00
 5.00000000E-01
 3.59375000E-01
 1.00000000E+00
 3.75000000E-01
 7.50000000E-01
 3.67187500E-01
   4
   5
   1
  21
 3.08614540E+02
 1.06784063E+00
 1.19610370E+00
 6.56250000E-01
 5.67537133E-04
-2.07470070E-03
-1.42682579E-04
 0.00000000E+00
 0.00000000E+00
 6.25000000E-01
 1.25000000E-01
 6.87500000E-01
 6.25000000E-02
 6.56250000E-01
   1
   8
   1
 165
 3.08299960E+02
 1.03431794E+00
 1.18971448E+00
 6.44531250E-01
 1.83658102E-05
-6.03828272E-05
-4.53066951E-06
 0.00000000E+00
 0.00000000E+00
 6.40625000E-01
 1.00000000E+00
 6.48437500E-01
 5.00000000E-01
 6.44531250E-01
   3
   7
   1
  65
 3.08288233E+02
 7.08895538E-01
 1.12154961E+00
 5.07812500E-01
 5.91786014E-05
-6.29960946E-05
-1.08159515E-05
 0.00000000E+00
 0.00000000E+00
 5.00000000E-01
 2.50000000E-01
 5.15625000E-01
 1.25000000E-01
 5.07812500E-01
   2
   7
   1
  83
 3.08474943E+02
 1.04536777E+00
 1.19183522E+00
 6.48437500E-01
 3.62923715E-05
-1.23487283E-04
-9.01308908E-06
 0.00000000E+00
 0.00000000E+00
 6.40625000E-01
 5.00000000E-01
 6.56250000E-01
 2.50000000E-01
 6.48437500E-01
   1
   9
   1
  23
 3.05523962E+02
 4.59621356E-02
 1.00100848E+00
 4.49218750E-02
 9.46074076E-04
-2.09099596E-06
-1.90158790E-06
 0.00000000E+00
 0.00000000E+00
 4.29687500E-02
 1.00000000E+00
 4.68750000E-02
 5.00000000E-01
 4.49218750E-02
   2
   8
   3
  95
 3.07528426E+02
 4.63773079E-01
 1.06663516E+00
 3.71093750E-01
 2.77023657E-05
-9.64487568E-06
-3.14348804E-06
 0.00000000E+00
 5.00000000E-01
 3.67187500E-01
 1.00000000E+00
 3.75000000E-01
 7.50000000E-01
 3.71093750E-01
   3
   6
   1
  35
 3.08369663E+02
 7.91587253E-01
 1.13976851E+00
 5.46875000E-01
 2.04164977E-04
-2.97442034E-04
-4.12223907E-05
 0.00000000E+00
 0.00000000E+00
 5.31250000E-01
 2.50000000E-01
 5.62500000E-01
 1.25000000E-01
 5.46875000E-01
   2
   8
   1
 113
 3.08051534E+02
 5.82332814E-01
 1.09308713E+00
 4.41406250E-01
 1.95794337E-05
-1.22258356E-05
-2.92075734E-06
 0.00000000E+00
 0.00000000E+00
 4.37500000E-01
 5.00000000E-01
 4.45312500E-01
 2.50000000E-01
 4.41406250E-01
   5
   5
  31
  23
 3.08107472E+02
 1.26851133E+00
 1.23150378E+00
 7.18750000E-01
 4.73037038E-04
-3.10563000E-03
-1.30732007E-04
 0.00000000E+00
 9.37500000E-01
 6.87500000E-01
 1.00000000E+00
 7.50000000E-01
 9.68750000E-01
 7.18750000E-01
   2
   7
   3
  95
 3.08291136E+02
 1.35552270E+00
 1.24532818E+00
 7.42187500E-01
 2.77023659E-05
-2.29673879E-04
-7.90081575E-06
 0.00000000E+00
 5.00000000E-01
 7.34375000E-01
 1.00000000E+00
 7.50000000E-01
 7.50000000E-01
 7.42187500E-01
   1
   8
   1
 189
 3.08453335E+02
 1.34048483E+00
 1.24300410E+00
 7.38281250E-01
 1.39975644E-05
-1.11395790E-04
-3.97258506E-06
 0.00000000E+00
 0.00000000E+00
 7.34375000E-01
 1.00000000E+00
 7.42187500E-01
 5.00000000E-01
 7.38281250E-01
   3
   7
   1
 113
 3.08911529E+02
 2.14398006E+00
 1.33392575E+00
 8.82812500E-01
 1.95794340E-05
-1.11358759E-03
-6.42879432E-06
 0.00000000E+00
 0.00000000E+00
 8.75000000E-01
 2.50000000E-01
 8.90625000E-01
 1.25000000E-01
 8.82812500E-01
   4
   5
  15
   1
 3.04864130E+02
 3.17486983E-02
 1.00048816E+00
 3.12500000E-02
 7.60307681E+01
-2.60281127E-04
 2.49756276E-01
 0.00000000E+00
 8.75000000E-01
 0.00000000E+00
 1.00000000E+00
 6.25000000E-02
 9.37500000E-01
 3.12500000E-02
   4
   6
   1
  59
 3.09004200E+02
 2.54944517E+00
 1.36009320E+00
 9.21875000E-01
 7.18287608E-05
-1.02054986E-02
-2.42601028E-05
 0.00000000E+00
 0.00000000E+00
 9.06250000E-01
 1.25000000E-01
 9.37500000E-01
 6.25000000E-02
 9.21875000E-01
   1
   9
   1
  35
 3.05948210E+02
 7.08081342E-02
 1.00233378E+00
 6.83593750E-02
 4.08329953E-04
-2.19752690E-06
-1.89405498E-06
 0.00000000E+00
 0.00000000E+00
 6.64062500E-02
 1.00000000E+00
 7.03125000E-02
 5.00000000E-01
 6.83593750E-02
   4
   5
   1
  23
 3.08717227E+02
 1.26851133E+00
 1.23150378E+00
 7.18750000E-01
 4.73037038E-04
-3.10563000E-03
-1.30732007E-04
 0.00000000E+00
 0.00000000E+00
 6.87500000E-01
 1.25000000E-01
 7.50000000E-01
 6.25000000E-02
 7.18750000E-01
   2
   8
   3
 119
 3.07771247E+02
 6.25196519E-01
 1.10276004E+00
 4.64843750E-01
 1.76547439E-05
-1.33201907E-05
-2.84457154E-06
 0.00000000E+00
 5.00000000E-01
 4.60937500E-01
 1.00000000E+00
 4.68750000E-01
 7.50000000E-01
 4.64843750E-01
   2
   8
   1
 137
 3.08261701E+02
 7.66053951E-01
 1.13419232E+00
 5.35156250E-01
 1.33201909E-05
-1.76547438E-05
-2.61456908E-06
 0.00000000E+00
 0.00000000E+00
 5.31250000E-01
 5.00000000E-01
 5.39062500E-01
 2.50000000E-01
 5.35156250E-01
   3
   3
   1
   3
 3.07960150E+02
 4.70003629E-01
 1.06800047E+00
 3.75000000E-01
 2.94457589E-02
-1.02054986E-02
-3.20236471E-03
 0.00000000E+00
 0.00000000E+00
 2.50000000E-01
 2.50000000E-01
 5.00000000E-01
 1.25000000E-01
 3.75000000E-01
   1
   7
   1
  45
 3.07638906E+02
 4.33189656E-01
 1.05999820E+00
 3.51562500E-01
 2.46974567E-04
-7.25847428E-05
-2.56231208E-05
 0.00000000E+00
 0.00000000E+00
 3.43750000E-01
 1.00000000E+00
 3.59375000E-01
 5.00000000E-01
 3.51562500E-01
   2
   4
   1
   3
 3.07147752E+02
 2.07639365E-01
 1.01742629E+00
 1.87500000E-01
 2.94457589E-02
-1.48368388E-03
-9.26512607E-04
 0.00000000E+00
 0.00000000E+00
 1.25000000E-01
 5.00000000E-01
 2.50000000E-01
 2.50000000E-01
 1.87500000E-01
   1
   8
   1
 213
 3.08590454E+02
 1.78397733E+00
 1.30087509E+00
 8.32031250E-01
 1.10208626E-05
-2.70489593E-04
-3.46564683E-06
 0.00000000E+00
 0.00000000E+00
 8.28125000E-01
 1.00000000E+00
 8.35937500E-01
 5.00000000E-01
 8.32031250E-01
   5
   5
  31
  25
 3.08202570E+02
 1.51982575E+00
 1.26899628E+00
 7.81250000E-01
 4.00320342E-04
-5.15482180E-03
-1.19486244E-04
 0.00000000E+00
 9.37500000E-01
 7.50000000E-01
 1.00000000E+00
 8.12500000E-01
 9.68750000E-01
 7.81250000E-01
   4
   6
  15
  49
 3.08200464E+02
 1.45083288E+00
 1.25943703E+00
 7.65625000E-01
 1.04144971E-04
-1.11358759E-03
-3.05537730E-05
 0.00000000E+00
 8.75000000E-01
 7.50000000E-01
 1.00000000E+00
 7.81250000E-01
 9.37500000E-01
 7.65625000E-01
   5
   3
  31
   5
 3.07950137E+02
 9.80829253E-01
 1.17924764E+00
 6.25000000E-01
 1.02054986E-02
-2.94457589E-02
-2.38467643E-03
 0.00000000E+00
 9.37500000E-01
 5.00000000E-01
 1.00000000E+00
 7.50000000E-01
 9.68750000E-01
 6.25000000E-01
   1
   9
   1
  47
 3.06247403E+02
 9.62872195E-02
 1.00420449E+00
 9.17968750E-02
 2.26398011E-04
-2.31241141E-06
-1.88348951E-06
 0.00000000E+00
 0.00000000E+00
 8.98437500E-02
 1.00000000E+00
 9.37500000E-02
 5.00000000E-01
 9.17968750E-02
   2
   8
   3
 143
 3.07972542E+02
 8.17789626E-01
 1.14543746E+00
 5.58593750E-01
 1.22258357E-05
-1.95794338E-05
-2.53831882E-06
 0.00000000E+00
 5.00000000E-01
 5.54687500E-01
 1.00000000E+00
 5.62500000E-01
 7.50000000E-01
 5.58593750E-01
   4
   5
  15
   3
 3.05974458E+02
 9.84400728E-02
 1.00438492E+00
 9.37500000E-02
 2.94457589E-02
-2.97442034E-04
-2.40901227E-04
 0.00000000E+00
 8.75000000E-01
 6.25000000E-02
 1.00000000E+00
 1.25000000E-01
 9.37500000E-01
 9.37500000E-02
   1
   9
   1
 297
 3.08182517E+02
 8.67686597E-01
 1.15606688E+00
 5.80078125E-01
 5.66838798E-06
-1.08167747E-05
-1.23447212E-06
 0.00000000E+00
 0.00000000E+00
 5.78125000E-01
 1.00000000E+00
 5.82031250E-01
 5.00000000E-01
 5.80078125E-01
   4
   5
   1
  25
 3.08812325E+02
 1.51982575E+00
 1.26899628E+00
 7.81250000E-01
 4.00320342E-04
-5.15482180E-03
-1.19486244E-04
 0.00000000E+00
 0.00000000E+00
 7.50000000E-01
 1.25000000E-01
 8.12500000E-01
 6.25000000E-02
 7.81250000E-01
   3
   7
   7
  41
 3.07287645E+02
 3.86122145E-01
 1.05004766E+00
 3.20312500E-01
 1.48765253E-04
-3.30316444E-05
-1.31792233E-05
 0.00000000E+00
 7.50000000E-01
 3.12500000E-01
 1.00000000E+00
 3.28125000E-01
 8.75000000E-01
 3.20312500E-01
   4
   3
   1
   5
 3.08559892E+02
 9.80829253E-01
 1.17924764E+00
 6.25000000E-01
 1.02054986E-02
-2.94457589E-02
-2.38467643E-03
 0.00000000E+00
 0.00000000E+00
 5.00000000E-01
 1.25000000E-01
 7.50000000E-01
 6.25000000E-02
 6.25000000E-01
   2
   8
   1
 161
 3.08440698E+02
 9.91300553E-01
 1.18132259E+00
 6.28906250E-01
 9.64487577E-06
-2.77023658E-05
-2.31395571E-06
 0.00000000E+00
 0.00000000E+00
 6.25000000E-01
 5.00000000E-01
 6.32812500E-01
 2.50000000E-01
 6.28906250E-01
   2
   6
   3
   1
 3.04294210E+02
 1.57483570E-02
 1.00012206E+00
 1.56250000E-02
 7.58574813E+01
-6.29960946E-05
 2.49938991E-01
 0.00000000E+00
 5.00000000E-01
 0.00000000E+00
 1.00000000E+00
 3.12500000E-02
 7.50000000E-01
 1.56250000E-02
   1
   7
   1
  93
 3.08435138E+02
 1.29668220E+00
 1.23607972E+00
 7.26562500E-01
 5.78134939E-05
-4.08329953E-04
-1.61589739E-05
 0.00000000E+00
 0.00000000E+00
 7.18750000E-01
 1.00000000E+00
 7.34375000E-01
 5.00000000E-01
 7.26562500E-01
   5
   3
   1
   1
 3.06877753E+02
 1.33531393E-01
 1.00778222E+00
 1.25000000E-01
 7.65455500E+01
-5.15482180E-03
 2.46197008E-01
 0.00000000E+00
 0.00000000E+00
 0.00000000E+00
 6.25000000E-02
 2.50000000E-01
 3.12500000E-02
 1.25000000E-01
   3
   6
   1
  37
 3.08431091E+02
 8.63046217E-01
 1.15508810E+00
 5.78125000E-01
 1.82681776E-04
-3.43170953E-04
-3.96040635E-05
 0.00000000E+00
 0.00000000E+00
 5.62500000E-01
 2.50000000E-01
 5.93750000E-01
 1.25000000E-01
 5.78125000E-01
   1
   8
   1
 237
 3.08714796E+02
 2.60073847E+00
 1.36274389E+00
 9.25781250E-01
 8.90178654E-06
-1.38696344E-03
-3.01473057E-06
 0.00000000E+00
 0.00000000E+00
 9.21875000E-01
 1.00000000E+00
 9.29687500E-01
 5.00000000E-01
 9.25781250E-01
   1
   9
   1
  59
 3.06479186E+02
 1.22432500E-01
 1.00661758E+00
 1.15234375E-01
 1.43657522E-04
-2.43654624E-06
-1.86997656E-06
 0.00000000E+00
 0.00000000E+00
 1.13281250E-01
 1.00000000E+00
 1.17187500E-01
 5.00000000E-01
 1.15234375E-01
   2
   4
   1
   7
 3.08041913E+02
 5.75364145E-01
 1.09151557E+00
 4.37500000E-01
 5.15482180E-03
-3.10563000E-03
-7.50826836E-04
 0.00000000E+00
 0.00000000E+00
 3.75000000E-01
 5.00000000E-01
 5.00000000E-01
 2.50000000E-01
 4.37500000E-01
   2
   8
   3
 167
 3.08145264E+02
 1.05654107E+00
 1.19396498E+00
 6.52343750E-01
 8.96426855E-06
-3.15636640E-05
-2.24122721E-06
 0.00000000E+00
 5.00000000E-01
 6.48437500E-01
 1.00000000E+00
 6.56250000E-01
 7.50000000E-01
 6.52343750E-01
   5
   5
  31
  27
 3.08291247E+02
 1.85629799E+00
 1.30840134E+00
 8.43750000E-01
 3.43170953E-04
-1.02054986E-02
-1.09014416E-04
 0.00000000E+00
 9.37500000E-01
 8.12500000E-01
 1.00000000E+00
 8.75000000E-01
 9.68750000E-01
 8.43750000E-01
   1
   9
   1
 309
 3.08226520E+02
 9.25118646E-01
 1.16800304E+00
 6.03515625E-01
 5.23667143E-06
-1.21334191E-05
-1.19701133E-06
 0.00000000E+00
 0.00000000E+00
 6.01562500E-01
 1.00000000E+00
 6.05468750E-01
 5.00000000E-01
 6.03515625E-01
   3
   7
   7
  89
 3.08133005E+02
 1.18846862E+00
 1.21797351E+00
 6.95312500E-01
 3.15636641E-05
-1.64419605E-04
-8.44518859E-06
 0.00000000E+00
 7.50000000E-01
 6.87500000E-01
 1.00000000E+00
 7.03125000E-01
 8.75000000E-01
 6.95312500E-01
   2
   8
   1
 185
 3.08597223E+02
 1.28249757E+00
 1.23378769E+00
 7.22656250E-01
 7.30470856E-06
-4.95982543E-05
-2.03113861E-06
 0.00000000E+00
 0.00000000E+00
 7.18750000E-01
 5.00000000E-01
 7.26562500E-01
 2.50000000E-01
 7.22656250E-01
   4
   5
  15
   5
 3.06496999E+02
 1.69899037E-01
 1.01213342E+00
 1.56250000E-01
 1.02054986E-02
-3.43170953E-04
-2.35415801E-04
 0.00000000E+00
 8.75000000E-01
 1.25000000E-01
 1.00000000E+00
 1.87500000E-01
 9.37500000E-01
 1.56250000E-01
   4
   6
   1
  61
 3.09043394E+02
 3.06027079E+00
 1.38146562E+00
 9.53125000E-01
 6.71952698E-05
-2.94457589E-02
-2.31514919E-05
 0.00000000E+00
 0.00000000E+00
 9.37500000E-01
 1.25000000E-01
 9.68750000E-01
 6.25000000E-02
 9.53125000E-01
   4
   5
   1
  27
 3.08901002E+02
 1.85629799E+00
 1.30840134E+00
 8.43750000E-01
 3.43170953E-04
-1.02054986E-02
-1.09014416E-04
 0.00000000E+00
 0.00000000E+00
 8.12500000E-01
 1.25000000E-01
 8.75000000E-01
 6.25000000E-02
 8.43750000E-01
   2
   7
   3
   1
 3.03599598E+02
 7.84317746E-03
 1.00003052E+00
 7.81250000E-03
 7.56841945E+01
-1.55005115E-05
 2.49984743E-01
 0.00000000E+00
 5.00000000E-01
 0.00000000E+00
 1.00000000E+00
 1.56250000E-02
 7.50000000E-01
 7.81250000E-03
   3
   7
   1
  19
 3.06990918E+02
 1.60682382E-01
 1.01095682E+00
 1.48437500E-01
 6.93481721E-04
-2.10428854E-05
-1.47678226E-05
 0.00000000E+00
 0.00000000E+00
 1.40625000E-01
 2.50000000E-01
 1.56250000E-01
 1.25000000E-01
 1.48437500E-01
   1
   9
   1
  71
 3.06668722E+02
 1.49279750E-01
 1.00956916E+00
 1.38671875E-01
 9.91965087E-05
-2.57095184E-06
-1.85362334E-06
 0.00000000E+00
 0.00000000E+00
 1.36718750E-01
 1.00000000E+00
 1.40625000E-01
 5.00000000E-01
 1.38671875E-01
   2
   8
   3
 191
 3.08297118E+02
 1.37079017E+00
 1.24766016E+00
 7.46093750E-01
 6.85297618E-06
-5.91786013E-05
-1.96413797E-06
 0.00000000E+00
 5.00000000E-01
 7.42187500E-01
 1.00000000E+00
 7.50000000E-01
 7.50000000E-01
 7.46093750E-01
   2
   7
   1
  37
 3.07599654E+02
 3.41170757E-01
 1.04094050E+00
 2.89062500E-01
 1.82681776E-04
-3.01914136E-05
-1.35281556E-05
 0.00000000E+00
 0.00000000E+00
 2.81250000E-01
 5.00000000E-01
 2.96875000E-01
 2.50000000E-01
 2.89062500E-01
   1
   8
   1
  23
 3.06225530E+02
 9.41389909E-02
 1.00402784E+00
 8.98437500E-02
 9.46074076E-04
-9.21005369E-06
-7.53791495E-06
 0.00000000E+00
 0.00000000E+00
 8.59375000E-02
 1.00000000E+00
 9.37500000E-02
 5.00000000E-01
 8.98437500E-02
   1
   9
   1
 321
 3.08269013E+02
 9.86051197E-01
 1.18028396E+00
 6.26953125E-01
 4.85246090E-06
-1.37059525E-05
-1.16003393E-06
 0.00000000E+00
 0.00000000E+00
 6.25000000E-01
 1.00000000E+00
 6.28906250E-01
 5.00000000E-01
 6.26953125E-01
   2
   4
   1
  11
 3.08540761E+02
 1.16315081E+00
 1.21353049E+00
 6.87500000E-01
 2.07470070E-03
-1.02054986E-02
-5.46665410E-04
 0.00000000E+00
 0.00000000E+00
 6.25000000E-01
 5.00000000E-01
 7.50000000E-01
 2.50000000E-01
 6.87500000E-01
   2
   8
   1
 209
 3.08736776E+02
 1.69502984E+00
 1.29093732E+00
 8.16406250E-01
 5.72337768E-06
-1.13199006E-04
-1.77315052E-06
 0.00000000E+00
 0.00000000E+00
 8.12500000E-01
 5.00000000E-01
 8.20312500E-01
 2.50000000E-01
 8.16406250E-01
   5
   5
  31
  29
 3.08374421E+02
 2.36712361E+00
 1.34955143E+00
 9.06250000E-01
 2.97442034E-04
-2.94457589E-02
-9.93447118E-05
 0.00000000E+00
 9.37500000E-01
 8.75000000E-01
 1.00000000E+00
 9.37500000E-01
 9.68750000E-01
 9.06250000E-01
   4
   6
  15
  51
 3.08246327E+02
 1.59393373E+00
 1.27867500E+00
 7.96875000E-01
 9.61353599E-05
-1.48368388E-03
-2.91954251E-05
 0.00000000E+00
 8.75000000E-01
 7.81250000E-01
 1.00000000E+00
 8.12500000E-01
 9.37500000E-01
 7.96875000E-01
   2
   1
   1
   1
 3.08187160E+02
 6.93147181E-01
 1.11803399E+00
 5.00000000E-01
 1.54177684E+02
 3.46573590E-01
 5.59016994E-01
 2.50000000E-01
 0.00000000E+00
 0.00000000E+00
 5.00000000E-01
 1.00000000E+00
 2.50000000E-01
 5.00000000E-01
   6
   3
   1
   1
 3.06888266E+02
 1.33531393E-01
 1.00778222E+00
 1.25000000E-01
 7.65455500E+01
-5.15482180E-03
 2.46197008E-01
 0.00000000E+00
 0.00000000E+00
 0.00000000E+00
 3.12500000E-02
 2.50000000E-01
 1.56250000E-02
 1.25000000E-01
   4
   5
  15
   7
 3.06845187E+02
 2.46860078E-01
 1.02364621E+00
 2.18750000E-01
 5.15482180E-03
-4.00320342E-04
-2.27568598E-04
 0.00000000E+00
 8.75000000E-01
 1.87500000E-01
 1.00000000E+00
 2.50000000E-01
 9.37500000E-01
 2.18750000E-01
   2
   7
   3
  49
 3.07561713E+02
 4.82582411E-01
 1.07076861E+00
 3.82812500E-01
 1.04144971E-04
-4.00608926E-05
-1.24288542E-05
 0.00000000E+00
 5.00000000E-01
 3.75000000E-01
 1.00000000E+00
 3.90625000E-01
 7.50000000E-01
 3.82812500E-01
   4
   5
   1
  29
 3.08984177E+02
 2.36712361E+00
 1.34955143E+00
 9.06250000E-01
 2.97442034E-04
-2.94457589E-02
-9.93447118E-05
 0.00000000E+00
 0.00000000E+00
 8.75000000E-01
 1.25000000E-01
 9.37500000E-01
 6.25000000E-02
 9.06250000E-01
   3
   7
   1
  67
 3.08321467E+02
 7.41156400E-01
 1.12871024E+00
 5.23437500E-01
 5.56978949E-05
-6.71952699E-05
-1.06114092E-05
 0.00000000E+00
 0.00000000E+00
 5.15625000E-01
 2.50000000E-01
 5.31250000E-01
 1.25000000E-01
 5.23437500E-01
   1
   9
   1
  83
 3.06829276E+02
 1.76867706E-01
 1.01305451E+00
 1.62109375E-01
 7.25847428E-05
-2.71679331E-06
-1.83455730E-06
 0.00000000E+00
 0.00000000E+00
 1.60156250E-01
 1.00000000E+00
 1.64062500E-01
 5.00000000E-01
 1.62109375E-01
   2
   8
   3
 215
 3.08433056E+02
 1.83160538E+00
 1.30588572E+00
 8.39843750E-01
 5.40838744E-06
-1.48765253E-04
-1.71295358E-06
 0.00000000E+00
 5.00000000E-01
 8.35937500E-01
 1.00000000E+00
 8.43750000E-01
 7.50000000E-01
 8.39843750E-01
   2
   7
   1
  85
 3.08501682E+02
 1.09083015E+00
 1.20040785E+00
 6.64062500E-01
 3.46044711E-05
-1.35244796E-04
-8.82136979E-06
 0.00000000E+00
 0.00000000E+00
 6.56250000E-01
 5.00000000E-01
 6.71875000E-01
 2.50000000E-01
 6.64062500E-01
   2
   6
   3
   3
 3.05398680E+02
 4.80092192E-02
 1.00109803E+00
 4.68750000E-02
 2.94457589E-02
-6.71952699E-05
-6.08308778E-05
 0.00000000E+00
 5.00000000E-01
 3.12500000E-02
 1.00000000E+00
 6.25000000E-02
 7.50000000E-01
 4.68750000E-02
   3
   3
   7
   7
 3.08396550E+02
 2.07944154E+00
 1.32876823E+00
 8.75000000E-01
 7.71225072E+01
 6.93147181E-01
 3.51884113E-01
 2.50000000E-01
 7.50000000E-01
 7.50000000E-01
 1.00000000E+00
 1.00000000E+00
 8.75000000E-01
 8.75000000E-01
   1
   8
   1
  47
 3.06957758E+02
 2.02843193E-01
 1.01671366E+00
 1.83593750E-01
 2.26398012E-04
-1.14467554E-05
-7.25926679E-06
 0.00000000E+00
 0.00000000E+00
 1.79687500E-01
 1.00000000E+00
 1.87500000E-01
 5.00000000E-01
 1.83593750E-01
   1
   9
   1
 333
 3.08310108E+02
 1.05093882E+00
 1.19289898E+00
 6.50390625E-01
 4.50903406E-06
-1.56052496E-05
-1.12361940E-06
 0.00000000E+00
 0.00000000E+00
 6.48437500E-01
 1.00000000E+00
 6.52343750E-01
 5.00000000E-01
 6.50390625E-01
   3
   6
   1
  39
 3.08489593E+02
 9.40007258E-01
 1.17104137E+00
 6.09375000E-01
 1.64419605E-04
-4.00320342E-04
-3.80075772E-05
 0.00000000E+00
 0.00000000E+00
 5.93750000E-01
 2.50000000E-01
 6.25000000E-01
 1.25000000E-01
 6.09375000E-01
   2
   8
   1
 233
 3.08863054E+02
 2.40968323E+00
 1.35217765E+00
 9.10156250E-01
 4.60502690E-06
-4.73037038E-04
-1.54297882E-06
 0.00000000E+00
 0.00000000E+00
 9.06250000E-01
 5.00000000E-01
 9.14062500E-01
 2.50000000E-01
 9.10156250E-01
   7
   3
 127
   7
 3.08317703E+02
 2.07944154E+00
 1.32876823E+00
 8.75000000E-01
 7.71225072E+01
 6.93147181E-01
 3.51884113E-01
 2.50000000E-01
 9.84375000E-01
 7.50000000E-01
 1.00000000E+00
 1.00000000E+00
 9.92187500E-01
 8.75000000E-01
   2
   4
   1
  15
 3.08897780E+02
 2.77258872E+00
 1.37073201E+00
 9.37500000E-01
 7.72866742E+01
 8.66433976E-01
 3.53173950E-01
 2.50000000E-01
 0.00000000E+00
 8.75000000E-01
 5.00000000E-01
 1.00000000E+00
 2.50000000E-01
 9.37500000E-01
   5
   5
  31
  31
 3.08452829E+02
 3.46573590E+00
 1.39229184E+00
 9.68750000E-01
 7.71176126E+01
 1.03972077E+00
 3.53462916E-01
 2.50000000E-01
 9.37500000E-01
 9.37500000E-01
 1.00000000E+00
 1.00000000E+00
 9.68750000E-01
 9.68750000E-01
   2
   7
   3
  97
 3.08314899E+02
 1.41804306E+00
 1.25470307E+00
 7.57812500E-01
 2.65717170E-05
-2.60281127E-04
-7.72503862E-06
 0.00000000E+00
 5.00000000E-01
 7.50000000E-01
 1.00000000E+00
 7.65625000E-01
 7.50000000E-01
 7.57812500E-01
   3
   7
   1
 115
 3.08932002E+02
 2.28708091E+00
 1.34431765E+00
 8.98437500E-01
 1.89043062E-05
-1.48368388E-03
-6.28085678E-06
 0.00000000E+00
 0.00000000E+00
 8.90625000E-01
 2.50000000E-01
 9.06250000E-01
 1.25000000E-01
 8.98437500E-01
   1
   9
   1
  95
 3.06968706E+02
 2.05238403E-01
 1.01706816E+00
 1.85546875E-01
 5.54047316E-05
-2.87540579E-06
-1.81292389E-06
 0.00000000E+00
 0.00000000E+00
 1.83593750E-01
 1.00000000E+00
 1.87500000E-01
 5.00000000E-01
 1.85546875E-01
   4
   5
  15
   9
 3.07108218E+02
 3.30241687E-01
 1.03879813E+00
 2.81250000E-01
 3.10563000E-03
-4.73037038E-04
-2.17763118E-04
 0.00000000E+00
 8.75000000E-01
 2.50000000E-01
 1.00000000E+00
 3.12500000E-01
 9.37500000E-01
 2.81250000E-01
   4
   6
   1
  63
 3.09081513E+02
 4.15888308E+00
 1.40320852E+00
 9.84375000E-01
 7.72856236E+01
 1.21300757E+00
 3.53531299E-01
 2.50000000E-01
 0.00000000E+00
 9.68750000E-01
 1.25000000E-01
 1.00000000E+00
 6.25000000E-02
 9.84375000E-01
   2
   8
   3
 239
 3.08556456E+02
 2.71196410E+00
 1.36806334E+00
 9.33593750E-01
 4.37671247E-06
-8.66551994E-04
-1.48985033E-06
 0.00000000E+00
 5.00000000E-01
 9.29687500E-01
 1.00000000E+00
 9.37500000E-01
 7.50000000E-01
 9.33593750E-01
   1
   8
   1
  71
 3.07387864E+02
 3.24821619E-01
 1.03774735E+00
 2.77343750E-01
 9.91965085E-05
-1.46094172E-05
-6.82675300E-06
 0.00000000E+00
 0.00000000E+00
 2.73437500E-01
 1.00000000E+00
 2.81250000E-01
 5.00000000E-01
 2.77343750E-01
   4
   5
   1
  31
 3.09062584E+02
 3.46573590E+00
 1.39229184E+00
 9.68750000E-01
 7.72858209E+01
 1.03972077E+00
 3.53462916E-01
 2.50000000E-01
 0.00000000E+00
 9.37500000E-01
 1.25000000E-01
 1.00000000E+00
 6.25000000E-02
 9.68750000E-01
   1
   9
   1
 345
 3.08349904E+02
 1.12033081E+00
 1.20583761E+00
 6.73828125E-01
 4.20081579E-06
-1.79285369E-05
-1.08783685E-06
 0.00000000E+00
 0.00000000E+00
 6.71875000E-01
 1.00000000E+00
 6.75781250E-01
 5.00000000E-01
 6.73828125E-01
   2
   8
   3
   1
 3.02905719E+02
 3.91389932E-03
 1.00000763E+00
 3.90625000E-03
 7.55109077E+01
-3.84470469E-06
 2.49996185E-01
 0.00000000E+00
 5.00000000E-01
 0.00000000E+00
 1.00000000E+00
 7.81250000E-03
 7.50000000E-01
 3.90625000E-03
   2
   8
   1
  19
 3.06199754E+02
 7.71173033E-02
 1.00275043E+00
 7.42187500E-02
 6.93481721E-04
-4.45089329E-06
-3.78337950E-06
 0.00000000E+00
 0.00000000E+00
 7.03125000E-02
 5.00000000E-01
 7.81250000E-02
 2.50000000E-01
 7.42187500E-02
   1
   7
   1
  47
 3.07685320E+02
 4.57581109E-01
 1.06528243E+00
 3.67187500E-01
 2.26398012E-04
-7.62137034E-05
-2.52437226E-05
 0.00000000E+00
 0.00000000E+00
 3.59375000E-01
 1.00000000E+00
 3.75000000E-01
 5.00000000E-01
 3.67187500E-01
   1
   9
   1
 107
 3.07092051E+02
 2.34437558E-01
 1.02160387E+00
 2.08984375E-01
 4.36738437E-05
-3.04832510E-06
-1.78888400E-06
 0.00000000E+00
 0.00000000E+00
 2.07031250E-01
 1.00000000E+00
 2.10937500E-01
 5.00000000E-01
 2.08984375E-01
   4
   6
  15
  53
 3.08290652E+02
 1.76098781E+00
 1.29838015E+00
 8.28125000E-01
 8.90154896E-05
-2.07470070E-03
-2.78862885E-05
 0.00000000E+00
 8.75000000E-01
 8.12500000E-01
 1.00000000E+00
 8.43750000E-01
 9.37500000E-01
 8.28125000E-01
   1
   8
   1
  95
 3.07696634E+02
 4.63773079E-01
 1.06663516E+00
 3.71093750E-01
 5.54047315E-05
-1.92897514E-05
-6.28697609E-06
 0.00000000E+00
 0.00000000E+00
 3.67187500E-01
 1.00000000E+00
 3.75000000E-01
 5.00000000E-01
 3.71093750E-01
   1
   9
   1
 357
 3.08388488E+02
 1.19489951E+00
 1.21908956E+00
 6.97265625E-01
 3.92315303E-06
-2.08120877E-05
-1.05274558E-06
 0.00000000E+00
 0.00000000E+00
 6.95312500E-01
 1.00000000E+00
 6.99218750E-01
 5.00000000E-01
 6.97265625E-01
   4
   5
  15
  11
 3.07320604E+02
 4.21213465E-01
 1.05743277E+00
 3.43750000E-01
 2.07470070E-03
-5.67537134E-04
-2.06460523E-04
 0.00000000E+00
 8.75000000E-01
 3.12500000E-01
 1.00000000E+00
 3.75000000E-01
 9.37500000E-01
 3.43750000E-01
   6
   3
  63
   1
 3.06236459E+02
 1.33531393E-01
 1.00778222E+00
 1.25000000E-01
 7.63773417E+01
-5.15482180E-03
 2.46197008E-01
 0.00000000E+00
 9.68750000E-01
 0.00000000E+00
 1.00000000E+00
 2.50000000E-01
 9.84375000E-01
 1.25000000E-01
   2
   8
   3
  25
 3.06142168E+02
 1.02759734E-01
 1.00475706E+00
 9.76562500E-02
 4.00320342E-04
-4.68511352E-06
-3.76075740E-06
 0.00000000E+00
 5.00000000E-01
 9.37500000E-02
 1.00000000E+00
 1.01562500E-01
 7.50000000E-01
 9.76562500E-02
   3
   7
   7
  43
 3.07338202E+02
 4.09379007E-01
 1.05491896E+00
 3.35937500E-01
 1.35244796E-04
-3.46044710E-05
-1.29975006E-05
 0.00000000E+00
 7.50000000E-01
 3.28125000E-01
 1.00000000E+00
 3.43750000E-01
 8.75000000E-01
 3.35937500E-01
   2
   8
   1
  43
 3.07034089E+02
 1.83885279E-01
 1.01400863E+00
 1.67968750E-01
 1.35244796E-04
-5.51043125E-06
-3.65875842E-06
 0.00000000E+00
 0.00000000E+00
 1.64062500E-01
 5.00000000E-01
 1.71875000E-01
 2.50000000E-01
 1.67968750E-01
   2
   6
   3
   5
 3.05915363E+02
 8.13456395E-02
 1.00304712E+00
 7.81250000E-02
 1.02054986E-02
-7.18287607E-05
-6.04770385E-05
 0.00000000E+00
 5.00000000E-01
 6.25000000E-02
 1.00000000E+00
 9.37500000E-02
 7.50000000E-01
 7.81250000E-02
   1
   7
   1
  95
 3.08459345E+02
 1.35552270E+00
 1.24532818E+00
 7.42187500E-01
 5.54047317E-05
-4.59347759E-04
-1.58016315E-05
 0.00000000E+00
 0.00000000E+00
 7.34375000E-01
 1.00000000E+00
 7.50000000E-01
 5.00000000E-01
 7.42187500E-01
   3
   6
   1
  41
 3.08545461E+02
 1.02338887E+00
 1.18760279E+00
 6.40625000E-01
 1.48765253E-04
-4.73037038E-04
-3.64397156E-05
 0.00000000E+00
 0.00000000E+00
 6.25000000E-01
 2.50000000E-01
 6.56250000E-01
 1.25000000E-01
 6.40625000E-01
   4
   2
  15
   1
 3.06984577E+02
 2.87682072E-01
 1.03077641E+00
 2.50000000E-01
 7.65506285E+01
-2.94457589E-02
 2.35879706E-01
 0.00000000E+00
 8.75000000E-01
 0.00000000E+00
 1.00000000E+00
 5.00000000E-01
 9.37500000E-01
 2.50000000E-01
   1
   9
   1
 119
 3.07202739E+02
 2.64515013E-01
 1.02665473E+00
 2.32421875E-01
 3.53094877E-05
-3.23732506E-06
-1.76261133E-06
 0.00000000E+00
 0.00000000E+00
 2.30468750E-01
 1.00000000E+00
 2.34375000E-01
 5.00000000E-01
 2.32421875E-01
   1
   8
   1
 119
 3.07939455E+02
 6.25196519E-01
 1.10276004E+00
 4.64843750E-01
 3.53094877E-05
-2.66403815E-05
-5.68914309E-06
 0.00000000E+00
 0.00000000E+00
 4.60937500E-01
 1.00000000E+00
 4.68750000E-01
 5.00000000E-01
 4.64843750E-01
   1
   9
   1
 369
 3.08425943E+02
 1.27547999E+00
 1.23264472E+00
 7.20703125E-01
 3.67213698E-06
-2.44516713E-05
-1.01839562E-06
 0.00000000E+00
 0.00000000E+00
 7.18750000E-01
 1.00000000E+00
 7.22656250E-01
 5.00000000E-01
 7.20703125E-01
   2
   8
   3
  49
 3.06832686E+02
 2.12458651E-01
 1.01815340E+00
 1.91406250E-01
 1.04144971E-04
-5.83450996E-06
-3.61425766E-06
 0.00000000E+00
 5.00000000E-01
 1.87500000E-01
 1.00000000E+00
 1.95312500E-01
 7.50000000E-01
 1.91406250E-01
   3
   7
   7
  91
 3.08158157E+02
 1.24111235E+00
 1.22696052E+00
 7.10937500E-01
 3.01914137E-05
-1.82681776E-04
-8.26097458E-06
 0.00000000E+00
 7.50000000E-01
 7.03125000E-01
 1.00000000E+00
 7.18750000E-01
 8.75000000E-01
 7.10937500E-01
   4
   5
  15
  13
 3.07499374E+02
 5.21296924E-01
 1.07936975E+00
 4.06250000E-01
 1.48368388E-03
-6.93481721E-04
-1.94134514E-04
 0.00000000E+00
 8.75000000E-01
 3.75000000E-01
 1.00000000E+00
 4.37500000E-01
 9.37500000E-01
 4.06250000E-01
   2
   8
   1
  67
 3.07495156E+02
 3.03430429E-01
 1.03368114E+00
 2.61718750E-01
 5.56978948E-05
-6.99878221E-06
-3.45381637E-06
 0.00000000E+00
 0.00000000E+00
 2.57812500E-01
 5.00000000E-01
 2.65625000E-01
 2.50000000E-01
 2.61718750E-01
   7
   3
   1
   1
 3.06893522E+02
 1.33531393E-01
 1.00778222E+00
 1.25000000E-01
 7.65455500E+01
-5.15482180E-03
 2.46197008E-01
 0.00000000E+00
 0.00000000E+00
 0.00000000E+00
 1.56250000E-02
 2.50000000E-01
 7.81250000E-03
 1.25000000E-01
   1
   9
   1
 131
 3.07303207E+02
 2.95525250E-01
 1.03221317E+00
 2.55859375E-01
 2.91366800E-05
-3.44446320E-06
-1.73428964E-06
 0.00000000E+00
 0.00000000E+00
 2.53906250E-01
 1.00000000E+00
 2.57812500E-01
 5.00000000E-01
 2.55859375E-01
   2
   7
   3
   3
 3.04701139E+02
 2.37165266E-02
 1.00027462E+00
 2.34375000E-02
 2.94457589E-02
-1.60005120E-05
-1.52459930E-05
 0.00000000E+00
 5.00000000E-01
 1.56250000E-02
 1.00000000E+00
 3.12500000E-02
 7.50000000E-01
 2.34375000E-02
   5
   2
  31
   3
 3.08155890E+02
 1.38629436E+00
 1.25000000E+00
 7.50000000E-01
 7.71467981E+01
 5.19860385E-01
 3.45491503E-01
 2.50000000E-01
 9.37500000E-01
 5.00000000E-01
 1.00000000E+00
 1.00000000E+00
 9.68750000E-01
 7.50000000E-01
   1
   8
   1
 143
 3.08140750E+02
 8.17789626E-01
 1.14543746E+00
 5.58593750E-01
 2.44516713E-05
-3.91588675E-05
-5.07663763E-06
 0.00000000E+00
 0.00000000E+00
 5.54687500E-01
 1.00000000E+00
 5.62500000E-01
 5.00000000E-01
 5.58593750E-01
   3
   7
   1
  21
 3.07093931E+02
 1.79201429E-01
 1.01336889E+00
 1.64062500E-01
 5.67537134E-04
-2.18369219E-05
-1.46626262E-05
 0.00000000E+00
 0.00000000E+00
 1.56250000E-01
 2.50000000E-01
 1.71875000E-01
 1.25000000E-01
 1.64062500E-01
   1
   9
   1
 381
 3.08462339E+02
 1.36312730E+00
 1.24649319E+00
 7.44140625E-01
 3.44446323E-06
-2.91366802E-05
-9.84828394E-07
 0.00000000E+00
 0.00000000E+00
 7.42187500E-01
 1.00000000E+00
 7.46093750E-01
 5.00000000E-01
 7.44140625E-01
   2
   7
   1
  39
 3.07655227E+02
 3.63393894E-01
 1.04538724E+00
 3.04687500E-01
 1.64419605E-04
-3.15636640E-05
-1.33562642E-05
 0.00000000E+00
 0.00000000E+00
 2.96875000E-01
 5.00000000E-01
 3.12500000E-01
 2.50000000E-01
 3.04687500E-01
   2
   8
   3
  73
 3.07248899E+02
 3.35691292E-01
 1.03986253E+00
 2.85156250E-01
 4.69175192E-05
-7.46524927E-06
-3.39258963E-06
 0.00000000E+00
 5.00000000E-01
 2.81250000E-01
 1.00000000E+00
 2.89062500E-01
 7.50000000E-01
 2.85156250E-01
   4
   2
   1
   3
 3.08765645E+02
 1.38629436E+00
 1.25000000E+00
 7.50000000E-01
 7.73150064E+01
 5.19860385E-01
 3.45491503E-01
 2.50000000E-01
 0.00000000E+00
 5.00000000E-01
 1.25000000E-01
 1.00000000E+00
 6.25000000E-02
 7.50000000E-01
   1
   6
   1
   1
 3.04462418E+02
 1.57483570E-02
 1.00012206E+00
 1.56250000E-02
 1.51883171E+02
-1.25992189E-04
 4.99877982E-01
 0.00000000E+00
 0.00000000E+00
 0.00000000E+00
 1.00000000E+00
 3.12500000E-02
 5.00000000E-01
 1.56250000E-02
   2
   8
   1
  91
 3.07818896E+02
 4.39231971E-01
 1.06130016E+00
 3.55468750E-01
 3.01914137E-05
-9.18290510E-06
-3.19113180E-06
 0.00000000E+00
 0.00000000E+00
 3.51562500E-01
 5.00000000E-01
 3.59375000E-01
 2.50000000E-01
 3.55468750E-01
   4
   6
  15
  55
 3.08333551E+02
 1.96165851E+00
 1.31853153E+00
 8.59375000E-01
 8.26582914E-05
-3.10563000E-03
-2.66272086E-05
 0.00000000E+00
 8.75000000E-01
 8.43750000E-01
 1.00000000E+00
 8.75000000E-01
 9.37500000E-01
 8.59375000E-01
   4
   5
  15
  15
 3.07654191E+02
 6.32522559E-01
 1.10441232E+00
 4.68750000E-01
 1.11358759E-03
-8.66551994E-04
-1.81233163E-04
 0.00000000E+00
 8.75000000E-01
 4.37500000E-01
 1.00000000E+00
 5.00000000E-01
 9.37500000E-01
 4.68750000E-01
   1
   9
   1
 143
 3.07395247E+02
 3.27527981E-01
 1.03827104E+00
 2.79296875E-01
 2.44516715E-05
-3.67213693E-06
-1.70410998E-06
 0.00000000E+00
 0.00000000E+00
 2.77343750E-01
 1.00000000E+00
 2.81250000E-01
 5.00000000E-01
 2.79296875E-01
   2
   7
   3
  51
 3.07604648E+02
 5.08224842E-01
 1.07645364E+00
 3.98437500E-01
 9.61353597E-05
-4.21691829E-05
-1.22329803E-05
 0.00000000E+00
 5.00000000E-01
 3.90625000E-01
 1.00000000E+00
 4.06250000E-01
 7.50000000E-01
 3.98437500E-01
   1
   8
   1
 167
 3.08313473E+02
 1.05654107E+00
 1.19396498E+00
 6.52343750E-01
 1.79285367E-05
-6.31273279E-05
-4.48245442E-06
 0.00000000E+00
 0.00000000E+00
 6.48437500E-01
 1.00000000E+00
 6.56250000E-01
 5.00000000E-01
 6.52343750E-01
   3
   7
   1
  69
 3.08353810E+02
 7.74492820E-01
 1.13604066E+00
 5.39062500E-01
 5.25154923E-05
-7.18287607E-05
-1.04073244E-05
 0.00000000E+00
 0.00000000E+00
 5.31250000E-01
 2.50000000E-01
 5.46875000E-01
 1.25000000E-01
 5.39062500E-01
   1
   9
   1
 393
 3.08497743E+02
 1.45920113E+00
 1.26062531E+00
 7.67578125E-01
 3.23732502E-06
-3.53094877E-05
-9.52077355E-07
 0.00000000E+00
 0.00000000E+00
 7.65625000E-01
 1.00000000E+00
 7.69531250E-01
 5.00000000E-01
 7.67578125E-01
   2
   7
   1
  87
 3.08527868E+02
 1.13845820E+00
 1.20912162E+00
 6.79687500E-01
 3.30316445E-05
-1.48765253E-04
-8.63202591E-06
 0.00000000E+00
 0.00000000E+00
 6.71875000E-01
 5.00000000E-01
 6.87500000E-01
 2.50000000E-01
 6.79687500E-01
   2
   6
   3
   7
 3.06257694E+02
 1.15831816E-01
 1.00596366E+00
 1.09375000E-01
 5.15482180E-03
-7.69585969E-05
-5.99526710E-05
 0.00000000E+00
 5.00000000E-01
 9.37500000E-02
 1.00000000E+00
 1.25000000E-01
 7.50000000E-01
 1.09375000E-01
   2
   8
   3
  97
 3.07550725E+02
 4.76273242E-01
 1.06937830E+00
 3.78906250E-01
 2.65717170E-05
-9.88904492E-06
-3.11935957E-06
 0.00000000E+00
 5.00000000E-01
 3.75000000E-01
 1.00000000E+00
 3.82812500E-01
 7.50000000E-01
 3.78906250E-01
   3
   6
   1
  43
 3.08598947E+02
 1.11436065E+00
 1.20474728E+00
 6.71875000E-01
 1.35244796E-04
-5.67537134E-04
-3.49061805E-05
 0.00000000E+00
 0.00000000E+00
 6.56250000E-01
 2.50000000E-01
 6.87500000E-01
 1.25000000E-01
 6.71875000E-01
   2
   8
   1
 115
 3.08070543E+02
 5.96417554E-01
 1.09626524E+00
 4.49218750E-01
 1.89043064E-05
-1.25751364E-05
-2.89542900E-06
 0.00000000E+00
 0.00000000E+00
 4.45312500E-01
 5.00000000E-01
 4.53125000E-01
 2.50000000E-01
 4.49218750E-01
   1
   7
   1
   1
 3.03767806E+02
 7.84317746E-03
 1.00003052E+00
 7.81250000E-03
 1.51536597E+02
-3.10010230E-05
 4.99969486E-01
 0.00000000E+00
 0.00000000E+00
 0.00000000E+00
 1.00000000E+00
 1.56250000E-02
 5.00000000E-01
 7.81250000E-03
   1
   9
   1
 155
 3.07480221E+02
 3.60588843E-01
 1.04481965E+00
 3.02734375E-01
 2.08120875E-05
-3.92315327E-06
-1.67226795E-06
 0.00000000E+00
 0.00000000E+00
 3.00781250E-01
 1.00000000E+00
 3.04687500E-01
 5.00000000E-01
 3.02734375E-01
   2
   7
   3
  99
 3.08338237E+02
 1.48473443E+00
 1.26420155E+00
 7.73437500E-01
 2.55089026E-05
-2.97442034E-04
-7.55222159E-06
 0.00000000E+00
 5.00000000E-01
 7.65625000E-01
 1.00000000E+00
 7.81250000E-01
 7.50000000E-01
 7.73437500E-01
   1
   8
   1
 191
 3.08465326E+02
 1.37079017E+00
 1.24766016E+00
 7.46093750E-01
 1.37059525E-05
-1.18357203E-04
-3.92827593E-06
 0.00000000E+00
 0.00000000E+00
 7.42187500E-01
 1.00000000E+00
 7.50000000E-01
 5.00000000E-01
 7.46093750E-01
   3
   7
   1
 117
 3.08952173E+02
 2.45413499E+00
 1.35481004E+00
 9.14062500E-01
 1.82635059E-05
-2.07470070E-03
-6.13605796E-06
 0.00000000E+00
 0.00000000E+00
 9.06250000E-01
 2.50000000E-01
 9.21875000E-01
 1.25000000E-01
 9.14062500E-01
   4
   5
  15
  17
 3.07791070E+02
 7.57685702E-01
 1.13235443E+00
 5.31250000E-01
 8.66551994E-04
-1.11358759E-03
-1.68151667E-04
 0.00000000E+00
 8.75000000E-01
 5.00000000E-01
 1.00000000E+00
 5.62500000E-01
 9.37500000E-01
 5.31250000E-01
   1
   9
   1
 405
 3.08532213E+02
 1.56549579E+00
 1.27503165E+00
 7.91015625E-01
 3.04832531E-06
-4.36738438E-05
-9.20168618E-07
 0.00000000E+00
 0.00000000E+00
 7.89062500E-01
 1.00000000E+00
 7.92968750E-01
 5.00000000E-01
 7.91015625E-01
   2
   8
   3
 121
 3.07789378E+02
 6.39902666E-01
 1.10607592E+00
 4.72656250E-01
 1.70759196E-05
-1.37177975E-05
-2.81906541E-06
 0.00000000E+00
 5.00000000E-01
 4.68750000E-01
 1.00000000E+00
 4.76562500E-01
 7.50000000E-01
 4.72656250E-01
   2
   8
   1
 139
 3.08277658E+02
 7.83003510E-01
 1.13789941E+00
 5.42968750E-01
 1.29396237E-05
-1.82635059E-05
-2.58909890E-06
 0.00000000E+00
 0.00000000E+00
 5.39062500E-01
 5.00000000E-01
 5.46875000E-01
 2.50000000E-01
 5.42968750E-01
   1
   7
   1
  49
 3.07729922E+02
 4.82582411E-01
 1.07076861E+00
 3.82812500E-01
 2.08289942E-04
-8.01217853E-05
-2.48577084E-05
 0.00000000E+00
 0.00000000E+00
 3.75000000E-01
 1.00000000E+00
 3.90625000E-01
 5.00000000E-01
 3.82812500E-01
   1
   9
   1
 167
 3.07559183E+02
 3.94780208E-01
 1.05184984E+00
 3.26171875E-01
 1.79285368E-05
-4.20081580E-06
-1.63896111E-06
 0.00000000E+00
 0.00000000E+00
 3.24218750E-01
 1.00000000E+00
 3.28125000E-01
 5.00000000E-01
 3.26171875E-01
   1
   8
   1
 215
 3.08601265E+02
 1.83160538E+00
 1.30588572E+00
 8.39843750E-01
 1.08167747E-05
-2.97530506E-04
-3.42590715E-06
 0.00000000E+00
 0.00000000E+00
 8.35937500E-01
 1.00000000E+00
 8.43750000E-01
 5.00000000E-01
 8.39843750E-01
   1
   6
   1
   3
 3.05566888E+02
 4.80092192E-02
 1.00109803E+00
 4.68750000E-02
 5.88915178E-02
-1.34390540E-04
-1.21661756E-04
 0.00000000E+00
 0.00000000E+00
 3.12500000E-02
 1.00000000E+00
 6.25000000E-02
 5.00000000E-01
 4.68750000E-02
   1
   9
   1
 417
 3.08565806E+02
 1.68444773E+00
 1.28970303E+00
 8.14453125E-01
 2.87540581E-06
-5.54047316E-05
-8.89121627E-07
 0.00000000E+00
 0.00000000E+00
 8.12500000E-01
 1.00000000E+00
 8.16406250E-01
 5.00000000E-01
 8.14453125E-01
   4
   6
  15
  57
 3.08375127E+02
 2.21297293E+00
 1.33910899E+00
 8.90625000E-01
 7.69585968E-05
-5.15482180E-03
-2.54185160E-05
 0.00000000E+00
 8.75000000E-01
 8.75000000E-01
 1.00000000E+00
 9.06250000E-01
 9.37500000E-01
 8.90625000E-01
   2
   8
   3
 145
 3.07987895E+02
 8.35647243E-01
 1.14926761E+00
 5.66406250E-01
 1.18908893E-05
-2.02913843E-05
-2.51302521E-06
 0.00000000E+00
 5.00000000E-01
 5.62500000E-01
 1.00000000E+00
 5.70312500E-01
 7.50000000E-01
 5.66406250E-01
   4
   5
  15
  19
 3.07914011E+02
 9.00786545E-01
 1.16298713E+00
 5.93750000E-01
 6.93481721E-04
-1.48368388E-03
-1.55216921E-04
 0.00000000E+00
 8.75000000E-01
 5.62500000E-01
 1.00000000E+00
 6.25000000E-01
 9.37500000E-01
 5.93750000E-01
   3
   7
   7
  45
 3.07386594E+02
 4.33189656E-01
 1.05999820E+00
 3.51562500E-01
 1.23487283E-04
-3.62923714E-05
-1.28115604E-05
 0.00000000E+00
 7.50000000E-01
 3.43750000E-01
 1.00000000E+00
 3.59375000E-01
 8.75000000E-01
 3.51562500E-01
   2
   8
   1
 163
 3.08454509E+02
 1.01257795E+00
 1.18550022E+00
 6.36718750E-01
 9.40963912E-06
-2.89067469E-05
-2.28957927E-06
 0.00000000E+00
 0.00000000E+00
 6.32812500E-01
 5.00000000E-01
 6.40625000E-01
 2.50000000E-01
 6.36718750E-01
   2
   6
   3
   9
 3.06514866E+02
 1.51549898E-01
 1.00983929E+00
 1.40625000E-01
 3.10563000E-03
-8.26582914E-05
-5.92652060E-05
 0.00000000E+00
 5.00000000E-01
 1.25000000E-01
 1.00000000E+00
 1.56250000E-01
 7.50000000E-01
 1.40625000E-01
   1
   7
   1
  97
 3.08483108E+02
 1.41804306E+00
 1.25470307E+00
 7.57812500E-01
 5.31434342E-05
-5.20562254E-04
-1.54500772E-05
 0.00000000E+00
 0.00000000E+00
 7.50000000E-01
 1.00000000E+00
 7.65625000E-01
 5.00000000E-01
 7.57812500E-01
   1
   9
   1
 179
 3.07632969E+02
 4.30182135E-01
 1.05935203E+00
 3.49609375E-01
 1.56052495E-05
-4.50903385E-06
-1.60438654E-06
 0.00000000E+00
 0.00000000E+00
 3.47656250E-01
 1.00000000E+00
 3.51562500E-01
 5.00000000E-01
 3.49609375E-01
   3
   6
   1
  45
 3.08650267E+02
 1.21444410E+00
 1.22245031E+00
 7.03125000E-01
 1.23487283E-04
-6.93481721E-04
-3.34116570E-05
 0.00000000E+00
 0.00000000E+00
 6.87500000E-01
 2.50000000E-01
 7.18750000E-01
 1.25000000E-01
 7.03125000E-01
   1
   8
   1
 239
 3.08724664E+02
 2.71196410E+00
 1.36806334E+00
 9.33593750E-01
 8.75342477E-06
-1.73310399E-03
-2.97970067E-06
 0.00000000E+00
 0.00000000E+00
 9.29687500E-01
 1.00000000E+00
 9.37500000E-01
 5.00000000E-01
 9.33593750E-01
   1
   9
   1
 429
 3.08598570E+02
 1.81948402E+00
 1.30463048E+00
 8.37890625E-01
 2.71679329E-06
-7.25847428E-05
-8.58949784E-07
 0.00000000E+00
 0.00000000E+00
 8.35937500E-01
 1.00000000E+00
 8.39843750E-01
 5.00000000E-01
 8.37890625E-01
   2
   8
   3
 169
 3.08158634E+02
 1.07926933E+00
 1.19825134E+00
 6.60156250E-01
 8.75334814E-06
-3.30316444E-05
-2.21726144E-06
 0.00000000E+00
 5.00000000E-01
 6.56250000E-01
 1.00000000E+00
 6.64062500E-01
 7.50000000E-01
 6.60156250E-01
   1
   8
   1
   1
 3.03073927E+02
 3.91389932E-03
 1.00000763E+00
 3.90625000E-03
 1.51190024E+02
-7.68940938E-06
 4.99992371E-01
 0.00000000E+00
 0.00000000E+00
 0.00000000E+00
 1.00000000E+00
 7.81250000E-03
 5.00000000E-01
 3.90625000E-03
   3
   7
   7
  93
 3.08182826E+02
 1.29668220E+00
 1.23607972E+00
 7.26562500E-01
 2.89067468E-05
-2.04164977E-04
-8.07948696E-06
 0.00000000E+00
 7.50000000E-01
 7.18750000E-01
 1.00000000E+00
 7.34375000E-01
 8.75000000E-01
 7.26562500E-01
   2
   8
   1
 187
 3.08609441E+02
 1.31107094E+00
 1.23837983E+00
 7.30468750E-01
 7.14929143E-06
-5.25154923E-05
-2.00862688E-06
 0.00000000E+00
 0.00000000E+00
 7.26562500E-01
 5.00000000E-01
 7.34375000E-01
 2.50000000E-01
 7.30468750E-01
   4
   5
  15
  21
 3.08025811E+02
 1.06784063E+00
 1.19610370E+00
 6.56250000E-01
 5.67537134E-04
-2.07470070E-03
-1.42682579E-04
 0.00000000E+00
 8.75000000E-01
 6.25000000E-01
 1.00000000E+00
 6.87500000E-01
 9.37500000E-01
 6.56250000E-01
   1
   9
   1
 191
 3.07702250E+02
 4.66883502E-01
 1.06731625E+00
 3.73046875E-01
 1.37059525E-05
-4.85246093E-06
-1.56873859E-06
 0.00000000E+00
 0.00000000E+00
 3.71093750E-01
 1.00000000E+00
 3.75000000E-01
 5.00000000E-01
 3.73046875E-01
   2
   7
   3
   5
 3.05214894E+02
 3.98459085E-02
 1.00076265E+00
 3.90625000E-02
 1.02054986E-02
-1.65251016E-05
-1.52237008E-05
 0.00000000E+00
 5.00000000E-01
 3.12500000E-02
 1.00000000E+00
 4.68750000E-02
 7.50000000E-01
 3.90625000E-02
   1
   9
   1
 441
 3.08630552E+02
 1.97564475E+00
 1.31980534E+00
 8.61328125E-01
 2.57095189E-06
-9.91965086E-05
-8.29661058E-07
 0.00000000E+00
 0.00000000E+00
 8.59375000E-01
 1.00000000E+00
 8.63281250E-01
 5.00000000E-01
 8.61328125E-01
   3
   7
   1
  23
 3.07187832E+02
 1.98069914E-01
 1.01601555E+00
 1.79687500E-01
 4.73037038E-04
-2.26767654E-05
-1.45483449E-05
 0.00000000E+00
 0.00000000E+00
 1.71875000E-01
 2.50000000E-01
 1.87500000E-01
 1.25000000E-01
 1.79687500E-01
   2
   8
   3
 193
 3.08308999E+02
 1.40204272E+00
 1.25234765E+00
 7.53906250E-01
 6.71167959E-06
-6.29960946E-05
-1.94216544E-06
 0.00000000E+00
 5.00000000E-01
 7.50000000E-01
 1.00000000E+00
 7.57812500E-01
 7.50000000E-01
 7.53906250E-01
   2
   7
   1
  41
 3.07708166E+02
 3.86122145E-01
 1.05004766E+00
 3.20312500E-01
 1.48765253E-04
-3.30316444E-05
-1.31792233E-05
 0.00000000E+00
 0.00000000E+00
 3.12500000E-01
 5.00000000E-01
 3.28125000E-01
 2.50000000E-01
 3.20312500E-01
   1
   8
   1
  25
 3.06310376E+02
 1.02759734E-01
 1.00475706E+00
 9.76562500E-02
 8.00640684E-04
-9.37022704E-06
-7.52151481E-06
 0.00000000E+00
 0.00000000E+00
 9.37500000E-02
 1.00000000E+00
 1.01562500E-01
 5.00000000E-01
 9.76562500E-02
   2
   8
   1
 211
 3.08747764E+02
 1.73851495E+00
 1.29589218E+00
 8.24218750E-01
 5.61539071E-06
-1.23487283E-04
-1.75288925E-06
 0.00000000E+00
 0.00000000E+00
 8.20312500E-01
 5.00000000E-01
 8.28125000E-01
 2.50000000E-01
 8.24218750E-01
   1
   6
   1
   5
 3.06083572E+02
 8.13456395E-02
 1.00304712E+00
 7.81250000E-02
 2.04109973E-02
-1.43657521E-04
-1.20954077E-04
 0.00000000E+00
 0.00000000E+00
 6.25000000E-02
 1.00000000E+00
 9.37500000E-02
 5.00000000E-01
 7.81250000E-02
   4
   6
  15
  59
 3.08415471E+02
 2.54944517E+00
 1.36009320E+00
 9.21875000E-01
 7.18287608E-05
-1.02054986E-02
-2.42601028E-05
 0.00000000E+00
 8.75000000E-01
 9.06250000E-01
 1.00000000E+00
 9.37500000E-01
 9.37500000E-01
 9.21875000E-01
   1
   9
   1
 203
 3.07767576E+02
 5.04983348E-01
 1.07573224E+00
 3.96484375E-01
 1.21334191E-05
-5.23667136E-06
-1.53220688E-06
 0.00000000E+00
 0.00000000E+00
 3.94531250E-01
 1.00000000E+00
 3.98437500E-01
 5.00000000E-01
 3.96484375E-01
   4
   5
  15
  23
 3.08128498E+02
 1.26851133E+00
 1.23150378E+00
 7.18750000E-01
 4.73037038E-04
-3.10563000E-03
-1.30732007E-04
 0.00000000E+00
 8.75000000E-01
 6.87500000E-01
 1.00000000E+00
 7.50000000E-01
 9.37500000E-01
 7.18750000E-01
   2
   7
   3
  53
 3.07646043E+02
 5.34542150E-01
 1.08233440E+00
 4.14062500E-01
 8.90154896E-05
-4.44483955E-05
-1.20346694E-05
 0.00000000E+00
 5.00000000E-01
 4.06250000E-01
 1.00000000E+00
 4.21875000E-01
 7.50000000E-01
 4.14062500E-01
   1
   9
   1
 453
 3.08661792E+02
 2.16078718E+00
 1.33521916E+00
 8.84765625E-01
 2.43654625E-06
-1.43657521E-04
-8.01258576E-07
 0.00000000E+00
 0.00000000E+00
 8.82812500E-01
 1.00000000E+00
 8.86718750E-01
 5.00000000E-01
 8.84765625E-01
   3
   7
   1
  71
 3.08385312E+02
 8.08978996E-01
 1.14353759E+00
 5.54687500E-01
 4.95982542E-05
-7.69585969E-05
-1.02039806E-05
 0.00000000E+00
 0.00000000E+00
 5.46875000E-01
 2.50000000E-01
 5.62500000E-01
 1.25000000E-01
 5.54687500E-01
   2
   8
   3
 217
 3.08443780E+02
 1.88161580E+00
 1.31092377E+00
 8.47656250E-01
 5.30915196E-06
-1.64419605E-04
-1.69328016E-06
 0.00000000E+00
 5.00000000E-01
 8.43750000E-01
 1.00000000E+00
 8.51562500E-01
 7.50000000E-01
 8.47656250E-01
   2
   7
   1
  89
 3.08553525E+02
 1.18846862E+00
 1.21797351E+00
 6.95312500E-01
 3.15636639E-05
-1.64419605E-04
-8.44518859E-06
 0.00000000E+00
 0.00000000E+00
 6.87500000E-01
 5.00000000E-01
 7.03125000E-01
 2.50000000E-01
 6.95312500E-01
   2
   6
   3
  11
 3.06721395E+02
 1.88591170E-01
 1.01466301E+00
 1.71875000E-01
 2.07470070E-03
-8.90154896E-05
-5.84241671E-05
 0.00000000E+00
 5.00000000E-01
 1.56250000E-01
 1.00000000E+00
 1.87500000E-01
 7.50000000E-01
 1.71875000E-01
   1
   8
   1
  49
 3.07000895E+02
 2.12458651E-01
 1.01815340E+00
 1.91406250E-01
 2.08289942E-04
-1.16690199E-05
-7.22851533E-06
 0.00000000E+00
 0.00000000E+00
 1.87500000E-01
 1.00000000E+00
 1.95312500E-01
 5.00000000E-01
 1.91406250E-01
   3
   6
   1
  47
 3.08699610E+02
 1.32566974E+00
 1.24068797E+00
 7.34375000E-01
 1.13199006E-04
-8.66551994E-04
-3.19598911E-05
 0.00000000E+00
 0.00000000E+00
 7.18750000E-01
 2.50000000E-01
 7.50000000E-01
 1.25000000E-01
 7.34375000E-01
   2
   8
   1
 235
 3.08873065E+02
 2.50065501E+00
 1.35744857E+00
 9.17968750E-01
 4.52697623E-06
-5.67537134E-04
-1.52507457E-06
 0.00000000E+00
 0.00000000E+00
 9.14062500E-01
 5.00000000E-01
 9.21875000E-01
 2.50000000E-01
 9.17968750E-01
   1
   9
   1
 215
 3.07829401E+02
 5.44592486E-01
 1.08458950E+00
 4.19921875E-01
 1.08167745E-05
-5.66838797E-06
-1.49497458E-06
 0.00000000E+00
 0.00000000E+00
 4.17968750E-01
 1.00000000E+00
 4.21875000E-01
 5.00000000E-01
 4.19921875E-01
   1
   7
   1
   3
 3.04869348E+02
 2.37165266E-02
 1.00027462E+00
 2.34375000E-02
 5.88915178E-02
-3.20010240E-05
-3.04919859E-05
 0.00000000E+00
 0.00000000E+00
 1.56250000E-02
 1.00000000E+00
 3.12500000E-02
 5.00000000E-01
 2.34375000E-02
   2
   7
   3
 101
 3.08361167E+02
 1.55619340E+00
 1.27382088E+00
 7.89062500E-01
 2.45086025E-05
-3.43170953E-04
-7.38241972E-06
 0.00000000E+00
 5.00000000E-01
 7.81250000E-01
 1.00000000E+00
 7.96875000E-01
 7.50000000E-01
 7.89062500E-01
   1
   9
   1
 465
 3.08692331E+02
 2.38817702E+00
 1.35086377E+00
 9.08203125E-01
 2.31241143E-06
-2.26398012E-04
-7.73741176E-07
 0.00000000E+00
 0.00000000E+00
 9.06250000E-01
 1.00000000E+00
 9.10156250E-01
 5.00000000E-01
 9.08203125E-01
   3
   7
   1
 119
 3.08972051E+02
 2.65480569E+00
 1.36540062E+00
 9.29687500E-01
 1.76547439E-05
-3.10563000E-03
-5.99438274E-06
 0.00000000E+00
 0.00000000E+00
 9.21875000E-01
 2.50000000E-01
 9.37500000E-01
 1.25000000E-01
 9.29687500E-01
   4
   5
  15
  25
 3.08223596E+02
 1.51982575E+00
 1.26899628E+00
 7.81250000E-01
 4.00320342E-04
-5.15482180E-03
-1.19486244E-04
 0.00000000E+00
 8.75000000E-01
 7.50000000E-01
 1.00000000E+00
 8.12500000E-01
 9.37500000E-01
 7.81250000E-01
   4
   3
  15
   5
 3.07971163E+02
 9.80829253E-01
 1.17924764E+00
 6.25000000E-01
 1.02054986E-02
-2.94457589E-02
-2.38467643E-03
 0.00000000E+00
 8.75000000E-01
 5.00000000E-01
 1.00000000E+00
 7.50000000E-01
 9.37500000E-01
 6.25000000E-01
   2
   8
   3
 241
 3.08566254E+02
 2.83712724E+00
 1.37340661E+00
 9.41406250E-01
 4.30437058E-06
-1.11358759E-03
-1.47252901E-06
 0.00000000E+00
 5.00000000E-01
 9.37500000E-01
 1.00000000E+00
 9.45312500E-01
 7.50000000E-01
 9.41406250E-01
   1
   8
   1
  73
 3.07417108E+02
 3.35691292E-01
 1.03986253E+00
 2.85156250E-01
 9.38350382E-05
-1.49304985E-05
-6.78517927E-06
 0.00000000E+00
 0.00000000E+00
 2.81250000E-01
 1.00000000E+00
 2.89062500E-01
 5.00000000E-01
 2.85156250E-01
   2
   8
   3
   3
 3.04005795E+02
 1.17879558E-02
 1.00006866E+00
 1.17187500E-02
 2.94457589E-02
-3.90573127E-06
-3.81389706E-06
 0.00000000E+00
 5.00000000E-01
 7.81250000E-03
 1.00000000E+00
 1.56250000E-02
 7.50000000E-01
 1.17187500E-02
   2
   3
   3
   1
 3.06394154E+02
 1.33531393E-01
 1.00778222E+00
 1.25000000E-01
 7.63773417E+01
-5.15482180E-03
 2.46197008E-01
 0.00000000E+00
 5.00000000E-01
 0.00000000E+00
 1.00000000E+00
 2.50000000E-01
 7.50000000E-01
 1.25000000E-01
   2
   8
   1
  21
 3.06301302E+02
 8.55919303E-02
 1.00335892E+00
 8.20312500E-02
 5.67537134E-04
-4.52697625E-06
-3.77650042E-06
 0.00000000E+00
 0.00000000E+00
 7.81250000E-02
 5.00000000E-01
 8.59375000E-02
 2.50000000E-01
 8.20312500E-02
   3
   5
   1
   1
 3.05410807E+02
 3.17486983E-02
 1.00048816E+00
 3.12500000E-02
 7.61989764E+01
-2.60281127E-04
 2.49756276E-01
 0.00000000E+00
 0.00000000E+00
 0.00000000E+00
 2.50000000E-01
 6.25000000E-02
 1.25000000E-01
 3.12500000E-02
   1
   7
   1
  51
 3.07772856E+02
 5.08224842E-01
 1.07645364E+00
 3.98437500E-01
 1.92270719E-04
-8.43383657E-05
-2.44659605E-05
 0.00000000E+00
 0.00000000E+00
 3.90625000E-01
 1.00000000E+00
 4.06250000E-01
 5.00000000E-01
 3.98437500E-01
   1
   9
   1
 477
 3.08722204E+02
 2.68297656E+00
 1.36673123E+00
 9.31640625E-01
 2.19752695E-06
-4.08329953E-04
-7.47103931E-07
 0.00000000E+00
 0.00000000E+00
 9.29687500E-01
 1.00000000E+00
 9.33593750E-01
 5.00000000E-01
 9.31640625E-01
   2
   3
   1
   7
 3.08817071E+02
 2.07944154E+00
 1.32876823E+00
 8.75000000E-01
 7.72907155E+01
 6.93147181E-01
 3.51884113E-01
 2.50000000E-01
 0.00000000E+00
 7.50000000E-01
 5.00000000E-01
 1.00000000E+00
 2.50000000E-01
 8.75000000E-01
   1
   6
   1
   7
 3.06425902E+02
 1.15831816E-01
 1.00596366E+00
 1.09375000E-01
 1.03096436E-02
-1.53917194E-04
-1.19905342E-04
 0.00000000E+00
 0.00000000E+00
 9.37500000E-02
 1.00000000E+00
 1.25000000E-01
 5.00000000E-01
 1.09375000E-01
   4
   6
  15
  61
 3.08454665E+02
 3.06027079E+00
 1.38146562E+00
 9.53125000E-01
 6.71952698E-05
-2.94457589E-02
-2.31514919E-05
 0.00000000E+00
 8.75000000E-01
 9.37500000E-01
 1.00000000E+00
 9.68750000E-01
 9.37500000E-01
 9.53125000E-01
   1
   8
   1
  97
 3.07718933E+02
 4.76273242E-01
 1.06937830E+00
 3.78906250E-01
 5.31434342E-05
-1.97780898E-05
-6.23871914E-06
 0.00000000E+00
 0.00000000E+00
 3.75000000E-01
 1.00000000E+00
 3.82812500E-01
 5.00000000E-01
 3.78906250E-01
   5
   4
  31
   3
 3.06664153E+02
 2.07639365E-01
 1.01742629E+00
 1.87500000E-01
 2.94457589E-02
-1.48368388E-03
-9.26512607E-04
 0.00000000E+00
 9.37500000E-01
 1.25000000E-01
 1.00000000E+00
 2.50000000E-01
 9.68750000E-01
 1.87500000E-01
   4
   5
  15
  27
 3.08312273E+02
 1.85629799E+00
 1.30840134E+00
 8.43750000E-01
 3.43170953E-04
-1.02054986E-02
-1.09014416E-04
 0.00000000E+00
 8.75000000E-01
 8.12500000E-01
 1.00000000E+00
 8.75000000E-01
 9.37500000E-01
 8.43750000E-01
   2
   8
   3
  27
 3.06220594E+02
 1.11455441E-01
 1.00554645E+00
 1.05468750E-01
 3.43170953E-04
-4.76730771E-06
-3.75190750E-06
 0.00000000E+00
 5.00000000E-01
 1.01562500E-01
 1.00000000E+00
 1.09375000E-01
 7.50000000E-01
 1.05468750E-01
   3
   7
   7
  47
 3.07433008E+02
 4.57581109E-01
 1.06528243E+00
 3.67187500E-01
 1.13199006E-04
-3.81068517E-05
-1.26218613E-05
 0.00000000E+00
 7.50000000E-01
 3.59375000E-01
 1.00000000E+00
 3.75000000E-01
 8.75000000E-01
 3.67187500E-01
   4
   4
   1
   3
 3.07273908E+02
 2.07639365E-01
 1.01742629E+00
 1.87500000E-01
 2.94457589E-02
-1.48368388E-03
-9.26512607E-04
 0.00000000E+00
 0.00000000E+00
 1.25000000E-01
 1.25000000E-01
 2.50000000E-01
 6.25000000E-02
 1.87500000E-01
   2
   8
   1
  45
 3.07081016E+02
 1.93319311E-01
 1.01533199E+00
 1.75781250E-01
 1.23487283E-04
-5.61539066E-06
-3.64447104E-06
 0.00000000E+00
 0.00000000E+00
 1.71875000E-01
 5.00000000E-01
 1.79687500E-01
 2.50000000E-01
 1.75781250E-01
   2
   6
   3
  13
 3.06894307E+02
 2.27057451E-01
 1.02042137E+00
 2.03125000E-01
 1.48368388E-03
-9.61353598E-05
-5.74408711E-05
 0.00000000E+00
 5.00000000E-01
 1.87500000E-01
 1.00000000E+00
 2.18750000E-01
 7.50000000E-01
 2.03125000E-01
   1
   7
   1
  99
 3.08506446E+02
 1.48473443E+00
 1.26420155E+00
 7.73437500E-01
 5.10178051E-05
-5.94884068E-04
-1.51044432E-05
 0.00000000E+00
 0.00000000E+00
 7.65625000E-01
 1.00000000E+00
 7.81250000E-01
 5.00000000E-01
 7.73437500E-01
   3
   6
   1
  49
 3.08747141E+02
 1.45083288E+00
 1.25943703E+00
 7.65625000E-01
 1.04144971E-04
-1.11358759E-03
-3.05537730E-05
 0.00000000E+00
 0.00000000E+00
 7.50000000E-01
 2.50000000E-01
 7.81250000E-01
 1.25000000E-01
 7.65625000E-01
   1
   9
   1
 489
 3.08751443E+02
 3.10283041E+00
 1.38281388E+00
 9.55078125E-01
 2.09099574E-06
-9.46074076E-04
-7.21338633E-07
 0.00000000E+00
 0.00000000E+00
 9.53125000E-01
 1.00000000E+00
 9.57031250E-01
 5.00000000E-01
 9.55078125E-01
   5
   4
   1
   1
 3.06172890E+02
 6.45385211E-02
 1.00195122E+00
 6.25000000E-02
 7.63722632E+01
-1.11358759E-03
 2.49030056E-01
 0.00000000E+00
 0.00000000E+00
 0.00000000E+00
 6.25000000E-02
 1.25000000E-01
 3.12500000E-02
 6.25000000E-02
   3
   5
   1
   3
 3.06521135E+02
 9.84400728E-02
 1.00438492E+00
 9.37500000E-02
 2.94457589E-02
-2.97442034E-04
-2.40901227E-04
 0.00000000E+00
 0.00000000E+00
 6.25000000E-02
 2.50000000E-01
 1.25000000E-01
 1.25000000E-01
 9.37500000E-02
   1
   8
   1
 121
 3.07957586E+02
 6.39902666E-01
 1.10607592E+00
 4.72656250E-01
 3.41518391E-05
-2.74355949E-05
-5.63813082E-06
 0.00000000E+00
 0.00000000E+00
 4.68750000E-01
 1.00000000E+00
 4.76562500E-01
 5.00000000E-01
 4.72656250E-01
   1
   9
   1
   1
 3.02380414E+02
 1.95503484E-03
 1.00000191E+00
 1.95312500E-03
 1.50843450E+02
-1.91482476E-06
 4.99998093E-01
 0.00000000E+00
 0.00000000E+00
 0.00000000E+00
 1.00000000E+00
 3.90625000E-03
 5.00000000E-01
 1.95312500E-03
   2
   8
   3
  51
 3.06874156E+02
 2.22167465E-01
 1.01965097E+00
 1.99218750E-01
 9.61353599E-05
-5.94891075E-06
-3.59835637E-06
 0.00000000E+00
 5.00000000E-01
 1.95312500E-01
 1.00000000E+00
 2.03125000E-01
 7.50000000E-01
 1.99218750E-01
   5
   4
  31
   7
 3.07558314E+02
 5.75364145E-01
 1.09151557E+00
 4.37500000E-01
 5.15482180E-03
-3.10563000E-03
-7.50826836E-04
 0.00000000E+00
 9.37500000E-01
 3.75000000E-01
 1.00000000E+00
 5.00000000E-01
 9.68750000E-01
 4.37500000E-01
   3
   7
   7
  95
 3.08207032E+02
 1.35552270E+00
 1.24532818E+00
 7.42187500E-01
 2.77023658E-05
-2.29673879E-04
-7.90081575E-06
 0.00000000E+00
 7.50000000E-01
 7.34375000E-01
 1.00000000E+00
 7.50000000E-01
 8.75000000E-01
 7.42187500E-01
   4
   5
  15
  29
 3.08395448E+02
 2.36712361E+00
 1.34955143E+00
 9.06250000E-01
 2.97442034E-04
-2.94457589E-02
-9.93447118E-05
 0.00000000E+00
 8.75000000E-01
 8.75000000E-01
 1.00000000E+00
 9.37500000E-01
 9.37500000E-01
 9.06250000E-01
   2
   8
   1
  69
 3.07526034E+02
 3.14068828E-01
 1.03568677E+00
 2.69531250E-01
 5.25154920E-05
-7.14929151E-06
-3.43379027E-06
 0.00000000E+00
 0.00000000E+00
 2.65625000E-01
 5.00000000E-01
 2.73437500E-01
 2.50000000E-01
 2.69531250E-01
   4
   4
   1
   7
 3.08168069E+02
 5.75364145E-01
 1.09151557E+00
 4.37500000E-01
 5.15482180E-03
-3.10563000E-03
-7.50826836E-04
 0.00000000E+00
 0.00000000E+00
 3.75000000E-01
 1.25000000E-01
 5.00000000E-01
 6.25000000E-02
 4.37500000E-01
   1
   9
   1
 501
 3.08780080E+02
 3.84042935E+00
 1.39910430E+00
 9.78515625E-01
 1.99202793E-06
-4.14940141E-03
-6.96434246E-07
 0.00000000E+00
 0.00000000E+00
 9.76562500E-01
 1.00000000E+00
 9.80468750E-01
 5.00000000E-01
 9.78515625E-01
   2
   7
   3
   7
 3.05554295E+02
 5.62397183E-02
 1.00149424E+00
 5.46875000E-02
 5.15482180E-03
-1.70759195E-05
-1.51903642E-05
 0.00000000E+00
 5.00000000E-01
 4.68750000E-02
 1.00000000E+00
 6.25000000E-02
 7.50000000E-01
 5.46875000E-02
   1
   8
   1
 145
 3.08156103E+02
 8.35647243E-01
 1.14926761E+00
 5.66406250E-01
 2.37817785E-05
-4.05827686E-05
-5.02605042E-06
 0.00000000E+00
 0.00000000E+00
 5.62500000E-01
 1.00000000E+00
 5.70312500E-01
 5.00000000E-01
 5.66406250E-01
   3
   7
   1
  25
 3.07274142E+02
 2.17301276E-01
 1.01889498E+00
 1.95312500E-01
 4.00320342E-04
-2.35660084E-05
-1.44253579E-05
 0.00000000E+00
 0.00000000E+00
 1.87500000E-01
 2.50000000E-01
 2.03125000E-01
 1.25000000E-01
 1.95312500E-01
   5
   4
   1
   5
 3.07829191E+02
 3.74693449E-01
 1.04769091E+00
 3.12500000E-01
 1.02054986E-02
-2.07470070E-03
-8.48761947E-04
 0.00000000E+00
 0.00000000E+00
 2.50000000E-01
 6.25000000E-02
 3.75000000E-01
 3.12500000E-02
 3.12500000E-01
   2
   7
   1
  43
 3.07758723E+02
 4.09379007E-01
 1.05491896E+00
 3.35937500E-01
 1.35244796E-04
-3.46044710E-05
-1.29975006E-05
 0.00000000E+00
 0.00000000E+00
 3.28125000E-01
 5.00000000E-01
 3.43750000E-01
 2.50000000E-01
 3.35937500E-01
   3
   5
   1
   5
 3.07043676E+02
 1.69899037E-01
 1.01213342E+00
 1.56250000E-01
 1.02054986E-02
-3.43170953E-04
-2.35415801E-04
 0.00000000E+00
 0.00000000E+00
 1.25000000E-01
 2.50000000E-01
 1.87500000E-01
 1.25000000E-01
 1.56250000E-01
   1
   9
   1
  13
 3.04949756E+02
 2.57185293E-02
 1.00032229E+00
 2.53906250E-02
 2.96736776E-03
-2.00802810E-06
-1.90550385E-06
 0.00000000E+00
 0.00000000E+00
 2.34375000E-02
 1.00000000E+00
 2.73437500E-02
 5.00000000E-01
 2.53906250E-02
   2
   8
   3
  75
 3.07277393E+02
 3.46680413E-01
 1.04203200E+00
 2.92968750E-01
 4.44483957E-05
-7.63114116E-06
-3.37144429E-06
 0.00000000E+00
 5.00000000E-01
 2.89062500E-01
 1.00000000E+00
 2.96875000E-01
 7.50000000E-01
 2.92968750E-01
   1
   6
   1
   9
 3.06683074E+02
 1.51549898E-01
 1.00983929E+00
 1.40625000E-01
 6.21126000E-03
-1.65316583E-04
-1.18530412E-04
 0.00000000E+00
 0.00000000E+00
 1.25000000E-01
 1.00000000E+00
 1.56250000E-01
 5.00000000E-01
 1.40625000E-01
   2
   8
   1
  93
 3.07842101E+02
 4.51427244E-01
 1.06394232E+00
 3.63281250E-01
 2.89067467E-05
-9.40963924E-06
-3.16741677E-06
 0.00000000E+00
 0.00000000E+00
 3.59375000E-01
 5.00000000E-01
 3.67187500E-01
 2.50000000E-01
 3.63281250E-01
   4
   6
  15
  63
 3.08492784E+02
 4.15888308E+00
 1.40320852E+00
 9.84375000E-01
 7.71174153E+01
 1.21300757E+00
 3.53531299E-01
 2.50000000E-01
 8.75000000E-01
 9.68750000E-01
 1.00000000E+00
 1.00000000E+00
 9.37500000E-01
 9.84375000E-01
   5
   4
  31
  11
 3.08057163E+02
 1.16315081E+00
 1.21353049E+00
 6.87500000E-01
 2.07470070E-03
-1.02054986E-02
-5.46665410E-04
 0.00000000E+00
 9.37500000E-01
 6.25000000E-01
 1.00000000E+00
 7.50000000E-01
 9.68750000E-01
 6.87500000E-01
   4
   5
  15
  31
 3.08473855E+02
 3.46573590E+00
 1.39229184E+00
 9.68750000E-01
 7.71176126E+01
 1.03972077E+00
 3.53462916E-01
 2.50000000E-01
 8.75000000E-01
 9.37500000E-01
 1.00000000E+00
 1.00000000E+00
 9.37500000E-01
 9.68750000E-01
   6
   4
   1
   1
 3.06183403E+02
 6.45385211E-02
 1.00195122E+00
 6.25000000E-02
 7.63722632E+01
-1.11358759E-03
 2.49030056E-01
 0.00000000E+00
 0.00000000E+00
 0.00000000E+00
 3.12500000E-02
 1.25000000E-01
 1.56250000E-02
 6.25000000E-02
   2
   7
   3
  55
 3.07686013E+02
 5.61570823E-01
 1.08840771E+00
 4.29687500E-01
 8.26582914E-05
-4.69175191E-05
-1.18343389E-05
 0.00000000E+00
 5.00000000E-01
 4.21875000E-01
 1.00000000E+00
 4.37500000E-01
 7.50000000E-01
 4.29687500E-01
   5
   1
  31
   1
 3.07703561E+02
 6.93147181E-01
 1.11803399E+00
 5.00000000E-01
 1.53841268E+02
 3.46573590E-01
 5.59016994E-01
 2.50000000E-01
 9.37500000E-01
 0.00000000E+00
 1.00000000E+00
 1.00000000E+00
 9.68750000E-01
 5.00000000E-01
   4
   4
   1
  11
 3.08666918E+02
 1.16315081E+00
 1.21353049E+00
 6.87500000E-01
 2.07470070E-03
-1.02054986E-02
-5.46665410E-04
 0.00000000E+00
 0.00000000E+00
 6.25000000E-01
 1.25000000E-01
 7.50000000E-01
 6.25000000E-02
 6.87500000E-01
   1
   8
   1
 169
 3.08326842E+02
 1.07926933E+00
 1.19825134E+00
 6.60156250E-01
 1.75066965E-05
-6.60632887E-05
-4.43452289E-06
 0.00000000E+00
 0.00000000E+00
 6.56250000E-01
 1.00000000E+00
 6.64062500E-01
 5.00000000E-01
 6.60156250E-01
   3
   7
   1
  73
 3.08416021E+02
 8.44697079E-01
 1.15119779E+00
 5.70312500E-01
 4.69175191E-05
-8.26582914E-05
-1.00016434E-05
 0.00000000E+00
 0.00000000E+00
 5.62500000E-01
 2.50000000E-01
 5.78125000E-01
 1.25000000E-01
 5.70312500E-01
   2
   7
   1
  91
 3.08578678E+02
 1.24111235E+00
 1.22696052E+00
 7.10937500E-01
 3.01914136E-05
-1.82681776E-04
-8.26097459E-06
 0.00000000E+00
 0.00000000E+00
 7.03125000E-01
 5.00000000E-01
 7.18750000E-01
 2.50000000E-01
 7.10937500E-01
   2
   6
   3
  15
 3.07043265E+02
 2.67062785E-01
 1.02709865E+00
 2.34375000E-01
 1.11358759E-03
-1.04144971E-04
-5.63280866E-05
 0.00000000E+00
 5.00000000E-01
 2.18750000E-01
 1.00000000E+00
 2.50000000E-01
 7.50000000E-01
 2.34375000E-01
   1
   9
   1
  25
 3.05608076E+02
 5.00605020E-02
 1.00119138E+00
 4.88281250E-02
 8.00640683E-04
-2.10820577E-06
-1.90054591E-06
 0.00000000E+00
 0.00000000E+00
 4.68750000E-02
 1.00000000E+00
 5.07812500E-02
 5.00000000E-01
 4.88281250E-02
   3
   6
   7
   1
 3.04210105E+02
 1.57483570E-02
 1.00012206E+00
 1.56250000E-02
 7.58574813E+01
-6.29960946E-05
 2.49938991E-01
 0.00000000E+00
 7.50000000E-01
 0.00000000E+00
 1.00000000E+00
 3.12500000E-02
 8.75000000E-01
 1.56250000E-02
   2
   8
   3
  99
 3.07572598E+02
 4.88931639E-01
 1.07217134E+00
 3.86718750E-01
 2.55089026E-05
-1.01426050E-05
-3.09504514E-06
 0.00000000E+00
 5.00000000E-01
 3.82812500E-01
 1.00000000E+00
 3.90625000E-01
 7.50000000E-01
 3.86718750E-01
   3
   6
   1
  51
 3.08793004E+02
 1.59393373E+00
 1.27867500E+00
 7.96875000E-01
 9.61353600E-05
-1.48368388E-03
-2.91954251E-05
 0.00000000E+00
 0.00000000E+00
 7.81250000E-01
 2.50000000E-01
 8.12500000E-01
 1.25000000E-01
 7.96875000E-01
   4
   1
   1
   1
 3.08313316E+02
 6.93147181E-01
 1.11803399E+00
 5.00000000E-01
 1.54177684E+02
 3.46573590E-01
 5.59016994E-01
 2.50000000E-01
 0.00000000E+00
 0.00000000E+00
 1.25000000E-01
 1.00000000E+00
 6.25000000E-02
 5.00000000E-01
   5
   4
   1
   9
 3.08463841E+02
 8.26678573E-01
 1.14734748E+00
 5.62500000E-01
 3.10563000E-03
-5.15482180E-03
-6.46665355E-04
 0.00000000E+00
 0.00000000E+00
 5.00000000E-01
 6.25000000E-02
 6.25000000E-01
 3.12500000E-02
 5.62500000E-01
   3
   5
   1
   7
 3.07391864E+02
 2.46860078E-01
 1.02364621E+00
 2.18750000E-01
 5.15482180E-03
-4.00320342E-04
-2.27568598E-04
 0.00000000E+00
 0.00000000E+00
 1.87500000E-01
 2.50000000E-01
 2.50000000E-01
 1.25000000E-01
 2.18750000E-01
   2
   8
   1
 117
 3.08089249E+02
 6.10703511E-01
 1.09948968E+00
 4.57031250E-01
 1.82635059E-05
-1.29396237E-05
-2.87002986E-06
 0.00000000E+00
 0.00000000E+00
 4.53125000E-01
 5.00000000E-01
 4.60937500E-01
 2.50000000E-01
 4.57031250E-01
   1
   7
   1
   5
 3.05383102E+02
 3.98459085E-02
 1.00076265E+00
 3.90625000E-02
 2.04109973E-02
-3.30502033E-05
-3.04474016E-05
 0.00000000E+00
 0.00000000E+00
 3.12500000E-02
 1.00000000E+00
 4.68750000E-02
 5.00000000E-01
 3.90625000E-02
   2
   7
   3
 103
 3.08383704E+02
 1.63315444E+00
 1.28355832E+00
 8.04687500E-01
 2.35660084E-05
-4.00320342E-04
-7.21567773E-06
 0.00000000E+00
 5.00000000E-01
 7.96875000E-01
 1.00000000E+00
 8.12500000E-01
 7.50000000E-01
 8.04687500E-01
   5
   4
  31
  15
 3.08414181E+02
 2.77258872E+00
 1.37073201E+00
 9.37500000E-01
 7.71184659E+01
 8.66433976E-01
 3.53173950E-01
 2.50000000E-01
 9.37500000E-01
 8.75000000E-01
 1.00000000E+00
 1.00000000E+00
 9.68750000E-01
 9.37500000E-01
   1
   8
   1
 193
 3.08477207E+02
 1.40204272E+00
 1.25234765E+00
 7.53906250E-01
 1.34233592E-05
-1.25992189E-04
-3.88433088E-06
 0.00000000E+00
 0.00000000E+00
 7.50000000E-01
 1.00000000E+00
 7.57812500E-01
 5.00000000E-01
 7.53906250E-01
   3
   7
   1
 121
 3.08991647E+02
 2.90612011E+00
 1.37608711E+00
 9.45312500E-01
 1.70759195E-05
-5.15482180E-03
-5.85581100E-06
 0.00000000E+00
 0.00000000E+00
 9.37500000E-01
 2.50000000E-01
 9.53125000E-01
 1.25000000E-01
 9.45312500E-01
   6
   4
   1
   5
 3.07839704E+02
 3.74693449E-01
 1.04769091E+00
 3.12500000E-01
 1.02054986E-02
-2.07470070E-03
-8.48761947E-04
 0.00000000E+00
 0.00000000E+00
 2.50000000E-01
 3.12500000E-02
 3.75000000E-01
 1.56250000E-02
 3.12500000E-01
   1
   9
   1
  37
 3.06004512E+02
 7.50098210E-02
 1.00260776E+00
 7.22656250E-02
 3.65363553E-04
-2.21607139E-06
-1.89250265E-06
 0.00000000E+00
 0.00000000E+00
 7.03125000E-02
 1.00000000E+00
 7.42187500E-02
 5.00000000E-01
 7.22656250E-02
   4
   4
   1
  15
 3.09023936E+02
 2.77258872E+00
 1.37073201E+00
 9.37500000E-01
 7.72866742E+01
 8.66433976E-01
 3.53173950E-01
 2.50000000E-01
 0.00000000E+00
 8.75000000E-01
 1.25000000E-01
 1.00000000E+00
 6.25000000E-02
 9.37500000E-01
   2
   8
   3
 123
 3.07807236E+02
 6.54828316E-01
 1.10943689E+00
 4.80468750E-01
 1.65251019E-05
-1.41334766E-05
-2.79352256E-06
 0.00000000E+00
 5.00000000E-01
 4.76562500E-01
 1.00000000E+00
 4.84375000E-01
 7.50000000E-01
 4.80468750E-01
   3
   7
   7
   1
 3.03515494E+02
 7.84317746E-03
 1.00003052E+00
 7.81250000E-03
 7.56841945E+01
-1.55005115E-05
 2.49984743E-01
 0.00000000E+00
 7.50000000E-01
 0.00000000E+00
 1.00000000E+00
 1.56250000E-02
 8.75000000E-01
 7.81250000E-03
   2
   8
   1
 141
 3.08293409E+02
 8.00245316E-01
 1.14164793E+00
 5.50781250E-01
 1.25751363E-05
-1.89043064E-05
-2.56367938E-06
 0.00000000E+00
 0.00000000E+00
 5.46875000E-01
 5.00000000E-01
 5.54687500E-01
 2.50000000E-01
 5.50781250E-01
   5
   4
   1
  13
 3.08878430E+02
 1.67397643E+00
 1.28847051E+00
 8.12500000E-01
 1.48368388E-03
-2.94457589E-02
-4.56802645E-04
 0.00000000E+00
 0.00000000E+00
 7.50000000E-01
 6.25000000E-02
 8.75000000E-01
 3.12500000E-02
 8.12500000E-01
   3
   5
   1
   9
 3.07654895E+02
 3.30241687E-01
 1.03879813E+00
 2.81250000E-01
 3.10563000E-03
-4.73037038E-04
-2.17763118E-04
 0.00000000E+00
 0.00000000E+00
 2.50000000E-01
 2.50000000E-01
 3.12500000E-01
 1.25000000E-01
 2.81250000E-01
   1
   7
   1
  53
 3.07814251E+02
 5.34542150E-01
 1.08233440E+00
 4.14062500E-01
 1.78030979E-04
-8.88967911E-05
-2.40693389E-05
 0.00000000E+00
 0.00000000E+00
 4.06250000E-01
 1.00000000E+00
 4.21875000E-01
 5.00000000E-01
 4.14062500E-01
   1
   8
   1
 217
 3.08611988E+02
 1.88161580E+00
 1.31092377E+00
 8.47656250E-01
 1.06183038E-05
-3.28839209E-04
-3.38656032E-06
 0.00000000E+00
 0.00000000E+00
 8.43750000E-01
 1.00000000E+00
 8.51562500E-01
 5.00000000E-01
 8.47656250E-01
   1
   6
   1
  11
 3.06889603E+02
 1.88591170E-01
 1.01466301E+00
 1.71875000E-01
 4.14940141E-03
-1.78030979E-04
-1.16848334E-04
 0.00000000E+00
 0.00000000E+00
 1.56250000E-01
 1.00000000E+00
 1.87500000E-01
 5.00000000E-01
 1.71875000E-01
   1
   9
   1
  49
 3.06289808E+02
 1.00597571E-01
 1.00456911E+00
 9.57031250E-02
 2.08289942E-04
-2.33243224E-06
-1.88143941E-06
 0.00000000E+00
 0.00000000E+00
 9.37500000E-02
 1.00000000E+00
 9.76562500E-02
 5.00000000E-01
 9.57031250E-02
   2
   8
   3
 147
 3.08003058E+02
 8.53829562E-01
 1.15313797E+00
 5.74218750E-01
 1.15695212E-05
-2.10428854E-05
-2.48780629E-06
 0.00000000E+00
 5.00000000E-01
 5.70312500E-01
 1.00000000E+00
 5.78125000E-01
 7.50000000E-01
 5.74218750E-01
   6
   4
   1
   9
 3.08474354E+02
 8.26678573E-01
 1.14734748E+00
 5.62500000E-01
 3.10563000E-03
-5.15482180E-03
-6.46665355E-04
 0.00000000E+00
 0.00000000E+00
 5.00000000E-01
 3.12500000E-02
 6.25000000E-01
 1.56250000E-02
 5.62500000E-01
   6
   4
  63
   1
 3.05531596E+02
 6.45385211E-02
 1.00195122E+00
 6.25000000E-02
 7.62040549E+01
-1.11358759E-03
 2.49030056E-01
 0.00000000E+00
 9.68750000E-01
 0.00000000E+00
 1.00000000E+00
 1.25000000E-01
 9.84375000E-01
 6.25000000E-02
   1
   9
   1
 299
 3.08189961E+02
 8.77032459E-01
 1.15803184E+00
 5.83984375E-01
 5.59280988E-06
-1.10208625E-05
-1.22819878E-06
 0.00000000E+00
 0.00000000E+00
 5.82031250E-01
 1.00000000E+00
 5.85937500E-01
 5.00000000E-01
 5.83984375E-01
   3
   7
   7
  49
 3.07477609E+02
 4.82582411E-01
 1.07076861E+00
 3.82812500E-01
 1.04144971E-04
-4.00608926E-05
-1.24288542E-05
 0.00000000E+00
 7.50000000E-01
 3.75000000E-01
 1.00000000E+00
 3.90625000E-01
 8.75000000E-01
 3.82812500E-01
   2
   8
   1
 165
 3.08468168E+02
 1.03431794E+00
 1.18971448E+00
 6.44531250E-01
 9.18290493E-06
-3.01914136E-05
-2.26533476E-06
 0.00000000E+00
 0.00000000E+00
 6.40625000E-01
 5.00000000E-01
 6.48437500E-01
 2.50000000E-01
 6.44531250E-01
   2
   6
   3
  17
 3.07174286E+02
 3.08735482E-01
 1.03467707E+00
 2.65625000E-01
 8.66551994E-04
-1.13199006E-04
-5.50996684E-05
 0.00000000E+00
 5.00000000E-01
 2.50000000E-01
 1.00000000E+00
 2.81250000E-01
 7.50000000E-01
 2.65625000E-01
   1
   7
   1
 101
 3.08529375E+02
 1.55619340E+00
 1.27382088E+00
 7.89062500E-01
 4.90172049E-05
-6.86341906E-04
-1.47648394E-05
 0.00000000E+00
 0.00000000E+00
 7.81250000E-01
 1.00000000E+00
 7.96875000E-01
 5.00000000E-01
 7.89062500E-01
   3
   6
   7
   3
 3.05314576E+02
 4.80092192E-02
 1.00109803E+00
 4.68750000E-02
 2.94457589E-02
-6.71952699E-05
-6.08308778E-05
 0.00000000E+00
 7.50000000E-01
 3.12500000E-02
 1.00000000E+00
 6.25000000E-02
 8.75000000E-01
 4.68750000E-02
   3
   6
   1
  53
 3.08837329E+02
 1.76098781E+00
 1.29838015E+00
 8.28125000E-01
 8.90154896E-05
-2.07470070E-03
-2.78862885E-05
 0.00000000E+00
 0.00000000E+00
 8.12500000E-01
 2.50000000E-01
 8.43750000E-01
 1.25000000E-01
 8.28125000E-01
   1
   8
   1
 241
 3.08734462E+02
 2.83712724E+00
 1.37340661E+00
 9.41406250E-01
 8.60874121E-06
-2.22717517E-03
-2.94505802E-06
 0.00000000E+00
 0.00000000E+00
 9.37500000E-01
 1.00000000E+00
 9.45312500E-01
 5.00000000E-01
 9.41406250E-01
   4
   2
  15
   3
 3.08176916E+02
 1.38629436E+00
 1.25000000E+00
 7.50000000E-01
 7.71467981E+01
 5.19860385E-01
 3.45491503E-01
 2.50000000E-01
 8.75000000E-01
 5.00000000E-01
 1.00000000E+00
 1.00000000E+00
 9.37500000E-01
 7.50000000E-01
   3
   5
   1
  11
 3.07867281E+02
 4.21213465E-01
 1.05743277E+00
 3.43750000E-01
 2.07470070E-03
-5.67537134E-04
-2.06460523E-04
 0.00000000E+00
 0.00000000E+00
 3.12500000E-01
 2.50000000E-01
 3.75000000E-01
 1.25000000E-01
 3.43750000E-01
   1
   9
   1
  61
 3.06513255E+02
 1.26857286E-01
 1.00707224E+00
 1.19140625E-01
 1.34390540E-04
-2.45820438E-06
-1.86744506E-06
 0.00000000E+00
 0.00000000E+00
 1.17187500E-01
 1.00000000E+00
 1.21093750E-01
 5.00000000E-01
 1.19140625E-01
   2
   8
   3
 171
 3.08171863E+02
 1.10252619E+00
 1.20257318E+00
 6.67968750E-01
 8.54978543E-06
-3.46044710E-05
-2.19344202E-06
 0.00000000E+00
 5.00000000E-01
 6.64062500E-01
 1.00000000E+00
 6.71875000E-01
 7.50000000E-01
 6.67968750E-01
   1
   8
   1
   3
 3.04174004E+02
 1.17879558E-02
 1.00006866E+00
 1.17187500E-02
 5.88915178E-02
-7.81146254E-06
-7.62779412E-06
 0.00000000E+00
 0.00000000E+00
 7.81250000E-03
 1.00000000E+00
 1.56250000E-02
 5.00000000E-01
 1.17187500E-02
   1
   3
   1
   1
 3.06562362E+02
 1.33531393E-01
 1.00778222E+00
 1.25000000E-01
 1.52922892E+02
-1.03096436E-02
 4.92394015E-01
 0.00000000E+00
 0.00000000E+00
 0.00000000E+00
 1.00000000E+00
 2.50000000E-01
 5.00000000E-01
 1.25000000E-01
   1
   9
   1
 311
 3.08233704E+02
 9.35019717E-01
 1.17002621E+00
 6.07421875E-01
 5.16953475E-06
-1.23760845E-05
-1.19081258E-06
 0.00000000E+00
 0.00000000E+00
 6.05468750E-01
 1.00000000E+00
 6.09375000E-01
 5.00000000E-01
 6.07421875E-01
   3
   7
   7
  97
 3.08230795E+02
 1.41804306E+00
 1.25470307E+00
 7.57812500E-01
 2.65717173E-05
-2.60281127E-04
-7.72503862E-06
 0.00000000E+00
 7.50000000E-01
 7.50000000E-01
 1.00000000E+00
 7.65625000E-01
 8.75000000E-01
 7.57812500E-01
   2
   8
   1
 189
 3.08621544E+02
 1.34048483E+00
 1.24300410E+00
 7.38281250E-01
 6.99878211E-06
-5.56978949E-05
-1.98629253E-06
 0.00000000E+00
 0.00000000E+00
 7.34375000E-01
 5.00000000E-01
 7.42187500E-01
 2.50000000E-01
 7.38281250E-01
   6
   4
   1
  13
 3.08888943E+02
 1.67397643E+00
 1.28847051E+00
 8.12500000E-01
 1.48368388E-03
-2.94457589E-02
-4.56802645E-04
 0.00000000E+00
 0.00000000E+00
 7.50000000E-01
 3.12500000E-02
 8.75000000E-01
 1.56250000E-02
 8.12500000E-01
   6
   4
  63
   5
 3.07187897E+02
 3.74693449E-01
 1.04769091E+00
 3.12500000E-01
 1.02054986E-02
-2.07470070E-03
-8.48761947E-04
 0.00000000E+00
 9.68750000E-01
 2.50000000E-01
 1.00000000E+00
 3.75000000E-01
 9.84375000E-01
 3.12500000E-01
   3
   2
   1
   1
 3.07531254E+02
 2.87682072E-01
 1.03077641E+00
 2.50000000E-01
 7.67188368E+01
-2.94457589E-02
 2.35879706E-01
 0.00000000E+00
 0.00000000E+00
 0.00000000E+00
 2.50000000E-01
 5.00000000E-01
 1.25000000E-01
 2.50000000E-01
   2
   7
   3
   9
 3.05808538E+02
 7.29067708E-02
 1.00246888E+00
 7.03125000E-02
 3.10563000E-03
-1.76547438E-05
-1.51461043E-05
 0.00000000E+00
 5.00000000E-01
 6.25000000E-02
 1.00000000E+00
 7.81250000E-02
 7.50000000E-01
 7.03125000E-02
   3
   7
   1
  27
 3.07354032E+02
 2.36909747E-01
 1.02200520E+00
 2.10937500E-01
 3.43170953E-04
-2.45086025E-05
-1.42940652E-05
 0.00000000E+00
 0.00000000E+00
 2.03125000E-01
 2.50000000E-01
 2.18750000E-01
 1.25000000E-01
 2.10937500E-01
   1
   9
   1
  73
 3.06697234E+02
 1.53825212E-01
 1.01011312E+00
 1.42578125E-01
 9.38350383E-05
-2.59443079E-06
-1.85063033E-06
 0.00000000E+00
 0.00000000E+00
 1.40625000E-01
 1.00000000E+00
 1.44531250E-01
 5.00000000E-01
 1.42578125E-01
   2
   8
   3
 195
 3.08320773E+02
 1.43430358E+00
 1.25706621E+00
 7.61718750E-01
 6.57470844E-06
-6.71952699E-05
-1.92037701E-06
 0.00000000E+00
 5.00000000E-01
 7.57812500E-01
 1.00000000E+00
 7.65625000E-01
 7.50000000E-01
 7.61718750E-01
   2
   7
   1
  45
 3.07807114E+02
 4.33189656E-01
 1.05999820E+00
 3.51562500E-01
 1.23487283E-04
-3.62923714E-05
-1.28115604E-05
 0.00000000E+00
 0.00000000E+00
 3.43750000E-01
 5.00000000E-01
 3.59375000E-01
 2.50000000E-01
 3.51562500E-01
   3
   5
   1
  13
 3.08046051E+02
 5.21296924E-01
 1.07936975E+00
 4.06250000E-01
 1.48368388E-03
-6.93481721E-04
-1.94134514E-04
 0.00000000E+00
 0.00000000E+00
 3.75000000E-01
 2.50000000E-01
 4.37500000E-01
 1.25000000E-01
 4.06250000E-01
   1
   8
   1
  27
 3.06388802E+02
 1.11455441E-01
 1.00554645E+00
 1.05468750E-01
 6.86341906E-04
-9.53461542E-06
-7.50381499E-06
 0.00000000E+00
 0.00000000E+00
 1.01562500E-01
 1.00000000E+00
 1.09375000E-01
 5.00000000E-01
 1.05468750E-01
   1
   9
   1
 323
 3.08275957E+02
 9.96577610E-01
 1.18236354E+00
 6.30859375E-01
 4.79255431E-06
-1.39975644E-05
-1.15392376E-06
 0.00000000E+00
 0.00000000E+00
 6.28906250E-01
 1.00000000E+00
 6.32812500E-01
 5.00000000E-01
 6.30859375E-01
   2
   8
   1
 213
 3.08758663E+02
 1.78397733E+00
 1.30087509E+00
 8.32031250E-01
 5.51043115E-06
-1.35244796E-04
-1.73282342E-06
 0.00000000E+00
 0.00000000E+00
 8.28125000E-01
 5.00000000E-01
 8.35937500E-01
 2.50000000E-01
 8.32031250E-01
   1
   6
   1
  13
 3.07062515E+02
 2.27057451E-01
 1.02042137E+00
 2.03125000E-01
 2.96736776E-03
-1.92270720E-04
-1.14881742E-04
 0.00000000E+00
 0.00000000E+00
 1.87500000E-01
 1.00000000E+00
 2.18750000E-01
 5.00000000E-01
 2.03125000E-01
   6
   4
  63
   9
 3.07822547E+02
 8.26678573E-01
 1.14734748E+00
 5.62500000E-01
 3.10563000E-03
-5.15482180E-03
-6.46665355E-04
 0.00000000E+00
 9.68750000E-01
 5.00000000E-01
 1.00000000E+00
 6.25000000E-01
 9.84375000E-01
 5.62500000E-01
   2
   7
   3
  57
 3.07724660E+02
 5.89350387E-01
 1.09467037E+00
 4.45312500E-01
 7.69585968E-05
-4.95982543E-05
-1.16323919E-05
 0.00000000E+00
 5.00000000E-01
 4.37500000E-01
 1.00000000E+00
 4.53125000E-01
 7.50000000E-01
 4.45312500E-01
   3
   7
   1
  75
 3.08445979E+02
 8.81738350E-01
 1.15901801E+00
 5.85937500E-01
 4.44483954E-05
-8.90154896E-05
-9.80055981E-06
 0.00000000E+00
 0.00000000E+00
 5.78125000E-01
 2.50000000E-01
 5.93750000E-01
 1.25000000E-01
 5.85937500E-01
   1
   9
   1
  85
 3.06853819E+02
 1.81540612E-01
 1.01368693E+00
 1.66015625E-01
 6.92089420E-05
-2.74230304E-06
-1.83112586E-06
 0.00000000E+00
 0.00000000E+00
 1.64062500E-01
 1.00000000E+00
 1.67968750E-01
 5.00000000E-01
 1.66015625E-01
   2
   8
   3
 219
 3.08454419E+02
 1.93425953E+00
 1.31598890E+00
 8.55468750E-01
 5.21262297E-06
-1.82681776E-04
-1.67380347E-06
 0.00000000E+00
 5.00000000E-01
 8.51562500E-01
 1.00000000E+00
 8.59375000E-01
 7.50000000E-01
 8.55468750E-01
   2
   7
   1
  93
 3.08603347E+02
 1.29668220E+00
 1.23607972E+00
 7.26562500E-01
 2.89067469E-05
-2.04164977E-04
-8.07948696E-06
 0.00000000E+00
 0.00000000E+00
 7.18750000E-01
 5.00000000E-01
 7.34375000E-01
 2.50000000E-01
 7.26562500E-01
   2
   6
   3
  19
 3.07291370E+02
 3.52220594E-01
 1.04313698E+00
 2.96875000E-01
 6.93481720E-04
-1.23487283E-04
-5.37701857E-05
 0.00000000E+00
 5.00000000E-01
 2.81250000E-01
 1.00000000E+00
 3.12500000E-01
 7.50000000E-01
 2.96875000E-01
   1
   8
   1
  51
 3.07042365E+02
 2.22167465E-01
 1.01965097E+00
 1.99218750E-01
 1.92270719E-04
-1.18978215E-05
-7.19671274E-06
 0.00000000E+00
 0.00000000E+00
 1.95312500E-01
 1.00000000E+00
 2.03125000E-01
 5.00000000E-01
 1.99218750E-01
   3
   6
   7
   5
 3.05831259E+02
 8.13456395E-02
 1.00304712E+00
 7.81250000E-02
 1.02054986E-02
-7.18287607E-05
-6.04770385E-05
 0.00000000E+00
 7.50000000E-01
 6.25000000E-02
 1.00000000E+00
 9.37500000E-02
 8.75000000E-01
 7.81250000E-02
   1
   9
   1
 335
 3.08316828E+02
 1.06217489E+00
 1.19503322E+00
 6.54296875E-01
 4.45535522E-06
-1.59599087E-05
-1.11761003E-06
 0.00000000E+00
 0.00000000E+00
 6.52343750E-01
 1.00000000E+00
 6.56250000E-01
 5.00000000E-01
 6.54296875E-01
   3
   6
   1
  55
 3.08880228E+02
 1.96165851E+00
 1.31853153E+00
 8.59375000E-01
 8.26582913E-05
-3.10563000E-03
-2.66272086E-05
 0.00000000E+00
 0.00000000E+00
 8.43750000E-01
 2.50000000E-01
 8.75000000E-01
 1.25000000E-01
 8.59375000E-01
   2
   8
   1
 237
 3.08883004E+02
 2.60073847E+00
 1.36274389E+00
 9.25781250E-01
 4.45089336E-06
-6.93481721E-04
-1.50736529E-06
 0.00000000E+00
 0.00000000E+00
 9.21875000E-01
 5.00000000E-01
 9.29687500E-01
 2.50000000E-01
 9.25781250E-01
   3
   5
   1
  15
 3.08200868E+02
 6.32522559E-01
 1.10441232E+00
 4.68750000E-01
 1.11358759E-03
-8.66551994E-04
-1.81233163E-04
 0.00000000E+00
 0.00000000E+00
 4.37500000E-01
 2.50000000E-01
 5.00000000E-01
 1.25000000E-01
 4.68750000E-01
   1
   7
   1
   7
 3.05722503E+02
 5.62397183E-02
 1.00149424E+00
 5.46875000E-02
 1.03096436E-02
-3.41518391E-05
-3.03807284E-05
 0.00000000E+00
 0.00000000E+00
 4.68750000E-02
 1.00000000E+00
 6.25000000E-02
 5.00000000E-01
 5.46875000E-02
   2
   7
   3
 105
 3.08405865E+02
 1.71653605E+00
 1.29341123E+00
 8.20312500E-01
 2.26767655E-05
-4.73037038E-04
-7.05203075E-06
 0.00000000E+00
 5.00000000E-01
 8.12500000E-01
 1.00000000E+00
 8.28125000E-01
 7.50000000E-01
 8.20312500E-01
   3
   7
   1
 123
 3.09010970E+02
 3.24259235E+00
 1.38686729E+00
 9.60937500E-01
 1.65251016E-05
-1.02054986E-02
-5.72031809E-06
 0.00000000E+00
 0.00000000E+00
 9.53125000E-01
 2.50000000E-01
 9.68750000E-01
 1.25000000E-01
 9.60937500E-01
   1
   9
   1
  97
 3.06990272E+02
 2.10046105E-01
 1.01778804E+00
 1.89453125E-01
 5.31434342E-05
-2.90318741E-06
-1.80907981E-06
 0.00000000E+00
 0.00000000E+00
 1.87500000E-01
 1.00000000E+00
 1.91406250E-01
 5.00000000E-01
 1.89453125E-01
   6
   4
  63
  13
 3.08237135E+02
 1.67397643E+00
 1.28847051E+00
 8.12500000E-01
 1.48368388E-03
-2.94457589E-02
-4.56802645E-04
 0.00000000E+00
 9.68750000E-01
 7.50000000E-01
 1.00000000E+00
 8.75000000E-01
 9.84375000E-01
 8.12500000E-01
   2
   8
   3
 243
 3.08575982E+02
 2.98022809E+00
 1.37877345E+00
 9.49218750E-01
 4.23380794E-06
-1.48368388E-03
-1.45540054E-06
 0.00000000E+00
 5.00000000E-01
 9.45312500E-01
 1.00000000E+00
 9.53125000E-01
 7.50000000E-01
 9.49218750E-01
   1
   8
   1
  75
 3.07445601E+02
 3.46680413E-01
 1.04203200E+00
 2.92968750E-01
 8.88967911E-05
-1.52622823E-05
-6.74288858E-06
 0.00000000E+00
 0.00000000E+00
 2.89062500E-01
 1.00000000E+00
 2.96875000E-01
 5.00000000E-01
 2.92968750E-01
   1
   9
   1
 347
 3.08356416E+02
 1.13237915E+00
 1.20802479E+00
 6.77734375E-01
 4.15253089E-06
-1.83658102E-05
-1.08193884E-06
 0.00000000E+00
 0.00000000E+00
 6.75781250E-01
 1.00000000E+00
 6.79687500E-01
 5.00000000E-01
 6.77734375E-01
   2
   8
   3
   5
 3.04518085E+02
 1.97245053E-02
 1.00019072E+00
 1.95312500E-02
 1.02054986E-02
-3.96822247E-06
-3.81250101E-06
 0.00000000E+00
 5.00000000E-01
 1.56250000E-02
 1.00000000E+00
 2.34375000E-02
 7.50000000E-01
 1.95312500E-02
   3
   7
   7
   3
 3.04617035E+02
 2.37165266E-02
 1.00027462E+00
 2.34375000E-02
 2.94457589E-02
-1.60005120E-05
-1.52459930E-05
 0.00000000E+00
 7.50000000E-01
 1.56250000E-02
 1.00000000E+00
 3.12500000E-02
 8.75000000E-01
 2.34375000E-02
   2
   8
   1
  23
 3.06393739E+02
 9.41389909E-02
 1.00402784E+00
 8.98437500E-02
 4.73037038E-04
-4.60502685E-06
-3.76895747E-06
 0.00000000E+00
 0.00000000E+00
 8.59375000E-02
 5.00000000E-01
 9.37500000E-02
 2.50000000E-01
 8.98437500E-02
   3
   5
   1
  17
 3.08337747E+02
 7.57685702E-01
 1.13235443E+00
 5.31250000E-01
 8.66551994E-04
-1.11358759E-03
-1.68151667E-04
 0.00000000E+00
 0.00000000E+00
 5.00000000E-01
 2.50000000E-01
 5.62500000E-01
 1.25000000E-01
 5.31250000E-01
   1
   7
   1
  55
 3.07854222E+02
 5.61570823E-01
 1.08840771E+00
 4.29687500E-01
 1.65316583E-04
-9.38350383E-05
-2.36686779E-05
 0.00000000E+00
 0.00000000E+00
 4.21875000E-01
 1.00000000E+00
 4.37500000E-01
 5.00000000E-01
 4.29687500E-01
   1
   9
   1
 109
 3.07111302E+02
 2.39388063E-01
 1.02241010E+00
 2.12890625E-01
 4.20857707E-05
-3.07865660E-06
-1.78465542E-06
 0.00000000E+00
 0.00000000E+00
 2.10937500E-01
 1.00000000E+00
 2.14843750E-01
 5.00000000E-01
 2.12890625E-01
   1
   6
   1
  15
 3.07211474E+02
 2.67062785E-01
 1.02709865E+00
 2.34375000E-01
 2.22717517E-03
-2.08289943E-04
-1.12656173E-04
 0.00000000E+00
 0.00000000E+00
 2.18750000E-01
 1.00000000E+00
 2.50000000E-01
 5.00000000E-01
 2.34375000E-01
   1
   8
   1
  99
 3.07740806E+02
 4.88931639E-01
 1.07217134E+00
 3.86718750E-01
 5.10178052E-05
-2.02852101E-05
-6.19009027E-06
 0.00000000E+00
 0.00000000E+00
 3.82812500E-01
 1.00000000E+00
 3.90625000E-01
 5.00000000E-01
 3.86718750E-01
   1
   9
   1
 359
 3.08394807E+02
 1.20788670E+00
 1.22132797E+00
 7.01171875E-01
 3.87956283E-06
-2.13597625E-05
-1.04696788E-06
 0.00000000E+00
 0.00000000E+00
 6.99218750E-01
 1.00000000E+00
 7.03125000E-01
 5.00000000E-01
 7.01171875E-01
   2
   8
   3
  29
 3.06293517E+02
 1.20227427E-01
 1.00639587E+00
 1.13281250E-01
 2.97442034E-04
-4.85168402E-06
-3.74241558E-06
 0.00000000E+00
 5.00000000E-01
 1.09375000E-01
 1.00000000E+00
 1.17187500E-01
 7.50000000E-01
 1.13281250E-01
   3
   7
   7
  51
 3.07520544E+02
 5.08224842E-01
 1.07645364E+00
 3.98437500E-01
 9.61353597E-05
-4.21691829E-05
-1.22329803E-05
 0.00000000E+00
 7.50000000E-01
 3.90625000E-01
 1.00000000E+00
 4.06250000E-01
 8.75000000E-01
 3.98437500E-01
   2
   8
   1
  47
 3.07125966E+02
 2.02843193E-01
 1.01671366E+00
 1.83593750E-01
 1.13199006E-04
-5.72337771E-06
-3.62963339E-06
 0.00000000E+00
 0.00000000E+00
 1.79687500E-01
 5.00000000E-01
 1.87500000E-01
 2.50000000E-01
 1.83593750E-01
   2
   6
   3
  21
 3.07397311E+02
 3.97682968E-01
 1.05245713E+00
 3.28125000E-01
 5.67537134E-04
-1.35244796E-04
-5.23545599E-05
 0.00000000E+00
 5.00000000E-01
 3.12500000E-01
 1.00000000E+00
 3.43750000E-01
 7.50000000E-01
 3.28125000E-01
   1
   7
   1
 103
 3.08551913E+02
 1.63315444E+00
 1.28355832E+00
 8.04687500E-01
 4.71320168E-05
-8.00640683E-04
-1.44313555E-05
 0.00000000E+00
 0.00000000E+00
 7.96875000E-01
 1.00000000E+00
 8.12500000E-01
 5.00000000E-01
 8.04687500E-01
   3
   6
   7
   7
 3.06173589E+02
 1.15831816E-01
 1.00596366E+00
 1.09375000E-01
 5.15482180E-03
-7.69585969E-05
-5.99526710E-05
 0.00000000E+00
 7.50000000E-01
 9.37500000E-02
 1.00000000E+00
 1.25000000E-01
 8.75000000E-01
 1.09375000E-01
   3
   6
   1
  57
 3.08921804E+02
 2.21297293E+00
 1.33910899E+00
 8.90625000E-01
 7.69585968E-05
-5.15482180E-03
-2.54185160E-05
 0.00000000E+00
 0.00000000E+00
 8.75000000E-01
 2.50000000E-01
 9.06250000E-01
 1.25000000E-01
 8.90625000E-01
   1
   9
   1
 121
 3.07220139E+02
 2.69617065E-01
 1.02754610E+00
 2.36328125E-01
 3.41518392E-05
-3.27052829E-06
-1.75802826E-06
 0.00000000E+00
 0.00000000E+00
 2.34375000E-01
 1.00000000E+00
 2.38281250E-01
 5.00000000E-01
 2.36328125E-01
   3
   5
   1
  19
 3.08460688E+02
 9.00786545E-01
 1.16298713E+00
 5.93750000E-01
 6.93481721E-04
-1.48368388E-03
-1.55216921E-04
 0.00000000E+00
 0.00000000E+00
 5.62500000E-01
 2.50000000E-01
 6.25000000E-01
 1.25000000E-01
 5.93750000E-01
   1
   8
   1
 123
 3.07975445E+02
 6.54828316E-01
 1.10943689E+00
 4.80468750E-01
 3.30502033E-05
-2.82669531E-05
-5.58704512E-06
 0.00000000E+00
 0.00000000E+00
 4.76562500E-01
 1.00000000E+00
 4.84375000E-01
 5.00000000E-01
 4.80468750E-01
   1
   9
   1
 371
 3.08432080E+02
 1.28956473E+00
 1.23493269E+00
 7.24609375E-01
 3.63265173E-06
-2.51502729E-05
-1.01274572E-06
 0.00000000E+00
 0.00000000E+00
 7.22656250E-01
 1.00000000E+00
 7.26562500E-01
 5.00000000E-01
 7.24609375E-01
   2
   8
   3
  53
 3.06914087E+02
 2.31971465E-01
 1.02120612E+00
 2.07031250E-01
 8.90154897E-05
-6.06670954E-06
-3.58194234E-06
 0.00000000E+00
 5.00000000E-01
 2.03125000E-01
 1.00000000E+00
 2.10937500E-01
 7.50000000E-01
 2.07031250E-01
   3
   7
   7
  99
 3.08254133E+02
 1.48473443E+00
 1.26420155E+00
 7.73437500E-01
 2.55089028E-05
-2.97442034E-04
-7.55222159E-06
 0.00000000E+00
 7.50000000E-01
 7.65625000E-01
 1.00000000E+00
 7.81250000E-01
 8.75000000E-01
 7.73437500E-01
   2
   8
   1
  71
 3.07556072E+02
 3.24821619E-01
 1.03774735E+00
 2.77343750E-01
 4.95982543E-05
-7.30470862E-06
-3.41337650E-06
 0.00000000E+00
 0.00000000E+00
 2.73437500E-01
 5.00000000E-01
 2.81250000E-01
 2.50000000E-01
 2.77343750E-01
   1
   9
   1
 133
 3.07319091E+02
 3.00788420E-01
 1.03318836E+00
 2.59765625E-01
 2.82669530E-05
-3.48091242E-06
-1.72938349E-06
 0.00000000E+00
 0.00000000E+00
 2.57812500E-01
 1.00000000E+00
 2.61718750E-01
 5.00000000E-01
 2.59765625E-01
   2
   7
   3
  11
 3.06012138E+02
 8.98563291E-02
 1.00368583E+00
 8.59375000E-02
 2.07470070E-03
-1.82635059E-05
-1.50910809E-05
 0.00000000E+00
 5.00000000E-01
 7.81250000E-02
 1.00000000E+00
 9.37500000E-02
 7.50000000E-01
 8.59375000E-02
   1
   8
   1
 147
 3.08171267E+02
 8.53829562E-01
 1.15313797E+00
 5.74218750E-01
 2.31390424E-05
-4.20857708E-05
-4.97561258E-06
 0.00000000E+00
 0.00000000E+00
 5.70312500E-01
 1.00000000E+00
 5.78125000E-01
 5.00000000E-01
 5.74218750E-01
   3
   7
   1
  29
 3.07428420E+02
 2.56910414E-01
 1.02534412E+00
 2.26562500E-01
 2.97442034E-04
-2.55089026E-05
-1.41548857E-05
 0.00000000E+00
 0.00000000E+00
 2.18750000E-01
 2.50000000E-01
 2.34375000E-01
 1.25000000E-01
 2.26562500E-01
   1
   9
   1
 383
 3.08468307E+02
 1.37851222E+00
 1.24882910E+00
 7.48046875E-01
 3.40858355E-06
-3.00471741E-05
-9.79312416E-07
 0.00000000E+00
 0.00000000E+00
 7.46093750E-01
 1.00000000E+00
 7.50000000E-01
 5.00000000E-01
 7.48046875E-01
   2
   7
   1
  47
 3.07853528E+02
 4.57581109E-01
 1.06528243E+00
 3.67187500E-01
 1.13199006E-04
-3.81068517E-05
-1.26218613E-05
 0.00000000E+00
 0.00000000E+00
 3.59375000E-01
 5.00000000E-01
 3.75000000E-01
 2.50000000E-01
 3.67187500E-01
   3
   5
   1
  21
 3.08572488E+02
 1.06784063E+00
 1.19610370E+00
 6.56250000E-01
 5.67537134E-04
-2.07470070E-03
-1.42682579E-04
 0.00000000E+00
 0.00000000E+00
 6.25000000E-01
 2.50000000E-01
 6.87500000E-01
 1.25000000E-01
 6.56250000E-01
   2
   8
   3
  77
 3.07305174E+02
 3.57791639E-01
 1.04425541E+00
 3.00781250E-01
 4.21691830E-05
-7.80262480E-06
-3.34995511E-06
 0.00000000E+00
 5.00000000E-01
 2.96875000E-01
 1.00000000E+00
 3.04687500E-01
 7.50000000E-01
 3.00781250E-01
   1
   6
   1
  17
 3.07342495E+02
 3.08735482E-01
 1.03467707E+00
 2.65625000E-01
 1.73310399E-03
-2.26398012E-04
-1.10199337E-04
 0.00000000E+00
 0.00000000E+00
 2.50000000E-01
 1.00000000E+00
 2.81250000E-01
 5.00000000E-01
 2.65625000E-01
   2
   8
   1
  95
 3.07864843E+02
 4.63773079E-01
 1.06663516E+00
 3.71093750E-01
 2.77023660E-05
-9.64487568E-06
-3.14348804E-06
 0.00000000E+00
 0.00000000E+00
 3.67187500E-01
 5.00000000E-01
 3.75000000E-01
 2.50000000E-01
 3.71093750E-01
   1
   9
   1
 145
 3.07409869E+02
 3.32962777E-01
 1.03932863E+00
 2.83203125E-01
 2.37817784E-05
-3.71226942E-06
-1.69891309E-06
 0.00000000E+00
 0.00000000E+00
 2.81250000E-01
 1.00000000E+00
 2.85156250E-01
 5.00000000E-01
 2.83203125E-01
   2
   7
   3
  59
 3.07762075E+02
 6.17923759E-01
 1.10111915E+00
 4.60937500E-01
 7.18287607E-05
-5.25154923E-05
-1.14292162E-05
 0.00000000E+00
 5.00000000E-01
 4.53125000E-01
 1.00000000E+00
 4.68750000E-01
 7.50000000E-01
 4.60937500E-01
   1
   8
   1
 171
 3.08340072E+02
 1.10252619E+00
 1.20257318E+00
 6.67968750E-01
 1.70995708E-05
-6.92089419E-05
-4.38688404E-06
 0.00000000E+00
 0.00000000E+00
 6.64062500E-01
 1.00000000E+00
 6.71875000E-01
 5.00000000E-01
 6.67968750E-01
   3
   7
   1
  77
 3.08475225E+02
 9.20204631E-01
 1.16699505E+00
 6.01562500E-01
 4.21691829E-05
-9.61353598E-05
-9.60095931E-06
 0.00000000E+00
 0.00000000E+00
 5.93750000E-01
 2.50000000E-01
 6.09375000E-01
 1.25000000E-01
 6.01562500E-01
   1
   9
   1
 395
 3.08503551E+02
 1.47615069E+00
 1.26300758E+00
 7.71484375E-01
 3.20462499E-06
-3.65270117E-05
-9.46700134E-07
 0.00000000E+00
 0.00000000E+00
 7.69531250E-01
 1.00000000E+00
 7.73437500E-01
 5.00000000E-01
 7.71484375E-01
   2
   7
   1
  95
 3.08627553E+02
 1.35552270E+00
 1.24532818E+00
 7.42187500E-01
 2.77023656E-05
-2.29673879E-04
-7.90081575E-06
 0.00000000E+00
 0.00000000E+00
 7.34375000E-01
 5.00000000E-01
 7.50000000E-01
 2.50000000E-01
 7.42187500E-01
   2
   6
   3
  23
 3.07494141E+02
 4.45311017E-01
 1.06261488E+00
 3.59375000E-01
 4.73037038E-04
-1.48765253E-04
-5.08677263E-05
 0.00000000E+00
 5.00000000E-01
 3.43750000E-01
 1.00000000E+00
 3.75000000E-01
 7.50000000E-01
 3.59375000E-01
   3
   6
   7
   9
 3.06430762E+02
 1.51549898E-01
 1.00983929E+00
 1.40625000E-01
 3.10563000E-03
-8.26582914E-05
-5.92652060E-05
 0.00000000E+00
 7.50000000E-01
 1.25000000E-01
 1.00000000E+00
 1.56250000E-01
 8.75000000E-01
 1.40625000E-01
   2
   8
   3
 101
 3.07594063E+02
 5.01752328E-01
 1.07501391E+00
 3.94531250E-01
 2.45086027E-05
-1.04060438E-05
-3.07055837E-06
 0.00000000E+00
 5.00000000E-01
 3.90625000E-01
 1.00000000E+00
 3.98437500E-01
 7.50000000E-01
 3.94531250E-01
   3
   6
   1
  59
 3.08962148E+02
 2.54944517E+00
 1.36009320E+00
 9.21875000E-01
 7.18287607E-05
-1.02054986E-02
-2.42601028E-05
 0.00000000E+00
 0.00000000E+00
 9.06250000E-01
 2.50000000E-01
 9.37500000E-01
 1.25000000E-01
 9.21875000E-01
   3
   5
   1
  23
 3.08675175E+02
 1.26851133E+00
 1.23150378E+00
 7.18750000E-01
 4.73037038E-04
-3.10563000E-03
-1.30732007E-04
 0.00000000E+00
 0.00000000E+00
 6.87500000E-01
 2.50000000E-01
 7.50000000E-01
 1.25000000E-01
 7.18750000E-01
   2
   8
   1
 119
 3.08107663E+02
 6.25196519E-01
 1.10276004E+00
 4.64843750E-01
 1.76547439E-05
-1.33201907E-05
-2.84457154E-06
 0.00000000E+00
 0.00000000E+00
 4.60937500E-01
 5.00000000E-01
 4.68750000E-01
 2.50000000E-01
 4.64843750E-01
   1
   7
   1
   9
 3.05976747E+02
 7.29067708E-02
 1.00246888E+00
 7.03125000E-02
 6.21126000E-03
-3.53094877E-05
-3.02922087E-05
 0.00000000E+00
 0.00000000E+00
 6.25000000E-02
 1.00000000E+00
 7.81250000E-02
 5.00000000E-01
 7.03125000E-02
   1
   9
   1
 157
 3.07493774E+02
 3.66206836E-01
 1.04595816E+00
 3.06640625E-01
 2.02852099E-05
-3.96748251E-06
-1.66681319E-06
 0.00000000E+00
 0.00000000E+00
 3.04687500E-01
 1.00000000E+00
 3.08593750E-01
 5.00000000E-01
 3.06640625E-01
   2
   7
   3
 107
 3.08427662E+02
 1.80750783E+00
 1.30337696E+00
 8.35937500E-01
 2.18369221E-05
-5.67537134E-04
-6.89150493E-06
 0.00000000E+00
 5.00000000E-01
 8.28125000E-01
 1.00000000E+00
 8.43750000E-01
 7.50000000E-01
 8.35937500E-01
   1
   8
   1
 195
 3.08488981E+02
 1.43430358E+00
 1.25706621E+00
 7.61718750E-01
 1.31494169E-05
-1.34390540E-04
-3.84075401E-06
 0.00000000E+00
 0.00000000E+00
 7.57812500E-01
 1.00000000E+00
 7.65625000E-01
 5.00000000E-01
 7.61718750E-01
   3
   7
   1
 125
 3.09030028E+02
 3.75341798E+00
 1.39773900E+00
 9.76562500E-01
 1.60005120E-05
-2.94457589E-02
-5.58787530E-06
 0.00000000E+00
 0.00000000E+00
 9.68750000E-01
 2.50000000E-01
 9.84375000E-01
 1.25000000E-01
 9.76562500E-01
   1
   9
   1
 407
 3.08537872E+02
 1.58436427E+00
 1.27745872E+00
 7.94921875E-01
 3.01843971E-06
-4.53535308E-05
-9.14933842E-07
 0.00000000E+00
 0.00000000E+00
 7.92968750E-01
 1.00000000E+00
 7.96875000E-01
 5.00000000E-01
 7.94921875E-01
   4
   4
  15
   3
 3.06685179E+02
 2.07639365E-01
 1.01742629E+00
 1.87500000E-01
 2.94457589E-02
-1.48368388E-03
-9.26512607E-04
 0.00000000E+00
 8.75000000E-01
 1.25000000E-01
 1.00000000E+00
 2.50000000E-01
 9.37500000E-01
 1.87500000E-01
   2
   8
   3
 125
 3.07824830E+02
 6.69980121E-01
 1.11284257E+00
 4.88281250E-01
 1.60005119E-05
-1.45683401E-05
-2.76795382E-06
 0.00000000E+00
 5.00000000E-01
 4.84375000E-01
 1.00000000E+00
 4.92187500E-01
 7.50000000E-01
 4.88281250E-01
   3
   7
   7
   5
 3.05130790E+02
 3.98459085E-02
 1.00076265E+00
 3.90625000E-02
 1.02054986E-02
-1.65251016E-05
-1.52237008E-05
 0.00000000E+00
 7.50000000E-01
 3.12500000E-02
 1.00000000E+00
 4.68750000E-02
 8.75000000E-01
 3.90625000E-02
   2
   8
   1
 143
 3.08308958E+02
 8.17789626E-01
 1.14543746E+00
 5.58593750E-01
 1.22258356E-05
-1.95794338E-05
-2.53831882E-06
 0.00000000E+00
 0.00000000E+00
 5.54687500E-01
 5.00000000E-01
 5.62500000E-01
 2.50000000E-01
 5.58593750E-01
   2
   4
   3
   1
 3.05689291E+02
 6.45385211E-02
 1.00195122E+00
 6.25000000E-02
 7.62040549E+01
-1.11358759E-03
 2.49030056E-01
 0.00000000E+00
 5.00000000E-01
 0.00000000E+00
 1.00000000E+00
 1.25000000E-01
 7.50000000E-01
 6.25000000E-02
   3
   5
   1
  25
 3.08770273E+02
 1.51982575E+00
 1.26899628E+00
 7.81250000E-01
 4.00320341E-04
-5.15482180E-03
-1.19486244E-04
 0.00000000E+00
 0.00000000E+00
 7.50000000E-01
 2.50000000E-01
 8.12500000E-01
 1.25000000E-01
 7.81250000E-01
   3
   3
   1
   5
 3.08517840E+02
 9.80829253E-01
 1.17924764E+00
 6.25000000E-01
 1.02054986E-02
-2.94457589E-02
-2.38467643E-03
 0.00000000E+00
 0.00000000E+00
 5.00000000E-01
 2.50000000E-01
 7.50000000E-01
 1.25000000E-01
 6.25000000E-01
   1
   7
   1
  57
 3.07892869E+02
 5.89350387E-01
 1.09467037E+00
 4.45312500E-01
 1.53917194E-04
-9.91965086E-05
-2.32647837E-05
 0.00000000E+00
 0.00000000E+00
 4.37500000E-01
 1.00000000E+00
 4.53125000E-01
 5.00000000E-01
 4.45312500E-01
   1
   9
   1
 169
 3.07571821E+02
 4.00594178E-01
 1.05306769E+00
 3.30078125E-01
 1.75066964E-05
-4.24994794E-06
-1.63328143E-06
 0.00000000E+00
 0.00000000E+00
 3.28125000E-01
 1.00000000E+00
 3.32031250E-01
 5.00000000E-01
 3.30078125E-01
   1
   8
   1
 219
 3.08622627E+02
 1.93425953E+00
 1.31598890E+00
 8.55468750E-01
 1.04252456E-05
-3.65363553E-04
-3.34760695E-06
 0.00000000E+00
 0.00000000E+00
 8.51562500E-01
 1.00000000E+00
 8.59375000E-01
 5.00000000E-01
 8.55468750E-01
   2
   6
   1
   1
 3.04630626E+02
 1.57483570E-02
 1.00012206E+00
 1.56250000E-02
 7.60256896E+01
-6.29960946E-05
 2.49938991E-01
 0.00000000E+00
 0.00000000E+00
 0.00000000E+00
 5.00000000E-01
 3.12500000E-02
 2.50000000E-01
 1.56250000E-02
   1
   6
   1
  19
 3.07459578E+02
 3.52220594E-01
 1.04313698E+00
 2.96875000E-01
 1.38696344E-03
-2.46974567E-04
-1.07540371E-04
 0.00000000E+00
 0.00000000E+00
 2.81250000E-01
 1.00000000E+00
 3.12500000E-01
 5.00000000E-01
 2.96875000E-01
   1
   9
   1
 419
 3.08571323E+02
 1.70572513E+00
 1.29217339E+00
 8.18359375E-01
 2.84802115E-06
-5.78134937E-05
-8.84031933E-07
 0.00000000E+00
 0.00000000E+00
 8.16406250E-01
 1.00000000E+00
 8.20312500E-01
 5.00000000E-01
 8.18359375E-01
   5
   3
  31
   7
 3.08333472E+02
 2.07944154E+00
 1.32876823E+00
 8.75000000E-01
 7.71225072E+01
 6.93147181E-01
 3.51884113E-01
 2.50000000E-01
 9.37500000E-01
 7.50000000E-01
 1.00000000E+00
 1.00000000E+00
 9.68750000E-01
 8.75000000E-01
   2
   8
   3
 149
 3.08018037E+02
 8.72348610E-01
 1.15704813E+00
 5.82031250E-01
 1.12610076E-05
-2.18369219E-05
-2.46266950E-06
 0.00000000E+00
 5.00000000E-01
 5.78125000E-01
 1.00000000E+00
 5.85937500E-01
 7.50000000E-01
 5.82031250E-01
   4
   4
  15
   7
 3.07579340E+02
 5.75364145E-01
 1.09151557E+00
 4.37500000E-01
 5.15482180E-03
-3.10563000E-03
-7.50826836E-04
 0.00000000E+00
 8.75000000E-01
 3.75000000E-01
 1.00000000E+00
 5.00000000E-01
 9.37500000E-01
 4.37500000E-01
   3
   7
   7
  53
 3.07561939E+02
 5.34542150E-01
 1.08233440E+00
 4.14062500E-01
 8.90154897E-05
-4.44483955E-05
-1.20346694E-05
 0.00000000E+00
 7.50000000E-01
 4.06250000E-01
 1.00000000E+00
 4.21875000E-01
 8.75000000E-01
 4.14062500E-01
   2
   8
   1
 167
 3.08481681E+02
 1.05654107E+00
 1.19396498E+00
 6.52343750E-01
 8.96426855E-06
-3.15636640E-05
-2.24122721E-06
 0.00000000E+00
 0.00000000E+00
 6.48437500E-01
 5.00000000E-01
 6.56250000E-01
 2.50000000E-01
 6.52343750E-01
   4
   3
   1
   7
 3.08943227E+02
 2.07944154E+00
 1.32876823E+00
 8.75000000E-01
 7.72907155E+01
 6.93147181E-01
 3.51884113E-01
 2.50000000E-01
 0.00000000E+00
 7.50000000E-01
 1.25000000E-01
 1.00000000E+00
 6.25000000E-02
 8.75000000E-01
   2
   6
   3
  25
 3.07583381E+02
 4.95321437E-01
 1.07358646E+00
 3.90625000E-01
 4.00320342E-04
-1.64419605E-04
-4.93243313E-05
 0.00000000E+00
 5.00000000E-01
 3.75000000E-01
 1.00000000E+00
 4.06250000E-01
 7.50000000E-01
 3.90625000E-01
   1
   7
   1
 105
 3.08574073E+02
 1.71653605E+00
 1.29341123E+00
 8.20312500E-01
 4.53535308E-05
-9.46074076E-04
-1.41040615E-05
 0.00000000E+00
 0.00000000E+00
 8.12500000E-01
 1.00000000E+00
 8.28125000E-01
 5.00000000E-01
 8.20312500E-01
   3
   6
   7
  11
 3.06637290E+02
 1.88591170E-01
 1.01466301E+00
 1.71875000E-01
 2.07470070E-03
-8.90154896E-05
-5.84241671E-05
 0.00000000E+00
 7.50000000E-01
 1.56250000E-01
 1.00000000E+00
 1.87500000E-01
 8.75000000E-01
 1.71875000E-01
   1
   9
   1
 181
 3.07644812E+02
 4.36206250E-01
 1.06064758E+00
 3.53515625E-01
 1.52622824E-05
-4.56368856E-06
-1.59851457E-06
 0.00000000E+00
 0.00000000E+00
 3.51562500E-01
 1.00000000E+00
 3.55468750E-01
 5.00000000E-01
 3.53515625E-01
   2
   4
   3
   5
 3.07345592E+02
 3.74693449E-01
 1.04769091E+00
 3.12500000E-01
 1.02054986E-02
-2.07470070E-03
-8.48761947E-04
 0.00000000E+00
 5.00000000E-01
 2.50000000E-01
 1.00000000E+00
 3.75000000E-01
 7.50000000E-01
 3.12500000E-01
   3
   6
   1
  61
 3.09001342E+02
 3.06027079E+00
 1.38146562E+00
 9.53125000E-01
 6.71952697E-05
-2.94457589E-02
-2.31514919E-05
 0.00000000E+00
 0.00000000E+00
 9.37500000E-01
 2.50000000E-01
 9.68750000E-01
 1.25000000E-01
 9.53125000E-01
   5
   3
   1
   3
 3.08023229E+02
 4.70003629E-01
 1.06800047E+00
 3.75000000E-01
 2.94457589E-02
-1.02054986E-02
-3.20236471E-03
 0.00000000E+00
 0.00000000E+00
 2.50000000E-01
 6.25000000E-02
 5.00000000E-01
 3.12500000E-02
 3.75000000E-01
   1
   8
   1
 243
 3.08744191E+02
 2.98022809E+00
 1.37877345E+00
 9.49218750E-01
 8.46761554E-06
-2.96736776E-03
-2.91080109E-06
 0.00000000E+00
 0.00000000E+00
 9.45312500E-01
 1.00000000E+00
 9.53125000E-01
 5.00000000E-01
 9.49218750E-01
   3
   5
   1
  27
 3.08858950E+02
 1.85629799E+00
 1.30840134E+00
 8.43750000E-01
 3.43170953E-04
-1.02054986E-02
-1.09014416E-04
 0.00000000E+00
 0.00000000E+00
 8.12500000E-01
 2.50000000E-01
 8.75000000E-01
 1.25000000E-01
 8.43750000E-01
   1
   9
   1
 431
 3.08603954E+02
 1.84387547E+00
 1.30714268E+00
 8.41796875E-01
 2.69163792E-06
-7.62137034E-05
-8.54006861E-07
 0.00000000E+00
 0.00000000E+00
 8.39843750E-01
 1.00000000E+00
 8.43750000E-01
 5.00000000E-01
 8.41796875E-01
   2
   8
   3
 173
 3.08184956E+02
 1.12633684E+00
 1.20693011E+00
 6.75781250E-01
 8.35324204E-06
-3.62923714E-05
-2.16977327E-06
 0.00000000E+00
 5.00000000E-01
 6.71875000E-01
 1.00000000E+00
 6.79687500E-01
 7.50000000E-01
 6.75781250E-01
   2
   7
   1
   1
 3.03936015E+02
 7.84317746E-03
 1.00003052E+00
 7.81250000E-03
 7.58524028E+01
-1.55005115E-05
 2.49984743E-01
 0.00000000E+00
 0.00000000E+00
 0.00000000E+00
 5.00000000E-01
 1.56250000E-02
 2.50000000E-01
 7.81250000E-03
   1
   8
   1
   5
 3.04686294E+02
 1.97245053E-02
 1.00019072E+00
 1.95312500E-02
 2.04109973E-02
-7.93644495E-06
-7.62500202E-06
 0.00000000E+00
 0.00000000E+00
 1.56250000E-02
 1.00000000E+00
 2.34375000E-02
 5.00000000E-01
 1.95312500E-02
   3
   7
   7
 101
 3.08277063E+02
 1.55619340E+00
 1.27382088E+00
 7.89062500E-01
 2.45086025E-05
-3.43170953E-04
-7.38241972E-06
 0.00000000E+00
 7.50000000E-01
 7.81250000E-01
 1.00000000E+00
 7.96875000E-01
 8.75000000E-01
 7.89062500E-01
   2
   8
   1
 191
 3.08633535E+02
 1.37079017E+00
 1.24766016E+00
 7.46093750E-01
 6.85297618E-06
-5.91786013E-05
-1.96413797E-06
 0.00000000E+00
 0.00000000E+00
 7.42187500E-01
 5.00000000E-01
 7.50000000E-01
 2.50000000E-01
 7.46093750E-01
   4
   4
  15
  11
 3.08078189E+02
 1.16315081E+00
 1.21353049E+00
 6.87500000E-01
 2.07470070E-03
-1.02054986E-02
-5.46665410E-04
 0.00000000E+00
 8.75000000E-01
 6.25000000E-01
 1.00000000E+00
 7.50000000E-01
 9.37500000E-01
 6.87500000E-01
   1
   9
   1
 193
 3.07713399E+02
 4.73133522E-01
 1.06868782E+00
 3.76953125E-01
 1.34233593E-05
-4.91349787E-06
-1.56270631E-06
 0.00000000E+00
 0.00000000E+00
 3.75000000E-01
 1.00000000E+00
 3.78906250E-01
 5.00000000E-01
 3.76953125E-01
   4
   1
  15
   1
 3.07724587E+02
 6.93147181E-01
 1.11803399E+00
 5.00000000E-01
 1.53841268E+02
 3.46573590E-01
 5.59016994E-01
 2.50000000E-01
 8.75000000E-01
 0.00000000E+00
 1.00000000E+00
 1.00000000E+00
 9.37500000E-01
 5.00000000E-01
   2
   7
   3
  13
 3.06182121E+02
 1.07098136E-01
 1.00514424E+00
 1.01562500E-01
 1.48368388E-03
-1.89043064E-05
-1.50254913E-05
 0.00000000E+00
 5.00000000E-01
 9.37500000E-02
 1.00000000E+00
 1.09375000E-01
 7.50000000E-01
 1.01562500E-01
   1
   9
   1
 443
 3.08635809E+02
 2.00421812E+00
 1.32235794E+00
 8.65234375E-01
 2.54779030E-06
-1.05030985E-04
-8.24865748E-07
 0.00000000E+00
 0.00000000E+00
 8.63281250E-01
 1.00000000E+00
 8.67187500E-01
 5.00000000E-01
 8.65234375E-01
   2
   4
   3
   9
 3.07980242E+02
 8.26678573E-01
 1.14734748E+00
 5.62500000E-01
 3.10563000E-03
-5.15482180E-03
-6.46665355E-04
 0.00000000E+00
 5.00000000E-01
 5.00000000E-01
 1.00000000E+00
 6.25000000E-01
 7.50000000E-01
 5.62500000E-01
   3
   3
   7
   1
 3.06310050E+02
 1.33531393E-01
 1.00778222E+00
 1.25000000E-01
 7.63773417E+01
-5.15482180E-03
 2.46197008E-01
 0.00000000E+00
 7.50000000E-01
 0.00000000E+00
 1.00000000E+00
 2.50000000E-01
 8.75000000E-01
 1.25000000E-01
   3
   7
   1
  31
 3.07498040E+02
 2.77319285E-01
 1.02890951E+00
 2.42187500E-01
 2.60281127E-04
-2.65717171E-05
-1.40082536E-05
 0.00000000E+00
 0.00000000E+00
 2.34375000E-01
 2.50000000E-01
 2.50000000E-01
 1.25000000E-01
 2.42187500E-01
   2
   8
   3
 197
 3.08332442E+02
 1.46764000E+00
 1.26181550E+00
 7.69531250E-01
 6.44188759E-06
-7.18287607E-05
-1.89877456E-06
 0.00000000E+00
 5.00000000E-01
 7.65625000E-01
 1.00000000E+00
 7.73437500E-01
 7.50000000E-01
 7.69531250E-01
   2
   7
   1
  49
 3.07898130E+02
 4.82582411E-01
 1.07076861E+00
 3.82812500E-01
 1.04144971E-04
-4.00608926E-05
-1.24288542E-05
 0.00000000E+00
 0.00000000E+00
 3.75000000E-01
 5.00000000E-01
 3.90625000E-01
 2.50000000E-01
 3.82812500E-01
   3
   5
   1
  29
 3.08942125E+02
 2.36712361E+00
 1.34955143E+00
 9.06250000E-01
 2.97442034E-04
-2.94457589E-02
-9.93447118E-05
 0.00000000E+00
 0.00000000E+00
 8.75000000E-01
 2.50000000E-01
 9.37500000E-01
 1.25000000E-01
 9.06250000E-01
   1
   8
   1
  29
 3.06461725E+02
 1.20227427E-01
 1.00639587E+00
 1.13281250E-01
 5.94884068E-04
-9.70336804E-06
-7.48483115E-06
 0.00000000E+00
 0.00000000E+00
 1.09375000E-01
 1.00000000E+00
 1.17187500E-01
 5.00000000E-01
 1.13281250E-01
   7
   3
 127
   1
 3.06231202E+02
 1.33531393E-01
 1.00778222E+00
 1.25000000E-01
 7.63773417E+01
-5.15482180E-03
 2.46197008E-01
 0.00000000E+00
 9.84375000E-01
 0.00000000E+00
 1.00000000E+00
 2.50000000E-01
 9.92187500E-01
 1.25000000E-01
   2
   8
   1
 215
 3.08769473E+02
 1.83160538E+00
 1.30588572E+00
 8.39843750E-01
 5.40838732E-06
-1.48765253E-04
-1.71295358E-06
 0.00000000E+00
 0.00000000E+00
 8.35937500E-01
 5.00000000E-01
 8.43750000E-01
 2.50000000E-01
 8.39843750E-01
   2
   6
   1
   3
 3.05735096E+02
 4.80092192E-02
 1.00109803E+00
 4.68750000E-02
 2.94457589E-02
-6.71952699E-05
-6.08308778E-05
 0.00000000E+00
 0.00000000E+00
 3.12500000E-02
 5.00000000E-01
 6.25000000E-02
 2.50000000E-01
 4.68750000E-02
   1
   6
   1
  21
 3.07565520E+02
 3.97682968E-01
 1.05245713E+00
 3.28125000E-01
 1.13507427E-03
-2.70489593E-04
-1.04709120E-04
 0.00000000E+00
 0.00000000E+00
 3.12500000E-01
 1.00000000E+00
 3.43750000E-01
 5.00000000E-01
 3.28125000E-01
   1
   9
   1
 205
 3.07778112E+02
 5.11476877E-01
 1.07717810E+00
 4.00390625E-01
 1.18978215E-05
-5.30512422E-06
-1.52604532E-06
 0.00000000E+00
 0.00000000E+00
 3.98437500E-01
 1.00000000E+00
 4.02343750E-01
 5.00000000E-01
 4.00390625E-01
   6
   3
   1
   3
 3.08033742E+02
 4.70003629E-01
 1.06800047E+00
 3.75000000E-01
 2.94457589E-02
-1.02054986E-02
-3.20236471E-03
 0.00000000E+00
 0.00000000E+00
 2.50000000E-01
 3.12500000E-02
 5.00000000E-01
 1.56250000E-02
 3.75000000E-01
   4
   4
  15
  15
 3.08435207E+02
 2.77258872E+00
 1.37073201E+00
 9.37500000E-01
 7.71184659E+01
 8.66433976E-01
 3.53173950E-01
 2.50000000E-01
 8.75000000E-01
 8.75000000E-01
 1.00000000E+00
 1.00000000E+00
 9.37500000E-01
 9.37500000E-01
   2
   7
   3
  61
 3.07798341E+02
 6.47337645E-01
 1.10775079E+00
 4.76562500E-01
 6.71952698E-05
-5.56978948E-05
-1.12251838E-05
 0.00000000E+00
 5.00000000E-01
 4.68750000E-01
 1.00000000E+00
 4.84375000E-01
 7.50000000E-01
 4.76562500E-01
   1
   9
   1
 455
 3.08666930E+02
 2.19527336E+00
 1.33781079E+00
 8.88671875E-01
 2.41517301E-06
-1.53917194E-04
-7.96610968E-07
 0.00000000E+00
 0.00000000E+00
 8.86718750E-01
 1.00000000E+00
 8.90625000E-01
 5.00000000E-01
 8.88671875E-01
   3
   7
   1
  79
 3.08503796E+02
 9.60209966E-01
 1.17512570E+00
 6.17187500E-01
 4.00608927E-05
-1.04144971E-04
-9.40305370E-06
 0.00000000E+00
 0.00000000E+00
 6.09375000E-01
 2.50000000E-01
 6.25000000E-01
 1.25000000E-01
 6.17187500E-01
   2
   8
   3
 221
 3.08464974E+02
 1.98982938E+00
 1.32108081E+00
 8.63281250E-01
 5.11870275E-06
-2.04164977E-04
-1.65452373E-06
 0.00000000E+00
 5.00000000E-01
 8.59375000E-01
 1.00000000E+00
 8.67187500E-01
 7.50000000E-01
 8.63281250E-01
   2
   7
   1
  97
 3.08651316E+02
 1.41804306E+00
 1.25470307E+00
 7.57812500E-01
 2.65717171E-05
-2.60281127E-04
-7.72503862E-06
 0.00000000E+00
 0.00000000E+00
 7.50000000E-01
 5.00000000E-01
 7.65625000E-01
 2.50000000E-01
 7.57812500E-01
   2
   6
   3
  27
 3.07666200E+02
 5.47965171E-01
 1.08534719E+00
 4.21875000E-01
 3.43170953E-04
-1.82681776E-04
-4.77384706E-05
 0.00000000E+00
 5.00000000E-01
 4.06250000E-01
 1.00000000E+00
 4.37500000E-01
 7.50000000E-01
 4.21875000E-01
   1
   8
   1
  53
 3.07082295E+02
 2.31971465E-01
 1.02120612E+00
 2.07031250E-01
 1.78030979E-04
-1.21334191E-05
-7.16388467E-06
 0.00000000E+00
 0.00000000E+00
 2.03125000E-01
 1.00000000E+00
 2.10937500E-01
 5.00000000E-01
 2.07031250E-01
   3
   6
   7
  13
 3.06810202E+02
 2.27057451E-01
 1.02042137E+00
 2.03125000E-01
 1.48368388E-03
-9.61353598E-05
-5.74408711E-05
 0.00000000E+00
 7.50000000E-01
 1.87500000E-01
 1.00000000E+00
 2.18750000E-01
 8.75000000E-01
 2.03125000E-01
   2
   4
   3
  13
 3.08394831E+02
 1.67397643E+00
 1.28847051E+00
 8.12500000E-01
 1.48368388E-03
-2.94457589E-02
-4.56802645E-04
 0.00000000E+00
 5.00000000E-01
 7.50000000E-01
 1.00000000E+00
 8.75000000E-01
 7.50000000E-01
 8.12500000E-01
   3
   6
   1
  63
 3.09039461E+02
 4.15888308E+00
 1.40320852E+00
 9.84375000E-01
 7.72856236E+01
 1.21300757E+00
 3.53531299E-01
 2.50000000E-01
 0.00000000E+00
 9.68750000E-01
 2.50000000E-01
 1.00000000E+00
 1.25000000E-01
 9.84375000E-01
   2
   8
   1
 239
 3.08892872E+02
 2.71196410E+00
 1.36806334E+00
 9.33593750E-01
 4.37671235E-06
-8.66551994E-04
-1.48985033E-06
 0.00000000E+00
 0.00000000E+00
 9.29687500E-01
 5.00000000E-01
 9.37500000E-01
 2.50000000E-01
 9.33593750E-01
   3
   5
   1
  31
 3.09020532E+02
 3.46573590E+00
 1.39229184E+00
 9.68750000E-01
 7.72858209E+01
 1.03972077E+00
 3.53462916E-01
 2.50000000E-01
 0.00000000E+00
 9.37500000E-01
 2.50000000E-01
 1.00000000E+00
 1.25000000E-01
 9.68750000E-01
   1
   9
   1
 217
 3.07839393E+02
 5.51349269E-01
 1.08610786E+00
 4.23828125E-01
 1.06183039E-05
-5.74550845E-06
-1.48871351E-06
 0.00000000E+00
 0.00000000E+00
 4.21875000E-01
 1.00000000E+00
 4.25781250E-01
 5.00000000E-01
 4.23828125E-01
   2
   8
   1
   1
 3.03242135E+02
 3.91389932E-03
 1.00000763E+00
 3.90625000E-03
 7.56791160E+01
-3.84470469E-06
 2.49996185E-01
 0.00000000E+00
 0.00000000E+00
 0.00000000E+00
 5.00000000E-01
 7.81250000E-03
 2.50000000E-01
 3.90625000E-03
   1
   7
   1
  11
 3.06180346E+02
 8.98563291E-02
 1.00368583E+00
 8.59375000E-02
 4.14940141E-03
-3.65270117E-05
-3.01821619E-05
 0.00000000E+00
 0.00000000E+00
 7.81250000E-02
 1.00000000E+00
 9.37500000E-02
 5.00000000E-01
 8.59375000E-02
   2
   7
   3
 109
 3.08449110E+02
 1.90759128E+00
 1.31345297E+00
 8.51562500E-01
 2.10428855E-05
-6.93481721E-04
-6.73411805E-06
 0.00000000E+00
 5.00000000E-01
 8.43750000E-01
 1.00000000E+00
 8.59375000E-01
 7.50000000E-01
 8.51562500E-01
   1
   9
   1
 467
 3.08697355E+02
 2.43166214E+00
 1.35349308E+00
 9.12109375E-01
 2.29264720E-06
-2.46974567E-04
-7.69240697E-07
 0.00000000E+00
 0.00000000E+00
 9.10156250E-01
 1.00000000E+00
 9.14062500E-01
 5.00000000E-01
 9.12109375E-01
   3
   7
   1
 127
 3.09048831E+02
 4.85203026E+00
 1.40870012E+00
 9.92187500E-01
 7.72855761E+01
 1.38629436E+00
 3.53547932E-01
 2.50000000E-01
 0.00000000E+00
 9.84375000E-01
 2.50000000E-01
 1.00000000E+00
 1.25000000E-01
 9.92187500E-01
   2
   8
   3
 245
 3.08585644E+02
 3.14728217E+00
 1.38416358E+00
 9.57031250E-01
 4.16496590E-06
-2.07470070E-03
-1.43846410E-06
 0.00000000E+00
 5.00000000E-01
 9.53125000E-01
 1.00000000E+00
 9.60937500E-01
 7.50000000E-01
 9.57031250E-01
   1
   8
   1
  77
 3.07473383E+02
 3.57791639E-01
 1.04425541E+00
 3.00781250E-01
 8.43383657E-05
-1.56052496E-05
-6.69991023E-06
 0.00000000E+00
 0.00000000E+00
 2.96875000E-01
 1.00000000E+00
 3.04687500E-01
 5.00000000E-01
 3.00781250E-01
   2
   8
   3
   7
 3.04856022E+02
 2.77245480E-02
 1.00037377E+00
 2.73437500E-02
 5.15482180E-03
-4.03222555E-06
-3.81040853E-06
 0.00000000E+00
 5.00000000E-01
 2.34375000E-02
 1.00000000E+00
 3.12500000E-02
 7.50000000E-01
 2.73437500E-02
   3
   7
   7
   7
 3.05470191E+02
 5.62397183E-02
 1.00149424E+00
 5.46875000E-02
 5.15482180E-03
-1.70759195E-05
-1.51903642E-05
 0.00000000E+00
 7.50000000E-01
 4.68750000E-02
 1.00000000E+00
 6.25000000E-02
 8.75000000E-01
 5.46875000E-02
   2
   8
   1
  25
 3.06478585E+02
 1.02759734E-01
 1.00475706E+00
 9.76562500E-02
 4.00320342E-04
-4.68511352E-06
-3.76075740E-06
 0.00000000E+00
 0.00000000E+00
 9.37500000E-02
 5.00000000E-01
 1.01562500E-01
 2.50000000E-01
 9.76562500E-02
   1
   7
   1
  59
 3.07930284E+02
 6.17923759E-01
 1.10111915E+00
 4.60937500E-01
 1.43657521E-04
-1.05030985E-04
-2.28584324E-05
 0.00000000E+00
 0.00000000E+00
 4.53125000E-01
 1.00000000E+00
 4.68750000E-01
 5.00000000E-01
 4.60937500E-01
   1
   9
   1
 479
 3.08727120E+02
 2.74181706E+00
 1.36939693E+00
 9.35546875E-01
 2.17921428E-06
-4.59347759E-04
-7.42749428E-07
 0.00000000E+00
 0.00000000E+00
 9.33593750E-01
 1.00000000E+00
 9.37500000E-01
 5.00000000E-01
 9.35546875E-01
   2
   6
   1
   5
 3.06251780E+02
 8.13456395E-02
 1.00304712E+00
 7.81250000E-02
 1.02054986E-02
-7.18287607E-05
-6.04770385E-05
 0.00000000E+00
 0.00000000E+00
 6.25000000E-02
 5.00000000E-01
 9.37500000E-02
 2.50000000E-01
 7.81250000E-02
   1
   6
   1
  23
 3.07662349E+02
 4.45311017E-01
 1.06261488E+00
 3.59375000E-01
 9.46074076E-04
-2.97530506E-04
-1.01735453E-04
 0.00000000E+00
 0.00000000E+00
 3.43750000E-01
 1.00000000E+00
 3.75000000E-01
 5.00000000E-01
 3.59375000E-01
   1
   8
   1
 101
 3.07762272E+02
 5.01752328E-01
 1.07501391E+00
 3.94531250E-01
 4.90172050E-05
-2.08120877E-05
-6.14111675E-06
 0.00000000E+00
 0.00000000E+00
 3.90625000E-01
 1.00000000E+00
 3.98437500E-01
 5.00000000E-01
 3.94531250E-01
   6
   3
  63
   3
 3.07381934E+02
 4.70003629E-01
 1.06800047E+00
 3.75000000E-01
 2.94457589E-02
-1.02054986E-02
-3.20236471E-03
 0.00000000E+00
 9.68750000E-01
 2.50000000E-01
 1.00000000E+00
 5.00000000E-01
 9.84375000E-01
 3.75000000E-01
   2
   8
   3
  31
 3.06361673E+02
 1.29077042E-01
 1.00730517E+00
 1.21093750E-01
 2.60281127E-04
-4.93832038E-06
-3.73228999E-06
 0.00000000E+00
 5.00000000E-01
 1.17187500E-01
 1.00000000E+00
 1.25000000E-01
 7.50000000E-01
 1.21093750E-01
   3
   7
   7
  55
 3.07601909E+02
 5.61570823E-01
 1.08840771E+00
 4.29687500E-01
 8.26582915E-05
-4.69175191E-05
-1.18343389E-05
 0.00000000E+00
 7.50000000E-01
 4.21875000E-01
 1.00000000E+00
 4.37500000E-01
 8.75000000E-01
 4.29687500E-01
   2
   8
   1
  49
 3.07169103E+02
 2.12458651E-01
 1.01815340E+00
 1.91406250E-01
 1.04144971E-04
-5.83450996E-06
-3.61425766E-06
 0.00000000E+00
 0.00000000E+00
 1.87500000E-01
 5.00000000E-01
 1.95312500E-01
 2.50000000E-01
 1.91406250E-01
   2
   6
   3
  29
 3.07743517E+02
 6.03535022E-01
 1.09787170E+00
 4.53125000E-01
 2.97442034E-04
-2.04164977E-04
-4.61234760E-05
 0.00000000E+00
 5.00000000E-01
 4.37500000E-01
 1.00000000E+00
 4.68750000E-01
 7.50000000E-01
 4.53125000E-01
   1
   7
   1
 107
 3.08595870E+02
 1.80750783E+00
 1.30337696E+00
 8.35937500E-01
 4.36738438E-05
-1.13507427E-03
-1.37830099E-05
 0.00000000E+00
 0.00000000E+00
 8.28125000E-01
 1.00000000E+00
 8.43750000E-01
 5.00000000E-01
 8.35937500E-01
   3
   6
   7
  15
 3.06959161E+02
 2.67062785E-01
 1.02709865E+00
 2.34375000E-01
 1.11358759E-03
-1.04144971E-04
-5.63280866E-05
 0.00000000E+00
 7.50000000E-01
 2.18750000E-01
 1.00000000E+00
 2.50000000E-01
 8.75000000E-01
 2.34375000E-01
   1
   9
   1
 491
 3.08756257E+02
 3.19380219E+00
 1.38551472E+00
 9.58984375E-01
 2.07399626E-06
-1.13507427E-03
-7.17128452E-07
 0.00000000E+00
 0.00000000E+00
 9.57031250E-01
 1.00000000E+00
 9.60937500E-01
 5.00000000E-01
 9.58984375E-01
   1
   8
   1
 125
 3.07993039E+02
 6.69980121E-01
 1.11284257E+00
 4.88281250E-01
 3.20010241E-05
-2.91366802E-05
-5.53590764E-06
 0.00000000E+00
 0.00000000E+00
 4.84375000E-01
 1.00000000E+00
 4.92187500E-01
 5.00000000E-01
 4.88281250E-01
   2
   7
   1
   3
 3.05037556E+02
 2.37165266E-02
 1.00027462E+00
 2.34375000E-02
 2.94457589E-02
-1.60005120E-05
-1.52459930E-05
 0.00000000E+00
 0.00000000E+00
 1.56250000E-02
 5.00000000E-01
 3.12500000E-02
 2.50000000E-01
 2.34375000E-02
   1
   9
   1
   3
 3.03479758E+02
 5.87660849E-03
 1.00001717E+00
 5.85937500E-03
 5.88915178E-02
-1.92990210E-06
-1.90724859E-06
 0.00000000E+00
 0.00000000E+00
 3.90625000E-03
 1.00000000E+00
 7.81250000E-03
 5.00000000E-01
 5.85937500E-03
   1
   4
   1
   1
 3.05857499E+02
 6.45385211E-02
 1.00195122E+00
 6.25000000E-02
 1.52576318E+02
-2.22717517E-03
 4.98060112E-01
 0.00000000E+00
 0.00000000E+00
 0.00000000E+00
 1.00000000E+00
 1.25000000E-01
 5.00000000E-01
 6.25000000E-02
   2
   8
   3
  55
 3.06952593E+02
 2.41872536E-01
 1.02281857E+00
 2.14843750E-01
 8.26582915E-05
-6.18804223E-06
-3.56502865E-06
 0.00000000E+00
 5.00000000E-01
 2.10937500E-01
 1.00000000E+00
 2.18750000E-01
 7.50000000E-01
 2.14843750E-01
   3
   7
   7
 103
 3.08299600E+02
 1.63315444E+00
 1.28355832E+00
 8.04687500E-01
 2.35660084E-05
-4.00320342E-04
-7.21567773E-06
 0.00000000E+00
 7.50000000E-01
 7.96875000E-01
 1.00000000E+00
 8.12500000E-01
 8.75000000E-01
 8.04687500E-01
   2
   8
   1
  73
 3.07585316E+02
 3.35691292E-01
 1.03986253E+00
 2.85156250E-01
 4.69175192E-05
-7.46524927E-06
-3.39258963E-06
 0.00000000E+00
 0.00000000E+00
 2.81250000E-01
 5.00000000E-01
 2.89062500E-01
 2.50000000E-01
 2.85156250E-01
   3
   2
   1
   3
 3.08723593E+02
 1.38629436E+00
 1.25000000E+00
 7.50000000E-01
 7.73150064E+01
 5.19860385E-01
 3.45491503E-01
 2.50000000E-01
 0.00000000E+00
 5.00000000E-01
 2.50000000E-01
 1.00000000E+00
 1.25000000E-01
 7.50000000E-01
   7
   3
   1
   3
 3.08038998E+02
 4.70003629E-01
 1.06800047E+00
 3.75000000E-01
 2.94457589E-02
-1.02054986E-02
-3.20236471E-03
 0.00000000E+00
 0.00000000E+00
 2.50000000E-01
 1.56250000E-02
 5.00000000E-01
 7.81250000E-03
 3.75000000E-01
   1
   9
   1
 503
 3.08784796E+02
 4.04110005E+00
 1.40183906E+00
 9.82421875E-01
 1.97621824E-06
-6.21126000E-03
-6.92366302E-07
 0.00000000E+00
 0.00000000E+00
 9.80468750E-01
 1.00000000E+00
 9.84375000E-01
 5.00000000E-01
 9.82421875E-01
   2
   7
   3
  15
 3.06328151E+02
 1.24642445E-01
 1.00684304E+00
 1.17187500E-01
 1.11358759E-03
-1.95794338E-05
-1.49495685E-05
 0.00000000E+00
 5.00000000E-01
 1.09375000E-01
 1.00000000E+00
 1.25000000E-01
 7.50000000E-01
 1.17187500E-01
   1
   8
   1
 149
 3.08186245E+02
 8.72348610E-01
 1.15704813E+00
 5.82031250E-01
 2.25220152E-05
-4.36738438E-05
-4.92533900E-06
 0.00000000E+00
 0.00000000E+00
 5.78125000E-01
 1.00000000E+00
 5.85937500E-01
 5.00000000E-01
 5.82031250E-01
   3
   7
   1
  33
 3.07563490E+02
 2.98153372E-01
 1.03269903E+00
 2.57812500E-01
 2.29673879E-04
-2.77023658E-05
-1.38546158E-05
 0.00000000E+00
 0.00000000E+00
 2.50000000E-01
 2.50000000E-01
 2.65625000E-01
 1.25000000E-01
 2.57812500E-01
   2
   7
   1
  51
 3.07941064E+02
 5.08224842E-01
 1.07645364E+00
 3.98437500E-01
 9.61353599E-05
-4.21691829E-05
-1.22329803E-05
 0.00000000E+00
 0.00000000E+00
 3.90625000E-01
 5.00000000E-01
 4.06250000E-01
 2.50000000E-01
 3.98437500E-01
   1
   9
   1
  15
 3.05093589E+02
 2.97345989E-02
 1.00042906E+00
 2.92968750E-02
 2.22717517E-03
-2.02422184E-06
-1.90489382E-06
 0.00000000E+00
 0.00000000E+00
 2.73437500E-02
 1.00000000E+00
 3.12500000E-02
 5.00000000E-01
 2.92968750E-02
   2
   8
   3
  79
 3.07332281E+02
 3.69027712E-01
 1.04653242E+00
 3.08593750E-01
 4.00608927E-05
-7.97995436E-06
-3.32813677E-06
 0.00000000E+00
 5.00000000E-01
 3.04687500E-01
 1.00000000E+00
 3.12500000E-01
 7.50000000E-01
 3.08593750E-01
   2
   6
   1
   7
 3.06594110E+02
 1.15831816E-01
 1.00596366E+00
 1.09375000E-01
 5.15482180E-03
-7.69585969E-05
-5.99526710E-05
 0.00000000E+00
 0.00000000E+00
 9.37500000E-02
 5.00000000E-01
 1.25000000E-01
 2.50000000E-01
 1.09375000E-01
   1
   6
   1
  25
 3.07751589E+02
 4.95321437E-01
 1.07358646E+00
 3.90625000E-01
 8.00640683E-04
-3.28839209E-04
-9.86486626E-05
 0.00000000E+00
 0.00000000E+00
 3.75000000E-01
 1.00000000E+00
 4.06250000E-01
 5.00000000E-01
 3.90625000E-01
   2
   8
   1
  97
 3.07887141E+02
 4.76273242E-01
 1.06937830E+00
 3.78906250E-01
 2.65717172E-05
-9.88904492E-06
-3.11935957E-06
 0.00000000E+00
 0.00000000E+00
 3.75000000E-01
 5.00000000E-01
 3.82812500E-01
 2.50000000E-01
 3.78906250E-01
   1
   4
   1
   5
 3.07513801E+02
 3.74693449E-01
 1.04769091E+00
 3.12500000E-01
 2.04109973E-02
-4.14940141E-03
-1.69752389E-03
 0.00000000E+00
 0.00000000E+00
 2.50000000E-01
 1.00000000E+00
 3.75000000E-01
 5.00000000E-01
 3.12500000E-01
   2
   7
   3
  63
 3.07833531E+02
 6.77642994E-01
 1.11456204E+00
 4.92187500E-01
 6.29960948E-05
-5.91786013E-05
-1.10206496E-05
 0.00000000E+00
 5.00000000E-01
 4.84375000E-01
 1.00000000E+00
 5.00000000E-01
 7.50000000E-01
 4.92187500E-01
   1
   8
   1
 173
 3.08353164E+02
 1.12633684E+00
 1.20693011E+00
 6.75781250E-01
 1.67064838E-05
-7.25847428E-05
-4.33954653E-06
 0.00000000E+00
 0.00000000E+00
 6.71875000E-01
 1.00000000E+00
 6.79687500E-01
 5.00000000E-01
 6.75781250E-01
   3
   7
   1
  81
 3.08531727E+02
 1.00188266E+00
 1.18340680E+00
 6.32812500E-01
 3.81068517E-05
-1.13199006E-04
-9.20703764E-06
 0.00000000E+00
 0.00000000E+00
 6.25000000E-01
 2.50000000E-01
 6.40625000E-01
 1.25000000E-01
 6.32812500E-01
   2
   7
   1
  99
 3.08674654E+02
 1.48473443E+00
 1.26420155E+00
 7.73437500E-01
 2.55089028E-05
-2.97442034E-04
-7.55222159E-06
 0.00000000E+00
 0.00000000E+00
 7.65625000E-01
 5.00000000E-01
 7.81250000E-01
 2.50000000E-01
 7.73437500E-01
   2
   6
   3
  31
 3.07816066E+02
 6.62375522E-01
 1.11113417E+00
 4.84375000E-01
 2.60281127E-04
-2.29673879E-04
-4.44917492E-05
 0.00000000E+00
 5.00000000E-01
 4.68750000E-01
 1.00000000E+00
 5.00000000E-01
 7.50000000E-01
 4.84375000E-01
   1
   9
   1
  27
 3.05685770E+02
 5.41757341E-02
 1.00138949E+00
 5.27343750E-02
 6.86341906E-04
-2.12562892E-06
-1.89941816E-06
 0.00000000E+00
 0.00000000E+00
 5.07812500E-02
 1.00000000E+00
 5.46875000E-02
 5.00000000E-01
 5.27343750E-02
   3
   6
   7
  17
 3.07090182E+02
 3.08735482E-01
 1.03467707E+00
 2.65625000E-01
 8.66551994E-04
-1.13199006E-04
-5.50996684E-05
 0.00000000E+00
 7.50000000E-01
 2.50000000E-01
 1.00000000E+00
 2.81250000E-01
 8.75000000E-01
 2.65625000E-01
   2
   8
   3
 103
 3.07615136E+02
 5.14739523E-01
 1.07790560E+00
 4.02343750E-01
 2.35660085E-05
-1.06798812E-05
-3.04591272E-06
 0.00000000E+00
 5.00000000E-01
 3.98437500E-01
 1.00000000E+00
 4.06250000E-01
 7.50000000E-01
 4.02343750E-01
   2
   8
   1
 121
 3.08125795E+02
 6.39902666E-01
 1.10607592E+00
 4.72656250E-01
 1.70759195E-05
-1.37177975E-05
-2.81906541E-06
 0.00000000E+00
 0.00000000E+00
 4.68750000E-01
 5.00000000E-01
 4.76562500E-01
 2.50000000E-01
 4.72656250E-01
   1
   7
   1
  13
 3.06350329E+02
 1.07098136E-01
 1.00514424E+00
 1.01562500E-01
 2.96736776E-03
-3.78086128E-05
-3.00509826E-05
 0.00000000E+00
 0.00000000E+00
 9.37500000E-02
 1.00000000E+00
 1.09375000E-01
 5.00000000E-01
 1.01562500E-01
   1
   4
   1
   9
 3.08148451E+02
 8.26678573E-01
 1.14734748E+00
 5.62500000E-01
 6.21126000E-03
-1.03096436E-02
-1.29333071E-03
 0.00000000E+00
 0.00000000E+00
 5.00000000E-01
 1.00000000E+00
 6.25000000E-01
 5.00000000E-01
 5.62500000E-01
   2
   7
   3
 111
 3.08470221E+02
 2.01881692E+00
 1.32363672E+00
 8.67187500E-01
 2.02913844E-05
-8.66551994E-04
-6.57988020E-06
 0.00000000E+00
 5.00000000E-01
 8.59375000E-01
 1.00000000E+00
 8.75000000E-01
 7.50000000E-01
 8.67187500E-01
   1
   8
   1
 197
 3.08500650E+02
 1.46764000E+00
 1.26181550E+00
 7.69531250E-01
 1.28837754E-05
-1.43657521E-04
-3.79754911E-06
 0.00000000E+00
 0.00000000E+00
 7.65625000E-01
 1.00000000E+00
 7.73437500E-01
 5.00000000E-01
 7.69531250E-01
   1
   9
   1
  39
 3.06057888E+02
 7.92292365E-02
 1.00289688E+00
 7.61718750E-02
 3.28839209E-04
-2.23485162E-06
-1.89086638E-06
 0.00000000E+00
 0.00000000E+00
 7.42187500E-02
 1.00000000E+00
 7.81250000E-02
 5.00000000E-01
 7.61718750E-02
   2
   8
   3
 127
 3.07842168E+02
 6.85365040E-01
 1.11629253E+00
 4.96093750E-01
 1.55005116E-05
-1.50235870E-05
-2.74236974E-06
 0.00000000E+00
 5.00000000E-01
 4.92187500E-01
 1.00000000E+00
 5.00000000E-01
 7.50000000E-01
 4.96093750E-01
   1
   9
   1
 289
 3.08152283E+02
 8.31152854E-01
 1.14830629E+00
 5.64453125E-01
 5.98655430E-06
-1.00545965E-05
-1.25967039E-06
 0.00000000E+00
 0.00000000E+00
 5.62500000E-01
 1.00000000E+00
 5.66406250E-01
 5.00000000E-01
 5.64453125E-01
   3
   7
   7
   9
 3.05724434E+02
 7.29067708E-02
 1.00246888E+00
 7.03125000E-02
 3.10563000E-03
-1.76547438E-05
-1.51461043E-05
 0.00000000E+00
 7.50000000E-01
 6.25000000E-02
 1.00000000E+00
 7.81250000E-02
 8.75000000E-01
 7.03125000E-02
   2
   8
   1
 145
 3.08324312E+02
 8.35647243E-01
 1.14926761E+00
 5.66406250E-01
 1.18908891E-05
-2.02913843E-05
-2.51302521E-06
 0.00000000E+00
 0.00000000E+00
 5.62500000E-01
 5.00000000E-01
 5.70312500E-01
 2.50000000E-01
 5.66406250E-01
   1
   7
   1
  61
 3.07966549E+02
 6.47337645E-01
 1.10775079E+00
 4.76562500E-01
 1.34390540E-04
-1.11395790E-04
-2.24503675E-05
 0.00000000E+00
 0.00000000E+00
 4.68750000E-01
 1.00000000E+00
 4.84375000E-01
 5.00000000E-01
 4.76562500E-01
   1
   8
   1
 221
 3.08633183E+02
 1.98982938E+00
 1.32108081E+00
 8.63281250E-01
 1.02374055E-05
-4.08329953E-04
-3.30904745E-06
 0.00000000E+00
 0.00000000E+00
 8.59375000E-01
 1.00000000E+00
 8.67187500E-01
 5.00000000E-01
 8.63281250E-01
   2
   6
   1
   9
 3.06851283E+02
 1.51549898E-01
 1.00983929E+00
 1.40625000E-01
 3.10563000E-03
-8.26582914E-05
-5.92652060E-05
 0.00000000E+00
 0.00000000E+00
 1.25000000E-01
 5.00000000E-01
 1.56250000E-01
 2.50000000E-01
 1.40625000E-01
   1
   6
   1
  27
 3.07834408E+02
 5.47965171E-01
 1.08534719E+00
 4.21875000E-01
 6.86341906E-04
-3.65363553E-04
-9.54769412E-05
 0.00000000E+00
 0.00000000E+00
 4.06250000E-01
 1.00000000E+00
 4.37500000E-01
 5.00000000E-01
 4.21875000E-01
   1
   4
   1
  13
 3.08563039E+02
 1.67397643E+00
 1.28847051E+00
 8.12500000E-01
 2.96736776E-03
-5.88915178E-02
-9.13605290E-04
 0.00000000E+00
 0.00000000E+00
 7.50000000E-01
 1.00000000E+00
 8.75000000E-01
 5.00000000E-01
 8.12500000E-01
   1
   9
   1
  51
 3.06330545E+02
 1.04926582E-01
 1.00494877E+00
 9.96093750E-02
 1.92270719E-04
-2.35271421E-06
-1.87930784E-06
 0.00000000E+00
 0.00000000E+00
 9.76562500E-02
 1.00000000E+00
 1.01562500E-01
 5.00000000E-01
 9.96093750E-02
   2
   8
   3
 151
 3.08032835E+02
 8.91217094E-01
 1.16099770E+00
 5.89843750E-01
 1.09646717E-05
-2.26767654E-05
-2.43762201E-06
 0.00000000E+00
 5.00000000E-01
 5.85937500E-01
 1.00000000E+00
 5.93750000E-01
 7.50000000E-01
 5.89843750E-01
   1
   9
   1
 301
 3.08197360E+02
 8.86466492E-01
 1.16000663E+00
 5.87890625E-01
 5.51873347E-06
-1.12307813E-05
-1.22193682E-06
 0.00000000E+00
 0.00000000E+00
 5.85937500E-01
 1.00000000E+00
 5.89843750E-01
 5.00000000E-01
 5.87890625E-01
   3
   7
   7
  57
 3.07640556E+02
 5.89350387E-01
 1.09467037E+00
 4.45312500E-01
 7.69585969E-05
-4.95982543E-05
-1.16323919E-05
 0.00000000E+00
 7.50000000E-01
 4.37500000E-01
 1.00000000E+00
 4.53125000E-01
 8.75000000E-01
 4.45312500E-01
   2
   8
   1
 169
 3.08495050E+02
 1.07926933E+00
 1.19825134E+00
 6.60156250E-01
 8.75334820E-06
-3.30316444E-05
-2.21726144E-06
 0.00000000E+00
 0.00000000E+00
 6.56250000E-01
 5.00000000E-01
 6.64062500E-01
 2.50000000E-01
 6.60156250E-01
   2
   6
   3
  33
 3.07884444E+02
 7.24895879E-01
 1.12510850E+00
 5.15625000E-01
 2.29673880E-04
-2.60281127E-04
-4.28546438E-05
 0.00000000E+00
 5.00000000E-01
 5.00000000E-01
 1.00000000E+00
 5.31250000E-01
 7.50000000E-01
 5.15625000E-01
   1
   7
   1
 109
 3.08617318E+02
 1.90759128E+00
 1.31345297E+00
 8.51562500E-01
 4.20857708E-05
-1.38696344E-03
-1.34682361E-05
 0.00000000E+00
 0.00000000E+00
 8.43750000E-01
 1.00000000E+00
 8.59375000E-01
 5.00000000E-01
 8.51562500E-01
   3
   6
   7
  19
 3.07207266E+02
 3.52220594E-01
 1.04313698E+00
 2.96875000E-01
 6.93481721E-04
-1.23487283E-04
-5.37701857E-05
 0.00000000E+00
 7.50000000E-01
 2.81250000E-01
 1.00000000E+00
 3.12500000E-01
 8.75000000E-01
 2.96875000E-01
   1
   8
   1
 245
 3.08753852E+02
 3.14728217E+00
 1.38416358E+00
 9.57031250E-01
 8.32993203E-06
-4.14940141E-03
-2.87692820E-06
 0.00000000E+00
 0.00000000E+00
 9.53125000E-01
 1.00000000E+00
 9.60937500E-01
 5.00000000E-01
 9.57031250E-01
   1
   9
   1
  63
 3.06546248E+02
 1.31301737E-01
 1.00754183E+00
 1.23046875E-01
 1.25992189E-04
-2.48015258E-06
-1.86483517E-06
 0.00000000E+00
 0.00000000E+00
 1.21093750E-01
 1.00000000E+00
 1.25000000E-01
 5.00000000E-01
 1.23046875E-01
   2
   8
   3
 175
 3.08197915E+02
 1.15072829E+00
 1.21132176E+00
 6.83593750E-01
 8.16339860E-06
-3.81068517E-05
-2.14625928E-06
 0.00000000E+00
 5.00000000E-01
 6.79687500E-01
 1.00000000E+00
 6.87500000E-01
 7.50000000E-01
 6.83593750E-01
   2
   7
   1
   5
 3.05551310E+02
 3.98459085E-02
 1.00076265E+00
 3.90625000E-02
 1.02054986E-02
-1.65251016E-05
-1.52237008E-05
 0.00000000E+00
 0.00000000E+00
 3.12500000E-02
 5.00000000E-01
 4.68750000E-02
 2.50000000E-01
 3.90625000E-02
   1
   8
   1
   7
 3.05024230E+02
 2.77245480E-02
 1.00037377E+00
 2.73437500E-02
 1.03096436E-02
-8.06445109E-06
-7.62081705E-06
 0.00000000E+00
 0.00000000E+00
 2.34375000E-02
 1.00000000E+00
 3.12500000E-02
 5.00000000E-01
 2.73437500E-02
   1
   9
   1
 313
 3.08240846E+02
 9.45019800E-01
 1.17205890E+00
 6.11328125E-01
 5.10368130E-06
-1.26261032E-05
-1.18462768E-06
 0.00000000E+00
 0.00000000E+00
 6.09375000E-01
 1.00000000E+00
 6.13281250E-01
 5.00000000E-01
 6.11328125E-01
   3
   7
   7
 105
 3.08321760E+02
 1.71653605E+00
 1.29341123E+00
 8.20312500E-01
 2.26767655E-05
-4.73037038E-04
-7.05203075E-06
 0.00000000E+00
 7.50000000E-01
 8.12500000E-01
 1.00000000E+00
 8.28125000E-01
 8.75000000E-01
 8.20312500E-01
   2
   8
   1
 193
 3.08645416E+02
 1.40204272E+00
 1.25234765E+00
 7.53906250E-01
 6.71167982E-06
-6.29960946E-05
-1.94216544E-06
 0.00000000E+00
 0.00000000E+00
 7.50000000E-01
 5.00000000E-01
 7.57812500E-01
 2.50000000E-01
 7.53906250E-01
   2
   7
   3
  17
 3.06456243E+02
 1.42500063E-01
 1.00878103E+00
 1.32812500E-01
 8.66551994E-04
-2.02913843E-05
-1.48635793E-05
 0.00000000E+00
 5.00000000E-01
 1.25000000E-01
 1.00000000E+00
 1.40625000E-01
 7.50000000E-01
 1.32812500E-01
   3
   7
   1
  35
 3.07625259E+02
 3.19430771E-01
 1.03671021E+00
 2.73437500E-01
 2.04164977E-04
-2.89067469E-05
-1.36944286E-05
 0.00000000E+00
 0.00000000E+00
 2.65625000E-01
 2.50000000E-01
 2.81250000E-01
 1.25000000E-01
 2.73437500E-01
   1
   9
   1
  75
 3.06724995E+02
 1.58391430E-01
 1.01067189E+00
 1.46484375E-01
 8.88967911E-05
-2.61823285E-06
-1.84756258E-06
 0.00000000E+00
 0.00000000E+00
 1.44531250E-01
 1.00000000E+00
 1.48437500E-01
 5.00000000E-01
 1.46484375E-01
   2
   8
   3
 199
 3.08344007E+02
 1.50212618E+00
 1.26659516E+00
 7.77343750E-01
 6.31305153E-06
-7.69585969E-05
-1.87735980E-06
 0.00000000E+00
 5.00000000E-01
 7.73437500E-01
 1.00000000E+00
 7.81250000E-01
 7.50000000E-01
 7.77343750E-01
   2
   7
   1
  53
 3.07982460E+02
 5.34542150E-01
 1.08233440E+00
 4.14062500E-01
 8.90154898E-05
-4.44483955E-05
-1.20346694E-05
 0.00000000E+00
 0.00000000E+00
 4.06250000E-01
 5.00000000E-01
 4.21875000E-01
 2.50000000E-01
 4.14062500E-01
   1
   8
   1
  31
 3.06529881E+02
 1.29077042E-01
 1.00730517E+00
 1.21093750E-01
 5.20562254E-04
-9.87664076E-06
-7.46457998E-06
 0.00000000E+00
 0.00000000E+00
 1.17187500E-01
 1.00000000E+00
 1.25000000E-01
 5.00000000E-01
 1.21093750E-01
   1
   9
   1
 325
 3.08282862E+02
 1.00721601E+00
 1.18445236E+00
 6.34765625E-01
 4.73375007E-06
-1.42985830E-05
-1.14782959E-06
 0.00000000E+00
 0.00000000E+00
 6.32812500E-01
 1.00000000E+00
 6.36718750E-01
 5.00000000E-01
 6.34765625E-01
   2
   8
   1
 217
 3.08780197E+02
 1.88161580E+00
 1.31092377E+00
 8.47656250E-01
 5.30915219E-06
-1.64419605E-04
-1.69328016E-06
 0.00000000E+00
 0.00000000E+00
 8.43750000E-01
 5.00000000E-01
 8.51562500E-01
 2.50000000E-01
 8.47656250E-01
   2
   6
   1
  11
 3.07057811E+02
 1.88591170E-01
 1.01466301E+00
 1.71875000E-01
 2.07470070E-03
-8.90154896E-05
-5.84241671E-05
 0.00000000E+00
 0.00000000E+00
 1.56250000E-01
 5.00000000E-01
 1.87500000E-01
 2.50000000E-01
 1.71875000E-01
   1
   6
   1
  29
 3.07911725E+02
 6.03535022E-01
 1.09787170E+00
 4.53125000E-01
 5.94884068E-04
-4.08329953E-04
-9.22469520E-05
 0.00000000E+00
 0.00000000E+00
 4.37500000E-01
 1.00000000E+00
 4.68750000E-01
 5.00000000E-01
 4.53125000E-01
   2
   7
   3
  65
 3.07867712E+02
 7.08895538E-01
 1.12154961E+00
 5.07812500E-01
 5.91786012E-05
-6.29960946E-05
-1.08159515E-05
 0.00000000E+00
 5.00000000E-01
 5.00000000E-01
 1.00000000E+00
 5.15625000E-01
 7.50000000E-01
 5.07812500E-01
   3
   7
   1
  83
 3.08559047E+02
 1.04536777E+00
 1.19183522E+00
 6.48437500E-01
 3.62923714E-05
-1.23487283E-04
-9.01308908E-06
 0.00000000E+00
 0.00000000E+00
 6.40625000E-01
 2.50000000E-01
 6.56250000E-01
 1.25000000E-01
 6.48437500E-01
   1
   9
   1
  87
 3.06877808E+02
 1.86235456E-01
 1.01433399E+00
 1.69921875E-01
 6.60632889E-05
-2.76817375E-06
-1.82762378E-06
 0.00000000E+00
 0.00000000E+00
 1.67968750E-01
 1.00000000E+00
 1.71875000E-01
 5.00000000E-01
 1.69921875E-01
   2
   8
   3
 223
 3.08475448E+02
 2.04866988E+00
 1.32619920E+00
 8.71093750E-01
 5.02729830E-06
-2.29673879E-04
-1.63544100E-06
 0.00000000E+00
 5.00000000E-01
 8.67187500E-01
 1.00000000E+00
 8.75000000E-01
 7.50000000E-01
 8.71093750E-01
   2
   7
   1
 101
 3.08697583E+02
 1.55619340E+00
 1.27382088E+00
 7.89062500E-01
 2.45086025E-05
-3.43170953E-04
-7.38241972E-06
 0.00000000E+00
 0.00000000E+00
 7.81250000E-01
 5.00000000E-01
 7.96875000E-01
 2.50000000E-01
 7.89062500E-01
   2
   6
   3
  35
 3.07949143E+02
 7.91587253E-01
 1.13976851E+00
 5.46875000E-01
 2.04164977E-04
-2.97442034E-04
-4.12223907E-05
 0.00000000E+00
 5.00000000E-01
 5.31250000E-01
 1.00000000E+00
 5.62500000E-01
 7.50000000E-01
 5.46875000E-01
   1
   8
   1
  55
 3.07120801E+02
 2.41872536E-01
 1.02281857E+00
 2.14843750E-01
 1.65316583E-04
-1.23760845E-05
-7.13005730E-06
 0.00000000E+00
 0.00000000E+00
 2.10937500E-01
 1.00000000E+00
 2.18750000E-01
 5.00000000E-01
 2.14843750E-01
   3
   6
   7
  21
 3.07313207E+02
 3.97682968E-01
 1.05245713E+00
 3.28125000E-01
 5.67537134E-04
-1.35244796E-04
-5.23545599E-05
 0.00000000E+00
 7.50000000E-01
 3.12500000E-01
 1.00000000E+00
 3.43750000E-01
 8.75000000E-01
 3.28125000E-01
   1
   9
   1
 337
 3.08323513E+02
 1.07353865E+00
 1.19717641E+00
 6.58203125E-01
 4.40262914E-06
-1.63267972E-05
-1.11161854E-06
 0.00000000E+00
 0.00000000E+00
 6.56250000E-01
 1.00000000E+00
 6.60156250E-01
 5.00000000E-01
 6.58203125E-01
   2
   8
   1
 241
 3.08902670E+02
 2.83712724E+00
 1.37340661E+00
 9.41406250E-01
 4.30437086E-06
-1.11358759E-03
-1.47252901E-06
 0.00000000E+00
 0.00000000E+00
 9.37500000E-01
 5.00000000E-01
 9.45312500E-01
 2.50000000E-01
 9.41406250E-01
   2
   8
   1
   3
 3.04342212E+02
 1.17879558E-02
 1.00006866E+00
 1.17187500E-02
 2.94457589E-02
-3.90573127E-06
-3.81389706E-06
 0.00000000E+00
 0.00000000E+00
 7.81250000E-03
 5.00000000E-01
 1.56250000E-02
 2.50000000E-01
 1.17187500E-02
   2
   3
   1
   1
 3.06730571E+02
 1.33531393E-01
 1.00778222E+00
 1.25000000E-01
 7.65455500E+01
-5.15482180E-03
 2.46197008E-01
 0.00000000E+00
 0.00000000E+00
 0.00000000E+00
 5.00000000E-01
 2.50000000E-01
 2.50000000E-01
 1.25000000E-01
   1
   7
   1
  15
 3.06496359E+02
 1.24642445E-01
 1.00684304E+00
 1.17187500E-01
 2.22717517E-03
-3.91588675E-05
-2.98991369E-05
 0.00000000E+00
 0.00000000E+00
 1.09375000E-01
 1.00000000E+00
 1.25000000E-01
 5.00000000E-01
 1.17187500E-01
   2
   7
   3
 113
 3.08491008E+02
 2.14398006E+00
 1.33392575E+00
 8.82812500E-01
 1.95794340E-05
-1.11358759E-03
-6.42879432E-06
 0.00000000E+00
 5.00000000E-01
 8.75000000E-01
 1.00000000E+00
 8.90625000E-01
 7.50000000E-01
 8.82812500E-01
   1
   9
   1
  99
 3.07011413E+02
 2.14877032E-01
 1.01852238E+00
 1.93359375E-01
 5.10178053E-05
-2.93137361E-06
-1.80516964E-06
 0.00000000E+00
 0.00000000E+00
 1.91406250E-01
 1.00000000E+00
 1.95312500E-01
 5.00000000E-01
 1.93359375E-01
   2
   8
   3
 247
 3.08595238E+02
 3.34795287E+00
 1.38957672E+00
 9.64843750E-01
 4.09778954E-06
-3.10563000E-03
-1.42171878E-06
 0.00000000E+00
 5.00000000E-01
 9.60937500E-01
 1.00000000E+00
 9.68750000E-01
 7.50000000E-01
 9.64843750E-01
   4
   3
  15
   7
 3.08354498E+02
 2.07944154E+00
 1.32876823E+00
 8.75000000E-01
 7.71225072E+01
 6.93147181E-01
 3.51884113E-01
 2.50000000E-01
 8.75000000E-01
 7.50000000E-01
 1.00000000E+00
 1.00000000E+00
 9.37500000E-01
 8.75000000E-01
   1
   8
   1
  79
 3.07500490E+02
 3.69027712E-01
 1.04653242E+00
 3.08593750E-01
 8.01217854E-05
-1.59599087E-05
-6.65627354E-06
 0.00000000E+00
 0.00000000E+00
 3.04687500E-01
 1.00000000E+00
 3.12500000E-01
 5.00000000E-01
 3.08593750E-01
   1
   9
   1
 349
 3.08362896E+02
 1.14457442E+00
 1.21022062E+00
 6.81640625E-01
 4.10507346E-06
-1.88192785E-05
-1.07606029E-06
 0.00000000E+00
 0.00000000E+00
 6.79687500E-01
 1.00000000E+00
 6.83593750E-01
 5.00000000E-01
 6.81640625E-01
   2
   8
   3
   9
 3.05108801E+02
 3.57891079E-02
 1.00061779E+00
 3.51562500E-02
 3.10563000E-03
-4.09778965E-06
-3.80762153E-06
 0.00000000E+00
 5.00000000E-01
 3.12500000E-02
 1.00000000E+00
 3.90625000E-02
 7.50000000E-01
 3.51562500E-02
   3
   7
   7
  11
 3.05928034E+02
 8.98563291E-02
 1.00368583E+00
 8.59375000E-02
 2.07470070E-03
-1.82635059E-05
-1.50910809E-05
 0.00000000E+00
 7.50000000E-01
 7.81250000E-02
 1.00000000E+00
 9.37500000E-02
 8.75000000E-01
 8.59375000E-02
   2
   3
   3
   3
 3.07539630E+02
 4.70003629E-01
 1.06800047E+00
 3.75000000E-01
 2.94457589E-02
-1.02054986E-02
-3.20236471E-03
 0.00000000E+00
 5.00000000E-01
 2.50000000E-01
 1.00000000E+00
 5.00000000E-01
 7.50000000E-01
 3.75000000E-01
   2
   8
   1
  27
 3.06557010E+02
 1.11455441E-01
 1.00554645E+00
 1.05468750E-01
 3.43170953E-04
-4.76730771E-06
-3.75190750E-06
 0.00000000E+00
 0.00000000E+00
 1.01562500E-01
 5.00000000E-01
 1.09375000E-01
 2.50000000E-01
 1.05468750E-01
   1
   7
   1
  63
 3.08001739E+02
 6.77642994E-01
 1.11456204E+00
 4.92187500E-01
 1.25992189E-04
-1.18357203E-04
-2.20412993E-05
 0.00000000E+00
 0.00000000E+00
 4.84375000E-01
 1.00000000E+00
 5.00000000E-01
 5.00000000E-01
 4.92187500E-01
   3
   4
   1
   3
 3.07231856E+02
 2.07639365E-01
 1.01742629E+00
 1.87500000E-01
 2.94457589E-02
-1.48368388E-03
-9.26512607E-04
 0.00000000E+00
 0.00000000E+00
 1.25000000E-01
 2.50000000E-01
 2.50000000E-01
 1.25000000E-01
 1.87500000E-01
   1
   9
   1
 111
 3.07130217E+02
 2.44363198E-01
 1.02323061E+00
 2.16796875E-01
 4.05827686E-05
-3.10944307E-06
-1.78036563E-06
 0.00000000E+00
 0.00000000E+00
 2.14843750E-01
 1.00000000E+00
 2.18750000E-01
 5.00000000E-01
 2.16796875E-01
   2
   6
   1
  13
 3.07230723E+02
 2.27057451E-01
 1.02042137E+00
 2.03125000E-01
 1.48368388E-03
-9.61353598E-05
-5.74408711E-05
 0.00000000E+00
 0.00000000E+00
 1.87500000E-01
 5.00000000E-01
 2.18750000E-01
 2.50000000E-01
 2.03125000E-01
   1
   6
   1
  31
 3.07984274E+02
 6.62375522E-01
 1.11113417E+00
 4.84375000E-01
 5.20562254E-04
-4.59347759E-04
-8.89834984E-05
 0.00000000E+00
 0.00000000E+00
 4.68750000E-01
 1.00000000E+00
 5.00000000E-01
 5.00000000E-01
 4.84375000E-01
   1
   8
   1
 103
 3.07783344E+02
 5.14739523E-01
 1.07790560E+00
 4.02343750E-01
 4.71320167E-05
-2.13597625E-05
-6.09182544E-06
 0.00000000E+00
 0.00000000E+00
 3.98437500E-01
 1.00000000E+00
 4.06250000E-01
 5.00000000E-01
 4.02343750E-01
   1
   9
   1
 361
 3.08401095E+02
 1.22104479E+00
 1.22357475E+00
 7.05078125E-01
 3.83669504E-06
-2.19293437E-05
-1.04121100E-06
 0.00000000E+00
 0.00000000E+00
 7.03125000E-01
 1.00000000E+00
 7.07031250E-01
 5.00000000E-01
 7.05078125E-01
   2
   8
   3
  33
 3.06425658E+02
 1.38005673E-01
 1.00827418E+00
 1.28906250E-01
 2.29673879E-04
-5.02729823E-06
-3.72153960E-06
 0.00000000E+00
 5.00000000E-01
 1.25000000E-01
 1.00000000E+00
 1.32812500E-01
 7.50000000E-01
 1.28906250E-01
   3
   7
   7
  59
 3.07677971E+02
 6.17923759E-01
 1.10111915E+00
 4.60937500E-01
 7.18287608E-05
-5.25154923E-05
-1.14292162E-05
 0.00000000E+00
 7.50000000E-01
 4.53125000E-01
 1.00000000E+00
 4.68750000E-01
 8.75000000E-01
 4.60937500E-01
   4
   6
   1
   1
 3.04756782E+02
 1.57483570E-02
 1.00012206E+00
 1.56250000E-02
 7.60256896E+01
-6.29960946E-05
 2.49938991E-01
 0.00000000E+00
 0.00000000E+00
 0.00000000E+00
 1.25000000E-01
 3.12500000E-02
 6.25000000E-02
 1.56250000E-02
   2
   8
   1
  51
 3.07210573E+02
 2.22167465E-01
 1.01965097E+00
 1.99218750E-01
 9.61353598E-05
-5.94891075E-06
-3.59835637E-06
 0.00000000E+00
 0.00000000E+00
 1.95312500E-01
 5.00000000E-01
 2.03125000E-01
 2.50000000E-01
 1.99218750E-01
   2
   6
   3
  37
 3.08010570E+02
 8.63046217E-01
 1.15508810E+00
 5.78125000E-01
 1.82681776E-04
-3.43170953E-04
-3.96040635E-05
 0.00000000E+00
 5.00000000E-01
 5.62500000E-01
 1.00000000E+00
 5.93750000E-01
 7.50000000E-01
 5.78125000E-01
   1
   7
   1
 111
 3.08638430E+02
 2.01881692E+00
 1.32363672E+00
 8.67187500E-01
 4.05827686E-05
-1.73310399E-03
-1.31597604E-05
 0.00000000E+00
 0.00000000E+00
 8.59375000E-01
 1.00000000E+00
 8.75000000E-01
 5.00000000E-01
 8.67187500E-01
   3
   6
   7
  23
 3.07410037E+02
 4.45311017E-01
 1.06261488E+00
 3.59375000E-01
 4.73037038E-04
-1.48765253E-04
-5.08677263E-05
 0.00000000E+00
 7.50000000E-01
 3.43750000E-01
 1.00000000E+00
 3.75000000E-01
 8.75000000E-01
 3.59375000E-01
   5
   5
   1
   1
 3.05473885E+02
 3.17486983E-02
 1.00048816E+00
 3.12500000E-02
 7.61989764E+01
-2.60281127E-04
 2.49756276E-01
 0.00000000E+00
 0.00000000E+00
 0.00000000E+00
 6.25000000E-02
 6.25000000E-02
 3.12500000E-02
 3.12500000E-02
   1
   9
   1
 123
 3.07237265E+02
 2.74745281E-01
 1.02845153E+00
 2.40234375E-01
 3.30502032E-05
-3.30424496E-06
-1.75338912E-06
 0.00000000E+00
 0.00000000E+00
 2.38281250E-01
 1.00000000E+00
 2.42187500E-01
 5.00000000E-01
 2.40234375E-01
   3
   4
   1
   7
 3.08126017E+02
 5.75364145E-01
 1.09151557E+00
 4.37500000E-01
 5.15482180E-03
-3.10563000E-03
-7.50826836E-04
 0.00000000E+00
 0.00000000E+00
 3.75000000E-01
 2.50000000E-01
 5.00000000E-01
 1.25000000E-01
 4.37500000E-01
   1
   8
   1
 127
 3.08010376E+02
 6.85365040E-01
 1.11629253E+00
 4.96093750E-01
 3.10010230E-05
-3.00471741E-05
-5.48473948E-06
 0.00000000E+00
 0.00000000E+00
 4.92187500E-01
 1.00000000E+00
 5.00000000E-01
 5.00000000E-01
 4.96093750E-01
   1
   9
   1
 373
 3.08438189E+02
 1.30385069E+00
 1.23722876E+00
 7.28515625E-01
 3.59379993E-06
-2.58792474E-05
-1.00711776E-06
 0.00000000E+00
 0.00000000E+00
 7.26562500E-01
 1.00000000E+00
 7.30468750E-01
 5.00000000E-01
 7.28515625E-01
   2
   7
   1
   7
 3.05890712E+02
 5.62397183E-02
 1.00149424E+00
 5.46875000E-02
 5.15482180E-03
-1.70759195E-05
-1.51903642E-05
 0.00000000E+00
 0.00000000E+00
 4.68750000E-02
 5.00000000E-01
 6.25000000E-02
 2.50000000E-01
 5.46875000E-02
   2
   8
   3
  57
 3.06989775E+02
 2.51872620E-01
 1.02448807E+00
 2.22656250E-01
 7.69585969E-05
-6.31305160E-06
-3.54762867E-06
 0.00000000E+00
 5.00000000E-01
 2.18750000E-01
 1.00000000E+00
 2.26562500E-01
 7.50000000E-01
 2.22656250E-01
   3
   7
   7
 107
 3.08343558E+02
 1.80750783E+00
 1.30337696E+00
 8.35937500E-01
 2.18369216E-05
-5.67537134E-04
-6.89150493E-06
 0.00000000E+00
 7.50000000E-01
 8.28125000E-01
 1.00000000E+00
 8.43750000E-01
 8.75000000E-01
 8.35937500E-01
   2
   8
   1
  75
 3.07613809E+02
 3.46680413E-01
 1.04203200E+00
 2.92968750E-01
 4.44483956E-05
-7.63114116E-06
-3.37144429E-06
 0.00000000E+00
 0.00000000E+00
 2.89062500E-01
 5.00000000E-01
 2.96875000E-01
 2.50000000E-01
 2.92968750E-01
   1
   9
   1
 135
 3.07334749E+02
 3.06079438E-01
 1.03417738E+00
 2.63671875E-01
 2.74355950E-05
-3.51794327E-06
-1.72442661E-06
 0.00000000E+00
 0.00000000E+00
 2.61718750E-01
 1.00000000E+00
 2.65625000E-01
 5.00000000E-01
 2.63671875E-01
   2
   7
   3
  19
 3.06570398E+02
 1.60682382E-01
 1.01095682E+00
 1.48437500E-01
 6.93481721E-04
-2.10428854E-05
-1.47678226E-05
 0.00000000E+00
 5.00000000E-01
 1.40625000E-01
 1.00000000E+00
 1.56250000E-01
 7.50000000E-01
 1.48437500E-01
   3
   4
   7
   1
 3.05605187E+02
 6.45385211E-02
 1.00195122E+00
 6.25000000E-02
 7.62040549E+01
-1.11358759E-03
 2.49030056E-01
 0.00000000E+00
 7.50000000E-01
 0.00000000E+00
 1.00000000E+00
 1.25000000E-01
 8.75000000E-01
 6.25000000E-02
   1
   8
   1
 151
 3.08201043E+02
 8.91217094E-01
 1.16099770E+00
 5.89843750E-01
 2.19293439E-05
-4.53535308E-05
-4.87524401E-06
 0.00000000E+00
 0.00000000E+00
 5.85937500E-01
 1.00000000E+00
 5.93750000E-01
 5.00000000E-01
 5.89843750E-01
   3
   7
   1
  37
 3.07683758E+02
 3.41170757E-01
 1.04094050E+00
 2.89062500E-01
 1.82681776E-04
-3.01914136E-05
-1.35281556E-05
 0.00000000E+00
 0.00000000E+00
 2.81250000E-01
 2.50000000E-01
 2.96875000E-01
 1.25000000E-01
 2.89062500E-01
   1
   9
   1
 385
 3.08474247E+02
 1.39413754E+00
 1.25117285E+00
 7.51953125E-01
 3.37326162E-06
-3.10010230E-05
-9.73819260E-07
 0.00000000E+00
 0.00000000E+00
 7.50000000E-01
 1.00000000E+00
 7.53906250E-01
 5.00000000E-01
 7.51953125E-01
   5
   5
   1
   3
 3.06584213E+02
 9.84400728E-02
 1.00438492E+00
 9.37500000E-02
 2.94457589E-02
-2.97442034E-04
-2.40901227E-04
 0.00000000E+00
 0.00000000E+00
 6.25000000E-02
 6.25000000E-02
 1.25000000E-01
 3.12500000E-02
 9.37500000E-02
   2
   7
   1
  55
 3.08022430E+02
 5.61570823E-01
 1.08840771E+00
 4.29687500E-01
 8.26582915E-05
-4.69175191E-05
-1.18343389E-05
 0.00000000E+00
 0.00000000E+00
 4.21875000E-01
 5.00000000E-01
 4.37500000E-01
 2.50000000E-01
 4.29687500E-01
   3
   4
   1
  11
 3.08624866E+02
 1.16315081E+00
 1.21353049E+00
 6.87500000E-01
 2.07470070E-03
-1.02054986E-02
-5.46665410E-04
 0.00000000E+00
 0.00000000E+00
 6.25000000E-01
 2.50000000E-01
 7.50000000E-01
 1.25000000E-01
 6.87500000E-01
   2
   8
   3
  81
 3.07358747E+02
 3.80391471E-01
 1.04886268E+00
 3.16406250E-01
 3.81068515E-05
-8.16339859E-06
-3.30600391E-06
 0.00000000E+00
 5.00000000E-01
 3.12500000E-01
 1.00000000E+00
 3.20312500E-01
 7.50000000E-01
 3.16406250E-01
   2
   6
   1
  15
 3.07379682E+02
 2.67062785E-01
 1.02709865E+00
 2.34375000E-01
 1.11358759E-03
-1.04144971E-04
-5.63280866E-05
 0.00000000E+00
 0.00000000E+00
 2.18750000E-01
 5.00000000E-01
 2.50000000E-01
 2.50000000E-01
 2.34375000E-01
   1
   6
   1
  33
 3.08052652E+02
 7.24895879E-01
 1.12510850E+00
 5.15625000E-01
 4.59347758E-04
-5.20562254E-04
-8.57092876E-05
 0.00000000E+00
 0.00000000E+00
 5.00000000E-01
 1.00000000E+00
 5.31250000E-01
 5.00000000E-01
 5.15625000E-01
   2
   8
   1
  99
 3.07909015E+02
 4.88931639E-01
 1.07217134E+00
 3.86718750E-01
 2.55089026E-05
-1.01426050E-05
-3.09504514E-06
 0.00000000E+00
 0.00000000E+00
 3.82812500E-01
 5.00000000E-01
 3.90625000E-01
 2.50000000E-01
 3.86718750E-01
   3
   1
   1
   1
 3.08271264E+02
 6.93147181E-01
 1.11803399E+00
 5.00000000E-01
 1.54177684E+02
 3.46573590E-01
 5.59016994E-01
 2.50000000E-01
 0.00000000E+00
 0.00000000E+00
 2.50000000E-01
 1.00000000E+00
 1.25000000E-01
 5.00000000E-01
   1
   9
   1
 147
 3.07424300E+02
 3.38427271E-01
 1.04039982E+00
 2.87109375E-01
 2.31390425E-05
-3.75306344E-06
-1.69367094E-06
 0.00000000E+00
 0.00000000E+00
 2.85156250E-01
 1.00000000E+00
 2.89062500E-01
 5.00000000E-01
 2.87109375E-01
   2
   7
   3
  67
 3.07900947E+02
 7.41156400E-01
 1.12871024E+00
 5.23437500E-01
 5.56978947E-05
-6.71952699E-05
-1.06114092E-05
 0.00000000E+00
 5.00000000E-01
 5.15625000E-01
 1.00000000E+00
 5.31250000E-01
 7.50000000E-01
 5.23437500E-01
   1
   8
   1
 175
 3.08366123E+02
 1.15072829E+00
 1.21132176E+00
 6.83593750E-01
 1.63267972E-05
-7.62137034E-05
-4.29251856E-06
 0.00000000E+00
 0.00000000E+00
 6.79687500E-01
 1.00000000E+00
 6.87500000E-01
 5.00000000E-01
 6.83593750E-01
   3
   7
   1
  85
 3.08585787E+02
 1.09083015E+00
 1.20040785E+00
 6.64062500E-01
 3.46044709E-05
-1.35244796E-04
-8.82136979E-06
 0.00000000E+00
 0.00000000E+00
 6.56250000E-01
 2.50000000E-01
 6.71875000E-01
 1.25000000E-01
 6.64062500E-01
   4
   6
   1
   3
 3.05861253E+02
 4.80092192E-02
 1.00109803E+00
 4.68750000E-02
 2.94457589E-02
-6.71952699E-05
-6.08308778E-05
 0.00000000E+00
 0.00000000E+00
 3.12500000E-02
 1.25000000E-01
 6.25000000E-02
 6.25000000E-02
 4.68750000E-02
   1
   9
   1
 397
 3.08509334E+02
 1.49339250E+00
 1.26539742E+00
 7.75390625E-01
 3.17241802E-06
-3.78086128E-05
-9.41346428E-07
 0.00000000E+00
 0.00000000E+00
 7.73437500E-01
 1.00000000E+00
 7.77343750E-01
 5.00000000E-01
 7.75390625E-01
   2
   7
   1
 103
 3.08720121E+02
 1.63315444E+00
 1.28355832E+00
 8.04687500E-01
 2.35660083E-05
-4.00320342E-04
-7.21567773E-06
 0.00000000E+00
 0.00000000E+00
 7.96875000E-01
 5.00000000E-01
 8.12500000E-01
 2.50000000E-01
 8.04687500E-01
   2
   6
   3
  39
 3.08069072E+02
 9.40007258E-01
 1.17104137E+00
 6.09375000E-01
 1.64419605E-04
-4.00320342E-04
-3.80075772E-05
 0.00000000E+00
 5.00000000E-01
 5.93750000E-01
 1.00000000E+00
 6.25000000E-01
 7.50000000E-01
 6.09375000E-01
   3
   6
   7
  25
 3.07499277E+02
 4.95321437E-01
 1.07358646E+00
 3.90625000E-01
 4.00320342E-04
-1.64419605E-04
-4.93243313E-05
 0.00000000E+00
 7.50000000E-01
 3.75000000E-01
 1.00000000E+00
 4.06250000E-01
 8.75000000E-01
 3.90625000E-01
   2
   8
   3
 105
 3.07635832E+02
 5.27897608E-01
 1.08084603E+00
 4.10156250E-01
 2.26767655E-05
-1.09646718E-05
-3.02112143E-06
 0.00000000E+00
 5.00000000E-01
 4.06250000E-01
 1.00000000E+00
 4.14062500E-01
 7.50000000E-01
 4.10156250E-01
   3
   4
   7
   5
 3.07261488E+02
 3.74693449E-01
 1.04769091E+00
 3.12500000E-01
 1.02054986E-02
-2.07470070E-03
-8.48761947E-04
 0.00000000E+00
 7.50000000E-01
 2.50000000E-01
 1.00000000E+00
 3.75000000E-01
 8.75000000E-01
 3.12500000E-01
   5
   5
   1
   5
 3.07106754E+02
 1.69899037E-01
 1.01213342E+00
 1.56250000E-01
 1.02054986E-02
-3.43170953E-04
-2.35415801E-04
 0.00000000E+00
 0.00000000E+00
 1.25000000E-01
 6.25000000E-02
 1.87500000E-01
 3.12500000E-02
 1.56250000E-01
   3
   4
   1
  15
 3.08981884E+02
 2.77258872E+00
 1.37073201E+00
 9.37500000E-01
 7.72866742E+01
 8.66433976E-01
 3.53173950E-01
 2.50000000E-01
 0.00000000E+00
 8.75000000E-01
 2.50000000E-01
 1.00000000E+00
 1.25000000E-01
 9.37500000E-01
   2
   8
   1
 123
 3.08143653E+02
 6.54828316E-01
 1.10943689E+00
 4.80468750E-01
 1.65251017E-05
-1.41334766E-05
-2.79352256E-06
 0.00000000E+00
 0.00000000E+00
 4.76562500E-01
 5.00000000E-01
 4.84375000E-01
 2.50000000E-01
 4.80468750E-01
   1
   7
   1
  17
 3.06624451E+02
 1.42500063E-01
 1.00878103E+00
 1.32812500E-01
 1.73310399E-03
-4.05827686E-05
-2.97271587E-05
 0.00000000E+00
 0.00000000E+00
 1.25000000E-01
 1.00000000E+00
 1.40625000E-01
 5.00000000E-01
 1.32812500E-01
   1
   9
   1
 159
 3.07507165E+02
 3.71856568E-01
 1.04711000E+00
 3.10546875E-01
 1.97780896E-05
-4.01256736E-06
-1.66131866E-06
 0.00000000E+00
 0.00000000E+00
 3.08593750E-01
 1.00000000E+00
 3.12500000E-01
 5.00000000E-01
 3.10546875E-01
   2
   7
   3
 115
 3.08511481E+02
 2.28708091E+00
 1.34431765E+00
 8.98437500E-01
 1.89043063E-05
-1.48368388E-03
-6.28085678E-06
 0.00000000E+00
 5.00000000E-01
 8.90625000E-01
 1.00000000E+00
 9.06250000E-01
 7.50000000E-01
 8.98437500E-01
   1
   8
   1
 199
 3.08512216E+02
 1.50212618E+00
 1.26659516E+00
 7.77343750E-01
 1.26261031E-05
-1.53917194E-04
-3.75471961E-06
 0.00000000E+00
 0.00000000E+00
 7.73437500E-01
 1.00000000E+00
 7.81250000E-01
 5.00000000E-01
 7.77343750E-01
   1
   9
   1
 409
 3.08543506E+02
 1.60359564E+00
 1.27989311E+00
 7.98828125E-01
 2.98899141E-06
-4.71320168E-05
-9.09723091E-07
 0.00000000E+00
 0.00000000E+00
 7.96875000E-01
 1.00000000E+00
 8.00781250E-01
 5.00000000E-01
 7.98828125E-01
   2
   8
   3
 129
 3.07859258E+02
 7.00990358E-01
 1.11978637E+00
 5.03906250E-01
 1.50235873E-05
-1.55005115E-05
-2.71678060E-06
 0.00000000E+00
 5.00000000E-01
 5.00000000E-01
 1.00000000E+00
 5.07812500E-01
 7.50000000E-01
 5.03906250E-01
   3
   7
   7
  13
 3.06098017E+02
 1.07098136E-01
 1.00514424E+00
 1.01562500E-01
 1.48368388E-03
-1.89043064E-05
-1.50254913E-05
 0.00000000E+00
 7.50000000E-01
 9.37500000E-02
 1.00000000E+00
 1.09375000E-01
 8.75000000E-01
 1.01562500E-01
   2
   8
   1
 147
 3.08339475E+02
 8.53829562E-01
 1.15313797E+00
 5.74218750E-01
 1.15695213E-05
-2.10428854E-05
-2.48780629E-06
 0.00000000E+00
 0.00000000E+00
 5.70312500E-01
 5.00000000E-01
 5.78125000E-01
 2.50000000E-01
 5.74218750E-01
   3
   4
   7
   9
 3.07896138E+02
 8.26678573E-01
 1.14734748E+00
 5.62500000E-01
 3.10563000E-03
-5.15482180E-03
-6.46665355E-04
 0.00000000E+00
 7.50000000E-01
 5.00000000E-01
 1.00000000E+00
 6.25000000E-01
 8.75000000E-01
 5.62500000E-01
   5
   5
   1
   7
 3.07454942E+02
 2.46860078E-01
 1.02364621E+00
 2.18750000E-01
 5.15482180E-03
-4.00320342E-04
-2.27568598E-04
 0.00000000E+00
 0.00000000E+00
 1.87500000E-01
 6.25000000E-02
 2.50000000E-01
 3.12500000E-02
 2.18750000E-01
   1
   7
   1
  65
 3.08035920E+02
 7.08895538E-01
 1.12154961E+00
 5.07812500E-01
 1.18357203E-04
-1.25992189E-04
-2.16319030E-05
 0.00000000E+00
 0.00000000E+00
 5.00000000E-01
 1.00000000E+00
 5.15625000E-01
 5.00000000E-01
 5.07812500E-01
   1
   9
   1
 171
 3.07584318E+02
 4.06442148E-01
 1.05429861E+00
 3.33984375E-01
 1.70995710E-05
-4.29994711E-06
-1.62756744E-06
 0.00000000E+00
 0.00000000E+00
 3.32031250E-01
 1.00000000E+00
 3.35937500E-01
 5.00000000E-01
 3.33984375E-01
   1
   8
   1
 223
 3.08643656E+02
 2.04866988E+00
 1.32619920E+00
 8.71093750E-01
 1.00545965E-05
-4.59347759E-04
-3.27088201E-06
 0.00000000E+00
 0.00000000E+00
 8.67187500E-01
 1.00000000E+00
 8.75000000E-01
 5.00000000E-01
 8.71093750E-01
   2
   6
   1
  17
 3.07510703E+02
 3.08735482E-01
 1.03467707E+00
 2.65625000E-01
 8.66551994E-04
-1.13199006E-04
-5.50996684E-05
 0.00000000E+00
 0.00000000E+00
 2.50000000E-01
 5.00000000E-01
 2.81250000E-01
 2.50000000E-01
 2.65625000E-01
   1
   6
   1
  35
 3.08117351E+02
 7.91587253E-01
 1.13976851E+00
 5.46875000E-01
 4.08329953E-04
-5.94884068E-04
-8.24447814E-05
 0.00000000E+00
 0.00000000E+00
 5.31250000E-01
 1.00000000E+00
 5.62500000E-01
 5.00000000E-01
 5.46875000E-01
   1
   9
   1
 421
 3.08576817E+02
 1.72746512E+00
 1.29465082E+00
 8.22265625E-01
 2.82102570E-06
-6.03828272E-05
-8.78966608E-07
 0.00000000E+00
 0.00000000E+00
 8.20312500E-01
 1.00000000E+00
 8.24218750E-01
 5.00000000E-01
 8.22265625E-01
   2
   8
   3
 153
 3.08047457E+02
 9.10448456E-01
 1.16498626E+00
 5.97656250E-01
 1.06798812E-05
-2.35660084E-05
-2.41267070E-06
 0.00000000E+00
 5.00000000E-01
 5.93750000E-01
 1.00000000E+00
 6.01562500E-01
 7.50000000E-01
 5.97656250E-01
   3
   7
   7
  61
 3.07714237E+02
 6.47337645E-01
 1.10775079E+00
 4.76562500E-01
 6.71952701E-05
-5.56978948E-05
-1.12251838E-05
 0.00000000E+00
 7.50000000E-01
 4.68750000E-01
 1.00000000E+00
 4.84375000E-01
 8.75000000E-01
 4.76562500E-01
   2
   8
   1
 171
 3.08508280E+02
 1.10252619E+00
 1.20257318E+00
 6.67968750E-01
 8.54978532E-06
-3.46044710E-05
-2.19344202E-06
 0.00000000E+00
 0.00000000E+00
 6.64062500E-01
 5.00000000E-01
 6.71875000E-01
 2.50000000E-01
 6.67968750E-01
   4
   6
   1
   5
 3.06377936E+02
 8.13456395E-02
 1.00304712E+00
 7.81250000E-02
 1.02054986E-02
-7.18287607E-05
-6.04770385E-05
 0.00000000E+00
 0.00000000E+00
 6.25000000E-02
 1.25000000E-01
 9.37500000E-02
 6.25000000E-02
 7.81250000E-02
   2
   6
   3
  41
 3.08124940E+02
 1.02338887E+00
 1.18760279E+00
 6.40625000E-01
 1.48765253E-04
-4.73037038E-04
-3.64397156E-05
 0.00000000E+00
 5.00000000E-01
 6.25000000E-01
 1.00000000E+00
 6.56250000E-01
 7.50000000E-01
 6.40625000E-01
   1
   7
   1
 113
 3.08659216E+02
 2.14398006E+00
 1.33392575E+00
 8.82812500E-01
 3.91588674E-05
-2.22717517E-03
-1.28575886E-05
 0.00000000E+00
 0.00000000E+00
 8.75000000E-01
 1.00000000E+00
 8.90625000E-01
 5.00000000E-01
 8.82812500E-01
   3
   6
   7
  27
 3.07582095E+02
 5.47965171E-01
 1.08534719E+00
 4.21875000E-01
 3.43170953E-04
-1.82681776E-04
-4.77384706E-05
 0.00000000E+00
 7.50000000E-01
 4.06250000E-01
 1.00000000E+00
 4.37500000E-01
 8.75000000E-01
 4.21875000E-01
   1
   9
   1
 183
 3.07656534E+02
 4.42266874E-01
 1.06195593E+00
 3.57421875E-01
 1.49304984E-05
-4.61934304E-06
-1.59261367E-06
 0.00000000E+00
 0.00000000E+00
 3.55468750E-01
 1.00000000E+00
 3.59375000E-01
 5.00000000E-01
 3.57421875E-01
   3
   4
   7
  13
 3.08310727E+02
 1.67397643E+00
 1.28847051E+00
 8.12500000E-01
 1.48368388E-03
-2.94457589E-02
-4.56802645E-04
 0.00000000E+00
 7.50000000E-01
 7.50000000E-01
 1.00000000E+00
 8.75000000E-01
 8.75000000E-01
 8.12500000E-01
   1
   8
   1
 247
 3.08763447E+02
 3.34795287E+00
 1.38957672E+00
 9.64843750E-01
 8.19557937E-06
-6.21126000E-03
-2.84343755E-06
 0.00000000E+00
 0.00000000E+00
 9.60937500E-01
 1.00000000E+00
 9.68750000E-01
 5.00000000E-01
 9.64843750E-01
   5
   5
   1
   9
 3.07717973E+02
 3.30241687E-01
 1.03879813E+00
 2.81250000E-01
 3.10563000E-03
-4.73037038E-04
-2.17763118E-04
 0.00000000E+00
 0.00000000E+00
 2.50000000E-01
 6.25000000E-02
 3.12500000E-01
 3.12500000E-02
 2.81250000E-01
   1
   9
   1
 433
 3.08609315E+02
 1.86887677E+00
 1.30966170E+00
 8.45703125E-01
 2.66683043E-06
-8.01217853E-05
-8.49088503E-07
 0.00000000E+00
 0.00000000E+00
 8.43750000E-01
 1.00000000E+00
 8.47656250E-01
 5.00000000E-01
 8.45703125E-01
   2
   8
   3
 177
 3.08210743E+02
 1.17572959E+00
 1.21574775E+00
 6.91406250E-01
 7.97995438E-06
-4.00608926E-05
-2.12290393E-06
 0.00000000E+00
 5.00000000E-01
 6.87500000E-01
 1.00000000E+00
 6.95312500E-01
 7.50000000E-01
 6.91406250E-01
   2
   7
   1
   9
 3.06144955E+02
 7.29067708E-02
 1.00246888E+00
 7.03125000E-02
 3.10563000E-03
-1.76547438E-05
-1.51461043E-05
 0.00000000E+00
 0.00000000E+00
 6.25000000E-02
 5.00000000E-01
 7.81250000E-02
 2.50000000E-01
 7.03125000E-02
   1
   8
   1
   9
 3.05277009E+02
 3.57891079E-02
 1.00061779E+00
 3.51562500E-02
 6.21126000E-03
-8.19557930E-06
-7.61524306E-06
 0.00000000E+00
 0.00000000E+00
 3.12500000E-02
 1.00000000E+00
 3.90625000E-02
 5.00000000E-01
 3.51562500E-02
   1
   3
   1
   3
 3.07707838E+02
 4.70003629E-01
 1.06800047E+00
 3.75000000E-01
 5.88915178E-02
-2.04109973E-02
-6.40472941E-03
 0.00000000E+00
 0.00000000E+00
 2.50000000E-01
 1.00000000E+00
 5.00000000E-01
 5.00000000E-01
 3.75000000E-01
   3
   7
   7
 109
 3.08365006E+02
 1.90759128E+00
 1.31345297E+00
 8.51562500E-01
 2.10428853E-05
-6.93481721E-04
-6.73411805E-06
 0.00000000E+00
 7.50000000E-01
 8.43750000E-01
 1.00000000E+00
 8.59375000E-01
 8.75000000E-01
 8.51562500E-01
   2
   8
   1
 195
 3.08657190E+02
 1.43430358E+00
 1.25706621E+00
 7.61718750E-01
 6.57470844E-06
-6.71952699E-05
-1.92037701E-06
 0.00000000E+00
 0.00000000E+00
 7.57812500E-01
 5.00000000E-01
 7.65625000E-01
 2.50000000E-01
 7.61718750E-01
   1
   9
   1
 195
 3.07724441E+02
 4.79422851E-01
 1.07007190E+00
 3.80859375E-01
 1.31494170E-05
-4.97569374E-06
-1.55665036E-06
 0.00000000E+00
 0.00000000E+00
 3.78906250E-01
 1.00000000E+00
 3.82812500E-01
 5.00000000E-01
 3.80859375E-01
   2
   7
   3
  21
 3.06673410E+02
 1.79201429E-01
 1.01336889E+00
 1.64062500E-01
 5.67537134E-04
-2.18369219E-05
-1.46626262E-05
 0.00000000E+00
 5.00000000E-01
 1.56250000E-01
 1.00000000E+00
 1.71875000E-01
 7.50000000E-01
 1.64062500E-01
   1
   9
   1
 445
 3.08641046E+02
 2.03363201E+00
 1.32491714E+00
 8.69140625E-01
 2.52494004E-06
-1.11395790E-04
-8.20095067E-07
 0.00000000E+00
 0.00000000E+00
 8.67187500E-01
 1.00000000E+00
 8.71093750E-01
 5.00000000E-01
 8.69140625E-01
   3
   7
   1
  39
 3.07739331E+02
 3.63393894E-01
 1.04538724E+00
 3.04687500E-01
 1.64419605E-04
-3.15636640E-05
-1.33562642E-05
 0.00000000E+00
 0.00000000E+00
 2.96875000E-01
 2.50000000E-01
 3.12500000E-01
 1.25000000E-01
 3.04687500E-01
   2
   8
   3
 201
 3.08355472E+02
 1.53784426E+00
 1.27140487E+00
 7.85156250E-01
 6.18804228E-06
-8.26582914E-05
-1.85613431E-06
 0.00000000E+00
 5.00000000E-01
 7.81250000E-01
 1.00000000E+00
 7.89062500E-01
 7.50000000E-01
 7.85156250E-01
   5
   5
   1
  11
 3.07930359E+02
 4.21213465E-01
 1.05743277E+00
 3.43750000E-01
 2.07470070E-03
-5.67537134E-04
-2.06460523E-04
 0.00000000E+00
 0.00000000E+00
 3.12500000E-01
 6.25000000E-02
 3.75000000E-01
 3.12500000E-02
 3.43750000E-01
   2
   7
   1
  57
 3.08061077E+02
 5.89350387E-01
 1.09467037E+00
 4.45312500E-01
 7.69585968E-05
-4.95982543E-05
-1.16323919E-05
 0.00000000E+00
 0.00000000E+00
 4.37500000E-01
 5.00000000E-01
 4.53125000E-01
 2.50000000E-01
 4.45312500E-01
   1
   8
   1
  33
 3.06593866E+02
 1.38005673E-01
 1.00827418E+00
 1.28906250E-01
 4.59347758E-04
-1.00545965E-05
-7.44307920E-06
 0.00000000E+00
 0.00000000E+00
 1.25000000E-01
 1.00000000E+00
 1.32812500E-01
 5.00000000E-01
 1.28906250E-01
   2
   8
   1
 219
 3.08790836E+02
 1.93425953E+00
 1.31598890E+00
 8.55468750E-01
 5.21262297E-06
-1.82681776E-04
-1.67380347E-06
 0.00000000E+00
 0.00000000E+00
 8.51562500E-01
 5.00000000E-01
 8.59375000E-01
 2.50000000E-01
 8.55468750E-01
   2
   6
   1
  19
 3.07627787E+02
 3.52220594E-01
 1.04313698E+00
 2.96875000E-01
 6.93481721E-04
-1.23487283E-04
-5.37701857E-05
 0.00000000E+00
 0.00000000E+00
 2.81250000E-01
 5.00000000E-01
 3.12500000E-01
 2.50000000E-01
 2.96875000E-01
   1
   6
   1
  37
 3.08178779E+02
 8.63046217E-01
 1.15508810E+00
 5.78125000E-01
 3.65363553E-04
-6.86341906E-04
-7.92081269E-05
 0.00000000E+00
 0.00000000E+00
 5.62500000E-01
 1.00000000E+00
 5.93750000E-01
 5.00000000E-01
 5.78125000E-01
   1
   9
   1
 207
 3.07788553E+02
 5.18012848E-01
 1.07863616E+00
 4.04296875E-01
 1.16690200E-05
-5.37492811E-06
-1.51986513E-06
 0.00000000E+00
 0.00000000E+00
 4.02343750E-01
 1.00000000E+00
 4.06250000E-01
 5.00000000E-01
 4.04296875E-01
   5
   2
   1
   1
 3.07594332E+02
 2.87682072E-01
 1.03077641E+00
 2.50000000E-01
 7.67188368E+01
-2.94457589E-02
 2.35879706E-01
 0.00000000E+00
 0.00000000E+00
 0.00000000E+00
 6.25000000E-02
 5.00000000E-01
 3.12500000E-02
 2.50000000E-01
   2
   7
   3
  69
 3.07933289E+02
 7.74492820E-01
 1.13604066E+00
 5.39062500E-01
 5.25154923E-05
-7.18287607E-05
-1.04073244E-05
 0.00000000E+00
 5.00000000E-01
 5.31250000E-01
 1.00000000E+00
 5.46875000E-01
 7.50000000E-01
 5.39062500E-01
   1
   9
   1
 457
 3.08672048E+02
 2.23099144E+00
 1.34040878E+00
 8.92578125E-01
 2.39407984E-06
-1.65316583E-04
-7.91987938E-07
 0.00000000E+00
 0.00000000E+00
 8.90625000E-01
 1.00000000E+00
 8.94531250E-01
 5.00000000E-01
 8.92578125E-01
   3
   7
   1
  87
 3.08611972E+02
 1.13845820E+00
 1.20912162E+00
 6.79687500E-01
 3.30316444E-05
-1.48765253E-04
-8.63202591E-06
 0.00000000E+00
 0.00000000E+00
 6.71875000E-01
 2.50000000E-01
 6.87500000E-01
 1.25000000E-01
 6.79687500E-01
   4
   6
   1
   7
 3.06720266E+02
 1.15831816E-01
 1.00596366E+00
 1.09375000E-01
 5.15482180E-03
-7.69585969E-05
-5.99526710E-05
 0.00000000E+00
 0.00000000E+00
 9.37500000E-02
 1.25000000E-01
 1.25000000E-01
 6.25000000E-02
 1.09375000E-01
   2
   8
   3
 225
 3.08485841E+02
 2.11119024E+00
 1.33134376E+00
 8.78906250E-01
 4.93832039E-06
-2.60281127E-04
-1.61655529E-06
 0.00000000E+00
 5.00000000E-01
 8.75000000E-01
 1.00000000E+00
 8.82812500E-01
 7.50000000E-01
 8.78906250E-01
   2
   7
   1
 105
 3.08742281E+02
 1.71653605E+00
 1.29341123E+00
 8.20312500E-01
 2.26767654E-05
-4.73037038E-04
-7.05203075E-06
 0.00000000E+00
 0.00000000E+00
 8.12500000E-01
 5.00000000E-01
 8.28125000E-01
 2.50000000E-01
 8.20312500E-01
   2
   6
   3
  43
 3.08178426E+02
 1.11436065E+00
 1.20474728E+00
 6.71875000E-01
 1.35244796E-04
-5.67537134E-04
-3.49061805E-05
 0.00000000E+00
 5.00000000E-01
 6.56250000E-01
 1.00000000E+00
 6.87500000E-01
 7.50000000E-01
 6.71875000E-01
   1
   8
   1
  57
 3.07157984E+02
 2.51872620E-01
 1.02448807E+00
 2.22656250E-01
 1.53917194E-04
-1.26261032E-05
-7.09525734E-06
 0.00000000E+00
 0.00000000E+00
 2.18750000E-01
 1.00000000E+00
 2.26562500E-01
 5.00000000E-01
 2.22656250E-01
   3
   6
   7
  29
 3.07659412E+02
 6.03535022E-01
 1.09787170E+00
 4.53125000E-01
 2.97442034E-04
-2.04164977E-04
-4.61234760E-05
 0.00000000E+00
 7.50000000E-01
 4.37500000E-01
 1.00000000E+00
 4.68750000E-01
 8.75000000E-01
 4.53125000E-01
   2
   8
   1
 243
 3.08912399E+02
 2.98022809E+00
 1.37877345E+00
 9.49218750E-01
 4.23380789E-06
-1.48368388E-03
-1.45540054E-06
 0.00000000E+00
 0.00000000E+00
 9.45312500E-01
 5.00000000E-01
 9.53125000E-01
 2.50000000E-01
 9.49218750E-01
   5
   5
   1
  13
 3.08109129E+02
 5.21296924E-01
 1.07936975E+00
 4.06250000E-01
 1.48368388E-03
-6.93481721E-04
-1.94134514E-04
 0.00000000E+00
 0.00000000E+00
 3.75000000E-01
 6.25000000E-02
 4.37500000E-01
 3.12500000E-02
 4.06250000E-01
   1
   9
   1
 219
 3.07849300E+02
 5.58152016E-01
 1.08763813E+00
 4.27734375E-01
 1.04252460E-05
-5.82421359E-06
-1.48243866E-06
 0.00000000E+00
 0.00000000E+00
 4.25781250E-01
 1.00000000E+00
 4.29687500E-01
 5.00000000E-01
 4.27734375E-01
   2
   8
   1
   5
 3.04854502E+02
 1.97245053E-02
 1.00019072E+00
 1.95312500E-02
 1.02054986E-02
-3.96822247E-06
-3.81250101E-06
 0.00000000E+00
 0.00000000E+00
 1.56250000E-02
 5.00000000E-01
 2.34375000E-02
 2.50000000E-01
 1.95312500E-02
   1
   7
   1
  19
 3.06738606E+02
 1.60682382E-01
 1.01095682E+00
 1.48437500E-01
 1.38696344E-03
-4.20857708E-05
-2.95356451E-05
 0.00000000E+00
 0.00000000E+00
 1.40625000E-01
 1.00000000E+00
 1.56250000E-01
 5.00000000E-01
 1.48437500E-01
   2
   7
   3
 117
 3.08531652E+02
 2.45413499E+00
 1.35481004E+00
 9.14062500E-01
 1.82635058E-05
-2.07470070E-03
-6.13605796E-06
 0.00000000E+00
 5.00000000E-01
 9.06250000E-01
 1.00000000E+00
 9.21875000E-01
 7.50000000E-01
 9.14062500E-01
   1
   9
   1
 469
 3.08702361E+02
 2.47712451E+00
 1.35612854E+00
 9.16015625E-01
 2.27313564E-06
-2.70489593E-04
-7.64764642E-07
 0.00000000E+00
 0.00000000E+00
 9.14062500E-01
 1.00000000E+00
 9.17968750E-01
 5.00000000E-01
 9.16015625E-01
   2
   8
   3
 249
 3.08604767E+02
 3.59926730E+00
 1.39501261E+00
 9.72656250E-01
 4.03222560E-06
-5.15482180E-03
-1.40516362E-06
 0.00000000E+00
 5.00000000E-01
 9.68750000E-01
 1.00000000E+00
 9.76562500E-01
 7.50000000E-01
 9.72656250E-01
   1
   8
   1
  81
 3.07526955E+02
 3.80391471E-01
 1.04886268E+00
 3.16406250E-01
 7.62137031E-05
-1.63267972E-05
-6.61200781E-06
 0.00000000E+00
 0.00000000E+00
 3.12500000E-01
 1.00000000E+00
 3.20312500E-01
 5.00000000E-01
 3.16406250E-01
   2
   8
   3
  11
 3.05310936E+02
 4.39192339E-02
 1.00092273E+00
 4.29687500E-02
 2.07470070E-03
-4.16496597E-06
-3.80414255E-06
 0.00000000E+00
 5.00000000E-01
 3.90625000E-02
 1.00000000E+00
 4.68750000E-02
 7.50000000E-01
 4.29687500E-02
   3
   7
   7
  15
 3.06244047E+02
 1.24642445E-01
 1.00684304E+00
 1.17187500E-01
 1.11358759E-03
-1.95794338E-05
-1.49495685E-05
 0.00000000E+00
 7.50000000E-01
 1.09375000E-01
 1.00000000E+00
 1.25000000E-01
 8.75000000E-01
 1.17187500E-01
   5
   5
   1
  15
 3.08263946E+02
 6.32522559E-01
 1.10441232E+00
 4.68750000E-01
 1.11358759E-03
-8.66551994E-04
-1.81233163E-04
 0.00000000E+00
 0.00000000E+00
 4.37500000E-01
 6.25000000E-02
 5.00000000E-01
 3.12500000E-02
 4.68750000E-01
   2
   8
   1
  29
 3.06629934E+02
 1.20227427E-01
 1.00639587E+00
 1.13281250E-01
 2.97442034E-04
-4.85168402E-06
-3.74241558E-06
 0.00000000E+00
 0.00000000E+00
 1.09375000E-01
 5.00000000E-01
 1.17187500E-01
 2.50000000E-01
 1.13281250E-01
   1
   7
   1
  67
 3.08069155E+02
 7.41156400E-01
 1.12871024E+00
 5.23437500E-01
 1.11395790E-04
-1.34390540E-04
-2.12228183E-05
 0.00000000E+00
 0.00000000E+00
 5.15625000E-01
 1.00000000E+00
 5.31250000E-01
 5.00000000E-01
 5.23437500E-01
   6
   2
   1
   1
 3.07604845E+02
 2.87682072E-01
 1.03077641E+00
 2.50000000E-01
 7.67188368E+01
-2.94457589E-02
 2.35879706E-01
 0.00000000E+00
 0.00000000E+00
 0.00000000E+00
 3.12500000E-02
 5.00000000E-01
 1.56250000E-02
 2.50000000E-01
   1
   9
   1
 481
 3.08732019E+02
 2.80433742E+00
 1.37206857E+00
 9.39453125E-01
 2.16112960E-06
-5.20562254E-04
-7.38419106E-07
 0.00000000E+00
 0.00000000E+00
 9.37500000E-01
 1.00000000E+00
 9.41406250E-01
 5.00000000E-01
 9.39453125E-01
   2
   6
   1
  21
 3.07733728E+02
 3.97682968E-01
 1.05245713E+00
 3.28125000E-01
 5.67537134E-04
-1.35244796E-04
-5.23545599E-05
 0.00000000E+00
 0.00000000E+00
 3.12500000E-01
 5.00000000E-01
 3.43750000E-01
 2.50000000E-01
 3.28125000E-01
   1
   6
   1
  39
 3.08237280E+02
 9.40007258E-01
 1.17104137E+00
 6.09375000E-01
 3.28839210E-04
-8.00640683E-04
-7.60151543E-05
 0.00000000E+00
 0.00000000E+00
 5.93750000E-01
 1.00000000E+00
 6.25000000E-01
 5.00000000E-01
 6.09375000E-01
   1
   8
   1
 105
 3.07804040E+02
 5.27897608E-01
 1.08084603E+00
 4.10156250E-01
 4.53535307E-05
-2.19293437E-05
-6.04224285E-06
 0.00000000E+00
 0.00000000E+00
 4.06250000E-01
 1.00000000E+00
 4.14062500E-01
 5.00000000E-01
 4.10156250E-01
   2
   8
   3
  35
 3.06485963E+02
 1.47014743E-01
 1.00930274E+00
 1.36718750E-01
 2.04164977E-04
-5.11870272E-06
-3.71017374E-06
 0.00000000E+00
 5.00000000E-01
 1.32812500E-01
 1.00000000E+00
 1.40625000E-01
 7.50000000E-01
 1.36718750E-01
   3
   7
   7
  63
 3.07749427E+02
 6.77642994E-01
 1.11456204E+00
 4.92187500E-01
 6.29960946E-05
-5.91786013E-05
-1.10206496E-05
 0.00000000E+00
 7.50000000E-01
 4.84375000E-01
 1.00000000E+00
 5.00000000E-01
 8.75000000E-01
 4.92187500E-01
   4
   6
   1
   9
 3.06977439E+02
 1.51549898E-01
 1.00983929E+00
 1.40625000E-01
 3.10563000E-03
-8.26582914E-05
-5.92652060E-05
 0.00000000E+00
 0.00000000E+00
 1.25000000E-01
 1.25000000E-01
 1.56250000E-01
 6.25000000E-02
 1.40625000E-01
   2
   8
   1
  53
 3.07250504E+02
 2.31971465E-01
 1.02120612E+00
 2.07031250E-01
 8.90154898E-05
-6.06670954E-06
-3.58194234E-06
 0.00000000E+00
 0.00000000E+00
 2.03125000E-01
 5.00000000E-01
 2.10937500E-01
 2.50000000E-01
 2.07031250E-01
   2
   6
   3
  45
 3.08229747E+02
 1.21444410E+00
 1.22245031E+00
 7.03125000E-01
 1.23487283E-04
-6.93481721E-04
-3.34116570E-05
 0.00000000E+00
 5.00000000E-01
 6.87500000E-01
 1.00000000E+00
 7.18750000E-01
 7.50000000E-01
 7.03125000E-01
   1
   7
   1
 115
 3.08679690E+02
 2.28708091E+00
 1.34431765E+00
 8.98437500E-01
 3.78086128E-05
-2.96736776E-03
-1.25617136E-05
 0.00000000E+00
 0.00000000E+00
 8.90625000E-01
 1.00000000E+00
 9.06250000E-01
 5.00000000E-01
 8.98437500E-01
   3
   6
   7
  31
 3.07731962E+02
 6.62375522E-01
 1.11113417E+00
 4.84375000E-01
 2.60281127E-04
-2.29673879E-04
-4.44917492E-05
 0.00000000E+00
 7.50000000E-01
 4.68750000E-01
 1.00000000E+00
 5.00000000E-01
 8.75000000E-01
 4.84375000E-01
   1
   9
   1
 493
 3.08761054E+02
 3.29388565E+00
 1.38822129E+00
 9.62890625E-01
 2.05720266E-06
-1.38696344E-03
-7.12942133E-07
 0.00000000E+00
 0.00000000E+00
 9.60937500E-01
 1.00000000E+00
 9.64843750E-01
 5.00000000E-01
 9.62890625E-01
   5
   5
   1
  17
 3.08400825E+02
 7.57685702E-01
 1.13235443E+00
 5.31250000E-01
 8.66551994E-04
-1.11358759E-03
-1.68151667E-04
 0.00000000E+00
 0.00000000E+00
 5.00000000E-01
 6.25000000E-02
 5.62500000E-01
 3.12500000E-02
 5.31250000E-01
   1
   8
   1
 129
 3.08027466E+02
 7.00990358E-01
 1.11978637E+00
 5.03906250E-01
 3.00471740E-05
-3.10010230E-05
-5.43356119E-06
 0.00000000E+00
 0.00000000E+00
 5.00000000E-01
 1.00000000E+00
 5.07812500E-01
 5.00000000E-01
 5.03906250E-01
   2
   7
   1
  11
 3.06348555E+02
 8.98563291E-02
 1.00368583E+00
 8.59375000E-02
 2.07470070E-03
-1.82635059E-05
-1.50910809E-05
 0.00000000E+00
 0.00000000E+00
 7.81250000E-02
 5.00000000E-01
 9.37500000E-02
 2.50000000E-01
 8.59375000E-02
   1
   9
   1
   5
 3.03991316E+02
 9.81362145E-03
 1.00004768E+00
 9.76562500E-03
 2.04109973E-02
-1.94515821E-06
-1.90707400E-06
 0.00000000E+00
 0.00000000E+00
 7.81250000E-03
 1.00000000E+00
 1.17187500E-02
 5.00000000E-01
 9.76562500E-03
   2
   8
   3
  59
 3.07025726E+02
 2.61973716E-01
 1.02621433E+00
 2.30468750E-01
 7.18287606E-05
-6.44188773E-06
-3.52975597E-06
 0.00000000E+00
 5.00000000E-01
 2.26562500E-01
 1.00000000E+00
 2.34375000E-01
 7.50000000E-01
 2.30468750E-01
   3
   7
   7
 111
 3.08386117E+02
 2.01881692E+00
 1.32363672E+00
 8.67187500E-01
 2.02913843E-05
-8.66551994E-04
-6.57988020E-06
 0.00000000E+00
 7.50000000E-01
 8.59375000E-01
 1.00000000E+00
 8.75000000E-01
 8.75000000E-01
 8.67187500E-01
   2
   8
   1
  77
 3.07641591E+02
 3.57791639E-01
 1.04425541E+00
 3.00781250E-01
 4.21691829E-05
-7.80262480E-06
-3.34995511E-06
 0.00000000E+00
 0.00000000E+00
 2.96875000E-01
 5.00000000E-01
 3.04687500E-01
 2.50000000E-01
 3.00781250E-01
   1
   9
   1
 505
 3.08789497E+02
 4.29241448E+00
 1.40457936E+00
 9.86328125E-01
 1.96059597E-06
-1.03096436E-02
-6.88321834E-07
 0.00000000E+00
 0.00000000E+00
 9.84375000E-01
 1.00000000E+00
 9.88281250E-01
 5.00000000E-01
 9.86328125E-01
   2
   7
   3
  23
 3.06767311E+02
 1.98069914E-01
 1.01601555E+00
 1.79687500E-01
 4.73037038E-04
-2.26767654E-05
-1.45483449E-05
 0.00000000E+00
 5.00000000E-01
 1.71875000E-01
 1.00000000E+00
 1.87500000E-01
 7.50000000E-01
 1.79687500E-01
   1
   8
   1
 153
 3.08215666E+02
 9.10448456E-01
 1.16498626E+00
 5.97656250E-01
 2.13597625E-05
-4.71320168E-05
-4.82534140E-06
 0.00000000E+00
 0.00000000E+00
 5.93750000E-01
 1.00000000E+00
 6.01562500E-01
 5.00000000E-01
 5.97656250E-01
   3
   7
   1
  41
 3.07792270E+02
 3.86122145E-01
 1.05004766E+00
 3.20312500E-01
 1.48765253E-04
-3.30316444E-05
-1.31792233E-05
 0.00000000E+00
 0.00000000E+00
 3.12500000E-01
 2.50000000E-01
 3.28125000E-01
 1.25000000E-01
 3.20312500E-01
   5
   5
   1
  19
 3.08523766E+02
 9.00786545E-01
 1.16298713E+00
 5.93750000E-01
 6.93481721E-04
-1.48368388E-03
-1.55216921E-04
 0.00000000E+00
 0.00000000E+00
 5.62500000E-01
 6.25000000E-02
 6.25000000E-01
 3.12500000E-02
 5.93750000E-01
   2
   7
   1
  59
 3.08098492E+02
 6.17923759E-01
 1.10111915E+00
 4.60937500E-01
 7.18287606E-05
-5.25154923E-05
-1.14292162E-05
 0.00000000E+00
 0.00000000E+00
 4.53125000E-01
 5.00000000E-01
 4.68750000E-01
 2.50000000E-01
 4.60937500E-01
   1
   9
   1
  17
 3.05219485E+02
 3.37668625E-02
 1.00055107E+00
 3.32031250E-02
 1.73310399E-03
-2.04061227E-06
-1.90419704E-06
 0.00000000E+00
 0.00000000E+00
 3.12500000E-02
 1.00000000E+00
 3.51562500E-02
 5.00000000E-01
 3.32031250E-02
   6
   2
  63
   1
 3.06953038E+02
 2.87682072E-01
 1.03077641E+00
 2.50000000E-01
 7.65506285E+01
-2.94457589E-02
 2.35879706E-01
 0.00000000E+00
 9.68750000E-01
 0.00000000E+00
 1.00000000E+00
 5.00000000E-01
 9.84375000E-01
 2.50000000E-01
   2
   8
   3
  83
 3.07384603E+02
 3.91885850E-01
 1.05124583E+00
 3.24218750E-01
 3.62923714E-05
-8.35324189E-06
-3.28357116E-06
 0.00000000E+00
 5.00000000E-01
 3.20312500E-01
 1.00000000E+00
 3.28125000E-01
 7.50000000E-01
 3.24218750E-01
   2
   6
   1
  23
 3.07830558E+02
 4.45311017E-01
 1.06261488E+00
 3.59375000E-01
 4.73037038E-04
-1.48765253E-04
-5.08677263E-05
 0.00000000E+00
 0.00000000E+00
 3.43750000E-01
 5.00000000E-01
 3.75000000E-01
 2.50000000E-01
 3.59375000E-01
   1
   6
   1
  41
 3.08293149E+02
 1.02338887E+00
 1.18760279E+00
 6.40625000E-01
 2.97530506E-04
-9.46074076E-04
-7.28794312E-05
 0.00000000E+00
 0.00000000E+00
 6.25000000E-01
 1.00000000E+00
 6.56250000E-01
 5.00000000E-01
 6.40625000E-01
   2
   8
   1
 101
 3.07930480E+02
 5.01752328E-01
 1.07501391E+00
 3.94531250E-01
 2.45086024E-05
-1.04060438E-05
-3.07055838E-06
 0.00000000E+00
 0.00000000E+00
 3.90625000E-01
 5.00000000E-01
 3.98437500E-01
 2.50000000E-01
 3.94531250E-01
   2
   7
   3
  71
 3.07964792E+02
 8.08978996E-01
 1.14353759E+00
 5.54687500E-01
 4.95982543E-05
-7.69585969E-05
-1.02039806E-05
 0.00000000E+00
 5.00000000E-01
 5.46875000E-01
 1.00000000E+00
 5.62500000E-01
 7.50000000E-01
 5.54687500E-01
   1
   8
   1
 177
 3.08378951E+02
 1.17572959E+00
 1.21574775E+00
 6.91406250E-01
 1.59599088E-05
-8.01217853E-05
-4.24580786E-06
 0.00000000E+00
 0.00000000E+00
 6.87500000E-01
 1.00000000E+00
 6.95312500E-01
 5.00000000E-01
 6.91406250E-01
   3
   7
   1
  89
 3.08637630E+02
 1.18846862E+00
 1.21797351E+00
 6.95312500E-01
 3.15636639E-05
-1.64419605E-04
-8.44518859E-06
 0.00000000E+00
 0.00000000E+00
 6.87500000E-01
 2.50000000E-01
 7.03125000E-01
 1.25000000E-01
 6.95312500E-01
   4
   6
   1
  11
 3.07183967E+02
 1.88591170E-01
 1.01466301E+00
 1.71875000E-01
 2.07470070E-03
-8.90154896E-05
-5.84241671E-05
 0.00000000E+00
 0.00000000E+00
 1.56250000E-01
 1.25000000E-01
 1.87500000E-01
 6.25000000E-02
 1.71875000E-01
   2
   7
   1
 107
 3.08764079E+02
 1.80750783E+00
 1.30337696E+00
 8.35937500E-01
 2.18369219E-05
-5.67537134E-04
-6.89150493E-06
 0.00000000E+00
 0.00000000E+00
 8.28125000E-01
 5.00000000E-01
 8.43750000E-01
 2.50000000E-01
 8.35937500E-01
   2
   6
   3
  47
 3.08279090E+02
 1.32566974E+00
 1.24068797E+00
 7.34375000E-01
 1.13199006E-04
-8.66551994E-04
-3.19598911E-05
 0.00000000E+00
 5.00000000E-01
 7.18750000E-01
 1.00000000E+00
 7.50000000E-01
 7.50000000E-01
 7.34375000E-01
   1
   9
   1
  29
 3.05757961E+02
 5.83079714E-02
 1.00160280E+00
 5.66406250E-02
 5.94884068E-04
-2.14326896E-06
-1.89820491E-06
 0.00000000E+00
 0.00000000E+00
 5.46875000E-02
 1.00000000E+00
 5.85937500E-02
 5.00000000E-01
 5.66406250E-02
   3
   6
   7
  33
 3.07800340E+02
 7.24895879E-01
 1.12510850E+00
 5.15625000E-01
 2.29673879E-04
-2.60281127E-04
-4.28546438E-05
 0.00000000E+00
 7.50000000E-01
 5.00000000E-01
 1.00000000E+00
 5.31250000E-01
 8.75000000E-01
 5.15625000E-01
   2
   8
   3
 107
 3.07656165E+02
 5.41231139E-01
 1.08383480E+00
 4.17968750E-01
 2.18369219E-05
-1.12610076E-05
-2.99619753E-06
 0.00000000E+00
 5.00000000E-01
 4.14062500E-01
 1.00000000E+00
 4.21875000E-01
 7.50000000E-01
 4.17968750E-01
   5
   5
   1
  21
 3.08635566E+02
 1.06784063E+00
 1.19610370E+00
 6.56250000E-01
 5.67537134E-04
-2.07470070E-03
-1.42682579E-04
 0.00000000E+00
 0.00000000E+00
 6.25000000E-01
 6.25000000E-02
 6.87500000E-01
 3.12500000E-02
 6.56250000E-01
   2
   8
   1
 125
 3.08161247E+02
 6.69980121E-01
 1.11284257E+00
 4.88281250E-01
 1.60005119E-05
-1.45683401E-05
-2.76795382E-06
 0.00000000E+00
 0.00000000E+00
 4.84375000E-01
 5.00000000E-01
 4.92187500E-01
 2.50000000E-01
 4.88281250E-01
   7
   2
   1
   1
 3.07610101E+02
 2.87682072E-01
 1.03077641E+00
 2.50000000E-01
 7.67188368E+01
-2.94457589E-02
 2.35879706E-01
 0.00000000E+00
 0.00000000E+00
 0.00000000E+00
 1.56250000E-02
 5.00000000E-01
 7.81250000E-03
 2.50000000E-01
   1
   7
   1
  21
 3.06841618E+02
 1.79201429E-01
 1.01336889E+00
 1.64062500E-01
 1.13507427E-03
-4.36738438E-05
-2.93252523E-05
 0.00000000E+00
 0.00000000E+00
 1.56250000E-01
 1.00000000E+00
 1.71875000E-01
 5.00000000E-01
 1.64062500E-01
   2
   4
   1
   1
 3.06025708E+02
 6.45385211E-02
 1.00195122E+00
 6.25000000E-02
 7.63722632E+01
-1.11358759E-03
 2.49030056E-01
 0.00000000E+00
 0.00000000E+00
 0.00000000E+00
 5.00000000E-01
 1.25000000E-01
 2.50000000E-01
 6.25000000E-02
   2
   7
   3
 119
 3.08551531E+02
 2.65480569E+00
 1.36540062E+00
 9.29687500E-01
 1.76547438E-05
-3.10563000E-03
-5.99438274E-06
 0.00000000E+00
 5.00000000E-01
 9.21875000E-01
 1.00000000E+00
 9.37500000E-01
 7.50000000E-01
 9.29687500E-01
   1
   8
   1
 201
 3.08523680E+02
 1.53784426E+00
 1.27140487E+00
 7.85156250E-01
 1.23760843E-05
-1.65316583E-04
-3.71226862E-06
 0.00000000E+00
 0.00000000E+00
 7.81250000E-01
 1.00000000E+00
 7.89062500E-01
 5.00000000E-01
 7.85156250E-01
   5
   3
  31
   1
 3.06246972E+02
 1.33531393E-01
 1.00778222E+00
 1.25000000E-01
 7.63773417E+01
-5.15482180E-03
 2.46197008E-01
 0.00000000E+00
 9.37500000E-01
 0.00000000E+00
 1.00000000E+00
 2.50000000E-01
 9.68750000E-01
 1.25000000E-01
   4
   6
  15
   1
 3.04168053E+02
 1.57483570E-02
 1.00012206E+00
 1.56250000E-02
 7.58574813E+01
-6.29960946E-05
 2.49938991E-01
 0.00000000E+00
 8.75000000E-01
 0.00000000E+00
 1.00000000E+00
 3.12500000E-02
 9.37500000E-01
 1.56250000E-02
   1
   9
   1
  41
 3.06108630E+02
 8.34665310E-02
 1.00320113E+00
 8.00781250E-02
 2.97530506E-04
-2.25387159E-06
-1.88914654E-06
 0.00000000E+00
 0.00000000E+00
 7.81250000E-02
 1.00000000E+00
 8.20312500E-02
 5.00000000E-01
 8.00781250E-02
   2
   8
   3
 131
 3.07876107E+02
 7.16863707E-01
 1.12332368E+00
 5.11718750E-01
 1.45683400E-05
-1.60005120E-05
-2.69119639E-06
 0.00000000E+00
 5.00000000E-01
 5.07812500E-01
 1.00000000E+00
 5.15625000E-01
 7.50000000E-01
 5.11718750E-01
   4
   3
   1
   1
 3.06856727E+02
 1.33531393E-01
 1.00778222E+00
 1.25000000E-01
 7.65455500E+01
-5.15482180E-03
 2.46197008E-01
 0.00000000E+00
 0.00000000E+00
 0.00000000E+00
 1.25000000E-01
 2.50000000E-01
 6.25000000E-02
 1.25000000E-01
   1
   9
   1
 291
 3.08159912E+02
 8.40161924E-01
 1.15023145E+00
 5.68359375E-01
 5.90454715E-06
-1.02374054E-05
-1.25335599E-06
 0.00000000E+00
 0.00000000E+00
 5.66406250E-01
 1.00000000E+00
 5.70312500E-01
 5.00000000E-01
 5.68359375E-01
   3
   7
   7
  17
 3.06372139E+02
 1.42500063E-01
 1.00878103E+00
 1.32812500E-01
 8.66551994E-04
-2.02913843E-05
-1.48635793E-05
 0.00000000E+00
 7.50000000E-01
 1.25000000E-01
 1.00000000E+00
 1.40625000E-01
 8.75000000E-01
 1.32812500E-01
   2
   8
   1
 149
 3.08354453E+02
 8.72348610E-01
 1.15704813E+00
 5.82031250E-01
 1.12610077E-05
-2.18369219E-05
-2.46266950E-06
 0.00000000E+00
 0.00000000E+00
 5.78125000E-01
 5.00000000E-01
 5.85937500E-01
 2.50000000E-01
 5.82031250E-01
   2
   5
   3
   1
 3.04990286E+02
 3.17486983E-02
 1.00048816E+00
 3.12500000E-02
 7.60307681E+01
-2.60281127E-04
 2.49756276E-01
 0.00000000E+00
 5.00000000E-01
 0.00000000E+00
 1.00000000E+00
 6.25000000E-02
 7.50000000E-01
 3.12500000E-02
   5
   5
   1
  23
 3.08738253E+02
 1.26851133E+00
 1.23150378E+00
 7.18750000E-01
 4.73037038E-04
-3.10563000E-03
-1.30732007E-04
 0.00000000E+00
 0.00000000E+00
 6.87500000E-01
 6.25000000E-02
 7.50000000E-01
 3.12500000E-02
 7.18750000E-01
   1
   7
   1
  69
 3.08101498E+02
 7.74492820E-01
 1.13604066E+00
 5.39062500E-01
 1.05030985E-04
-1.43657521E-04
-2.08146487E-05
 0.00000000E+00
 0.00000000E+00
 5.31250000E-01
 1.00000000E+00
 5.46875000E-01
 5.00000000E-01
 5.39062500E-01
   3
   3
   1
   7
 3.08901175E+02
 2.07944154E+00
 1.32876823E+00
 8.75000000E-01
 7.72907155E+01
 6.93147181E-01
 3.51884113E-01
 2.50000000E-01
 0.00000000E+00
 7.50000000E-01
 2.50000000E-01
 1.00000000E+00
 1.25000000E-01
 8.75000000E-01
   1
   8
   1
 225
 3.08654049E+02
 2.11119024E+00
 1.33134376E+00
 8.78906250E-01
 9.87664089E-06
-5.20562254E-04
-3.23311058E-06
 0.00000000E+00
 0.00000000E+00
 8.75000000E-01
 1.00000000E+00
 8.82812500E-01
 5.00000000E-01
 8.78906250E-01
   2
   6
   1
  25
 3.07919797E+02
 4.95321437E-01
 1.07358646E+00
 3.90625000E-01
 4.00320342E-04
-1.64419605E-04
-4.93243313E-05
 0.00000000E+00
 0.00000000E+00
 3.75000000E-01
 5.00000000E-01
 4.06250000E-01
 2.50000000E-01
 3.90625000E-01
   1
   6
   1
  43
 3.08346635E+02
 1.11436065E+00
 1.20474728E+00
 6.71875000E-01
 2.70489593E-04
-1.13507427E-03
-6.98123609E-05
 0.00000000E+00
 0.00000000E+00
 6.56250000E-01
 1.00000000E+00
 6.87500000E-01
 5.00000000E-01
 6.71875000E-01
   2
   4
   1
   5
 3.07682009E+02
 3.74693449E-01
 1.04769091E+00
 3.12500000E-01
 1.02054986E-02
-2.07470070E-03
-8.48761947E-04
 0.00000000E+00
 0.00000000E+00
 2.50000000E-01
 5.00000000E-01
 3.75000000E-01
 2.50000000E-01
 3.12500000E-01
   1
   9
   1
  53
 3.06369744E+02
 1.09274415E-01
 1.00534347E+00
 1.03515625E-01
 1.78030979E-04
-2.37326188E-06
-1.87709527E-06
 0.00000000E+00
 0.00000000E+00
 1.01562500E-01
 1.00000000E+00
 1.05468750E-01
 5.00000000E-01
 1.03515625E-01
   2
   8
   3
 155
 3.08061909E+02
 9.30056928E-01
 1.16901343E+00
 6.05468750E-01
 1.04060438E-05
-2.45086025E-05
-2.38782221E-06
 0.00000000E+00
 5.00000000E-01
 6.01562500E-01
 1.00000000E+00
 6.09375000E-01
 7.50000000E-01
 6.05468750E-01
   1
   9
   1
 303
 3.08204715E+02
 8.95990373E-01
 1.16199120E+00
 5.91796875E-01
 5.44611885E-06
-1.14467554E-05
-1.21568668E-06
 0.00000000E+00
 0.00000000E+00
 5.89843750E-01
 1.00000000E+00
 5.93750000E-01
 5.00000000E-01
 5.91796875E-01
   3
   7
   7
  65
 3.07783608E+02
 7.08895538E-01
 1.12154961E+00
 5.07812500E-01
 5.91786014E-05
-6.29960946E-05
-1.08159515E-05
 0.00000000E+00
 7.50000000E-01
 5.00000000E-01
 1.00000000E+00
 5.15625000E-01
 8.75000000E-01
 5.07812500E-01
   2
   8
   1
 173
 3.08521372E+02
 1.12633684E+00
 1.20693011E+00
 6.75781250E-01
 8.35324192E-06
-3.62923714E-05
-2.16977327E-06
 0.00000000E+00
 0.00000000E+00
 6.71875000E-01
 5.00000000E-01
 6.79687500E-01
 2.50000000E-01
 6.75781250E-01
   4
   6
   1
  13
 3.07356879E+02
 2.27057451E-01
 1.02042137E+00
 2.03125000E-01
 1.48368388E-03
-9.61353598E-05
-5.74408711E-05
 0.00000000E+00
 0.00000000E+00
 1.87500000E-01
 1.25000000E-01
 2.18750000E-01
 6.25000000E-02
 2.03125000E-01
   2
   6
   3
  49
 3.08326620E+02
 1.45083288E+00
 1.25943703E+00
 7.65625000E-01
 1.04144971E-04
-1.11358759E-03
-3.05537730E-05
 0.00000000E+00
 5.00000000E-01
 7.50000000E-01
 1.00000000E+00
 7.81250000E-01
 7.50000000E-01
 7.65625000E-01
   1
   7
   1
 117
 3.08699860E+02
 2.45413499E+00
 1.35481004E+00
 9.14062500E-01
 3.65270117E-05
-4.14940141E-03
-1.22721159E-05
 0.00000000E+00
 0.00000000E+00
 9.06250000E-01
 1.00000000E+00
 9.21875000E-01
 5.00000000E-01
 9.14062500E-01
   3
   6
   7
  35
 3.07865038E+02
 7.91587253E-01
 1.13976851E+00
 5.46875000E-01
 2.04164976E-04
-2.97442034E-04
-4.12223907E-05
 0.00000000E+00
 7.50000000E-01
 5.31250000E-01
 1.00000000E+00
 5.62500000E-01
 8.75000000E-01
 5.46875000E-01
   2
   5
   3
   3
 3.06100614E+02
 9.84400728E-02
 1.00438492E+00
 9.37500000E-02
 2.94457589E-02
-2.97442034E-04
-2.40901227E-04
 0.00000000E+00
 5.00000000E-01
 6.25000000E-02
 1.00000000E+00
 1.25000000E-01
 7.50000000E-01
 9.37500000E-02
   1
   8
   1
 249
 3.08772976E+02
 3.59926730E+00
 1.39501261E+00
 9.72656250E-01
 8.06445104E-06
-1.03096436E-02
-2.81032723E-06
 0.00000000E+00
 0.00000000E+00
 9.68750000E-01
 1.00000000E+00
 9.76562500E-01
 5.00000000E-01
 9.72656250E-01
   5
   5
   1
  25
 3.08833351E+02
 1.51982575E+00
 1.26899628E+00
 7.81250000E-01
 4.00320342E-04
-5.15482180E-03
-1.19486244E-04
 0.00000000E+00
 0.00000000E+00
 7.50000000E-01
 6.25000000E-02
 8.12500000E-01
 3.12500000E-02
 7.81250000E-01
   5
   3
   1
   5
 3.08580918E+02
 9.80829253E-01
 1.17924764E+00
 6.25000000E-01
 1.02054986E-02
-2.94457589E-02
-2.38467643E-03
 0.00000000E+00
 0.00000000E+00
 5.00000000E-01
 6.25000000E-02
 7.50000000E-01
 3.12500000E-02
 6.25000000E-01
   1
   9
   1
  65
 3.06578233E+02
 1.35766030E-01
 1.00802634E+00
 1.26953125E-01
 1.18357203E-04
-2.50239604E-06
-1.86214746E-06
 0.00000000E+00
 0.00000000E+00
 1.25000000E-01
 1.00000000E+00
 1.28906250E-01
 5.00000000E-01
 1.26953125E-01
   2
   8
   3
 179
 3.08223443E+02
 1.20137202E+00
 1.22020771E+00
 6.99218750E-01
 7.80262479E-06
-4.21691829E-05
-2.09971087E-06
 0.00000000E+00
 5.00000000E-01
 6.95312500E-01
 1.00000000E+00
 7.03125000E-01
 7.50000000E-01
 6.99218750E-01
   2
   7
   1
  13
 3.06518538E+02
 1.07098136E-01
 1.00514424E+00
 1.01562500E-01
 1.48368388E-03
-1.89043064E-05
-1.50254913E-05
 0.00000000E+00
 0.00000000E+00
 9.37500000E-02
 5.00000000E-01
 1.09375000E-01
 2.50000000E-01
 1.01562500E-01
   1
   8
   1
  11
 3.05479145E+02
 4.39192339E-02
 1.00092273E+00
 4.29687500E-02
 4.14940141E-03
-8.32993194E-06
-7.60828511E-06
 0.00000000E+00
 0.00000000E+00
 3.90625000E-02
 1.00000000E+00
 4.68750000E-02
 5.00000000E-01
 4.29687500E-02
   2
   4
   1
   9
 3.08316659E+02
 8.26678573E-01
 1.14734748E+00
 5.62500000E-01
 3.10563000E-03
-5.15482180E-03
-6.46665355E-04
 0.00000000E+00
 0.00000000E+00
 5.00000000E-01
 5.00000000E-01
 6.25000000E-01
 2.50000000E-01
 5.62500000E-01
   1
   9
   1
 315
 3.08247948E+02
 9.55120896E-01
 1.17410108E+00
 6.15234375E-01
 5.03907802E-06
-1.28837755E-05
-1.17845699E-06
 0.00000000E+00
 0.00000000E+00
 6.13281250E-01
 1.00000000E+00
 6.17187500E-01
 5.00000000E-01
 6.15234375E-01
   3
   7
   7
 113
 3.08406904E+02
 2.14398006E+00
 1.33392575E+00
 8.82812500E-01
 1.95794337E-05
-1.11358759E-03
-6.42879432E-06
 0.00000000E+00
 7.50000000E-01
 8.75000000E-01
 1.00000000E+00
 8.90625000E-01
 8.75000000E-01
 8.82812500E-01
   2
   8
   1
 197
 3.08668858E+02
 1.46764000E+00
 1.26181550E+00
 7.69531250E-01
 6.44188771E-06
-7.18287607E-05
-1.89877456E-06
 0.00000000E+00
 0.00000000E+00
 7.65625000E-01
 5.00000000E-01
 7.73437500E-01
 2.50000000E-01
 7.69531250E-01
   4
   6
  15
   3
 3.05272524E+02
 4.80092192E-02
 1.00109803E+00
 4.68750000E-02
 2.94457589E-02
-6.71952699E-05
-6.08308778E-05
 0.00000000E+00
 8.75000000E-01
 3.12500000E-02
 1.00000000E+00
 6.25000000E-02
 9.37500000E-01
 4.68750000E-02
   2
   7
   3
  25
 3.06853621E+02
 2.17301276E-01
 1.01889498E+00
 1.95312500E-01
 4.00320342E-04
-2.35660084E-05
-1.44253579E-05
 0.00000000E+00
 5.00000000E-01
 1.87500000E-01
 1.00000000E+00
 2.03125000E-01
 7.50000000E-01
 1.95312500E-01
   3
   7
   1
  43
 3.07842827E+02
 4.09379007E-01
 1.05491896E+00
 3.35937500E-01
 1.35244796E-04
-3.46044710E-05
-1.29975006E-05
 0.00000000E+00
 0.00000000E+00
 3.28125000E-01
 2.50000000E-01
 3.43750000E-01
 1.25000000E-01
 3.35937500E-01
   1
   9
   1
  77
 3.06752044E+02
 1.62978594E-01
 1.01124544E+00
 1.50390625E-01
 8.43383656E-05
-2.64236396E-06
-1.84442072E-06
 0.00000000E+00
 0.00000000E+00
 1.48437500E-01
 1.00000000E+00
 1.52343750E-01
 5.00000000E-01
 1.50390625E-01
   2
   5
   3
   5
 3.06623155E+02
 1.69899037E-01
 1.01213342E+00
 1.56250000E-01
 1.02054986E-02
-3.43170953E-04
-2.35415801E-04
 0.00000000E+00
 5.00000000E-01
 1.25000000E-01
 1.00000000E+00
 1.87500000E-01
 7.50000000E-01
 1.56250000E-01
   3
   3
   7
   3
 3.07455526E+02
 4.70003629E-01
 1.06800047E+00
 3.75000000E-01
 2.94457589E-02
-1.02054986E-02
-3.20236471E-03
 0.00000000E+00
 7.50000000E-01
 2.50000000E-01
 1.00000000E+00
 5.00000000E-01
 8.75000000E-01
 3.75000000E-01
   2
   8
   3
 203
 3.08366837E+02
 1.57488553E+00
 1.27624427E+00
 7.92968750E-01
 6.06670966E-06
-8.90154896E-05
-1.83509946E-06
 0.00000000E+00
 5.00000000E-01
 7.89062500E-01
 1.00000000E+00
 7.96875000E-01
 7.50000000E-01
 7.92968750E-01
   5
   5
   1
  27
 3.08922028E+02
 1.85629799E+00
 1.30840134E+00
 8.43750000E-01
 3.43170953E-04
-1.02054986E-02
-1.09014416E-04
 0.00000000E+00
 0.00000000E+00
 8.12500000E-01
 6.25000000E-02
 8.75000000E-01
 3.12500000E-02
 8.43750000E-01
   2
   7
   1
  61
 3.08134757E+02
 6.47337645E-01
 1.10775079E+00
 4.76562500E-01
 6.71952698E-05
-5.56978949E-05
-1.12251838E-05
 0.00000000E+00
 0.00000000E+00
 4.68750000E-01
 5.00000000E-01
 4.84375000E-01
 2.50000000E-01
 4.76562500E-01
   1
   8
   1
  35
 3.06654171E+02
 1.47014743E-01
 1.00930274E+00
 1.36718750E-01
 4.08329953E-04
-1.02374054E-05
-7.42034748E-06
 0.00000000E+00
 0.00000000E+00
 1.32812500E-01
 1.00000000E+00
 1.40625000E-01
 5.00000000E-01
 1.36718750E-01
   1
   9
   1
 327
 3.08289729E+02
 1.01796880E+00
 1.18655036E+00
 6.38671875E-01
 4.67602177E-06
-1.46094172E-05
-1.14175175E-06
 0.00000000E+00
 0.00000000E+00
 6.36718750E-01
 1.00000000E+00
 6.40625000E-01
 5.00000000E-01
 6.38671875E-01
   2
   8
   1
 221
 3.08801391E+02
 1.98982938E+00
 1.32108081E+00
 8.63281250E-01
 5.11870269E-06
-2.04164977E-04
-1.65452373E-06
 0.00000000E+00
 0.00000000E+00
 8.59375000E-01
 5.00000000E-01
 8.67187500E-01
 2.50000000E-01
 8.63281250E-01
   7
   3
 127
   3
 3.07376678E+02
 4.70003629E-01
 1.06800047E+00
 3.75000000E-01
 2.94457589E-02
-1.02054986E-02
-3.20236471E-03
 0.00000000E+00
 9.84375000E-01
 2.50000000E-01
 1.00000000E+00
 5.00000000E-01
 9.92187500E-01
 3.75000000E-01
   2
   6
   1
  27
 3.08002616E+02
 5.47965171E-01
 1.08534719E+00
 4.21875000E-01
 3.43170953E-04
-1.82681776E-04
-4.77384706E-05
 0.00000000E+00
 0.00000000E+00
 4.06250000E-01
 5.00000000E-01
 4.37500000E-01
 2.50000000E-01
 4.21875000E-01
   1
   6
   1
  45
 3.08397955E+02
 1.21444410E+00
 1.22245031E+00
 7.03125000E-01
 2.46974567E-04
-1.38696344E-03
-6.68233140E-05
 0.00000000E+00
 0.00000000E+00
 6.87500000E-01
 1.00000000E+00
 7.18750000E-01
 5.00000000E-01
 7.03125000E-01
   2
   4
   1
  13
 3.08731247E+02
 1.67397643E+00
 1.28847051E+00
 8.12500000E-01
 1.48368388E-03
-2.94457589E-02
-4.56802645E-04
 0.00000000E+00
 0.00000000E+00
 7.50000000E-01
 5.00000000E-01
 8.75000000E-01
 2.50000000E-01
 8.12500000E-01
   6
   3
   1
   5
 3.08591431E+02
 9.80829253E-01
 1.17924764E+00
 6.25000000E-01
 1.02054986E-02
-2.94457589E-02
-2.38467643E-03
 0.00000000E+00
 0.00000000E+00
 5.00000000E-01
 3.12500000E-02
 7.50000000E-01
 1.56250000E-02
 6.25000000E-01
   2
   7
   3
  73
 3.07995500E+02
 8.44697079E-01
 1.15119779E+00
 5.70312500E-01
 4.69175192E-05
-8.26582914E-05
-1.00016434E-05
 0.00000000E+00
 5.00000000E-01
 5.62500000E-01
 1.00000000E+00
 5.78125000E-01
 7.50000000E-01
 5.70312500E-01
   3
   7
   1
  91
 3.08662782E+02
 1.24111235E+00
 1.22696052E+00
 7.10937500E-01
 3.01914137E-05
-1.82681776E-04
-8.26097458E-06
 0.00000000E+00
 0.00000000E+00
 7.03125000E-01
 2.50000000E-01
 7.18750000E-01
 1.25000000E-01
 7.10937500E-01
   1
   9
   1
  89
 3.06901269E+02
 1.90952446E-01
 1.01499567E+00
 1.73828125E-01
 6.31273280E-05
-2.79441229E-06
-1.82405180E-06
 0.00000000E+00
 0.00000000E+00
 1.71875000E-01
 1.00000000E+00
 1.75781250E-01
 5.00000000E-01
 1.73828125E-01
   4
   6
   1
  15
 3.07505838E+02
 2.67062785E-01
 1.02709865E+00
 2.34375000E-01
 1.11358759E-03
-1.04144971E-04
-5.63280866E-05
 0.00000000E+00
 0.00000000E+00
 2.18750000E-01
 1.25000000E-01
 2.50000000E-01
 6.25000000E-02
 2.34375000E-01
   2
   8
   3
 227
 3.08496155E+02
 2.17788161E+00
 1.33651418E+00
 8.86718750E-01
 4.85168385E-06
-2.97442034E-04
-1.59786647E-06
 0.00000000E+00
 5.00000000E-01
 8.82812500E-01
 1.00000000E+00
 8.90625000E-01
 7.50000000E-01
 8.86718750E-01
   2
   7
   1
 109
 3.08785527E+02
 1.90759128E+00
 1.31345297E+00
 8.51562500E-01
 2.10428855E-05
-6.93481721E-04
-6.73411805E-06
 0.00000000E+00
 0.00000000E+00
 8.43750000E-01
 5.00000000E-01
 8.59375000E-01
 2.50000000E-01
 8.51562500E-01
   2
   6
   3
  51
 3.08372484E+02
 1.59393373E+00
 1.27867500E+00
 7.96875000E-01
 9.61353596E-05
-1.48368388E-03
-2.91954251E-05
 0.00000000E+00
 5.00000000E-01
 7.81250000E-01
 1.00000000E+00
 8.12500000E-01
 7.50000000E-01
 7.96875000E-01
   1
   8
   1
  59
 3.07193934E+02
 2.61973716E-01
 1.02621433E+00
 2.30468750E-01
 1.43657522E-04
-1.28837755E-05
-7.05951193E-06
 0.00000000E+00
 0.00000000E+00
 2.26562500E-01
 1.00000000E+00
 2.34375000E-01
 5.00000000E-01
 2.30468750E-01
   3
   6
   7
  37
 3.07926466E+02
 8.63046217E-01
 1.15508810E+00
 5.78125000E-01
 1.82681777E-04
-3.43170953E-04
-3.96040635E-05
 0.00000000E+00
 7.50000000E-01
 5.62500000E-01
 1.00000000E+00
 5.93750000E-01
 8.75000000E-01
 5.78125000E-01
   1
   9
   1
 339
 3.08330163E+02
 1.08503303E+00
 1.19932849E+00
 6.62109375E-01
 4.35083376E-06
-1.67064838E-05
-1.10564520E-06
 0.00000000E+00
 0.00000000E+00
 6.60156250E-01
 1.00000000E+00
 6.64062500E-01
 5.00000000E-01
 6.62109375E-01
   2
   5
   3
   7
 3.06971344E+02
 2.46860078E-01
 1.02364621E+00
 2.18750000E-01
 5.15482180E-03
-4.00320342E-04
-2.27568598E-04
 0.00000000E+00
 5.00000000E-01
 1.87500000E-01
 1.00000000E+00
 2.50000000E-01
 7.50000000E-01
 2.18750000E-01
   2
   8
   1
 245
 3.08922060E+02
 3.14728217E+00
 1.38416358E+00
 9.57031250E-01
 4.16496590E-06
-2.07470070E-03
-1.43846410E-06
 0.00000000E+00
 0.00000000E+00
 9.53125000E-01
 5.00000000E-01
 9.60937500E-01
 2.50000000E-01
 9.57031250E-01
   5
   5
   1
  29
 3.09005203E+02
 2.36712361E+00
 1.34955143E+00
 9.06250000E-01
 2.97442034E-04
-2.94457589E-02
-9.93447118E-05
 0.00000000E+00
 0.00000000E+00
 8.75000000E-01
 6.25000000E-02
 9.37500000E-01
 3.12500000E-02
 9.06250000E-01
   2
   8
   1
   7
 3.05192439E+02
 2.77245480E-02
 1.00037377E+00
 2.73437500E-02
 5.15482180E-03
-4.03222555E-06
-3.81040853E-06
 0.00000000E+00
 0.00000000E+00
 2.34375000E-02
 5.00000000E-01
 3.12500000E-02
 2.50000000E-01
 2.73437500E-02
   1
   7
   1
  23
 3.06935519E+02
 1.98069914E-01
 1.01601555E+00
 1.79687500E-01
 9.46074076E-04
-4.53535308E-05
-2.90966899E-05
 0.00000000E+00
 0.00000000E+00
 1.71875000E-01
 1.00000000E+00
 1.87500000E-01
 5.00000000E-01
 1.79687500E-01
   2
   7
   3
 121
 3.08571127E+02
 2.90612011E+00
 1.37608711E+00
 9.45312500E-01
 1.70759193E-05
-5.15482180E-03
-5.85581100E-06
 0.00000000E+00
 5.00000000E-01
 9.37500000E-01
 1.00000000E+00
 9.53125000E-01
 7.50000000E-01
 9.45312500E-01
   1
   9
   1
 101
 3.07032146E+02
 2.19731411E-01
 1.01927117E+00
 1.97265625E-01
 4.90172048E-05
-2.95997229E-06
-1.80119417E-06
 0.00000000E+00
 0.00000000E+00
 1.95312500E-01
 1.00000000E+00
 1.99218750E-01
 5.00000000E-01
 1.97265625E-01
   2
   8
   3
 251
 3.08614232E+02
 3.93573953E+00
 1.40047098E+00
 9.80468750E-01
 3.96822247E-06
-1.02054986E-02
-1.38879761E-06
 0.00000000E+00
 5.00000000E-01
 9.76562500E-01
 1.00000000E+00
 9.84375000E-01
 7.50000000E-01
 9.80468750E-01
   4
   6
  15
   5
 3.05789207E+02
 8.13456395E-02
 1.00304712E+00
 7.81250000E-02
 1.02054986E-02
-7.18287607E-05
-6.04770385E-05
 0.00000000E+00
 8.75000000E-01
 6.25000000E-02
 1.00000000E+00
 9.37500000E-02
 9.37500000E-01
 7.81250000E-02
   1
   8
   1
  83
 3.07552811E+02
 3.91885850E-01
 1.05124583E+00
 3.24218750E-01
 7.25847428E-05
-1.67064838E-05
-6.56714231E-06
 0.00000000E+00
 0.00000000E+00
 3.20312500E-01
 1.00000000E+00
 3.28125000E-01
 5.00000000E-01
 3.24218750E-01
   1
   9
   1
 351
 3.08369342E+02
 1.15692026E+00
 1.21242506E+00
 6.85546875E-01
 4.05842513E-06
-1.92897514E-05
-1.07020147E-06
 0.00000000E+00
 0.00000000E+00
 6.83593750E-01
 1.00000000E+00
 6.87500000E-01
 5.00000000E-01
 6.85546875E-01
   2
   8
   3
  13
 3.05479455E+02
 5.21160011E-02
 1.00128854E+00
 5.07812500E-02
 1.48368388E-03
-4.23380780E-06
-3.79997477E-06
 0.00000000E+00
 5.00000000E-01
 4.68750000E-02
 1.00000000E+00
 5.46875000E-02
 7.50000000E-01
 5.07812500E-02
   3
   7
   7
  19
 3.06486294E+02
 1.60682382E-01
 1.01095682E+00
 1.48437500E-01
 6.93481720E-04
-2.10428854E-05
-1.47678226E-05
 0.00000000E+00
 7.50000000E-01
 1.40625000E-01
 1.00000000E+00
 1.56250000E-01
 8.75000000E-01
 1.48437500E-01
   2
   5
   3
   9
 3.07234374E+02
 3.30241687E-01
 1.03879813E+00
 2.81250000E-01
 3.10563000E-03
-4.73037038E-04
-2.17763118E-04
 0.00000000E+00
 5.00000000E-01
 2.50000000E-01
 1.00000000E+00
 3.12500000E-01
 7.50000000E-01
 2.81250000E-01
   5
   5
   1
  31
 3.09083610E+02
 3.46573590E+00
 1.39229184E+00
 9.68750000E-01
 7.72858209E+01
 1.03972077E+00
 3.53462916E-01
 2.50000000E-01
 0.00000000E+00
 9.37500000E-01
 6.25000000E-02
 1.00000000E+00
 3.12500000E-02
 9.68750000E-01
   2
   8
   1
  31
 3.06698090E+02
 1.29077042E-01
 1.00730517E+00
 1.21093750E-01
 2.60281127E-04
-4.93832038E-06
-3.73228999E-06
 0.00000000E+00
 0.00000000E+00
 1.17187500E-01
 5.00000000E-01
 1.25000000E-01
 2.50000000E-01
 1.21093750E-01
   1
   7
   1
  71
 3.08133000E+02
 8.08978996E-01
 1.14353759E+00
 5.54687500E-01
 9.91965088E-05
-1.53917194E-04
-2.04079613E-05
 0.00000000E+00
 0.00000000E+00
 5.46875000E-01
 1.00000000E+00
 5.62500000E-01
 5.00000000E-01
 5.54687500E-01
   1
   9
   1
 113
 3.07148807E+02
 2.49363208E-01
 1.02406536E+00
 2.20703125E-01
 3.91588676E-05
-3.14069365E-06
-1.77601548E-06
 0.00000000E+00
 0.00000000E+00
 2.18750000E-01
 1.00000000E+00
 2.22656250E-01
 5.00000000E-01
 2.20703125E-01
   2
   6
   1
  29
 3.08079933E+02
 6.03535022E-01
 1.09787170E+00
 4.53125000E-01
 2.97442034E-04
-2.04164977E-04
-4.61234760E-05
 0.00000000E+00
 0.00000000E+00
 4.37500000E-01
 5.00000000E-01
 4.68750000E-01
 2.50000000E-01
 4.53125000E-01
   1
   6
   1
  47
 3.08447298E+02
 1.32566974E+00
 1.24068797E+00
 7.34375000E-01
 2.26398011E-04
-1.73310399E-03
-6.39197821E-05
 0.00000000E+00
 0.00000000E+00
 7.18750000E-01
 1.00000000E+00
 7.50000000E-01
 5.00000000E-01
 7.34375000E-01
   1
   8
   1
 107
 3.07824373E+02
 5.41231139E-01
 1.08383480E+00
 4.17968750E-01
 4.36738438E-05
-2.25220153E-05
-5.99239505E-06
 0.00000000E+00
 0.00000000E+00
 4.14062500E-01
 1.00000000E+00
 4.21875000E-01
 5.00000000E-01
 4.17968750E-01
   1
   9
   1
 363
 3.08407352E+02
 1.23437832E+00
 1.22582986E+00
 7.08984375E-01
 3.79453343E-06
-2.25220153E-05
-1.03547515E-06
 0.00000000E+00
 0.00000000E+00
 7.07031250E-01
 1.00000000E+00
 7.10937500E-01
 5.00000000E-01
 7.08984375E-01
   2
   8
   3
  37
 3.06542997E+02
 1.56105715E-01
 1.01039066E+00
 1.44531250E-01
 1.82681776E-04
-5.21262289E-06
-3.69820222E-06
 0.00000000E+00
 5.00000000E-01
 1.40625000E-01
 1.00000000E+00
 1.48437500E-01
 7.50000000E-01
 1.44531250E-01
   6
   3
  63
   5
 3.07939624E+02
 9.80829253E-01
 1.17924764E+00
 6.25000000E-01
 1.02054986E-02
-2.94457589E-02
-2.38467643E-03
 0.00000000E+00
 9.68750000E-01
 5.00000000E-01
 1.00000000E+00
 7.50000000E-01
 9.84375000E-01
 6.25000000E-01
   3
   7
   7
  67
 3.07816842E+02
 7.41156400E-01
 1.12871024E+00
 5.23437500E-01
 5.56978948E-05
-6.71952699E-05
-1.06114092E-05
 0.00000000E+00
 7.50000000E-01
 5.15625000E-01
 1.00000000E+00
 5.31250000E-01
 8.75000000E-01
 5.23437500E-01
   4
   6
   1
  17
 3.07636859E+02
 3.08735482E-01
 1.03467707E+00
 2.65625000E-01
 8.66551994E-04
-1.13199006E-04
-5.50996684E-05
 0.00000000E+00
 0.00000000E+00
 2.50000000E-01
 1.25000000E-01
 2.81250000E-01
 6.25000000E-02
 2.65625000E-01
   2
   8
   1
  55
 3.07289009E+02
 2.41872536E-01
 1.02281857E+00
 2.14843750E-01
 8.26582916E-05
-6.18804223E-06
-3.56502865E-06
 0.00000000E+00
 0.00000000E+00
 2.10937500E-01
 5.00000000E-01
 2.18750000E-01
 2.50000000E-01
 2.14843750E-01
   2
   6
   3
  53
 3.08416808E+02
 1.76098781E+00
 1.29838015E+00
 8.28125000E-01
 8.90154896E-05
-2.07470070E-03
-2.78862885E-05
 0.00000000E+00
 5.00000000E-01
 8.12500000E-01
 1.00000000E+00
 8.43750000E-01
 7.50000000E-01
 8.28125000E-01
   1
   7
   1
 119
 3.08719739E+02
 2.65480569E+00
 1.36540062E+00
 9.29687500E-01
 3.53094877E-05
-6.21126000E-03
-1.19887655E-05
 0.00000000E+00
 0.00000000E+00
 9.21875000E-01
 1.00000000E+00
 9.37500000E-01
 5.00000000E-01
 9.29687500E-01
   3
   6
   7
  39
 3.07984968E+02
 9.40007258E-01
 1.17104137E+00
 6.09375000E-01
 1.64419605E-04
-4.00320342E-04
-3.80075772E-05
 0.00000000E+00
 7.50000000E-01
 5.93750000E-01
 1.00000000E+00
 6.25000000E-01
 8.75000000E-01
 6.09375000E-01
   2
   5
   3
  11
 3.07446760E+02
 4.21213465E-01
 1.05743277E+00
 3.43750000E-01
 2.07470070E-03
-5.67537134E-04
-2.06460523E-04
 0.00000000E+00
 5.00000000E-01
 3.12500000E-01
 1.00000000E+00
 3.75000000E-01
 7.50000000E-01
 3.43750000E-01
   1
   9
   1
 125
 3.07254126E+02
 2.79899932E-01
 1.02937099E+00
 2.44140625E-01
 3.20010240E-05
-3.33848573E-06
-1.74869481E-06
 0.00000000E+00
 0.00000000E+00
 2.42187500E-01
 1.00000000E+00
 2.46093750E-01
 5.00000000E-01
 2.44140625E-01
   1
   8
   1
 131
 3.08044316E+02
 7.16863707E-01
 1.12332368E+00
 5.11718750E-01
 2.91366803E-05
-3.20010240E-05
-5.38239277E-06
 0.00000000E+00
 0.00000000E+00
 5.07812500E-01
 1.00000000E+00
 5.15625000E-01
 5.00000000E-01
 5.11718750E-01
   1
   9
   1
 375
 3.08444269E+02
 1.31834370E+00
 1.23953290E+00
 7.32421875E-01
 3.55556818E-06
-2.66403815E-05
-1.00151189E-06
 0.00000000E+00
 0.00000000E+00
 7.30468750E-01
 1.00000000E+00
 7.34375000E-01
 5.00000000E-01
 7.32421875E-01
   2
   7
   1
  15
 3.06664568E+02
 1.24642445E-01
 1.00684304E+00
 1.17187500E-01
 1.11358759E-03
-1.95794338E-05
-1.49495685E-05
 0.00000000E+00
 0.00000000E+00
 1.09375000E-01
 5.00000000E-01
 1.25000000E-01
 2.50000000E-01
 1.17187500E-01
   2
   8
   3
  61
 3.07060527E+02
 2.72177886E-01
 1.02799706E+00
 2.38281250E-01
 6.71952699E-05
-6.57470841E-06
-3.51142433E-06
 0.00000000E+00
 5.00000000E-01
 2.34375000E-01
 1.00000000E+00
 2.42187500E-01
 7.50000000E-01
 2.38281250E-01
   8
   2
   1
   1
 3.07612730E+02
 2.87682072E-01
 1.03077641E+00
 2.50000000E-01
 7.67188368E+01
-2.94457589E-02
 2.35879706E-01
 0.00000000E+00
 0.00000000E+00
 0.00000000E+00
 7.81250000E-03
 5.00000000E-01
 3.90625000E-03
 2.50000000E-01
   1
   5
   1
   1
 3.05158494E+02
 3.17486983E-02
 1.00048816E+00
 3.12500000E-02
 1.52229744E+02
-5.20562254E-04
 4.99512551E-01
 0.00000000E+00
 0.00000000E+00
 0.00000000E+00
 1.00000000E+00
 6.25000000E-02
 5.00000000E-01
 3.12500000E-02
   3
   7
   7
 115
 3.08427377E+02
 2.28708091E+00
 1.34431765E+00
 8.98437500E-01
 1.89043064E-05
-1.48368388E-03
-6.28085678E-06
 0.00000000E+00
 7.50000000E-01
 8.90625000E-01
 1.00000000E+00
 9.06250000E-01
 8.75000000E-01
 8.98437500E-01
   2
   2
   3
   1
 3.07110733E+02
 2.87682072E-01
 1.03077641E+00
 2.50000000E-01
 7.65506285E+01
-2.94457589E-02
 2.35879706E-01
 0.00000000E+00
 5.00000000E-01
 0.00000000E+00
 1.00000000E+00
 5.00000000E-01
 7.50000000E-01
 2.50000000E-01
   2
   8
   1
  79
 3.07668698E+02
 3.69027712E-01
 1.04653242E+00
 3.08593750E-01
 4.00608927E-05
-7.97995436E-06
-3.32813677E-06
 0.00000000E+00
 0.00000000E+00
 3.04687500E-01
 5.00000000E-01
 3.12500000E-01
 2.50000000E-01
 3.08593750E-01
   4
   6
  15
   7
 3.06131537E+02
 1.15831816E-01
 1.00596366E+00
 1.09375000E-01
 5.15482180E-03
-7.69585969E-05
-5.99526710E-05
 0.00000000E+00
 8.75000000E-01
 9.37500000E-02
 1.00000000E+00
 1.25000000E-01
 9.37500000E-01
 1.09375000E-01
   7
   3
   1
   5
 3.08596687E+02
 9.80829253E-01
 1.17924764E+00
 6.25000000E-01
 1.02054986E-02
-2.94457589E-02
-2.38467643E-03
 0.00000000E+00
 0.00000000E+00
 5.00000000E-01
 1.56250000E-02
 7.50000000E-01
 7.81250000E-03
 6.25000000E-01
   1
   9
   1
 137
 3.07350187E+02
 3.11398599E-01
 1.03518020E+00
 2.67578125E-01
 2.66403816E-05
-3.55556820E-06
-1.71941991E-06
 0.00000000E+00
 0.00000000E+00
 2.65625000E-01
 1.00000000E+00
 2.69531250E-01
 5.00000000E-01
 2.67578125E-01
   2
   7
   3
  27
 3.06933511E+02
 2.36909747E-01
 1.02200520E+00
 2.10937500E-01
 3.43170953E-04
-2.45086025E-05
-1.42940652E-05
 0.00000000E+00
 5.00000000E-01
 2.03125000E-01
 1.00000000E+00
 2.18750000E-01
 7.50000000E-01
 2.10937500E-01
   1
   8
   1
 155
 3.08230117E+02
 9.30056928E-01
 1.16901343E+00
 6.05468750E-01
 2.08120877E-05
-4.90172051E-05
-4.77564441E-06
 0.00000000E+00
 0.00000000E+00
 6.01562500E-01
 1.00000000E+00
 6.09375000E-01
 5.00000000E-01
 6.05468750E-01
   3
   7
   1
  45
 3.07891218E+02
 4.33189656E-01
 1.05999820E+00
 3.51562500E-01
 1.23487283E-04
-3.62923714E-05
-1.28115604E-05
 0.00000000E+00
 0.00000000E+00
 3.43750000E-01
 2.50000000E-01
 3.59375000E-01
 1.25000000E-01
 3.51562500E-01
   2
   5
   3
  13
 3.07625530E+02
 5.21296924E-01
 1.07936975E+00
 4.06250000E-01
 1.48368388E-03
-6.93481721E-04
-1.94134514E-04
 0.00000000E+00
 5.00000000E-01
 3.75000000E-01
 1.00000000E+00
 4.37500000E-01
 7.50000000E-01
 4.06250000E-01
   1
   9
   1
 387
 3.08480161E+02
 1.41001089E+00
 1.25352439E+00
 7.55859375E-01
 3.33848573E-06
-3.20010240E-05
-9.68349055E-07
 0.00000000E+00
 0.00000000E+00
 7.53906250E-01
 1.00000000E+00
 7.57812500E-01
 5.00000000E-01
 7.55859375E-01
   2
   7
   1
  63
 3.08169947E+02
 6.77642994E-01
 1.11456204E+00
 4.92187500E-01
 6.29960947E-05
-5.91786013E-05
-1.10206496E-05
 0.00000000E+00
 0.00000000E+00
 4.84375000E-01
 5.00000000E-01
 5.00000000E-01
 2.50000000E-01
 4.92187500E-01
   2
   8
   3
  85
 3.07409878E+02
 4.03513888E-01
 1.05368152E+00
 3.32031250E-01
 3.46044711E-05
-8.54978540E-06
-3.26085310E-06
 0.00000000E+00
 5.00000000E-01
 3.28125000E-01
 1.00000000E+00
 3.35937500E-01
 7.50000000E-01
 3.32031250E-01
   2
   6
   1
  31
 3.08152482E+02
 6.62375522E-01
 1.11113417E+00
 4.84375000E-01
 2.60281127E-04
-2.29673879E-04
-4.44917492E-05
 0.00000000E+00
 0.00000000E+00
 4.68750000E-01
 5.00000000E-01
 5.00000000E-01
 2.50000000E-01
 4.84375000E-01
   1
   6
   1
  49
 3.08494829E+02
 1.45083288E+00
 1.25943703E+00
 7.65625000E-01
 2.08289943E-04
-2.22717517E-03
-6.11075461E-05
 0.00000000E+00
 0.00000000E+00
 7.50000000E-01
 1.00000000E+00
 7.81250000E-01
 5.00000000E-01
 7.65625000E-01
   2
   8
   1
 103
 3.07951553E+02
 5.14739523E-01
 1.07790560E+00
 4.02343750E-01
 2.35660085E-05
-1.06798812E-05
-3.04591272E-06
 0.00000000E+00
 0.00000000E+00
 3.98437500E-01
 5.00000000E-01
 4.06250000E-01
 2.50000000E-01
 4.02343750E-01
   1
   5
   1
   3
 3.06268822E+02
 9.84400728E-02
 1.00438492E+00
 9.37500000E-02
 5.88915178E-02
-5.94884068E-04
-4.81802453E-04
 0.00000000E+00
 0.00000000E+00
 6.25000000E-02
 1.00000000E+00
 1.25000000E-01
 5.00000000E-01
 9.37500000E-02
   5
   2
   1
   3
 3.08786671E+02
 1.38629436E+00
 1.25000000E+00
 7.50000000E-01
 7.73150064E+01
 5.19860385E-01
 3.45491503E-01
 2.50000000E-01
 0.00000000E+00
 5.00000000E-01
 6.25000000E-02
 1.00000000E+00
 3.12500000E-02
 7.50000000E-01
   1
   9
   1
 149
 3.07438546E+02
 3.43921791E-01
 1.04148456E+00
 2.91015625E-01
 2.25220153E-05
-3.79453359E-06
-1.68838443E-06
 0.00000000E+00
 0.00000000E+00
 2.89062500E-01
 1.00000000E+00
 2.92968750E-01
 5.00000000E-01
 2.91015625E-01
   2
   7
   3
  75
 3.08025458E+02
 8.81738350E-01
 1.15901801E+00
 5.85937500E-01
 4.44483956E-05
-8.90154896E-05
-9.80055981E-06
 0.00000000E+00
 5.00000000E-01
 5.78125000E-01
 1.00000000E+00
 5.93750000E-01
 7.50000000E-01
 5.85937500E-01
   1
   8
   1
 179
 3.08391652E+02
 1.20137202E+00
 1.22020771E+00
 6.99218750E-01
 1.56052496E-05
-8.43383657E-05
-4.19942173E-06
 0.00000000E+00
 0.00000000E+00
 6.95312500E-01
 1.00000000E+00
 7.03125000E-01
 5.00000000E-01
 6.99218750E-01
   3
   7
   1
  93
 3.08687451E+02
 1.29668220E+00
 1.23607972E+00
 7.26562500E-01
 2.89067467E-05
-2.04164977E-04
-8.07948696E-06
 0.00000000E+00
 0.00000000E+00
 7.18750000E-01
 2.50000000E-01
 7.34375000E-01
 1.25000000E-01
 7.26562500E-01
   4
   6
   1
  19
 3.07753943E+02
 3.52220594E-01
 1.04313698E+00
 2.96875000E-01
 6.93481721E-04
-1.23487283E-04
-5.37701857E-05
 0.00000000E+00
 0.00000000E+00
 2.81250000E-01
 1.25000000E-01
 3.12500000E-01
 6.25000000E-02
 2.96875000E-01
   1
   9
   1
 399
 3.08515091E+02
 1.51093681E+00
 1.26779479E+00
 7.79296875E-01
 3.14069354E-06
-3.91588675E-05
-9.36016334E-07
 0.00000000E+00
 0.00000000E+00
 7.77343750E-01
 1.00000000E+00
 7.81250000E-01
 5.00000000E-01
 7.79296875E-01
   2
   7
   1
 111
 3.08806638E+02
 2.01881692E+00
 1.32363672E+00
 8.67187500E-01
 2.02913841E-05
-8.66551994E-04
-6.57988020E-06
 0.00000000E+00
 0.00000000E+00
 8.59375000E-01
 5.00000000E-01
 8.75000000E-01
 2.50000000E-01
 8.67187500E-01
   2
   6
   3
  55
 3.08459707E+02
 1.96165851E+00
 1.31853153E+00
 8.59375000E-01
 8.26582914E-05
-3.10563000E-03
-2.66272086E-05
 0.00000000E+00
 5.00000000E-01
 8.43750000E-01
 1.00000000E+00
 8.75000000E-01
 7.50000000E-01
 8.59375000E-01
   3
   6
   7
  41
 3.08040836E+02
 1.02338887E+00
 1.18760279E+00
 6.40625000E-01
 1.48765253E-04
-4.73037038E-04
-3.64397156E-05
 0.00000000E+00
 7.50000000E-01
 6.25000000E-01
 1.00000000E+00
 6.56250000E-01
 8.75000000E-01
 6.40625000E-01
   2
   8
   3
 109
 3.07676149E+02
 5.54744858E-01
 1.08687151E+00
 4.25781250E-01
 2.10428854E-05
-1.15695213E-05
-2.97115385E-06
 0.00000000E+00
 5.00000000E-01
 4.21875000E-01
 1.00000000E+00
 4.29687500E-01
 7.50000000E-01
 4.25781250E-01
   2
   5
   3
  15
 3.07780347E+02
 6.32522559E-01
 1.10441232E+00
 4.68750000E-01
 1.11358759E-03
-8.66551994E-04
-1.81233163E-04
 0.00000000E+00
 5.00000000E-01
 4.37500000E-01
 1.00000000E+00
 5.00000000E-01
 7.50000000E-01
 4.68750000E-01
   2
   8
   1
 127
 3.08178585E+02
 6.85365040E-01
 1.11629253E+00
 4.96093750E-01
 1.55005114E-05
-1.50235870E-05
-2.74236974E-06
 0.00000000E+00
 0.00000000E+00
 4.92187500E-01
 5.00000000E-01
 5.00000000E-01
 2.50000000E-01
 4.96093750E-01
   1
   7
   1
  25
 3.07021830E+02
 2.17301276E-01
 1.01889498E+00
 1.95312500E-01
 8.00640684E-04
-4.71320168E-05
-2.88507157E-05
 0.00000000E+00
 0.00000000E+00
 1.87500000E-01
 1.00000000E+00
 2.03125000E-01
 5.00000000E-01
 1.95312500E-01
   1
   9
   1
 161
 3.07520397E+02
 3.77538402E-01
 1.04827514E+00
 3.14453125E-01
 1.92897513E-05
-4.05842509E-06
-1.65578528E-06
 0.00000000E+00
 0.00000000E+00
 3.12500000E-01
 1.00000000E+00
 3.16406250E-01
 5.00000000E-01
 3.14453125E-01
   2
   7
   3
 123
 3.08590449E+02
 3.24259235E+00
 1.38686729E+00
 9.60937500E-01
 1.65251017E-05
-1.02054986E-02
-5.72031809E-06
 0.00000000E+00
 5.00000000E-01
 9.53125000E-01
 1.00000000E+00
 9.68750000E-01
 7.50000000E-01
 9.60937500E-01
   1
   5
   1
   5
 3.06791364E+02
 1.69899037E-01
 1.01213342E+00
 1.56250000E-01
 2.04109973E-02
-6.86341906E-04
-4.70831603E-04
 0.00000000E+00
 0.00000000E+00
 1.25000000E-01
 1.00000000E+00
 1.87500000E-01
 5.00000000E-01
 1.56250000E-01
   1
   8
   1
 203
 3.08535046E+02
 1.57488553E+00
 1.27624427E+00
 7.92968750E-01
 1.21334190E-05
-1.78030979E-04
-3.67019892E-06
 0.00000000E+00
 0.00000000E+00
 7.89062500E-01
 1.00000000E+00
 7.96875000E-01
 5.00000000E-01
 7.92968750E-01
   1
   9
   1
 411
 3.08549116E+02
 1.62320411E+00
 1.28233478E+00
 8.02734375E-01
 2.95997228E-06
-4.90172051E-05
-9.04536433E-07
 0.00000000E+00
 0.00000000E+00
 8.00781250E-01
 1.00000000E+00
 8.04687500E-01
 5.00000000E-01
 8.02734375E-01
   4
   6
  15
   9
 3.06388710E+02
 1.51549898E-01
 1.00983929E+00
 1.40625000E-01
 3.10563000E-03
-8.26582914E-05
-5.92652060E-05
 0.00000000E+00
 8.75000000E-01
 1.25000000E-01
 1.00000000E+00
 1.56250000E-01
 9.37500000E-01
 1.40625000E-01
   2
   8
   3
 133
 3.07892724E+02
 7.32993089E-01
 1.12690404E+00
 5.19531250E-01
 1.41334766E-05
-1.65251016E-05
-2.66562682E-06
 0.00000000E+00
 5.00000000E-01
 5.15625000E-01
 1.00000000E+00
 5.23437500E-01
 7.50000000E-01
 5.19531250E-01
   3
   7
   7
  21
 3.06589306E+02
 1.79201429E-01
 1.01336889E+00
 1.64062500E-01
 5.67537134E-04
-2.18369219E-05
-1.46626262E-05
 0.00000000E+00
 7.50000000E-01
 1.56250000E-01
 1.00000000E+00
 1.71875000E-01
 8.75000000E-01
 1.64062500E-01
   2
   8
   1
 151
 3.08369251E+02
 8.91217094E-01
 1.16099770E+00
 5.89843750E-01
 1.09646718E-05
-2.26767654E-05
-2.43762201E-06
 0.00000000E+00
 0.00000000E+00
 5.85937500E-01
 5.00000000E-01
 5.93750000E-01
 2.50000000E-01
 5.89843750E-01
   2
   5
   3
  17
 3.07917226E+02
 7.57685702E-01
 1.13235443E+00
 5.31250000E-01
 8.66551994E-04
-1.11358759E-03
-1.68151667E-04
 0.00000000E+00
 5.00000000E-01
 5.00000000E-01
 1.00000000E+00
 5.62500000E-01
 7.50000000E-01
 5.31250000E-01
   1
   7
   1
  73
 3.08163709E+02
 8.44697079E-01
 1.15119779E+00
 5.70312500E-01
 9.38350383E-05
-1.65316583E-04
-2.00032868E-05
 0.00000000E+00
 0.00000000E+00
 5.62500000E-01
 1.00000000E+00
 5.78125000E-01
 5.00000000E-01
 5.70312500E-01
   1
   9
   1
 173
 3.07596678E+02
 4.12324518E-01
 1.05554255E+00
 3.37890625E-01
 1.67064838E-05
-4.35083384E-06
-1.62182006E-06
 0.00000000E+00
 0.00000000E+00
 3.35937500E-01
 1.00000000E+00
 3.39843750E-01
 5.00000000E-01
 3.37890625E-01
   6
   2
   1
   3
 3.08797184E+02
 1.38629436E+00
 1.25000000E+00
 7.50000000E-01
 7.73150064E+01
 5.19860385E-01
 3.45491503E-01
 2.50000000E-01
 0.00000000E+00
 5.00000000E-01
 3.12500000E-02
 1.00000000E+00
 1.56250000E-02
 7.50000000E-01
   1
   8
   1
 227
 3.08664364E+02
 2.17788161E+00
 1.33651418E+00
 8.86718750E-01
 9.70336822E-06
-5.94884068E-04
-3.19573294E-06
 0.00000000E+00
 0.00000000E+00
 8.82812500E-01
 1.00000000E+00
 8.90625000E-01
 5.00000000E-01
 8.86718750E-01
   2
   6
   1
  33
 3.08220861E+02
 7.24895879E-01
 1.12510850E+00
 5.15625000E-01
 2.29673879E-04
-2.60281127E-04
-4.28546438E-05
 0.00000000E+00
 0.00000000E+00
 5.00000000E-01
 5.00000000E-01
 5.31250000E-01
 2.50000000E-01
 5.15625000E-01
   1
   6
   1
  51
 3.08540692E+02
 1.59393373E+00
 1.27867500E+00
 7.96875000E-01
 1.92270719E-04
-2.96736776E-03
-5.83908502E-05
 0.00000000E+00
 0.00000000E+00
 7.81250000E-01
 1.00000000E+00
 8.12500000E-01
 5.00000000E-01
 7.96875000E-01
   1
   9
   1
 423
 3.08582289E+02
 1.74968826E+00
 1.29713529E+00
 8.26171875E-01
 2.79441230E-06
-6.31273279E-05
-8.73925694E-07
 0.00000000E+00
 0.00000000E+00
 8.24218750E-01
 1.00000000E+00
 8.28125000E-01
 5.00000000E-01
 8.26171875E-01
   1
   5
   1
   7
 3.07139552E+02
 2.46860078E-01
 1.02364621E+00
 2.18750000E-01
 1.03096436E-02
-8.00640683E-04
-4.55137195E-04
 0.00000000E+00
 0.00000000E+00
 1.87500000E-01
 1.00000000E+00
 2.50000000E-01
 5.00000000E-01
 2.18750000E-01
   2
   8
   3
 157
 3.08076194E+02
 9.50057594E-01
 1.17307881E+00
 6.13281250E-01
 1.01426050E-05
-2.55089026E-05
-2.36308286E-06
 0.00000000E+00
 5.00000000E-01
 6.09375000E-01
 1.00000000E+00
 6.17187500E-01
 7.50000000E-01
 6.13281250E-01
   3
   7
   7
  69
 3.07849185E+02
 7.74492820E-01
 1.13604066E+00
 5.39062500E-01
 5.25154923E-05
-7.18287607E-05
-1.04073244E-05
 0.00000000E+00
 7.50000000E-01
 5.31250000E-01
 1.00000000E+00
 5.46875000E-01
 8.75000000E-01
 5.39062500E-01
   2
   8
   1
 175
 3.08534331E+02
 1.15072829E+00
 1.21132176E+00
 6.83593750E-01
 8.16339843E-06
-3.81068517E-05
-2.14625928E-06
 0.00000000E+00
 0.00000000E+00
 6.79687500E-01
 5.00000000E-01
 6.87500000E-01
 2.50000000E-01
 6.83593750E-01
   4
   6
   1
  21
 3.07859884E+02
 3.97682968E-01
 1.05245713E+00
 3.28125000E-01
 5.67537134E-04
-1.35244796E-04
-5.23545599E-05
 0.00000000E+00
 0.00000000E+00
 3.12500000E-01
 1.25000000E-01
 3.43750000E-01
 6.25000000E-02
 3.28125000E-01
   2
   6
   3
  57
 3.08501283E+02
 2.21297293E+00
 1.33910899E+00
 8.90625000E-01
 7.69585968E-05
-5.15482180E-03
-2.54185160E-05
 0.00000000E+00
 5.00000000E-01
 8.75000000E-01
 1.00000000E+00
 9.06250000E-01
 7.50000000E-01
 8.90625000E-01
   1
   7
   1
 121
 3.08739335E+02
 2.90612011E+00
 1.37608711E+00
 9.45312500E-01
 3.41518393E-05
-1.03096436E-02
-1.17116220E-05
 0.00000000E+00
 0.00000000E+00
 9.37500000E-01
 1.00000000E+00
 9.53125000E-01
 5.00000000E-01
 9.45312500E-01
   3
   6
   7
  43
 3.08094322E+02
 1.11436065E+00
 1.20474728E+00
 6.71875000E-01
 1.35244796E-04
-5.67537134E-04
-3.49061805E-05
 0.00000000E+00
 7.50000000E-01
 6.56250000E-01
 1.00000000E+00
 6.87500000E-01
 8.75000000E-01
 6.71875000E-01
   1
   9
   1
 185
 3.07668136E+02
 4.48364454E-01
 1.06327702E+00
 3.61328125E-01
 1.46094171E-05
-4.67602183E-06
-1.58668475E-06
 0.00000000E+00
 0.00000000E+00
 3.59375000E-01
 1.00000000E+00
 3.63281250E-01
 5.00000000E-01
 3.61328125E-01
   2
   5
   3
  19
 3.08040168E+02
 9.00786545E-01
 1.16298713E+00
 5.93750000E-01
 6.93481721E-04
-1.48368388E-03
-1.55216921E-04
 0.00000000E+00
 5.00000000E-01
 5.62500000E-01
 1.00000000E+00
 6.25000000E-01
 7.50000000E-01
 5.93750000E-01
   1
   8
   1
 251
 3.08782440E+02
 3.93573953E+00
 1.40047098E+00
 9.80468750E-01
 7.93644466E-06
-2.04109973E-02
-2.77759522E-06
 0.00000000E+00
 0.00000000E+00
 9.76562500E-01
 1.00000000E+00
 9.84375000E-01
 5.00000000E-01
 9.80468750E-01
   1
   9
   1
 435
 3.08614656E+02
 1.89451920E+00
 1.31218752E+00
 8.49609375E-01
 2.64236400E-06
-8.43383657E-05
-8.44194729E-07
 0.00000000E+00
 0.00000000E+00
 8.47656250E-01
 1.00000000E+00
 8.51562500E-01
 5.00000000E-01
 8.49609375E-01
   2
   8
   3
 181
 3.08236019E+02
 1.22768933E+00
 1.22470126E+00
 7.07031250E-01
 7.63114110E-06
-4.44483955E-05
-2.07668351E-06
 0.00000000E+00
 5.00000000E-01
 7.03125000E-01
 1.00000000E+00
 7.10937500E-01
 7.50000000E-01
 7.07031250E-01
   2
   7
   1
  17
 3.06792660E+02
 1.42500063E-01
 1.00878103E+00
 1.32812500E-01
 8.66551994E-04
-2.02913843E-05
-1.48635793E-05
 0.00000000E+00
 0.00000000E+00
 1.25000000E-01
 5.00000000E-01
 1.40625000E-01
 2.50000000E-01
 1.32812500E-01
   1
   8
   1
  13
 3.05647663E+02
 5.21160011E-02
 1.00128854E+00
 5.07812500E-02
 2.96736776E-03
-8.46761560E-06
-7.59994954E-06
 0.00000000E+00
 0.00000000E+00
 4.68750000E-02
 1.00000000E+00
 5.46875000E-02
 5.00000000E-01
 5.07812500E-02
   1
   5
   1
   9
 3.07402582E+02
 3.30241687E-01
 1.03879813E+00
 2.81250000E-01
 6.21126000E-03
-9.46074076E-04
-4.35526235E-04
 0.00000000E+00
 0.00000000E+00
 2.50000000E-01
 1.00000000E+00
 3.12500000E-01
 5.00000000E-01
 2.81250000E-01
   3
   7
   7
 117
 3.08447548E+02
 2.45413499E+00
 1.35481004E+00
 9.14062500E-01
 1.82635057E-05
-2.07470070E-03
-6.13605796E-06
 0.00000000E+00
 7.50000000E-01
 9.06250000E-01
 1.00000000E+00
 9.21875000E-01
 8.75000000E-01
 9.14062500E-01
   2
   8
   1
 199
 3.08680424E+02
 1.50212618E+00
 1.26659516E+00
 7.77343750E-01
 6.31305159E-06
-7.69585969E-05
-1.87735980E-06
 0.00000000E+00
 0.00000000E+00
 7.73437500E-01
 5.00000000E-01
 7.81250000E-01
 2.50000000E-01
 7.77343750E-01
   4
   6
  15
  11
 3.06595238E+02
 1.88591170E-01
 1.01466301E+00
 1.71875000E-01
 2.07470070E-03
-8.90154896E-05
-5.84241671E-05
 0.00000000E+00
 8.75000000E-01
 1.56250000E-01
 1.00000000E+00
 1.87500000E-01
 9.37500000E-01
 1.71875000E-01
   1
   9
   1
 197
 3.07735377E+02
 4.85751986E-01
 1.07146843E+00
 3.84765625E-01
 1.28837756E-05
-5.03907805E-06
-1.55057159E-06
 0.00000000E+00
 0.00000000E+00
 3.82812500E-01
 1.00000000E+00
 3.86718750E-01
 5.00000000E-01
 3.84765625E-01
   2
   7
   3
  29
 3.07007899E+02
 2.56910414E-01
 1.02534412E+00
 2.26562500E-01
 2.97442034E-04
-2.55089026E-05
-1.41548857E-05
 0.00000000E+00
 5.00000000E-01
 2.18750000E-01
 1.00000000E+00
 2.34375000E-01
 7.50000000E-01
 2.26562500E-01
   1
   9
   1
 447
 3.08646262E+02
 2.06393736E+00
 1.32748290E+00
 8.73046875E-01
 2.50239623E-06
-1.18357203E-04
-8.15349015E-07
 0.00000000E+00
 0.00000000E+00
 8.71093750E-01
 1.00000000E+00
 8.75000000E-01
 5.00000000E-01
 8.73046875E-01
   3
   7
   1
  47
 3.07937633E+02
 4.57581109E-01
 1.06528243E+00
 3.67187500E-01
 1.13199006E-04
-3.81068517E-05
-1.26218613E-05
 0.00000000E+00
 0.00000000E+00
 3.59375000E-01
 2.50000000E-01
 3.75000000E-01
 1.25000000E-01
 3.67187500E-01
   2
   5
   3
  21
 3.08151967E+02
 1.06784063E+00
 1.19610370E+00
 6.56250000E-01
 5.67537134E-04
-2.07470070E-03
-1.42682579E-04
 0.00000000E+00
 5.00000000E-01
 6.25000000E-01
 1.00000000E+00
 6.87500000E-01
 7.50000000E-01
 6.56250000E-01
   2
   8
   3
 205
 3.08378106E+02
 1.61335181E+00
 1.28111304E+00
 8.00781250E-01
 5.94891088E-06
-9.61353598E-05
-1.81425651E-06
 0.00000000E+00
 5.00000000E-01
 7.96875000E-01
 1.00000000E+00
 8.04687500E-01
 7.50000000E-01
 8.00781250E-01
   2
   7
   1
  65
 3.08204129E+02
 7.08895538E-01
 1.12154961E+00
 5.07812500E-01
 5.91786012E-05
-6.29960946E-05
-1.08159515E-05
 0.00000000E+00
 0.00000000E+00
 5.00000000E-01
 5.00000000E-01
 5.15625000E-01
 2.50000000E-01
 5.07812500E-01
   1
   8
   1
  37
 3.06711205E+02
 1.56105715E-01
 1.01039066E+00
 1.44531250E-01
 3.65363553E-04
-1.04252458E-05
-7.39640443E-06
 0.00000000E+00
 0.00000000E+00
 1.40625000E-01
 1.00000000E+00
 1.48437500E-01
 5.00000000E-01
 1.44531250E-01
   6
   2
  63
   3
 3.08145377E+02
 1.38629436E+00
 1.25000000E+00
 7.50000000E-01
 7.71467981E+01
 5.19860385E-01
 3.45491503E-01
 2.50000000E-01
 9.68750000E-01
 5.00000000E-01
 1.00000000E+00
 1.00000000E+00
 9.84375000E-01
 7.50000000E-01
   2
   8
   1
 223
 3.08811865E+02
 2.04866988E+00
 1.32619920E+00
 8.71093750E-01
 5.02729836E-06
-2.29673879E-04
-1.63544100E-06
 0.00000000E+00
 0.00000000E+00
 8.67187500E-01
 5.00000000E-01
 8.75000000E-01
 2.50000000E-01
 8.71093750E-01
   2
   6
   1
  35
 3.08285559E+02
 7.91587253E-01
 1.13976851E+00
 5.46875000E-01
 2.04164977E-04
-2.97442034E-04
-4.12223907E-05
 0.00000000E+00
 0.00000000E+00
 5.31250000E-01
 5.00000000E-01
 5.62500000E-01
 2.50000000E-01
 5.46875000E-01
   1
   6
   1
  53
 3.08585016E+02
 1.76098781E+00
 1.29838015E+00
 8.28125000E-01
 1.78030979E-04
-4.14940141E-03
-5.57725769E-05
 0.00000000E+00
 0.00000000E+00
 8.12500000E-01
 1.00000000E+00
 8.43750000E-01
 5.00000000E-01
 8.28125000E-01
   1
   5
   1
  11
 3.07614969E+02
 4.21213465E-01
 1.05743277E+00
 3.43750000E-01
 4.14940141E-03
-1.13507427E-03
-4.12921047E-04
 0.00000000E+00
 0.00000000E+00
 3.12500000E-01
 1.00000000E+00
 3.75000000E-01
 5.00000000E-01
 3.43750000E-01
   1
   9
   1
 209
 3.07798901E+02
 5.24591820E-01
 1.08010638E+00
 4.08203125E-01
 1.14467553E-05
-5.44611882E-06
-1.51366715E-06
 0.00000000E+00
 0.00000000E+00
 4.06250000E-01
 1.00000000E+00
 4.10156250E-01
 5.00000000E-01
 4.08203125E-01
   2
   7
   3
  77
 3.08054704E+02
 9.20204631E-01
 1.16699505E+00
 6.01562500E-01
 4.21691828E-05
-9.61353598E-05
-9.60095931E-06
 0.00000000E+00
 5.00000000E-01
 5.93750000E-01
 1.00000000E+00
 6.09375000E-01
 7.50000000E-01
 6.01562500E-01
   1
   9
   1
 459
 3.08677147E+02
 2.26803271E+00
 1.34301312E+00
 8.96484375E-01
 2.37326196E-06
-1.78030979E-04
-7.87389466E-07
 0.00000000E+00
 0.00000000E+00
 8.94531250E-01
 1.00000000E+00
 8.98437500E-01
 5.00000000E-01
 8.96484375E-01
   4
   3
  15
   1
 3.06267998E+02
 1.33531393E-01
 1.00778222E+00
 1.25000000E-01
 7.63773417E+01
-5.15482180E-03
 2.46197008E-01
 0.00000000E+00
 8.75000000E-01
 0.00000000E+00
 1.00000000E+00
 2.50000000E-01
 9.37500000E-01
 1.25000000E-01
   3
   7
   1
  95
 3.08711657E+02
 1.35552270E+00
 1.24532818E+00
 7.42187500E-01
 2.77023658E-05
-2.29673879E-04
-7.90081575E-06
 0.00000000E+00
 0.00000000E+00
 7.34375000E-01
 2.50000000E-01
 7.50000000E-01
 1.25000000E-01
 7.42187500E-01
   4
   6
   1
  23
 3.07956714E+02
 4.45311017E-01
 1.06261488E+00
 3.59375000E-01
 4.73037038E-04
-1.48765253E-04
-5.08677263E-05
 0.00000000E+00
 0.00000000E+00
 3.43750000E-01
 1.25000000E-01
 3.75000000E-01
 6.25000000E-02
 3.59375000E-01
   2
   8
   3
 229
 3.08506392E+02
 2.24934058E+00
 1.34171016E+00
 8.94531250E-01
 4.76730776E-06
-3.43170953E-04
-1.57937434E-06
 0.00000000E+00
 5.00000000E-01
 8.90625000E-01
 1.00000000E+00
 8.98437500E-01
 7.50000000E-01
 8.94531250E-01
   2
   7
   1
 113
 3.08827425E+02
 2.14398006E+00
 1.33392575E+00
 8.82812500E-01
 1.95794337E-05
-1.11358759E-03
-6.42879432E-06
 0.00000000E+00
 0.00000000E+00
 8.75000000E-01
 5.00000000E-01
 8.90625000E-01
 2.50000000E-01
 8.82812500E-01
   2
   6
   3
  59
 3.08541627E+02
 2.54944517E+00
 1.36009320E+00
 9.21875000E-01
 7.18287607E-05
-1.02054986E-02
-2.42601028E-05
 0.00000000E+00
 5.00000000E-01
 9.06250000E-01
 1.00000000E+00
 9.37500000E-01
 7.50000000E-01
 9.21875000E-01
   1
   8
   1
  61
 3.07228735E+02
 2.72177886E-01
 1.02799706E+00
 2.38281250E-01
 1.34390540E-04
-1.31494168E-05
-7.02284867E-06
 0.00000000E+00
 0.00000000E+00
 2.34375000E-01
 1.00000000E+00
 2.42187500E-01
 5.00000000E-01
 2.38281250E-01
   3
   6
   7
  45
 3.08145643E+02
 1.21444410E+00
 1.22245031E+00
 7.03125000E-01
 1.23487283E-04
-6.93481721E-04
-3.34116570E-05
 0.00000000E+00
 7.50000000E-01
 6.87500000E-01
 1.00000000E+00
 7.18750000E-01
 8.75000000E-01
 7.03125000E-01
   1
   2
   1
   1
 3.07278941E+02
 2.87682072E-01
 1.03077641E+00
 2.50000000E-01
 1.53269465E+02
-5.88915178E-02
 4.71759412E-01
 0.00000000E+00
 0.00000000E+00
 0.00000000E+00
 1.00000000E+00
 5.00000000E-01
 5.00000000E-01
 2.50000000E-01
   2
   5
   3
  23
 3.08254655E+02
 1.26851133E+00
 1.23150378E+00
 7.18750000E-01
 4.73037038E-04
-3.10563000E-03
-1.30732007E-04
 0.00000000E+00
 5.00000000E-01
 6.87500000E-01
 1.00000000E+00
 7.50000000E-01
 7.50000000E-01
 7.18750000E-01
   2
   8
   1
 247
 3.08931655E+02
 3.34795287E+00
 1.38957672E+00
 9.64843750E-01
 4.09778960E-06
-3.10563000E-03
-1.42171878E-06
 0.00000000E+00
 0.00000000E+00
 9.60937500E-01
 5.00000000E-01
 9.68750000E-01
 2.50000000E-01
 9.64843750E-01
   1
   9
   1
 221
 3.07859123E+02
 5.65001358E-01
 1.08918026E+00
 4.31640625E-01
 1.02374054E-05
-5.90454709E-06
-1.47615080E-06
 0.00000000E+00
 0.00000000E+00
 4.29687500E-01
 1.00000000E+00
 4.33593750E-01
 5.00000000E-01
 4.31640625E-01
   7
   2
   1
   3
 3.08802440E+02
 1.38629436E+00
 1.25000000E+00
 7.50000000E-01
 7.73150064E+01
 5.19860385E-01
 3.45491503E-01
 2.50000000E-01
 0.00000000E+00
 5.00000000E-01
 1.56250000E-02
 1.00000000E+00
 7.81250000E-03
 7.50000000E-01
   2
   8
   1
   9
 3.05445218E+02
 3.57891079E-02
 1.00061779E+00
 3.51562500E-02
 3.10563000E-03
-4.09778965E-06
-3.80762153E-06
 0.00000000E+00
 0.00000000E+00
 3.12500000E-02
 5.00000000E-01
 3.90625000E-02
 2.50000000E-01
 3.51562500E-02
   1
   7
   1
  27
 3.07101720E+02
 2.36909747E-01
 1.02200520E+00
 2.10937500E-01
 6.86341906E-04
-4.90172051E-05
-2.85881305E-05
 0.00000000E+00
 0.00000000E+00
 2.03125000E-01
 1.00000000E+00
 2.18750000E-01
 5.00000000E-01
 2.10937500E-01
   2
   3
   1
   3
 3.07876046E+02
 4.70003629E-01
 1.06800047E+00
 3.75000000E-01
 2.94457589E-02
-1.02054986E-02
-3.20236471E-03
 0.00000000E+00
 0.00000000E+00
 2.50000000E-01
 5.00000000E-01
 5.00000000E-01
 2.50000000E-01
 3.75000000E-01
   2
   7
   3
 125
 3.08609508E+02
 3.75341798E+00
 1.39773900E+00
 9.76562500E-01
 1.60005121E-05
-2.94457589E-02
-5.58787530E-06
 0.00000000E+00
 5.00000000E-01
 9.68750000E-01
 1.00000000E+00
 9.84375000E-01
 7.50000000E-01
 9.76562500E-01
   1
   9
   1
 471
 3.08707348E+02
 2.52475256E+00
 1.35877013E+00
 9.19921875E-01
 2.25387168E-06
-2.97530506E-04
-7.60312976E-07
 0.00000000E+00
 0.00000000E+00
 9.17968750E-01
 1.00000000E+00
 9.21875000E-01
 5.00000000E-01
 9.19921875E-01
   1
   5
   1
  13
 3.07793739E+02
 5.21296924E-01
 1.07936975E+00
 4.06250000E-01
 2.96736776E-03
-1.38696344E-03
-3.88269027E-04
 0.00000000E+00
 0.00000000E+00
 3.75000000E-01
 1.00000000E+00
 4.37500000E-01
 5.00000000E-01
 4.06250000E-01
   5
   4
  31
   1
 3.05542109E+02
 6.45385211E-02
 1.00195122E+00
 6.25000000E-02
 7.62040549E+01
-1.11358759E-03
 2.49030056E-01
 0.00000000E+00
 9.37500000E-01
 0.00000000E+00
 1.00000000E+00
 1.25000000E-01
 9.68750000E-01
 6.25000000E-02
   2
   8
   3
 253
 3.08623633E+02
 4.44656516E+00
 1.40595157E+00
 9.88281250E-01
 3.90573121E-06
-2.94457589E-02
-1.37261969E-06
 0.00000000E+00
 5.00000000E-01
 9.84375000E-01
 1.00000000E+00
 9.92187500E-01
 7.50000000E-01
 9.88281250E-01
   4
   6
  15
  13
 3.06768150E+02
 2.27057451E-01
 1.02042137E+00
 2.03125000E-01
 1.48368388E-03
-9.61353598E-05
-5.74408711E-05
 0.00000000E+00
 8.75000000E-01
 1.87500000E-01
 1.00000000E+00
 2.18750000E-01
 9.37500000E-01
 2.03125000E-01
   1
   8
   1
  85
 3.07578086E+02
 4.03513888E-01
 1.05368152E+00
 3.32031250E-01
 6.92089419E-05
-1.70995708E-05
-6.52170619E-06
 0.00000000E+00
 0.00000000E+00
 3.28125000E-01
 1.00000000E+00
 3.35937500E-01
 5.00000000E-01
 3.32031250E-01
   4
   4
   1
   1
 3.06151864E+02
 6.45385211E-02
 1.00195122E+00
 6.25000000E-02
 7.63722632E+01
-1.11358759E-03
 2.49030056E-01
 0.00000000E+00
 0.00000000E+00
 0.00000000E+00
 1.25000000E-01
 1.25000000E-01
 6.25000000E-02
 6.25000000E-02
   2
   8
   3
  15
 3.05624020E+02
 6.03805110E-02
 1.00171514E+00
 5.85937500E-02
 1.11358759E-03
-4.30437066E-06
-3.79512197E-06
 0.00000000E+00
 5.00000000E-01
 5.46875000E-02
 1.00000000E+00
 6.25000000E-02
 7.50000000E-01
 5.85937500E-02
   3
   7
   7
  23
 3.06683207E+02
 1.98069914E-01
 1.01601555E+00
 1.79687500E-01
 4.73037038E-04
-2.26767654E-05
-1.45483449E-05
 0.00000000E+00
 7.50000000E-01
 1.71875000E-01
 1.00000000E+00
 1.87500000E-01
 8.75000000E-01
 1.79687500E-01
   2
   5
   3
  25
 3.08349752E+02
 1.51982575E+00
 1.26899628E+00
 7.81250000E-01
 4.00320342E-04
-5.15482180E-03
-1.19486244E-04
 0.00000000E+00
 5.00000000E-01
 7.50000000E-01
 1.00000000E+00
 8.12500000E-01
 7.50000000E-01
 7.81250000E-01
   2
   3
   3
   5
 3.08097319E+02
 9.80829253E-01
 1.17924764E+00
 6.25000000E-01
 1.02054986E-02
-2.94457589E-02
-2.38467643E-03
 0.00000000E+00
 5.00000000E-01
 5.00000000E-01
 1.00000000E+00
 7.50000000E-01
 7.50000000E-01
 6.25000000E-01
   2
   8
   1
  33
 3.06762074E+02
 1.38005673E-01
 1.00827418E+00
 1.28906250E-01
 2.29673879E-04
-5.02729823E-06
-3.72153960E-06
 0.00000000E+00
 0.00000000E+00
 1.25000000E-01
 5.00000000E-01
 1.32812500E-01
 2.50000000E-01
 1.28906250E-01
   1
   7
   1
  75
 3.08193666E+02
 8.81738350E-01
 1.15901801E+00
 5.85937500E-01
 8.88967910E-05
-1.78030979E-04
-1.96011196E-05
 0.00000000E+00
 0.00000000E+00
 5.78125000E-01
 1.00000000E+00
 5.93750000E-01
 5.00000000E-01
 5.85937500E-01
   3
   6
   1
   1
 3.04714730E+02
 1.57483570E-02
 1.00012206E+00
 1.56250000E-02
 7.60256896E+01
-6.29960946E-05
 2.49938991E-01
 0.00000000E+00
 0.00000000E+00
 0.00000000E+00
 2.50000000E-01
 3.12500000E-02
 1.25000000E-01
 1.56250000E-02
   1
   9
   1
 483
 3.08736900E+02
 2.87102880E+00
 1.37474613E+00
 9.43359375E-01
 2.14326872E-06
-5.94884068E-04
-7.34112917E-07
 0.00000000E+00
 0.00000000E+00
 9.41406250E-01
 1.00000000E+00
 9.45312500E-01
 5.00000000E-01
 9.43359375E-01
   2
   6
   1
  37
 3.08346987E+02
 8.63046217E-01
 1.15508810E+00
 5.78125000E-01
 1.82681776E-04
-3.43170953E-04
-3.96040635E-05
 0.00000000E+00
 0.00000000E+00
 5.62500000E-01
 5.00000000E-01
 5.93750000E-01
 2.50000000E-01
 5.78125000E-01
   1
   6
   1
  55
 3.08627915E+02
 1.96165851E+00
 1.31853153E+00
 8.59375000E-01
 1.65316583E-04
-6.21126000E-03
-5.32544171E-05
 0.00000000E+00
 0.00000000E+00
 8.43750000E-01
 1.00000000E+00
 8.75000000E-01
 5.00000000E-01
 8.59375000E-01
   1
   8
   1
 109
 3.07844357E+02
 5.54744858E-01
 1.08687151E+00
 4.25781250E-01
 4.20857708E-05
-2.31390425E-05
-5.94230770E-06
 0.00000000E+00
 0.00000000E+00
 4.21875000E-01
 1.00000000E+00
 4.29687500E-01
 5.00000000E-01
 4.25781250E-01
   1
   5
   1
  15
 3.07948555E+02
 6.32522559E-01
 1.10441232E+00
 4.68750000E-01
 2.22717517E-03
-1.73310399E-03
-3.62466326E-04
 0.00000000E+00
 0.00000000E+00
 4.37500000E-01
 1.00000000E+00
 5.00000000E-01
 5.00000000E-01
 4.68750000E-01
   5
   4
  31
   5
 3.07198410E+02
 3.74693449E-01
 1.04769091E+00
 3.12500000E-01
 1.02054986E-02
-2.07470070E-03
-8.48761947E-04
 0.00000000E+00
 9.37500000E-01
 2.50000000E-01
 1.00000000E+00
 3.75000000E-01
 9.68750000E-01
 3.12500000E-01
   2
   8
   3
  39
 3.06597105E+02
 1.65280091E-01
 1.01153775E+00
 1.52343750E-01
 1.64419605E-04
-5.30915192E-06
-3.68563530E-06
 0.00000000E+00
 5.00000000E-01
 1.48437500E-01
 1.00000000E+00
 1.56250000E-01
 7.50000000E-01
 1.52343750E-01
   3
   7
   7
  71
 3.07880688E+02
 8.08978996E-01
 1.14353759E+00
 5.54687500E-01
 4.95982543E-05
-7.69585969E-05
-1.02039806E-05
 0.00000000E+00
 7.50000000E-01
 5.46875000E-01
 1.00000000E+00
 5.62500000E-01
 8.75000000E-01
 5.54687500E-01
   4
   6
   1
  25
 3.08045954E+02
 4.95321437E-01
 1.07358646E+00
 3.90625000E-01
 4.00320342E-04
-1.64419605E-04
-4.93243313E-05
 0.00000000E+00
 0.00000000E+00
 3.75000000E-01
 1.25000000E-01
 4.06250000E-01
 6.25000000E-02
 3.90625000E-01
   4
   4
   1
   5
 3.07808165E+02
 3.74693449E-01
 1.04769091E+00
 3.12500000E-01
 1.02054986E-02
-2.07470070E-03
-8.48761947E-04
 0.00000000E+00
 0.00000000E+00
 2.50000000E-01
 1.25000000E-01
 3.75000000E-01
 6.25000000E-02
 3.12500000E-01
   2
   8
   1
  57
 3.07326192E+02
 2.51872620E-01
 1.02448807E+00
 2.22656250E-01
 7.69585969E-05
-6.31305160E-06
-3.54762867E-06
 0.00000000E+00
 0.00000000E+00
 2.18750000E-01
 5.00000000E-01
 2.26562500E-01
 2.50000000E-01
 2.22656250E-01
   2
   6
   3
  61
 3.08580822E+02
 3.06027079E+00
 1.38146562E+00
 9.53125000E-01
 6.71952698E-05
-2.94457589E-02
-2.31514919E-05
 0.00000000E+00
 5.00000000E-01
 9.37500000E-01
 1.00000000E+00
 9.68750000E-01
 7.50000000E-01
 9.53125000E-01
   1
   7
   1
 123
 3.08758658E+02
 3.24259235E+00
 1.38686729E+00
 9.60937500E-01
 3.30502032E-05
-2.04109973E-02
-1.14406362E-05
 0.00000000E+00
 0.00000000E+00
 9.53125000E-01
 1.00000000E+00
 9.68750000E-01
 5.00000000E-01
 9.60937500E-01
   3
   6
   7
  47
 3.08194986E+02
 1.32566974E+00
 1.24068797E+00
 7.34375000E-01
 1.13199006E-04
-8.66551994E-04
-3.19598911E-05
 0.00000000E+00
 7.50000000E-01
 7.18750000E-01
 1.00000000E+00
 7.50000000E-01
 8.75000000E-01
 7.34375000E-01
   1
   9
   1
 495
 3.08765835E+02
 3.40511128E+00
 1.39093357E+00
 9.66796875E-01
 2.04061217E-06
-1.73310399E-03
-7.08779615E-07
 0.00000000E+00
 0.00000000E+00
 9.64843750E-01
 1.00000000E+00
 9.68750000E-01
 5.00000000E-01
 9.66796875E-01
   2
   5
   3
  27
 3.08438429E+02
 1.85629799E+00
 1.30840134E+00
 8.43750000E-01
 3.43170953E-04
-1.02054986E-02
-1.09014416E-04
 0.00000000E+00
 5.00000000E-01
 8.12500000E-01
 1.00000000E+00
 8.75000000E-01
 7.50000000E-01
 8.43750000E-01
   5
   4
   1
   3
 3.07294934E+02
 2.07639365E-01
 1.01742629E+00
 1.87500000E-01
 2.94457589E-02
-1.48368388E-03
-9.26512607E-04
 0.00000000E+00
 0.00000000E+00
 1.25000000E-01
 6.25000000E-02
 2.50000000E-01
 3.12500000E-02
 1.87500000E-01
   1
   8
   1
 133
 3.08060932E+02
 7.32993089E-01
 1.12690404E+00
 5.19531250E-01
 2.82669533E-05
-3.30502033E-05
-5.33125365E-06
 0.00000000E+00
 0.00000000E+00
 5.15625000E-01
 1.00000000E+00
 5.23437500E-01
 5.00000000E-01
 5.19531250E-01
   3
   7
   1
   1
 3.04020119E+02
 7.84317746E-03
 1.00003052E+00
 7.81250000E-03
 7.58524028E+01
-1.55005115E-05
 2.49984743E-01
 0.00000000E+00
 0.00000000E+00
 0.00000000E+00
 2.50000000E-01
 1.56250000E-02
 1.25000000E-01
 7.81250000E-03
   2
   7
   1
  19
 3.06906814E+02
 1.60682382E-01
 1.01095682E+00
 1.48437500E-01
 6.93481721E-04
-2.10428854E-05
-1.47678226E-05
 0.00000000E+00
 0.00000000E+00
 1.40625000E-01
 5.00000000E-01
 1.56250000E-01
 2.50000000E-01
 1.48437500E-01
   1
   9
   1
   7
 3.04328520E+02
 1.37661958E-02
 1.00009346E+00
 1.36718750E-02
 1.03096436E-02
-1.96059594E-06
-1.90681216E-06
 0.00000000E+00
 0.00000000E+00
 1.17187500E-02
 1.00000000E+00
 1.56250000E-02
 5.00000000E-01
 1.36718750E-02
   2
   8
   3
  63
 3.07094252E+02
 2.82487256E-01
 1.02983597E+00
 2.46093750E-01
 6.29960944E-05
-6.71167967E-06
-3.49264774E-06
 0.00000000E+00
 5.00000000E-01
 2.42187500E-01
 1.00000000E+00
 2.50000000E-01
 7.50000000E-01
 2.46093750E-01
   1
   5
   1
  17
 3.08085434E+02
 7.57685702E-01
 1.13235443E+00
 5.31250000E-01
 1.73310399E-03
-2.22717517E-03
-3.36303334E-04
 0.00000000E+00
 0.00000000E+00
 5.00000000E-01
 1.00000000E+00
 5.62500000E-01
 5.00000000E-01
 5.31250000E-01
   3
   7
   7
 119
 3.08467426E+02
 2.65480569E+00
 1.36540062E+00
 9.29687500E-01
 1.76547439E-05
-3.10563000E-03
-5.99438274E-06
 0.00000000E+00
 7.50000000E-01
 9.21875000E-01
 1.00000000E+00
 9.37500000E-01
 8.75000000E-01
 9.29687500E-01
   5
   4
  31
   9
 3.07833060E+02
 8.26678573E-01
 1.14734748E+00
 5.62500000E-01
 3.10563000E-03
-5.15482180E-03
-6.46665355E-04
 0.00000000E+00
 9.37500000E-01
 5.00000000E-01
 1.00000000E+00
 6.25000000E-01
 9.68750000E-01
 5.62500000E-01
   2
   8
   1
  81
 3.07695164E+02
 3.80391471E-01
 1.04886268E+00
 3.16406250E-01
 3.81068518E-05
-8.16339859E-06
-3.30600391E-06
 0.00000000E+00
 0.00000000E+00
 3.12500000E-01
 5.00000000E-01
 3.20312500E-01
 2.50000000E-01
 3.16406250E-01
   4
   6
  15
  15
 3.06917109E+02
 2.67062785E-01
 1.02709865E+00
 2.34375000E-01
 1.11358759E-03
-1.04144971E-04
-5.63280866E-05
 0.00000000E+00
 8.75000000E-01
 2.18750000E-01
 1.00000000E+00
 2.50000000E-01
 9.37500000E-01
 2.34375000E-01
   1
   9
   1
 507
 3.08794182E+02
 4.62888671E+00
 1.40732516E+00
 9.90234375E-01
 1.94515826E-06
-2.04109973E-02
-6.84300774E-07
 0.00000000E+00
 0.00000000E+00
 9.88281250E-01
 1.00000000E+00
 9.92187500E-01
 5.00000000E-01
 9.90234375E-01
   4
   4
   1
   9
 3.08442815E+02
 8.26678573E-01
 1.14734748E+00
 5.62500000E-01
 3.10563000E-03
-5.15482180E-03
-6.46665355E-04
 0.00000000E+00
 0.00000000E+00
 5.00000000E-01
 1.25000000E-01
 6.25000000E-01
 6.25000000E-02
 5.62500000E-01
   2
   7
   3
  31
 3.07077520E+02
 2.77319285E-01
 1.02890951E+00
 2.42187500E-01
 2.60281127E-04
-2.65717171E-05
-1.40082536E-05
 0.00000000E+00
 5.00000000E-01
 2.34375000E-01
 1.00000000E+00
 2.50000000E-01
 7.50000000E-01
 2.42187500E-01
   1
   8
   1
 157
 3.08244402E+02
 9.50057594E-01
 1.17307881E+00
 6.13281250E-01
 2.02852099E-05
-5.10178053E-05
-4.72616573E-06
 0.00000000E+00
 0.00000000E+00
 6.09375000E-01
 1.00000000E+00
 6.17187500E-01
 5.00000000E-01
 6.13281250E-01
   3
   7
   1
  49
 3.07982234E+02
 4.82582411E-01
 1.07076861E+00
 3.82812500E-01
 1.04144971E-04
-4.00608926E-05
-1.24288542E-05
 0.00000000E+00
 0.00000000E+00
 3.75000000E-01
 2.50000000E-01
 3.90625000E-01
 1.25000000E-01
 3.82812500E-01
   2
   5
   3
  29
 3.08521604E+02
 2.36712361E+00
 1.34955143E+00
 9.06250000E-01
 2.97442034E-04
-2.94457589E-02
-9.93447118E-05
 0.00000000E+00
 5.00000000E-01
 8.75000000E-01
 1.00000000E+00
 9.37500000E-01
 7.50000000E-01
 9.06250000E-01
   3
   5
   7
   1
 3.04906182E+02
 3.17486983E-02
 1.00048816E+00
 3.12500000E-02
 7.60307681E+01
-2.60281127E-04
 2.49756276E-01
 0.00000000E+00
 7.50000000E-01
 0.00000000E+00
 1.00000000E+00
 6.25000000E-02
 8.75000000E-01
 3.12500000E-02
   2
   7
   1
  67
 3.08237363E+02
 7.41156400E-01
 1.12871024E+00
 5.23437500E-01
 5.56978947E-05
-6.71952699E-05
-1.06114092E-05
 0.00000000E+00
 0.00000000E+00
 5.15625000E-01
 5.00000000E-01
 5.31250000E-01
 2.50000000E-01
 5.23437500E-01
   5
   4
   1
   7
 3.08189095E+02
 5.75364145E-01
 1.09151557E+00
 4.37500000E-01
 5.15482180E-03
-3.10563000E-03
-7.50826836E-04
 0.00000000E+00
 0.00000000E+00
 3.75000000E-01
 6.25000000E-02
 5.00000000E-01
 3.12500000E-02
 4.37500000E-01
   1
   9
   1
  19
 3.05331443E+02
 3.78154510E-02
 1.00068832E+00
 3.71093750E-02
 1.38696344E-03
-2.05720257E-06
-1.90341367E-06
 0.00000000E+00
 0.00000000E+00
 3.51562500E-02
 1.00000000E+00
 3.90625000E-02
 5.00000000E-01
 3.71093750E-02
   2
   8
   3
  87
 3.07434599E+02
 4.15278730E-01
 1.05616939E+00
 3.39843750E-01
 3.30316443E-05
-8.75334816E-06
-3.23786424E-06
 0.00000000E+00
 5.00000000E-01
 3.35937500E-01
 1.00000000E+00
 3.43750000E-01
 7.50000000E-01
 3.39843750E-01
   3
   6
   1
   3
 3.05819201E+02
 4.80092192E-02
 1.00109803E+00
 4.68750000E-02
 2.94457589E-02
-6.71952699E-05
-6.08308778E-05
 0.00000000E+00
 0.00000000E+00
 3.12500000E-02
 2.50000000E-01
 6.25000000E-02
 1.25000000E-01
 4.68750000E-02
   2
   6
   1
  39
 3.08405489E+02
 9.40007258E-01
 1.17104137E+00
 6.09375000E-01
 1.64419605E-04
-4.00320342E-04
-3.80075772E-05
 0.00000000E+00
 0.00000000E+00
 5.93750000E-01
 5.00000000E-01
 6.25000000E-01
 2.50000000E-01
 6.09375000E-01
   1
   6
   1
  57
 3.08669491E+02
 2.21297293E+00
 1.33910899E+00
 8.90625000E-01
 1.53917194E-04
-1.03096436E-02
-5.08370321E-05
 0.00000000E+00
 0.00000000E+00
 8.75000000E-01
 1.00000000E+00
 9.06250000E-01
 5.00000000E-01
 8.90625000E-01
   2
   8
   1
 105
 3.07972249E+02
 5.27897608E-01
 1.08084603E+00
 4.10156250E-01
 2.26767654E-05
-1.09646718E-05
-3.02112143E-06
 0.00000000E+00
 0.00000000E+00
 4.06250000E-01
 5.00000000E-01
 4.14062500E-01
 2.50000000E-01
 4.10156250E-01
   1
   5
   1
  19
 3.08208376E+02
 9.00786545E-01
 1.16298713E+00
 5.93750000E-01
 1.38696344E-03
-2.96736776E-03
-3.10433842E-04
 0.00000000E+00
 0.00000000E+00
 5.62500000E-01
 1.00000000E+00
 6.25000000E-01
 5.00000000E-01
 5.93750000E-01
   5
   4
  31
  13
 3.08247648E+02
 1.67397643E+00
 1.28847051E+00
 8.12500000E-01
 1.48368388E-03
-2.94457589E-02
-4.56802645E-04
 0.00000000E+00
 9.37500000E-01
 7.50000000E-01
 1.00000000E+00
 8.75000000E-01
 9.68750000E-01
 8.12500000E-01
   2
   7
   3
  79
 3.08083276E+02
 9.60209966E-01
 1.17512570E+00
 6.17187500E-01
 4.00608927E-05
-1.04144971E-04
-9.40305370E-06
 0.00000000E+00
 5.00000000E-01
 6.09375000E-01
 1.00000000E+00
 6.25000000E-01
 7.50000000E-01
 6.17187500E-01
   6
   4
   1
   3
 3.07305447E+02
 2.07639365E-01
 1.01742629E+00
 1.87500000E-01
 2.94457589E-02
-1.48368388E-03
-9.26512607E-04
 0.00000000E+00
 0.00000000E+00
 1.25000000E-01
 3.12500000E-02
 2.50000000E-01
 1.56250000E-02
 1.87500000E-01
   1
   8
   1
 181
 3.08404227E+02
 1.22768933E+00
 1.22470126E+00
 7.07031250E-01
 1.52622822E-05
-8.88967911E-05
-4.15336702E-06
 0.00000000E+00
 0.00000000E+00
 7.03125000E-01
 1.00000000E+00
 7.10937500E-01
 5.00000000E-01
 7.07031250E-01
   3
   7
   1
  97
 3.08735420E+02
 1.41804306E+00
 1.25470307E+00
 7.57812500E-01
 2.65717171E-05
-2.60281127E-04
-7.72503862E-06
 0.00000000E+00
 0.00000000E+00
 7.50000000E-01
 2.50000000E-01
 7.65625000E-01
 1.25000000E-01
 7.57812500E-01
   4
   6
   1
  27
 3.08128772E+02
 5.47965171E-01
 1.08534719E+00
 4.21875000E-01
 3.43170953E-04
-1.82681776E-04
-4.77384706E-05
 0.00000000E+00
 0.00000000E+00
 4.06250000E-01
 1.25000000E-01
 4.37500000E-01
 6.25000000E-02
 4.21875000E-01
   4
   4
   1
  13
 3.08857404E+02
 1.67397643E+00
 1.28847051E+00
 8.12500000E-01
 1.48368388E-03
-2.94457589E-02
-4.56802645E-04
 0.00000000E+00
 0.00000000E+00
 7.50000000E-01
 1.25000000E-01
 8.75000000E-01
 6.25000000E-02
 8.12500000E-01
   2
   7
   1
 115
 3.08847898E+02
 2.28708091E+00
 1.34431765E+00
 8.98437500E-01
 1.89043065E-05
-1.48368388E-03
-6.28085678E-06
 0.00000000E+00
 0.00000000E+00
 8.90625000E-01
 5.00000000E-01
 9.06250000E-01
 2.50000000E-01
 8.98437500E-01
   2
   6
   3
  63
 3.08618940E+02
 4.15888308E+00
 1.40320852E+00
 9.84375000E-01
 7.71174153E+01
 1.21300757E+00
 3.53531299E-01
 2.50000000E-01
 5.00000000E-01
 9.68750000E-01
 1.00000000E+00
 1.00000000E+00
 7.50000000E-01
 9.84375000E-01
   1
   9
   1
  31
 3.05825384E+02
 6.24573549E-02
 1.00183129E+00
 6.05468750E-02
 5.20562254E-04
-2.16112949E-06
-1.89690643E-06
 0.00000000E+00
 0.00000000E+00
 5.85937500E-02
 1.00000000E+00
 6.25000000E-02
 5.00000000E-01
 6.05468750E-02
   3
   6
   7
  49
 3.08242516E+02
 1.45083288E+00
 1.25943703E+00
 7.65625000E-01
 1.04144971E-04
-1.11358759E-03
-3.05537730E-05
 0.00000000E+00
 7.50000000E-01
 7.50000000E-01
 1.00000000E+00
 7.81250000E-01
 8.75000000E-01
 7.65625000E-01
   2
   8
   3
 111
 3.07695795E+02
 5.68443702E-01
 1.08995575E+00
 4.33593750E-01
 2.02913843E-05
-1.18908892E-05
-2.94600300E-06
 0.00000000E+00
 5.00000000E-01
 4.29687500E-01
 1.00000000E+00
 4.37500000E-01
 7.50000000E-01
 4.33593750E-01
   2
   5
   3
  31
 3.08600011E+02
 3.46573590E+00
 1.39229184E+00
 9.68750000E-01
 7.71176126E+01
 1.03972077E+00
 3.53462916E-01
 2.50000000E-01
 5.00000000E-01
 9.37500000E-01
 1.00000000E+00
 1.00000000E+00
 7.50000000E-01
 9.68750000E-01
   3
   5
   7
   3
 3.06016510E+02
 9.84400728E-02
 1.00438492E+00
 9.37500000E-02
 2.94457589E-02
-2.97442034E-04
-2.40901227E-04
 0.00000000E+00
 7.50000000E-01
 6.25000000E-02
 1.00000000E+00
 1.25000000E-01
 8.75000000E-01
 9.37500000E-02
   5
   4
   1
  11
 3.08687944E+02
 1.16315081E+00
 1.21353049E+00
 6.87500000E-01
 2.07470070E-03
-1.02054986E-02
-5.46665410E-04
 0.00000000E+00
 0.00000000E+00
 6.25000000E-01
 6.25000000E-02
 7.50000000E-01
 3.12500000E-02
 6.87500000E-01
   2
   8
   1
 129
 3.08195675E+02
 7.00990358E-01
 1.11978637E+00
 5.03906250E-01
 1.50235872E-05
-1.55005115E-05
-2.71678060E-06
 0.00000000E+00
 0.00000000E+00
 5.00000000E-01
 5.00000000E-01
 5.07812500E-01
 2.50000000E-01
 5.03906250E-01
   1
   7
   1
  29
 3.07176108E+02
 2.56910414E-01
 1.02534412E+00
 2.26562500E-01
 5.94884068E-04
-5.10178053E-05
-2.83097715E-05
 0.00000000E+00
 0.00000000E+00
 2.18750000E-01
 1.00000000E+00
 2.34375000E-01
 5.00000000E-01
 2.26562500E-01
   5
   1
   1
   1
 3.08334342E+02
 6.93147181E-01
 1.11803399E+00
 5.00000000E-01
 1.54177684E+02
 3.46573590E-01
 5.59016994E-01
 2.50000000E-01
 0.00000000E+00
 0.00000000E+00
 6.25000000E-02
 1.00000000E+00
 3.12500000E-02
 5.00000000E-01
   2
   7
   3
 127
 3.08628310E+02
 4.85203026E+00
 1.40870012E+00
 9.92187500E-01
 7.71173678E+01
 1.38629436E+00
 3.53547932E-01
 2.50000000E-01
 5.00000000E-01
 9.84375000E-01
 1.00000000E+00
 1.00000000E+00
 7.50000000E-01
 9.92187500E-01
   1
   5
   1
  21
 3.08320175E+02
 1.06784063E+00
 1.19610370E+00
 6.56250000E-01
 1.13507427E-03
-4.14940141E-03
-2.85365158E-04
 0.00000000E+00
 0.00000000E+00
 6.25000000E-01
 1.00000000E+00
 6.87500000E-01
 5.00000000E-01
 6.56250000E-01
   1
   8
   1
 205
 3.08546314E+02
 1.61335181E+00
 1.28111304E+00
 8.00781250E-01
 1.18978215E-05
-1.92270720E-04
-3.62851302E-06
 0.00000000E+00
 0.00000000E+00
 7.96875000E-01
 1.00000000E+00
 8.04687500E-01
 5.00000000E-01
 8.00781250E-01
   4
   6
  15
  17
 3.07048130E+02
 3.08735482E-01
 1.03467707E+00
 2.65625000E-01
 8.66551994E-04
-1.13199006E-04
-5.50996684E-05
 0.00000000E+00
 8.75000000E-01
 2.50000000E-01
 1.00000000E+00
 2.81250000E-01
 9.37500000E-01
 2.65625000E-01
   1
   9
   1
  43
 3.06156991E+02
 8.77218566E-02
 1.00352049E+00
 8.39843750E-02
 2.70489593E-04
-2.27313540E-06
-1.88734351E-06
 0.00000000E+00
 0.00000000E+00
 8.20312500E-02
 1.00000000E+00
 8.59375000E-02
 5.00000000E-01
 8.39843750E-02
   6
   4
   1
   7
 3.08199608E+02
 5.75364145E-01
 1.09151557E+00
 4.37500000E-01
 5.15482180E-03
-3.10563000E-03
-7.50826836E-04
 0.00000000E+00
 0.00000000E+00
 3.75000000E-01
 3.12500000E-02
 5.00000000E-01
 1.56250000E-02
 4.37500000E-01
   2
   8
   3
 135
 3.07909114E+02
 7.49386899E-01
 1.13052706E+00
 5.27343750E-01
 1.37177976E-05
-1.70759195E-05
-2.64008134E-06
 0.00000000E+00
 5.00000000E-01
 5.23437500E-01
 1.00000000E+00
 5.31250000E-01
 7.50000000E-01
 5.27343750E-01
   1
   9
   1
 293
 3.08167493E+02
 8.49252895E-01
 1.15216663E+00
 5.72265625E-01
 5.82421370E-06
-1.04252458E-05
-1.24705118E-06
 0.00000000E+00
 0.00000000E+00
 5.70312500E-01
 1.00000000E+00
 5.74218750E-01
 5.00000000E-01
 5.72265625E-01
   3
   7
   7
  25
 3.06769517E+02
 2.17301276E-01
 1.01889498E+00
 1.95312500E-01
 4.00320342E-04
-2.35660084E-05
-1.44253579E-05
 0.00000000E+00
 7.50000000E-01
 1.87500000E-01
 1.00000000E+00
 2.03125000E-01
 8.75000000E-01
 1.95312500E-01
   2
   8
   1
 153
 3.08383874E+02
 9.10448456E-01
 1.16498626E+00
 5.97656250E-01
 1.06798810E-05
-2.35660084E-05
-2.41267070E-06
 0.00000000E+00
 0.00000000E+00
 5.93750000E-01
 5.00000000E-01
 6.01562500E-01
 2.50000000E-01
 5.97656250E-01
   3
   5
   7
   5
 3.06539051E+02
 1.69899037E-01
 1.01213342E+00
 1.56250000E-01
 1.02054986E-02
-3.43170953E-04
-2.35415801E-04
 0.00000000E+00
 7.50000000E-01
 1.25000000E-01
 1.00000000E+00
 1.87500000E-01
 8.75000000E-01
 1.56250000E-01
   1
   7
   1
  77
 3.08222912E+02
 9.20204631E-01
 1.16699505E+00
 6.01562500E-01
 8.43383659E-05
-1.92270720E-04
-1.92019186E-05
 0.00000000E+00
 0.00000000E+00
 5.93750000E-01
 1.00000000E+00
 6.09375000E-01
 5.00000000E-01
 6.01562500E-01
   5
   4
   1
  15
 3.09044962E+02
 2.77258872E+00
 1.37073201E+00
 9.37500000E-01
 7.72866742E+01
 8.66433976E-01
 3.53173950E-01
 2.50000000E-01
 0.00000000E+00
 8.75000000E-01
 6.25000000E-02
 1.00000000E+00
 3.12500000E-02
 9.37500000E-01
   3
   6
   1
   5
 3.06335884E+02
 8.13456395E-02
 1.00304712E+00
 7.81250000E-02
 1.02054986E-02
-7.18287607E-05
-6.04770385E-05
 0.00000000E+00
 0.00000000E+00
 6.25000000E-02
 2.50000000E-01
 9.37500000E-02
 1.25000000E-01
 7.81250000E-02
   1
   8
   1
 229
 3.08674600E+02
 2.24934058E+00
 1.34171016E+00
 8.94531250E-01
 9.53461529E-06
-6.86341906E-04
-3.15874867E-06
 0.00000000E+00
 0.00000000E+00
 8.90625000E-01
 1.00000000E+00
 8.98437500E-01
 5.00000000E-01
 8.94531250E-01
   2
   6
   1
  41
 3.08461357E+02
 1.02338887E+00
 1.18760279E+00
 6.40625000E-01
 1.48765253E-04
-4.73037038E-04
-3.64397156E-05
 0.00000000E+00
 0.00000000E+00
 6.25000000E-01
 5.00000000E-01
 6.56250000E-01
 2.50000000E-01
 6.40625000E-01
   1
   6
   1
  59
 3.08709835E+02
 2.54944517E+00
 1.36009320E+00
 9.21875000E-01
 1.43657522E-04
-2.04109973E-02
-4.85202056E-05
 0.00000000E+00
 0.00000000E+00
 9.06250000E-01
 1.00000000E+00
 9.37500000E-01
 5.00000000E-01
 9.21875000E-01
   1
   9
   1
  55
 3.06407517E+02
 1.13641234E-01
 1.00575318E+00
 1.07421875E-01
 1.65316583E-04
-2.39407992E-06
-1.87480219E-06
 0.00000000E+00
 0.00000000E+00
 1.05468750E-01
 1.00000000E+00
 1.09375000E-01
 5.00000000E-01
 1.07421875E-01
   1
   5
   1
  23
 3.08422863E+02
 1.26851133E+00
 1.23150378E+00
 7.18750000E-01
 9.46074076E-04
-6.21126000E-03
-2.61464015E-04
 0.00000000E+00
 0.00000000E+00
 6.87500000E-01
 1.00000000E+00
 7.50000000E-01
 5.00000000E-01
 7.18750000E-01
   2
   8
   3
 159
 3.08090317E+02
 9.70466466E-01
 1.17718199E+00
 6.21093750E-01
 9.88904492E-06
-2.65717171E-05
-2.33845876E-06
 0.00000000E+00
 5.00000000E-01
 6.17187500E-01
 1.00000000E+00
 6.25000000E-01
 7.50000000E-01
 6.21093750E-01
   1
   9
   1
 305
 3.08212026E+02
 9.05605832E-01
 1.16398549E+00
 5.95703125E-01
 5.37492821E-06
-1.16690199E-05
-1.20944878E-06
 0.00000000E+00
 0.00000000E+00
 5.93750000E-01
 1.00000000E+00
 5.97656250E-01
 5.00000000E-01
 5.95703125E-01
   6
   4
   1
  11
 3.08698457E+02
 1.16315081E+00
 1.21353049E+00
 6.87500000E-01
 2.07470070E-03
-1.02054986E-02
-5.46665410E-04
 0.00000000E+00
 0.00000000E+00
 6.25000000E-01
 3.12500000E-02
 7.50000000E-01
 1.56250000E-02
 6.87500000E-01
   3
   7
   7
  73
 3.07911396E+02
 8.44697079E-01
 1.15119779E+00
 5.70312500E-01
 4.69175191E-05
-8.26582914E-05
-1.00016434E-05
 0.00000000E+00
 7.50000000E-01
 5.62500000E-01
 1.00000000E+00
 5.78125000E-01
 8.75000000E-01
 5.70312500E-01
   2
   8
   1
 177
 3.08547159E+02
 1.17572959E+00
 1.21574775E+00
 6.91406250E-01
 7.97995420E-06
-4.00608926E-05
-2.12290393E-06
 0.00000000E+00
 0.00000000E+00
 6.87500000E-01
 5.00000000E-01
 6.95312500E-01
 2.50000000E-01
 6.91406250E-01
   6
   4
  63
   3
 3.06653640E+02
 2.07639365E-01
 1.01742629E+00
 1.87500000E-01
 2.94457589E-02
-1.48368388E-03
-9.26512607E-04
 0.00000000E+00
 9.68750000E-01
 1.25000000E-01
 1.00000000E+00
 2.50000000E-01
 9.84375000E-01
 1.87500000E-01
   4
   6
   1
  29
 3.08206089E+02
 6.03535022E-01
 1.09787170E+00
 4.53125000E-01
 2.97442034E-04
-2.04164977E-04
-4.61234760E-05
 0.00000000E+00
 0.00000000E+00
 4.37500000E-01
 1.25000000E-01
 4.68750000E-01
 6.25000000E-02
 4.53125000E-01
   1
   7
   1
 125
 3.08777716E+02
 3.75341798E+00
 1.39773900E+00
 9.76562500E-01
 3.20010241E-05
-5.88915178E-02
-1.11757506E-05
 0.00000000E+00
 0.00000000E+00
 9.68750000E-01
 1.00000000E+00
 9.84375000E-01
 5.00000000E-01
 9.76562500E-01
   3
   6
   7
  51
 3.08288379E+02
 1.59393373E+00
 1.27867500E+00
 7.96875000E-01
 9.61353599E-05
-1.48368388E-03
-2.91954251E-05
 0.00000000E+00
 7.50000000E-01
 7.81250000E-01
 1.00000000E+00
 8.12500000E-01
 8.75000000E-01
 7.96875000E-01
   6
   1
   1
   1
 3.08344855E+02
 6.93147181E-01
 1.11803399E+00
 5.00000000E-01
 1.54177684E+02
 3.46573590E-01
 5.59016994E-01
 2.50000000E-01
 0.00000000E+00
 0.00000000E+00
 3.12500000E-02
 1.00000000E+00
 1.56250000E-02
 5.00000000E-01
   3
   5
   7
   7
 3.06887239E+02
 2.46860078E-01
 1.02364621E+00
 2.18750000E-01
 5.15482180E-03
-4.00320342E-04
-2.27568598E-04
 0.00000000E+00
 7.50000000E-01
 1.87500000E-01
 1.00000000E+00
 2.50000000E-01
 8.75000000E-01
 2.18750000E-01
   1
   8
   1
 253
 3.08791841E+02
 4.44656516E+00
 1.40595157E+00
 9.88281250E-01
 7.81146247E-06
-5.88915178E-02
-2.74523937E-06
 0.00000000E+00
 0.00000000E+00
 9.84375000E-01
 1.00000000E+00
 9.92187500E-01
 5.00000000E-01
 9.88281250E-01
   3
   7
   1
   3
 3.05121660E+02
 2.37165266E-02
 1.00027462E+00
 2.34375000E-02
 2.94457589E-02
-1.60005120E-05
-1.52459930E-05
 0.00000000E+00
 0.00000000E+00
 1.56250000E-02
 2.50000000E-01
 3.12500000E-02
 1.25000000E-01
 2.34375000E-02
   1
   9
   1
  67
 3.06609270E+02
 1.40250343E-01
 1.00852574E+00
 1.30859375E-01
 1.11395790E-04
-2.52494010E-06
-1.85938252E-06
 0.00000000E+00
 0.00000000E+00
 1.28906250E-01
 1.00000000E+00
 1.32812500E-01
 5.00000000E-01
 1.30859375E-01
   2
   8
   3
 183
 3.08248473E+02
 1.25471800E+00
 1.22922805E+00
 7.14843750E-01
 7.46524898E-06
-4.69175191E-05
-2.05382509E-06
 0.00000000E+00
 5.00000000E-01
 7.10937500E-01
 1.00000000E+00
 7.18750000E-01
 7.50000000E-01
 7.14843750E-01
   2
   7
   1
  21
 3.07009827E+02
 1.79201429E-01
 1.01336889E+00
 1.64062500E-01
 5.67537134E-04
-2.18369219E-05
-1.46626262E-05
 0.00000000E+00
 0.00000000E+00
 1.56250000E-01
 5.00000000E-01
 1.71875000E-01
 2.50000000E-01
 1.64062500E-01
   8
   2
 255
   1
 3.06945153E+02
 2.87682072E-01
 1.03077641E+00
 2.50000000E-01
 7.65506285E+01
-2.94457589E-02
 2.35879706E-01
 0.00000000E+00
 9.92187500E-01
 0.00000000E+00
 1.00000000E+00
 5.00000000E-01
 9.96093750E-01
 2.50000000E-01
   1
   8
   1
  15
 3.05792228E+02
 6.03805110E-02
 1.00171514E+00
 5.85937500E-02
 2.22717517E-03
-8.60874132E-06
-7.59024394E-06
 0.00000000E+00
 0.00000000E+00
 5.46875000E-02
 1.00000000E+00
 6.25000000E-02
 5.00000000E-01
 5.85937500E-02
   1
   9
   1
 317
 3.08255010E+02
 9.65325066E-01
 1.17615267E+00
 6.19140625E-01
 4.97569380E-06
-1.31494168E-05
-1.17230090E-06
 0.00000000E+00
 0.00000000E+00
 6.17187500E-01
 1.00000000E+00
 6.21093750E-01
 5.00000000E-01
 6.19140625E-01
   1
   5
   1
  25
 3.08517960E+02
 1.51982575E+00
 1.26899628E+00
 7.81250000E-01
 8.00640684E-04
-1.03096436E-02
-2.38972487E-04
 0.00000000E+00
 0.00000000E+00
 7.50000000E-01
 1.00000000E+00
 8.12500000E-01
 5.00000000E-01
 7.81250000E-01
   3
   7
   7
 121
 3.08487022E+02
 2.90612011E+00
 1.37608711E+00
 9.45312500E-01
 1.70759196E-05
-5.15482180E-03
-5.85581100E-06
 0.00000000E+00
 7.50000000E-01
 9.37500000E-01
 1.00000000E+00
 9.53125000E-01
 8.75000000E-01
 9.45312500E-01
   8
   2
   1
   3
 3.08805069E+02
 1.38629436E+00
 1.25000000E+00
 7.50000000E-01
 7.73150064E+01
 5.19860385E-01
 3.45491503E-01
 2.50000000E-01
 0.00000000E+00
 5.00000000E-01
 7.81250000E-03
 1.00000000E+00
 3.90625000E-03
 7.50000000E-01
   2
   8
   1
 201
 3.08691888E+02
 1.53784426E+00
 1.27140487E+00
 7.85156250E-01
 6.18804251E-06
-8.26582914E-05
-1.85613431E-06
 0.00000000E+00
 0.00000000E+00
 7.81250000E-01
 5.00000000E-01
 7.89062500E-01
 2.50000000E-01
 7.85156250E-01
   1
   3
   1
   5
 3.08265527E+02
 9.80829253E-01
 1.17924764E+00
 6.25000000E-01
 2.04109973E-02
-5.88915178E-02
-4.76935287E-03
 0.00000000E+00
 0.00000000E+00
 5.00000000E-01
 1.00000000E+00
 7.50000000E-01
 5.00000000E-01
 6.25000000E-01
   2
   2
   3
   3
 3.08303072E+02
 1.38629436E+00
 1.25000000E+00
 7.50000000E-01
 7.71467981E+01
 5.19860385E-01
 3.45491503E-01
 2.50000000E-01
 5.00000000E-01
 5.00000000E-01
 1.00000000E+00
 1.00000000E+00
 7.50000000E-01
 7.50000000E-01
   4
   6
  15
  19
 3.07165214E+02
 3.52220594E-01
 1.04313698E+00
 2.96875000E-01
 6.93481720E-04
-1.23487283E-04
-5.37701857E-05
 0.00000000E+00
 8.75000000E-01
 2.81250000E-01
 1.00000000E+00
 3.12500000E-01
 9.37500000E-01
 2.96875000E-01
   6
   4
   1
  15
 3.09055475E+02
 2.77258872E+00
 1.37073201E+00
 9.37500000E-01
 7.72866742E+01
 8.66433976E-01
 3.53173950E-01
 2.50000000E-01
 0.00000000E+00
 8.75000000E-01
 3.12500000E-02
 1.00000000E+00
 1.56250000E-02
 9.37500000E-01
   6
   4
  63
   7
 3.07547801E+02
 5.75364145E-01
 1.09151557E+00
 4.37500000E-01
 5.15482180E-03
-3.10563000E-03
-7.50826836E-04
 0.00000000E+00
 9.68750000E-01
 3.75000000E-01
 1.00000000E+00
 5.00000000E-01
 9.84375000E-01
 4.37500000E-01
   2
   7
   3
  33
 3.07142969E+02
 2.98153372E-01
 1.03269903E+00
 2.57812500E-01
 2.29673879E-04
-2.77023658E-05
-1.38546158E-05
 0.00000000E+00
 5.00000000E-01
 2.50000000E-01
 1.00000000E+00
 2.65625000E-01
 7.50000000E-01
 2.57812500E-01
   3
   7
   1
  51
 3.08025169E+02
 5.08224842E-01
 1.07645364E+00
 3.98437500E-01
 9.61353599E-05
-4.21691829E-05
-1.22329803E-05
 0.00000000E+00
 0.00000000E+00
 3.90625000E-01
 2.50000000E-01
 4.06250000E-01
 1.25000000E-01
 3.98437500E-01
   1
   9
   1
  79
 3.06778419E+02
 1.67586897E-01
 1.01183374E+00
 1.54296875E-01
 8.01217851E-05
-2.66683023E-06
-1.84120544E-06
 0.00000000E+00
 0.00000000E+00
 1.52343750E-01
 1.00000000E+00
 1.56250000E-01
 5.00000000E-01
 1.54296875E-01
   3
   5
   7
   9
 3.07150270E+02
 3.30241687E-01
 1.03879813E+00
 2.81250000E-01
 3.10563000E-03
-4.73037038E-04
-2.17763118E-04
 0.00000000E+00
 7.50000000E-01
 2.50000000E-01
 1.00000000E+00
 3.12500000E-01
 8.75000000E-01
 2.81250000E-01
   2
   8
   3
 207
 3.08389279E+02
 1.65335715E+00
 1.28601083E+00
 8.08593750E-01
 5.83450981E-06
-1.04144971E-04
-1.79360654E-06
 0.00000000E+00
 5.00000000E-01
 8.04687500E-01
 1.00000000E+00
 8.12500000E-01
 7.50000000E-01
 8.08593750E-01
   2
   7
   1
  69
 3.08269706E+02
 7.74492820E-01
 1.13604066E+00
 5.39062500E-01
 5.25154921E-05
-7.18287607E-05
-1.04073244E-05
 0.00000000E+00
 0.00000000E+00
 5.31250000E-01
 5.00000000E-01
 5.46875000E-01
 2.50000000E-01
 5.39062500E-01
   1
   8
   1
  39
 3.06765314E+02
 1.65280091E-01
 1.01153775E+00
 1.52343750E-01
 3.28839209E-04
-1.06183038E-05
-7.37127059E-06
 0.00000000E+00
 0.00000000E+00
 1.48437500E-01
 1.00000000E+00
 1.56250000E-01
 5.00000000E-01
 1.52343750E-01
   1
   9
   1
 329
 3.08296559E+02
 1.02883847E+00
 1.18865750E+00
 6.42578125E-01
 4.61934309E-06
-1.49304985E-05
-1.13569056E-06
 0.00000000E+00
 0.00000000E+00
 6.40625000E-01
 1.00000000E+00
 6.44531250E-01
 5.00000000E-01
 6.42578125E-01
   3
   6
   1
   7
 3.06678214E+02
 1.15831816E-01
 1.00596366E+00
 1.09375000E-01
 5.15482180E-03
-7.69585969E-05
-5.99526710E-05
 0.00000000E+00
 0.00000000E+00
 9.37500000E-02
 2.50000000E-01
 1.25000000E-01
 1.25000000E-01
 1.09375000E-01
   2
   8
   1
 225
 3.08822258E+02
 2.11119024E+00
 1.33134376E+00
 8.78906250E-01
 4.93832022E-06
-2.60281127E-04
-1.61655529E-06
 0.00000000E+00
 0.00000000E+00
 8.75000000E-01
 5.00000000E-01
 8.82812500E-01
 2.50000000E-01
 8.78906250E-01
   2
   6
   1
  43
 3.08514843E+02
 1.11436065E+00
 1.20474728E+00
 6.71875000E-01
 1.35244796E-04
-5.67537134E-04
-3.49061805E-05
 0.00000000E+00
 0.00000000E+00
 6.56250000E-01
 5.00000000E-01
 6.87500000E-01
 2.50000000E-01
 6.71875000E-01
   1
   6
   1
  61
 3.08749030E+02
 3.06027079E+00
 1.38146562E+00
 9.53125000E-01
 1.34390540E-04
-5.88915178E-02
-4.63029837E-05
 0.00000000E+00
 0.00000000E+00
 9.37500000E-01
 1.00000000E+00
 9.68750000E-01
 5.00000000E-01
 9.53125000E-01
   1
   5
   1
  27
 3.08606637E+02
 1.85629799E+00
 1.30840134E+00
 8.43750000E-01
 6.86341906E-04
-2.04109973E-02
-2.18028833E-04
 0.00000000E+00
 0.00000000E+00
 8.12500000E-01
 1.00000000E+00
 8.75000000E-01
 5.00000000E-01
 8.43750000E-01
   2
   7
   3
  81
 3.08111206E+02
 1.00188266E+00
 1.18340680E+00
 6.32812500E-01
 3.81068517E-05
-1.13199006E-04
-9.20703764E-06
 0.00000000E+00
 5.00000000E-01
 6.25000000E-01
 1.00000000E+00
 6.40625000E-01
 7.50000000E-01
 6.32812500E-01
   6
   4
  63
  11
 3.08046650E+02
 1.16315081E+00
 1.21353049E+00
 6.87500000E-01
 2.07470070E-03
-1.02054986E-02
-5.46665410E-04
 0.00000000E+00
 9.68750000E-01
 6.25000000E-01
 1.00000000E+00
 7.50000000E-01
 9.84375000E-01
 6.87500000E-01
   3
   7
   1
  99
 3.08758758E+02
 1.48473443E+00
 1.26420155E+00
 7.73437500E-01
 2.55089025E-05
-2.97442034E-04
-7.55222159E-06
 0.00000000E+00
 0.00000000E+00
 7.65625000E-01
 2.50000000E-01
 7.81250000E-01
 1.25000000E-01
 7.73437500E-01
   1
   9
   1
  91
 3.06924224E+02
 1.95691791E-01
 1.01567195E+00
 1.77734375E-01
 6.03828272E-05
-2.82102567E-06
-1.82041065E-06
 0.00000000E+00
 0.00000000E+00
 1.75781250E-01
 1.00000000E+00
 1.79687500E-01
 5.00000000E-01
 1.77734375E-01
   4
   6
   1
  31
 3.08278639E+02
 6.62375522E-01
 1.11113417E+00
 4.84375000E-01
 2.60281127E-04
-2.29673879E-04
-4.44917492E-05
 0.00000000E+00
 0.00000000E+00
 4.68750000E-01
 1.25000000E-01
 5.00000000E-01
 6.25000000E-02
 4.84375000E-01
   2
   8
   3
 231
 3.08516552E+02
 2.32630162E+00
 1.34693142E+00
 9.02343750E-01
 4.68511348E-06
-4.00320342E-04
-1.56107858E-06
 0.00000000E+00
 5.00000000E-01
 8.98437500E-01
 1.00000000E+00
 9.06250000E-01
 7.50000000E-01
 9.02343750E-01
   2
   7
   1
 117
 3.08868069E+02
 2.45413499E+00
 1.35481004E+00
 9.14062500E-01
 1.82635058E-05
-2.07470070E-03
-6.13605796E-06
 0.00000000E+00
 0.00000000E+00
 9.06250000E-01
 5.00000000E-01
 9.21875000E-01
 2.50000000E-01
 9.14062500E-01
   1
   8
   1
  63
 3.07262461E+02
 2.82487256E-01
 1.02983597E+00
 2.46093750E-01
 1.25992189E-04
-1.34233593E-05
-6.98529549E-06
 0.00000000E+00
 0.00000000E+00
 2.42187500E-01
 1.00000000E+00
 2.50000000E-01
 5.00000000E-01
 2.46093750E-01
   3
   6
   7
  53
 3.08332704E+02
 1.76098781E+00
 1.29838015E+00
 8.28125000E-01
 8.90154897E-05
-2.07470070E-03
-2.78862885E-05
 0.00000000E+00
 7.50000000E-01
 8.12500000E-01
 1.00000000E+00
 8.43750000E-01
 8.75000000E-01
 8.28125000E-01
   1
   9
   1
 341
 3.08336777E+02
 1.09666107E+00
 1.20148941E+00
 6.66015625E-01
 4.29994714E-06
-1.70995708E-05
-1.09969029E-06
 0.00000000E+00
 0.00000000E+00
 6.64062500E-01
 1.00000000E+00
 6.67968750E-01
 5.00000000E-01
 6.66015625E-01
   6
   1
  63
   1
 3.07693048E+02
 6.93147181E-01
 1.11803399E+00
 5.00000000E-01
 1.53841268E+02
 3.46573590E-01
 5.59016994E-01
 2.50000000E-01
 9.68750000E-01
 0.00000000E+00
 1.00000000E+00
 1.00000000E+00
 9.84375000E-01
 5.00000000E-01
   2
   8
   1
 249
 3.08941184E+02
 3.59926730E+00
 1.39501261E+00
 9.72656250E-01
 4.03222566E-06
-5.15482180E-03
-1.40516362E-06
 0.00000000E+00
 0.00000000E+00
 9.68750000E-01
 5.00000000E-01
 9.76562500E-01
 2.50000000E-01
 9.72656250E-01
   3
   5
   7
  11
 3.07362656E+02
 4.21213465E-01
 1.05743277E+00
 3.43750000E-01
 2.07470070E-03
-5.67537134E-04
-2.06460523E-04
 0.00000000E+00
 7.50000000E-01
 3.12500000E-01
 1.00000000E+00
 3.75000000E-01
 8.75000000E-01
 3.43750000E-01
   2
   8
   1
  11
 3.05647353E+02
 4.39192339E-02
 1.00092273E+00
 4.29687500E-02
 2.07470070E-03
-4.16496597E-06
-3.80414255E-06
 0.00000000E+00
 0.00000000E+00
 3.90625000E-02
 5.00000000E-01
 4.68750000E-02
 2.50000000E-01
 4.29687500E-02
   1
   7
   1
  31
 3.07245728E+02
 2.77319285E-01
 1.02890951E+00
 2.42187500E-01
 5.20562254E-04
-5.31434342E-05
-2.80165073E-05
 0.00000000E+00
 0.00000000E+00
 2.34375000E-01
 1.00000000E+00
 2.50000000E-01
 5.00000000E-01
 2.42187500E-01
   1
   5
   1
  29
 3.08689812E+02
 2.36712361E+00
 1.34955143E+00
 9.06250000E-01
 5.94884068E-04
-5.88915178E-02
-1.98689424E-04
 0.00000000E+00
 0.00000000E+00
 8.75000000E-01
 1.00000000E+00
 9.37500000E-01
 5.00000000E-01
 9.06250000E-01
   1
   9
   1
 103
 3.07052487E+02
 2.24609469E-01
 1.02003437E+00
 2.01171875E-01
 4.71320167E-05
-2.98899154E-06
-1.79715419E-06
 0.00000000E+00
 0.00000000E+00
 1.99218750E-01
 1.00000000E+00
 2.03125000E-01
 5.00000000E-01
 2.01171875E-01
   3
   2
   7
   1
 3.07026629E+02
 2.87682072E-01
 1.03077641E+00
 2.50000000E-01
 7.65506285E+01
-2.94457589E-02
 2.35879706E-01
 0.00000000E+00
 7.50000000E-01
 0.00000000E+00
 1.00000000E+00
 5.00000000E-01
 8.75000000E-01
 2.50000000E-01
   2
   8
   3
 255
 3.08632971E+02
 5.54517744E+00
 1.41145413E+00
 9.96093750E-01
 7.71173562E+01
 1.55958116E+00
 3.53552034E-01
 2.50000000E-01
 5.00000000E-01
 9.92187500E-01
 1.00000000E+00
 1.00000000E+00
 7.50000000E-01
 9.96093750E-01
   4
   6
  15
  21
 3.07271155E+02
 3.97682968E-01
 1.05245713E+00
 3.28125000E-01
 5.67537133E-04
-1.35244796E-04
-5.23545599E-05
 0.00000000E+00
 8.75000000E-01
 3.12500000E-01
 1.00000000E+00
 3.43750000E-01
 9.37500000E-01
 3.28125000E-01
   1
   8
   1
  87
 3.07602808E+02
 4.15278730E-01
 1.05616939E+00
 3.39843750E-01
 6.60632887E-05
-1.75066963E-05
-6.47572848E-06
 0.00000000E+00
 0.00000000E+00
 3.35937500E-01
 1.00000000E+00
 3.43750000E-01
 5.00000000E-01
 3.39843750E-01
   6
   4
  63
  15
 3.08403668E+02
 2.77258872E+00
 1.37073201E+00
 9.37500000E-01
 7.71184659E+01
 8.66433976E-01
 3.53173950E-01
 2.50000000E-01
 9.68750000E-01
 8.75000000E-01
 1.00000000E+00
 1.00000000E+00
 9.84375000E-01
 9.37500000E-01
   1
   9
   1
 353
 3.08375756E+02
 1.16942042E+00
 1.21463806E+00
 6.89453125E-01
 4.01256750E-06
-1.97780898E-05
-1.06436259E-06
 0.00000000E+00
 0.00000000E+00
 6.87500000E-01
 1.00000000E+00
 6.91406250E-01
 5.00000000E-01
 6.89453125E-01
   7
   2
 127
   1
 3.06947781E+02
 2.87682072E-01
 1.03077641E+00
 2.50000000E-01
 7.65506285E+01
-2.94457589E-02
 2.35879706E-01
 0.00000000E+00
 9.84375000E-01
 0.00000000E+00
 1.00000000E+00
 5.00000000E-01
 9.92187500E-01
 2.50000000E-01
   2
   8
   3
  17
 3.05750648E+02
 6.87138925E-02
 1.00220247E+00
 6.64062500E-02
 8.66551994E-04
-4.37671239E-06
-3.78958855E-06
 0.00000000E+00
 5.00000000E-01
 6.25000000E-02
 1.00000000E+00
 7.03125000E-02
 7.50000000E-01
 6.64062500E-02
   3
   7
   7
  27
 3.06849407E+02
 2.36909747E-01
 1.02200520E+00
 2.10937500E-01
 3.43170953E-04
-2.45086025E-05
-1.42940652E-05
 0.00000000E+00
 7.50000000E-01
 2.03125000E-01
 1.00000000E+00
 2.18750000E-01
 8.75000000E-01
 2.10937500E-01
   7
   1
   1
   1
 3.08350112E+02
 6.93147181E-01
 1.11803399E+00
 5.00000000E-01
 1.54177684E+02
 3.46573590E-01
 5.59016994E-01
 2.50000000E-01
 0.00000000E+00
 0.00000000E+00
 1.56250000E-02
 1.00000000E+00
 7.81250000E-03
 5.00000000E-01
   3
   5
   7
  13
 3.07541426E+02
 5.21296924E-01
 1.07936975E+00
 4.06250000E-01
 1.48368388E-03
-6.93481721E-04
-1.94134514E-04
 0.00000000E+00
 7.50000000E-01
 3.75000000E-01
 1.00000000E+00
 4.37500000E-01
 8.75000000E-01
 4.06250000E-01
   2
   8
   1
  35
 3.06822379E+02
 1.47014743E-01
 1.00930274E+00
 1.36718750E-01
 2.04164977E-04
-5.11870272E-06
-3.71017374E-06
 0.00000000E+00
 0.00000000E+00
 1.32812500E-01
 5.00000000E-01
 1.40625000E-01
 2.50000000E-01
 1.36718750E-01
   1
   7
   1
  79
 3.08251484E+02
 9.60209966E-01
 1.17512570E+00
 6.17187500E-01
 8.01217853E-05
-2.08289943E-04
-1.88061074E-05
 0.00000000E+00
 0.00000000E+00
 6.09375000E-01
 1.00000000E+00
 6.25000000E-01
 5.00000000E-01
 6.17187500E-01
   3
   6
   1
   9
 3.06935387E+02
 1.51549898E-01
 1.00983929E+00
 1.40625000E-01
 3.10563000E-03
-8.26582914E-05
-5.92652060E-05
 0.00000000E+00
 0.00000000E+00
 1.25000000E-01
 2.50000000E-01
 1.56250000E-01
 1.25000000E-01
 1.40625000E-01
   1
   9
   1
 115
 3.07167083E+02
 2.54388344E-01
 1.02491432E+00
 2.24609375E-01
 3.78086129E-05
-3.17241773E-06
-1.77160580E-06
 0.00000000E+00
 0.00000000E+00
 2.22656250E-01
 1.00000000E+00
 2.26562500E-01
 5.00000000E-01
 2.24609375E-01
   2
   6
   1
  45
 3.08566163E+02
 1.21444410E+00
 1.22245031E+00
 7.03125000E-01
 1.23487283E-04
-6.93481721E-04
-3.34116570E-05
 0.00000000E+00
 0.00000000E+00
 6.87500000E-01
 5.00000000E-01
 7.18750000E-01
 2.50000000E-01
 7.03125000E-01
   1
   6
   1
  63
 3.08787149E+02
 4.15888308E+00
 1.40320852E+00
 9.84375000E-01
 1.54403039E+02
 2.42601513E+00
 7.07062597E-01
 5.00000000E-01
 0.00000000E+00
 9.68750000E-01
 1.00000000E+00
 1.00000000E+00
 5.00000000E-01
 9.84375000E-01
   1
   8
   1
 111
 3.07864004E+02
 5.68443702E-01
 1.08995575E+00
 4.33593750E-01
 4.05827688E-05
-2.37817784E-05
-5.89200600E-06
 0.00000000E+00
 0.00000000E+00
 4.29687500E-01
 1.00000000E+00
 4.37500000E-01
 5.00000000E-01
 4.33593750E-01
   1
   5
   1
  31
 3.08768219E+02
 3.46573590E+00
 1.39229184E+00
 9.68750000E-01
 1.54403434E+02
 2.07944154E+00
 7.06925832E-01
 5.00000000E-01
 0.00000000E+00
 9.37500000E-01
 1.00000000E+00
 1.00000000E+00
 5.00000000E-01
 9.68750000E-01
   1
   9
   1
 365
 3.08413579E+02
 1.24789204E+00
 1.22809326E+00
 7.12890625E-01
 3.75306337E-06
-2.31390425E-05
-1.02976051E-06
 0.00000000E+00
 0.00000000E+00
 7.10937500E-01
 1.00000000E+00
 7.14843750E-01
 5.00000000E-01
 7.12890625E-01
   2
   8
   3
  41
 3.06648580E+02
 1.74539416E-01
 1.01274381E+00
 1.60156250E-01
 1.48765253E-04
-5.40838733E-06
-3.67248366E-06
 0.00000000E+00
 5.00000000E-01
 1.56250000E-01
 1.00000000E+00
 1.64062500E-01
 7.50000000E-01
 1.60156250E-01
   3
   7
   7
  75
 3.07941354E+02
 8.81738350E-01
 1.15901801E+00
 5.85937500E-01
 4.44483956E-05
-8.90154896E-05
-9.80055981E-06
 0.00000000E+00
 7.50000000E-01
 5.78125000E-01
 1.00000000E+00
 5.93750000E-01
 8.75000000E-01
 5.85937500E-01
   4
   6
   1
  33
 3.08347017E+02
 7.24895879E-01
 1.12510850E+00
 5.15625000E-01
 2.29673879E-04
-2.60281127E-04
-4.28546438E-05
 0.00000000E+00
 0.00000000E+00
 5.00000000E-01
 1.25000000E-01
 5.31250000E-01
 6.25000000E-02
 5.15625000E-01
   2
   8
   1
  59
 3.07362143E+02
 2.61973716E-01
 1.02621433E+00
 2.30468750E-01
 7.18287609E-05
-6.44188773E-06
-3.52975597E-06
 0.00000000E+00
 0.00000000E+00
 2.26562500E-01
 5.00000000E-01
 2.34375000E-01
 2.50000000E-01
 2.30468750E-01
   1
   7
   1
 127
 3.08796518E+02
 4.85203026E+00
 1.40870012E+00
 9.92187500E-01
 1.54402944E+02
 2.77258872E+00
 7.07095864E-01
 5.00000000E-01
 0.00000000E+00
 9.84375000E-01
 1.00000000E+00
 1.00000000E+00
 5.00000000E-01
 9.92187500E-01
   3
   6
   7
  55
 3.08375603E+02
 1.96165851E+00
 1.31853153E+00
 8.59375000E-01
 8.26582913E-05
-3.10563000E-03
-2.66272086E-05
 0.00000000E+00
 7.50000000E-01
 8.43750000E-01
 1.00000000E+00
 8.75000000E-01
 8.75000000E-01
 8.59375000E-01
   3
   5
   7
  15
 3.07696243E+02
 6.32522559E-01
 1.10441232E+00
 4.68750000E-01
 1.11358759E-03
-8.66551994E-04
-1.81233163E-04
 0.00000000E+00
 7.50000000E-01
 4.37500000E-01
 1.00000000E+00
 5.00000000E-01
 8.75000000E-01
 4.68750000E-01
   1
   9
   1
 127
 3.07270732E+02
 2.85081291E-01
 1.03030445E+00
 2.48046875E-01
 3.10010231E-05
-3.37326151E-06
-1.74394620E-06
 0.00000000E+00
 0.00000000E+00
 2.46093750E-01
 1.00000000E+00
 2.50000000E-01
 5.00000000E-01
 2.48046875E-01
   1
   8
   1
 135
 3.08077322E+02
 7.49386899E-01
 1.13052706E+00
 5.27343750E-01
 2.74355949E-05
-3.41518391E-05
-5.28016268E-06
 0.00000000E+00
 0.00000000E+00
 5.23437500E-01
 1.00000000E+00
 5.31250000E-01
 5.00000000E-01
 5.27343750E-01
   3
   7
   1
   5
 3.05635415E+02
 3.98459085E-02
 1.00076265E+00
 3.90625000E-02
 1.02054986E-02
-1.65251016E-05
-1.52237008E-05
 0.00000000E+00
 0.00000000E+00
 3.12500000E-02
 2.50000000E-01
 4.68750000E-02
 1.25000000E-01
 3.90625000E-02
   1
   9
   1
 377
 3.08450320E+02
 1.33304985E+00
 1.24184504E+00
 7.36328125E-01
 3.51794341E-06
-2.74355949E-05
-9.95928276E-07
 0.00000000E+00
 0.00000000E+00
 7.34375000E-01
 1.00000000E+00
 7.38281250E-01
 5.00000000E-01
 7.36328125E-01
   2
   7
   1
  23
 3.07103727E+02
 1.98069914E-01
 1.01601555E+00
 1.79687500E-01
 4.73037038E-04
-2.26767654E-05
-1.45483449E-05
 0.00000000E+00
 0.00000000E+00
 1.71875000E-01
 5.00000000E-01
 1.87500000E-01
 2.50000000E-01
 1.79687500E-01
   2
   8
   3
  65
 3.07126969E+02
 2.92904016E-01
 1.03173077E+00
 2.53906250E-01
 5.91786012E-05
-6.85297625E-06
-3.47344033E-06
 0.00000000E+00
 5.00000000E-01
 2.50000000E-01
 1.00000000E+00
 2.57812500E-01
 7.50000000E-01
 2.53906250E-01
   3
   7
   7
 123
 3.08506345E+02
 3.24259235E+00
 1.38686729E+00
 9.60937500E-01
 1.65251016E-05
-1.02054986E-02
-5.72031809E-06
 0.00000000E+00
 7.50000000E-01
 9.53125000E-01
 1.00000000E+00
 9.68750000E-01
 8.75000000E-01
 9.60937500E-01
   2
   8
   1
  83
 3.07721020E+02
 3.91885850E-01
 1.05124583E+00
 3.24218750E-01
 3.62923713E-05
-8.35324189E-06
-3.28357116E-06
 0.00000000E+00
 0.00000000E+00
 3.20312500E-01
 5.00000000E-01
 3.28125000E-01
 2.50000000E-01
 3.24218750E-01
   4
   6
  15
  23
 3.07367985E+02
 4.45311017E-01
 1.06261488E+00
 3.59375000E-01
 4.73037038E-04
-1.48765253E-04
-5.08677263E-05
 0.00000000E+00
 8.75000000E-01
 3.43750000E-01
 1.00000000E+00
 3.75000000E-01
 9.37500000E-01
 3.59375000E-01
   1
   9
   1
 139
 3.07365412E+02
 3.16746205E-01
 1.03619678E+00
 2.71484375E-01
 2.58792475E-05
-3.59379998E-06
-1.71436430E-06
 0.00000000E+00
 0.00000000E+00
 2.69531250E-01
 1.00000000E+00
 2.73437500E-01
 5.00000000E-01
 2.71484375E-01
   2
   7
   3
  35
 3.07204738E+02
 3.19430771E-01
 1.03671021E+00
 2.73437500E-01
 2.04164976E-04
-2.89067469E-05
-1.36944286E-05
 0.00000000E+00
 5.00000000E-01
 2.65625000E-01
 1.00000000E+00
 2.81250000E-01
 7.50000000E-01
 2.73437500E-01
   1
   8
   1
 159
 3.08258525E+02
 9.70466466E-01
 1.17718199E+00
 6.21093750E-01
 1.97780898E-05
-5.31434342E-05
-4.67691752E-06
 0.00000000E+00
 0.00000000E+00
 6.17187500E-01
 1.00000000E+00
 6.25000000E-01
 5.00000000E-01
 6.21093750E-01
   3
   7
   1
  53
 3.08066564E+02
 5.34542150E-01
 1.08233440E+00
 4.14062500E-01
 8.90154894E-05
-4.44483955E-05
-1.20346694E-05
 0.00000000E+00
 0.00000000E+00
 4.06250000E-01
 2.50000000E-01
 4.21875000E-01
 1.25000000E-01
 4.14062500E-01
   3
   5
   7
  17
 3.07833122E+02
 7.57685702E-01
 1.13235443E+00
 5.31250000E-01
 8.66551994E-04
-1.11358759E-03
-1.68151667E-04
 0.00000000E+00
 7.50000000E-01
 5.00000000E-01
 1.00000000E+00
 5.62500000E-01
 8.75000000E-01
 5.31250000E-01
   1
   9
   1
 389
 3.08486048E+02
 1.42614027E+00
 1.25588367E+00
 7.59765625E-01
 3.30424496E-06
-3.30502033E-05
-9.62901925E-07
 0.00000000E+00
 0.00000000E+00
 7.57812500E-01
 1.00000000E+00
 7.61718750E-01
 5.00000000E-01
 7.59765625E-01
   2
   7
   1
  71
 3.08301208E+02
 8.08978996E-01
 1.14353759E+00
 5.54687500E-01
 4.95982543E-05
-7.69585969E-05
-1.02039806E-05
 0.00000000E+00
 0.00000000E+00
 5.46875000E-01
 5.00000000E-01
 5.62500000E-01
 2.50000000E-01
 5.54687500E-01
   2
   8
   3
  89
 3.07458792E+02
 4.27183632E-01
 1.05870906E+00
 3.47656250E-01
 3.15636639E-05
-8.96426843E-06
-3.21461903E-06
 0.00000000E+00
 5.00000000E-01
 3.43750000E-01
 1.00000000E+00
 3.51562500E-01
 7.50000000E-01
 3.47656250E-01
   3
   6
   1
  11
 3.07141915E+02
 1.88591170E-01
 1.01466301E+00
 1.71875000E-01
 2.07470070E-03
-8.90154896E-05
-5.84241671E-05
 0.00000000E+00
 0.00000000E+00
 1.56250000E-01
 2.50000000E-01
 1.87500000E-01
 1.25000000E-01
 1.71875000E-01
   2
   6
   1
  47
 3.08615506E+02
 1.32566974E+00
 1.24068797E+00
 7.34375000E-01
 1.13199006E-04
-8.66551994E-04
-3.19598911E-05
 0.00000000E+00
 0.00000000E+00
 7.18750000E-01
 5.00000000E-01
 7.50000000E-01
 2.50000000E-01
 7.34375000E-01
   2
   8
   1
 107
 3.07992582E+02
 5.41231139E-01
 1.08383480E+00
 4.17968750E-01
 2.18369218E-05
-1.12610076E-05
-2.99619753E-06
 0.00000000E+00
 0.00000000E+00
 4.14062500E-01
 5.00000000E-01
 4.21875000E-01
 2.50000000E-01
 4.17968750E-01
   1
   9
   1
 151
 3.07452612E+02
 3.49446667E-01
 1.04258281E+00
 2.94921875E-01
 2.19293436E-05
-3.83669492E-06
-1.68305449E-06
 0.00000000E+00
 0.00000000E+00
 2.92968750E-01
 1.00000000E+00
 2.96875000E-01
 5.00000000E-01
 2.94921875E-01
   2
   7
   3
  83
 3.08138526E+02
 1.04536777E+00
 1.19183522E+00
 6.48437500E-01
 3.62923715E-05
-1.23487283E-04
-9.01308908E-06
 0.00000000E+00
 5.00000000E-01
 6.40625000E-01
 1.00000000E+00
 6.56250000E-01
 7.50000000E-01
 6.48437500E-01
   4
   4
  15
   1
 3.05563135E+02
 6.45385211E-02
 1.00195122E+00
 6.25000000E-02
 7.62040549E+01
-1.11358759E-03
 2.49030056E-01
 0.00000000E+00
 8.75000000E-01
 0.00000000E+00
 1.00000000E+00
 1.25000000E-01
 9.37500000E-01
 6.25000000E-02
   1
   8
   1
 183
 3.08416681E+02
 1.25471800E+00
 1.22922805E+00
 7.14843750E-01
 1.49304986E-05
-9.38350383E-05
-4.10765018E-06
 0.00000000E+00
 0.00000000E+00
 7.10937500E-01
 1.00000000E+00
 7.18750000E-01
 5.00000000E-01
 7.14843750E-01
   3
   7
   1
 101
 3.08781688E+02
 1.55619340E+00
 1.27382088E+00
 7.89062500E-01
 2.45086026E-05
-3.43170953E-04
-7.38241971E-06
 0.00000000E+00
 0.00000000E+00
 7.81250000E-01
 2.50000000E-01
 7.96875000E-01
 1.25000000E-01
 7.89062500E-01
   4
   6
   1
  35
 3.08411715E+02
 7.91587253E-01
 1.13976851E+00
 5.46875000E-01
 2.04164976E-04
-2.97442034E-04
-4.12223907E-05
 0.00000000E+00
 0.00000000E+00
 5.31250000E-01
 1.25000000E-01
 5.62500000E-01
 6.25000000E-02
 5.46875000E-01
   1
   9
   1
 401
 3.08520823E+02
 1.52879442E+00
 1.27019964E+00
 7.83203125E-01
 3.10944301E-06
-4.05827686E-05
-9.30709944E-07
 0.00000000E+00
 0.00000000E+00
 7.81250000E-01
 1.00000000E+00
 7.85156250E-01
 5.00000000E-01
 7.83203125E-01
   2
   7
   1
 119
 3.08887947E+02
 2.65480569E+00
 1.36540062E+00
 9.29687500E-01
 1.76547439E-05
-3.10563000E-03
-5.99438274E-06
 0.00000000E+00
 0.00000000E+00
 9.21875000E-01
 5.00000000E-01
 9.37500000E-01
 2.50000000E-01
 9.29687500E-01
   3
   6
   7
  57
 3.08417179E+02
 2.21297293E+00
 1.33910899E+00
 8.90625000E-01
 7.69585968E-05
-5.15482180E-03
-2.54185160E-05
 0.00000000E+00
 7.50000000E-01
 8.75000000E-01
 1.00000000E+00
 9.06250000E-01
 8.75000000E-01
 8.90625000E-01
   2
   8
   3
 113
 3.07715117E+02
 5.82332814E-01
 1.09308713E+00
 4.41406250E-01
 1.95794336E-05
-1.22258356E-05
-2.92075734E-06
 0.00000000E+00
 5.00000000E-01
 4.37500000E-01
 1.00000000E+00
 4.45312500E-01
 7.50000000E-01
 4.41406250E-01
   1
   2
   1
   3
 3.08471280E+02
 1.38629436E+00
 1.25000000E+00
 7.50000000E-01
 1.54461804E+02
 1.03972077E+00
 6.90983006E-01
 5.00000000E-01
 0.00000000E+00
 5.00000000E-01
 1.00000000E+00
 1.00000000E+00
 5.00000000E-01
 7.50000000E-01
   3
   5
   7
  19
 3.07956063E+02
 9.00786545E-01
 1.16298713E+00
 5.93750000E-01
 6.93481721E-04
-1.48368388E-03
-1.55216921E-04
 0.00000000E+00
 7.50000000E-01
 5.62500000E-01
 1.00000000E+00
 6.25000000E-01
 8.75000000E-01
 5.93750000E-01
   2
   8
   1
 131
 3.08212524E+02
 7.16863707E-01
 1.12332368E+00
 5.11718750E-01
 1.45683399E-05
-1.60005120E-05
-2.69119639E-06
 0.00000000E+00
 0.00000000E+00
 5.07812500E-01
 5.00000000E-01
 5.15625000E-01
 2.50000000E-01
 5.11718750E-01
   3
   3
   1
   1
 3.06814675E+02
 1.33531393E-01
 1.00778222E+00
 1.25000000E-01
 7.65455500E+01
-5.15482180E-03
 2.46197008E-01
 0.00000000E+00
 0.00000000E+00
 0.00000000E+00
 2.50000000E-01
 2.50000000E-01
 1.25000000E-01
 1.25000000E-01
   1
   7
   1
  33
 3.07311177E+02
 2.98153372E-01
 1.03269903E+00
 2.57812500E-01
 4.59347759E-04
-5.54047316E-05
-2.77092315E-05
 0.00000000E+00
 0.00000000E+00
 2.50000000E-01
 1.00000000E+00
 2.65625000E-01
 5.00000000E-01
 2.57812500E-01
   1
   9
   1
 163
 3.07533475E+02
 3.83252703E-01
 1.04945352E+00
 3.18359375E-01
 1.88192786E-05
-4.10507346E-06
-1.65021395E-06
 0.00000000E+00
 0.00000000E+00
 3.16406250E-01
 1.00000000E+00
 3.20312500E-01
 5.00000000E-01
 3.18359375E-01
   2
   5
   1
   1
 3.05326702E+02
 3.17486983E-02
 1.00048816E+00
 3.12500000E-02
 7.61989764E+01
-2.60281127E-04
 2.49756276E-01
 0.00000000E+00
 0.00000000E+00
 0.00000000E+00
 5.00000000E-01
 6.25000000E-02
 2.50000000E-01
 3.12500000E-02
   1
   8
   1
 207
 3.08557487E+02
 1.65335715E+00
 1.28601083E+00
 8.08593750E-01
 1.16690198E-05
-2.08289943E-04
-3.58721309E-06
 0.00000000E+00
 0.00000000E+00
 8.04687500E-01
 1.00000000E+00
 8.12500000E-01
 5.00000000E-01
 8.08593750E-01
   1
   9
   1
 413
 3.08554703E+02
 1.64320477E+00
 1.28478368E+00
 8.06640625E-01
 2.93137350E-06
-5.10178053E-05
-8.99373930E-07
 0.00000000E+00
 0.00000000E+00
 8.04687500E-01
 1.00000000E+00
 8.08593750E-01
 5.00000000E-01
 8.06640625E-01
   5
   3
  31
   3
 3.07392447E+02
 4.70003629E-01
 1.06800047E+00
 3.75000000E-01
 2.94457589E-02
-1.02054986E-02
-3.20236471E-03
 0.00000000E+00
 9.37500000E-01
 2.50000000E-01
 1.00000000E+00
 5.00000000E-01
 9.68750000E-01
 3.75000000E-01
   4
   6
  15
  25
 3.07457224E+02
 4.95321437E-01
 1.07358646E+00
 3.90625000E-01
 4.00320342E-04
-1.64419605E-04
-4.93243313E-05
 0.00000000E+00
 8.75000000E-01
 3.75000000E-01
 1.00000000E+00
 4.06250000E-01
 9.37500000E-01
 3.90625000E-01
   4
   4
  15
   5
 3.07219436E+02
 3.74693449E-01
 1.04769091E+00
 3.12500000E-01
 1.02054986E-02
-2.07470070E-03
-8.48761947E-04
 0.00000000E+00
 8.75000000E-01
 2.50000000E-01
 1.00000000E+00
 3.75000000E-01
 9.37500000E-01
 3.12500000E-01
   2
   8
   3
 137
 3.07925284E+02
 7.66053951E-01
 1.13419232E+00
 5.35156250E-01
 1.33201909E-05
-1.76547438E-05
-2.61456908E-06
 0.00000000E+00
 5.00000000E-01
 5.31250000E-01
 1.00000000E+00
 5.39062500E-01
 7.50000000E-01
 5.35156250E-01
   4
   3
   1
   3
 3.08002203E+02
 4.70003629E-01
 1.06800047E+00
 3.75000000E-01
 2.94457589E-02
-1.02054986E-02
-3.20236471E-03
 0.00000000E+00
 0.00000000E+00
 2.50000000E-01
 1.25000000E-01
 5.00000000E-01
 6.25000000E-02
 3.75000000E-01
   3
   7
   7
  29
 3.06923795E+02
 2.56910414E-01
 1.02534412E+00
 2.26562500E-01
 2.97442034E-04
-2.55089026E-05
-1.41548857E-05
 0.00000000E+00
 7.50000000E-01
 2.18750000E-01
 1.00000000E+00
 2.34375000E-01
 8.75000000E-01
 2.26562500E-01
   2
   8
   1
 155
 3.08398326E+02
 9.30056928E-01
 1.16901343E+00
 6.05468750E-01
 1.04060438E-05
-2.45086025E-05
-2.38782221E-06
 0.00000000E+00
 0.00000000E+00
 6.01562500E-01
 5.00000000E-01
 6.09375000E-01
 2.50000000E-01
 6.05468750E-01
   3
   5
   7
  21
 3.08067863E+02
 1.06784063E+00
 1.19610370E+00
 6.56250000E-01
 5.67537133E-04
-2.07470070E-03
-1.42682579E-04
 0.00000000E+00
 7.50000000E-01
 6.25000000E-01
 1.00000000E+00
 6.87500000E-01
 8.75000000E-01
 6.56250000E-01
   2
   4
   3
   3
 3.06811335E+02
 2.07639365E-01
 1.01742629E+00
 1.87500000E-01
 2.94457589E-02
-1.48368388E-03
-9.26512607E-04
 0.00000000E+00
 5.00000000E-01
 1.25000000E-01
 1.00000000E+00
 2.50000000E-01
 7.50000000E-01
 1.87500000E-01
   1
   7
   1
  81
 3.08279414E+02
 1.00188266E+00
 1.18340680E+00
 6.32812500E-01
 7.62137036E-05
-2.26398012E-04
-1.84140753E-05
 0.00000000E+00
 0.00000000E+00
 6.25000000E-01
 1.00000000E+00
 6.40625000E-01
 5.00000000E-01
 6.32812500E-01
   1
   9
   1
 175
 3.07608905E+02
 4.18241695E-01
 1.05679946E+00
 3.41796875E-01
 1.63267973E-05
-4.40262925E-06
-1.61604018E-06
 0.00000000E+00
 0.00000000E+00
 3.39843750E-01
 1.00000000E+00
 3.43750000E-01
 5.00000000E-01
 3.41796875E-01
   3
   6
   1
  13
 3.07314827E+02
 2.27057451E-01
 1.02042137E+00
 2.03125000E-01
 1.48368388E-03
-9.61353598E-05
-5.74408711E-05
 0.00000000E+00
 0.00000000E+00
 1.87500000E-01
 2.50000000E-01
 2.18750000E-01
 1.25000000E-01
 2.03125000E-01
   1
   8
   1
 231
 3.08684760E+02
 2.32630162E+00
 1.34693142E+00
 9.02343750E-01
 9.37022702E-06
-8.00640683E-04
-3.12215716E-06
 0.00000000E+00
 0.00000000E+00
 8.98437500E-01
 1.00000000E+00
 9.06250000E-01
 5.00000000E-01
 9.02343750E-01
   2
   6
   1
  49
 3.08663037E+02
 1.45083288E+00
 1.25943703E+00
 7.65625000E-01
 1.04144971E-04
-1.11358759E-03
-3.05537730E-05
 0.00000000E+00
 0.00000000E+00
 7.50000000E-01
 5.00000000E-01
 7.81250000E-01
 2.50000000E-01
 7.65625000E-01
   1
   9
   1
 425
 3.08587738E+02
 1.77241651E+00
 1.29962675E+00
 8.30078125E-01
 2.76817389E-06
-6.60632887E-05
-8.68909229E-07
 0.00000000E+00
 0.00000000E+00
 8.28125000E-01
 1.00000000E+00
 8.32031250E-01
 5.00000000E-01
 8.30078125E-01
   2
   5
   1
   3
 3.06437031E+02
 9.84400728E-02
 1.00438492E+00
 9.37500000E-02
 2.94457589E-02
-2.97442034E-04
-2.40901227E-04
 0.00000000E+00
 0.00000000E+00
 6.25000000E-02
 5.00000000E-01
 1.25000000E-01
 2.50000000E-01
 9.37500000E-02
   2
   8
   3
 161
 3.08104282E+02
 9.91300553E-01
 1.18132259E+00
 6.28906250E-01
 9.64487577E-06
-2.77023658E-05
-2.31395571E-06
 0.00000000E+00
 5.00000000E-01
 6.25000000E-01
 1.00000000E+00
 6.32812500E-01
 7.50000000E-01
 6.28906250E-01
   3
   7
   7
  77
 3.07970600E+02
 9.20204631E-01
 1.16699505E+00
 6.01562500E-01
 4.21691829E-05
-9.61353598E-05
-9.60095931E-06
 0.00000000E+00
 7.50000000E-01
 5.93750000E-01
 1.00000000E+00
 6.09375000E-01
 8.75000000E-01
 6.01562500E-01
   2
   8
   1
 179
 3.08559860E+02
 1.20137202E+00
 1.22020771E+00
 6.99218750E-01
 7.80262508E-06
-4.21691829E-05
-2.09971087E-06
 0.00000000E+00
 0.00000000E+00
 6.95312500E-01
 5.00000000E-01
 7.03125000E-01
 2.50000000E-01
 6.99218750E-01
   4
   4
  15
   9
 3.07854086E+02
 8.26678573E-01
 1.14734748E+00
 5.62500000E-01
 3.10563000E-03
-5.15482180E-03
-6.46665355E-04
 0.00000000E+00
 8.75000000E-01
 5.00000000E-01
 1.00000000E+00
 6.25000000E-01
 9.37500000E-01
 5.62500000E-01
   4
   6
   1
  37
 3.08473143E+02
 8.63046217E-01
 1.15508810E+00
 5.78125000E-01
 1.82681777E-04
-3.43170953E-04
-3.96040635E-05
 0.00000000E+00
 0.00000000E+00
 5.62500000E-01
 1.25000000E-01
 5.93750000E-01
 6.25000000E-02
 5.78125000E-01
   3
   6
   7
  59
 3.08457523E+02
 2.54944517E+00
 1.36009320E+00
 9.21875000E-01
 7.18287608E-05
-1.02054986E-02
-2.42601028E-05
 0.00000000E+00
 7.50000000E-01
 9.06250000E-01
 1.00000000E+00
 9.37500000E-01
 8.75000000E-01
 9.21875000E-01
   1
   9
   1
 187
 3.07679621E+02
 4.54499443E-01
 1.06461080E+00
 3.65234375E-01
 1.42985830E-05
-4.73375022E-06
-1.58072868E-06
 0.00000000E+00
 0.00000000E+00
 3.63281250E-01
 1.00000000E+00
 3.67187500E-01
 5.00000000E-01
 3.65234375E-01
   3
   5
   7
  23
 3.08170550E+02
 1.26851133E+00
 1.23150378E+00
 7.18750000E-01
 4.73037038E-04
-3.10563000E-03
-1.30732007E-04
 0.00000000E+00
 7.50000000E-01
 6.87500000E-01
 1.00000000E+00
 7.50000000E-01
 8.75000000E-01
 7.18750000E-01
   2
   4
   3
   7
 3.07705496E+02
 5.75364145E-01
 1.09151557E+00
 4.37500000E-01
 5.15482180E-03
-3.10563000E-03
-7.50826836E-04
 0.00000000E+00
 5.00000000E-01
 3.75000000E-01
 1.00000000E+00
 5.00000000E-01
 7.50000000E-01
 4.37500000E-01
   1
   8
   1
 255
 3.08801180E+02
 5.54517744E+00
 1.41145413E+00
 9.96093750E-01
 1.54402921E+02
 3.11916231E+00
 7.07104068E-01
 5.00000000E-01
 0.00000000E+00
 9.92187500E-01
 1.00000000E+00
 1.00000000E+00
 5.00000000E-01
 9.96093750E-01
   1
   9
   1
 437
 3.08619975E+02
 1.92083651E+00
 1.31472009E+00
 8.53515625E-01
 2.61823283E-06
-8.88967911E-05
-8.39325556E-07
 0.00000000E+00
 0.00000000E+00
 8.51562500E-01
 1.00000000E+00
 8.55468750E-01
 5.00000000E-01
 8.53515625E-01
   5
   3
   1
   7
 3.08964253E+02
 2.07944154E+00
 1.32876823E+00
 8.75000000E-01
 7.72907155E+01
 6.93147181E-01
 3.51884113E-01
 2.50000000E-01
 0.00000000E+00
 7.50000000E-01
 6.25000000E-02
 1.00000000E+00
 3.12500000E-02
 8.75000000E-01
   3
   7
   1
   7
 3.05974816E+02
 5.62397183E-02
 1.00149424E+00
 5.46875000E-02
 5.15482180E-03
-1.70759195E-05
-1.51903642E-05
 0.00000000E+00
 0.00000000E+00
 4.68750000E-02
 2.50000000E-01
 6.25000000E-02
 1.25000000E-01
 5.46875000E-02
   2
   8
   3
 185
 3.08260807E+02
 1.28249757E+00
 1.23378769E+00
 7.22656250E-01
 7.30470890E-06
-4.95982543E-05
-2.03113861E-06
 0.00000000E+00
 5.00000000E-01
 7.18750000E-01
 1.00000000E+00
 7.26562500E-01
 7.50000000E-01
 7.22656250E-01
   2
   7
   1
  25
 3.07190038E+02
 2.17301276E-01
 1.01889498E+00
 1.95312500E-01
 4.00320342E-04
-2.35660084E-05
-1.44253579E-05
 0.00000000E+00
 0.00000000E+00
 1.87500000E-01
 5.00000000E-01
 2.03125000E-01
 2.50000000E-01
 1.95312500E-01
   1
   8
   1
  17
 3.05918856E+02
 6.87138925E-02
 1.00220247E+00
 6.64062500E-02
 1.73310399E-03
-8.75342478E-06
-7.57917709E-06
 0.00000000E+00
 0.00000000E+00
 6.25000000E-02
 1.00000000E+00
 7.03125000E-02
 5.00000000E-01
 6.64062500E-02
   2
   5
   1
   5
 3.06959572E+02
 1.69899037E-01
 1.01213342E+00
 1.56250000E-01
 1.02054986E-02
-3.43170953E-04
-2.35415801E-04
 0.00000000E+00
 0.00000000E+00
 1.25000000E-01
 5.00000000E-01
 1.87500000E-01
 2.50000000E-01
 1.56250000E-01
   3
   7
   7
 125
 3.08525404E+02
 3.75341798E+00
 1.39773900E+00
 9.76562500E-01
 1.60005121E-05
-2.94457589E-02
-5.58787530E-06
 0.00000000E+00
 7.50000000E-01
 9.68750000E-01
 1.00000000E+00
 9.84375000E-01
 8.75000000E-01
 9.76562500E-01
   2
   8
   1
 203
 3.08703254E+02
 1.57488553E+00
 1.27624427E+00
 7.92968750E-01
 6.06670955E-06
-8.90154896E-05
-1.83509946E-06
 0.00000000E+00
 0.00000000E+00
 7.89062500E-01
 5.00000000E-01
 7.96875000E-01
 2.50000000E-01
 7.92968750E-01
   4
   6
  15
  27
 3.07540043E+02
 5.47965171E-01
 1.08534719E+00
 4.21875000E-01
 3.43170953E-04
-1.82681776E-04
-4.77384706E-05
 0.00000000E+00
 8.75000000E-01
 4.06250000E-01
 1.00000000E+00
 4.37500000E-01
 9.37500000E-01
 4.21875000E-01
   1
   9
   1
 199
 3.07746210E+02
 4.92121434E-01
 1.07287736E+00
 3.88671875E-01
 1.26261032E-05
-5.10368129E-06
-1.54447086E-06
 0.00000000E+00
 0.00000000E+00
 3.86718750E-01
 1.00000000E+00
 3.90625000E-01
 5.00000000E-01
 3.88671875E-01
   4
   4
  15
  13
 3.08268674E+02
 1.67397643E+00
 1.28847051E+00
 8.12500000E-01
 1.48368388E-03
-2.94457589E-02
-4.56802645E-04
 0.00000000E+00
 8.75000000E-01
 7.50000000E-01
 1.00000000E+00
 8.75000000E-01
 9.37500000E-01
 8.12500000E-01
   2
   7
   3
  37
 3.07263237E+02
 3.41170757E-01
 1.04094050E+00
 2.89062500E-01
 1.82681776E-04
-3.01914136E-05
-1.35281556E-05
 0.00000000E+00
 5.00000000E-01
 2.81250000E-01
 1.00000000E+00
 2.96875000E-01
 7.50000000E-01
 2.89062500E-01
   1
   9
   1
 449
 3.08651459E+02
 2.09518990E+00
 1.33005518E+00
 8.76953125E-01
 2.48015249E-06
-1.25992189E-04
-8.10627588E-07
 0.00000000E+00
 0.00000000E+00
 8.75000000E-01
 1.00000000E+00
 8.78906250E-01
 5.00000000E-01
 8.76953125E-01
   3
   7
   1
  55
 3.08106534E+02
 5.61570823E-01
 1.08840771E+00
 4.29687500E-01
 8.26582913E-05
-4.69175191E-05
-1.18343389E-05
 0.00000000E+00
 0.00000000E+00
 4.21875000E-01
 2.50000000E-01
 4.37500000E-01
 1.25000000E-01
 4.29687500E-01
   3
   5
   7
  25
 3.08265648E+02
 1.51982575E+00
 1.26899628E+00
 7.81250000E-01
 4.00320342E-04
-5.15482180E-03
-1.19486244E-04
 0.00000000E+00
 7.50000000E-01
 7.50000000E-01
 1.00000000E+00
 8.12500000E-01
 8.75000000E-01
 7.81250000E-01
   2
   4
   3
  11
 3.08204345E+02
 1.16315081E+00
 1.21353049E+00
 6.87500000E-01
 2.07470070E-03
-1.02054986E-02
-5.46665410E-04
 0.00000000E+00
 5.00000000E-01
 6.25000000E-01
 1.00000000E+00
 7.50000000E-01
 7.50000000E-01
 6.87500000E-01
   2
   8
   3
 209
 3.08400359E+02
 1.69502984E+00
 1.29093732E+00
 8.16406250E-01
 5.72337746E-06
-1.13199006E-04
-1.77315052E-06
 0.00000000E+00
 5.00000000E-01
 8.12500000E-01
 1.00000000E+00
 8.20312500E-01
 7.50000000E-01
 8.16406250E-01
   3
   3
   7
   5
 3.08013215E+02
 9.80829253E-01
 1.17924764E+00
 6.25000000E-01
 1.02054986E-02
-2.94457589E-02
-2.38467643E-03
 0.00000000E+00
 7.50000000E-01
 5.00000000E-01
 1.00000000E+00
 7.50000000E-01
 8.75000000E-01
 6.25000000E-01
   2
   7
   1
  73
 3.08331917E+02
 8.44697079E-01
 1.15119779E+00
 5.70312500E-01
 4.69175192E-05
-8.26582914E-05
-1.00016434E-05
 0.00000000E+00
 0.00000000E+00
 5.62500000E-01
 5.00000000E-01
 5.78125000E-01
 2.50000000E-01
 5.70312500E-01
   1
   8
   1
  41
 3.06816789E+02
 1.74539416E-01
 1.01274381E+00
 1.60156250E-01
 2.97530506E-04
-1.08167747E-05
-7.34496733E-06
 0.00000000E+00
 0.00000000E+00
 1.56250000E-01
 1.00000000E+00
 1.64062500E-01
 5.00000000E-01
 1.60156250E-01
   3
   6
   1
  15
 3.07463786E+02
 2.67062785E-01
 1.02709865E+00
 2.34375000E-01
 1.11358759E-03
-1.04144971E-04
-5.63280866E-05
 0.00000000E+00
 0.00000000E+00
 2.18750000E-01
 2.50000000E-01
 2.50000000E-01
 1.25000000E-01
 2.34375000E-01
   8
   1
   1
   1
 3.08352740E+02
 6.93147181E-01
 1.11803399E+00
 5.00000000E-01
 1.54177684E+02
 3.46573590E-01
 5.59016994E-01
 2.50000000E-01
 0.00000000E+00
 0.00000000E+00
 7.81250000E-03
 1.00000000E+00
 3.90625000E-03
 5.00000000E-01
   2
   8
   1
 227
 3.08832572E+02
 2.17788161E+00
 1.33651418E+00
 8.86718750E-01
 4.85168391E-06
-2.97442034E-04
-1.59786647E-06
 0.00000000E+00
 0.00000000E+00
 8.82812500E-01
 5.00000000E-01
 8.90625000E-01
 2.50000000E-01
 8.86718750E-01
   2
   6
   1
  51
 3.08708900E+02
 1.59393373E+00
 1.27867500E+00
 7.96875000E-01
 9.61353597E-05
-1.48368388E-03
-2.91954251E-05
 0.00000000E+00
 0.00000000E+00
 7.81250000E-01
 5.00000000E-01
 8.12500000E-01
 2.50000000E-01
 7.96875000E-01
   2
   1
   3
   1
 3.07850744E+02
 6.93147181E-01
 1.11803399E+00
 5.00000000E-01
 1.53841268E+02
 3.46573590E-01
 5.59016994E-01
 2.50000000E-01
 5.00000000E-01
 0.00000000E+00
 1.00000000E+00
 1.00000000E+00
 7.50000000E-01
 5.00000000E-01
   7
   3
 127
   5
 3.07934367E+02
 9.80829253E-01
 1.17924764E+00
 6.25000000E-01
 1.02054986E-02
-2.94457589E-02
-2.38467643E-03
 0.00000000E+00
 9.84375000E-01
 5.00000000E-01
 1.00000000E+00
 7.50000000E-01
 9.92187500E-01
 6.25000000E-01
   2
   5
   1
   7
 3.07307760E+02
 2.46860078E-01
 1.02364621E+00
 2.18750000E-01
 5.15482180E-03
-4.00320342E-04
-2.27568598E-04
 0.00000000E+00
 0.00000000E+00
 1.87500000E-01
 5.00000000E-01
 2.50000000E-01
 2.50000000E-01
 2.18750000E-01
   1
   9
   1
 211
 3.07809157E+02
 5.31214360E-01
 1.08158871E+00
 4.12109375E-01
 1.12307814E-05
-5.51873334E-06
-1.50745220E-06
 0.00000000E+00
 0.00000000E+00
 4.10156250E-01
 1.00000000E+00
 4.14062500E-01
 5.00000000E-01
 4.12109375E-01
   2
   7
   3
  85
 3.08165266E+02
 1.09083015E+00
 1.20040785E+00
 6.64062500E-01
 3.46044708E-05
-1.35244796E-04
-8.82136979E-06
 0.00000000E+00
 5.00000000E-01
 6.56250000E-01
 1.00000000E+00
 6.71875000E-01
 7.50000000E-01
 6.64062500E-01
   1
   9
   1
 461
 3.08682227E+02
 2.30649899E+00
 1.34562375E+00
 9.00390625E-01
 2.35271426E-06
-1.92270720E-04
-7.82815532E-07
 0.00000000E+00
 0.00000000E+00
 8.98437500E-01
 1.00000000E+00
 9.02343750E-01
 5.00000000E-01
 9.00390625E-01
   6
   3
   1
   7
 3.08974766E+02
 2.07944154E+00
 1.32876823E+00
 8.75000000E-01
 7.72907155E+01
 6.93147181E-01
 3.51884113E-01
 2.50000000E-01
 0.00000000E+00
 7.50000000E-01
 3.12500000E-02
 1.00000000E+00
 1.56250000E-02
 8.75000000E-01
   3
   7
   1
 103
 3.08804225E+02
 1.63315444E+00
 1.28355832E+00
 8.04687500E-01
 2.35660083E-05
-4.00320342E-04
-7.21567773E-06
 0.00000000E+00
 0.00000000E+00
 7.96875000E-01
 2.50000000E-01
 8.12500000E-01
 1.25000000E-01
 8.04687500E-01
   4
   6
   1
  39
 3.08531645E+02
 9.40007258E-01
 1.17104137E+00
 6.09375000E-01
 1.64419605E-04
-4.00320342E-04
-3.80075772E-05
 0.00000000E+00
 0.00000000E+00
 5.93750000E-01
 1.25000000E-01
 6.25000000E-01
 6.25000000E-02
 6.09375000E-01
   2
   8
   3
 233
 3.08526637E+02
 2.40968323E+00
 1.35217765E+00
 9.10156250E-01
 4.60502679E-06
-4.73037038E-04
-1.54297882E-06
 0.00000000E+00
 5.00000000E-01
 9.06250000E-01
 1.00000000E+00
 9.14062500E-01
 7.50000000E-01
 9.10156250E-01
   2
   7
   1
 121
 3.08907543E+02
 2.90612011E+00
 1.37608711E+00
 9.45312500E-01
 1.70759196E-05
-5.15482180E-03
-5.85581100E-06
 0.00000000E+00
 0.00000000E+00
 9.37500000E-01
 5.00000000E-01
 9.53125000E-01
 2.50000000E-01
 9.45312500E-01
   1
   8
   1
  65
 3.07295178E+02
 2.92904016E-01
 1.03173077E+00
 2.53906250E-01
 1.18357203E-04
-1.37059525E-05
-6.94688066E-06
 0.00000000E+00
 0.00000000E+00
 2.50000000E-01
 1.00000000E+00
 2.57812500E-01
 5.00000000E-01
 2.53906250E-01
   3
   6
   7
  61
 3.08496717E+02
 3.06027079E+00
 1.38146562E+00
 9.53125000E-01
 6.71952698E-05
-2.94457589E-02
-2.31514919E-05
 0.00000000E+00
 7.50000000E-01
 9.37500000E-01
 1.00000000E+00
 9.68750000E-01
 8.75000000E-01
 9.53125000E-01
   2
   8
   1
 251
 3.08950649E+02
 3.93573953E+00
 1.40047098E+00
 9.80468750E-01
 3.96822253E-06
-1.02054986E-02
-1.38879761E-06
 0.00000000E+00
 0.00000000E+00
 9.76562500E-01
 5.00000000E-01
 9.84375000E-01
 2.50000000E-01
 9.80468750E-01
   3
   5
   7
  27
 3.08354325E+02
 1.85629799E+00
 1.30840134E+00
 8.43750000E-01
 3.43170953E-04
-1.02054986E-02
-1.09014416E-04
 0.00000000E+00
 7.50000000E-01
 8.12500000E-01
 1.00000000E+00
 8.75000000E-01
 8.75000000E-01
 8.43750000E-01
   2
   4
   3
  15
 3.08561363E+02
 2.77258872E+00
 1.37073201E+00
 9.37500000E-01
 7.71184659E+01
 8.66433976E-01
 3.53173950E-01
 2.50000000E-01
 5.00000000E-01
 8.75000000E-01
 1.00000000E+00
 1.00000000E+00
 7.50000000E-01
 9.37500000E-01
   1
   9
   1
 223
 3.07868864E+02
 5.71897937E-01
 1.09073419E+00
 4.35546875E-01
 1.00545964E-05
-5.98655420E-06
-1.46985071E-06
 0.00000000E+00
 0.00000000E+00
 4.33593750E-01
 1.00000000E+00
 4.37500000E-01
 5.00000000E-01
 4.35546875E-01
   2
   8
   1
  13
 3.05815871E+02
 5.21160011E-02
 1.00128854E+00
 5.07812500E-02
 1.48368388E-03
-4.23380780E-06
-3.79997477E-06
 0.00000000E+00
 0.00000000E+00
 4.68750000E-02
 5.00000000E-01
 5.46875000E-02
 2.50000000E-01
 5.07812500E-02
   1
   7
   1
  35
 3.07372947E+02
 3.19430771E-01
 1.03671021E+00
 2.73437500E-01
 4.08329953E-04
-5.78134937E-05
-2.73888573E-05
 0.00000000E+00
 0.00000000E+00
 2.65625000E-01
 1.00000000E+00
 2.81250000E-01
 5.00000000E-01
 2.73437500E-01
   2
   5
   1
   9
 3.07570790E+02
 3.30241687E-01
 1.03879813E+00
 2.81250000E-01
 3.10563000E-03
-4.73037038E-04
-2.17763118E-04
 0.00000000E+00
 0.00000000E+00
 2.50000000E-01
 5.00000000E-01
 3.12500000E-01
 2.50000000E-01
 2.81250000E-01
   1
   9
   1
 473
 3.08712318E+02
 2.57476298E+00
 1.36141779E+00
 9.23828125E-01
 2.23485171E-06
-3.28839209E-04
-7.55885662E-07
 0.00000000E+00
 0.00000000E+00
 9.21875000E-01
 1.00000000E+00
 9.25781250E-01
 5.00000000E-01
 9.23828125E-01
   4
   6
  15
  29
 3.07617360E+02
 6.03535022E-01
 1.09787170E+00
 4.53125000E-01
 2.97442034E-04
-2.04164977E-04
-4.61234760E-05
 0.00000000E+00
 8.75000000E-01
 4.37500000E-01
 1.00000000E+00
 4.68750000E-01
 9.37500000E-01
 4.53125000E-01
   1
   8
   1
  89
 3.07627000E+02
 4.27183632E-01
 1.05870906E+00
 3.47656250E-01
 6.31273280E-05
-1.79285369E-05
-6.42923806E-06
 0.00000000E+00
 0.00000000E+00
 3.43750000E-01
 1.00000000E+00
 3.51562500E-01
 5.00000000E-01
 3.47656250E-01
   2
   8
   3
  19
 3.05863338E+02
 7.71173033E-02
 1.00275043E+00
 7.42187500E-02
 6.93481720E-04
-4.45089329E-06
-3.78337950E-06
 0.00000000E+00
 5.00000000E-01
 7.03125000E-02
 1.00000000E+00
 7.81250000E-02
 7.50000000E-01
 7.42187500E-02
   3
   7
   7
  31
 3.06993416E+02
 2.77319285E-01
 1.02890951E+00
 2.42187500E-01
 2.60281127E-04
-2.65717171E-05
-1.40082536E-05
 0.00000000E+00
 7.50000000E-01
 2.34375000E-01
 1.00000000E+00
 2.50000000E-01
 8.75000000E-01
 2.42187500E-01
   3
   5
   7
  29
 3.08437500E+02
 2.36712361E+00
 1.34955143E+00
 9.06250000E-01
 2.97442034E-04
-2.94457589E-02
-9.93447118E-05
 0.00000000E+00
 7.50000000E-01
 8.75000000E-01
 1.00000000E+00
 9.37500000E-01
 8.75000000E-01
 9.06250000E-01
   2
   8
   1
  37
 3.06879414E+02
 1.56105715E-01
 1.01039066E+00
 1.44531250E-01
 1.82681776E-04
-5.21262289E-06
-3.69820222E-06
 0.00000000E+00
 0.00000000E+00
 1.40625000E-01
 5.00000000E-01
 1.48437500E-01
 2.50000000E-01
 1.44531250E-01
   1
   7
   1
  83
 3.08306735E+02
 1.04536777E+00
 1.19183522E+00
 6.48437500E-01
 7.25847428E-05
-2.46974567E-04
-1.80261782E-05
 0.00000000E+00
 0.00000000E+00
 6.40625000E-01
 1.00000000E+00
 6.56250000E-01
 5.00000000E-01
 6.48437500E-01
   3
   6
   1
  17
 3.07594807E+02
 3.08735482E-01
 1.03467707E+00
 2.65625000E-01
 8.66551994E-04
-1.13199006E-04
-5.50996684E-05
 0.00000000E+00
 0.00000000E+00
 2.50000000E-01
 2.50000000E-01
 2.81250000E-01
 1.25000000E-01
 2.65625000E-01
   1
   9
   1
 485
 3.08741765E+02
 2.94248776E+00
 1.37742955E+00
 9.47265625E-01
 2.12562878E-06
-6.86341906E-04
-7.29830811E-07
 0.00000000E+00
 0.00000000E+00
 9.45312500E-01
 1.00000000E+00
 9.49218750E-01
 5.00000000E-01
 9.47265625E-01
   2
   6
   1
  53
 3.08753224E+02
 1.76098781E+00
 1.29838015E+00
 8.28125000E-01
 8.90154896E-05
-2.07470070E-03
-2.78862885E-05
 0.00000000E+00
 0.00000000E+00
 8.12500000E-01
 5.00000000E-01
 8.43750000E-01
 2.50000000E-01
 8.28125000E-01
   2
   5
   1
  11
 3.07783177E+02
 4.21213465E-01
 1.05743277E+00
 3.43750000E-01
 2.07470070E-03
-5.67537134E-04
-2.06460523E-04
 0.00000000E+00
 0.00000000E+00
 3.12500000E-01
 5.00000000E-01
 3.75000000E-01
 2.50000000E-01
 3.43750000E-01
   1
   8
   1
 113
 3.07883326E+02
 5.82332814E-01
 1.09308713E+00
 4.41406250E-01
 3.91588676E-05
-2.44516713E-05
-5.84151468E-06
 0.00000000E+00
 0.00000000E+00
 4.37500000E-01
 1.00000000E+00
 4.45312500E-01
 5.00000000E-01
 4.41406250E-01
   2
   8
   3
  43
 3.06697673E+02
 1.83885279E-01
 1.01400863E+00
 1.67968750E-01
 1.35244796E-04
-5.51043125E-06
-3.65875842E-06
 0.00000000E+00
 5.00000000E-01
 1.64062500E-01
 1.00000000E+00
 1.71875000E-01
 7.50000000E-01
 1.67968750E-01
   3
   7
   7
  79
 3.07999171E+02
 9.60209966E-01
 1.17512570E+00
 6.17187500E-01
 4.00608926E-05
-1.04144971E-04
-9.40305370E-06
 0.00000000E+00
 7.50000000E-01
 6.09375000E-01
 1.00000000E+00
 6.25000000E-01
 8.75000000E-01
 6.17187500E-01
   6
   3
  63
   7
 3.08322959E+02
 2.07944154E+00
 1.32876823E+00
 8.75000000E-01
 7.71225072E+01
 6.93147181E-01
 3.51884113E-01
 2.50000000E-01
 9.68750000E-01
 7.50000000E-01
 1.00000000E+00
 1.00000000E+00
 9.84375000E-01
 8.75000000E-01
   4
   6
   1
  41
 3.08587513E+02
 1.02338887E+00
 1.18760279E+00
 6.40625000E-01
 1.48765253E-04
-4.73037038E-04
-3.64397156E-05
 0.00000000E+00
 0.00000000E+00
 6.25000000E-01
 1.25000000E-01
 6.56250000E-01
 6.25000000E-02
 6.40625000E-01
   2
   8
   1
  61
 3.07396944E+02
 2.72177886E-01
 1.02799706E+00
 2.38281250E-01
 6.71952698E-05
-6.57470841E-06
-3.51142433E-06
 0.00000000E+00
 0.00000000E+00
 2.34375000E-01
 5.00000000E-01
 2.42187500E-01
 2.50000000E-01
 2.38281250E-01
   3
   6
   7
  63
 3.08534836E+02
 4.15888308E+00
 1.40320852E+00
 9.84375000E-01
 7.71174153E+01
 1.21300757E+00
 3.53531299E-01
 2.50000000E-01
 7.50000000E-01
 9.68750000E-01
 1.00000000E+00
 1.00000000E+00
 8.75000000E-01
 9.84375000E-01
   2
   2
   1
   1
 3.07447149E+02
 2.87682072E-01
 1.03077641E+00
 2.50000000E-01
 7.67188368E+01
-2.94457589E-02
 2.35879706E-01
 0.00000000E+00
 0.00000000E+00
 0.00000000E+00
 5.00000000E-01
 5.00000000E-01
 2.50000000E-01
 2.50000000E-01
   1
   9
   1
 497
 3.08770600E+02
 3.53027442E+00
 1.39365152E+00
 9.70703125E-01
 2.02422194E-06
-2.22717517E-03
-7.04640837E-07
 0.00000000E+00
 0.00000000E+00
 9.68750000E-01
 1.00000000E+00
 9.72656250E-01
 5.00000000E-01
 9.70703125E-01
   3
   5
   7
  31
 3.08515907E+02
 3.46573590E+00
 1.39229184E+00
 9.68750000E-01
 7.71176126E+01
 1.03972077E+00
 3.53462916E-01
 2.50000000E-01
 7.50000000E-01
 9.37500000E-01
 1.00000000E+00
 1.00000000E+00
 8.75000000E-01
 9.68750000E-01
   1
   8
   1
 137
 3.08093493E+02
 7.66053951E-01
 1.13419232E+00
 5.35156250E-01
 2.66403814E-05
-3.53094877E-05
-5.22913816E-06
 0.00000000E+00
 0.00000000E+00
 5.31250000E-01
 1.00000000E+00
 5.39062500E-01
 5.00000000E-01
 5.35156250E-01
   3
   7
   1
   9
 3.06229059E+02
 7.29067708E-02
 1.00246888E+00
 7.03125000E-02
 3.10563000E-03
-1.76547438E-05
-1.51461043E-05
 0.00000000E+00
 0.00000000E+00
 6.25000000E-02
 2.50000000E-01
 7.81250000E-02
 1.25000000E-01
 7.03125000E-02
   2
   7
   1
  27
 3.07269928E+02
 2.36909747E-01
 1.02200520E+00
 2.10937500E-01
 3.43170953E-04
-2.45086025E-05
-1.42940652E-05
 0.00000000E+00
 0.00000000E+00
 2.03125000E-01
 5.00000000E-01
 2.18750000E-01
 2.50000000E-01
 2.10937500E-01
   1
   9
   1
   9
 3.04580567E+02
 1.77344549E-02
 1.00015448E+00
 1.75781250E-02
 6.21126000E-03
-1.97621819E-06
-1.90646313E-06
 0.00000000E+00
 0.00000000E+00
 1.56250000E-02
 1.00000000E+00
 1.95312500E-02
 5.00000000E-01
 1.75781250E-02
   8
   2
 255
   3
 3.08137492E+02
 1.38629436E+00
 1.25000000E+00
 7.50000000E-01
 7.71467981E+01
 5.19860385E-01
 3.45491503E-01
 2.50000000E-01
 9.92187500E-01
 5.00000000E-01
 1.00000000E+00
 1.00000000E+00
 9.96093750E-01
 7.50000000E-01
   2
   5
   1
  13
 3.07961947E+02
 5.21296924E-01
 1.07936975E+00
 4.06250000E-01
 1.48368388E-03
-6.93481721E-04
-1.94134514E-04
 0.00000000E+00
 0.00000000E+00
 3.75000000E-01
 5.00000000E-01
 4.37500000E-01
 2.50000000E-01
 4.06250000E-01
   2
   8
   3
  67
 3.07158739E+02
 3.03430429E-01
 1.03368114E+00
 2.61718750E-01
 5.56978947E-05
-6.99878221E-06
-3.45381638E-06
 0.00000000E+00
 5.00000000E-01
 2.57812500E-01
 1.00000000E+00
 2.65625000E-01
 7.50000000E-01
 2.61718750E-01
   3
   7
   7
 127
 3.08544206E+02
 4.85203026E+00
 1.40870012E+00
 9.92187500E-01
 7.71173678E+01
 1.38629436E+00
 3.53547932E-01
 2.50000000E-01
 7.50000000E-01
 9.84375000E-01
 1.00000000E+00
 1.00000000E+00
 8.75000000E-01
 9.92187500E-01
   1
   4
   1
   3
 3.06979543E+02
 2.07639365E-01
 1.01742629E+00
 1.87500000E-01
 5.88915178E-02
-2.96736776E-03
-1.85302521E-03
 0.00000000E+00
 0.00000000E+00
 1.25000000E-01
 1.00000000E+00
 2.50000000E-01
 5.00000000E-01
 1.87500000E-01
   2
   8
   1
  85
 3.07746295E+02
 4.03513888E-01
 1.05368152E+00
 3.32031250E-01
 3.46044710E-05
-8.54978540E-06
-3.26085310E-06
 0.00000000E+00
 0.00000000E+00
 3.28125000E-01
 5.00000000E-01
 3.35937500E-01
 2.50000000E-01
 3.32031250E-01
   4
   6
  15
  31
 3.07689910E+02
 6.62375522E-01
 1.11113417E+00
 4.84375000E-01
 2.60281127E-04
-2.29673879E-04
-4.44917492E-05
 0.00000000E+00
 8.75000000E-01
 4.68750000E-01
 1.00000000E+00
 5.00000000E-01
 9.37500000E-01
 4.84375000E-01
   1
   9
   1
 509
 3.08798851E+02
 5.13971234E+00
 1.41007645E+00
 9.94140625E-01
 1.92990194E-06
-5.88915178E-02
-6.80303049E-07
 0.00000000E+00
 0.00000000E+00
 9.92187500E-01
 1.00000000E+00
 9.96093750E-01
 5.00000000E-01
 9.94140625E-01
   7
   3
   1
   7
 3.08980023E+02
 2.07944154E+00
 1.32876823E+00
 8.75000000E-01
 7.72907155E+01
 6.93147181E-01
 3.51884113E-01
 2.50000000E-01
 0.00000000E+00
 7.50000000E-01
 1.56250000E-02
 1.00000000E+00
 7.81250000E-03
 8.75000000E-01
   2
   7
   3
  39
 3.07318810E+02
 3.63393894E-01
 1.04538724E+00
 3.04687500E-01
 1.64419605E-04
-3.15636640E-05
-1.33562642E-05
 0.00000000E+00
 5.00000000E-01
 2.96875000E-01
 1.00000000E+00
 3.12500000E-01
 7.50000000E-01
 3.04687500E-01
   1
   8
   1
 161
 3.08272490E+02
 9.91300553E-01
 1.18132259E+00
 6.28906250E-01
 1.92897513E-05
-5.54047316E-05
-4.62791142E-06
 0.00000000E+00
 0.00000000E+00
 6.25000000E-01
 1.00000000E+00
 6.32812500E-01
 5.00000000E-01
 6.28906250E-01
   3
   7
   1
  57
 3.08145181E+02
 5.89350387E-01
 1.09467037E+00
 4.45312500E-01
 7.69585970E-05
-4.95982543E-05
-1.16323919E-05
 0.00000000E+00
 0.00000000E+00
 4.37500000E-01
 2.50000000E-01
 4.53125000E-01
 1.25000000E-01
 4.45312500E-01
   2
   7
   1
  75
 3.08361874E+02
 8.81738350E-01
 1.15901801E+00
 5.85937500E-01
 4.44483954E-05
-8.90154896E-05
-9.80055981E-06
 0.00000000E+00
 0.00000000E+00
 5.78125000E-01
 5.00000000E-01
 5.93750000E-01
 2.50000000E-01
 5.85937500E-01
   1
   9
   1
  21
 3.05432258E+02
 4.18804972E-02
 1.00084079E+00
 4.10156250E-02
 1.13507427E-03
-2.07399603E-06
-1.90254389E-06
 0.00000000E+00
 0.00000000E+00
 3.90625000E-02
 1.00000000E+00
 4.29687500E-02
 5.00000000E-01
 4.10156250E-02
   2
   8
   3
  91
 3.07482480E+02
 4.39231971E-01
 1.06130016E+00
 3.55468750E-01
 3.01914137E-05
-9.18290510E-06
-3.19113180E-06
 0.00000000E+00
 5.00000000E-01
 3.51562500E-01
 1.00000000E+00
 3.59375000E-01
 7.50000000E-01
 3.55468750E-01
   3
   6
   1
  19
 3.07711891E+02
 3.52220594E-01
 1.04313698E+00
 2.96875000E-01
 6.93481721E-04
-1.23487283E-04
-5.37701857E-05
 0.00000000E+00
 0.00000000E+00
 2.81250000E-01
 2.50000000E-01
 3.12500000E-01
 1.25000000E-01
 2.96875000E-01
   2
   6
   1
  55
 3.08796124E+02
 1.96165851E+00
 1.31853153E+00
 8.59375000E-01
 8.26582913E-05
-3.10563000E-03
-2.66272086E-05
 0.00000000E+00
 0.00000000E+00
 8.43750000E-01
 5.00000000E-01
 8.75000000E-01
 2.50000000E-01
 8.59375000E-01
   2
   8
   1
 109
 3.08012565E+02
 5.54744858E-01
 1.08687151E+00
 4.25781250E-01
 2.10428854E-05
-1.15695213E-05
-2.97115385E-06
 0.00000000E+00
 0.00000000E+00
 4.21875000E-01
 5.00000000E-01
 4.29687500E-01
 2.50000000E-01
 4.25781250E-01
   2
   5
   1
  15
 3.08116764E+02
 6.32522559E-01
 1.10441232E+00
 4.68750000E-01
 1.11358759E-03
-8.66551994E-04
-1.81233163E-04
 0.00000000E+00
 0.00000000E+00
 4.37500000E-01
 5.00000000E-01
 5.00000000E-01
 2.50000000E-01
 4.68750000E-01
   1
   4
   1
   7
 3.07873705E+02
 5.75364145E-01
 1.09151557E+00
 4.37500000E-01
 1.03096436E-02
-6.21126000E-03
-1.50165367E-03
 0.00000000E+00
 0.00000000E+00
 3.75000000E-01
 1.00000000E+00
 5.00000000E-01
 5.00000000E-01
 4.37500000E-01
   2
   7
   3
  87
 3.08191452E+02
 1.13845820E+00
 1.20912162E+00
 6.79687500E-01
 3.30316445E-05
-1.48765253E-04
-8.63202591E-06
 0.00000000E+00
 5.00000000E-01
 6.71875000E-01
 1.00000000E+00
 6.87500000E-01
 7.50000000E-01
 6.79687500E-01
   1
   8
   1
 185
 3.08429015E+02
 1.28249757E+00
 1.23378769E+00
 7.22656250E-01
 1.46094169E-05
-9.91965086E-05
-4.06227722E-06
 0.00000000E+00
 0.00000000E+00
 7.18750000E-01
 1.00000000E+00
 7.26562500E-01
 5.00000000E-01
 7.22656250E-01
   3
   7
   1
 105
 3.08826385E+02
 1.71653605E+00
 1.29341123E+00
 8.20312500E-01
 2.26767654E-05
-4.73037038E-04
-7.05203075E-06
 0.00000000E+00
 0.00000000E+00
 8.12500000E-01
 2.50000000E-01
 8.28125000E-01
 1.25000000E-01
 8.20312500E-01
   4
   6
   1
  43
 3.08640999E+02
 1.11436065E+00
 1.20474728E+00
 6.71875000E-01
 1.35244796E-04
-5.67537134E-04
-3.49061805E-05
 0.00000000E+00
 0.00000000E+00
 6.56250000E-01
 1.25000000E-01
 6.87500000E-01
 6.25000000E-02
 6.71875000E-01
   2
   7
   1
 123
 3.08926866E+02
 3.24259235E+00
 1.38686729E+00
 9.60937500E-01
 1.65251018E-05
-1.02054986E-02
-5.72031809E-06
 0.00000000E+00
 0.00000000E+00
 9.53125000E-01
 5.00000000E-01
 9.68750000E-01
 2.50000000E-01
 9.60937500E-01
   1
   9
   1
  33
 3.05888637E+02
 6.66240276E-02
 1.00207495E+00
 6.44531250E-02
 4.59347759E-04
-2.17921422E-06
-1.89552301E-06
 0.00000000E+00
 0.00000000E+00
 6.25000000E-02
 1.00000000E+00
 6.64062500E-02
 5.00000000E-01
 6.44531250E-02
   2
   8
   3
 115
 3.07734126E+02
 5.96417554E-01
 1.09626524E+00
 4.49218750E-01
 1.89043065E-05
-1.25751364E-05
-2.89542900E-06
 0.00000000E+00
 5.00000000E-01
 4.45312500E-01
 1.00000000E+00
 4.53125000E-01
 7.50000000E-01
 4.49218750E-01
   2
   8
   1
 133
 3.08229140E+02
 7.32993089E-01
 1.12690404E+00
 5.19531250E-01
 1.41334764E-05
-1.65251016E-05
-2.66562682E-06
 0.00000000E+00
 0.00000000E+00
 5.15625000E-01
 5.00000000E-01
 5.23437500E-01
 2.50000000E-01
 5.19531250E-01
   1
   7
   1
  37
 3.07431446E+02
 3.41170757E-01
 1.04094050E+00
 2.89062500E-01
 3.65363553E-04
-6.03828272E-05
-2.70563113E-05
 0.00000000E+00
 0.00000000E+00
 2.81250000E-01
 1.00000000E+00
 2.96875000E-01
 5.00000000E-01
 2.89062500E-01
   2
   5
   1
  17
 3.08253643E+02
 7.57685702E-01
 1.13235443E+00
 5.31250000E-01
 8.66551994E-04
-1.11358759E-03
-1.68151667E-04
 0.00000000E+00
 0.00000000E+00
 5.00000000E-01
 5.00000000E-01
 5.62500000E-01
 2.50000000E-01
 5.31250000E-01
   1
   4
   1
  11
 3.08372553E+02
 1.16315081E+00
 1.21353049E+00
 6.87500000E-01
 4.14940141E-03
-2.04109973E-02
-1.09333082E-03
 0.00000000E+00
 0.00000000E+00
 6.25000000E-01
 1.00000000E+00
 7.50000000E-01
 5.00000000E-01
 6.87500000E-01
   1
   8
   1
 209
 3.08568567E+02
 1.69502984E+00
 1.29093732E+00
 8.16406250E-01
 1.14467554E-05
-2.26398012E-04
-3.54630104E-06
 0.00000000E+00
 0.00000000E+00
 8.12500000E-01
 1.00000000E+00
 8.20312500E-01
 5.00000000E-01
 8.16406250E-01
   3
   2
   7
   3
 3.08218968E+02
 1.38629436E+00
 1.25000000E+00
 7.50000000E-01
 7.71467981E+01
 5.19860385E-01
 3.45491503E-01
 2.50000000E-01
 7.50000000E-01
 5.00000000E-01
 1.00000000E+00
 1.00000000E+00
 8.75000000E-01
 7.50000000E-01
   4
   6
  15
  33
 3.07758288E+02
 7.24895879E-01
 1.12510850E+00
 5.15625000E-01
 2.29673879E-04
-2.60281127E-04
-4.28546438E-05
 0.00000000E+00
 8.75000000E-01
 5.00000000E-01
 1.00000000E+00
 5.31250000E-01
 9.37500000E-01
 5.15625000E-01
   1
   9
   1
  45
 3.06203185E+02
 9.19953674E-02
 1.00385495E+00
 8.78906250E-02
 2.46974567E-04
-2.29264725E-06
-1.88545769E-06
 0.00000000E+00
 0.00000000E+00
 8.59375000E-02
 1.00000000E+00
 8.98437500E-02
 5.00000000E-01
 8.78906250E-02
   2
   8
   3
 139
 3.07941242E+02
 7.83003510E-01
 1.13789941E+00
 5.42968750E-01
 1.29396237E-05
-1.82635059E-05
-2.58909890E-06
 0.00000000E+00
 5.00000000E-01
 5.39062500E-01
 1.00000000E+00
 5.46875000E-01
 7.50000000E-01
 5.42968750E-01
   1
   1
   1
   1
 3.08018952E+02
 6.93147181E-01
 1.11803399E+00
 5.00000000E-01
 3.08018952E+02
 6.93147181E-01
 1.11803399E+00
 5.00000000E-01
 0.00000000E+00
 0.00000000E+00
 1.00000000E+00
 1.00000000E+00
 5.00000000E-01
 5.00000000E-01
   7
   2
 127
   3
 3.08140120E+02
 1.38629436E+00
 1.25000000E+00
 7.50000000E-01
 7.71467981E+01
 5.19860385E-01
 3.45491503E-01
 2.50000000E-01
 9.84375000E-01
 5.00000000E-01
 1.00000000E+00
 1.00000000E+00
 9.92187500E-01
 7.50000000E-01
   1
   9
   1
 295
 3.08175028E+02
 8.58427271E-01
 1.15411179E+00
 5.76171875E-01
 5.74550836E-06
-1.06183038E-05
-1.24075640E-06
 0.00000000E+00
 0.00000000E+00
 5.74218750E-01
 1.00000000E+00
 5.78125000E-01
 5.00000000E-01
 5.76171875E-01
   3
   7
   7
  33
 3.07058865E+02
 2.98153372E-01
 1.03269903E+00
 2.57812500E-01
 2.29673879E-04
-2.77023658E-05
-1.38546158E-05
 0.00000000E+00
 7.50000000E-01
 2.50000000E-01
 1.00000000E+00
 2.65625000E-01
 8.75000000E-01
 2.57812500E-01
   2
   8
   1
 157
 3.08412611E+02
 9.50057594E-01
 1.17307881E+00
 6.13281250E-01
 1.01426049E-05
-2.55089026E-05
-2.36308286E-06
 0.00000000E+00
 0.00000000E+00
 6.09375000E-01
 5.00000000E-01
 6.17187500E-01
 2.50000000E-01
 6.13281250E-01
   1
   7
   1
  85
 3.08333474E+02
 1.09083015E+00
 1.20040785E+00
 6.64062500E-01
 6.92089420E-05
-2.70489593E-04
-1.76427396E-05
 0.00000000E+00
 0.00000000E+00
 6.56250000E-01
 1.00000000E+00
 6.71875000E-01
 5.00000000E-01
 6.64062500E-01
   3
   6
   1
  21
 3.07817832E+02
 3.97682968E-01
 1.05245713E+00
 3.28125000E-01
 5.67537134E-04
-1.35244796E-04
-5.23545599E-05
 0.00000000E+00
 0.00000000E+00
 3.12500000E-01
 2.50000000E-01
 3.43750000E-01
 1.25000000E-01
 3.28125000E-01
   1
   8
   1
 233
 3.08694845E+02
 2.40968323E+00
 1.35217765E+00
 9.10156250E-01
 9.21005380E-06
-9.46074076E-04
-3.08595764E-06
 0.00000000E+00
 0.00000000E+00
 9.06250000E-01
 1.00000000E+00
 9.14062500E-01
 5.00000000E-01
 9.10156250E-01
   2
   6
   1
  57
 3.08837700E+02
 2.21297293E+00
 1.33910899E+00
 8.90625000E-01
 7.69585969E-05
-5.15482180E-03
-2.54185160E-05
 0.00000000E+00
 0.00000000E+00
 8.75000000E-01
 5.00000000E-01
 9.06250000E-01
 2.50000000E-01
 8.90625000E-01
   2
   5
   1
  19
 3.08376584E+02
 9.00786545E-01
 1.16298713E+00
 5.93750000E-01
 6.93481721E-04
-1.48368388E-03
-1.55216921E-04
 0.00000000E+00
 0.00000000E+00
 5.62500000E-01
 5.00000000E-01
 6.25000000E-01
 2.50000000E-01
 5.93750000E-01
   1
   9
   1
  57
 3.06443968E+02
 1.18027206E-01
 1.00617789E+00
 1.11328125E-01
 1.53917194E-04
-2.41517308E-06
-1.87242912E-06
 0.00000000E+00
 0.00000000E+00
 1.09375000E-01
 1.00000000E+00
 1.13281250E-01
 5.00000000E-01
 1.11328125E-01
   2
   8
   3
 163
 3.08118092E+02
 1.01257795E+00
 1.18550022E+00
 6.36718750E-01
 9.40963912E-06
-2.89067469E-05
-2.28957927E-06
 0.00000000E+00
 5.00000000E-01
 6.32812500E-01
 1.00000000E+00
 6.40625000E-01
 7.50000000E-01
 6.36718750E-01
   1
   4
   1
  15
 3.08729572E+02
 2.77258872E+00
 1.37073201E+00
 9.37500000E-01
 1.54405140E+02
 1.73286795E+00
 7.06347899E-01
 5.00000000E-01
 0.00000000E+00
 8.75000000E-01
 1.00000000E+00
 1.00000000E+00
 5.00000000E-01
 9.37500000E-01
   1
   9
   1
 307
 3.08219294E+02
 9.15314646E-01
 1.16598945E+00
 5.99609375E-01
 5.30512426E-06
-1.18978215E-05
-1.20322353E-06
 0.00000000E+00
 0.00000000E+00
 5.97656250E-01
 1.00000000E+00
 6.01562500E-01
 5.00000000E-01
 5.99609375E-01
   3
   7
   7
  81
 3.08027102E+02
 1.00188266E+00
 1.18340680E+00
 6.32812500E-01
 3.81068515E-05
-1.13199006E-04
-9.20703764E-06
 0.00000000E+00
 7.50000000E-01
 6.25000000E-01
 1.00000000E+00
 6.40625000E-01
 8.75000000E-01
 6.32812500E-01
   2
   8
   1
 181
 3.08572436E+02
 1.22768933E+00
 1.22470126E+00
 7.07031250E-01
 7.63114122E-06
-4.44483955E-05
-2.07668351E-06
 0.00000000E+00
 0.00000000E+00
 7.03125000E-01
 5.00000000E-01
 7.10937500E-01
 2.50000000E-01
 7.07031250E-01
   4
   6
   1
  45
 3.08692320E+02
 1.21444410E+00
 1.22245031E+00
 7.03125000E-01
 1.23487283E-04
-6.93481721E-04
-3.34116570E-05
 0.00000000E+00
 0.00000000E+00
 6.87500000E-01
 1.25000000E-01
 7.18750000E-01
 6.25000000E-02
 7.03125000E-01
   3
   7
   1
  11
 3.06432659E+02
 8.98563291E-02
 1.00368583E+00
 8.59375000E-02
 2.07470070E-03
-1.82635059E-05
-1.50910809E-05
 0.00000000E+00
 0.00000000E+00
 7.81250000E-02
 2.50000000E-01
 9.37500000E-02
 1.25000000E-01
 8.59375000E-02
   1
   9
   1
  69
 3.06639416E+02
 1.44754855E-01
 1.00904003E+00
 1.34765625E-01
 1.05030985E-04
-2.54779017E-06
-1.85654094E-06
 0.00000000E+00
 0.00000000E+00
 1.32812500E-01
 1.00000000E+00
 1.36718750E-01
 5.00000000E-01
 1.34765625E-01
   2
   8
   3
 187
 3.08273024E+02
 1.31107094E+00
 1.23837983E+00
 7.30468750E-01
 7.14929160E-06
-5.25154923E-05
-2.00862688E-06
 0.00000000E+00
 5.00000000E-01
 7.26562500E-01
 1.00000000E+00
 7.34375000E-01
 7.50000000E-01
 7.30468750E-01
   2
   7
   1
  29
 3.07344316E+02
 2.56910414E-01
 1.02534412E+00
 2.26562500E-01
 2.97442034E-04
-2.55089026E-05
-1.41548857E-05
 0.00000000E+00
 0.00000000E+00
 2.18750000E-01
 5.00000000E-01
 2.34375000E-01
 2.50000000E-01
 2.26562500E-01
   1
   8
   1
  19
 3.06031546E+02
 7.71173033E-02
 1.00275043E+00
 7.42187500E-02
 1.38696344E-03
-8.90178659E-06
-7.56675900E-06
 0.00000000E+00
 0.00000000E+00
 7.03125000E-02
 1.00000000E+00
 7.81250000E-02
 5.00000000E-01
 7.42187500E-02
   1
   9
   1
 319
 3.08262031E+02
 9.75634436E-01
 1.17821365E+00
 6.23046875E-01
 4.91349795E-06
-1.34233593E-05
-1.16615976E-06
 0.00000000E+00
 0.00000000E+00
 6.21093750E-01
 1.00000000E+00
 6.25000000E-01
 5.00000000E-01
 6.23046875E-01
   2
   5
   1
  21
 3.08488384E+02
 1.06784063E+00
 1.19610370E+00
 6.56250000E-01
 5.67537133E-04
-2.07470070E-03
-1.42682579E-04
 0.00000000E+00
 0.00000000E+00
 6.25000000E-01
 5.00000000E-01
 6.87500000E-01
 2.50000000E-01
 6.56250000E-01
   2
   8
   1
 205
 3.08714522E+02
 1.61335181E+00
 1.28111304E+00
 8.00781250E-01
 5.94891088E-06
-9.61353598E-05
-1.81425651E-06
 0.00000000E+00
 0.00000000E+00
 7.96875000E-01
 5.00000000E-01
 8.04687500E-01
 2.50000000E-01
 8.00781250E-01
   4
   6
  15
  35
 3.07822986E+02
 7.91587253E-01
 1.13976851E+00
 5.46875000E-01
 2.04164977E-04
-2.97442034E-04
-4.12223907E-05
 0.00000000E+00
 8.75000000E-01
 5.31250000E-01
 1.00000000E+00
 5.62500000E-01
 9.37500000E-01
 5.46875000E-01
   2
   7
   3
  41
 3.07371749E+02
 3.86122145E-01
 1.05004766E+00
 3.20312500E-01
 1.48765253E-04
-3.30316444E-05
-1.31792233E-05
 0.00000000E+00
 5.00000000E-01
 3.12500000E-01
 1.00000000E+00
 3.28125000E-01
 7.50000000E-01
 3.20312500E-01
   3
   7
   1
  59
 3.08182596E+02
 6.17923759E-01
 1.10111915E+00
 4.60937500E-01
 7.18287608E-05
-5.25154923E-05
-1.14292162E-05
 0.00000000E+00
 0.00000000E+00
 4.53125000E-01
 2.50000000E-01
 4.68750000E-01
 1.25000000E-01
 4.60937500E-01
   1
   9
   1
  81
 3.06804152E+02
 1.72216535E-01
 1.01243678E+00
 1.58203125E-01
 7.62137033E-05
-2.69163789E-06
-1.83791740E-06
 0.00000000E+00
 0.00000000E+00
 1.56250000E-01
 1.00000000E+00
 1.60156250E-01
 5.00000000E-01
 1.58203125E-01
   2
   8
   3
 211
 3.08411347E+02
 1.73851495E+00
 1.29589218E+00
 8.24218750E-01
 5.61539059E-06
-1.23487283E-04
-1.75288925E-06
 0.00000000E+00
 5.00000000E-01
 8.20312500E-01
 1.00000000E+00
 8.28125000E-01
 7.50000000E-01
 8.24218750E-01
   2
   7
   1
  77
 3.08391121E+02
 9.20204631E-01
 1.16699505E+00
 6.01562500E-01
 4.21691828E-05
-9.61353598E-05
-9.60095931E-06
 0.00000000E+00
 0.00000000E+00
 5.93750000E-01
 5.00000000E-01
 6.09375000E-01
 2.50000000E-01
 6.01562500E-01
   1
   8
   1
  43
 3.06865881E+02
 1.83885279E-01
 1.01400863E+00
 1.67968750E-01
 2.70489593E-04
-1.10208625E-05
-7.31751684E-06
 0.00000000E+00
 0.00000000E+00
 1.64062500E-01
 1.00000000E+00
 1.71875000E-01
 5.00000000E-01
 1.67968750E-01
   1
   9
   1
 331
 3.08303352E+02
 1.03982759E+00
 1.19077372E+00
 6.46484375E-01
 4.56368861E-06
-1.52622823E-05
-1.12964634E-06
 0.00000000E+00
 0.00000000E+00
 6.44531250E-01
 1.00000000E+00
 6.48437500E-01
 5.00000000E-01
 6.46484375E-01
   3
   6
   1
  23
 3.07914662E+02
 4.45311017E-01
 1.06261488E+00
 3.59375000E-01
 4.73037038E-04
-1.48765253E-04
-5.08677263E-05
 0.00000000E+00
 0.00000000E+00
 3.43750000E-01
 2.50000000E-01
 3.75000000E-01
 1.25000000E-01
 3.59375000E-01
   2
   8
   1
 229
 3.08842808E+02
 2.24934058E+00
 1.34171016E+00
 8.94531250E-01
 4.76730764E-06
-3.43170953E-04
-1.57937434E-06
 0.00000000E+00
 0.00000000E+00
 8.90625000E-01
 5.00000000E-01
 8.98437500E-01
 2.50000000E-01
 8.94531250E-01
   2
   6
   1
  59
 3.08878044E+02
 2.54944517E+00
 1.36009320E+00
 9.21875000E-01
 7.18287607E-05
-1.02054986E-02
-2.42601028E-05
 0.00000000E+00
 0.00000000E+00
 9.06250000E-01
 5.00000000E-01
 9.37500000E-01
 2.50000000E-01
 9.21875000E-01
   2
   5
   1
  23
 3.08591071E+02
 1.26851133E+00
 1.23150378E+00
 7.18750000E-01
 4.73037038E-04
-3.10563000E-03
-1.30732007E-04
 0.00000000E+00
 0.00000000E+00
 6.87500000E-01
 5.00000000E-01
 7.50000000E-01
 2.50000000E-01
 7.18750000E-01
