 3.63663890E-02
 6.45734479E-02
 8.88761399E-02
 1.12828236E-01
 1.33051263E-01
 1.53274290E-01
 1.73497317E-01
 1.93019151E-01
 2.09162513E-01
 2.25305875E-01
 2.41449237E-01
 2.57592599E-01
 2.73735961E-01
 2.89879323E-01
 3.06022685E-01
 3.20763662E-01
 3.32827359E-01
 3.44891056E-01
 3.56954753E-01
 3.69018450E-01
 3.81082147E-01
 3.93145844E-01
 4.05209541E-01
 4.17273238E-01
 4.29336935E-01
 4.41400632E-01
 4.53464329E-01
 4.65528026E-01
 4.77591723E-01
 4.89655420E-01
 5.01719117E-01
 5.10978044E-01
 5.18962076E-01
 5.26946108E-01
 5.34930140E-01
 5.42914172E-01
 5.50898204E-01
 5.58882236E-01
 5.66866267E-01
 5.74850299E-01
 5.82834331E-01
 5.90818363E-01
 5.98802395E-01
 6.06786427E-01
 6.14770459E-01
 6.22754491E-01
 6.30738523E-01
 6.38722555E-01
 6.46706587E-01
 6.54690619E-01
 6.62674651E-01
 6.70658683E-01
 6.78642715E-01
 6.86626747E-01
 6.94610778E-01
 7.02594810E-01
 7.10578842E-01
 7.18562874E-01
 7.26546906E-01
 7.34530938E-01
 7.42514970E-01
 7.50499002E-01
 7.56953160E-01
 7.60857526E-01
 7.64761893E-01
 7.68666260E-01
 7.72570627E-01
 7.76474994E-01
 7.80379361E-01
 7.84283728E-01
 7.88188095E-01
 7.92092462E-01
 7.95996829E-01
 7.99901196E-01
 8.03805563E-01
 8.07709929E-01
 8.11614296E-01
 8.15518663E-01
 8.19423030E-01
 8.23327397E-01
 8.27231764E-01
 8.31136131E-01
 8.35040498E-01
 8.38944865E-01
 8.42849232E-01
 8.46753599E-01
 8.50657966E-01
 8.54562332E-01
 8.58466699E-01
 8.62371066E-01
 8.66275433E-01
 8.70179800E-01
 8.74084167E-01
 8.77988534E-01
 8.81892901E-01
 8.85797268E-01
 8.89701635E-01
 8.93606002E-01
 8.97510368E-01
 9.01414735E-01
 9.05319102E-01
 9.09223469E-01
 9.13127836E-01
 9.17032203E-01
 9.20936570E-01
 9.24840937E-01
 9.28745304E-01
 9.32649671E-01
 9.36554038E-01
 9.40458405E-01
 9.44362771E-01
 9.48267138E-01
 9.52171505E-01
 9.56075872E-01
 9.59980239E-01
 9.63884606E-01
 9.67788973E-01
 9.71693340E-01
 9.75597707E-01
 9.79502074E-01
 9.83406441E-01
 9.87310808E-01
 9.91215174E-01
 9.95119541E-01
 9.99023908E-01
 9.96617215E-01
 9.92106834E-01
 9.87596454E-01
 9.83086073E-01
 9.78575693E-01
 9.74065312E-01
 9.69554932E-01
 9.65044551E-01
 9.60534171E-01
 9.56023791E-01
 9.51513410E-01
 9.47003030E-01
 9.42492649E-01
 9.37982269E-01
 9.33471888E-01
 9.28961508E-01
 9.24451127E-01
 9.19940747E-01
 9.15430366E-01
 9.10919986E-01
 9.06409606E-01
 9.01899225E-01
 8.97388845E-01
 8.92878464E-01
 8.88368084E-01
 8.83857703E-01
 8.79347323E-01
 8.74836942E-01
 8.70326562E-01
 8.65816181E-01
 8.61305801E-01
 8.55654283E-01
 8.48535588E-01
 8.41416894E-01
 8.34298199E-01
 8.27179504E-01
 8.20060810E-01
 8.12942115E-01
 8.05823420E-01
 7.98072845E-01
 7.89917218E-01
 7.81761590E-01
 7.73605963E-01
 7.65421450E-01
 7.57224280E-01
 7.49004700E-01
 7.40777176E-01
 7.32789519E-01
 7.24869025E-01
 7.17016330E-01
 7.09073174E-01
 7.01200978E-01
 6.93347807E-01
 6.85505269E-01
 6.77668681E-01
 6.69950986E-01
 6.62243810E-01
 6.54545991E-01
 6.46853531E-01
 6.39187549E-01
 6.31525926E-01
 6.23871777E-01
 6.16384440E-01
 6.10046019E-01
 6.03704536E-01
 5.97372649E-01
 5.91047445E-01
 5.84738687E-01
 5.78433496E-01
 5.72133241E-01
 5.65854621E-01
 5.59623596E-01
 5.53395849E-01
 5.47172128E-01
 5.40955588E-01
 5.34749189E-01
 5.28545816E-01
 5.22345731E-01
 5.16242940E-01
 5.10250086E-01
 5.04260057E-01
 4.98272719E-01
 4.92292619E-01
 4.86318597E-01
 4.80347182E-01
 4.74377971E-01
 4.68434761E-01
 4.62506716E-01
 4.56581116E-01
 4.50657319E-01
 4.44740585E-01
 4.38827247E-01
 4.32916202E-01
 4.27006628E-01
 4.21532260E-01
 4.16159138E-01
 4.10788171E-01
 4.05418398E-01
 4.00055380E-01
 3.94693962E-01
 3.89334576E-01
 3.83976151E-01
 3.78642950E-01
 3.73311016E-01
 3.67980942E-01
 3.62652033E-01
 3.57328785E-01
 3.52006401E-01
 3.46685613E-01
 3.41378556E-01
 3.36142494E-01
 3.30907284E-01
 3.25673444E-01
 3.20441299E-01
 3.15213074E-01
 3.09985691E-01
 3.04759481E-01
 2.99539413E-01
 2.94331244E-01
 2.89123856E-01
 2.83917512E-01
 2.78713168E-01
 2.73511492E-01
 2.68310611E-01
 2.63110638E-01
 2.59526572E-01
 2.57558441E-01
 2.55591114E-01
 2.53624505E-01
 2.51660152E-01
 2.49697472E-01
 2.47735601E-01
 2.45774318E-01
 2.43821543E-01
 2.41873058E-01
 2.39925382E-01
 2.37978181E-01
 2.36033384E-01
 2.34089520E-01
 2.32146465E-01
 2.30203784E-01
 2.28296908E-01
 2.26396843E-01
 2.24497583E-01
 2.22598611E-01
 2.20702123E-01
 2.18806009E-01
 2.16910696E-01
 2.15015738E-01
 2.13129873E-01
 2.11244227E-01
 2.09359306E-01
 2.07474779E-01
 2.05592334E-01
 2.03710137E-01
 2.01828570E-01
 1.99971287E-01
 1.98218689E-01
 1.96466365E-01
 1.94714584E-01
 1.92963461E-01
 1.91213831E-01
 1.89464496E-01
 1.87715627E-01
 1.85969364E-01
 1.84227633E-01
 1.82486214E-01
 1.80745192E-01
 1.79005023E-01
 1.77265883E-01
 1.75527072E-01
 1.73788596E-01
 1.72063074E-01
 1.70348994E-01
 1.68635255E-01
 1.66921797E-01
 1.65209335E-01
 1.63497532E-01
 1.61786080E-01
 1.60074860E-01
 1.58367489E-01
 1.56661803E-01
 1.54956477E-01
 1.53251339E-01
 1.51547299E-01
 1.49843622E-01
 1.48140313E-01
 1.46437151E-01
 1.45020140E-01
 1.43644085E-01
 1.42268402E-01
 1.40892831E-01
 1.39518432E-01
 1.38144163E-01
 1.36770308E-01
 1.35396657E-01
 1.34027175E-01
 1.32657731E-01
 1.31288678E-01
 1.29919779E-01
 1.28551884E-01
 1.27184061E-01
 1.25816572E-01
 1.24452418E-01
 1.23100176E-01
 1.21748034E-01
 1.20396175E-01
 1.19044633E-01
 1.17693813E-01
 1.16343120E-01
 1.14992663E-01
 1.13643581E-01
 1.12296644E-01
 1.10949856E-01
 1.09603264E-01
 1.08257117E-01
 1.06911459E-01
 1.05565971E-01
 1.04220640E-01
 1.02903214E-01
 1.01607490E-01
 1.00311954E-01
 9.90165407E-02
 9.77216749E-02
 9.64271060E-02
 9.51327410E-02
 9.38384670E-02
 9.25463035E-02
 9.12549033E-02
 8.99637212E-02
 8.86726016E-02
 8.73821098E-02
 8.60917554E-02
 8.48016317E-02
 8.35115444E-02
 8.22306613E-02
 8.09507303E-02
 7.96710409E-02
 7.83913645E-02
 7.71124576E-02
 7.58335597E-02
 7.45547416E-02
 7.32761214E-02
 7.19998362E-02
 7.07235607E-02
 6.94473542E-02
 6.81712765E-02
 6.68958551E-02
 6.56204492E-02
 6.43451027E-02
 6.32350871E-02
 6.26210640E-02
 6.20070619E-02
 6.13931102E-02
 6.07793994E-02
 6.01661646E-02
 5.95529556E-02
 5.89397888E-02
 5.83275160E-02
 5.77164683E-02
 5.71054507E-02
 5.64944679E-02
 5.58838189E-02
 5.52734935E-02
 5.46632022E-02
 5.40529386E-02
 5.34469646E-02
 5.28439257E-02
 5.22409245E-02
 5.16379448E-02
 5.10353758E-02
 5.04330003E-02
 4.98306658E-02
 4.92283470E-02
 4.86273994E-02
 4.80268716E-02
 4.74263876E-02
 4.68259140E-02
 4.62259143E-02
 4.56259974E-02
 4.50261268E-02
 4.44262617E-02
 4.38490933E-02
 4.32734381E-02
 4.26978316E-02
 4.21222382E-02
 4.15471466E-02
 4.09720581E-02
 4.03970142E-02
 3.98221373E-02
 3.92486205E-02
 3.86751106E-02
 3.81016395E-02
 3.75282612E-02
 3.69552656E-02
 3.63822804E-02
 3.58093286E-02
 3.52378535E-02
 3.46701517E-02
 3.41024637E-02
 3.35348041E-02
 3.29673138E-02
 3.24001152E-02
 3.18329167E-02
 3.12657181E-02
 3.06991323E-02
 3.01332860E-02
 2.95674397E-02
 2.90015934E-02
 2.84359883E-02
 2.78705896E-02
 2.73051908E-02
 2.67397921E-02
 2.62370147E-02
 2.57718102E-02
 2.53066057E-02
 2.48414011E-02
 2.43764925E-02
 2.39117042E-02
 2.34469159E-02
 2.29821276E-02
 2.25182720E-02
 2.20546542E-02
 2.15910363E-02
 2.11274185E-02
 2.06641430E-02
 2.02009129E-02
 1.97376828E-02
 1.92744527E-02
 1.88150645E-02
 1.83558003E-02
 1.78965360E-02
 1.74372916E-02
 1.69783892E-02
 1.65194868E-02
 1.60605844E-02
 1.56018368E-02
 1.51440350E-02
 1.46862333E-02
 1.42284316E-02
 1.37706698E-02
 1.33130445E-02
 1.28554192E-02
 1.23977938E-02
 1.19537350E-02
 1.15395222E-02
 1.11253095E-02
 1.07110968E-02
 1.02969499E-02
 9.88290220E-03
 9.46885453E-03
 9.05480686E-03
 8.64230642E-03
 8.23145304E-03
 7.82059967E-03
 7.40974629E-03
 7.00030778E-03
 6.59193526E-03
 6.18495931E-03
 5.78054694E-03
 5.40590794E-03
 5.04551408E-03
 4.68512022E-03
 4.32472636E-03
 3.96433249E-03
 3.60393863E-03
 3.24354477E-03
 2.88315090E-03
 2.52275704E-03
 2.16236318E-03
 1.80196931E-03
 1.44157545E-03
 1.08118159E-03
 7.20787726E-04
 3.60393863E-04
 6.45734479E-02
 1.12828236E-01
 1.53274290E-01
 1.93019151E-01
 2.25305875E-01
 2.57592599E-01
 2.89879323E-01
 3.20763662E-01
 3.44891056E-01
 3.69018450E-01
 3.93145844E-01
 4.17273238E-01
 4.41400632E-01
 4.65528026E-01
 4.89655420E-01
 5.10978044E-01
 5.26946108E-01
 5.42914172E-01
 5.58882236E-01
 5.74850299E-01
 5.90818363E-01
 6.06786427E-01
 6.22754491E-01
 6.38722555E-01
 6.54690619E-01
 6.70658683E-01
 6.86626747E-01
 7.02594810E-01
 7.18562874E-01
 7.34530938E-01
 7.50499002E-01
 7.60857526E-01
 7.68666260E-01
 7.76474994E-01
 7.84283728E-01
 7.92092462E-01
 7.99901196E-01
 8.07709929E-01
 8.15518663E-01
 8.23327397E-01
 8.31136131E-01
 8.38944865E-01
 8.46753599E-01
 8.54562332E-01
 8.62371066E-01
 8.70179800E-01
 8.77988534E-01
 8.85797268E-01
 8.93606002E-01
 9.01414735E-01
 9.09223469E-01
 9.17032203E-01
 9.24840937E-01
 9.32649671E-01
 9.40458405E-01
 9.48267138E-01
 9.56075872E-01
 9.63884606E-01
 9.71693340E-01
 9.79502074E-01
 9.87310808E-01
 9.95119541E-01
 1.00000000E+00
 1.00000000E+00
 1.00000000E+00
 1.00000000E+00
 1.00000000E+00
 1.00000000E+00
 1.00000000E+00
 1.00000000E+00
 1.00000000E+00
 1.00000000E+00
 1.00000000E+00
 1.00000000E+00
 1.00000000E+00
 1.00000000E+00
 1.00000000E+00
 1.00000000E+00
 1.00000000E+00
 1.00000000E+00
 1.00000000E+00
 1.00000000E+00
 1.00000000E+00
 1.00000000E+00
 1.00000000E+00
 1.00000000E+00
 1.00000000E+00
 1.00000000E+00
 1.00000000E+00
 1.00000000E+00
 1.00000000E+00
 1.00000000E+00
 1.00000000E+00
 1.00000000E+00
 1.00000000E+00
 1.00000000E+00
 1.00000000E+00
 1.00000000E+00
 1.00000000E+00
 1.00000000E+00
 1.00000000E+00
 1.00000000E+00
 1.00000000E+00
 1.00000000E+00
 1.00000000E+00
 1.00000000E+00
 1.00000000E+00
 1.00000000E+00
 1.00000000E+00
 1.00000000E+00
 1.00000000E+00
 1.00000000E+00
 1.00000000E+00
 1.00000000E+00
 1.00000000E+00
 1.00000000E+00
 1.00000000E+00
 1.00000000E+00
 1.00000000E+00
 1.00000000E+00
 1.00000000E+00
 1.00000000E+00
 1.00000000E+00
 1.00000000E+00
 1.00000000E+00
 9.97672075E-01
 9.94568175E-01
 9.91464275E-01
 9.88360376E-01
 9.85256476E-01
 9.82152576E-01
 9.79048676E-01
 9.75944776E-01
 9.72840876E-01
 9.69736976E-01
 9.66633076E-01
 9.63529177E-01
 9.60425277E-01
 9.57321377E-01
 9.54217477E-01
 9.51113577E-01
 9.48009677E-01
 9.44905777E-01
 9.41801878E-01
 9.38697978E-01
 9.35594078E-01
 9.32490178E-01
 9.29386278E-01
 9.26282378E-01
 9.23178478E-01
 9.20074578E-01
 9.16970679E-01
 9.13866779E-01
 9.10762879E-01
 9.07658979E-01
 9.04555079E-01
 8.99168904E-01
 8.90848376E-01
 8.82527848E-01
 8.74207320E-01
 8.65886791E-01
 8.57566263E-01
 8.49245735E-01
 8.40925206E-01
 8.31340917E-01
 8.20946523E-01
 8.10552130E-01
 8.00157736E-01
 7.89705572E-01
 7.79228092E-01
 7.68705793E-01
 7.58167606E-01
 7.48109154E-01
 7.38185027E-01
 7.28396498E-01
 7.18427045E-01
 7.08599515E-01
 6.98810034E-01
 6.89041820E-01
 6.79285505E-01
 6.69766975E-01
 6.60269484E-01
 6.50790707E-01
 6.41322648E-01
 6.31907545E-01
 6.22501161E-01
 6.13109724E-01
 6.04049496E-01
 5.97270196E-01
 5.90484772E-01
 5.83718540E-01
 5.76965674E-01
 5.70245701E-01
 5.63532861E-01
 5.56829892E-01
 5.50170195E-01
 5.43605687E-01
 5.37047736E-01
 5.30497836E-01
 5.23962297E-01
 5.17447042E-01
 5.10937838E-01
 5.04435210E-01
 4.98127171E-01
 4.92039005E-01
 4.85956488E-01
 4.79879354E-01
 4.73816697E-01
 4.67766195E-01
 4.61720909E-01
 4.55680027E-01
 4.49691150E-01
 4.43732603E-01
 4.37778944E-01
 4.31828893E-01
 4.25892966E-01
 4.19963833E-01
 4.14039285E-01
 4.08117679E-01
 4.03066486E-01
 3.98217783E-01
 3.93373392E-01
 3.88531387E-01
 3.83702894E-01
 3.78877599E-01
 3.74056370E-01
 3.69237063E-01
 3.64468203E-01
 3.59701876E-01
 3.54939271E-01
 3.50178995E-01
 3.45430042E-01
 3.40682815E-01
 3.35938781E-01
 3.31222210E-01
 3.26647627E-01
 3.22074751E-01
 3.17504613E-01
 3.12937864E-01
 3.08378957E-01
 3.03821732E-01
 2.99266855E-01
 2.94724261E-01
 2.90205465E-01
 2.85688232E-01
 2.81173085E-01
 2.76661940E-01
 2.72156130E-01
 2.67651910E-01
 2.63149507E-01
 2.59721197E-01
 2.57367040E-01
 2.55014491E-01
 2.52663379E-01
 2.50316776E-01
 2.47973521E-01
 2.45631884E-01
 2.43291422E-01
 2.40967978E-01
 2.38653111E-01
 2.36339865E-01
 2.34027566E-01
 2.31720078E-01
 2.29414454E-01
 2.27110449E-01
 2.24807191E-01
 2.22575545E-01
 2.20357519E-01
 2.18141104E-01
 2.15925264E-01
 2.13714392E-01
 2.11504270E-01
 2.09295749E-01
 2.07087938E-01
 2.04898311E-01
 2.02709124E-01
 2.00521387E-01
 1.98334438E-01
 1.96151652E-01
 1.93969363E-01
 1.91788333E-01
 1.89655872E-01
 1.87732781E-01
 1.85810238E-01
 1.83888780E-01
 1.81968638E-01
 1.80051483E-01
 1.78134918E-01
 1.76219284E-01
 1.74308863E-01
 1.72407506E-01
 1.70506774E-01
 1.68606834E-01
 1.66708601E-01
 1.64812426E-01
 1.62916907E-01
 1.61022061E-01
 1.59153121E-01
 1.57307066E-01
 1.55461691E-01
 1.53616880E-01
 1.51774061E-01
 1.49932559E-01
 1.48091760E-01
 1.46251425E-01
 1.44418789E-01
 1.42589521E-01
 1.40760974E-01
 1.38932801E-01
 1.37106826E-01
 1.35281578E-01
 1.33457063E-01
 1.31632845E-01
 1.30362119E-01
 1.29170617E-01
 1.27979860E-01
 1.26789327E-01
 1.25601139E-01
 1.24413210E-01
 1.23226108E-01
 1.22039416E-01
 1.20861060E-01
 1.19682781E-01
 1.18505284E-01
 1.17328094E-01
 1.16152914E-01
 1.14977877E-01
 1.13803508E-01
 1.12635810E-01
 1.11491934E-01
 1.10348259E-01
 1.09205150E-01
 1.08062675E-01
 1.06921644E-01
 1.05780866E-01
 1.04640561E-01
 1.03503007E-01
 1.02369742E-01
 1.01236775E-01
 1.00104199E-01
 9.89725139E-02
 9.78418075E-02
 9.67114407E-02
 9.55813878E-02
 9.45071431E-02
 9.34763047E-02
 9.24458421E-02
 9.14156243E-02
 9.03865017E-02
 8.93579728E-02
 8.83298518E-02
 8.73019128E-02
 8.62781947E-02
 8.52560033E-02
 8.42342481E-02
 8.32126178E-02
 8.21922430E-02
 8.11721433E-02
 8.01525047E-02
 7.91329391E-02
 7.81317819E-02
 7.71325289E-02
 7.61337590E-02
 7.51350150E-02
 7.41378103E-02
 7.31406234E-02
 7.21435962E-02
 7.11469647E-02
 7.01550034E-02
 6.91630611E-02
 6.81712572E-02
 6.71797108E-02
 6.61894769E-02
 6.51992741E-02
 6.42091900E-02
 6.32868679E-02
 6.25678317E-02
 6.18488372E-02
 6.11299437E-02
 6.04115319E-02
 5.96940721E-02
 5.89766640E-02
 5.82593403E-02
 5.75438046E-02
 5.68307189E-02
 5.61176936E-02
 5.54047378E-02
 5.46924498E-02
 5.39808088E-02
 5.32692360E-02
 5.25577186E-02
 5.18547806E-02
 5.11577126E-02
 5.04607200E-02
 4.97637706E-02
 4.90676424E-02
 4.83719013E-02
 4.76762420E-02
 4.69806142E-02
 4.62877289E-02
 4.55956831E-02
 4.49037250E-02
 4.42117876E-02
 4.35207982E-02
 4.28299741E-02
 4.21392428E-02
 4.14485225E-02
 4.08031956E-02
 4.01608950E-02
 3.95186918E-02
 3.88765148E-02
 3.82353414E-02
 3.75941744E-02
 3.69530964E-02
 3.63123525E-02
 3.56743286E-02
 3.50363187E-02
 3.43983863E-02
 3.37606397E-02
 3.31236582E-02
 3.24866977E-02
 3.18498040E-02
 3.12158635E-02
 3.05894699E-02
 2.99631036E-02
 2.93367943E-02
 2.87108236E-02
 2.80854363E-02
 2.74600490E-02
 2.68346618E-02
 2.62105000E-02
 2.55878172E-02
 2.49651345E-02
 2.43424517E-02
 2.37202515E-02
 2.30984638E-02
 2.24766762E-02
 2.18548885E-02
 2.13539232E-02
 2.09254514E-02
 2.04969795E-02
 2.00685077E-02
 1.96406276E-02
 1.92129883E-02
 1.87853489E-02
 1.83577095E-02
 1.79319355E-02
 1.75066370E-02
 1.70813384E-02
 1.66560399E-02
 1.62314261E-02
 1.58069031E-02
 1.53823801E-02
 1.49578571E-02
 1.45410180E-02
 1.41244267E-02
 1.37078354E-02
 1.32912837E-02
 1.28754161E-02
 1.24595485E-02
 1.20436809E-02
 1.16281229E-02
 1.12144566E-02
 1.08007903E-02
 1.03871240E-02
 9.97353770E-03
 9.56022425E-03
 9.14691081E-03
 8.73359736E-03
 8.34741680E-03
 8.02092858E-03
 7.69444036E-03
 7.36795214E-03
 7.04159543E-03
 6.71543728E-03
 6.38927914E-03
 6.06312099E-03
 5.74005731E-03
 5.42028776E-03
 5.10051820E-03
 4.78074864E-03
 4.46380881E-03
 4.14900098E-03
 3.83698627E-03
 3.53009873E-03
 3.28275793E-03
 3.06390741E-03
 2.84505688E-03
 2.62620635E-03
 2.40735582E-03
 2.18850529E-03
 1.96965476E-03
 1.75080423E-03
 1.53195370E-03
 1.31310317E-03
 1.09425264E-03
 8.75402116E-04
 6.56551587E-04
 4.37701058E-04
 2.18850529E-04
 8.88761399E-02
 1.53274290E-01
 2.05959339E-01
 2.57592599E-01
 2.98038653E-01
 3.38484707E-01
 3.78930761E-01
 4.17273238E-01
 4.45480297E-01
 4.73687356E-01
 5.01894415E-01
 5.30101474E-01
 5.58308533E-01
 5.86515592E-01
 6.14722651E-01
 6.38722555E-01
 6.54690619E-01
 6.70658683E-01
 6.86626747E-01
 7.02594810E-01
 7.18562874E-01
 7.34530938E-01
 7.50499002E-01
 7.66467066E-01
 7.82435130E-01
 7.98403194E-01
 8.14371257E-01
 8.30339321E-01
 8.46307385E-01
 8.62275449E-01
 8.78243513E-01
 8.85797268E-01
 8.89526337E-01
 8.93255405E-01
 8.96984474E-01
 9.00713543E-01
 9.04442612E-01
 9.08171681E-01
 9.11900749E-01
 9.15629818E-01
 9.19358887E-01
 9.23087956E-01
 9.26817025E-01
 9.30546093E-01
 9.34275162E-01
 9.38004231E-01
 9.41733300E-01
 9.45462369E-01
 9.49191437E-01
 9.52920506E-01
 9.56649575E-01
 9.60378644E-01
 9.64107713E-01
 9.67836782E-01
 9.71565850E-01
 9.75294919E-01
 9.79023988E-01
 9.82753057E-01
 9.86482126E-01
 9.90211194E-01
 9.93940263E-01
 9.97669332E-01
 1.00000000E+00
 1.00000000E+00
 1.00000000E+00
 1.00000000E+00
 1.00000000E+00
 1.00000000E+00
 1.00000000E+00
 1.00000000E+00
 1.00000000E+00
 1.00000000E+00
 1.00000000E+00
 1.00000000E+00
 1.00000000E+00
 1.00000000E+00
 1.00000000E+00
 1.00000000E+00
 1.00000000E+00
 1.00000000E+00
 1.00000000E+00
 1.00000000E+00
 1.00000000E+00
 1.00000000E+00
 1.00000000E+00
 1.00000000E+00
 1.00000000E+00
 1.00000000E+00
 1.00000000E+00
 1.00000000E+00
 1.00000000E+00
 1.00000000E+00
 1.00000000E+00
 1.00000000E+00
 1.00000000E+00
 1.00000000E+00
 1.00000000E+00
 1.00000000E+00
 1.00000000E+00
 1.00000000E+00
 1.00000000E+00
 1.00000000E+00
 1.00000000E+00
 1.00000000E+00
 1.00000000E+00
 1.00000000E+00
 1.00000000E+00
 1.00000000E+00
 1.00000000E+00
 1.00000000E+00
 1.00000000E+00
 1.00000000E+00
 1.00000000E+00
 1.00000000E+00
 1.00000000E+00
 1.00000000E+00
 1.00000000E+00
 1.00000000E+00
 1.00000000E+00
 1.00000000E+00
 1.00000000E+00
 1.00000000E+00
 1.00000000E+00
 1.00000000E+00
 1.00000000E+00
 9.98888297E-01
 9.97406027E-01
 9.95923756E-01
 9.94441485E-01
 9.92959215E-01
 9.91476944E-01
 9.89994674E-01
 9.88512403E-01
 9.87030133E-01
 9.85547862E-01
 9.84065592E-01
 9.82583321E-01
 9.81101051E-01
 9.79618780E-01
 9.78136509E-01
 9.76654239E-01
 9.75171968E-01
 9.73689698E-01
 9.72207427E-01
 9.70725157E-01
 9.69242886E-01
 9.67760616E-01
 9.66278345E-01
 9.64796074E-01
 9.63313804E-01
 9.61831533E-01
 9.60349263E-01
 9.58866992E-01
 9.57384722E-01
 9.55902451E-01
 9.54420181E-01
 9.49514498E-01
 9.40207285E-01
 9.30900071E-01
 9.21592858E-01
 9.12285645E-01
 9.02978432E-01
 8.93671219E-01
 8.84364005E-01
 8.73161150E-01
 8.60743139E-01
 8.48325128E-01
 8.35907118E-01
 8.23402450E-01
 8.10859809E-01
 7.98249940E-01
 7.85616239E-01
 7.73702140E-01
 7.61989529E-01
 7.50480315E-01
 7.38699715E-01
 7.27131998E-01
 7.15621356E-01
 7.04142614E-01
 6.92681721E-01
 6.81577505E-01
 6.70504849E-01
 6.59460262E-01
 6.48431753E-01
 6.37482678E-01
 6.26546681E-01
 6.15633105E-01
 6.05161348E-01
 5.97726035E-01
 5.90281533E-01
 5.82865821E-01
 5.75470159E-01
 5.68123834E-01
 5.60788210E-01
 5.53467393E-01
 5.46211482E-01
 5.39098355E-01
 5.31995065E-01
 5.24903851E-01
 5.17834178E-01
 5.10794930E-01
 5.03764760E-01
 4.96744453E-01
 4.90016031E-01
 4.83617417E-01
 4.77227277E-01
 4.70845212E-01
 4.64484862E-01
 4.58142745E-01
 4.51808450E-01
 4.45480764E-01
 4.39231083E-01
 4.33026898E-01
 4.26830045E-01
 4.20638605E-01
 4.14468350E-01
 4.08308286E-01
 4.02155100E-01
 3.96006325E-01
 3.91163171E-01
 3.86623752E-01
 3.82090802E-01
 3.77561431E-01
 3.73052326E-01
 3.68548020E-01
 3.64049811E-01
 3.59554486E-01
 3.55134832E-01
 3.50718977E-01
 3.46308705E-01
 3.41901927E-01
 3.37512133E-01
 3.33124928E-01
 3.28742512E-01
 3.24401292E-01
 3.20273053E-01
 3.16147374E-01
 3.12025802E-01
 3.07909315E-01
 3.03804590E-01
 2.99702388E-01
 2.95603707E-01
 2.91523452E-01
 2.87478894E-01
 2.83436680E-01
 2.79397596E-01
 2.75364513E-01
 2.71339433E-01
 2.67316739E-01
 2.63296770E-01
 2.60036339E-01
 2.57535534E-01
 2.55037140E-01
 2.52540903E-01
 2.50051429E-01
 2.47566978E-01
 2.45084952E-01
 2.42604690E-01
 2.40149955E-01
 2.37708086E-01
 2.35268647E-01
 2.32830629E-01
 2.30399828E-01
 2.27971823E-01
 2.25546245E-01
 2.23121789E-01
 2.20804750E-01
 2.18508143E-01
 2.16213951E-01
 2.13920621E-01
 2.11634744E-01
 2.09349992E-01
 2.07067640E-01
 2.04786354E-01
 2.02532345E-01
 2.00278995E-01
 1.98027820E-01
 1.95777827E-01
 1.93534079E-01
 1.91291077E-01
 1.89049961E-01
 1.86881701E-01
 1.85027495E-01
 1.83174111E-01
 1.81322355E-01
 1.79472573E-01
 1.77627270E-01
 1.75782854E-01
 1.73939834E-01
 1.72104632E-01
 1.70283027E-01
 1.68462360E-01
 1.66642881E-01
 1.64825962E-01
 1.63012130E-01
 1.61199283E-01
 1.59387444E-01
 1.57614466E-01
 1.55875813E-01
 1.54138182E-01
 1.52401395E-01
 1.50667598E-01
 1.48935776E-01
 1.47205008E-01
 1.45474935E-01
 1.43756412E-01
 1.42042941E-01
 1.40330551E-01
 1.38618723E-01
 1.36910190E-01
 1.35202748E-01
 1.33496407E-01
 1.31790510E-01
 1.30486526E-01
 1.29240188E-01
 1.27994966E-01
 1.26750083E-01
 1.25508714E-01
 1.24267736E-01
 1.23027997E-01
 1.21788874E-01
 1.20562255E-01
 1.19335751E-01
 1.18110420E-01
 1.16885550E-01
 1.15663695E-01
 1.14442054E-01
 1.13221415E-01
 1.12010782E-01
 1.10835883E-01
 1.09661285E-01
 1.08487537E-01
 1.07314738E-01
 1.06144107E-01
 1.04973854E-01
 1.03804313E-01
 1.02638896E-01
 1.01479913E-01
 1.00321378E-01
 9.91634278E-02
 9.80068148E-02
 9.68516699E-02
 9.56970344E-02
 9.45428698E-02
 9.34724174E-02
 9.24670745E-02
 9.14622953E-02
 9.04578833E-02
 8.94551140E-02
 8.84532354E-02
 8.74519686E-02
 8.64509748E-02
 8.54563123E-02
 8.44639399E-02
 8.34722218E-02
 8.24806910E-02
 8.14910436E-02
 8.05018086E-02
 7.95132655E-02
 7.85248318E-02
 7.75640106E-02
 7.66060458E-02
 7.56488057E-02
 7.46916044E-02
 7.37367120E-02
 7.27818464E-02
 7.18272202E-02
 7.08731877E-02
 6.99261604E-02
 6.89791617E-02
 6.80323705E-02
 6.70859656E-02
 6.61415295E-02
 6.51971399E-02
 6.42529285E-02
 6.33584482E-02
 6.26131616E-02
 6.18679376E-02
 6.11228650E-02
 6.03785149E-02
 5.96355930E-02
 5.88927484E-02
 5.81500306E-02
 5.74099946E-02
 5.66736338E-02
 5.59373636E-02
 5.52011975E-02
 5.44660331E-02
 5.37318394E-02
 5.29977478E-02
 5.22637394E-02
 5.15426000E-02
 5.08302657E-02
 5.01180445E-02
 4.94058880E-02
 4.86949634E-02
 4.79846194E-02
 4.72743982E-02
 4.65642242E-02
 4.58581639E-02
 4.51533628E-02
 4.44486933E-02
 4.37440549E-02
 4.30408385E-02
 4.23378699E-02
 4.16350407E-02
 4.09322279E-02
 4.02975053E-02
 3.96673220E-02
 3.90372850E-02
 3.84072870E-02
 3.77787947E-02
 3.71503118E-02
 3.65219625E-02
 3.58941143E-02
 3.52703462E-02
 3.46465990E-02
 3.40229680E-02
 3.33996157E-02
 3.27774112E-02
 3.21552381E-02
 3.15331653E-02
 3.09155222E-02
 3.03091995E-02
 2.97029177E-02
 2.90967214E-02
 2.84910330E-02
 2.78862197E-02
 2.72814065E-02
 2.66765933E-02
 2.60736182E-02
 2.54728618E-02
 2.48721053E-02
 2.42713489E-02
 2.36713162E-02
 2.30719024E-02
 2.24724885E-02
 2.18730747E-02
 2.13542298E-02
 2.08837261E-02
 2.04132224E-02
 1.99427188E-02
 1.94731029E-02
 1.90038479E-02
 1.85345929E-02
 1.80653379E-02
 1.75988810E-02
 1.71331374E-02
 1.66673937E-02
 1.62016501E-02
 1.57369334E-02
 1.52723530E-02
 1.48077727E-02
 1.43431923E-02
 1.38901377E-02
 1.34374549E-02
 1.29847721E-02
 1.25321487E-02
 1.20805514E-02
 1.16289541E-02
 1.11773568E-02
 1.07262238E-02
 1.02779285E-02
 9.82963324E-03
 9.38133794E-03
 8.93316255E-03
 8.48539650E-03
 8.03763044E-03
 7.58986439E-03
 7.18279766E-03
 6.86526944E-03
 6.54774123E-03
 6.23021301E-03
 5.91288206E-03
 5.59584896E-03
 5.27881585E-03
 4.96178274E-03
 4.64939135E-03
 4.34194112E-03
 4.03449090E-03
 3.72704068E-03
 3.42383505E-03
 3.12382741E-03
 2.82800946E-03
 2.53988227E-03
 2.34107519E-03
 2.18500351E-03
 2.02893183E-03
 1.87286015E-03
 1.71678847E-03
 1.56071679E-03
 1.40464511E-03
 1.24857343E-03
 1.09250175E-03
 9.36430076E-04
 7.80358396E-04
 6.24286717E-04
 4.68215038E-04
 3.12143359E-04
 1.56071679E-04
 1.12828236E-01
 1.93019151E-01
 2.57592599E-01
 3.20763662E-01
 3.69018450E-01
 4.17273238E-01
 4.65528026E-01
 5.10978044E-01
 5.42914172E-01
 5.74850299E-01
 6.06786427E-01
 6.38722555E-01
 6.70658683E-01
 7.02594810E-01
 7.34530938E-01
 7.60857526E-01
 7.76474994E-01
 7.92092462E-01
 8.07709929E-01
 8.23327397E-01
 8.38944865E-01
 8.54562332E-01
 8.70179800E-01
 8.85797268E-01
 9.01414735E-01
 9.17032203E-01
 9.32649671E-01
 9.48267138E-01
 9.63884606E-01
 9.79502074E-01
 9.95119541E-01
 1.00000000E+00
 1.00000000E+00
 1.00000000E+00
 1.00000000E+00
 1.00000000E+00
 1.00000000E+00
 1.00000000E+00
 1.00000000E+00
 1.00000000E+00
 1.00000000E+00
 1.00000000E+00
 1.00000000E+00
 1.00000000E+00
 1.00000000E+00
 1.00000000E+00
 1.00000000E+00
 1.00000000E+00
 1.00000000E+00
 1.00000000E+00
 1.00000000E+00
 1.00000000E+00
 1.00000000E+00
 1.00000000E+00
 1.00000000E+00
 1.00000000E+00
 1.00000000E+00
 1.00000000E+00
 1.00000000E+00
 1.00000000E+00
 1.00000000E+00
 1.00000000E+00
 1.00000000E+00
 1.00000000E+00
 1.00000000E+00
 1.00000000E+00
 1.00000000E+00
 1.00000000E+00
 1.00000000E+00
 1.00000000E+00
 1.00000000E+00
 1.00000000E+00
 1.00000000E+00
 1.00000000E+00
 1.00000000E+00
 1.00000000E+00
 1.00000000E+00
 1.00000000E+00
 1.00000000E+00
 1.00000000E+00
 1.00000000E+00
 1.00000000E+00
 1.00000000E+00
 1.00000000E+00
 1.00000000E+00
 1.00000000E+00
 1.00000000E+00
 1.00000000E+00
 1.00000000E+00
 1.00000000E+00
 1.00000000E+00
 1.00000000E+00
 1.00000000E+00
 1.00000000E+00
 1.00000000E+00
 1.00000000E+00
 1.00000000E+00
 1.00000000E+00
 1.00000000E+00
 1.00000000E+00
 1.00000000E+00
 1.00000000E+00
 1.00000000E+00
 1.00000000E+00
 1.00000000E+00
 1.00000000E+00
 1.00000000E+00
 1.00000000E+00
 1.00000000E+00
 1.00000000E+00
 1.00000000E+00
 1.00000000E+00
 1.00000000E+00
 1.00000000E+00
 1.00000000E+00
 1.00000000E+00
 1.00000000E+00
 1.00000000E+00
 1.00000000E+00
 1.00000000E+00
 1.00000000E+00
 1.00000000E+00
 1.00000000E+00
 1.00000000E+00
 1.00000000E+00
 1.00000000E+00
 1.00000000E+00
 1.00000000E+00
 1.00000000E+00
 1.00000000E+00
 1.00000000E+00
 1.00000000E+00
 1.00000000E+00
 1.00000000E+00
 1.00000000E+00
 1.00000000E+00
 1.00000000E+00
 1.00000000E+00
 1.00000000E+00
 1.00000000E+00
 1.00000000E+00
 1.00000000E+00
 1.00000000E+00
 1.00000000E+00
 1.00000000E+00
 1.00000000E+00
 1.00000000E+00
 1.00000000E+00
 1.00000000E+00
 1.00000000E+00
 1.00000000E+00
 1.00000000E+00
 1.00000000E+00
 1.00000000E+00
 1.00000000E+00
 1.00000000E+00
 9.95557399E-01
 9.85402884E-01
 9.75248368E-01
 9.65093852E-01
 9.54939337E-01
 9.44784821E-01
 9.34630305E-01
 9.24475790E-01
 9.11793751E-01
 8.97491505E-01
 8.83189259E-01
 8.68887013E-01
 8.54469225E-01
 8.40000806E-01
 8.25442749E-01
 8.10852916E-01
 7.97222552E-01
 7.83860840E-01
 7.70770323E-01
 7.57317958E-01
 7.44149438E-01
 7.31057017E-01
 7.18007130E-01
 7.04981041E-01
 6.92430521E-01
 6.79922081E-01
 6.67451068E-01
 6.55001490E-01
 6.42657825E-01
 6.30331599E-01
 6.18035266E-01
 6.06278326E-01
 5.98222083E-01
 5.90153590E-01
 5.82123483E-01
 5.74120108E-01
 5.66182516E-01
 5.58259194E-01
 5.50355612E-01
 5.42538573E-01
 5.34911913E-01
 5.27298367E-01
 5.19700924E-01
 5.12132202E-01
 5.04604047E-01
 4.97087996E-01
 4.89585095E-01
 4.82471374E-01
 4.75797398E-01
 4.69134719E-01
 4.62482808E-01
 4.55859850E-01
 4.49261202E-01
 4.42672984E-01
 4.36093578E-01
 4.29618179E-01
 4.23203441E-01
 4.16798479E-01
 4.10400733E-01
 4.04031236E-01
 3.97675326E-01
 3.91328586E-01
 3.84987729E-01
 3.80330671E-01
 3.76065432E-01
 3.71808818E-01
 3.67556976E-01
 3.63332157E-01
 3.59113735E-01
 3.54903443E-01
 3.50696996E-01
 3.46591445E-01
 3.42490958E-01
 3.38397915E-01
 3.34309531E-01
 3.30243792E-01
 3.26181506E-01
 3.22125605E-01
 3.18124631E-01
 3.14407632E-01
 3.10694046E-01
 3.06985937E-01
 3.03284608E-01
 2.99598962E-01
 2.95916679E-01
 2.92239091E-01
 2.88586071E-01
 2.84980647E-01
 2.81378348E-01
 2.77780222E-01
 2.74190098E-01
 2.70610646E-01
 2.67034373E-01
 2.63461735E-01
 2.60355803E-01
 2.57716696E-01
 2.55080805E-01
 2.52447789E-01
 2.49823790E-01
 2.47206489E-01
 2.44592422E-01
 2.41980706E-01
 2.39403026E-01
 2.36842500E-01
 2.34285216E-01
 2.31729825E-01
 2.29184057E-01
 2.26642017E-01
 2.24103213E-01
 2.21565906E-01
 2.19171821E-01
 2.16804977E-01
 2.14441356E-01
 2.12078883E-01
 2.09726347E-01
 2.07375311E-01
 2.05027475E-01
 2.02681061E-01
 2.00371015E-01
 1.98061848E-01
 1.95755582E-01
 1.93450892E-01
 1.91154527E-01
 1.88859159E-01
 1.86566304E-01
 1.84367461E-01
 1.82573790E-01
 1.80781216E-01
 1.78990812E-01
 1.77203040E-01
 1.75421241E-01
 1.73640623E-01
 1.71861868E-01
 1.70093536E-01
 1.68343334E-01
 1.66594381E-01
 1.64847014E-01
 1.63103060E-01
 1.61363221E-01
 1.59624696E-01
 1.57887514E-01
 1.56202148E-01
 1.54562548E-01
 1.52924311E-01
 1.51287200E-01
 1.49654074E-01
 1.48023582E-01
 1.46394496E-01
 1.44766337E-01
 1.43153577E-01
 1.41547553E-01
 1.39942970E-01
 1.38339137E-01
 1.36739698E-01
 1.35141713E-01
 1.33545196E-01
 1.31949271E-01
 1.30613784E-01
 1.29315811E-01
 1.28019326E-01
 1.26723291E-01
 1.25431944E-01
 1.24141116E-01
 1.22851942E-01
 1.21563587E-01
 1.20291906E-01
 1.19020378E-01
 1.17750413E-01
 1.16481064E-01
 1.15215734E-01
 1.13950690E-01
 1.12686982E-01
 1.11436615E-01
 1.10233894E-01
 1.09031573E-01
 1.07830386E-01
 1.06630465E-01
 1.05433433E-01
 1.04236907E-01
 1.03041328E-01
 1.01851249E-01
 1.00669749E-01
 9.94888460E-02
 9.83087233E-02
 9.71303830E-02
 9.59540002E-02
 9.47782965E-02
 9.36032207E-02
 9.25361600E-02
 9.15531111E-02
 9.05708136E-02
 8.95890058E-02
 8.86093884E-02
 8.76309585E-02
 8.66533442E-02
 8.56760940E-02
 8.47072856E-02
 8.37415306E-02
 8.27766479E-02
 8.18120151E-02
 8.08498934E-02
 7.98883217E-02
 7.89276724E-02
 7.79671691E-02
 7.70434823E-02
 7.61236042E-02
 7.52046923E-02
 7.42858321E-02
 7.33700503E-02
 7.24543045E-02
 7.15388777E-02
 7.06242425E-02
 6.97189477E-02
 6.88136911E-02
 6.79087109E-02
 6.70042459E-02
 6.61024060E-02
 6.52006281E-02
 6.42990877E-02
 6.34304365E-02
 6.26604527E-02
 6.18905525E-02
 6.11208541E-02
 6.03521190E-02
 5.95852882E-02
 5.88185605E-02
 5.80520018E-02
 5.72890189E-02
 5.65309362E-02
 5.57729743E-02
 5.50151513E-02
 5.42586638E-02
 5.35034706E-02
 5.27484135E-02
 5.19934674E-02
 5.12556800E-02
 5.05296326E-02
 4.98037362E-02
 4.90779258E-02
 4.83537581E-02
 4.76303645E-02
 4.69071347E-02
 4.61839677E-02
 4.54662857E-02
 4.47502827E-02
 4.40344550E-02
 4.33186689E-02
 4.26047788E-02
 4.18912191E-02
 4.11778452E-02
 4.04644932E-02
 3.98390153E-02
 3.92193956E-02
 3.85999709E-02
 3.79805984E-02
 3.73632333E-02
 3.67458809E-02
 3.61287065E-02
 3.55122003E-02
 3.49011342E-02
 3.42900959E-02
 3.36792128E-02
 3.30687011E-02
 3.24597198E-02
 3.18507803E-02
 3.12419746E-02
 3.06390752E-02
 3.00512696E-02
 2.94635187E-02
 2.88758816E-02
 2.82889218E-02
 2.77031288E-02
 2.71173359E-02
 2.65315429E-02
 2.59482010E-02
 2.53678171E-02
 2.47874332E-02
 2.42070493E-02
 2.36276304E-02
 2.30490367E-02
 2.24704430E-02
 2.18918493E-02
 2.13565595E-02
 2.08472521E-02
 2.03379447E-02
 1.98286373E-02
 1.93205136E-02
 1.88128711E-02
 1.83052286E-02
 1.77975861E-02
 1.72936744E-02
 1.67907137E-02
 1.62877530E-02
 1.57847923E-02
 1.52832009E-02
 1.47817912E-02
 1.42803815E-02
 1.37789719E-02
 1.32929299E-02
 1.28073837E-02
 1.23218374E-02
 1.18363703E-02
 1.13522714E-02
 1.08681725E-02
 1.03840736E-02
 9.90059380E-03
 9.42089755E-03
 8.94120130E-03
 8.46150505E-03
 7.98196868E-03
 7.50297810E-03
 7.02398751E-03
 6.54499692E-03
 6.11825450E-03
 5.80645803E-03
 5.49466156E-03
 5.18286509E-03
 4.87133165E-03
 4.56019532E-03
 4.24905900E-03
 3.93792268E-03
 3.63297530E-03
 3.33461616E-03
 3.03625701E-03
 2.73789787E-03
 2.44519818E-03
 2.15676248E-03
 1.87391303E-03
 1.60131793E-03
 1.44781631E-03
 1.35129522E-03
 1.25477413E-03
 1.15825304E-03
 1.06173196E-03
 9.65210871E-04
 8.68689784E-04
 7.72168696E-04
 6.75647609E-04
 5.79126522E-04
 4.82605435E-04
 3.86084348E-04
 2.89563261E-04
 1.93042174E-04
 9.65210871E-05
 1.33051263E-01
 2.25305875E-01
 2.98038653E-01
 3.69018450E-01
 4.21352903E-01
 4.73687356E-01
 5.26021809E-01
 5.74850299E-01
 6.06786427E-01
 6.38722555E-01
 6.70658683E-01
 7.02594810E-01
 7.34530938E-01
 7.66467066E-01
 7.98403194E-01
 8.23327397E-01
 8.34865200E-01
 8.46403002E-01
 8.57940805E-01
 8.69478608E-01
 8.81016410E-01
 8.92554213E-01
 9.04092016E-01
 9.15629818E-01
 9.27167621E-01
 9.38705423E-01
 9.50243226E-01
 9.61781029E-01
 9.73318831E-01
 9.84856634E-01
 9.96394437E-01
 1.00000000E+00
 1.00000000E+00
 1.00000000E+00
 1.00000000E+00
 1.00000000E+00
 1.00000000E+00
 1.00000000E+00
 1.00000000E+00
 1.00000000E+00
 1.00000000E+00
 1.00000000E+00
 1.00000000E+00
 1.00000000E+00
 1.00000000E+00
 1.00000000E+00
 1.00000000E+00
 1.00000000E+00
 1.00000000E+00
 1.00000000E+00
 1.00000000E+00
 1.00000000E+00
 1.00000000E+00
 1.00000000E+00
 1.00000000E+00
 1.00000000E+00
 1.00000000E+00
 1.00000000E+00
 1.00000000E+00
 1.00000000E+00
 1.00000000E+00
 1.00000000E+00
 1.00000000E+00
 1.00000000E+00
 1.00000000E+00
 1.00000000E+00
 1.00000000E+00
 1.00000000E+00
 1.00000000E+00
 1.00000000E+00
 1.00000000E+00
 1.00000000E+00
 1.00000000E+00
 1.00000000E+00
 1.00000000E+00
 1.00000000E+00
 1.00000000E+00
 1.00000000E+00
 1.00000000E+00
 1.00000000E+00
 1.00000000E+00
 1.00000000E+00
 1.00000000E+00
 1.00000000E+00
 1.00000000E+00
 1.00000000E+00
 1.00000000E+00
 1.00000000E+00
 1.00000000E+00
 1.00000000E+00
 1.00000000E+00
 1.00000000E+00
 1.00000000E+00
 1.00000000E+00
 1.00000000E+00
 1.00000000E+00
 1.00000000E+00
 1.00000000E+00
 1.00000000E+00
 1.00000000E+00
 1.00000000E+00
 1.00000000E+00
 1.00000000E+00
 1.00000000E+00
 1.00000000E+00
 1.00000000E+00
 1.00000000E+00
 1.00000000E+00
 1.00000000E+00
 1.00000000E+00
 1.00000000E+00
 1.00000000E+00
 1.00000000E+00
 1.00000000E+00
 1.00000000E+00
 1.00000000E+00
 1.00000000E+00
 1.00000000E+00
 1.00000000E+00
 1.00000000E+00
 1.00000000E+00
 1.00000000E+00
 1.00000000E+00
 1.00000000E+00
 1.00000000E+00
 1.00000000E+00
 1.00000000E+00
 1.00000000E+00
 1.00000000E+00
 1.00000000E+00
 1.00000000E+00
 1.00000000E+00
 1.00000000E+00
 1.00000000E+00
 1.00000000E+00
 1.00000000E+00
 1.00000000E+00
 1.00000000E+00
 1.00000000E+00
 1.00000000E+00
 1.00000000E+00
 1.00000000E+00
 1.00000000E+00
 1.00000000E+00
 1.00000000E+00
 1.00000000E+00
 1.00000000E+00
 1.00000000E+00
 1.00000000E+00
 1.00000000E+00
 1.00000000E+00
 1.00000000E+00
 1.00000000E+00
 1.00000000E+00
 1.00000000E+00
 1.00000000E+00
 9.95835308E-01
 9.86316011E-01
 9.76796715E-01
 9.67277418E-01
 9.57758122E-01
 9.48238825E-01
 9.38719529E-01
 9.29200232E-01
 9.16521532E-01
 9.01817572E-01
 8.87113613E-01
 8.72409654E-01
 8.57561267E-01
 8.42649591E-01
 8.27625868E-01
 8.12562425E-01
 7.98698318E-01
 7.85170026E-01
 7.71980727E-01
 7.58339120E-01
 7.45052318E-01
 7.31860639E-01
 7.18722129E-01
 7.05613366E-01
 6.93099064E-01
 6.80637363E-01
 6.68222444E-01
 6.55834320E-01
 6.43578586E-01
 6.31344651E-01
 6.19148083E-01
 6.07449814E-01
 5.99145818E-01
 5.90826508E-01
 5.82555182E-01
 5.74317270E-01
 5.66161588E-01
 5.58023742E-01
 5.49910572E-01
 5.41905581E-01
 5.34138562E-01
 5.26387938E-01
 5.18657441E-01
 5.10962846E-01
 5.03318959E-01
 4.95690203E-01
 4.88077884E-01
 4.80952039E-01
 4.74375877E-01
 4.67813836E-01
 4.61265254E-01
 4.54752864E-01
 4.48270861E-01
 4.41801896E-01
 4.35343945E-01
 4.29016004E-01
 4.22763888E-01
 4.16523993E-01
 4.10293119E-01
 4.04097554E-01
 3.97918974E-01
 3.91751856E-01
 3.85592092E-01
 3.80887732E-01
 3.76523297E-01
 3.72169643E-01
 3.67821955E-01
 3.63508045E-01
 3.59202131E-01
 3.54906380E-01
 3.50615435E-01
 3.46450610E-01
 3.42292114E-01
 3.38142925E-01
 3.33999559E-01
 3.29884499E-01
 3.25773755E-01
 3.21670992E-01
 3.17636888E-01
 3.13957754E-01
 3.10282885E-01
 3.06614863E-01
 3.02955315E-01
 2.99315371E-01
 2.95679631E-01
 2.92049760E-01
 2.88450599E-01
 2.84910932E-01
 2.81375172E-01
 2.77844629E-01
 2.74324088E-01
 2.70816886E-01
 2.67313659E-01
 2.63814975E-01
 2.60721242E-01
 2.58032609E-01
 2.55347996E-01
 2.52666976E-01
 2.49997228E-01
 2.47335852E-01
 2.44678519E-01
 2.42024124E-01
 2.39412274E-01
 2.36821868E-01
 2.34235513E-01
 2.31651525E-01
 2.29079566E-01
 2.26512266E-01
 2.23949012E-01
 2.21387628E-01
 2.19005272E-01
 2.16656968E-01
 2.14312692E-01
 2.11969851E-01
 2.09639431E-01
 2.07310887E-01
 2.04986343E-01
 2.02663575E-01
 2.00386268E-01
 1.98110061E-01
 1.95837478E-01
 1.93566866E-01
 1.91306661E-01
 1.89047700E-01
 1.86791883E-01
 1.84617934E-01
 1.82795991E-01
 1.80975418E-01
 1.79157557E-01
 1.77342986E-01
 1.75535882E-01
 1.73730254E-01
 1.71926955E-01
 1.70136685E-01
 1.68369077E-01
 1.66603031E-01
 1.64838965E-01
 1.63079168E-01
 1.61324514E-01
 1.59571502E-01
 1.57820170E-01
 1.56133606E-01
 1.54504251E-01
 1.52876600E-01
 1.51250355E-01
 1.49629093E-01
 1.48011122E-01
 1.46394909E-01
 1.44779855E-01
 1.43184049E-01
 1.41596664E-01
 1.40011080E-01
 1.38426433E-01
 1.36847279E-01
 1.35269942E-01
 1.33694441E-01
 1.32119679E-01
 1.30771376E-01
 1.29455809E-01
 1.28142104E-01
 1.26828960E-01
 1.25521676E-01
 1.24215042E-01
 1.22910474E-01
 1.21606931E-01
 1.20324230E-01
 1.19041721E-01
 1.17761165E-01
 1.16481378E-01
 1.15206616E-01
 1.13932211E-01
 1.12659477E-01
 1.11403418E-01
 1.10206916E-01
 1.09010916E-01
 1.07816332E-01
 1.06623331E-01
 1.05433941E-01
 1.04245184E-01
 1.03057611E-01
 1.01876912E-01
 1.00706937E-01
 9.95377085E-02
 9.83694554E-02
 9.72034302E-02
 9.60398519E-02
 9.48771224E-02
 9.37151779E-02
 9.26472476E-02
 9.16524393E-02
 9.06585705E-02
 8.96653137E-02
 8.86747948E-02
 8.76857604E-02
 8.66977455E-02
 8.57101856E-02
 8.47331781E-02
 8.37599873E-02
 8.27878869E-02
 8.18160989E-02
 8.08474497E-02
 7.98794880E-02
 7.89126792E-02
 7.79460530E-02
 7.70254475E-02
 7.61096028E-02
 7.51949659E-02
 7.42803936E-02
 7.33696693E-02
 7.24589899E-02
 7.15487094E-02
 7.06394184E-02
 6.97418029E-02
 6.88442350E-02
 6.79470127E-02
 6.70504344E-02
 6.61571375E-02
 6.52639181E-02
 6.43709955E-02
 6.35067637E-02
 6.27286041E-02
 6.19505490E-02
 6.11727461E-02
 6.03961474E-02
 5.96219290E-02
 5.88478395E-02
 5.80739613E-02
 5.73045528E-02
 5.65412696E-02
 5.57781374E-02
 5.50151788E-02
 5.42538895E-02
 5.34942182E-02
 5.27347170E-02
 5.19753545E-02
 5.12374403E-02
 5.05142012E-02
 4.97911508E-02
 4.90682080E-02
 4.83473185E-02
 4.76273967E-02
 4.69076795E-02
 4.61880409E-02
 4.54752585E-02
 4.47645749E-02
 4.40541105E-02
 4.33436980E-02
 4.26356555E-02
 4.19280260E-02
 4.12206288E-02
 4.05132590E-02
 3.98825651E-02
 3.92569829E-02
 3.86316446E-02
 3.80063713E-02
 3.73836075E-02
 3.67608594E-02
 3.61383339E-02
 3.55166435E-02
 3.49017534E-02
 3.42868980E-02
 3.36722366E-02
 3.30580394E-02
 3.24457552E-02
 3.18335234E-02
 3.12214588E-02
 3.06167769E-02
 3.00309624E-02
 2.94452161E-02
 2.88596123E-02
 2.82748550E-02
 2.76915562E-02
 2.71082575E-02
 2.65249588E-02
 2.59447238E-02
 2.53681864E-02
 2.47916490E-02
 2.42151116E-02
 2.36397804E-02
 2.30654808E-02
 2.24911811E-02
 2.19168814E-02
 2.13804090E-02
 2.08666328E-02
 2.03528567E-02
 1.98390806E-02
 1.93267840E-02
 1.88150890E-02
 1.83033940E-02
 1.77916990E-02
 1.72846674E-02
 1.67788247E-02
 1.62729819E-02
 1.57671391E-02
 1.52630079E-02
 1.47591040E-02
 1.42552000E-02
 1.37512960E-02
 1.32666017E-02
 1.27825270E-02
 1.22984523E-02
 1.18144765E-02
 1.13322110E-02
 1.08499455E-02
 1.03676799E-02
 9.88618831E-03
 9.40942611E-03
 8.93266391E-03
 8.45590170E-03
 7.97933935E-03
 7.50345922E-03
 7.02757910E-03
 6.55169898E-03
 6.11815588E-03
 5.77775423E-03
 5.43735259E-03
 5.09695095E-03
 4.75687809E-03
 4.41730162E-03
 4.07772516E-03
 3.73814870E-03
 3.40630842E-03
 3.08270344E-03
 2.75909845E-03
 2.43549346E-03
 2.11896280E-03
 1.80776211E-03
 1.50354424E-03
 1.21214432E-03
 1.06961123E-03
 9.98303815E-04
 9.26996399E-04
 8.55688984E-04
 7.84381569E-04
 7.13074153E-04
 6.41766738E-04
 5.70459323E-04
 4.99151907E-04
 4.27844492E-04
 3.56537077E-04
 2.85229661E-04
 2.13922246E-04
 1.42614831E-04
 7.13074153E-05
 1.53274290E-01
 2.57592599E-01
 3.38484707E-01
 4.17273238E-01
 4.73687356E-01
 5.30101474E-01
 5.86515592E-01
 6.38722555E-01
 6.70658683E-01
 7.02594810E-01
 7.34530938E-01
 7.66467066E-01
 7.98403194E-01
 8.30339321E-01
 8.62275449E-01
 8.85797268E-01
 8.93255405E-01
 9.00713543E-01
 9.08171681E-01
 9.15629818E-01
 9.23087956E-01
 9.30546093E-01
 9.38004231E-01
 9.45462369E-01
 9.52920506E-01
 9.60378644E-01
 9.67836782E-01
 9.75294919E-01
 9.82753057E-01
 9.90211194E-01
 9.97669332E-01
 1.00000000E+00
 1.00000000E+00
 1.00000000E+00
 1.00000000E+00
 1.00000000E+00
 1.00000000E+00
 1.00000000E+00
 1.00000000E+00
 1.00000000E+00
 1.00000000E+00
 1.00000000E+00
 1.00000000E+00
 1.00000000E+00
 1.00000000E+00
 1.00000000E+00
 1.00000000E+00
 1.00000000E+00
 1.00000000E+00
 1.00000000E+00
 1.00000000E+00
 1.00000000E+00
 1.00000000E+00
 1.00000000E+00
 1.00000000E+00
 1.00000000E+00
 1.00000000E+00
 1.00000000E+00
 1.00000000E+00
 1.00000000E+00
 1.00000000E+00
 1.00000000E+00
 1.00000000E+00
 1.00000000E+00
 1.00000000E+00
 1.00000000E+00
 1.00000000E+00
 1.00000000E+00
 1.00000000E+00
 1.00000000E+00
 1.00000000E+00
 1.00000000E+00
 1.00000000E+00
 1.00000000E+00
 1.00000000E+00
 1.00000000E+00
 1.00000000E+00
 1.00000000E+00
 1.00000000E+00
 1.00000000E+00
 1.00000000E+00
 1.00000000E+00
 1.00000000E+00
 1.00000000E+00
 1.00000000E+00
 1.00000000E+00
 1.00000000E+00
 1.00000000E+00
 1.00000000E+00
 1.00000000E+00
 1.00000000E+00
 1.00000000E+00
 1.00000000E+00
 1.00000000E+00
 1.00000000E+00
 1.00000000E+00
 1.00000000E+00
 1.00000000E+00
 1.00000000E+00
 1.00000000E+00
 1.00000000E+00
 1.00000000E+00
 1.00000000E+00
 1.00000000E+00
 1.00000000E+00
 1.00000000E+00
 1.00000000E+00
 1.00000000E+00
 1.00000000E+00
 1.00000000E+00
 1.00000000E+00
 1.00000000E+00
 1.00000000E+00
 1.00000000E+00
 1.00000000E+00
 1.00000000E+00
 1.00000000E+00
 1.00000000E+00
 1.00000000E+00
 1.00000000E+00
 1.00000000E+00
 1.00000000E+00
 1.00000000E+00
 1.00000000E+00
 1.00000000E+00
 1.00000000E+00
 1.00000000E+00
 1.00000000E+00
 1.00000000E+00
 1.00000000E+00
 1.00000000E+00
 1.00000000E+00
 1.00000000E+00
 1.00000000E+00
 1.00000000E+00
 1.00000000E+00
 1.00000000E+00
 1.00000000E+00
 1.00000000E+00
 1.00000000E+00
 1.00000000E+00
 1.00000000E+00
 1.00000000E+00
 1.00000000E+00
 1.00000000E+00
 1.00000000E+00
 1.00000000E+00
 1.00000000E+00
 1.00000000E+00
 1.00000000E+00
 1.00000000E+00
 1.00000000E+00
 1.00000000E+00
 1.00000000E+00
 1.00000000E+00
 1.00000000E+00
 9.96113216E-01
 9.87229139E-01
 9.78345061E-01
 9.69460984E-01
 9.60576907E-01
 9.51692829E-01
 9.42808752E-01
 9.33924675E-01
 9.21249313E-01
 9.06143640E-01
 8.91037967E-01
 8.75932295E-01
 8.60653309E-01
 8.45298376E-01
 8.29808987E-01
 8.14271933E-01
 8.00174084E-01
 7.86479212E-01
 7.73191132E-01
 7.59360281E-01
 7.45955197E-01
 7.32664262E-01
 7.19437127E-01
 7.06245690E-01
 6.93767607E-01
 6.81352644E-01
 6.68993819E-01
 6.56667149E-01
 6.44499348E-01
 6.32357704E-01
 6.20260901E-01
 6.08621302E-01
 6.00069552E-01
 5.91499427E-01
 5.82986881E-01
 5.74514433E-01
 5.66140660E-01
 5.57788291E-01
 5.49465532E-01
 5.41272589E-01
 5.33365212E-01
 5.25477509E-01
 5.17613958E-01
 5.09793490E-01
 5.02033872E-01
 4.94292409E-01
 4.86570673E-01
 4.79432705E-01
 4.72954356E-01
 4.66492953E-01
 4.60047700E-01
 4.53645878E-01
 4.47280520E-01
 4.40930808E-01
 4.34594313E-01
 4.28413829E-01
 4.22324336E-01
 4.16249507E-01
 4.10185504E-01
 4.04163873E-01
 3.98162622E-01
 3.92175127E-01
 3.86196455E-01
 3.81444793E-01
 3.76981163E-01
 3.72530469E-01
 3.68086934E-01
 3.63683933E-01
 3.59290527E-01
 3.54909317E-01
 3.50533874E-01
 3.46309775E-01
 3.42093271E-01
 3.37887935E-01
 3.33689587E-01
 3.29525205E-01
 3.25366003E-01
 3.21216380E-01
 3.17149146E-01
 3.13507876E-01
 3.09871724E-01
 3.06243789E-01
 3.02626022E-01
 2.99031780E-01
 2.95442583E-01
 2.91860429E-01
 2.88315127E-01
 2.84841218E-01
 2.81371997E-01
 2.77909036E-01
 2.74458077E-01
 2.71023126E-01
 2.67592945E-01
 2.64168215E-01
 2.61086682E-01
 2.58348523E-01
 2.55615186E-01
 2.52886163E-01
 2.50170667E-01
 2.47465215E-01
 2.44764616E-01
 2.42067542E-01
 2.39421523E-01
 2.36801235E-01
 2.34185810E-01
 2.31573226E-01
 2.28975074E-01
 2.26382515E-01
 2.23794810E-01
 2.21209350E-01
 2.18838724E-01
 2.16508959E-01
 2.14184028E-01
 2.11860819E-01
 2.09552516E-01
 2.07246463E-01
 2.04945210E-01
 2.02646090E-01
 2.00401522E-01
 1.98158273E-01
 1.95919375E-01
 1.93682840E-01
 1.91458794E-01
 1.89236242E-01
 1.87017462E-01
 1.84868407E-01
 1.83018191E-01
 1.81169619E-01
 1.79324302E-01
 1.77482932E-01
 1.75650523E-01
 1.73819885E-01
 1.71992042E-01
 1.70179834E-01
 1.68394819E-01
 1.66611680E-01
 1.64830917E-01
 1.63055276E-01
 1.61285807E-01
 1.59518309E-01
 1.57752825E-01
 1.56065064E-01
 1.54445954E-01
 1.52828888E-01
 1.51213510E-01
 1.49604111E-01
 1.47998662E-01
 1.46395322E-01
 1.44793372E-01
 1.43214521E-01
 1.41645775E-01
 1.40079189E-01
 1.38513729E-01
 1.36954859E-01
 1.35398171E-01
 1.33843685E-01
 1.32290087E-01
 1.30928968E-01
 1.29595808E-01
 1.28264881E-01
 1.26934630E-01
 1.25611409E-01
 1.24288968E-01
 1.22969007E-01
 1.21650275E-01
 1.20356553E-01
 1.19063063E-01
 1.17771916E-01
 1.16481692E-01
 1.15197498E-01
 1.13913732E-01
 1.12631971E-01
 1.11370221E-01
 1.10179939E-01
 1.08990258E-01
 1.07802278E-01
 1.06616197E-01
 1.05434450E-01
 1.04253460E-01
 1.03073893E-01
 1.01902575E-01
 1.00744125E-01
 9.95865710E-02
 9.84301875E-02
 9.72764773E-02
 9.61257036E-02
 9.49759484E-02
 9.38271352E-02
 9.27583351E-02
 9.17517676E-02
 9.07463273E-02
 8.97416215E-02
 8.87402013E-02
 8.77405623E-02
 8.67421468E-02
 8.57442773E-02
 8.47590706E-02
 8.37784440E-02
 8.27991259E-02
 8.18201826E-02
 8.08450059E-02
 7.98706542E-02
 7.88976861E-02
 7.79249370E-02
 7.70074128E-02
 7.60956014E-02
 7.51852395E-02
 7.42749551E-02
 7.33692883E-02
 7.24636754E-02
 7.15585412E-02
 7.06545943E-02
 6.97646580E-02
 6.88747788E-02
 6.79853145E-02
 6.70966230E-02
 6.62118690E-02
 6.53272080E-02
 6.44429033E-02
 6.35830909E-02
 6.27967555E-02
 6.20105455E-02
 6.12246382E-02
 6.04401758E-02
 5.96585698E-02
 5.88771185E-02
 5.80959208E-02
 5.73200868E-02
 5.65516030E-02
 5.57833004E-02
 5.50152063E-02
 5.42491152E-02
 5.34849657E-02
 5.27210204E-02
 5.19572415E-02
 5.12192006E-02
 5.04987698E-02
 4.97785655E-02
 4.90584902E-02
 4.83408789E-02
 4.76244288E-02
 4.69082243E-02
 4.61921142E-02
 4.54842314E-02
 4.47788672E-02
 4.40737660E-02
 4.33687271E-02
 4.26665322E-02
 4.19648330E-02
 4.12634124E-02
 4.05620247E-02
 3.99261149E-02
 3.92945703E-02
 3.86633182E-02
 3.80321443E-02
 3.74039816E-02
 3.67758379E-02
 3.61479613E-02
 3.55210868E-02
 3.49023726E-02
 3.42837002E-02
 3.36652603E-02
 3.30473777E-02
 3.24317907E-02
 3.18162665E-02
 3.12009429E-02
 3.05944786E-02
 3.00106551E-02
 2.94269136E-02
 2.88433431E-02
 2.82607881E-02
 2.76799837E-02
 2.70991792E-02
 2.65183747E-02
 2.59412467E-02
 2.53685557E-02
 2.47958648E-02
 2.42231739E-02
 2.36519305E-02
 2.30819248E-02
 2.25119192E-02
 2.19419136E-02
 2.14042584E-02
 2.08860135E-02
 2.03677687E-02
 1.98495238E-02
 1.93330544E-02
 1.88173068E-02
 1.83015593E-02
 1.77858118E-02
 1.72756605E-02
 1.67669356E-02
 1.62582108E-02
 1.57494860E-02
 1.52428150E-02
 1.47364168E-02
 1.42300185E-02
 1.37236202E-02
 1.32402734E-02
 1.27576703E-02
 1.22750672E-02
 1.17925827E-02
 1.13121506E-02
 1.08317184E-02
 1.03512863E-02
 9.87178282E-03
 9.39795466E-03
 8.92412651E-03
 8.45029835E-03
 7.97671001E-03
 7.50394035E-03
 7.03117069E-03
 6.55840103E-03
 6.11805725E-03
 5.74905044E-03
 5.38004362E-03
 5.01103680E-03
 4.64242452E-03
 4.27440793E-03
 3.90639133E-03
 3.53837473E-03
 3.17964155E-03
 2.83079072E-03
 2.48193989E-03
 2.13308906E-03
 1.79272742E-03
 1.45876175E-03
 1.13317546E-03
 8.22970707E-04
 6.91406154E-04
 6.45312411E-04
 5.99218667E-04
 5.53124923E-04
 5.07031180E-04
 4.60937436E-04
 4.14843693E-04
 3.68749949E-04
 3.22656205E-04
 2.76562462E-04
 2.30468718E-04
 1.84374974E-04
 1.38281231E-04
 9.21874872E-05
 4.60937436E-05
 1.73497317E-01
 2.89879323E-01
 3.78930761E-01
 4.65528026E-01
 5.26021809E-01
 5.86515592E-01
 6.47009374E-01
 7.02594810E-01
 7.34530938E-01
 7.66467066E-01
 7.98403194E-01
 8.30339321E-01
 8.62275449E-01
 8.94211577E-01
 9.26147705E-01
 9.48267138E-01
 9.51645611E-01
 9.55024084E-01
 9.58402556E-01
 9.61781029E-01
 9.65159501E-01
 9.68537974E-01
 9.71916447E-01
 9.75294919E-01
 9.78673392E-01
 9.82051864E-01
 9.85430337E-01
 9.88808810E-01
 9.92187282E-01
 9.95565755E-01
 9.98944227E-01
 1.00000000E+00
 1.00000000E+00
 1.00000000E+00
 1.00000000E+00
 1.00000000E+00
 1.00000000E+00
 1.00000000E+00
 1.00000000E+00
 1.00000000E+00
 1.00000000E+00
 1.00000000E+00
 1.00000000E+00
 1.00000000E+00
 1.00000000E+00
 1.00000000E+00
 1.00000000E+00
 1.00000000E+00
 1.00000000E+00
 1.00000000E+00
 1.00000000E+00
 1.00000000E+00
 1.00000000E+00
 1.00000000E+00
 1.00000000E+00
 1.00000000E+00
 1.00000000E+00
 1.00000000E+00
 1.00000000E+00
 1.00000000E+00
 1.00000000E+00
 1.00000000E+00
 1.00000000E+00
 1.00000000E+00
 1.00000000E+00
 1.00000000E+00
 1.00000000E+00
 1.00000000E+00
 1.00000000E+00
 1.00000000E+00
 1.00000000E+00
 1.00000000E+00
 1.00000000E+00
 1.00000000E+00
 1.00000000E+00
 1.00000000E+00
 1.00000000E+00
 1.00000000E+00
 1.00000000E+00
 1.00000000E+00
 1.00000000E+00
 1.00000000E+00
 1.00000000E+00
 1.00000000E+00
 1.00000000E+00
 1.00000000E+00
 1.00000000E+00
 1.00000000E+00
 1.00000000E+00
 1.00000000E+00
 1.00000000E+00
 1.00000000E+00
 1.00000000E+00
 1.00000000E+00
 1.00000000E+00
 1.00000000E+00
 1.00000000E+00
 1.00000000E+00
 1.00000000E+00
 1.00000000E+00
 1.00000000E+00
 1.00000000E+00
 1.00000000E+00
 1.00000000E+00
 1.00000000E+00
 1.00000000E+00
 1.00000000E+00
 1.00000000E+00
 1.00000000E+00
 1.00000000E+00
 1.00000000E+00
 1.00000000E+00
 1.00000000E+00
 1.00000000E+00
 1.00000000E+00
 1.00000000E+00
 1.00000000E+00
 1.00000000E+00
 1.00000000E+00
 1.00000000E+00
 1.00000000E+00
 1.00000000E+00
 1.00000000E+00
 1.00000000E+00
 1.00000000E+00
 1.00000000E+00
 1.00000000E+00
 1.00000000E+00
 1.00000000E+00
 1.00000000E+00
 1.00000000E+00
 1.00000000E+00
 1.00000000E+00
 1.00000000E+00
 1.00000000E+00
 1.00000000E+00
 1.00000000E+00
 1.00000000E+00
 1.00000000E+00
 1.00000000E+00
 1.00000000E+00
 1.00000000E+00
 1.00000000E+00
 1.00000000E+00
 1.00000000E+00
 1.00000000E+00
 1.00000000E+00
 1.00000000E+00
 1.00000000E+00
 1.00000000E+00
 1.00000000E+00
 1.00000000E+00
 1.00000000E+00
 1.00000000E+00
 1.00000000E+00
 1.00000000E+00
 9.96391125E-01
 9.88142266E-01
 9.79893408E-01
 9.71644550E-01
 9.63395692E-01
 9.55146834E-01
 9.46897975E-01
 9.38649117E-01
 9.25977094E-01
 9.10469707E-01
 8.94962321E-01
 8.79454935E-01
 8.63745350E-01
 8.47947162E-01
 8.31992106E-01
 8.15981442E-01
 8.01649850E-01
 7.87788398E-01
 7.74401537E-01
 7.60381443E-01
 7.46858077E-01
 7.33467884E-01
 7.20152126E-01
 7.06878015E-01
 6.94436150E-01
 6.82067925E-01
 6.69765195E-01
 6.57499978E-01
 6.45420109E-01
 6.33370757E-01
 6.21373718E-01
 6.09792790E-01
 6.00993287E-01
 5.92172345E-01
 5.83418580E-01
 5.74711595E-01
 5.66119732E-01
 5.57552839E-01
 5.49020493E-01
 5.40639597E-01
 5.32591862E-01
 5.24567079E-01
 5.16570476E-01
 5.08624134E-01
 5.00748784E-01
 4.92894616E-01
 4.85063462E-01
 4.77913371E-01
 4.71532835E-01
 4.65172069E-01
 4.58830146E-01
 4.52538892E-01
 4.46290179E-01
 4.40059720E-01
 4.33844681E-01
 4.27811654E-01
 4.21884783E-01
 4.15975022E-01
 4.10077890E-01
 4.04230191E-01
 3.98406270E-01
 3.92598397E-01
 3.86800819E-01
 3.82001854E-01
 3.77439028E-01
 3.72891294E-01
 3.68351913E-01
 3.63859821E-01
 3.59378924E-01
 3.54912254E-01
 3.50452313E-01
 3.46168940E-01
 3.41894428E-01
 3.37632945E-01
 3.33379615E-01
 3.29165912E-01
 3.24958252E-01
 3.20761767E-01
 3.16661404E-01
 3.13057998E-01
 3.09460563E-01
 3.05872714E-01
 3.02296730E-01
 2.98748189E-01
 2.95205535E-01
 2.91671098E-01
 2.88179655E-01
 2.84771504E-01
 2.81368821E-01
 2.77973443E-01
 2.74592067E-01
 2.71229367E-01
 2.67872231E-01
 2.64521455E-01
 2.61452121E-01
 2.58664436E-01
 2.55882377E-01
 2.53105350E-01
 2.50344105E-01
 2.47594578E-01
 2.44850712E-01
 2.42110961E-01
 2.39430772E-01
 2.36780603E-01
 2.34136107E-01
 2.31494926E-01
 2.28870583E-01
 2.26252764E-01
 2.23640609E-01
 2.21031072E-01
 2.18672175E-01
 2.16360950E-01
 2.14055363E-01
 2.11751787E-01
 2.09465600E-01
 2.07182039E-01
 2.04904078E-01
 2.02628604E-01
 2.00416775E-01
 1.98206485E-01
 1.96001271E-01
 1.93798814E-01
 1.91610928E-01
 1.89424784E-01
 1.87243041E-01
 1.85118881E-01
 1.83240391E-01
 1.81363821E-01
 1.79491047E-01
 1.77622879E-01
 1.75765164E-01
 1.73909517E-01
 1.72057130E-01
 1.70222982E-01
 1.68420562E-01
 1.66620329E-01
 1.64822869E-01
 1.63031384E-01
 1.61247100E-01
 1.59465115E-01
 1.57685481E-01
 1.55996523E-01
 1.54387657E-01
 1.52781176E-01
 1.51176666E-01
 1.49579129E-01
 1.47986202E-01
 1.46395735E-01
 1.44806890E-01
 1.43244993E-01
 1.41694886E-01
 1.40147299E-01
 1.38601025E-01
 1.37062440E-01
 1.35526401E-01
 1.33992929E-01
 1.32460494E-01
 1.31086560E-01
 1.29735806E-01
 1.28387659E-01
 1.27040299E-01
 1.25701141E-01
 1.24362894E-01
 1.23027539E-01
 1.21693619E-01
 1.20388877E-01
 1.19084405E-01
 1.17782667E-01
 1.16482006E-01
 1.15188380E-01
 1.13895253E-01
 1.12604465E-01
 1.11337024E-01
 1.10152961E-01
 1.08969601E-01
 1.07788224E-01
 1.06609063E-01
 1.05434958E-01
 1.04261737E-01
 1.03090176E-01
 1.01928238E-01
 1.00781313E-01
 9.96354336E-02
 9.84909195E-02
 9.73495245E-02
 9.62115553E-02
 9.50747744E-02
 9.39390924E-02
 9.28694227E-02
 9.18510959E-02
 9.08340842E-02
 8.98179294E-02
 8.88056077E-02
 8.77953642E-02
 8.67865480E-02
 8.57783690E-02
 8.47849631E-02
 8.37969007E-02
 8.28103649E-02
 8.18242663E-02
 8.08425621E-02
 7.98618205E-02
 7.88826929E-02
 7.79038210E-02
 7.69893780E-02
 7.60816000E-02
 7.51755131E-02
 7.42695166E-02
 7.33689073E-02
 7.24683609E-02
 7.15683729E-02
 7.06697701E-02
 6.97875131E-02
 6.89053227E-02
 6.80236163E-02
 6.71428115E-02
 6.62666004E-02
 6.53904979E-02
 6.45148111E-02
 6.36594182E-02
 6.28649069E-02
 6.20705420E-02
 6.12765302E-02
 6.04842042E-02
 5.96952107E-02
 5.89063976E-02
 5.81178803E-02
 5.73356207E-02
 5.65619364E-02
 5.57884635E-02
 5.50152337E-02
 5.42443410E-02
 5.34757133E-02
 5.27073238E-02
 5.19391286E-02
 5.12009609E-02
 5.04833385E-02
 4.97659801E-02
 4.90487724E-02
 4.83344394E-02
 4.76214610E-02
 4.69087692E-02
 4.61961874E-02
 4.54932042E-02
 4.47931594E-02
 4.40934215E-02
 4.33937562E-02
 4.26974089E-02
 4.20016399E-02
 4.13061960E-02
 4.06107904E-02
 3.99696647E-02
 3.93321576E-02
 3.86949919E-02
 3.80579173E-02
 3.74243558E-02
 3.67908165E-02
 3.61575887E-02
 3.55255301E-02
 3.49029918E-02
 3.42805023E-02
 3.36582841E-02
 3.30367160E-02
 3.24178262E-02
 3.17990096E-02
 3.11804270E-02
 3.05721804E-02
 2.99903479E-02
 2.94086111E-02
 2.88270738E-02
 2.82467213E-02
 2.76684111E-02
 2.70901008E-02
 2.65117905E-02
 2.59377695E-02
 2.53689250E-02
 2.48000806E-02
 2.42312362E-02
 2.36640805E-02
 2.30983689E-02
 2.25326573E-02
 2.19669457E-02
 2.14281078E-02
 2.09053942E-02
 2.03826806E-02
 1.98599670E-02
 1.93393248E-02
 1.88195247E-02
 1.82997247E-02
 1.77799247E-02
 1.72666535E-02
 1.67550466E-02
 1.62434397E-02
 1.57318328E-02
 1.52226221E-02
 1.47137295E-02
 1.42048369E-02
 1.36959443E-02
 1.32139452E-02
 1.27328136E-02
 1.22516820E-02
 1.17706889E-02
 1.12920902E-02
 1.08134914E-02
 1.03348926E-02
 9.85737733E-03
 9.38648322E-03
 8.91558911E-03
 8.44469500E-03
 7.97408068E-03
 7.50442148E-03
 7.03476228E-03
 6.56510308E-03
 6.11795863E-03
 5.72034664E-03
 5.32273465E-03
 4.92512266E-03
 4.52797096E-03
 4.13151423E-03
 3.73505749E-03
 3.33860075E-03
 2.95297467E-03
 2.57887800E-03
 2.20478133E-03
 1.83068466E-03
 1.46649204E-03
 1.10976139E-03
 7.62806680E-04
 4.33797094E-04
 3.13201078E-04
 2.92321007E-04
 2.71440935E-04
 2.50560863E-04
 2.29680791E-04
 2.08800719E-04
 1.87920647E-04
 1.67040575E-04
 1.46160503E-04
 1.25280431E-04
 1.04400359E-04
 8.35202876E-05
 6.26402157E-05
 4.17601438E-05
 2.08800719E-05
 1.93019151E-01
 3.20763662E-01
 4.17273238E-01
 5.10978044E-01
 5.74850299E-01
 6.38722555E-01
 7.02594810E-01
 7.60857526E-01
 7.92092462E-01
 8.23327397E-01
 8.54562332E-01
 8.85797268E-01
 9.17032203E-01
 9.48267138E-01
 9.79502074E-01
 1.00000000E+00
 1.00000000E+00
 1.00000000E+00
 1.00000000E+00
 1.00000000E+00
 1.00000000E+00
 1.00000000E+00
 1.00000000E+00
 1.00000000E+00
 1.00000000E+00
 1.00000000E+00
 1.00000000E+00
 1.00000000E+00
 1.00000000E+00
 1.00000000E+00
 1.00000000E+00
 1.00000000E+00
 1.00000000E+00
 1.00000000E+00
 1.00000000E+00
 1.00000000E+00
 1.00000000E+00
 1.00000000E+00
 1.00000000E+00
 1.00000000E+00
 1.00000000E+00
 1.00000000E+00
 1.00000000E+00
 1.00000000E+00
 1.00000000E+00
 1.00000000E+00
 1.00000000E+00
 1.00000000E+00
 1.00000000E+00
 1.00000000E+00
 1.00000000E+00
 1.00000000E+00
 1.00000000E+00
 1.00000000E+00
 1.00000000E+00
 1.00000000E+00
 1.00000000E+00
 1.00000000E+00
 1.00000000E+00
 1.00000000E+00
 1.00000000E+00
 1.00000000E+00
 1.00000000E+00
 1.00000000E+00
 1.00000000E+00
 1.00000000E+00
 1.00000000E+00
 1.00000000E+00
 1.00000000E+00
 1.00000000E+00
 1.00000000E+00
 1.00000000E+00
 1.00000000E+00
 1.00000000E+00
 1.00000000E+00
 1.00000000E+00
 1.00000000E+00
 1.00000000E+00
 1.00000000E+00
 1.00000000E+00
 1.00000000E+00
 1.00000000E+00
 1.00000000E+00
 1.00000000E+00
 1.00000000E+00
 1.00000000E+00
 1.00000000E+00
 1.00000000E+00
 1.00000000E+00
 1.00000000E+00
 1.00000000E+00
 1.00000000E+00
 1.00000000E+00
 1.00000000E+00
 1.00000000E+00
 1.00000000E+00
 1.00000000E+00
 1.00000000E+00
 1.00000000E+00
 1.00000000E+00
 1.00000000E+00
 1.00000000E+00
 1.00000000E+00
 1.00000000E+00
 1.00000000E+00
 1.00000000E+00
 1.00000000E+00
 1.00000000E+00
 1.00000000E+00
 1.00000000E+00
 1.00000000E+00
 1.00000000E+00
 1.00000000E+00
 1.00000000E+00
 1.00000000E+00
 1.00000000E+00
 1.00000000E+00
 1.00000000E+00
 1.00000000E+00
 1.00000000E+00
 1.00000000E+00
 1.00000000E+00
 1.00000000E+00
 1.00000000E+00
 1.00000000E+00
 1.00000000E+00
 1.00000000E+00
 1.00000000E+00
 1.00000000E+00
 1.00000000E+00
 1.00000000E+00
 1.00000000E+00
 1.00000000E+00
 1.00000000E+00
 1.00000000E+00
 1.00000000E+00
 1.00000000E+00
 1.00000000E+00
 1.00000000E+00
 1.00000000E+00
 1.00000000E+00
 1.00000000E+00
 1.00000000E+00
 1.00000000E+00
 1.00000000E+00
 1.00000000E+00
 1.00000000E+00
 1.00000000E+00
 1.00000000E+00
 1.00000000E+00
 1.00000000E+00
 1.00000000E+00
 1.00000000E+00
 1.00000000E+00
 1.00000000E+00
 1.00000000E+00
 9.96670242E-01
 9.89059367E-01
 9.81448492E-01
 9.73837617E-01
 9.66226743E-01
 9.58615868E-01
 9.51004993E-01
 9.43394118E-01
 9.30728197E-01
 9.14821861E-01
 8.98915526E-01
 8.83009191E-01
 8.66871771E-01
 8.50633090E-01
 8.34215132E-01
 8.17733622E-01
 8.03166832E-01
 7.89136163E-01
 7.75647884E-01
 7.61435910E-01
 7.47791626E-01
 7.34299539E-01
 7.20892520E-01
 7.07533099E-01
 6.95124814E-01
 6.82800691E-01
 6.70551419E-01
 6.58345019E-01
 6.46350445E-01
 6.34390748E-01
 6.22490837E-01
 6.10969585E-01
 6.01948829E-01
 5.92903573E-01
 5.83935089E-01
 5.75020069E-01
 5.66236617E-01
 5.57481701E-01
 5.48766267E-01
 5.40223920E-01
 5.32062329E-01
 5.23926968E-01
 5.15823812E-01
 5.07778097E-01
 4.99813518E-01
 4.91873145E-01
 4.83959075E-01
 4.76798477E-01
 4.70489169E-01
 4.64202455E-01
 4.57937276E-01
 4.51730004E-01
 4.45571351E-01
 4.39433560E-01
 4.33313390E-01
 4.27401236E-01
 4.21610402E-01
 4.15839122E-01
 4.10082275E-01
 4.04381924E-01
 3.98708747E-01
 3.93053911E-01
 3.87410840E-01
 3.82568386E-01
 3.77917192E-01
 3.73283246E-01
 3.68658846E-01
 3.64088491E-01
 3.59530930E-01
 3.54989629E-01
 3.50456018E-01
 3.46124198E-01
 3.41802506E-01
 3.37495704E-01
 3.33198219E-01
 3.28946023E-01
 3.24700734E-01
 3.20468215E-01
 3.16342165E-01
 3.12765791E-01
 3.09196241E-01
 3.05637646E-01
 3.02092611E-01
 2.98578941E-01
 2.95071997E-01
 2.91574445E-01
 2.88126028E-01
 2.84772802E-01
 2.81425826E-01
 2.78087198E-01
 2.74764572E-01
 2.71463291E-01
 2.68168369E-01
 2.64880715E-01
 2.61820881E-01
 2.58989107E-01
 2.56163762E-01
 2.53344168E-01
 2.50542611E-01
 2.47754446E-01
 2.44972751E-01
 2.42195757E-01
 2.39486835E-01
 2.36812222E-01
 2.34144092E-01
 2.31479751E-01
 2.28834653E-01
 2.26197011E-01
 2.23565842E-01
 2.20937665E-01
 2.18586746E-01
 2.16288607E-01
 2.13996912E-01
 2.11707515E-01
 2.09437991E-01
 2.07171468E-01
 2.04911345E-01
 2.02654065E-01
 2.00469522E-01
 1.98286737E-01
 1.96109754E-01
 1.93935922E-01
 1.91778741E-01
 1.89623552E-01
 1.87473392E-01
 1.85370280E-01
 1.83466629E-01
 1.81565170E-01
 1.79668052E-01
 1.77776197E-01
 1.75896288E-01
 1.74018742E-01
 1.72144923E-01
 1.70291948E-01
 1.68475234E-01
 1.66661019E-01
 1.64849973E-01
 1.63045755E-01
 1.61249767E-01
 1.59456407E-01
 1.57665734E-01
 1.55975379E-01
 1.54373639E-01
 1.52774623E-01
 1.51177859E-01
 1.49589066E-01
 1.48005540E-01
 1.46424826E-01
 1.44845965E-01
 1.43297903E-01
 1.41763314E-01
 1.40231606E-01
 1.38701398E-01
 1.37179978E-01
 1.35661467E-01
 1.34145891E-01
 1.32631499E-01
 1.31246060E-01
 1.29879658E-01
 1.28516235E-01
 1.27153711E-01
 1.25800561E-01
 1.24448452E-01
 1.23099649E-01
 1.21752485E-01
 1.20438668E-01
 1.19125158E-01
 1.17814774E-01
 1.16505621E-01
 1.15204507E-01
 1.13903964E-01
 1.12606094E-01
 1.11334054E-01
 1.10154261E-01
 1.08975272E-01
 1.07798548E-01
 1.06624357E-01
 1.05455945E-01
 1.04288543E-01
 1.03123037E-01
 1.01968530E-01
 1.00831181E-01
 9.96950262E-02
 9.85604320E-02
 9.74294023E-02
 9.63022879E-02
 9.51765315E-02
 9.40520311E-02
 9.29813674E-02
 9.19525769E-02
 9.09252894E-02
 8.98989812E-02
 8.88770537E-02
 8.78575012E-02
 8.68395801E-02
 8.58223870E-02
 8.48220775E-02
 8.38278749E-02
 8.28354170E-02
 8.18434588E-02
 8.08565227E-02
 7.98706867E-02
 7.88866953E-02
 7.79029961E-02
 7.69905788E-02
 7.60855355E-02
 7.51824248E-02
 7.42794174E-02
 7.33825669E-02
 7.24857882E-02
 7.15896477E-02
 7.06950903E-02
 6.98192138E-02
 6.89434134E-02
 6.80681662E-02
 6.71939493E-02
 6.63249824E-02
 6.54561396E-02
 6.45877719E-02
 6.37360509E-02
 6.29342700E-02
 6.21326564E-02
 6.13314463E-02
 6.05321629E-02
 5.97366880E-02
 5.89414193E-02
 5.81464887E-02
 5.73587097E-02
 5.65807312E-02
 5.58029940E-02
 5.50255349E-02
 5.42507466E-02
 5.34785470E-02
 5.27066195E-02
 5.19349141E-02
 5.11964486E-02
 5.04807261E-02
 4.97653055E-02
 4.90500570E-02
 4.83380939E-02
 4.76276789E-02
 4.69175915E-02
 4.62076298E-02
 4.55086380E-02
 4.48130042E-02
 4.41177212E-02
 4.34225212E-02
 4.27311132E-02
 4.20403662E-02
 4.13499906E-02
 4.06596589E-02
 4.00138778E-02
 3.93710668E-02
 3.87286459E-02
 3.80863291E-02
 3.74480273E-02
 3.68097508E-02
 3.61718304E-02
 3.55352463E-02
 3.49095424E-02
 3.42838943E-02
 3.36585563E-02
 3.30339613E-02
 3.24124271E-02
 3.17909765E-02
 3.11697935E-02
 3.05600522E-02
 2.99795508E-02
 2.93991588E-02
 2.88189946E-02
 2.82401847E-02
 2.76637087E-02
 2.70872326E-02
 2.65107566E-02
 2.59391825E-02
 2.53735246E-02
 2.48078667E-02
 2.42422087E-02
 2.36784808E-02
 2.31164033E-02
 2.25543257E-02
 2.19922482E-02
 2.14522885E-02
 2.09255996E-02
 2.03989107E-02
 1.98722218E-02
 1.93479002E-02
 1.88245411E-02
 1.83011821E-02
 1.77778230E-02
 1.72619255E-02
 1.67479300E-02
 1.62339345E-02
 1.57199389E-02
 1.52086820E-02
 1.46977885E-02
 1.41868951E-02
 1.36760017E-02
 1.31948865E-02
 1.27147319E-02
 1.22345773E-02
 1.17545811E-02
 1.12773211E-02
 1.08000612E-02
 1.03228013E-02
 9.84677959E-03
 9.37832499E-03
 8.90987040E-03
 8.44141580E-03
 7.97328095E-03
 7.50623768E-03
 7.03919441E-03
 6.57215113E-03
 6.11922015E-03
 5.69733620E-03
 5.27545225E-03
 4.85356830E-03
 4.43221040E-03
 4.01164674E-03
 3.59108309E-03
 3.17051943E-03
 2.76233367E-03
 2.36732437E-03
 1.97231507E-03
 1.57730577E-03
 1.19361539E-03
 8.18452972E-04
 4.54463060E-04
 1.10981861E-04
 1.30104261E-18
-1.30104261E-18
-4.33680869E-19
-8.67361738E-19
-6.50521303E-19
-3.25260652E-19
-1.08420217E-19
-2.16840434E-19
-1.08420217E-19
-4.33680869E-19
-1.62630326E-19
-1.08420217E-19
-2.71050543E-19
-5.42101086E-20
 4.06575815E-20
 2.09162513E-01
 3.44891056E-01
 4.45480297E-01
 5.42914172E-01
 6.06786427E-01
 6.70658683E-01
 7.34530938E-01
 7.92092462E-01
 8.19247732E-01
 8.46403002E-01
 8.73558273E-01
 9.00713543E-01
 9.27868813E-01
 9.55024084E-01
 9.82179354E-01
 1.00000000E+00
 1.00000000E+00
 1.00000000E+00
 1.00000000E+00
 1.00000000E+00
 1.00000000E+00
 1.00000000E+00
 1.00000000E+00
 1.00000000E+00
 1.00000000E+00
 1.00000000E+00
 1.00000000E+00
 1.00000000E+00
 1.00000000E+00
 1.00000000E+00
 1.00000000E+00
 1.00000000E+00
 1.00000000E+00
 1.00000000E+00
 1.00000000E+00
 1.00000000E+00
 1.00000000E+00
 1.00000000E+00
 1.00000000E+00
 1.00000000E+00
 1.00000000E+00
 1.00000000E+00
 1.00000000E+00
 1.00000000E+00
 1.00000000E+00
 1.00000000E+00
 1.00000000E+00
 1.00000000E+00
 1.00000000E+00
 1.00000000E+00
 1.00000000E+00
 1.00000000E+00
 1.00000000E+00
 1.00000000E+00
 1.00000000E+00
 1.00000000E+00
 1.00000000E+00
 1.00000000E+00
 1.00000000E+00
 1.00000000E+00
 1.00000000E+00
 1.00000000E+00
 1.00000000E+00
 1.00000000E+00
 1.00000000E+00
 1.00000000E+00
 1.00000000E+00
 1.00000000E+00
 1.00000000E+00
 1.00000000E+00
 1.00000000E+00
 1.00000000E+00
 1.00000000E+00
 1.00000000E+00
 1.00000000E+00
 1.00000000E+00
 1.00000000E+00
 1.00000000E+00
 1.00000000E+00
 1.00000000E+00
 1.00000000E+00
 1.00000000E+00
 1.00000000E+00
 1.00000000E+00
 1.00000000E+00
 1.00000000E+00
 1.00000000E+00
 1.00000000E+00
 1.00000000E+00
 1.00000000E+00
 1.00000000E+00
 1.00000000E+00
 1.00000000E+00
 1.00000000E+00
 1.00000000E+00
 1.00000000E+00
 1.00000000E+00
 1.00000000E+00
 1.00000000E+00
 1.00000000E+00
 1.00000000E+00
 1.00000000E+00
 1.00000000E+00
 1.00000000E+00
 1.00000000E+00
 1.00000000E+00
 1.00000000E+00
 1.00000000E+00
 1.00000000E+00
 1.00000000E+00
 1.00000000E+00
 1.00000000E+00
 1.00000000E+00
 1.00000000E+00
 1.00000000E+00
 1.00000000E+00
 1.00000000E+00
 1.00000000E+00
 1.00000000E+00
 1.00000000E+00
 1.00000000E+00
 1.00000000E+00
 1.00000000E+00
 1.00000000E+00
 1.00000000E+00
 1.00000000E+00
 1.00000000E+00
 1.00000000E+00
 1.00000000E+00
 1.00000000E+00
 1.00000000E+00
 1.00000000E+00
 1.00000000E+00
 1.00000000E+00
 1.00000000E+00
 1.00000000E+00
 1.00000000E+00
 1.00000000E+00
 1.00000000E+00
 1.00000000E+00
 1.00000000E+00
 1.00000000E+00
 1.00000000E+00
 1.00000000E+00
 1.00000000E+00
 1.00000000E+00
 1.00000000E+00
 1.00000000E+00
 1.00000000E+00
 1.00000000E+00
 1.00000000E+00
 1.00000000E+00
 1.00000000E+00
 1.00000000E+00
 1.00000000E+00
 1.00000000E+00
 9.96955187E-01
 9.89995613E-01
 9.83036039E-01
 9.76076466E-01
 9.69116892E-01
 9.62157319E-01
 9.55197745E-01
 9.48238171E-01
 9.35591671E-01
 9.19299704E-01
 9.03007738E-01
 8.86715771E-01
 8.70163835E-01
 8.53497979E-01
 8.36630437E-01
 8.19691399E-01
 8.04882398E-01
 7.90669809E-01
 7.77067408E-01
 7.62650850E-01
 7.48872942E-01
 7.35266257E-01
 7.21755274E-01
 7.08297837E-01
 6.95910430E-01
 6.83617704E-01
 6.71409186E-01
 6.59248898E-01
 6.47326915E-01
 6.35444168E-01
 6.23628681E-01
 6.12171950E-01
 6.03057629E-01
 5.93915745E-01
 5.84860229E-01
 5.75864861E-01
 5.67017506E-01
 5.58202255E-01
 5.49431421E-01
 5.40855310E-01
 5.32707549E-01
 5.24589297E-01
 5.16507276E-01
 5.08489876E-01
 5.00563753E-01
 4.92664863E-01
 4.84795563E-01
 4.77632249E-01
 4.71266075E-01
 4.64925320E-01
 4.58608791E-01
 4.52357408E-01
 4.46160721E-01
 4.39987503E-01
 4.33834111E-01
 4.27914735E-01
 4.22131845E-01
 4.16370952E-01
 4.10626297E-01
 4.04945200E-01
 3.99294674E-01
 3.93664781E-01
 3.88048124E-01
 3.83180552E-01
 3.78493160E-01
 3.73825173E-01
 3.69167924E-01
 3.64571476E-01
 3.59989421E-01
 3.55425659E-01
 3.50870548E-01
 3.46542452E-01
 3.42225750E-01
 3.37925799E-01
 3.33636330E-01
 3.29397811E-01
 3.25167062E-01
 3.20950680E-01
 3.16834807E-01
 3.13233273E-01
 3.09639417E-01
 3.06057884E-01
 3.02491606E-01
 2.98960613E-01
 2.95437188E-01
 2.91924329E-01
 2.88466746E-01
 2.85116254E-01
 2.81772793E-01
 2.78438722E-01
 2.75122655E-01
 2.71830600E-01
 2.68545699E-01
 2.65268975E-01
 2.62205644E-01
 2.59355975E-01
 2.56513540E-01
 2.53677574E-01
 2.50861899E-01
 2.48061291E-01
 2.45267961E-01
 2.42479920E-01
 2.39768461E-01
 2.37095599E-01
 2.34430030E-01
 2.31768722E-01
 2.29129065E-01
 2.26497795E-01
 2.23873807E-01
 2.21253186E-01
 2.18892167E-01
 2.16580839E-01
 2.14276761E-01
 2.11975267E-01
 2.09696132E-01
 2.07420372E-01
 2.05151811E-01
 2.02886450E-01
 2.00702917E-01
 1.98521363E-01
 1.96346334E-01
 1.94174852E-01
 1.92022102E-01
 1.89871593E-01
 1.87726741E-01
 1.85626138E-01
 1.83712318E-01
 1.81800963E-01
 1.79894492E-01
 1.77993940E-01
 1.76106830E-01
 1.74222377E-01
 1.72342116E-01
 1.70485307E-01
 1.68669289E-01
 1.66856084E-01
 1.65046443E-01
 1.63244485E-01
 1.61451785E-01
 1.59662041E-01
 1.57875320E-01
 1.56182611E-01
 1.54572961E-01
 1.52966377E-01
 1.51362327E-01
 1.49767243E-01
 1.48178086E-01
 1.46592091E-01
 1.45008183E-01
 1.43458921E-01
 1.41924818E-01
 1.40393955E-01
 1.38864781E-01
 1.37345492E-01
 1.35829476E-01
 1.34316762E-01
 1.32805380E-01
 1.31414756E-01
 1.30042076E-01
 1.28672746E-01
 1.27304429E-01
 1.25946657E-01
 1.24590056E-01
 1.23237174E-01
 1.21886137E-01
 1.20572614E-01
 1.19259438E-01
 1.17949778E-01
 1.16641502E-01
 1.15342271E-01
 1.14043681E-01
 1.12748100E-01
 1.11476726E-01
 1.10291809E-01
 1.09107796E-01
 1.07926332E-01
 1.06747717E-01
 1.05575603E-01
 1.04404626E-01
 1.03235782E-01
 1.02079311E-01
 1.00942143E-01
 9.98063186E-02
 9.86722499E-02
 9.75421914E-02
 9.64165375E-02
 9.52924114E-02
 9.41696983E-02
 9.30974421E-02
 9.20644304E-02
 9.10331094E-02
 9.00028903E-02
 8.89775994E-02
 8.79549804E-02
 8.69341966E-02
 8.59142320E-02
 8.49132614E-02
 8.39191610E-02
 8.29270234E-02
 8.19354479E-02
 8.09495224E-02
 7.99648344E-02
 7.89822217E-02
 7.79999376E-02
 7.70844603E-02
 7.61758940E-02
 7.52695018E-02
 7.43632259E-02
 7.34638766E-02
 7.25646080E-02
 7.16660573E-02
 7.07692877E-02
 6.98935340E-02
 6.90178660E-02
 6.81428203E-02
 6.72689337E-02
 6.64009534E-02
 6.55331127E-02
 6.46658064E-02
 6.38141556E-02
 6.30094714E-02
 6.22049753E-02
 6.14009332E-02
 6.05990586E-02
 5.98014685E-02
 5.90041105E-02
 5.82071328E-02
 5.74182006E-02
 5.66402940E-02
 5.58626589E-02
 5.50853366E-02
 5.43110190E-02
 5.35396137E-02
 5.27685145E-02
 5.19976652E-02
 5.12580770E-02
 5.05398781E-02
 4.98220188E-02
 4.91043533E-02
 4.83903836E-02
 4.76781557E-02
 4.69662962E-02
 4.62545782E-02
 4.55552013E-02
 4.48596023E-02
 4.41643978E-02
 4.34692867E-02
 4.27784416E-02
 4.20883401E-02
 4.13986565E-02
 4.07090222E-02
 4.00612868E-02
 3.94163446E-02
 3.87718413E-02
 3.81274552E-02
 3.74875859E-02
 3.68477451E-02
 3.62083050E-02
 3.55703680E-02
 3.49446714E-02
 3.43190375E-02
 3.36937525E-02
 3.30693034E-02
 3.24482976E-02
 3.18273860E-02
 3.12067754E-02
 3.05969254E-02
 3.00145752E-02
 2.94323479E-02
 2.88503771E-02
 2.82699297E-02
 2.76921080E-02
 2.71142863E-02
 2.65364646E-02
 2.59641575E-02
 2.53985062E-02
 2.48328548E-02
 2.42672034E-02
 2.37037233E-02
 2.31420999E-02
 2.25804765E-02
 2.20188530E-02
 2.14780651E-02
 2.09497785E-02
 2.04214920E-02
 1.98932054E-02
 1.93675820E-02
 1.88430415E-02
 1.83185009E-02
 1.77939604E-02
 1.72778141E-02
 1.67638076E-02
 1.62498011E-02
 1.57357945E-02
 1.52248689E-02
 1.47143522E-02
 1.42038355E-02
 1.36933188E-02
 1.32108536E-02
 1.27292933E-02
 1.22477329E-02
 1.17663507E-02
 1.12880468E-02
 1.08097430E-02
 1.03314391E-02
 9.85452832E-03
 9.38613046E-03
 8.91773261E-03
 8.44933476E-03
 7.98129663E-03
 7.51448651E-03
 7.04767640E-03
 6.58086628E-03
 6.12703505E-03
 5.70175737E-03
 5.27647968E-03
 4.85120200E-03
 4.42651613E-03
 4.00272377E-03
 3.57893142E-03
 3.15513906E-03
 2.74527183E-03
 2.35022813E-03
 1.95518443E-03
 1.56014073E-03
 1.17783081E-03
 8.05114847E-04
 4.44967955E-04
 1.07893364E-04
 6.50521303E-19
-1.51788304E-18
 8.67361738E-19
-1.08420217E-18
-1.40946282E-18
-3.25260652E-19
-2.16840434E-19
 1.08420217E-19
-5.42101086E-19
-5.42101086E-19
 5.42101086E-20
 5.42101086E-20
 0.00000000E+00
 2.71050543E-20
-1.49077799E-19
 2.25305875E-01
 3.69018450E-01
 4.73687356E-01
 5.74850299E-01
 6.38722555E-01
 7.02594810E-01
 7.66467066E-01
 8.23327397E-01
 8.46403002E-01
 8.69478608E-01
 8.92554213E-01
 9.15629818E-01
 9.38705423E-01
 9.61781029E-01
 9.84856634E-01
 1.00000000E+00
 1.00000000E+00
 1.00000000E+00
 1.00000000E+00
 1.00000000E+00
 1.00000000E+00
 1.00000000E+00
 1.00000000E+00
 1.00000000E+00
 1.00000000E+00
 1.00000000E+00
 1.00000000E+00
 1.00000000E+00
 1.00000000E+00
 1.00000000E+00
 1.00000000E+00
 1.00000000E+00
 1.00000000E+00
 1.00000000E+00
 1.00000000E+00
 1.00000000E+00
 1.00000000E+00
 1.00000000E+00
 1.00000000E+00
 1.00000000E+00
 1.00000000E+00
 1.00000000E+00
 1.00000000E+00
 1.00000000E+00
 1.00000000E+00
 1.00000000E+00
 1.00000000E+00
 1.00000000E+00
 1.00000000E+00
 1.00000000E+00
 1.00000000E+00
 1.00000000E+00
 1.00000000E+00
 1.00000000E+00
 1.00000000E+00
 1.00000000E+00
 1.00000000E+00
 1.00000000E+00
 1.00000000E+00
 1.00000000E+00
 1.00000000E+00
 1.00000000E+00
 1.00000000E+00
 1.00000000E+00
 1.00000000E+00
 1.00000000E+00
 1.00000000E+00
 1.00000000E+00
 1.00000000E+00
 1.00000000E+00
 1.00000000E+00
 1.00000000E+00
 1.00000000E+00
 1.00000000E+00
 1.00000000E+00
 1.00000000E+00
 1.00000000E+00
 1.00000000E+00
 1.00000000E+00
 1.00000000E+00
 1.00000000E+00
 1.00000000E+00
 1.00000000E+00
 1.00000000E+00
 1.00000000E+00
 1.00000000E+00
 1.00000000E+00
 1.00000000E+00
 1.00000000E+00
 1.00000000E+00
 1.00000000E+00
 1.00000000E+00
 1.00000000E+00
 1.00000000E+00
 1.00000000E+00
 1.00000000E+00
 1.00000000E+00
 1.00000000E+00
 1.00000000E+00
 1.00000000E+00
 1.00000000E+00
 1.00000000E+00
 1.00000000E+00
 1.00000000E+00
 1.00000000E+00
 1.00000000E+00
 1.00000000E+00
 1.00000000E+00
 1.00000000E+00
 1.00000000E+00
 1.00000000E+00
 1.00000000E+00
 1.00000000E+00
 1.00000000E+00
 1.00000000E+00
 1.00000000E+00
 1.00000000E+00
 1.00000000E+00
 1.00000000E+00
 1.00000000E+00
 1.00000000E+00
 1.00000000E+00
 1.00000000E+00
 1.00000000E+00
 1.00000000E+00
 1.00000000E+00
 1.00000000E+00
 1.00000000E+00
 1.00000000E+00
 1.00000000E+00
 1.00000000E+00
 1.00000000E+00
 1.00000000E+00
 1.00000000E+00
 1.00000000E+00
 1.00000000E+00
 1.00000000E+00
 1.00000000E+00
 1.00000000E+00
 1.00000000E+00
 1.00000000E+00
 1.00000000E+00
 1.00000000E+00
 1.00000000E+00
 1.00000000E+00
 1.00000000E+00
 1.00000000E+00
 1.00000000E+00
 1.00000000E+00
 1.00000000E+00
 1.00000000E+00
 1.00000000E+00
 1.00000000E+00
 1.00000000E+00
 1.00000000E+00
 1.00000000E+00
 9.97240131E-01
 9.90931859E-01
 9.84623586E-01
 9.78315314E-01
 9.72007042E-01
 9.65698769E-01
 9.59390497E-01
 9.53082225E-01
 9.40455145E-01
 9.23777547E-01
 9.07099949E-01
 8.90422352E-01
 8.73455898E-01
 8.56362868E-01
 8.39045742E-01
 8.21649176E-01
 8.06597965E-01
 7.92203455E-01
 7.78486931E-01
 7.63865789E-01
 7.49954259E-01
 7.36232975E-01
 7.22618028E-01
 7.09062575E-01
 6.96696046E-01
 6.84434716E-01
 6.72266952E-01
 6.60152777E-01
 6.48303385E-01
 6.36497588E-01
 6.24766525E-01
 6.13374314E-01
 6.04166428E-01
 5.94927916E-01
 5.85785369E-01
 5.76709652E-01
 5.67798395E-01
 5.58922809E-01
 5.50096576E-01
 5.41486700E-01
 5.33352769E-01
 5.25251626E-01
 5.17190739E-01
 5.09201655E-01
 5.01313989E-01
 4.93456581E-01
 4.85632051E-01
 4.78466020E-01
 4.72042981E-01
 4.65648185E-01
 4.59280306E-01
 4.52984812E-01
 4.46750091E-01
 4.40541447E-01
 4.34354831E-01
 4.28428234E-01
 4.22653288E-01
 4.16902783E-01
 4.11170320E-01
 4.05508476E-01
 3.99880601E-01
 3.94275652E-01
 3.88685408E-01
 3.83792718E-01
 3.79069128E-01
 3.74367099E-01
 3.69677001E-01
 3.65054461E-01
 3.60447912E-01
 3.55861689E-01
 3.51285078E-01
 3.46960706E-01
 3.42648994E-01
 3.38355894E-01
 3.34074442E-01
 3.29849599E-01
 3.25633390E-01
 3.21433145E-01
 3.17327450E-01
 3.13700755E-01
 3.10082592E-01
 3.06478121E-01
 3.02890600E-01
 2.99342286E-01
 2.95802380E-01
 2.92274212E-01
 2.88807464E-01
 2.85459705E-01
 2.82119759E-01
 2.78790246E-01
 2.75480738E-01
 2.72197909E-01
 2.68923029E-01
 2.65657235E-01
 2.62590407E-01
 2.59722844E-01
 2.56863318E-01
 2.54010980E-01
 2.51181187E-01
 2.48368136E-01
 2.45563171E-01
 2.42764084E-01
 2.40050086E-01
 2.37378975E-01
 2.34715967E-01
 2.32057694E-01
 2.29423477E-01
 2.26798579E-01
 2.24181773E-01
 2.21568706E-01
 2.19197588E-01
 2.16873072E-01
 2.14556610E-01
 2.12243019E-01
 2.09954272E-01
 2.07669275E-01
 2.05392278E-01
 2.03118834E-01
 2.00936312E-01
 1.98755988E-01
 1.96582915E-01
 1.94413782E-01
 1.92265462E-01
 1.90119634E-01
 1.87980090E-01
 1.85881997E-01
 1.83958006E-01
 1.82036756E-01
 1.80120931E-01
 1.78211684E-01
 1.76317372E-01
 1.74426012E-01
 1.72539310E-01
 1.70678665E-01
 1.68863345E-01
 1.67051149E-01
 1.65242914E-01
 1.63443215E-01
 1.61653803E-01
 1.59867675E-01
 1.58084906E-01
 1.56389842E-01
 1.54772283E-01
 1.53158132E-01
 1.51546795E-01
 1.49945421E-01
 1.48350632E-01
 1.46759357E-01
 1.45170400E-01
 1.43619940E-01
 1.42086322E-01
 1.40556305E-01
 1.39028163E-01
 1.37511005E-01
 1.35997485E-01
 1.34487633E-01
 1.32979261E-01
 1.31583452E-01
 1.30204494E-01
 1.28829258E-01
 1.27455147E-01
 1.26092753E-01
 1.24731660E-01
 1.23374700E-01
 1.22019789E-01
 1.20706561E-01
 1.19393718E-01
 1.18084781E-01
 1.16777383E-01
 1.15480035E-01
 1.14183399E-01
 1.12890106E-01
 1.11619399E-01
 1.10429358E-01
 1.09240320E-01
 1.08054116E-01
 1.06871077E-01
 1.05695261E-01
 1.04520708E-01
 1.03348526E-01
 1.02190092E-01
 1.01053105E-01
 9.99176109E-02
 9.87840678E-02
 9.76549805E-02
 9.65307872E-02
 9.54082914E-02
 9.42873655E-02
 9.32135168E-02
 9.21762838E-02
 9.11409295E-02
 9.01067993E-02
 8.90781450E-02
 8.80524596E-02
 8.70288132E-02
 8.60060769E-02
 8.50044452E-02
 8.40104471E-02
 8.30186297E-02
 8.20274371E-02
 8.10425221E-02
 8.00589822E-02
 7.90777480E-02
 7.80968791E-02
 7.71783417E-02
 7.62662525E-02
 7.53565789E-02
 7.44470345E-02
 7.35451863E-02
 7.26434277E-02
 7.17424669E-02
 7.08434851E-02
 6.99678542E-02
 6.90923186E-02
 6.82174744E-02
 6.73439181E-02
 6.64769244E-02
 6.56100858E-02
 6.47438409E-02
 6.38922604E-02
 6.30846728E-02
 6.22772942E-02
 6.14704201E-02
 6.06659542E-02
 5.98662490E-02
 5.90668016E-02
 5.82677768E-02
 5.74776915E-02
 5.66998568E-02
 5.59223238E-02
 5.51451383E-02
 5.43712914E-02
 5.36006803E-02
 5.28304095E-02
 5.20604162E-02
 5.13197055E-02
 5.05990302E-02
 4.98787322E-02
 4.91586495E-02
 4.84426733E-02
 4.77286324E-02
 4.70150010E-02
 4.63015267E-02
 4.56017647E-02
 4.49062003E-02
 4.42110744E-02
 4.35160522E-02
 4.28257700E-02
 4.21363140E-02
 4.14473224E-02
 4.07583855E-02
 4.01086957E-02
 3.94616224E-02
 3.88150368E-02
 3.81685813E-02
 3.75271445E-02
 3.68857394E-02
 3.62447795E-02
 3.56054897E-02
 3.49798004E-02
 3.43541807E-02
 3.37289488E-02
 3.31046454E-02
 3.24841682E-02
 3.18637955E-02
 3.12437572E-02
 3.06337987E-02
 3.00495996E-02
 2.94655371E-02
 2.88817595E-02
 2.82996748E-02
 2.77205074E-02
 2.71413399E-02
 2.65621725E-02
 2.59891325E-02
 2.54234877E-02
 2.48578429E-02
 2.42921981E-02
 2.37289659E-02
 2.31677965E-02
 2.26066272E-02
 2.20454579E-02
 2.15038417E-02
 2.09739574E-02
 2.04440732E-02
 1.99141889E-02
 1.93872638E-02
 1.88615418E-02
 1.83358198E-02
 1.78100978E-02
 1.72937028E-02
 1.67796852E-02
 1.62656677E-02
 1.57516501E-02
 1.52410558E-02
 1.47309159E-02
 1.42207759E-02
 1.37106360E-02
 1.32268207E-02
 1.27438546E-02
 1.22608885E-02
 1.17781203E-02
 1.12987725E-02
 1.08194248E-02
 1.03400770E-02
 9.86227704E-03
 9.39393594E-03
 8.92559483E-03
 8.45725372E-03
 7.98931230E-03
 7.52273535E-03
 7.05615839E-03
 6.58958144E-03
 6.13484996E-03
 5.70617854E-03
 5.27750712E-03
 4.84883570E-03
 4.42082185E-03
 3.99380080E-03
 3.56677974E-03
 3.13975869E-03
 2.72821000E-03
 2.33313189E-03
 1.93805379E-03
 1.54297568E-03
 1.16204623E-03
 7.91776721E-04
 4.35472849E-04
 1.04804867E-04
-2.16840434E-19
-2.38524478E-18
 0.00000000E+00
 1.40946282E-18
 3.25260652E-19
-8.67361738E-19
-3.25260652E-19
-8.67361738E-19
 2.16840434E-19
 7.04731412E-19
-5.42101086E-19
-4.33680869E-19
 8.13151629E-20
-2.16840434E-19
 2.71050543E-20
 2.41449237E-01
 3.93145844E-01
 5.01894415E-01
 6.06786427E-01
 6.70658683E-01
 7.34530938E-01
 7.98403194E-01
 8.54562332E-01
 8.73558273E-01
 8.92554213E-01
 9.11550153E-01
 9.30546093E-01
 9.49542034E-01
 9.68537974E-01
 9.87533914E-01
 1.00000000E+00
 1.00000000E+00
 1.00000000E+00
 1.00000000E+00
 1.00000000E+00
 1.00000000E+00
 1.00000000E+00
 1.00000000E+00
 1.00000000E+00
 1.00000000E+00
 1.00000000E+00
 1.00000000E+00
 1.00000000E+00
 1.00000000E+00
 1.00000000E+00
 1.00000000E+00
 1.00000000E+00
 1.00000000E+00
 1.00000000E+00
 1.00000000E+00
 1.00000000E+00
 1.00000000E+00
 1.00000000E+00
 1.00000000E+00
 1.00000000E+00
 1.00000000E+00
 1.00000000E+00
 1.00000000E+00
 1.00000000E+00
 1.00000000E+00
 1.00000000E+00
 1.00000000E+00
 1.00000000E+00
 1.00000000E+00
 1.00000000E+00
 1.00000000E+00
 1.00000000E+00
 1.00000000E+00
 1.00000000E+00
 1.00000000E+00
 1.00000000E+00
 1.00000000E+00
 1.00000000E+00
 1.00000000E+00
 1.00000000E+00
 1.00000000E+00
 1.00000000E+00
 1.00000000E+00
 1.00000000E+00
 1.00000000E+00
 1.00000000E+00
 1.00000000E+00
 1.00000000E+00
 1.00000000E+00
 1.00000000E+00
 1.00000000E+00
 1.00000000E+00
 1.00000000E+00
 1.00000000E+00
 1.00000000E+00
 1.00000000E+00
 1.00000000E+00
 1.00000000E+00
 1.00000000E+00
 1.00000000E+00
 1.00000000E+00
 1.00000000E+00
 1.00000000E+00
 1.00000000E+00
 1.00000000E+00
 1.00000000E+00
 1.00000000E+00
 1.00000000E+00
 1.00000000E+00
 1.00000000E+00
 1.00000000E+00
 1.00000000E+00
 1.00000000E+00
 1.00000000E+00
 1.00000000E+00
 1.00000000E+00
 1.00000000E+00
 1.00000000E+00
 1.00000000E+00
 1.00000000E+00
 1.00000000E+00
 1.00000000E+00
 1.00000000E+00
 1.00000000E+00
 1.00000000E+00
 1.00000000E+00
 1.00000000E+00
 1.00000000E+00
 1.00000000E+00
 1.00000000E+00
 1.00000000E+00
 1.00000000E+00
 1.00000000E+00
 1.00000000E+00
 1.00000000E+00
 1.00000000E+00
 1.00000000E+00
 1.00000000E+00
 1.00000000E+00
 1.00000000E+00
 1.00000000E+00
 1.00000000E+00
 1.00000000E+00
 1.00000000E+00
 1.00000000E+00
 1.00000000E+00
 1.00000000E+00
 1.00000000E+00
 1.00000000E+00
 1.00000000E+00
 1.00000000E+00
 1.00000000E+00
 1.00000000E+00
 1.00000000E+00
 1.00000000E+00
 1.00000000E+00
 1.00000000E+00
 1.00000000E+00
 1.00000000E+00
 1.00000000E+00
 1.00000000E+00
 1.00000000E+00
 1.00000000E+00
 1.00000000E+00
 1.00000000E+00
 1.00000000E+00
 1.00000000E+00
 1.00000000E+00
 1.00000000E+00
 1.00000000E+00
 1.00000000E+00
 1.00000000E+00
 1.00000000E+00
 1.00000000E+00
 1.00000000E+00
 1.00000000E+00
 9.97525075E-01
 9.91868104E-01
 9.86211133E-01
 9.80554162E-01
 9.74897191E-01
 9.69240220E-01
 9.63583249E-01
 9.57926278E-01
 9.45318619E-01
 9.28255390E-01
 9.11192161E-01
 8.94128932E-01
 8.76747962E-01
 8.59227757E-01
 8.41461047E-01
 8.23606953E-01
 8.08313532E-01
 7.93737100E-01
 7.79906455E-01
 7.65080729E-01
 7.51035575E-01
 7.37199693E-01
 7.23480781E-01
 7.09827314E-01
 6.97481661E-01
 6.85251729E-01
 6.73124718E-01
 6.61056656E-01
 6.49279854E-01
 6.37551008E-01
 6.25904369E-01
 6.14576679E-01
 6.05275227E-01
 5.95940087E-01
 5.86710509E-01
 5.77554444E-01
 5.68579285E-01
 5.59643363E-01
 5.50761730E-01
 5.42118090E-01
 5.33997989E-01
 5.25913956E-01
 5.17874203E-01
 5.09913434E-01
 5.02064224E-01
 4.94248299E-01
 4.86468540E-01
 4.79299792E-01
 4.72819887E-01
 4.66371050E-01
 4.59951821E-01
 4.53612216E-01
 4.47339461E-01
 4.41095391E-01
 4.34875552E-01
 4.28941733E-01
 4.23174730E-01
 4.17434613E-01
 4.11714342E-01
 4.06071753E-01
 4.00466528E-01
 3.94886522E-01
 3.89322693E-01
 3.84404884E-01
 3.79645096E-01
 3.74909025E-01
 3.70186079E-01
 3.65537445E-01
 3.60906403E-01
 3.56297719E-01
 3.51699608E-01
 3.47378961E-01
 3.43072238E-01
 3.38785989E-01
 3.34512553E-01
 3.30301388E-01
 3.26099719E-01
 3.21915610E-01
 3.17820092E-01
 3.14168238E-01
 3.10525767E-01
 3.06898359E-01
 3.03289595E-01
 2.99723958E-01
 2.96167571E-01
 2.92624096E-01
 2.89148182E-01
 2.85803157E-01
 2.82466725E-01
 2.79141770E-01
 2.75838820E-01
 2.72565218E-01
 2.69300360E-01
 2.66045495E-01
 2.62975170E-01
 2.60089712E-01
 2.57213096E-01
 2.54344385E-01
 2.51500476E-01
 2.48674981E-01
 2.45858382E-01
 2.43048247E-01
 2.40331712E-01
 2.37662351E-01
 2.35001904E-01
 2.32346666E-01
 2.29717889E-01
 2.27099363E-01
 2.24489738E-01
 2.21884226E-01
 2.19503009E-01
 2.17165304E-01
 2.14836458E-01
 2.12510772E-01
 2.10212412E-01
 2.07918178E-01
 2.05632744E-01
 2.03351219E-01
 2.01169707E-01
 1.98990613E-01
 1.96819496E-01
 1.94652712E-01
 1.92508823E-01
 1.90367674E-01
 1.88233439E-01
 1.86137855E-01
 1.84203695E-01
 1.82272549E-01
 1.80347370E-01
 1.78429428E-01
 1.76527913E-01
 1.74629647E-01
 1.72736504E-01
 1.70872024E-01
 1.69057400E-01
 1.67246214E-01
 1.65439385E-01
 1.63641944E-01
 1.61855821E-01
 1.60073310E-01
 1.58294493E-01
 1.56597073E-01
 1.54971606E-01
 1.53349886E-01
 1.51731263E-01
 1.50123599E-01
 1.48523178E-01
 1.46926623E-01
 1.45332617E-01
 1.43780958E-01
 1.42247826E-01
 1.40718654E-01
 1.39191546E-01
 1.37676519E-01
 1.36165494E-01
 1.34658504E-01
 1.33153142E-01
 1.31752149E-01
 1.30366912E-01
 1.28985770E-01
 1.27605865E-01
 1.26238849E-01
 1.24873264E-01
 1.23512225E-01
 1.22153441E-01
 1.20840507E-01
 1.19527998E-01
 1.18219785E-01
 1.16913265E-01
 1.15617798E-01
 1.14323116E-01
 1.13032111E-01
 1.11762071E-01
 1.10566906E-01
 1.09372845E-01
 1.08181899E-01
 1.06994436E-01
 1.05814919E-01
 1.04636791E-01
 1.03461270E-01
 1.02300872E-01
 1.01164066E-01
 1.00028903E-01
 9.88958858E-02
 9.77677696E-02
 9.66450368E-02
 9.55241713E-02
 9.44050327E-02
 9.33295916E-02
 9.22881372E-02
 9.12487495E-02
 9.02107084E-02
 8.91786907E-02
 8.81499387E-02
 8.71234298E-02
 8.60979219E-02
 8.50956291E-02
 8.41017331E-02
 8.31102361E-02
 8.21194262E-02
 8.11355218E-02
 8.01531299E-02
 7.91732744E-02
 7.81938206E-02
 7.72722232E-02
 7.63566109E-02
 7.54436559E-02
 7.45308430E-02
 7.36264959E-02
 7.27222475E-02
 7.18188765E-02
 7.09176824E-02
 7.00421744E-02
 6.91667712E-02
 6.82921285E-02
 6.74189025E-02
 6.65528954E-02
 6.56870588E-02
 6.48218754E-02
 6.39703652E-02
 6.31598741E-02
 6.23496131E-02
 6.15399069E-02
 6.07328499E-02
 5.99310296E-02
 5.91294928E-02
 5.83284209E-02
 5.75371825E-02
 5.67594196E-02
 5.59819887E-02
 5.52049401E-02
 5.44315638E-02
 5.36617470E-02
 5.28923045E-02
 5.21231672E-02
 5.13813339E-02
 5.06581822E-02
 4.99354455E-02
 4.92129457E-02
 4.84949630E-02
 4.77791092E-02
 4.70637057E-02
 4.63484751E-02
 4.56483280E-02
 4.49527984E-02
 4.42577510E-02
 4.35628177E-02
 4.28730984E-02
 4.21842879E-02
 4.14959882E-02
 4.08077488E-02
 4.01561047E-02
 3.95069003E-02
 3.88582323E-02
 3.82097074E-02
 3.75667032E-02
 3.69237338E-02
 3.62812540E-02
 3.56406115E-02
 3.50149294E-02
 3.43893240E-02
 3.37641450E-02
 3.31399875E-02
 3.25200387E-02
 3.19002050E-02
 3.12807391E-02
 3.06706719E-02
 3.00846239E-02
 2.94987263E-02
 2.89131420E-02
 2.83294198E-02
 2.77489067E-02
 2.71683936E-02
 2.65878805E-02
 2.60141075E-02
 2.54484693E-02
 2.48828311E-02
 2.43171928E-02
 2.37542084E-02
 2.31934932E-02
 2.26327779E-02
 2.20720627E-02
 2.15296183E-02
 2.09981363E-02
 2.04666544E-02
 1.99351725E-02
 1.94069455E-02
 1.88800421E-02
 1.83531386E-02
 1.78262352E-02
 1.73095914E-02
 1.67955628E-02
 1.62815343E-02
 1.57675057E-02
 1.52572427E-02
 1.47474795E-02
 1.42377163E-02
 1.37279532E-02
 1.32427878E-02
 1.27584160E-02
 1.22740441E-02
 1.17898900E-02
 1.13094983E-02
 1.08291066E-02
 1.03487149E-02
 9.87002577E-03
 9.40174141E-03
 8.93345704E-03
 8.46517268E-03
 7.99732798E-03
 7.53098418E-03
 7.06464038E-03
 6.59829659E-03
 6.14266487E-03
 5.71059971E-03
 5.27853456E-03
 4.84646941E-03
 4.41512758E-03
 3.98487782E-03
 3.55462807E-03
 3.12437832E-03
 2.71114817E-03
 2.31603566E-03
 1.92092315E-03
 1.52581064E-03
 1.14626165E-03
 7.78438596E-04
 4.25977743E-04
 1.01716370E-04
-5.42101086E-19
 1.08420217E-19
 4.33680869E-19
-2.16840434E-19
 1.62630326E-18
-1.08420217E-19
 1.08420217E-19
 0.00000000E+00
 3.79470760E-19
-1.08420217E-19
 5.42101086E-20
 0.00000000E+00
-4.60785923E-19
 0.00000000E+00
-7.45388994E-20
 2.57592599E-01
 4.17273238E-01
 5.30101474E-01
 6.38722555E-01
 7.02594810E-01
 7.66467066E-01
 8.30339321E-01
 8.85797268E-01
 9.00713543E-01
 9.15629818E-01
 9.30546093E-01
 9.45462369E-01
 9.60378644E-01
 9.75294919E-01
 9.90211194E-01
 1.00000000E+00
 1.00000000E+00
 1.00000000E+00
 1.00000000E+00
 1.00000000E+00
 1.00000000E+00
 1.00000000E+00
 1.00000000E+00
 1.00000000E+00
 1.00000000E+00
 1.00000000E+00
 1.00000000E+00
 1.00000000E+00
 1.00000000E+00
 1.00000000E+00
 1.00000000E+00
 1.00000000E+00
 1.00000000E+00
 1.00000000E+00
 1.00000000E+00
 1.00000000E+00
 1.00000000E+00
 1.00000000E+00
 1.00000000E+00
 1.00000000E+00
 1.00000000E+00
 1.00000000E+00
 1.00000000E+00
 1.00000000E+00
 1.00000000E+00
 1.00000000E+00
 1.00000000E+00
 1.00000000E+00
 1.00000000E+00
 1.00000000E+00
 1.00000000E+00
 1.00000000E+00
 1.00000000E+00
 1.00000000E+00
 1.00000000E+00
 1.00000000E+00
 1.00000000E+00
 1.00000000E+00
 1.00000000E+00
 1.00000000E+00
 1.00000000E+00
 1.00000000E+00
 1.00000000E+00
 1.00000000E+00
 1.00000000E+00
 1.00000000E+00
 1.00000000E+00
 1.00000000E+00
 1.00000000E+00
 1.00000000E+00
 1.00000000E+00
 1.00000000E+00
 1.00000000E+00
 1.00000000E+00
 1.00000000E+00
 1.00000000E+00
 1.00000000E+00
 1.00000000E+00
 1.00000000E+00
 1.00000000E+00
 1.00000000E+00
 1.00000000E+00
 1.00000000E+00
 1.00000000E+00
 1.00000000E+00
 1.00000000E+00
 1.00000000E+00
 1.00000000E+00
 1.00000000E+00
 1.00000000E+00
 1.00000000E+00
 1.00000000E+00
 1.00000000E+00
 1.00000000E+00
 1.00000000E+00
 1.00000000E+00
 1.00000000E+00
 1.00000000E+00
 1.00000000E+00
 1.00000000E+00
 1.00000000E+00
 1.00000000E+00
 1.00000000E+00
 1.00000000E+00
 1.00000000E+00
 1.00000000E+00
 1.00000000E+00
 1.00000000E+00
 1.00000000E+00
 1.00000000E+00
 1.00000000E+00
 1.00000000E+00
 1.00000000E+00
 1.00000000E+00
 1.00000000E+00
 1.00000000E+00
 1.00000000E+00
 1.00000000E+00
 1.00000000E+00
 1.00000000E+00
 1.00000000E+00
 1.00000000E+00
 1.00000000E+00
 1.00000000E+00
 1.00000000E+00
 1.00000000E+00
 1.00000000E+00
 1.00000000E+00
 1.00000000E+00
 1.00000000E+00
 1.00000000E+00
 1.00000000E+00
 1.00000000E+00
 1.00000000E+00
 1.00000000E+00
 1.00000000E+00
 1.00000000E+00
 1.00000000E+00
 1.00000000E+00
 1.00000000E+00
 1.00000000E+00
 1.00000000E+00
 1.00000000E+00
 1.00000000E+00
 1.00000000E+00
 1.00000000E+00
 1.00000000E+00
 1.00000000E+00
 1.00000000E+00
 1.00000000E+00
 1.00000000E+00
 1.00000000E+00
 1.00000000E+00
 1.00000000E+00
 1.00000000E+00
 1.00000000E+00
 9.97810062E-01
 9.92804489E-01
 9.87798916E-01
 9.82793343E-01
 9.77787771E-01
 9.72782198E-01
 9.67776625E-01
 9.62771052E-01
 9.50182910E-01
 9.32734147E-01
 9.15285384E-01
 8.97836620E-01
 8.80041230E-01
 8.62093947E-01
 8.43877751E-01
 8.25566225E-01
 8.10030691E-01
 7.95272435E-01
 7.81327765E-01
 7.66297551E-01
 7.52118872E-01
 7.38168488E-01
 7.24345708E-01
 7.10594323E-01
 6.98269644E-01
 6.86071206E-01
 6.73985046E-01
 6.61963193E-01
 6.50259079E-01
 6.38607280E-01
 6.27045161E-01
 6.15782071E-01
 6.06387005E-01
 5.96955189E-01
 5.87638531E-01
 5.78402069E-01
 5.69362959E-01
 5.60366654E-01
 5.51429572E-01
 5.42752119E-01
 5.34645800E-01
 5.26578827E-01
 5.18560161E-01
 5.10627658E-01
 5.02816857E-01
 4.95042366E-01
 4.87307328E-01
 4.80135816E-01
 4.73598997E-01
 4.67096070E-01
 4.60625443E-01
 4.54241678E-01
 4.47930841E-01
 4.41651297E-01
 4.35398185E-01
 4.29457097E-01
 4.23697989E-01
 4.17968211E-01
 4.12260084E-01
 4.06636700E-01
 4.01054078E-01
 3.95498966E-01
 3.89961503E-01
 3.85018527E-01
 3.80222493E-01
 3.75452332E-01
 3.70696488E-01
 3.66021714E-01
 3.61366129E-01
 3.56734935E-01
 3.52115277E-01
 3.47798304E-01
 3.43496524E-01
 3.39217077E-01
 3.34951608E-01
 3.30754072E-01
 3.26566895E-01
 3.22398874E-01
 3.18313485E-01
 3.14636422E-01
 3.10969596E-01
 3.07319202E-01
 3.03689146E-01
 3.00106139E-01
 2.96533222E-01
 2.92974391E-01
 2.89489264E-01
 2.86146923E-01
 2.82813958E-01
 2.79493513E-01
 2.76197072E-01
 2.72932648E-01
 2.69677763E-01
 2.66433780E-01
 2.63359933E-01
 2.60456581E-01
 2.57562873E-01
 2.54677791E-01
 2.51819764E-01
 2.48981826E-01
 2.46153592E-01
 2.43332411E-01
 2.40613337E-01
 2.37945727E-01
 2.35287841E-01
 2.32635638E-01
 2.30012300E-01
 2.27400147E-01
 2.24797703E-01
 2.22199747E-01
 2.19808431E-01
 2.17457536E-01
 2.15116307E-01
 2.12778524E-01
 2.10470552E-01
 2.08167081E-01
 2.05873210E-01
 2.03583604E-01
 2.01403102E-01
 1.99225239E-01
 1.97056077E-01
 1.94891642E-01
 1.92752184E-01
 1.90615715E-01
 1.88486789E-01
 1.86393714E-01
 1.84449384E-01
 1.82508342E-01
 1.80573810E-01
 1.78647172E-01
 1.76738455E-01
 1.74833282E-01
 1.72933698E-01
 1.71065382E-01
 1.69251455E-01
 1.67441279E-01
 1.65635855E-01
 1.63840674E-01
 1.62057838E-01
 1.60278944E-01
 1.58504079E-01
 1.56804304E-01
 1.55170928E-01
 1.53541641E-01
 1.51915731E-01
 1.50301777E-01
 1.48695724E-01
 1.47093889E-01
 1.45494834E-01
 1.43941977E-01
 1.42409330E-01
 1.40881003E-01
 1.39354928E-01
 1.37842033E-01
 1.36333502E-01
 1.34829374E-01
 1.33327022E-01
 1.31920845E-01
 1.30529330E-01
 1.29142281E-01
 1.27756583E-01
 1.26384945E-01
 1.25014869E-01
 1.23649751E-01
 1.22287093E-01
 1.20974454E-01
 1.19662277E-01
 1.18354788E-01
 1.17049146E-01
 1.15755562E-01
 1.14462834E-01
 1.13174117E-01
 1.11904744E-01
 1.10704454E-01
 1.09505369E-01
 1.08309683E-01
 1.07117796E-01
 1.05934577E-01
 1.04752873E-01
 1.03574014E-01
 1.02411653E-01
 1.01275028E-01
 1.00140196E-01
 9.90077037E-02
 9.78805587E-02
 9.67592864E-02
 9.56400512E-02
 9.45227000E-02
 9.34456663E-02
 9.23999907E-02
 9.13565695E-02
 9.03146175E-02
 8.92792364E-02
 8.82474179E-02
 8.72180463E-02
 8.61897669E-02
 8.51868129E-02
 8.41930192E-02
 8.32018425E-02
 8.22114154E-02
 8.12285214E-02
 8.02472776E-02
 7.92688008E-02
 7.82907621E-02
 7.73661047E-02
 7.64469694E-02
 7.55307330E-02
 7.46146516E-02
 7.37078056E-02
 7.28010672E-02
 7.18952862E-02
 7.09918798E-02
 7.01164947E-02
 6.92412238E-02
 6.83667826E-02
 6.74938869E-02
 6.66288664E-02
 6.57640319E-02
 6.48999100E-02
 6.40484699E-02
 6.32350755E-02
 6.24219320E-02
 6.16093938E-02
 6.07997456E-02
 5.99958101E-02
 5.91921839E-02
 5.83890649E-02
 5.75966734E-02
 5.68189824E-02
 5.60416536E-02
 5.52647418E-02
 5.44918362E-02
 5.37228137E-02
 5.29541995E-02
 5.21859183E-02
 5.14429623E-02
 5.07173342E-02
 4.99921589E-02
 4.92672419E-02
 4.85472527E-02
 4.78295859E-02
 4.71124104E-02
 4.63954235E-02
 4.56948914E-02
 4.49993964E-02
 4.43044275E-02
 4.36095832E-02
 4.29204267E-02
 4.22322618E-02
 4.15446541E-02
 4.08571121E-02
 4.02035137E-02
 3.95521781E-02
 3.89014277E-02
 3.82508335E-02
 3.76062618E-02
 3.69617281E-02
 3.63177285E-02
 3.56757332E-02
 3.50500584E-02
 3.44244672E-02
 3.37993412E-02
 3.31753296E-02
 3.25559093E-02
 3.19366145E-02
 3.13177209E-02
 3.07075452E-02
 3.01196483E-02
 2.95319155E-02
 2.89445245E-02
 2.83591648E-02
 2.77773060E-02
 2.71954472E-02
 2.66135884E-02
 2.60390825E-02
 2.54734509E-02
 2.49078192E-02
 2.43421875E-02
 2.37794509E-02
 2.32191898E-02
 2.26589287E-02
 2.20986676E-02
 2.15553949E-02
 2.10223153E-02
 2.04892356E-02
 1.99561560E-02
 1.94266273E-02
 1.88985424E-02
 1.83704575E-02
 1.78423726E-02
 1.73254800E-02
 1.68114405E-02
 1.62974009E-02
 1.57833614E-02
 1.52734296E-02
 1.47640432E-02
 1.42546568E-02
 1.37452703E-02
 1.32587549E-02
 1.27729773E-02
 1.22871997E-02
 1.18016596E-02
 1.13202240E-02
 1.08387884E-02
 1.03573527E-02
 9.87777450E-03
 9.40954688E-03
 8.94131926E-03
 8.47309164E-03
 8.00534365E-03
 7.53923301E-03
 7.07312238E-03
 6.60701174E-03
 6.15047978E-03
 5.71502089E-03
 5.27956200E-03
 4.84410311E-03
 4.40943330E-03
 3.97595485E-03
 3.54247640E-03
 3.10899795E-03
 2.69408634E-03
 2.29893942E-03
 1.90379251E-03
 1.50864559E-03
 1.13047707E-03
 7.65100470E-04
 4.16482638E-04
 9.86278729E-05
-3.25260652E-19
 3.25260652E-19
 7.58941521E-19
 3.25260652E-19
 0.00000000E+00
 1.95156391E-18
-1.57209315E-18
-3.79470760E-19
 5.42101086E-20
 1.62630326E-19
 6.50521303E-19
-1.89735380E-19
-2.43945489E-19
-9.48676901E-20
 1.76182853E-19
 2.73735961E-01
 4.41400632E-01
 5.58308533E-01
 6.70658683E-01
 7.34530938E-01
 7.98403194E-01
 8.62275449E-01
 9.17032203E-01
 9.27868813E-01
 9.38705423E-01
 9.49542034E-01
 9.60378644E-01
 9.71215254E-01
 9.82051864E-01
 9.92888475E-01
 1.00000000E+00
 1.00000000E+00
 1.00000000E+00
 1.00000000E+00
 1.00000000E+00
 1.00000000E+00
 1.00000000E+00
 1.00000000E+00
 1.00000000E+00
 1.00000000E+00
 1.00000000E+00
 1.00000000E+00
 1.00000000E+00
 1.00000000E+00
 1.00000000E+00
 1.00000000E+00
 1.00000000E+00
 1.00000000E+00
 1.00000000E+00
 1.00000000E+00
 1.00000000E+00
 1.00000000E+00
 1.00000000E+00
 1.00000000E+00
 1.00000000E+00
 1.00000000E+00
 1.00000000E+00
 1.00000000E+00
 1.00000000E+00
 1.00000000E+00
 1.00000000E+00
 1.00000000E+00
 1.00000000E+00
 1.00000000E+00
 1.00000000E+00
 1.00000000E+00
 1.00000000E+00
 1.00000000E+00
 1.00000000E+00
 1.00000000E+00
 1.00000000E+00
 1.00000000E+00
 1.00000000E+00
 1.00000000E+00
 1.00000000E+00
 1.00000000E+00
 1.00000000E+00
 1.00000000E+00
 1.00000000E+00
 1.00000000E+00
 1.00000000E+00
 1.00000000E+00
 1.00000000E+00
 1.00000000E+00
 1.00000000E+00
 1.00000000E+00
 1.00000000E+00
 1.00000000E+00
 1.00000000E+00
 1.00000000E+00
 1.00000000E+00
 1.00000000E+00
 1.00000000E+00
 1.00000000E+00
 1.00000000E+00
 1.00000000E+00
 1.00000000E+00
 1.00000000E+00
 1.00000000E+00
 1.00000000E+00
 1.00000000E+00
 1.00000000E+00
 1.00000000E+00
 1.00000000E+00
 1.00000000E+00
 1.00000000E+00
 1.00000000E+00
 1.00000000E+00
 1.00000000E+00
 1.00000000E+00
 1.00000000E+00
 1.00000000E+00
 1.00000000E+00
 1.00000000E+00
 1.00000000E+00
 1.00000000E+00
 1.00000000E+00
 1.00000000E+00
 1.00000000E+00
 1.00000000E+00
 1.00000000E+00
 1.00000000E+00
 1.00000000E+00
 1.00000000E+00
 1.00000000E+00
 1.00000000E+00
 1.00000000E+00
 1.00000000E+00
 1.00000000E+00
 1.00000000E+00
 1.00000000E+00
 1.00000000E+00
 1.00000000E+00
 1.00000000E+00
 1.00000000E+00
 1.00000000E+00
 1.00000000E+00
 1.00000000E+00
 1.00000000E+00
 1.00000000E+00
 1.00000000E+00
 1.00000000E+00
 1.00000000E+00
 1.00000000E+00
 1.00000000E+00
 1.00000000E+00
 1.00000000E+00
 1.00000000E+00
 1.00000000E+00
 1.00000000E+00
 1.00000000E+00
 1.00000000E+00
 1.00000000E+00
 1.00000000E+00
 1.00000000E+00
 1.00000000E+00
 1.00000000E+00
 1.00000000E+00
 1.00000000E+00
 1.00000000E+00
 1.00000000E+00
 1.00000000E+00
 1.00000000E+00
 1.00000000E+00
 1.00000000E+00
 1.00000000E+00
 1.00000000E+00
 1.00000000E+00
 1.00000000E+00
 1.00000000E+00
 1.00000000E+00
 9.98095171E-01
 9.93741275E-01
 9.89387379E-01
 9.85033483E-01
 9.80679588E-01
 9.76325692E-01
 9.71971796E-01
 9.67617900E-01
 9.55049554E-01
 9.37215536E-01
 9.19381517E-01
 9.01547498E-01
 8.83337967E-01
 8.64963885E-01
 8.46298480E-01
 8.27529802E-01
 8.11752434E-01
 7.96812633E-01
 7.82754216E-01
 7.67519794E-01
 7.53207867E-01
 7.39143261E-01
 7.25216892E-01
 7.11367867E-01
 6.99064441E-01
 6.86897776E-01
 6.74852745E-01
 6.62877381E-01
 6.51246233E-01
 6.39671761E-01
 6.28194441E-01
 6.16996177E-01
 6.07507358E-01
 5.97978726E-01
 5.88574849E-01
 5.79257851E-01
 5.70154650E-01
 5.61097822E-01
 5.52105152E-01
 5.43393748E-01
 5.35301071E-01
 5.27251019E-01
 5.19253300E-01
 5.11348924E-01
 5.03576391E-01
 4.95843196E-01
 4.88152740E-01
 4.80978323E-01
 4.74384451E-01
 4.67827294E-01
 4.61305130E-01
 4.54877066E-01
 4.48528007E-01
 4.42212849E-01
 4.35926326E-01
 4.29977829E-01
 4.24226477E-01
 4.18506899E-01
 4.12810775E-01
 4.07206457E-01
 4.01646298E-01
 3.96115942E-01
 3.90604704E-01
 3.85636422E-01
 3.80804003E-01
 3.75999612E-01
 3.71210732E-01
 3.66509677E-01
 3.61829411E-01
 3.57175568E-01
 3.52534222E-01
 3.48220785E-01
 3.43923807E-01
 3.39651024E-01
 3.35393383E-01
 3.31209335E-01
 3.27036511E-01
 3.22884439E-01
 3.18809040E-01
 3.15106628E-01
 3.11415307E-01
 3.07741787E-01
 3.04090301E-01
 3.00489784E-01
 2.96900198E-01
 2.93325872E-01
 2.89831391E-01
 2.86491595E-01
 2.83161957E-01
 2.79845882E-01
 2.76555812E-01
 2.73300427E-01
 2.70055375E-01
 2.66822134E-01
 2.63744696E-01
 2.60823449E-01
 2.57912651E-01
 2.55011197E-01
 2.52139052E-01
 2.49288671E-01
 2.46448802E-01
 2.43616574E-01
 2.40894963E-01
 2.38229104E-01
 2.35573778E-01
 2.32924610E-01
 2.30306712E-01
 2.27700931E-01
 2.25105668E-01
 2.22515267E-01
 2.20113852E-01
 2.17749768E-01
 2.15396156E-01
 2.13046276E-01
 2.10728693E-01
 2.08415985E-01
 2.06113676E-01
 2.03815988E-01
 2.01636497E-01
 1.99459864E-01
 1.97292657E-01
 1.95130572E-01
 1.92995545E-01
 1.90863756E-01
 1.88740138E-01
 1.86649573E-01
 1.84695072E-01
 1.82744134E-01
 1.80800249E-01
 1.78864916E-01
 1.76948997E-01
 1.75036917E-01
 1.73130891E-01
 1.71258740E-01
 1.69445511E-01
 1.67636344E-01
 1.65832326E-01
 1.64039404E-01
 1.62259856E-01
 1.60484578E-01
 1.58713665E-01
 1.57011535E-01
 1.55370251E-01
 1.53733395E-01
 1.52100199E-01
 1.50479955E-01
 1.48868270E-01
 1.47261154E-01
 1.45657052E-01
 1.44102995E-01
 1.42570834E-01
 1.41043352E-01
 1.39518310E-01
 1.38007547E-01
 1.36501511E-01
 1.35000245E-01
 1.33500903E-01
 1.32089541E-01
 1.30691747E-01
 1.29298793E-01
 1.27907301E-01
 1.26531041E-01
 1.25156473E-01
 1.23787276E-01
 1.22420745E-01
 1.21108400E-01
 1.19796557E-01
 1.18489792E-01
 1.17185027E-01
 1.15893326E-01
 1.14602551E-01
 1.13316123E-01
 1.12047416E-01
 1.10842002E-01
 1.09637893E-01
 1.08437467E-01
 1.07241155E-01
 1.06054235E-01
 1.04868956E-01
 1.03686758E-01
 1.02522434E-01
 1.01385990E-01
 1.00251488E-01
 9.91195217E-02
 9.79933477E-02
 9.68735360E-02
 9.57559312E-02
 9.46403672E-02
 9.35617410E-02
 9.25118441E-02
 9.14643896E-02
 9.04185265E-02
 8.93797821E-02
 8.83448971E-02
 8.73126629E-02
 8.62816119E-02
 8.52779968E-02
 8.42843053E-02
 8.32934489E-02
 8.23034045E-02
 8.13215211E-02
 8.03414254E-02
 7.93643271E-02
 7.83877036E-02
 7.74599861E-02
 7.65373279E-02
 7.56178100E-02
 7.46984601E-02
 7.37891153E-02
 7.28798870E-02
 7.19716958E-02
 7.10660771E-02
 7.01908149E-02
 6.93156764E-02
 6.84414367E-02
 6.75688713E-02
 6.67048374E-02
 6.58410049E-02
 6.49779445E-02
 6.41265747E-02
 6.33102769E-02
 6.24942508E-02
 6.16788806E-02
 6.08666412E-02
 6.00605906E-02
 5.92548751E-02
 5.84497090E-02
 5.76561643E-02
 5.68785452E-02
 5.61013185E-02
 5.53245435E-02
 5.45521087E-02
 5.37838804E-02
 5.30160945E-02
 5.22486693E-02
 5.15045908E-02
 5.07764863E-02
 5.00488723E-02
 4.93215381E-02
 4.85995425E-02
 4.78800627E-02
 4.71611152E-02
 4.64423720E-02
 4.57414547E-02
 4.50459945E-02
 4.43511041E-02
 4.36563486E-02
 4.29677551E-02
 4.22802357E-02
 4.15933200E-02
 4.09064754E-02
 4.02509226E-02
 3.95974559E-02
 3.89446232E-02
 3.82919596E-02
 3.76458204E-02
 3.69997224E-02
 3.63542030E-02
 3.57108549E-02
 3.50851874E-02
 3.44596104E-02
 3.38345375E-02
 3.32106717E-02
 3.25917799E-02
 3.19730240E-02
 3.13547028E-02
 3.07444184E-02
 3.01546727E-02
 2.95651047E-02
 2.89759070E-02
 2.83889099E-02
 2.78057054E-02
 2.72225009E-02
 2.66392964E-02
 2.60640575E-02
 2.54984324E-02
 2.49328073E-02
 2.43671822E-02
 2.38046934E-02
 2.32448864E-02
 2.26850794E-02
 2.21252724E-02
 2.15811715E-02
 2.10464942E-02
 2.05118169E-02
 1.99771395E-02
 1.94463091E-02
 1.89170427E-02
 1.83877763E-02
 1.78585100E-02
 1.73413687E-02
 1.68273181E-02
 1.63132675E-02
 1.57992170E-02
 1.52896165E-02
 1.47806069E-02
 1.42715972E-02
 1.37625875E-02
 1.32747220E-02
 1.27875387E-02
 1.23003553E-02
 1.18134292E-02
 1.13309497E-02
 1.08484701E-02
 1.03659906E-02
 9.88552323E-03
 9.41735235E-03
 8.94918148E-03
 8.48101060E-03
 8.01335932E-03
 7.54748185E-03
 7.08160437E-03
 6.61572689E-03
 6.15829468E-03
 5.71944206E-03
 5.28058944E-03
 4.84173681E-03
 4.40373902E-03
 3.96703188E-03
 3.53032473E-03
 3.09361758E-03
 2.67702450E-03
 2.28184319E-03
 1.88666187E-03
 1.49148055E-03
 1.11469248E-03
 7.51762345E-04
 4.06987532E-04
 9.55393759E-05
 1.30104261E-18
-1.02999206E-18
-1.46367293E-18
-9.21571847E-19
 1.13841228E-18
-1.40946282E-18
-5.42101086E-19
-3.79470760E-19
-6.50521303E-19
-4.60785923E-19
-7.04731412E-19
-1.89735380E-19
-2.03287907E-19
-9.48676901E-20
 6.09863722E-20
 2.89879323E-01
 4.65528026E-01
 5.86515592E-01
 7.02594810E-01
 7.66467066E-01
 8.30339321E-01
 8.94211577E-01
 9.48267138E-01
 9.55024084E-01
 9.61781029E-01
 9.68537974E-01
 9.75294919E-01
 9.82051864E-01
 9.88808810E-01
 9.95565755E-01
 1.00000000E+00
 1.00000000E+00
 1.00000000E+00
 1.00000000E+00
 1.00000000E+00
 1.00000000E+00
 1.00000000E+00
 1.00000000E+00
 1.00000000E+00
 1.00000000E+00
 1.00000000E+00
 1.00000000E+00
 1.00000000E+00
 1.00000000E+00
 1.00000000E+00
 1.00000000E+00
 1.00000000E+00
 1.00000000E+00
 1.00000000E+00
 1.00000000E+00
 1.00000000E+00
 1.00000000E+00
 1.00000000E+00
 1.00000000E+00
 1.00000000E+00
 1.00000000E+00
 1.00000000E+00
 1.00000000E+00
 1.00000000E+00
 1.00000000E+00
 1.00000000E+00
 1.00000000E+00
 1.00000000E+00
 1.00000000E+00
 1.00000000E+00
 1.00000000E+00
 1.00000000E+00
 1.00000000E+00
 1.00000000E+00
 1.00000000E+00
 1.00000000E+00
 1.00000000E+00
 1.00000000E+00
 1.00000000E+00
 1.00000000E+00
 1.00000000E+00
 1.00000000E+00
 1.00000000E+00
 1.00000000E+00
 1.00000000E+00
 1.00000000E+00
 1.00000000E+00
 1.00000000E+00
 1.00000000E+00
 1.00000000E+00
 1.00000000E+00
 1.00000000E+00
 1.00000000E+00
 1.00000000E+00
 1.00000000E+00
 1.00000000E+00
 1.00000000E+00
 1.00000000E+00
 1.00000000E+00
 1.00000000E+00
 1.00000000E+00
 1.00000000E+00
 1.00000000E+00
 1.00000000E+00
 1.00000000E+00
 1.00000000E+00
 1.00000000E+00
 1.00000000E+00
 1.00000000E+00
 1.00000000E+00
 1.00000000E+00
 1.00000000E+00
 1.00000000E+00
 1.00000000E+00
 1.00000000E+00
 1.00000000E+00
 1.00000000E+00
 1.00000000E+00
 1.00000000E+00
 1.00000000E+00
 1.00000000E+00
 1.00000000E+00
 1.00000000E+00
 1.00000000E+00
 1.00000000E+00
 1.00000000E+00
 1.00000000E+00
 1.00000000E+00
 1.00000000E+00
 1.00000000E+00
 1.00000000E+00
 1.00000000E+00
 1.00000000E+00
 1.00000000E+00
 1.00000000E+00
 1.00000000E+00
 1.00000000E+00
 1.00000000E+00
 1.00000000E+00
 1.00000000E+00
 1.00000000E+00
 1.00000000E+00
 1.00000000E+00
 1.00000000E+00
 1.00000000E+00
 1.00000000E+00
 1.00000000E+00
 1.00000000E+00
 1.00000000E+00
 1.00000000E+00
 1.00000000E+00
 1.00000000E+00
 1.00000000E+00
 1.00000000E+00
 1.00000000E+00
 1.00000000E+00
 1.00000000E+00
 1.00000000E+00
 1.00000000E+00
 1.00000000E+00
 1.00000000E+00
 1.00000000E+00
 1.00000000E+00
 1.00000000E+00
 1.00000000E+00
 1.00000000E+00
 1.00000000E+00
 1.00000000E+00
 1.00000000E+00
 1.00000000E+00
 1.00000000E+00
 1.00000000E+00
 1.00000000E+00
 1.00000000E+00
 1.00000000E+00
 1.00000000E+00
 9.98380279E-01
 9.94678061E-01
 9.90975842E-01
 9.87273623E-01
 9.83571404E-01
 9.79869186E-01
 9.76166967E-01
 9.72464748E-01
 9.59916199E-01
 9.41696924E-01
 9.23477650E-01
 9.05258375E-01
 8.86634703E-01
 8.67833823E-01
 8.48719210E-01
 8.29493379E-01
 8.13474177E-01
 7.98352830E-01
 7.84180667E-01
 7.68742036E-01
 7.54296862E-01
 7.40118034E-01
 7.26088076E-01
 7.12141411E-01
 6.99859238E-01
 6.87724346E-01
 6.75720445E-01
 6.63791568E-01
 6.52233387E-01
 6.40736241E-01
 6.29343721E-01
 6.18210283E-01
 6.08627711E-01
 5.99002263E-01
 5.89511166E-01
 5.80113632E-01
 5.70946342E-01
 5.61828990E-01
 5.52780732E-01
 5.44035376E-01
 5.35956342E-01
 5.27923211E-01
 5.19946439E-01
 5.12070189E-01
 5.04335926E-01
 4.96644025E-01
 4.88998152E-01
 4.81820831E-01
 4.75169905E-01
 4.68558519E-01
 4.61984817E-01
 4.55512454E-01
 4.49125173E-01
 4.42774401E-01
 4.36454467E-01
 4.30498561E-01
 4.24754964E-01
 4.19045586E-01
 4.13361467E-01
 4.07776215E-01
 4.02238519E-01
 3.96732918E-01
 3.91247906E-01
 3.86254318E-01
 3.81385513E-01
 3.76546892E-01
 3.71724976E-01
 3.66997640E-01
 3.62292692E-01
 3.57616200E-01
 3.52953166E-01
 3.48643266E-01
 3.44351090E-01
 3.40084970E-01
 3.35835157E-01
 3.31664599E-01
 3.27506127E-01
 3.23370004E-01
 3.19304594E-01
 3.15576835E-01
 3.11861019E-01
 3.08164373E-01
 3.04491456E-01
 3.00873429E-01
 2.97267173E-01
 2.93677352E-01
 2.90173518E-01
 2.86836268E-01
 2.83509956E-01
 2.80198252E-01
 2.76914553E-01
 2.73668205E-01
 2.70432987E-01
 2.67210488E-01
 2.64129459E-01
 2.61190318E-01
 2.58262429E-01
 2.55344603E-01
 2.52458340E-01
 2.49595516E-01
 2.46744013E-01
 2.43900738E-01
 2.41176588E-01
 2.38512480E-01
 2.35859716E-01
 2.33213581E-01
 2.30601124E-01
 2.28001715E-01
 2.25413633E-01
 2.22830787E-01
 2.20419273E-01
 2.18042000E-01
 2.15676004E-01
 2.13314028E-01
 2.10986833E-01
 2.08664888E-01
 2.06354143E-01
 2.04048373E-01
 2.01869892E-01
 1.99694489E-01
 1.97529238E-01
 1.95369502E-01
 1.93238906E-01
 1.91111796E-01
 1.88993487E-01
 1.86905431E-01
 1.84940761E-01
 1.82979927E-01
 1.81026689E-01
 1.79082660E-01
 1.77159539E-01
 1.75240551E-01
 1.73328085E-01
 1.71452099E-01
 1.69639566E-01
 1.67831409E-01
 1.66028797E-01
 1.64238134E-01
 1.62461874E-01
 1.60690212E-01
 1.58923252E-01
 1.57218766E-01
 1.55569573E-01
 1.53925150E-01
 1.52284667E-01
 1.50658133E-01
 1.49040816E-01
 1.47428420E-01
 1.45819269E-01
 1.44264014E-01
 1.42732338E-01
 1.41205702E-01
 1.39681693E-01
 1.38173061E-01
 1.36669520E-01
 1.35171116E-01
 1.33674784E-01
 1.32258237E-01
 1.30854165E-01
 1.29455305E-01
 1.28058018E-01
 1.26677137E-01
 1.25298077E-01
 1.23924802E-01
 1.22554397E-01
 1.21242347E-01
 1.19930837E-01
 1.18624795E-01
 1.17320908E-01
 1.16031089E-01
 1.14742269E-01
 1.13458128E-01
 1.12190088E-01
 1.10979550E-01
 1.09770417E-01
 1.08565250E-01
 1.07364515E-01
 1.06173893E-01
 1.04985039E-01
 1.03799503E-01
 1.02633214E-01
 1.01496952E-01
 1.00362780E-01
 9.92313396E-02
 9.81061368E-02
 9.69877857E-02
 9.58718111E-02
 9.47580344E-02
 9.36778157E-02
 9.26236975E-02
 9.15722096E-02
 9.05224356E-02
 8.94803277E-02
 8.84423762E-02
 8.74072795E-02
 8.63734569E-02
 8.53691806E-02
 8.43755913E-02
 8.33850552E-02
 8.23953937E-02
 8.14145208E-02
 8.04355731E-02
 7.94598535E-02
 7.84846451E-02
 7.75538676E-02
 7.66276864E-02
 7.57048871E-02
 7.47822687E-02
 7.38704249E-02
 7.29587067E-02
 7.20481054E-02
 7.11402745E-02
 7.02651351E-02
 6.93901290E-02
 6.85160908E-02
 6.76438557E-02
 6.67808083E-02
 6.59179780E-02
 6.50559790E-02
 6.42046794E-02
 6.33854783E-02
 6.25665697E-02
 6.17483675E-02
 6.09335369E-02
 6.01253711E-02
 5.93175663E-02
 5.85103530E-02
 5.77156552E-02
 5.69381080E-02
 5.61609834E-02
 5.53843452E-02
 5.46123811E-02
 5.38449471E-02
 5.30779894E-02
 5.23114203E-02
 5.15662192E-02
 5.08356383E-02
 5.01055856E-02
 4.93758343E-02
 4.86518322E-02
 4.79305394E-02
 4.72098199E-02
 4.64893204E-02
 4.57880181E-02
 4.50925925E-02
 4.43977807E-02
 4.37031141E-02
 4.30150835E-02
 4.23282096E-02
 4.16419859E-02
 4.09558387E-02
 4.02983316E-02
 3.96427338E-02
 3.89878186E-02
 3.83330857E-02
 3.76853791E-02
 3.70377167E-02
 3.63906775E-02
 3.57459767E-02
 3.51203164E-02
 3.44947537E-02
 3.38697337E-02
 3.32460138E-02
 3.26276504E-02
 3.20094335E-02
 3.13916846E-02
 3.07812917E-02
 3.01896971E-02
 2.95982939E-02
 2.90072894E-02
 2.84186549E-02
 2.78341047E-02
 2.72495545E-02
 2.66650043E-02
 2.60890325E-02
 2.55234140E-02
 2.49577954E-02
 2.43921769E-02
 2.38299359E-02
 2.32705830E-02
 2.27112302E-02
 2.21518773E-02
 2.16069481E-02
 2.10706731E-02
 2.05343981E-02
 1.99981231E-02
 1.94659908E-02
 1.89355430E-02
 1.84050952E-02
 1.78746474E-02
 1.73572573E-02
 1.68431957E-02
 1.63291341E-02
 1.58150726E-02
 1.53058035E-02
 1.47971705E-02
 1.42885376E-02
 1.37799046E-02
 1.32906892E-02
 1.28021000E-02
 1.23135109E-02
 1.18251989E-02
 1.13416754E-02
 1.08581519E-02
 1.03746285E-02
 9.89327195E-03
 9.42515782E-03
 8.95704369E-03
 8.48892956E-03
 8.02137500E-03
 7.55573068E-03
 7.09008636E-03
 6.62444205E-03
 6.16610959E-03
 5.72386323E-03
 5.28161687E-03
 4.83937051E-03
 4.39804475E-03
 3.95810890E-03
 3.51817305E-03
 3.07823721E-03
 2.65996267E-03
 2.26474695E-03
 1.86953123E-03
 1.47431551E-03
 1.09890790E-03
 7.38424219E-04
 3.97492426E-04
 9.24508789E-05
 1.84314369E-18
-1.35525272E-18
-1.35525272E-18
 0.00000000E+00
 8.13151629E-19
-1.38235777E-18
-1.08420217E-18
 1.62630326E-19
-1.13841228E-18
 0.00000000E+00
-5.14996032E-19
 8.13151629E-20
-5.28548559E-19
 4.06575815E-20
 7.79270311E-20
 3.06022685E-01
 4.89655420E-01
 6.14722651E-01
 7.34530938E-01
 7.98403194E-01
 8.62275449E-01
 9.26147705E-01
 9.79502074E-01
 9.82179354E-01
 9.84856634E-01
 9.87533914E-01
 9.90211194E-01
 9.92888475E-01
 9.95565755E-01
 9.98243035E-01
 1.00000000E+00
 1.00000000E+00
 1.00000000E+00
 1.00000000E+00
 1.00000000E+00
 1.00000000E+00
 1.00000000E+00
 1.00000000E+00
 1.00000000E+00
 1.00000000E+00
 1.00000000E+00
 1.00000000E+00
 1.00000000E+00
 1.00000000E+00
 1.00000000E+00
 1.00000000E+00
 1.00000000E+00
 1.00000000E+00
 1.00000000E+00
 1.00000000E+00
 1.00000000E+00
 1.00000000E+00
 1.00000000E+00
 1.00000000E+00
 1.00000000E+00
 1.00000000E+00
 1.00000000E+00
 1.00000000E+00
 1.00000000E+00
 1.00000000E+00
 1.00000000E+00
 1.00000000E+00
 1.00000000E+00
 1.00000000E+00
 1.00000000E+00
 1.00000000E+00
 1.00000000E+00
 1.00000000E+00
 1.00000000E+00
 1.00000000E+00
 1.00000000E+00
 1.00000000E+00
 1.00000000E+00
 1.00000000E+00
 1.00000000E+00
 1.00000000E+00
 1.00000000E+00
 1.00000000E+00
 1.00000000E+00
 1.00000000E+00
 1.00000000E+00
 1.00000000E+00
 1.00000000E+00
 1.00000000E+00
 1.00000000E+00
 1.00000000E+00
 1.00000000E+00
 1.00000000E+00
 1.00000000E+00
 1.00000000E+00
 1.00000000E+00
 1.00000000E+00
 1.00000000E+00
 1.00000000E+00
 1.00000000E+00
 1.00000000E+00
 1.00000000E+00
 1.00000000E+00
 1.00000000E+00
 1.00000000E+00
 1.00000000E+00
 1.00000000E+00
 1.00000000E+00
 1.00000000E+00
 1.00000000E+00
 1.00000000E+00
 1.00000000E+00
 1.00000000E+00
 1.00000000E+00
 1.00000000E+00
 1.00000000E+00
 1.00000000E+00
 1.00000000E+00
 1.00000000E+00
 1.00000000E+00
 1.00000000E+00
 1.00000000E+00
 1.00000000E+00
 1.00000000E+00
 1.00000000E+00
 1.00000000E+00
 1.00000000E+00
 1.00000000E+00
 1.00000000E+00
 1.00000000E+00
 1.00000000E+00
 1.00000000E+00
 1.00000000E+00
 1.00000000E+00
 1.00000000E+00
 1.00000000E+00
 1.00000000E+00
 1.00000000E+00
 1.00000000E+00
 1.00000000E+00
 1.00000000E+00
 1.00000000E+00
 1.00000000E+00
 1.00000000E+00
 1.00000000E+00
 1.00000000E+00
 1.00000000E+00
 1.00000000E+00
 1.00000000E+00
 1.00000000E+00
 1.00000000E+00
 1.00000000E+00
 1.00000000E+00
 1.00000000E+00
 1.00000000E+00
 1.00000000E+00
 1.00000000E+00
 1.00000000E+00
 1.00000000E+00
 1.00000000E+00
 1.00000000E+00
 1.00000000E+00
 1.00000000E+00
 1.00000000E+00
 1.00000000E+00
 1.00000000E+00
 1.00000000E+00
 1.00000000E+00
 1.00000000E+00
 1.00000000E+00
 1.00000000E+00
 1.00000000E+00
 1.00000000E+00
 1.00000000E+00
 1.00000000E+00
 1.00000000E+00
 9.98665388E-01
 9.95614846E-01
 9.92564305E-01
 9.89513763E-01
 9.86463221E-01
 9.83412680E-01
 9.80362138E-01
 9.77311596E-01
 9.64782843E-01
 9.46178313E-01
 9.27573783E-01
 9.08969253E-01
 8.89931440E-01
 8.70703761E-01
 8.51139939E-01
 8.31456957E-01
 8.15195920E-01
 7.99893028E-01
 7.85607118E-01
 7.69964279E-01
 7.55385858E-01
 7.41092807E-01
 7.26959260E-01
 7.12914956E-01
 7.00654036E-01
 6.88550916E-01
 6.76588144E-01
 6.64705756E-01
 6.53220542E-01
 6.41800722E-01
 6.30493001E-01
 6.19424388E-01
 6.09748064E-01
 6.00025800E-01
 5.90447484E-01
 5.80969414E-01
 5.71738033E-01
 5.62560159E-01
 5.53456313E-01
 5.44677004E-01
 5.36611612E-01
 5.28595403E-01
 5.20639577E-01
 5.12791455E-01
 5.05095460E-01
 4.97444854E-01
 4.89843563E-01
 4.82663338E-01
 4.75955358E-01
 4.69289743E-01
 4.62664504E-01
 4.56147842E-01
 4.49722339E-01
 4.43335954E-01
 4.36982608E-01
 4.31019292E-01
 4.25283451E-01
 4.19584273E-01
 4.13912158E-01
 4.08345972E-01
 4.02830739E-01
 3.97349893E-01
 3.91891108E-01
 3.86872213E-01
 3.81967023E-01
 3.77094173E-01
 3.72239220E-01
 3.67485603E-01
 3.62755974E-01
 3.58056833E-01
 3.53372111E-01
 3.49065747E-01
 3.44778373E-01
 3.40518917E-01
 3.36276932E-01
 3.32119863E-01
 3.27975743E-01
 3.23855568E-01
 3.19800148E-01
 3.16047041E-01
 3.12306730E-01
 3.08586959E-01
 3.04892611E-01
 3.01257074E-01
 2.97634149E-01
 2.94028833E-01
 2.90515645E-01
 2.87180941E-01
 2.83857956E-01
 2.80550621E-01
 2.77273293E-01
 2.74035984E-01
 2.70810599E-01
 2.67598842E-01
 2.64514222E-01
 2.61557186E-01
 2.58612206E-01
 2.55678008E-01
 2.52777629E-01
 2.49902361E-01
 2.47039223E-01
 2.44184901E-01
 2.41458214E-01
 2.38795856E-01
 2.36145653E-01
 2.33502553E-01
 2.30895536E-01
 2.28302499E-01
 2.25721598E-01
 2.23146308E-01
 2.20724694E-01
 2.18334232E-01
 2.15955853E-01
 2.13581781E-01
 2.11244973E-01
 2.08913791E-01
 2.06594609E-01
 2.04280757E-01
 2.02103287E-01
 1.99929115E-01
 1.97765819E-01
 1.95608433E-01
 1.93482267E-01
 1.91359837E-01
 1.89246836E-01
 1.87161290E-01
 1.85186450E-01
 1.83215720E-01
 1.81253128E-01
 1.79300403E-01
 1.77370080E-01
 1.75444186E-01
 1.73525279E-01
 1.71645457E-01
 1.69833622E-01
 1.68026474E-01
 1.66225267E-01
 1.64436864E-01
 1.62663892E-01
 1.60895846E-01
 1.59132838E-01
 1.57425997E-01
 1.55768896E-01
 1.54116904E-01
 1.52469135E-01
 1.50836310E-01
 1.49213362E-01
 1.47595686E-01
 1.45981486E-01
 1.44425032E-01
 1.42893841E-01
 1.41368051E-01
 1.39845075E-01
 1.38338574E-01
 1.36837529E-01
 1.35341987E-01
 1.33848665E-01
 1.32426934E-01
 1.31016583E-01
 1.29611816E-01
 1.28208736E-01
 1.26823233E-01
 1.25439681E-01
 1.24062328E-01
 1.22688049E-01
 1.21376293E-01
 1.20065116E-01
 1.18759799E-01
 1.17456789E-01
 1.16168853E-01
 1.14881986E-01
 1.13600134E-01
 1.12332761E-01
 1.11117098E-01
 1.09902942E-01
 1.08693034E-01
 1.07487875E-01
 1.06293551E-01
 1.05101121E-01
 1.03912247E-01
 1.02743995E-01
 1.01607914E-01
 1.00474073E-01
 9.93431575E-02
 9.82189259E-02
 9.71020353E-02
 9.59876910E-02
 9.48757016E-02
 9.37938904E-02
 9.27355510E-02
 9.16800297E-02
 9.06263447E-02
 8.95808734E-02
 8.85398554E-02
 8.75018960E-02
 8.64653019E-02
 8.54603645E-02
 8.44668774E-02
 8.34766616E-02
 8.24873828E-02
 8.15075205E-02
 8.05297208E-02
 7.95553798E-02
 7.85815866E-02
 7.76477491E-02
 7.67180448E-02
 7.57919641E-02
 7.48660773E-02
 7.39517346E-02
 7.30375265E-02
 7.21245150E-02
 7.12144719E-02
 7.03394553E-02
 6.94645816E-02
 6.85907449E-02
 6.77188402E-02
 6.68567793E-02
 6.59949510E-02
 6.51340135E-02
 6.42827842E-02
 6.34606796E-02
 6.26388886E-02
 6.18178544E-02
 6.10004326E-02
 6.01901516E-02
 5.93802574E-02
 5.85709971E-02
 5.77751461E-02
 5.69976709E-02
 5.62206483E-02
 5.54441470E-02
 5.46726535E-02
 5.39060138E-02
 5.31398844E-02
 5.23741714E-02
 5.16278476E-02
 5.08947903E-02
 5.01622990E-02
 4.94301305E-02
 4.87041219E-02
 4.79810162E-02
 4.72585246E-02
 4.65362688E-02
 4.58345815E-02
 4.51391906E-02
 4.44444573E-02
 4.37498796E-02
 4.30624119E-02
 4.23761835E-02
 4.16906517E-02
 4.10052020E-02
 4.03457405E-02
 3.96880116E-02
 3.90310141E-02
 3.83742119E-02
 3.77249377E-02
 3.70757110E-02
 3.64271521E-02
 3.57810984E-02
 3.51554454E-02
 3.45298969E-02
 3.39049299E-02
 3.32813559E-02
 3.26635210E-02
 3.20458430E-02
 3.14286665E-02
 3.08181649E-02
 3.02247215E-02
 2.96314830E-02
 2.90386719E-02
 2.84484000E-02
 2.78625041E-02
 2.72766082E-02
 2.66907123E-02
 2.61140075E-02
 2.55483956E-02
 2.49827836E-02
 2.44171716E-02
 2.38551784E-02
 2.32962797E-02
 2.27373809E-02
 2.21784821E-02
 2.16327247E-02
 2.10948520E-02
 2.05569793E-02
 2.00191066E-02
 1.94856726E-02
 1.89540433E-02
 1.84224140E-02
 1.78907847E-02
 1.73731460E-02
 1.68590734E-02
 1.63450008E-02
 1.58309282E-02
 1.53219904E-02
 1.48137342E-02
 1.43054780E-02
 1.37972218E-02
 1.33066563E-02
 1.28166614E-02
 1.23266665E-02
 1.18369685E-02
 1.13524011E-02
 1.08678337E-02
 1.03832663E-02
 9.90102068E-03
 9.43296329E-03
 8.96490591E-03
 8.49684852E-03
 8.02939067E-03
 7.56397951E-03
 7.09856836E-03
 6.63315720E-03
 6.17392450E-03
 5.72828441E-03
 5.28264431E-03
 4.83700422E-03
 4.39235047E-03
 3.94918593E-03
 3.50602138E-03
 3.06285684E-03
 2.64290084E-03
 2.24765071E-03
 1.85240059E-03
 1.45715046E-03
 1.08312332E-03
 7.25086094E-04
 3.87997320E-04
 8.93623819E-05
-2.62919027E-18
-3.02221356E-18
-1.93801138E-18
 5.14996032E-19
 9.62229428E-19
 5.55653613E-19
-6.77626358E-20
 4.06575815E-19
-1.15196481E-19
 2.57498016E-19
 1.01643954E-19
 2.03287907E-19
 6.77626358E-21
 1.01643954E-19
 5.08219768E-20
 3.20763659E-01
 5.10978037E-01
 6.38722545E-01
 7.60857513E-01
 8.23327381E-01
 8.85797248E-01
 9.48267115E-01
 9.99999974E-01
 9.99999970E-01
 9.99999967E-01
 9.99999964E-01
 9.99999960E-01
 9.99999957E-01
 9.99999954E-01
 9.99999950E-01
 9.99999947E-01
 9.99999944E-01
 9.99999940E-01
 9.99999937E-01
 9.99999934E-01
 9.99999930E-01
 9.99999927E-01
 9.99999924E-01
 9.99999921E-01
 9.99999917E-01
 9.99999914E-01
 9.99999911E-01
 9.99999907E-01
 9.99999904E-01
 9.99999901E-01
 9.99999897E-01
 9.99999894E-01
 9.99999891E-01
 9.99999887E-01
 9.99999884E-01
 9.99999881E-01
 9.99999878E-01
 9.99999874E-01
 9.99999871E-01
 9.99999868E-01
 9.99999864E-01
 9.99999861E-01
 9.99999858E-01
 9.99999854E-01
 9.99999851E-01
 9.99999848E-01
 9.99999844E-01
 9.99999841E-01
 9.99999838E-01
 9.99999834E-01
 9.99999831E-01
 9.99999828E-01
 9.99999825E-01
 9.99999821E-01
 9.99999818E-01
 9.99999815E-01
 9.99999811E-01
 9.99999808E-01
 9.99999805E-01
 9.99999801E-01
 9.99999798E-01
 9.99999795E-01
 9.99999791E-01
 9.99999788E-01
 9.99999785E-01
 9.99999782E-01
 9.99999778E-01
 9.99999775E-01
 9.99999772E-01
 9.99999768E-01
 9.99999765E-01
 9.99999762E-01
 9.99999758E-01
 9.99999755E-01
 9.99999752E-01
 9.99999748E-01
 9.99999745E-01
 9.99999742E-01
 9.99999738E-01
 9.99999735E-01
 9.99999732E-01
 9.99999729E-01
 9.99999725E-01
 9.99999722E-01
 9.99999719E-01
 9.99999715E-01
 9.99999712E-01
 9.99999709E-01
 9.99999705E-01
 9.99999702E-01
 9.99999699E-01
 9.99999695E-01
 9.99999692E-01
 9.99999689E-01
 9.99999686E-01
 9.99999682E-01
 9.99999679E-01
 9.99999676E-01
 9.99999672E-01
 9.99999669E-01
 9.99999666E-01
 9.99999662E-01
 9.99999659E-01
 9.99999656E-01
 9.99999652E-01
 9.99999649E-01
 9.99999646E-01
 9.99999642E-01
 9.99999639E-01
 9.99999636E-01
 9.99999633E-01
 9.99999629E-01
 9.99999626E-01
 9.99999623E-01
 9.99999619E-01
 9.99999616E-01
 9.99999613E-01
 9.99999609E-01
 9.99999606E-01
 9.99999603E-01
 9.99999599E-01
 9.99999596E-01
 9.99999593E-01
 9.99999590E-01
 9.99999586E-01
 9.99999595E-01
 9.99999609E-01
 9.99999622E-01
 9.99999635E-01
 9.99999648E-01
 9.99999662E-01
 9.99999675E-01
 9.99999688E-01
 9.99999701E-01
 9.99999714E-01
 9.99999728E-01
 9.99999741E-01
 9.99999754E-01
 9.99999767E-01
 9.99999781E-01
 9.99999794E-01
 9.99999807E-01
 9.99999820E-01
 9.99999834E-01
 9.99999847E-01
 9.99999860E-01
 9.99999873E-01
 9.99999887E-01
 9.99999900E-01
 9.99999913E-01
 9.99999926E-01
 9.99999940E-01
 9.99999953E-01
 9.99999966E-01
 9.99999979E-01
 9.99999993E-01
 9.98877434E-01
 9.96311569E-01
 9.93745704E-01
 9.91179839E-01
 9.88613974E-01
 9.86048109E-01
 9.83482244E-01
 9.80916379E-01
 9.68444990E-01
 9.49623906E-01
 9.30802823E-01
 9.11981739E-01
 8.92698486E-01
 8.73212710E-01
 8.53368383E-01
 8.33396949E-01
 8.16955243E-01
 8.01501861E-01
 7.87133259E-01
 7.71317267E-01
 7.56636653E-01
 7.42260435E-01
 7.28054354E-01
 7.13943466E-01
 7.01674532E-01
 6.89570953E-01
 6.77617078E-01
 6.65748946E-01
 6.54304465E-01
 6.42929739E-01
 6.31674586E-01
 6.20644692E-01
 6.10891389E-01
 6.01089085E-01
 5.91440326E-01
 5.81898494E-01
 5.72619798E-01
 5.63398176E-01
 5.54255518E-01
 5.45448973E-01
 5.37380113E-01
 5.29363715E-01
 5.21411726E-01
 5.13574621E-01
 5.05899786E-01
 4.98273364E-01
 4.90699546E-01
 4.83512057E-01
 4.76757117E-01
 4.70047364E-01
 4.63380680E-01
 4.56829812E-01
 4.50376179E-01
 4.43964272E-01
 4.37587607E-01
 4.31614024E-01
 4.25875815E-01
 4.20176713E-01
 4.14506479E-01
 4.08949235E-01
 4.03446342E-01
 3.97980128E-01
 3.92537445E-01
 3.87496629E-01
 3.82561555E-01
 3.77660978E-01
 3.72779491E-01
 3.68006095E-01
 3.63258287E-01
 3.58542999E-01
 3.53843092E-01
 3.49533953E-01
 3.45244865E-01
 3.40985557E-01
 3.36744885E-01
 3.32594790E-01
 3.28458507E-01
 3.24347766E-01
 3.20297536E-01
 3.16523547E-01
 3.12763207E-01
 3.09024776E-01
 3.05313464E-01
 3.01664882E-01
 2.98029754E-01
 2.94413408E-01
 2.90892423E-01
 2.87555862E-01
 2.84231801E-01
 2.80924434E-01
 2.77649073E-01
 2.74416400E-01
 2.71196446E-01
 2.67991028E-01
 2.64902176E-01
 2.61930364E-01
 2.58971412E-01
 2.56023961E-01
 2.53112583E-01
 2.50227990E-01
 2.47356337E-01
 2.44494087E-01
 2.41763740E-01
 2.39099941E-01
 2.36449106E-01
 2.33805848E-01
 2.31201078E-01
 2.28611221E-01
 2.26034308E-01
 2.23463380E-01
 2.21033109E-01
 2.18631759E-01
 2.16243297E-01
 2.13859429E-01
 2.11515310E-01
 2.09177191E-01
 2.06851873E-01
 2.04532168E-01
 2.02353358E-01
 2.00178066E-01
 1.98014376E-01
 1.95856989E-01
 1.93732904E-01
 1.91612804E-01
 1.89502761E-01
 1.87418143E-01
 1.85434878E-01
 1.83455998E-01
 1.81485798E-01
 1.79526123E-01
 1.77590343E-01
 1.75659288E-01
 1.73735685E-01
 1.71852507E-01
 1.70039589E-01
 1.68231672E-01
 1.66430091E-01
 1.64642168E-01
 1.62870704E-01
 1.61104496E-01
 1.59343661E-01
 1.57634351E-01
 1.55970696E-01
 1.54312493E-01
 1.52658793E-01
 1.51021034E-01
 1.49393809E-01
 1.47772209E-01
 1.46154316E-01
 1.44596096E-01
 1.43064011E-01
 1.41537686E-01
 1.40014364E-01
 1.38508615E-01
 1.37008685E-01
 1.35514625E-01
 1.34022934E-01
 1.32596785E-01
 1.31181230E-01
 1.29771631E-01
 1.28363831E-01
 1.26974780E-01
 1.25587810E-01
 1.24207452E-01
 1.22830272E-01
 1.21517722E-01
 1.20205788E-01
 1.18900104E-01
 1.17596882E-01
 1.16309739E-01
 1.15023736E-01
 1.13743082E-01
 1.12475713E-01
 1.11255792E-01
 1.10037477E-01
 1.08823695E-01
 1.07614977E-01
 1.06417817E-01
 1.05222677E-01
 1.04031330E-01
 1.02861300E-01
 1.01724523E-01
 1.00590136E-01
 9.94588691E-02
 9.83347318E-02
 9.72184248E-02
 9.61048340E-02
 9.49937551E-02
 9.39103659E-02
 9.28485131E-02
 9.17896662E-02
 9.07327781E-02
 8.96846513E-02
 8.86412746E-02
 8.76011605E-02
 8.65625026E-02
 8.55565667E-02
 8.45624664E-02
 8.35718555E-02
 8.25822441E-02
 8.16026768E-02
 8.06253098E-02
 7.96516320E-02
 7.86785385E-02
 7.77421054E-02
 7.68094648E-02
 7.58806893E-02
 7.49521206E-02
 7.40358657E-02
 7.31197543E-02
 7.22049193E-02
 7.12931585E-02
 7.04176735E-02
 6.95423409E-02
 6.86681144E-02
 6.77959487E-02
 6.69342831E-02
 6.60728656E-02
 6.52123982E-02
 6.43609184E-02
 6.35364016E-02
 6.27122191E-02
 6.18888439E-02
 6.10693219E-02
 6.02574169E-02
 5.94459244E-02
 5.86351080E-02
 5.78381794E-02
 5.70602821E-02
 5.62828677E-02
 5.55060092E-02
 5.47344924E-02
 5.39681530E-02
 5.32023580E-02
 5.24370070E-02
 5.16896069E-02
 5.09544890E-02
 5.02199748E-02
 4.94858050E-02
 4.87582057E-02
 4.80337028E-02
 4.73098550E-02
 4.65862587E-02
 4.58839645E-02
 4.51881914E-02
 4.44931196E-02
 4.37982140E-02
 4.31108922E-02
 4.24248925E-02
 4.17396357E-02
 4.10544665E-02
 4.03933575E-02
 3.97338526E-02
 3.90751278E-02
 3.84166113E-02
 3.77661248E-02
 3.71156889E-02
 3.64659653E-02
 3.58188363E-02
 3.51928356E-02
 3.45669463E-02
 3.39416773E-02
 3.33178942E-02
 3.27002328E-02
 3.20827387E-02
 3.14657796E-02
 3.08550003E-02
 3.02600138E-02
 2.96652459E-02
 2.90709338E-02
 2.84793302E-02
 2.78923944E-02
 2.73054586E-02
 2.67185228E-02
 2.61411143E-02
 2.55752042E-02
 2.50092941E-02
 2.44433841E-02
 2.38813341E-02
 2.33225848E-02
 2.27638355E-02
 2.22050862E-02
 2.16585520E-02
 2.11193469E-02
 2.05801418E-02
 2.00409367E-02
 1.95064661E-02
 1.89739206E-02
 1.84413751E-02
 1.79088296E-02
 1.73907861E-02
 1.68764392E-02
 1.63620923E-02
 1.58477454E-02
 1.53388756E-02
 1.48307329E-02
 1.43225902E-02
 1.38144474E-02
 1.33227480E-02
 1.28315790E-02
 1.23404100E-02
 1.18495577E-02
 1.13641780E-02
 1.08787983E-02
 1.03934187E-02
 9.91045073E-03
 9.44222106E-03
 8.97399140E-03
 8.50576173E-03
 8.03817156E-03
 7.57276454E-03
 7.10735752E-03
 6.64195049E-03
 6.18196273E-03
 5.73389733E-03
 5.28583194E-03
 4.83776655E-03
 4.39075326E-03
 3.94532845E-03
 3.49990364E-03
 3.05447883E-03
 2.63287334E-03
 2.23662388E-03
 1.84037443E-03
 1.44412498E-03
 1.07051337E-03
 7.13957679E-04
 3.79747002E-04
 8.65537484E-05
-4.96566300E-08
-4.63461880E-08
-4.30357460E-08
-3.97253040E-08
-3.64148620E-08
-3.31044200E-08
-2.97939780E-08
-2.64835360E-08
-2.31730940E-08
-1.98626520E-08
-1.65522100E-08
-1.32417680E-08
-9.93132600E-09
-6.62088400E-09
-3.31044200E-09
 3.32827346E-01
 5.26946082E-01
 6.54690580E-01
 7.76474942E-01
 8.34865135E-01
 8.93255328E-01
 9.51645520E-01
 9.99999896E-01
 9.99999884E-01
 9.99999871E-01
 9.99999858E-01
 9.99999845E-01
 9.99999832E-01
 9.99999819E-01
 9.99999806E-01
 9.99999793E-01
 9.99999780E-01
 9.99999767E-01
 9.99999754E-01
 9.99999741E-01
 9.99999728E-01
 9.99999715E-01
 9.99999702E-01
 9.99999689E-01
 9.99999676E-01
 9.99999664E-01
 9.99999651E-01
 9.99999638E-01
 9.99999625E-01
 9.99999612E-01
 9.99999599E-01
 9.99999586E-01
 9.99999573E-01
 9.99999560E-01
 9.99999547E-01
 9.99999534E-01
 9.99999521E-01
 9.99999508E-01
 9.99999495E-01
 9.99999482E-01
 9.99999469E-01
 9.99999456E-01
 9.99999444E-01
 9.99999431E-01
 9.99999418E-01
 9.99999405E-01
 9.99999392E-01
 9.99999379E-01
 9.99999366E-01
 9.99999353E-01
 9.99999340E-01
 9.99999327E-01
 9.99999314E-01
 9.99999301E-01
 9.99999288E-01
 9.99999275E-01
 9.99999262E-01
 9.99999249E-01
 9.99999236E-01
 9.99999224E-01
 9.99999211E-01
 9.99999198E-01
 9.99999185E-01
 9.99999172E-01
 9.99999159E-01
 9.99999146E-01
 9.99999133E-01
 9.99999120E-01
 9.99999107E-01
 9.99999094E-01
 9.99999081E-01
 9.99999068E-01
 9.99999055E-01
 9.99999042E-01
 9.99999029E-01
 9.99999016E-01
 9.99999004E-01
 9.99998991E-01
 9.99998978E-01
 9.99998965E-01
 9.99998952E-01
 9.99998939E-01
 9.99998926E-01
 9.99998913E-01
 9.99998900E-01
 9.99998887E-01
 9.99998874E-01
 9.99998861E-01
 9.99998848E-01
 9.99998835E-01
 9.99998822E-01
 9.99998809E-01
 9.99998797E-01
 9.99998784E-01
 9.99998771E-01
 9.99998758E-01
 9.99998745E-01
 9.99998732E-01
 9.99998719E-01
 9.99998706E-01
 9.99998693E-01
 9.99998680E-01
 9.99998667E-01
 9.99998654E-01
 9.99998641E-01
 9.99998628E-01
 9.99998615E-01
 9.99998602E-01
 9.99998589E-01
 9.99998577E-01
 9.99998564E-01
 9.99998551E-01
 9.99998538E-01
 9.99998525E-01
 9.99998512E-01
 9.99998499E-01
 9.99998486E-01
 9.99998473E-01
 9.99998460E-01
 9.99998447E-01
 9.99998434E-01
 9.99998421E-01
 9.99998408E-01
 9.99998395E-01
 9.99998382E-01
 9.99998418E-01
 9.99998470E-01
 9.99998522E-01
 9.99998573E-01
 9.99998625E-01
 9.99998677E-01
 9.99998729E-01
 9.99998780E-01
 9.99998832E-01
 9.99998884E-01
 9.99998936E-01
 9.99998987E-01
 9.99999039E-01
 9.99999091E-01
 9.99999143E-01
 9.99999194E-01
 9.99999246E-01
 9.99999298E-01
 9.99999350E-01
 9.99999401E-01
 9.99999453E-01
 9.99999505E-01
 9.99999557E-01
 9.99999609E-01
 9.99999660E-01
 9.99999712E-01
 9.99999764E-01
 9.99999816E-01
 9.99999867E-01
 9.99999919E-01
 9.99999971E-01
 9.98949997E-01
 9.96549989E-01
 9.94149982E-01
 9.91749975E-01
 9.89349967E-01
 9.86949960E-01
 9.84549953E-01
 9.82149945E-01
 9.69807642E-01
 9.51092072E-01
 9.32376501E-01
 9.13660931E-01
 8.94454306E-01
 8.75032500E-01
 8.55229733E-01
 8.35291916E-01
 8.18786311E-01
 8.03241726E-01
 7.88849719E-01
 7.72919860E-01
 7.58196341E-01
 7.43796242E-01
 7.29576914E-01
 7.15458728E-01
 7.03125910E-01
 6.90960336E-01
 6.78953823E-01
 6.67038412E-01
 6.55573131E-01
 6.44181963E-01
 6.32917842E-01
 6.21876827E-01
 6.12078572E-01
 6.02228253E-01
 5.92541075E-01
 5.82967509E-01
 5.73673523E-01
 5.64440179E-01
 5.55290733E-01
 5.46469773E-01
 5.38364781E-01
 5.30315530E-01
 5.22334714E-01
 5.14475962E-01
 5.06789621E-01
 4.99154720E-01
 4.91575710E-01
 4.84372637E-01
 4.77590002E-01
 4.70855379E-01
 4.64166517E-01
 4.57600709E-01
 4.51138214E-01
 4.44720051E-01
 4.38339335E-01
 4.32350027E-01
 4.26590124E-01
 4.20871772E-01
 4.15184092E-01
 4.09616464E-01
 4.04106583E-01
 3.98635675E-01
 3.93189768E-01
 3.88133493E-01
 3.83180949E-01
 3.78265058E-01
 3.73369450E-01
 3.68588689E-01
 3.63835115E-01
 3.59116094E-01
 3.54413415E-01
 3.50089450E-01
 3.45786211E-01
 3.41514613E-01
 3.37262815E-01
 3.33107256E-01
 3.28966373E-01
 3.24852627E-01
 3.20798424E-01
 3.17012079E-01
 3.13240236E-01
 3.09491671E-01
 3.05771921E-01
 3.02118821E-01
 2.98480016E-01
 2.94861166E-01
 2.91335354E-01
 2.87988530E-01
 2.84654988E-01
 2.81339183E-01
 2.78057385E-01
 2.74820943E-01
 2.71598014E-01
 2.68390530E-01
 2.65296219E-01
 2.62315586E-01
 2.59348617E-01
 2.56393867E-01
 2.53477445E-01
 2.50589482E-01
 2.47715268E-01
 2.44851044E-01
 2.42114896E-01
 2.39443559E-01
 2.36785997E-01
 2.34136486E-01
 2.31527869E-01
 2.28935095E-01
 2.26356076E-01
 2.23783415E-01
 2.21347241E-01
 2.18939394E-01
 2.16545241E-01
 2.14155969E-01
 2.11808931E-01
 2.09468268E-01
 2.07141205E-01
 2.04819899E-01
 2.02635264E-01
 2.00454366E-01
 1.98285795E-01
 1.96123921E-01
 1.93997431E-01
 1.91875175E-01
 1.89763604E-01
 1.87676893E-01
 1.85688536E-01
 1.83704838E-01
 1.81730362E-01
 1.79767070E-01
 1.77829166E-01
 1.75896281E-01
 1.73971315E-01
 1.72085694E-01
 1.70268298E-01
 1.68456214E-01
 1.66650863E-01
 1.64860022E-01
 1.63086671E-01
 1.61318902E-01
 1.59556844E-01
 1.57844847E-01
 1.56177228E-01
 1.54515401E-01
 1.52858358E-01
 1.51218253E-01
 1.49589341E-01
 1.47966404E-01
 1.46347407E-01
 1.44786337E-01
 1.43250724E-01
 1.41721231E-01
 1.40194928E-01
 1.38687297E-01
 1.37185849E-01
 1.35690638E-01
 1.34197942E-01
 1.32768841E-01
 1.31350132E-01
 1.29937752E-01
 1.28527283E-01
 1.27136734E-01
 1.25748397E-01
 1.24367084E-01
 1.22988860E-01
 1.21673433E-01
 1.20358662E-01
 1.19050531E-01
 1.17745017E-01
 1.16456585E-01
 1.15169366E-01
 1.13887829E-01
 1.12619200E-01
 1.11396673E-01
 1.10175853E-01
 1.08959848E-01
 1.07749224E-01
 1.06550880E-01
 1.05354683E-01
 1.04162516E-01
 1.02991060E-01
 1.01851913E-01
 1.00715306E-01
 9.95820139E-02
 9.84562969E-02
 9.73388997E-02
 9.62243884E-02
 9.51125459E-02
 9.40276065E-02
 9.29635916E-02
 9.19027706E-02
 9.08440307E-02
 8.97945997E-02
 8.87502158E-02
 8.77092983E-02
 8.66699280E-02
 8.56623495E-02
 8.46662702E-02
 8.36738983E-02
 8.26825884E-02
 8.17019504E-02
 8.07236502E-02
 7.97492697E-02
 7.87755101E-02
 7.78373685E-02
 7.69029114E-02
 7.59725611E-02
 7.50424304E-02
 7.41253831E-02
 7.32084883E-02
 7.22929497E-02
 7.13804155E-02
 7.05033332E-02
 6.96264129E-02
 6.87506678E-02
 6.78771122E-02
 6.70147131E-02
 6.61525775E-02
 6.52914514E-02
 6.44391090E-02
 6.36131172E-02
 6.27874808E-02
 6.19627021E-02
 6.11420175E-02
 6.03294258E-02
 5.95172725E-02
 5.87058375E-02
 5.79079754E-02
 5.71287130E-02
 5.63499637E-02
 5.55718051E-02
 5.47993220E-02
 5.40323399E-02
 5.32659362E-02
 5.25000043E-02
 5.17516160E-02
 5.10152313E-02
 5.02794879E-02
 4.95441106E-02
 4.88157144E-02
 4.80906081E-02
 4.73661980E-02
 4.66420549E-02
 4.59387305E-02
 4.52417792E-02
 4.45455731E-02
 4.38495434E-02
 4.31615717E-02
 4.24750046E-02
 4.17892269E-02
 4.11035423E-02
 4.04413716E-02
 3.97807686E-02
 3.91209945E-02
 3.84614417E-02
 3.78104208E-02
 3.71594536E-02
 3.65092432E-02
 3.58615686E-02
 3.52345425E-02
 3.46076348E-02
 3.39813861E-02
 3.33567162E-02
 3.27385505E-02
 3.21205627E-02
 3.15031433E-02
 3.08917633E-02
 3.02958175E-02
 2.97001039E-02
 2.91048746E-02
 2.85125231E-02
 2.79251311E-02
 2.73377392E-02
 2.67503472E-02
 2.61722906E-02
 2.56055009E-02
 2.50387112E-02
 2.44719214E-02
 2.39092331E-02
 2.33500517E-02
 2.27908703E-02
 2.22316889E-02
 2.16844764E-02
 2.11444452E-02
 2.06044140E-02
 2.00643828E-02
 1.95293821E-02
 1.89964268E-02
 1.84634714E-02
 1.79305161E-02
 1.74117702E-02
 1.68966463E-02
 1.63815224E-02
 1.58663986E-02
 1.53570941E-02
 1.48485622E-02
 1.43400302E-02
 1.38314983E-02
 1.33390777E-02
 1.28471768E-02
 1.23552759E-02
 1.18637114E-02
 1.13779617E-02
 1.08922120E-02
 1.04064623E-02
 9.92309059E-03
 9.45425141E-03
 8.98541222E-03
 8.51657304E-03
 8.04841333E-03
 7.58257321E-03
 7.11673308E-03
 6.65089296E-03
 6.19042729E-03
 5.74178543E-03
 5.29314357E-03
 4.84450170E-03
 4.39697770E-03
 3.95114146E-03
 3.50530522E-03
 3.05946898E-03
 2.63627501E-03
 2.23718410E-03
 1.83809320E-03
 1.43900229E-03
 1.06396409E-03
 7.07047804E-04
 3.73873095E-04
 8.42793996E-05
-1.94112281E-07
-1.81171462E-07
-1.68230643E-07
-1.55289825E-07
-1.42349006E-07
-1.29408187E-07
-1.16467369E-07
-1.03526550E-07
-9.05857311E-08
-7.76449124E-08
-6.47040936E-08
-5.17632749E-08
-3.88224562E-08
-2.58816375E-08
-1.29408187E-08
 3.44891034E-01
 5.42914127E-01
 6.70658615E-01
 7.92092371E-01
 8.46402890E-01
 9.00713408E-01
 9.55023926E-01
 9.99999819E-01
 9.99999797E-01
 9.99999774E-01
 9.99999752E-01
 9.99999729E-01
 9.99999707E-01
 9.99999684E-01
 9.99999661E-01
 9.99999639E-01
 9.99999616E-01
 9.99999594E-01
 9.99999571E-01
 9.99999549E-01
 9.99999526E-01
 9.99999503E-01
 9.99999481E-01
 9.99999458E-01
 9.99999436E-01
 9.99999413E-01
 9.99999391E-01
 9.99999368E-01
 9.99999345E-01
 9.99999323E-01
 9.99999300E-01
 9.99999278E-01
 9.99999255E-01
 9.99999233E-01
 9.99999210E-01
 9.99999187E-01
 9.99999165E-01
 9.99999142E-01
 9.99999120E-01
 9.99999097E-01
 9.99999075E-01
 9.99999052E-01
 9.99999029E-01
 9.99999007E-01
 9.99998984E-01
 9.99998962E-01
 9.99998939E-01
 9.99998917E-01
 9.99998894E-01
 9.99998871E-01
 9.99998849E-01
 9.99998826E-01
 9.99998804E-01
 9.99998781E-01
 9.99998759E-01
 9.99998736E-01
 9.99998713E-01
 9.99998691E-01
 9.99998668E-01
 9.99998646E-01
 9.99998623E-01
 9.99998601E-01
 9.99998578E-01
 9.99998555E-01
 9.99998533E-01
 9.99998510E-01
 9.99998488E-01
 9.99998465E-01
 9.99998443E-01
 9.99998420E-01
 9.99998397E-01
 9.99998375E-01
 9.99998352E-01
 9.99998330E-01
 9.99998307E-01
 9.99998285E-01
 9.99998262E-01
 9.99998239E-01
 9.99998217E-01
 9.99998194E-01
 9.99998172E-01
 9.99998149E-01
 9.99998127E-01
 9.99998104E-01
 9.99998081E-01
 9.99998059E-01
 9.99998036E-01
 9.99998014E-01
 9.99997991E-01
 9.99997969E-01
 9.99997946E-01
 9.99997923E-01
 9.99997901E-01
 9.99997878E-01
 9.99997856E-01
 9.99997833E-01
 9.99997811E-01
 9.99997788E-01
 9.99997765E-01
 9.99997743E-01
 9.99997720E-01
 9.99997698E-01
 9.99997675E-01
 9.99997653E-01
 9.99997630E-01
 9.99997607E-01
 9.99997585E-01
 9.99997562E-01
 9.99997540E-01
 9.99997517E-01
 9.99997495E-01
 9.99997472E-01
 9.99997449E-01
 9.99997427E-01
 9.99997404E-01
 9.99997382E-01
 9.99997359E-01
 9.99997337E-01
 9.99997314E-01
 9.99997291E-01
 9.99997269E-01
 9.99997246E-01
 9.99997224E-01
 9.99997201E-01
 9.99997179E-01
 9.99997241E-01
 9.99997331E-01
 9.99997421E-01
 9.99997512E-01
 9.99997602E-01
 9.99997692E-01
 9.99997782E-01
 9.99997873E-01
 9.99997963E-01
 9.99998053E-01
 9.99998144E-01
 9.99998234E-01
 9.99998324E-01
 9.99998414E-01
 9.99998505E-01
 9.99998595E-01
 9.99998685E-01
 9.99998776E-01
 9.99998866E-01
 9.99998956E-01
 9.99999046E-01
 9.99999137E-01
 9.99999227E-01
 9.99999317E-01
 9.99999408E-01
 9.99999498E-01
 9.99999588E-01
 9.99999678E-01
 9.99999769E-01
 9.99999859E-01
 9.99999949E-01
 9.99022560E-01
 9.96788410E-01
 9.94554260E-01
 9.92320111E-01
 9.90085961E-01
 9.87851812E-01
 9.85617662E-01
 9.83383512E-01
 9.71170294E-01
 9.52560237E-01
 9.33950180E-01
 9.15340123E-01
 8.96210126E-01
 8.76852290E-01
 8.57091084E-01
 8.37186883E-01
 8.20617379E-01
 8.04981590E-01
 7.90566179E-01
 7.74522453E-01
 7.59756029E-01
 7.45332049E-01
 7.31099474E-01
 7.16973991E-01
 7.04577288E-01
 6.92349720E-01
 6.80290569E-01
 6.68327878E-01
 6.56841796E-01
 6.45434187E-01
 6.34161097E-01
 6.23108963E-01
 6.13265755E-01
 6.03367422E-01
 5.93641825E-01
 5.84036523E-01
 5.74727248E-01
 5.65482182E-01
 5.56325949E-01
 5.47490572E-01
 5.39349449E-01
 5.31267345E-01
 5.23257702E-01
 5.15377302E-01
 5.07679456E-01
 5.00036076E-01
 4.92451874E-01
 4.85233216E-01
 4.78422887E-01
 4.71663394E-01
 4.64952354E-01
 4.58371605E-01
 4.51900248E-01
 4.45475831E-01
 4.39091063E-01
 4.33086029E-01
 4.27304432E-01
 4.21566831E-01
 4.15861704E-01
 4.10283693E-01
 4.04766825E-01
 3.99291222E-01
 3.93842091E-01
 3.88770357E-01
 3.83800343E-01
 3.78869138E-01
 3.73959409E-01
 3.69171283E-01
 3.64411943E-01
 3.59689189E-01
 3.54983737E-01
 3.50644947E-01
 3.46327557E-01
 3.42043669E-01
 3.37780746E-01
 3.33619722E-01
 3.29474238E-01
 3.25357488E-01
 3.21299313E-01
 3.17500611E-01
 3.13717265E-01
 3.09958567E-01
 3.06230377E-01
 3.02572760E-01
 2.98930277E-01
 2.95308924E-01
 2.91778285E-01
 2.88421199E-01
 2.85078175E-01
 2.81753932E-01
 2.78465697E-01
 2.75225485E-01
 2.71999582E-01
 2.68790032E-01
 2.65690262E-01
 2.62700808E-01
 2.59725821E-01
 2.56763773E-01
 2.53842307E-01
 2.50950974E-01
 2.48074198E-01
 2.45208001E-01
 2.42466052E-01
 2.39787178E-01
 2.37122889E-01
 2.34467124E-01
 2.31854659E-01
 2.29258970E-01
 2.26677844E-01
 2.24103450E-01
 2.21661372E-01
 2.19247029E-01
 2.16847185E-01
 2.14452510E-01
 2.12102552E-01
 2.09759344E-01
 2.07430537E-01
 2.05107631E-01
 2.02917170E-01
 2.00730666E-01
 1.98557214E-01
 1.96390854E-01
 1.94261958E-01
 1.92137546E-01
 1.90024447E-01
 1.87935644E-01
 1.85942194E-01
 1.83953678E-01
 1.81974927E-01
 1.80008017E-01
 1.78067988E-01
 1.76133275E-01
 1.74206945E-01
 1.72318882E-01
 1.70497006E-01
 1.68680755E-01
 1.66871634E-01
 1.65077876E-01
 1.63302637E-01
 1.61533309E-01
 1.59770026E-01
 1.58055344E-01
 1.56383760E-01
 1.54718309E-01
 1.53057924E-01
 1.51415473E-01
 1.49784873E-01
 1.48160600E-01
 1.46540498E-01
 1.44976578E-01
 1.43437437E-01
 1.41904776E-01
 1.40375492E-01
 1.38865979E-01
 1.37363013E-01
 1.35866650E-01
 1.34372951E-01
 1.32940897E-01
 1.31519034E-01
 1.30103872E-01
 1.28690734E-01
 1.27298688E-01
 1.25908983E-01
 1.24526716E-01
 1.23147448E-01
 1.21829145E-01
 1.20511536E-01
 1.19200958E-01
 1.17893151E-01
 1.16603431E-01
 1.15314995E-01
 1.14032576E-01
 1.12762688E-01
 1.11537554E-01
 1.10314228E-01
 1.09096000E-01
 1.07883471E-01
 1.06683943E-01
 1.05486689E-01
 1.04293701E-01
 1.03120820E-01
 1.01979304E-01
 1.00840476E-01
 9.97051587E-02
 9.85778621E-02
 9.74593746E-02
 9.63439427E-02
 9.52313367E-02
 9.41448471E-02
 9.30786702E-02
 9.20158750E-02
 9.09552833E-02
 8.99045482E-02
 8.88591569E-02
 8.78174360E-02
 8.67773534E-02
 8.57681323E-02
 8.47700740E-02
 8.37759411E-02
 8.27829327E-02
 8.18012240E-02
 8.08219905E-02
 7.98469075E-02
 7.88724818E-02
 7.79326315E-02
 7.69963580E-02
 7.60644328E-02
 7.51327401E-02
 7.42149005E-02
 7.32972224E-02
 7.23809802E-02
 7.14676726E-02
 7.05889930E-02
 6.97104849E-02
 6.88332211E-02
 6.79582758E-02
 6.70951431E-02
 6.62322894E-02
 6.53705047E-02
 6.45172995E-02
 6.36898329E-02
 6.28627425E-02
 6.20365603E-02
 6.12147130E-02
 6.04014348E-02
 5.95886206E-02
 5.87765671E-02
 5.79777714E-02
 5.71971439E-02
 5.64170597E-02
 5.56376009E-02
 5.48641516E-02
 5.40965267E-02
 5.33295144E-02
 5.25630015E-02
 5.18136251E-02
 5.10759735E-02
 5.03390011E-02
 4.96024162E-02
 4.88732231E-02
 4.81475135E-02
 4.74225409E-02
 4.66978511E-02
 4.59934966E-02
 4.52953670E-02
 4.45980266E-02
 4.39008729E-02
 4.32122512E-02
 4.25251167E-02
 4.18388181E-02
 4.11526180E-02
 4.04893857E-02
 3.98276846E-02
 3.91668612E-02
 3.85062721E-02
 3.78547168E-02
 3.72032184E-02
 3.65525212E-02
 3.59043010E-02
 3.52762494E-02
 3.46483232E-02
 3.40210949E-02
 3.33955382E-02
 3.27768683E-02
 3.21583867E-02
 3.15405070E-02
 3.09285264E-02
 3.03316212E-02
 2.97349619E-02
 2.91388155E-02
 2.85457161E-02
 2.79578679E-02
 2.73700197E-02
 2.67821716E-02
 2.62034669E-02
 2.56357975E-02
 2.50681282E-02
 2.45004588E-02
 2.39371321E-02
 2.33775186E-02
 2.28179051E-02
 2.22582916E-02
 2.17104007E-02
 2.11695435E-02
 2.06286862E-02
 2.00878290E-02
 1.95522981E-02
 1.90189329E-02
 1.84855677E-02
 1.79522026E-02
 1.74327543E-02
 1.69168534E-02
 1.64009526E-02
 1.58850517E-02
 1.53753126E-02
 1.48663915E-02
 1.43574703E-02
 1.38485491E-02
 1.33554073E-02
 1.28627746E-02
 1.23701418E-02
 1.18778652E-02
 1.13917454E-02
 1.09056257E-02
 1.04195059E-02
 9.93573045E-03
 9.46628175E-03
 8.99683305E-03
 8.52738435E-03
 8.05865510E-03
 7.59238188E-03
 7.12610865E-03
 6.65983543E-03
 6.19889186E-03
 5.74967353E-03
 5.30045519E-03
 4.85123686E-03
 4.40320215E-03
 3.95695448E-03
 3.51070680E-03
 3.06445913E-03
 2.63967668E-03
 2.23774432E-03
 1.83581196E-03
 1.43387960E-03
 1.05741481E-03
 7.00137929E-04
 3.67999189E-04
 8.20050508E-05
-3.38567932E-07
-3.15996736E-07
-2.93425541E-07
-2.70854345E-07
-2.48283150E-07
-2.25711955E-07
-2.03140759E-07
-1.80569564E-07
-1.57998368E-07
-1.35427173E-07
-1.12855977E-07
-9.02847818E-08
-6.77135864E-08
-4.51423909E-08
-2.25711955E-08
 3.56954721E-01
 5.58882171E-01
 6.86626650E-01
 8.07709801E-01
 8.57940644E-01
 9.08171487E-01
 9.58402331E-01
 9.99999742E-01
 9.99999710E-01
 9.99999678E-01
 9.99999646E-01
 9.99999614E-01
 9.99999581E-01
 9.99999549E-01
 9.99999517E-01
 9.99999485E-01
 9.99999453E-01
 9.99999420E-01
 9.99999388E-01
 9.99999356E-01
 9.99999324E-01
 9.99999292E-01
 9.99999259E-01
 9.99999227E-01
 9.99999195E-01
 9.99999163E-01
 9.99999131E-01
 9.99999098E-01
 9.99999066E-01
 9.99999034E-01
 9.99999002E-01
 9.99998970E-01
 9.99998937E-01
 9.99998905E-01
 9.99998873E-01
 9.99998841E-01
 9.99998809E-01
 9.99998776E-01
 9.99998744E-01
 9.99998712E-01
 9.99998680E-01
 9.99998648E-01
 9.99998615E-01
 9.99998583E-01
 9.99998551E-01
 9.99998519E-01
 9.99998487E-01
 9.99998454E-01
 9.99998422E-01
 9.99998390E-01
 9.99998358E-01
 9.99998326E-01
 9.99998293E-01
 9.99998261E-01
 9.99998229E-01
 9.99998197E-01
 9.99998165E-01
 9.99998132E-01
 9.99998100E-01
 9.99998068E-01
 9.99998036E-01
 9.99998004E-01
 9.99997971E-01
 9.99997939E-01
 9.99997907E-01
 9.99997875E-01
 9.99997842E-01
 9.99997810E-01
 9.99997778E-01
 9.99997746E-01
 9.99997714E-01
 9.99997681E-01
 9.99997649E-01
 9.99997617E-01
 9.99997585E-01
 9.99997553E-01
 9.99997520E-01
 9.99997488E-01
 9.99997456E-01
 9.99997424E-01
 9.99997392E-01
 9.99997359E-01
 9.99997327E-01
 9.99997295E-01
 9.99997263E-01
 9.99997231E-01
 9.99997198E-01
 9.99997166E-01
 9.99997134E-01
 9.99997102E-01
 9.99997070E-01
 9.99997037E-01
 9.99997005E-01
 9.99996973E-01
 9.99996941E-01
 9.99996909E-01
 9.99996876E-01
 9.99996844E-01
 9.99996812E-01
 9.99996780E-01
 9.99996748E-01
 9.99996715E-01
 9.99996683E-01
 9.99996651E-01
 9.99996619E-01
 9.99996587E-01
 9.99996554E-01
 9.99996522E-01
 9.99996490E-01
 9.99996458E-01
 9.99996426E-01
 9.99996393E-01
 9.99996361E-01
 9.99996329E-01
 9.99996297E-01
 9.99996265E-01
 9.99996232E-01
 9.99996200E-01
 9.99996168E-01
 9.99996136E-01
 9.99996104E-01
 9.99996071E-01
 9.99996039E-01
 9.99996007E-01
 9.99995975E-01
 9.99996063E-01
 9.99996192E-01
 9.99996321E-01
 9.99996450E-01
 9.99996579E-01
 9.99996707E-01
 9.99996836E-01
 9.99996965E-01
 9.99997094E-01
 9.99997223E-01
 9.99997351E-01
 9.99997480E-01
 9.99997609E-01
 9.99997738E-01
 9.99997867E-01
 9.99997995E-01
 9.99998124E-01
 9.99998253E-01
 9.99998382E-01
 9.99998511E-01
 9.99998639E-01
 9.99998768E-01
 9.99998897E-01
 9.99999026E-01
 9.99999155E-01
 9.99999284E-01
 9.99999412E-01
 9.99999541E-01
 9.99999670E-01
 9.99999799E-01
 9.99999928E-01
 9.99095122E-01
 9.97026830E-01
 9.94958539E-01
 9.92890247E-01
 9.90821955E-01
 9.88753663E-01
 9.86685371E-01
 9.84617079E-01
 9.72532946E-01
 9.54028403E-01
 9.35523859E-01
 9.17019316E-01
 8.97965946E-01
 8.78672081E-01
 8.58952434E-01
 8.39081850E-01
 8.22448447E-01
 8.06721455E-01
 7.92282639E-01
 7.76125047E-01
 7.61315717E-01
 7.46867857E-01
 7.32622034E-01
 7.18489253E-01
 7.06028666E-01
 6.93739103E-01
 6.81627314E-01
 6.69617344E-01
 6.58110461E-01
 6.46686411E-01
 6.35404353E-01
 6.24341098E-01
 6.14452939E-01
 6.04506590E-01
 5.94742575E-01
 5.85105537E-01
 5.75780973E-01
 5.66524184E-01
 5.57361164E-01
 5.48511372E-01
 5.40334117E-01
 5.32219160E-01
 5.24180689E-01
 5.16278643E-01
 5.08569291E-01
 5.00917431E-01
 4.93328038E-01
 4.86093795E-01
 4.79255772E-01
 4.72471409E-01
 4.65738191E-01
 4.59142502E-01
 4.52662282E-01
 4.46231611E-01
 4.39842791E-01
 4.33822032E-01
 4.28018741E-01
 4.22261889E-01
 4.16539317E-01
 4.10950922E-01
 4.05427066E-01
 3.99946769E-01
 3.94494415E-01
 3.89407221E-01
 3.84419737E-01
 3.79473217E-01
 3.74549368E-01
 3.69753878E-01
 3.64988771E-01
 3.60262283E-01
 3.55554060E-01
 3.51200444E-01
 3.46868903E-01
 3.42572724E-01
 3.38298677E-01
 3.34132188E-01
 3.29982103E-01
 3.25862349E-01
 3.21800201E-01
 3.17989143E-01
 3.14194294E-01
 3.10425462E-01
 3.06688834E-01
 3.03026698E-01
 2.99380539E-01
 2.95756682E-01
 2.92221216E-01
 2.88853867E-01
 2.85501363E-01
 2.82168682E-01
 2.78874009E-01
 2.75630027E-01
 2.72401150E-01
 2.69189534E-01
 2.66084305E-01
 2.63086030E-01
 2.60103026E-01
 2.57133679E-01
 2.54207168E-01
 2.51312466E-01
 2.48433129E-01
 2.45564958E-01
 2.42817207E-01
 2.40130796E-01
 2.37459781E-01
 2.34797763E-01
 2.32181450E-01
 2.29582845E-01
 2.26999612E-01
 2.24423486E-01
 2.21975504E-01
 2.19554665E-01
 2.17149130E-01
 2.14749050E-01
 2.12396173E-01
 2.10050421E-01
 2.07719869E-01
 2.05395362E-01
 2.03199076E-01
 2.01006966E-01
 1.98828634E-01
 1.96657787E-01
 1.94526485E-01
 1.92399917E-01
 1.90285291E-01
 1.88194394E-01
 1.86195853E-01
 1.84202518E-01
 1.82219492E-01
 1.80248963E-01
 1.78306810E-01
 1.76370268E-01
 1.74442575E-01
 1.72552069E-01
 1.70725714E-01
 1.68905297E-01
 1.67092406E-01
 1.65295731E-01
 1.63518603E-01
 1.61747716E-01
 1.59983209E-01
 1.58265840E-01
 1.56590292E-01
 1.54921217E-01
 1.53257489E-01
 1.51612692E-01
 1.49980404E-01
 1.48354795E-01
 1.46733589E-01
 1.45166819E-01
 1.43624149E-01
 1.42088321E-01
 1.40556056E-01
 1.39044661E-01
 1.37540176E-01
 1.36042662E-01
 1.34547960E-01
 1.33112953E-01
 1.31687936E-01
 1.30269992E-01
 1.28854185E-01
 1.27460641E-01
 1.26069569E-01
 1.24686348E-01
 1.23306035E-01
 1.21984856E-01
 1.20664410E-01
 1.19351386E-01
 1.18041285E-01
 1.16750277E-01
 1.15460624E-01
 1.14177323E-01
 1.12906175E-01
 1.11678435E-01
 1.10452603E-01
 1.09232153E-01
 1.08017717E-01
 1.06817006E-01
 1.05618695E-01
 1.04424887E-01
 1.03250580E-01
 1.02106694E-01
 1.00965646E-01
 9.98283036E-02
 9.86994272E-02
 9.75798494E-02
 9.64634971E-02
 9.53501275E-02
 9.42620877E-02
 9.31937487E-02
 9.21289793E-02
 9.10665359E-02
 9.00144966E-02
 8.89680980E-02
 8.79255738E-02
 8.68847788E-02
 8.58739151E-02
 8.48738777E-02
 8.38779840E-02
 8.28832770E-02
 8.19004976E-02
 8.09203309E-02
 7.99445453E-02
 7.89694534E-02
 7.80278945E-02
 7.70898046E-02
 7.61563045E-02
 7.52230499E-02
 7.43044180E-02
 7.33859564E-02
 7.24690106E-02
 7.15549296E-02
 7.06746528E-02
 6.97945569E-02
 6.89157745E-02
 6.80394393E-02
 6.71755730E-02
 6.63120014E-02
 6.54495579E-02
 6.45954900E-02
 6.37665485E-02
 6.29380043E-02
 6.21104185E-02
 6.12874085E-02
 6.04734437E-02
 5.96599687E-02
 5.88472966E-02
 5.80475674E-02
 5.72655749E-02
 5.64841558E-02
 5.57033968E-02
 5.49289812E-02
 5.41607136E-02
 5.33930925E-02
 5.26259988E-02
 5.18756341E-02
 5.11367158E-02
 5.03985143E-02
 4.96607219E-02
 4.89307319E-02
 4.82044189E-02
 4.74788838E-02
 4.67536474E-02
 4.60482626E-02
 4.53489549E-02
 4.46504801E-02
 4.39522024E-02
 4.32629307E-02
 4.25752289E-02
 4.18884093E-02
 4.12016938E-02
 4.05373998E-02
 3.98746006E-02
 3.92127279E-02
 3.85511025E-02
 3.78990128E-02
 3.72469831E-02
 3.65957992E-02
 3.59470333E-02
 3.53179563E-02
 3.46890117E-02
 3.40608037E-02
 3.34343601E-02
 3.28151861E-02
 3.21962108E-02
 3.15778707E-02
 3.09652894E-02
 3.03674249E-02
 2.97698200E-02
 2.91727563E-02
 2.85789090E-02
 2.79906046E-02
 2.74023003E-02
 2.68139959E-02
 2.62346432E-02
 2.56660942E-02
 2.50975452E-02
 2.45289962E-02
 2.39650310E-02
 2.34049854E-02
 2.28449398E-02
 2.22848942E-02
 2.17363251E-02
 2.11946417E-02
 2.06529584E-02
 2.01112751E-02
 1.95752141E-02
 1.90414391E-02
 1.85076640E-02
 1.79738890E-02
 1.74537383E-02
 1.69370605E-02
 1.64203827E-02
 1.59037049E-02
 1.53935311E-02
 1.48842207E-02
 1.43749104E-02
 1.38656000E-02
 1.33717370E-02
 1.28783724E-02
 1.23850077E-02
 1.18920190E-02
 1.14055292E-02
 1.09190393E-02
 1.04325495E-02
 9.94837031E-03
 9.47831209E-03
 9.00825388E-03
 8.53819567E-03
 8.06889687E-03
 7.60219054E-03
 7.13548422E-03
 6.66877790E-03
 6.20735643E-03
 5.75756162E-03
 5.30776682E-03
 4.85797202E-03
 4.40942660E-03
 3.96276749E-03
 3.51610838E-03
 3.06944927E-03
 2.64307835E-03
 2.23830454E-03
 1.83353072E-03
 1.42875691E-03
 1.05086553E-03
 6.93228053E-04
 3.62125282E-04
 7.97307020E-05
-4.83023583E-07
-4.50822011E-07
-4.18620438E-07
-3.86418866E-07
-3.54217294E-07
-3.22015722E-07
-2.89814150E-07
-2.57612577E-07
-2.25411005E-07
-1.93209433E-07
-1.61007861E-07
-1.28806289E-07
-9.66047165E-08
-6.44031444E-08
-3.22015722E-08
 3.69018408E-01
 5.74850216E-01
 7.02594685E-01
 8.23327230E-01
 8.69478398E-01
 9.15629567E-01
 9.61780736E-01
 9.99999665E-01
 9.99999624E-01
 9.99999582E-01
 9.99999540E-01
 9.99999498E-01
 9.99999456E-01
 9.99999414E-01
 9.99999373E-01
 9.99999331E-01
 9.99999289E-01
 9.99999247E-01
 9.99999205E-01
 9.99999163E-01
 9.99999122E-01
 9.99999080E-01
 9.99999038E-01
 9.99998996E-01
 9.99998954E-01
 9.99998912E-01
 9.99998871E-01
 9.99998829E-01
 9.99998787E-01
 9.99998745E-01
 9.99998703E-01
 9.99998661E-01
 9.99998620E-01
 9.99998578E-01
 9.99998536E-01
 9.99998494E-01
 9.99998452E-01
 9.99998410E-01
 9.99998369E-01
 9.99998327E-01
 9.99998285E-01
 9.99998243E-01
 9.99998201E-01
 9.99998159E-01
 9.99998118E-01
 9.99998076E-01
 9.99998034E-01
 9.99997992E-01
 9.99997950E-01
 9.99997908E-01
 9.99997867E-01
 9.99997825E-01
 9.99997783E-01
 9.99997741E-01
 9.99997699E-01
 9.99997657E-01
 9.99997616E-01
 9.99997574E-01
 9.99997532E-01
 9.99997490E-01
 9.99997448E-01
 9.99997406E-01
 9.99997365E-01
 9.99997323E-01
 9.99997281E-01
 9.99997239E-01
 9.99997197E-01
 9.99997155E-01
 9.99997114E-01
 9.99997072E-01
 9.99997030E-01
 9.99996988E-01
 9.99996946E-01
 9.99996904E-01
 9.99996863E-01
 9.99996821E-01
 9.99996779E-01
 9.99996737E-01
 9.99996695E-01
 9.99996653E-01
 9.99996612E-01
 9.99996570E-01
 9.99996528E-01
 9.99996486E-01
 9.99996444E-01
 9.99996402E-01
 9.99996361E-01
 9.99996319E-01
 9.99996277E-01
 9.99996235E-01
 9.99996193E-01
 9.99996151E-01
 9.99996110E-01
 9.99996068E-01
 9.99996026E-01
 9.99995984E-01
 9.99995942E-01
 9.99995900E-01
 9.99995859E-01
 9.99995817E-01
 9.99995775E-01
 9.99995733E-01
 9.99995691E-01
 9.99995649E-01
 9.99995608E-01
 9.99995566E-01
 9.99995524E-01
 9.99995482E-01
 9.99995440E-01
 9.99995398E-01
 9.99995357E-01
 9.99995315E-01
 9.99995273E-01
 9.99995231E-01
 9.99995189E-01
 9.99995147E-01
 9.99995106E-01
 9.99995064E-01
 9.99995022E-01
 9.99994980E-01
 9.99994938E-01
 9.99994897E-01
 9.99994855E-01
 9.99994813E-01
 9.99994771E-01
 9.99994886E-01
 9.99995053E-01
 9.99995221E-01
 9.99995388E-01
 9.99995555E-01
 9.99995723E-01
 9.99995890E-01
 9.99996057E-01
 9.99996225E-01
 9.99996392E-01
 9.99996559E-01
 9.99996727E-01
 9.99996894E-01
 9.99997061E-01
 9.99997229E-01
 9.99997396E-01
 9.99997563E-01
 9.99997731E-01
 9.99997898E-01
 9.99998065E-01
 9.99998233E-01
 9.99998400E-01
 9.99998567E-01
 9.99998735E-01
 9.99998902E-01
 9.99999069E-01
 9.99999237E-01
 9.99999404E-01
 9.99999571E-01
 9.99999739E-01
 9.99999906E-01
 9.99167758E-01
 9.97265490E-01
 9.95363221E-01
 9.93460953E-01
 9.91558685E-01
 9.89656417E-01
 9.87754149E-01
 9.85851881E-01
 9.73896999E-01
 9.55498135E-01
 9.37099271E-01
 9.18700406E-01
 8.99723831E-01
 8.80494101E-01
 8.60816182E-01
 8.40979380E-01
 8.24282244E-01
 8.08464214E-01
 7.94002159E-01
 7.77730867E-01
 7.62878798E-01
 7.48407222E-01
 7.34148319E-01
 7.20008407E-01
 7.07484101E-01
 6.95132709E-01
 6.82968448E-01
 6.70911365E-01
 6.59383847E-01
 6.47943521E-01
 6.36652662E-01
 6.25578421E-01
 6.15645226E-01
 6.05650780E-01
 5.95848263E-01
 5.86179407E-01
 5.76839471E-01
 5.67570876E-01
 5.58400987E-01
 5.49536696E-01
 5.41323226E-01
 5.33175333E-01
 5.25107952E-01
 5.17184175E-01
 5.09463235E-01
 5.01802813E-01
 4.94208145E-01
 4.86958234E-01
 4.80092433E-01
 4.73283118E-01
 4.66527638E-01
 4.59916927E-01
 4.53427761E-01
 4.46990752E-01
 4.40597797E-01
 4.34561231E-01
 4.28736162E-01
 4.22959977E-01
 4.17219876E-01
 4.11621014E-01
 4.06090089E-01
 4.00605014E-01
 3.95149352E-01
 3.90046616E-01
 3.85041579E-01
 3.80079663E-01
 3.75141610E-01
 3.70338671E-01
 3.65567716E-01
 3.60837412E-01
 3.56126333E-01
 3.51757809E-01
 3.47412033E-01
 3.43103482E-01
 3.38818226E-01
 3.34646190E-01
 3.30491421E-01
 3.26368579E-01
 3.22302376E-01
 3.18478879E-01
 3.14672444E-01
 3.10893395E-01
 3.07148245E-01
 3.03481509E-01
 2.99831589E-01
 2.96205146E-01
 2.92664770E-01
 2.89287075E-01
 2.85925006E-01
 2.82583805E-01
 2.79282611E-01
 2.76034777E-01
 2.72802842E-01
 2.69589077E-01
 2.66478349E-01
 2.63471252E-01
 2.60480230E-01
 2.57503585E-01
 2.54572030E-01
 2.51673957E-01
 2.48792059E-01
 2.45921915E-01
 2.43168363E-01
 2.40474415E-01
 2.37796672E-01
 2.35128401E-01
 2.32508240E-01
 2.29906719E-01
 2.27321380E-01
 2.24743521E-01
 2.22289636E-01
 2.19862300E-01
 2.17451074E-01
 2.15045591E-01
 2.12689794E-01
 2.10341498E-01
 2.08009201E-01
 2.05683094E-01
 2.03480982E-01
 2.01283266E-01
 1.99100053E-01
 1.96924719E-01
 1.94791013E-01
 1.92662288E-01
 1.90546134E-01
 1.88453145E-01
 1.86449511E-01
 1.84451358E-01
 1.82464056E-01
 1.80489910E-01
 1.78545633E-01
 1.76607261E-01
 1.74678205E-01
 1.72785256E-01
 1.70954423E-01
 1.69129839E-01
 1.67313177E-01
 1.65513585E-01
 1.63734570E-01
 1.61962122E-01
 1.60196392E-01
 1.58476337E-01
 1.56796824E-01
 1.55124125E-01
 1.53457055E-01
 1.51809911E-01
 1.50175936E-01
 1.48548990E-01
 1.46926680E-01
 1.45357060E-01
 1.43810862E-01
 1.42271865E-01
 1.40736621E-01
 1.39223344E-01
 1.37717340E-01
 1.36218674E-01
 1.34722969E-01
 1.33285010E-01
 1.31856839E-01
 1.30436113E-01
 1.29017636E-01
 1.27622595E-01
 1.26230155E-01
 1.24845980E-01
 1.23464623E-01
 1.22140568E-01
 1.20817284E-01
 1.19501813E-01
 1.18189419E-01
 1.16897124E-01
 1.15606254E-01
 1.14322069E-01
 1.13049662E-01
 1.11819316E-01
 1.10590979E-01
 1.09368306E-01
 1.08151964E-01
 1.06950069E-01
 1.05750701E-01
 1.04556073E-01
 1.03380340E-01
 1.02234085E-01
 1.01090816E-01
 9.99514484E-02
 9.88209924E-02
 9.77003243E-02
 9.65830514E-02
 9.54689183E-02
 9.43793283E-02
 9.33088273E-02
 9.22420837E-02
 9.11777885E-02
 9.01244450E-02
 8.90770392E-02
 8.80337116E-02
 8.69922041E-02
 8.59796979E-02
 8.49776815E-02
 8.39800268E-02
 8.29836213E-02
 8.19997712E-02
 8.10186713E-02
 8.00421830E-02
 7.90664250E-02
 7.81231576E-02
 7.71832512E-02
 7.62481762E-02
 7.53133597E-02
 7.43939354E-02
 7.34746905E-02
 7.25570411E-02
 7.16421867E-02
 7.07603125E-02
 6.98786289E-02
 6.89983279E-02
 6.81206029E-02
 6.72560030E-02
 6.63917133E-02
 6.55286112E-02
 6.46736805E-02
 6.38432642E-02
 6.30132660E-02
 6.21842767E-02
 6.13601041E-02
 6.05454526E-02
 5.97313168E-02
 5.89180261E-02
 5.81173634E-02
 5.73340058E-02
 5.65512518E-02
 5.57691927E-02
 5.49938107E-02
 5.42249005E-02
 5.34566707E-02
 5.26889960E-02
 5.19376432E-02
 5.11974580E-02
 5.04580275E-02
 4.97190275E-02
 4.89882406E-02
 4.82613242E-02
 4.75352268E-02
 4.68094436E-02
 4.61030286E-02
 4.54025427E-02
 4.47029335E-02
 4.40035319E-02
 4.33136102E-02
 4.26253410E-02
 4.19380005E-02
 4.12507695E-02
 4.05854139E-02
 3.99215166E-02
 3.92585946E-02
 3.85959330E-02
 3.79433087E-02
 3.72907478E-02
 3.66390772E-02
 3.59897656E-02
 3.53596632E-02
 3.47297002E-02
 3.41005125E-02
 3.34731821E-02
 3.28535038E-02
 3.22340348E-02
 3.16152344E-02
 3.10020525E-02
 3.04032286E-02
 2.98046780E-02
 2.92066971E-02
 2.86121019E-02
 2.80233414E-02
 2.74345808E-02
 2.68458203E-02
 2.62658196E-02
 2.56963909E-02
 2.51269622E-02
 2.45575336E-02
 2.39929300E-02
 2.34324523E-02
 2.28719746E-02
 2.23114969E-02
 2.17622494E-02
 2.12197400E-02
 2.06772306E-02
 2.01347212E-02
 1.95981301E-02
 1.90639452E-02
 1.85297603E-02
 1.79955755E-02
 1.74747224E-02
 1.69572676E-02
 1.64398128E-02
 1.59223580E-02
 1.54117496E-02
 1.49020500E-02
 1.43923504E-02
 1.38826508E-02
 1.33880667E-02
 1.28939701E-02
 1.23998736E-02
 1.19061728E-02
 1.14193129E-02
 1.09324530E-02
 1.04455931E-02
 9.96101016E-03
 9.49034244E-03
 9.01967471E-03
 8.54900698E-03
 8.07913863E-03
 7.61199921E-03
 7.14485979E-03
 6.67772037E-03
 6.21582099E-03
 5.76544972E-03
 5.31507845E-03
 4.86470718E-03
 4.41565104E-03
 3.96858050E-03
 3.52150996E-03
 3.07443942E-03
 2.64648003E-03
 2.23886476E-03
 1.83124948E-03
 1.42363421E-03
 1.04431625E-03
 6.86318178E-04
 3.56251376E-04
 7.74563532E-05
-6.27479234E-07
-5.85647285E-07
-5.43815336E-07
-5.01983387E-07
-4.60151438E-07
-4.18319489E-07
-3.76487540E-07
-3.34655591E-07
-2.92823642E-07
-2.50991693E-07
-2.09159745E-07
-1.67327796E-07
-1.25495847E-07
-8.36638978E-08
-4.18319489E-08
 3.81082096E-01
 5.90818260E-01
 7.18562720E-01
 8.38944659E-01
 8.81016153E-01
 9.23087647E-01
 9.65159141E-01
 9.99999588E-01
 9.99999537E-01
 9.99999485E-01
 9.99999434E-01
 9.99999382E-01
 9.99999331E-01
 9.99999280E-01
 9.99999228E-01
 9.99999177E-01
 9.99999125E-01
 9.99999074E-01
 9.99999022E-01
 9.99998971E-01
 9.99998919E-01
 9.99998868E-01
 9.99998816E-01
 9.99998765E-01
 9.99998713E-01
 9.99998662E-01
 9.99998611E-01
 9.99998559E-01
 9.99998508E-01
 9.99998456E-01
 9.99998405E-01
 9.99998353E-01
 9.99998302E-01
 9.99998250E-01
 9.99998199E-01
 9.99998147E-01
 9.99998096E-01
 9.99998044E-01
 9.99997993E-01
 9.99997942E-01
 9.99997890E-01
 9.99997839E-01
 9.99997787E-01
 9.99997736E-01
 9.99997684E-01
 9.99997633E-01
 9.99997581E-01
 9.99997530E-01
 9.99997478E-01
 9.99997427E-01
 9.99997375E-01
 9.99997324E-01
 9.99997272E-01
 9.99997221E-01
 9.99997170E-01
 9.99997118E-01
 9.99997067E-01
 9.99997015E-01
 9.99996964E-01
 9.99996912E-01
 9.99996861E-01
 9.99996809E-01
 9.99996758E-01
 9.99996706E-01
 9.99996655E-01
 9.99996603E-01
 9.99996552E-01
 9.99996501E-01
 9.99996449E-01
 9.99996398E-01
 9.99996346E-01
 9.99996295E-01
 9.99996243E-01
 9.99996192E-01
 9.99996140E-01
 9.99996089E-01
 9.99996037E-01
 9.99995986E-01
 9.99995934E-01
 9.99995883E-01
 9.99995832E-01
 9.99995780E-01
 9.99995729E-01
 9.99995677E-01
 9.99995626E-01
 9.99995574E-01
 9.99995523E-01
 9.99995471E-01
 9.99995420E-01
 9.99995368E-01
 9.99995317E-01
 9.99995265E-01
 9.99995214E-01
 9.99995163E-01
 9.99995111E-01
 9.99995060E-01
 9.99995008E-01
 9.99994957E-01
 9.99994905E-01
 9.99994854E-01
 9.99994802E-01
 9.99994751E-01
 9.99994699E-01
 9.99994648E-01
 9.99994596E-01
 9.99994545E-01
 9.99994494E-01
 9.99994442E-01
 9.99994391E-01
 9.99994339E-01
 9.99994288E-01
 9.99994236E-01
 9.99994185E-01
 9.99994133E-01
 9.99994082E-01
 9.99994030E-01
 9.99993979E-01
 9.99993927E-01
 9.99993876E-01
 9.99993825E-01
 9.99993773E-01
 9.99993722E-01
 9.99993670E-01
 9.99993619E-01
 9.99993567E-01
 9.99993709E-01
 9.99993915E-01
 9.99994120E-01
 9.99994326E-01
 9.99994532E-01
 9.99994738E-01
 9.99994944E-01
 9.99995150E-01
 9.99995356E-01
 9.99995561E-01
 9.99995767E-01
 9.99995973E-01
 9.99996179E-01
 9.99996385E-01
 9.99996591E-01
 9.99996796E-01
 9.99997002E-01
 9.99997208E-01
 9.99997414E-01
 9.99997620E-01
 9.99997826E-01
 9.99998032E-01
 9.99998237E-01
 9.99998443E-01
 9.99998649E-01
 9.99998855E-01
 9.99999061E-01
 9.99999267E-01
 9.99999473E-01
 9.99999678E-01
 9.99999884E-01
 9.99240489E-01
 9.97504465E-01
 9.95768441E-01
 9.94032417E-01
 9.92296393E-01
 9.90560369E-01
 9.88824345E-01
 9.87088321E-01
 9.75262911E-01
 9.56969947E-01
 9.38676982E-01
 9.20384017E-01
 9.01484456E-01
 8.82319083E-01
 8.62683110E-01
 8.42880311E-01
 8.26119662E-01
 8.10210815E-01
 7.95725742E-01
 7.79340970E-01
 7.64446381E-01
 7.49951312E-01
 7.35679548E-01
 7.21532724E-01
 7.08944920E-01
 6.96531920E-01
 6.84315407E-01
 6.72211432E-01
 6.60663499E-01
 6.49207118E-01
 6.37907677E-01
 6.26822630E-01
 6.16844289E-01
 6.06801635E-01
 5.96960506E-01
 5.87259722E-01
 5.77904303E-01
 5.68623793E-01
 5.59446923E-01
 5.50568023E-01
 5.42318228E-01
 5.34137290E-01
 5.26040888E-01
 5.18095270E-01
 5.10362632E-01
 5.02693537E-01
 4.95093485E-01
 4.87827796E-01
 4.80934107E-01
 4.74099729E-01
 4.67321877E-01
 4.60696034E-01
 4.54197812E-01
 4.47754355E-01
 4.41357155E-01
 4.35304671E-01
 4.29457715E-01
 4.23662087E-01
 4.17904346E-01
 4.12294907E-01
 4.06756801E-01
 4.01266839E-01
 3.95807760E-01
 3.90689372E-01
 3.85666671E-01
 3.80689248E-01
 3.75736881E-01
 3.70926384E-01
 3.66149470E-01
 3.61415239E-01
 3.56701195E-01
 3.52317652E-01
 3.47957532E-01
 3.43636498E-01
 3.39339923E-01
 3.35162230E-01
 3.31002667E-01
 3.26876627E-01
 3.22806258E-01
 3.18970212E-01
 3.15152081E-01
 3.11362705E-01
 3.07608924E-01
 3.03937475E-01
 3.00283685E-01
 2.96654546E-01
 2.93109149E-01
 2.89720999E-01
 2.86349256E-01
 2.82999423E-01
 2.79691599E-01
 2.76439803E-01
 2.73204699E-01
 2.69988675E-01
 2.66872392E-01
 2.63856474E-01
 2.60857435E-01
 2.57873491E-01
 2.54936892E-01
 2.52035449E-01
 2.49150990E-01
 2.46278872E-01
 2.43519519E-01
 2.40818033E-01
 2.38133564E-01
 2.35459039E-01
 2.32835031E-01
 2.30230594E-01
 2.27643148E-01
 2.25063556E-01
 2.22603767E-01
 2.20169935E-01
 2.17753018E-01
 2.15342131E-01
 2.12983415E-01
 2.10632574E-01
 2.08298533E-01
 2.05970826E-01
 2.03762888E-01
 2.01559566E-01
 1.99371473E-01
 1.97191652E-01
 1.95055540E-01
 1.92924659E-01
 1.90806977E-01
 1.88711895E-01
 1.86703169E-01
 1.84700198E-01
 1.82708621E-01
 1.80730857E-01
 1.78784455E-01
 1.76844254E-01
 1.74913835E-01
 1.73018444E-01
 1.71183131E-01
 1.69354381E-01
 1.67533948E-01
 1.65731440E-01
 1.63950536E-01
 1.62176529E-01
 1.60409575E-01
 1.58686833E-01
 1.57003356E-01
 1.55327033E-01
 1.53656620E-01
 1.52007131E-01
 1.50371467E-01
 1.48743186E-01
 1.47119771E-01
 1.45547301E-01
 1.43997575E-01
 1.42455410E-01
 1.40917185E-01
 1.39402026E-01
 1.37894504E-01
 1.36394687E-01
 1.34897977E-01
 1.33457066E-01
 1.32025741E-01
 1.30602233E-01
 1.29181087E-01
 1.27784549E-01
 1.26390741E-01
 1.25005612E-01
 1.23623210E-01
 1.22296280E-01
 1.20970158E-01
 1.19652240E-01
 1.18337554E-01
 1.17043970E-01
 1.15751883E-01
 1.14466816E-01
 1.13193150E-01
 1.11960197E-01
 1.10729354E-01
 1.09504459E-01
 1.08286211E-01
 1.07083133E-01
 1.05882707E-01
 1.04687258E-01
 1.03510100E-01
 1.02361475E-01
 1.01215986E-01
 1.00074593E-01
 9.89425575E-02
 9.78207992E-02
 9.67026057E-02
 9.55877091E-02
 9.44965689E-02
 9.34239058E-02
 9.23551881E-02
 9.12890411E-02
 9.02343935E-02
 8.91859803E-02
 8.81418493E-02
 8.70996295E-02
 8.60854807E-02
 8.50814853E-02
 8.40820696E-02
 8.30839657E-02
 8.20990448E-02
 8.11170117E-02
 8.01398208E-02
 7.91633967E-02
 7.82184206E-02
 7.72766978E-02
 7.63400479E-02
 7.54036694E-02
 7.44834528E-02
 7.35634245E-02
 7.26450716E-02
 7.17294437E-02
 7.08459723E-02
 6.99627009E-02
 6.90808813E-02
 6.82017664E-02
 6.73364330E-02
 6.64714252E-02
 6.56076644E-02
 6.47518710E-02
 6.39199798E-02
 6.30885277E-02
 6.22581349E-02
 6.14327996E-02
 6.06174615E-02
 5.98026649E-02
 5.89887556E-02
 5.81871595E-02
 5.74024367E-02
 5.66183478E-02
 5.58349886E-02
 5.50586403E-02
 5.42890873E-02
 5.35202489E-02
 5.27519932E-02
 5.19996523E-02
 5.12582003E-02
 5.05175407E-02
 4.97773331E-02
 4.90457493E-02
 4.83182296E-02
 4.75915697E-02
 4.68652398E-02
 4.61577947E-02
 4.54561305E-02
 4.47553870E-02
 4.40548614E-02
 4.33642897E-02
 4.26754531E-02
 4.19875917E-02
 4.12998453E-02
 4.06334280E-02
 3.99684326E-02
 3.93044613E-02
 3.86407634E-02
 3.79876047E-02
 3.73345126E-02
 3.66823552E-02
 3.60324979E-02
 3.54013701E-02
 3.47703886E-02
 3.41402213E-02
 3.35120041E-02
 3.28918216E-02
 3.22718588E-02
 3.16525981E-02
 3.10388155E-02
 3.04390323E-02
 2.98395360E-02
 2.92406380E-02
 2.86452948E-02
 2.80560781E-02
 2.74668614E-02
 2.68776447E-02
 2.62969959E-02
 2.57266876E-02
 2.51563793E-02
 2.45860709E-02
 2.40208290E-02
 2.34599192E-02
 2.28990094E-02
 2.23380996E-02
 2.17881737E-02
 2.12448383E-02
 2.07015028E-02
 2.01581674E-02
 1.96210461E-02
 1.90864514E-02
 1.85518567E-02
 1.80172619E-02
 1.74957065E-02
 1.69774747E-02
 1.64592429E-02
 1.59410112E-02
 1.54299681E-02
 1.49198793E-02
 1.44097905E-02
 1.38997017E-02
 1.34043964E-02
 1.29095679E-02
 1.24147395E-02
 1.19203266E-02
 1.14330966E-02
 1.09458666E-02
 1.04586366E-02
 9.97365002E-03
 9.50237278E-03
 9.03109554E-03
 8.55981829E-03
 8.08938040E-03
 7.62180788E-03
 7.15423536E-03
 6.68666284E-03
 6.22428556E-03
 5.77333782E-03
 5.32239008E-03
 4.87144234E-03
 4.42187549E-03
 3.97439351E-03
 3.52691154E-03
 3.07942957E-03
 2.64988170E-03
 2.23942497E-03
 1.82896825E-03
 1.41851152E-03
 1.03776697E-03
 6.79408302E-04
 3.50377469E-04
 7.51820045E-05
-7.71934884E-07
-7.20472559E-07
-6.69010233E-07
-6.17547908E-07
-5.66085582E-07
-5.14623256E-07
-4.63160931E-07
-4.11698605E-07
-3.60236279E-07
-3.08773954E-07
-2.57311628E-07
-2.05849303E-07
-1.54386977E-07
-1.02924651E-07
-5.14623256E-08
 3.93145783E-01
 6.06786305E-01
 7.34530755E-01
 8.54562088E-01
 8.92553907E-01
 9.30545727E-01
 9.68537546E-01
 9.99999511E-01
 9.99999450E-01
 9.99999389E-01
 9.99999328E-01
 9.99999267E-01
 9.99999206E-01
 9.99999145E-01
 9.99999084E-01
 9.99999023E-01
 9.99998961E-01
 9.99998900E-01
 9.99998839E-01
 9.99998778E-01
 9.99998717E-01
 9.99998656E-01
 9.99998595E-01
 9.99998534E-01
 9.99998473E-01
 9.99998412E-01
 9.99998350E-01
 9.99998289E-01
 9.99998228E-01
 9.99998167E-01
 9.99998106E-01
 9.99998045E-01
 9.99997984E-01
 9.99997923E-01
 9.99997862E-01
 9.99997801E-01
 9.99997740E-01
 9.99997678E-01
 9.99997617E-01
 9.99997556E-01
 9.99997495E-01
 9.99997434E-01
 9.99997373E-01
 9.99997312E-01
 9.99997251E-01
 9.99997190E-01
 9.99997129E-01
 9.99997068E-01
 9.99997006E-01
 9.99996945E-01
 9.99996884E-01
 9.99996823E-01
 9.99996762E-01
 9.99996701E-01
 9.99996640E-01
 9.99996579E-01
 9.99996518E-01
 9.99996457E-01
 9.99996396E-01
 9.99996334E-01
 9.99996273E-01
 9.99996212E-01
 9.99996151E-01
 9.99996090E-01
 9.99996029E-01
 9.99995968E-01
 9.99995907E-01
 9.99995846E-01
 9.99995785E-01
 9.99995724E-01
 9.99995662E-01
 9.99995601E-01
 9.99995540E-01
 9.99995479E-01
 9.99995418E-01
 9.99995357E-01
 9.99995296E-01
 9.99995235E-01
 9.99995174E-01
 9.99995113E-01
 9.99995051E-01
 9.99994990E-01
 9.99994929E-01
 9.99994868E-01
 9.99994807E-01
 9.99994746E-01
 9.99994685E-01
 9.99994624E-01
 9.99994563E-01
 9.99994502E-01
 9.99994441E-01
 9.99994379E-01
 9.99994318E-01
 9.99994257E-01
 9.99994196E-01
 9.99994135E-01
 9.99994074E-01
 9.99994013E-01
 9.99993952E-01
 9.99993891E-01
 9.99993830E-01
 9.99993769E-01
 9.99993707E-01
 9.99993646E-01
 9.99993585E-01
 9.99993524E-01
 9.99993463E-01
 9.99993402E-01
 9.99993341E-01
 9.99993280E-01
 9.99993219E-01
 9.99993158E-01
 9.99993097E-01
 9.99993035E-01
 9.99992974E-01
 9.99992913E-01
 9.99992852E-01
 9.99992791E-01
 9.99992730E-01
 9.99992669E-01
 9.99992608E-01
 9.99992547E-01
 9.99992486E-01
 9.99992425E-01
 9.99992363E-01
 9.99992531E-01
 9.99992776E-01
 9.99993020E-01
 9.99993265E-01
 9.99993509E-01
 9.99993753E-01
 9.99993998E-01
 9.99994242E-01
 9.99994486E-01
 9.99994731E-01
 9.99994975E-01
 9.99995219E-01
 9.99995464E-01
 9.99995708E-01
 9.99995953E-01
 9.99996197E-01
 9.99996441E-01
 9.99996686E-01
 9.99996930E-01
 9.99997174E-01
 9.99997419E-01
 9.99997663E-01
 9.99997908E-01
 9.99998152E-01
 9.99998396E-01
 9.99998641E-01
 9.99998885E-01
 9.99999129E-01
 9.99999374E-01
 9.99999618E-01
 9.99999863E-01
 9.99313221E-01
 9.97743441E-01
 9.96173661E-01
 9.94603881E-01
 9.93034101E-01
 9.91464321E-01
 9.89894541E-01
 9.88324761E-01
 9.76628823E-01
 9.58441758E-01
 9.40254693E-01
 9.22067628E-01
 9.03245081E-01
 8.84144064E-01
 8.64550038E-01
 8.44781242E-01
 8.27957081E-01
 8.11957417E-01
 7.97449325E-01
 7.80951072E-01
 7.66013965E-01
 7.51495401E-01
 7.37210776E-01
 7.23057041E-01
 7.10405739E-01
 6.97931131E-01
 6.85662366E-01
 6.73511498E-01
 6.61943150E-01
 6.50470715E-01
 6.39162692E-01
 6.28066838E-01
 6.18043352E-01
 6.07952489E-01
 5.98072750E-01
 5.88340037E-01
 5.78969135E-01
 5.69676710E-01
 5.60492859E-01
 5.51599351E-01
 5.43313231E-01
 5.35099246E-01
 5.26973823E-01
 5.19006366E-01
 5.11262029E-01
 5.03584262E-01
 4.95978824E-01
 4.88697357E-01
 4.81775782E-01
 4.74916340E-01
 4.68116117E-01
 4.61475140E-01
 4.54967863E-01
 4.48517958E-01
 4.42116513E-01
 4.36048111E-01
 4.30179267E-01
 4.24364196E-01
 4.18588817E-01
 4.12968800E-01
 4.07423514E-01
 4.01928664E-01
 3.96466168E-01
 3.91332127E-01
 3.86291764E-01
 3.81298833E-01
 3.76332152E-01
 3.71514097E-01
 3.66731224E-01
 3.61993066E-01
 3.57276058E-01
 3.52877496E-01
 3.48503031E-01
 3.44169513E-01
 3.39861620E-01
 3.35678270E-01
 3.31513913E-01
 3.27384675E-01
 3.23310140E-01
 3.19461545E-01
 3.15631718E-01
 3.11832016E-01
 3.08069602E-01
 3.04393442E-01
 3.00735782E-01
 2.97103946E-01
 2.93553529E-01
 2.90154923E-01
 2.86773505E-01
 2.83415042E-01
 2.80100587E-01
 2.76844828E-01
 2.73606557E-01
 2.70388274E-01
 2.67266435E-01
 2.64241696E-01
 2.61234640E-01
 2.58243396E-01
 2.55301754E-01
 2.52396941E-01
 2.49509920E-01
 2.46635829E-01
 2.43870675E-01
 2.41161652E-01
 2.38470456E-01
 2.35789678E-01
 2.33161821E-01
 2.30554469E-01
 2.27964916E-01
 2.25383591E-01
 2.22917899E-01
 2.20477570E-01
 2.18054962E-01
 2.15638672E-01
 2.13277035E-01
 2.10923651E-01
 2.08587865E-01
 2.06258557E-01
 2.04044794E-01
 2.01835867E-01
 1.99642892E-01
 1.97458585E-01
 1.95320067E-01
 1.93187030E-01
 1.91067820E-01
 1.88970646E-01
 1.86956828E-01
 1.84949039E-01
 1.82953185E-01
 1.80971804E-01
 1.79023277E-01
 1.77081248E-01
 1.75149465E-01
 1.73251631E-01
 1.71411839E-01
 1.69578923E-01
 1.67754720E-01
 1.65949294E-01
 1.64166503E-01
 1.62390936E-01
 1.60622758E-01
 1.58897330E-01
 1.57209888E-01
 1.55529941E-01
 1.53856186E-01
 1.52204350E-01
 1.50566999E-01
 1.48937381E-01
 1.47312861E-01
 1.45737542E-01
 1.44184288E-01
 1.42638955E-01
 1.41097749E-01
 1.39580708E-01
 1.38071668E-01
 1.36570699E-01
 1.35072986E-01
 1.33629122E-01
 1.32194643E-01
 1.30768354E-01
 1.29344538E-01
 1.27946502E-01
 1.26551327E-01
 1.25165244E-01
 1.23781798E-01
 1.22451991E-01
 1.21123032E-01
 1.19802667E-01
 1.18485688E-01
 1.17190816E-01
 1.15897512E-01
 1.14611563E-01
 1.13336637E-01
 1.12101078E-01
 1.10867729E-01
 1.09640612E-01
 1.08420458E-01
 1.07216196E-01
 1.06014713E-01
 1.04818444E-01
 1.03639860E-01
 1.02488865E-01
 1.01341156E-01
 1.00197738E-01
 9.90641227E-02
 9.79412740E-02
 9.68221601E-02
 9.57065000E-02
 9.46138095E-02
 9.35389844E-02
 9.24682925E-02
 9.14002938E-02
 9.03443419E-02
 8.92949215E-02
 8.82499871E-02
 8.72070549E-02
 8.61912635E-02
 8.51852890E-02
 8.41841124E-02
 8.31843100E-02
 8.21983184E-02
 8.12153521E-02
 8.02374585E-02
 7.92603683E-02
 7.83136837E-02
 7.73701444E-02
 7.64319196E-02
 7.54939792E-02
 7.45729703E-02
 7.36521586E-02
 7.27331020E-02
 7.18167008E-02
 7.09316321E-02
 7.00467729E-02
 6.91634347E-02
 6.82829300E-02
 6.74168630E-02
 6.65511371E-02
 6.56867176E-02
 6.48300615E-02
 6.39966955E-02
 6.31637894E-02
 6.23319931E-02
 6.15054951E-02
 6.06894705E-02
 5.98740130E-02
 5.90594851E-02
 5.82569555E-02
 5.74708677E-02
 5.66854439E-02
 5.59007845E-02
 5.51234699E-02
 5.43532742E-02
 5.35838271E-02
 5.28149905E-02
 5.20616613E-02
 5.13189425E-02
 5.05770538E-02
 4.98356387E-02
 4.91032581E-02
 4.83751350E-02
 4.76479126E-02
 4.69210360E-02
 4.62125607E-02
 4.55097184E-02
 4.48078405E-02
 4.41061909E-02
 4.34149692E-02
 4.27255653E-02
 4.20371829E-02
 4.13489210E-02
 4.06814421E-02
 4.00153486E-02
 3.93503280E-02
 3.86855938E-02
 3.80319007E-02
 3.73782773E-02
 3.67256332E-02
 3.60752303E-02
 3.54430770E-02
 3.48110771E-02
 3.41799301E-02
 3.35508261E-02
 3.29301394E-02
 3.23096828E-02
 3.16899619E-02
 3.10755786E-02
 3.04748360E-02
 2.98743940E-02
 2.92745788E-02
 2.86784877E-02
 2.80888148E-02
 2.74991420E-02
 2.69094691E-02
 2.63281722E-02
 2.57569842E-02
 2.51857963E-02
 2.46146083E-02
 2.40487280E-02
 2.34873861E-02
 2.29260442E-02
 2.23647023E-02
 2.18140981E-02
 2.12699366E-02
 2.07257750E-02
 2.01816135E-02
 1.96439620E-02
 1.91089575E-02
 1.85739530E-02
 1.80389484E-02
 1.75166905E-02
 1.69976818E-02
 1.64786730E-02
 1.59596643E-02
 1.54481866E-02
 1.49377086E-02
 1.44272306E-02
 1.39167526E-02
 1.34207260E-02
 1.29251657E-02
 1.24296054E-02
 1.19344803E-02
 1.14468803E-02
 1.09592803E-02
 1.04716802E-02
 9.98628988E-03
 9.51440312E-03
 9.04251636E-03
 8.57062961E-03
 8.09962217E-03
 7.63161655E-03
 7.16361093E-03
 6.69560531E-03
 6.23275013E-03
 5.78122592E-03
 5.32970170E-03
 4.87817749E-03
 4.42809993E-03
 3.98020653E-03
 3.53231312E-03
 3.08441971E-03
 2.65328337E-03
 2.23998519E-03
 1.82668701E-03
 1.41338883E-03
 1.03121769E-03
 6.72498427E-04
 3.44503562E-04
 7.29076557E-05
-9.16390535E-07
-8.55297833E-07
-7.94205131E-07
-7.33112428E-07
-6.72019726E-07
-6.10927024E-07
-5.49834321E-07
-4.88741619E-07
-4.27648917E-07
-3.66556214E-07
-3.05463512E-07
-2.44370809E-07
-1.83278107E-07
-1.22185405E-07
-6.10927024E-08
 4.05209470E-01
 6.22754350E-01
 7.50498790E-01
 8.70179517E-01
 9.04091662E-01
 9.38003807E-01
 9.71915951E-01
 9.99999434E-01
 9.99999363E-01
 9.99999293E-01
 9.99999222E-01
 9.99999151E-01
 9.99999081E-01
 9.99999010E-01
 9.99998939E-01
 9.99998868E-01
 9.99998798E-01
 9.99998727E-01
 9.99998656E-01
 9.99998586E-01
 9.99998515E-01
 9.99998444E-01
 9.99998373E-01
 9.99998303E-01
 9.99998232E-01
 9.99998161E-01
 9.99998090E-01
 9.99998020E-01
 9.99997949E-01
 9.99997878E-01
 9.99997808E-01
 9.99997737E-01
 9.99997666E-01
 9.99997595E-01
 9.99997525E-01
 9.99997454E-01
 9.99997383E-01
 9.99997313E-01
 9.99997242E-01
 9.99997171E-01
 9.99997100E-01
 9.99997030E-01
 9.99996959E-01
 9.99996888E-01
 9.99996817E-01
 9.99996747E-01
 9.99996676E-01
 9.99996605E-01
 9.99996535E-01
 9.99996464E-01
 9.99996393E-01
 9.99996322E-01
 9.99996252E-01
 9.99996181E-01
 9.99996110E-01
 9.99996040E-01
 9.99995969E-01
 9.99995898E-01
 9.99995827E-01
 9.99995757E-01
 9.99995686E-01
 9.99995615E-01
 9.99995544E-01
 9.99995474E-01
 9.99995403E-01
 9.99995332E-01
 9.99995262E-01
 9.99995191E-01
 9.99995120E-01
 9.99995049E-01
 9.99994979E-01
 9.99994908E-01
 9.99994837E-01
 9.99994766E-01
 9.99994696E-01
 9.99994625E-01
 9.99994554E-01
 9.99994484E-01
 9.99994413E-01
 9.99994342E-01
 9.99994271E-01
 9.99994201E-01
 9.99994130E-01
 9.99994059E-01
 9.99993989E-01
 9.99993918E-01
 9.99993847E-01
 9.99993776E-01
 9.99993706E-01
 9.99993635E-01
 9.99993564E-01
 9.99993493E-01
 9.99993423E-01
 9.99993352E-01
 9.99993281E-01
 9.99993211E-01
 9.99993140E-01
 9.99993069E-01
 9.99992998E-01
 9.99992928E-01
 9.99992857E-01
 9.99992786E-01
 9.99992716E-01
 9.99992645E-01
 9.99992574E-01
 9.99992503E-01
 9.99992433E-01
 9.99992362E-01
 9.99992291E-01
 9.99992220E-01
 9.99992150E-01
 9.99992079E-01
 9.99992008E-01
 9.99991938E-01
 9.99991867E-01
 9.99991796E-01
 9.99991725E-01
 9.99991655E-01
 9.99991584E-01
 9.99991513E-01
 9.99991443E-01
 9.99991372E-01
 9.99991301E-01
 9.99991230E-01
 9.99991160E-01
 9.99991354E-01
 9.99991637E-01
 9.99991920E-01
 9.99992203E-01
 9.99992486E-01
 9.99992769E-01
 9.99993051E-01
 9.99993334E-01
 9.99993617E-01
 9.99993900E-01
 9.99994183E-01
 9.99994466E-01
 9.99994749E-01
 9.99995032E-01
 9.99995315E-01
 9.99995597E-01
 9.99995880E-01
 9.99996163E-01
 9.99996446E-01
 9.99996729E-01
 9.99997012E-01
 9.99997295E-01
 9.99997578E-01
 9.99997861E-01
 9.99998144E-01
 9.99998426E-01
 9.99998709E-01
 9.99998992E-01
 9.99999275E-01
 9.99999558E-01
 9.99999841E-01
 9.99385953E-01
 9.97982417E-01
 9.96578881E-01
 9.95175345E-01
 9.93771809E-01
 9.92368273E-01
 9.90964737E-01
 9.89561201E-01
 9.77994735E-01
 9.59913570E-01
 9.41832405E-01
 9.23751239E-01
 9.05005706E-01
 8.85969046E-01
 8.66416967E-01
 8.46682174E-01
 8.29794499E-01
 8.13704018E-01
 7.99172908E-01
 7.82561175E-01
 7.67581549E-01
 7.53039490E-01
 7.38742005E-01
 7.24581358E-01
 7.11866558E-01
 6.99330342E-01
 6.87009325E-01
 6.74811564E-01
 6.63222802E-01
 6.51734311E-01
 6.40417707E-01
 6.29311047E-01
 6.19242415E-01
 6.09103344E-01
 5.99184993E-01
 5.89420352E-01
 5.80033967E-01
 5.70729626E-01
 5.61538796E-01
 5.52630678E-01
 5.44308234E-01
 5.36061202E-01
 5.27906759E-01
 5.19917461E-01
 5.12161426E-01
 5.04474986E-01
 4.96864164E-01
 4.89566919E-01
 4.82617456E-01
 4.75732951E-01
 4.68910357E-01
 4.62254247E-01
 4.55737914E-01
 4.49281561E-01
 4.42875870E-01
 4.36791551E-01
 4.30900820E-01
 4.25066305E-01
 4.19273287E-01
 4.13642693E-01
 4.08090227E-01
 4.02590489E-01
 3.97124576E-01
 3.91974883E-01
 3.86916856E-01
 3.81908419E-01
 3.76927424E-01
 3.72101810E-01
 3.67312978E-01
 3.62570894E-01
 3.57850920E-01
 3.53437339E-01
 3.49048530E-01
 3.44702529E-01
 3.40383318E-01
 3.36194310E-01
 3.32025159E-01
 3.27892723E-01
 3.23814023E-01
 3.19952879E-01
 3.16111355E-01
 3.12301326E-01
 3.08530280E-01
 3.04849409E-01
 3.01187878E-01
 2.97553346E-01
 2.93997909E-01
 2.90588847E-01
 2.87197755E-01
 2.83830660E-01
 2.80509575E-01
 2.77249853E-01
 2.74008415E-01
 2.70787872E-01
 2.67660478E-01
 2.64626918E-01
 2.61611844E-01
 2.58613302E-01
 2.55666615E-01
 2.52758433E-01
 2.49868851E-01
 2.46992785E-01
 2.44221830E-01
 2.41505270E-01
 2.38807347E-01
 2.36120316E-01
 2.33488612E-01
 2.30878343E-01
 2.28286684E-01
 2.25703626E-01
 2.23232030E-01
 2.20785205E-01
 2.18356907E-01
 2.15935212E-01
 2.13570656E-01
 2.11214727E-01
 2.08877197E-01
 2.06546289E-01
 2.04326699E-01
 2.02112167E-01
 1.99914311E-01
 1.97725517E-01
 1.95584595E-01
 1.93449401E-01
 1.91328663E-01
 1.89229396E-01
 1.87210486E-01
 1.85197879E-01
 1.83197750E-01
 1.81212750E-01
 1.79262100E-01
 1.77318241E-01
 1.75385094E-01
 1.73484818E-01
 1.71640548E-01
 1.69803465E-01
 1.67975491E-01
 1.66167149E-01
 1.64382469E-01
 1.62605342E-01
 1.60835941E-01
 1.59107827E-01
 1.57416420E-01
 1.55732849E-01
 1.54055751E-01
 1.52401569E-01
 1.50762531E-01
 1.49131576E-01
 1.47505952E-01
 1.45927783E-01
 1.44371001E-01
 1.42822500E-01
 1.41278314E-01
 1.39759390E-01
 1.38248831E-01
 1.36746711E-01
 1.35247995E-01
 1.33801178E-01
 1.32363545E-01
 1.30934474E-01
 1.29507989E-01
 1.28108456E-01
 1.26711914E-01
 1.25324876E-01
 1.23940386E-01
 1.22607703E-01
 1.21275907E-01
 1.19953094E-01
 1.18633822E-01
 1.17337662E-01
 1.16043142E-01
 1.14756310E-01
 1.13480124E-01
 1.12241960E-01
 1.11006105E-01
 1.09776764E-01
 1.08554705E-01
 1.07349259E-01
 1.06146718E-01
 1.04949629E-01
 1.03769620E-01
 1.02616256E-01
 1.01466326E-01
 1.00320883E-01
 9.91856878E-02
 9.80617489E-02
 9.69417144E-02
 9.58252908E-02
 9.47310501E-02
 9.36540630E-02
 9.25813968E-02
 9.15115464E-02
 9.04542903E-02
 8.94038626E-02
 8.83581248E-02
 8.73144803E-02
 8.62970463E-02
 8.52890928E-02
 8.42861552E-02
 8.32846543E-02
 8.22975920E-02
 8.13136925E-02
 8.03350963E-02
 7.93573399E-02
 7.84089467E-02
 7.74635910E-02
 7.65237914E-02
 7.55842890E-02
 7.46624877E-02
 7.37408926E-02
 7.28211325E-02
 7.19039578E-02
 7.10172918E-02
 7.01308449E-02
 6.92459880E-02
 6.83640935E-02
 6.74972930E-02
 6.66308490E-02
 6.57657709E-02
 6.49082520E-02
 6.40734112E-02
 6.32390511E-02
 6.24058513E-02
 6.15781907E-02
 6.07614794E-02
 5.99453611E-02
 5.91302147E-02
 5.83267515E-02
 5.75392986E-02
 5.67525399E-02
 5.59665803E-02
 5.51882995E-02
 5.44174611E-02
 5.36474053E-02
 5.28779877E-02
 5.21236704E-02
 5.13796848E-02
 5.06365670E-02
 4.98939444E-02
 4.91607668E-02
 4.84320403E-02
 4.77042556E-02
 4.69768323E-02
 4.62673267E-02
 4.55633062E-02
 4.48602939E-02
 4.41575204E-02
 4.34656487E-02
 4.27756774E-02
 4.20867741E-02
 4.13979968E-02
 4.07294562E-02
 4.00622647E-02
 3.93961947E-02
 3.87304242E-02
 3.80761967E-02
 3.74220420E-02
 3.67689112E-02
 3.61179626E-02
 3.54847840E-02
 3.48517656E-02
 3.42196388E-02
 3.35896480E-02
 3.29684572E-02
 3.23475068E-02
 3.17273256E-02
 3.11123416E-02
 3.05106397E-02
 2.99092520E-02
 2.93085196E-02
 2.87116806E-02
 2.81215516E-02
 2.75314225E-02
 2.69412935E-02
 2.63593485E-02
 2.57872809E-02
 2.52152133E-02
 2.46431457E-02
 2.40766270E-02
 2.35148530E-02
 2.29530789E-02
 2.23913049E-02
 2.18400224E-02
 2.12950348E-02
 2.07500473E-02
 2.02050597E-02
 1.96668780E-02
 1.91314636E-02
 1.85960493E-02
 1.80606349E-02
 1.75376746E-02
 1.70178889E-02
 1.64981032E-02
 1.59783174E-02
 1.54664051E-02
 1.49555379E-02
 1.44446706E-02
 1.39338034E-02
 1.34370557E-02
 1.29407635E-02
 1.24444712E-02
 1.19486341E-02
 1.14606640E-02
 1.09726939E-02
 1.04847238E-02
 9.99892974E-03
 9.52643347E-03
 9.05393719E-03
 8.58144092E-03
 8.10986394E-03
 7.64142521E-03
 7.17298649E-03
 6.70454777E-03
 6.24121469E-03
 5.78911401E-03
 5.33701333E-03
 4.88491265E-03
 4.43432438E-03
 3.98601954E-03
 3.53771470E-03
 3.08940986E-03
 2.65668504E-03
 2.24054541E-03
 1.82440577E-03
 1.40826614E-03
 1.02466841E-03
 6.65588552E-04
 3.38629656E-04
 7.06333069E-05
-1.06084619E-06
-9.90123107E-07
-9.19400028E-07
-8.48676949E-07
-7.77953870E-07
-7.07230791E-07
-6.36507712E-07
-5.65784633E-07
-4.95061554E-07
-4.24338475E-07
-3.53615395E-07
-2.82892316E-07
-2.12169237E-07
-1.41446158E-07
-7.07230791E-08
 4.17273168E-01
 6.38722414E-01
 7.66466855E-01
 8.85796986E-01
 9.15629466E-01
 9.45461946E-01
 9.75294426E-01
 9.99999437E-01
 9.99999366E-01
 9.99999296E-01
 9.99999225E-01
 9.99999155E-01
 9.99999085E-01
 9.99999014E-01
 9.99998944E-01
 9.99998873E-01
 9.99998803E-01
 9.99998732E-01
 9.99998662E-01
 9.99998592E-01
 9.99998521E-01
 9.99998451E-01
 9.99998380E-01
 9.99998310E-01
 9.99998239E-01
 9.99998169E-01
 9.99998099E-01
 9.99998028E-01
 9.99997958E-01
 9.99997887E-01
 9.99997817E-01
 9.99997746E-01
 9.99997676E-01
 9.99997606E-01
 9.99997535E-01
 9.99997465E-01
 9.99997394E-01
 9.99997324E-01
 9.99997254E-01
 9.99997183E-01
 9.99997113E-01
 9.99997042E-01
 9.99996972E-01
 9.99996901E-01
 9.99996831E-01
 9.99996761E-01
 9.99996690E-01
 9.99996620E-01
 9.99996549E-01
 9.99996479E-01
 9.99996408E-01
 9.99996338E-01
 9.99996268E-01
 9.99996197E-01
 9.99996127E-01
 9.99996056E-01
 9.99995986E-01
 9.99995916E-01
 9.99995845E-01
 9.99995775E-01
 9.99995704E-01
 9.99995634E-01
 9.99995563E-01
 9.99995493E-01
 9.99995423E-01
 9.99995352E-01
 9.99995282E-01
 9.99995211E-01
 9.99995141E-01
 9.99995070E-01
 9.99995000E-01
 9.99994930E-01
 9.99994859E-01
 9.99994789E-01
 9.99994718E-01
 9.99994648E-01
 9.99994577E-01
 9.99994507E-01
 9.99994437E-01
 9.99994366E-01
 9.99994296E-01
 9.99994225E-01
 9.99994155E-01
 9.99994085E-01
 9.99994014E-01
 9.99993944E-01
 9.99993873E-01
 9.99993803E-01
 9.99993732E-01
 9.99993662E-01
 9.99993592E-01
 9.99993521E-01
 9.99993451E-01
 9.99993380E-01
 9.99993310E-01
 9.99993239E-01
 9.99993169E-01
 9.99993099E-01
 9.99993028E-01
 9.99992958E-01
 9.99992887E-01
 9.99992817E-01
 9.99992747E-01
 9.99992676E-01
 9.99992606E-01
 9.99992535E-01
 9.99992465E-01
 9.99992394E-01
 9.99992324E-01
 9.99992254E-01
 9.99992183E-01
 9.99992113E-01
 9.99992042E-01
 9.99991972E-01
 9.99991901E-01
 9.99991831E-01
 9.99991761E-01
 9.99991690E-01
 9.99991620E-01
 9.99991549E-01
 9.99991479E-01
 9.99991409E-01
 9.99991338E-01
 9.99991268E-01
 9.99991197E-01
 9.99991391E-01
 9.99991673E-01
 9.99991954E-01
 9.99992236E-01
 9.99992518E-01
 9.99992799E-01
 9.99993081E-01
 9.99993363E-01
 9.99993644E-01
 9.99993926E-01
 9.99994208E-01
 9.99994489E-01
 9.99994771E-01
 9.99995053E-01
 9.99995335E-01
 9.99995616E-01
 9.99995898E-01
 9.99996180E-01
 9.99996461E-01
 9.99996743E-01
 9.99997025E-01
 9.99997306E-01
 9.99997588E-01
 9.99997870E-01
 9.99998151E-01
 9.99998433E-01
 9.99998715E-01
 9.99998996E-01
 9.99999278E-01
 9.99999560E-01
 9.99999842E-01
 9.99459263E-01
 9.98223294E-01
 9.96987324E-01
 9.95751355E-01
 9.94515385E-01
 9.93279416E-01
 9.92043447E-01
 9.90807477E-01
 9.79371805E-01
 9.61397862E-01
 9.43423919E-01
 9.25449976E-01
 9.06782779E-01
 8.87811797E-01
 8.68302988E-01
 8.48603520E-01
 8.31651904E-01
 8.15469688E-01
 8.00914641E-01
 7.84188509E-01
 7.69165446E-01
 7.54598974E-01
 7.40287710E-01
 7.26119234E-01
 7.13340017E-01
 7.00741274E-01
 6.88367087E-01
 6.76121515E-01
 6.64511420E-01
 6.53005956E-01
 6.41679852E-01
 6.30561563E-01
 6.20447642E-01
 6.10260219E-01
 6.00303112E-01
 5.90506398E-01
 5.81104387E-01
 5.71787987E-01
 5.62590032E-01
 5.53667161E-01
 5.45308248E-01
 5.37028026E-01
 5.28844419E-01
 5.20833136E-01
 5.13065259E-01
 5.05370002E-01
 4.97753651E-01
 4.90440484E-01
 4.83462989E-01
 4.76553277E-01
 4.69708167E-01
 4.63036781E-01
 4.56511248E-01
 4.50048303E-01
 4.43638224E-01
 4.37537842E-01
 4.31625079E-01
 4.25770977E-01
 4.19960176E-01
 4.14318861E-01
 4.08759071E-01
 4.03254301E-01
 3.97784827E-01
 3.92619472E-01
 3.87543803E-01
 3.82519880E-01
 3.77524593E-01
 3.72691442E-01
 3.67896672E-01
 3.63150683E-01
 3.58427765E-01
 3.53999188E-01
 3.49596055E-01
 3.45237593E-01
 3.40907084E-01
 3.36712441E-01
 3.32538517E-01
 3.28402905E-01
 3.24320061E-01
 3.20446388E-01
 3.16593190E-01
 3.12772855E-01
 3.08993199E-01
 3.05307639E-01
 3.01642259E-01
 2.98005051E-01
 2.94444616E-01
 2.91025119E-01
 2.87624374E-01
 2.84248670E-01
 2.80920976E-01
 2.77657313E-01
 2.74412728E-01
 2.71189948E-01
 2.68057005E-01
 2.65014613E-01
 2.61991512E-01
 2.58985661E-01
 2.56033920E-01
 2.53122358E-01
 2.50230204E-01
 2.47352156E-01
 2.44575390E-01
 2.41851283E-01
 2.39146623E-01
 2.36453328E-01
 2.33817766E-01
 2.31204572E-01
 2.28610795E-01
 2.26025995E-01
 2.23548486E-01
 2.21095155E-01
 2.18661155E-01
 2.16234047E-01
 2.13866562E-01
 2.11508078E-01
 2.09168793E-01
 2.06836275E-01
 2.04610850E-01
 2.02390701E-01
 2.00187955E-01
 1.97994665E-01
 1.95851327E-01
 1.93713966E-01
 1.91591692E-01
 1.89490322E-01
 1.87466309E-01
 1.85448874E-01
 1.83444459E-01
 1.81455832E-01
 1.79503047E-01
 1.77557349E-01
 1.75622830E-01
 1.73720101E-01
 1.71871341E-01
 1.70030082E-01
 1.68198328E-01
 1.66387059E-01
 1.64600481E-01
 1.62821785E-01
 1.61051149E-01
 1.59320339E-01
 1.57624958E-01
 1.55937753E-01
 1.54257303E-01
 1.52600765E-01
 1.50960029E-01
 1.49327728E-01
 1.47700990E-01
 1.46119960E-01
 1.44559640E-01
 1.43007961E-01
 1.41460785E-01
 1.39939969E-01
 1.38427882E-01
 1.36924600E-01
 1.35424871E-01
 1.33975092E-01
 1.32534295E-01
 1.31102432E-01
 1.29673268E-01
 1.28272227E-01
 1.26874307E-01
 1.25486305E-01
 1.24100761E-01
 1.22765192E-01
 1.21430548E-01
 1.20105280E-01
 1.18783704E-01
 1.17486246E-01
 1.16190499E-01
 1.14902775E-01
 1.13625320E-01
 1.12384539E-01
 1.11146168E-01
 1.09914596E-01
 1.08690620E-01
 1.07483981E-01
 1.06280373E-01
 1.05082453E-01
 1.03901009E-01
 1.02745265E-01
 1.01593105E-01
 1.00445627E-01
 9.93088420E-02
 9.81838029E-02
 9.70628379E-02
 9.59456408E-02
 9.48498400E-02
 9.37706809E-02
 9.26960306E-02
 9.16243185E-02
 9.05657483E-02
 8.95143034E-02
 8.84677523E-02
 8.74233854E-02
 8.64042990E-02
 8.53943565E-02
 8.43896480E-02
 8.33864387E-02
 8.23982957E-02
 8.14134531E-02
 8.04341443E-02
 7.94557119E-02
 7.85056001E-02
 7.75584181E-02
 7.66170336E-02
 7.56759593E-02
 7.47533558E-02
 7.38309674E-02
 7.29104938E-02
 7.19925357E-02
 7.11042625E-02
 7.02162179E-02
 6.93298325E-02
 6.84465382E-02
 6.75789942E-02
 6.67118222E-02
 6.58460755E-02
 6.49876840E-02
 6.41513583E-02
 6.33155343E-02
 6.24809212E-02
 6.16520879E-02
 6.08346801E-02
 6.00178910E-02
 5.92021161E-02
 5.83977095E-02
 5.76088816E-02
 5.68207780E-02
 5.60335084E-02
 5.52542513E-02
 5.44827603E-02
 5.37120858E-02
 5.29420774E-02
 5.21867620E-02
 5.14414997E-02
 5.06971429E-02
 4.99533027E-02
 4.92193183E-02
 4.84899785E-02
 4.77616214E-02
 4.70336415E-02
 4.63230958E-02
 4.56178872E-02
 4.49137306E-02
 4.42098231E-02
 4.35172916E-02
 4.28267430E-02
 4.21373088E-02
 4.14480061E-02
 4.07783939E-02
 4.01100944E-02
 3.94429652E-02
 3.87761484E-02
 3.81213766E-02
 3.74666807E-02
 3.68130532E-02
 3.61615490E-02
 3.55273350E-02
 3.48932883E-02
 3.42601719E-02
 3.36292844E-02
 3.30075794E-02
 3.23861254E-02
 3.17654739E-02
 3.11498793E-02
 3.05472081E-02
 2.99448648E-02
 2.93432053E-02
 2.87456085E-02
 2.81550133E-02
 2.75644182E-02
 2.69738230E-02
 2.63912201E-02
 2.58182629E-02
 2.52453057E-02
 2.46723485E-02
 2.41051814E-02
 2.35429654E-02
 2.29807493E-02
 2.24185333E-02
 2.18665625E-02
 2.13207389E-02
 2.07749153E-02
 2.02290918E-02
 1.96903700E-02
 1.91545359E-02
 1.86187017E-02
 1.80828676E-02
 1.75591949E-02
 1.70386223E-02
 1.65180497E-02
 1.59974771E-02
 1.54851202E-02
 1.49738538E-02
 1.44625874E-02
 1.39513210E-02
 1.34538422E-02
 1.29568082E-02
 1.24597741E-02
 1.19632149E-02
 1.14748649E-02
 1.09865148E-02
 1.04981647E-02
 1.00119569E-02
 9.53884120E-03
 9.06572548E-03
 8.59260976E-03
 8.12045330E-03
 7.65157155E-03
 7.18268980E-03
 6.71380805E-03
 6.24998713E-03
 5.79730005E-03
 5.34461297E-03
 4.89192589E-03
 4.44081697E-03
 3.99209077E-03
 3.54336456E-03
 3.09463836E-03
 2.66031514E-03
 2.24132412E-03
 1.82233310E-03
 1.40334208E-03
 1.01830782E-03
 6.58857440E-04
 3.32924582E-04
 6.85178593E-05
-1.05633195E-06
-9.85909817E-07
-9.15487688E-07
-8.45065558E-07
-7.74643428E-07
-7.04221298E-07
-6.33799168E-07
-5.63377038E-07
-4.92954909E-07
-4.22532779E-07
-3.52110649E-07
-2.81688519E-07
-2.11266389E-07
-1.40844260E-07
-7.04221298E-08
 4.29336874E-01
 6.54690497E-01
 7.82434947E-01
 9.01414492E-01
 9.27167317E-01
 9.52920142E-01
 9.78672966E-01
 9.99999514E-01
 9.99999453E-01
 9.99999392E-01
 9.99999331E-01
 9.99999270E-01
 9.99999210E-01
 9.99999149E-01
 9.99999088E-01
 9.99999027E-01
 9.99998967E-01
 9.99998906E-01
 9.99998845E-01
 9.99998784E-01
 9.99998723E-01
 9.99998663E-01
 9.99998602E-01
 9.99998541E-01
 9.99998480E-01
 9.99998419E-01
 9.99998359E-01
 9.99998298E-01
 9.99998237E-01
 9.99998176E-01
 9.99998115E-01
 9.99998055E-01
 9.99997994E-01
 9.99997933E-01
 9.99997872E-01
 9.99997811E-01
 9.99997751E-01
 9.99997690E-01
 9.99997629E-01
 9.99997568E-01
 9.99997508E-01
 9.99997447E-01
 9.99997386E-01
 9.99997325E-01
 9.99997264E-01
 9.99997204E-01
 9.99997143E-01
 9.99997082E-01
 9.99997021E-01
 9.99996960E-01
 9.99996900E-01
 9.99996839E-01
 9.99996778E-01
 9.99996717E-01
 9.99996656E-01
 9.99996596E-01
 9.99996535E-01
 9.99996474E-01
 9.99996413E-01
 9.99996352E-01
 9.99996292E-01
 9.99996231E-01
 9.99996170E-01
 9.99996109E-01
 9.99996049E-01
 9.99995988E-01
 9.99995927E-01
 9.99995866E-01
 9.99995805E-01
 9.99995745E-01
 9.99995684E-01
 9.99995623E-01
 9.99995562E-01
 9.99995501E-01
 9.99995441E-01
 9.99995380E-01
 9.99995319E-01
 9.99995258E-01
 9.99995197E-01
 9.99995137E-01
 9.99995076E-01
 9.99995015E-01
 9.99994954E-01
 9.99994893E-01
 9.99994833E-01
 9.99994772E-01
 9.99994711E-01
 9.99994650E-01
 9.99994590E-01
 9.99994529E-01
 9.99994468E-01
 9.99994407E-01
 9.99994346E-01
 9.99994286E-01
 9.99994225E-01
 9.99994164E-01
 9.99994103E-01
 9.99994042E-01
 9.99993982E-01
 9.99993921E-01
 9.99993860E-01
 9.99993799E-01
 9.99993738E-01
 9.99993678E-01
 9.99993617E-01
 9.99993556E-01
 9.99993495E-01
 9.99993434E-01
 9.99993374E-01
 9.99993313E-01
 9.99993252E-01
 9.99993191E-01
 9.99993131E-01
 9.99993070E-01
 9.99993009E-01
 9.99992948E-01
 9.99992887E-01
 9.99992827E-01
 9.99992766E-01
 9.99992705E-01
 9.99992644E-01
 9.99992583E-01
 9.99992523E-01
 9.99992462E-01
 9.99992401E-01
 9.99992568E-01
 9.99992811E-01
 9.99993055E-01
 9.99993298E-01
 9.99993541E-01
 9.99993784E-01
 9.99994027E-01
 9.99994270E-01
 9.99994514E-01
 9.99994757E-01
 9.99995000E-01
 9.99995243E-01
 9.99995486E-01
 9.99995729E-01
 9.99995973E-01
 9.99996216E-01
 9.99996459E-01
 9.99996702E-01
 9.99996945E-01
 9.99997188E-01
 9.99997432E-01
 9.99997675E-01
 9.99997918E-01
 9.99998161E-01
 9.99998404E-01
 9.99998647E-01
 9.99998891E-01
 9.99999134E-01
 9.99999377E-01
 9.99999620E-01
 9.99999863E-01
 9.99533117E-01
 9.98465957E-01
 9.97398796E-01
 9.96331635E-01
 9.95264474E-01
 9.94197314E-01
 9.93130153E-01
 9.92062992E-01
 9.80759357E-01
 9.62893878E-01
 9.45028399E-01
 9.27162920E-01
 9.08575303E-01
 8.89671242E-01
 8.70206944E-01
 8.50544044E-01
 8.33528085E-01
 8.17253270E-01
 8.02673424E-01
 7.85832031E-01
 7.70764667E-01
 7.56172920E-01
 7.41847014E-01
 7.27669845E-01
 7.14825349E-01
 7.02163217E-01
 6.89734997E-01
 6.77440751E-01
 6.65808460E-01
 6.54285160E-01
 6.42948693E-01
 6.31818005E-01
 6.21658659E-01
 6.11422748E-01
 6.01426750E-01
 5.91597829E-01
 5.82180056E-01
 5.72851461E-01
 5.63646246E-01
 5.54708488E-01
 5.46312969E-01
 5.37999423E-01
 5.29786515E-01
 5.21753113E-01
 5.13973258E-01
 5.06269049E-01
 4.98647033E-01
 4.91317810E-01
 4.84312148E-01
 4.77377093E-01
 4.70509333E-01
 4.63822534E-01
 4.57287667E-01
 4.50817995E-01
 4.44403390E-01
 4.38286811E-01
 4.32351882E-01
 4.26478057E-01
 4.20649338E-01
 4.14997166E-01
 4.09429916E-01
 4.03919979E-01
 3.98446809E-01
 3.93265783E-01
 3.88172493E-01
 3.83133104E-01
 3.78123544E-01
 3.73282877E-01
 3.68482190E-01
 3.63732316E-01
 3.59006474E-01
 3.54562920E-01
 3.50145485E-01
 3.45774580E-01
 3.41432795E-01
 3.37232536E-01
 3.33053859E-01
 3.28915091E-01
 3.24828123E-01
 3.20941943E-01
 3.17077090E-01
 3.13246470E-01
 3.09458224E-01
 3.05767994E-01
 3.02098784E-01
 2.98458922E-01
 2.94893508E-01
 2.91463598E-01
 2.88053220E-01
 2.84668926E-01
 2.81334643E-01
 2.78067059E-01
 2.74819348E-01
 2.71594350E-01
 2.68455863E-01
 2.65404631E-01
 2.62373493E-01
 2.59360325E-01
 2.56403520E-01
 2.53488568E-01
 2.50593834E-01
 2.47713793E-01
 2.44931206E-01
 2.42199543E-01
 2.39488137E-01
 2.36788570E-01
 2.34149140E-01
 2.31533011E-01
 2.28937109E-01
 2.26350557E-01
 2.23867125E-01
 2.21407277E-01
 2.18967568E-01
 2.16535036E-01
 2.14164613E-01
 2.11803565E-01
 2.09462517E-01
 2.07128379E-01
 2.04897109E-01
 2.02671335E-01
 2.00463689E-01
 1.98265892E-01
 1.96120130E-01
 1.93980594E-01
 1.91856772E-01
 1.89753290E-01
 1.87724167E-01
 1.85701894E-01
 1.83693184E-01
 1.81700920E-01
 1.79745992E-01
 1.77798445E-01
 1.75862543E-01
 1.73957352E-01
 1.72104094E-01
 1.70258649E-01
 1.68423106E-01
 1.66608901E-01
 1.64820415E-01
 1.63040140E-01
 1.61268261E-01
 1.59534746E-01
 1.57835381E-01
 1.56144532E-01
 1.54460721E-01
 1.52801817E-01
 1.51159374E-01
 1.49525718E-01
 1.47897856E-01
 1.46313957E-01
 1.44750090E-01
 1.43195223E-01
 1.41645047E-01
 1.40122330E-01
 1.38608706E-01
 1.37104253E-01
 1.35603501E-01
 1.34150750E-01
 1.32706779E-01
 1.31272116E-01
 1.29840263E-01
 1.28437705E-01
 1.27038399E-01
 1.25649423E-01
 1.24262816E-01
 1.22924351E-01
 1.21586851E-01
 1.20259116E-01
 1.18935228E-01
 1.17636463E-01
 1.16339480E-01
 1.15050854E-01
 1.13772120E-01
 1.12528714E-01
 1.11287818E-01
 1.10054004E-01
 1.08828103E-01
 1.07620260E-01
 1.06415576E-01
 1.05216817E-01
 1.04033928E-01
 1.02875795E-01
 1.01721395E-01
 1.00571872E-01
 9.94334888E-02
 9.83073402E-02
 9.71854355E-02
 9.60674555E-02
 9.49700853E-02
 9.38887448E-02
 9.28121012E-02
 9.17385180E-02
 9.06786244E-02
 8.96261529E-02
 8.85787792E-02
 8.75336807E-02
 8.65129324E-02
 8.55009916E-02
 8.44945029E-02
 8.34895758E-02
 8.25003429E-02
 8.15145477E-02
 8.05345171E-02
 7.95553993E-02
 7.86035597E-02
 7.76545419E-02
 7.67115633E-02
 7.57689078E-02
 7.48454927E-02
 7.39223017E-02
 7.30011052E-02
 7.20823545E-02
 7.11924647E-02
 7.03028131E-02
 6.94148898E-02
 6.85301864E-02
 6.76618895E-02
 6.67939803E-02
 6.59275556E-02
 6.50682821E-02
 6.42304623E-02
 6.33931651E-02
 6.25571292E-02
 6.17271140E-02
 6.09090003E-02
 6.00915311E-02
 5.92751184E-02
 5.84697590E-02
 5.76795468E-02
 5.68900890E-02
 5.61015000E-02
 5.53212573E-02
 5.45491043E-02
 5.37778019E-02
 5.30071933E-02
 5.22508705E-02
 5.15043221E-02
 5.07587169E-02
 5.00136500E-02
 4.92788494E-02
 4.85488870E-02
 4.78199482E-02
 4.70914023E-02
 4.63798072E-02
 4.56734011E-02
 4.49680909E-02
 4.42630402E-02
 4.35698393E-02
 4.28787041E-02
 4.21887298E-02
 4.14988923E-02
 4.08281992E-02
 4.01587824E-02
 3.94905846E-02
 3.88227123E-02
 3.81673868E-02
 3.75121404E-02
 3.68580069E-02
 3.62059378E-02
 3.55706791E-02
 3.49355946E-02
 3.43014794E-02
 3.36696857E-02
 3.30474572E-02
 3.24254903E-02
 3.18043592E-02
 3.11881447E-02
 3.05844948E-02
 2.99811867E-02
 2.93785907E-02
 2.87802267E-02
 2.81891561E-02
 2.75980855E-02
 2.70070149E-02
 2.64237446E-02
 2.58498885E-02
 2.52760324E-02
 2.47021763E-02
 2.41343516E-02
 2.35716842E-02
 2.30090168E-02
 2.24463494E-02
 2.18936810E-02
 2.13470121E-02
 2.08003432E-02
 2.02536743E-02
 1.97144031E-02
 1.91781399E-02
 1.86418766E-02
 1.81056134E-02
 1.75812191E-02
 1.70598502E-02
 1.65384814E-02
 1.60171125E-02
 1.55043017E-02
 1.49926268E-02
 1.44809520E-02
 1.39692772E-02
 1.34710579E-02
 1.29732727E-02
 1.24754875E-02
 1.19781969E-02
 1.14894575E-02
 1.10007181E-02
 1.05119787E-02
 1.00253479E-02
 9.55160345E-03
 9.07785896E-03
 8.60411446E-03
 8.13136919E-03
 7.66203508E-03
 7.19270097E-03
 6.72336686E-03
 6.25904878E-03
 5.80576597E-03
 5.35248316E-03
 4.89920035E-03
 4.44756145E-03
 3.99840456E-03
 3.54924766E-03
 3.10009077E-03
 2.66415981E-03
 2.24230807E-03
 1.82045633E-03
 1.39860460E-03
 1.01212450E-03
 6.52294258E-04
 3.27378108E-04
 6.65516826E-05
-9.11876296E-07
-8.51084543E-07
-7.90292790E-07
-7.29501037E-07
-6.68709284E-07
-6.07917531E-07
-5.47125778E-07
-4.86334025E-07
-4.25542272E-07
-3.64750519E-07
-3.03958765E-07
-2.43167012E-07
-1.82375259E-07
-1.21583506E-07
-6.07917531E-08
 4.41400581E-01
 6.70658580E-01
 7.98403040E-01
 9.17031998E-01
 9.38705168E-01
 9.60378337E-01
 9.82051506E-01
 9.99999591E-01
 9.99999540E-01
 9.99999488E-01
 9.99999437E-01
 9.99999386E-01
 9.99999335E-01
 9.99999284E-01
 9.99999233E-01
 9.99999181E-01
 9.99999130E-01
 9.99999079E-01
 9.99999028E-01
 9.99998977E-01
 9.99998926E-01
 9.99998874E-01
 9.99998823E-01
 9.99998772E-01
 9.99998721E-01
 9.99998670E-01
 9.99998619E-01
 9.99998567E-01
 9.99998516E-01
 9.99998465E-01
 9.99998414E-01
 9.99998363E-01
 9.99998312E-01
 9.99998261E-01
 9.99998209E-01
 9.99998158E-01
 9.99998107E-01
 9.99998056E-01
 9.99998005E-01
 9.99997954E-01
 9.99997902E-01
 9.99997851E-01
 9.99997800E-01
 9.99997749E-01
 9.99997698E-01
 9.99997647E-01
 9.99997595E-01
 9.99997544E-01
 9.99997493E-01
 9.99997442E-01
 9.99997391E-01
 9.99997340E-01
 9.99997288E-01
 9.99997237E-01
 9.99997186E-01
 9.99997135E-01
 9.99997084E-01
 9.99997033E-01
 9.99996981E-01
 9.99996930E-01
 9.99996879E-01
 9.99996828E-01
 9.99996777E-01
 9.99996726E-01
 9.99996675E-01
 9.99996623E-01
 9.99996572E-01
 9.99996521E-01
 9.99996470E-01
 9.99996419E-01
 9.99996368E-01
 9.99996316E-01
 9.99996265E-01
 9.99996214E-01
 9.99996163E-01
 9.99996112E-01
 9.99996061E-01
 9.99996009E-01
 9.99995958E-01
 9.99995907E-01
 9.99995856E-01
 9.99995805E-01
 9.99995754E-01
 9.99995702E-01
 9.99995651E-01
 9.99995600E-01
 9.99995549E-01
 9.99995498E-01
 9.99995447E-01
 9.99995395E-01
 9.99995344E-01
 9.99995293E-01
 9.99995242E-01
 9.99995191E-01
 9.99995140E-01
 9.99995089E-01
 9.99995037E-01
 9.99994986E-01
 9.99994935E-01
 9.99994884E-01
 9.99994833E-01
 9.99994782E-01
 9.99994730E-01
 9.99994679E-01
 9.99994628E-01
 9.99994577E-01
 9.99994526E-01
 9.99994475E-01
 9.99994423E-01
 9.99994372E-01
 9.99994321E-01
 9.99994270E-01
 9.99994219E-01
 9.99994168E-01
 9.99994116E-01
 9.99994065E-01
 9.99994014E-01
 9.99993963E-01
 9.99993912E-01
 9.99993861E-01
 9.99993809E-01
 9.99993758E-01
 9.99993707E-01
 9.99993656E-01
 9.99993605E-01
 9.99993746E-01
 9.99993950E-01
 9.99994155E-01
 9.99994359E-01
 9.99994564E-01
 9.99994769E-01
 9.99994973E-01
 9.99995178E-01
 9.99995383E-01
 9.99995587E-01
 9.99995792E-01
 9.99995997E-01
 9.99996201E-01
 9.99996406E-01
 9.99996611E-01
 9.99996815E-01
 9.99997020E-01
 9.99997224E-01
 9.99997429E-01
 9.99997634E-01
 9.99997838E-01
 9.99998043E-01
 9.99998248E-01
 9.99998452E-01
 9.99998657E-01
 9.99998862E-01
 9.99999066E-01
 9.99999271E-01
 9.99999476E-01
 9.99999680E-01
 9.99999885E-01
 9.99606971E-01
 9.98708619E-01
 9.97810267E-01
 9.96911915E-01
 9.96013563E-01
 9.95115212E-01
 9.94216860E-01
 9.93318508E-01
 9.82146908E-01
 9.64389894E-01
 9.46632880E-01
 9.28875865E-01
 9.10367826E-01
 8.91530687E-01
 8.72110901E-01
 8.52484568E-01
 8.35404266E-01
 8.19036853E-01
 8.04432207E-01
 7.87475553E-01
 7.72363889E-01
 7.57746866E-01
 7.43406318E-01
 7.29220457E-01
 7.16310682E-01
 7.03585160E-01
 6.91102907E-01
 6.78759987E-01
 6.67105501E-01
 6.55564365E-01
 6.44217535E-01
 6.33074446E-01
 6.22869675E-01
 6.12585278E-01
 6.02550389E-01
 5.92689259E-01
 5.83255725E-01
 5.73914934E-01
 5.64702460E-01
 5.55749814E-01
 5.47317691E-01
 5.38970819E-01
 5.30728612E-01
 5.22673090E-01
 5.14881257E-01
 5.07168096E-01
 4.99540416E-01
 4.92195135E-01
 4.85161307E-01
 4.78200910E-01
 4.71310499E-01
 4.64608287E-01
 4.58064085E-01
 4.51587686E-01
 4.45168557E-01
 4.39035781E-01
 4.33078685E-01
 4.27185137E-01
 4.21338499E-01
 4.15675471E-01
 4.10100762E-01
 4.04585658E-01
 3.99108791E-01
 3.93912094E-01
 3.88801182E-01
 3.83746328E-01
 3.78722496E-01
 3.73874312E-01
 3.69067707E-01
 3.64313948E-01
 3.59585183E-01
 3.55126652E-01
 3.50694914E-01
 3.46311568E-01
 3.41958506E-01
 3.37752630E-01
 3.33569201E-01
 3.29427277E-01
 3.25336185E-01
 3.21437498E-01
 3.17560990E-01
 3.13720085E-01
 3.09923248E-01
 3.06228348E-01
 3.02555310E-01
 2.98912793E-01
 2.95342400E-01
 2.91902076E-01
 2.88482066E-01
 2.85089183E-01
 2.81748310E-01
 2.78476805E-01
 2.75225968E-01
 2.71998752E-01
 2.68854721E-01
 2.65794649E-01
 2.62755474E-01
 2.59734988E-01
 2.56773120E-01
 2.53854779E-01
 2.50957464E-01
 2.48075430E-01
 2.45287023E-01
 2.42547803E-01
 2.39829651E-01
 2.37123811E-01
 2.34480515E-01
 2.31861451E-01
 2.29263422E-01
 2.26675118E-01
 2.24185763E-01
 2.21719400E-01
 2.19273980E-01
 2.16836026E-01
 2.14462663E-01
 2.12099052E-01
 2.09756240E-01
 2.07420482E-01
 2.05183368E-01
 2.02951969E-01
 2.00739423E-01
 1.98537120E-01
 1.96388933E-01
 1.94247222E-01
 1.92121853E-01
 1.90016259E-01
 1.87982024E-01
 1.85954914E-01
 1.83941909E-01
 1.81946008E-01
 1.79988936E-01
 1.78039541E-01
 1.76102256E-01
 1.74194604E-01
 1.72336848E-01
 1.70487217E-01
 1.68647883E-01
 1.66830742E-01
 1.65040349E-01
 1.63258495E-01
 1.61485373E-01
 1.59749152E-01
 1.58045803E-01
 1.56351312E-01
 1.54664138E-01
 1.53002870E-01
 1.51358719E-01
 1.49723708E-01
 1.48094722E-01
 1.46507954E-01
 1.44940539E-01
 1.43382485E-01
 1.41829309E-01
 1.40304691E-01
 1.38789529E-01
 1.37283906E-01
 1.35782130E-01
 1.34326408E-01
 1.32879264E-01
 1.31441799E-01
 1.30007258E-01
 1.28603184E-01
 1.27202490E-01
 1.25812541E-01
 1.24424870E-01
 1.23083511E-01
 1.21743153E-01
 1.20412952E-01
 1.19086753E-01
 1.17786680E-01
 1.16488461E-01
 1.15198933E-01
 1.13918920E-01
 1.12672888E-01
 1.11429467E-01
 1.10193411E-01
 1.08965585E-01
 1.07756540E-01
 1.06550779E-01
 1.05351181E-01
 1.04166847E-01
 1.03006325E-01
 1.01849686E-01
 1.00698118E-01
 9.95581357E-02
 9.84308775E-02
 9.73080330E-02
 9.61892703E-02
 9.50903306E-02
 9.40068088E-02
 9.29281717E-02
 9.18527175E-02
 9.07915005E-02
 8.97380024E-02
 8.86898060E-02
 8.76439759E-02
 8.66215658E-02
 8.56076267E-02
 8.45993578E-02
 8.35927130E-02
 8.26023900E-02
 8.16156424E-02
 8.06348898E-02
 7.96550867E-02
 7.87015192E-02
 7.77506657E-02
 7.68060930E-02
 7.58618563E-02
 7.49376296E-02
 7.40136359E-02
 7.30917166E-02
 7.21721732E-02
 7.12806669E-02
 7.03894083E-02
 6.94999471E-02
 6.86138346E-02
 6.77447849E-02
 6.68761383E-02
 6.60090357E-02
 6.51488802E-02
 6.43095663E-02
 6.34707959E-02
 6.26333372E-02
 6.18021401E-02
 6.09833205E-02
 6.01651712E-02
 5.93481207E-02
 5.85418085E-02
 5.77502119E-02
 5.69594001E-02
 5.61694916E-02
 5.53882634E-02
 5.46154484E-02
 5.38435181E-02
 5.30723093E-02
 5.23149790E-02
 5.15671445E-02
 5.08202910E-02
 5.00739973E-02
 4.93383805E-02
 4.86077955E-02
 4.78782750E-02
 4.71491631E-02
 4.64365186E-02
 4.57289150E-02
 4.50224512E-02
 4.43162572E-02
 4.36223871E-02
 4.29306653E-02
 4.22401508E-02
 4.15497786E-02
 4.08780045E-02
 4.02074704E-02
 3.95382041E-02
 3.88692762E-02
 3.82133970E-02
 3.75576001E-02
 3.69029605E-02
 3.62503265E-02
 3.56140232E-02
 3.49779010E-02
 3.43427868E-02
 3.37100871E-02
 3.30873351E-02
 3.24648551E-02
 3.18432445E-02
 3.12264101E-02
 3.06217816E-02
 3.00175085E-02
 2.94139761E-02
 2.88148449E-02
 2.82232989E-02
 2.76317528E-02
 2.70402068E-02
 2.64562692E-02
 2.58815142E-02
 2.53067592E-02
 2.47320042E-02
 2.41635218E-02
 2.36004030E-02
 2.30372842E-02
 2.24741655E-02
 2.19207995E-02
 2.13732853E-02
 2.08257710E-02
 2.02782568E-02
 1.97384362E-02
 1.92017439E-02
 1.86650515E-02
 1.81283592E-02
 1.76032432E-02
 1.70810781E-02
 1.65589131E-02
 1.60367480E-02
 1.55234832E-02
 1.50113999E-02
 1.44993166E-02
 1.39872333E-02
 1.34882736E-02
 1.29897372E-02
 1.24912008E-02
 1.19931789E-02
 1.15040502E-02
 1.10149215E-02
 1.05257927E-02
 1.00387390E-02
 9.56436570E-03
 9.08999243E-03
 8.61561916E-03
 8.14228509E-03
 7.67249862E-03
 7.20271214E-03
 6.73292567E-03
 6.26811043E-03
 5.81423189E-03
 5.36035335E-03
 4.90647481E-03
 4.45430594E-03
 4.00471835E-03
 3.55513076E-03
 3.10554317E-03
 2.66800448E-03
 2.24329202E-03
 1.81857957E-03
 1.39386712E-03
 1.00594117E-03
 6.45731076E-04
 3.21831634E-04
 6.45855058E-05
-7.67420645E-07
-7.16259269E-07
-6.65097893E-07
-6.13936516E-07
-5.62775140E-07
-5.11613764E-07
-4.60452387E-07
-4.09291011E-07
-3.58129635E-07
-3.06968258E-07
-2.55806882E-07
-2.04645505E-07
-1.53484129E-07
-1.02322753E-07
-5.11613764E-08
 4.53464287E-01
 6.86626663E-01
 8.14371133E-01
 9.32649505E-01
 9.50243018E-01
 9.67836532E-01
 9.85430046E-01
 9.99999668E-01
 9.99999626E-01
 9.99999585E-01
 9.99999543E-01
 9.99999502E-01
 9.99999460E-01
 9.99999419E-01
 9.99999377E-01
 9.99999336E-01
 9.99999294E-01
 9.99999252E-01
 9.99999211E-01
 9.99999169E-01
 9.99999128E-01
 9.99999086E-01
 9.99999045E-01
 9.99999003E-01
 9.99998962E-01
 9.99998920E-01
 9.99998879E-01
 9.99998837E-01
 9.99998796E-01
 9.99998754E-01
 9.99998713E-01
 9.99998671E-01
 9.99998629E-01
 9.99998588E-01
 9.99998546E-01
 9.99998505E-01
 9.99998463E-01
 9.99998422E-01
 9.99998380E-01
 9.99998339E-01
 9.99998297E-01
 9.99998256E-01
 9.99998214E-01
 9.99998173E-01
 9.99998131E-01
 9.99998090E-01
 9.99998048E-01
 9.99998007E-01
 9.99997965E-01
 9.99997923E-01
 9.99997882E-01
 9.99997840E-01
 9.99997799E-01
 9.99997757E-01
 9.99997716E-01
 9.99997674E-01
 9.99997633E-01
 9.99997591E-01
 9.99997550E-01
 9.99997508E-01
 9.99997467E-01
 9.99997425E-01
 9.99997384E-01
 9.99997342E-01
 9.99997300E-01
 9.99997259E-01
 9.99997217E-01
 9.99997176E-01
 9.99997134E-01
 9.99997093E-01
 9.99997051E-01
 9.99997010E-01
 9.99996968E-01
 9.99996927E-01
 9.99996885E-01
 9.99996844E-01
 9.99996802E-01
 9.99996761E-01
 9.99996719E-01
 9.99996678E-01
 9.99996636E-01
 9.99996594E-01
 9.99996553E-01
 9.99996511E-01
 9.99996470E-01
 9.99996428E-01
 9.99996387E-01
 9.99996345E-01
 9.99996304E-01
 9.99996262E-01
 9.99996221E-01
 9.99996179E-01
 9.99996138E-01
 9.99996096E-01
 9.99996055E-01
 9.99996013E-01
 9.99995971E-01
 9.99995930E-01
 9.99995888E-01
 9.99995847E-01
 9.99995805E-01
 9.99995764E-01
 9.99995722E-01
 9.99995681E-01
 9.99995639E-01
 9.99995598E-01
 9.99995556E-01
 9.99995515E-01
 9.99995473E-01
 9.99995432E-01
 9.99995390E-01
 9.99995349E-01
 9.99995307E-01
 9.99995265E-01
 9.99995224E-01
 9.99995182E-01
 9.99995141E-01
 9.99995099E-01
 9.99995058E-01
 9.99995016E-01
 9.99994975E-01
 9.99994933E-01
 9.99994892E-01
 9.99994850E-01
 9.99994809E-01
 9.99994923E-01
 9.99995089E-01
 9.99995255E-01
 9.99995421E-01
 9.99995587E-01
 9.99995753E-01
 9.99995920E-01
 9.99996086E-01
 9.99996252E-01
 9.99996418E-01
 9.99996584E-01
 9.99996750E-01
 9.99996916E-01
 9.99997082E-01
 9.99997249E-01
 9.99997415E-01
 9.99997581E-01
 9.99997747E-01
 9.99997913E-01
 9.99998079E-01
 9.99998245E-01
 9.99998411E-01
 9.99998578E-01
 9.99998744E-01
 9.99998910E-01
 9.99999076E-01
 9.99999242E-01
 9.99999408E-01
 9.99999574E-01
 9.99999740E-01
 9.99999907E-01
 9.99680825E-01
 9.98951282E-01
 9.98221739E-01
 9.97492195E-01
 9.96762652E-01
 9.96033109E-01
 9.95303566E-01
 9.94574023E-01
 9.83534460E-01
 9.65885910E-01
 9.48237360E-01
 9.30588810E-01
 9.12160350E-01
 8.93390132E-01
 8.74014857E-01
 8.54425092E-01
 8.37280447E-01
 8.20820435E-01
 8.06190990E-01
 7.89119074E-01
 7.73963110E-01
 7.59320812E-01
 7.44965622E-01
 7.30771069E-01
 7.17796014E-01
 7.05007103E-01
 6.92470817E-01
 6.80079223E-01
 6.68402541E-01
 6.56843569E-01
 6.45486377E-01
 6.34330888E-01
 6.24080692E-01
 6.13747807E-01
 6.03674027E-01
 5.93780690E-01
 5.84331393E-01
 5.74978408E-01
 5.65758675E-01
 5.56791140E-01
 5.48322413E-01
 5.39942215E-01
 5.31670708E-01
 5.23593067E-01
 5.15789256E-01
 5.08067143E-01
 5.00433799E-01
 4.93072461E-01
 4.86010466E-01
 4.79024726E-01
 4.72111664E-01
 4.65394041E-01
 4.58840503E-01
 4.52357377E-01
 4.45933723E-01
 4.39784750E-01
 4.33805487E-01
 4.27892217E-01
 4.22027661E-01
 4.16353776E-01
 4.10771607E-01
 4.05251336E-01
 3.99770773E-01
 3.94558405E-01
 3.89429872E-01
 3.84359552E-01
 3.79321448E-01
 3.74465747E-01
 3.69653225E-01
 3.64895581E-01
 3.60163892E-01
 3.55690384E-01
 3.51244343E-01
 3.46848555E-01
 3.42484216E-01
 3.38272725E-01
 3.34084544E-01
 3.29939463E-01
 3.25844247E-01
 3.21933052E-01
 3.18044890E-01
 3.14193700E-01
 3.10388273E-01
 3.06688703E-01
 3.03011836E-01
 2.99366664E-01
 2.95791293E-01
 2.92340555E-01
 2.88910911E-01
 2.85509439E-01
 2.82161977E-01
 2.78886551E-01
 2.75632588E-01
 2.72403155E-01
 2.69253580E-01
 2.66184667E-01
 2.63137455E-01
 2.60109651E-01
 2.57142720E-01
 2.54220990E-01
 2.51321095E-01
 2.48437067E-01
 2.45642840E-01
 2.42896064E-01
 2.40171165E-01
 2.37459053E-01
 2.34811890E-01
 2.32189890E-01
 2.29589736E-01
 2.26999680E-01
 2.24504402E-01
 2.22031523E-01
 2.19580393E-01
 2.17137016E-01
 2.14760714E-01
 2.12394540E-01
 2.10049964E-01
 2.07712586E-01
 2.05469626E-01
 2.03232603E-01
 2.01015157E-01
 1.98808348E-01
 1.96657736E-01
 1.94513849E-01
 1.92386933E-01
 1.90279228E-01
 1.88239881E-01
 1.86207933E-01
 1.84190634E-01
 1.82191096E-01
 1.80231880E-01
 1.78280637E-01
 1.76341969E-01
 1.74431855E-01
 1.72569601E-01
 1.70715784E-01
 1.68872661E-01
 1.67052584E-01
 1.65260283E-01
 1.63476850E-01
 1.61702485E-01
 1.59963559E-01
 1.58256226E-01
 1.56558091E-01
 1.54867556E-01
 1.53203922E-01
 1.51558064E-01
 1.49921698E-01
 1.48291588E-01
 1.46701950E-01
 1.45130988E-01
 1.43569747E-01
 1.42013572E-01
 1.40487052E-01
 1.38970352E-01
 1.37463558E-01
 1.35960760E-01
 1.34502066E-01
 1.33051749E-01
 1.31611483E-01
 1.30174253E-01
 1.28768662E-01
 1.27366582E-01
 1.25975660E-01
 1.24586925E-01
 1.23242670E-01
 1.21899456E-01
 1.20566789E-01
 1.19238277E-01
 1.17936897E-01
 1.16637442E-01
 1.15347012E-01
 1.14065720E-01
 1.12817063E-01
 1.11571117E-01
 1.10332819E-01
 1.09103068E-01
 1.07892820E-01
 1.06685982E-01
 1.05485544E-01
 1.04299765E-01
 1.03136855E-01
 1.01977976E-01
 1.00824364E-01
 9.96827826E-02
 9.85544148E-02
 9.74306305E-02
 9.63110850E-02
 9.52105759E-02
 9.41248728E-02
 9.30442422E-02
 9.19669170E-02
 9.09043766E-02
 8.98498519E-02
 8.88008329E-02
 8.77542712E-02
 8.67301992E-02
 8.57142618E-02
 8.47042126E-02
 8.36958501E-02
 8.27044372E-02
 8.17167371E-02
 8.07352626E-02
 7.97547741E-02
 7.87994788E-02
 7.78467896E-02
 7.69006227E-02
 7.59548048E-02
 7.50297664E-02
 7.41049702E-02
 7.31823280E-02
 7.22619919E-02
 7.13688691E-02
 7.04760034E-02
 6.95850043E-02
 6.86974828E-02
 6.78276803E-02
 6.69582963E-02
 6.60905157E-02
 6.52294783E-02
 6.43886703E-02
 6.35484267E-02
 6.27095452E-02
 6.18771662E-02
 6.10576407E-02
 6.02388113E-02
 5.94211230E-02
 5.86138580E-02
 5.78208771E-02
 5.70287111E-02
 5.62374832E-02
 5.54552694E-02
 5.46817925E-02
 5.39092342E-02
 5.31374252E-02
 5.23790875E-02
 5.16299669E-02
 5.08818651E-02
 5.01343445E-02
 4.93979116E-02
 4.86667040E-02
 4.79366018E-02
 4.72069240E-02
 4.64932299E-02
 4.57844289E-02
 4.50768115E-02
 4.43694742E-02
 4.36749349E-02
 4.29826264E-02
 4.22915717E-02
 4.16006649E-02
 4.09278099E-02
 4.02561584E-02
 3.95858235E-02
 3.89158400E-02
 3.82594072E-02
 3.76030598E-02
 3.69479142E-02
 3.62947153E-02
 3.56573673E-02
 3.50202074E-02
 3.43840942E-02
 3.37504885E-02
 3.31272130E-02
 3.25042200E-02
 3.18821298E-02
 3.12646754E-02
 3.06590684E-02
 3.00538304E-02
 2.94493615E-02
 2.88494631E-02
 2.82574416E-02
 2.76654202E-02
 2.70733987E-02
 2.64887938E-02
 2.59131399E-02
 2.53374859E-02
 2.47618320E-02
 2.41926920E-02
 2.36291218E-02
 2.30655517E-02
 2.25019816E-02
 2.19479180E-02
 2.13995585E-02
 2.08511989E-02
 2.03028393E-02
 1.97624693E-02
 1.92253479E-02
 1.86882264E-02
 1.81511050E-02
 1.76252674E-02
 1.71023061E-02
 1.65793447E-02
 1.60563834E-02
 1.55426647E-02
 1.50301730E-02
 1.45176812E-02
 1.40051894E-02
 1.35054892E-02
 1.30062017E-02
 1.25069142E-02
 1.20081609E-02
 1.15186429E-02
 1.10291248E-02
 1.05396067E-02
 1.00521300E-02
 9.57712795E-03
 9.10212591E-03
 8.62712386E-03
 8.15320098E-03
 7.68296215E-03
 7.21272332E-03
 6.74248448E-03
 6.27717208E-03
 5.82269781E-03
 5.36822354E-03
 4.91374926E-03
 4.46105043E-03
 4.01103214E-03
 3.56101386E-03
 3.11099558E-03
 2.67184915E-03
 2.24427598E-03
 1.81670281E-03
 1.38912965E-03
 9.99757845E-04
 6.39167895E-04
 3.16285160E-04
 6.26193291E-05
-6.22964994E-07
-5.81433995E-07
-5.39902995E-07
-4.98371996E-07
-4.56840996E-07
-4.15309996E-07
-3.73778997E-07
-3.32247997E-07
-2.90716997E-07
-2.49185998E-07
-2.07654998E-07
-1.66123999E-07
-1.24592999E-07
-8.30619993E-08
-4.15309996E-08
 4.65527994E-01
 7.02594747E-01
 8.30339226E-01
 9.48267011E-01
 9.61780869E-01
 9.75294728E-01
 9.88808586E-01
 9.99999745E-01
 9.99999713E-01
 9.99999681E-01
 9.99999649E-01
 9.99999617E-01
 9.99999585E-01
 9.99999553E-01
 9.99999521E-01
 9.99999490E-01
 9.99999458E-01
 9.99999426E-01
 9.99999394E-01
 9.99999362E-01
 9.99999330E-01
 9.99999298E-01
 9.99999266E-01
 9.99999234E-01
 9.99999202E-01
 9.99999171E-01
 9.99999139E-01
 9.99999107E-01
 9.99999075E-01
 9.99999043E-01
 9.99999011E-01
 9.99998979E-01
 9.99998947E-01
 9.99998915E-01
 9.99998883E-01
 9.99998852E-01
 9.99998820E-01
 9.99998788E-01
 9.99998756E-01
 9.99998724E-01
 9.99998692E-01
 9.99998660E-01
 9.99998628E-01
 9.99998596E-01
 9.99998564E-01
 9.99998533E-01
 9.99998501E-01
 9.99998469E-01
 9.99998437E-01
 9.99998405E-01
 9.99998373E-01
 9.99998341E-01
 9.99998309E-01
 9.99998277E-01
 9.99998245E-01
 9.99998214E-01
 9.99998182E-01
 9.99998150E-01
 9.99998118E-01
 9.99998086E-01
 9.99998054E-01
 9.99998022E-01
 9.99997990E-01
 9.99997958E-01
 9.99997926E-01
 9.99997895E-01
 9.99997863E-01
 9.99997831E-01
 9.99997799E-01
 9.99997767E-01
 9.99997735E-01
 9.99997703E-01
 9.99997671E-01
 9.99997639E-01
 9.99997607E-01
 9.99997576E-01
 9.99997544E-01
 9.99997512E-01
 9.99997480E-01
 9.99997448E-01
 9.99997416E-01
 9.99997384E-01
 9.99997352E-01
 9.99997320E-01
 9.99997288E-01
 9.99997257E-01
 9.99997225E-01
 9.99997193E-01
 9.99997161E-01
 9.99997129E-01
 9.99997097E-01
 9.99997065E-01
 9.99997033E-01
 9.99997001E-01
 9.99996969E-01
 9.99996938E-01
 9.99996906E-01
 9.99996874E-01
 9.99996842E-01
 9.99996810E-01
 9.99996778E-01
 9.99996746E-01
 9.99996714E-01
 9.99996682E-01
 9.99996650E-01
 9.99996619E-01
 9.99996587E-01
 9.99996555E-01
 9.99996523E-01
 9.99996491E-01
 9.99996459E-01
 9.99996427E-01
 9.99996395E-01
 9.99996363E-01
 9.99996331E-01
 9.99996300E-01
 9.99996268E-01
 9.99996236E-01
 9.99996204E-01
 9.99996172E-01
 9.99996140E-01
 9.99996108E-01
 9.99996076E-01
 9.99996044E-01
 9.99996012E-01
 9.99996100E-01
 9.99996228E-01
 9.99996355E-01
 9.99996483E-01
 9.99996611E-01
 9.99996738E-01
 9.99996866E-01
 9.99996993E-01
 9.99997121E-01
 9.99997249E-01
 9.99997376E-01
 9.99997504E-01
 9.99997631E-01
 9.99997759E-01
 9.99997887E-01
 9.99998014E-01
 9.99998142E-01
 9.99998269E-01
 9.99998397E-01
 9.99998525E-01
 9.99998652E-01
 9.99998780E-01
 9.99998907E-01
 9.99999035E-01
 9.99999163E-01
 9.99999290E-01
 9.99999418E-01
 9.99999545E-01
 9.99999673E-01
 9.99999801E-01
 9.99999928E-01
 9.99754783E-01
 9.99194288E-01
 9.98633793E-01
 9.98073297E-01
 9.97512802E-01
 9.96952307E-01
 9.96391811E-01
 9.95831316E-01
 9.84924029E-01
 9.67384182E-01
 9.49844336E-01
 9.32304489E-01
 9.13955847E-01
 8.95252789E-01
 8.75922265E-01
 8.56369306E-01
 8.39160557E-01
 8.22608186E-01
 8.07954181E-01
 7.90767242E-01
 7.75567217E-01
 7.60899883E-01
 7.46530289E-01
 7.32327283E-01
 7.19287188E-01
 7.06435126E-01
 6.93845047E-01
 6.81405018E-01
 6.69706379E-01
 6.58129810E-01
 6.46762494E-01
 6.35594799E-01
 6.25299059E-01
 6.14917567E-01
 6.04804777E-01
 5.94879112E-01
 5.85413934E-01
 5.76048635E-01
 5.66821522E-01
 5.57838979E-01
 5.49333529E-01
 5.40919886E-01
 5.32618960E-01
 5.24519079E-01
 5.16703171E-01
 5.08971987E-01
 5.01332859E-01
 4.93955344E-01
 4.86865062E-01
 4.79853861E-01
 4.72918029E-01
 4.66184873E-01
 4.59621881E-01
 4.53131908E-01
 4.46703611E-01
 4.40538321E-01
 4.34536772E-01
 4.28603660E-01
 4.22721065E-01
 4.17036205E-01
 4.11446457E-01
 4.05920899E-01
 4.00436520E-01
 3.95208361E-01
 3.90062087E-01
 3.84976183E-01
 3.79923686E-01
 3.75060349E-01
 3.70241790E-01
 3.65480142E-01
 3.60745410E-01
 3.56256805E-01
 3.51796342E-01
 3.47387993E-01
 3.43012258E-01
 3.38795031E-01
 3.34601978E-01
 3.30453622E-01
 3.26354162E-01
 3.22430340E-01
 3.18530404E-01
 3.14668808E-01
 3.10854672E-01
 3.07150313E-01
 3.03469498E-01
 2.99821551E-01
 2.96241082E-01
 2.92779810E-01
 2.89340414E-01
 2.85930233E-01
 2.82576062E-01
 2.79296596E-01
 2.76039387E-01
 2.72807617E-01
 2.69652438E-01
 2.66574684E-01
 2.63519437E-01
 2.60484315E-01
 2.57512320E-01
 2.54587200E-01
 2.51684725E-01
 2.48798704E-01
 2.45998657E-01
 2.43244324E-01
 2.40512680E-01
 2.37794295E-01
 2.35143264E-01
 2.32518330E-01
 2.29916049E-01
 2.27324241E-01
 2.24823040E-01
 2.22343646E-01
 2.19886806E-01
 2.17438006E-01
 2.15058765E-01
 2.12690027E-01
 2.10343687E-01
 2.08004690E-01
 2.05755885E-01
 2.03513237E-01
 2.01290891E-01
 1.99079576E-01
 1.96926539E-01
 1.94780477E-01
 1.92652014E-01
 1.90542196E-01
 1.88497738E-01
 1.86460953E-01
 1.84439359E-01
 1.82436183E-01
 1.80474824E-01
 1.78521733E-01
 1.76581683E-01
 1.74669106E-01
 1.72802354E-01
 1.70944351E-01
 1.69097439E-01
 1.67274425E-01
 1.65480217E-01
 1.63695205E-01
 1.61919597E-01
 1.60177965E-01
 1.58466649E-01
 1.56764871E-01
 1.55070974E-01
 1.53404974E-01
 1.51757410E-01
 1.50119687E-01
 1.48488454E-01
 1.46895947E-01
 1.45321438E-01
 1.43757009E-01
 1.42197834E-01
 1.40669413E-01
 1.39151176E-01
 1.37643211E-01
 1.36139390E-01
 1.34677724E-01
 1.33224234E-01
 1.31781167E-01
 1.30341248E-01
 1.28934140E-01
 1.27530674E-01
 1.26138778E-01
 1.24748979E-01
 1.23401829E-01
 1.22055758E-01
 1.20720625E-01
 1.19389801E-01
 1.18087114E-01
 1.16786422E-01
 1.15495091E-01
 1.14212520E-01
 1.12961238E-01
 1.11712767E-01
 1.10472227E-01
 1.09240550E-01
 1.08029100E-01
 1.06821186E-01
 1.05619908E-01
 1.04432684E-01
 1.03267385E-01
 1.02106266E-01
 1.00950610E-01
 9.98074294E-02
 9.86779522E-02
 9.75532281E-02
 9.64328998E-02
 9.53308212E-02
 9.42429368E-02
 9.31603128E-02
 9.20811165E-02
 9.10172526E-02
 8.99617015E-02
 8.89118598E-02
 8.78645664E-02
 8.68388326E-02
 8.58208969E-02
 8.48090675E-02
 8.37989872E-02
 8.28064843E-02
 8.18178318E-02
 8.08356354E-02
 7.98544615E-02
 7.88974383E-02
 7.79429134E-02
 7.69951524E-02
 7.60477533E-02
 7.51219033E-02
 7.41963045E-02
 7.32729394E-02
 7.23518107E-02
 7.14570713E-02
 7.05625986E-02
 6.96700616E-02
 6.87811310E-02
 6.79105756E-02
 6.70404544E-02
 6.61719958E-02
 6.53100764E-02
 6.44677743E-02
 6.36260575E-02
 6.27857532E-02
 6.19521922E-02
 6.11319609E-02
 6.03124515E-02
 5.94941252E-02
 5.86859075E-02
 5.78915423E-02
 5.70980221E-02
 5.63054748E-02
 5.55222755E-02
 5.47481365E-02
 5.39749503E-02
 5.32025411E-02
 5.24431959E-02
 5.16927893E-02
 5.09434392E-02
 5.01946918E-02
 4.94574428E-02
 4.87256125E-02
 4.79949286E-02
 4.72646848E-02
 4.65499413E-02
 4.58399428E-02
 4.51311718E-02
 4.44226913E-02
 4.37274827E-02
 4.30345876E-02
 4.23429927E-02
 4.16515511E-02
 4.09776152E-02
 4.03048464E-02
 3.96334429E-02
 3.89624039E-02
 3.83054174E-02
 3.76485194E-02
 3.69928679E-02
 3.63391040E-02
 3.57007113E-02
 3.50625137E-02
 3.44254017E-02
 3.37908898E-02
 3.31670909E-02
 3.25435849E-02
 3.19210151E-02
 3.13029408E-02
 3.06963552E-02
 3.00901522E-02
 2.94847468E-02
 2.88840813E-02
 2.82915844E-02
 2.76990875E-02
 2.71065906E-02
 2.65213184E-02
 2.59447655E-02
 2.53682127E-02
 2.47916598E-02
 2.42218622E-02
 2.36578407E-02
 2.30938192E-02
 2.25297977E-02
 2.19750365E-02
 2.14258316E-02
 2.08766267E-02
 2.03274218E-02
 1.97865025E-02
 1.92489519E-02
 1.87114013E-02
 1.81738508E-02
 1.76472915E-02
 1.71235340E-02
 1.65997764E-02
 1.60760189E-02
 1.55618463E-02
 1.50489460E-02
 1.45360458E-02
 1.40231455E-02
 1.35227049E-02
 1.30226662E-02
 1.25226275E-02
 1.20231429E-02
 1.15332355E-02
 1.10433281E-02
 1.05534208E-02
 1.00655210E-02
 9.58989020E-03
 9.11425938E-03
 8.63862856E-03
 8.16411687E-03
 7.69342568E-03
 7.22273449E-03
 6.75204330E-03
 6.28623373E-03
 5.83116373E-03
 5.37609373E-03
 4.92102372E-03
 4.46779491E-03
 4.01734593E-03
 3.56689696E-03
 3.11644798E-03
 2.67569382E-03
 2.24525993E-03
 1.81482605E-03
 1.38439217E-03
 9.93574519E-04
 6.32604713E-04
 3.10738687E-04
 6.06531523E-05
-4.78509344E-07
-4.46608721E-07
-4.14708098E-07
-3.82807475E-07
-3.50906852E-07
-3.19006229E-07
-2.87105606E-07
-2.55204983E-07
-2.23304360E-07
-1.91403737E-07
-1.59503115E-07
-1.27602492E-07
-9.57018687E-08
-6.38012458E-08
-3.19006229E-08
 4.77591700E-01
 7.18562830E-01
 8.46307318E-01
 9.63884517E-01
 9.73318720E-01
 9.82752923E-01
 9.92187126E-01
 9.99999822E-01
 9.99999800E-01
 9.99999777E-01
 9.99999755E-01
 9.99999733E-01
 9.99999710E-01
 9.99999688E-01
 9.99999666E-01
 9.99999644E-01
 9.99999621E-01
 9.99999599E-01
 9.99999577E-01
 9.99999555E-01
 9.99999532E-01
 9.99999510E-01
 9.99999488E-01
 9.99999466E-01
 9.99999443E-01
 9.99999421E-01
 9.99999399E-01
 9.99999376E-01
 9.99999354E-01
 9.99999332E-01
 9.99999310E-01
 9.99999287E-01
 9.99999265E-01
 9.99999243E-01
 9.99999221E-01
 9.99999198E-01
 9.99999176E-01
 9.99999154E-01
 9.99999131E-01
 9.99999109E-01
 9.99999087E-01
 9.99999065E-01
 9.99999042E-01
 9.99999020E-01
 9.99998998E-01
 9.99998976E-01
 9.99998953E-01
 9.99998931E-01
 9.99998909E-01
 9.99998886E-01
 9.99998864E-01
 9.99998842E-01
 9.99998820E-01
 9.99998797E-01
 9.99998775E-01
 9.99998753E-01
 9.99998731E-01
 9.99998708E-01
 9.99998686E-01
 9.99998664E-01
 9.99998642E-01
 9.99998619E-01
 9.99998597E-01
 9.99998575E-01
 9.99998552E-01
 9.99998530E-01
 9.99998508E-01
 9.99998486E-01
 9.99998463E-01
 9.99998441E-01
 9.99998419E-01
 9.99998397E-01
 9.99998374E-01
 9.99998352E-01
 9.99998330E-01
 9.99998307E-01
 9.99998285E-01
 9.99998263E-01
 9.99998241E-01
 9.99998218E-01
 9.99998196E-01
 9.99998174E-01
 9.99998152E-01
 9.99998129E-01
 9.99998107E-01
 9.99998085E-01
 9.99998062E-01
 9.99998040E-01
 9.99998018E-01
 9.99997996E-01
 9.99997973E-01
 9.99997951E-01
 9.99997929E-01
 9.99997907E-01
 9.99997884E-01
 9.99997862E-01
 9.99997840E-01
 9.99997818E-01
 9.99997795E-01
 9.99997773E-01
 9.99997751E-01
 9.99997728E-01
 9.99997706E-01
 9.99997684E-01
 9.99997662E-01
 9.99997639E-01
 9.99997617E-01
 9.99997595E-01
 9.99997573E-01
 9.99997550E-01
 9.99997528E-01
 9.99997506E-01
 9.99997483E-01
 9.99997461E-01
 9.99997439E-01
 9.99997417E-01
 9.99997394E-01
 9.99997372E-01
 9.99997350E-01
 9.99997328E-01
 9.99997305E-01
 9.99997283E-01
 9.99997261E-01
 9.99997238E-01
 9.99997216E-01
 9.99997277E-01
 9.99997367E-01
 9.99997456E-01
 9.99997545E-01
 9.99997634E-01
 9.99997723E-01
 9.99997812E-01
 9.99997901E-01
 9.99997990E-01
 9.99998079E-01
 9.99998168E-01
 9.99998257E-01
 9.99998346E-01
 9.99998436E-01
 9.99998525E-01
 9.99998614E-01
 9.99998703E-01
 9.99998792E-01
 9.99998881E-01
 9.99998970E-01
 9.99999059E-01
 9.99999148E-01
 9.99999237E-01
 9.99999326E-01
 9.99999415E-01
 9.99999504E-01
 9.99999594E-01
 9.99999683E-01
 9.99999772E-01
 9.99999861E-01
 9.99999950E-01
 9.99828811E-01
 9.99437522E-01
 9.99046233E-01
 9.98654943E-01
 9.98263654E-01
 9.97872365E-01
 9.97481076E-01
 9.97089787E-01
 9.86314933E-01
 9.68883948E-01
 9.51452963E-01
 9.34021979E-01
 9.15753313E-01
 8.97117573E-01
 8.77831958E-01
 8.58315964E-01
 8.41043269E-01
 8.24398697E-01
 8.09720290E-01
 7.92418488E-01
 7.77174559E-01
 7.62482347E-01
 7.48098509E-01
 7.33887207E-01
 7.20782231E-01
 7.07867177E-01
 6.95223462E-01
 6.82735157E-01
 6.71014719E-01
 6.59420711E-01
 6.48043430E-01
 6.36863658E-01
 6.26522295E-01
 6.16092116E-01
 6.05940237E-01
 5.95982165E-01
 5.86501027E-01
 5.77123334E-01
 5.67888763E-01
 5.58891133E-01
 5.50348880E-01
 5.41901713E-01
 5.33571288E-01
 5.25449089E-01
 5.17621004E-01
 5.09880670E-01
 5.02235679E-01
 4.94841908E-01
 4.87723261E-01
 4.80686518E-01
 4.73727837E-01
 4.66979070E-01
 4.60406545E-01
 4.53909646E-01
 4.47476625E-01
 4.41294939E-01
 4.35271025E-01
 4.29317992E-01
 4.23417280E-01
 4.17721364E-01
 4.12123958E-01
 4.06593034E-01
 4.01104760E-01
 3.95860732E-01
 3.90696638E-01
 3.85595069E-01
 3.80528101E-01
 3.75657049E-01
 3.70832374E-01
 3.66066642E-01
 3.61328788E-01
 3.56825007E-01
 3.52350042E-01
 3.47929053E-01
 3.43541843E-01
 3.39318802E-01
 3.35120797E-01
 3.30969086E-01
 3.26865304E-01
 3.22928775E-01
 3.19016986E-01
 3.15144907E-01
 3.11321981E-01
 3.07612754E-01
 3.03927911E-01
 3.00277111E-01
 2.96691464E-01
 2.93219579E-01
 2.89770352E-01
 2.86351383E-01
 2.82990425E-01
 2.79706838E-01
 2.76446305E-01
 2.73212119E-01
 2.70051297E-01
 2.66964702E-01
 2.63901418E-01
 2.60858978E-01
 2.57881920E-01
 2.54953411E-01
 2.52048355E-01
 2.49160342E-01
 2.46354474E-01
 2.43592585E-01
 2.40854194E-01
 2.38129536E-01
 2.35474639E-01
 2.32846769E-01
 2.30242363E-01
 2.27648803E-01
 2.25141679E-01
 2.22655769E-01
 2.20193219E-01
 2.17738995E-01
 2.15356816E-01
 2.12985514E-01
 2.10637411E-01
 2.08296794E-01
 2.06042144E-01
 2.03793870E-01
 2.01566624E-01
 1.99350804E-01
 1.97195342E-01
 1.95047104E-01
 1.92917095E-01
 1.90805165E-01
 1.88755595E-01
 1.86713973E-01
 1.84688084E-01
 1.82681271E-01
 1.80717768E-01
 1.78762828E-01
 1.76821396E-01
 1.74906358E-01
 1.73035107E-01
 1.71172919E-01
 1.69322216E-01
 1.67496266E-01
 1.65700152E-01
 1.63913561E-01
 1.62136709E-01
 1.60392372E-01
 1.58677071E-01
 1.56971650E-01
 1.55274391E-01
 1.53606026E-01
 1.51956755E-01
 1.50317677E-01
 1.48685320E-01
 1.47089944E-01
 1.45511887E-01
 1.43944272E-01
 1.42382097E-01
 1.40851774E-01
 1.39331999E-01
 1.37822863E-01
 1.36318020E-01
 1.34853382E-01
 1.33396718E-01
 1.31950851E-01
 1.30508243E-01
 1.29099619E-01
 1.27694765E-01
 1.26301896E-01
 1.24911034E-01
 1.23560988E-01
 1.22212061E-01
 1.20874461E-01
 1.19541325E-01
 1.18237330E-01
 1.16935403E-01
 1.15643170E-01
 1.14359321E-01
 1.13105412E-01
 1.11854416E-01
 1.10611635E-01
 1.09378033E-01
 1.08165379E-01
 1.06956389E-01
 1.05754271E-01
 1.04565603E-01
 1.03397915E-01
 1.02234557E-01
 1.01076856E-01
 9.99320763E-02
 9.88014895E-02
 9.76758256E-02
 9.65547145E-02
 9.54510665E-02
 9.43610007E-02
 9.32763833E-02
 9.21953160E-02
 9.11301287E-02
 9.00735510E-02
 8.90228866E-02
 8.79748616E-02
 8.69474660E-02
 8.59275320E-02
 8.49139224E-02
 8.39021244E-02
 8.29085315E-02
 8.19189264E-02
 8.09360082E-02
 7.99541489E-02
 7.89953978E-02
 7.80390373E-02
 7.70896821E-02
 7.61407018E-02
 7.52140402E-02
 7.42876387E-02
 7.33635508E-02
 7.24416294E-02
 7.15452735E-02
 7.06491938E-02
 6.97551189E-02
 6.88647792E-02
 6.79934710E-02
 6.71226124E-02
 6.62534759E-02
 6.53906745E-02
 6.45468783E-02
 6.37036882E-02
 6.28619612E-02
 6.20272183E-02
 6.12062811E-02
 6.03860916E-02
 5.95671275E-02
 5.87579571E-02
 5.79622075E-02
 5.71673331E-02
 5.63734664E-02
 5.55892815E-02
 5.48144806E-02
 5.40406664E-02
 5.32676570E-02
 5.25073044E-02
 5.17556118E-02
 5.10050133E-02
 5.02550391E-02
 4.95169739E-02
 4.87845209E-02
 4.80532554E-02
 4.73224456E-02
 4.66066527E-02
 4.58954567E-02
 4.51855320E-02
 4.44759083E-02
 4.37800305E-02
 4.30865488E-02
 4.23944137E-02
 4.17024374E-02
 4.10274206E-02
 4.03535344E-02
 3.96810624E-02
 3.90089678E-02
 3.83514275E-02
 3.76939791E-02
 3.70378216E-02
 3.63834928E-02
 3.57440554E-02
 3.51048201E-02
 3.44667091E-02
 3.38312912E-02
 3.32069688E-02
 3.25829498E-02
 3.19599004E-02
 3.13412062E-02
 3.07336420E-02
 3.01264740E-02
 2.95201322E-02
 2.89186995E-02
 2.83257272E-02
 2.77327549E-02
 2.71397825E-02
 2.65538430E-02
 2.59763912E-02
 2.53989394E-02
 2.48214877E-02
 2.42510324E-02
 2.36865595E-02
 2.31220866E-02
 2.25576138E-02
 2.20021550E-02
 2.14521048E-02
 2.09020546E-02
 2.03520044E-02
 1.98105356E-02
 1.92725559E-02
 1.87345762E-02
 1.81965966E-02
 1.76693157E-02
 1.71447619E-02
 1.66202081E-02
 1.60956543E-02
 1.55810278E-02
 1.50677191E-02
 1.45544103E-02
 1.40411016E-02
 1.35399206E-02
 1.30391307E-02
 1.25383409E-02
 1.20381249E-02
 1.15478282E-02
 1.10575315E-02
 1.05672348E-02
 1.00789121E-02
 9.60265246E-03
 9.12639286E-03
 8.65013326E-03
 8.17503277E-03
 7.70388922E-03
 7.23274566E-03
 6.76160211E-03
 6.29529538E-03
 5.83962965E-03
 5.38396391E-03
 4.92829818E-03
 4.47453940E-03
 4.02365973E-03
 3.57278006E-03
 3.12190039E-03
 2.67953849E-03
 2.24624389E-03
 1.81294929E-03
 1.37965469E-03
 9.87391192E-04
 6.26041531E-04
 3.05192213E-04
 5.86869756E-05
-3.34053693E-07
-3.11783447E-07
-2.89513200E-07
-2.67242954E-07
-2.44972708E-07
-2.22702462E-07
-2.00432216E-07
-1.78161969E-07
-1.55891723E-07
-1.33621477E-07
-1.11351231E-07
-8.90809847E-08
-6.68107385E-08
-4.45404924E-08
-2.22702462E-08
 4.89655407E-01
 7.34530913E-01
 8.62275411E-01
 9.79502023E-01
 9.84856571E-01
 9.90211119E-01
 9.95565666E-01
 9.99999899E-01
 9.99999886E-01
 9.99999874E-01
 9.99999861E-01
 9.99999848E-01
 9.99999836E-01
 9.99999823E-01
 9.99999810E-01
 9.99999798E-01
 9.99999785E-01
 9.99999772E-01
 9.99999760E-01
 9.99999747E-01
 9.99999735E-01
 9.99999722E-01
 9.99999709E-01
 9.99999697E-01
 9.99999684E-01
 9.99999671E-01
 9.99999659E-01
 9.99999646E-01
 9.99999633E-01
 9.99999621E-01
 9.99999608E-01
 9.99999596E-01
 9.99999583E-01
 9.99999570E-01
 9.99999558E-01
 9.99999545E-01
 9.99999532E-01
 9.99999520E-01
 9.99999507E-01
 9.99999494E-01
 9.99999482E-01
 9.99999469E-01
 9.99999456E-01
 9.99999444E-01
 9.99999431E-01
 9.99999419E-01
 9.99999406E-01
 9.99999393E-01
 9.99999381E-01
 9.99999368E-01
 9.99999355E-01
 9.99999343E-01
 9.99999330E-01
 9.99999317E-01
 9.99999305E-01
 9.99999292E-01
 9.99999280E-01
 9.99999267E-01
 9.99999254E-01
 9.99999242E-01
 9.99999229E-01
 9.99999216E-01
 9.99999204E-01
 9.99999191E-01
 9.99999178E-01
 9.99999166E-01
 9.99999153E-01
 9.99999140E-01
 9.99999128E-01
 9.99999115E-01
 9.99999103E-01
 9.99999090E-01
 9.99999077E-01
 9.99999065E-01
 9.99999052E-01
 9.99999039E-01
 9.99999027E-01
 9.99999014E-01
 9.99999001E-01
 9.99998989E-01
 9.99998976E-01
 9.99998964E-01
 9.99998951E-01
 9.99998938E-01
 9.99998926E-01
 9.99998913E-01
 9.99998900E-01
 9.99998888E-01
 9.99998875E-01
 9.99998862E-01
 9.99998850E-01
 9.99998837E-01
 9.99998824E-01
 9.99998812E-01
 9.99998799E-01
 9.99998787E-01
 9.99998774E-01
 9.99998761E-01
 9.99998749E-01
 9.99998736E-01
 9.99998723E-01
 9.99998711E-01
 9.99998698E-01
 9.99998685E-01
 9.99998673E-01
 9.99998660E-01
 9.99998648E-01
 9.99998635E-01
 9.99998622E-01
 9.99998610E-01
 9.99998597E-01
 9.99998584E-01
 9.99998572E-01
 9.99998559E-01
 9.99998546E-01
 9.99998534E-01
 9.99998521E-01
 9.99998508E-01
 9.99998496E-01
 9.99998483E-01
 9.99998471E-01
 9.99998458E-01
 9.99998445E-01
 9.99998433E-01
 9.99998420E-01
 9.99998455E-01
 9.99998505E-01
 9.99998556E-01
 9.99998606E-01
 9.99998657E-01
 9.99998708E-01
 9.99998758E-01
 9.99998809E-01
 9.99998859E-01
 9.99998910E-01
 9.99998960E-01
 9.99999011E-01
 9.99999061E-01
 9.99999112E-01
 9.99999163E-01
 9.99999213E-01
 9.99999264E-01
 9.99999314E-01
 9.99999365E-01
 9.99999415E-01
 9.99999466E-01
 9.99999517E-01
 9.99999567E-01
 9.99999618E-01
 9.99999668E-01
 9.99999719E-01
 9.99999769E-01
 9.99999820E-01
 9.99999870E-01
 9.99999921E-01
 9.99999972E-01
 9.99902839E-01
 9.99680756E-01
 9.99458673E-01
 9.99236590E-01
 9.99014506E-01
 9.98792423E-01
 9.98570340E-01
 9.98348257E-01
 9.87705837E-01
 9.70383714E-01
 9.53061591E-01
 9.35739468E-01
 9.17550779E-01
 8.98982357E-01
 8.79741651E-01
 8.60262622E-01
 8.42925981E-01
 8.26189209E-01
 8.11486399E-01
 7.94069733E-01
 7.78781902E-01
 7.64064811E-01
 7.49666729E-01
 7.35447132E-01
 7.22277273E-01
 7.09299228E-01
 6.96601877E-01
 6.84065295E-01
 6.72323059E-01
 6.60711613E-01
 6.49324366E-01
 6.38132517E-01
 6.27745530E-01
 6.17266666E-01
 6.07075696E-01
 5.97085218E-01
 5.87588119E-01
 5.78198033E-01
 5.68956004E-01
 5.59943287E-01
 5.51364231E-01
 5.42883540E-01
 5.34523616E-01
 5.26379099E-01
 5.18538838E-01
 5.10789352E-01
 5.03138499E-01
 4.95728472E-01
 4.88581460E-01
 4.81519175E-01
 4.74537645E-01
 4.67773267E-01
 4.61191208E-01
 4.54687383E-01
 4.48249640E-01
 4.42051558E-01
 4.36005278E-01
 4.30032323E-01
 4.24113495E-01
 4.18406524E-01
 4.12801459E-01
 4.07265170E-01
 4.01773000E-01
 3.96513103E-01
 3.91331188E-01
 3.86213955E-01
 3.81132517E-01
 3.76253749E-01
 3.71422958E-01
 3.66653142E-01
 3.61912166E-01
 3.57393209E-01
 3.52903743E-01
 3.48470114E-01
 3.44071427E-01
 3.39842572E-01
 3.35639616E-01
 3.31484550E-01
 3.27376445E-01
 3.23427210E-01
 3.19503568E-01
 3.15621005E-01
 3.11789290E-01
 3.08075195E-01
 3.04386325E-01
 3.00732671E-01
 2.97141847E-01
 2.93659349E-01
 2.90200291E-01
 2.86772533E-01
 2.83404787E-01
 2.80117081E-01
 2.76853223E-01
 2.73616620E-01
 2.70450155E-01
 2.67354720E-01
 2.64283399E-01
 2.61233641E-01
 2.58251520E-01
 2.55319621E-01
 2.52411985E-01
 2.49521979E-01
 2.46710291E-01
 2.43940845E-01
 2.41195708E-01
 2.38464778E-01
 2.35806013E-01
 2.33175209E-01
 2.30568676E-01
 2.27973364E-01
 2.25460318E-01
 2.22967892E-01
 2.20499631E-01
 2.18039985E-01
 2.15654867E-01
 2.13281001E-01
 2.10931134E-01
 2.08588898E-01
 2.06328403E-01
 2.04074504E-01
 2.01842358E-01
 1.99622031E-01
 1.97464146E-01
 1.95313732E-01
 1.93182175E-01
 1.91068133E-01
 1.89013452E-01
 1.86966993E-01
 1.84936809E-01
 1.82926359E-01
 1.80960712E-01
 1.79003924E-01
 1.77061109E-01
 1.75143609E-01
 1.73267860E-01
 1.71401486E-01
 1.69546994E-01
 1.67718108E-01
 1.65920086E-01
 1.64131916E-01
 1.62353821E-01
 1.60606778E-01
 1.58887494E-01
 1.57178429E-01
 1.55477809E-01
 1.53807079E-01
 1.52156100E-01
 1.50515667E-01
 1.48882186E-01
 1.47283941E-01
 1.45702337E-01
 1.44131534E-01
 1.42566359E-01
 1.41034135E-01
 1.39512822E-01
 1.38002516E-01
 1.36496649E-01
 1.35029040E-01
 1.33569203E-01
 1.32120534E-01
 1.30675239E-01
 1.29265097E-01
 1.27858857E-01
 1.26465014E-01
 1.25073088E-01
 1.23720148E-01
 1.22368363E-01
 1.21028298E-01
 1.19692849E-01
 1.18387547E-01
 1.17084384E-01
 1.15791249E-01
 1.14506121E-01
 1.13249587E-01
 1.11996066E-01
 1.10751043E-01
 1.09515516E-01
 1.08301659E-01
 1.07091592E-01
 1.05888635E-01
 1.04698522E-01
 1.03528445E-01
 1.02362847E-01
 1.01203102E-01
 1.00056723E-01
 9.89250268E-02
 9.77984232E-02
 9.66765293E-02
 9.55713118E-02
 9.44790647E-02
 9.33924538E-02
 9.23095155E-02
 9.12430048E-02
 9.01854005E-02
 8.91339135E-02
 8.80851569E-02
 8.70560994E-02
 8.60341671E-02
 8.50187773E-02
 8.40052615E-02
 8.30105786E-02
 8.20200211E-02
 8.10363810E-02
 8.00538363E-02
 7.90933574E-02
 7.81351611E-02
 7.71842118E-02
 7.62336503E-02
 7.53061771E-02
 7.43789730E-02
 7.34541622E-02
 7.25314481E-02
 7.16334757E-02
 7.07357889E-02
 6.98401762E-02
 6.89484274E-02
 6.80763663E-02
 6.72047704E-02
 6.63349560E-02
 6.54712726E-02
 6.46259823E-02
 6.37813190E-02
 6.29381693E-02
 6.21022444E-02
 6.12806014E-02
 6.04597317E-02
 5.96401298E-02
 5.88300066E-02
 5.80328727E-02
 5.72366441E-02
 5.64414580E-02
 5.56562876E-02
 5.48808247E-02
 5.41063826E-02
 5.33327730E-02
 5.25714129E-02
 5.18184342E-02
 5.10665873E-02
 5.03153863E-02
 4.95765050E-02
 4.88434294E-02
 4.81115822E-02
 4.73802064E-02
 4.66633640E-02
 4.59509706E-02
 4.52398923E-02
 4.45291254E-02
 4.38325783E-02
 4.31385099E-02
 4.24458347E-02
 4.17533236E-02
 4.10772259E-02
 4.04022224E-02
 3.97286818E-02
 3.90555317E-02
 3.83974377E-02
 3.77394388E-02
 3.70827752E-02
 3.64278815E-02
 3.57873995E-02
 3.51471265E-02
 3.45080165E-02
 3.38716925E-02
 3.32468467E-02
 3.26223147E-02
 3.19987857E-02
 3.13794716E-02
 3.07709287E-02
 3.01627959E-02
 2.95555176E-02
 2.89533177E-02
 2.83598700E-02
 2.77664222E-02
 2.71729744E-02
 2.65863675E-02
 2.60080169E-02
 2.54296662E-02
 2.48513155E-02
 2.42802025E-02
 2.37152783E-02
 2.31503541E-02
 2.25854299E-02
 2.20292735E-02
 2.14783780E-02
 2.09274824E-02
 2.03765869E-02
 1.98345687E-02
 1.92961599E-02
 1.87577511E-02
 1.82193424E-02
 1.76913398E-02
 1.71659898E-02
 1.66406398E-02
 1.61152898E-02
 1.56002093E-02
 1.50864921E-02
 1.45727749E-02
 1.40590577E-02
 1.35571362E-02
 1.30555952E-02
 1.25540542E-02
 1.20531069E-02
 1.15624209E-02
 1.10717348E-02
 1.05810488E-02
 1.00923031E-02
 9.61541471E-03
 9.13852633E-03
 8.66163796E-03
 8.18594866E-03
 7.71435275E-03
 7.24275684E-03
 6.77116092E-03
 6.30435703E-03
 5.84809557E-03
 5.39183410E-03
 4.93557264E-03
 4.48128388E-03
 4.02997352E-03
 3.57866316E-03
 3.12735279E-03
 2.68338315E-03
 2.24722784E-03
 1.81107253E-03
 1.37491722E-03
 9.81207866E-04
 6.19478349E-04
 2.99645739E-04
 5.67207989E-05
-1.89598042E-07
-1.76958172E-07
-1.64318303E-07
-1.51678433E-07
-1.39038564E-07
-1.26398695E-07
-1.13758825E-07
-1.01118956E-07
-8.84790862E-08
-7.58392167E-08
-6.31993473E-08
-5.05594778E-08
-3.79196084E-08
-2.52797389E-08
-1.26398695E-08
 5.01719114E-01
 7.50498996E-01
 8.78243504E-01
 9.95119529E-01
 9.96394422E-01
 9.97669314E-01
 9.98944206E-01
 9.99999976E-01
 9.99999973E-01
 9.99999970E-01
 9.99999967E-01
 9.99999964E-01
 9.99999961E-01
 9.99999958E-01
 9.99999955E-01
 9.99999952E-01
 9.99999949E-01
 9.99999946E-01
 9.99999943E-01
 9.99999940E-01
 9.99999937E-01
 9.99999934E-01
 9.99999931E-01
 9.99999928E-01
 9.99999925E-01
 9.99999922E-01
 9.99999919E-01
 9.99999916E-01
 9.99999913E-01
 9.99999910E-01
 9.99999907E-01
 9.99999904E-01
 9.99999901E-01
 9.99999898E-01
 9.99999895E-01
 9.99999892E-01
 9.99999889E-01
 9.99999886E-01
 9.99999883E-01
 9.99999880E-01
 9.99999877E-01
 9.99999874E-01
 9.99999871E-01
 9.99999868E-01
 9.99999865E-01
 9.99999862E-01
 9.99999859E-01
 9.99999856E-01
 9.99999853E-01
 9.99999850E-01
 9.99999847E-01
 9.99999844E-01
 9.99999840E-01
 9.99999837E-01
 9.99999834E-01
 9.99999831E-01
 9.99999828E-01
 9.99999825E-01
 9.99999822E-01
 9.99999819E-01
 9.99999816E-01
 9.99999813E-01
 9.99999810E-01
 9.99999807E-01
 9.99999804E-01
 9.99999801E-01
 9.99999798E-01
 9.99999795E-01
 9.99999792E-01
 9.99999789E-01
 9.99999786E-01
 9.99999783E-01
 9.99999780E-01
 9.99999777E-01
 9.99999774E-01
 9.99999771E-01
 9.99999768E-01
 9.99999765E-01
 9.99999762E-01
 9.99999759E-01
 9.99999756E-01
 9.99999753E-01
 9.99999750E-01
 9.99999747E-01
 9.99999744E-01
 9.99999741E-01
 9.99999738E-01
 9.99999735E-01
 9.99999732E-01
 9.99999729E-01
 9.99999726E-01
 9.99999723E-01
 9.99999720E-01
 9.99999717E-01
 9.99999714E-01
 9.99999711E-01
 9.99999708E-01
 9.99999705E-01
 9.99999702E-01
 9.99999699E-01
 9.99999696E-01
 9.99999693E-01
 9.99999690E-01
 9.99999687E-01
 9.99999684E-01
 9.99999681E-01
 9.99999678E-01
 9.99999675E-01
 9.99999672E-01
 9.99999669E-01
 9.99999666E-01
 9.99999663E-01
 9.99999660E-01
 9.99999657E-01
 9.99999654E-01
 9.99999651E-01
 9.99999648E-01
 9.99999645E-01
 9.99999642E-01
 9.99999639E-01
 9.99999636E-01
 9.99999633E-01
 9.99999630E-01
 9.99999627E-01
 9.99999624E-01
 9.99999632E-01
 9.99999644E-01
 9.99999656E-01
 9.99999668E-01
 9.99999680E-01
 9.99999692E-01
 9.99999704E-01
 9.99999716E-01
 9.99999728E-01
 9.99999740E-01
 9.99999752E-01
 9.99999765E-01
 9.99999777E-01
 9.99999789E-01
 9.99999801E-01
 9.99999813E-01
 9.99999825E-01
 9.99999837E-01
 9.99999849E-01
 9.99999861E-01
 9.99999873E-01
 9.99999885E-01
 9.99999897E-01
 9.99999909E-01
 9.99999921E-01
 9.99999933E-01
 9.99999945E-01
 9.99999957E-01
 9.99999969E-01
 9.99999981E-01
 9.99999993E-01
 9.99976866E-01
 9.99923989E-01
 9.99871113E-01
 9.99818236E-01
 9.99765359E-01
 9.99712482E-01
 9.99659605E-01
 9.99606728E-01
 9.89096742E-01
 9.71883481E-01
 9.54670219E-01
 9.37456958E-01
 9.19348244E-01
 9.00847142E-01
 8.81651345E-01
 8.62209280E-01
 8.44808694E-01
 8.27979720E-01
 8.13252508E-01
 7.95720978E-01
 7.80389244E-01
 7.65647275E-01
 7.51234949E-01
 7.37007057E-01
 7.23772316E-01
 7.10731278E-01
 6.97980292E-01
 6.85395434E-01
 6.73631400E-01
 6.62002514E-01
 6.50605302E-01
 6.39401376E-01
 6.28968765E-01
 6.18441215E-01
 6.08211156E-01
 5.98188271E-01
 5.88675212E-01
 5.79272732E-01
 5.70023245E-01
 5.60995441E-01
 5.52379582E-01
 5.43865367E-01
 5.35475944E-01
 5.27309109E-01
 5.19456671E-01
 5.11698035E-01
 5.04041319E-01
 4.96615036E-01
 4.89439658E-01
 4.82351833E-01
 4.75347453E-01
 4.68567465E-01
 4.61975872E-01
 4.55465121E-01
 4.49022654E-01
 4.42808176E-01
 4.36739531E-01
 4.30746655E-01
 4.24809709E-01
 4.19091683E-01
 4.13478960E-01
 4.07937305E-01
 4.02441241E-01
 3.97165474E-01
 3.91965739E-01
 3.86832841E-01
 3.81736932E-01
 3.76850449E-01
 3.72013542E-01
 3.67239643E-01
 3.62495544E-01
 3.57961411E-01
 3.53457444E-01
 3.49011174E-01
 3.44601012E-01
 3.40366342E-01
 3.36158435E-01
 3.32000015E-01
 3.27887587E-01
 3.23925646E-01
 3.19990150E-01
 3.16097103E-01
 3.12256599E-01
 3.08537636E-01
 3.04844738E-01
 3.01188231E-01
 2.97592229E-01
 2.94099119E-01
 2.90630229E-01
 2.87193683E-01
 2.83819150E-01
 2.80527324E-01
 2.77260141E-01
 2.74021122E-01
 2.70849014E-01
 2.67744738E-01
 2.64665380E-01
 2.61608304E-01
 2.58621120E-01
 2.55685832E-01
 2.52775615E-01
 2.49883616E-01
 2.47066108E-01
 2.44289105E-01
 2.41537222E-01
 2.38800020E-01
 2.36137388E-01
 2.33503648E-01
 2.30894990E-01
 2.28297926E-01
 2.25778956E-01
 2.23280015E-01
 2.20806044E-01
 2.18340975E-01
 2.15952918E-01
 2.13576489E-01
 2.11224858E-01
 2.08881001E-01
 2.06614662E-01
 2.04355138E-01
 2.02118092E-01
 1.99893259E-01
 1.97732949E-01
 1.95580360E-01
 1.93447256E-01
 1.91331102E-01
 1.89271310E-01
 1.87220012E-01
 1.85185533E-01
 1.83171447E-01
 1.81203657E-01
 1.79245020E-01
 1.77300822E-01
 1.75380861E-01
 1.73500613E-01
 1.71630053E-01
 1.69771772E-01
 1.67939949E-01
 1.66140020E-01
 1.64350271E-01
 1.62570933E-01
 1.60821184E-01
 1.59097916E-01
 1.57385209E-01
 1.55681227E-01
 1.54008131E-01
 1.52355445E-01
 1.50713657E-01
 1.49079052E-01
 1.47477938E-01
 1.45892786E-01
 1.44318796E-01
 1.42750621E-01
 1.41216496E-01
 1.39693646E-01
 1.38182168E-01
 1.36675279E-01
 1.35204698E-01
 1.33741688E-01
 1.32290218E-01
 1.30842234E-01
 1.29430575E-01
 1.28022949E-01
 1.26628132E-01
 1.25235143E-01
 1.23879307E-01
 1.22524666E-01
 1.21182134E-01
 1.19844373E-01
 1.18537764E-01
 1.17233365E-01
 1.15939328E-01
 1.14652921E-01
 1.13393762E-01
 1.12137716E-01
 1.10890451E-01
 1.09652998E-01
 1.08437939E-01
 1.07226795E-01
 1.06022999E-01
 1.04831441E-01
 1.03658974E-01
 1.02491137E-01
 1.01329347E-01
 1.00181370E-01
 9.90485642E-02
 9.79210207E-02
 9.67983440E-02
 9.56915570E-02
 9.45971287E-02
 9.35085244E-02
 9.24237150E-02
 9.13558808E-02
 9.02972500E-02
 8.92449404E-02
 8.81954521E-02
 8.71647328E-02
 8.61408022E-02
 8.51236322E-02
 8.41083986E-02
 8.31126258E-02
 8.21211158E-02
 8.11367537E-02
 8.01535237E-02
 7.91913169E-02
 7.82312849E-02
 7.72787415E-02
 7.63265987E-02
 7.53983140E-02
 7.44703072E-02
 7.35447736E-02
 7.26212668E-02
 7.17216778E-02
 7.08223841E-02
 6.99252334E-02
 6.90320756E-02
 6.81592617E-02
 6.72869285E-02
 6.64164361E-02
 6.55518707E-02
 6.47050863E-02
 6.38589498E-02
 6.30143773E-02
 6.21772705E-02
 6.13549216E-02
 6.05333718E-02
 5.97131321E-02
 5.89020561E-02
 5.81035378E-02
 5.73059552E-02
 5.65094496E-02
 5.57232936E-02
 5.49471688E-02
 5.41720987E-02
 5.33978889E-02
 5.26355214E-02
 5.18812566E-02
 5.11281614E-02
 5.03757336E-02
 4.96360361E-02
 4.89023379E-02
 4.81699090E-02
 4.74379673E-02
 4.67200754E-02
 4.60064845E-02
 4.52942526E-02
 4.45823424E-02
 4.38851261E-02
 4.31904711E-02
 4.24972556E-02
 4.18042099E-02
 4.11270312E-02
 4.04509104E-02
 3.97763012E-02
 3.91020956E-02
 3.84434479E-02
 3.77848985E-02
 3.71277289E-02
 3.64722703E-02
 3.58307436E-02
 3.51894329E-02
 3.45493240E-02
 3.39120939E-02
 3.32867246E-02
 3.26616795E-02
 3.20376710E-02
 3.14177370E-02
 3.08082155E-02
 3.01991177E-02
 2.95909030E-02
 2.89879360E-02
 2.83940128E-02
 2.78000895E-02
 2.72061663E-02
 2.66188921E-02
 2.60396425E-02
 2.54603930E-02
 2.48811434E-02
 2.43093727E-02
 2.37439971E-02
 2.31786215E-02
 2.26132459E-02
 2.20563921E-02
 2.15046512E-02
 2.09529103E-02
 2.04011694E-02
 1.98586018E-02
 1.93197639E-02
 1.87809260E-02
 1.82420882E-02
 1.77133639E-02
 1.71872177E-02
 1.66610715E-02
 1.61349252E-02
 1.56193909E-02
 1.51052652E-02
 1.45911395E-02
 1.40770138E-02
 1.35743519E-02
 1.30720598E-02
 1.25697676E-02
 1.20680889E-02
 1.15770135E-02
 1.10859382E-02
 1.05948628E-02
 1.01056941E-02
 9.62817696E-03
 9.15065981E-03
 8.67314266E-03
 8.19686456E-03
 7.72481628E-03
 7.25276801E-03
 6.78071974E-03
 6.31341868E-03
 5.85656149E-03
 5.39970429E-03
 4.94284710E-03
 4.48802837E-03
 4.03628731E-03
 3.58454625E-03
 3.13280520E-03
 2.68722782E-03
 2.24821180E-03
 1.80919577E-03
 1.37017974E-03
 9.75024540E-04
 6.12915167E-04
 2.94099265E-04
 5.47546221E-05
-4.51423909E-08
-4.21328982E-08
-3.91234055E-08
-3.61139127E-08
-3.31044200E-08
-3.00949273E-08
-2.70854345E-08
-2.40759418E-08
-2.10664491E-08
-1.80569564E-08
-1.50474636E-08
-1.20379709E-08
-9.02847818E-09
-6.01898545E-09
-3.00949273E-09
 5.10978037E-01
 7.60857513E-01
 8.85797247E-01
 9.99999973E-01
 9.99999966E-01
 9.99999959E-01
 9.99999952E-01
 9.99999945E-01
 9.99999938E-01
 9.99999931E-01
 9.99999925E-01
 9.99999918E-01
 9.99999911E-01
 9.99999904E-01
 9.99999897E-01
 9.99999890E-01
 9.99999884E-01
 9.99999877E-01
 9.99999870E-01
 9.99999863E-01
 9.99999856E-01
 9.99999849E-01
 9.99999842E-01
 9.99999836E-01
 9.99999829E-01
 9.99999822E-01
 9.99999815E-01
 9.99999808E-01
 9.99999801E-01
 9.99999794E-01
 9.99999788E-01
 9.99999781E-01
 9.99999774E-01
 9.99999767E-01
 9.99999760E-01
 9.99999753E-01
 9.99999747E-01
 9.99999740E-01
 9.99999733E-01
 9.99999726E-01
 9.99999719E-01
 9.99999712E-01
 9.99999705E-01
 9.99999699E-01
 9.99999692E-01
 9.99999685E-01
 9.99999678E-01
 9.99999671E-01
 9.99999664E-01
 9.99999657E-01
 9.99999651E-01
 9.99999644E-01
 9.99999637E-01
 9.99999630E-01
 9.99999623E-01
 9.99999616E-01
 9.99999609E-01
 9.99999603E-01
 9.99999596E-01
 9.99999589E-01
 9.99999582E-01
 9.99999575E-01
 9.99999568E-01
 9.99999562E-01
 9.99999555E-01
 9.99999548E-01
 9.99999541E-01
 9.99999534E-01
 9.99999527E-01
 9.99999520E-01
 9.99999514E-01
 9.99999507E-01
 9.99999500E-01
 9.99999493E-01
 9.99999486E-01
 9.99999479E-01
 9.99999472E-01
 9.99999466E-01
 9.99999459E-01
 9.99999452E-01
 9.99999445E-01
 9.99999438E-01
 9.99999431E-01
 9.99999424E-01
 9.99999418E-01
 9.99999411E-01
 9.99999404E-01
 9.99999397E-01
 9.99999390E-01
 9.99999383E-01
 9.99999377E-01
 9.99999370E-01
 9.99999363E-01
 9.99999356E-01
 9.99999349E-01
 9.99999342E-01
 9.99999335E-01
 9.99999329E-01
 9.99999322E-01
 9.99999315E-01
 9.99999308E-01
 9.99999301E-01
 9.99999294E-01
 9.99999287E-01
 9.99999281E-01
 9.99999274E-01
 9.99999267E-01
 9.99999260E-01
 9.99999253E-01
 9.99999246E-01
 9.99999240E-01
 9.99999233E-01
 9.99999226E-01
 9.99999219E-01
 9.99999212E-01
 9.99999205E-01
 9.99999198E-01
 9.99999192E-01
 9.99999185E-01
 9.99999178E-01
 9.99999171E-01
 9.99999164E-01
 9.99999157E-01
 9.99999150E-01
 9.99999144E-01
 9.99999162E-01
 9.99999190E-01
 9.99999217E-01
 9.99999245E-01
 9.99999272E-01
 9.99999299E-01
 9.99999327E-01
 9.99999354E-01
 9.99999382E-01
 9.99999409E-01
 9.99999436E-01
 9.99999464E-01
 9.99999491E-01
 9.99999519E-01
 9.99999546E-01
 9.99999574E-01
 9.99999601E-01
 9.99999628E-01
 9.99999656E-01
 9.99999683E-01
 9.99999711E-01
 9.99999738E-01
 9.99999765E-01
 9.99999793E-01
 9.99999820E-01
 9.99999848E-01
 9.99999875E-01
 9.99999902E-01
 9.99999930E-01
 9.99999957E-01
 9.99999985E-01
 9.99999461E-01
 9.99998230E-01
 9.99996999E-01
 9.99995768E-01
 9.99994537E-01
 9.99993306E-01
 9.99992075E-01
 9.99990844E-01
 9.89748105E-01
 9.72940297E-01
 9.56132489E-01
 9.39324681E-01
 9.21348654E-01
 9.02860711E-01
 8.83655665E-01
 8.64196407E-01
 8.46732940E-01
 8.29828296E-01
 8.15093211E-01
 7.97463347E-01
 7.82072599E-01
 7.67285795E-01
 7.52839267E-01
 7.38583124E-01
 7.25294146E-01
 7.12202265E-01
 6.99409794E-01
 6.86787794E-01
 6.74988143E-01
 6.63328001E-01
 6.51907005E-01
 6.40680035E-01
 6.30210798E-01
 6.19643557E-01
 6.09383406E-01
 5.99333075E-01
 5.89793921E-01
 5.80368914E-01
 5.71101834E-01
 5.62053892E-01
 5.53408216E-01
 5.44867464E-01
 5.36455530E-01
 5.28267818E-01
 5.20395706E-01
 5.12620421E-01
 5.04950344E-01
 4.97506411E-01
 4.90308191E-01
 4.83200347E-01
 4.76178641E-01
 4.69382334E-01
 4.62775497E-01
 4.56252110E-01
 4.49799209E-01
 4.43569208E-01
 4.37482762E-01
 4.31474529E-01
 4.25524031E-01
 4.19793059E-01
 4.14168356E-01
 4.08617013E-01
 4.03112732E-01
 3.97823104E-01
 3.92609019E-01
 3.87463927E-01
 3.82357017E-01
 3.77459877E-01
 3.72613187E-01
 3.67831538E-01
 3.63080651E-01
 3.58534155E-01
 3.54018602E-01
 3.49562608E-01
 3.45143477E-01
 3.40900085E-01
 3.36684320E-01
 3.32519637E-01
 3.28400822E-01
 3.24428659E-01
 3.20483796E-01
 3.16582750E-01
 3.12734777E-01
 3.09008618E-01
 3.05309365E-01
 3.01647676E-01
 2.98045638E-01
 2.94544061E-01
 2.91067486E-01
 2.87624298E-01
 2.84243457E-01
 2.80945634E-01
 2.77673249E-01
 2.74429937E-01
 2.71252043E-01
 2.68140520E-01
 2.65054719E-01
 2.61991918E-01
 2.58999273E-01
 2.56058792E-01
 2.53144189E-01
 2.50248393E-01
 2.47425396E-01
 2.44642212E-01
 2.41884957E-01
 2.39142856E-01
 2.36475538E-01
 2.33837343E-01
 2.31225038E-01
 2.28624701E-01
 2.26100580E-01
 2.23596319E-01
 2.21117834E-01
 2.18648537E-01
 2.16256425E-01
 2.13876141E-01
 2.11521456E-01
 2.09174725E-01
 2.06903589E-01
 2.04639489E-01
 2.02398591E-01
 2.00170082E-01
 1.98006244E-01
 1.95850376E-01
 1.93714622E-01
 1.91595622E-01
 1.89531586E-01
 1.87476319E-01
 1.85438413E-01
 1.83421045E-01
 1.81450104E-01
 1.79488613E-01
 1.77542026E-01
 1.75619232E-01
 1.73735250E-01
 1.71861268E-01
 1.69999960E-01
 1.68165234E-01
 1.66362520E-01
 1.64570315E-01
 1.62788857E-01
 1.61036351E-01
 1.59309777E-01
 1.57594105E-01
 1.55887439E-01
 1.54211763E-01
 1.52556601E-01
 1.50912687E-01
 1.49276189E-01
 1.47672403E-01
 1.46084309E-01
 1.44507736E-01
 1.42937167E-01
 1.41400735E-01
 1.39875671E-01
 1.38362347E-01
 1.36853760E-01
 1.35380599E-01
 1.33914961E-01
 1.32461235E-01
 1.31011107E-01
 1.29597380E-01
 1.28187771E-01
 1.26791385E-01
 1.25396787E-01
 1.24038545E-01
 1.22681538E-01
 1.21337029E-01
 1.19997311E-01
 1.18688864E-01
 1.17382699E-01
 1.16087230E-01
 1.14799228E-01
 1.13537887E-01
 1.12279759E-01
 1.11030696E-01
 1.09791483E-01
 1.08574749E-01
 1.07362057E-01
 1.06156949E-01
 1.04963816E-01
 1.03789363E-01
 1.02619689E-01
 1.01456257E-01
 1.00306691E-01
 9.91723536E-02
 9.80434485E-02
 9.69195672E-02
 9.58112326E-02
 9.47149897E-02
 9.36247587E-02
 9.25384452E-02
 9.14691711E-02
 9.04091353E-02
 8.93556246E-02
 8.83050263E-02
 8.72727909E-02
 8.62471974E-02
 8.52285826E-02
 8.42119667E-02
 8.32148849E-02
 8.22220819E-02
 8.12366575E-02
 8.02524016E-02
 7.92887136E-02
 7.83271533E-02
 7.73733231E-02
 7.64199065E-02
 7.54905074E-02
 7.45613905E-02
 7.36348265E-02
 7.27102658E-02
 7.18093446E-02
 7.09087283E-02
 7.00103241E-02
 6.91159491E-02
 6.82421038E-02
 6.73687545E-02
 6.64973055E-02
 6.56317126E-02
 6.47836877E-02
 6.39363317E-02
 6.30905902E-02
 6.22523827E-02
 6.14290684E-02
 6.06065790E-02
 5.97854419E-02
 5.89733618E-02
 5.81736932E-02
 5.73749905E-02
 5.65773996E-02
 5.57902530E-02
 5.50132295E-02
 5.42372947E-02
 5.34622480E-02
 5.26989057E-02
 5.19435715E-02
 5.11894448E-02
 5.04360069E-02
 4.96954158E-02
 4.89608789E-02
 4.82276523E-02
 4.74949285E-02
 4.67760906E-02
 4.60615035E-02
 4.53483192E-02
 4.46354670E-02
 4.39374430E-02
 4.32420038E-02
 4.25480505E-02
 4.18542724E-02
 4.11761760E-02
 4.04991252E-02
 3.98236347E-02
 3.91485522E-02
 3.84891698E-02
 3.78298887E-02
 3.71720320E-02
 3.65158663E-02
 3.58734697E-02
 3.52312960E-02
 3.45903629E-02
 3.39523349E-02
 3.33262759E-02
 3.27005517E-02
 3.20758974E-02
 3.14552699E-02
 3.08449332E-02
 3.02350338E-02
 2.96260460E-02
 2.90223591E-02
 2.84278077E-02
 2.78332563E-02
 2.72387049E-02
 2.66507491E-02
 2.60707537E-02
 2.54907583E-02
 2.49107628E-02
 2.43383293E-02
 2.37723617E-02
 2.32063942E-02
 2.26404266E-02
 2.20829122E-02
 2.15304697E-02
 2.09780272E-02
 2.04255847E-02
 1.98824170E-02
 1.93430205E-02
 1.88036239E-02
 1.82642274E-02
 1.77348629E-02
 1.72080556E-02
 1.66812483E-02
 1.61544410E-02
 1.56383630E-02
 1.51237093E-02
 1.46090556E-02
 1.40944018E-02
 1.35911191E-02
 1.30882032E-02
 1.25852873E-02
 1.20829916E-02
 1.15914165E-02
 1.10998414E-02
 1.06082663E-02
 1.01185810E-02
 9.64044410E-03
 9.16230725E-03
 8.68417040E-03
 8.20731256E-03
 7.73482099E-03
 7.26232943E-03
 6.78983787E-03
 6.32204891E-03
 5.86460565E-03
 5.40716239E-03
 4.94971913E-03
 4.49438009E-03
 4.04221801E-03
 3.59005592E-03
 3.13789383E-03
 2.69150674E-03
 2.25126721E-03
 1.81102769E-03
 1.37078816E-03
 9.73970317E-04
 6.09867432E-04
 2.90454580E-04
 5.30765771E-05
-1.56076518E-07
-1.45671417E-07
-1.35266316E-07
-1.24861214E-07
-1.14456113E-07
-1.04051012E-07
-9.36459108E-08
-8.32408096E-08
-7.28357084E-08
-6.24306072E-08
-5.20255060E-08
-4.16204048E-08
-3.12153036E-08
-2.08102024E-08
-1.04051012E-08
 5.18962059E-01
 7.68666227E-01
 8.89526286E-01
 9.99999933E-01
 9.99999916E-01
 9.99999899E-01
 9.99999882E-01
 9.99999865E-01
 9.99999849E-01
 9.99999832E-01
 9.99999815E-01
 9.99999798E-01
 9.99999781E-01
 9.99999765E-01
 9.99999748E-01
 9.99999731E-01
 9.99999714E-01
 9.99999697E-01
 9.99999680E-01
 9.99999664E-01
 9.99999647E-01
 9.99999630E-01
 9.99999613E-01
 9.99999596E-01
 9.99999580E-01
 9.99999563E-01
 9.99999546E-01
 9.99999529E-01
 9.99999512E-01
 9.99999495E-01
 9.99999479E-01
 9.99999462E-01
 9.99999445E-01
 9.99999428E-01
 9.99999411E-01
 9.99999395E-01
 9.99999378E-01
 9.99999361E-01
 9.99999344E-01
 9.99999327E-01
 9.99999311E-01
 9.99999294E-01
 9.99999277E-01
 9.99999260E-01
 9.99999243E-01
 9.99999226E-01
 9.99999210E-01
 9.99999193E-01
 9.99999176E-01
 9.99999159E-01
 9.99999142E-01
 9.99999126E-01
 9.99999109E-01
 9.99999092E-01
 9.99999075E-01
 9.99999058E-01
 9.99999041E-01
 9.99999025E-01
 9.99999008E-01
 9.99998991E-01
 9.99998974E-01
 9.99998957E-01
 9.99998941E-01
 9.99998924E-01
 9.99998907E-01
 9.99998890E-01
 9.99998873E-01
 9.99998856E-01
 9.99998840E-01
 9.99998823E-01
 9.99998806E-01
 9.99998789E-01
 9.99998772E-01
 9.99998756E-01
 9.99998739E-01
 9.99998722E-01
 9.99998705E-01
 9.99998688E-01
 9.99998671E-01
 9.99998655E-01
 9.99998638E-01
 9.99998621E-01
 9.99998604E-01
 9.99998587E-01
 9.99998571E-01
 9.99998554E-01
 9.99998537E-01
 9.99998520E-01
 9.99998503E-01
 9.99998486E-01
 9.99998470E-01
 9.99998453E-01
 9.99998436E-01
 9.99998419E-01
 9.99998402E-01
 9.99998386E-01
 9.99998369E-01
 9.99998352E-01
 9.99998335E-01
 9.99998318E-01
 9.99998301E-01
 9.99998285E-01
 9.99998268E-01
 9.99998251E-01
 9.99998234E-01
 9.99998217E-01
 9.99998201E-01
 9.99998184E-01
 9.99998167E-01
 9.99998150E-01
 9.99998133E-01
 9.99998117E-01
 9.99998100E-01
 9.99998083E-01
 9.99998066E-01
 9.99998049E-01
 9.99998032E-01
 9.99998016E-01
 9.99997999E-01
 9.99997982E-01
 9.99997965E-01
 9.99997948E-01
 9.99997932E-01
 9.99997915E-01
 9.99997898E-01
 9.99997944E-01
 9.99998011E-01
 9.99998079E-01
 9.99998146E-01
 9.99998213E-01
 9.99998280E-01
 9.99998348E-01
 9.99998415E-01
 9.99998482E-01
 9.99998550E-01
 9.99998617E-01
 9.99998684E-01
 9.99998751E-01
 9.99998819E-01
 9.99998886E-01
 9.99998953E-01
 9.99999020E-01
 9.99999088E-01
 9.99999155E-01
 9.99999222E-01
 9.99999289E-01
 9.99999357E-01
 9.99999424E-01
 9.99999491E-01
 9.99999559E-01
 9.99999626E-01
 9.99999693E-01
 9.99999760E-01
 9.99999828E-01
 9.99999895E-01
 9.99999962E-01
 9.99998678E-01
 9.99995656E-01
 9.99992634E-01
 9.99989612E-01
 9.99986591E-01
 9.99983569E-01
 9.99980547E-01
 9.99977525E-01
 9.90063313E-01
 9.73795772E-01
 9.57528232E-01
 9.41260692E-01
 9.23441312E-01
 9.04941911E-01
 8.85702997E-01
 8.66201927E-01
 8.48676066E-01
 8.31703264E-01
 8.16967821E-01
 7.99247135E-01
 7.83790505E-01
 7.68949795E-01
 7.54459994E-01
 7.40166528E-01
 7.26828151E-01
 7.13690951E-01
 7.00862516E-01
 6.88208436E-01
 6.76366888E-01
 6.64669207E-01
 6.53218147E-01
 6.41963149E-01
 6.31461374E-01
 6.20858533E-01
 6.10572377E-01
 6.00496857E-01
 5.90927001E-01
 5.81474860E-01
 5.72185581E-01
 5.63115205E-01
 5.54442889E-01
 5.45878775E-01
 5.37447504E-01
 5.29239571E-01
 5.21344377E-01
 5.13549036E-01
 5.05862190E-01
 4.98399973E-01
 4.91181421E-01
 4.84056070E-01
 4.77019547E-01
 4.70206599E-01
 4.63581923E-01
 4.57043304E-01
 4.50577374E-01
 4.44332246E-01
 4.38230073E-01
 4.32208560E-01
 4.26246584E-01
 4.20501805E-01
 4.14863157E-01
 4.09300163E-01
 4.03785701E-01
 3.98483126E-01
 3.93256267E-01
 3.88100559E-01
 3.82984224E-01
 3.78075091E-01
 3.73216952E-01
 3.68425886E-01
 3.63666543E-01
 3.59108964E-01
 3.54583150E-01
 3.50118757E-01
 3.45691796E-01
 3.41438361E-01
 3.37213415E-01
 3.33041149E-01
 3.28915007E-01
 3.24933754E-01
 3.20980652E-01
 3.17072738E-01
 3.13217896E-01
 3.09483482E-01
 3.05776816E-01
 3.02108888E-01
 2.98500422E-01
 2.94991354E-01
 2.91508069E-01
 2.88059215E-01
 2.84672285E-01
 2.81367612E-01
 2.78089171E-01
 2.74840712E-01
 2.71656968E-01
 2.68538922E-01
 2.65447402E-01
 2.62379601E-01
 2.59381314E-01
 2.56434819E-01
 2.53515011E-01
 2.50614598E-01
 2.47786262E-01
 2.44997521E-01
 2.42235519E-01
 2.39489145E-01
 2.36816768E-01
 2.34173426E-01
 2.31556783E-01
 2.28952483E-01
 2.26423561E-01
 2.23914523E-01
 2.21432067E-01
 2.18959086E-01
 2.16562413E-01
 2.14177687E-01
 2.11819361E-01
 2.09469186E-01
 2.07193730E-01
 2.04925529E-01
 2.02681256E-01
 2.00449448E-01
 1.98281581E-01
 1.96121932E-01
 1.93983027E-01
 1.91860848E-01
 1.89792962E-01
 1.87734120E-01
 1.85693181E-01
 1.83672692E-01
 1.81698144E-01
 1.79733340E-01
 1.77783907E-01
 1.75858112E-01
 1.73970743E-01
 1.72093686E-01
 1.70229699E-01
 1.68392085E-01
 1.66586187E-01
 1.64791126E-01
 1.63007148E-01
 1.61251863E-01
 1.59522292E-01
 1.57803962E-01
 1.56094921E-01
 1.54416567E-01
 1.52758579E-01
 1.51112191E-01
 1.49473450E-01
 1.47867081E-01
 1.46276319E-01
 1.44697439E-01
 1.43124749E-01
 1.41585827E-01
 1.40058242E-01
 1.38542765E-01
 1.37032173E-01
 1.35556611E-01
 1.34088592E-01
 1.32632857E-01
 1.31180833E-01
 1.29764788E-01
 1.28352925E-01
 1.26954698E-01
 1.25558244E-01
 1.24197820E-01
 1.22838668E-01
 1.21492406E-01
 1.20150891E-01
 1.18840366E-01
 1.17532194E-01
 1.16235053E-01
 1.14945310E-01
 1.13681989E-01
 1.12421981E-01
 1.11171321E-01
 1.09930422E-01
 1.08711799E-01
 1.07497345E-01
 1.06290711E-01
 1.05095944E-01
 1.03919688E-01
 1.02748360E-01
 1.01583469E-01
 1.00432318E-01
 9.92962576E-02
 9.81657992E-02
 9.70405216E-02
 9.59306491E-02
 9.48327585E-02
 9.37410676E-02
 9.26534166E-02
 9.15826497E-02
 9.05210369E-02
 8.94661531E-02
 8.84142727E-02
 8.73805875E-02
 8.63534836E-02
 8.53335765E-02
 8.43157307E-02
 8.33172403E-02
 8.23229896E-02
 8.13363481E-02
 8.03509116E-02
 7.93858544E-02
 7.84229055E-02
 7.74679283E-02
 7.65133775E-02
 7.55827265E-02
 7.46523597E-02
 7.37246255E-02
 7.27988921E-02
 7.18967680E-02
 7.09949583E-02
 7.00954299E-02
 6.91999252E-02
 6.83249216E-02
 6.74504297E-02
 6.65778974E-02
 6.57112106E-02
 6.48620607E-02
 6.40136006E-02
 6.31668052E-02
 6.23275341E-02
 6.15031363E-02
 6.06795893E-02
 5.98574369E-02
 5.90443294E-02
 5.82436169E-02
 5.74439005E-02
 5.66453306E-02
 5.58571912E-02
 5.50791614E-02
 5.43022544E-02
 5.35262632E-02
 5.27619607E-02
 5.20056558E-02
 5.12505960E-02
 5.04962466E-02
 4.97547267E-02
 4.90192529E-02
 4.82851303E-02
 4.75515262E-02
 4.68317893E-02
 4.61162974E-02
 4.54022523E-02
 4.46885495E-02
 4.39896550E-02
 4.32933416E-02
 4.25985607E-02
 4.19039604E-02
 4.12250206E-02
 4.05471248E-02
 3.98708382E-02
 3.91949600E-02
 3.85347605E-02
 3.78746655E-02
 3.72160395E-02
 3.65591021E-02
 3.59159149E-02
 3.52729576E-02
 3.46312797E-02
 3.39925029E-02
 3.33656788E-02
 3.27391998E-02
 3.21138242E-02
 3.14924699E-02
 3.08813922E-02
 3.02707655E-02
 2.96610788E-02
 2.90566935E-02
 2.84614444E-02
 2.78661954E-02
 2.72709464E-02
 2.66823027E-02
 2.61016310E-02
 2.55209592E-02
 2.49402875E-02
 2.43671887E-02
 2.38005653E-02
 2.32339418E-02
 2.26673184E-02
 2.21091603E-02
 2.15560815E-02
 2.10030027E-02
 2.04499238E-02
 1.99061332E-02
 1.93661191E-02
 1.88261049E-02
 1.82860908E-02
 1.77561231E-02
 1.72287161E-02
 1.67013092E-02
 1.61739023E-02
 1.56572399E-02
 1.51420038E-02
 1.46267677E-02
 1.41115316E-02
 1.36076826E-02
 1.31042008E-02
 1.26007191E-02
 1.20978584E-02
 1.16057333E-02
 1.11136082E-02
 1.06214832E-02
 1.01312386E-02
 9.65248619E-03
 9.17373376E-03
 8.69498133E-03
 8.21754788E-03
 7.74461715E-03
 7.27168642E-03
 6.79875570E-03
 6.33048303E-03
 5.87245810E-03
 5.41443318E-03
 4.95640825E-03
 4.50055329E-03
 4.04797457E-03
 3.59539585E-03
 3.14281712E-03
 2.69598304E-03
 2.25526420E-03
 1.81454537E-03
 1.37382654E-03
 9.75247506E-04
 6.08417627E-04
 2.87674345E-04
 5.15295009E-05
-3.83096908E-07
-3.57557114E-07
-3.32017320E-07
-3.06477526E-07
-2.80937732E-07
-2.55397938E-07
-2.29858145E-07
-2.04318351E-07
-1.78778557E-07
-1.53238763E-07
-1.27698969E-07
-1.02159175E-07
-7.66193815E-08
-5.10795877E-08
-2.55397938E-08
 5.26946081E-01
 7.76474941E-01
 8.93255325E-01
 9.99999893E-01
 9.99999866E-01
 9.99999839E-01
 9.99999813E-01
 9.99999786E-01
 9.99999759E-01
 9.99999732E-01
 9.99999705E-01
 9.99999679E-01
 9.99999652E-01
 9.99999625E-01
 9.99999598E-01
 9.99999571E-01
 9.99999545E-01
 9.99999518E-01
 9.99999491E-01
 9.99999464E-01
 9.99999438E-01
 9.99999411E-01
 9.99999384E-01
 9.99999357E-01
 9.99999330E-01
 9.99999304E-01
 9.99999277E-01
 9.99999250E-01
 9.99999223E-01
 9.99999197E-01
 9.99999170E-01
 9.99999143E-01
 9.99999116E-01
 9.99999089E-01
 9.99999063E-01
 9.99999036E-01
 9.99999009E-01
 9.99998982E-01
 9.99998955E-01
 9.99998929E-01
 9.99998902E-01
 9.99998875E-01
 9.99998848E-01
 9.99998822E-01
 9.99998795E-01
 9.99998768E-01
 9.99998741E-01
 9.99998714E-01
 9.99998688E-01
 9.99998661E-01
 9.99998634E-01
 9.99998607E-01
 9.99998581E-01
 9.99998554E-01
 9.99998527E-01
 9.99998500E-01
 9.99998473E-01
 9.99998447E-01
 9.99998420E-01
 9.99998393E-01
 9.99998366E-01
 9.99998339E-01
 9.99998313E-01
 9.99998286E-01
 9.99998259E-01
 9.99998232E-01
 9.99998206E-01
 9.99998179E-01
 9.99998152E-01
 9.99998125E-01
 9.99998098E-01
 9.99998072E-01
 9.99998045E-01
 9.99998018E-01
 9.99997991E-01
 9.99997965E-01
 9.99997938E-01
 9.99997911E-01
 9.99997884E-01
 9.99997857E-01
 9.99997831E-01
 9.99997804E-01
 9.99997777E-01
 9.99997750E-01
 9.99997723E-01
 9.99997697E-01
 9.99997670E-01
 9.99997643E-01
 9.99997616E-01
 9.99997590E-01
 9.99997563E-01
 9.99997536E-01
 9.99997509E-01
 9.99997482E-01
 9.99997456E-01
 9.99997429E-01
 9.99997402E-01
 9.99997375E-01
 9.99997349E-01
 9.99997322E-01
 9.99997295E-01
 9.99997268E-01
 9.99997241E-01
 9.99997215E-01
 9.99997188E-01
 9.99997161E-01
 9.99997134E-01
 9.99997107E-01
 9.99997081E-01
 9.99997054E-01
 9.99997027E-01
 9.99997000E-01
 9.99996974E-01
 9.99996947E-01
 9.99996920E-01
 9.99996893E-01
 9.99996866E-01
 9.99996840E-01
 9.99996813E-01
 9.99996786E-01
 9.99996759E-01
 9.99996733E-01
 9.99996706E-01
 9.99996679E-01
 9.99996652E-01
 9.99996726E-01
 9.99996833E-01
 9.99996940E-01
 9.99997047E-01
 9.99997154E-01
 9.99997261E-01
 9.99997369E-01
 9.99997476E-01
 9.99997583E-01
 9.99997690E-01
 9.99997797E-01
 9.99997904E-01
 9.99998011E-01
 9.99998119E-01
 9.99998226E-01
 9.99998333E-01
 9.99998440E-01
 9.99998547E-01
 9.99998654E-01
 9.99998761E-01
 9.99998868E-01
 9.99998976E-01
 9.99999083E-01
 9.99999190E-01
 9.99999297E-01
 9.99999404E-01
 9.99999511E-01
 9.99999618E-01
 9.99999725E-01
 9.99999833E-01
 9.99999940E-01
 9.99997895E-01
 9.99993082E-01
 9.99988269E-01
 9.99983457E-01
 9.99978644E-01
 9.99973832E-01
 9.99969019E-01
 9.99964207E-01
 9.90378520E-01
 9.74651248E-01
 9.58923976E-01
 9.43196704E-01
 9.25533969E-01
 9.07023110E-01
 8.87750329E-01
 8.68207448E-01
 8.50619193E-01
 8.33578233E-01
 8.18842430E-01
 8.01030924E-01
 7.85508411E-01
 7.70613795E-01
 7.56080722E-01
 7.41749932E-01
 7.28362156E-01
 7.15179636E-01
 7.02315238E-01
 6.89629078E-01
 6.77745633E-01
 6.66010414E-01
 6.54529289E-01
 6.43246263E-01
 6.32711950E-01
 6.22073509E-01
 6.11761349E-01
 6.01660638E-01
 5.92060082E-01
 5.82580806E-01
 5.73269328E-01
 5.64176518E-01
 5.55477561E-01
 5.46890085E-01
 5.38439479E-01
 5.30211325E-01
 5.22293048E-01
 5.14477650E-01
 5.06774036E-01
 4.99293535E-01
 4.92054651E-01
 4.84911792E-01
 4.77860454E-01
 4.71030865E-01
 4.64388349E-01
 4.57834498E-01
 4.51355539E-01
 4.45095283E-01
 4.38977385E-01
 4.32942590E-01
 4.26969137E-01
 4.21210551E-01
 4.15557959E-01
 4.09983313E-01
 4.04458670E-01
 3.99143147E-01
 3.93903516E-01
 3.88737190E-01
 3.83611432E-01
 3.78690304E-01
 3.73820716E-01
 3.69020234E-01
 3.64252436E-01
 3.59683772E-01
 3.55147698E-01
 3.50674906E-01
 3.46240115E-01
 3.41976636E-01
 3.37742511E-01
 3.33562660E-01
 3.29429193E-01
 3.25438849E-01
 3.21477509E-01
 3.17562726E-01
 3.13701014E-01
 3.09958346E-01
 3.06244267E-01
 3.02570100E-01
 2.98955206E-01
 2.95438647E-01
 2.91948652E-01
 2.88494132E-01
 2.85101113E-01
 2.81789589E-01
 2.78505093E-01
 2.75251486E-01
 2.72061893E-01
 2.68937324E-01
 2.65840085E-01
 2.62767283E-01
 2.59763354E-01
 2.56810846E-01
 2.53885833E-01
 2.50980803E-01
 2.48147129E-01
 2.45352830E-01
 2.42586081E-01
 2.39835433E-01
 2.37157997E-01
 2.34509509E-01
 2.31888528E-01
 2.29280265E-01
 2.26746542E-01
 2.24232728E-01
 2.21746301E-01
 2.19269636E-01
 2.16868401E-01
 2.14479233E-01
 2.12117265E-01
 2.09763646E-01
 2.07483870E-01
 2.05211569E-01
 2.02963922E-01
 2.00728815E-01
 1.98556918E-01
 1.96393489E-01
 1.94251431E-01
 1.92126073E-01
 1.90054338E-01
 1.87991921E-01
 1.85947949E-01
 1.83924340E-01
 1.81946184E-01
 1.79978068E-01
 1.78025788E-01
 1.76096993E-01
 1.74206235E-01
 1.72326103E-01
 1.70459438E-01
 1.68618935E-01
 1.66809853E-01
 1.65011937E-01
 1.63225440E-01
 1.61467375E-01
 1.59734806E-01
 1.58013820E-01
 1.56302404E-01
 1.54621371E-01
 1.52960557E-01
 1.51311695E-01
 1.49670712E-01
 1.48061760E-01
 1.46468330E-01
 1.44887142E-01
 1.43312332E-01
 1.41770918E-01
 1.40240814E-01
 1.38723184E-01
 1.37210586E-01
 1.35732623E-01
 1.34262223E-01
 1.32804480E-01
 1.31350560E-01
 1.29932196E-01
 1.28518079E-01
 1.27118012E-01
 1.25719701E-01
 1.24357094E-01
 1.22995798E-01
 1.21647783E-01
 1.20304470E-01
 1.18991867E-01
 1.17681688E-01
 1.16382875E-01
 1.15091392E-01
 1.13826091E-01
 1.12564203E-01
 1.11311946E-01
 1.10069362E-01
 1.08848850E-01
 1.07632633E-01
 1.06424474E-01
 1.05228072E-01
 1.04050013E-01
 1.02877031E-01
 1.01710681E-01
 1.00557945E-01
 9.94201616E-02
 9.82881499E-02
 9.71614759E-02
 9.60500657E-02
 9.49505272E-02
 9.38573765E-02
 9.27683880E-02
 9.16961283E-02
 9.06329385E-02
 8.95766816E-02
 8.85235191E-02
 8.74883842E-02
 8.64597698E-02
 8.54385704E-02
 8.44194947E-02
 8.34195957E-02
 8.24238973E-02
 8.14360386E-02
 8.04494215E-02
 7.94829953E-02
 7.85186577E-02
 7.75625334E-02
 7.66068486E-02
 7.56749457E-02
 7.47433289E-02
 7.38144245E-02
 7.28875184E-02
 7.19841914E-02
 7.10811884E-02
 7.01805358E-02
 6.92839012E-02
 6.84077395E-02
 6.75321048E-02
 6.66584892E-02
 6.57907087E-02
 6.49404337E-02
 6.40908694E-02
 6.32430203E-02
 6.24026855E-02
 6.15772043E-02
 6.07525997E-02
 5.99294318E-02
 5.91152970E-02
 5.83135406E-02
 5.75128105E-02
 5.67132616E-02
 5.59241294E-02
 5.51450933E-02
 5.43672141E-02
 5.35902784E-02
 5.28250158E-02
 5.20677401E-02
 5.13117473E-02
 5.05564863E-02
 4.98140376E-02
 4.90776269E-02
 4.83426083E-02
 4.76081239E-02
 4.68874880E-02
 4.61710914E-02
 4.54561853E-02
 4.47416321E-02
 4.40418669E-02
 4.33446795E-02
 4.26490709E-02
 4.19536484E-02
 4.12738651E-02
 4.05951245E-02
 3.99180417E-02
 3.92413678E-02
 3.85803513E-02
 3.79194424E-02
 3.72600470E-02
 3.66023378E-02
 3.59583601E-02
 3.53146193E-02
 3.46721966E-02
 3.40326710E-02
 3.34050816E-02
 3.27778479E-02
 3.21517510E-02
 3.15296699E-02
 3.09178512E-02
 3.03064971E-02
 2.96961116E-02
 2.90910279E-02
 2.84950812E-02
 2.78991346E-02
 2.73031879E-02
 2.67138563E-02
 2.61325083E-02
 2.55511602E-02
 2.49698122E-02
 2.43960481E-02
 2.38287688E-02
 2.32614895E-02
 2.26942102E-02
 2.21354085E-02
 2.15816933E-02
 2.10279782E-02
 2.04742630E-02
 1.99298494E-02
 1.93892177E-02
 1.88485860E-02
 1.83079543E-02
 1.77773832E-02
 1.72493767E-02
 1.67213702E-02
 1.61933636E-02
 1.56761168E-02
 1.51602984E-02
 1.46444799E-02
 1.41286614E-02
 1.36242460E-02
 1.31201984E-02
 1.26161508E-02
 1.21127251E-02
 1.16200501E-02
 1.11273751E-02
 1.06347000E-02
 1.01438963E-02
 9.66452828E-03
 9.18516027E-03
 8.70579226E-03
 8.22778320E-03
 7.75441331E-03
 7.28104342E-03
 6.80767352E-03
 6.33891716E-03
 5.88031056E-03
 5.42170396E-03
 4.96309736E-03
 4.50672649E-03
 4.05373113E-03
 3.60073577E-03
 3.14774041E-03
 2.70045933E-03
 2.25926120E-03
 1.81806306E-03
 1.37686492E-03
 9.76524694E-04
 6.06967822E-04
 2.84894110E-04
 4.99824248E-05
-6.10117297E-07
-5.69442811E-07
-5.28768324E-07
-4.88093838E-07
-4.47419351E-07
-4.06744865E-07
-3.66070378E-07
-3.25395892E-07
-2.84721405E-07
-2.44046919E-07
-2.03372432E-07
-1.62697946E-07
-1.22023459E-07
-8.13489730E-08
-4.06744865E-08
 5.34930103E-01
 7.84283654E-01
 8.96984364E-01
 9.99999853E-01
 9.99999816E-01
 9.99999780E-01
 9.99999743E-01
 9.99999706E-01
 9.99999669E-01
 9.99999633E-01
 9.99999596E-01
 9.99999559E-01
 9.99999522E-01
 9.99999486E-01
 9.99999449E-01
 9.99999412E-01
 9.99999375E-01
 9.99999339E-01
 9.99999302E-01
 9.99999265E-01
 9.99999228E-01
 9.99999192E-01
 9.99999155E-01
 9.99999118E-01
 9.99999081E-01
 9.99999045E-01
 9.99999008E-01
 9.99998971E-01
 9.99998934E-01
 9.99998898E-01
 9.99998861E-01
 9.99998824E-01
 9.99998787E-01
 9.99998751E-01
 9.99998714E-01
 9.99998677E-01
 9.99998640E-01
 9.99998604E-01
 9.99998567E-01
 9.99998530E-01
 9.99998493E-01
 9.99998457E-01
 9.99998420E-01
 9.99998383E-01
 9.99998346E-01
 9.99998310E-01
 9.99998273E-01
 9.99998236E-01
 9.99998199E-01
 9.99998163E-01
 9.99998126E-01
 9.99998089E-01
 9.99998052E-01
 9.99998016E-01
 9.99997979E-01
 9.99997942E-01
 9.99997905E-01
 9.99997869E-01
 9.99997832E-01
 9.99997795E-01
 9.99997758E-01
 9.99997722E-01
 9.99997685E-01
 9.99997648E-01
 9.99997611E-01
 9.99997575E-01
 9.99997538E-01
 9.99997501E-01
 9.99997464E-01
 9.99997428E-01
 9.99997391E-01
 9.99997354E-01
 9.99997317E-01
 9.99997281E-01
 9.99997244E-01
 9.99997207E-01
 9.99997170E-01
 9.99997134E-01
 9.99997097E-01
 9.99997060E-01
 9.99997023E-01
 9.99996987E-01
 9.99996950E-01
 9.99996913E-01
 9.99996876E-01
 9.99996840E-01
 9.99996803E-01
 9.99996766E-01
 9.99996729E-01
 9.99996693E-01
 9.99996656E-01
 9.99996619E-01
 9.99996582E-01
 9.99996546E-01
 9.99996509E-01
 9.99996472E-01
 9.99996435E-01
 9.99996399E-01
 9.99996362E-01
 9.99996325E-01
 9.99996288E-01
 9.99996252E-01
 9.99996215E-01
 9.99996178E-01
 9.99996141E-01
 9.99996105E-01
 9.99996068E-01
 9.99996031E-01
 9.99995994E-01
 9.99995958E-01
 9.99995921E-01
 9.99995884E-01
 9.99995847E-01
 9.99995811E-01
 9.99995774E-01
 9.99995737E-01
 9.99995700E-01
 9.99995664E-01
 9.99995627E-01
 9.99995590E-01
 9.99995553E-01
 9.99995517E-01
 9.99995480E-01
 9.99995443E-01
 9.99995406E-01
 9.99995508E-01
 9.99995655E-01
 9.99995802E-01
 9.99995949E-01
 9.99996096E-01
 9.99996243E-01
 9.99996389E-01
 9.99996536E-01
 9.99996683E-01
 9.99996830E-01
 9.99996977E-01
 9.99997124E-01
 9.99997271E-01
 9.99997418E-01
 9.99997565E-01
 9.99997712E-01
 9.99997859E-01
 9.99998006E-01
 9.99998153E-01
 9.99998300E-01
 9.99998447E-01
 9.99998594E-01
 9.99998741E-01
 9.99998888E-01
 9.99999035E-01
 9.99999182E-01
 9.99999329E-01
 9.99999476E-01
 9.99999623E-01
 9.99999770E-01
 9.99999917E-01
 9.99997111E-01
 9.99990508E-01
 9.99983905E-01
 9.99977301E-01
 9.99970698E-01
 9.99964095E-01
 9.99957491E-01
 9.99950888E-01
 9.90693728E-01
 9.75506724E-01
 9.60319719E-01
 9.45132715E-01
 9.27626626E-01
 9.09104309E-01
 8.89797661E-01
 8.70212968E-01
 8.52562319E-01
 8.35453201E-01
 8.20717040E-01
 8.02814712E-01
 7.87226317E-01
 7.72277795E-01
 7.57701449E-01
 7.43333336E-01
 7.29896162E-01
 7.16668322E-01
 7.03767960E-01
 6.91049721E-01
 6.79124377E-01
 6.67351621E-01
 6.55840431E-01
 6.44529377E-01
 6.33962526E-01
 6.23288485E-01
 6.12950321E-01
 6.02824420E-01
 5.93193162E-01
 5.83686752E-01
 5.74353076E-01
 5.65237831E-01
 5.56512234E-01
 5.47901396E-01
 5.39431454E-01
 5.31183079E-01
 5.23241719E-01
 5.15406265E-01
 5.07685881E-01
 5.00187096E-01
 4.92927880E-01
 4.85767514E-01
 4.78701360E-01
 4.71855131E-01
 4.65194775E-01
 4.58625692E-01
 4.52133704E-01
 4.45858321E-01
 4.39724697E-01
 4.33676620E-01
 4.27691690E-01
 4.21919297E-01
 4.16252761E-01
 4.10666463E-01
 4.05131638E-01
 3.99803168E-01
 3.94550764E-01
 3.89373821E-01
 3.84238639E-01
 3.79305518E-01
 3.74424480E-01
 3.69614582E-01
 3.64838329E-01
 3.60258581E-01
 3.55712246E-01
 3.51231055E-01
 3.46788434E-01
 3.42514912E-01
 3.38271606E-01
 3.34084172E-01
 3.29943379E-01
 3.25943943E-01
 3.21974366E-01
 3.18052714E-01
 3.14184132E-01
 3.10433211E-01
 3.06711718E-01
 3.03031311E-01
 2.99409990E-01
 2.95885940E-01
 2.92389236E-01
 2.88929049E-01
 2.85529941E-01
 2.82211566E-01
 2.78921015E-01
 2.75662261E-01
 2.72466818E-01
 2.69335726E-01
 2.66232767E-01
 2.63154965E-01
 2.60145395E-01
 2.57186873E-01
 2.54256655E-01
 2.51347007E-01
 2.48507995E-01
 2.45708139E-01
 2.42936643E-01
 2.40181722E-01
 2.37499227E-01
 2.34845592E-01
 2.32220274E-01
 2.29608047E-01
 2.27069523E-01
 2.24550932E-01
 2.22060534E-01
 2.19580186E-01
 2.17174388E-01
 2.14780779E-01
 2.12415170E-01
 2.10058106E-01
 2.07774010E-01
 2.05497609E-01
 2.03246587E-01
 2.01008181E-01
 1.98832254E-01
 1.96665045E-01
 1.94519836E-01
 1.92391299E-01
 1.90315715E-01
 1.88249722E-01
 1.86202717E-01
 1.84175988E-01
 1.82194224E-01
 1.80222795E-01
 1.78267669E-01
 1.76335873E-01
 1.74441728E-01
 1.72558521E-01
 1.70689177E-01
 1.68845786E-01
 1.67033520E-01
 1.65232748E-01
 1.63443732E-01
 1.61682887E-01
 1.59947321E-01
 1.58223678E-01
 1.56509886E-01
 1.54826175E-01
 1.53162536E-01
 1.51511199E-01
 1.49867973E-01
 1.48256438E-01
 1.46660341E-01
 1.45076845E-01
 1.43499915E-01
 1.41956010E-01
 1.40423386E-01
 1.38903602E-01
 1.37388999E-01
 1.35908634E-01
 1.34435854E-01
 1.32976103E-01
 1.31520287E-01
 1.30099603E-01
 1.28683233E-01
 1.27281326E-01
 1.25881158E-01
 1.24516368E-01
 1.23152928E-01
 1.21803159E-01
 1.20458050E-01
 1.19143369E-01
 1.17831183E-01
 1.16530697E-01
 1.15237475E-01
 1.13970193E-01
 1.12706425E-01
 1.11452572E-01
 1.10208302E-01
 1.08985901E-01
 1.07767921E-01
 1.06558236E-01
 1.05360201E-01
 1.04180338E-01
 1.03005702E-01
 1.01837893E-01
 1.00683572E-01
 9.95440657E-02
 9.84105006E-02
 9.72824302E-02
 9.61694822E-02
 9.50682960E-02
 9.39736853E-02
 9.28833593E-02
 9.18096069E-02
 9.07448400E-02
 8.96872101E-02
 8.86327655E-02
 8.75961808E-02
 8.65660561E-02
 8.55435642E-02
 8.45232587E-02
 8.35219512E-02
 8.25248050E-02
 8.15357292E-02
 8.05479315E-02
 7.95801361E-02
 7.86144099E-02
 7.76571386E-02
 7.67003196E-02
 7.57671648E-02
 7.48342980E-02
 7.39042235E-02
 7.29761446E-02
 7.20716149E-02
 7.11674184E-02
 7.02656416E-02
 6.93678773E-02
 6.84905573E-02
 6.76137800E-02
 6.67390810E-02
 6.58702068E-02
 6.50188067E-02
 6.41681382E-02
 6.33192354E-02
 6.24778369E-02
 6.16512723E-02
 6.08256100E-02
 6.00014268E-02
 5.91862646E-02
 5.83834643E-02
 5.75817205E-02
 5.67811927E-02
 5.59910676E-02
 5.52110252E-02
 5.44321738E-02
 5.36542936E-02
 5.28880709E-02
 5.21298244E-02
 5.13728985E-02
 5.06167260E-02
 4.98733485E-02
 4.91360009E-02
 4.84000862E-02
 4.76647216E-02
 4.69431867E-02
 4.62258854E-02
 4.55101184E-02
 4.47947147E-02
 4.40940789E-02
 4.33960174E-02
 4.26995811E-02
 4.20033365E-02
 4.13227097E-02
 4.06431241E-02
 3.99652453E-02
 3.92877757E-02
 3.86259420E-02
 3.79642192E-02
 3.73040544E-02
 3.66455736E-02
 3.60008053E-02
 3.53562809E-02
 3.47131134E-02
 3.40728391E-02
 3.34444845E-02
 3.28164961E-02
 3.21896779E-02
 3.15668699E-02
 3.09543101E-02
 3.03422288E-02
 2.97311444E-02
 2.91253623E-02
 2.85287180E-02
 2.79320737E-02
 2.73354295E-02
 2.67454099E-02
 2.61633856E-02
 2.55813612E-02
 2.49993369E-02
 2.44249075E-02
 2.38569724E-02
 2.32890372E-02
 2.27211020E-02
 2.21616566E-02
 2.16073052E-02
 2.10529537E-02
 2.04986022E-02
 1.99535656E-02
 1.94123163E-02
 1.88710670E-02
 1.83298177E-02
 1.77986434E-02
 1.72700373E-02
 1.67414311E-02
 1.62128250E-02
 1.56949938E-02
 1.51785929E-02
 1.46621920E-02
 1.41457912E-02
 1.36408094E-02
 1.31361960E-02
 1.26315825E-02
 1.21275919E-02
 1.16343669E-02
 1.11411419E-02
 1.06479169E-02
 1.01565540E-02
 9.67657037E-03
 9.19658678E-03
 8.71660319E-03
 8.23801852E-03
 7.76420946E-03
 7.29040041E-03
 6.81659135E-03
 6.34735129E-03
 5.88816302E-03
 5.42897474E-03
 4.96978647E-03
 4.51289968E-03
 4.05948769E-03
 3.60607569E-03
 3.15266370E-03
 2.70493563E-03
 2.26325819E-03
 1.82158074E-03
 1.37990330E-03
 9.77801883E-04
 6.05518017E-04
 2.82113875E-04
 4.84353486E-05
-8.37137687E-07
-7.81328508E-07
-7.25519329E-07
-6.69710150E-07
-6.13900971E-07
-5.58091791E-07
-5.02282612E-07
-4.46473433E-07
-3.90664254E-07
-3.34855075E-07
-2.79045896E-07
-2.23236717E-07
-1.67427537E-07
-1.11618358E-07
-5.58091791E-08
 5.42914125E-01
 7.92092368E-01
 9.00713403E-01
 9.99999813E-01
 9.99999766E-01
 9.99999720E-01
 9.99999673E-01
 9.99999626E-01
 9.99999580E-01
 9.99999533E-01
 9.99999486E-01
 9.99999439E-01
 9.99999393E-01
 9.99999346E-01
 9.99999299E-01
 9.99999253E-01
 9.99999206E-01
 9.99999159E-01
 9.99999112E-01
 9.99999066E-01
 9.99999019E-01
 9.99998972E-01
 9.99998926E-01
 9.99998879E-01
 9.99998832E-01
 9.99998785E-01
 9.99998739E-01
 9.99998692E-01
 9.99998645E-01
 9.99998599E-01
 9.99998552E-01
 9.99998505E-01
 9.99998458E-01
 9.99998412E-01
 9.99998365E-01
 9.99998318E-01
 9.99998272E-01
 9.99998225E-01
 9.99998178E-01
 9.99998131E-01
 9.99998085E-01
 9.99998038E-01
 9.99997991E-01
 9.99997945E-01
 9.99997898E-01
 9.99997851E-01
 9.99997804E-01
 9.99997758E-01
 9.99997711E-01
 9.99997664E-01
 9.99997618E-01
 9.99997571E-01
 9.99997524E-01
 9.99997477E-01
 9.99997431E-01
 9.99997384E-01
 9.99997337E-01
 9.99997291E-01
 9.99997244E-01
 9.99997197E-01
 9.99997150E-01
 9.99997104E-01
 9.99997057E-01
 9.99997010E-01
 9.99996964E-01
 9.99996917E-01
 9.99996870E-01
 9.99996823E-01
 9.99996777E-01
 9.99996730E-01
 9.99996683E-01
 9.99996637E-01
 9.99996590E-01
 9.99996543E-01
 9.99996496E-01
 9.99996450E-01
 9.99996403E-01
 9.99996356E-01
 9.99996310E-01
 9.99996263E-01
 9.99996216E-01
 9.99996169E-01
 9.99996123E-01
 9.99996076E-01
 9.99996029E-01
 9.99995983E-01
 9.99995936E-01
 9.99995889E-01
 9.99995842E-01
 9.99995796E-01
 9.99995749E-01
 9.99995702E-01
 9.99995656E-01
 9.99995609E-01
 9.99995562E-01
 9.99995515E-01
 9.99995469E-01
 9.99995422E-01
 9.99995375E-01
 9.99995329E-01
 9.99995282E-01
 9.99995235E-01
 9.99995188E-01
 9.99995142E-01
 9.99995095E-01
 9.99995048E-01
 9.99995002E-01
 9.99994955E-01
 9.99994908E-01
 9.99994861E-01
 9.99994815E-01
 9.99994768E-01
 9.99994721E-01
 9.99994675E-01
 9.99994628E-01
 9.99994581E-01
 9.99994534E-01
 9.99994488E-01
 9.99994441E-01
 9.99994394E-01
 9.99994348E-01
 9.99994301E-01
 9.99994254E-01
 9.99994207E-01
 9.99994161E-01
 9.99994289E-01
 9.99994476E-01
 9.99994663E-01
 9.99994850E-01
 9.99995037E-01
 9.99995224E-01
 9.99995410E-01
 9.99995597E-01
 9.99995784E-01
 9.99995971E-01
 9.99996158E-01
 9.99996345E-01
 9.99996532E-01
 9.99996718E-01
 9.99996905E-01
 9.99997092E-01
 9.99997279E-01
 9.99997466E-01
 9.99997653E-01
 9.99997839E-01
 9.99998026E-01
 9.99998213E-01
 9.99998400E-01
 9.99998587E-01
 9.99998774E-01
 9.99998961E-01
 9.99999147E-01
 9.99999334E-01
 9.99999521E-01
 9.99999708E-01
 9.99999895E-01
 9.99996466E-01
 9.99988388E-01
 9.99980310E-01
 9.99972233E-01
 9.99964155E-01
 9.99956077E-01
 9.99947999E-01
 9.99939921E-01
 9.91011603E-01
 9.76365183E-01
 9.61718763E-01
 9.47072342E-01
 9.29723216E-01
 9.11189757E-01
 8.91849558E-01
 8.72223370E-01
 8.54510642E-01
 8.37333682E-01
 8.22597478E-01
 8.04604646E-01
 7.88950685E-01
 7.73948573E-01
 7.59329270E-01
 7.44924151E-01
 7.31437893E-01
 7.18165050E-01
 7.05229041E-01
 6.92479038E-01
 6.80512113E-01
 6.68702135E-01
 6.57161197E-01
 6.45822372E-01
 6.35222825E-01
 6.24513025E-01
 6.14148699E-01
 6.03997449E-01
 5.94335332E-01
 5.84801630E-01
 5.75445597E-01
 5.66307760E-01
 5.57555364E-01
 5.48921007E-01
 5.40431570E-01
 5.32162815E-01
 5.24198215E-01
 5.16342547E-01
 5.08605236E-01
 5.01088009E-01
 4.93808303E-01
 4.86630271E-01
 4.79549143E-01
 4.72686115E-01
 4.66007761E-01
 4.59423289E-01
 4.52918114E-01
 4.46627445E-01
 4.40477937E-01
 4.34416420E-01
 4.28419854E-01
 4.22633496E-01
 4.16952858E-01
 4.11354751E-01
 4.05809587E-01
 4.00468011E-01
 3.95202676E-01
 3.90014958E-01
 3.84870194E-01
 3.79924920E-01
 3.75032276E-01
 3.70212803E-01
 3.65427936E-01
 3.60836946E-01
 3.56280193E-01
 3.51790444E-01
 3.47339835E-01
 3.43056112E-01
 3.38803468E-01
 3.34608292E-01
 3.30460015E-01
 3.26451330E-01
 3.22473356E-01
 3.18544677E-01
 3.14669069E-01
 3.10909735E-01
 3.07180671E-01
 3.03493867E-01
 2.99865959E-01
 2.96334261E-01
 2.92830689E-01
 2.89364678E-01
 2.85959322E-01
 2.82633939E-01
 2.79337174E-01
 2.76073115E-01
 2.72871743E-01
 2.69734129E-01
 2.66625450E-01
 2.63542648E-01
 2.60527436E-01
 2.57562900E-01
 2.54627477E-01
 2.51713212E-01
 2.48868861E-01
 2.46063448E-01
 2.43287205E-01
 2.40528011E-01
 2.37840457E-01
 2.35181675E-01
 2.32552019E-01
 2.29935828E-01
 2.27392503E-01
 2.24869137E-01
 2.22374768E-01
 2.19890736E-01
 2.17480376E-01
 2.15082326E-01
 2.12713074E-01
 2.10352566E-01
 2.08064151E-01
 2.05783649E-01
 2.03529252E-01
 2.01287547E-01
 1.99107591E-01
 1.96936602E-01
 1.94788241E-01
 1.92656524E-01
 1.90577091E-01
 1.88507523E-01
 1.86457485E-01
 1.84427635E-01
 1.82442264E-01
 1.80467523E-01
 1.78509549E-01
 1.76574753E-01
 1.74677221E-01
 1.72790939E-01
 1.70918916E-01
 1.69072636E-01
 1.67257187E-01
 1.65453560E-01
 1.63662024E-01
 1.61898399E-01
 1.60159836E-01
 1.58433536E-01
 1.56717369E-01
 1.55030979E-01
 1.53364514E-01
 1.51710702E-01
 1.50065234E-01
 1.48451116E-01
 1.46852351E-01
 1.45266548E-01
 1.43687498E-01
 1.42141102E-01
 1.40605957E-01
 1.39084020E-01
 1.37567412E-01
 1.36084646E-01
 1.34609485E-01
 1.33147725E-01
 1.31690013E-01
 1.30267011E-01
 1.28848387E-01
 1.27444640E-01
 1.26042616E-01
 1.24675643E-01
 1.23310058E-01
 1.21958536E-01
 1.20611630E-01
 1.19294871E-01
 1.17980678E-01
 1.16678520E-01
 1.15383557E-01
 1.14114295E-01
 1.12848647E-01
 1.11593197E-01
 1.10347241E-01
 1.09122951E-01
 1.07903209E-01
 1.06691999E-01
 1.05492329E-01
 1.04310663E-01
 1.03134373E-01
 1.01965105E-01
 1.00809199E-01
 9.96679697E-02
 9.85328513E-02
 9.74033846E-02
 9.62888988E-02
 9.51860648E-02
 9.40899942E-02
 9.29983307E-02
 9.19230854E-02
 9.08567416E-02
 8.97977386E-02
 8.87420119E-02
 8.77039774E-02
 8.66723423E-02
 8.56485581E-02
 8.46270228E-02
 8.36243066E-02
 8.26257128E-02
 8.16354198E-02
 8.06464414E-02
 7.96772769E-02
 7.87101621E-02
 7.77517438E-02
 7.67937907E-02
 7.58593839E-02
 7.49252672E-02
 7.39940225E-02
 7.30647709E-02
 7.21590383E-02
 7.12536485E-02
 7.03507475E-02
 6.94518533E-02
 6.85733751E-02
 6.76954551E-02
 6.68196729E-02
 6.59497049E-02
 6.50971797E-02
 6.42454070E-02
 6.33954505E-02
 6.25529882E-02
 6.17253403E-02
 6.08986204E-02
 6.00734218E-02
 5.92572322E-02
 5.84533880E-02
 5.76506304E-02
 5.68491237E-02
 5.60580058E-02
 5.52769572E-02
 5.44971334E-02
 5.37183087E-02
 5.29511259E-02
 5.21919087E-02
 5.14340497E-02
 5.06769657E-02
 4.99326595E-02
 4.91943748E-02
 4.84575642E-02
 4.77213193E-02
 4.69988854E-02
 4.62806794E-02
 4.55640515E-02
 4.48477972E-02
 4.41462909E-02
 4.34473552E-02
 4.27500913E-02
 4.20530245E-02
 4.13715543E-02
 4.06911238E-02
 4.00124488E-02
 3.93341835E-02
 3.86715328E-02
 3.80089961E-02
 3.73480619E-02
 3.66888093E-02
 3.60432505E-02
 3.53979426E-02
 3.47540303E-02
 3.41130071E-02
 3.34838874E-02
 3.28551442E-02
 3.22276047E-02
 3.16040698E-02
 3.09907691E-02
 3.03779604E-02
 2.97661772E-02
 2.91596967E-02
 2.85623548E-02
 2.79650129E-02
 2.73676710E-02
 2.67769635E-02
 2.61942628E-02
 2.56115622E-02
 2.50288616E-02
 2.44537670E-02
 2.38851759E-02
 2.33165849E-02
 2.27479938E-02
 2.21879048E-02
 2.16329170E-02
 2.10779292E-02
 2.05229414E-02
 1.99772818E-02
 1.94354149E-02
 1.88935480E-02
 1.83516812E-02
 1.78199036E-02
 1.72906978E-02
 1.67614921E-02
 1.62322863E-02
 1.57138707E-02
 1.51968875E-02
 1.46799042E-02
 1.41629210E-02
 1.36573728E-02
 1.31521935E-02
 1.26470142E-02
 1.21424586E-02
 1.16486837E-02
 1.11549087E-02
 1.06611338E-02
 1.01692116E-02
 9.68861246E-03
 9.20801329E-03
 8.72741412E-03
 8.24825384E-03
 7.77400562E-03
 7.29975740E-03
 6.82550918E-03
 6.35578542E-03
 5.89601547E-03
 5.43624553E-03
 4.97647558E-03
 4.51907288E-03
 4.06524425E-03
 3.61141562E-03
 3.15758699E-03
 2.70941193E-03
 2.26725518E-03
 1.82509843E-03
 1.38294168E-03
 9.79079071E-04
 6.04068212E-04
 2.79333640E-04
 4.68882725E-05
-1.06415808E-06
-9.93214205E-07
-9.22270333E-07
-8.51326462E-07
-7.80382590E-07
-7.09438718E-07
-6.38494846E-07
-5.67550974E-07
-4.96607103E-07
-4.25663231E-07
-3.54719359E-07
-2.83775487E-07
-2.12831615E-07
-1.41887744E-07
-7.09438718E-08
 5.50898147E-01
 7.99901082E-01
 9.04442442E-01
 9.99999773E-01
 9.99999717E-01
 9.99999660E-01
 9.99999603E-01
 9.99999547E-01
 9.99999490E-01
 9.99999433E-01
 9.99999377E-01
 9.99999320E-01
 9.99999263E-01
 9.99999206E-01
 9.99999150E-01
 9.99999093E-01
 9.99999036E-01
 9.99998980E-01
 9.99998923E-01
 9.99998866E-01
 9.99998810E-01
 9.99998753E-01
 9.99998696E-01
 9.99998640E-01
 9.99998583E-01
 9.99998526E-01
 9.99998470E-01
 9.99998413E-01
 9.99998356E-01
 9.99998300E-01
 9.99998243E-01
 9.99998186E-01
 9.99998130E-01
 9.99998073E-01
 9.99998016E-01
 9.99997960E-01
 9.99997903E-01
 9.99997846E-01
 9.99997790E-01
 9.99997733E-01
 9.99997676E-01
 9.99997619E-01
 9.99997563E-01
 9.99997506E-01
 9.99997449E-01
 9.99997393E-01
 9.99997336E-01
 9.99997279E-01
 9.99997223E-01
 9.99997166E-01
 9.99997109E-01
 9.99997053E-01
 9.99996996E-01
 9.99996939E-01
 9.99996883E-01
 9.99996826E-01
 9.99996769E-01
 9.99996713E-01
 9.99996656E-01
 9.99996599E-01
 9.99996543E-01
 9.99996486E-01
 9.99996429E-01
 9.99996373E-01
 9.99996316E-01
 9.99996259E-01
 9.99996202E-01
 9.99996146E-01
 9.99996089E-01
 9.99996032E-01
 9.99995976E-01
 9.99995919E-01
 9.99995862E-01
 9.99995806E-01
 9.99995749E-01
 9.99995692E-01
 9.99995636E-01
 9.99995579E-01
 9.99995522E-01
 9.99995466E-01
 9.99995409E-01
 9.99995352E-01
 9.99995296E-01
 9.99995239E-01
 9.99995182E-01
 9.99995126E-01
 9.99995069E-01
 9.99995012E-01
 9.99994956E-01
 9.99994899E-01
 9.99994842E-01
 9.99994785E-01
 9.99994729E-01
 9.99994672E-01
 9.99994615E-01
 9.99994559E-01
 9.99994502E-01
 9.99994445E-01
 9.99994389E-01
 9.99994332E-01
 9.99994275E-01
 9.99994219E-01
 9.99994162E-01
 9.99994105E-01
 9.99994049E-01
 9.99993992E-01
 9.99993935E-01
 9.99993879E-01
 9.99993822E-01
 9.99993765E-01
 9.99993709E-01
 9.99993652E-01
 9.99993595E-01
 9.99993539E-01
 9.99993482E-01
 9.99993425E-01
 9.99993369E-01
 9.99993312E-01
 9.99993255E-01
 9.99993198E-01
 9.99993142E-01
 9.99993085E-01
 9.99993028E-01
 9.99992972E-01
 9.99992915E-01
 9.99993071E-01
 9.99993298E-01
 9.99993524E-01
 9.99993751E-01
 9.99993978E-01
 9.99994205E-01
 9.99994431E-01
 9.99994658E-01
 9.99994885E-01
 9.99995111E-01
 9.99995338E-01
 9.99995565E-01
 9.99995792E-01
 9.99996018E-01
 9.99996245E-01
 9.99996472E-01
 9.99996698E-01
 9.99996925E-01
 9.99997152E-01
 9.99997379E-01
 9.99997605E-01
 9.99997832E-01
 9.99998059E-01
 9.99998285E-01
 9.99998512E-01
 9.99998739E-01
 9.99998966E-01
 9.99999192E-01
 9.99999419E-01
 9.99999646E-01
 9.99999872E-01
 9.99995861E-01
 9.99986402E-01
 9.99976942E-01
 9.99967482E-01
 9.99958022E-01
 9.99948563E-01
 9.99939103E-01
 9.99929643E-01
 9.91330260E-01
 9.77224517E-01
 9.63118773E-01
 9.49013029E-01
 9.31820957E-01
 9.13276450E-01
 8.93902791E-01
 8.74235201E-01
 8.56460487E-01
 8.39215779E-01
 8.24479625E-01
 8.06396380E-01
 7.90676946E-01
 7.75621336E-01
 7.60959170E-01
 7.46517136E-01
 7.32981888E-01
 7.19664134E-01
 7.06692570E-01
 6.93910896E-01
 6.81902483E-01
 6.70055376E-01
 6.58484782E-01
 6.47118260E-01
 6.36485971E-01
 6.25740366E-01
 6.15349833E-01
 6.05173188E-01
 5.95480165E-01
 5.85919125E-01
 5.76540688E-01
 5.67380212E-01
 5.58600971E-01
 5.49943048E-01
 5.41434071E-01
 5.33144891E-01
 5.25157004E-01
 5.17281074E-01
 5.09526791E-01
 5.01991075E-01
 4.94690833E-01
 4.87495089E-01
 4.80398941E-01
 4.73519067E-01
 4.66822670E-01
 4.60222761E-01
 4.53704352E-01
 4.47398352E-01
 4.41232914E-01
 4.35157911E-01
 4.29149663E-01
 4.23349294E-01
 4.17654507E-01
 4.12044543E-01
 4.06488994E-01
 4.01134267E-01
 3.95855954E-01
 3.90657414E-01
 3.85503022E-01
 3.80545550E-01
 3.75641252E-01
 3.70812158E-01
 3.66018632E-01
 3.61416353E-01
 3.56849135E-01
 3.52350783E-01
 3.47892140E-01
 3.43598169E-01
 3.39336141E-01
 3.35133177E-01
 3.30977369E-01
 3.26959389E-01
 3.22972972E-01
 3.19037220E-01
 3.15154538E-01
 3.11386745E-01
 3.07650064E-01
 3.03956816E-01
 3.00322276E-01
 2.96782882E-01
 2.93272396E-01
 2.89800514E-01
 2.86388865E-01
 2.83056427E-01
 2.79753402E-01
 2.76483992E-01
 2.73276668E-01
 2.70132531E-01
 2.67018133E-01
 2.63930330E-01
 2.60909477E-01
 2.57938927E-01
 2.54998299E-01
 2.52079416E-01
 2.49229728E-01
 2.46418757E-01
 2.43637767E-01
 2.40874299E-01
 2.38181687E-01
 2.35517758E-01
 2.32883764E-01
 2.30263610E-01
 2.27715484E-01
 2.25187341E-01
 2.22689001E-01
 2.20201285E-01
 2.17786363E-01
 2.15383872E-01
 2.13010979E-01
 2.10647027E-01
 2.08354291E-01
 2.06069690E-01
 2.03811917E-01
 2.01566914E-01
 1.99382928E-01
 1.97208159E-01
 1.95056646E-01
 1.92921750E-01
 1.90838467E-01
 1.88765323E-01
 1.86712254E-01
 1.84679283E-01
 1.82690304E-01
 1.80712251E-01
 1.78751430E-01
 1.76813634E-01
 1.74912714E-01
 1.73023357E-01
 1.71148654E-01
 1.69299487E-01
 1.67480853E-01
 1.65674371E-01
 1.63880316E-01
 1.62113911E-01
 1.60372350E-01
 1.58643394E-01
 1.56924851E-01
 1.55235783E-01
 1.53566492E-01
 1.51910206E-01
 1.50262495E-01
 1.48645795E-01
 1.47044362E-01
 1.45456251E-01
 1.43875081E-01
 1.42326194E-01
 1.40788529E-01
 1.39264439E-01
 1.37745824E-01
 1.36260658E-01
 1.34783116E-01
 1.33319348E-01
 1.31859740E-01
 1.30434419E-01
 1.29013541E-01
 1.27607953E-01
 1.26204073E-01
 1.24834917E-01
 1.23467188E-01
 1.22113912E-01
 1.20765210E-01
 1.19446372E-01
 1.18130173E-01
 1.16826342E-01
 1.15529639E-01
 1.14258397E-01
 1.12990869E-01
 1.11733823E-01
 1.10486181E-01
 1.09260002E-01
 1.08038497E-01
 1.06825761E-01
 1.05624457E-01
 1.04440988E-01
 1.03263044E-01
 1.02092317E-01
 1.00934826E-01
 9.97918737E-02
 9.86552019E-02
 9.75243389E-02
 9.64083153E-02
 9.53038336E-02
 9.42063031E-02
 9.31133021E-02
 9.20365640E-02
 9.09686432E-02
 8.99082670E-02
 8.88512583E-02
 8.78117741E-02
 8.67786285E-02
 8.57535520E-02
 8.47307868E-02
 8.37266620E-02
 8.27266205E-02
 8.17351103E-02
 8.07449514E-02
 7.97744178E-02
 7.88059144E-02
 7.78463489E-02
 7.68872617E-02
 7.59516030E-02
 7.50162364E-02
 7.40838215E-02
 7.31533972E-02
 7.22464617E-02
 7.13398785E-02
 7.04358533E-02
 6.95358293E-02
 6.86561930E-02
 6.77771303E-02
 6.69002647E-02
 6.60292030E-02
 6.51755527E-02
 6.43226758E-02
 6.34716655E-02
 6.26281396E-02
 6.17994082E-02
 6.09716307E-02
 6.01454168E-02
 5.93281997E-02
 5.85233117E-02
 5.77195404E-02
 5.69170547E-02
 5.61249440E-02
 5.53428891E-02
 5.45620931E-02
 5.37823239E-02
 5.30141810E-02
 5.22539930E-02
 5.14952009E-02
 5.07372055E-02
 4.99919704E-02
 4.92527488E-02
 4.85150422E-02
 4.77779171E-02
 4.70545841E-02
 4.63354734E-02
 4.56179846E-02
 4.49008798E-02
 4.41985028E-02
 4.34986931E-02
 4.28006015E-02
 4.21027125E-02
 4.14203988E-02
 4.07391234E-02
 4.00596523E-02
 3.93805913E-02
 3.87171236E-02
 3.80537729E-02
 3.73920693E-02
 3.67320451E-02
 3.60856957E-02
 3.54396042E-02
 3.47949471E-02
 3.41531752E-02
 3.35232903E-02
 3.28937923E-02
 3.22655315E-02
 3.16412698E-02
 3.10272281E-02
 3.04136921E-02
 2.98012100E-02
 2.91940311E-02
 2.85959916E-02
 2.79979521E-02
 2.73999126E-02
 2.68085170E-02
 2.62251401E-02
 2.56417632E-02
 2.50583863E-02
 2.44826264E-02
 2.39133795E-02
 2.33441325E-02
 2.27748856E-02
 2.22141529E-02
 2.16585288E-02
 2.11029047E-02
 2.05472806E-02
 2.00009980E-02
 1.94585135E-02
 1.89160291E-02
 1.83735446E-02
 1.78411638E-02
 1.73113584E-02
 1.67815530E-02
 1.62517476E-02
 1.57327476E-02
 1.52151820E-02
 1.46976164E-02
 1.41800507E-02
 1.36739362E-02
 1.31681911E-02
 1.26624460E-02
 1.21573254E-02
 1.16630005E-02
 1.11686755E-02
 1.06743506E-02
 1.01818693E-02
 9.70065455E-03
 9.21943980E-03
 8.73822505E-03
 8.25848916E-03
 7.78380177E-03
 7.30911439E-03
 6.83442700E-03
 6.36421955E-03
 5.90386793E-03
 5.44351631E-03
 4.98316469E-03
 4.52524607E-03
 4.07100081E-03
 3.61675554E-03
 3.16251028E-03
 2.71388822E-03
 2.27125217E-03
 1.82861611E-03
 1.38598006E-03
 9.80356260E-04
 6.02618406E-04
 2.76553405E-04
 4.53411963E-05
-1.29117847E-06
-1.20509990E-06
-1.11902134E-06
-1.03294277E-06
-9.46864209E-07
-8.60785645E-07
-7.74707080E-07
-6.88628516E-07
-6.02549951E-07
-5.16471387E-07
-4.30392822E-07
-3.44314258E-07
-2.58235693E-07
-1.72157129E-07
-8.60785645E-08
 5.58882169E-01
 8.07709796E-01
 9.08171481E-01
 9.99999733E-01
 9.99999667E-01
 9.99999600E-01
 9.99999533E-01
 9.99999467E-01
 9.99999400E-01
 9.99999334E-01
 9.99999267E-01
 9.99999200E-01
 9.99999134E-01
 9.99999067E-01
 9.99999000E-01
 9.99998934E-01
 9.99998867E-01
 9.99998800E-01
 9.99998734E-01
 9.99998667E-01
 9.99998600E-01
 9.99998534E-01
 9.99998467E-01
 9.99998401E-01
 9.99998334E-01
 9.99998267E-01
 9.99998201E-01
 9.99998134E-01
 9.99998067E-01
 9.99998001E-01
 9.99997934E-01
 9.99997867E-01
 9.99997801E-01
 9.99997734E-01
 9.99997667E-01
 9.99997601E-01
 9.99997534E-01
 9.99997467E-01
 9.99997401E-01
 9.99997334E-01
 9.99997268E-01
 9.99997201E-01
 9.99997134E-01
 9.99997068E-01
 9.99997001E-01
 9.99996934E-01
 9.99996868E-01
 9.99996801E-01
 9.99996734E-01
 9.99996668E-01
 9.99996601E-01
 9.99996534E-01
 9.99996468E-01
 9.99996401E-01
 9.99996335E-01
 9.99996268E-01
 9.99996201E-01
 9.99996135E-01
 9.99996068E-01
 9.99996001E-01
 9.99995935E-01
 9.99995868E-01
 9.99995801E-01
 9.99995735E-01
 9.99995668E-01
 9.99995601E-01
 9.99995535E-01
 9.99995468E-01
 9.99995401E-01
 9.99995335E-01
 9.99995268E-01
 9.99995202E-01
 9.99995135E-01
 9.99995068E-01
 9.99995002E-01
 9.99994935E-01
 9.99994868E-01
 9.99994802E-01
 9.99994735E-01
 9.99994668E-01
 9.99994602E-01
 9.99994535E-01
 9.99994468E-01
 9.99994402E-01
 9.99994335E-01
 9.99994269E-01
 9.99994202E-01
 9.99994135E-01
 9.99994069E-01
 9.99994002E-01
 9.99993935E-01
 9.99993869E-01
 9.99993802E-01
 9.99993735E-01
 9.99993669E-01
 9.99993602E-01
 9.99993535E-01
 9.99993469E-01
 9.99993402E-01
 9.99993336E-01
 9.99993269E-01
 9.99993202E-01
 9.99993136E-01
 9.99993069E-01
 9.99993002E-01
 9.99992936E-01
 9.99992869E-01
 9.99992802E-01
 9.99992736E-01
 9.99992669E-01
 9.99992602E-01
 9.99992536E-01
 9.99992469E-01
 9.99992402E-01
 9.99992336E-01
 9.99992269E-01
 9.99992203E-01
 9.99992136E-01
 9.99992069E-01
 9.99992003E-01
 9.99991936E-01
 9.99991869E-01
 9.99991803E-01
 9.99991736E-01
 9.99991669E-01
 9.99991853E-01
 9.99992119E-01
 9.99992386E-01
 9.99992652E-01
 9.99992919E-01
 9.99993186E-01
 9.99993452E-01
 9.99993719E-01
 9.99993985E-01
 9.99994252E-01
 9.99994518E-01
 9.99994785E-01
 9.99995052E-01
 9.99995318E-01
 9.99995585E-01
 9.99995851E-01
 9.99996118E-01
 9.99996385E-01
 9.99996651E-01
 9.99996918E-01
 9.99997184E-01
 9.99997451E-01
 9.99997717E-01
 9.99997984E-01
 9.99998251E-01
 9.99998517E-01
 9.99998784E-01
 9.99999050E-01
 9.99999317E-01
 9.99999583E-01
 9.99999850E-01
 9.99995257E-01
 9.99984415E-01
 9.99973573E-01
 9.99962732E-01
 9.99951890E-01
 9.99941048E-01
 9.99930207E-01
 9.99919365E-01
 9.91648917E-01
 9.78083850E-01
 9.64518783E-01
 9.50953715E-01
 9.33918699E-01
 9.15363142E-01
 8.95956025E-01
 8.76247033E-01
 8.58410333E-01
 8.41097876E-01
 8.26361771E-01
 8.08188115E-01
 7.92403206E-01
 7.77294099E-01
 7.62589069E-01
 7.48110121E-01
 7.34525883E-01
 7.21163218E-01
 7.08156100E-01
 6.95342755E-01
 6.83292852E-01
 6.71408616E-01
 6.59808367E-01
 6.48414149E-01
 6.37749117E-01
 6.26967708E-01
 6.16550966E-01
 6.06348926E-01
 5.96624998E-01
 5.87036619E-01
 5.77635779E-01
 5.68452665E-01
 5.59646579E-01
 5.50965090E-01
 5.42436572E-01
 5.34126966E-01
 5.26115793E-01
 5.18219602E-01
 5.10448345E-01
 5.02894141E-01
 4.95573362E-01
 4.88359906E-01
 4.81248738E-01
 4.74352020E-01
 4.67637578E-01
 4.61022233E-01
 4.54490591E-01
 4.48169258E-01
 4.41987890E-01
 4.35899401E-01
 4.29879472E-01
 4.24065092E-01
 4.18356156E-01
 4.12734336E-01
 4.07168401E-01
 4.01800522E-01
 3.96509232E-01
 3.91299871E-01
 3.86135850E-01
 3.81166180E-01
 3.76250229E-01
 3.71411514E-01
 3.66609328E-01
 3.61995761E-01
 3.57418078E-01
 3.52911122E-01
 3.48444445E-01
 3.44140226E-01
 3.39868813E-01
 3.35658061E-01
 3.31494723E-01
 3.27467447E-01
 3.23472588E-01
 3.19529763E-01
 3.15640007E-01
 3.11863756E-01
 3.08119457E-01
 3.04419765E-01
 3.00778593E-01
 2.97231504E-01
 2.93714104E-01
 2.90236351E-01
 2.86818408E-01
 2.83478916E-01
 2.80169631E-01
 2.76894870E-01
 2.73681593E-01
 2.70530933E-01
 2.67410816E-01
 2.64318013E-01
 2.61291518E-01
 2.58314954E-01
 2.55369121E-01
 2.52445621E-01
 2.49590594E-01
 2.46774066E-01
 2.43988329E-01
 2.41220588E-01
 2.38522916E-01
 2.35853841E-01
 2.33215510E-01
 2.30591392E-01
 2.28038465E-01
 2.25505545E-01
 2.23003234E-01
 2.20511835E-01
 2.18092351E-01
 2.15685418E-01
 2.13308884E-01
 2.10941487E-01
 2.08644431E-01
 2.06355730E-01
 2.04094583E-01
 2.01846280E-01
 1.99658265E-01
 1.97479715E-01
 1.95325050E-01
 1.93186976E-01
 1.91099843E-01
 1.89023124E-01
 1.86967022E-01
 1.84930931E-01
 1.82938344E-01
 1.80956978E-01
 1.78993311E-01
 1.77052514E-01
 1.75148207E-01
 1.73255775E-01
 1.71378393E-01
 1.69526337E-01
 1.67704520E-01
 1.65895182E-01
 1.64098608E-01
 1.62329423E-01
 1.60584865E-01
 1.58853252E-01
 1.57132334E-01
 1.55440587E-01
 1.53768470E-01
 1.52109710E-01
 1.50459756E-01
 1.48840473E-01
 1.47236373E-01
 1.45645954E-01
 1.44062664E-01
 1.42511286E-01
 1.40971100E-01
 1.39444857E-01
 1.37924237E-01
 1.36436670E-01
 1.34956747E-01
 1.33490971E-01
 1.32029467E-01
 1.30601827E-01
 1.29178695E-01
 1.27771267E-01
 1.26365530E-01
 1.24994192E-01
 1.23624319E-01
 1.22269289E-01
 1.20918790E-01
 1.19597874E-01
 1.18279668E-01
 1.16974164E-01
 1.15675722E-01
 1.14402499E-01
 1.13133091E-01
 1.11874448E-01
 1.10625120E-01
 1.09397053E-01
 1.08173785E-01
 1.06959523E-01
 1.05756586E-01
 1.04571313E-01
 1.03391715E-01
 1.02219529E-01
 1.01060454E-01
 9.99157777E-02
 9.87775526E-02
 9.76452932E-02
 9.65277319E-02
 9.54216023E-02
 9.43226119E-02
 9.32282735E-02
 9.21500426E-02
 9.10805448E-02
 9.00187955E-02
 8.89605047E-02
 8.79195707E-02
 8.68849147E-02
 8.58585459E-02
 8.48345508E-02
 8.38290175E-02
 8.28275282E-02
 8.18348009E-02
 8.08434613E-02
 7.98715586E-02
 7.89016666E-02
 7.79409541E-02
 7.69807327E-02
 7.60438221E-02
 7.51072056E-02
 7.41736205E-02
 7.32420235E-02
 7.23338851E-02
 7.14261086E-02
 7.05209591E-02
 6.96198054E-02
 6.87390108E-02
 6.78588054E-02
 6.69808566E-02
 6.61087011E-02
 6.52539257E-02
 6.43999446E-02
 6.35478806E-02
 6.27032910E-02
 6.18734762E-02
 6.10446411E-02
 6.02174118E-02
 5.93991673E-02
 5.85932354E-02
 5.77884504E-02
 5.69849858E-02
 5.61918822E-02
 5.54088210E-02
 5.46270528E-02
 5.38463391E-02
 5.30772361E-02
 5.23160772E-02
 5.15563522E-02
 5.07974452E-02
 5.00512813E-02
 4.93111228E-02
 4.85725202E-02
 4.78345148E-02
 4.71102829E-02
 4.63902673E-02
 4.56719177E-02
 4.49539623E-02
 4.42507148E-02
 4.35500310E-02
 4.28511118E-02
 4.21524006E-02
 4.14692434E-02
 4.07871231E-02
 4.01068558E-02
 3.94269992E-02
 3.87627143E-02
 3.80985498E-02
 3.74360768E-02
 3.67752808E-02
 3.61281410E-02
 3.54812659E-02
 3.48358640E-02
 3.41933433E-02
 3.35626931E-02
 3.29324404E-02
 3.23034583E-02
 3.16784698E-02
 3.10636871E-02
 3.04494237E-02
 2.98362428E-02
 2.92283655E-02
 2.86296284E-02
 2.80308912E-02
 2.74321541E-02
 2.68400706E-02
 2.62560174E-02
 2.56719642E-02
 2.50879110E-02
 2.45114858E-02
 2.39415830E-02
 2.33716802E-02
 2.28017774E-02
 2.22404011E-02
 2.16841407E-02
 2.11278802E-02
 2.05716198E-02
 2.00247142E-02
 1.94816121E-02
 1.89385101E-02
 1.83954081E-02
 1.78624240E-02
 1.73320190E-02
 1.68016140E-02
 1.62712090E-02
 1.57516246E-02
 1.52334765E-02
 1.47153285E-02
 1.41971805E-02
 1.36904996E-02
 1.31841887E-02
 1.26778777E-02
 1.21721921E-02
 1.16773173E-02
 1.11824424E-02
 1.06875675E-02
 1.01945270E-02
 9.71269665E-03
 9.23086631E-03
 8.74903598E-03
 8.26872448E-03
 7.79359793E-03
 7.31847138E-03
 6.84334483E-03
 6.37265368E-03
 5.91172039E-03
 5.45078709E-03
 4.98985380E-03
 4.53141927E-03
 4.07675737E-03
 3.62209547E-03
 3.16743357E-03
 2.71836452E-03
 2.27524916E-03
 1.83213380E-03
 1.38901844E-03
 9.81633448E-04
 6.01168601E-04
 2.73773170E-04
 4.37941202E-05
-1.51819886E-06
-1.41698560E-06
-1.31577234E-06
-1.21455909E-06
-1.11334583E-06
-1.01213257E-06
-9.10919314E-07
-8.09706057E-07
-7.08492800E-07
-6.07279543E-07
-5.06066286E-07
-4.04853028E-07
-3.03639771E-07
-2.02426514E-07
-1.01213257E-07
 5.66866191E-01
 8.15518510E-01
 9.11900520E-01
 9.99999694E-01
 9.99999617E-01
 9.99999540E-01
 9.99999464E-01
 9.99999387E-01
 9.99999311E-01
 9.99999234E-01
 9.99999157E-01
 9.99999081E-01
 9.99999004E-01
 9.99998927E-01
 9.99998851E-01
 9.99998774E-01
 9.99998698E-01
 9.99998621E-01
 9.99998544E-01
 9.99998468E-01
 9.99998391E-01
 9.99998315E-01
 9.99998238E-01
 9.99998161E-01
 9.99998085E-01
 9.99998008E-01
 9.99997932E-01
 9.99997855E-01
 9.99997778E-01
 9.99997702E-01
 9.99997625E-01
 9.99997548E-01
 9.99997472E-01
 9.99997395E-01
 9.99997319E-01
 9.99997242E-01
 9.99997165E-01
 9.99997089E-01
 9.99997012E-01
 9.99996936E-01
 9.99996859E-01
 9.99996782E-01
 9.99996706E-01
 9.99996629E-01
 9.99996553E-01
 9.99996476E-01
 9.99996399E-01
 9.99996323E-01
 9.99996246E-01
 9.99996169E-01
 9.99996093E-01
 9.99996016E-01
 9.99995940E-01
 9.99995863E-01
 9.99995786E-01
 9.99995710E-01
 9.99995633E-01
 9.99995557E-01
 9.99995480E-01
 9.99995403E-01
 9.99995327E-01
 9.99995250E-01
 9.99995174E-01
 9.99995097E-01
 9.99995020E-01
 9.99994944E-01
 9.99994867E-01
 9.99994790E-01
 9.99994714E-01
 9.99994637E-01
 9.99994561E-01
 9.99994484E-01
 9.99994407E-01
 9.99994331E-01
 9.99994254E-01
 9.99994178E-01
 9.99994101E-01
 9.99994024E-01
 9.99993948E-01
 9.99993871E-01
 9.99993795E-01
 9.99993718E-01
 9.99993641E-01
 9.99993565E-01
 9.99993488E-01
 9.99993411E-01
 9.99993335E-01
 9.99993258E-01
 9.99993182E-01
 9.99993105E-01
 9.99993028E-01
 9.99992952E-01
 9.99992875E-01
 9.99992799E-01
 9.99992722E-01
 9.99992645E-01
 9.99992569E-01
 9.99992492E-01
 9.99992416E-01
 9.99992339E-01
 9.99992262E-01
 9.99992186E-01
 9.99992109E-01
 9.99992033E-01
 9.99991956E-01
 9.99991879E-01
 9.99991803E-01
 9.99991726E-01
 9.99991649E-01
 9.99991573E-01
 9.99991496E-01
 9.99991420E-01
 9.99991343E-01
 9.99991266E-01
 9.99991190E-01
 9.99991113E-01
 9.99991037E-01
 9.99990960E-01
 9.99990883E-01
 9.99990807E-01
 9.99990730E-01
 9.99990654E-01
 9.99990577E-01
 9.99990500E-01
 9.99990424E-01
 9.99990634E-01
 9.99990941E-01
 9.99991247E-01
 9.99991554E-01
 9.99991860E-01
 9.99992167E-01
 9.99992473E-01
 9.99992779E-01
 9.99993086E-01
 9.99993392E-01
 9.99993699E-01
 9.99994005E-01
 9.99994312E-01
 9.99994618E-01
 9.99994925E-01
 9.99995231E-01
 9.99995537E-01
 9.99995844E-01
 9.99996150E-01
 9.99996457E-01
 9.99996763E-01
 9.99997070E-01
 9.99997376E-01
 9.99997683E-01
 9.99997989E-01
 9.99998295E-01
 9.99998602E-01
 9.99998908E-01
 9.99999215E-01
 9.99999521E-01
 9.99999828E-01
 9.99994652E-01
 9.99982429E-01
 9.99970205E-01
 9.99957981E-01
 9.99945758E-01
 9.99933534E-01
 9.99921311E-01
 9.99909087E-01
 9.91967574E-01
 9.78943183E-01
 9.65918793E-01
 9.52894402E-01
 9.36016440E-01
 9.17449835E-01
 8.98009259E-01
 8.78258864E-01
 8.60360179E-01
 8.42979972E-01
 8.28243917E-01
 8.09979849E-01
 7.94129467E-01
 7.78966862E-01
 7.64218969E-01
 7.49703106E-01
 7.36069879E-01
 7.22662302E-01
 7.09619629E-01
 6.96774613E-01
 6.84683222E-01
 6.72761857E-01
 6.61131951E-01
 6.49710038E-01
 6.39012264E-01
 6.28195050E-01
 6.17752099E-01
 6.07524665E-01
 5.97769831E-01
 5.88154114E-01
 5.78730871E-01
 5.69525117E-01
 5.60692186E-01
 5.51987131E-01
 5.43439073E-01
 5.35109042E-01
 5.27074581E-01
 5.19158130E-01
 5.11369899E-01
 5.03797207E-01
 4.96455892E-01
 4.89224724E-01
 4.82098535E-01
 4.75184972E-01
 4.68452486E-01
 4.61821705E-01
 4.55276829E-01
 4.48940165E-01
 4.42742867E-01
 4.36640892E-01
 4.30609281E-01
 4.24780889E-01
 4.19057805E-01
 4.13424129E-01
 4.07847808E-01
 4.02466778E-01
 3.97162509E-01
 3.91942327E-01
 3.86768678E-01
 3.81786810E-01
 3.76859205E-01
 3.72010869E-01
 3.67200024E-01
 3.62575168E-01
 3.57987021E-01
 3.53471461E-01
 3.48996749E-01
 3.44682283E-01
 3.40401485E-01
 3.36182945E-01
 3.32012077E-01
 3.27975505E-01
 3.23972204E-01
 3.20022305E-01
 3.16125476E-01
 3.12340766E-01
 3.08588850E-01
 3.04882714E-01
 3.01234910E-01
 2.97680125E-01
 2.94155811E-01
 2.90672188E-01
 2.87247951E-01
 2.83901404E-01
 2.80585859E-01
 2.77305747E-01
 2.74086518E-01
 2.70929335E-01
 2.67803499E-01
 2.64705695E-01
 2.61673558E-01
 2.58690981E-01
 2.55739943E-01
 2.52811826E-01
 2.49951460E-01
 2.47129375E-01
 2.44338892E-01
 2.41566877E-01
 2.38864146E-01
 2.36189924E-01
 2.33547255E-01
 2.30919173E-01
 2.28361446E-01
 2.25823750E-01
 2.23317468E-01
 2.20822385E-01
 2.18398338E-01
 2.15986964E-01
 2.13606788E-01
 2.11235947E-01
 2.08934572E-01
 2.06641770E-01
 2.04377248E-01
 2.02125646E-01
 1.99933602E-01
 1.97751272E-01
 1.95593455E-01
 1.93452201E-01
 1.91361219E-01
 1.89280925E-01
 1.87221790E-01
 1.85182579E-01
 1.83186384E-01
 1.81201706E-01
 1.79235192E-01
 1.77291394E-01
 1.75383700E-01
 1.73488193E-01
 1.71608132E-01
 1.69753188E-01
 1.67928187E-01
 1.66115994E-01
 1.64316899E-01
 1.62544935E-01
 1.60797379E-01
 1.59063109E-01
 1.57339816E-01
 1.55645391E-01
 1.53970448E-01
 1.52309214E-01
 1.50657017E-01
 1.49035151E-01
 1.47428383E-01
 1.45835657E-01
 1.44250247E-01
 1.42696378E-01
 1.41153672E-01
 1.39625275E-01
 1.38102650E-01
 1.36612682E-01
 1.35130378E-01
 1.33662593E-01
 1.32199193E-01
 1.30769235E-01
 1.29343850E-01
 1.27934581E-01
 1.26526987E-01
 1.25153466E-01
 1.23781449E-01
 1.22424665E-01
 1.21072369E-01
 1.19749376E-01
 1.18429163E-01
 1.17121986E-01
 1.15821804E-01
 1.14546601E-01
 1.13275313E-01
 1.12015073E-01
 1.10764060E-01
 1.09534103E-01
 1.08309073E-01
 1.07093286E-01
 1.05888714E-01
 1.04701638E-01
 1.03520386E-01
 1.02346741E-01
 1.01186081E-01
 1.00039682E-01
 9.88999033E-02
 9.77662476E-02
 9.66471484E-02
 9.55393711E-02
 9.44389208E-02
 9.33432448E-02
 9.22635212E-02
 9.11924463E-02
 9.01293240E-02
 8.90697511E-02
 8.80273673E-02
 8.69912009E-02
 8.59635398E-02
 8.49383148E-02
 8.39313729E-02
 8.29284359E-02
 8.19344915E-02
 8.09419712E-02
 7.99686994E-02
 7.89974188E-02
 7.80355593E-02
 7.70742038E-02
 7.61360413E-02
 7.51981747E-02
 7.42634195E-02
 7.33306498E-02
 7.24213085E-02
 7.15123387E-02
 7.06060650E-02
 6.97037814E-02
 6.88218287E-02
 6.79404806E-02
 6.70614484E-02
 6.61881991E-02
 6.53322987E-02
 6.44772134E-02
 6.36240957E-02
 6.27784424E-02
 6.19475442E-02
 6.11176514E-02
 6.02894068E-02
 5.94701349E-02
 5.86631591E-02
 5.78573604E-02
 5.70529168E-02
 5.62588204E-02
 5.54747529E-02
 5.46920124E-02
 5.39103542E-02
 5.31402911E-02
 5.23781615E-02
 5.16175034E-02
 5.08576849E-02
 5.01105922E-02
 4.93694968E-02
 4.86299982E-02
 4.78911125E-02
 4.71659816E-02
 4.64450613E-02
 4.57258507E-02
 4.50070449E-02
 4.43029267E-02
 4.36013689E-02
 4.29016220E-02
 4.22020886E-02
 4.15180879E-02
 4.08351227E-02
 4.01540593E-02
 3.94734070E-02
 3.88083051E-02
 3.81433266E-02
 3.74800842E-02
 3.68185166E-02
 3.61705862E-02
 3.55229275E-02
 3.48767808E-02
 3.42335113E-02
 3.36020960E-02
 3.29710886E-02
 3.23413852E-02
 3.17156698E-02
 3.11001461E-02
 3.04851554E-02
 2.98712756E-02
 2.92626999E-02
 2.86632652E-02
 2.80638304E-02
 2.74643956E-02
 2.68716242E-02
 2.62868947E-02
 2.57021652E-02
 2.51174358E-02
 2.45403452E-02
 2.39697866E-02
 2.33992279E-02
 2.28286692E-02
 2.22666492E-02
 2.17097525E-02
 2.11528557E-02
 2.05959590E-02
 2.00484304E-02
 1.95047108E-02
 1.89609911E-02
 1.84172715E-02
 1.78836842E-02
 1.73526795E-02
 1.68216749E-02
 1.62906703E-02
 1.57705015E-02
 1.52517711E-02
 1.47330407E-02
 1.42143103E-02
 1.37070631E-02
 1.32001862E-02
 1.26933094E-02
 1.21870589E-02
 1.16916340E-02
 1.11962092E-02
 1.07007843E-02
 1.02071846E-02
 9.72473874E-03
 9.24229282E-03
 8.75984691E-03
 8.27895980E-03
 7.80339408E-03
 7.32782837E-03
 6.85226266E-03
 6.38108780E-03
 5.91957284E-03
 5.45805788E-03
 4.99654291E-03
 4.53759247E-03
 4.08251393E-03
 3.62743539E-03
 3.17235686E-03
 2.72284082E-03
 2.27924615E-03
 1.83565148E-03
 1.39205682E-03
 9.82910637E-04
 5.99718796E-04
 2.70992935E-04
 4.22470441E-05
-1.74521925E-06
-1.62887130E-06
-1.51252335E-06
-1.39617540E-06
-1.27982745E-06
-1.16347950E-06
-1.04713155E-06
-9.30783598E-07
-8.14435648E-07
-6.98087699E-07
-5.81739749E-07
-4.65391799E-07
-3.49043849E-07
-2.32695900E-07
-1.16347950E-07
 5.74850230E-01
 8.23327258E-01
 9.15629610E-01
 9.99999722E-01
 9.99999653E-01
 9.99999583E-01
 9.99999514E-01
 9.99999444E-01
 9.99999375E-01
 9.99999306E-01
 9.99999236E-01
 9.99999167E-01
 9.99999097E-01
 9.99999028E-01
 9.99998958E-01
 9.99998889E-01
 9.99998819E-01
 9.99998750E-01
 9.99998680E-01
 9.99998611E-01
 9.99998542E-01
 9.99998472E-01
 9.99998403E-01
 9.99998333E-01
 9.99998264E-01
 9.99998194E-01
 9.99998125E-01
 9.99998055E-01
 9.99997986E-01
 9.99997917E-01
 9.99997847E-01
 9.99997778E-01
 9.99997708E-01
 9.99997639E-01
 9.99997569E-01
 9.99997500E-01
 9.99997430E-01
 9.99997361E-01
 9.99997292E-01
 9.99997222E-01
 9.99997153E-01
 9.99997083E-01
 9.99997014E-01
 9.99996944E-01
 9.99996875E-01
 9.99996805E-01
 9.99996736E-01
 9.99996667E-01
 9.99996597E-01
 9.99996528E-01
 9.99996458E-01
 9.99996389E-01
 9.99996319E-01
 9.99996250E-01
 9.99996180E-01
 9.99996111E-01
 9.99996041E-01
 9.99995972E-01
 9.99995903E-01
 9.99995833E-01
 9.99995764E-01
 9.99995694E-01
 9.99995625E-01
 9.99995555E-01
 9.99995486E-01
 9.99995416E-01
 9.99995347E-01
 9.99995278E-01
 9.99995208E-01
 9.99995139E-01
 9.99995069E-01
 9.99995000E-01
 9.99994930E-01
 9.99994861E-01
 9.99994791E-01
 9.99994722E-01
 9.99994653E-01
 9.99994583E-01
 9.99994514E-01
 9.99994444E-01
 9.99994375E-01
 9.99994305E-01
 9.99994236E-01
 9.99994166E-01
 9.99994097E-01
 9.99994027E-01
 9.99993958E-01
 9.99993889E-01
 9.99993819E-01
 9.99993750E-01
 9.99993680E-01
 9.99993611E-01
 9.99993541E-01
 9.99993472E-01
 9.99993402E-01
 9.99993333E-01
 9.99993264E-01
 9.99993194E-01
 9.99993125E-01
 9.99993055E-01
 9.99992986E-01
 9.99992916E-01
 9.99992847E-01
 9.99992777E-01
 9.99992708E-01
 9.99992639E-01
 9.99992569E-01
 9.99992500E-01
 9.99992430E-01
 9.99992361E-01
 9.99992291E-01
 9.99992222E-01
 9.99992152E-01
 9.99992083E-01
 9.99992014E-01
 9.99991944E-01
 9.99991875E-01
 9.99991805E-01
 9.99991736E-01
 9.99991666E-01
 9.99991597E-01
 9.99991527E-01
 9.99991458E-01
 9.99991388E-01
 9.99991319E-01
 9.99991510E-01
 9.99991788E-01
 9.99992066E-01
 9.99992343E-01
 9.99992621E-01
 9.99992899E-01
 9.99993177E-01
 9.99993455E-01
 9.99993732E-01
 9.99994010E-01
 9.99994288E-01
 9.99994566E-01
 9.99994844E-01
 9.99995121E-01
 9.99995399E-01
 9.99995677E-01
 9.99995955E-01
 9.99996232E-01
 9.99996510E-01
 9.99996788E-01
 9.99997066E-01
 9.99997344E-01
 9.99997621E-01
 9.99997899E-01
 9.99998177E-01
 9.99998455E-01
 9.99998733E-01
 9.99999010E-01
 9.99999288E-01
 9.99999566E-01
 9.99999844E-01
 9.99995084E-01
 9.99983849E-01
 9.99972614E-01
 9.99961378E-01
 9.99950143E-01
 9.99938907E-01
 9.99927672E-01
 9.99916436E-01
 9.92306229E-01
 9.79824885E-01
 9.67343541E-01
 9.54862197E-01
 9.38143660E-01
 9.19568375E-01
 9.00096711E-01
 8.80307283E-01
 8.62345836E-01
 8.44896223E-01
 8.30158561E-01
 8.11802423E-01
 7.95884910E-01
 7.80667151E-01
 7.65874736E-01
 7.51320301E-01
 7.37636426E-01
 7.24182281E-01
 7.11102397E-01
 6.98224052E-01
 6.86089515E-01
 6.74129363E-01
 6.62468144E-01
 6.51017052E-01
 6.40286278E-01
 6.29433001E-01
 6.18963584E-01
 6.08710496E-01
 5.98924499E-01
 5.89281185E-01
 5.79835281E-01
 5.70606630E-01
 5.61746596E-01
 5.53017717E-01
 5.44449860E-01
 5.36099145E-01
 5.28041139E-01
 5.20104169E-01
 5.12298707E-01
 5.04707268E-01
 4.97345159E-01
 4.90096020E-01
 4.82954553E-01
 4.76023887E-01
 4.69273098E-01
 4.62626623E-01
 4.56068256E-01
 4.49716002E-01
 4.43502515E-01
 4.37386796E-01
 4.31343244E-01
 4.25500583E-01
 4.19763092E-01
 4.14117302E-01
 4.08530338E-01
 4.03136138E-01
 3.97818932E-01
 3.92587967E-01
 3.87404728E-01
 3.82410700E-01
 3.77471481E-01
 3.72613563E-01
 3.67794097E-01
 3.63157991E-01
 3.58559418E-01
 3.54035294E-01
 3.49552587E-01
 3.45227911E-01
 3.40937768E-01
 3.36711479E-01
 3.32533119E-01
 3.28487291E-01
 3.24475586E-01
 3.20518653E-01
 3.16614788E-01
 3.12821659E-01
 3.09062164E-01
 3.05349624E-01
 3.01695226E-01
 2.98132785E-01
 2.94601596E-01
 2.91112141E-01
 2.87681649E-01
 2.84328086E-01
 2.81006320E-01
 2.77720895E-01
 2.74495689E-01
 2.71331893E-01
 2.68200248E-01
 2.65097354E-01
 2.62059486E-01
 2.59070804E-01
 2.56114472E-01
 2.53181647E-01
 2.50315854E-01
 2.47488121E-01
 2.44692801E-01
 2.41916423E-01
 2.39208544E-01
 2.36529085E-01
 2.33881989E-01
 2.31249854E-01
 2.28687235E-01
 2.26144673E-01
 2.23634330E-01
 2.21135473E-01
 2.18706775E-01
 2.16290869E-01
 2.13906962E-01
 2.11532588E-01
 2.09226802E-01
 2.06929811E-01
 2.04661823E-01
 2.02406833E-01
 2.00210670E-01
 1.98024469E-01
 1.95863411E-01
 1.93718915E-01
 1.91624140E-01
 1.89540326E-01
 1.87478213E-01
 1.85435937E-01
 1.83436191E-01
 1.81448255E-01
 1.79478951E-01
 1.77532208E-01
 1.75621181E-01
 1.73722655E-01
 1.71839971E-01
 1.69982193E-01
 1.68154064E-01
 1.66339072E-01
 1.64537513E-01
 1.62762825E-01
 1.61012327E-01
 1.59275456E-01
 1.57549843E-01
 1.55852795E-01
 1.54175082E-01
 1.52511429E-01
 1.50857045E-01
 1.49232652E-01
 1.47623272E-01
 1.46028293E-01
 1.44440819E-01
 1.42884514E-01
 1.41339344E-01
 1.39808849E-01
 1.38284274E-01
 1.36791897E-01
 1.35307195E-01
 1.33837385E-01
 1.32372072E-01
 1.30939777E-01
 1.29512121E-01
 1.28100995E-01
 1.26691528E-01
 1.25315807E-01
 1.23941628E-01
 1.22583073E-01
 1.21228964E-01
 1.19903875E-01
 1.18581638E-01
 1.17272772E-01
 1.15970833E-01
 1.14693632E-01
 1.13420447E-01
 1.12158593E-01
 1.10905877E-01
 1.09674014E-01
 1.08447204E-01
 1.07229874E-01
 1.06023651E-01
 1.04834755E-01
 1.03651832E-01
 1.02476711E-01
 1.01314448E-01
 1.00166309E-01
 9.90249603E-02
 9.78898910E-02
 9.67692370E-02
 9.56597948E-02
 9.45578674E-02
 9.34608369E-02
 9.23796033E-02
 9.13069343E-02
 9.02424218E-02
 8.91815496E-02
 8.81376990E-02
 8.71000050E-02
 8.60710344E-02
 8.50445624E-02
 8.40361948E-02
 8.30317930E-02
 8.20366143E-02
 8.10428963E-02
 8.00682382E-02
 7.90955518E-02
 7.81325282E-02
 7.71700214E-02
 7.62305898E-02
 7.52914563E-02
 7.43555138E-02
 7.34215542E-02
 7.25109929E-02
 7.16008125E-02
 7.06933975E-02
 6.97899670E-02
 6.89068389E-02
 6.80243310E-02
 6.71441984E-02
 6.62698383E-02
 6.54127956E-02
 6.45565890E-02
 6.37024004E-02
 6.28556663E-02
 6.20236676E-02
 6.11927001E-02
 6.03634229E-02
 5.95431065E-02
 5.87350697E-02
 5.79282402E-02
 5.71228005E-02
 5.63276941E-02
 5.55426032E-02
 5.47588734E-02
 5.39762535E-02
 5.32052132E-02
 5.24420957E-02
 5.16804874E-02
 5.09197402E-02
 5.01717016E-02
 4.94296521E-02
 4.86892404E-02
 4.79494573E-02
 4.72234103E-02
 4.65015681E-02
 4.57814795E-02
 4.50618060E-02
 4.43568002E-02
 4.36543511E-02
 4.29537594E-02
 4.22533867E-02
 4.15685254E-02
 4.08846982E-02
 4.02028215E-02
 3.95213564E-02
 3.88554203E-02
 3.81896108E-02
 3.75255818E-02
 3.68632253E-02
 3.62144873E-02
 3.55660279E-02
 3.49191193E-02
 3.42750839E-02
 3.36428863E-02
 3.30111070E-02
 3.23806651E-02
 3.17542058E-02
 3.11379240E-02
 3.05221888E-02
 2.99075931E-02
 2.92983018E-02
 2.86981523E-02
 2.80980028E-02
 2.74978533E-02
 2.69043768E-02
 2.63189539E-02
 2.57335310E-02
 2.51481081E-02
 2.45703351E-02
 2.39991034E-02
 2.34278718E-02
 2.28566401E-02
 2.22939593E-02
 2.17364092E-02
 2.11788590E-02
 2.06213088E-02
 2.00731400E-02
 1.95287857E-02
 1.89844314E-02
 1.84400770E-02
 1.79058693E-02
 1.73742479E-02
 1.68426265E-02
 1.63110052E-02
 1.57902348E-02
 1.52709049E-02
 1.47515750E-02
 1.42322451E-02
 1.37244144E-02
 1.32169546E-02
 1.27094948E-02
 1.22026622E-02
 1.17066702E-02
 1.12106783E-02
 1.07146863E-02
 1.02205103E-02
 9.73743171E-03
 9.25435309E-03
 8.77127447E-03
 8.28979461E-03
 7.81377260E-03
 7.33775060E-03
 6.86172859E-03
 6.39005291E-03
 5.92793915E-03
 5.46582538E-03
 5.00371162E-03
 4.54422813E-03
 4.08871583E-03
 3.63320353E-03
 3.17769123E-03
 2.72771107E-03
 2.28361997E-03
 1.83952887E-03
 1.39543776E-03
 9.84513264E-04
 5.98577302E-04
 2.68503882E-04
 4.09740220E-05
-1.71531396E-06
-1.60095970E-06
-1.48660544E-06
-1.37225117E-06
-1.25789691E-06
-1.14354264E-06
-1.02918838E-06
-9.14834114E-07
-8.00479850E-07
-6.86125586E-07
-5.71771321E-07
-4.57417057E-07
-3.43062793E-07
-2.28708529E-07
-1.14354264E-07
 5.82834272E-01
 8.31136012E-01
 9.19358709E-01
 9.99999762E-01
 9.99999703E-01
 9.99999643E-01
 9.99999584E-01
 9.99999524E-01
 9.99999465E-01
 9.99999405E-01
 9.99999346E-01
 9.99999286E-01
 9.99999227E-01
 9.99999167E-01
 9.99999108E-01
 9.99999048E-01
 9.99998989E-01
 9.99998929E-01
 9.99998870E-01
 9.99998810E-01
 9.99998751E-01
 9.99998691E-01
 9.99998632E-01
 9.99998572E-01
 9.99998513E-01
 9.99998453E-01
 9.99998394E-01
 9.99998334E-01
 9.99998275E-01
 9.99998216E-01
 9.99998156E-01
 9.99998097E-01
 9.99998037E-01
 9.99997978E-01
 9.99997918E-01
 9.99997859E-01
 9.99997799E-01
 9.99997740E-01
 9.99997680E-01
 9.99997621E-01
 9.99997561E-01
 9.99997502E-01
 9.99997442E-01
 9.99997383E-01
 9.99997323E-01
 9.99997264E-01
 9.99997204E-01
 9.99997145E-01
 9.99997085E-01
 9.99997026E-01
 9.99996966E-01
 9.99996907E-01
 9.99996847E-01
 9.99996788E-01
 9.99996728E-01
 9.99996669E-01
 9.99996610E-01
 9.99996550E-01
 9.99996491E-01
 9.99996431E-01
 9.99996372E-01
 9.99996312E-01
 9.99996253E-01
 9.99996193E-01
 9.99996134E-01
 9.99996074E-01
 9.99996015E-01
 9.99995955E-01
 9.99995896E-01
 9.99995836E-01
 9.99995777E-01
 9.99995717E-01
 9.99995658E-01
 9.99995598E-01
 9.99995539E-01
 9.99995479E-01
 9.99995420E-01
 9.99995360E-01
 9.99995301E-01
 9.99995241E-01
 9.99995182E-01
 9.99995122E-01
 9.99995063E-01
 9.99995003E-01
 9.99994944E-01
 9.99994885E-01
 9.99994825E-01
 9.99994766E-01
 9.99994706E-01
 9.99994647E-01
 9.99994587E-01
 9.99994528E-01
 9.99994468E-01
 9.99994409E-01
 9.99994349E-01
 9.99994290E-01
 9.99994230E-01
 9.99994171E-01
 9.99994111E-01
 9.99994052E-01
 9.99993992E-01
 9.99993933E-01
 9.99993873E-01
 9.99993814E-01
 9.99993754E-01
 9.99993695E-01
 9.99993635E-01
 9.99993576E-01
 9.99993516E-01
 9.99993457E-01
 9.99993397E-01
 9.99993338E-01
 9.99993279E-01
 9.99993219E-01
 9.99993160E-01
 9.99993100E-01
 9.99993041E-01
 9.99992981E-01
 9.99992922E-01
 9.99992862E-01
 9.99992803E-01
 9.99992743E-01
 9.99992684E-01
 9.99992624E-01
 9.99992565E-01
 9.99992728E-01
 9.99992966E-01
 9.99993204E-01
 9.99993442E-01
 9.99993680E-01
 9.99993918E-01
 9.99994156E-01
 9.99994394E-01
 9.99994632E-01
 9.99994870E-01
 9.99995108E-01
 9.99995346E-01
 9.99995583E-01
 9.99995821E-01
 9.99996059E-01
 9.99996297E-01
 9.99996535E-01
 9.99996773E-01
 9.99997011E-01
 9.99997249E-01
 9.99997487E-01
 9.99997725E-01
 9.99997963E-01
 9.99998201E-01
 9.99998439E-01
 9.99998677E-01
 9.99998914E-01
 9.99999152E-01
 9.99999390E-01
 9.99999628E-01
 9.99999866E-01
 9.99995686E-01
 9.99985827E-01
 9.99975968E-01
 9.99966108E-01
 9.99956249E-01
 9.99946389E-01
 9.99936530E-01
 9.99926670E-01
 9.92648156E-01
 9.80710246E-01
 9.68772337E-01
 9.56834427E-01
 9.40275703E-01
 9.21692127E-01
 9.02189763E-01
 8.82361690E-01
 8.64337354E-01
 8.46818063E-01
 8.32078522E-01
 8.13630043E-01
 7.97645128E-01
 7.82371943E-01
 7.67534735E-01
 7.52941458E-01
 7.39206665E-01
 7.25705680E-01
 7.12588312E-01
 6.99676368E-01
 6.87498414E-01
 6.75499204E-01
 6.63806401E-01
 6.52325887E-01
 6.41562071E-01
 6.30672688E-01
 6.20176763E-01
 6.09897980E-01
 6.00080776E-01
 5.90409824E-01
 5.80941215E-01
 5.71689626E-01
 5.62802447E-01
 5.54049700E-01
 5.45462003E-01
 5.37090562E-01
 5.29008969E-01
 5.21051437E-01
 5.13228701E-01
 5.05618474E-01
 4.98235528E-01
 4.90968377E-01
 4.83811589E-01
 4.76863777E-01
 4.70094644E-01
 4.63432432E-01
 4.56860531E-01
 4.50492645E-01
 4.44262927E-01
 4.38133422E-01
 4.32077888E-01
 4.26220915E-01
 4.20468975E-01
 4.14811028E-01
 4.09213378E-01
 4.03806007E-01
 3.98475868E-01
 3.93234127E-01
 3.88041306E-01
 3.83035124E-01
 3.78084297E-01
 3.73216803E-01
 3.68388723E-01
 3.63741374E-01
 3.59132381E-01
 3.54599699E-01
 3.50109003E-01
 3.45774124E-01
 3.41474642E-01
 3.37240610E-01
 3.33054765E-01
 3.28999686E-01
 3.24979584E-01
 3.21015623E-01
 3.17104730E-01
 3.13303188E-01
 3.09536120E-01
 3.05817181E-01
 3.02156197E-01
 2.98586105E-01
 2.95048047E-01
 2.91552767E-01
 2.88116027E-01
 2.84755454E-01
 2.81427473E-01
 2.78136742E-01
 2.74905555E-01
 2.71735131E-01
 2.68597662E-01
 2.65489663E-01
 2.62446049E-01
 2.59451249E-01
 2.56489607E-01
 2.53552061E-01
 2.50680824E-01
 2.47847430E-01
 2.45047259E-01
 2.42266503E-01
 2.39553460E-01
 2.36868750E-01
 2.34217211E-01
 2.31581008E-01
 2.29013484E-01
 2.26466041E-01
 2.23951623E-01
 2.21448978E-01
 2.19015613E-01
 2.16595161E-01
 2.14207508E-01
 2.11829584E-01
 2.09519374E-01
 2.07218178E-01
 2.04946712E-01
 2.02688318E-01
 2.00488020E-01
 1.98297935E-01
 1.96133621E-01
 1.93985873E-01
 1.91887313E-01
 1.89799988E-01
 1.87734907E-01
 1.85689576E-01
 1.83686286E-01
 1.81695103E-01
 1.79723016E-01
 1.77773338E-01
 1.75858988E-01
 1.73957451E-01
 1.72072153E-01
 1.70211552E-01
 1.68380304E-01
 1.66562520E-01
 1.64758507E-01
 1.62981103E-01
 1.61227673E-01
 1.59488210E-01
 1.57760286E-01
 1.56060625E-01
 1.54380150E-01
 1.52714087E-01
 1.51057525E-01
 1.49430614E-01
 1.47818631E-01
 1.46221409E-01
 1.44631880E-01
 1.43073148E-01
 1.41525522E-01
 1.39992939E-01
 1.38466424E-01
 1.36971636E-01
 1.35484534E-01
 1.34012695E-01
 1.32545466E-01
 1.31110832E-01
 1.29680903E-01
 1.28267916E-01
 1.26856573E-01
 1.25478649E-01
 1.24102306E-01
 1.22741978E-01
 1.21386051E-01
 1.20058865E-01
 1.18734601E-01
 1.17424042E-01
 1.16120343E-01
 1.14841142E-01
 1.13566058E-01
 1.12302587E-01
 1.11048165E-01
 1.09814394E-01
 1.08585801E-01
 1.07366925E-01
 1.06159048E-01
 1.04968329E-01
 1.03783731E-01
 1.02607132E-01
 1.01443265E-01
 1.00293382E-01
 9.91504601E-02
 9.80139746E-02
 9.68917628E-02
 9.57806529E-02
 9.46772457E-02
 9.35788577E-02
 9.24961114E-02
 9.14218455E-02
 9.03559399E-02
 8.92937658E-02
 8.82484454E-02
 8.72092211E-02
 8.61789382E-02
 8.51512164E-02
 8.41414203E-02
 8.31355508E-02
 8.21391351E-02
 8.11442165E-02
 8.01681694E-02
 7.91940745E-02
 7.82298838E-02
 7.72662230E-02
 7.63255196E-02
 7.53851161E-02
 7.44479836E-02
 7.35128313E-02
 7.26010472E-02
 7.16896536E-02
 7.07810944E-02
 6.98765142E-02
 6.89922080E-02
 6.81085374E-02
 6.72273016E-02
 6.63518278E-02
 6.54936400E-02
 6.46363094E-02
 6.37810471E-02
 6.29332293E-02
 6.21001273E-02
 6.12680822E-02
 6.04377698E-02
 5.96164061E-02
 5.88073055E-02
 5.79994423E-02
 5.71930037E-02
 5.63968846E-02
 5.56107675E-02
 5.48260454E-02
 5.40424611E-02
 5.32704408E-02
 5.25063325E-02
 5.17437712E-02
 5.09820926E-02
 5.02331053E-02
 4.94900989E-02
 4.87487713E-02
 4.80080880E-02
 4.72811220E-02
 4.65583552E-02
 4.58373858E-02
 4.51168418E-02
 4.44109455E-02
 4.37076023E-02
 4.30061631E-02
 4.23049483E-02
 4.16192235E-02
 4.09345315E-02
 4.02518388E-02
 3.95695580E-02
 3.89027849E-02
 3.82361416E-02
 3.75713233E-02
 3.69081752E-02
 3.62586267E-02
 3.56093638E-02
 3.49616905E-02
 3.43168864E-02
 3.36839036E-02
 3.30513496E-02
 3.24201665E-02
 3.17929604E-02
 3.11759176E-02
 3.05594352E-02
 2.99441207E-02
 2.93341111E-02
 2.87332441E-02
 2.81323770E-02
 2.75315099E-02
 2.69373255E-02
 2.63512064E-02
 2.57650873E-02
 2.51789682E-02
 2.46005100E-02
 2.40286025E-02
 2.34566950E-02
 2.28847876E-02
 2.23214432E-02
 2.17632368E-02
 2.12050303E-02
 2.06468239E-02
 2.00980122E-02
 1.95530204E-02
 1.90080285E-02
 1.84630367E-02
 1.79282057E-02
 1.73959648E-02
 1.68637239E-02
 1.63314830E-02
 1.58101083E-02
 1.52901761E-02
 1.47702439E-02
 1.42503116E-02
 1.37418946E-02
 1.32338491E-02
 1.27258035E-02
 1.22183860E-02
 1.17218241E-02
 1.12252623E-02
 1.07287004E-02
 1.02339453E-02
 9.75023118E-03
 9.26651705E-03
 8.78280292E-03
 8.30072752E-03
 7.82424642E-03
 7.34776532E-03
 6.87128422E-03
 6.39910491E-03
 5.93638954E-03
 5.47367417E-03
 5.01095881E-03
 4.55093947E-03
 4.09499060E-03
 3.63904173E-03
 3.18309286E-03
 2.73264578E-03
 2.28805544E-03
 1.84346511E-03
 1.39887477E-03
 9.86169146E-04
 5.97486258E-04
 2.66062477E-04
 3.97458451E-05
-1.64336630E-06
-1.53380855E-06
-1.42425079E-06
-1.31469304E-06
-1.20513529E-06
-1.09557753E-06
-9.86019780E-07
-8.76462027E-07
-7.66904273E-07
-6.57346520E-07
-5.47788767E-07
-4.38231013E-07
-3.28673260E-07
-2.19115507E-07
-1.09557753E-07
 5.90818314E-01
 8.38944766E-01
 9.23087807E-01
 9.99999802E-01
 9.99999752E-01
 9.99999703E-01
 9.99999653E-01
 9.99999604E-01
 9.99999554E-01
 9.99999505E-01
 9.99999455E-01
 9.99999406E-01
 9.99999356E-01
 9.99999307E-01
 9.99999257E-01
 9.99999208E-01
 9.99999158E-01
 9.99999109E-01
 9.99999059E-01
 9.99999010E-01
 9.99998960E-01
 9.99998911E-01
 9.99998861E-01
 9.99998812E-01
 9.99998762E-01
 9.99998713E-01
 9.99998663E-01
 9.99998614E-01
 9.99998564E-01
 9.99998515E-01
 9.99998465E-01
 9.99998415E-01
 9.99998366E-01
 9.99998316E-01
 9.99998267E-01
 9.99998217E-01
 9.99998168E-01
 9.99998118E-01
 9.99998069E-01
 9.99998019E-01
 9.99997970E-01
 9.99997920E-01
 9.99997871E-01
 9.99997821E-01
 9.99997772E-01
 9.99997722E-01
 9.99997673E-01
 9.99997623E-01
 9.99997574E-01
 9.99997524E-01
 9.99997475E-01
 9.99997425E-01
 9.99997376E-01
 9.99997326E-01
 9.99997277E-01
 9.99997227E-01
 9.99997178E-01
 9.99997128E-01
 9.99997079E-01
 9.99997029E-01
 9.99996979E-01
 9.99996930E-01
 9.99996880E-01
 9.99996831E-01
 9.99996781E-01
 9.99996732E-01
 9.99996682E-01
 9.99996633E-01
 9.99996583E-01
 9.99996534E-01
 9.99996484E-01
 9.99996435E-01
 9.99996385E-01
 9.99996336E-01
 9.99996286E-01
 9.99996237E-01
 9.99996187E-01
 9.99996138E-01
 9.99996088E-01
 9.99996039E-01
 9.99995989E-01
 9.99995940E-01
 9.99995890E-01
 9.99995841E-01
 9.99995791E-01
 9.99995742E-01
 9.99995692E-01
 9.99995643E-01
 9.99995593E-01
 9.99995544E-01
 9.99995494E-01
 9.99995444E-01
 9.99995395E-01
 9.99995345E-01
 9.99995296E-01
 9.99995246E-01
 9.99995197E-01
 9.99995147E-01
 9.99995098E-01
 9.99995048E-01
 9.99994999E-01
 9.99994949E-01
 9.99994900E-01
 9.99994850E-01
 9.99994801E-01
 9.99994751E-01
 9.99994702E-01
 9.99994652E-01
 9.99994603E-01
 9.99994553E-01
 9.99994504E-01
 9.99994454E-01
 9.99994405E-01
 9.99994355E-01
 9.99994306E-01
 9.99994256E-01
 9.99994207E-01
 9.99994157E-01
 9.99994108E-01
 9.99994058E-01
 9.99994008E-01
 9.99993959E-01
 9.99993909E-01
 9.99993860E-01
 9.99993810E-01
 9.99993947E-01
 9.99994145E-01
 9.99994343E-01
 9.99994541E-01
 9.99994739E-01
 9.99994937E-01
 9.99995135E-01
 9.99995333E-01
 9.99995531E-01
 9.99995729E-01
 9.99995927E-01
 9.99996125E-01
 9.99996323E-01
 9.99996521E-01
 9.99996720E-01
 9.99996918E-01
 9.99997116E-01
 9.99997314E-01
 9.99997512E-01
 9.99997710E-01
 9.99997908E-01
 9.99998106E-01
 9.99998304E-01
 9.99998502E-01
 9.99998700E-01
 9.99998898E-01
 9.99999096E-01
 9.99999294E-01
 9.99999492E-01
 9.99999691E-01
 9.99999889E-01
 9.99996288E-01
 9.99987805E-01
 9.99979322E-01
 9.99970838E-01
 9.99962355E-01
 9.99953871E-01
 9.99945388E-01
 9.99936904E-01
 9.92990082E-01
 9.81595607E-01
 9.70201133E-01
 9.58806658E-01
 9.42407746E-01
 9.23815880E-01
 9.04282814E-01
 8.84416097E-01
 8.66328871E-01
 8.48739903E-01
 8.33998483E-01
 8.15457664E-01
 7.99405347E-01
 7.84076735E-01
 7.69194735E-01
 7.54562615E-01
 7.40776903E-01
 7.27229079E-01
 7.14074228E-01
 7.01128684E-01
 6.88907312E-01
 6.76869045E-01
 6.65144657E-01
 6.53634723E-01
 6.42837863E-01
 6.31912376E-01
 6.21389941E-01
 6.11085463E-01
 6.01237054E-01
 5.91538462E-01
 5.82047150E-01
 5.72772622E-01
 5.63858297E-01
 5.55081684E-01
 5.46474145E-01
 5.38081979E-01
 5.29976799E-01
 5.21998705E-01
 5.14158696E-01
 5.06529679E-01
 4.99125897E-01
 4.91840733E-01
 4.84668625E-01
 4.77703667E-01
 4.70916190E-01
 4.64238241E-01
 4.57652806E-01
 4.51269288E-01
 4.45023339E-01
 4.38880047E-01
 4.32812531E-01
 4.26941247E-01
 4.21174858E-01
 4.15504754E-01
 4.09896418E-01
 4.04475876E-01
 3.99132805E-01
 3.93880288E-01
 3.88677883E-01
 3.83659549E-01
 3.78697113E-01
 3.73820044E-01
 3.68983349E-01
 3.64324757E-01
 3.59705344E-01
 3.55164104E-01
 3.50665418E-01
 3.46320338E-01
 3.42011516E-01
 3.37769741E-01
 3.33576411E-01
 3.29512082E-01
 3.25483582E-01
 3.21512593E-01
 3.17594672E-01
 3.13784716E-01
 3.10010076E-01
 3.06284739E-01
 3.02617167E-01
 2.99039426E-01
 2.95494499E-01
 2.91993393E-01
 2.88550404E-01
 2.85182822E-01
 2.81848627E-01
 2.78552590E-01
 2.75315420E-01
 2.72138369E-01
 2.68995076E-01
 2.65881972E-01
 2.62832612E-01
 2.59831694E-01
 2.56864743E-01
 2.53922474E-01
 2.51045795E-01
 2.48206739E-01
 2.45401716E-01
 2.42616582E-01
 2.39898376E-01
 2.37208414E-01
 2.34552434E-01
 2.31912162E-01
 2.29339733E-01
 2.26787409E-01
 2.24268916E-01
 2.21762482E-01
 2.19324450E-01
 2.16899453E-01
 2.14508054E-01
 2.12126581E-01
 2.09811947E-01
 2.07506546E-01
 2.05231600E-01
 2.02969803E-01
 2.00765371E-01
 1.98571401E-01
 1.96403830E-01
 1.94252830E-01
 1.92150486E-01
 1.90059650E-01
 1.87991602E-01
 1.85943214E-01
 1.83936381E-01
 1.81941951E-01
 1.79967082E-01
 1.78014467E-01
 1.76096795E-01
 1.74192248E-01
 1.72304335E-01
 1.70440910E-01
 1.68606543E-01
 1.66785969E-01
 1.64979501E-01
 1.63199382E-01
 1.61443019E-01
 1.59700963E-01
 1.57970729E-01
 1.56268454E-01
 1.54585218E-01
 1.52916745E-01
 1.51258006E-01
 1.49628576E-01
 1.48013990E-01
 1.46414525E-01
 1.44822940E-01
 1.43261782E-01
 1.41711701E-01
 1.40177029E-01
 1.38648573E-01
 1.37151375E-01
 1.35661872E-01
 1.34188005E-01
 1.32718860E-01
 1.31281887E-01
 1.29849684E-01
 1.28434837E-01
 1.27021617E-01
 1.25641491E-01
 1.24262984E-01
 1.22900882E-01
 1.21543139E-01
 1.20213854E-01
 1.18887564E-01
 1.17575313E-01
 1.16269854E-01
 1.14988652E-01
 1.13711668E-01
 1.12446581E-01
 1.11190453E-01
 1.09954773E-01
 1.08724397E-01
 1.07503976E-01
 1.06294445E-01
 1.05101902E-01
 1.03915631E-01
 1.02737553E-01
 1.01572081E-01
 1.00420455E-01
 9.92759599E-02
 9.81380581E-02
 9.70142886E-02
 9.59015110E-02
 9.47966240E-02
 9.36968786E-02
 9.26126195E-02
 9.15367567E-02
 9.04694581E-02
 8.94059819E-02
 8.83591919E-02
 8.73184372E-02
 8.62868420E-02
 8.52578705E-02
 8.42466459E-02
 8.32393087E-02
 8.22416559E-02
 8.12455368E-02
 8.02681006E-02
 7.92925971E-02
 7.83272395E-02
 7.73624246E-02
 7.64204494E-02
 7.54787760E-02
 7.45404534E-02
 7.36041085E-02
 7.26911015E-02
 7.17784946E-02
 7.08687913E-02
 6.99630613E-02
 6.90775770E-02
 6.81927438E-02
 6.73104048E-02
 6.64338172E-02
 6.55744845E-02
 6.47160297E-02
 6.38596938E-02
 6.30107924E-02
 6.21765870E-02
 6.13434644E-02
 6.05121166E-02
 5.96897056E-02
 5.88795412E-02
 5.80706443E-02
 5.72632068E-02
 5.64660750E-02
 5.56789317E-02
 5.48932174E-02
 5.41086687E-02
 5.33356683E-02
 5.25705694E-02
 5.18070551E-02
 5.10444450E-02
 5.02945090E-02
 4.95505458E-02
 4.88083022E-02
 4.80667187E-02
 4.73388338E-02
 4.66151423E-02
 4.58932921E-02
 4.51718776E-02
 4.44650907E-02
 4.37608536E-02
 4.30585667E-02
 4.23565098E-02
 4.16699217E-02
 4.09843648E-02
 4.03008560E-02
 3.96177597E-02
 3.89501495E-02
 3.82826724E-02
 3.76170648E-02
 3.69531250E-02
 3.63027660E-02
 3.56526997E-02
 3.50042616E-02
 3.43586888E-02
 3.37249209E-02
 3.30915922E-02
 3.24596679E-02
 3.18317151E-02
 3.12139113E-02
 3.05966816E-02
 2.99806484E-02
 2.93699205E-02
 2.87683358E-02
 2.81667512E-02
 2.75651666E-02
 2.69702743E-02
 2.63834589E-02
 2.57966436E-02
 2.52098283E-02
 2.46306849E-02
 2.40581016E-02
 2.34855183E-02
 2.29129350E-02
 2.23489271E-02
 2.17900644E-02
 2.12312017E-02
 2.06723390E-02
 2.01228844E-02
 1.95772551E-02
 1.90316257E-02
 1.84859964E-02
 1.79505422E-02
 1.74176817E-02
 1.68848213E-02
 1.63519608E-02
 1.58299818E-02
 1.53094473E-02
 1.47889127E-02
 1.42683782E-02
 1.37593749E-02
 1.32507435E-02
 1.27421122E-02
 1.22341097E-02
 1.17369780E-02
 1.12398463E-02
 1.07427146E-02
 1.02473803E-02
 9.76303066E-03
 9.27868102E-03
 8.79433137E-03
 8.31166043E-03
 7.83472024E-03
 7.35778004E-03
 6.88083984E-03
 6.40815690E-03
 5.94483993E-03
 5.48152296E-03
 5.01820599E-03
 4.55765080E-03
 4.10126537E-03
 3.64487994E-03
 3.18849450E-03
 2.73758050E-03
 2.29249092E-03
 1.84740135E-03
 1.40231177E-03
 9.87825027E-04
 5.96395215E-04
 2.63621073E-04
 3.85176682E-05
-1.57141864E-06
-1.46665739E-06
-1.36189615E-06
-1.25713491E-06
-1.15237367E-06
-1.04761242E-06
-9.42851181E-07
-8.38089939E-07
-7.33328697E-07
-6.28567454E-07
-5.23806212E-07
-4.19044969E-07
-3.14283727E-07
-2.09522485E-07
-1.04761242E-07
 5.98802356E-01
 8.46753519E-01
 9.26816906E-01
 9.99999842E-01
 9.99999802E-01
 9.99999763E-01
 9.99999723E-01
 9.99999684E-01
 9.99999644E-01
 9.99999604E-01
 9.99999565E-01
 9.99999525E-01
 9.99999486E-01
 9.99999446E-01
 9.99999407E-01
 9.99999367E-01
 9.99999328E-01
 9.99999288E-01
 9.99999249E-01
 9.99999209E-01
 9.99999169E-01
 9.99999130E-01
 9.99999090E-01
 9.99999051E-01
 9.99999011E-01
 9.99998972E-01
 9.99998932E-01
 9.99998893E-01
 9.99998853E-01
 9.99998813E-01
 9.99998774E-01
 9.99998734E-01
 9.99998695E-01
 9.99998655E-01
 9.99998616E-01
 9.99998576E-01
 9.99998537E-01
 9.99998497E-01
 9.99998458E-01
 9.99998418E-01
 9.99998378E-01
 9.99998339E-01
 9.99998299E-01
 9.99998260E-01
 9.99998220E-01
 9.99998181E-01
 9.99998141E-01
 9.99998102E-01
 9.99998062E-01
 9.99998022E-01
 9.99997983E-01
 9.99997943E-01
 9.99997904E-01
 9.99997864E-01
 9.99997825E-01
 9.99997785E-01
 9.99997746E-01
 9.99997706E-01
 9.99997666E-01
 9.99997627E-01
 9.99997587E-01
 9.99997548E-01
 9.99997508E-01
 9.99997469E-01
 9.99997429E-01
 9.99997390E-01
 9.99997350E-01
 9.99997311E-01
 9.99997271E-01
 9.99997231E-01
 9.99997192E-01
 9.99997152E-01
 9.99997113E-01
 9.99997073E-01
 9.99997034E-01
 9.99996994E-01
 9.99996955E-01
 9.99996915E-01
 9.99996875E-01
 9.99996836E-01
 9.99996796E-01
 9.99996757E-01
 9.99996717E-01
 9.99996678E-01
 9.99996638E-01
 9.99996599E-01
 9.99996559E-01
 9.99996520E-01
 9.99996480E-01
 9.99996440E-01
 9.99996401E-01
 9.99996361E-01
 9.99996322E-01
 9.99996282E-01
 9.99996243E-01
 9.99996203E-01
 9.99996164E-01
 9.99996124E-01
 9.99996084E-01
 9.99996045E-01
 9.99996005E-01
 9.99995966E-01
 9.99995926E-01
 9.99995887E-01
 9.99995847E-01
 9.99995808E-01
 9.99995768E-01
 9.99995728E-01
 9.99995689E-01
 9.99995649E-01
 9.99995610E-01
 9.99995570E-01
 9.99995531E-01
 9.99995491E-01
 9.99995452E-01
 9.99995412E-01
 9.99995373E-01
 9.99995333E-01
 9.99995293E-01
 9.99995254E-01
 9.99995214E-01
 9.99995175E-01
 9.99995135E-01
 9.99995096E-01
 9.99995056E-01
 9.99995165E-01
 9.99995323E-01
 9.99995481E-01
 9.99995640E-01
 9.99995798E-01
 9.99995956E-01
 9.99996114E-01
 9.99996272E-01
 9.99996431E-01
 9.99996589E-01
 9.99996747E-01
 9.99996905E-01
 9.99997063E-01
 9.99997222E-01
 9.99997380E-01
 9.99997538E-01
 9.99997696E-01
 9.99997854E-01
 9.99998013E-01
 9.99998171E-01
 9.99998329E-01
 9.99998487E-01
 9.99998645E-01
 9.99998804E-01
 9.99998962E-01
 9.99999120E-01
 9.99999278E-01
 9.99999436E-01
 9.99999595E-01
 9.99999753E-01
 9.99999911E-01
 9.99996890E-01
 9.99989783E-01
 9.99982676E-01
 9.99975568E-01
 9.99968461E-01
 9.99961353E-01
 9.99954246E-01
 9.99947138E-01
 9.93332009E-01
 9.82480969E-01
 9.71629928E-01
 9.60778888E-01
 9.44539789E-01
 9.25939632E-01
 9.06375866E-01
 8.86470503E-01
 8.68320389E-01
 8.50661743E-01
 8.35918444E-01
 8.17285284E-01
 8.01165565E-01
 7.85781527E-01
 7.70854735E-01
 7.56183772E-01
 7.42347141E-01
 7.28752477E-01
 7.15560143E-01
 7.02581000E-01
 6.90316211E-01
 6.78238886E-01
 6.66482914E-01
 6.54943558E-01
 6.44113656E-01
 6.33152063E-01
 6.22603120E-01
 6.12272946E-01
 6.02393331E-01
 5.92667101E-01
 5.83153085E-01
 5.73855617E-01
 5.64914147E-01
 5.56113668E-01
 5.47486288E-01
 5.39073396E-01
 5.30944628E-01
 5.22945973E-01
 5.15088690E-01
 5.07440885E-01
 5.00016266E-01
 4.92713090E-01
 4.85525661E-01
 4.78543557E-01
 4.71737736E-01
 4.65044050E-01
 4.58445081E-01
 4.52045931E-01
 4.45783752E-01
 4.39626673E-01
 4.33547175E-01
 4.27661579E-01
 4.21880741E-01
 4.16198480E-01
 4.10579459E-01
 4.05145745E-01
 3.99789741E-01
 3.94526448E-01
 3.89314461E-01
 3.84283973E-01
 3.79309929E-01
 3.74423284E-01
 3.69577975E-01
 3.64908139E-01
 3.60278307E-01
 3.55728509E-01
 3.51221834E-01
 3.46866551E-01
 3.42548390E-01
 3.38298872E-01
 3.34098057E-01
 3.30024477E-01
 3.25987580E-01
 3.22009564E-01
 3.18084613E-01
 3.14266244E-01
 3.10484032E-01
 3.06752296E-01
 3.03078138E-01
 2.99492746E-01
 2.95940950E-01
 2.92434019E-01
 2.88984782E-01
 2.85610190E-01
 2.82269780E-01
 2.78968437E-01
 2.75725286E-01
 2.72541607E-01
 2.69392490E-01
 2.66274282E-01
 2.63219175E-01
 2.60212139E-01
 2.57239878E-01
 2.54292888E-01
 2.51410766E-01
 2.48566048E-01
 2.45756173E-01
 2.42966661E-01
 2.40243292E-01
 2.37548079E-01
 2.34887656E-01
 2.32243317E-01
 2.29665982E-01
 2.27108777E-01
 2.24586208E-01
 2.22075986E-01
 2.19633288E-01
 2.17203744E-01
 2.14808600E-01
 2.12423578E-01
 2.10104519E-01
 2.07794914E-01
 2.05516488E-01
 2.03251287E-01
 2.01042722E-01
 1.98844867E-01
 1.96674040E-01
 1.94519788E-01
 1.92413659E-01
 1.90319313E-01
 1.88248296E-01
 1.86196852E-01
 1.84186477E-01
 1.82188798E-01
 1.80211148E-01
 1.78255597E-01
 1.76334602E-01
 1.74427044E-01
 1.72536518E-01
 1.70670269E-01
 1.68832782E-01
 1.67009417E-01
 1.65200495E-01
 1.63417661E-01
 1.61658365E-01
 1.59913717E-01
 1.58181172E-01
 1.56476284E-01
 1.54790286E-01
 1.53119404E-01
 1.51458486E-01
 1.49826538E-01
 1.48209349E-01
 1.46607641E-01
 1.45014001E-01
 1.43450417E-01
 1.41897880E-01
 1.40361119E-01
 1.38830723E-01
 1.37331113E-01
 1.35839210E-01
 1.34363315E-01
 1.32892254E-01
 1.31452942E-01
 1.30018466E-01
 1.28601758E-01
 1.27186662E-01
 1.25804333E-01
 1.24423662E-01
 1.23059787E-01
 1.21700227E-01
 1.20368844E-01
 1.19040526E-01
 1.17726583E-01
 1.16419364E-01
 1.15136162E-01
 1.13857278E-01
 1.12590575E-01
 1.11332741E-01
 1.10095152E-01
 1.08862994E-01
 1.07641028E-01
 1.06429842E-01
 1.05235476E-01
 1.04047531E-01
 1.02867973E-01
 1.01700897E-01
 1.00547528E-01
 9.94014597E-02
 9.82621416E-02
 9.71368145E-02
 9.60223691E-02
 9.49160022E-02
 9.38148994E-02
 9.27291276E-02
 9.16516679E-02
 9.05829763E-02
 8.95181981E-02
 8.84699383E-02
 8.74276533E-02
 8.63947459E-02
 8.53645245E-02
 8.43518714E-02
 8.33430666E-02
 8.23441767E-02
 8.13468570E-02
 8.03680318E-02
 7.93911198E-02
 7.84245952E-02
 7.74586263E-02
 7.65153791E-02
 7.55724359E-02
 7.46329231E-02
 7.36953856E-02
 7.27811559E-02
 7.18673357E-02
 7.09564882E-02
 7.00496085E-02
 6.91629461E-02
 6.82769503E-02
 6.73935079E-02
 6.65158067E-02
 6.56553290E-02
 6.47957501E-02
 6.39383405E-02
 6.30883554E-02
 6.22530467E-02
 6.14188465E-02
 6.05864635E-02
 5.97630051E-02
 5.89517769E-02
 5.81418464E-02
 5.73334100E-02
 5.65352654E-02
 5.57470959E-02
 5.49603895E-02
 5.41748763E-02
 5.34008959E-02
 5.26348062E-02
 5.18703390E-02
 5.11067974E-02
 5.03559127E-02
 4.96109926E-02
 4.88678332E-02
 4.81253494E-02
 4.73965456E-02
 4.66719294E-02
 4.59491983E-02
 4.52269135E-02
 4.45192360E-02
 4.38141049E-02
 4.31109704E-02
 4.24080714E-02
 4.17206199E-02
 4.10341981E-02
 4.03498733E-02
 3.96659613E-02
 3.89975142E-02
 3.83292032E-02
 3.76628063E-02
 3.69980748E-02
 3.63469054E-02
 3.56960356E-02
 3.50468327E-02
 3.44004912E-02
 3.37659382E-02
 3.31318349E-02
 3.24991693E-02
 3.18704697E-02
 3.12519050E-02
 3.06339281E-02
 3.00171760E-02
 2.94057298E-02
 2.88034276E-02
 2.82011254E-02
 2.75988232E-02
 2.70032231E-02
 2.64157115E-02
 2.58281999E-02
 2.52406884E-02
 2.46608598E-02
 2.40876007E-02
 2.35143416E-02
 2.29410825E-02
 2.23764110E-02
 2.18168921E-02
 2.12573731E-02
 2.06978542E-02
 2.01477566E-02
 1.96014898E-02
 1.90552229E-02
 1.85089560E-02
 1.79728787E-02
 1.74393987E-02
 1.69059187E-02
 1.63724386E-02
 1.58498553E-02
 1.53287185E-02
 1.48075816E-02
 1.42864447E-02
 1.37768551E-02
 1.32676380E-02
 1.27584209E-02
 1.22498335E-02
 1.17521319E-02
 1.12544303E-02
 1.07567287E-02
 1.02608153E-02
 9.77583014E-03
 9.29084498E-03
 8.80585983E-03
 8.32259335E-03
 7.84519405E-03
 7.36779476E-03
 6.89039547E-03
 6.41720890E-03
 5.95329033E-03
 5.48937175E-03
 5.02545318E-03
 4.56436214E-03
 4.10754014E-03
 3.65071814E-03
 3.19389614E-03
 2.74251521E-03
 2.29692640E-03
 1.85133759E-03
 1.40574877E-03
 9.89480908E-04
 5.95304172E-04
 2.61179668E-04
 3.72894913E-05
-1.49947097E-06
-1.39950624E-06
-1.29954151E-06
-1.19957678E-06
-1.09961205E-06
-9.99647314E-07
-8.99682583E-07
-7.99717851E-07
-6.99753120E-07
-5.99788388E-07
-4.99823657E-07
-3.99858926E-07
-2.99894194E-07
-1.99929463E-07
-9.99647314E-08
 6.06786398E-01
 8.54562273E-01
 9.30546005E-01
 9.99999882E-01
 9.99999852E-01
 9.99999822E-01
 9.99999793E-01
 9.99999763E-01
 9.99999734E-01
 9.99999704E-01
 9.99999675E-01
 9.99999645E-01
 9.99999615E-01
 9.99999586E-01
 9.99999556E-01
 9.99999527E-01
 9.99999497E-01
 9.99999467E-01
 9.99999438E-01
 9.99999408E-01
 9.99999379E-01
 9.99999349E-01
 9.99999320E-01
 9.99999290E-01
 9.99999260E-01
 9.99999231E-01
 9.99999201E-01
 9.99999172E-01
 9.99999142E-01
 9.99999112E-01
 9.99999083E-01
 9.99999053E-01
 9.99999024E-01
 9.99998994E-01
 9.99998965E-01
 9.99998935E-01
 9.99998905E-01
 9.99998876E-01
 9.99998846E-01
 9.99998817E-01
 9.99998787E-01
 9.99998757E-01
 9.99998728E-01
 9.99998698E-01
 9.99998669E-01
 9.99998639E-01
 9.99998609E-01
 9.99998580E-01
 9.99998550E-01
 9.99998521E-01
 9.99998491E-01
 9.99998462E-01
 9.99998432E-01
 9.99998402E-01
 9.99998373E-01
 9.99998343E-01
 9.99998314E-01
 9.99998284E-01
 9.99998254E-01
 9.99998225E-01
 9.99998195E-01
 9.99998166E-01
 9.99998136E-01
 9.99998107E-01
 9.99998077E-01
 9.99998047E-01
 9.99998018E-01
 9.99997988E-01
 9.99997959E-01
 9.99997929E-01
 9.99997899E-01
 9.99997870E-01
 9.99997840E-01
 9.99997811E-01
 9.99997781E-01
 9.99997752E-01
 9.99997722E-01
 9.99997692E-01
 9.99997663E-01
 9.99997633E-01
 9.99997604E-01
 9.99997574E-01
 9.99997544E-01
 9.99997515E-01
 9.99997485E-01
 9.99997456E-01
 9.99997426E-01
 9.99997396E-01
 9.99997367E-01
 9.99997337E-01
 9.99997308E-01
 9.99997278E-01
 9.99997249E-01
 9.99997219E-01
 9.99997189E-01
 9.99997160E-01
 9.99997130E-01
 9.99997101E-01
 9.99997071E-01
 9.99997041E-01
 9.99997012E-01
 9.99996982E-01
 9.99996953E-01
 9.99996923E-01
 9.99996894E-01
 9.99996864E-01
 9.99996834E-01
 9.99996805E-01
 9.99996775E-01
 9.99996746E-01
 9.99996716E-01
 9.99996686E-01
 9.99996657E-01
 9.99996627E-01
 9.99996598E-01
 9.99996568E-01
 9.99996539E-01
 9.99996509E-01
 9.99996479E-01
 9.99996450E-01
 9.99996420E-01
 9.99996391E-01
 9.99996361E-01
 9.99996331E-01
 9.99996302E-01
 9.99996383E-01
 9.99996502E-01
 9.99996620E-01
 9.99996738E-01
 9.99996857E-01
 9.99996975E-01
 9.99997093E-01
 9.99997212E-01
 9.99997330E-01
 9.99997448E-01
 9.99997567E-01
 9.99997685E-01
 9.99997803E-01
 9.99997922E-01
 9.99998040E-01
 9.99998158E-01
 9.99998277E-01
 9.99998395E-01
 9.99998513E-01
 9.99998632E-01
 9.99998750E-01
 9.99998868E-01
 9.99998987E-01
 9.99999105E-01
 9.99999223E-01
 9.99999342E-01
 9.99999460E-01
 9.99999578E-01
 9.99999697E-01
 9.99999815E-01
 9.99999933E-01
 9.99997666E-01
 9.99992333E-01
 9.99986999E-01
 9.99981665E-01
 9.99976331E-01
 9.99970997E-01
 9.99965664E-01
 9.99960330E-01
 9.93677291E-01
 9.83370083E-01
 9.73062875E-01
 9.62755667E-01
 9.46676778E-01
 9.28068727E-01
 9.08474658E-01
 8.88531049E-01
 8.70318443E-01
 8.52590517E-01
 8.37845737E-01
 8.19120634E-01
 8.02933910E-01
 7.87494844E-01
 7.72523657E-01
 7.57814249E-01
 7.43927097E-01
 7.30285991E-01
 7.17056572E-01
 7.04044226E-01
 6.91736417E-01
 6.79620432E-01
 6.67833274E-01
 6.56264820E-01
 6.45401676E-01
 6.34403779E-01
 6.23828129E-01
 6.13472061E-01
 6.03561041E-01
 5.93806973E-01
 5.84270055E-01
 5.74949449E-01
 5.65980635E-01
 5.57156090E-01
 5.48508671E-01
 5.40074853E-01
 5.31922300E-01
 5.23902884E-01
 5.16028129E-01
 5.08361336E-01
 5.00915681E-01
 4.93594294E-01
 4.86391346E-01
 4.79391898E-01
 4.72567533E-01
 4.65857912E-01
 4.59245210E-01
 4.52830228E-01
 4.46551620E-01
 4.40380556E-01
 4.34288877E-01
 4.28388771E-01
 4.22593284E-01
 4.16898668E-01
 4.11268762E-01
 4.05821678E-01
 4.00452543E-01
 3.95178275E-01
 3.89956506E-01
 3.84913666E-01
 3.79927815E-01
 3.75031396E-01
 3.70177274E-01
 3.65495995E-01
 3.60855545E-01
 3.56296989E-01
 3.51782126E-01
 3.47416442E-01
 3.43088743E-01
 3.38831283E-01
 3.34622784E-01
 3.30539756E-01
 3.26494263E-01
 3.22509019E-01
 3.18576841E-01
 3.14749860E-01
 3.10959877E-01
 3.07221543E-01
 3.03540600E-01
 2.99947359E-01
 2.96388495E-01
 2.92875540E-01
 2.89419856E-01
 2.86038055E-01
 2.82691232E-01
 2.79384384E-01
 2.76135151E-01
 2.72944845E-01
 2.69789905E-01
 2.66666591E-01
 2.63605738E-01
 2.60592584E-01
 2.57615013E-01
 2.54663301E-01
 2.51775736E-01
 2.48925357E-01
 2.46110631E-01
 2.43316741E-01
 2.40588208E-01
 2.37887744E-01
 2.35222879E-01
 2.32574471E-01
 2.29992231E-01
 2.27430145E-01
 2.24903501E-01
 2.22389491E-01
 2.19942125E-01
 2.17508036E-01
 2.15109145E-01
 2.12720575E-01
 2.10397092E-01
 2.08083282E-01
 2.05801376E-01
 2.03532772E-01
 2.01320073E-01
 1.99118333E-01
 1.96944250E-01
 1.94786746E-01
 1.92676832E-01
 1.90578975E-01
 1.88504990E-01
 1.86450491E-01
 1.84436572E-01
 1.82435646E-01
 1.80455213E-01
 1.78496727E-01
 1.76572409E-01
 1.74661841E-01
 1.72768700E-01
 1.70899627E-01
 1.69059022E-01
 1.67232866E-01
 1.65421488E-01
 1.63635939E-01
 1.61873710E-01
 1.60126471E-01
 1.58391615E-01
 1.56684113E-01
 1.54995355E-01
 1.53322062E-01
 1.51658966E-01
 1.50024500E-01
 1.48404708E-01
 1.46800758E-01
 1.45205062E-01
 1.43639051E-01
 1.42084059E-01
 1.40545209E-01
 1.39012872E-01
 1.37510852E-01
 1.36016549E-01
 1.34538625E-01
 1.33065648E-01
 1.31623998E-01
 1.30187247E-01
 1.28768680E-01
 1.27351707E-01
 1.25967175E-01
 1.24584340E-01
 1.23218691E-01
 1.21857315E-01
 1.20523833E-01
 1.19193489E-01
 1.17877853E-01
 1.16568875E-01
 1.15283673E-01
 1.14002889E-01
 1.12734568E-01
 1.11475030E-01
 1.10235531E-01
 1.09001591E-01
 1.07778079E-01
 1.06565239E-01
 1.05369050E-01
 1.04179431E-01
 1.02998394E-01
 1.01829713E-01
 1.00674602E-01
 9.95269595E-02
 9.83862252E-02
 9.72593403E-02
 9.61432272E-02
 9.50353805E-02
 9.39329203E-02
 9.28456358E-02
 9.17665791E-02
 9.06964944E-02
 8.96304143E-02
 8.85806848E-02
 8.75368694E-02
 8.65026497E-02
 8.54711785E-02
 8.44570969E-02
 8.34468244E-02
 8.24466975E-02
 8.14481773E-02
 8.04679630E-02
 7.94896424E-02
 7.85219508E-02
 7.75548279E-02
 7.66103089E-02
 7.56660958E-02
 7.47253929E-02
 7.37866627E-02
 7.28712102E-02
 7.19561767E-02
 7.10441851E-02
 7.01361557E-02
 6.92483151E-02
 6.83611567E-02
 6.74766111E-02
 6.65977962E-02
 6.57361734E-02
 6.48754704E-02
 6.40169872E-02
 6.31659185E-02
 6.23295064E-02
 6.14942287E-02
 6.06608104E-02
 5.98363047E-02
 5.90240126E-02
 5.82130485E-02
 5.74036132E-02
 5.66044558E-02
 5.58152601E-02
 5.50275615E-02
 5.42410839E-02
 5.34661235E-02
 5.26990431E-02
 5.19336229E-02
 5.11691498E-02
 5.04173163E-02
 4.96714394E-02
 4.89273641E-02
 4.81839801E-02
 4.74542573E-02
 4.67287165E-02
 4.60051046E-02
 4.52819493E-02
 4.45733813E-02
 4.38673561E-02
 4.31633741E-02
 4.24596330E-02
 4.17713180E-02
 4.10840315E-02
 4.03988905E-02
 3.97141629E-02
 3.90448788E-02
 3.83757340E-02
 3.77085477E-02
 3.70430247E-02
 3.63910448E-02
 3.57393714E-02
 3.50894039E-02
 3.44422936E-02
 3.38069555E-02
 3.31720775E-02
 3.25386707E-02
 3.19092243E-02
 3.12898987E-02
 3.06711745E-02
 3.00537037E-02
 2.94415391E-02
 2.88385194E-02
 2.82354996E-02
 2.76324799E-02
 2.70361718E-02
 2.64479640E-02
 2.58597562E-02
 2.52715484E-02
 2.46910346E-02
 2.41170997E-02
 2.35431649E-02
 2.29692300E-02
 2.24038949E-02
 2.18437197E-02
 2.12835445E-02
 2.07233693E-02
 2.01726288E-02
 1.96257245E-02
 1.90788201E-02
 1.85319157E-02
 1.79952152E-02
 1.74611156E-02
 1.69270160E-02
 1.63929165E-02
 1.58697288E-02
 1.53479896E-02
 1.48262505E-02
 1.43045113E-02
 1.37943354E-02
 1.32845325E-02
 1.27747296E-02
 1.22655573E-02
 1.17672858E-02
 1.12690143E-02
 1.07707428E-02
 1.02742503E-02
 9.78862961E-03
 9.30300895E-03
 8.81738828E-03
 8.33352626E-03
 7.85566787E-03
 7.37780948E-03
 6.89995109E-03
 6.42626090E-03
 5.96174072E-03
 5.49722054E-03
 5.03270036E-03
 4.57107348E-03
 4.11381491E-03
 3.65655635E-03
 3.19929778E-03
 2.74744993E-03
 2.30136188E-03
 1.85527383E-03
 1.40918577E-03
 9.91136790E-04
 5.94213128E-04
 2.58738263E-04
 3.60613144E-05
-1.42752331E-06
-1.33235509E-06
-1.23718687E-06
-1.14201865E-06
-1.04685042E-06
-9.51682204E-07
-8.56513984E-07
-7.61345763E-07
-6.66177543E-07
-5.71009323E-07
-4.75841102E-07
-3.80672882E-07
-2.85504661E-07
-1.90336441E-07
-9.51682204E-08
 6.14770439E-01
 8.62371027E-01
 9.34275103E-01
 9.99999922E-01
 9.99999902E-01
 9.99999882E-01
 9.99999863E-01
 9.99999843E-01
 9.99999823E-01
 9.99999804E-01
 9.99999784E-01
 9.99999765E-01
 9.99999745E-01
 9.99999725E-01
 9.99999706E-01
 9.99999686E-01
 9.99999666E-01
 9.99999647E-01
 9.99999627E-01
 9.99999608E-01
 9.99999588E-01
 9.99999568E-01
 9.99999549E-01
 9.99999529E-01
 9.99999510E-01
 9.99999490E-01
 9.99999470E-01
 9.99999451E-01
 9.99999431E-01
 9.99999411E-01
 9.99999392E-01
 9.99999372E-01
 9.99999353E-01
 9.99999333E-01
 9.99999313E-01
 9.99999294E-01
 9.99999274E-01
 9.99999254E-01
 9.99999235E-01
 9.99999215E-01
 9.99999196E-01
 9.99999176E-01
 9.99999156E-01
 9.99999137E-01
 9.99999117E-01
 9.99999097E-01
 9.99999078E-01
 9.99999058E-01
 9.99999039E-01
 9.99999019E-01
 9.99998999E-01
 9.99998980E-01
 9.99998960E-01
 9.99998941E-01
 9.99998921E-01
 9.99998901E-01
 9.99998882E-01
 9.99998862E-01
 9.99998842E-01
 9.99998823E-01
 9.99998803E-01
 9.99998784E-01
 9.99998764E-01
 9.99998744E-01
 9.99998725E-01
 9.99998705E-01
 9.99998685E-01
 9.99998666E-01
 9.99998646E-01
 9.99998627E-01
 9.99998607E-01
 9.99998587E-01
 9.99998568E-01
 9.99998548E-01
 9.99998529E-01
 9.99998509E-01
 9.99998489E-01
 9.99998470E-01
 9.99998450E-01
 9.99998430E-01
 9.99998411E-01
 9.99998391E-01
 9.99998372E-01
 9.99998352E-01
 9.99998332E-01
 9.99998313E-01
 9.99998293E-01
 9.99998273E-01
 9.99998254E-01
 9.99998234E-01
 9.99998215E-01
 9.99998195E-01
 9.99998175E-01
 9.99998156E-01
 9.99998136E-01
 9.99998117E-01
 9.99998097E-01
 9.99998077E-01
 9.99998058E-01
 9.99998038E-01
 9.99998018E-01
 9.99997999E-01
 9.99997979E-01
 9.99997960E-01
 9.99997940E-01
 9.99997920E-01
 9.99997901E-01
 9.99997881E-01
 9.99997861E-01
 9.99997842E-01
 9.99997822E-01
 9.99997803E-01
 9.99997783E-01
 9.99997763E-01
 9.99997744E-01
 9.99997724E-01
 9.99997704E-01
 9.99997685E-01
 9.99997665E-01
 9.99997646E-01
 9.99997626E-01
 9.99997606E-01
 9.99997587E-01
 9.99997567E-01
 9.99997548E-01
 9.99997601E-01
 9.99997680E-01
 9.99997758E-01
 9.99997837E-01
 9.99997915E-01
 9.99997994E-01
 9.99998072E-01
 9.99998151E-01
 9.99998229E-01
 9.99998308E-01
 9.99998386E-01
 9.99998465E-01
 9.99998543E-01
 9.99998622E-01
 9.99998700E-01
 9.99998779E-01
 9.99998857E-01
 9.99998936E-01
 9.99999014E-01
 9.99999093E-01
 9.99999171E-01
 9.99999250E-01
 9.99999328E-01
 9.99999407E-01
 9.99999485E-01
 9.99999563E-01
 9.99999642E-01
 9.99999720E-01
 9.99999799E-01
 9.99999877E-01
 9.99999956E-01
 9.99998452E-01
 9.99994915E-01
 9.99991378E-01
 9.99987841E-01
 9.99984304E-01
 9.99980767E-01
 9.99977230E-01
 9.99973692E-01
 9.94022767E-01
 9.84259414E-01
 9.74496061E-01
 9.64732708E-01
 9.48814054E-01
 9.30198132E-01
 9.10573783E-01
 8.90591950E-01
 8.72316875E-01
 8.54519692E-01
 8.39773454E-01
 8.20956431E-01
 8.04702726E-01
 7.89208655E-01
 7.74193096E-01
 7.59445265E-01
 7.45507616E-01
 7.31820090E-01
 7.18553609E-01
 7.05508084E-01
 6.93157278E-01
 6.81002656E-01
 6.69184334E-01
 6.57586801E-01
 6.46690404E-01
 6.35656192E-01
 6.25053822E-01
 6.14671849E-01
 6.04729412E-01
 5.94947495E-01
 5.85387663E-01
 5.76043907E-01
 5.67047737E-01
 5.58199116E-01
 5.49531645E-01
 5.41076892E-01
 5.32900540E-01
 5.24860354E-01
 5.16968114E-01
 5.09282322E-01
 5.01815620E-01
 4.94476010E-01
 4.87257531E-01
 4.80240727E-01
 4.73397807E-01
 4.66672239E-01
 4.60045793E-01
 4.53614969E-01
 4.47319920E-01
 4.41134859E-01
 4.35030987E-01
 4.29116359E-01
 4.23306213E-01
 4.17599230E-01
 4.11958428E-01
 4.06497962E-01
 4.01115685E-01
 3.95830430E-01
 3.90598867E-01
 3.85543664E-01
 3.80545995E-01
 3.75639789E-01
 3.70776843E-01
 3.66084110E-01
 3.61433030E-01
 3.56865706E-01
 3.52342643E-01
 3.47966546E-01
 3.43629298E-01
 3.39363884E-01
 3.35147690E-01
 3.31055201E-01
 3.27001100E-01
 3.23008618E-01
 3.19069202E-01
 3.15233597E-01
 3.11435831E-01
 3.07690889E-01
 3.04003148E-01
 3.00402047E-01
 2.96836104E-01
 2.93317112E-01
 2.89854970E-01
 2.86465949E-01
 2.83112701E-01
 2.79800336E-01
 2.76545017E-01
 2.73348083E-01
 2.70187319E-01
 2.67058900E-01
 2.63992302E-01
 2.60973029E-01
 2.57990149E-01
 2.55033714E-01
 2.52140707E-01
 2.49284666E-01
 2.46465088E-01
 2.43666820E-01
 2.40933124E-01
 2.38227409E-01
 2.35558102E-01
 2.32905626E-01
 2.30318480E-01
 2.27751513E-01
 2.25220793E-01
 2.22702995E-01
 2.20250963E-01
 2.17812328E-01
 2.15409691E-01
 2.13017572E-01
 2.10689664E-01
 2.08371649E-01
 2.06086264E-01
 2.03814257E-01
 2.01597424E-01
 1.99391799E-01
 1.97214459E-01
 1.95053703E-01
 1.92940005E-01
 1.90838637E-01
 1.88761684E-01
 1.86704129E-01
 1.84686668E-01
 1.82682494E-01
 1.80699279E-01
 1.78737857E-01
 1.76810215E-01
 1.74896637E-01
 1.73000882E-01
 1.71128986E-01
 1.69285261E-01
 1.67456315E-01
 1.65642482E-01
 1.63854218E-01
 1.62089056E-01
 1.60339225E-01
 1.58602058E-01
 1.56891942E-01
 1.55200423E-01
 1.53524721E-01
 1.51859447E-01
 1.50222463E-01
 1.48600067E-01
 1.46993874E-01
 1.45396123E-01
 1.43827686E-01
 1.42270237E-01
 1.40729299E-01
 1.39195021E-01
 1.37690591E-01
 1.36193887E-01
 1.34713935E-01
 1.33239042E-01
 1.31795053E-01
 1.30356029E-01
 1.28935601E-01
 1.27516752E-01
 1.26130017E-01
 1.24745018E-01
 1.23377595E-01
 1.22014402E-01
 1.20678823E-01
 1.19346452E-01
 1.18029124E-01
 1.16718385E-01
 1.15431183E-01
 1.14148499E-01
 1.12878562E-01
 1.11617318E-01
 1.10375910E-01
 1.09140187E-01
 1.07915130E-01
 1.06700636E-01
 1.05502624E-01
 1.04311330E-01
 1.03128815E-01
 1.01958529E-01
 1.00801675E-01
 9.96524593E-02
 9.85103087E-02
 9.73818661E-02
 9.62640853E-02
 9.51547588E-02
 9.40509411E-02
 9.29621439E-02
 9.18814902E-02
 9.08100126E-02
 8.97426304E-02
 8.86914312E-02
 8.76460855E-02
 8.66105535E-02
 8.55778325E-02
 8.45623224E-02
 8.35505823E-02
 8.25492183E-02
 8.15494975E-02
 8.05678942E-02
 7.95881651E-02
 7.86193065E-02
 7.76510295E-02
 7.67052387E-02
 7.57597557E-02
 7.48178627E-02
 7.38779399E-02
 7.29612645E-02
 7.20450178E-02
 7.11318819E-02
 7.02227028E-02
 6.93336841E-02
 6.84453631E-02
 6.75597143E-02
 6.66797857E-02
 6.58170179E-02
 6.49551908E-02
 6.40956339E-02
 6.32434815E-02
 6.24059661E-02
 6.15696109E-02
 6.07351572E-02
 5.99096042E-02
 5.90962483E-02
 5.82842506E-02
 5.74738164E-02
 5.66736463E-02
 5.58834243E-02
 5.50947335E-02
 5.43072915E-02
 5.35313510E-02
 5.27632799E-02
 5.19969067E-02
 5.12315022E-02
 5.04787200E-02
 4.97318862E-02
 4.89868950E-02
 4.82426108E-02
 4.75119691E-02
 4.67855036E-02
 4.60610109E-02
 4.53369851E-02
 4.46275266E-02
 4.39206074E-02
 4.32157778E-02
 4.25111945E-02
 4.18220162E-02
 4.11338648E-02
 4.04479078E-02
 3.97623646E-02
 3.90922434E-02
 3.84222648E-02
 3.77542892E-02
 3.70879745E-02
 3.64351841E-02
 3.57827073E-02
 3.51319750E-02
 3.44840961E-02
 3.38479728E-02
 3.32123201E-02
 3.25781721E-02
 3.19479789E-02
 3.13278924E-02
 3.07084209E-02
 3.00902313E-02
 2.94773484E-02
 2.88736111E-02
 2.82698738E-02
 2.76661365E-02
 2.70691206E-02
 2.64802166E-02
 2.58913126E-02
 2.53024085E-02
 2.47212095E-02
 2.41465988E-02
 2.35719881E-02
 2.29973774E-02
 2.24313788E-02
 2.18705473E-02
 2.13097159E-02
 2.07488844E-02
 2.01975010E-02
 1.96499591E-02
 1.91024173E-02
 1.85548754E-02
 1.80175516E-02
 1.74828325E-02
 1.69481134E-02
 1.64133943E-02
 1.58896023E-02
 1.53672608E-02
 1.48449193E-02
 1.43225778E-02
 1.38118156E-02
 1.33014270E-02
 1.27910383E-02
 1.22812811E-02
 1.17824397E-02
 1.12835983E-02
 1.07847569E-02
 1.02876853E-02
 9.80142909E-03
 9.31517291E-03
 8.82891674E-03
 8.34445917E-03
 7.86614169E-03
 7.38782420E-03
 6.90950672E-03
 6.43531289E-03
 5.97019111E-03
 5.50506933E-03
 5.03994755E-03
 4.57778482E-03
 4.12008969E-03
 3.66239455E-03
 3.20469942E-03
 2.75238464E-03
 2.30579735E-03
 1.85921007E-03
 1.41262278E-03
 9.92792671E-04
 5.93122085E-04
 2.56296859E-04
 3.48331375E-05
-1.35557564E-06
-1.26520393E-06
-1.17483222E-06
-1.08446051E-06
-9.94088804E-07
-9.03717095E-07
-8.13345385E-07
-7.22973676E-07
-6.32601966E-07
-5.42230257E-07
-4.51858547E-07
-3.61486838E-07
-2.71115128E-07
-1.80743419E-07
-9.03717095E-08
 6.22754481E-01
 8.70179781E-01
 9.38004202E-01
 9.99999961E-01
 9.99999952E-01
 9.99999942E-01
 9.99999932E-01
 9.99999923E-01
 9.99999913E-01
 9.99999903E-01
 9.99999894E-01
 9.99999884E-01
 9.99999874E-01
 9.99999865E-01
 9.99999855E-01
 9.99999846E-01
 9.99999836E-01
 9.99999826E-01
 9.99999817E-01
 9.99999807E-01
 9.99999797E-01
 9.99999788E-01
 9.99999778E-01
 9.99999768E-01
 9.99999759E-01
 9.99999749E-01
 9.99999739E-01
 9.99999730E-01
 9.99999720E-01
 9.99999710E-01
 9.99999701E-01
 9.99999691E-01
 9.99999681E-01
 9.99999672E-01
 9.99999662E-01
 9.99999652E-01
 9.99999643E-01
 9.99999633E-01
 9.99999623E-01
 9.99999614E-01
 9.99999604E-01
 9.99999595E-01
 9.99999585E-01
 9.99999575E-01
 9.99999566E-01
 9.99999556E-01
 9.99999546E-01
 9.99999537E-01
 9.99999527E-01
 9.99999517E-01
 9.99999508E-01
 9.99999498E-01
 9.99999488E-01
 9.99999479E-01
 9.99999469E-01
 9.99999459E-01
 9.99999450E-01
 9.99999440E-01
 9.99999430E-01
 9.99999421E-01
 9.99999411E-01
 9.99999401E-01
 9.99999392E-01
 9.99999382E-01
 9.99999372E-01
 9.99999363E-01
 9.99999353E-01
 9.99999344E-01
 9.99999334E-01
 9.99999324E-01
 9.99999315E-01
 9.99999305E-01
 9.99999295E-01
 9.99999286E-01
 9.99999276E-01
 9.99999266E-01
 9.99999257E-01
 9.99999247E-01
 9.99999237E-01
 9.99999228E-01
 9.99999218E-01
 9.99999208E-01
 9.99999199E-01
 9.99999189E-01
 9.99999179E-01
 9.99999170E-01
 9.99999160E-01
 9.99999150E-01
 9.99999141E-01
 9.99999131E-01
 9.99999121E-01
 9.99999112E-01
 9.99999102E-01
 9.99999093E-01
 9.99999083E-01
 9.99999073E-01
 9.99999064E-01
 9.99999054E-01
 9.99999044E-01
 9.99999035E-01
 9.99999025E-01
 9.99999015E-01
 9.99999006E-01
 9.99998996E-01
 9.99998986E-01
 9.99998977E-01
 9.99998967E-01
 9.99998957E-01
 9.99998948E-01
 9.99998938E-01
 9.99998928E-01
 9.99998919E-01
 9.99998909E-01
 9.99998899E-01
 9.99998890E-01
 9.99998880E-01
 9.99998870E-01
 9.99998861E-01
 9.99998851E-01
 9.99998841E-01
 9.99998832E-01
 9.99998822E-01
 9.99998813E-01
 9.99998803E-01
 9.99998793E-01
 9.99998820E-01
 9.99998858E-01
 9.99998897E-01
 9.99998936E-01
 9.99998974E-01
 9.99999013E-01
 9.99999051E-01
 9.99999090E-01
 9.99999129E-01
 9.99999167E-01
 9.99999206E-01
 9.99999245E-01
 9.99999283E-01
 9.99999322E-01
 9.99999360E-01
 9.99999399E-01
 9.99999438E-01
 9.99999476E-01
 9.99999515E-01
 9.99999553E-01
 9.99999592E-01
 9.99999631E-01
 9.99999669E-01
 9.99999708E-01
 9.99999747E-01
 9.99999785E-01
 9.99999824E-01
 9.99999862E-01
 9.99999901E-01
 9.99999940E-01
 9.99999978E-01
 9.99999239E-01
 9.99997498E-01
 9.99995758E-01
 9.99994017E-01
 9.99992277E-01
 9.99990536E-01
 9.99988795E-01
 9.99987055E-01
 9.94368244E-01
 9.85148746E-01
 9.75929248E-01
 9.66709750E-01
 9.50951329E-01
 9.32327536E-01
 9.12672908E-01
 8.92652850E-01
 8.74315307E-01
 8.56448868E-01
 8.41701171E-01
 8.22792228E-01
 8.06471541E-01
 7.90922465E-01
 7.75862534E-01
 7.61076282E-01
 7.47088134E-01
 7.33354189E-01
 7.20050645E-01
 7.06971942E-01
 6.94578139E-01
 6.82384880E-01
 6.70535394E-01
 6.58908781E-01
 6.47979132E-01
 6.36908604E-01
 6.26279515E-01
 6.15871636E-01
 6.05897783E-01
 5.96088017E-01
 5.86505271E-01
 5.77138366E-01
 5.68114840E-01
 5.59242142E-01
 5.50554620E-01
 5.42078930E-01
 5.33878781E-01
 5.25817823E-01
 5.17908099E-01
 5.10203308E-01
 5.02715559E-01
 4.95357726E-01
 4.88123716E-01
 4.81089556E-01
 4.74228082E-01
 4.67486567E-01
 4.60846376E-01
 4.54399710E-01
 4.48088219E-01
 4.41889162E-01
 4.35773097E-01
 4.29843947E-01
 4.24019142E-01
 4.18299792E-01
 4.12648093E-01
 4.07174246E-01
 4.01778826E-01
 3.96482585E-01
 3.91241229E-01
 3.86173662E-01
 3.81164174E-01
 3.76248183E-01
 3.71376411E-01
 3.66672225E-01
 3.62010515E-01
 3.57434422E-01
 3.52903161E-01
 3.48516650E-01
 3.44169852E-01
 3.39896486E-01
 3.35672596E-01
 3.31570646E-01
 3.27507938E-01
 3.23508218E-01
 3.19561562E-01
 3.15717334E-01
 3.11911785E-01
 3.08160234E-01
 3.04465696E-01
 3.00856734E-01
 2.97283712E-01
 2.93758685E-01
 2.90290083E-01
 2.86893843E-01
 2.83534170E-01
 2.80216288E-01
 2.76954882E-01
 2.73751321E-01
 2.70584733E-01
 2.67451209E-01
 2.64378865E-01
 2.61353474E-01
 2.58365284E-01
 2.55404128E-01
 2.52505677E-01
 2.49643974E-01
 2.46819545E-01
 2.44016900E-01
 2.41278040E-01
 2.38567073E-01
 2.35893324E-01
 2.33236780E-01
 2.30644729E-01
 2.28072881E-01
 2.25538086E-01
 2.23016499E-01
 2.20559801E-01
 2.18116619E-01
 2.15710237E-01
 2.13314569E-01
 2.10982236E-01
 2.08660017E-01
 2.06371153E-01
 2.04095742E-01
 2.01874775E-01
 1.99665265E-01
 1.97484669E-01
 1.95320661E-01
 1.93203177E-01
 1.91098300E-01
 1.89018378E-01
 1.86957768E-01
 1.84936763E-01
 1.82929341E-01
 1.80943345E-01
 1.78978986E-01
 1.77048022E-01
 1.75131434E-01
 1.73233064E-01
 1.71358344E-01
 1.69511500E-01
 1.67679763E-01
 1.65863476E-01
 1.64072497E-01
 1.62304402E-01
 1.60551978E-01
 1.58812501E-01
 1.57099772E-01
 1.55405491E-01
 1.53727379E-01
 1.52059927E-01
 1.50420425E-01
 1.48795427E-01
 1.47186990E-01
 1.45587184E-01
 1.44016320E-01
 1.42456416E-01
 1.40913389E-01
 1.39377171E-01
 1.37870330E-01
 1.36371225E-01
 1.34889244E-01
 1.33412436E-01
 1.31966108E-01
 1.30524811E-01
 1.29102522E-01
 1.27681797E-01
 1.26292859E-01
 1.24905695E-01
 1.23536500E-01
 1.22171490E-01
 1.20833813E-01
 1.19499415E-01
 1.18180394E-01
 1.16867896E-01
 1.15578693E-01
 1.14294109E-01
 1.13022556E-01
 1.11759606E-01
 1.10516290E-01
 1.09278784E-01
 1.08052181E-01
 1.06836033E-01
 1.05636197E-01
 1.04443230E-01
 1.03259236E-01
 1.02087345E-01
 1.00928748E-01
 9.97779592E-02
 9.86343922E-02
 9.75043919E-02
 9.63849434E-02
 9.52741370E-02
 9.41689620E-02
 9.30786520E-02
 9.19964014E-02
 9.09235307E-02
 8.98548466E-02
 8.88021777E-02
 8.77553016E-02
 8.67184574E-02
 8.56844866E-02
 8.46675479E-02
 8.36543402E-02
 8.26517391E-02
 8.16508177E-02
 8.06678254E-02
 7.96866877E-02
 7.87166622E-02
 7.77472311E-02
 7.68001684E-02
 7.58534156E-02
 7.49103325E-02
 7.39692170E-02
 7.30513188E-02
 7.21338588E-02
 7.12195788E-02
 7.03092500E-02
 6.94190532E-02
 6.85295695E-02
 6.76428174E-02
 6.67617752E-02
 6.58978624E-02
 6.50349111E-02
 6.41742806E-02
 6.33210446E-02
 6.24824259E-02
 6.16449930E-02
 6.08095041E-02
 5.99829038E-02
 5.91684841E-02
 5.83554527E-02
 5.75440196E-02
 5.67428367E-02
 5.59515885E-02
 5.51619056E-02
 5.43734992E-02
 5.35965786E-02
 5.28275168E-02
 5.20601906E-02
 5.12938547E-02
 5.05401237E-02
 4.97923331E-02
 4.90464259E-02
 4.83012415E-02
 4.75696809E-02
 4.68422907E-02
 4.61169171E-02
 4.53920209E-02
 4.46816719E-02
 4.39738587E-02
 4.32681815E-02
 4.25627561E-02
 4.18727143E-02
 4.11836981E-02
 4.04969250E-02
 3.98105662E-02
 3.91396081E-02
 3.84687956E-02
 3.78000307E-02
 3.71329243E-02
 3.64793235E-02
 3.58260432E-02
 3.51745462E-02
 3.45258985E-02
 3.38889901E-02
 3.32525627E-02
 3.26176735E-02
 3.19867335E-02
 3.13658861E-02
 3.07456673E-02
 3.01267589E-02
 2.95131577E-02
 2.89087029E-02
 2.83042480E-02
 2.76997932E-02
 2.71020694E-02
 2.65124691E-02
 2.59228689E-02
 2.53332686E-02
 2.47513844E-02
 2.41760979E-02
 2.36008114E-02
 2.30255249E-02
 2.24588627E-02
 2.18973750E-02
 2.13358873E-02
 2.07743996E-02
 2.02223732E-02
 1.96741938E-02
 1.91260144E-02
 1.85778350E-02
 1.80398881E-02
 1.75045494E-02
 1.69692108E-02
 1.64338721E-02
 1.59094758E-02
 1.53865320E-02
 1.48635882E-02
 1.43406444E-02
 1.38292959E-02
 1.33183214E-02
 1.28073470E-02
 1.22970049E-02
 1.17975936E-02
 1.12981823E-02
 1.07987710E-02
 1.03011203E-02
 9.81422857E-03
 9.32733688E-03
 8.84044519E-03
 8.35539208E-03
 7.87661550E-03
 7.39783892E-03
 6.91906234E-03
 6.44436489E-03
 5.97864150E-03
 5.51291812E-03
 5.04719473E-03
 4.58449616E-03
 4.12636446E-03
 3.66823276E-03
 3.21010105E-03
 2.75731936E-03
 2.31023283E-03
 1.86314631E-03
 1.41605978E-03
 9.94448552E-04
 5.92031041E-04
 2.53855454E-04
 3.36049607E-05
-1.28362798E-06
-1.19805278E-06
-1.11247758E-06
-1.02690238E-06
-9.41327183E-07
-8.55751985E-07
-7.70176786E-07
-6.84601588E-07
-5.99026389E-07
-5.13451191E-07
-4.27875992E-07
-3.42300794E-07
-2.56725595E-07
-1.71150397E-07
-8.55751985E-08
 6.30738523E-01
 8.77988534E-01
 9.41733300E-01
 1.00000000E+00
 1.00000000E+00
 1.00000000E+00
 1.00000000E+00
 1.00000000E+00
 1.00000000E+00
 1.00000000E+00
 1.00000000E+00
 1.00000000E+00
 1.00000000E+00
 1.00000000E+00
 1.00000000E+00
 1.00000000E+00
 1.00000000E+00
 1.00000000E+00
 1.00000000E+00
 1.00000000E+00
 1.00000000E+00
 1.00000000E+00
 1.00000000E+00
 1.00000000E+00
 1.00000000E+00
 1.00000000E+00
 1.00000000E+00
 1.00000000E+00
 1.00000000E+00
 1.00000000E+00
 1.00000000E+00
 1.00000000E+00
 1.00000000E+00
 1.00000000E+00
 1.00000000E+00
 1.00000000E+00
 1.00000000E+00
 1.00000000E+00
 1.00000000E+00
 1.00000000E+00
 1.00000000E+00
 1.00000000E+00
 1.00000000E+00
 1.00000000E+00
 1.00000000E+00
 1.00000000E+00
 1.00000000E+00
 1.00000000E+00
 1.00000000E+00
 1.00000000E+00
 1.00000000E+00
 1.00000000E+00
 1.00000000E+00
 1.00000000E+00
 1.00000000E+00
 1.00000000E+00
 1.00000000E+00
 1.00000000E+00
 1.00000000E+00
 1.00000000E+00
 1.00000000E+00
 1.00000000E+00
 1.00000000E+00
 1.00000000E+00
 1.00000000E+00
 1.00000000E+00
 1.00000000E+00
 1.00000000E+00
 1.00000000E+00
 1.00000000E+00
 1.00000000E+00
 1.00000000E+00
 1.00000000E+00
 1.00000000E+00
 1.00000000E+00
 1.00000000E+00
 1.00000000E+00
 1.00000000E+00
 1.00000000E+00
 1.00000000E+00
 1.00000000E+00
 1.00000000E+00
 1.00000000E+00
 1.00000000E+00
 1.00000000E+00
 1.00000000E+00
 1.00000000E+00
 1.00000000E+00
 1.00000000E+00
 1.00000000E+00
 1.00000000E+00
 1.00000000E+00
 1.00000000E+00
 1.00000000E+00
 1.00000000E+00
 1.00000000E+00
 1.00000000E+00
 1.00000000E+00
 1.00000000E+00
 1.00000000E+00
 1.00000000E+00
 1.00000000E+00
 1.00000000E+00
 1.00000000E+00
 1.00000000E+00
 1.00000000E+00
 1.00000000E+00
 1.00000000E+00
 1.00000000E+00
 1.00000000E+00
 1.00000000E+00
 1.00000000E+00
 1.00000000E+00
 1.00000000E+00
 1.00000000E+00
 1.00000000E+00
 1.00000000E+00
 1.00000000E+00
 1.00000000E+00
 1.00000000E+00
 1.00000000E+00
 1.00000000E+00
 1.00000000E+00
 1.00000000E+00
 1.00000000E+00
 1.00000000E+00
 1.00000000E+00
 1.00000000E+00
 1.00000000E+00
 1.00000000E+00
 1.00000000E+00
 1.00000000E+00
 1.00000000E+00
 1.00000000E+00
 1.00000000E+00
 1.00000000E+00
 1.00000000E+00
 1.00000000E+00
 1.00000000E+00
 1.00000000E+00
 1.00000000E+00
 1.00000000E+00
 1.00000000E+00
 1.00000000E+00
 1.00000000E+00
 1.00000000E+00
 1.00000000E+00
 1.00000000E+00
 1.00000000E+00
 1.00000000E+00
 1.00000000E+00
 1.00000000E+00
 1.00000000E+00
 1.00000000E+00
 1.00000000E+00
 1.00000000E+00
 9.99999974E-01
 9.99999914E-01
 9.99999854E-01
 9.99999794E-01
 9.99999734E-01
 9.99999673E-01
 9.99999613E-01
 9.99999553E-01
 9.94712990E-01
 9.86037642E-01
 9.77362295E-01
 9.68686947E-01
 9.53089054E-01
 9.34457687E-01
 9.14773073E-01
 8.94715086E-01
 8.76315073E-01
 8.58379293E-01
 8.43630054E-01
 8.24629107E-01
 8.08241354E-01
 7.92637188E-01
 7.77532801E-01
 7.62708042E-01
 7.48669353E-01
 7.34888949E-01
 7.21548301E-01
 7.08436377E-01
 6.95999537E-01
 6.83767599E-01
 6.71886908E-01
 6.60231177E-01
 6.49268249E-01
 6.38161380E-01
 6.27505547E-01
 6.17071737E-01
 6.07066443E-01
 5.97228802E-01
 5.87623116E-01
 5.78233041E-01
 5.69182150E-01
 5.60285365E-01
 5.51577782E-01
 5.43081146E-01
 5.34857190E-01
 5.26775450E-01
 5.18848233E-01
 5.11124436E-01
 5.03615638E-01
 4.96239581E-01
 4.88990037E-01
 4.81938520E-01
 4.75058489E-01
 4.68301025E-01
 4.61647088E-01
 4.55184577E-01
 4.48856644E-01
 4.42643588E-01
 4.36515328E-01
 4.30571654E-01
 4.24732188E-01
 4.19000469E-01
 4.13337872E-01
 4.07850643E-01
 4.02442083E-01
 3.97134856E-01
 3.91883708E-01
 3.86803779E-01
 3.81782475E-01
 3.76856699E-01
 3.71976104E-01
 3.67260466E-01
 3.62588128E-01
 3.58003267E-01
 3.53463808E-01
 3.49066886E-01
 3.44710540E-01
 3.40429222E-01
 3.36197638E-01
 3.32086229E-01
 3.28014914E-01
 3.24007957E-01
 3.20054064E-01
 3.16201214E-01
 3.12387884E-01
 3.08629725E-01
 3.04928392E-01
 3.01311571E-01
 2.97731471E-01
 2.94200409E-01
 2.90725351E-01
 2.87321892E-01
 2.83955795E-01
 2.80632399E-01
 2.77364907E-01
 2.74154717E-01
 2.70982306E-01
 2.67843677E-01
 2.64765587E-01
 2.61734077E-01
 2.58740578E-01
 2.55774700E-01
 2.52870806E-01
 2.50003442E-01
 2.47174161E-01
 2.44367137E-01
 2.41623114E-01
 2.38906896E-01
 2.36228705E-01
 2.33568093E-01
 2.30971136E-01
 2.28394407E-01
 2.25855537E-01
 2.23330161E-01
 2.20868796E-01
 2.18421069E-01
 2.16010940E-01
 2.13611723E-01
 2.11274966E-01
 2.08948542E-01
 2.06656198E-01
 2.04377384E-01
 2.02152283E-01
 1.99938888E-01
 1.97755036E-01
 1.95587775E-01
 1.93466501E-01
 1.91358107E-01
 1.89275212E-01
 1.87211541E-01
 1.85186988E-01
 1.83176313E-01
 1.81187529E-01
 1.79220229E-01
 1.77285937E-01
 1.75366332E-01
 1.73465343E-01
 1.71587794E-01
 1.69737826E-01
 1.67903293E-01
 1.66084545E-01
 1.64290845E-01
 1.62519812E-01
 1.60764791E-01
 1.59022998E-01
 1.57307649E-01
 1.55610602E-01
 1.53930075E-01
 1.52260439E-01
 1.50618413E-01
 1.48990807E-01
 1.47380122E-01
 1.45778255E-01
 1.44204959E-01
 1.42642594E-01
 1.41097473E-01
 1.39559309E-01
 1.38050057E-01
 1.36548551E-01
 1.35064541E-01
 1.33585816E-01
 1.32137149E-01
 1.30693578E-01
 1.29269428E-01
 1.27846826E-01
 1.26455686E-01
 1.25066357E-01
 1.23695387E-01
 1.22328560E-01
 1.20988785E-01
 1.19652360E-01
 1.18331646E-01
 1.17017388E-01
 1.15726184E-01
 1.14439700E-01
 1.13166529E-01
 1.11901873E-01
 1.10656648E-01
 1.09417359E-01
 1.08189210E-01
 1.06971408E-01
 1.05769748E-01
 1.04575107E-01
 1.03389633E-01
 1.02216137E-01
 1.01055796E-01
 9.99034341E-02
 9.87584504E-02
 9.76268920E-02
 9.65057754E-02
 9.53934887E-02
 9.42869558E-02
 9.31951327E-02
 9.21112847E-02
 9.10370206E-02
 8.99670340E-02
 8.89128950E-02
 8.78644881E-02
 8.68263312E-02
 8.57911101E-02
 8.47727426E-02
 8.37580667E-02
 8.27542281E-02
 8.17521058E-02
 8.07677240E-02
 7.97851774E-02
 7.88139844E-02
 7.78433988E-02
 7.68950639E-02
 7.59470407E-02
 7.50027671E-02
 7.40604586E-02
 7.31413372E-02
 7.22226634E-02
 7.13072388E-02
 7.03957599E-02
 6.95043845E-02
 6.86137377E-02
 6.77258820E-02
 6.68437258E-02
 6.59786683E-02
 6.51145933E-02
 6.42528893E-02
 6.33985700E-02
 6.25588483E-02
 6.17203382E-02
 6.08838143E-02
 6.00561669E-02
 5.92406837E-02
 5.84266190E-02
 5.76141874E-02
 5.68119920E-02
 5.60197180E-02
 5.52290431E-02
 5.44396726E-02
 5.36617723E-02
 5.28917201E-02
 5.21234412E-02
 5.13561741E-02
 5.06014948E-02
 4.98527476E-02
 4.91059248E-02
 4.83598405E-02
 4.76273612E-02
 4.68990467E-02
 4.61727926E-02
 4.54470263E-02
 4.47357871E-02
 4.40270801E-02
 4.33205556E-02
 4.26142885E-02
 4.19233836E-02
 4.12335028E-02
 4.05459140E-02
 3.98587399E-02
 3.91869451E-02
 3.85152990E-02
 3.78457451E-02
 3.71778474E-02
 3.65234364E-02
 3.58693529E-02
 3.52170915E-02
 3.45676754E-02
 3.39299822E-02
 3.32927805E-02
 3.26571504E-02
 3.20254639E-02
 3.14038559E-02
 3.07828901E-02
 3.01632633E-02
 2.95489440E-02
 2.89437720E-02
 2.83385999E-02
 2.77334278E-02
 2.71349964E-02
 2.65447002E-02
 2.59544041E-02
 2.53641079E-02
 2.47815388E-02
 2.42055768E-02
 2.36296148E-02
 2.30536528E-02
 2.24863273E-02
 2.19241836E-02
 2.13620400E-02
 2.07998964E-02
 2.02472274E-02
 1.96984108E-02
 1.91495942E-02
 1.86007776E-02
 1.80622078E-02
 1.75262499E-02
 1.69902920E-02
 1.64543341E-02
 1.59293337E-02
 1.54057879E-02
 1.48822421E-02
 1.43586963E-02
 1.38467618E-02
 1.33352019E-02
 1.28236420E-02
 1.23127153E-02
 1.18127345E-02
 1.13127536E-02
 1.08127727E-02
 1.03145431E-02
 9.82701623E-03
 9.33948935E-03
 8.85196246E-03
 8.36631412E-03
 7.88707876E-03
 7.40784339E-03
 6.92860802E-03
 6.45340725E-03
 5.98708257E-03
 5.52075789E-03
 5.05443322E-03
 4.59119911E-03
 4.13263115E-03
 3.67406319E-03
 3.21549523E-03
 2.76224693E-03
 2.31466147E-03
 1.86707602E-03
 1.41949057E-03
 9.96098530E-04
 5.90934405E-04
 2.51408767E-04
 3.23718120E-05
-1.21634137E-06
-1.13525195E-06
-1.05416252E-06
-9.73073096E-07
-8.91983672E-07
-8.10894247E-07
-7.29804822E-07
-6.48715398E-07
-5.67625973E-07
-4.86536548E-07
-4.05447124E-07
-3.24357699E-07
-2.43268274E-07
-1.62178849E-07
-8.10894247E-08
 6.38722555E-01
 8.85797268E-01
 9.45462369E-01
 1.00000000E+00
 1.00000000E+00
 1.00000000E+00
 1.00000000E+00
 1.00000000E+00
 1.00000000E+00
 1.00000000E+00
 1.00000000E+00
 1.00000000E+00
 1.00000000E+00
 1.00000000E+00
 1.00000000E+00
 1.00000000E+00
 1.00000000E+00
 1.00000000E+00
 1.00000000E+00
 1.00000000E+00
 1.00000000E+00
 1.00000000E+00
 1.00000000E+00
 1.00000000E+00
 1.00000000E+00
 1.00000000E+00
 1.00000000E+00
 1.00000000E+00
 1.00000000E+00
 1.00000000E+00
 1.00000000E+00
 1.00000000E+00
 1.00000000E+00
 1.00000000E+00
 1.00000000E+00
 1.00000000E+00
 1.00000000E+00
 1.00000000E+00
 1.00000000E+00
 1.00000000E+00
 1.00000000E+00
 1.00000000E+00
 1.00000000E+00
 1.00000000E+00
 1.00000000E+00
 1.00000000E+00
 1.00000000E+00
 1.00000000E+00
 1.00000000E+00
 1.00000000E+00
 1.00000000E+00
 1.00000000E+00
 1.00000000E+00
 1.00000000E+00
 1.00000000E+00
 1.00000000E+00
 1.00000000E+00
 1.00000000E+00
 1.00000000E+00
 1.00000000E+00
 1.00000000E+00
 1.00000000E+00
 1.00000000E+00
 1.00000000E+00
 1.00000000E+00
 1.00000000E+00
 1.00000000E+00
 1.00000000E+00
 1.00000000E+00
 1.00000000E+00
 1.00000000E+00
 1.00000000E+00
 1.00000000E+00
 1.00000000E+00
 1.00000000E+00
 1.00000000E+00
 1.00000000E+00
 1.00000000E+00
 1.00000000E+00
 1.00000000E+00
 1.00000000E+00
 1.00000000E+00
 1.00000000E+00
 1.00000000E+00
 1.00000000E+00
 1.00000000E+00
 1.00000000E+00
 1.00000000E+00
 1.00000000E+00
 1.00000000E+00
 1.00000000E+00
 1.00000000E+00
 1.00000000E+00
 1.00000000E+00
 1.00000000E+00
 1.00000000E+00
 1.00000000E+00
 1.00000000E+00
 1.00000000E+00
 1.00000000E+00
 1.00000000E+00
 1.00000000E+00
 1.00000000E+00
 1.00000000E+00
 1.00000000E+00
 1.00000000E+00
 1.00000000E+00
 1.00000000E+00
 1.00000000E+00
 1.00000000E+00
 1.00000000E+00
 1.00000000E+00
 1.00000000E+00
 1.00000000E+00
 1.00000000E+00
 1.00000000E+00
 1.00000000E+00
 1.00000000E+00
 1.00000000E+00
 1.00000000E+00
 1.00000000E+00
 1.00000000E+00
 1.00000000E+00
 1.00000000E+00
 1.00000000E+00
 1.00000000E+00
 1.00000000E+00
 1.00000000E+00
 1.00000000E+00
 1.00000000E+00
 1.00000000E+00
 1.00000000E+00
 1.00000000E+00
 1.00000000E+00
 1.00000000E+00
 1.00000000E+00
 1.00000000E+00
 1.00000000E+00
 1.00000000E+00
 1.00000000E+00
 1.00000000E+00
 1.00000000E+00
 1.00000000E+00
 1.00000000E+00
 1.00000000E+00
 1.00000000E+00
 1.00000000E+00
 1.00000000E+00
 1.00000000E+00
 1.00000000E+00
 1.00000000E+00
 1.00000000E+00
 1.00000000E+00
 1.00000000E+00
 1.00000000E+00
 1.00000000E+00
 9.99999133E-01
 9.99997151E-01
 9.99995170E-01
 9.99993188E-01
 9.99991207E-01
 9.99989225E-01
 9.99987243E-01
 9.99985262E-01
 9.95035113E-01
 9.86913062E-01
 9.78791011E-01
 9.70668961E-01
 9.55240743E-01
 9.36610946E-01
 9.16905494E-01
 8.96818726E-01
 8.78356203E-01
 8.60348470E-01
 8.45595078E-01
 8.26499514E-01
 8.10042085E-01
 7.94380217E-01
 7.79228763E-01
 7.64362886E-01
 7.50272314E-01
 7.36444170E-01
 7.23065139E-01
 7.09918715E-01
 6.97437557E-01
 6.85165662E-01
 6.73252487E-01
 6.61566419E-01
 6.50569429E-01
 6.39425436E-01
 6.28742074E-01
 6.18281550E-01
 6.08244029E-01
 5.98377730E-01
 5.88748321E-01
 5.79334435E-01
 5.70255876E-01
 5.61334703E-01
 5.52606757E-01
 5.44088873E-01
 5.35840807E-01
 5.27737984E-01
 5.19792971E-01
 5.12049980E-01
 5.04520072E-01
 4.97125729E-01
 4.89860591E-01
 4.82791655E-01
 4.75893006E-01
 4.69119532E-01
 4.62451788E-01
 4.55973372E-01
 4.49628935E-01
 4.43401819E-01
 4.37261305E-01
 4.31303046E-01
 4.25448856E-01
 4.19704708E-01
 4.14031152E-01
 4.08530568E-01
 4.03108912E-01
 3.97790746E-01
 3.92529852E-01
 3.87437607E-01
 3.82404531E-01
 3.77469016E-01
 3.72579644E-01
 3.67852599E-01
 3.63169678E-01
 3.58576096E-01
 3.54028484E-01
 3.49621197E-01
 3.45255348E-01
 3.40966124E-01
 3.36726892E-01
 3.32606069E-01
 3.28526195E-01
 3.24512047E-01
 3.20550962E-01
 3.16689535E-01
 3.12868469E-01
 3.09103749E-01
 3.05395665E-01
 3.01771031E-01
 2.98183900E-01
 2.94646849E-01
 2.91165379E-01
 2.87754748E-01
 2.84382273E-01
 2.81053407E-01
 2.77779851E-01
 2.74563033E-01
 2.71384796E-01
 2.68241061E-01
 2.65157222E-01
 2.62119593E-01
 2.59120782E-01
 2.56150181E-01
 2.53240843E-01
 2.50367815E-01
 2.47533681E-01
 2.44722278E-01
 2.41973089E-01
 2.39251619E-01
 2.36568984E-01
 2.33904302E-01
 2.31302438E-01
 2.28720827E-01
 2.26177879E-01
 2.23648714E-01
 2.21182680E-01
 2.18730405E-01
 2.16316529E-01
 2.13913762E-01
 2.11572579E-01
 2.09241949E-01
 2.06946123E-01
 2.04663904E-01
 2.02434667E-01
 2.00217386E-01
 1.98030276E-01
 1.95859729E-01
 1.93734498E-01
 1.91622421E-01
 1.89536385E-01
 1.87469484E-01
 1.85441215E-01
 1.83427119E-01
 1.81435380E-01
 1.79464972E-01
 1.77527184E-01
 1.75604396E-01
 1.73700620E-01
 1.71820073E-01
 1.69966813E-01
 1.68129316E-01
 1.66307941E-01
 1.64511353E-01
 1.62737215E-01
 1.60979428E-01
 1.59235151E-01
 1.57517016E-01
 1.55817034E-01
 1.54133925E-01
 1.52461938E-01
 1.50817221E-01
 1.49186839E-01
 1.47573738E-01
 1.45969642E-01
 1.44393747E-01
 1.42828754E-01
 1.41281371E-01
 1.39741093E-01
 1.38229397E-01
 1.36725477E-01
 1.35239425E-01
 1.33758770E-01
 1.32307750E-01
 1.30861892E-01
 1.29435869E-01
 1.28011376E-01
 1.26618019E-01
 1.25226513E-01
 1.23853756E-01
 1.22485099E-01
 1.21143211E-01
 1.19804746E-01
 1.18482326E-01
 1.17166294E-01
 1.15873076E-01
 1.14584679E-01
 1.13309877E-01
 1.12043502E-01
 1.10796354E-01
 1.09555269E-01
 1.08325560E-01
 1.07106091E-01
 1.05902594E-01
 1.04706265E-01
 1.03519299E-01
 1.02344184E-01
 1.01182087E-01
 1.00028137E-01
 9.88817238E-02
 9.77485940E-02
 9.66257959E-02
 9.55120157E-02
 9.44041117E-02
 9.33107621E-02
 9.22253035E-02
 9.11496327E-02
 9.00783303E-02
 8.90227079E-02
 8.79727570E-02
 8.69332741E-02
 8.58967895E-02
 8.48769797E-02
 8.38608225E-02
 8.28557331E-02
 8.18523966E-02
 8.08666120E-02
 7.98826431E-02
 7.89102695E-02
 7.79385161E-02
 7.69888956E-02
 7.60395889E-02
 7.50941115E-02
 7.41505965E-02
 7.32302386E-02
 7.23103378E-02
 7.13937554E-02
 7.04811130E-02
 6.95885458E-02
 6.86967227E-02
 6.78077500E-02
 6.69244723E-02
 6.60582797E-02
 6.51930905E-02
 6.43303229E-02
 6.34749299E-02
 6.26341148E-02
 6.17945371E-02
 6.09569878E-02
 6.01283031E-02
 5.93117660E-02
 5.84966776E-02
 5.76832570E-02
 5.68800588E-02
 5.60867685E-02
 5.52951114E-02
 5.45047864E-02
 5.37259160E-02
 5.29548830E-02
 5.21856611E-02
 5.14174725E-02
 5.06618544E-02
 4.99121603E-02
 4.91644315E-02
 4.84174570E-02
 4.76840687E-02
 4.69548395E-02
 4.62277145E-02
 4.55010876E-02
 4.47889678E-02
 4.40793768E-02
 4.33720147E-02
 4.26649153E-02
 4.19731570E-02
 4.12824213E-02
 4.05940264E-02
 3.99060466E-02
 3.92334247E-02
 3.85609548E-02
 3.78906215E-02
 3.72219421E-02
 3.65667306E-02
 3.59118535E-02
 3.52588373E-02
 3.46086625E-02
 3.39701940E-02
 3.33322277E-02
 3.26958662E-02
 3.20634429E-02
 3.14410839E-02
 3.08193808E-02
 3.01990452E-02
 2.95840175E-02
 2.89781378E-02
 2.83722581E-02
 2.77663784E-02
 2.71672491E-02
 2.65762667E-02
 2.59852842E-02
 2.53943018E-02
 2.48110574E-02
 2.42344295E-02
 2.36578017E-02
 2.30811738E-02
 2.25131947E-02
 2.19504047E-02
 2.13876148E-02
 2.08248248E-02
 2.02715229E-02
 1.97220787E-02
 1.91726345E-02
 1.86231904E-02
 1.80840073E-02
 1.75474398E-02
 1.70108723E-02
 1.64743048E-02
 1.59487101E-02
 1.54245719E-02
 1.49004337E-02
 1.43762955E-02
 1.38637847E-02
 1.33516489E-02
 1.28395132E-02
 1.23280116E-02
 1.18274707E-02
 1.13269299E-02
 1.08263890E-02
 1.03275903E-02
 9.83943785E-03
 9.35128540E-03
 8.86313295E-03
 8.37689901E-03
 7.89721449E-03
 7.41752997E-03
 6.93784546E-03
 6.46215099E-03
 5.99523466E-03
 5.52831832E-03
 5.06140198E-03
 4.59764197E-03
 4.13864739E-03
 3.67965281E-03
 3.22065823E-03
 2.76695294E-03
 2.31887819E-03
 1.87080345E-03
 1.42272870E-03
 9.97565483E-04
 5.89664377E-04
 2.48798321E-04
 3.09845377E-05
-1.29354755E-06
-1.20731104E-06
-1.12107454E-06
-1.03483804E-06
-9.48601535E-07
-8.62365032E-07
-7.76128529E-07
-6.89892026E-07
-6.03655522E-07
-5.17419019E-07
-4.31182516E-07
-3.44946013E-07
-2.58709510E-07
-1.72473006E-07
-8.62365032E-08
 6.46706587E-01
 8.93606002E-01
 9.49191437E-01
 1.00000000E+00
 1.00000000E+00
 1.00000000E+00
 1.00000000E+00
 1.00000000E+00
 1.00000000E+00
 1.00000000E+00
 1.00000000E+00
 1.00000000E+00
 1.00000000E+00
 1.00000000E+00
 1.00000000E+00
 1.00000000E+00
 1.00000000E+00
 1.00000000E+00
 1.00000000E+00
 1.00000000E+00
 1.00000000E+00
 1.00000000E+00
 1.00000000E+00
 1.00000000E+00
 1.00000000E+00
 1.00000000E+00
 1.00000000E+00
 1.00000000E+00
 1.00000000E+00
 1.00000000E+00
 1.00000000E+00
 1.00000000E+00
 1.00000000E+00
 1.00000000E+00
 1.00000000E+00
 1.00000000E+00
 1.00000000E+00
 1.00000000E+00
 1.00000000E+00
 1.00000000E+00
 1.00000000E+00
 1.00000000E+00
 1.00000000E+00
 1.00000000E+00
 1.00000000E+00
 1.00000000E+00
 1.00000000E+00
 1.00000000E+00
 1.00000000E+00
 1.00000000E+00
 1.00000000E+00
 1.00000000E+00
 1.00000000E+00
 1.00000000E+00
 1.00000000E+00
 1.00000000E+00
 1.00000000E+00
 1.00000000E+00
 1.00000000E+00
 1.00000000E+00
 1.00000000E+00
 1.00000000E+00
 1.00000000E+00
 1.00000000E+00
 1.00000000E+00
 1.00000000E+00
 1.00000000E+00
 1.00000000E+00
 1.00000000E+00
 1.00000000E+00
 1.00000000E+00
 1.00000000E+00
 1.00000000E+00
 1.00000000E+00
 1.00000000E+00
 1.00000000E+00
 1.00000000E+00
 1.00000000E+00
 1.00000000E+00
 1.00000000E+00
 1.00000000E+00
 1.00000000E+00
 1.00000000E+00
 1.00000000E+00
 1.00000000E+00
 1.00000000E+00
 1.00000000E+00
 1.00000000E+00
 1.00000000E+00
 1.00000000E+00
 1.00000000E+00
 1.00000000E+00
 1.00000000E+00
 1.00000000E+00
 1.00000000E+00
 1.00000000E+00
 1.00000000E+00
 1.00000000E+00
 1.00000000E+00
 1.00000000E+00
 1.00000000E+00
 1.00000000E+00
 1.00000000E+00
 1.00000000E+00
 1.00000000E+00
 1.00000000E+00
 1.00000000E+00
 1.00000000E+00
 1.00000000E+00
 1.00000000E+00
 1.00000000E+00
 1.00000000E+00
 1.00000000E+00
 1.00000000E+00
 1.00000000E+00
 1.00000000E+00
 1.00000000E+00
 1.00000000E+00
 1.00000000E+00
 1.00000000E+00
 1.00000000E+00
 1.00000000E+00
 1.00000000E+00
 1.00000000E+00
 1.00000000E+00
 1.00000000E+00
 1.00000000E+00
 1.00000000E+00
 1.00000000E+00
 1.00000000E+00
 1.00000000E+00
 1.00000000E+00
 1.00000000E+00
 1.00000000E+00
 1.00000000E+00
 1.00000000E+00
 1.00000000E+00
 1.00000000E+00
 1.00000000E+00
 1.00000000E+00
 1.00000000E+00
 1.00000000E+00
 1.00000000E+00
 1.00000000E+00
 1.00000000E+00
 1.00000000E+00
 1.00000000E+00
 1.00000000E+00
 1.00000000E+00
 1.00000000E+00
 1.00000000E+00
 1.00000000E+00
 1.00000000E+00
 1.00000000E+00
 1.00000000E+00
 1.00000000E+00
 9.99998292E-01
 9.99994389E-01
 9.99990486E-01
 9.99986583E-01
 9.99982680E-01
 9.99978777E-01
 9.99974873E-01
 9.99970970E-01
 9.95357236E-01
 9.87788482E-01
 9.80219728E-01
 9.72650974E-01
 9.57392432E-01
 9.38764206E-01
 9.19037916E-01
 8.98922365E-01
 8.80397333E-01
 8.62317648E-01
 8.47560101E-01
 8.28369922E-01
 8.11842815E-01
 7.96123247E-01
 7.80924725E-01
 7.66017730E-01
 7.51875275E-01
 7.37999391E-01
 7.24581977E-01
 7.11401053E-01
 6.98875578E-01
 6.86563725E-01
 6.74618065E-01
 6.62901662E-01
 6.51870610E-01
 6.40689491E-01
 6.29978602E-01
 6.19491362E-01
 6.09421616E-01
 5.99526658E-01
 5.89873526E-01
 5.80435829E-01
 5.71329603E-01
 5.62384041E-01
 5.53635732E-01
 5.45096599E-01
 5.36824424E-01
 5.28700517E-01
 5.20737709E-01
 5.12975523E-01
 5.05424505E-01
 4.98011877E-01
 4.90731145E-01
 4.83644790E-01
 4.76727524E-01
 4.69938040E-01
 4.63256489E-01
 4.56762167E-01
 4.50401226E-01
 4.44160051E-01
 4.38007281E-01
 4.32034437E-01
 4.26165525E-01
 4.20408947E-01
 4.14724432E-01
 4.09210493E-01
 4.03775741E-01
 3.98446636E-01
 3.93175996E-01
 3.88071434E-01
 3.83026587E-01
 3.78081333E-01
 3.73183184E-01
 3.68444732E-01
 3.63751229E-01
 3.59148925E-01
 3.54593161E-01
 3.50175508E-01
 3.45800157E-01
 3.41503027E-01
 3.37256146E-01
 3.33125910E-01
 3.29037475E-01
 3.25016136E-01
 3.21047859E-01
 3.17177856E-01
 3.13349055E-01
 3.09577773E-01
 3.05862939E-01
 3.02230492E-01
 2.98636328E-01
 2.95093289E-01
 2.91605407E-01
 2.88187603E-01
 2.84808751E-01
 2.81474416E-01
 2.78194795E-01
 2.74971348E-01
 2.71787286E-01
 2.68638444E-01
 2.65548858E-01
 2.62505108E-01
 2.59500987E-01
 2.56525662E-01
 2.53610880E-01
 2.50732188E-01
 2.47893201E-01
 2.45077419E-01
 2.42323065E-01
 2.39596342E-01
 2.36909263E-01
 2.34240511E-01
 2.31633740E-01
 2.29047246E-01
 2.26500221E-01
 2.23967267E-01
 2.21496565E-01
 2.19039742E-01
 2.16622118E-01
 2.14215801E-01
 2.11870191E-01
 2.09535355E-01
 2.07236049E-01
 2.04950424E-01
 2.02717052E-01
 2.00495884E-01
 1.98305516E-01
 1.96131684E-01
 1.94002495E-01
 1.91886734E-01
 1.89797557E-01
 1.87727428E-01
 1.85695442E-01
 1.83677926E-01
 1.81683232E-01
 1.79709715E-01
 1.77768431E-01
 1.75842460E-01
 1.73935896E-01
 1.72052353E-01
 1.70195801E-01
 1.68355340E-01
 1.66531337E-01
 1.64731861E-01
 1.62954617E-01
 1.61194065E-01
 1.59447305E-01
 1.57726383E-01
 1.56023467E-01
 1.54337774E-01
 1.52663437E-01
 1.51016029E-01
 1.49382870E-01
 1.47767353E-01
 1.46161029E-01
 1.44582535E-01
 1.43014913E-01
 1.41465269E-01
 1.39922877E-01
 1.38408737E-01
 1.36902402E-01
 1.35414309E-01
 1.33931724E-01
 1.32478352E-01
 1.31030206E-01
 1.29602309E-01
 1.28175926E-01
 1.26780353E-01
 1.25386669E-01
 1.24012124E-01
 1.22641637E-01
 1.21297637E-01
 1.19957131E-01
 1.18633005E-01
 1.17315200E-01
 1.16019968E-01
 1.14729657E-01
 1.13453226E-01
 1.12185131E-01
 1.10936060E-01
 1.09693179E-01
 1.08461911E-01
 1.07240774E-01
 1.06035440E-01
 1.04837423E-01
 1.03648965E-01
 1.02472231E-01
 1.01308377E-01
 1.00152841E-01
 9.90049972E-02
 9.78702959E-02
 9.67458165E-02
 9.56305427E-02
 9.45212675E-02
 9.34263915E-02
 9.23393223E-02
 9.12622447E-02
 9.01896266E-02
 8.91325208E-02
 8.80810258E-02
 8.70402169E-02
 8.60024689E-02
 8.49812169E-02
 8.39635783E-02
 8.29572381E-02
 8.19526873E-02
 8.09655000E-02
 7.99801088E-02
 7.90065545E-02
 7.80336334E-02
 7.70827273E-02
 7.61321370E-02
 7.51854558E-02
 7.42407345E-02
 7.33191400E-02
 7.23980123E-02
 7.14802720E-02
 7.05664661E-02
 6.96727071E-02
 6.87797077E-02
 6.78896180E-02
 6.70052189E-02
 6.61378912E-02
 6.52715878E-02
 6.44077565E-02
 6.35512898E-02
 6.27093813E-02
 6.18687360E-02
 6.10301613E-02
 6.02004392E-02
 5.93828483E-02
 5.85667362E-02
 5.77523266E-02
 5.69481256E-02
 5.61538190E-02
 5.53611797E-02
 5.45699002E-02
 5.37900597E-02
 5.30180460E-02
 5.22478810E-02
 5.14787709E-02
 5.07222140E-02
 4.99715730E-02
 4.92229382E-02
 4.84750734E-02
 4.77407762E-02
 4.70106322E-02
 4.62826364E-02
 4.55551490E-02
 4.48421486E-02
 4.41316735E-02
 4.34234737E-02
 4.27155422E-02
 4.20229304E-02
 4.13313399E-02
 4.06421388E-02
 3.99533533E-02
 3.92799044E-02
 3.86066105E-02
 3.79354978E-02
 3.72660368E-02
 3.66100248E-02
 3.59543541E-02
 3.53005832E-02
 3.46496495E-02
 3.40104059E-02
 3.33716748E-02
 3.27345821E-02
 3.21014220E-02
 3.14783119E-02
 3.08558716E-02
 3.02348270E-02
 2.96190910E-02
 2.90125037E-02
 2.84059164E-02
 2.77993291E-02
 2.71995018E-02
 2.66078331E-02
 2.60161644E-02
 2.54244957E-02
 2.48405760E-02
 2.42632823E-02
 2.36859886E-02
 2.31086948E-02
 2.25400620E-02
 2.19766258E-02
 2.14131895E-02
 2.08497533E-02
 2.02958184E-02
 1.97457466E-02
 1.91956749E-02
 1.86456031E-02
 1.81058068E-02
 1.75686297E-02
 1.70314526E-02
 1.64942755E-02
 1.59680864E-02
 1.54433558E-02
 1.49186253E-02
 1.43938947E-02
 1.38808075E-02
 1.33680960E-02
 1.28553844E-02
 1.23433078E-02
 1.18422070E-02
 1.13411062E-02
 1.08400054E-02
 1.03406375E-02
 9.85185947E-03
 9.36308145E-03
 8.87430343E-03
 8.38748389E-03
 7.90735022E-03
 7.42721656E-03
 6.94708289E-03
 6.47089474E-03
 6.00338674E-03
 5.53587874E-03
 5.06837075E-03
 4.60408483E-03
 4.14466363E-03
 3.68524242E-03
 3.22582122E-03
 2.77165895E-03
 2.32309491E-03
 1.87453087E-03
 1.42596683E-03
 9.99032436E-04
 5.88394348E-04
 2.46187875E-04
 2.95972633E-05
-1.37075373E-06
-1.27937014E-06
-1.18798656E-06
-1.09660298E-06
-1.00521940E-06
-9.13835817E-07
-8.22452235E-07
-7.31068654E-07
-6.39685072E-07
-5.48301490E-07
-4.56917908E-07
-3.65534327E-07
-2.74150745E-07
-1.82767163E-07
-9.13835817E-08
 6.54690619E-01
 9.01414735E-01
 9.52920506E-01
 1.00000000E+00
 1.00000000E+00
 1.00000000E+00
 1.00000000E+00
 1.00000000E+00
 1.00000000E+00
 1.00000000E+00
 1.00000000E+00
 1.00000000E+00
 1.00000000E+00
 1.00000000E+00
 1.00000000E+00
 1.00000000E+00
 1.00000000E+00
 1.00000000E+00
 1.00000000E+00
 1.00000000E+00
 1.00000000E+00
 1.00000000E+00
 1.00000000E+00
 1.00000000E+00
 1.00000000E+00
 1.00000000E+00
 1.00000000E+00
 1.00000000E+00
 1.00000000E+00
 1.00000000E+00
 1.00000000E+00
 1.00000000E+00
 1.00000000E+00
 1.00000000E+00
 1.00000000E+00
 1.00000000E+00
 1.00000000E+00
 1.00000000E+00
 1.00000000E+00
 1.00000000E+00
 1.00000000E+00
 1.00000000E+00
 1.00000000E+00
 1.00000000E+00
 1.00000000E+00
 1.00000000E+00
 1.00000000E+00
 1.00000000E+00
 1.00000000E+00
 1.00000000E+00
 1.00000000E+00
 1.00000000E+00
 1.00000000E+00
 1.00000000E+00
 1.00000000E+00
 1.00000000E+00
 1.00000000E+00
 1.00000000E+00
 1.00000000E+00
 1.00000000E+00
 1.00000000E+00
 1.00000000E+00
 1.00000000E+00
 1.00000000E+00
 1.00000000E+00
 1.00000000E+00
 1.00000000E+00
 1.00000000E+00
 1.00000000E+00
 1.00000000E+00
 1.00000000E+00
 1.00000000E+00
 1.00000000E+00
 1.00000000E+00
 1.00000000E+00
 1.00000000E+00
 1.00000000E+00
 1.00000000E+00
 1.00000000E+00
 1.00000000E+00
 1.00000000E+00
 1.00000000E+00
 1.00000000E+00
 1.00000000E+00
 1.00000000E+00
 1.00000000E+00
 1.00000000E+00
 1.00000000E+00
 1.00000000E+00
 1.00000000E+00
 1.00000000E+00
 1.00000000E+00
 1.00000000E+00
 1.00000000E+00
 1.00000000E+00
 1.00000000E+00
 1.00000000E+00
 1.00000000E+00
 1.00000000E+00
 1.00000000E+00
 1.00000000E+00
 1.00000000E+00
 1.00000000E+00
 1.00000000E+00
 1.00000000E+00
 1.00000000E+00
 1.00000000E+00
 1.00000000E+00
 1.00000000E+00
 1.00000000E+00
 1.00000000E+00
 1.00000000E+00
 1.00000000E+00
 1.00000000E+00
 1.00000000E+00
 1.00000000E+00
 1.00000000E+00
 1.00000000E+00
 1.00000000E+00
 1.00000000E+00
 1.00000000E+00
 1.00000000E+00
 1.00000000E+00
 1.00000000E+00
 1.00000000E+00
 1.00000000E+00
 1.00000000E+00
 1.00000000E+00
 1.00000000E+00
 1.00000000E+00
 1.00000000E+00
 1.00000000E+00
 1.00000000E+00
 1.00000000E+00
 1.00000000E+00
 1.00000000E+00
 1.00000000E+00
 1.00000000E+00
 1.00000000E+00
 1.00000000E+00
 1.00000000E+00
 1.00000000E+00
 1.00000000E+00
 1.00000000E+00
 1.00000000E+00
 1.00000000E+00
 1.00000000E+00
 1.00000000E+00
 1.00000000E+00
 1.00000000E+00
 1.00000000E+00
 1.00000000E+00
 1.00000000E+00
 1.00000000E+00
 1.00000000E+00
 1.00000000E+00
 9.99997452E-01
 9.99991627E-01
 9.99985802E-01
 9.99979978E-01
 9.99974153E-01
 9.99968328E-01
 9.99962503E-01
 9.99956679E-01
 9.95679359E-01
 9.88663902E-01
 9.81648445E-01
 9.74632988E-01
 9.59544120E-01
 9.40917466E-01
 9.21170338E-01
 9.01026004E-01
 8.82438464E-01
 8.64286825E-01
 8.49525125E-01
 8.30240330E-01
 8.13643546E-01
 7.97866276E-01
 7.82620687E-01
 7.67672574E-01
 7.53478236E-01
 7.39554612E-01
 7.26098815E-01
 7.12883392E-01
 7.00313599E-01
 6.87961789E-01
 6.75983644E-01
 6.64236905E-01
 6.53171790E-01
 6.41953547E-01
 6.31215129E-01
 6.20701174E-01
 6.10599203E-01
 6.00675587E-01
 5.90998731E-01
 5.81537223E-01
 5.72403329E-01
 5.63433379E-01
 5.54664706E-01
 5.46104326E-01
 5.37808042E-01
 5.29663051E-01
 5.21682446E-01
 5.13901067E-01
 5.06328939E-01
 4.98898025E-01
 4.91601699E-01
 4.84497926E-01
 4.77562041E-01
 4.70756548E-01
 4.64061189E-01
 4.57550962E-01
 4.51173517E-01
 4.44918282E-01
 4.38753257E-01
 4.32765828E-01
 4.26882194E-01
 4.21113186E-01
 4.15417712E-01
 4.09890418E-01
 4.04442571E-01
 3.99102526E-01
 3.93822140E-01
 3.88705262E-01
 3.83648643E-01
 3.78693651E-01
 3.73786723E-01
 3.69036866E-01
 3.64332779E-01
 3.59721754E-01
 3.55157838E-01
 3.50729819E-01
 3.46344966E-01
 3.42039929E-01
 3.37785401E-01
 3.33645751E-01
 3.29548755E-01
 3.25520225E-01
 3.21544757E-01
 3.17666178E-01
 3.13829641E-01
 3.10051797E-01
 3.06330213E-01
 3.02689952E-01
 2.99088757E-01
 2.95539729E-01
 2.92045436E-01
 2.88620459E-01
 2.85235228E-01
 2.81895424E-01
 2.78609740E-01
 2.75379663E-01
 2.72189776E-01
 2.69035827E-01
 2.65940493E-01
 2.62890624E-01
 2.59881191E-01
 2.56901143E-01
 2.53980916E-01
 2.51096561E-01
 2.48252721E-01
 2.45432559E-01
 2.42673041E-01
 2.39941064E-01
 2.37249541E-01
 2.34576720E-01
 2.31965042E-01
 2.29373666E-01
 2.26822564E-01
 2.24285819E-01
 2.21810449E-01
 2.19349079E-01
 2.16927707E-01
 2.14517839E-01
 2.12167804E-01
 2.09828761E-01
 2.07525974E-01
 2.05236944E-01
 2.02999437E-01
 2.00774383E-01
 1.98580757E-01
 1.96403638E-01
 1.94270492E-01
 1.92151047E-01
 1.90058729E-01
 1.87985371E-01
 1.85949670E-01
 1.83928733E-01
 1.81931084E-01
 1.79954457E-01
 1.78009678E-01
 1.76080523E-01
 1.74171172E-01
 1.72284633E-01
 1.70424788E-01
 1.68581364E-01
 1.66754733E-01
 1.64952369E-01
 1.63172019E-01
 1.61408702E-01
 1.59659458E-01
 1.57935750E-01
 1.56229900E-01
 1.54541624E-01
 1.52864936E-01
 1.51214837E-01
 1.49578902E-01
 1.47960969E-01
 1.46352417E-01
 1.44771323E-01
 1.43201073E-01
 1.41649167E-01
 1.40104661E-01
 1.38588077E-01
 1.37079328E-01
 1.35589192E-01
 1.34104678E-01
 1.32648954E-01
 1.31198520E-01
 1.29768749E-01
 1.28340477E-01
 1.26942686E-01
 1.25546824E-01
 1.24170493E-01
 1.22798175E-01
 1.21452064E-01
 1.20109517E-01
 1.18783685E-01
 1.17464106E-01
 1.16166860E-01
 1.14874635E-01
 1.13596574E-01
 1.12326759E-01
 1.11075766E-01
 1.09831089E-01
 1.08598262E-01
 1.07375457E-01
 1.06168286E-01
 1.04968581E-01
 1.03778630E-01
 1.02600279E-01
 1.01434667E-01
 1.00277544E-01
 9.91282706E-02
 9.79919979E-02
 9.68658370E-02
 9.57490697E-02
 9.46384234E-02
 9.35420210E-02
 9.24533411E-02
 9.13748568E-02
 9.03009230E-02
 8.92423338E-02
 8.81892947E-02
 8.71471598E-02
 8.61081483E-02
 8.50854540E-02
 8.40663341E-02
 8.30587431E-02
 8.20529780E-02
 8.10643879E-02
 8.00775746E-02
 7.91028395E-02
 7.81287507E-02
 7.71765590E-02
 7.62246851E-02
 7.52768001E-02
 7.43308725E-02
 7.34080415E-02
 7.24856867E-02
 7.15667886E-02
 7.06518193E-02
 6.97568684E-02
 6.88626926E-02
 6.79714860E-02
 6.70859654E-02
 6.62175027E-02
 6.53500851E-02
 6.44851900E-02
 6.36276497E-02
 6.27846478E-02
 6.19429348E-02
 6.11033349E-02
 6.02725753E-02
 5.94539305E-02
 5.86367947E-02
 5.78213962E-02
 5.70161924E-02
 5.62208696E-02
 5.54272480E-02
 5.46350140E-02
 5.38542034E-02
 5.30812089E-02
 5.23101009E-02
 5.15400693E-02
 5.07825736E-02
 5.00309856E-02
 4.92814449E-02
 4.85326899E-02
 4.77974836E-02
 4.70664250E-02
 4.63375582E-02
 4.56092103E-02
 4.48953293E-02
 4.41839701E-02
 4.34749327E-02
 4.27661691E-02
 4.20727038E-02
 4.13802584E-02
 4.06902512E-02
 4.00006601E-02
 3.93263840E-02
 3.86522663E-02
 3.79803742E-02
 3.73101315E-02
 3.66533189E-02
 3.59968548E-02
 3.53423290E-02
 3.46906366E-02
 3.40506178E-02
 3.34111219E-02
 3.27732979E-02
 3.21394010E-02
 3.15155400E-02
 3.08923623E-02
 3.02706089E-02
 2.96541645E-02
 2.90468696E-02
 2.84395747E-02
 2.78322798E-02
 2.72317545E-02
 2.66393995E-02
 2.60470445E-02
 2.54546896E-02
 2.48700946E-02
 2.42921350E-02
 2.37141754E-02
 2.31362159E-02
 2.25669294E-02
 2.20028469E-02
 2.14387643E-02
 2.08746818E-02
 2.03201139E-02
 1.97694145E-02
 1.92187152E-02
 1.86680159E-02
 1.81276063E-02
 1.75898196E-02
 1.70520329E-02
 1.65142462E-02
 1.59874627E-02
 1.54621397E-02
 1.49368168E-02
 1.44114939E-02
 1.38978304E-02
 1.33845430E-02
 1.28712556E-02
 1.23586040E-02
 1.18569433E-02
 1.13552825E-02
 1.08536218E-02
 1.03536847E-02
 9.86428109E-03
 9.37487750E-03
 8.88547392E-03
 8.39806878E-03
 7.91748596E-03
 7.43690314E-03
 6.95632032E-03
 6.47963848E-03
 6.01153883E-03
 5.54343917E-03
 5.07533951E-03
 4.61052769E-03
 4.15067986E-03
 3.69083204E-03
 3.23098421E-03
 2.77636496E-03
 2.32731163E-03
 1.87825830E-03
 1.42920496E-03
 1.00049939E-03
 5.87124320E-04
 2.43577430E-04
 2.82099890E-05
-1.44795990E-06
-1.35142924E-06
-1.25489858E-06
-1.15836792E-06
-1.06183726E-06
-9.65306602E-07
-8.68775942E-07
-7.72245281E-07
-6.75714621E-07
-5.79183961E-07
-4.82653301E-07
-3.86122641E-07
-2.89591981E-07
-1.93061320E-07
-9.65306602E-08
 6.62674651E-01
 9.09223469E-01
 9.56649575E-01
 1.00000000E+00
 1.00000000E+00
 1.00000000E+00
 1.00000000E+00
 1.00000000E+00
 1.00000000E+00
 1.00000000E+00
 1.00000000E+00
 1.00000000E+00
 1.00000000E+00
 1.00000000E+00
 1.00000000E+00
 1.00000000E+00
 1.00000000E+00
 1.00000000E+00
 1.00000000E+00
 1.00000000E+00
 1.00000000E+00
 1.00000000E+00
 1.00000000E+00
 1.00000000E+00
 1.00000000E+00
 1.00000000E+00
 1.00000000E+00
 1.00000000E+00
 1.00000000E+00
 1.00000000E+00
 1.00000000E+00
 1.00000000E+00
 1.00000000E+00
 1.00000000E+00
 1.00000000E+00
 1.00000000E+00
 1.00000000E+00
 1.00000000E+00
 1.00000000E+00
 1.00000000E+00
 1.00000000E+00
 1.00000000E+00
 1.00000000E+00
 1.00000000E+00
 1.00000000E+00
 1.00000000E+00
 1.00000000E+00
 1.00000000E+00
 1.00000000E+00
 1.00000000E+00
 1.00000000E+00
 1.00000000E+00
 1.00000000E+00
 1.00000000E+00
 1.00000000E+00
 1.00000000E+00
 1.00000000E+00
 1.00000000E+00
 1.00000000E+00
 1.00000000E+00
 1.00000000E+00
 1.00000000E+00
 1.00000000E+00
 1.00000000E+00
 1.00000000E+00
 1.00000000E+00
 1.00000000E+00
 1.00000000E+00
 1.00000000E+00
 1.00000000E+00
 1.00000000E+00
 1.00000000E+00
 1.00000000E+00
 1.00000000E+00
 1.00000000E+00
 1.00000000E+00
 1.00000000E+00
 1.00000000E+00
 1.00000000E+00
 1.00000000E+00
 1.00000000E+00
 1.00000000E+00
 1.00000000E+00
 1.00000000E+00
 1.00000000E+00
 1.00000000E+00
 1.00000000E+00
 1.00000000E+00
 1.00000000E+00
 1.00000000E+00
 1.00000000E+00
 1.00000000E+00
 1.00000000E+00
 1.00000000E+00
 1.00000000E+00
 1.00000000E+00
 1.00000000E+00
 1.00000000E+00
 1.00000000E+00
 1.00000000E+00
 1.00000000E+00
 1.00000000E+00
 1.00000000E+00
 1.00000000E+00
 1.00000000E+00
 1.00000000E+00
 1.00000000E+00
 1.00000000E+00
 1.00000000E+00
 1.00000000E+00
 1.00000000E+00
 1.00000000E+00
 1.00000000E+00
 1.00000000E+00
 1.00000000E+00
 1.00000000E+00
 1.00000000E+00
 1.00000000E+00
 1.00000000E+00
 1.00000000E+00
 1.00000000E+00
 1.00000000E+00
 1.00000000E+00
 1.00000000E+00
 1.00000000E+00
 1.00000000E+00
 1.00000000E+00
 1.00000000E+00
 1.00000000E+00
 1.00000000E+00
 1.00000000E+00
 1.00000000E+00
 1.00000000E+00
 1.00000000E+00
 1.00000000E+00
 1.00000000E+00
 1.00000000E+00
 1.00000000E+00
 1.00000000E+00
 1.00000000E+00
 1.00000000E+00
 1.00000000E+00
 1.00000000E+00
 1.00000000E+00
 1.00000000E+00
 1.00000000E+00
 1.00000000E+00
 1.00000000E+00
 1.00000000E+00
 1.00000000E+00
 1.00000000E+00
 1.00000000E+00
 1.00000000E+00
 1.00000000E+00
 1.00000000E+00
 1.00000000E+00
 9.99996633E-01
 9.99988938E-01
 9.99981242E-01
 9.99973547E-01
 9.99965851E-01
 9.99958156E-01
 9.99950460E-01
 9.99942764E-01
 9.96001910E-01
 9.89539801E-01
 9.83077691E-01
 9.76615582E-01
 9.61696440E-01
 9.43071408E-01
 9.23303492E-01
 9.03130426E-01
 8.84480428E-01
 8.66256887E-01
 8.51491084E-01
 8.32111724E-01
 8.15445313E-01
 7.99610393E-01
 7.84317788E-01
 7.69328608E-01
 7.55082437E-01
 7.41111124E-01
 7.27616994E-01
 7.14367122E-01
 7.01753063E-01
 6.89361345E-01
 6.77350767E-01
 6.65573733E-01
 6.54474531E-01
 6.43219137E-01
 6.32453166E-01
 6.21912471E-01
 6.11778249E-01
 6.01825948E-01
 5.92125345E-01
 5.82640000E-01
 5.73478413E-01
 5.64484048E-01
 5.55694988E-01
 5.47113334E-01
 5.38792915E-01
 5.30626815E-01
 5.22628389E-01
 5.14827790E-01
 5.07234527E-01
 4.99785302E-01
 4.92473357E-01
 4.85352139E-01
 4.78397612E-01
 4.71576083E-01
 4.64866892E-01
 4.58340734E-01
 4.51946760E-01
 4.45677440E-01
 4.39500134E-01
 4.33498095E-01
 4.27599713E-01
 4.21818250E-01
 4.16111791E-01
 4.10571116E-01
 4.05110149E-01
 3.99759140E-01
 3.94468981E-01
 3.89339762E-01
 3.84271346E-01
 3.79306589E-01
 3.74390859E-01
 3.69629570E-01
 3.64914875E-01
 3.60295104E-01
 3.55723009E-01
 3.51284599E-01
 3.46890218E-01
 3.42577251E-01
 3.38315048E-01
 3.34165960E-01
 3.30060378E-01
 3.26024631E-01
 3.22041946E-01
 3.18154765E-01
 3.14310467E-01
 3.10526037E-01
 3.06797677E-01
 3.03149578E-01
 2.99541325E-01
 2.95986283E-01
 2.92485553E-01
 2.89053378E-01
 2.85661744E-01
 2.82316445E-01
 2.79024684E-01
 2.75787978E-01
 2.72592266E-01
 2.69433210E-01
 2.66332129E-01
 2.63276140E-01
 2.60261396E-01
 2.57276624E-01
 2.54350953E-01
 2.51460934E-01
 2.48612241E-01
 2.45787700E-01
 2.43023016E-01
 2.40285787E-01
 2.37589820E-01
 2.34912929E-01
 2.32296344E-01
 2.29700085E-01
 2.27144906E-01
 2.24604372E-01
 2.22124333E-01
 2.19658415E-01
 2.17233296E-01
 2.14819878E-01
 2.12465417E-01
 2.10122168E-01
 2.07815899E-01
 2.05523465E-01
 2.03281821E-01
 2.01052881E-01
 1.98855997E-01
 1.96675593E-01
 1.94538489E-01
 1.92415360E-01
 1.90319901E-01
 1.88243314E-01
 1.86203897E-01
 1.84179539E-01
 1.82178936E-01
 1.80199200E-01
 1.78250925E-01
 1.76318587E-01
 1.74406449E-01
 1.72516912E-01
 1.70653776E-01
 1.68807388E-01
 1.66978129E-01
 1.65172877E-01
 1.63389421E-01
 1.61623339E-01
 1.59871612E-01
 1.58145117E-01
 1.56436332E-01
 1.54745474E-01
 1.53066435E-01
 1.51413645E-01
 1.49774934E-01
 1.48154585E-01
 1.46543804E-01
 1.44960111E-01
 1.43387232E-01
 1.41833065E-01
 1.40286446E-01
 1.38767417E-01
 1.37256254E-01
 1.35764076E-01
 1.34277632E-01
 1.32819555E-01
 1.31366835E-01
 1.29935189E-01
 1.28505027E-01
 1.27105020E-01
 1.25706980E-01
 1.24328861E-01
 1.22954713E-01
 1.21606490E-01
 1.20261903E-01
 1.18934364E-01
 1.17613012E-01
 1.16313752E-01
 1.15019614E-01
 1.13739922E-01
 1.12468388E-01
 1.11215472E-01
 1.09968998E-01
 1.08734612E-01
 1.07510140E-01
 1.06301132E-01
 1.05099740E-01
 1.03908296E-01
 1.02728326E-01
 1.01560958E-01
 1.00402248E-01
 9.92515440E-02
 9.81136999E-02
 9.69858576E-02
 9.58675967E-02
 9.47555793E-02
 9.36576504E-02
 9.25673599E-02
 9.14874688E-02
 9.04122193E-02
 8.93521467E-02
 8.82975636E-02
 8.72541027E-02
 8.62138276E-02
 8.51896912E-02
 8.41690899E-02
 8.31602482E-02
 8.21532688E-02
 8.11632759E-02
 8.01750403E-02
 7.91991246E-02
 7.82238680E-02
 7.72703907E-02
 7.63172333E-02
 7.53681444E-02
 7.44210104E-02
 7.34969429E-02
 7.25733612E-02
 7.16533052E-02
 7.07371724E-02
 6.98410297E-02
 6.89456776E-02
 6.80533541E-02
 6.71667119E-02
 6.62971141E-02
 6.54285824E-02
 6.45626236E-02
 6.37040095E-02
 6.28599142E-02
 6.20171337E-02
 6.11765084E-02
 6.03447115E-02
 5.95250128E-02
 5.87068533E-02
 5.78904659E-02
 5.70842592E-02
 5.62879201E-02
 5.54933163E-02
 5.47001278E-02
 5.39183472E-02
 5.31443719E-02
 5.23723208E-02
 5.16013677E-02
 5.08429332E-02
 5.00903983E-02
 4.93399516E-02
 4.85903064E-02
 4.78541911E-02
 4.71222177E-02
 4.63924801E-02
 4.56632716E-02
 4.49485101E-02
 4.42362668E-02
 4.35263918E-02
 4.28167959E-02
 4.21224772E-02
 4.14291769E-02
 4.07383635E-02
 4.00479668E-02
 3.93728637E-02
 3.86979220E-02
 3.80252506E-02
 3.73542262E-02
 3.66966131E-02
 3.60393554E-02
 3.53840748E-02
 3.47316237E-02
 3.40908296E-02
 3.34505691E-02
 3.28120138E-02
 3.21773800E-02
 3.15527680E-02
 3.09288530E-02
 3.03063908E-02
 2.96892380E-02
 2.90812355E-02
 2.84732330E-02
 2.78652304E-02
 2.72640072E-02
 2.66709660E-02
 2.60779247E-02
 2.54848834E-02
 2.48996132E-02
 2.43209878E-02
 2.37423623E-02
 2.31637369E-02
 2.25937968E-02
 2.20290679E-02
 2.14643391E-02
 2.08996102E-02
 2.03444093E-02
 1.97930824E-02
 1.92417556E-02
 1.86904287E-02
 1.81494058E-02
 1.76110095E-02
 1.70726132E-02
 1.65342169E-02
 1.60068390E-02
 1.54809237E-02
 1.49550084E-02
 1.44290931E-02
 1.39148532E-02
 1.34009900E-02
 1.28871268E-02
 1.23739002E-02
 1.18716795E-02
 1.13694588E-02
 1.08672381E-02
 1.03667319E-02
 9.87670271E-03
 9.38667356E-03
 8.89664440E-03
 8.40865367E-03
 7.92762169E-03
 7.44658972E-03
 6.96555775E-03
 6.48838223E-03
 6.01969091E-03
 5.55099959E-03
 5.08230828E-03
 4.61697055E-03
 4.15669610E-03
 3.69642165E-03
 3.23614720E-03
 2.78107098E-03
 2.33152835E-03
 1.88198572E-03
 1.43244309E-03
 1.00196634E-03
 5.85854292E-04
 2.40966984E-04
 2.68227147E-05
-1.52516608E-06
-1.42348834E-06
-1.32181060E-06
-1.22013286E-06
-1.11845513E-06
-1.01677739E-06
-9.15099648E-07
-8.13421909E-07
-7.11744171E-07
-6.10066432E-07
-5.08388693E-07
-4.06710955E-07
-3.05033216E-07
-2.03355477E-07
-1.01677739E-07
 6.70658683E-01
 9.17032203E-01
 9.60378644E-01
 1.00000000E+00
 1.00000000E+00
 1.00000000E+00
 1.00000000E+00
 1.00000000E+00
 1.00000000E+00
 1.00000000E+00
 1.00000000E+00
 1.00000000E+00
 1.00000000E+00
 1.00000000E+00
 1.00000000E+00
 1.00000000E+00
 1.00000000E+00
 1.00000000E+00
 1.00000000E+00
 1.00000000E+00
 1.00000000E+00
 1.00000000E+00
 1.00000000E+00
 1.00000000E+00
 1.00000000E+00
 1.00000000E+00
 1.00000000E+00
 1.00000000E+00
 1.00000000E+00
 1.00000000E+00
 1.00000000E+00
 1.00000000E+00
 1.00000000E+00
 1.00000000E+00
 1.00000000E+00
 1.00000000E+00
 1.00000000E+00
 1.00000000E+00
 1.00000000E+00
 1.00000000E+00
 1.00000000E+00
 1.00000000E+00
 1.00000000E+00
 1.00000000E+00
 1.00000000E+00
 1.00000000E+00
 1.00000000E+00
 1.00000000E+00
 1.00000000E+00
 1.00000000E+00
 1.00000000E+00
 1.00000000E+00
 1.00000000E+00
 1.00000000E+00
 1.00000000E+00
 1.00000000E+00
 1.00000000E+00
 1.00000000E+00
 1.00000000E+00
 1.00000000E+00
 1.00000000E+00
 1.00000000E+00
 1.00000000E+00
 1.00000000E+00
 1.00000000E+00
 1.00000000E+00
 1.00000000E+00
 1.00000000E+00
 1.00000000E+00
 1.00000000E+00
 1.00000000E+00
 1.00000000E+00
 1.00000000E+00
 1.00000000E+00
 1.00000000E+00
 1.00000000E+00
 1.00000000E+00
 1.00000000E+00
 1.00000000E+00
 1.00000000E+00
 1.00000000E+00
 1.00000000E+00
 1.00000000E+00
 1.00000000E+00
 1.00000000E+00
 1.00000000E+00
 1.00000000E+00
 1.00000000E+00
 1.00000000E+00
 1.00000000E+00
 1.00000000E+00
 1.00000000E+00
 1.00000000E+00
 1.00000000E+00
 1.00000000E+00
 1.00000000E+00
 1.00000000E+00
 1.00000000E+00
 1.00000000E+00
 1.00000000E+00
 1.00000000E+00
 1.00000000E+00
 1.00000000E+00
 1.00000000E+00
 1.00000000E+00
 1.00000000E+00
 1.00000000E+00
 1.00000000E+00
 1.00000000E+00
 1.00000000E+00
 1.00000000E+00
 1.00000000E+00
 1.00000000E+00
 1.00000000E+00
 1.00000000E+00
 1.00000000E+00
 1.00000000E+00
 1.00000000E+00
 1.00000000E+00
 1.00000000E+00
 1.00000000E+00
 1.00000000E+00
 1.00000000E+00
 1.00000000E+00
 1.00000000E+00
 1.00000000E+00
 1.00000000E+00
 1.00000000E+00
 1.00000000E+00
 1.00000000E+00
 1.00000000E+00
 1.00000000E+00
 1.00000000E+00
 1.00000000E+00
 1.00000000E+00
 1.00000000E+00
 1.00000000E+00
 1.00000000E+00
 1.00000000E+00
 1.00000000E+00
 1.00000000E+00
 1.00000000E+00
 1.00000000E+00
 1.00000000E+00
 1.00000000E+00
 1.00000000E+00
 1.00000000E+00
 1.00000000E+00
 1.00000000E+00
 1.00000000E+00
 1.00000000E+00
 1.00000000E+00
 1.00000000E+00
 1.00000000E+00
 1.00000000E+00
 1.00000000E+00
 9.99995982E-01
 9.99986798E-01
 9.99977614E-01
 9.99968430E-01
 9.99959246E-01
 9.99950061E-01
 9.99940877E-01
 9.99931693E-01
 9.96327687E-01
 9.90419307E-01
 9.84510927E-01
 9.78602548E-01
 9.63853514E-01
 9.45230486E-01
 9.25442165E-01
 9.05240750E-01
 8.86528675E-01
 8.68233615E-01
 8.53464091E-01
 8.33990548E-01
 8.17254893E-01
 8.01362705E-01
 7.86023465E-01
 7.70993600E-01
 7.56695979E-01
 7.42677359E-01
 7.29145279E-01
 7.15861341E-01
 7.03203397E-01
 6.90772155E-01
 6.78729525E-01
 6.66922506E-01
 6.55789025E-01
 6.44496291E-01
 6.33702574E-01
 6.23134948E-01
 6.12968284E-01
 6.02987109E-01
 5.93262565E-01
 5.83753193E-01
 5.74563722E-01
 5.65544752E-01
 5.56735112E-01
 5.48131993E-01
 5.39787248E-01
 5.31599848E-01
 5.23583410E-01
 5.15763401E-01
 5.08148811E-01
 5.00681083E-01
 4.93353329E-01
 4.86214475E-01
 4.79241114E-01
 4.72403359E-01
 4.65680144E-01
 4.59137864E-01
 4.52727170E-01
 4.46443574E-01
 4.40253795E-01
 4.34236955E-01
 4.28323635E-01
 4.22529525E-01
 4.16811890E-01
 4.11257644E-01
 4.05783365E-01
 4.00421200E-01
 3.95121079E-01
 3.89979326E-01
 3.84898923E-01
 3.79924211E-01
 3.74999487E-01
 3.70226574E-01
 3.65501080E-01
 3.60872371E-01
 3.56291908E-01
 3.51842916E-01
 3.47438816E-01
 3.43117725E-01
 3.38847658E-01
 3.34688940E-01
 3.30574581E-01
 3.26531427E-01
 3.22541334E-01
 3.18645359E-01
 3.14793110E-01
 3.11001901E-01
 3.07266575E-01
 3.03610446E-01
 2.99994944E-01
 2.96433697E-01
 2.92926339E-01
 2.89486775E-01
 2.86088547E-01
 2.82737562E-01
 2.79439629E-01
 2.76196294E-01
 2.72994756E-01
 2.69830594E-01
 2.66723764E-01
 2.63661655E-01
 2.60641600E-01
 2.57652105E-01
 2.54720989E-01
 2.51825308E-01
 2.48971762E-01
 2.46142840E-01
 2.43372992E-01
 2.40630510E-01
 2.37930099E-01
 2.35249138E-01
 2.32627646E-01
 2.30026505E-01
 2.27467249E-01
 2.24922924E-01
 2.22438217E-01
 2.19967752E-01
 2.17538885E-01
 2.15121917E-01
 2.12763029E-01
 2.10415574E-01
 2.08105824E-01
 2.05809985E-01
 2.03564206E-01
 2.01331379E-01
 1.99131237E-01
 1.96947547E-01
 1.94806485E-01
 1.92679673E-01
 1.90581073E-01
 1.88501258E-01
 1.86458125E-01
 1.84430346E-01
 1.82426787E-01
 1.80443943E-01
 1.78492172E-01
 1.76556651E-01
 1.74641725E-01
 1.72749192E-01
 1.70882764E-01
 1.69033412E-01
 1.67201525E-01
 1.65393385E-01
 1.63606823E-01
 1.61837977E-01
 1.60083765E-01
 1.58354483E-01
 1.56642765E-01
 1.54949324E-01
 1.53267934E-01
 1.51612452E-01
 1.49970966E-01
 1.48348201E-01
 1.46735192E-01
 1.45148899E-01
 1.43573392E-01
 1.42016963E-01
 1.40468230E-01
 1.38946758E-01
 1.37433180E-01
 1.35938960E-01
 1.34450586E-01
 1.32990157E-01
 1.31535149E-01
 1.30101629E-01
 1.28669577E-01
 1.27267354E-01
 1.25867136E-01
 1.24487229E-01
 1.23111251E-01
 1.21760916E-01
 1.20414289E-01
 1.19085044E-01
 1.17761918E-01
 1.16460644E-01
 1.15164592E-01
 1.13883270E-01
 1.12610017E-01
 1.11355178E-01
 1.10106908E-01
 1.08870963E-01
 1.07644822E-01
 1.06433978E-01
 1.05230898E-01
 1.04037961E-01
 1.02856373E-01
 1.01687248E-01
 1.00526951E-01
 9.93748174E-02
 9.82354018E-02
 9.71058781E-02
 9.59861237E-02
 9.48727351E-02
 9.37732798E-02
 9.26813787E-02
 9.16000809E-02
 9.05235156E-02
 8.94619596E-02
 8.84058324E-02
 8.73610456E-02
 8.63195070E-02
 8.52939284E-02
 8.42718457E-02
 8.32617532E-02
 8.22535595E-02
 8.12621639E-02
 8.02725060E-02
 7.92954096E-02
 7.83189852E-02
 7.73642224E-02
 7.64097814E-02
 7.54594888E-02
 7.45111484E-02
 7.35858444E-02
 7.26610356E-02
 7.17398217E-02
 7.08225256E-02
 6.99251910E-02
 6.90286626E-02
 6.81352221E-02
 6.72474585E-02
 6.63767256E-02
 6.55070797E-02
 6.46400572E-02
 6.37803694E-02
 6.29351807E-02
 6.20913326E-02
 6.12496819E-02
 6.04168476E-02
 5.95960950E-02
 5.87769119E-02
 5.79595355E-02
 5.71523260E-02
 5.63549706E-02
 5.55593846E-02
 5.47652416E-02
 5.39824909E-02
 5.32075348E-02
 5.24345407E-02
 5.16626661E-02
 5.09032928E-02
 5.01498110E-02
 4.93984584E-02
 4.86479228E-02
 4.79108986E-02
 4.71780104E-02
 4.64474019E-02
 4.57173330E-02
 4.50016909E-02
 4.42885635E-02
 4.35778508E-02
 4.28674228E-02
 4.21722506E-02
 4.14780954E-02
 4.07864759E-02
 4.00952735E-02
 3.94193433E-02
 3.87435778E-02
 3.80701270E-02
 3.73983208E-02
 3.67399072E-02
 3.60818560E-02
 3.54258206E-02
 3.47726107E-02
 3.41310415E-02
 3.34900162E-02
 3.28507296E-02
 3.22153590E-02
 3.15899960E-02
 3.09653437E-02
 3.03421727E-02
 2.97243115E-02
 2.91156014E-02
 2.85068912E-02
 2.78981811E-02
 2.72962599E-02
 2.67025324E-02
 2.61088048E-02
 2.55150773E-02
 2.49291318E-02
 2.43498405E-02
 2.37705492E-02
 2.31912579E-02
 2.26206642E-02
 2.20552890E-02
 2.14899138E-02
 2.09245387E-02
 2.03687048E-02
 1.98167504E-02
 1.92647959E-02
 1.87128414E-02
 1.81712054E-02
 1.76321994E-02
 1.70931935E-02
 1.65541876E-02
 1.60262153E-02
 1.54997076E-02
 1.49732000E-02
 1.44466923E-02
 1.39318761E-02
 1.34174370E-02
 1.29029979E-02
 1.23891964E-02
 1.18864158E-02
 1.13836351E-02
 1.08808545E-02
 1.03797791E-02
 9.88912433E-03
 9.39846961E-03
 8.90781489E-03
 8.41923855E-03
 7.93775743E-03
 7.45627630E-03
 6.97479518E-03
 6.49712597E-03
 6.02784299E-03
 5.55856002E-03
 5.08927704E-03
 4.62341342E-03
 4.16271234E-03
 3.70201127E-03
 3.24131019E-03
 2.78577699E-03
 2.33574507E-03
 1.88571315E-03
 1.43568122E-03
 1.00343330E-03
 5.84584264E-04
 2.38356538E-04
 2.54354404E-05
-1.60237226E-06
-1.49554744E-06
-1.38872262E-06
-1.28189781E-06
-1.17507299E-06
-1.06824817E-06
-9.61423355E-07
-8.54598537E-07
-7.47773720E-07
-6.40948903E-07
-5.34124086E-07
-4.27299269E-07
-3.20474452E-07
-2.13649634E-07
-1.06824817E-07
 6.78642715E-01
 9.24840937E-01
 9.64107713E-01
 1.00000000E+00
 1.00000000E+00
 1.00000000E+00
 1.00000000E+00
 1.00000000E+00
 1.00000000E+00
 1.00000000E+00
 1.00000000E+00
 1.00000000E+00
 1.00000000E+00
 1.00000000E+00
 1.00000000E+00
 1.00000000E+00
 1.00000000E+00
 1.00000000E+00
 1.00000000E+00
 1.00000000E+00
 1.00000000E+00
 1.00000000E+00
 1.00000000E+00
 1.00000000E+00
 1.00000000E+00
 1.00000000E+00
 1.00000000E+00
 1.00000000E+00
 1.00000000E+00
 1.00000000E+00
 1.00000000E+00
 1.00000000E+00
 1.00000000E+00
 1.00000000E+00
 1.00000000E+00
 1.00000000E+00
 1.00000000E+00
 1.00000000E+00
 1.00000000E+00
 1.00000000E+00
 1.00000000E+00
 1.00000000E+00
 1.00000000E+00
 1.00000000E+00
 1.00000000E+00
 1.00000000E+00
 1.00000000E+00
 1.00000000E+00
 1.00000000E+00
 1.00000000E+00
 1.00000000E+00
 1.00000000E+00
 1.00000000E+00
 1.00000000E+00
 1.00000000E+00
 1.00000000E+00
 1.00000000E+00
 1.00000000E+00
 1.00000000E+00
 1.00000000E+00
 1.00000000E+00
 1.00000000E+00
 1.00000000E+00
 1.00000000E+00
 1.00000000E+00
 1.00000000E+00
 1.00000000E+00
 1.00000000E+00
 1.00000000E+00
 1.00000000E+00
 1.00000000E+00
 1.00000000E+00
 1.00000000E+00
 1.00000000E+00
 1.00000000E+00
 1.00000000E+00
 1.00000000E+00
 1.00000000E+00
 1.00000000E+00
 1.00000000E+00
 1.00000000E+00
 1.00000000E+00
 1.00000000E+00
 1.00000000E+00
 1.00000000E+00
 1.00000000E+00
 1.00000000E+00
 1.00000000E+00
 1.00000000E+00
 1.00000000E+00
 1.00000000E+00
 1.00000000E+00
 1.00000000E+00
 1.00000000E+00
 1.00000000E+00
 1.00000000E+00
 1.00000000E+00
 1.00000000E+00
 1.00000000E+00
 1.00000000E+00
 1.00000000E+00
 1.00000000E+00
 1.00000000E+00
 1.00000000E+00
 1.00000000E+00
 1.00000000E+00
 1.00000000E+00
 1.00000000E+00
 1.00000000E+00
 1.00000000E+00
 1.00000000E+00
 1.00000000E+00
